team_a,team_b,team_a_economy,team_b_economy,round,team_a_bank,team_b_bank,map,date,source_url,event
RRQ,100T,4000,4150,1,0.2k,0.0k,Breeze,2026-07-02 07:00:00,https://www.vlr.gg/706754/rex-regum-qeon-vs-100-thieves-esports-world-cup-2026-opening-a,Esports World Cup 2026
RRQ,100T,3200,17350,2,8.7k,0.5k,Breeze,2026-07-02 07:00:00,https://www.vlr.gg/706754/rex-regum-qeon-vs-100-thieves-esports-world-cup-2026-opening-a,Esports World Cup 2026
RRQ,100T,23400,14250,3,0.9k,12.8k,Breeze,2026-07-02 07:00:00,https://www.vlr.gg/706754/rex-regum-qeon-vs-100-thieves-esports-world-cup-2026-opening-a,Esports World Cup 2026
RRQ,100T,23700,22500,4,6.5k,0.9k,Breeze,2026-07-02 07:00:00,https://www.vlr.gg/706754/rex-regum-qeon-vs-100-thieves-esports-world-cup-2026-opening-a,Esports World Cup 2026
RRQ,100T,24300,5250,5,12.2k,9.4k,Breeze,2026-07-02 07:00:00,https://www.vlr.gg/706754/rex-regum-qeon-vs-100-thieves-esports-world-cup-2026-opening-a,Esports World Cup 2026
RRQ,100T,23850,22600,6,20.7k,1.3k,Breeze,2026-07-02 07:00:00,https://www.vlr.gg/706754/rex-regum-qeon-vs-100-thieves-esports-world-cup-2026-opening-a,Esports World Cup 2026
RRQ,100T,22800,24200,7,8.3k,5.3k,Breeze,2026-07-02 07:00:00,https://www.vlr.gg/706754/rex-regum-qeon-vs-100-thieves-esports-world-cup-2026-opening-a,Esports World Cup 2026
RRQ,100T,20950,21700,8,4.5k,3.8k,Breeze,2026-07-02 07:00:00,https://www.vlr.gg/706754/rex-regum-qeon-vs-100-thieves-esports-world-cup-2026-opening-a,Esports World Cup 2026
RRQ,100T,18250,24450,9,3.8k,5.9k,Breeze,2026-07-02 07:00:00,https://www.vlr.gg/706754/rex-regum-qeon-vs-100-thieves-esports-world-cup-2026-opening-a,Esports World Cup 2026
RRQ,100T,9900,25250,10,10.2k,13.6k,Breeze,2026-07-02 07:00:00,https://www.vlr.gg/706754/rex-regum-qeon-vs-100-thieves-esports-world-cup-2026-opening-a,Esports World Cup 2026
RRQ,100T,24050,25350,11,2.3k,22.7k,Breeze,2026-07-02 07:00:00,https://www.vlr.gg/706754/rex-regum-qeon-vs-100-thieves-esports-world-cup-2026-opening-a,Esports World Cup 2026
RRQ,100T,25500,25050,12,7.4k,8.6k,Breeze,2026-07-02 07:00:00,https://www.vlr.gg/706754/rex-regum-qeon-vs-100-thieves-esports-world-cup-2026-opening-a,Esports World Cup 2026
RRQ,100T,3750,4050,13,0.3k,0.0k,Breeze,2026-07-02 07:00:00,https://www.vlr.gg/706754/rex-regum-qeon-vs-100-thieves-esports-world-cup-2026-opening-a,Esports World Cup 2026
RRQ,100T,2700,16350,14,8.8k,2.1k,Breeze,2026-07-02 07:00:00,https://www.vlr.gg/706754/rex-regum-qeon-vs-100-thieves-esports-world-cup-2026-opening-a,Esports World Cup 2026
RRQ,100T,22600,16900,15,1.2k,12.1k,Breeze,2026-07-02 07:00:00,https://www.vlr.gg/706754/rex-regum-qeon-vs-100-thieves-esports-world-cup-2026-opening-a,Esports World Cup 2026
RRQ,100T,19550,22250,16,8.0k,1.3k,Breeze,2026-07-02 07:00:00,https://www.vlr.gg/706754/rex-regum-qeon-vs-100-thieves-esports-world-cup-2026-opening-a,Esports World Cup 2026
RRQ,100T,18150,22550,17,0.6k,7.2k,Breeze,2026-07-02 07:00:00,https://www.vlr.gg/706754/rex-regum-qeon-vs-100-thieves-esports-world-cup-2026-opening-a,Esports World Cup 2026
RRQ,100T,16650,25250,18,0.7k,18.8k,Breeze,2026-07-02 07:00:00,https://www.vlr.gg/706754/rex-regum-qeon-vs-100-thieves-esports-world-cup-2026-opening-a,Esports World Cup 2026
RRQ,100T,3650,4100,1,0.3k,0.0k,Ascent,2026-07-02 07:00:00,https://www.vlr.gg/706754/rex-regum-qeon-vs-100-thieves-esports-world-cup-2026-opening-a,Esports World Cup 2026
RRQ,100T,14300,2400,2,4.2k,8.4k,Ascent,2026-07-02 07:00:00,https://www.vlr.gg/706754/rex-regum-qeon-vs-100-thieves-esports-world-cup-2026-opening-a,Esports World Cup 2026
RRQ,100T,20300,22000,3,12.9k,0.3k,Ascent,2026-07-02 07:00:00,https://www.vlr.gg/706754/rex-regum-qeon-vs-100-thieves-esports-world-cup-2026-opening-a,Esports World Cup 2026
RRQ,100T,22100,8150,4,2.9k,12.0k,Ascent,2026-07-02 07:00:00,https://www.vlr.gg/706754/rex-regum-qeon-vs-100-thieves-esports-world-cup-2026-opening-a,Esports World Cup 2026
RRQ,100T,22750,22100,5,6.1k,0.5k,Ascent,2026-07-02 07:00:00,https://www.vlr.gg/706754/rex-regum-qeon-vs-100-thieves-esports-world-cup-2026-opening-a,Esports World Cup 2026
RRQ,100T,8250,19650,6,10.0k,2.9k,Ascent,2026-07-02 07:00:00,https://www.vlr.gg/706754/rex-regum-qeon-vs-100-thieves-esports-world-cup-2026-opening-a,Esports World Cup 2026
RRQ,100T,23000,22650,7,1.5k,4.5k,Ascent,2026-07-02 07:00:00,https://www.vlr.gg/706754/rex-regum-qeon-vs-100-thieves-esports-world-cup-2026-opening-a,Esports World Cup 2026
RRQ,100T,10600,24750,8,9.8k,9.3k,Ascent,2026-07-02 07:00:00,https://www.vlr.gg/706754/rex-regum-qeon-vs-100-thieves-esports-world-cup-2026-opening-a,Esports World Cup 2026
RRQ,100T,22700,25050,9,2.5k,14.1k,Ascent,2026-07-02 07:00:00,https://www.vlr.gg/706754/rex-regum-qeon-vs-100-thieves-esports-world-cup-2026-opening-a,Esports World Cup 2026
RRQ,100T,18000,25350,10,1.1k,20.0k,Ascent,2026-07-02 07:00:00,https://www.vlr.gg/706754/rex-regum-qeon-vs-100-thieves-esports-world-cup-2026-opening-a,Esports World Cup 2026
RRQ,100T,8000,25650,11,8.3k,26.8k,Ascent,2026-07-02 07:00:00,https://www.vlr.gg/706754/rex-regum-qeon-vs-100-thieves-esports-world-cup-2026-opening-a,Esports World Cup 2026
RRQ,100T,22900,25650,12,1.1k,39.8k,Ascent,2026-07-02 07:00:00,https://www.vlr.gg/706754/rex-regum-qeon-vs-100-thieves-esports-world-cup-2026-opening-a,Esports World Cup 2026
RRQ,100T,3750,4200,13,0.2k,0.0k,Ascent,2026-07-02 07:00:00,https://www.vlr.gg/706754/rex-regum-qeon-vs-100-thieves-esports-world-cup-2026-opening-a,Esports World Cup 2026
RRQ,100T,13650,2950,14,4.1k,8.0k,Ascent,2026-07-02 07:00:00,https://www.vlr.gg/706754/rex-regum-qeon-vs-100-thieves-esports-world-cup-2026-opening-a,Esports World Cup 2026
RRQ,100T,14450,21800,15,15.1k,0.2k,Ascent,2026-07-02 07:00:00,https://www.vlr.gg/706754/rex-regum-qeon-vs-100-thieves-esports-world-cup-2026-opening-a,Esports World Cup 2026
RRQ,100T,22050,23400,16,3.8k,12.5k,Ascent,2026-07-02 07:00:00,https://www.vlr.gg/706754/rex-regum-qeon-vs-100-thieves-esports-world-cup-2026-opening-a,Esports World Cup 2026
RRQ,100T,23300,22800,17,5.7k,1.6k,Ascent,2026-07-02 07:00:00,https://www.vlr.gg/706754/rex-regum-qeon-vs-100-thieves-esports-world-cup-2026-opening-a,Esports World Cup 2026
RRQ,100T,4700,23100,18,11.6k,1.9k,Ascent,2026-07-02 07:00:00,https://www.vlr.gg/706754/rex-regum-qeon-vs-100-thieves-esports-world-cup-2026-opening-a,Esports World Cup 2026
RRQ,100T,22600,25550,19,2.5k,10.8k,Ascent,2026-07-02 07:00:00,https://www.vlr.gg/706754/rex-regum-qeon-vs-100-thieves-esports-world-cup-2026-opening-a,Esports World Cup 2026
RRQ,100T,24550,21350,20,9.7k,1.3k,Ascent,2026-07-02 07:00:00,https://www.vlr.gg/706754/rex-regum-qeon-vs-100-thieves-esports-world-cup-2026-opening-a,Esports World Cup 2026
RRQ,100T,18550,24950,21,1.0k,12.8k,Ascent,2026-07-02 07:00:00,https://www.vlr.gg/706754/rex-regum-qeon-vs-100-thieves-esports-world-cup-2026-opening-a,Esports World Cup 2026
RRQ,100T,19550,21100,22,4.4k,2.5k,Ascent,2026-07-02 07:00:00,https://www.vlr.gg/706754/rex-regum-qeon-vs-100-thieves-esports-world-cup-2026-opening-a,Esports World Cup 2026
RRQ,100T,22500,6200,23,4.2k,11.0k,Ascent,2026-07-02 07:00:00,https://www.vlr.gg/706754/rex-regum-qeon-vs-100-thieves-esports-world-cup-2026-opening-a,Esports World Cup 2026
BBL,EDG,3900,4300,1,0.1k,0.1k,Lotus,2026-07-02 07:00:00,https://www.vlr.gg/706755/bbl-esports-vs-edward-gaming-esports-world-cup-2026-opening-a,Esports World Cup 2026
BBL,EDG,12950,2550,2,4.0k,8.8k,Lotus,2026-07-02 07:00:00,https://www.vlr.gg/706755/bbl-esports-vs-edward-gaming-esports-world-cup-2026-opening-a,Esports World Cup 2026
BBL,EDG,11250,22000,3,14.2k,0.5k,Lotus,2026-07-02 07:00:00,https://www.vlr.gg/706755/bbl-esports-vs-edward-gaming-esports-world-cup-2026-opening-a,Esports World Cup 2026
BBL,EDG,23850,20850,4,1.4k,5.2k,Lotus,2026-07-02 07:00:00,https://www.vlr.gg/706755/bbl-esports-vs-edward-gaming-esports-world-cup-2026-opening-a,Esports World Cup 2026
BBL,EDG,14200,22750,5,7.5k,10.6k,Lotus,2026-07-02 07:00:00,https://www.vlr.gg/706755/bbl-esports-vs-edward-gaming-esports-world-cup-2026-opening-a,Esports World Cup 2026
BBL,EDG,23000,20500,6,5.9k,3.2k,Lotus,2026-07-02 07:00:00,https://www.vlr.gg/706755/bbl-esports-vs-edward-gaming-esports-world-cup-2026-opening-a,Esports World Cup 2026
BBL,EDG,25400,9900,7,8.4k,8.1k,Lotus,2026-07-02 07:00:00,https://www.vlr.gg/706755/bbl-esports-vs-edward-gaming-esports-world-cup-2026-opening-a,Esports World Cup 2026
BBL,EDG,23050,22850,8,6.8k,16.5k,Lotus,2026-07-02 07:00:00,https://www.vlr.gg/706755/bbl-esports-vs-edward-gaming-esports-world-cup-2026-opening-a,Esports World Cup 2026
BBL,EDG,23900,22750,9,7.0k,11.6k,Lotus,2026-07-02 07:00:00,https://www.vlr.gg/706755/bbl-esports-vs-edward-gaming-esports-world-cup-2026-opening-a,Esports World Cup 2026
BBL,EDG,9700,25150,10,8.7k,10.2k,Lotus,2026-07-02 07:00:00,https://www.vlr.gg/706755/bbl-esports-vs-edward-gaming-esports-world-cup-2026-opening-a,Esports World Cup 2026
BBL,EDG,20450,25450,11,1.0k,20.3k,Lotus,2026-07-02 07:00:00,https://www.vlr.gg/706755/bbl-esports-vs-edward-gaming-esports-world-cup-2026-opening-a,Esports World Cup 2026
BBL,EDG,26000,25750,12,6.0k,5.9k,Lotus,2026-07-02 07:00:00,https://www.vlr.gg/706755/bbl-esports-vs-edward-gaming-esports-world-cup-2026-opening-a,Esports World Cup 2026
BBL,EDG,4050,4350,13,0.1k,0.1k,Lotus,2026-07-02 07:00:00,https://www.vlr.gg/706755/bbl-esports-vs-edward-gaming-esports-world-cup-2026-opening-a,Esports World Cup 2026
BBL,EDG,16050,2200,14,2.5k,8.5k,Lotus,2026-07-02 07:00:00,https://www.vlr.gg/706755/bbl-esports-vs-edward-gaming-esports-world-cup-2026-opening-a,Esports World Cup 2026
BBL,EDG,17300,21250,15,11.9k,0.6k,Lotus,2026-07-02 07:00:00,https://www.vlr.gg/706755/bbl-esports-vs-edward-gaming-esports-world-cup-2026-opening-a,Esports World Cup 2026
BBL,EDG,22150,12000,16,7.2k,7.6k,Lotus,2026-07-02 07:00:00,https://www.vlr.gg/706755/bbl-esports-vs-edward-gaming-esports-world-cup-2026-opening-a,Esports World Cup 2026
BBL,EDG,23050,23000,17,8.5k,0.5k,Lotus,2026-07-02 07:00:00,https://www.vlr.gg/706755/bbl-esports-vs-edward-gaming-esports-world-cup-2026-opening-a,Esports World Cup 2026
BBL,EDG,17100,22300,18,3.3k,6.7k,Lotus,2026-07-02 07:00:00,https://www.vlr.gg/706755/bbl-esports-vs-edward-gaming-esports-world-cup-2026-opening-a,Esports World Cup 2026
BBL,EDG,10000,22400,19,7.0k,7.9k,Lotus,2026-07-02 07:00:00,https://www.vlr.gg/706755/bbl-esports-vs-edward-gaming-esports-world-cup-2026-opening-a,Esports World Cup 2026
BBL,EDG,20550,24200,20,4.2k,4.7k,Lotus,2026-07-02 07:00:00,https://www.vlr.gg/706755/bbl-esports-vs-edward-gaming-esports-world-cup-2026-opening-a,Esports World Cup 2026
BBL,EDG,12150,22900,21,8.8k,2.5k,Lotus,2026-07-02 07:00:00,https://www.vlr.gg/706755/bbl-esports-vs-edward-gaming-esports-world-cup-2026-opening-a,Esports World Cup 2026
BBL,EDG,20350,23850,22,3.6k,6.5k,Lotus,2026-07-02 07:00:00,https://www.vlr.gg/706755/bbl-esports-vs-edward-gaming-esports-world-cup-2026-opening-a,Esports World Cup 2026
BBL,EDG,25950,20250,23,10.2k,0.5k,Lotus,2026-07-02 07:00:00,https://www.vlr.gg/706755/bbl-esports-vs-edward-gaming-esports-world-cup-2026-opening-a,Esports World Cup 2026
BBL,EDG,20450,26050,24,0.4k,6.9k,Lotus,2026-07-02 07:00:00,https://www.vlr.gg/706755/bbl-esports-vs-edward-gaming-esports-world-cup-2026-opening-a,Esports World Cup 2026
BBL,EDG,24400,24100,25,0.4k,1.1k,Lotus,2026-07-02 07:00:00,https://www.vlr.gg/706755/bbl-esports-vs-edward-gaming-esports-world-cup-2026-opening-a,Esports World Cup 2026
BBL,EDG,24150,24550,26,1.0k,0.5k,Lotus,2026-07-02 07:00:00,https://www.vlr.gg/706755/bbl-esports-vs-edward-gaming-esports-world-cup-2026-opening-a,Esports World Cup 2026
BBL,EDG,23800,24100,27,1.0k,1.1k,Lotus,2026-07-02 07:00:00,https://www.vlr.gg/706755/bbl-esports-vs-edward-gaming-esports-world-cup-2026-opening-a,Esports World Cup 2026
BBL,EDG,24550,23850,28,0.4k,1.1k,Lotus,2026-07-02 07:00:00,https://www.vlr.gg/706755/bbl-esports-vs-edward-gaming-esports-world-cup-2026-opening-a,Esports World Cup 2026
BBL,EDG,23800,24100,29,1.0k,1.1k,Lotus,2026-07-02 07:00:00,https://www.vlr.gg/706755/bbl-esports-vs-edward-gaming-esports-world-cup-2026-opening-a,Esports World Cup 2026
BBL,EDG,23950,23700,30,1.0k,1.1k,Lotus,2026-07-02 07:00:00,https://www.vlr.gg/706755/bbl-esports-vs-edward-gaming-esports-world-cup-2026-opening-a,Esports World Cup 2026
BBL,EDG,23550,23650,31,1.3k,1.6k,Lotus,2026-07-02 07:00:00,https://www.vlr.gg/706755/bbl-esports-vs-edward-gaming-esports-world-cup-2026-opening-a,Esports World Cup 2026
BBL,EDG,23950,24250,32,1.0k,0.8k,Lotus,2026-07-02 07:00:00,https://www.vlr.gg/706755/bbl-esports-vs-edward-gaming-esports-world-cup-2026-opening-a,Esports World Cup 2026
BBL,EDG,23950,23950,33,0.7k,1.3k,Lotus,2026-07-02 07:00:00,https://www.vlr.gg/706755/bbl-esports-vs-edward-gaming-esports-world-cup-2026-opening-a,Esports World Cup 2026
BBL,EDG,23950,24250,34,1.0k,0.8k,Lotus,2026-07-02 07:00:00,https://www.vlr.gg/706755/bbl-esports-vs-edward-gaming-esports-world-cup-2026-opening-a,Esports World Cup 2026
BBL,EDG,3450,4350,1,0.2k,0.1k,Ascent,2026-07-02 07:00:00,https://www.vlr.gg/706755/bbl-esports-vs-edward-gaming-esports-world-cup-2026-opening-a,Esports World Cup 2026
BBL,EDG,2250,15800,2,9.0k,4.0k,Ascent,2026-07-02 07:00:00,https://www.vlr.gg/706755/bbl-esports-vs-edward-gaming-esports-world-cup-2026-opening-a,Esports World Cup 2026
BBL,EDG,20500,21150,3,1.0k,12.9k,Ascent,2026-07-02 07:00:00,https://www.vlr.gg/706755/bbl-esports-vs-edward-gaming-esports-world-cup-2026-opening-a,Esports World Cup 2026
BBL,EDG,7500,23900,4,8.4k,16.1k,Ascent,2026-07-02 07:00:00,https://www.vlr.gg/706755/bbl-esports-vs-edward-gaming-esports-world-cup-2026-opening-a,Esports World Cup 2026
BBL,EDG,21100,23400,5,2.1k,18.0k,Ascent,2026-07-02 07:00:00,https://www.vlr.gg/706755/bbl-esports-vs-edward-gaming-esports-world-cup-2026-opening-a,Esports World Cup 2026
BBL,EDG,22950,23100,6,13.5k,5.9k,Ascent,2026-07-02 07:00:00,https://www.vlr.gg/706755/bbl-esports-vs-edward-gaming-esports-world-cup-2026-opening-a,Esports World Cup 2026
BBL,EDG,25200,10550,7,22.8k,8.5k,Ascent,2026-07-02 07:00:00,https://www.vlr.gg/706755/bbl-esports-vs-edward-gaming-esports-world-cup-2026-opening-a,Esports World Cup 2026
BBL,EDG,25800,22900,8,21.3k,3.8k,Ascent,2026-07-02 07:00:00,https://www.vlr.gg/706755/bbl-esports-vs-edward-gaming-esports-world-cup-2026-opening-a,Esports World Cup 2026
BBL,EDG,25500,10450,9,29.1k,10.2k,Ascent,2026-07-02 07:00:00,https://www.vlr.gg/706755/bbl-esports-vs-edward-gaming-esports-world-cup-2026-opening-a,Esports World Cup 2026
BBL,EDG,22100,25850,10,16.5k,18.5k,Ascent,2026-07-02 07:00:00,https://www.vlr.gg/706755/bbl-esports-vs-edward-gaming-esports-world-cup-2026-opening-a,Esports World Cup 2026
BBL,EDG,24800,20500,11,16.2k,10.2k,Ascent,2026-07-02 07:00:00,https://www.vlr.gg/706755/bbl-esports-vs-edward-gaming-esports-world-cup-2026-opening-a,Esports World Cup 2026
BBL,EDG,25400,21350,12,16.0k,2.5k,Ascent,2026-07-02 07:00:00,https://www.vlr.gg/706755/bbl-esports-vs-edward-gaming-esports-world-cup-2026-opening-a,Esports World Cup 2026
BBL,EDG,4050,4150,13,0.1k,0.1k,Ascent,2026-07-02 07:00:00,https://www.vlr.gg/706755/bbl-esports-vs-edward-gaming-esports-world-cup-2026-opening-a,Esports World Cup 2026
BBL,EDG,14400,2950,14,5.2k,8.2k,Ascent,2026-07-02 07:00:00,https://www.vlr.gg/706755/bbl-esports-vs-edward-gaming-esports-world-cup-2026-opening-a,Esports World Cup 2026
BBL,EDG,9200,23000,15,8.9k,5.3k,Ascent,2026-07-02 07:00:00,https://www.vlr.gg/706755/bbl-esports-vs-edward-gaming-esports-world-cup-2026-opening-a,Esports World Cup 2026
BBL,EDG,24100,9550,16,6.8k,7.5k,Ascent,2026-07-02 07:00:00,https://www.vlr.gg/706755/bbl-esports-vs-edward-gaming-esports-world-cup-2026-opening-a,Esports World Cup 2026
BBL,EDG,23200,20300,17,14.3k,1.3k,Ascent,2026-07-02 07:00:00,https://www.vlr.gg/706755/bbl-esports-vs-edward-gaming-esports-world-cup-2026-opening-a,Esports World Cup 2026
BBL,EDG,20050,22550,18,6.2k,7.4k,Ascent,2026-07-02 07:00:00,https://www.vlr.gg/706755/bbl-esports-vs-edward-gaming-esports-world-cup-2026-opening-a,Esports World Cup 2026
BBL,EDG,22500,17800,19,4.5k,0.8k,Ascent,2026-07-02 07:00:00,https://www.vlr.gg/706755/bbl-esports-vs-edward-gaming-esports-world-cup-2026-opening-a,Esports World Cup 2026
BBL,EDG,23600,12500,20,8.0k,1.4k,Ascent,2026-07-02 07:00:00,https://www.vlr.gg/706755/bbl-esports-vs-edward-gaming-esports-world-cup-2026-opening-a,Esports World Cup 2026
BBL,EDG,3150,4100,1,0.6k,0.1k,Sunset,2026-07-02 07:00:00,https://www.vlr.gg/706755/bbl-esports-vs-edward-gaming-esports-world-cup-2026-opening-a,Esports World Cup 2026
BBL,EDG,15550,2500,2,3.1k,7.9k,Sunset,2026-07-02 07:00:00,https://www.vlr.gg/706755/bbl-esports-vs-edward-gaming-esports-world-cup-2026-opening-a,Esports World Cup 2026
BBL,EDG,22600,21350,3,9.0k,0.1k,Sunset,2026-07-02 07:00:00,https://www.vlr.gg/706755/bbl-esports-vs-edward-gaming-esports-world-cup-2026-opening-a,Esports World Cup 2026
BBL,EDG,16500,22050,4,3.2k,4.3k,Sunset,2026-07-02 07:00:00,https://www.vlr.gg/706755/bbl-esports-vs-edward-gaming-esports-world-cup-2026-opening-a,Esports World Cup 2026
BBL,EDG,21450,7600,5,4.4k,8.8k,Sunset,2026-07-02 07:00:00,https://www.vlr.gg/706755/bbl-esports-vs-edward-gaming-esports-world-cup-2026-opening-a,Esports World Cup 2026
BBL,EDG,25550,18950,6,8.1k,3.4k,Sunset,2026-07-02 07:00:00,https://www.vlr.gg/706755/bbl-esports-vs-edward-gaming-esports-world-cup-2026-opening-a,Esports World Cup 2026
BBL,EDG,25350,12400,7,15.9k,6.8k,Sunset,2026-07-02 07:00:00,https://www.vlr.gg/706755/bbl-esports-vs-edward-gaming-esports-world-cup-2026-opening-a,Esports World Cup 2026
BBL,EDG,25550,21950,8,15.7k,2.0k,Sunset,2026-07-02 07:00:00,https://www.vlr.gg/706755/bbl-esports-vs-edward-gaming-esports-world-cup-2026-opening-a,Esports World Cup 2026
BBL,EDG,25550,19350,9,15.3k,0.6k,Sunset,2026-07-02 07:00:00,https://www.vlr.gg/706755/bbl-esports-vs-edward-gaming-esports-world-cup-2026-opening-a,Esports World Cup 2026
BBL,EDG,25350,14550,10,17.7k,3.9k,Sunset,2026-07-02 07:00:00,https://www.vlr.gg/706755/bbl-esports-vs-edward-gaming-esports-world-cup-2026-opening-a,Esports World Cup 2026
BBL,EDG,25550,17950,11,23.9k,2.7k,Sunset,2026-07-02 07:00:00,https://www.vlr.gg/706755/bbl-esports-vs-edward-gaming-esports-world-cup-2026-opening-a,Esports World Cup 2026
BBL,EDG,24300,19900,12,30.8k,0.4k,Sunset,2026-07-02 07:00:00,https://www.vlr.gg/706755/bbl-esports-vs-edward-gaming-esports-world-cup-2026-opening-a,Esports World Cup 2026
BBL,EDG,4050,3900,13,0.1k,0.2k,Sunset,2026-07-02 07:00:00,https://www.vlr.gg/706755/bbl-esports-vs-edward-gaming-esports-world-cup-2026-opening-a,Esports World Cup 2026
BBL,EDG,2850,16600,14,9.8k,0.4k,Sunset,2026-07-02 07:00:00,https://www.vlr.gg/706755/bbl-esports-vs-edward-gaming-esports-world-cup-2026-opening-a,Esports World Cup 2026
BBL,EDG,22500,17150,15,0.7k,5.0k,Sunset,2026-07-02 07:00:00,https://www.vlr.gg/706755/bbl-esports-vs-edward-gaming-esports-world-cup-2026-opening-a,Esports World Cup 2026
BBL,EDG,23550,16650,16,9.4k,0.5k,Sunset,2026-07-02 07:00:00,https://www.vlr.gg/706755/bbl-esports-vs-edward-gaming-esports-world-cup-2026-opening-a,Esports World Cup 2026
VIT,KC,4000,4000,1,0.2k,0.2k,Haven,2026-07-02 11:00:00,https://www.vlr.gg/706759/team-vitality-vs-karmine-corp-esports-world-cup-2026-opening-b,Esports World Cup 2026
VIT,KC,2450,16700,2,7.4k,3.0k,Haven,2026-07-02 11:00:00,https://www.vlr.gg/706759/team-vitality-vs-karmine-corp-esports-world-cup-2026-opening-b,Esports World Cup 2026
VIT,KC,21900,13250,3,1.6k,11.4k,Haven,2026-07-02 11:00:00,https://www.vlr.gg/706759/team-vitality-vs-karmine-corp-esports-world-cup-2026-opening-b,Esports World Cup 2026
VIT,KC,20500,19150,4,2.8k,3.0k,Haven,2026-07-02 11:00:00,https://www.vlr.gg/706759/team-vitality-vs-karmine-corp-esports-world-cup-2026-opening-b,Esports World Cup 2026
VIT,KC,20700,7950,5,7.2k,9.2k,Haven,2026-07-02 11:00:00,https://www.vlr.gg/706759/team-vitality-vs-karmine-corp-esports-world-cup-2026-opening-b,Esports World Cup 2026
VIT,KC,22200,21700,6,8.7k,4.1k,Haven,2026-07-02 11:00:00,https://www.vlr.gg/706759/team-vitality-vs-karmine-corp-esports-world-cup-2026-opening-b,Esports World Cup 2026
VIT,KC,22700,14800,7,23.4k,8.7k,Haven,2026-07-02 11:00:00,https://www.vlr.gg/706759/team-vitality-vs-karmine-corp-esports-world-cup-2026-opening-b,Esports World Cup 2026
VIT,KC,24000,20950,8,10.7k,13.4k,Haven,2026-07-02 11:00:00,https://www.vlr.gg/706759/team-vitality-vs-karmine-corp-esports-world-cup-2026-opening-b,Esports World Cup 2026
VIT,KC,22200,19400,9,9.9k,4.9k,Haven,2026-07-02 11:00:00,https://www.vlr.gg/706759/team-vitality-vs-karmine-corp-esports-world-cup-2026-opening-b,Esports World Cup 2026
VIT,KC,22300,11300,10,17.4k,8.4k,Haven,2026-07-02 11:00:00,https://www.vlr.gg/706759/team-vitality-vs-karmine-corp-esports-world-cup-2026-opening-b,Esports World Cup 2026
VIT,KC,23100,19300,11,23.8k,5.2k,Haven,2026-07-02 11:00:00,https://www.vlr.gg/706759/team-vitality-vs-karmine-corp-esports-world-cup-2026-opening-b,Esports World Cup 2026
VIT,KC,23850,23600,12,9.3k,9.9k,Haven,2026-07-02 11:00:00,https://www.vlr.gg/706759/team-vitality-vs-karmine-corp-esports-world-cup-2026-opening-b,Esports World Cup 2026
VIT,KC,4150,4200,13,0.0k,0.2k,Haven,2026-07-02 11:00:00,https://www.vlr.gg/706759/team-vitality-vs-karmine-corp-esports-world-cup-2026-opening-b,Esports World Cup 2026
VIT,KC,1700,18150,14,8.6k,3.1k,Haven,2026-07-02 11:00:00,https://www.vlr.gg/706759/team-vitality-vs-karmine-corp-esports-world-cup-2026-opening-b,Esports World Cup 2026
VIT,KC,21750,18900,15,0.4k,14.7k,Haven,2026-07-02 11:00:00,https://www.vlr.gg/706759/team-vitality-vs-karmine-corp-esports-world-cup-2026-opening-b,Esports World Cup 2026
VIT,KC,19200,19900,16,5.2k,6.1k,Haven,2026-07-02 11:00:00,https://www.vlr.gg/706759/team-vitality-vs-karmine-corp-esports-world-cup-2026-opening-b,Esports World Cup 2026
VIT,KC,21750,13600,17,14.3k,6.6k,Haven,2026-07-02 11:00:00,https://www.vlr.gg/706759/team-vitality-vs-karmine-corp-esports-world-cup-2026-opening-b,Esports World Cup 2026
VIT,KC,23100,20100,18,5.9k,4.8k,Haven,2026-07-02 11:00:00,https://www.vlr.gg/706759/team-vitality-vs-karmine-corp-esports-world-cup-2026-opening-b,Esports World Cup 2026
VIT,KC,22900,8800,19,7.7k,8.0k,Haven,2026-07-02 11:00:00,https://www.vlr.gg/706759/team-vitality-vs-karmine-corp-esports-world-cup-2026-opening-b,Esports World Cup 2026
VIT,KC,25000,19500,20,10.6k,2.8k,Haven,2026-07-02 11:00:00,https://www.vlr.gg/706759/team-vitality-vs-karmine-corp-esports-world-cup-2026-opening-b,Esports World Cup 2026
VIT,KC,25650,19950,21,11.7k,0.5k,Haven,2026-07-02 11:00:00,https://www.vlr.gg/706759/team-vitality-vs-karmine-corp-esports-world-cup-2026-opening-b,Esports World Cup 2026
VIT,KC,4050,3900,1,0.1k,0.3k,Lotus,2026-07-02 11:00:00,https://www.vlr.gg/706759/team-vitality-vs-karmine-corp-esports-world-cup-2026-opening-b,Esports World Cup 2026
VIT,KC,15350,2450,2,3.1k,8.5k,Lotus,2026-07-02 11:00:00,https://www.vlr.gg/706759/team-vitality-vs-karmine-corp-esports-world-cup-2026-opening-b,Esports World Cup 2026
VIT,KC,18650,20650,3,13.6k,0.9k,Lotus,2026-07-02 11:00:00,https://www.vlr.gg/706759/team-vitality-vs-karmine-corp-esports-world-cup-2026-opening-b,Esports World Cup 2026
VIT,KC,22300,10050,4,17.2k,6.8k,Lotus,2026-07-02 11:00:00,https://www.vlr.gg/706759/team-vitality-vs-karmine-corp-esports-world-cup-2026-opening-b,Esports World Cup 2026
VIT,KC,23200,20050,5,22.8k,2.1k,Lotus,2026-07-02 11:00:00,https://www.vlr.gg/706759/team-vitality-vs-karmine-corp-esports-world-cup-2026-opening-b,Esports World Cup 2026
VIT,KC,25150,10250,6,29.2k,7.0k,Lotus,2026-07-02 11:00:00,https://www.vlr.gg/706759/team-vitality-vs-karmine-corp-esports-world-cup-2026-opening-b,Esports World Cup 2026
VIT,KC,25750,18050,7,28.4k,5.7k,Lotus,2026-07-02 11:00:00,https://www.vlr.gg/706759/team-vitality-vs-karmine-corp-esports-world-cup-2026-opening-b,Esports World Cup 2026
VIT,KC,24250,20650,8,14.3k,7.1k,Lotus,2026-07-02 11:00:00,https://www.vlr.gg/706759/team-vitality-vs-karmine-corp-esports-world-cup-2026-opening-b,Esports World Cup 2026
VIT,KC,25500,8750,9,22.0k,10.0k,Lotus,2026-07-02 11:00:00,https://www.vlr.gg/706759/team-vitality-vs-karmine-corp-esports-world-cup-2026-opening-b,Esports World Cup 2026
VIT,KC,24050,24850,10,8.6k,18.4k,Lotus,2026-07-02 11:00:00,https://www.vlr.gg/706759/team-vitality-vs-karmine-corp-esports-world-cup-2026-opening-b,Esports World Cup 2026
VIT,KC,24650,21250,11,10.5k,8.8k,Lotus,2026-07-02 11:00:00,https://www.vlr.gg/706759/team-vitality-vs-karmine-corp-esports-world-cup-2026-opening-b,Esports World Cup 2026
VIT,KC,21850,25150,12,2.3k,15.2k,Lotus,2026-07-02 11:00:00,https://www.vlr.gg/706759/team-vitality-vs-karmine-corp-esports-world-cup-2026-opening-b,Esports World Cup 2026
VIT,KC,4050,3600,13,0.1k,0.4k,Lotus,2026-07-02 11:00:00,https://www.vlr.gg/706759/team-vitality-vs-karmine-corp-esports-world-cup-2026-opening-b,Esports World Cup 2026
VIT,KC,3300,13650,14,8.8k,3.9k,Lotus,2026-07-02 11:00:00,https://www.vlr.gg/706759/team-vitality-vs-karmine-corp-esports-world-cup-2026-opening-b,Esports World Cup 2026
VIT,KC,21700,17550,15,1.2k,13.3k,Lotus,2026-07-02 11:00:00,https://www.vlr.gg/706759/team-vitality-vs-karmine-corp-esports-world-cup-2026-opening-b,Esports World Cup 2026
VIT,KC,22650,20900,16,11.1k,2.9k,Lotus,2026-07-02 11:00:00,https://www.vlr.gg/706759/team-vitality-vs-karmine-corp-esports-world-cup-2026-opening-b,Esports World Cup 2026
VIT,KC,22750,7350,17,17.5k,9.2k,Lotus,2026-07-02 11:00:00,https://www.vlr.gg/706759/team-vitality-vs-karmine-corp-esports-world-cup-2026-opening-b,Esports World Cup 2026
VIT,KC,25850,18450,18,23.1k,6.4k,Lotus,2026-07-02 11:00:00,https://www.vlr.gg/706759/team-vitality-vs-karmine-corp-esports-world-cup-2026-opening-b,Esports World Cup 2026
VIT,KC,22450,21050,19,19.8k,2.7k,Lotus,2026-07-02 11:00:00,https://www.vlr.gg/706759/team-vitality-vs-karmine-corp-esports-world-cup-2026-opening-b,Esports World Cup 2026
VIT,KC,22450,20050,20,9.7k,2.6k,Lotus,2026-07-02 11:00:00,https://www.vlr.gg/706759/team-vitality-vs-karmine-corp-esports-world-cup-2026-opening-b,Esports World Cup 2026
VIT,KC,13400,23150,21,10.8k,10.1k,Lotus,2026-07-02 11:00:00,https://www.vlr.gg/706759/team-vitality-vs-karmine-corp-esports-world-cup-2026-opening-b,Esports World Cup 2026
VIT,KC,21150,23150,22,6.8k,9.7k,Lotus,2026-07-02 11:00:00,https://www.vlr.gg/706759/team-vitality-vs-karmine-corp-esports-world-cup-2026-opening-b,Esports World Cup 2026
NRG,PRX,4100,4150,1,0.1k,0.2k,Fracture,2026-07-02 11:50:00,https://www.vlr.gg/706760/nrg-vs-paper-rex-esports-world-cup-2026-opening-b,Esports World Cup 2026
NRG,PRX,2250,15300,2,8.5k,4.9k,Fracture,2026-07-02 11:50:00,https://www.vlr.gg/706760/nrg-vs-paper-rex-esports-world-cup-2026-opening-b,Esports World Cup 2026
NRG,PRX,21900,19000,3,0.6k,14.1k,Fracture,2026-07-02 11:50:00,https://www.vlr.gg/706760/nrg-vs-paper-rex-esports-world-cup-2026-opening-b,Esports World Cup 2026
NRG,PRX,5300,23800,4,11.2k,15.8k,Fracture,2026-07-02 11:50:00,https://www.vlr.gg/706760/nrg-vs-paper-rex-esports-world-cup-2026-opening-b,Esports World Cup 2026
NRG,PRX,21700,23600,5,6.1k,27.9k,Fracture,2026-07-02 11:50:00,https://www.vlr.gg/706760/nrg-vs-paper-rex-esports-world-cup-2026-opening-b,Esports World Cup 2026
NRG,PRX,18650,23400,6,4.2k,26.4k,Fracture,2026-07-02 11:50:00,https://www.vlr.gg/706760/nrg-vs-paper-rex-esports-world-cup-2026-opening-b,Esports World Cup 2026
NRG,PRX,22000,25400,7,13.6k,12.0k,Fracture,2026-07-02 11:50:00,https://www.vlr.gg/706760/nrg-vs-paper-rex-esports-world-cup-2026-opening-b,Esports World Cup 2026
NRG,PRX,19050,25200,8,6.4k,11.4k,Fracture,2026-07-02 11:50:00,https://www.vlr.gg/706760/nrg-vs-paper-rex-esports-world-cup-2026-opening-b,Esports World Cup 2026
NRG,PRX,23200,20700,9,13.5k,1.6k,Fracture,2026-07-02 11:50:00,https://www.vlr.gg/706760/nrg-vs-paper-rex-esports-world-cup-2026-opening-b,Esports World Cup 2026
NRG,PRX,22400,7000,10,11.0k,8.8k,Fracture,2026-07-02 11:50:00,https://www.vlr.gg/706760/nrg-vs-paper-rex-esports-world-cup-2026-opening-b,Esports World Cup 2026
NRG,PRX,24000,22000,11,7.9k,1.6k,Fracture,2026-07-02 11:50:00,https://www.vlr.gg/706760/nrg-vs-paper-rex-esports-world-cup-2026-opening-b,Esports World Cup 2026
NRG,PRX,24100,17250,12,6.5k,0.2k,Fracture,2026-07-02 11:50:00,https://www.vlr.gg/706760/nrg-vs-paper-rex-esports-world-cup-2026-opening-b,Esports World Cup 2026
NRG,PRX,3950,4150,13,0.1k,0.2k,Fracture,2026-07-02 11:50:00,https://www.vlr.gg/706760/nrg-vs-paper-rex-esports-world-cup-2026-opening-b,Esports World Cup 2026
NRG,PRX,1750,18450,14,9.4k,0.6k,Fracture,2026-07-02 11:50:00,https://www.vlr.gg/706760/nrg-vs-paper-rex-esports-world-cup-2026-opening-b,Esports World Cup 2026
NRG,PRX,21600,19950,15,0.6k,12.8k,Fracture,2026-07-02 11:50:00,https://www.vlr.gg/706760/nrg-vs-paper-rex-esports-world-cup-2026-opening-b,Esports World Cup 2026
NRG,PRX,10550,23200,16,6.9k,14.1k,Fracture,2026-07-02 11:50:00,https://www.vlr.gg/706760/nrg-vs-paper-rex-esports-world-cup-2026-opening-b,Esports World Cup 2026
NRG,PRX,19300,24000,17,2.7k,11.6k,Fracture,2026-07-02 11:50:00,https://www.vlr.gg/706760/nrg-vs-paper-rex-esports-world-cup-2026-opening-b,Esports World Cup 2026
NRG,PRX,19800,15200,18,6.1k,8.6k,Fracture,2026-07-02 11:50:00,https://www.vlr.gg/706760/nrg-vs-paper-rex-esports-world-cup-2026-opening-b,Esports World Cup 2026
NRG,PRX,21800,21400,19,15.5k,2.6k,Fracture,2026-07-02 11:50:00,https://www.vlr.gg/706760/nrg-vs-paper-rex-esports-world-cup-2026-opening-b,Esports World Cup 2026
NRG,PRX,23600,21100,20,2.8k,2.9k,Fracture,2026-07-02 11:50:00,https://www.vlr.gg/706760/nrg-vs-paper-rex-esports-world-cup-2026-opening-b,Esports World Cup 2026
NRG,PRX,24600,8800,21,7.0k,7.4k,Fracture,2026-07-02 11:50:00,https://www.vlr.gg/706760/nrg-vs-paper-rex-esports-world-cup-2026-opening-b,Esports World Cup 2026
NRG,PRX,25700,20300,22,11.7k,0.1k,Fracture,2026-07-02 11:50:00,https://www.vlr.gg/706760/nrg-vs-paper-rex-esports-world-cup-2026-opening-b,Esports World Cup 2026
NRG,PRX,4100,4000,1,0.1k,0.2k,Lotus,2026-07-02 11:50:00,https://www.vlr.gg/706760/nrg-vs-paper-rex-esports-world-cup-2026-opening-b,Esports World Cup 2026
NRG,PRX,13500,2400,2,6.1k,8.3k,Lotus,2026-07-02 11:50:00,https://www.vlr.gg/706760/nrg-vs-paper-rex-esports-world-cup-2026-opening-b,Esports World Cup 2026
NRG,PRX,18150,22800,3,1.0k,5.4k,Lotus,2026-07-02 11:50:00,https://www.vlr.gg/706760/nrg-vs-paper-rex-esports-world-cup-2026-opening-b,Esports World Cup 2026
NRG,PRX,4350,21950,4,10.0k,12.9k,Lotus,2026-07-02 11:50:00,https://www.vlr.gg/706760/nrg-vs-paper-rex-esports-world-cup-2026-opening-b,Esports World Cup 2026
NRG,PRX,19950,26000,5,7.2k,19.5k,Lotus,2026-07-02 11:50:00,https://www.vlr.gg/706760/nrg-vs-paper-rex-esports-world-cup-2026-opening-b,Esports World Cup 2026
NRG,PRX,20350,25100,6,14.7k,10.0k,Lotus,2026-07-02 11:50:00,https://www.vlr.gg/706760/nrg-vs-paper-rex-esports-world-cup-2026-opening-b,Esports World Cup 2026
NRG,PRX,22600,21350,7,17.3k,2.1k,Lotus,2026-07-02 11:50:00,https://www.vlr.gg/706760/nrg-vs-paper-rex-esports-world-cup-2026-opening-b,Esports World Cup 2026
NRG,PRX,21550,18600,8,6.3k,4.3k,Lotus,2026-07-02 11:50:00,https://www.vlr.gg/706760/nrg-vs-paper-rex-esports-world-cup-2026-opening-b,Esports World Cup 2026
NRG,PRX,22600,10300,9,14.9k,7.2k,Lotus,2026-07-02 11:50:00,https://www.vlr.gg/706760/nrg-vs-paper-rex-esports-world-cup-2026-opening-b,Esports World Cup 2026
NRG,PRX,23800,20450,10,26.5k,2.0k,Lotus,2026-07-02 11:50:00,https://www.vlr.gg/706760/nrg-vs-paper-rex-esports-world-cup-2026-opening-b,Esports World Cup 2026
NRG,PRX,23650,23100,11,14.0k,6.3k,Lotus,2026-07-02 11:50:00,https://www.vlr.gg/706760/nrg-vs-paper-rex-esports-world-cup-2026-opening-b,Esports World Cup 2026
NRG,PRX,24150,18450,12,7.7k,0.8k,Lotus,2026-07-02 11:50:00,https://www.vlr.gg/706760/nrg-vs-paper-rex-esports-world-cup-2026-opening-b,Esports World Cup 2026
NRG,PRX,3400,4100,13,0.1k,0.1k,Lotus,2026-07-02 11:50:00,https://www.vlr.gg/706760/nrg-vs-paper-rex-esports-world-cup-2026-opening-b,Esports World Cup 2026
NRG,PRX,16450,3350,14,0.3k,8.1k,Lotus,2026-07-02 11:50:00,https://www.vlr.gg/706760/nrg-vs-paper-rex-esports-world-cup-2026-opening-b,Esports World Cup 2026
NRG,PRX,13350,20350,15,12.7k,0.8k,Lotus,2026-07-02 11:50:00,https://www.vlr.gg/706760/nrg-vs-paper-rex-esports-world-cup-2026-opening-b,Esports World Cup 2026
NRG,PRX,23000,7850,16,12.3k,9.1k,Lotus,2026-07-02 11:50:00,https://www.vlr.gg/706760/nrg-vs-paper-rex-esports-world-cup-2026-opening-b,Esports World Cup 2026
NRG,PRX,24150,23900,17,18.6k,3.5k,Lotus,2026-07-02 11:50:00,https://www.vlr.gg/706760/nrg-vs-paper-rex-esports-world-cup-2026-opening-b,Esports World Cup 2026
NRG,PRX,25050,18800,18,29.4k,3.2k,Lotus,2026-07-02 11:50:00,https://www.vlr.gg/706760/nrg-vs-paper-rex-esports-world-cup-2026-opening-b,Esports World Cup 2026
NRG,PRX,3950,4100,1,0.1k,0.1k,Breeze,2026-07-02 11:50:00,https://www.vlr.gg/706760/nrg-vs-paper-rex-esports-world-cup-2026-opening-b,Esports World Cup 2026
NRG,PRX,14700,2800,2,6.0k,7.5k,Breeze,2026-07-02 11:50:00,https://www.vlr.gg/706760/nrg-vs-paper-rex-esports-world-cup-2026-opening-b,Esports World Cup 2026
NRG,PRX,22250,20200,3,11.6k,0.4k,Breeze,2026-07-02 11:50:00,https://www.vlr.gg/706760/nrg-vs-paper-rex-esports-world-cup-2026-opening-b,Esports World Cup 2026
NRG,PRX,23400,12550,4,25.7k,7.5k,Breeze,2026-07-02 11:50:00,https://www.vlr.gg/706760/nrg-vs-paper-rex-esports-world-cup-2026-opening-b,Esports World Cup 2026
NRG,PRX,24950,21100,5,37.0k,5.1k,Breeze,2026-07-02 11:50:00,https://www.vlr.gg/706760/nrg-vs-paper-rex-esports-world-cup-2026-opening-b,Esports World Cup 2026
NRG,PRX,23250,23500,6,23.2k,8.5k,Breeze,2026-07-02 11:50:00,https://www.vlr.gg/706760/nrg-vs-paper-rex-esports-world-cup-2026-opening-b,Esports World Cup 2026
NRG,PRX,24850,22000,7,28.2k,5.4k,Breeze,2026-07-02 11:50:00,https://www.vlr.gg/706760/nrg-vs-paper-rex-esports-world-cup-2026-opening-b,Esports World Cup 2026
NRG,PRX,26950,22300,8,30.2k,4.3k,Breeze,2026-07-02 11:50:00,https://www.vlr.gg/706760/nrg-vs-paper-rex-esports-world-cup-2026-opening-b,Esports World Cup 2026
NRG,PRX,24950,18350,9,29.7k,2.3k,Breeze,2026-07-02 11:50:00,https://www.vlr.gg/706760/nrg-vs-paper-rex-esports-world-cup-2026-opening-b,Esports World Cup 2026
NRG,PRX,24200,21100,10,17.1k,4.2k,Breeze,2026-07-02 11:50:00,https://www.vlr.gg/706760/nrg-vs-paper-rex-esports-world-cup-2026-opening-b,Esports World Cup 2026
NRG,PRX,24450,6900,11,17.8k,8.8k,Breeze,2026-07-02 11:50:00,https://www.vlr.gg/706760/nrg-vs-paper-rex-esports-world-cup-2026-opening-b,Esports World Cup 2026
NRG,PRX,23850,27400,12,5.2k,4.6k,Breeze,2026-07-02 11:50:00,https://www.vlr.gg/706760/nrg-vs-paper-rex-esports-world-cup-2026-opening-b,Esports World Cup 2026
NRG,PRX,4000,4000,13,0.0k,0.2k,Breeze,2026-07-02 11:50:00,https://www.vlr.gg/706760/nrg-vs-paper-rex-esports-world-cup-2026-opening-b,Esports World Cup 2026
NRG,PRX,1350,17550,14,8.5k,4.1k,Breeze,2026-07-02 11:50:00,https://www.vlr.gg/706760/nrg-vs-paper-rex-esports-world-cup-2026-opening-b,Esports World Cup 2026
NRG,PRX,20850,23350,15,0.8k,11.0k,Breeze,2026-07-02 11:50:00,https://www.vlr.gg/706760/nrg-vs-paper-rex-esports-world-cup-2026-opening-b,Esports World Cup 2026
NRG,PRX,19200,19350,16,2.1k,2.4k,Breeze,2026-07-02 11:50:00,https://www.vlr.gg/706760/nrg-vs-paper-rex-esports-world-cup-2026-opening-b,Esports World Cup 2026
NRG,PRX,20050,11150,17,4.3k,6.9k,Breeze,2026-07-02 11:50:00,https://www.vlr.gg/706760/nrg-vs-paper-rex-esports-world-cup-2026-opening-b,Esports World Cup 2026
NRG,PRX,22100,21450,18,18.1k,1.6k,Breeze,2026-07-02 11:50:00,https://www.vlr.gg/706760/nrg-vs-paper-rex-esports-world-cup-2026-opening-b,Esports World Cup 2026
NRG,PRX,20650,20700,19,16.0k,4.3k,Breeze,2026-07-02 11:50:00,https://www.vlr.gg/706760/nrg-vs-paper-rex-esports-world-cup-2026-opening-b,Esports World Cup 2026
NRG,PRX,21850,22200,20,8.4k,17.4k,Breeze,2026-07-02 11:50:00,https://www.vlr.gg/706760/nrg-vs-paper-rex-esports-world-cup-2026-opening-b,Esports World Cup 2026
NRG,PRX,20900,25200,21,2.7k,20.9k,Breeze,2026-07-02 11:50:00,https://www.vlr.gg/706760/nrg-vs-paper-rex-esports-world-cup-2026-opening-b,Esports World Cup 2026
NRG,PRX,9450,25200,22,8.7k,19.7k,Breeze,2026-07-02 11:50:00,https://www.vlr.gg/706760/nrg-vs-paper-rex-esports-world-cup-2026-opening-b,Esports World Cup 2026
NRG,PRX,24750,23700,23,12.5k,9.0k,Breeze,2026-07-02 11:50:00,https://www.vlr.gg/706760/nrg-vs-paper-rex-esports-world-cup-2026-opening-b,Esports World Cup 2026
MIBR,GE,3850,3850,1,0.0k,0.1k,Lotus,2026-07-03 07:00:00,https://www.vlr.gg/706769/mibr-vs-global-esports-esports-world-cup-2026-opening-d,Esports World Cup 2026
MIBR,GE,2200,14600,2,8.1k,5.3k,Lotus,2026-07-03 07:00:00,https://www.vlr.gg/706769/mibr-vs-global-esports-esports-world-cup-2026-opening-d,Esports World Cup 2026
MIBR,GE,22250,10350,3,4.3k,10.2k,Lotus,2026-07-03 07:00:00,https://www.vlr.gg/706769/mibr-vs-global-esports-esports-world-cup-2026-opening-d,Esports World Cup 2026
MIBR,GE,24050,22150,4,8.7k,2.1k,Lotus,2026-07-03 07:00:00,https://www.vlr.gg/706769/mibr-vs-global-esports-esports-world-cup-2026-opening-d,Esports World Cup 2026
MIBR,GE,16400,22800,5,2.2k,9.9k,Lotus,2026-07-03 07:00:00,https://www.vlr.gg/706769/mibr-vs-global-esports-esports-world-cup-2026-opening-d,Esports World Cup 2026
MIBR,GE,19450,21050,6,2.0k,1.6k,Lotus,2026-07-03 07:00:00,https://www.vlr.gg/706769/mibr-vs-global-esports-esports-world-cup-2026-opening-d,Esports World Cup 2026
MIBR,GE,19850,8350,7,3.8k,7.3k,Lotus,2026-07-03 07:00:00,https://www.vlr.gg/706769/mibr-vs-global-esports-esports-world-cup-2026-opening-d,Esports World Cup 2026
MIBR,GE,25350,22150,8,7.9k,2.1k,Lotus,2026-07-03 07:00:00,https://www.vlr.gg/706769/mibr-vs-global-esports-esports-world-cup-2026-opening-d,Esports World Cup 2026
MIBR,GE,26150,10900,9,11.2k,7.6k,Lotus,2026-07-03 07:00:00,https://www.vlr.gg/706769/mibr-vs-global-esports-esports-world-cup-2026-opening-d,Esports World Cup 2026
MIBR,GE,26050,21500,10,24.5k,2.3k,Lotus,2026-07-03 07:00:00,https://www.vlr.gg/706769/mibr-vs-global-esports-esports-world-cup-2026-opening-d,Esports World Cup 2026
MIBR,GE,23750,10450,11,29.7k,7.4k,Lotus,2026-07-03 07:00:00,https://www.vlr.gg/706769/mibr-vs-global-esports-esports-world-cup-2026-opening-d,Esports World Cup 2026
MIBR,GE,26850,23100,12,18.2k,1.2k,Lotus,2026-07-03 07:00:00,https://www.vlr.gg/706769/mibr-vs-global-esports-esports-world-cup-2026-opening-d,Esports World Cup 2026
MIBR,GE,3900,3900,13,0.1k,0.1k,Lotus,2026-07-03 07:00:00,https://www.vlr.gg/706769/mibr-vs-global-esports-esports-world-cup-2026-opening-d,Esports World Cup 2026
MIBR,GE,15100,9000,14,2.2k,1.3k,Lotus,2026-07-03 07:00:00,https://www.vlr.gg/706769/mibr-vs-global-esports-esports-world-cup-2026-opening-d,Esports World Cup 2026
MIBR,GE,21300,13650,15,2.4k,0.5k,Lotus,2026-07-03 07:00:00,https://www.vlr.gg/706769/mibr-vs-global-esports-esports-world-cup-2026-opening-d,Esports World Cup 2026
MIBR,GE,3650,3800,1,0.3k,0.2k,Haven,2026-07-03 07:00:00,https://www.vlr.gg/706769/mibr-vs-global-esports-esports-world-cup-2026-opening-d,Esports World Cup 2026
MIBR,GE,15250,1950,2,4.6k,8.5k,Haven,2026-07-03 07:00:00,https://www.vlr.gg/706769/mibr-vs-global-esports-esports-world-cup-2026-opening-d,Esports World Cup 2026
MIBR,GE,20150,20600,3,12.0k,0.2k,Haven,2026-07-03 07:00:00,https://www.vlr.gg/706769/mibr-vs-global-esports-esports-world-cup-2026-opening-d,Esports World Cup 2026
MIBR,GE,23400,7400,4,15.1k,8.5k,Haven,2026-07-03 07:00:00,https://www.vlr.gg/706769/mibr-vs-global-esports-esports-world-cup-2026-opening-d,Esports World Cup 2026
MIBR,GE,26000,22150,5,13.7k,2.7k,Haven,2026-07-03 07:00:00,https://www.vlr.gg/706769/mibr-vs-global-esports-esports-world-cup-2026-opening-d,Esports World Cup 2026
MIBR,GE,23200,9650,6,25.1k,8.9k,Haven,2026-07-03 07:00:00,https://www.vlr.gg/706769/mibr-vs-global-esports-esports-world-cup-2026-opening-d,Esports World Cup 2026
MIBR,GE,23700,23150,7,28.3k,1.5k,Haven,2026-07-03 07:00:00,https://www.vlr.gg/706769/mibr-vs-global-esports-esports-world-cup-2026-opening-d,Esports World Cup 2026
MIBR,GE,23100,22150,8,14.8k,4.1k,Haven,2026-07-03 07:00:00,https://www.vlr.gg/706769/mibr-vs-global-esports-esports-world-cup-2026-opening-d,Esports World Cup 2026
MIBR,GE,23400,8650,9,19.5k,9.1k,Haven,2026-07-03 07:00:00,https://www.vlr.gg/706769/mibr-vs-global-esports-esports-world-cup-2026-opening-d,Esports World Cup 2026
MIBR,GE,23500,19950,10,30.7k,2.3k,Haven,2026-07-03 07:00:00,https://www.vlr.gg/706769/mibr-vs-global-esports-esports-world-cup-2026-opening-d,Esports World Cup 2026
MIBR,GE,22900,21500,11,14.5k,4.2k,Haven,2026-07-03 07:00:00,https://www.vlr.gg/706769/mibr-vs-global-esports-esports-world-cup-2026-opening-d,Esports World Cup 2026
MIBR,GE,25500,15150,12,10.7k,0.6k,Haven,2026-07-03 07:00:00,https://www.vlr.gg/706769/mibr-vs-global-esports-esports-world-cup-2026-opening-d,Esports World Cup 2026
MIBR,GE,3800,3800,13,0.1k,0.2k,Haven,2026-07-03 07:00:00,https://www.vlr.gg/706769/mibr-vs-global-esports-esports-world-cup-2026-opening-d,Esports World Cup 2026
MIBR,GE,15900,10550,14,0.8k,0.2k,Haven,2026-07-03 07:00:00,https://www.vlr.gg/706769/mibr-vs-global-esports-esports-world-cup-2026-opening-d,Esports World Cup 2026
MIBR,GE,18750,12300,15,7.2k,0.7k,Haven,2026-07-03 07:00:00,https://www.vlr.gg/706769/mibr-vs-global-esports-esports-world-cup-2026-opening-d,Esports World Cup 2026
MIBR,GE,18500,21200,16,1.1k,4.4k,Haven,2026-07-03 07:00:00,https://www.vlr.gg/706769/mibr-vs-global-esports-esports-world-cup-2026-opening-d,Esports World Cup 2026
AG,TH,4100,3700,1,0.1k,0.3k,Haven,2026-07-03 07:00:00,https://www.vlr.gg/706770/all-gamers-vs-team-heretics-esports-world-cup-2026-opening-d,Esports World Cup 2026
AG,TH,3800,15000,2,7.9k,3.3k,Haven,2026-07-03 07:00:00,https://www.vlr.gg/706770/all-gamers-vs-team-heretics-esports-world-cup-2026-opening-d,Esports World Cup 2026
AG,TH,20550,14050,3,0.9k,11.1k,Haven,2026-07-03 07:00:00,https://www.vlr.gg/706770/all-gamers-vs-team-heretics-esports-world-cup-2026-opening-d,Esports World Cup 2026
AG,TH,20050,23600,4,4.8k,0.4k,Haven,2026-07-03 07:00:00,https://www.vlr.gg/706770/all-gamers-vs-team-heretics-esports-world-cup-2026-opening-d,Esports World Cup 2026
AG,TH,22600,7450,5,8.6k,6.7k,Haven,2026-07-03 07:00:00,https://www.vlr.gg/706770/all-gamers-vs-team-heretics-esports-world-cup-2026-opening-d,Esports World Cup 2026
AG,TH,9500,25950,6,10.2k,4.9k,Haven,2026-07-03 07:00:00,https://www.vlr.gg/706770/all-gamers-vs-team-heretics-esports-world-cup-2026-opening-d,Esports World Cup 2026
AG,TH,17700,24150,7,6.9k,7.6k,Haven,2026-07-03 07:00:00,https://www.vlr.gg/706770/all-gamers-vs-team-heretics-esports-world-cup-2026-opening-d,Esports World Cup 2026
AG,TH,18350,23550,8,4.9k,9.8k,Haven,2026-07-03 07:00:00,https://www.vlr.gg/706770/all-gamers-vs-team-heretics-esports-world-cup-2026-opening-d,Esports World Cup 2026
AG,TH,10900,25450,9,9.7k,14.7k,Haven,2026-07-03 07:00:00,https://www.vlr.gg/706770/all-gamers-vs-team-heretics-esports-world-cup-2026-opening-d,Esports World Cup 2026
AG,TH,22550,25750,10,3.7k,24.1k,Haven,2026-07-03 07:00:00,https://www.vlr.gg/706770/all-gamers-vs-team-heretics-esports-world-cup-2026-opening-d,Esports World Cup 2026
AG,TH,22000,24950,11,3.8k,12.3k,Haven,2026-07-03 07:00:00,https://www.vlr.gg/706770/all-gamers-vs-team-heretics-esports-world-cup-2026-opening-d,Esports World Cup 2026
AG,TH,24550,23650,12,2.8k,4.0k,Haven,2026-07-03 07:00:00,https://www.vlr.gg/706770/all-gamers-vs-team-heretics-esports-world-cup-2026-opening-d,Esports World Cup 2026
AG,TH,3950,3550,13,0.3k,0.1k,Haven,2026-07-03 07:00:00,https://www.vlr.gg/706770/all-gamers-vs-team-heretics-esports-world-cup-2026-opening-d,Esports World Cup 2026
AG,TH,4150,16000,14,8.9k,1.8k,Haven,2026-07-03 07:00:00,https://www.vlr.gg/706770/all-gamers-vs-team-heretics-esports-world-cup-2026-opening-d,Esports World Cup 2026
AG,TH,21950,16050,15,1.0k,15.1k,Haven,2026-07-03 07:00:00,https://www.vlr.gg/706770/all-gamers-vs-team-heretics-esports-world-cup-2026-opening-d,Esports World Cup 2026
AG,TH,21950,23750,16,8.8k,2.4k,Haven,2026-07-03 07:00:00,https://www.vlr.gg/706770/all-gamers-vs-team-heretics-esports-world-cup-2026-opening-d,Esports World Cup 2026
AG,TH,16600,24150,17,4.7k,6.1k,Haven,2026-07-03 07:00:00,https://www.vlr.gg/706770/all-gamers-vs-team-heretics-esports-world-cup-2026-opening-d,Esports World Cup 2026
AG,TH,19500,24050,18,0.7k,3.4k,Haven,2026-07-03 07:00:00,https://www.vlr.gg/706770/all-gamers-vs-team-heretics-esports-world-cup-2026-opening-d,Esports World Cup 2026
AG,TH,21450,14800,19,11.4k,6.6k,Haven,2026-07-03 07:00:00,https://www.vlr.gg/706770/all-gamers-vs-team-heretics-esports-world-cup-2026-opening-d,Esports World Cup 2026
AG,TH,25700,18100,20,12.0k,1.9k,Haven,2026-07-03 07:00:00,https://www.vlr.gg/706770/all-gamers-vs-team-heretics-esports-world-cup-2026-opening-d,Esports World Cup 2026
AG,TH,23500,8950,21,14.3k,9.0k,Haven,2026-07-03 07:00:00,https://www.vlr.gg/706770/all-gamers-vs-team-heretics-esports-world-cup-2026-opening-d,Esports World Cup 2026
AG,TH,24200,23450,22,25.3k,2.0k,Haven,2026-07-03 07:00:00,https://www.vlr.gg/706770/all-gamers-vs-team-heretics-esports-world-cup-2026-opening-d,Esports World Cup 2026
AG,TH,26400,10500,23,24.1k,6.8k,Haven,2026-07-03 07:00:00,https://www.vlr.gg/706770/all-gamers-vs-team-heretics-esports-world-cup-2026-opening-d,Esports World Cup 2026
AG,TH,28400,21850,24,32.1k,0.8k,Haven,2026-07-03 07:00:00,https://www.vlr.gg/706770/all-gamers-vs-team-heretics-esports-world-cup-2026-opening-d,Esports World Cup 2026
AG,TH,4050,4150,1,0.2k,0.1k,Ascent,2026-07-03 07:00:00,https://www.vlr.gg/706770/all-gamers-vs-team-heretics-esports-world-cup-2026-opening-d,Esports World Cup 2026
AG,TH,17350,2050,2,2.2k,8.5k,Ascent,2026-07-03 07:00:00,https://www.vlr.gg/706770/all-gamers-vs-team-heretics-esports-world-cup-2026-opening-d,Esports World Cup 2026
AG,TH,18050,20350,3,14.5k,0.5k,Ascent,2026-07-03 07:00:00,https://www.vlr.gg/706770/all-gamers-vs-team-heretics-esports-world-cup-2026-opening-d,Esports World Cup 2026
AG,TH,21700,18900,4,4.4k,2.1k,Ascent,2026-07-03 07:00:00,https://www.vlr.gg/706770/all-gamers-vs-team-heretics-esports-world-cup-2026-opening-d,Esports World Cup 2026
AG,TH,16500,21450,5,5.9k,10.8k,Ascent,2026-07-03 07:00:00,https://www.vlr.gg/706770/all-gamers-vs-team-heretics-esports-world-cup-2026-opening-d,Esports World Cup 2026
AG,TH,21250,19800,6,4.5k,1.7k,Ascent,2026-07-03 07:00:00,https://www.vlr.gg/706770/all-gamers-vs-team-heretics-esports-world-cup-2026-opening-d,Esports World Cup 2026
AG,TH,22150,8050,7,17.1k,7.0k,Ascent,2026-07-03 07:00:00,https://www.vlr.gg/706770/all-gamers-vs-team-heretics-esports-world-cup-2026-opening-d,Esports World Cup 2026
AG,TH,20950,22400,8,16.9k,2.5k,Ascent,2026-07-03 07:00:00,https://www.vlr.gg/706770/all-gamers-vs-team-heretics-esports-world-cup-2026-opening-d,Esports World Cup 2026
AG,TH,23700,19800,9,8.4k,0.7k,Ascent,2026-07-03 07:00:00,https://www.vlr.gg/706770/all-gamers-vs-team-heretics-esports-world-cup-2026-opening-d,Esports World Cup 2026
AG,TH,23900,4650,10,10.5k,7.7k,Ascent,2026-07-03 07:00:00,https://www.vlr.gg/706770/all-gamers-vs-team-heretics-esports-world-cup-2026-opening-d,Esports World Cup 2026
AG,TH,26600,20750,11,17.8k,1.1k,Ascent,2026-07-03 07:00:00,https://www.vlr.gg/706770/all-gamers-vs-team-heretics-esports-world-cup-2026-opening-d,Esports World Cup 2026
AG,TH,26500,16050,12,16.4k,0.4k,Ascent,2026-07-03 07:00:00,https://www.vlr.gg/706770/all-gamers-vs-team-heretics-esports-world-cup-2026-opening-d,Esports World Cup 2026
AG,TH,4050,4150,13,0.2k,0.1k,Ascent,2026-07-03 07:00:00,https://www.vlr.gg/706770/all-gamers-vs-team-heretics-esports-world-cup-2026-opening-d,Esports World Cup 2026
AG,TH,15500,2650,14,3.3k,8.0k,Ascent,2026-07-03 07:00:00,https://www.vlr.gg/706770/all-gamers-vs-team-heretics-esports-world-cup-2026-opening-d,Esports World Cup 2026
AG,TH,14700,20150,15,14.5k,0.5k,Ascent,2026-07-03 07:00:00,https://www.vlr.gg/706770/all-gamers-vs-team-heretics-esports-world-cup-2026-opening-d,Esports World Cup 2026
AG,TH,19900,20650,16,5.9k,3.8k,Ascent,2026-07-03 07:00:00,https://www.vlr.gg/706770/all-gamers-vs-team-heretics-esports-world-cup-2026-opening-d,Esports World Cup 2026
AG,TH,21500,6350,17,9.3k,9.1k,Ascent,2026-07-03 07:00:00,https://www.vlr.gg/706770/all-gamers-vs-team-heretics-esports-world-cup-2026-opening-d,Esports World Cup 2026
AG,TH,21750,21550,18,5.7k,0.9k,Ascent,2026-07-03 07:00:00,https://www.vlr.gg/706770/all-gamers-vs-team-heretics-esports-world-cup-2026-opening-d,Esports World Cup 2026
AG,TH,11450,23800,19,9.0k,11.6k,Ascent,2026-07-03 07:00:00,https://www.vlr.gg/706770/all-gamers-vs-team-heretics-esports-world-cup-2026-opening-d,Esports World Cup 2026
AG,TH,20000,25000,20,3.7k,19.4k,Ascent,2026-07-03 07:00:00,https://www.vlr.gg/706770/all-gamers-vs-team-heretics-esports-world-cup-2026-opening-d,Esports World Cup 2026
AG,TH,14750,25250,21,8.4k,22.2k,Ascent,2026-07-03 07:00:00,https://www.vlr.gg/706770/all-gamers-vs-team-heretics-esports-world-cup-2026-opening-d,Esports World Cup 2026
AG,TH,4000,3600,1,0.2k,0.4k,Lotus,2026-07-03 07:00:00,https://www.vlr.gg/706770/all-gamers-vs-team-heretics-esports-world-cup-2026-opening-d,Esports World Cup 2026
AG,TH,15600,1250,2,4.1k,9.0k,Lotus,2026-07-03 07:00:00,https://www.vlr.gg/706770/all-gamers-vs-team-heretics-esports-world-cup-2026-opening-d,Esports World Cup 2026
AG,TH,20750,20300,3,12.6k,1.0k,Lotus,2026-07-03 07:00:00,https://www.vlr.gg/706770/all-gamers-vs-team-heretics-esports-world-cup-2026-opening-d,Esports World Cup 2026
AG,TH,21850,11650,4,22.6k,6.1k,Lotus,2026-07-03 07:00:00,https://www.vlr.gg/706770/all-gamers-vs-team-heretics-esports-world-cup-2026-opening-d,Esports World Cup 2026
AG,TH,21150,23950,5,12.9k,15.0k,Lotus,2026-07-03 07:00:00,https://www.vlr.gg/706770/all-gamers-vs-team-heretics-esports-world-cup-2026-opening-d,Esports World Cup 2026
AG,TH,23300,21900,6,20.8k,3.4k,Lotus,2026-07-03 07:00:00,https://www.vlr.gg/706770/all-gamers-vs-team-heretics-esports-world-cup-2026-opening-d,Esports World Cup 2026
AG,TH,22550,9250,7,22.8k,7.5k,Lotus,2026-07-03 07:00:00,https://www.vlr.gg/706770/all-gamers-vs-team-heretics-esports-world-cup-2026-opening-d,Esports World Cup 2026
AG,TH,22700,23100,8,10.9k,10.7k,Lotus,2026-07-03 07:00:00,https://www.vlr.gg/706770/all-gamers-vs-team-heretics-esports-world-cup-2026-opening-d,Esports World Cup 2026
AG,TH,23600,19300,9,18.3k,2.6k,Lotus,2026-07-03 07:00:00,https://www.vlr.gg/706770/all-gamers-vs-team-heretics-esports-world-cup-2026-opening-d,Esports World Cup 2026
AG,TH,22400,22150,10,6.8k,8.2k,Lotus,2026-07-03 07:00:00,https://www.vlr.gg/706770/all-gamers-vs-team-heretics-esports-world-cup-2026-opening-d,Esports World Cup 2026
AG,TH,22000,23050,11,2.4k,18.1k,Lotus,2026-07-03 07:00:00,https://www.vlr.gg/706770/all-gamers-vs-team-heretics-esports-world-cup-2026-opening-d,Esports World Cup 2026
AG,TH,18450,25300,12,0.7k,17.4k,Lotus,2026-07-03 07:00:00,https://www.vlr.gg/706770/all-gamers-vs-team-heretics-esports-world-cup-2026-opening-d,Esports World Cup 2026
AG,TH,3700,4100,13,0.2k,0.1k,Lotus,2026-07-03 07:00:00,https://www.vlr.gg/706770/all-gamers-vs-team-heretics-esports-world-cup-2026-opening-d,Esports World Cup 2026
AG,TH,2750,16100,14,8.1k,4.2k,Lotus,2026-07-03 07:00:00,https://www.vlr.gg/706770/all-gamers-vs-team-heretics-esports-world-cup-2026-opening-d,Esports World Cup 2026
AG,TH,21150,21750,15,0.7k,12.5k,Lotus,2026-07-03 07:00:00,https://www.vlr.gg/706770/all-gamers-vs-team-heretics-esports-world-cup-2026-opening-d,Esports World Cup 2026
AG,TH,7900,23050,16,7.9k,13.4k,Lotus,2026-07-03 07:00:00,https://www.vlr.gg/706770/all-gamers-vs-team-heretics-esports-world-cup-2026-opening-d,Esports World Cup 2026
AG,TH,20300,24050,17,2.9k,19.4k,Lotus,2026-07-03 07:00:00,https://www.vlr.gg/706770/all-gamers-vs-team-heretics-esports-world-cup-2026-opening-d,Esports World Cup 2026
AG,TH,8700,23550,18,9.5k,13.6k,Lotus,2026-07-03 07:00:00,https://www.vlr.gg/706770/all-gamers-vs-team-heretics-esports-world-cup-2026-opening-d,Esports World Cup 2026
AG,TH,21650,24950,19,3.4k,23.6k,Lotus,2026-07-03 07:00:00,https://www.vlr.gg/706770/all-gamers-vs-team-heretics-esports-world-cup-2026-opening-d,Esports World Cup 2026
AG,TH,18100,24850,20,0.6k,27.9k,Lotus,2026-07-03 07:00:00,https://www.vlr.gg/706770/all-gamers-vs-team-heretics-esports-world-cup-2026-opening-d,Esports World Cup 2026
M8,XLG,4050,4100,1,0.1k,0.1k,Breeze,2026-07-03 09:00:00,https://www.vlr.gg/706764/gentle-mates-vs-xi-lai-gaming-esports-world-cup-2026-opening-c,Esports World Cup 2026
M8,XLG,17750,1900,2,0.4k,10.0k,Breeze,2026-07-03 09:00:00,https://www.vlr.gg/706764/gentle-mates-vs-xi-lai-gaming-esports-world-cup-2026-opening-c,Esports World Cup 2026
M8,XLG,1700,22950,3,9.8k,11.6k,Breeze,2026-07-03 09:00:00,https://www.vlr.gg/706764/gentle-mates-vs-xi-lai-gaming-esports-world-cup-2026-opening-c,Esports World Cup 2026
M8,XLG,22300,23150,4,4.3k,14.4k,Breeze,2026-07-03 09:00:00,https://www.vlr.gg/706764/gentle-mates-vs-xi-lai-gaming-esports-world-cup-2026-opening-c,Esports World Cup 2026
M8,XLG,17550,23450,5,6.1k,26.4k,Breeze,2026-07-03 09:00:00,https://www.vlr.gg/706764/gentle-mates-vs-xi-lai-gaming-esports-world-cup-2026-opening-c,Esports World Cup 2026
M8,XLG,22900,22950,6,7.2k,16.5k,Breeze,2026-07-03 09:00:00,https://www.vlr.gg/706764/gentle-mates-vs-xi-lai-gaming-esports-world-cup-2026-opening-c,Esports World Cup 2026
M8,XLG,24900,21050,7,19.7k,10.0k,Breeze,2026-07-03 09:00:00,https://www.vlr.gg/706764/gentle-mates-vs-xi-lai-gaming-esports-world-cup-2026-opening-c,Esports World Cup 2026
M8,XLG,23100,23150,8,7.1k,11.0k,Breeze,2026-07-03 09:00:00,https://www.vlr.gg/706764/gentle-mates-vs-xi-lai-gaming-esports-world-cup-2026-opening-c,Esports World Cup 2026
M8,XLG,19100,23150,9,4.2k,18.5k,Breeze,2026-07-03 09:00:00,https://www.vlr.gg/706764/gentle-mates-vs-xi-lai-gaming-esports-world-cup-2026-opening-c,Esports World Cup 2026
M8,XLG,22000,23150,10,8.4k,6.4k,Breeze,2026-07-03 09:00:00,https://www.vlr.gg/706764/gentle-mates-vs-xi-lai-gaming-esports-world-cup-2026-opening-c,Esports World Cup 2026
M8,XLG,18650,23450,11,1.3k,9.3k,Breeze,2026-07-03 09:00:00,https://www.vlr.gg/706764/gentle-mates-vs-xi-lai-gaming-esports-world-cup-2026-opening-c,Esports World Cup 2026
M8,XLG,15550,23550,12,0.7k,13.0k,Breeze,2026-07-03 09:00:00,https://www.vlr.gg/706764/gentle-mates-vs-xi-lai-gaming-esports-world-cup-2026-opening-c,Esports World Cup 2026
M8,XLG,4050,4150,13,0.1k,0.1k,Breeze,2026-07-03 09:00:00,https://www.vlr.gg/706764/gentle-mates-vs-xi-lai-gaming-esports-world-cup-2026-opening-c,Esports World Cup 2026
M8,XLG,12000,16100,14,0.5k,1.5k,Breeze,2026-07-03 09:00:00,https://www.vlr.gg/706764/gentle-mates-vs-xi-lai-gaming-esports-world-cup-2026-opening-c,Esports World Cup 2026
M8,XLG,6050,18200,15,7.7k,5.7k,Breeze,2026-07-03 09:00:00,https://www.vlr.gg/706764/gentle-mates-vs-xi-lai-gaming-esports-world-cup-2026-opening-c,Esports World Cup 2026
M8,XLG,22450,24050,16,1.5k,11.6k,Breeze,2026-07-03 09:00:00,https://www.vlr.gg/706764/gentle-mates-vs-xi-lai-gaming-esports-world-cup-2026-opening-c,Esports World Cup 2026
M8,XLG,22800,24000,17,13.4k,6.8k,Breeze,2026-07-03 09:00:00,https://www.vlr.gg/706764/gentle-mates-vs-xi-lai-gaming-esports-world-cup-2026-opening-c,Esports World Cup 2026
M8,XLG,23950,25350,18,0.5k,12.3k,Breeze,2026-07-03 09:00:00,https://www.vlr.gg/706764/gentle-mates-vs-xi-lai-gaming-esports-world-cup-2026-opening-c,Esports World Cup 2026
M8,XLG,23450,22350,19,4.1k,1.9k,Breeze,2026-07-03 09:00:00,https://www.vlr.gg/706764/gentle-mates-vs-xi-lai-gaming-esports-world-cup-2026-opening-c,Esports World Cup 2026
M8,XLG,25200,13000,20,13.3k,7.9k,Breeze,2026-07-03 09:00:00,https://www.vlr.gg/706764/gentle-mates-vs-xi-lai-gaming-esports-world-cup-2026-opening-c,Esports World Cup 2026
M8,XLG,3950,3750,1,0.3k,0.0k,Haven,2026-07-03 09:00:00,https://www.vlr.gg/706764/gentle-mates-vs-xi-lai-gaming-esports-world-cup-2026-opening-c,Esports World Cup 2026
M8,XLG,11350,500,2,8.3k,9.7k,Haven,2026-07-03 09:00:00,https://www.vlr.gg/706764/gentle-mates-vs-xi-lai-gaming-esports-world-cup-2026-opening-c,Esports World Cup 2026
M8,XLG,19300,20800,3,14.3k,0.5k,Haven,2026-07-03 09:00:00,https://www.vlr.gg/706764/gentle-mates-vs-xi-lai-gaming-esports-world-cup-2026-opening-c,Esports World Cup 2026
M8,XLG,23600,9850,4,18.0k,7.8k,Haven,2026-07-03 09:00:00,https://www.vlr.gg/706764/gentle-mates-vs-xi-lai-gaming-esports-world-cup-2026-opening-c,Esports World Cup 2026
M8,XLG,24700,22150,5,19.5k,0.5k,Haven,2026-07-03 09:00:00,https://www.vlr.gg/706764/gentle-mates-vs-xi-lai-gaming-esports-world-cup-2026-opening-c,Esports World Cup 2026
M8,XLG,21000,21500,6,8.6k,9.5k,Haven,2026-07-03 09:00:00,https://www.vlr.gg/706764/gentle-mates-vs-xi-lai-gaming-esports-world-cup-2026-opening-c,Esports World Cup 2026
M8,XLG,19950,24350,7,1.3k,16.6k,Haven,2026-07-03 09:00:00,https://www.vlr.gg/706764/gentle-mates-vs-xi-lai-gaming-esports-world-cup-2026-opening-c,Esports World Cup 2026
M8,XLG,20450,22650,8,4.5k,4.2k,Haven,2026-07-03 09:00:00,https://www.vlr.gg/706764/gentle-mates-vs-xi-lai-gaming-esports-world-cup-2026-opening-c,Esports World Cup 2026
M8,XLG,23600,19700,9,14.7k,3.2k,Haven,2026-07-03 09:00:00,https://www.vlr.gg/706764/gentle-mates-vs-xi-lai-gaming-esports-world-cup-2026-opening-c,Esports World Cup 2026
M8,XLG,21800,22200,10,3.3k,3.1k,Haven,2026-07-03 09:00:00,https://www.vlr.gg/706764/gentle-mates-vs-xi-lai-gaming-esports-world-cup-2026-opening-c,Esports World Cup 2026
M8,XLG,22800,5300,11,8.0k,8.1k,Haven,2026-07-03 09:00:00,https://www.vlr.gg/706764/gentle-mates-vs-xi-lai-gaming-esports-world-cup-2026-opening-c,Esports World Cup 2026
M8,XLG,18900,23650,12,0.6k,6.9k,Haven,2026-07-03 09:00:00,https://www.vlr.gg/706764/gentle-mates-vs-xi-lai-gaming-esports-world-cup-2026-opening-c,Esports World Cup 2026
M8,XLG,4050,3850,13,0.2k,0.1k,Haven,2026-07-03 09:00:00,https://www.vlr.gg/706764/gentle-mates-vs-xi-lai-gaming-esports-world-cup-2026-opening-c,Esports World Cup 2026
M8,XLG,16900,1750,14,1.1k,10.2k,Haven,2026-07-03 09:00:00,https://www.vlr.gg/706764/gentle-mates-vs-xi-lai-gaming-esports-world-cup-2026-opening-c,Esports World Cup 2026
M8,XLG,12550,22050,15,11.2k,2.4k,Haven,2026-07-03 09:00:00,https://www.vlr.gg/706764/gentle-mates-vs-xi-lai-gaming-esports-world-cup-2026-opening-c,Esports World Cup 2026
M8,XLG,20150,23150,16,1.0k,8.6k,Haven,2026-07-03 09:00:00,https://www.vlr.gg/706764/gentle-mates-vs-xi-lai-gaming-esports-world-cup-2026-opening-c,Esports World Cup 2026
M8,XLG,21300,17900,17,8.8k,2.3k,Haven,2026-07-03 09:00:00,https://www.vlr.gg/706764/gentle-mates-vs-xi-lai-gaming-esports-world-cup-2026-opening-c,Esports World Cup 2026
M8,XLG,23150,9600,18,16.2k,7.0k,Haven,2026-07-03 09:00:00,https://www.vlr.gg/706764/gentle-mates-vs-xi-lai-gaming-esports-world-cup-2026-opening-c,Esports World Cup 2026
M8,XLG,19750,22500,19,7.0k,14.7k,Haven,2026-07-03 09:00:00,https://www.vlr.gg/706764/gentle-mates-vs-xi-lai-gaming-esports-world-cup-2026-opening-c,Esports World Cup 2026
M8,XLG,20650,23750,20,7.0k,27.1k,Haven,2026-07-03 09:00:00,https://www.vlr.gg/706764/gentle-mates-vs-xi-lai-gaming-esports-world-cup-2026-opening-c,Esports World Cup 2026
M8,XLG,22900,23550,21,6.6k,16.8k,Haven,2026-07-03 09:00:00,https://www.vlr.gg/706764/gentle-mates-vs-xi-lai-gaming-esports-world-cup-2026-opening-c,Esports World Cup 2026
M8,XLG,3650,4300,1,0.3k,0.1k,Lotus,2026-07-03 09:00:00,https://www.vlr.gg/706764/gentle-mates-vs-xi-lai-gaming-esports-world-cup-2026-opening-c,Esports World Cup 2026
M8,XLG,14600,2100,2,3.8k,9.1k,Lotus,2026-07-03 09:00:00,https://www.vlr.gg/706764/gentle-mates-vs-xi-lai-gaming-esports-world-cup-2026-opening-c,Esports World Cup 2026
M8,XLG,17800,21450,3,15.2k,0.4k,Lotus,2026-07-03 09:00:00,https://www.vlr.gg/706764/gentle-mates-vs-xi-lai-gaming-esports-world-cup-2026-opening-c,Esports World Cup 2026
M8,XLG,22250,7850,4,21.6k,8.7k,Lotus,2026-07-03 09:00:00,https://www.vlr.gg/706764/gentle-mates-vs-xi-lai-gaming-esports-world-cup-2026-opening-c,Esports World Cup 2026
M8,XLG,26500,22950,5,25.7k,3.0k,Lotus,2026-07-03 09:00:00,https://www.vlr.gg/706764/gentle-mates-vs-xi-lai-gaming-esports-world-cup-2026-opening-c,Esports World Cup 2026
M8,XLG,26550,10750,6,36.0k,9.8k,Lotus,2026-07-03 09:00:00,https://www.vlr.gg/706764/gentle-mates-vs-xi-lai-gaming-esports-world-cup-2026-opening-c,Esports World Cup 2026
M8,XLG,23050,22950,7,23.3k,4.8k,Lotus,2026-07-03 09:00:00,https://www.vlr.gg/706764/gentle-mates-vs-xi-lai-gaming-esports-world-cup-2026-opening-c,Esports World Cup 2026
M8,XLG,25250,18800,8,25.0k,3.2k,Lotus,2026-07-03 09:00:00,https://www.vlr.gg/706764/gentle-mates-vs-xi-lai-gaming-esports-world-cup-2026-opening-c,Esports World Cup 2026
M8,XLG,25250,13550,9,31.7k,7.2k,Lotus,2026-07-03 09:00:00,https://www.vlr.gg/706764/gentle-mates-vs-xi-lai-gaming-esports-world-cup-2026-opening-c,Esports World Cup 2026
M8,XLG,23150,22150,10,17.7k,6.9k,Lotus,2026-07-03 09:00:00,https://www.vlr.gg/706764/gentle-mates-vs-xi-lai-gaming-esports-world-cup-2026-opening-c,Esports World Cup 2026
M8,XLG,23450,20100,11,16.9k,0.7k,Lotus,2026-07-03 09:00:00,https://www.vlr.gg/706764/gentle-mates-vs-xi-lai-gaming-esports-world-cup-2026-opening-c,Esports World Cup 2026
M8,XLG,23950,15050,12,15.1k,0.9k,Lotus,2026-07-03 09:00:00,https://www.vlr.gg/706764/gentle-mates-vs-xi-lai-gaming-esports-world-cup-2026-opening-c,Esports World Cup 2026
M8,XLG,3850,4200,13,0.1k,0.2k,Lotus,2026-07-03 09:00:00,https://www.vlr.gg/706764/gentle-mates-vs-xi-lai-gaming-esports-world-cup-2026-opening-c,Esports World Cup 2026
M8,XLG,19300,9850,14,0.8k,0.4k,Lotus,2026-07-03 09:00:00,https://www.vlr.gg/706764/gentle-mates-vs-xi-lai-gaming-esports-world-cup-2026-opening-c,Esports World Cup 2026
NS,G2,4150,3850,1,0.1k,0.2k,Breeze,2026-07-03 10:30:00,https://www.vlr.gg/706765/nongshim-redforce-vs-g2-esports-esports-world-cup-2026-opening-c,Esports World Cup 2026
NS,G2,15050,2850,2,3.8k,7.9k,Breeze,2026-07-03 10:30:00,https://www.vlr.gg/706765/nongshim-redforce-vs-g2-esports-esports-world-cup-2026-opening-c,Esports World Cup 2026
NS,G2,16550,20500,3,15.6k,0.6k,Breeze,2026-07-03 10:30:00,https://www.vlr.gg/706765/nongshim-redforce-vs-g2-esports-esports-world-cup-2026-opening-c,Esports World Cup 2026
NS,G2,23550,21050,4,2.5k,9.9k,Breeze,2026-07-03 10:30:00,https://www.vlr.gg/706765/nongshim-redforce-vs-g2-esports-esports-world-cup-2026-opening-c,Esports World Cup 2026
NS,G2,8200,21700,5,8.3k,8.5k,Breeze,2026-07-03 10:30:00,https://www.vlr.gg/706765/nongshim-redforce-vs-g2-esports-esports-world-cup-2026-opening-c,Esports World Cup 2026
NS,G2,21900,22650,6,3.4k,10.7k,Breeze,2026-07-03 10:30:00,https://www.vlr.gg/706765/nongshim-redforce-vs-g2-esports-esports-world-cup-2026-opening-c,Esports World Cup 2026
NS,G2,22050,19500,7,8.0k,3.3k,Breeze,2026-07-03 10:30:00,https://www.vlr.gg/706765/nongshim-redforce-vs-g2-esports-esports-world-cup-2026-opening-c,Esports World Cup 2026
NS,G2,20550,22000,8,3.5k,15.7k,Breeze,2026-07-03 10:30:00,https://www.vlr.gg/706765/nongshim-redforce-vs-g2-esports-esports-world-cup-2026-opening-c,Esports World Cup 2026
NS,G2,22600,22050,9,11.8k,5.9k,Breeze,2026-07-03 10:30:00,https://www.vlr.gg/706765/nongshim-redforce-vs-g2-esports-esports-world-cup-2026-opening-c,Esports World Cup 2026
NS,G2,22050,12150,10,13.8k,8.3k,Breeze,2026-07-03 10:30:00,https://www.vlr.gg/706765/nongshim-redforce-vs-g2-esports-esports-world-cup-2026-opening-c,Esports World Cup 2026
NS,G2,23250,22350,11,18.5k,2.6k,Breeze,2026-07-03 10:30:00,https://www.vlr.gg/706765/nongshim-redforce-vs-g2-esports-esports-world-cup-2026-opening-c,Esports World Cup 2026
NS,G2,23550,23550,12,5.9k,8.2k,Breeze,2026-07-03 10:30:00,https://www.vlr.gg/706765/nongshim-redforce-vs-g2-esports-esports-world-cup-2026-opening-c,Esports World Cup 2026
NS,G2,4250,3800,13,0.0k,0.1k,Breeze,2026-07-03 10:30:00,https://www.vlr.gg/706765/nongshim-redforce-vs-g2-esports-esports-world-cup-2026-opening-c,Esports World Cup 2026
NS,G2,16650,2050,14,4.3k,8.3k,Breeze,2026-07-03 10:30:00,https://www.vlr.gg/706765/nongshim-redforce-vs-g2-esports-esports-world-cup-2026-opening-c,Esports World Cup 2026
NS,G2,19050,20750,15,15.5k,0.3k,Breeze,2026-07-03 10:30:00,https://www.vlr.gg/706765/nongshim-redforce-vs-g2-esports-esports-world-cup-2026-opening-c,Esports World Cup 2026
NS,G2,24450,8400,16,23.3k,7.0k,Breeze,2026-07-03 10:30:00,https://www.vlr.gg/706765/nongshim-redforce-vs-g2-esports-esports-world-cup-2026-opening-c,Esports World Cup 2026
NS,G2,25050,21100,17,30.6k,1.3k,Breeze,2026-07-03 10:30:00,https://www.vlr.gg/706765/nongshim-redforce-vs-g2-esports-esports-world-cup-2026-opening-c,Esports World Cup 2026
NS,G2,24050,16150,18,23.1k,0.7k,Breeze,2026-07-03 10:30:00,https://www.vlr.gg/706765/nongshim-redforce-vs-g2-esports-esports-world-cup-2026-opening-c,Esports World Cup 2026
NS,G2,3800,4100,1,0.1k,0.1k,Sunset,2026-07-03 10:30:00,https://www.vlr.gg/706765/nongshim-redforce-vs-g2-esports-esports-world-cup-2026-opening-c,Esports World Cup 2026
NS,G2,3200,16250,2,7.2k,2.5k,Sunset,2026-07-03 10:30:00,https://www.vlr.gg/706765/nongshim-redforce-vs-g2-esports-esports-world-cup-2026-opening-c,Esports World Cup 2026
NS,G2,19250,19650,3,0.6k,14.1k,Sunset,2026-07-03 10:30:00,https://www.vlr.gg/706765/nongshim-redforce-vs-g2-esports-esports-world-cup-2026-opening-c,Esports World Cup 2026
NS,G2,9450,23300,4,9.0k,15.7k,Sunset,2026-07-03 10:30:00,https://www.vlr.gg/706765/nongshim-redforce-vs-g2-esports-esports-world-cup-2026-opening-c,Esports World Cup 2026
NS,G2,24950,23050,5,15.0k,3.5k,Sunset,2026-07-03 10:30:00,https://www.vlr.gg/706765/nongshim-redforce-vs-g2-esports-esports-world-cup-2026-opening-c,Esports World Cup 2026
NS,G2,24150,23950,6,8.6k,17.2k,Sunset,2026-07-03 10:30:00,https://www.vlr.gg/706765/nongshim-redforce-vs-g2-esports-esports-world-cup-2026-opening-c,Esports World Cup 2026
NS,G2,23950,19950,7,12.8k,8.4k,Sunset,2026-07-03 10:30:00,https://www.vlr.gg/706765/nongshim-redforce-vs-g2-esports-esports-world-cup-2026-opening-c,Esports World Cup 2026
NS,G2,21050,25300,8,2.2k,15.2k,Sunset,2026-07-03 10:30:00,https://www.vlr.gg/706765/nongshim-redforce-vs-g2-esports-esports-world-cup-2026-opening-c,Esports World Cup 2026
NS,G2,21100,24700,9,4.5k,3.8k,Sunset,2026-07-03 10:30:00,https://www.vlr.gg/706765/nongshim-redforce-vs-g2-esports-esports-world-cup-2026-opening-c,Esports World Cup 2026
NS,G2,23650,9850,10,9.9k,8.2k,Sunset,2026-07-03 10:30:00,https://www.vlr.gg/706765/nongshim-redforce-vs-g2-esports-esports-world-cup-2026-opening-c,Esports World Cup 2026
NS,G2,16850,25900,11,4.6k,9.0k,Sunset,2026-07-03 10:30:00,https://www.vlr.gg/706765/nongshim-redforce-vs-g2-esports-esports-world-cup-2026-opening-c,Esports World Cup 2026
NS,G2,23250,19250,12,2.1k,3.0k,Sunset,2026-07-03 10:30:00,https://www.vlr.gg/706765/nongshim-redforce-vs-g2-esports-esports-world-cup-2026-opening-c,Esports World Cup 2026
NS,G2,3900,4200,13,0.1k,0.0k,Sunset,2026-07-03 10:30:00,https://www.vlr.gg/706765/nongshim-redforce-vs-g2-esports-esports-world-cup-2026-opening-c,Esports World Cup 2026
NS,G2,4700,17800,14,7.0k,0.7k,Sunset,2026-07-03 10:30:00,https://www.vlr.gg/706765/nongshim-redforce-vs-g2-esports-esports-world-cup-2026-opening-c,Esports World Cup 2026
NS,G2,21050,16200,15,1.0k,11.0k,Sunset,2026-07-03 10:30:00,https://www.vlr.gg/706765/nongshim-redforce-vs-g2-esports-esports-world-cup-2026-opening-c,Esports World Cup 2026
NS,G2,20150,19700,16,7.4k,2.7k,Sunset,2026-07-03 10:30:00,https://www.vlr.gg/706765/nongshim-redforce-vs-g2-esports-esports-world-cup-2026-opening-c,Esports World Cup 2026
NS,G2,12750,22000,17,6.5k,7.2k,Sunset,2026-07-03 10:30:00,https://www.vlr.gg/706765/nongshim-redforce-vs-g2-esports-esports-world-cup-2026-opening-c,Esports World Cup 2026
NS,G2,20150,23800,18,1.1k,17.2k,Sunset,2026-07-03 10:30:00,https://www.vlr.gg/706765/nongshim-redforce-vs-g2-esports-esports-world-cup-2026-opening-c,Esports World Cup 2026
NS,G2,17500,23000,19,1.5k,9.0k,Sunset,2026-07-03 10:30:00,https://www.vlr.gg/706765/nongshim-redforce-vs-g2-esports-esports-world-cup-2026-opening-c,Esports World Cup 2026
NS,G2,11250,20900,20,0.9k,19.6k,Sunset,2026-07-03 10:30:00,https://www.vlr.gg/706765/nongshim-redforce-vs-g2-esports-esports-world-cup-2026-opening-c,Esports World Cup 2026
NS,G2,3550,4400,1,0.7k,0.0k,Split,2026-07-03 10:30:00,https://www.vlr.gg/706765/nongshim-redforce-vs-g2-esports-esports-world-cup-2026-opening-c,Esports World Cup 2026
NS,G2,3150,15550,2,8.6k,4.9k,Split,2026-07-03 10:30:00,https://www.vlr.gg/706765/nongshim-redforce-vs-g2-esports-esports-world-cup-2026-opening-c,Esports World Cup 2026
NS,G2,21050,7950,3,8.5k,9.6k,Split,2026-07-03 10:30:00,https://www.vlr.gg/706765/nongshim-redforce-vs-g2-esports-esports-world-cup-2026-opening-c,Esports World Cup 2026
NS,G2,23400,22400,4,10.1k,0.8k,Split,2026-07-03 10:30:00,https://www.vlr.gg/706765/nongshim-redforce-vs-g2-esports-esports-world-cup-2026-opening-c,Esports World Cup 2026
NS,G2,22300,11400,5,7.4k,7.1k,Split,2026-07-03 10:30:00,https://www.vlr.gg/706765/nongshim-redforce-vs-g2-esports-esports-world-cup-2026-opening-c,Esports World Cup 2026
NS,G2,22600,21750,6,9.8k,1.4k,Split,2026-07-03 10:30:00,https://www.vlr.gg/706765/nongshim-redforce-vs-g2-esports-esports-world-cup-2026-opening-c,Esports World Cup 2026
NS,G2,19250,22050,7,1.9k,7.9k,Split,2026-07-03 10:30:00,https://www.vlr.gg/706765/nongshim-redforce-vs-g2-esports-esports-world-cup-2026-opening-c,Esports World Cup 2026
NS,G2,21900,11700,8,9.6k,8.1k,Split,2026-07-03 10:30:00,https://www.vlr.gg/706765/nongshim-redforce-vs-g2-esports-esports-world-cup-2026-opening-c,Esports World Cup 2026
NS,G2,19900,23800,9,4.0k,12.9k,Split,2026-07-03 10:30:00,https://www.vlr.gg/706765/nongshim-redforce-vs-g2-esports-esports-world-cup-2026-opening-c,Esports World Cup 2026
NS,G2,20500,15100,10,3.3k,10.1k,Split,2026-07-03 10:30:00,https://www.vlr.gg/706765/nongshim-redforce-vs-g2-esports-esports-world-cup-2026-opening-c,Esports World Cup 2026
NS,G2,21550,20950,11,2.8k,2.8k,Split,2026-07-03 10:30:00,https://www.vlr.gg/706765/nongshim-redforce-vs-g2-esports-esports-world-cup-2026-opening-c,Esports World Cup 2026
NS,G2,14050,23300,12,0.2k,6.4k,Split,2026-07-03 10:30:00,https://www.vlr.gg/706765/nongshim-redforce-vs-g2-esports-esports-world-cup-2026-opening-c,Esports World Cup 2026
NS,G2,4300,4200,13,0.1k,0.0k,Split,2026-07-03 10:30:00,https://www.vlr.gg/706765/nongshim-redforce-vs-g2-esports-esports-world-cup-2026-opening-c,Esports World Cup 2026
NS,G2,18300,2850,14,2.4k,8.1k,Split,2026-07-03 10:30:00,https://www.vlr.gg/706765/nongshim-redforce-vs-g2-esports-esports-world-cup-2026-opening-c,Esports World Cup 2026
NS,G2,18850,21350,15,13.5k,0.4k,Split,2026-07-03 10:30:00,https://www.vlr.gg/706765/nongshim-redforce-vs-g2-esports-esports-world-cup-2026-opening-c,Esports World Cup 2026
NS,G2,21600,17800,16,5.7k,2.0k,Split,2026-07-03 10:30:00,https://www.vlr.gg/706765/nongshim-redforce-vs-g2-esports-esports-world-cup-2026-opening-c,Esports World Cup 2026
NS,G2,22600,4650,17,10.9k,8.6k,Split,2026-07-03 10:30:00,https://www.vlr.gg/706765/nongshim-redforce-vs-g2-esports-esports-world-cup-2026-opening-c,Esports World Cup 2026
NS,G2,23700,21850,18,12.4k,0.5k,Split,2026-07-03 10:30:00,https://www.vlr.gg/706765/nongshim-redforce-vs-g2-esports-esports-world-cup-2026-opening-c,Esports World Cup 2026
NS,G2,22200,23600,19,2.8k,7.4k,Split,2026-07-03 10:30:00,https://www.vlr.gg/706765/nongshim-redforce-vs-g2-esports-esports-world-cup-2026-opening-c,Esports World Cup 2026
100T,BBL,3800,3800,1,0.2k,0.2k,Lotus,2026-07-04 07:00:00,https://www.vlr.gg/706756/100-thieves-vs-bbl-esports-esports-world-cup-2026-winners-a,Esports World Cup 2026
100T,BBL,18600,1850,2,1.4k,8.7k,Lotus,2026-07-04 07:00:00,https://www.vlr.gg/706756/100-thieves-vs-bbl-esports-esports-world-cup-2026-winners-a,Esports World Cup 2026
100T,BBL,18850,20550,3,14.7k,0.5k,Lotus,2026-07-04 07:00:00,https://www.vlr.gg/706756/100-thieves-vs-bbl-esports-esports-world-cup-2026-winners-a,Esports World Cup 2026
100T,BBL,23750,8450,4,16.3k,7.8k,Lotus,2026-07-04 07:00:00,https://www.vlr.gg/706756/100-thieves-vs-bbl-esports-esports-world-cup-2026-winners-a,Esports World Cup 2026
100T,BBL,24050,21250,5,27.5k,1.9k,Lotus,2026-07-04 07:00:00,https://www.vlr.gg/706756/100-thieves-vs-bbl-esports-esports-world-cup-2026-winners-a,Esports World Cup 2026
100T,BBL,23550,19400,6,15.3k,4.7k,Lotus,2026-07-04 07:00:00,https://www.vlr.gg/706756/100-thieves-vs-bbl-esports-esports-world-cup-2026-winners-a,Esports World Cup 2026
100T,BBL,22650,22400,7,6.6k,8.5k,Lotus,2026-07-04 07:00:00,https://www.vlr.gg/706756/100-thieves-vs-bbl-esports-esports-world-cup-2026-winners-a,Esports World Cup 2026
100T,BBL,20000,24750,8,3.1k,9.3k,Lotus,2026-07-04 07:00:00,https://www.vlr.gg/706756/100-thieves-vs-bbl-esports-esports-world-cup-2026-winners-a,Esports World Cup 2026
100T,BBL,8900,23300,9,11.4k,7.0k,Lotus,2026-07-04 07:00:00,https://www.vlr.gg/706756/100-thieves-vs-bbl-esports-esports-world-cup-2026-winners-a,Esports World Cup 2026
100T,BBL,23550,23650,10,4.8k,15.7k,Lotus,2026-07-04 07:00:00,https://www.vlr.gg/706756/100-thieves-vs-bbl-esports-esports-world-cup-2026-winners-a,Esports World Cup 2026
100T,BBL,20300,23300,11,0.7k,24.5k,Lotus,2026-07-04 07:00:00,https://www.vlr.gg/706756/100-thieves-vs-bbl-esports-esports-world-cup-2026-winners-a,Esports World Cup 2026
100T,BBL,20750,25450,12,4.5k,10.0k,Lotus,2026-07-04 07:00:00,https://www.vlr.gg/706756/100-thieves-vs-bbl-esports-esports-world-cup-2026-winners-a,Esports World Cup 2026
100T,BBL,3600,3850,13,0.2k,0.3k,Lotus,2026-07-04 07:00:00,https://www.vlr.gg/706756/100-thieves-vs-bbl-esports-esports-world-cup-2026-winners-a,Esports World Cup 2026
100T,BBL,16800,3100,14,1.0k,9.4k,Lotus,2026-07-04 07:00:00,https://www.vlr.gg/706756/100-thieves-vs-bbl-esports-esports-world-cup-2026-winners-a,Esports World Cup 2026
100T,BBL,9950,21050,15,12.7k,2.0k,Lotus,2026-07-04 07:00:00,https://www.vlr.gg/706756/100-thieves-vs-bbl-esports-esports-world-cup-2026-winners-a,Esports World Cup 2026
100T,BBL,21700,22750,16,1.0k,7.0k,Lotus,2026-07-04 07:00:00,https://www.vlr.gg/706756/100-thieves-vs-bbl-esports-esports-world-cup-2026-winners-a,Esports World Cup 2026
100T,BBL,23050,9200,17,10.2k,9.1k,Lotus,2026-07-04 07:00:00,https://www.vlr.gg/706756/100-thieves-vs-bbl-esports-esports-world-cup-2026-winners-a,Esports World Cup 2026
100T,BBL,20350,19900,18,3.9k,7.7k,Lotus,2026-07-04 07:00:00,https://www.vlr.gg/706756/100-thieves-vs-bbl-esports-esports-world-cup-2026-winners-a,Esports World Cup 2026
100T,BBL,22000,8000,19,12.0k,10.3k,Lotus,2026-07-04 07:00:00,https://www.vlr.gg/706756/100-thieves-vs-bbl-esports-esports-world-cup-2026-winners-a,Esports World Cup 2026
100T,BBL,23350,20950,20,16.7k,3.8k,Lotus,2026-07-04 07:00:00,https://www.vlr.gg/706756/100-thieves-vs-bbl-esports-esports-world-cup-2026-winners-a,Esports World Cup 2026
100T,BBL,23950,20900,21,2.8k,6.8k,Lotus,2026-07-04 07:00:00,https://www.vlr.gg/706756/100-thieves-vs-bbl-esports-esports-world-cup-2026-winners-a,Esports World Cup 2026
100T,BBL,25150,10750,22,11.0k,8.6k,Lotus,2026-07-04 07:00:00,https://www.vlr.gg/706756/100-thieves-vs-bbl-esports-esports-world-cup-2026-winners-a,Esports World Cup 2026
100T,BBL,23350,22400,23,8.3k,1.1k,Lotus,2026-07-04 07:00:00,https://www.vlr.gg/706756/100-thieves-vs-bbl-esports-esports-world-cup-2026-winners-a,Esports World Cup 2026
100T,BBL,18050,23450,24,1.6k,11.3k,Lotus,2026-07-04 07:00:00,https://www.vlr.gg/706756/100-thieves-vs-bbl-esports-esports-world-cup-2026-winners-a,Esports World Cup 2026
100T,BBL,23850,23650,25,1.1k,1.0k,Lotus,2026-07-04 07:00:00,https://www.vlr.gg/706756/100-thieves-vs-bbl-esports-esports-world-cup-2026-winners-a,Esports World Cup 2026
100T,BBL,23350,23950,26,1.1k,1.0k,Lotus,2026-07-04 07:00:00,https://www.vlr.gg/706756/100-thieves-vs-bbl-esports-esports-world-cup-2026-winners-a,Esports World Cup 2026
100T,BBL,4300,2850,1,0.1k,0.5k,Split,2026-07-04 07:00:00,https://www.vlr.gg/706756/100-thieves-vs-bbl-esports-esports-world-cup-2026-winners-a,Esports World Cup 2026
100T,BBL,17800,1600,2,2.5k,8.8k,Split,2026-07-04 07:00:00,https://www.vlr.gg/706756/100-thieves-vs-bbl-esports-esports-world-cup-2026-winners-a,Esports World Cup 2026
100T,BBL,18100,20750,3,15.0k,0.3k,Split,2026-07-04 07:00:00,https://www.vlr.gg/706756/100-thieves-vs-bbl-esports-esports-world-cup-2026-winners-a,Esports World Cup 2026
100T,BBL,23750,13750,4,27.6k,6.6k,Split,2026-07-04 07:00:00,https://www.vlr.gg/706756/100-thieves-vs-bbl-esports-esports-world-cup-2026-winners-a,Esports World Cup 2026
100T,BBL,24300,20900,5,15.3k,11.1k,Split,2026-07-04 07:00:00,https://www.vlr.gg/706756/100-thieves-vs-bbl-esports-esports-world-cup-2026-winners-a,Esports World Cup 2026
100T,BBL,24000,24200,6,4.9k,14.4k,Split,2026-07-04 07:00:00,https://www.vlr.gg/706756/100-thieves-vs-bbl-esports-esports-world-cup-2026-winners-a,Esports World Cup 2026
100T,BBL,19000,25000,7,1.5k,17.2k,Split,2026-07-04 07:00:00,https://www.vlr.gg/706756/100-thieves-vs-bbl-esports-esports-world-cup-2026-winners-a,Esports World Cup 2026
100T,BBL,7000,22700,8,11.0k,19.3k,Split,2026-07-04 07:00:00,https://www.vlr.gg/706756/100-thieves-vs-bbl-esports-esports-world-cup-2026-winners-a,Esports World Cup 2026
100T,BBL,24000,24800,9,3.8k,28.6k,Split,2026-07-04 07:00:00,https://www.vlr.gg/706756/100-thieves-vs-bbl-esports-esports-world-cup-2026-winners-a,Esports World Cup 2026
100T,BBL,20400,22550,10,0.5k,25.6k,Split,2026-07-04 07:00:00,https://www.vlr.gg/706756/100-thieves-vs-bbl-esports-esports-world-cup-2026-winners-a,Esports World Cup 2026
100T,BBL,10600,22700,11,8.0k,22.5k,Split,2026-07-04 07:00:00,https://www.vlr.gg/706756/100-thieves-vs-bbl-esports-esports-world-cup-2026-winners-a,Esports World Cup 2026
100T,BBL,23750,25000,12,0.5k,22.3k,Split,2026-07-04 07:00:00,https://www.vlr.gg/706756/100-thieves-vs-bbl-esports-esports-world-cup-2026-winners-a,Esports World Cup 2026
100T,BBL,4150,3950,13,0.3k,0.1k,Split,2026-07-04 07:00:00,https://www.vlr.gg/706756/100-thieves-vs-bbl-esports-esports-world-cup-2026-winners-a,Esports World Cup 2026
100T,BBL,3400,12950,14,8.3k,5.1k,Split,2026-07-04 07:00:00,https://www.vlr.gg/706756/100-thieves-vs-bbl-esports-esports-world-cup-2026-winners-a,Esports World Cup 2026
100T,BBL,20700,19800,15,1.3k,11.1k,Split,2026-07-04 07:00:00,https://www.vlr.gg/706756/100-thieves-vs-bbl-esports-esports-world-cup-2026-winners-a,Esports World Cup 2026
100T,BBL,17800,22850,16,0.5k,5.8k,Split,2026-07-04 07:00:00,https://www.vlr.gg/706756/100-thieves-vs-bbl-esports-esports-world-cup-2026-winners-a,Esports World Cup 2026
100T,BBL,4200,3850,1,0.0k,0.2k,Haven,2026-07-04 07:00:00,https://www.vlr.gg/706756/100-thieves-vs-bbl-esports-esports-world-cup-2026-winners-a,Esports World Cup 2026
100T,BBL,2150,15500,2,8.3k,3.6k,Haven,2026-07-04 07:00:00,https://www.vlr.gg/706756/100-thieves-vs-bbl-esports-esports-world-cup-2026-winners-a,Esports World Cup 2026
100T,BBL,21400,16000,3,0.4k,10.6k,Haven,2026-07-04 07:00:00,https://www.vlr.gg/706756/100-thieves-vs-bbl-esports-esports-world-cup-2026-winners-a,Esports World Cup 2026
100T,BBL,19950,18500,4,2.2k,3.8k,Haven,2026-07-04 07:00:00,https://www.vlr.gg/706756/100-thieves-vs-bbl-esports-esports-world-cup-2026-winners-a,Esports World Cup 2026
100T,BBL,21500,8050,5,6.5k,8.9k,Haven,2026-07-04 07:00:00,https://www.vlr.gg/706756/100-thieves-vs-bbl-esports-esports-world-cup-2026-winners-a,Esports World Cup 2026
100T,BBL,23100,21000,6,15.7k,4.6k,Haven,2026-07-04 07:00:00,https://www.vlr.gg/706756/100-thieves-vs-bbl-esports-esports-world-cup-2026-winners-a,Esports World Cup 2026
100T,BBL,23400,21300,7,4.0k,14.2k,Haven,2026-07-04 07:00:00,https://www.vlr.gg/706756/100-thieves-vs-bbl-esports-esports-world-cup-2026-winners-a,Esports World Cup 2026
100T,BBL,6400,23600,8,12.0k,10.9k,Haven,2026-07-04 07:00:00,https://www.vlr.gg/706756/100-thieves-vs-bbl-esports-esports-world-cup-2026-winners-a,Esports World Cup 2026
100T,BBL,23100,23800,9,4.9k,21.0k,Haven,2026-07-04 07:00:00,https://www.vlr.gg/706756/100-thieves-vs-bbl-esports-esports-world-cup-2026-winners-a,Esports World Cup 2026
100T,BBL,23000,25000,10,5.0k,7.7k,Haven,2026-07-04 07:00:00,https://www.vlr.gg/706756/100-thieves-vs-bbl-esports-esports-world-cup-2026-winners-a,Esports World Cup 2026
100T,BBL,24000,19600,11,10.2k,2.2k,Haven,2026-07-04 07:00:00,https://www.vlr.gg/706756/100-thieves-vs-bbl-esports-esports-world-cup-2026-winners-a,Esports World Cup 2026
100T,BBL,24200,18300,12,21.9k,0.4k,Haven,2026-07-04 07:00:00,https://www.vlr.gg/706756/100-thieves-vs-bbl-esports-esports-world-cup-2026-winners-a,Esports World Cup 2026
100T,BBL,4100,4200,13,0.0k,0.2k,Haven,2026-07-04 07:00:00,https://www.vlr.gg/706756/100-thieves-vs-bbl-esports-esports-world-cup-2026-winners-a,Esports World Cup 2026
100T,BBL,17250,2450,14,0.3k,8.3k,Haven,2026-07-04 07:00:00,https://www.vlr.gg/706756/100-thieves-vs-bbl-esports-esports-world-cup-2026-winners-a,Esports World Cup 2026
100T,BBL,2000,23100,15,9.1k,5.7k,Haven,2026-07-04 07:00:00,https://www.vlr.gg/706756/100-thieves-vs-bbl-esports-esports-world-cup-2026-winners-a,Esports World Cup 2026
100T,BBL,22000,23300,16,0.4k,18.1k,Haven,2026-07-04 07:00:00,https://www.vlr.gg/706756/100-thieves-vs-bbl-esports-esports-world-cup-2026-winners-a,Esports World Cup 2026
100T,BBL,23200,20600,17,12.4k,7.6k,Haven,2026-07-04 07:00:00,https://www.vlr.gg/706756/100-thieves-vs-bbl-esports-esports-world-cup-2026-winners-a,Esports World Cup 2026
100T,BBL,25900,16500,18,17.3k,5.8k,Haven,2026-07-04 07:00:00,https://www.vlr.gg/706756/100-thieves-vs-bbl-esports-esports-world-cup-2026-winners-a,Esports World Cup 2026
100T,BBL,25900,19350,19,27.8k,1.3k,Haven,2026-07-04 07:00:00,https://www.vlr.gg/706756/100-thieves-vs-bbl-esports-esports-world-cup-2026-winners-a,Esports World Cup 2026
100T,BBL,25600,22000,20,12.3k,2.9k,Haven,2026-07-04 07:00:00,https://www.vlr.gg/706756/100-thieves-vs-bbl-esports-esports-world-cup-2026-winners-a,Esports World Cup 2026
100T,BBL,25500,7450,21,13.0k,7.4k,Haven,2026-07-04 07:00:00,https://www.vlr.gg/706756/100-thieves-vs-bbl-esports-esports-world-cup-2026-winners-a,Esports World Cup 2026
100T,BBL,24200,19850,22,22.8k,0.6k,Haven,2026-07-04 07:00:00,https://www.vlr.gg/706756/100-thieves-vs-bbl-esports-esports-world-cup-2026-winners-a,Esports World Cup 2026
RRQ,EDG,3750,3750,1,0.2k,0.1k,Ascent,2026-07-04 07:00:00,https://www.vlr.gg/706757/rex-regum-qeon-vs-edward-gaming-esports-world-cup-2026-elim-a,Esports World Cup 2026
RRQ,EDG,3500,14600,2,8.9k,2.0k,Ascent,2026-07-04 07:00:00,https://www.vlr.gg/706757/rex-regum-qeon-vs-edward-gaming-esports-world-cup-2026-elim-a,Esports World Cup 2026
RRQ,EDG,21850,15850,3,1.0k,16.0k,Ascent,2026-07-04 07:00:00,https://www.vlr.gg/706757/rex-regum-qeon-vs-edward-gaming-esports-world-cup-2026-elim-a,Esports World Cup 2026
RRQ,EDG,20650,24200,4,4.4k,2.3k,Ascent,2026-07-04 07:00:00,https://www.vlr.gg/706757/rex-regum-qeon-vs-edward-gaming-esports-world-cup-2026-elim-a,Esports World Cup 2026
RRQ,EDG,22650,15700,5,12.5k,5.0k,Ascent,2026-07-04 07:00:00,https://www.vlr.gg/706757/rex-regum-qeon-vs-edward-gaming-esports-world-cup-2026-elim-a,Esports World Cup 2026
RRQ,EDG,20200,25600,6,3.6k,10.0k,Ascent,2026-07-04 07:00:00,https://www.vlr.gg/706757/rex-regum-qeon-vs-edward-gaming-esports-world-cup-2026-elim-a,Esports World Cup 2026
RRQ,EDG,7900,25900,7,8.7k,18.2k,Ascent,2026-07-04 07:00:00,https://www.vlr.gg/706757/rex-regum-qeon-vs-edward-gaming-esports-world-cup-2026-elim-a,Esports World Cup 2026
RRQ,EDG,22600,26000,8,2.6k,23.3k,Ascent,2026-07-04 07:00:00,https://www.vlr.gg/706757/rex-regum-qeon-vs-edward-gaming-esports-world-cup-2026-elim-a,Esports World Cup 2026
RRQ,EDG,10250,26500,9,9.1k,33.6k,Ascent,2026-07-04 07:00:00,https://www.vlr.gg/706757/rex-regum-qeon-vs-edward-gaming-esports-world-cup-2026-elim-a,Esports World Cup 2026
RRQ,EDG,22600,24900,10,4.3k,28.4k,Ascent,2026-07-04 07:00:00,https://www.vlr.gg/706757/rex-regum-qeon-vs-edward-gaming-esports-world-cup-2026-elim-a,Esports World Cup 2026
RRQ,EDG,22700,25000,11,15.5k,12.1k,Ascent,2026-07-04 07:00:00,https://www.vlr.gg/706757/rex-regum-qeon-vs-edward-gaming-esports-world-cup-2026-elim-a,Esports World Cup 2026
RRQ,EDG,23100,25800,12,3.4k,9.5k,Ascent,2026-07-04 07:00:00,https://www.vlr.gg/706757/rex-regum-qeon-vs-edward-gaming-esports-world-cup-2026-elim-a,Esports World Cup 2026
RRQ,EDG,3750,3850,13,0.2k,0.1k,Ascent,2026-07-04 07:00:00,https://www.vlr.gg/706757/rex-regum-qeon-vs-edward-gaming-esports-world-cup-2026-elim-a,Esports World Cup 2026
RRQ,EDG,2750,15150,14,8.2k,4.8k,Ascent,2026-07-04 07:00:00,https://www.vlr.gg/706757/rex-regum-qeon-vs-edward-gaming-esports-world-cup-2026-elim-a,Esports World Cup 2026
RRQ,EDG,21550,17700,15,0.6k,14.3k,Ascent,2026-07-04 07:00:00,https://www.vlr.gg/706757/rex-regum-qeon-vs-edward-gaming-esports-world-cup-2026-elim-a,Esports World Cup 2026
RRQ,EDG,16700,24100,16,2.0k,21.1k,Ascent,2026-07-04 07:00:00,https://www.vlr.gg/706757/rex-regum-qeon-vs-edward-gaming-esports-world-cup-2026-elim-a,Esports World Cup 2026
RRQ,EDG,16650,23200,17,0.4k,21.1k,Ascent,2026-07-04 07:00:00,https://www.vlr.gg/706757/rex-regum-qeon-vs-edward-gaming-esports-world-cup-2026-elim-a,Esports World Cup 2026
RRQ,EDG,20800,22800,18,9.3k,9.7k,Ascent,2026-07-04 07:00:00,https://www.vlr.gg/706757/rex-regum-qeon-vs-edward-gaming-esports-world-cup-2026-elim-a,Esports World Cup 2026
RRQ,EDG,3850,3800,1,0.1k,0.2k,Breeze,2026-07-04 07:00:00,https://www.vlr.gg/706757/rex-regum-qeon-vs-edward-gaming-esports-world-cup-2026-elim-a,Esports World Cup 2026
RRQ,EDG,17600,3300,2,0.3k,8.3k,Breeze,2026-07-04 07:00:00,https://www.vlr.gg/706757/rex-regum-qeon-vs-edward-gaming-esports-world-cup-2026-elim-a,Esports World Cup 2026
RRQ,EDG,15800,21650,3,15.0k,0.7k,Breeze,2026-07-04 07:00:00,https://www.vlr.gg/706757/rex-regum-qeon-vs-edward-gaming-esports-world-cup-2026-elim-a,Esports World Cup 2026
RRQ,EDG,23500,20900,4,3.3k,5.4k,Breeze,2026-07-04 07:00:00,https://www.vlr.gg/706757/rex-regum-qeon-vs-edward-gaming-esports-world-cup-2026-elim-a,Esports World Cup 2026
RRQ,EDG,12250,22750,5,8.2k,10.1k,Breeze,2026-07-04 07:00:00,https://www.vlr.gg/706757/rex-regum-qeon-vs-edward-gaming-esports-world-cup-2026-elim-a,Esports World Cup 2026
RRQ,EDG,22700,24150,6,2.5k,19.3k,Breeze,2026-07-04 07:00:00,https://www.vlr.gg/706757/rex-regum-qeon-vs-edward-gaming-esports-world-cup-2026-elim-a,Esports World Cup 2026
RRQ,EDG,9950,23650,7,9.2k,18.0k,Breeze,2026-07-04 07:00:00,https://www.vlr.gg/706757/rex-regum-qeon-vs-edward-gaming-esports-world-cup-2026-elim-a,Esports World Cup 2026
RRQ,EDG,23650,22450,8,18.2k,8.2k,Breeze,2026-07-04 07:00:00,https://www.vlr.gg/706757/rex-regum-qeon-vs-edward-gaming-esports-world-cup-2026-elim-a,Esports World Cup 2026
RRQ,EDG,23400,22850,9,6.1k,14.8k,Breeze,2026-07-04 07:00:00,https://www.vlr.gg/706757/rex-regum-qeon-vs-edward-gaming-esports-world-cup-2026-elim-a,Esports World Cup 2026
RRQ,EDG,18000,25150,10,1.9k,16.8k,Breeze,2026-07-04 07:00:00,https://www.vlr.gg/706757/rex-regum-qeon-vs-edward-gaming-esports-world-cup-2026-elim-a,Esports World Cup 2026
RRQ,EDG,21900,22450,11,13.6k,6.3k,Breeze,2026-07-04 07:00:00,https://www.vlr.gg/706757/rex-regum-qeon-vs-edward-gaming-esports-world-cup-2026-elim-a,Esports World Cup 2026
RRQ,EDG,25550,19850,12,4.7k,2.3k,Breeze,2026-07-04 07:00:00,https://www.vlr.gg/706757/rex-regum-qeon-vs-edward-gaming-esports-world-cup-2026-elim-a,Esports World Cup 2026
RRQ,EDG,3850,3600,13,0.1k,0.2k,Breeze,2026-07-04 07:00:00,https://www.vlr.gg/706757/rex-regum-qeon-vs-edward-gaming-esports-world-cup-2026-elim-a,Esports World Cup 2026
RRQ,EDG,15950,3150,14,4.4k,7.4k,Breeze,2026-07-04 07:00:00,https://www.vlr.gg/706757/rex-regum-qeon-vs-edward-gaming-esports-world-cup-2026-elim-a,Esports World Cup 2026
RRQ,EDG,13150,20200,15,15.3k,0.7k,Breeze,2026-07-04 07:00:00,https://www.vlr.gg/706757/rex-regum-qeon-vs-edward-gaming-esports-world-cup-2026-elim-a,Esports World Cup 2026
RRQ,EDG,23600,21500,16,3.0k,9.2k,Breeze,2026-07-04 07:00:00,https://www.vlr.gg/706757/rex-regum-qeon-vs-edward-gaming-esports-world-cup-2026-elim-a,Esports World Cup 2026
RRQ,EDG,21000,10900,17,8.9k,8.6k,Breeze,2026-07-04 07:00:00,https://www.vlr.gg/706757/rex-regum-qeon-vs-edward-gaming-esports-world-cup-2026-elim-a,Esports World Cup 2026
RRQ,EDG,17800,24500,18,2.7k,7.5k,Breeze,2026-07-04 07:00:00,https://www.vlr.gg/706757/rex-regum-qeon-vs-edward-gaming-esports-world-cup-2026-elim-a,Esports World Cup 2026
RRQ,EDG,22350,15750,19,2.4k,3.3k,Breeze,2026-07-04 07:00:00,https://www.vlr.gg/706757/rex-regum-qeon-vs-edward-gaming-esports-world-cup-2026-elim-a,Esports World Cup 2026
RRQ,EDG,5250,21100,20,10.5k,6.8k,Breeze,2026-07-04 07:00:00,https://www.vlr.gg/706757/rex-regum-qeon-vs-edward-gaming-esports-world-cup-2026-elim-a,Esports World Cup 2026
RRQ,EDG,22850,23150,21,1.2k,8.7k,Breeze,2026-07-04 07:00:00,https://www.vlr.gg/706757/rex-regum-qeon-vs-edward-gaming-esports-world-cup-2026-elim-a,Esports World Cup 2026
RRQ,EDG,8750,25150,22,8.9k,17.6k,Breeze,2026-07-04 07:00:00,https://www.vlr.gg/706757/rex-regum-qeon-vs-edward-gaming-esports-world-cup-2026-elim-a,Esports World Cup 2026
RRQ,EDG,25150,25250,23,0.6k,26.4k,Breeze,2026-07-04 07:00:00,https://www.vlr.gg/706757/rex-regum-qeon-vs-edward-gaming-esports-world-cup-2026-elim-a,Esports World Cup 2026
RRQ,EDG,22250,25250,24,3.8k,12.6k,Breeze,2026-07-04 07:00:00,https://www.vlr.gg/706757/rex-regum-qeon-vs-edward-gaming-esports-world-cup-2026-elim-a,Esports World Cup 2026
VIT,NRG,4300,4250,1,0.1k,0.2k,Ascent,2026-07-04 09:10:00,https://www.vlr.gg/706761/team-vitality-vs-nrg-esports-world-cup-2026-winners-b,Esports World Cup 2026
VIT,NRG,2750,18250,2,9.2k,0.2k,Ascent,2026-07-04 09:10:00,https://www.vlr.gg/706761/team-vitality-vs-nrg-esports-world-cup-2026-winners-b,Esports World Cup 2026
VIT,NRG,22850,19600,3,0.9k,13.2k,Ascent,2026-07-04 09:10:00,https://www.vlr.gg/706761/team-vitality-vs-nrg-esports-world-cup-2026-winners-b,Esports World Cup 2026
VIT,NRG,9150,24300,4,10.8k,17.2k,Ascent,2026-07-04 09:10:00,https://www.vlr.gg/706761/team-vitality-vs-nrg-esports-world-cup-2026-winners-b,Esports World Cup 2026
VIT,NRG,21700,23250,5,7.2k,18.1k,Ascent,2026-07-04 09:10:00,https://www.vlr.gg/706761/team-vitality-vs-nrg-esports-world-cup-2026-winners-b,Esports World Cup 2026
VIT,NRG,20400,23400,6,4.4k,20.5k,Ascent,2026-07-04 09:10:00,https://www.vlr.gg/706761/team-vitality-vs-nrg-esports-world-cup-2026-winners-b,Esports World Cup 2026
VIT,NRG,10500,24100,7,11.0k,25.1k,Ascent,2026-07-04 09:10:00,https://www.vlr.gg/706761/team-vitality-vs-nrg-esports-world-cup-2026-winners-b,Esports World Cup 2026
VIT,NRG,22050,26700,8,5.4k,30.3k,Ascent,2026-07-04 09:10:00,https://www.vlr.gg/706761/team-vitality-vs-nrg-esports-world-cup-2026-winners-b,Esports World Cup 2026
VIT,NRG,21700,26100,9,5.1k,14.3k,Ascent,2026-07-04 09:10:00,https://www.vlr.gg/706761/team-vitality-vs-nrg-esports-world-cup-2026-winners-b,Esports World Cup 2026
VIT,NRG,22800,22800,10,17.2k,9.8k,Ascent,2026-07-04 09:10:00,https://www.vlr.gg/706761/team-vitality-vs-nrg-esports-world-cup-2026-winners-b,Esports World Cup 2026
VIT,NRG,22950,25200,11,6.3k,6.4k,Ascent,2026-07-04 09:10:00,https://www.vlr.gg/706761/team-vitality-vs-nrg-esports-world-cup-2026-winners-b,Esports World Cup 2026
VIT,NRG,23850,17550,12,7.3k,0.7k,Ascent,2026-07-04 09:10:00,https://www.vlr.gg/706761/team-vitality-vs-nrg-esports-world-cup-2026-winners-b,Esports World Cup 2026
VIT,NRG,3950,4350,13,0.3k,0.1k,Ascent,2026-07-04 09:10:00,https://www.vlr.gg/706761/team-vitality-vs-nrg-esports-world-cup-2026-winners-b,Esports World Cup 2026
VIT,NRG,15550,1550,14,1.9k,9.4k,Ascent,2026-07-04 09:10:00,https://www.vlr.gg/706761/team-vitality-vs-nrg-esports-world-cup-2026-winners-b,Esports World Cup 2026
VIT,NRG,19000,20850,15,11.9k,1.4k,Ascent,2026-07-04 09:10:00,https://www.vlr.gg/706761/team-vitality-vs-nrg-esports-world-cup-2026-winners-b,Esports World Cup 2026
VIT,NRG,20050,21350,16,2.8k,5.4k,Ascent,2026-07-04 09:10:00,https://www.vlr.gg/706761/team-vitality-vs-nrg-esports-world-cup-2026-winners-b,Esports World Cup 2026
VIT,NRG,20950,6050,17,10.4k,10.5k,Ascent,2026-07-04 09:10:00,https://www.vlr.gg/706761/team-vitality-vs-nrg-esports-world-cup-2026-winners-b,Esports World Cup 2026
VIT,NRG,17800,22250,18,3.8k,13.6k,Ascent,2026-07-04 09:10:00,https://www.vlr.gg/706761/team-vitality-vs-nrg-esports-world-cup-2026-winners-b,Esports World Cup 2026
VIT,NRG,16750,24700,19,3.8k,24.8k,Ascent,2026-07-04 09:10:00,https://www.vlr.gg/706761/team-vitality-vs-nrg-esports-world-cup-2026-winners-b,Esports World Cup 2026
VIT,NRG,23150,19600,20,12.4k,17.8k,Ascent,2026-07-04 09:10:00,https://www.vlr.gg/706761/team-vitality-vs-nrg-esports-world-cup-2026-winners-b,Esports World Cup 2026
VIT,NRG,25800,23350,21,19.4k,9.9k,Ascent,2026-07-04 09:10:00,https://www.vlr.gg/706761/team-vitality-vs-nrg-esports-world-cup-2026-winners-b,Esports World Cup 2026
VIT,NRG,25500,22800,22,21.1k,7.4k,Ascent,2026-07-04 09:10:00,https://www.vlr.gg/706761/team-vitality-vs-nrg-esports-world-cup-2026-winners-b,Esports World Cup 2026
VIT,NRG,25650,20300,23,18.0k,3.6k,Ascent,2026-07-04 09:10:00,https://www.vlr.gg/706761/team-vitality-vs-nrg-esports-world-cup-2026-winners-b,Esports World Cup 2026
VIT,NRG,24750,23950,24,4.2k,4.0k,Ascent,2026-07-04 09:10:00,https://www.vlr.gg/706761/team-vitality-vs-nrg-esports-world-cup-2026-winners-b,Esports World Cup 2026
VIT,NRG,23550,24400,25,1.7k,0.8k,Ascent,2026-07-04 09:10:00,https://www.vlr.gg/706761/team-vitality-vs-nrg-esports-world-cup-2026-winners-b,Esports World Cup 2026
VIT,NRG,23250,24600,26,1.7k,0.6k,Ascent,2026-07-04 09:10:00,https://www.vlr.gg/706761/team-vitality-vs-nrg-esports-world-cup-2026-winners-b,Esports World Cup 2026
VIT,NRG,23450,24700,27,1.7k,0.5k,Ascent,2026-07-04 09:10:00,https://www.vlr.gg/706761/team-vitality-vs-nrg-esports-world-cup-2026-winners-b,Esports World Cup 2026
VIT,NRG,24150,24700,28,0.8k,0.5k,Ascent,2026-07-04 09:10:00,https://www.vlr.gg/706761/team-vitality-vs-nrg-esports-world-cup-2026-winners-b,Esports World Cup 2026
VIT,NRG,23250,24400,29,2.0k,0.8k,Ascent,2026-07-04 09:10:00,https://www.vlr.gg/706761/team-vitality-vs-nrg-esports-world-cup-2026-winners-b,Esports World Cup 2026
VIT,NRG,23700,24400,30,1.2k,0.8k,Ascent,2026-07-04 09:10:00,https://www.vlr.gg/706761/team-vitality-vs-nrg-esports-world-cup-2026-winners-b,Esports World Cup 2026
VIT,NRG,3850,3700,1,0.1k,0.2k,Lotus,2026-07-04 09:10:00,https://www.vlr.gg/706761/team-vitality-vs-nrg-esports-world-cup-2026-winners-b,Esports World Cup 2026
VIT,NRG,11050,16300,2,0.6k,0.6k,Lotus,2026-07-04 09:10:00,https://www.vlr.gg/706761/team-vitality-vs-nrg-esports-world-cup-2026-winners-b,Esports World Cup 2026
VIT,NRG,4850,17950,3,8.9k,10.8k,Lotus,2026-07-04 09:10:00,https://www.vlr.gg/706761/team-vitality-vs-nrg-esports-world-cup-2026-winners-b,Esports World Cup 2026
VIT,NRG,22650,18750,4,3.3k,23.8k,Lotus,2026-07-04 09:10:00,https://www.vlr.gg/706761/team-vitality-vs-nrg-esports-world-cup-2026-winners-b,Esports World Cup 2026
VIT,NRG,9400,23300,5,10.4k,31.2k,Lotus,2026-07-04 09:10:00,https://www.vlr.gg/706761/team-vitality-vs-nrg-esports-world-cup-2026-winners-b,Esports World Cup 2026
VIT,NRG,23450,23100,6,12.6k,17.1k,Lotus,2026-07-04 09:10:00,https://www.vlr.gg/706761/team-vitality-vs-nrg-esports-world-cup-2026-winners-b,Esports World Cup 2026
VIT,NRG,22300,24150,7,2.7k,22.0k,Lotus,2026-07-04 09:10:00,https://www.vlr.gg/706761/team-vitality-vs-nrg-esports-world-cup-2026-winners-b,Esports World Cup 2026
VIT,NRG,22450,20150,8,7.4k,12.8k,Lotus,2026-07-04 09:10:00,https://www.vlr.gg/706761/team-vitality-vs-nrg-esports-world-cup-2026-winners-b,Esports World Cup 2026
VIT,NRG,24250,19250,9,9.3k,7.0k,Lotus,2026-07-04 09:10:00,https://www.vlr.gg/706761/team-vitality-vs-nrg-esports-world-cup-2026-winners-b,Esports World Cup 2026
VIT,NRG,25050,18400,10,17.3k,5.7k,Lotus,2026-07-04 09:10:00,https://www.vlr.gg/706761/team-vitality-vs-nrg-esports-world-cup-2026-winners-b,Esports World Cup 2026
VIT,NRG,23250,21450,11,4.6k,9.7k,Lotus,2026-07-04 09:10:00,https://www.vlr.gg/706761/team-vitality-vs-nrg-esports-world-cup-2026-winners-b,Esports World Cup 2026
VIT,NRG,18850,23750,12,0.7k,6.2k,Lotus,2026-07-04 09:10:00,https://www.vlr.gg/706761/team-vitality-vs-nrg-esports-world-cup-2026-winners-b,Esports World Cup 2026
VIT,NRG,3850,4000,13,0.1k,0.2k,Lotus,2026-07-04 09:10:00,https://www.vlr.gg/706761/team-vitality-vs-nrg-esports-world-cup-2026-winners-b,Esports World Cup 2026
VIT,NRG,14300,3150,14,2.4k,9.0k,Lotus,2026-07-04 09:10:00,https://www.vlr.gg/706761/team-vitality-vs-nrg-esports-world-cup-2026-winners-b,Esports World Cup 2026
VIT,NRG,13800,22600,15,14.1k,0.9k,Lotus,2026-07-04 09:10:00,https://www.vlr.gg/706761/team-vitality-vs-nrg-esports-world-cup-2026-winners-b,Esports World Cup 2026
VIT,NRG,20850,21850,16,3.7k,4.0k,Lotus,2026-07-04 09:10:00,https://www.vlr.gg/706761/team-vitality-vs-nrg-esports-world-cup-2026-winners-b,Esports World Cup 2026
VIT,NRG,22200,19100,17,13.4k,3.5k,Lotus,2026-07-04 09:10:00,https://www.vlr.gg/706761/team-vitality-vs-nrg-esports-world-cup-2026-winners-b,Esports World Cup 2026
VIT,NRG,21150,22450,18,2.6k,6.7k,Lotus,2026-07-04 09:10:00,https://www.vlr.gg/706761/team-vitality-vs-nrg-esports-world-cup-2026-winners-b,Esports World Cup 2026
VIT,NRG,20550,11350,19,8.4k,10.7k,Lotus,2026-07-04 09:10:00,https://www.vlr.gg/706761/team-vitality-vs-nrg-esports-world-cup-2026-winners-b,Esports World Cup 2026
VIT,NRG,17150,22450,20,1.7k,9.6k,Lotus,2026-07-04 09:10:00,https://www.vlr.gg/706761/team-vitality-vs-nrg-esports-world-cup-2026-winners-b,Esports World Cup 2026
VIT,NRG,17400,23350,21,2.0k,16.3k,Lotus,2026-07-04 09:10:00,https://www.vlr.gg/706761/team-vitality-vs-nrg-esports-world-cup-2026-winners-b,Esports World Cup 2026
VIT,NRG,3850,3600,1,0.2k,0.2k,Breeze,2026-07-04 09:10:00,https://www.vlr.gg/706761/team-vitality-vs-nrg-esports-world-cup-2026-winners-b,Esports World Cup 2026
VIT,NRG,1900,17250,2,8.5k,1.3k,Breeze,2026-07-04 09:10:00,https://www.vlr.gg/706761/team-vitality-vs-nrg-esports-world-cup-2026-winners-b,Esports World Cup 2026
VIT,NRG,20950,16950,3,1.1k,15.5k,Breeze,2026-07-04 09:10:00,https://www.vlr.gg/706761/team-vitality-vs-nrg-esports-world-cup-2026-winners-b,Esports World Cup 2026
VIT,NRG,22150,21350,4,7.1k,4.7k,Breeze,2026-07-04 09:10:00,https://www.vlr.gg/706761/team-vitality-vs-nrg-esports-world-cup-2026-winners-b,Esports World Cup 2026
VIT,NRG,23500,4950,5,18.2k,12.7k,Breeze,2026-07-04 09:10:00,https://www.vlr.gg/706761/team-vitality-vs-nrg-esports-world-cup-2026-winners-b,Esports World Cup 2026
VIT,NRG,23500,21950,6,30.6k,6.3k,Breeze,2026-07-04 09:10:00,https://www.vlr.gg/706761/team-vitality-vs-nrg-esports-world-cup-2026-winners-b,Esports World Cup 2026
VIT,NRG,23500,21350,7,36.3k,6.0k,Breeze,2026-07-04 09:10:00,https://www.vlr.gg/706761/team-vitality-vs-nrg-esports-world-cup-2026-winners-b,Esports World Cup 2026
VIT,NRG,23800,19750,8,26.2k,3.3k,Breeze,2026-07-04 09:10:00,https://www.vlr.gg/706761/team-vitality-vs-nrg-esports-world-cup-2026-winners-b,Esports World Cup 2026
VIT,NRG,25300,20900,9,11.5k,12.1k,Breeze,2026-07-04 09:10:00,https://www.vlr.gg/706761/team-vitality-vs-nrg-esports-world-cup-2026-winners-b,Esports World Cup 2026
VIT,NRG,21500,20400,10,5.1k,11.5k,Breeze,2026-07-04 09:10:00,https://www.vlr.gg/706761/team-vitality-vs-nrg-esports-world-cup-2026-winners-b,Esports World Cup 2026
VIT,NRG,19900,18450,11,2.6k,5.9k,Breeze,2026-07-04 09:10:00,https://www.vlr.gg/706761/team-vitality-vs-nrg-esports-world-cup-2026-winners-b,Esports World Cup 2026
VIT,NRG,12900,23250,12,0.8k,4.5k,Breeze,2026-07-04 09:10:00,https://www.vlr.gg/706761/team-vitality-vs-nrg-esports-world-cup-2026-winners-b,Esports World Cup 2026
VIT,NRG,3950,3800,13,0.1k,0.2k,Breeze,2026-07-04 09:10:00,https://www.vlr.gg/706761/team-vitality-vs-nrg-esports-world-cup-2026-winners-b,Esports World Cup 2026
VIT,NRG,12550,1700,14,4.6k,8.6k,Breeze,2026-07-04 09:10:00,https://www.vlr.gg/706761/team-vitality-vs-nrg-esports-world-cup-2026-winners-b,Esports World Cup 2026
VIT,NRG,20300,20600,15,10.0k,0.5k,Breeze,2026-07-04 09:10:00,https://www.vlr.gg/706761/team-vitality-vs-nrg-esports-world-cup-2026-winners-b,Esports World Cup 2026
VIT,NRG,21250,21400,16,2.6k,7.4k,Breeze,2026-07-04 09:10:00,https://www.vlr.gg/706761/team-vitality-vs-nrg-esports-world-cup-2026-winners-b,Esports World Cup 2026
VIT,NRG,21400,16300,17,5.3k,1.9k,Breeze,2026-07-04 09:10:00,https://www.vlr.gg/706761/team-vitality-vs-nrg-esports-world-cup-2026-winners-b,Esports World Cup 2026
VIT,NRG,6800,19450,18,9.5k,0.4k,Breeze,2026-07-04 09:10:00,https://www.vlr.gg/706761/team-vitality-vs-nrg-esports-world-cup-2026-winners-b,Esports World Cup 2026
VIT,NRG,20350,19600,19,3.0k,7.9k,Breeze,2026-07-04 09:10:00,https://www.vlr.gg/706761/team-vitality-vs-nrg-esports-world-cup-2026-winners-b,Esports World Cup 2026
VIT,NRG,22100,11050,20,6.2k,7.8k,Breeze,2026-07-04 09:10:00,https://www.vlr.gg/706761/team-vitality-vs-nrg-esports-world-cup-2026-winners-b,Esports World Cup 2026
VIT,NRG,22100,21650,21,12.5k,1.6k,Breeze,2026-07-04 09:10:00,https://www.vlr.gg/706761/team-vitality-vs-nrg-esports-world-cup-2026-winners-b,Esports World Cup 2026
VIT,NRG,23600,16600,22,17.4k,0.7k,Breeze,2026-07-04 09:10:00,https://www.vlr.gg/706761/team-vitality-vs-nrg-esports-world-cup-2026-winners-b,Esports World Cup 2026
VIT,NRG,21500,22350,23,7.3k,7.1k,Breeze,2026-07-04 09:10:00,https://www.vlr.gg/706761/team-vitality-vs-nrg-esports-world-cup-2026-winners-b,Esports World Cup 2026
KC,PRX,3700,4000,1,0.3k,0.0k,Sunset,2026-07-04 10:30:00,https://www.vlr.gg/706762/karmine-corp-vs-paper-rex-esports-world-cup-2026-elim-b,Esports World Cup 2026
KC,PRX,16850,3000,2,1.2k,7.7k,Sunset,2026-07-04 10:30:00,https://www.vlr.gg/706762/karmine-corp-vs-paper-rex-esports-world-cup-2026-elim-b,Esports World Cup 2026
KC,PRX,19050,18900,3,15.6k,0.8k,Sunset,2026-07-04 10:30:00,https://www.vlr.gg/706762/karmine-corp-vs-paper-rex-esports-world-cup-2026-elim-b,Esports World Cup 2026
KC,PRX,22650,21950,4,3.8k,8.6k,Sunset,2026-07-04 10:30:00,https://www.vlr.gg/706762/karmine-corp-vs-paper-rex-esports-world-cup-2026-elim-b,Esports World Cup 2026
KC,PRX,8550,24100,5,9.6k,9.9k,Sunset,2026-07-04 10:30:00,https://www.vlr.gg/706762/karmine-corp-vs-paper-rex-esports-world-cup-2026-elim-b,Esports World Cup 2026
KC,PRX,18350,24100,6,7.7k,12.2k,Sunset,2026-07-04 10:30:00,https://www.vlr.gg/706762/karmine-corp-vs-paper-rex-esports-world-cup-2026-elim-b,Esports World Cup 2026
KC,PRX,23650,20800,7,12.3k,1.6k,Sunset,2026-07-04 10:30:00,https://www.vlr.gg/706762/karmine-corp-vs-paper-rex-esports-world-cup-2026-elim-b,Esports World Cup 2026
KC,PRX,21250,24050,8,8.0k,9.8k,Sunset,2026-07-04 10:30:00,https://www.vlr.gg/706762/karmine-corp-vs-paper-rex-esports-world-cup-2026-elim-b,Esports World Cup 2026
KC,PRX,19300,25000,9,3.1k,23.3k,Sunset,2026-07-04 10:30:00,https://www.vlr.gg/706762/karmine-corp-vs-paper-rex-esports-world-cup-2026-elim-b,Esports World Cup 2026
KC,PRX,21750,24400,10,4.3k,9.3k,Sunset,2026-07-04 10:30:00,https://www.vlr.gg/706762/karmine-corp-vs-paper-rex-esports-world-cup-2026-elim-b,Esports World Cup 2026
KC,PRX,24850,21350,11,14.4k,4.7k,Sunset,2026-07-04 10:30:00,https://www.vlr.gg/706762/karmine-corp-vs-paper-rex-esports-world-cup-2026-elim-b,Esports World Cup 2026
KC,PRX,25750,18950,12,19.3k,1.8k,Sunset,2026-07-04 10:30:00,https://www.vlr.gg/706762/karmine-corp-vs-paper-rex-esports-world-cup-2026-elim-b,Esports World Cup 2026
KC,PRX,3450,3850,13,0.3k,0.2k,Sunset,2026-07-04 10:30:00,https://www.vlr.gg/706762/karmine-corp-vs-paper-rex-esports-world-cup-2026-elim-b,Esports World Cup 2026
KC,PRX,16850,2800,14,1.2k,9.3k,Sunset,2026-07-04 10:30:00,https://www.vlr.gg/706762/karmine-corp-vs-paper-rex-esports-world-cup-2026-elim-b,Esports World Cup 2026
KC,PRX,2900,21950,15,9.3k,13.5k,Sunset,2026-07-04 10:30:00,https://www.vlr.gg/706762/karmine-corp-vs-paper-rex-esports-world-cup-2026-elim-b,Esports World Cup 2026
KC,PRX,20350,24900,16,1.9k,12.4k,Sunset,2026-07-04 10:30:00,https://www.vlr.gg/706762/karmine-corp-vs-paper-rex-esports-world-cup-2026-elim-b,Esports World Cup 2026
KC,PRX,11950,24900,17,7.4k,18.2k,Sunset,2026-07-04 10:30:00,https://www.vlr.gg/706762/karmine-corp-vs-paper-rex-esports-world-cup-2026-elim-b,Esports World Cup 2026
KC,PRX,19850,25500,18,5.1k,27.4k,Sunset,2026-07-04 10:30:00,https://www.vlr.gg/706762/karmine-corp-vs-paper-rex-esports-world-cup-2026-elim-b,Esports World Cup 2026
KC,PRX,16050,23700,19,5.4k,28.2k,Sunset,2026-07-04 10:30:00,https://www.vlr.gg/706762/karmine-corp-vs-paper-rex-esports-world-cup-2026-elim-b,Esports World Cup 2026
KC,PRX,17250,23700,20,3.8k,23.8k,Sunset,2026-07-04 10:30:00,https://www.vlr.gg/706762/karmine-corp-vs-paper-rex-esports-world-cup-2026-elim-b,Esports World Cup 2026
KC,PRX,18400,22800,21,2.1k,15.9k,Sunset,2026-07-04 10:30:00,https://www.vlr.gg/706762/karmine-corp-vs-paper-rex-esports-world-cup-2026-elim-b,Esports World Cup 2026
KC,PRX,20750,22600,22,7.0k,8.1k,Sunset,2026-07-04 10:30:00,https://www.vlr.gg/706762/karmine-corp-vs-paper-rex-esports-world-cup-2026-elim-b,Esports World Cup 2026
KC,PRX,22750,21400,23,12.9k,4.3k,Sunset,2026-07-04 10:30:00,https://www.vlr.gg/706762/karmine-corp-vs-paper-rex-esports-world-cup-2026-elim-b,Esports World Cup 2026
KC,PRX,20750,23400,24,2.8k,4.4k,Sunset,2026-07-04 10:30:00,https://www.vlr.gg/706762/karmine-corp-vs-paper-rex-esports-world-cup-2026-elim-b,Esports World Cup 2026
KC,PRX,4000,4150,1,0.1k,0.2k,Fracture,2026-07-04 10:30:00,https://www.vlr.gg/706762/karmine-corp-vs-paper-rex-esports-world-cup-2026-elim-b,Esports World Cup 2026
KC,PRX,1050,16700,2,9.5k,3.4k,Fracture,2026-07-04 10:30:00,https://www.vlr.gg/706762/karmine-corp-vs-paper-rex-esports-world-cup-2026-elim-b,Esports World Cup 2026
KC,PRX,21750,20550,3,0.4k,15.1k,Fracture,2026-07-04 10:30:00,https://www.vlr.gg/706762/karmine-corp-vs-paper-rex-esports-world-cup-2026-elim-b,Esports World Cup 2026
KC,PRX,21600,22000,4,9.4k,4.8k,Fracture,2026-07-04 10:30:00,https://www.vlr.gg/706762/karmine-corp-vs-paper-rex-esports-world-cup-2026-elim-b,Esports World Cup 2026
KC,PRX,22600,17550,5,9.9k,1.0k,Fracture,2026-07-04 10:30:00,https://www.vlr.gg/706762/karmine-corp-vs-paper-rex-esports-world-cup-2026-elim-b,Esports World Cup 2026
KC,PRX,17500,21100,6,3.1k,3.9k,Fracture,2026-07-04 10:30:00,https://www.vlr.gg/706762/karmine-corp-vs-paper-rex-esports-world-cup-2026-elim-b,Esports World Cup 2026
KC,PRX,21200,8350,7,7.4k,8.1k,Fracture,2026-07-04 10:30:00,https://www.vlr.gg/706762/karmine-corp-vs-paper-rex-esports-world-cup-2026-elim-b,Esports World Cup 2026
KC,PRX,20800,21450,8,14.6k,1.0k,Fracture,2026-07-04 10:30:00,https://www.vlr.gg/706762/karmine-corp-vs-paper-rex-esports-world-cup-2026-elim-b,Esports World Cup 2026
KC,PRX,23000,8900,9,25.4k,9.3k,Fracture,2026-07-04 10:30:00,https://www.vlr.gg/706762/karmine-corp-vs-paper-rex-esports-world-cup-2026-elim-b,Esports World Cup 2026
KC,PRX,23400,26200,10,16.3k,16.3k,Fracture,2026-07-04 10:30:00,https://www.vlr.gg/706762/karmine-corp-vs-paper-rex-esports-world-cup-2026-elim-b,Esports World Cup 2026
KC,PRX,24400,23200,11,18.9k,5.9k,Fracture,2026-07-04 10:30:00,https://www.vlr.gg/706762/karmine-corp-vs-paper-rex-esports-world-cup-2026-elim-b,Esports World Cup 2026
KC,PRX,23950,18700,12,22.7k,1.2k,Fracture,2026-07-04 10:30:00,https://www.vlr.gg/706762/karmine-corp-vs-paper-rex-esports-world-cup-2026-elim-b,Esports World Cup 2026
KC,PRX,4000,4250,13,0.2k,0.1k,Fracture,2026-07-04 10:30:00,https://www.vlr.gg/706762/karmine-corp-vs-paper-rex-esports-world-cup-2026-elim-b,Esports World Cup 2026
KC,PRX,1550,13100,14,10.6k,5.7k,Fracture,2026-07-04 10:30:00,https://www.vlr.gg/706762/karmine-corp-vs-paper-rex-esports-world-cup-2026-elim-b,Esports World Cup 2026
KC,PRX,22600,18450,15,2.3k,12.9k,Fracture,2026-07-04 10:30:00,https://www.vlr.gg/706762/karmine-corp-vs-paper-rex-esports-world-cup-2026-elim-b,Esports World Cup 2026
KC,PRX,21300,22200,16,3.7k,2.3k,Fracture,2026-07-04 10:30:00,https://www.vlr.gg/706762/karmine-corp-vs-paper-rex-esports-world-cup-2026-elim-b,Esports World Cup 2026
KC,PRX,5950,22350,17,9.2k,4.4k,Fracture,2026-07-04 10:30:00,https://www.vlr.gg/706762/karmine-corp-vs-paper-rex-esports-world-cup-2026-elim-b,Esports World Cup 2026
KC,PRX,20450,22900,18,1.3k,13.4k,Fracture,2026-07-04 10:30:00,https://www.vlr.gg/706762/karmine-corp-vs-paper-rex-esports-world-cup-2026-elim-b,Esports World Cup 2026
KC,PRX,21500,21450,19,7.6k,2.9k,Fracture,2026-07-04 10:30:00,https://www.vlr.gg/706762/karmine-corp-vs-paper-rex-esports-world-cup-2026-elim-b,Esports World Cup 2026
KC,PRX,12500,22300,20,7.8k,6.8k,Fracture,2026-07-04 10:30:00,https://www.vlr.gg/706762/karmine-corp-vs-paper-rex-esports-world-cup-2026-elim-b,Esports World Cup 2026
KC,PRX,22500,17250,21,9.4k,1.1k,Fracture,2026-07-04 10:30:00,https://www.vlr.gg/706762/karmine-corp-vs-paper-rex-esports-world-cup-2026-elim-b,Esports World Cup 2026
KC,PRX,22800,15250,22,15.9k,0.2k,Fracture,2026-07-04 10:30:00,https://www.vlr.gg/706762/karmine-corp-vs-paper-rex-esports-world-cup-2026-elim-b,Esports World Cup 2026
KC,PRX,3900,4300,1,0.3k,0.1k,Lotus,2026-07-04 10:30:00,https://www.vlr.gg/706762/karmine-corp-vs-paper-rex-esports-world-cup-2026-elim-b,Esports World Cup 2026
KC,PRX,15400,2450,2,5.0k,8.4k,Lotus,2026-07-04 10:30:00,https://www.vlr.gg/706762/karmine-corp-vs-paper-rex-esports-world-cup-2026-elim-b,Esports World Cup 2026
KC,PRX,18700,20500,3,16.8k,0.6k,Lotus,2026-07-04 10:30:00,https://www.vlr.gg/706762/karmine-corp-vs-paper-rex-esports-world-cup-2026-elim-b,Esports World Cup 2026
KC,PRX,23750,6200,4,21.8k,9.4k,Lotus,2026-07-04 10:30:00,https://www.vlr.gg/706762/karmine-corp-vs-paper-rex-esports-world-cup-2026-elim-b,Esports World Cup 2026
KC,PRX,23950,23850,5,26.8k,1.1k,Lotus,2026-07-04 10:30:00,https://www.vlr.gg/706762/karmine-corp-vs-paper-rex-esports-world-cup-2026-elim-b,Esports World Cup 2026
KC,PRX,25550,7500,6,27.2k,9.4k,Lotus,2026-07-04 10:30:00,https://www.vlr.gg/706762/karmine-corp-vs-paper-rex-esports-world-cup-2026-elim-b,Esports World Cup 2026
KC,PRX,19550,24500,7,19.8k,14.2k,Lotus,2026-07-04 10:30:00,https://www.vlr.gg/706762/karmine-corp-vs-paper-rex-esports-world-cup-2026-elim-b,Esports World Cup 2026
KC,PRX,25450,19800,8,19.3k,5.3k,Lotus,2026-07-04 10:30:00,https://www.vlr.gg/706762/karmine-corp-vs-paper-rex-esports-world-cup-2026-elim-b,Esports World Cup 2026
KC,PRX,23600,24450,9,6.4k,15.5k,Lotus,2026-07-04 10:30:00,https://www.vlr.gg/706762/karmine-corp-vs-paper-rex-esports-world-cup-2026-elim-b,Esports World Cup 2026
KC,PRX,21500,22750,10,3.6k,5.8k,Lotus,2026-07-04 10:30:00,https://www.vlr.gg/706762/karmine-corp-vs-paper-rex-esports-world-cup-2026-elim-b,Esports World Cup 2026
KC,PRX,23650,18400,11,14.0k,0.8k,Lotus,2026-07-04 10:30:00,https://www.vlr.gg/706762/karmine-corp-vs-paper-rex-esports-world-cup-2026-elim-b,Esports World Cup 2026
KC,PRX,23650,21650,12,3.1k,3.2k,Lotus,2026-07-04 10:30:00,https://www.vlr.gg/706762/karmine-corp-vs-paper-rex-esports-world-cup-2026-elim-b,Esports World Cup 2026
KC,PRX,3400,4150,13,0.4k,0.3k,Lotus,2026-07-04 10:30:00,https://www.vlr.gg/706762/karmine-corp-vs-paper-rex-esports-world-cup-2026-elim-b,Esports World Cup 2026
KC,PRX,1850,16150,14,8.9k,3.4k,Lotus,2026-07-04 10:30:00,https://www.vlr.gg/706762/karmine-corp-vs-paper-rex-esports-world-cup-2026-elim-b,Esports World Cup 2026
KC,PRX,22500,14950,15,9.6k,1.1k,Lotus,2026-07-04 10:30:00,https://www.vlr.gg/706762/karmine-corp-vs-paper-rex-esports-world-cup-2026-elim-b,Esports World Cup 2026
KC,PRX,22950,13800,16,11.6k,0.6k,Lotus,2026-07-04 10:30:00,https://www.vlr.gg/706762/karmine-corp-vs-paper-rex-esports-world-cup-2026-elim-b,Esports World Cup 2026
KC,PRX,23450,16150,17,15.7k,0.6k,Lotus,2026-07-04 10:30:00,https://www.vlr.gg/706762/karmine-corp-vs-paper-rex-esports-world-cup-2026-elim-b,Esports World Cup 2026
KC,PRX,19300,19100,18,7.7k,2.3k,Lotus,2026-07-04 10:30:00,https://www.vlr.gg/706762/karmine-corp-vs-paper-rex-esports-world-cup-2026-elim-b,Esports World Cup 2026
KC,PRX,18800,25150,19,2.5k,5.8k,Lotus,2026-07-04 10:30:00,https://www.vlr.gg/706762/karmine-corp-vs-paper-rex-esports-world-cup-2026-elim-b,Esports World Cup 2026
KC,PRX,6000,25750,20,13.3k,8.9k,Lotus,2026-07-04 10:30:00,https://www.vlr.gg/706762/karmine-corp-vs-paper-rex-esports-world-cup-2026-elim-b,Esports World Cup 2026
MIBR,TH,3750,3450,1,0.1k,0.5k,Lotus,2026-07-05 07:00:00,https://www.vlr.gg/706771/mibr-vs-team-heretics-esports-world-cup-2026-winners-d,Esports World Cup 2026
MIBR,TH,2550,15200,2,7.7k,4.9k,Lotus,2026-07-05 07:00:00,https://www.vlr.gg/706771/mibr-vs-team-heretics-esports-world-cup-2026-winners-d,Esports World Cup 2026
MIBR,TH,19600,18650,3,0.5k,13.8k,Lotus,2026-07-05 07:00:00,https://www.vlr.gg/706771/mibr-vs-team-heretics-esports-world-cup-2026-winners-d,Esports World Cup 2026
MIBR,TH,5900,22150,4,10.3k,12.5k,Lotus,2026-07-05 07:00:00,https://www.vlr.gg/706771/mibr-vs-team-heretics-esports-world-cup-2026-winners-d,Esports World Cup 2026
MIBR,TH,23950,20550,5,9.9k,3.8k,Lotus,2026-07-05 07:00:00,https://www.vlr.gg/706771/mibr-vs-team-heretics-esports-world-cup-2026-winners-d,Esports World Cup 2026
MIBR,TH,25250,10150,6,15.5k,6.9k,Lotus,2026-07-05 07:00:00,https://www.vlr.gg/706771/mibr-vs-team-heretics-esports-world-cup-2026-winners-d,Esports World Cup 2026
MIBR,TH,25150,21700,7,20.3k,1.2k,Lotus,2026-07-05 07:00:00,https://www.vlr.gg/706771/mibr-vs-team-heretics-esports-world-cup-2026-winners-d,Esports World Cup 2026
MIBR,TH,24150,22600,8,6.7k,9.8k,Lotus,2026-07-05 07:00:00,https://www.vlr.gg/706771/mibr-vs-team-heretics-esports-world-cup-2026-winners-d,Esports World Cup 2026
MIBR,TH,18350,23250,9,1.9k,7.9k,Lotus,2026-07-05 07:00:00,https://www.vlr.gg/706771/mibr-vs-team-heretics-esports-world-cup-2026-winners-d,Esports World Cup 2026
MIBR,TH,7650,23050,10,10.2k,15.2k,Lotus,2026-07-05 07:00:00,https://www.vlr.gg/706771/mibr-vs-team-heretics-esports-world-cup-2026-winners-d,Esports World Cup 2026
MIBR,TH,22650,24150,11,3.8k,24.2k,Lotus,2026-07-05 07:00:00,https://www.vlr.gg/706771/mibr-vs-team-heretics-esports-world-cup-2026-winners-d,Esports World Cup 2026
MIBR,TH,22650,23850,12,6.0k,10.8k,Lotus,2026-07-05 07:00:00,https://www.vlr.gg/706771/mibr-vs-team-heretics-esports-world-cup-2026-winners-d,Esports World Cup 2026
MIBR,TH,3900,3500,13,0.1k,0.3k,Lotus,2026-07-05 07:00:00,https://www.vlr.gg/706771/mibr-vs-team-heretics-esports-world-cup-2026-winners-d,Esports World Cup 2026
MIBR,TH,2850,14900,14,9.2k,2.3k,Lotus,2026-07-05 07:00:00,https://www.vlr.gg/706771/mibr-vs-team-heretics-esports-world-cup-2026-winners-d,Esports World Cup 2026
MIBR,TH,21900,16950,15,0.9k,13.2k,Lotus,2026-07-05 07:00:00,https://www.vlr.gg/706771/mibr-vs-team-heretics-esports-world-cup-2026-winners-d,Esports World Cup 2026
MIBR,TH,8800,24000,16,8.7k,18.8k,Lotus,2026-07-05 07:00:00,https://www.vlr.gg/706771/mibr-vs-team-heretics-esports-world-cup-2026-winners-d,Esports World Cup 2026
MIBR,TH,22250,26600,17,2.7k,29.0k,Lotus,2026-07-05 07:00:00,https://www.vlr.gg/706771/mibr-vs-team-heretics-esports-world-cup-2026-winners-d,Esports World Cup 2026
MIBR,TH,22450,24550,18,9.7k,13.9k,Lotus,2026-07-05 07:00:00,https://www.vlr.gg/706771/mibr-vs-team-heretics-esports-world-cup-2026-winners-d,Esports World Cup 2026
MIBR,TH,23550,21850,19,17.4k,5.1k,Lotus,2026-07-05 07:00:00,https://www.vlr.gg/706771/mibr-vs-team-heretics-esports-world-cup-2026-winners-d,Esports World Cup 2026
MIBR,TH,23350,20800,20,24.9k,4.1k,Lotus,2026-07-05 07:00:00,https://www.vlr.gg/706771/mibr-vs-team-heretics-esports-world-cup-2026-winners-d,Esports World Cup 2026
MIBR,TH,23350,12350,21,28.9k,7.2k,Lotus,2026-07-05 07:00:00,https://www.vlr.gg/706771/mibr-vs-team-heretics-esports-world-cup-2026-winners-d,Esports World Cup 2026
MIBR,TH,23350,22600,22,30.2k,1.1k,Lotus,2026-07-05 07:00:00,https://www.vlr.gg/706771/mibr-vs-team-heretics-esports-world-cup-2026-winners-d,Esports World Cup 2026
MIBR,TH,22850,11350,23,26.2k,5.8k,Lotus,2026-07-05 07:00:00,https://www.vlr.gg/706771/mibr-vs-team-heretics-esports-world-cup-2026-winners-d,Esports World Cup 2026
MIBR,TH,25150,24000,24,8.8k,2.8k,Lotus,2026-07-05 07:00:00,https://www.vlr.gg/706771/mibr-vs-team-heretics-esports-world-cup-2026-winners-d,Esports World Cup 2026
MIBR,TH,23850,23650,25,0.8k,1.3k,Lotus,2026-07-05 07:00:00,https://www.vlr.gg/706771/mibr-vs-team-heretics-esports-world-cup-2026-winners-d,Esports World Cup 2026
MIBR,TH,23950,23350,26,0.8k,1.3k,Lotus,2026-07-05 07:00:00,https://www.vlr.gg/706771/mibr-vs-team-heretics-esports-world-cup-2026-winners-d,Esports World Cup 2026
MIBR,TH,23250,23850,27,1.4k,1.3k,Lotus,2026-07-05 07:00:00,https://www.vlr.gg/706771/mibr-vs-team-heretics-esports-world-cup-2026-winners-d,Esports World Cup 2026
MIBR,TH,23650,24100,28,1.1k,0.7k,Lotus,2026-07-05 07:00:00,https://www.vlr.gg/706771/mibr-vs-team-heretics-esports-world-cup-2026-winners-d,Esports World Cup 2026
MIBR,TH,23450,23850,29,1.1k,1.3k,Lotus,2026-07-05 07:00:00,https://www.vlr.gg/706771/mibr-vs-team-heretics-esports-world-cup-2026-winners-d,Esports World Cup 2026
MIBR,TH,23850,23950,30,1.1k,1.0k,Lotus,2026-07-05 07:00:00,https://www.vlr.gg/706771/mibr-vs-team-heretics-esports-world-cup-2026-winners-d,Esports World Cup 2026
MIBR,TH,3750,4000,1,0.2k,0.1k,Ascent,2026-07-05 07:00:00,https://www.vlr.gg/706771/mibr-vs-team-heretics-esports-world-cup-2026-winners-d,Esports World Cup 2026
MIBR,TH,2200,15750,2,9.1k,2.6k,Ascent,2026-07-05 07:00:00,https://www.vlr.gg/706771/mibr-vs-team-heretics-esports-world-cup-2026-winners-d,Esports World Cup 2026
MIBR,TH,22550,15300,3,1.9k,11.5k,Ascent,2026-07-05 07:00:00,https://www.vlr.gg/706771/mibr-vs-team-heretics-esports-world-cup-2026-winners-d,Esports World Cup 2026
MIBR,TH,22250,21800,4,5.8k,0.7k,Ascent,2026-07-05 07:00:00,https://www.vlr.gg/706771/mibr-vs-team-heretics-esports-world-cup-2026-winners-d,Esports World Cup 2026
MIBR,TH,7050,22700,5,9.5k,5.9k,Ascent,2026-07-05 07:00:00,https://www.vlr.gg/706771/mibr-vs-team-heretics-esports-world-cup-2026-winners-d,Esports World Cup 2026
MIBR,TH,21000,24450,6,1.6k,7.1k,Ascent,2026-07-05 07:00:00,https://www.vlr.gg/706771/mibr-vs-team-heretics-esports-world-cup-2026-winners-d,Esports World Cup 2026
MIBR,TH,21500,15450,7,5.3k,2.5k,Ascent,2026-07-05 07:00:00,https://www.vlr.gg/706771/mibr-vs-team-heretics-esports-world-cup-2026-winners-d,Esports World Cup 2026
MIBR,TH,7650,20000,8,9.2k,11.9k,Ascent,2026-07-05 07:00:00,https://www.vlr.gg/706771/mibr-vs-team-heretics-esports-world-cup-2026-winners-d,Esports World Cup 2026
MIBR,TH,21650,22050,9,1.2k,22.5k,Ascent,2026-07-05 07:00:00,https://www.vlr.gg/706771/mibr-vs-team-heretics-esports-world-cup-2026-winners-d,Esports World Cup 2026
MIBR,TH,8650,23050,10,8.1k,28.9k,Ascent,2026-07-05 07:00:00,https://www.vlr.gg/706771/mibr-vs-team-heretics-esports-world-cup-2026-winners-d,Esports World Cup 2026
MIBR,TH,21950,23650,11,1.5k,27.8k,Ascent,2026-07-05 07:00:00,https://www.vlr.gg/706771/mibr-vs-team-heretics-esports-world-cup-2026-winners-d,Esports World Cup 2026
MIBR,TH,16150,25750,12,0.8k,25.0k,Ascent,2026-07-05 07:00:00,https://www.vlr.gg/706771/mibr-vs-team-heretics-esports-world-cup-2026-winners-d,Esports World Cup 2026
MIBR,TH,3850,4100,13,0.0k,0.1k,Ascent,2026-07-05 07:00:00,https://www.vlr.gg/706771/mibr-vs-team-heretics-esports-world-cup-2026-winners-d,Esports World Cup 2026
MIBR,TH,9700,17150,14,0.3k,2.5k,Ascent,2026-07-05 07:00:00,https://www.vlr.gg/706771/mibr-vs-team-heretics-esports-world-cup-2026-winners-d,Esports World Cup 2026
MIBR,TH,12350,20000,15,0.5k,12.9k,Ascent,2026-07-05 07:00:00,https://www.vlr.gg/706771/mibr-vs-team-heretics-esports-world-cup-2026-winners-d,Esports World Cup 2026
GE,AG,3800,3900,1,0.3k,0.1k,Sunset,2026-07-05 07:00:00,https://www.vlr.gg/706772/global-esports-vs-all-gamers-esports-world-cup-2026-elim-d,Esports World Cup 2026
GE,AG,14850,3250,2,3.5k,7.6k,Sunset,2026-07-05 07:00:00,https://www.vlr.gg/706772/global-esports-vs-all-gamers-esports-world-cup-2026-elim-d,Esports World Cup 2026
GE,AG,17650,20750,3,14.4k,0.5k,Sunset,2026-07-05 07:00:00,https://www.vlr.gg/706772/global-esports-vs-all-gamers-esports-world-cup-2026-elim-d,Esports World Cup 2026
GE,AG,23150,21150,4,2.1k,4.1k,Sunset,2026-07-05 07:00:00,https://www.vlr.gg/706772/global-esports-vs-all-gamers-esports-world-cup-2026-elim-d,Esports World Cup 2026
GE,AG,13650,24050,5,6.3k,15.7k,Sunset,2026-07-05 07:00:00,https://www.vlr.gg/706772/global-esports-vs-all-gamers-esports-world-cup-2026-elim-d,Esports World Cup 2026
GE,AG,22050,24700,6,0.7k,21.1k,Sunset,2026-07-05 07:00:00,https://www.vlr.gg/706772/global-esports-vs-all-gamers-esports-world-cup-2026-elim-d,Esports World Cup 2026
GE,AG,13700,25850,7,6.5k,28.1k,Sunset,2026-07-05 07:00:00,https://www.vlr.gg/706772/global-esports-vs-all-gamers-esports-world-cup-2026-elim-d,Esports World Cup 2026
GE,AG,20000,25350,8,2.3k,29.7k,Sunset,2026-07-05 07:00:00,https://www.vlr.gg/706772/global-esports-vs-all-gamers-esports-world-cup-2026-elim-d,Esports World Cup 2026
GE,AG,20150,23750,9,2.9k,17.4k,Sunset,2026-07-05 07:00:00,https://www.vlr.gg/706772/global-esports-vs-all-gamers-esports-world-cup-2026-elim-d,Esports World Cup 2026
GE,AG,21500,21450,10,8.1k,8.7k,Sunset,2026-07-05 07:00:00,https://www.vlr.gg/706772/global-esports-vs-all-gamers-esports-world-cup-2026-elim-d,Esports World Cup 2026
GE,AG,10600,23450,11,8.2k,9.4k,Sunset,2026-07-05 07:00:00,https://www.vlr.gg/706772/global-esports-vs-all-gamers-esports-world-cup-2026-elim-d,Esports World Cup 2026
GE,AG,20600,24350,12,0.8k,14.7k,Sunset,2026-07-05 07:00:00,https://www.vlr.gg/706772/global-esports-vs-all-gamers-esports-world-cup-2026-elim-d,Esports World Cup 2026
GE,AG,3950,3700,13,0.3k,0.2k,Sunset,2026-07-05 07:00:00,https://www.vlr.gg/706772/global-esports-vs-all-gamers-esports-world-cup-2026-elim-d,Esports World Cup 2026
GE,AG,15150,2200,14,4.8k,7.9k,Sunset,2026-07-05 07:00:00,https://www.vlr.gg/706772/global-esports-vs-all-gamers-esports-world-cup-2026-elim-d,Esports World Cup 2026
GE,AG,19600,20150,15,13.9k,0.5k,Sunset,2026-07-05 07:00:00,https://www.vlr.gg/706772/global-esports-vs-all-gamers-esports-world-cup-2026-elim-d,Esports World Cup 2026
GE,AG,21900,20200,16,2.9k,10.2k,Sunset,2026-07-05 07:00:00,https://www.vlr.gg/706772/global-esports-vs-all-gamers-esports-world-cup-2026-elim-d,Esports World Cup 2026
GE,AG,20700,13750,17,6.7k,8.8k,Sunset,2026-07-05 07:00:00,https://www.vlr.gg/706772/global-esports-vs-all-gamers-esports-world-cup-2026-elim-d,Esports World Cup 2026
GE,AG,9500,20250,18,9.2k,10.6k,Sunset,2026-07-05 07:00:00,https://www.vlr.gg/706772/global-esports-vs-all-gamers-esports-world-cup-2026-elim-d,Esports World Cup 2026
GE,AG,21900,23850,19,2.5k,6.1k,Sunset,2026-07-05 07:00:00,https://www.vlr.gg/706772/global-esports-vs-all-gamers-esports-world-cup-2026-elim-d,Esports World Cup 2026
GE,AG,22500,7000,20,9.8k,10.0k,Sunset,2026-07-05 07:00:00,https://www.vlr.gg/706772/global-esports-vs-all-gamers-esports-world-cup-2026-elim-d,Esports World Cup 2026
GE,AG,23100,20950,21,17.9k,2.3k,Sunset,2026-07-05 07:00:00,https://www.vlr.gg/706772/global-esports-vs-all-gamers-esports-world-cup-2026-elim-d,Esports World Cup 2026
GE,AG,23000,21000,22,6.9k,5.6k,Sunset,2026-07-05 07:00:00,https://www.vlr.gg/706772/global-esports-vs-all-gamers-esports-world-cup-2026-elim-d,Esports World Cup 2026
GE,AG,23600,19700,23,15.0k,3.3k,Sunset,2026-07-05 07:00:00,https://www.vlr.gg/706772/global-esports-vs-all-gamers-esports-world-cup-2026-elim-d,Esports World Cup 2026
GE,AG,21900,25250,24,3.2k,4.8k,Sunset,2026-07-05 07:00:00,https://www.vlr.gg/706772/global-esports-vs-all-gamers-esports-world-cup-2026-elim-d,Esports World Cup 2026
GE,AG,23800,23850,25,1.0k,0.9k,Sunset,2026-07-05 07:00:00,https://www.vlr.gg/706772/global-esports-vs-all-gamers-esports-world-cup-2026-elim-d,Esports World Cup 2026
GE,AG,24350,23750,26,0.9k,0.9k,Sunset,2026-07-05 07:00:00,https://www.vlr.gg/706772/global-esports-vs-all-gamers-esports-world-cup-2026-elim-d,Esports World Cup 2026
GE,AG,3650,4100,1,0.3k,0.3k,Split,2026-07-05 07:00:00,https://www.vlr.gg/706772/global-esports-vs-all-gamers-esports-world-cup-2026-elim-d,Esports World Cup 2026
GE,AG,16150,4700,2,0.8k,8.6k,Split,2026-07-05 07:00:00,https://www.vlr.gg/706772/global-esports-vs-all-gamers-esports-world-cup-2026-elim-d,Esports World Cup 2026
GE,AG,2800,22350,3,8.9k,10.0k,Split,2026-07-05 07:00:00,https://www.vlr.gg/706772/global-esports-vs-all-gamers-esports-world-cup-2026-elim-d,Esports World Cup 2026
GE,AG,21400,22500,4,0.7k,17.2k,Split,2026-07-05 07:00:00,https://www.vlr.gg/706772/global-esports-vs-all-gamers-esports-world-cup-2026-elim-d,Esports World Cup 2026
GE,AG,7450,23050,5,9.9k,18.4k,Split,2026-07-05 07:00:00,https://www.vlr.gg/706772/global-esports-vs-all-gamers-esports-world-cup-2026-elim-d,Esports World Cup 2026
GE,AG,23700,25050,6,2.4k,16.4k,Split,2026-07-05 07:00:00,https://www.vlr.gg/706772/global-esports-vs-all-gamers-esports-world-cup-2026-elim-d,Esports World Cup 2026
GE,AG,8500,25650,7,10.4k,14.1k,Split,2026-07-05 07:00:00,https://www.vlr.gg/706772/global-esports-vs-all-gamers-esports-world-cup-2026-elim-d,Esports World Cup 2026
GE,AG,24800,22600,8,9.8k,4.1k,Split,2026-07-05 07:00:00,https://www.vlr.gg/706772/global-esports-vs-all-gamers-esports-world-cup-2026-elim-d,Esports World Cup 2026
GE,AG,25600,15550,9,11.8k,4.2k,Split,2026-07-05 07:00:00,https://www.vlr.gg/706772/global-esports-vs-all-gamers-esports-world-cup-2026-elim-d,Esports World Cup 2026
GE,AG,25400,10750,10,12.9k,9.5k,Split,2026-07-05 07:00:00,https://www.vlr.gg/706772/global-esports-vs-all-gamers-esports-world-cup-2026-elim-d,Esports World Cup 2026
GE,AG,25400,20200,11,20.3k,5.9k,Split,2026-07-05 07:00:00,https://www.vlr.gg/706772/global-esports-vs-all-gamers-esports-world-cup-2026-elim-d,Esports World Cup 2026
GE,AG,26000,22000,12,22.4k,0.6k,Split,2026-07-05 07:00:00,https://www.vlr.gg/706772/global-esports-vs-all-gamers-esports-world-cup-2026-elim-d,Esports World Cup 2026
GE,AG,4000,4150,13,0.2k,0.3k,Split,2026-07-05 07:00:00,https://www.vlr.gg/706772/global-esports-vs-all-gamers-esports-world-cup-2026-elim-d,Esports World Cup 2026
GE,AG,3100,17250,14,8.8k,0.4k,Split,2026-07-05 07:00:00,https://www.vlr.gg/706772/global-esports-vs-all-gamers-esports-world-cup-2026-elim-d,Esports World Cup 2026
GE,AG,22350,14700,15,0.8k,13.2k,Split,2026-07-05 07:00:00,https://www.vlr.gg/706772/global-esports-vs-all-gamers-esports-world-cup-2026-elim-d,Esports World Cup 2026
GE,AG,21700,22000,16,7.0k,2.5k,Split,2026-07-05 07:00:00,https://www.vlr.gg/706772/global-esports-vs-all-gamers-esports-world-cup-2026-elim-d,Esports World Cup 2026
GE,AG,11500,23000,17,9.2k,12.7k,Split,2026-07-05 07:00:00,https://www.vlr.gg/706772/global-esports-vs-all-gamers-esports-world-cup-2026-elim-d,Esports World Cup 2026
GE,AG,26600,12950,18,18.4k,13.6k,Split,2026-07-05 07:00:00,https://www.vlr.gg/706772/global-esports-vs-all-gamers-esports-world-cup-2026-elim-d,Esports World Cup 2026
GE,AG,24800,24500,19,4.8k,22.2k,Split,2026-07-05 07:00:00,https://www.vlr.gg/706772/global-esports-vs-all-gamers-esports-world-cup-2026-elim-d,Esports World Cup 2026
GE,AG,24800,23250,20,8.5k,10.4k,Split,2026-07-05 07:00:00,https://www.vlr.gg/706772/global-esports-vs-all-gamers-esports-world-cup-2026-elim-d,Esports World Cup 2026
GE,AG,12950,25100,21,8.4k,14.6k,Split,2026-07-05 07:00:00,https://www.vlr.gg/706772/global-esports-vs-all-gamers-esports-world-cup-2026-elim-d,Esports World Cup 2026
GE,AG,24100,23600,22,9.2k,6.9k,Split,2026-07-05 07:00:00,https://www.vlr.gg/706772/global-esports-vs-all-gamers-esports-world-cup-2026-elim-d,Esports World Cup 2026
GE,AG,17650,25450,23,2.0k,13.8k,Split,2026-07-05 07:00:00,https://www.vlr.gg/706772/global-esports-vs-all-gamers-esports-world-cup-2026-elim-d,Esports World Cup 2026
M8,NS,3650,4400,1,0.3k,0.0k,Lotus,2026-07-05 09:15:00,https://www.vlr.gg/706766/gentle-mates-vs-nongshim-redforce-esports-world-cup-2026-winners-c,Esports World Cup 2026
M8,NS,16750,10950,2,1.2k,0.9k,Lotus,2026-07-05 09:15:00,https://www.vlr.gg/706766/gentle-mates-vs-nongshim-redforce-esports-world-cup-2026-winners-c,Esports World Cup 2026
M8,NS,19300,7150,3,2.0k,7.4k,Lotus,2026-07-05 09:15:00,https://www.vlr.gg/706766/gentle-mates-vs-nongshim-redforce-esports-world-cup-2026-winners-c,Esports World Cup 2026
M8,NS,21700,21800,4,14.7k,2.2k,Lotus,2026-07-05 09:15:00,https://www.vlr.gg/706766/gentle-mates-vs-nongshim-redforce-esports-world-cup-2026-winners-c,Esports World Cup 2026
M8,NS,21950,21500,5,2.9k,8.6k,Lotus,2026-07-05 09:15:00,https://www.vlr.gg/706766/gentle-mates-vs-nongshim-redforce-esports-world-cup-2026-winners-c,Esports World Cup 2026
M8,NS,23050,18300,6,12.5k,2.5k,Lotus,2026-07-05 09:15:00,https://www.vlr.gg/706766/gentle-mates-vs-nongshim-redforce-esports-world-cup-2026-winners-c,Esports World Cup 2026
M8,NS,22950,11400,7,21.5k,6.3k,Lotus,2026-07-05 09:15:00,https://www.vlr.gg/706766/gentle-mates-vs-nongshim-redforce-esports-world-cup-2026-winners-c,Esports World Cup 2026
M8,NS,25550,20250,8,27.3k,2.3k,Lotus,2026-07-05 09:15:00,https://www.vlr.gg/706766/gentle-mates-vs-nongshim-redforce-esports-world-cup-2026-winners-c,Esports World Cup 2026
M8,NS,25450,10150,9,33.1k,7.9k,Lotus,2026-07-05 09:15:00,https://www.vlr.gg/706766/gentle-mates-vs-nongshim-redforce-esports-world-cup-2026-winners-c,Esports World Cup 2026
M8,NS,24750,21150,10,19.3k,3.2k,Lotus,2026-07-05 09:15:00,https://www.vlr.gg/706766/gentle-mates-vs-nongshim-redforce-esports-world-cup-2026-winners-c,Esports World Cup 2026
M8,NS,23300,15500,11,21.1k,3.7k,Lotus,2026-07-05 09:15:00,https://www.vlr.gg/706766/gentle-mates-vs-nongshim-redforce-esports-world-cup-2026-winners-c,Esports World Cup 2026
M8,NS,25200,19450,12,25.3k,0.8k,Lotus,2026-07-05 09:15:00,https://www.vlr.gg/706766/gentle-mates-vs-nongshim-redforce-esports-world-cup-2026-winners-c,Esports World Cup 2026
M8,NS,3650,3950,13,0.3k,0.1k,Lotus,2026-07-05 09:15:00,https://www.vlr.gg/706766/gentle-mates-vs-nongshim-redforce-esports-world-cup-2026-winners-c,Esports World Cup 2026
M8,NS,20650,9350,14,0.3k,0.6k,Lotus,2026-07-05 09:15:00,https://www.vlr.gg/706766/gentle-mates-vs-nongshim-redforce-esports-world-cup-2026-winners-c,Esports World Cup 2026
M8,NS,20750,13150,15,3.6k,0.8k,Lotus,2026-07-05 09:15:00,https://www.vlr.gg/706766/gentle-mates-vs-nongshim-redforce-esports-world-cup-2026-winners-c,Esports World Cup 2026
M8,NS,5550,21000,16,9.1k,5.1k,Lotus,2026-07-05 09:15:00,https://www.vlr.gg/706766/gentle-mates-vs-nongshim-redforce-esports-world-cup-2026-winners-c,Esports World Cup 2026
M8,NS,22050,22500,17,2.0k,6.9k,Lotus,2026-07-05 09:15:00,https://www.vlr.gg/706766/gentle-mates-vs-nongshim-redforce-esports-world-cup-2026-winners-c,Esports World Cup 2026
M8,NS,9500,22200,18,8.2k,8.1k,Lotus,2026-07-05 09:15:00,https://www.vlr.gg/706766/gentle-mates-vs-nongshim-redforce-esports-world-cup-2026-winners-c,Esports World Cup 2026
M8,NS,20550,25700,19,4.5k,14.6k,Lotus,2026-07-05 09:15:00,https://www.vlr.gg/706766/gentle-mates-vs-nongshim-redforce-esports-world-cup-2026-winners-c,Esports World Cup 2026
M8,NS,12650,25850,20,8.3k,20.2k,Lotus,2026-07-05 09:15:00,https://www.vlr.gg/706766/gentle-mates-vs-nongshim-redforce-esports-world-cup-2026-winners-c,Esports World Cup 2026
M8,NS,21400,25850,21,3.2k,22.5k,Lotus,2026-07-05 09:15:00,https://www.vlr.gg/706766/gentle-mates-vs-nongshim-redforce-esports-world-cup-2026-winners-c,Esports World Cup 2026
M8,NS,9000,25700,22,9.6k,28.7k,Lotus,2026-07-05 09:15:00,https://www.vlr.gg/706766/gentle-mates-vs-nongshim-redforce-esports-world-cup-2026-winners-c,Esports World Cup 2026
M8,NS,23200,25850,23,8.1k,18.0k,Lotus,2026-07-05 09:15:00,https://www.vlr.gg/706766/gentle-mates-vs-nongshim-redforce-esports-world-cup-2026-winners-c,Esports World Cup 2026
M8,NS,21350,25850,24,1.5k,25.0k,Lotus,2026-07-05 09:15:00,https://www.vlr.gg/706766/gentle-mates-vs-nongshim-redforce-esports-world-cup-2026-winners-c,Esports World Cup 2026
M8,NS,23200,24200,25,1.5k,1.0k,Lotus,2026-07-05 09:15:00,https://www.vlr.gg/706766/gentle-mates-vs-nongshim-redforce-esports-world-cup-2026-winners-c,Esports World Cup 2026
M8,NS,23850,24100,26,0.9k,0.8k,Lotus,2026-07-05 09:15:00,https://www.vlr.gg/706766/gentle-mates-vs-nongshim-redforce-esports-world-cup-2026-winners-c,Esports World Cup 2026
M8,NS,23750,24200,27,0.9k,1.0k,Lotus,2026-07-05 09:15:00,https://www.vlr.gg/706766/gentle-mates-vs-nongshim-redforce-esports-world-cup-2026-winners-c,Esports World Cup 2026
M8,NS,24050,23900,28,0.9k,1.0k,Lotus,2026-07-05 09:15:00,https://www.vlr.gg/706766/gentle-mates-vs-nongshim-redforce-esports-world-cup-2026-winners-c,Esports World Cup 2026
M8,NS,24250,24200,29,0.9k,1.0k,Lotus,2026-07-05 09:15:00,https://www.vlr.gg/706766/gentle-mates-vs-nongshim-redforce-esports-world-cup-2026-winners-c,Esports World Cup 2026
M8,NS,23850,24050,30,0.9k,0.9k,Lotus,2026-07-05 09:15:00,https://www.vlr.gg/706766/gentle-mates-vs-nongshim-redforce-esports-world-cup-2026-winners-c,Esports World Cup 2026
M8,NS,23750,24200,31,0.9k,1.0k,Lotus,2026-07-05 09:15:00,https://www.vlr.gg/706766/gentle-mates-vs-nongshim-redforce-esports-world-cup-2026-winners-c,Esports World Cup 2026
M8,NS,23850,24550,32,0.9k,0.5k,Lotus,2026-07-05 09:15:00,https://www.vlr.gg/706766/gentle-mates-vs-nongshim-redforce-esports-world-cup-2026-winners-c,Esports World Cup 2026
M8,NS,3700,3400,1,0.4k,0.2k,Haven,2026-07-05 09:15:00,https://www.vlr.gg/706766/gentle-mates-vs-nongshim-redforce-esports-world-cup-2026-winners-c,Esports World Cup 2026
M8,NS,2900,13950,2,8.7k,5.8k,Haven,2026-07-05 09:15:00,https://www.vlr.gg/706766/gentle-mates-vs-nongshim-redforce-esports-world-cup-2026-winners-c,Esports World Cup 2026
M8,NS,21150,17100,3,0.8k,13.3k,Haven,2026-07-05 09:15:00,https://www.vlr.gg/706766/gentle-mates-vs-nongshim-redforce-esports-world-cup-2026-winners-c,Esports World Cup 2026
M8,NS,19550,22100,4,4.3k,3.5k,Haven,2026-07-05 09:15:00,https://www.vlr.gg/706766/gentle-mates-vs-nongshim-redforce-esports-world-cup-2026-winners-c,Esports World Cup 2026
M8,NS,22000,16400,5,9.0k,6.2k,Haven,2026-07-05 09:15:00,https://www.vlr.gg/706766/gentle-mates-vs-nongshim-redforce-esports-world-cup-2026-winners-c,Esports World Cup 2026
M8,NS,23000,20950,6,10.5k,1.0k,Haven,2026-07-05 09:15:00,https://www.vlr.gg/706766/gentle-mates-vs-nongshim-redforce-esports-world-cup-2026-winners-c,Esports World Cup 2026
M8,NS,10450,22650,7,10.5k,14.0k,Haven,2026-07-05 09:15:00,https://www.vlr.gg/706766/gentle-mates-vs-nongshim-redforce-esports-world-cup-2026-winners-c,Esports World Cup 2026
M8,NS,22700,23650,8,0.9k,22.5k,Haven,2026-07-05 09:15:00,https://www.vlr.gg/706766/gentle-mates-vs-nongshim-redforce-esports-world-cup-2026-winners-c,Esports World Cup 2026
M8,NS,23000,24600,9,6.2k,9.7k,Haven,2026-07-05 09:15:00,https://www.vlr.gg/706766/gentle-mates-vs-nongshim-redforce-esports-world-cup-2026-winners-c,Esports World Cup 2026
M8,NS,19400,25700,10,1.6k,20.1k,Haven,2026-07-05 09:15:00,https://www.vlr.gg/706766/gentle-mates-vs-nongshim-redforce-esports-world-cup-2026-winners-c,Esports World Cup 2026
M8,NS,8150,23600,11,7.2k,27.6k,Haven,2026-07-05 09:15:00,https://www.vlr.gg/706766/gentle-mates-vs-nongshim-redforce-esports-world-cup-2026-winners-c,Esports World Cup 2026
M8,NS,22750,24200,12,4.4k,15.0k,Haven,2026-07-05 09:15:00,https://www.vlr.gg/706766/gentle-mates-vs-nongshim-redforce-esports-world-cup-2026-winners-c,Esports World Cup 2026
M8,NS,4250,4150,13,0.2k,0.3k,Haven,2026-07-05 09:15:00,https://www.vlr.gg/706766/gentle-mates-vs-nongshim-redforce-esports-world-cup-2026-winners-c,Esports World Cup 2026
M8,NS,12650,3000,14,7.3k,8.0k,Haven,2026-07-05 09:15:00,https://www.vlr.gg/706766/gentle-mates-vs-nongshim-redforce-esports-world-cup-2026-winners-c,Esports World Cup 2026
M8,NS,18600,21150,15,14.7k,1.1k,Haven,2026-07-05 09:15:00,https://www.vlr.gg/706766/gentle-mates-vs-nongshim-redforce-esports-world-cup-2026-winners-c,Esports World Cup 2026
M8,NS,22100,21150,16,3.4k,11.1k,Haven,2026-07-05 09:15:00,https://www.vlr.gg/706766/gentle-mates-vs-nongshim-redforce-esports-world-cup-2026-winners-c,Esports World Cup 2026
M8,NS,23200,20000,17,11.9k,5.1k,Haven,2026-07-05 09:15:00,https://www.vlr.gg/706766/gentle-mates-vs-nongshim-redforce-esports-world-cup-2026-winners-c,Esports World Cup 2026
M8,NS,23600,8100,18,14.1k,10.1k,Haven,2026-07-05 09:15:00,https://www.vlr.gg/706766/gentle-mates-vs-nongshim-redforce-esports-world-cup-2026-winners-c,Esports World Cup 2026
M8,NS,20850,25400,19,4.0k,8.5k,Haven,2026-07-05 09:15:00,https://www.vlr.gg/706766/gentle-mates-vs-nongshim-redforce-esports-world-cup-2026-winners-c,Esports World Cup 2026
M8,NS,10550,26100,20,7.7k,8.8k,Haven,2026-07-05 09:15:00,https://www.vlr.gg/706766/gentle-mates-vs-nongshim-redforce-esports-world-cup-2026-winners-c,Esports World Cup 2026
M8,NS,26500,19700,21,14.2k,3.5k,Haven,2026-07-05 09:15:00,https://www.vlr.gg/706766/gentle-mates-vs-nongshim-redforce-esports-world-cup-2026-winners-c,Esports World Cup 2026
M8,NS,26000,11100,22,11.3k,5.9k,Haven,2026-07-05 09:15:00,https://www.vlr.gg/706766/gentle-mates-vs-nongshim-redforce-esports-world-cup-2026-winners-c,Esports World Cup 2026
M8,NS,25700,21100,23,16.7k,0.7k,Haven,2026-07-05 09:15:00,https://www.vlr.gg/706766/gentle-mates-vs-nongshim-redforce-esports-world-cup-2026-winners-c,Esports World Cup 2026
M8,NS,3900,4000,1,0.2k,0.4k,Ascent,2026-07-05 09:15:00,https://www.vlr.gg/706766/gentle-mates-vs-nongshim-redforce-esports-world-cup-2026-winners-c,Esports World Cup 2026
M8,NS,1850,16500,2,9.0k,3.4k,Ascent,2026-07-05 09:15:00,https://www.vlr.gg/706766/gentle-mates-vs-nongshim-redforce-esports-world-cup-2026-winners-c,Esports World Cup 2026
M8,NS,22350,12700,3,1.8k,9.8k,Ascent,2026-07-05 09:15:00,https://www.vlr.gg/706766/gentle-mates-vs-nongshim-redforce-esports-world-cup-2026-winners-c,Esports World Cup 2026
M8,NS,22150,19600,4,14.4k,0.6k,Ascent,2026-07-05 09:15:00,https://www.vlr.gg/706766/gentle-mates-vs-nongshim-redforce-esports-world-cup-2026-winners-c,Esports World Cup 2026
M8,NS,22850,7350,5,14.8k,6.7k,Ascent,2026-07-05 09:15:00,https://www.vlr.gg/706766/gentle-mates-vs-nongshim-redforce-esports-world-cup-2026-winners-c,Esports World Cup 2026
M8,NS,26250,19950,6,19.3k,3.6k,Ascent,2026-07-05 09:15:00,https://www.vlr.gg/706766/gentle-mates-vs-nongshim-redforce-esports-world-cup-2026-winners-c,Esports World Cup 2026
M8,NS,23950,21100,7,6.0k,3.6k,Ascent,2026-07-05 09:15:00,https://www.vlr.gg/706766/gentle-mates-vs-nongshim-redforce-esports-world-cup-2026-winners-c,Esports World Cup 2026
M8,NS,24850,7950,8,11.0k,6.8k,Ascent,2026-07-05 09:15:00,https://www.vlr.gg/706766/gentle-mates-vs-nongshim-redforce-esports-world-cup-2026-winners-c,Esports World Cup 2026
M8,NS,22750,19850,9,7.8k,1.1k,Ascent,2026-07-05 09:15:00,https://www.vlr.gg/706766/gentle-mates-vs-nongshim-redforce-esports-world-cup-2026-winners-c,Esports World Cup 2026
M8,NS,23500,8250,10,17.7k,8.7k,Ascent,2026-07-05 09:15:00,https://www.vlr.gg/706766/gentle-mates-vs-nongshim-redforce-esports-world-cup-2026-winners-c,Esports World Cup 2026
M8,NS,26250,21750,11,22.6k,4.0k,Ascent,2026-07-05 09:15:00,https://www.vlr.gg/706766/gentle-mates-vs-nongshim-redforce-esports-world-cup-2026-winners-c,Esports World Cup 2026
M8,NS,25750,20900,12,13.3k,0.5k,Ascent,2026-07-05 09:15:00,https://www.vlr.gg/706766/gentle-mates-vs-nongshim-redforce-esports-world-cup-2026-winners-c,Esports World Cup 2026
M8,NS,4050,4050,13,0.2k,0.1k,Ascent,2026-07-05 09:15:00,https://www.vlr.gg/706766/gentle-mates-vs-nongshim-redforce-esports-world-cup-2026-winners-c,Esports World Cup 2026
M8,NS,16350,3500,14,3.0k,7.0k,Ascent,2026-07-05 09:15:00,https://www.vlr.gg/706766/gentle-mates-vs-nongshim-redforce-esports-world-cup-2026-winners-c,Esports World Cup 2026
M8,NS,18350,19750,15,11.3k,0.5k,Ascent,2026-07-05 09:15:00,https://www.vlr.gg/706766/gentle-mates-vs-nongshim-redforce-esports-world-cup-2026-winners-c,Esports World Cup 2026
M8,NS,25150,15750,16,17.8k,0.6k,Ascent,2026-07-05 09:15:00,https://www.vlr.gg/706766/gentle-mates-vs-nongshim-redforce-esports-world-cup-2026-winners-c,Esports World Cup 2026
XLG,G2,3800,3800,1,0.2k,0.2k,Lotus,2026-07-05 09:25:00,https://www.vlr.gg/706767/xi-lai-gaming-vs-g2-esports-esports-world-cup-2026-elim-c,Esports World Cup 2026
XLG,G2,300,13600,2,10.1k,3.6k,Lotus,2026-07-05 09:25:00,https://www.vlr.gg/706767/xi-lai-gaming-vs-g2-esports-esports-world-cup-2026-elim-c,Esports World Cup 2026
XLG,G2,21800,16400,3,0.7k,12.6k,Lotus,2026-07-05 09:25:00,https://www.vlr.gg/706767/xi-lai-gaming-vs-g2-esports-esports-world-cup-2026-elim-c,Esports World Cup 2026
XLG,G2,8050,23500,4,9.5k,15.4k,Lotus,2026-07-05 09:25:00,https://www.vlr.gg/706767/xi-lai-gaming-vs-g2-esports-esports-world-cup-2026-elim-c,Esports World Cup 2026
XLG,G2,22350,24300,5,4.3k,28.0k,Lotus,2026-07-05 09:25:00,https://www.vlr.gg/706767/xi-lai-gaming-vs-g2-esports-esports-world-cup-2026-elim-c,Esports World Cup 2026
XLG,G2,22150,24650,6,7.8k,14.4k,Lotus,2026-07-05 09:25:00,https://www.vlr.gg/706767/xi-lai-gaming-vs-g2-esports-esports-world-cup-2026-elim-c,Esports World Cup 2026
XLG,G2,17100,23950,7,2.5k,18.3k,Lotus,2026-07-05 09:25:00,https://www.vlr.gg/706767/xi-lai-gaming-vs-g2-esports-esports-world-cup-2026-elim-c,Esports World Cup 2026
XLG,G2,8650,24400,8,8.5k,19.8k,Lotus,2026-07-05 09:25:00,https://www.vlr.gg/706767/xi-lai-gaming-vs-g2-esports-esports-world-cup-2026-elim-c,Esports World Cup 2026
XLG,G2,22500,24300,9,3.0k,14.9k,Lotus,2026-07-05 09:25:00,https://www.vlr.gg/706767/xi-lai-gaming-vs-g2-esports-esports-world-cup-2026-elim-c,Esports World Cup 2026
XLG,G2,21550,20600,10,2.2k,5.3k,Lotus,2026-07-05 09:25:00,https://www.vlr.gg/706767/xi-lai-gaming-vs-g2-esports-esports-world-cup-2026-elim-c,Esports World Cup 2026
XLG,G2,4550,21700,11,9.6k,9.4k,Lotus,2026-07-05 09:25:00,https://www.vlr.gg/706767/xi-lai-gaming-vs-g2-esports-esports-world-cup-2026-elim-c,Esports World Cup 2026
XLG,G2,24500,18300,12,9.6k,1.1k,Lotus,2026-07-05 09:25:00,https://www.vlr.gg/706767/xi-lai-gaming-vs-g2-esports-esports-world-cup-2026-elim-c,Esports World Cup 2026
XLG,G2,3800,4250,13,0.2k,0.2k,Lotus,2026-07-05 09:25:00,https://www.vlr.gg/706767/xi-lai-gaming-vs-g2-esports-esports-world-cup-2026-elim-c,Esports World Cup 2026
XLG,G2,1100,15400,14,9.3k,4.4k,Lotus,2026-07-05 09:25:00,https://www.vlr.gg/706767/xi-lai-gaming-vs-g2-esports-esports-world-cup-2026-elim-c,Esports World Cup 2026
XLG,G2,20150,6200,15,11.7k,8.7k,Lotus,2026-07-05 09:25:00,https://www.vlr.gg/706767/xi-lai-gaming-vs-g2-esports-esports-world-cup-2026-elim-c,Esports World Cup 2026
XLG,G2,18450,21850,16,3.9k,13.6k,Lotus,2026-07-05 09:25:00,https://www.vlr.gg/706767/xi-lai-gaming-vs-g2-esports-esports-world-cup-2026-elim-c,Esports World Cup 2026
XLG,G2,7700,23000,17,9.0k,27.0k,Lotus,2026-07-05 09:25:00,https://www.vlr.gg/706767/xi-lai-gaming-vs-g2-esports-esports-world-cup-2026-elim-c,Esports World Cup 2026
XLG,G2,22700,26100,18,1.5k,29.0k,Lotus,2026-07-05 09:25:00,https://www.vlr.gg/706767/xi-lai-gaming-vs-g2-esports-esports-world-cup-2026-elim-c,Esports World Cup 2026
XLG,G2,22100,24450,19,3.5k,14.9k,Lotus,2026-07-05 09:25:00,https://www.vlr.gg/706767/xi-lai-gaming-vs-g2-esports-esports-world-cup-2026-elim-c,Esports World Cup 2026
XLG,G2,22450,23600,20,3.2k,6.5k,Lotus,2026-07-05 09:25:00,https://www.vlr.gg/706767/xi-lai-gaming-vs-g2-esports-esports-world-cup-2026-elim-c,Esports World Cup 2026
XLG,G2,4350,3700,1,0.1k,0.0k,Breeze,2026-07-05 09:25:00,https://www.vlr.gg/706767/xi-lai-gaming-vs-g2-esports-esports-world-cup-2026-elim-c,Esports World Cup 2026
XLG,G2,16800,1350,2,2.4k,8.8k,Breeze,2026-07-05 09:25:00,https://www.vlr.gg/706767/xi-lai-gaming-vs-g2-esports-esports-world-cup-2026-elim-c,Esports World Cup 2026
XLG,G2,21000,20100,3,13.7k,0.7k,Breeze,2026-07-05 09:25:00,https://www.vlr.gg/706767/xi-lai-gaming-vs-g2-esports-esports-world-cup-2026-elim-c,Esports World Cup 2026
XLG,G2,23250,7350,4,16.1k,8.8k,Breeze,2026-07-05 09:25:00,https://www.vlr.gg/706767/xi-lai-gaming-vs-g2-esports-esports-world-cup-2026-elim-c,Esports World Cup 2026
XLG,G2,24050,22000,5,25.8k,2.2k,Breeze,2026-07-05 09:25:00,https://www.vlr.gg/706767/xi-lai-gaming-vs-g2-esports-esports-world-cup-2026-elim-c,Esports World Cup 2026
XLG,G2,22750,8000,6,28.3k,9.2k,Breeze,2026-07-05 09:25:00,https://www.vlr.gg/706767/xi-lai-gaming-vs-g2-esports-esports-world-cup-2026-elim-c,Esports World Cup 2026
XLG,G2,23150,22450,7,20.5k,2.4k,Breeze,2026-07-05 09:25:00,https://www.vlr.gg/706767/xi-lai-gaming-vs-g2-esports-esports-world-cup-2026-elim-c,Esports World Cup 2026
XLG,G2,22650,20650,8,9.5k,8.1k,Breeze,2026-07-05 09:25:00,https://www.vlr.gg/706767/xi-lai-gaming-vs-g2-esports-esports-world-cup-2026-elim-c,Esports World Cup 2026
XLG,G2,21850,22450,9,1.5k,9.1k,Breeze,2026-07-05 09:25:00,https://www.vlr.gg/706767/xi-lai-gaming-vs-g2-esports-esports-world-cup-2026-elim-c,Esports World Cup 2026
XLG,G2,20700,18650,10,2.4k,1.0k,Breeze,2026-07-05 09:25:00,https://www.vlr.gg/706767/xi-lai-gaming-vs-g2-esports-esports-world-cup-2026-elim-c,Esports World Cup 2026
XLG,G2,7600,20500,11,7.7k,6.3k,Breeze,2026-07-05 09:25:00,https://www.vlr.gg/706767/xi-lai-gaming-vs-g2-esports-esports-world-cup-2026-elim-c,Esports World Cup 2026
XLG,G2,22650,23500,12,0.5k,5.9k,Breeze,2026-07-05 09:25:00,https://www.vlr.gg/706767/xi-lai-gaming-vs-g2-esports-esports-world-cup-2026-elim-c,Esports World Cup 2026
XLG,G2,3950,3950,13,0.2k,0.1k,Breeze,2026-07-05 09:25:00,https://www.vlr.gg/706767/xi-lai-gaming-vs-g2-esports-esports-world-cup-2026-elim-c,Esports World Cup 2026
XLG,G2,2100,14550,14,9.3k,4.3k,Breeze,2026-07-05 09:25:00,https://www.vlr.gg/706767/xi-lai-gaming-vs-g2-esports-esports-world-cup-2026-elim-c,Esports World Cup 2026
XLG,G2,21900,15850,15,0.3k,13.7k,Breeze,2026-07-05 09:25:00,https://www.vlr.gg/706767/xi-lai-gaming-vs-g2-esports-esports-world-cup-2026-elim-c,Esports World Cup 2026
XLG,G2,9850,22450,16,8.8k,20.8k,Breeze,2026-07-05 09:25:00,https://www.vlr.gg/706767/xi-lai-gaming-vs-g2-esports-esports-world-cup-2026-elim-c,Esports World Cup 2026
XLG,G2,22600,22500,17,12.5k,8.9k,Breeze,2026-07-05 09:25:00,https://www.vlr.gg/706767/xi-lai-gaming-vs-g2-esports-esports-world-cup-2026-elim-c,Esports World Cup 2026
XLG,G2,19100,22950,18,4.5k,11.7k,Breeze,2026-07-05 09:25:00,https://www.vlr.gg/706767/xi-lai-gaming-vs-g2-esports-esports-world-cup-2026-elim-c,Esports World Cup 2026
XLG,G2,23000,20400,19,8.7k,1.2k,Breeze,2026-07-05 09:25:00,https://www.vlr.gg/706767/xi-lai-gaming-vs-g2-esports-esports-world-cup-2026-elim-c,Esports World Cup 2026
XLG,G2,8350,21350,20,12.3k,4.5k,Breeze,2026-07-05 09:25:00,https://www.vlr.gg/706767/xi-lai-gaming-vs-g2-esports-esports-world-cup-2026-elim-c,Esports World Cup 2026
XLG,G2,24450,22650,21,1.6k,16.4k,Breeze,2026-07-05 09:25:00,https://www.vlr.gg/706767/xi-lai-gaming-vs-g2-esports-esports-world-cup-2026-elim-c,Esports World Cup 2026
XLG,G2,21500,23400,22,1.4k,21.1k,Breeze,2026-07-05 09:25:00,https://www.vlr.gg/706767/xi-lai-gaming-vs-g2-esports-esports-world-cup-2026-elim-c,Esports World Cup 2026
BBL,EDG,3100,4300,1,0.5k,0.1k,Lotus,2026-07-06 07:00:00,https://www.vlr.gg/706758/bbl-esports-vs-edward-gaming-esports-world-cup-2026-decider-a,Esports World Cup 2026
BBL,EDG,17350,2400,2,0.8k,9.7k,Lotus,2026-07-06 07:00:00,https://www.vlr.gg/706758/bbl-esports-vs-edward-gaming-esports-world-cup-2026-decider-a,Esports World Cup 2026
BBL,EDG,11650,22400,3,11.0k,0.6k,Lotus,2026-07-06 07:00:00,https://www.vlr.gg/706758/bbl-esports-vs-edward-gaming-esports-world-cup-2026-decider-a,Esports World Cup 2026
BBL,EDG,23350,9050,4,7.3k,8.3k,Lotus,2026-07-06 07:00:00,https://www.vlr.gg/706758/bbl-esports-vs-edward-gaming-esports-world-cup-2026-decider-a,Esports World Cup 2026
BBL,EDG,25650,22050,5,13.4k,1.9k,Lotus,2026-07-06 07:00:00,https://www.vlr.gg/706758/bbl-esports-vs-edward-gaming-esports-world-cup-2026-decider-a,Esports World Cup 2026
BBL,EDG,25450,12650,6,18.2k,5.4k,Lotus,2026-07-06 07:00:00,https://www.vlr.gg/706758/bbl-esports-vs-edward-gaming-esports-world-cup-2026-decider-a,Esports World Cup 2026
BBL,EDG,25450,21950,7,21.1k,1.4k,Lotus,2026-07-06 07:00:00,https://www.vlr.gg/706758/bbl-esports-vs-edward-gaming-esports-world-cup-2026-decider-a,Esports World Cup 2026
BBL,EDG,25450,10350,8,26.9k,8.2k,Lotus,2026-07-06 07:00:00,https://www.vlr.gg/706758/bbl-esports-vs-edward-gaming-esports-world-cup-2026-decider-a,Esports World Cup 2026
BBL,EDG,25450,22750,9,27.9k,3.5k,Lotus,2026-07-06 07:00:00,https://www.vlr.gg/706758/bbl-esports-vs-edward-gaming-esports-world-cup-2026-decider-a,Esports World Cup 2026
BBL,EDG,25450,20600,10,22.6k,0.8k,Lotus,2026-07-06 07:00:00,https://www.vlr.gg/706758/bbl-esports-vs-edward-gaming-esports-world-cup-2026-decider-a,Esports World Cup 2026
BBL,EDG,23150,12650,11,21.7k,4.3k,Lotus,2026-07-06 07:00:00,https://www.vlr.gg/706758/bbl-esports-vs-edward-gaming-esports-world-cup-2026-decider-a,Esports World Cup 2026
BBL,EDG,25450,20050,12,16.0k,0.9k,Lotus,2026-07-06 07:00:00,https://www.vlr.gg/706758/bbl-esports-vs-edward-gaming-esports-world-cup-2026-decider-a,Esports World Cup 2026
BBL,EDG,3700,4350,13,0.3k,0.1k,Lotus,2026-07-06 07:00:00,https://www.vlr.gg/706758/bbl-esports-vs-edward-gaming-esports-world-cup-2026-decider-a,Esports World Cup 2026
BBL,EDG,3300,16600,14,9.5k,0.5k,Lotus,2026-07-06 07:00:00,https://www.vlr.gg/706758/bbl-esports-vs-edward-gaming-esports-world-cup-2026-decider-a,Esports World Cup 2026
BBL,EDG,21500,18750,15,0.6k,4.5k,Lotus,2026-07-06 07:00:00,https://www.vlr.gg/706758/bbl-esports-vs-edward-gaming-esports-world-cup-2026-decider-a,Esports World Cup 2026
BBL,EDG,11300,22600,16,6.4k,2.5k,Lotus,2026-07-06 07:00:00,https://www.vlr.gg/706758/bbl-esports-vs-edward-gaming-esports-world-cup-2026-decider-a,Esports World Cup 2026
BBL,EDG,20450,26100,17,1.5k,9.3k,Lotus,2026-07-06 07:00:00,https://www.vlr.gg/706758/bbl-esports-vs-edward-gaming-esports-world-cup-2026-decider-a,Esports World Cup 2026
BBL,EDG,4000,3500,1,0.2k,0.3k,Breeze,2026-07-06 07:00:00,https://www.vlr.gg/706758/bbl-esports-vs-edward-gaming-esports-world-cup-2026-decider-a,Esports World Cup 2026
BBL,EDG,18900,3150,2,3.0k,8.0k,Breeze,2026-07-06 07:00:00,https://www.vlr.gg/706758/bbl-esports-vs-edward-gaming-esports-world-cup-2026-decider-a,Esports World Cup 2026
BBL,EDG,21900,21550,3,15.9k,0.4k,Breeze,2026-07-06 07:00:00,https://www.vlr.gg/706758/bbl-esports-vs-edward-gaming-esports-world-cup-2026-decider-a,Esports World Cup 2026
BBL,EDG,23200,8650,4,20.0k,7.5k,Breeze,2026-07-06 07:00:00,https://www.vlr.gg/706758/bbl-esports-vs-edward-gaming-esports-world-cup-2026-decider-a,Esports World Cup 2026
BBL,EDG,24000,22200,5,25.7k,1.7k,Breeze,2026-07-06 07:00:00,https://www.vlr.gg/706758/bbl-esports-vs-edward-gaming-esports-world-cup-2026-decider-a,Esports World Cup 2026
BBL,EDG,23500,12600,6,30.5k,8.4k,Breeze,2026-07-06 07:00:00,https://www.vlr.gg/706758/bbl-esports-vs-edward-gaming-esports-world-cup-2026-decider-a,Esports World Cup 2026
BBL,EDG,24000,22200,7,35.2k,2.4k,Breeze,2026-07-06 07:00:00,https://www.vlr.gg/706758/bbl-esports-vs-edward-gaming-esports-world-cup-2026-decider-a,Esports World Cup 2026
BBL,EDG,24000,18800,8,30.0k,2.1k,Breeze,2026-07-06 07:00:00,https://www.vlr.gg/706758/bbl-esports-vs-edward-gaming-esports-world-cup-2026-decider-a,Esports World Cup 2026
BBL,EDG,25800,20950,9,13.1k,5.9k,Breeze,2026-07-06 07:00:00,https://www.vlr.gg/706758/bbl-esports-vs-edward-gaming-esports-world-cup-2026-decider-a,Esports World Cup 2026
BBL,EDG,23500,9750,10,15.4k,7.9k,Breeze,2026-07-06 07:00:00,https://www.vlr.gg/706758/bbl-esports-vs-edward-gaming-esports-world-cup-2026-decider-a,Esports World Cup 2026
BBL,EDG,21600,22500,11,6.9k,8.7k,Breeze,2026-07-06 07:00:00,https://www.vlr.gg/706758/bbl-esports-vs-edward-gaming-esports-world-cup-2026-decider-a,Esports World Cup 2026
BBL,EDG,21500,23100,12,1.4k,13.7k,Breeze,2026-07-06 07:00:00,https://www.vlr.gg/706758/bbl-esports-vs-edward-gaming-esports-world-cup-2026-decider-a,Esports World Cup 2026
BBL,EDG,4000,3600,13,0.2k,0.4k,Breeze,2026-07-06 07:00:00,https://www.vlr.gg/706758/bbl-esports-vs-edward-gaming-esports-world-cup-2026-decider-a,Esports World Cup 2026
BBL,EDG,18250,3600,14,0.1k,8.7k,Breeze,2026-07-06 07:00:00,https://www.vlr.gg/706758/bbl-esports-vs-edward-gaming-esports-world-cup-2026-decider-a,Esports World Cup 2026
BBL,EDG,18100,21150,15,10.7k,1.3k,Breeze,2026-07-06 07:00:00,https://www.vlr.gg/706758/bbl-esports-vs-edward-gaming-esports-world-cup-2026-decider-a,Esports World Cup 2026
BBL,EDG,23900,14650,16,13.1k,2.2k,Breeze,2026-07-06 07:00:00,https://www.vlr.gg/706758/bbl-esports-vs-edward-gaming-esports-world-cup-2026-decider-a,Esports World Cup 2026
BBL,EDG,25300,17850,17,17.6k,0.5k,Breeze,2026-07-06 07:00:00,https://www.vlr.gg/706758/bbl-esports-vs-edward-gaming-esports-world-cup-2026-decider-a,Esports World Cup 2026
BBL,EDG,22700,23250,18,5.1k,7.8k,Breeze,2026-07-06 07:00:00,https://www.vlr.gg/706758/bbl-esports-vs-edward-gaming-esports-world-cup-2026-decider-a,Esports World Cup 2026
NRG,KC,3950,3800,1,0.1k,0.0k,Breeze,2026-07-06 09:05:00,https://www.vlr.gg/706763/nrg-vs-karmine-corp-esports-world-cup-2026-decider-b,Esports World Cup 2026
NRG,KC,18250,1000,2,1.7k,9.3k,Breeze,2026-07-06 09:05:00,https://www.vlr.gg/706763/nrg-vs-karmine-corp-esports-world-cup-2026-decider-b,Esports World Cup 2026
NRG,KC,18550,21500,3,14.6k,0.8k,Breeze,2026-07-06 09:05:00,https://www.vlr.gg/706763/nrg-vs-karmine-corp-esports-world-cup-2026-decider-b,Esports World Cup 2026
NRG,KC,22000,20900,4,3.7k,4.7k,Breeze,2026-07-06 09:05:00,https://www.vlr.gg/706763/nrg-vs-karmine-corp-esports-world-cup-2026-decider-b,Esports World Cup 2026
NRG,KC,24050,8300,5,10.6k,8.8k,Breeze,2026-07-06 09:05:00,https://www.vlr.gg/706763/nrg-vs-karmine-corp-esports-world-cup-2026-decider-b,Esports World Cup 2026
NRG,KC,24050,21250,6,18.1k,3.1k,Breeze,2026-07-06 09:05:00,https://www.vlr.gg/706763/nrg-vs-karmine-corp-esports-world-cup-2026-decider-b,Esports World Cup 2026
NRG,KC,20150,21900,7,9.4k,7.2k,Breeze,2026-07-06 09:05:00,https://www.vlr.gg/706763/nrg-vs-karmine-corp-esports-world-cup-2026-decider-b,Esports World Cup 2026
NRG,KC,22850,9300,8,11.5k,9.2k,Breeze,2026-07-06 09:05:00,https://www.vlr.gg/706763/nrg-vs-karmine-corp-esports-world-cup-2026-decider-b,Esports World Cup 2026
NRG,KC,23900,19250,9,14.4k,5.6k,Breeze,2026-07-06 09:05:00,https://www.vlr.gg/706763/nrg-vs-karmine-corp-esports-world-cup-2026-decider-b,Esports World Cup 2026
NRG,KC,24050,18650,10,17.7k,4.2k,Breeze,2026-07-06 09:05:00,https://www.vlr.gg/706763/nrg-vs-karmine-corp-esports-world-cup-2026-decider-b,Esports World Cup 2026
NRG,KC,24950,19850,11,23.0k,2.3k,Breeze,2026-07-06 09:05:00,https://www.vlr.gg/706763/nrg-vs-karmine-corp-esports-world-cup-2026-decider-b,Esports World Cup 2026
NRG,KC,23300,19650,12,5.0k,0.8k,Breeze,2026-07-06 09:05:00,https://www.vlr.gg/706763/nrg-vs-karmine-corp-esports-world-cup-2026-decider-b,Esports World Cup 2026
NRG,KC,3900,3800,13,0.1k,0.0k,Breeze,2026-07-06 09:05:00,https://www.vlr.gg/706763/nrg-vs-karmine-corp-esports-world-cup-2026-decider-b,Esports World Cup 2026
NRG,KC,17200,3450,14,0.6k,7.2k,Breeze,2026-07-06 09:05:00,https://www.vlr.gg/706763/nrg-vs-karmine-corp-esports-world-cup-2026-decider-b,Esports World Cup 2026
NRG,KC,18250,19050,15,10.4k,0.5k,Breeze,2026-07-06 09:05:00,https://www.vlr.gg/706763/nrg-vs-karmine-corp-esports-world-cup-2026-decider-b,Esports World Cup 2026
NRG,KC,18300,20250,16,3.4k,4.5k,Breeze,2026-07-06 09:05:00,https://www.vlr.gg/706763/nrg-vs-karmine-corp-esports-world-cup-2026-decider-b,Esports World Cup 2026
NRG,KC,10450,21650,17,10.8k,5.9k,Breeze,2026-07-06 09:05:00,https://www.vlr.gg/706763/nrg-vs-karmine-corp-esports-world-cup-2026-decider-b,Esports World Cup 2026
NRG,KC,21800,22600,18,9.2k,12.5k,Breeze,2026-07-06 09:05:00,https://www.vlr.gg/706763/nrg-vs-karmine-corp-esports-world-cup-2026-decider-b,Esports World Cup 2026
NRG,KC,20650,20050,19,10.0k,3.8k,Breeze,2026-07-06 09:05:00,https://www.vlr.gg/706763/nrg-vs-karmine-corp-esports-world-cup-2026-decider-b,Esports World Cup 2026
NRG,KC,4000,4100,1,0.2k,0.1k,Fracture,2026-07-06 09:05:00,https://www.vlr.gg/706763/nrg-vs-karmine-corp-esports-world-cup-2026-decider-b,Esports World Cup 2026
NRG,KC,14550,1200,2,5.9k,9.1k,Fracture,2026-07-06 09:05:00,https://www.vlr.gg/706763/nrg-vs-karmine-corp-esports-world-cup-2026-decider-b,Esports World Cup 2026
NRG,KC,22500,20750,3,12.0k,0.6k,Fracture,2026-07-06 09:05:00,https://www.vlr.gg/706763/nrg-vs-karmine-corp-esports-world-cup-2026-decider-b,Esports World Cup 2026
NRG,KC,18650,21800,4,3.5k,12.8k,Fracture,2026-07-06 09:05:00,https://www.vlr.gg/706763/nrg-vs-karmine-corp-esports-world-cup-2026-decider-b,Esports World Cup 2026
NRG,KC,9350,23600,5,8.6k,16.0k,Fracture,2026-07-06 09:05:00,https://www.vlr.gg/706763/nrg-vs-karmine-corp-esports-world-cup-2026-decider-b,Esports World Cup 2026
NRG,KC,21400,22700,6,4.6k,13.0k,Fracture,2026-07-06 09:05:00,https://www.vlr.gg/706763/nrg-vs-karmine-corp-esports-world-cup-2026-decider-b,Esports World Cup 2026
NRG,KC,18500,23700,7,3.8k,22.0k,Fracture,2026-07-06 09:05:00,https://www.vlr.gg/706763/nrg-vs-karmine-corp-esports-world-cup-2026-decider-b,Esports World Cup 2026
NRG,KC,18300,23150,8,2.3k,23.4k,Fracture,2026-07-06 09:05:00,https://www.vlr.gg/706763/nrg-vs-karmine-corp-esports-world-cup-2026-decider-b,Esports World Cup 2026
NRG,KC,17500,23200,9,1.8k,23.7k,Fracture,2026-07-06 09:05:00,https://www.vlr.gg/706763/nrg-vs-karmine-corp-esports-world-cup-2026-decider-b,Esports World Cup 2026
NRG,KC,17250,24000,10,1.8k,25.1k,Fracture,2026-07-06 09:05:00,https://www.vlr.gg/706763/nrg-vs-karmine-corp-esports-world-cup-2026-decider-b,Esports World Cup 2026
NRG,KC,15150,24300,11,3.2k,23.1k,Fracture,2026-07-06 09:05:00,https://www.vlr.gg/706763/nrg-vs-karmine-corp-esports-world-cup-2026-decider-b,Esports World Cup 2026
NRG,KC,19700,24000,12,0.8k,29.2k,Fracture,2026-07-06 09:05:00,https://www.vlr.gg/706763/nrg-vs-karmine-corp-esports-world-cup-2026-decider-b,Esports World Cup 2026
NRG,KC,3850,3900,13,0.2k,0.3k,Fracture,2026-07-06 09:05:00,https://www.vlr.gg/706763/nrg-vs-karmine-corp-esports-world-cup-2026-decider-b,Esports World Cup 2026
NRG,KC,16350,3850,14,0.5k,8.9k,Fracture,2026-07-06 09:05:00,https://www.vlr.gg/706763/nrg-vs-karmine-corp-esports-world-cup-2026-decider-b,Esports World Cup 2026
NRG,KC,17750,22200,15,2.3k,1.5k,Fracture,2026-07-06 09:05:00,https://www.vlr.gg/706763/nrg-vs-karmine-corp-esports-world-cup-2026-decider-b,Esports World Cup 2026
NRG,KC,6700,22800,16,8.9k,12.7k,Fracture,2026-07-06 09:05:00,https://www.vlr.gg/706763/nrg-vs-karmine-corp-esports-world-cup-2026-decider-b,Esports World Cup 2026
NRG,KC,20750,23600,17,1.5k,15.1k,Fracture,2026-07-06 09:05:00,https://www.vlr.gg/706763/nrg-vs-karmine-corp-esports-world-cup-2026-decider-b,Esports World Cup 2026
NRG,KC,18350,23900,18,3.0k,10.3k,Fracture,2026-07-06 09:05:00,https://www.vlr.gg/706763/nrg-vs-karmine-corp-esports-world-cup-2026-decider-b,Esports World Cup 2026
NRG,KC,21450,20400,19,6.5k,2.9k,Fracture,2026-07-06 09:05:00,https://www.vlr.gg/706763/nrg-vs-karmine-corp-esports-world-cup-2026-decider-b,Esports World Cup 2026
NRG,KC,19850,21500,20,0.6k,13.4k,Fracture,2026-07-06 09:05:00,https://www.vlr.gg/706763/nrg-vs-karmine-corp-esports-world-cup-2026-decider-b,Esports World Cup 2026
NRG,KC,4250,3850,1,0.2k,0.4k,Haven,2026-07-06 09:05:00,https://www.vlr.gg/706763/nrg-vs-karmine-corp-esports-world-cup-2026-decider-b,Esports World Cup 2026
NRG,KC,17400,1100,2,0.2k,11.7k,Haven,2026-07-06 09:05:00,https://www.vlr.gg/706763/nrg-vs-karmine-corp-esports-world-cup-2026-decider-b,Esports World Cup 2026
NRG,KC,17700,22250,3,13.5k,1.8k,Haven,2026-07-06 09:05:00,https://www.vlr.gg/706763/nrg-vs-karmine-corp-esports-world-cup-2026-decider-b,Esports World Cup 2026
NRG,KC,20950,19950,4,5.0k,3.3k,Haven,2026-07-06 09:05:00,https://www.vlr.gg/706763/nrg-vs-karmine-corp-esports-world-cup-2026-decider-b,Esports World Cup 2026
NRG,KC,22350,7900,5,3.3k,8.1k,Haven,2026-07-06 09:05:00,https://www.vlr.gg/706763/nrg-vs-karmine-corp-esports-world-cup-2026-decider-b,Esports World Cup 2026
NRG,KC,23550,20900,6,14.0k,2.1k,Haven,2026-07-06 09:05:00,https://www.vlr.gg/706763/nrg-vs-karmine-corp-esports-world-cup-2026-decider-b,Esports World Cup 2026
NRG,KC,24100,7900,7,22.4k,12.0k,Haven,2026-07-06 09:05:00,https://www.vlr.gg/706763/nrg-vs-karmine-corp-esports-world-cup-2026-decider-b,Esports World Cup 2026
NRG,KC,26100,20900,8,25.4k,6.7k,Haven,2026-07-06 09:05:00,https://www.vlr.gg/706763/nrg-vs-karmine-corp-esports-world-cup-2026-decider-b,Esports World Cup 2026
NRG,KC,23650,20900,9,13.2k,10.9k,Haven,2026-07-06 09:05:00,https://www.vlr.gg/706763/nrg-vs-karmine-corp-esports-world-cup-2026-decider-b,Esports World Cup 2026
NRG,KC,25450,19450,10,13.4k,3.7k,Haven,2026-07-06 09:05:00,https://www.vlr.gg/706763/nrg-vs-karmine-corp-esports-world-cup-2026-decider-b,Esports World Cup 2026
NRG,KC,26700,8250,11,21.0k,9.5k,Haven,2026-07-06 09:05:00,https://www.vlr.gg/706763/nrg-vs-karmine-corp-esports-world-cup-2026-decider-b,Esports World Cup 2026
NRG,KC,26400,23400,12,16.8k,3.3k,Haven,2026-07-06 09:05:00,https://www.vlr.gg/706763/nrg-vs-karmine-corp-esports-world-cup-2026-decider-b,Esports World Cup 2026
NRG,KC,4350,3800,13,0.1k,0.3k,Haven,2026-07-06 09:05:00,https://www.vlr.gg/706763/nrg-vs-karmine-corp-esports-world-cup-2026-decider-b,Esports World Cup 2026
NRG,KC,2650,17150,14,9.7k,0.5k,Haven,2026-07-06 09:05:00,https://www.vlr.gg/706763/nrg-vs-karmine-corp-esports-world-cup-2026-decider-b,Esports World Cup 2026
NRG,KC,22700,19850,15,0.6k,10.1k,Haven,2026-07-06 09:05:00,https://www.vlr.gg/706763/nrg-vs-karmine-corp-esports-world-cup-2026-decider-b,Esports World Cup 2026
NRG,KC,22200,20800,16,11.0k,5.7k,Haven,2026-07-06 09:05:00,https://www.vlr.gg/706763/nrg-vs-karmine-corp-esports-world-cup-2026-decider-b,Esports World Cup 2026
NRG,KC,22200,22300,17,5.7k,15.0k,Haven,2026-07-06 09:05:00,https://www.vlr.gg/706763/nrg-vs-karmine-corp-esports-world-cup-2026-decider-b,Esports World Cup 2026
NRG,KC,23350,22600,18,10.6k,5.9k,Haven,2026-07-06 09:05:00,https://www.vlr.gg/706763/nrg-vs-karmine-corp-esports-world-cup-2026-decider-b,Esports World Cup 2026
NRG,KC,20400,22550,19,3.6k,5.8k,Haven,2026-07-06 09:05:00,https://www.vlr.gg/706763/nrg-vs-karmine-corp-esports-world-cup-2026-decider-b,Esports World Cup 2026
NRG,KC,12300,24200,20,6.6k,5.6k,Haven,2026-07-06 09:05:00,https://www.vlr.gg/706763/nrg-vs-karmine-corp-esports-world-cup-2026-decider-b,Esports World Cup 2026
MIBR,AG,3900,3600,1,0.1k,0.4k,Lotus,2026-07-07 07:00:00,https://www.vlr.gg/706773/mibr-vs-all-gamers-esports-world-cup-2026-decider-d,Esports World Cup 2026
MIBR,AG,1550,14450,2,8.9k,4.5k,Lotus,2026-07-07 07:00:00,https://www.vlr.gg/706773/mibr-vs-all-gamers-esports-world-cup-2026-decider-d,Esports World Cup 2026
MIBR,AG,21400,16100,3,0.9k,12.6k,Lotus,2026-07-07 07:00:00,https://www.vlr.gg/706773/mibr-vs-all-gamers-esports-world-cup-2026-decider-d,Esports World Cup 2026
MIBR,AG,19500,19450,4,7.1k,5.0k,Lotus,2026-07-07 07:00:00,https://www.vlr.gg/706773/mibr-vs-all-gamers-esports-world-cup-2026-decider-d,Esports World Cup 2026
MIBR,AG,6700,22250,5,10.9k,6.5k,Lotus,2026-07-07 07:00:00,https://www.vlr.gg/706773/mibr-vs-all-gamers-esports-world-cup-2026-decider-d,Esports World Cup 2026
MIBR,AG,21300,23650,6,2.6k,15.8k,Lotus,2026-07-07 07:00:00,https://www.vlr.gg/706773/mibr-vs-all-gamers-esports-world-cup-2026-decider-d,Esports World Cup 2026
MIBR,AG,21600,20450,7,6.7k,7.3k,Lotus,2026-07-07 07:00:00,https://www.vlr.gg/706773/mibr-vs-all-gamers-esports-world-cup-2026-decider-d,Esports World Cup 2026
MIBR,AG,22050,16900,8,13.7k,3.4k,Lotus,2026-07-07 07:00:00,https://www.vlr.gg/706773/mibr-vs-all-gamers-esports-world-cup-2026-decider-d,Esports World Cup 2026
MIBR,AG,22850,9700,9,19.7k,10.1k,Lotus,2026-07-07 07:00:00,https://www.vlr.gg/706773/mibr-vs-all-gamers-esports-world-cup-2026-decider-d,Esports World Cup 2026
MIBR,AG,23850,22150,10,7.0k,16.4k,Lotus,2026-07-07 07:00:00,https://www.vlr.gg/706773/mibr-vs-all-gamers-esports-world-cup-2026-decider-d,Esports World Cup 2026
MIBR,AG,18050,26050,11,2.7k,27.4k,Lotus,2026-07-07 07:00:00,https://www.vlr.gg/706773/mibr-vs-all-gamers-esports-world-cup-2026-decider-d,Esports World Cup 2026
MIBR,AG,17350,22900,12,0.3k,27.4k,Lotus,2026-07-07 07:00:00,https://www.vlr.gg/706773/mibr-vs-all-gamers-esports-world-cup-2026-decider-d,Esports World Cup 2026
MIBR,AG,3850,3750,13,0.1k,0.2k,Lotus,2026-07-07 07:00:00,https://www.vlr.gg/706773/mibr-vs-all-gamers-esports-world-cup-2026-decider-d,Esports World Cup 2026
MIBR,AG,13400,2900,14,5.5k,7.4k,Lotus,2026-07-07 07:00:00,https://www.vlr.gg/706773/mibr-vs-all-gamers-esports-world-cup-2026-decider-d,Esports World Cup 2026
MIBR,AG,20300,19950,15,13.6k,0.6k,Lotus,2026-07-07 07:00:00,https://www.vlr.gg/706773/mibr-vs-all-gamers-esports-world-cup-2026-decider-d,Esports World Cup 2026
MIBR,AG,24050,8600,16,21.2k,8.4k,Lotus,2026-07-07 07:00:00,https://www.vlr.gg/706773/mibr-vs-all-gamers-esports-world-cup-2026-decider-d,Esports World Cup 2026
MIBR,AG,23050,21150,17,15.1k,5.7k,Lotus,2026-07-07 07:00:00,https://www.vlr.gg/706773/mibr-vs-all-gamers-esports-world-cup-2026-decider-d,Esports World Cup 2026
MIBR,AG,22100,21150,18,4.0k,15.7k,Lotus,2026-07-07 07:00:00,https://www.vlr.gg/706773/mibr-vs-all-gamers-esports-world-cup-2026-decider-d,Esports World Cup 2026
MIBR,AG,24850,22450,19,10.1k,6.3k,Lotus,2026-07-07 07:00:00,https://www.vlr.gg/706773/mibr-vs-all-gamers-esports-world-cup-2026-decider-d,Esports World Cup 2026
MIBR,AG,20250,21850,20,1.4k,5.3k,Lotus,2026-07-07 07:00:00,https://www.vlr.gg/706773/mibr-vs-all-gamers-esports-world-cup-2026-decider-d,Esports World Cup 2026
MIBR,AG,8700,22750,21,7.4k,6.9k,Lotus,2026-07-07 07:00:00,https://www.vlr.gg/706773/mibr-vs-all-gamers-esports-world-cup-2026-decider-d,Esports World Cup 2026
MIBR,AG,22350,21200,22,10.3k,3.1k,Lotus,2026-07-07 07:00:00,https://www.vlr.gg/706773/mibr-vs-all-gamers-esports-world-cup-2026-decider-d,Esports World Cup 2026
MIBR,AG,23650,8950,23,15.8k,6.9k,Lotus,2026-07-07 07:00:00,https://www.vlr.gg/706773/mibr-vs-all-gamers-esports-world-cup-2026-decider-d,Esports World Cup 2026
MIBR,AG,25150,21750,24,8.6k,0.9k,Lotus,2026-07-07 07:00:00,https://www.vlr.gg/706773/mibr-vs-all-gamers-esports-world-cup-2026-decider-d,Esports World Cup 2026
MIBR,AG,23550,23950,25,1.1k,1.0k,Lotus,2026-07-07 07:00:00,https://www.vlr.gg/706773/mibr-vs-all-gamers-esports-world-cup-2026-decider-d,Esports World Cup 2026
MIBR,AG,23650,23650,26,1.1k,1.0k,Lotus,2026-07-07 07:00:00,https://www.vlr.gg/706773/mibr-vs-all-gamers-esports-world-cup-2026-decider-d,Esports World Cup 2026
MIBR,AG,23550,23950,27,1.1k,1.0k,Lotus,2026-07-07 07:00:00,https://www.vlr.gg/706773/mibr-vs-all-gamers-esports-world-cup-2026-decider-d,Esports World Cup 2026
MIBR,AG,23650,22900,28,1.1k,1.8k,Lotus,2026-07-07 07:00:00,https://www.vlr.gg/706773/mibr-vs-all-gamers-esports-world-cup-2026-decider-d,Esports World Cup 2026
MIBR,AG,4100,4000,1,0.3k,0.3k,Split,2026-07-07 07:00:00,https://www.vlr.gg/706773/mibr-vs-all-gamers-esports-world-cup-2026-decider-d,Esports World Cup 2026
MIBR,AG,3700,15700,2,10.0k,0.5k,Split,2026-07-07 07:00:00,https://www.vlr.gg/706773/mibr-vs-all-gamers-esports-world-cup-2026-decider-d,Esports World Cup 2026
MIBR,AG,22750,14750,3,1.8k,13.5k,Split,2026-07-07 07:00:00,https://www.vlr.gg/706773/mibr-vs-all-gamers-esports-world-cup-2026-decider-d,Esports World Cup 2026
MIBR,AG,22600,21400,4,7.7k,5.8k,Split,2026-07-07 07:00:00,https://www.vlr.gg/706773/mibr-vs-all-gamers-esports-world-cup-2026-decider-d,Esports World Cup 2026
MIBR,AG,22750,15700,5,17.1k,8.8k,Split,2026-07-07 07:00:00,https://www.vlr.gg/706773/mibr-vs-all-gamers-esports-world-cup-2026-decider-d,Esports World Cup 2026
MIBR,AG,23850,21600,6,27.7k,5.5k,Split,2026-07-07 07:00:00,https://www.vlr.gg/706773/mibr-vs-all-gamers-esports-world-cup-2026-decider-d,Esports World Cup 2026
MIBR,AG,20650,22100,7,17.3k,15.6k,Split,2026-07-07 07:00:00,https://www.vlr.gg/706773/mibr-vs-all-gamers-esports-world-cup-2026-decider-d,Esports World Cup 2026
MIBR,AG,23850,21850,8,14.3k,4.9k,Split,2026-07-07 07:00:00,https://www.vlr.gg/706773/mibr-vs-all-gamers-esports-world-cup-2026-decider-d,Esports World Cup 2026
MIBR,AG,23550,19300,9,21.0k,5.2k,Split,2026-07-07 07:00:00,https://www.vlr.gg/706773/mibr-vs-all-gamers-esports-world-cup-2026-decider-d,Esports World Cup 2026
MIBR,AG,23550,23950,10,8.7k,12.9k,Split,2026-07-07 07:00:00,https://www.vlr.gg/706773/mibr-vs-all-gamers-esports-world-cup-2026-decider-d,Esports World Cup 2026
MIBR,AG,23250,22000,11,10.2k,1.8k,Split,2026-07-07 07:00:00,https://www.vlr.gg/706773/mibr-vs-all-gamers-esports-world-cup-2026-decider-d,Esports World Cup 2026
MIBR,AG,21100,22850,12,2.2k,2.2k,Split,2026-07-07 07:00:00,https://www.vlr.gg/706773/mibr-vs-all-gamers-esports-world-cup-2026-decider-d,Esports World Cup 2026
MIBR,AG,4100,4050,13,0.1k,0.4k,Split,2026-07-07 07:00:00,https://www.vlr.gg/706773/mibr-vs-all-gamers-esports-world-cup-2026-decider-d,Esports World Cup 2026
MIBR,AG,16700,3300,14,2.8k,8.8k,Split,2026-07-07 07:00:00,https://www.vlr.gg/706773/mibr-vs-all-gamers-esports-world-cup-2026-decider-d,Esports World Cup 2026
MIBR,AG,14350,20550,15,16.1k,2.4k,Split,2026-07-07 07:00:00,https://www.vlr.gg/706773/mibr-vs-all-gamers-esports-world-cup-2026-decider-d,Esports World Cup 2026
MIBR,AG,24350,9750,16,19.5k,8.5k,Split,2026-07-07 07:00:00,https://www.vlr.gg/706773/mibr-vs-all-gamers-esports-world-cup-2026-decider-d,Esports World Cup 2026
MIBR,AG,25750,21750,17,23.0k,2.8k,Split,2026-07-07 07:00:00,https://www.vlr.gg/706773/mibr-vs-all-gamers-esports-world-cup-2026-decider-d,Esports World Cup 2026
MIBR,AG,25950,20150,18,17.7k,0.6k,Split,2026-07-07 07:00:00,https://www.vlr.gg/706773/mibr-vs-all-gamers-esports-world-cup-2026-decider-d,Esports World Cup 2026
MIBR,AG,24700,21350,19,4.5k,4.1k,Split,2026-07-07 07:00:00,https://www.vlr.gg/706773/mibr-vs-all-gamers-esports-world-cup-2026-decider-d,Esports World Cup 2026
MIBR,AG,3750,4250,1,0.1k,0.2k,Ascent,2026-07-07 07:00:00,https://www.vlr.gg/706773/mibr-vs-all-gamers-esports-world-cup-2026-decider-d,Esports World Cup 2026
MIBR,AG,13950,3800,2,3.3k,7.8k,Ascent,2026-07-07 07:00:00,https://www.vlr.gg/706773/mibr-vs-all-gamers-esports-world-cup-2026-decider-d,Esports World Cup 2026
MIBR,AG,19250,21050,3,10.8k,0.9k,Ascent,2026-07-07 07:00:00,https://www.vlr.gg/706773/mibr-vs-all-gamers-esports-world-cup-2026-decider-d,Esports World Cup 2026
MIBR,AG,21000,21850,4,0.8k,3.3k,Ascent,2026-07-07 07:00:00,https://www.vlr.gg/706773/mibr-vs-all-gamers-esports-world-cup-2026-decider-d,Esports World Cup 2026
MIBR,AG,24250,5900,5,8.9k,8.4k,Ascent,2026-07-07 07:00:00,https://www.vlr.gg/706773/mibr-vs-all-gamers-esports-world-cup-2026-decider-d,Esports World Cup 2026
MIBR,AG,25650,20150,6,13.8k,2.3k,Ascent,2026-07-07 07:00:00,https://www.vlr.gg/706773/mibr-vs-all-gamers-esports-world-cup-2026-decider-d,Esports World Cup 2026
MIBR,AG,25350,10050,7,19.2k,8.5k,Ascent,2026-07-07 07:00:00,https://www.vlr.gg/706773/mibr-vs-all-gamers-esports-world-cup-2026-decider-d,Esports World Cup 2026
MIBR,AG,24850,21800,8,20.1k,3.5k,Ascent,2026-07-07 07:00:00,https://www.vlr.gg/706773/mibr-vs-all-gamers-esports-world-cup-2026-decider-d,Esports World Cup 2026
MIBR,AG,24750,11900,9,27.1k,7.8k,Ascent,2026-07-07 07:00:00,https://www.vlr.gg/706773/mibr-vs-all-gamers-esports-world-cup-2026-decider-d,Esports World Cup 2026
MIBR,AG,25450,20200,10,21.7k,3.8k,Ascent,2026-07-07 07:00:00,https://www.vlr.gg/706773/mibr-vs-all-gamers-esports-world-cup-2026-decider-d,Esports World Cup 2026
MIBR,AG,25750,15700,11,26.1k,4.0k,Ascent,2026-07-07 07:00:00,https://www.vlr.gg/706773/mibr-vs-all-gamers-esports-world-cup-2026-decider-d,Esports World Cup 2026
MIBR,AG,23550,20450,12,18.7k,2.1k,Ascent,2026-07-07 07:00:00,https://www.vlr.gg/706773/mibr-vs-all-gamers-esports-world-cup-2026-decider-d,Esports World Cup 2026
MIBR,AG,4150,4000,13,0.0k,0.2k,Ascent,2026-07-07 07:00:00,https://www.vlr.gg/706773/mibr-vs-all-gamers-esports-world-cup-2026-decider-d,Esports World Cup 2026
MIBR,AG,2350,16600,14,9.3k,2.1k,Ascent,2026-07-07 07:00:00,https://www.vlr.gg/706773/mibr-vs-all-gamers-esports-world-cup-2026-decider-d,Esports World Cup 2026
MIBR,AG,22150,21950,15,1.0k,9.0k,Ascent,2026-07-07 07:00:00,https://www.vlr.gg/706773/mibr-vs-all-gamers-esports-world-cup-2026-decider-d,Esports World Cup 2026
MIBR,AG,19350,19250,16,3.4k,2.0k,Ascent,2026-07-07 07:00:00,https://www.vlr.gg/706773/mibr-vs-all-gamers-esports-world-cup-2026-decider-d,Esports World Cup 2026
MIBR,AG,6150,22400,17,8.2k,5.7k,Ascent,2026-07-07 07:00:00,https://www.vlr.gg/706773/mibr-vs-all-gamers-esports-world-cup-2026-decider-d,Esports World Cup 2026
NS,G2,4250,3750,1,0.0k,0.1k,Breeze,2026-07-07 10:15:00,https://www.vlr.gg/706768/nongshim-redforce-vs-g2-esports-esports-world-cup-2026-decider-c,Esports World Cup 2026
NS,G2,2650,16900,2,7.3k,1.9k,Breeze,2026-07-07 10:15:00,https://www.vlr.gg/706768/nongshim-redforce-vs-g2-esports-esports-world-cup-2026-decider-c,Esports World Cup 2026
NS,G2,21150,17000,3,0.8k,13.5k,Breeze,2026-07-07 10:15:00,https://www.vlr.gg/706768/nongshim-redforce-vs-g2-esports-esports-world-cup-2026-decider-c,Esports World Cup 2026
NS,G2,21150,20400,4,4.4k,2.5k,Breeze,2026-07-07 10:15:00,https://www.vlr.gg/706768/nongshim-redforce-vs-g2-esports-esports-world-cup-2026-decider-c,Esports World Cup 2026
NS,G2,7150,20800,5,8.6k,8.7k,Breeze,2026-07-07 10:15:00,https://www.vlr.gg/706768/nongshim-redforce-vs-g2-esports-esports-world-cup-2026-decider-c,Esports World Cup 2026
NS,G2,21950,21850,6,2.6k,13.4k,Breeze,2026-07-07 10:15:00,https://www.vlr.gg/706768/nongshim-redforce-vs-g2-esports-esports-world-cup-2026-decider-c,Esports World Cup 2026
NS,G2,21650,17300,7,8.2k,5.8k,Breeze,2026-07-07 10:15:00,https://www.vlr.gg/706768/nongshim-redforce-vs-g2-esports-esports-world-cup-2026-decider-c,Esports World Cup 2026
NS,G2,22850,8150,8,9.4k,10.5k,Breeze,2026-07-07 10:15:00,https://www.vlr.gg/706768/nongshim-redforce-vs-g2-esports-esports-world-cup-2026-decider-c,Esports World Cup 2026
NS,G2,23750,23450,9,20.4k,2.8k,Breeze,2026-07-07 10:15:00,https://www.vlr.gg/706768/nongshim-redforce-vs-g2-esports-esports-world-cup-2026-decider-c,Esports World Cup 2026
NS,G2,22250,23300,10,9.0k,12.4k,Breeze,2026-07-07 10:15:00,https://www.vlr.gg/706768/nongshim-redforce-vs-g2-esports-esports-world-cup-2026-decider-c,Esports World Cup 2026
NS,G2,23750,21450,11,10.7k,1.0k,Breeze,2026-07-07 10:15:00,https://www.vlr.gg/706768/nongshim-redforce-vs-g2-esports-esports-world-cup-2026-decider-c,Esports World Cup 2026
NS,G2,24350,18850,12,14.7k,1.1k,Breeze,2026-07-07 10:15:00,https://www.vlr.gg/706768/nongshim-redforce-vs-g2-esports-esports-world-cup-2026-decider-c,Esports World Cup 2026
NS,G2,3650,3850,13,0.4k,0.3k,Breeze,2026-07-07 10:15:00,https://www.vlr.gg/706768/nongshim-redforce-vs-g2-esports-esports-world-cup-2026-decider-c,Esports World Cup 2026
NS,G2,3150,15000,14,8.4k,3.5k,Breeze,2026-07-07 10:15:00,https://www.vlr.gg/706768/nongshim-redforce-vs-g2-esports-esports-world-cup-2026-decider-c,Esports World Cup 2026
NS,G2,21400,18600,15,1.2k,13.5k,Breeze,2026-07-07 10:15:00,https://www.vlr.gg/706768/nongshim-redforce-vs-g2-esports-esports-world-cup-2026-decider-c,Esports World Cup 2026
NS,G2,8050,22650,16,9.4k,11.7k,Breeze,2026-07-07 10:15:00,https://www.vlr.gg/706768/nongshim-redforce-vs-g2-esports-esports-world-cup-2026-decider-c,Esports World Cup 2026
NS,G2,23250,22800,17,2.4k,10.7k,Breeze,2026-07-07 10:15:00,https://www.vlr.gg/706768/nongshim-redforce-vs-g2-esports-esports-world-cup-2026-decider-c,Esports World Cup 2026
NS,G2,24450,11850,18,13.0k,9.6k,Breeze,2026-07-07 10:15:00,https://www.vlr.gg/706768/nongshim-redforce-vs-g2-esports-esports-world-cup-2026-decider-c,Esports World Cup 2026
NS,G2,20750,23750,19,3.8k,14.6k,Breeze,2026-07-07 10:15:00,https://www.vlr.gg/706768/nongshim-redforce-vs-g2-esports-esports-world-cup-2026-decider-c,Esports World Cup 2026
NS,G2,22950,19450,20,6.6k,6.0k,Breeze,2026-07-07 10:15:00,https://www.vlr.gg/706768/nongshim-redforce-vs-g2-esports-esports-world-cup-2026-decider-c,Esports World Cup 2026
NS,G2,23850,20200,21,5.1k,1.2k,Breeze,2026-07-07 10:15:00,https://www.vlr.gg/706768/nongshim-redforce-vs-g2-esports-esports-world-cup-2026-decider-c,Esports World Cup 2026
NS,G2,11200,19900,22,8.0k,5.1k,Breeze,2026-07-07 10:15:00,https://www.vlr.gg/706768/nongshim-redforce-vs-g2-esports-esports-world-cup-2026-decider-c,Esports World Cup 2026
NS,G2,21400,22050,23,0.8k,4.3k,Breeze,2026-07-07 10:15:00,https://www.vlr.gg/706768/nongshim-redforce-vs-g2-esports-esports-world-cup-2026-decider-c,Esports World Cup 2026
NS,G2,3600,4200,1,0.4k,0.0k,Sunset,2026-07-07 10:15:00,https://www.vlr.gg/706768/nongshim-redforce-vs-g2-esports-esports-world-cup-2026-decider-c,Esports World Cup 2026
NS,G2,14100,1450,2,4.8k,9.2k,Sunset,2026-07-07 10:15:00,https://www.vlr.gg/706768/nongshim-redforce-vs-g2-esports-esports-world-cup-2026-decider-c,Esports World Cup 2026
NS,G2,19250,21500,3,12.3k,0.9k,Sunset,2026-07-07 10:15:00,https://www.vlr.gg/706768/nongshim-redforce-vs-g2-esports-esports-world-cup-2026-decider-c,Esports World Cup 2026
NS,G2,23350,10050,4,13.7k,9.1k,Sunset,2026-07-07 10:15:00,https://www.vlr.gg/706768/nongshim-redforce-vs-g2-esports-esports-world-cup-2026-decider-c,Esports World Cup 2026
NS,G2,19100,24200,5,4.9k,17.2k,Sunset,2026-07-07 10:15:00,https://www.vlr.gg/706768/nongshim-redforce-vs-g2-esports-esports-world-cup-2026-decider-c,Esports World Cup 2026
NS,G2,19550,22850,6,2.8k,5.4k,Sunset,2026-07-07 10:15:00,https://www.vlr.gg/706768/nongshim-redforce-vs-g2-esports-esports-world-cup-2026-decider-c,Esports World Cup 2026
NS,G2,7550,25000,7,7.8k,9.7k,Sunset,2026-07-07 10:15:00,https://www.vlr.gg/706768/nongshim-redforce-vs-g2-esports-esports-world-cup-2026-decider-c,Esports World Cup 2026
NS,G2,20800,26700,8,1.6k,19.5k,Sunset,2026-07-07 10:15:00,https://www.vlr.gg/706768/nongshim-redforce-vs-g2-esports-esports-world-cup-2026-decider-c,Esports World Cup 2026
NS,G2,19450,20300,9,2.9k,11.4k,Sunset,2026-07-07 10:15:00,https://www.vlr.gg/706768/nongshim-redforce-vs-g2-esports-esports-world-cup-2026-decider-c,Esports World Cup 2026
NS,G2,8050,23300,10,5.5k,20.9k,Sunset,2026-07-07 10:15:00,https://www.vlr.gg/706768/nongshim-redforce-vs-g2-esports-esports-world-cup-2026-decider-c,Esports World Cup 2026
NS,G2,23450,25300,11,11.7k,7.2k,Sunset,2026-07-07 10:15:00,https://www.vlr.gg/706768/nongshim-redforce-vs-g2-esports-esports-world-cup-2026-decider-c,Esports World Cup 2026
NS,G2,23750,27600,12,3.3k,11.8k,Sunset,2026-07-07 10:15:00,https://www.vlr.gg/706768/nongshim-redforce-vs-g2-esports-esports-world-cup-2026-decider-c,Esports World Cup 2026
NS,G2,3750,4200,13,0.1k,0.0k,Sunset,2026-07-07 10:15:00,https://www.vlr.gg/706768/nongshim-redforce-vs-g2-esports-esports-world-cup-2026-decider-c,Esports World Cup 2026
NS,G2,2500,17550,14,7.5k,4.0k,Sunset,2026-07-07 10:15:00,https://www.vlr.gg/706768/nongshim-redforce-vs-g2-esports-esports-world-cup-2026-decider-c,Esports World Cup 2026
NS,G2,21050,21500,15,0.3k,13.7k,Sunset,2026-07-07 10:15:00,https://www.vlr.gg/706768/nongshim-redforce-vs-g2-esports-esports-world-cup-2026-decider-c,Esports World Cup 2026
NS,G2,19450,22700,16,6.4k,3.8k,Sunset,2026-07-07 10:15:00,https://www.vlr.gg/706768/nongshim-redforce-vs-g2-esports-esports-world-cup-2026-decider-c,Esports World Cup 2026
NS,G2,23050,10350,17,6.2k,8.0k,Sunset,2026-07-07 10:15:00,https://www.vlr.gg/706768/nongshim-redforce-vs-g2-esports-esports-world-cup-2026-decider-c,Esports World Cup 2026
NS,G2,23450,22450,18,16.5k,1.1k,Sunset,2026-07-07 10:15:00,https://www.vlr.gg/706768/nongshim-redforce-vs-g2-esports-esports-world-cup-2026-decider-c,Esports World Cup 2026
NS,G2,21850,25000,19,5.4k,8.5k,Sunset,2026-07-07 10:15:00,https://www.vlr.gg/706768/nongshim-redforce-vs-g2-esports-esports-world-cup-2026-decider-c,Esports World Cup 2026
NS,G2,23650,19650,20,8.9k,1.5k,Sunset,2026-07-07 10:15:00,https://www.vlr.gg/706768/nongshim-redforce-vs-g2-esports-esports-world-cup-2026-decider-c,Esports World Cup 2026
NS,G2,17700,23700,21,1.3k,8.7k,Sunset,2026-07-07 10:15:00,https://www.vlr.gg/706768/nongshim-redforce-vs-g2-esports-esports-world-cup-2026-decider-c,Esports World Cup 2026
NS,G2,7750,25300,22,6.7k,10.9k,Sunset,2026-07-07 10:15:00,https://www.vlr.gg/706768/nongshim-redforce-vs-g2-esports-esports-world-cup-2026-decider-c,Esports World Cup 2026
NS,G2,21950,25900,23,1.0k,17.8k,Sunset,2026-07-07 10:15:00,https://www.vlr.gg/706768/nongshim-redforce-vs-g2-esports-esports-world-cup-2026-decider-c,Esports World Cup 2026
NS,G2,20650,25600,24,1.1k,5.6k,Sunset,2026-07-07 10:15:00,https://www.vlr.gg/706768/nongshim-redforce-vs-g2-esports-esports-world-cup-2026-decider-c,Esports World Cup 2026
NS,G2,24050,24500,25,0.9k,0.7k,Sunset,2026-07-07 10:15:00,https://www.vlr.gg/706768/nongshim-redforce-vs-g2-esports-esports-world-cup-2026-decider-c,Esports World Cup 2026
NS,G2,23750,23500,26,0.9k,1.7k,Sunset,2026-07-07 10:15:00,https://www.vlr.gg/706768/nongshim-redforce-vs-g2-esports-esports-world-cup-2026-decider-c,Esports World Cup 2026
NS,G2,3600,4100,1,0.0k,0.0k,Haven,2026-07-07 10:15:00,https://www.vlr.gg/706768/nongshim-redforce-vs-g2-esports-esports-world-cup-2026-decider-c,Esports World Cup 2026
NS,G2,16400,2150,2,2.9k,8.5k,Haven,2026-07-07 10:15:00,https://www.vlr.gg/706768/nongshim-redforce-vs-g2-esports-esports-world-cup-2026-decider-c,Esports World Cup 2026
NS,G2,18500,20250,3,15.0k,0.2k,Haven,2026-07-07 10:15:00,https://www.vlr.gg/706768/nongshim-redforce-vs-g2-esports-esports-world-cup-2026-decider-c,Esports World Cup 2026
NS,G2,20900,20900,4,6.1k,8.8k,Haven,2026-07-07 10:15:00,https://www.vlr.gg/706768/nongshim-redforce-vs-g2-esports-esports-world-cup-2026-decider-c,Esports World Cup 2026
NS,G2,22200,9100,5,11.8k,10.4k,Haven,2026-07-07 10:15:00,https://www.vlr.gg/706768/nongshim-redforce-vs-g2-esports-esports-world-cup-2026-decider-c,Esports World Cup 2026
NS,G2,24000,22300,6,21.3k,1.0k,Haven,2026-07-07 10:15:00,https://www.vlr.gg/706768/nongshim-redforce-vs-g2-esports-esports-world-cup-2026-decider-c,Esports World Cup 2026
NS,G2,22900,8150,7,22.5k,8.4k,Haven,2026-07-07 10:15:00,https://www.vlr.gg/706768/nongshim-redforce-vs-g2-esports-esports-world-cup-2026-decider-c,Esports World Cup 2026
NS,G2,23700,22650,8,26.3k,2.2k,Haven,2026-07-07 10:15:00,https://www.vlr.gg/706768/nongshim-redforce-vs-g2-esports-esports-world-cup-2026-decider-c,Esports World Cup 2026
NS,G2,23200,10000,9,30.1k,7.8k,Haven,2026-07-07 10:15:00,https://www.vlr.gg/706768/nongshim-redforce-vs-g2-esports-esports-world-cup-2026-decider-c,Esports World Cup 2026
NS,G2,24000,22150,10,23.5k,1.0k,Haven,2026-07-07 10:15:00,https://www.vlr.gg/706768/nongshim-redforce-vs-g2-esports-esports-world-cup-2026-decider-c,Esports World Cup 2026
NS,G2,23300,21500,11,10.8k,7.0k,Haven,2026-07-07 10:15:00,https://www.vlr.gg/706768/nongshim-redforce-vs-g2-esports-esports-world-cup-2026-decider-c,Esports World Cup 2026
NS,G2,24200,16750,12,7.9k,0.9k,Haven,2026-07-07 10:15:00,https://www.vlr.gg/706768/nongshim-redforce-vs-g2-esports-esports-world-cup-2026-decider-c,Esports World Cup 2026
NS,G2,4350,4200,13,0.1k,0.0k,Haven,2026-07-07 10:15:00,https://www.vlr.gg/706768/nongshim-redforce-vs-g2-esports-esports-world-cup-2026-decider-c,Esports World Cup 2026
NS,G2,2850,16650,14,7.3k,3.5k,Haven,2026-07-07 10:15:00,https://www.vlr.gg/706768/nongshim-redforce-vs-g2-esports-esports-world-cup-2026-decider-c,Esports World Cup 2026
NS,G2,20350,21050,15,0.4k,4.1k,Haven,2026-07-07 10:15:00,https://www.vlr.gg/706768/nongshim-redforce-vs-g2-esports-esports-world-cup-2026-decider-c,Esports World Cup 2026
NS,G2,7550,23250,16,8.3k,7.9k,Haven,2026-07-07 10:15:00,https://www.vlr.gg/706768/nongshim-redforce-vs-g2-esports-esports-world-cup-2026-decider-c,Esports World Cup 2026
NS,G2,26200,16600,17,10.6k,1.9k,Haven,2026-07-07 10:15:00,https://www.vlr.gg/706768/nongshim-redforce-vs-g2-esports-esports-world-cup-2026-decider-c,Esports World Cup 2026
NS,G2,17700,23950,18,4.3k,9.0k,Haven,2026-07-07 10:15:00,https://www.vlr.gg/706768/nongshim-redforce-vs-g2-esports-esports-world-cup-2026-decider-c,Esports World Cup 2026
NS,G2,9700,23050,19,9.1k,7.6k,Haven,2026-07-07 10:15:00,https://www.vlr.gg/706768/nongshim-redforce-vs-g2-esports-esports-world-cup-2026-decider-c,Esports World Cup 2026
NS,G2,23500,18050,20,11.9k,0.8k,Haven,2026-07-07 10:15:00,https://www.vlr.gg/706768/nongshim-redforce-vs-g2-esports-esports-world-cup-2026-decider-c,Esports World Cup 2026
NS,G2,15300,21250,21,7.7k,3.8k,Haven,2026-07-07 10:15:00,https://www.vlr.gg/706768/nongshim-redforce-vs-g2-esports-esports-world-cup-2026-decider-c,Esports World Cup 2026
NS,G2,19550,23150,22,3.7k,7.1k,Haven,2026-07-07 10:15:00,https://www.vlr.gg/706768/nongshim-redforce-vs-g2-esports-esports-world-cup-2026-decider-c,Esports World Cup 2026
NS,G2,9100,23450,23,10.5k,10.0k,Haven,2026-07-07 10:15:00,https://www.vlr.gg/706768/nongshim-redforce-vs-g2-esports-esports-world-cup-2026-decider-c,Esports World Cup 2026
TH,BBL,3900,4000,1,0.1k,0.2k,Breeze,2026-07-09 07:00:00,https://www.vlr.gg/708422/team-heretics-vs-bbl-esports-esports-world-cup-2026-qf,Esports World Cup 2026
TH,BBL,14900,2850,2,2.3k,9.4k,Breeze,2026-07-09 07:00:00,https://www.vlr.gg/708422/team-heretics-vs-bbl-esports-esports-world-cup-2026-qf,Esports World Cup 2026
TH,BBL,15200,22300,3,12.9k,1.8k,Breeze,2026-07-09 07:00:00,https://www.vlr.gg/708422/team-heretics-vs-bbl-esports-esports-world-cup-2026-qf,Esports World Cup 2026
TH,BBL,22950,11650,4,11.4k,7.7k,Breeze,2026-07-09 07:00:00,https://www.vlr.gg/708422/team-heretics-vs-bbl-esports-esports-world-cup-2026-qf,Esports World Cup 2026
TH,BBL,23550,19700,5,19.6k,3.6k,Breeze,2026-07-09 07:00:00,https://www.vlr.gg/708422/team-heretics-vs-bbl-esports-esports-world-cup-2026-qf,Esports World Cup 2026
TH,BBL,22750,19800,6,8.6k,2.2k,Breeze,2026-07-09 07:00:00,https://www.vlr.gg/708422/team-heretics-vs-bbl-esports-esports-world-cup-2026-qf,Esports World Cup 2026
TH,BBL,18300,23000,7,3.5k,6.2k,Breeze,2026-07-09 07:00:00,https://www.vlr.gg/708422/team-heretics-vs-bbl-esports-esports-world-cup-2026-qf,Esports World Cup 2026
TH,BBL,19300,16150,8,3.2k,2.3k,Breeze,2026-07-09 07:00:00,https://www.vlr.gg/708422/team-heretics-vs-bbl-esports-esports-world-cup-2026-qf,Esports World Cup 2026
TH,BBL,21450,8200,9,7.7k,7.5k,Breeze,2026-07-09 07:00:00,https://www.vlr.gg/708422/team-heretics-vs-bbl-esports-esports-world-cup-2026-qf,Esports World Cup 2026
TH,BBL,22750,21300,10,13.3k,4.1k,Breeze,2026-07-09 07:00:00,https://www.vlr.gg/708422/team-heretics-vs-bbl-esports-esports-world-cup-2026-qf,Esports World Cup 2026
TH,BBL,21350,21750,11,1.9k,7.1k,Breeze,2026-07-09 07:00:00,https://www.vlr.gg/708422/team-heretics-vs-bbl-esports-esports-world-cup-2026-qf,Esports World Cup 2026
TH,BBL,20650,21450,12,3.0k,0.8k,Breeze,2026-07-09 07:00:00,https://www.vlr.gg/708422/team-heretics-vs-bbl-esports-esports-world-cup-2026-qf,Esports World Cup 2026
TH,BBL,3900,4100,13,0.2k,0.1k,Breeze,2026-07-09 07:00:00,https://www.vlr.gg/708422/team-heretics-vs-bbl-esports-esports-world-cup-2026-qf,Esports World Cup 2026
TH,BBL,2550,16700,14,8.1k,1.6k,Breeze,2026-07-09 07:00:00,https://www.vlr.gg/708422/team-heretics-vs-bbl-esports-esports-world-cup-2026-qf,Esports World Cup 2026
TH,BBL,21600,14000,15,0.8k,13.3k,Breeze,2026-07-09 07:00:00,https://www.vlr.gg/708422/team-heretics-vs-bbl-esports-esports-world-cup-2026-qf,Esports World Cup 2026
TH,BBL,9550,23650,16,6.8k,12.5k,Breeze,2026-07-09 07:00:00,https://www.vlr.gg/708422/team-heretics-vs-bbl-esports-esports-world-cup-2026-qf,Esports World Cup 2026
TH,BBL,22750,24000,17,1.6k,13.3k,Breeze,2026-07-09 07:00:00,https://www.vlr.gg/708422/team-heretics-vs-bbl-esports-esports-world-cup-2026-qf,Esports World Cup 2026
TH,BBL,21650,20650,18,4.6k,3.4k,Breeze,2026-07-09 07:00:00,https://www.vlr.gg/708422/team-heretics-vs-bbl-esports-esports-world-cup-2026-qf,Esports World Cup 2026
TH,BBL,22250,13650,19,3.4k,6.0k,Breeze,2026-07-09 07:00:00,https://www.vlr.gg/708422/team-heretics-vs-bbl-esports-esports-world-cup-2026-qf,Esports World Cup 2026
TH,BBL,23050,18400,20,9.2k,3.6k,Breeze,2026-07-09 07:00:00,https://www.vlr.gg/708422/team-heretics-vs-bbl-esports-esports-world-cup-2026-qf,Esports World Cup 2026
TH,BBL,19100,20300,21,1.6k,3.2k,Breeze,2026-07-09 07:00:00,https://www.vlr.gg/708422/team-heretics-vs-bbl-esports-esports-world-cup-2026-qf,Esports World Cup 2026
TH,BBL,10350,22900,22,6.0k,5.3k,Breeze,2026-07-09 07:00:00,https://www.vlr.gg/708422/team-heretics-vs-bbl-esports-esports-world-cup-2026-qf,Esports World Cup 2026
TH,BBL,21250,23700,23,1.2k,16.7k,Breeze,2026-07-09 07:00:00,https://www.vlr.gg/708422/team-heretics-vs-bbl-esports-esports-world-cup-2026-qf,Esports World Cup 2026
TH,BBL,20550,25150,24,3.6k,3.3k,Breeze,2026-07-09 07:00:00,https://www.vlr.gg/708422/team-heretics-vs-bbl-esports-esports-world-cup-2026-qf,Esports World Cup 2026
TH,BBL,23250,24000,25,1.4k,1.2k,Breeze,2026-07-09 07:00:00,https://www.vlr.gg/708422/team-heretics-vs-bbl-esports-esports-world-cup-2026-qf,Esports World Cup 2026
TH,BBL,23650,23700,26,1.2k,1.2k,Breeze,2026-07-09 07:00:00,https://www.vlr.gg/708422/team-heretics-vs-bbl-esports-esports-world-cup-2026-qf,Esports World Cup 2026
TH,BBL,23350,24000,27,1.1k,1.2k,Breeze,2026-07-09 07:00:00,https://www.vlr.gg/708422/team-heretics-vs-bbl-esports-esports-world-cup-2026-qf,Esports World Cup 2026
TH,BBL,23650,23800,28,1.4k,1.2k,Breeze,2026-07-09 07:00:00,https://www.vlr.gg/708422/team-heretics-vs-bbl-esports-esports-world-cup-2026-qf,Esports World Cup 2026
TH,BBL,23050,24000,29,1.7k,1.2k,Breeze,2026-07-09 07:00:00,https://www.vlr.gg/708422/team-heretics-vs-bbl-esports-esports-world-cup-2026-qf,Esports World Cup 2026
TH,BBL,23150,23800,30,1.7k,1.2k,Breeze,2026-07-09 07:00:00,https://www.vlr.gg/708422/team-heretics-vs-bbl-esports-esports-world-cup-2026-qf,Esports World Cup 2026
TH,BBL,3700,3650,1,0.1k,0.3k,Lotus,2026-07-09 07:00:00,https://www.vlr.gg/708422/team-heretics-vs-bbl-esports-esports-world-cup-2026-qf,Esports World Cup 2026
TH,BBL,1200,15300,2,8.6k,4.5k,Lotus,2026-07-09 07:00:00,https://www.vlr.gg/708422/team-heretics-vs-bbl-esports-esports-world-cup-2026-qf,Esports World Cup 2026
TH,BBL,20350,17700,3,0.9k,12.2k,Lotus,2026-07-09 07:00:00,https://www.vlr.gg/708422/team-heretics-vs-bbl-esports-esports-world-cup-2026-qf,Esports World Cup 2026
TH,BBL,8850,23350,4,8.1k,10.1k,Lotus,2026-07-09 07:00:00,https://www.vlr.gg/708422/team-heretics-vs-bbl-esports-esports-world-cup-2026-qf,Esports World Cup 2026
TH,BBL,23350,23850,5,1.5k,23.0k,Lotus,2026-07-09 07:00:00,https://www.vlr.gg/708422/team-heretics-vs-bbl-esports-esports-world-cup-2026-qf,Esports World Cup 2026
TH,BBL,10050,23050,6,6.7k,24.4k,Lotus,2026-07-09 07:00:00,https://www.vlr.gg/708422/team-heretics-vs-bbl-esports-esports-world-cup-2026-qf,Esports World Cup 2026
TH,BBL,22600,24150,7,3.8k,11.8k,Lotus,2026-07-09 07:00:00,https://www.vlr.gg/708422/team-heretics-vs-bbl-esports-esports-world-cup-2026-qf,Esports World Cup 2026
TH,BBL,11900,23950,8,7.5k,9.7k,Lotus,2026-07-09 07:00:00,https://www.vlr.gg/708422/team-heretics-vs-bbl-esports-esports-world-cup-2026-qf,Esports World Cup 2026
TH,BBL,19950,23550,9,0.3k,13.7k,Lotus,2026-07-09 07:00:00,https://www.vlr.gg/708422/team-heretics-vs-bbl-esports-esports-world-cup-2026-qf,Esports World Cup 2026
TH,BBL,9200,23350,10,6.7k,11.0k,Lotus,2026-07-09 07:00:00,https://www.vlr.gg/708422/team-heretics-vs-bbl-esports-esports-world-cup-2026-qf,Esports World Cup 2026
TH,BBL,21350,25650,11,1.6k,19.0k,Lotus,2026-07-09 07:00:00,https://www.vlr.gg/708422/team-heretics-vs-bbl-esports-esports-world-cup-2026-qf,Esports World Cup 2026
TH,BBL,16450,23350,12,0.5k,22.5k,Lotus,2026-07-09 07:00:00,https://www.vlr.gg/708422/team-heretics-vs-bbl-esports-esports-world-cup-2026-qf,Esports World Cup 2026
TH,BBL,3900,3400,13,0.3k,0.3k,Lotus,2026-07-09 07:00:00,https://www.vlr.gg/708422/team-heretics-vs-bbl-esports-esports-world-cup-2026-qf,Esports World Cup 2026
TH,BBL,11950,17350,14,0.3k,0.6k,Lotus,2026-07-09 07:00:00,https://www.vlr.gg/708422/team-heretics-vs-bbl-esports-esports-world-cup-2026-qf,Esports World Cup 2026
TH,BBL,14000,15100,15,0.8k,8.3k,Lotus,2026-07-09 07:00:00,https://www.vlr.gg/708422/team-heretics-vs-bbl-esports-esports-world-cup-2026-qf,Esports World Cup 2026
TH,BBL,3650,3550,1,0.3k,0.2k,Sunset,2026-07-09 07:00:00,https://www.vlr.gg/708422/team-heretics-vs-bbl-esports-esports-world-cup-2026-qf,Esports World Cup 2026
TH,BBL,4950,15500,2,6.1k,1.1k,Sunset,2026-07-09 07:00:00,https://www.vlr.gg/708422/team-heretics-vs-bbl-esports-esports-world-cup-2026-qf,Esports World Cup 2026
TH,BBL,18250,16000,3,0.5k,11.7k,Sunset,2026-07-09 07:00:00,https://www.vlr.gg/708422/team-heretics-vs-bbl-esports-esports-world-cup-2026-qf,Esports World Cup 2026
TH,BBL,17650,21750,4,2.4k,1.3k,Sunset,2026-07-09 07:00:00,https://www.vlr.gg/708422/team-heretics-vs-bbl-esports-esports-world-cup-2026-qf,Esports World Cup 2026
TH,BBL,5150,22600,5,7.9k,13.7k,Sunset,2026-07-09 07:00:00,https://www.vlr.gg/708422/team-heretics-vs-bbl-esports-esports-world-cup-2026-qf,Esports World Cup 2026
TH,BBL,22200,24250,6,4.1k,5.7k,Sunset,2026-07-09 07:00:00,https://www.vlr.gg/708422/team-heretics-vs-bbl-esports-esports-world-cup-2026-qf,Esports World Cup 2026
TH,BBL,21400,7950,7,7.1k,8.7k,Sunset,2026-07-09 07:00:00,https://www.vlr.gg/708422/team-heretics-vs-bbl-esports-esports-world-cup-2026-qf,Esports World Cup 2026
TH,BBL,21750,20500,8,9.4k,0.8k,Sunset,2026-07-09 07:00:00,https://www.vlr.gg/708422/team-heretics-vs-bbl-esports-esports-world-cup-2026-qf,Esports World Cup 2026
TH,BBL,22350,12400,9,19.8k,6.9k,Sunset,2026-07-09 07:00:00,https://www.vlr.gg/708422/team-heretics-vs-bbl-esports-esports-world-cup-2026-qf,Esports World Cup 2026
TH,BBL,23750,20250,10,20.8k,2.7k,Sunset,2026-07-09 07:00:00,https://www.vlr.gg/708422/team-heretics-vs-bbl-esports-esports-world-cup-2026-qf,Esports World Cup 2026
TH,BBL,23550,15650,11,31.2k,4.5k,Sunset,2026-07-09 07:00:00,https://www.vlr.gg/708422/team-heretics-vs-bbl-esports-esports-world-cup-2026-qf,Esports World Cup 2026
TH,BBL,23550,21900,12,16.4k,2.6k,Sunset,2026-07-09 07:00:00,https://www.vlr.gg/708422/team-heretics-vs-bbl-esports-esports-world-cup-2026-qf,Esports World Cup 2026
TH,BBL,3500,4050,13,0.4k,0.1k,Sunset,2026-07-09 07:00:00,https://www.vlr.gg/708422/team-heretics-vs-bbl-esports-esports-world-cup-2026-qf,Esports World Cup 2026
TH,BBL,2300,14300,14,8.5k,3.5k,Sunset,2026-07-09 07:00:00,https://www.vlr.gg/708422/team-heretics-vs-bbl-esports-esports-world-cup-2026-qf,Esports World Cup 2026
TH,BBL,20250,17650,15,0.7k,14.7k,Sunset,2026-07-09 07:00:00,https://www.vlr.gg/708422/team-heretics-vs-bbl-esports-esports-world-cup-2026-qf,Esports World Cup 2026
TH,BBL,18650,20350,16,1.9k,7.0k,Sunset,2026-07-09 07:00:00,https://www.vlr.gg/708422/team-heretics-vs-bbl-esports-esports-world-cup-2026-qf,Esports World Cup 2026
TH,BBL,20000,19600,17,2.0k,2.7k,Sunset,2026-07-09 07:00:00,https://www.vlr.gg/708422/team-heretics-vs-bbl-esports-esports-world-cup-2026-qf,Esports World Cup 2026
TH,BBL,6850,22750,18,7.7k,10.2k,Sunset,2026-07-09 07:00:00,https://www.vlr.gg/708422/team-heretics-vs-bbl-esports-esports-world-cup-2026-qf,Esports World Cup 2026
TH,BBL,20600,22650,19,0.9k,9.6k,Sunset,2026-07-09 07:00:00,https://www.vlr.gg/708422/team-heretics-vs-bbl-esports-esports-world-cup-2026-qf,Esports World Cup 2026
TH,BBL,21550,18750,20,12.5k,2.9k,Sunset,2026-07-09 07:00:00,https://www.vlr.gg/708422/team-heretics-vs-bbl-esports-esports-world-cup-2026-qf,Esports World Cup 2026
TH,BBL,20650,20250,21,2.6k,1.3k,Sunset,2026-07-09 07:00:00,https://www.vlr.gg/708422/team-heretics-vs-bbl-esports-esports-world-cup-2026-qf,Esports World Cup 2026
TH,BBL,10400,23050,22,7.0k,6.3k,Sunset,2026-07-09 07:00:00,https://www.vlr.gg/708422/team-heretics-vs-bbl-esports-esports-world-cup-2026-qf,Esports World Cup 2026
TH,BBL,21600,23550,23,0.7k,8.4k,Sunset,2026-07-09 07:00:00,https://www.vlr.gg/708422/team-heretics-vs-bbl-esports-esports-world-cup-2026-qf,Esports World Cup 2026
M8,NRG,4200,4350,1,0.2k,0.1k,Haven,2026-07-09 10:55:00,https://www.vlr.gg/708423/gentle-mates-vs-nrg-esports-world-cup-2026-qf,Esports World Cup 2026
M8,NRG,2050,14150,2,8.6k,6.4k,Haven,2026-07-09 10:55:00,https://www.vlr.gg/708423/gentle-mates-vs-nrg-esports-world-cup-2026-qf,Esports World Cup 2026
M8,NRG,21600,21400,3,0.3k,10.6k,Haven,2026-07-09 10:55:00,https://www.vlr.gg/708423/gentle-mates-vs-nrg-esports-world-cup-2026-qf,Esports World Cup 2026
M8,NRG,20150,21900,4,8.1k,7.0k,Haven,2026-07-09 10:55:00,https://www.vlr.gg/708423/gentle-mates-vs-nrg-esports-world-cup-2026-qf,Esports World Cup 2026
M8,NRG,10500,23700,5,9.3k,10.1k,Haven,2026-07-09 10:55:00,https://www.vlr.gg/708423/gentle-mates-vs-nrg-esports-world-cup-2026-qf,Esports World Cup 2026
M8,NRG,21500,23900,6,1.1k,14.1k,Haven,2026-07-09 10:55:00,https://www.vlr.gg/708423/gentle-mates-vs-nrg-esports-world-cup-2026-qf,Esports World Cup 2026
M8,NRG,20400,17800,7,5.0k,8.9k,Haven,2026-07-09 10:55:00,https://www.vlr.gg/708423/gentle-mates-vs-nrg-esports-world-cup-2026-qf,Esports World Cup 2026
M8,NRG,12250,24300,8,5.2k,18.1k,Haven,2026-07-09 10:55:00,https://www.vlr.gg/708423/gentle-mates-vs-nrg-esports-world-cup-2026-qf,Esports World Cup 2026
M8,NRG,23350,20650,9,9.9k,8.7k,Haven,2026-07-09 10:55:00,https://www.vlr.gg/708423/gentle-mates-vs-nrg-esports-world-cup-2026-qf,Esports World Cup 2026
M8,NRG,23550,19500,10,10.3k,3.5k,Haven,2026-07-09 10:55:00,https://www.vlr.gg/708423/gentle-mates-vs-nrg-esports-world-cup-2026-qf,Esports World Cup 2026
M8,NRG,21800,19850,11,8.0k,1.7k,Haven,2026-07-09 10:55:00,https://www.vlr.gg/708423/gentle-mates-vs-nrg-esports-world-cup-2026-qf,Esports World Cup 2026
M8,NRG,25450,18350,12,11.7k,1.6k,Haven,2026-07-09 10:55:00,https://www.vlr.gg/708423/gentle-mates-vs-nrg-esports-world-cup-2026-qf,Esports World Cup 2026
M8,NRG,4250,4250,13,0.2k,0.2k,Haven,2026-07-09 10:55:00,https://www.vlr.gg/708423/gentle-mates-vs-nrg-esports-world-cup-2026-qf,Esports World Cup 2026
M8,NRG,2750,18500,14,9.0k,0.5k,Haven,2026-07-09 10:55:00,https://www.vlr.gg/708423/gentle-mates-vs-nrg-esports-world-cup-2026-qf,Esports World Cup 2026
M8,NRG,22250,14600,15,1.2k,12.5k,Haven,2026-07-09 10:55:00,https://www.vlr.gg/708423/gentle-mates-vs-nrg-esports-world-cup-2026-qf,Esports World Cup 2026
M8,NRG,22400,23000,16,7.7k,1.9k,Haven,2026-07-09 10:55:00,https://www.vlr.gg/708423/gentle-mates-vs-nrg-esports-world-cup-2026-qf,Esports World Cup 2026
M8,NRG,22700,11400,17,7.4k,9.0k,Haven,2026-07-09 10:55:00,https://www.vlr.gg/708423/gentle-mates-vs-nrg-esports-world-cup-2026-qf,Esports World Cup 2026
M8,NRG,10900,26600,18,8.6k,11.6k,Haven,2026-07-09 10:55:00,https://www.vlr.gg/708423/gentle-mates-vs-nrg-esports-world-cup-2026-qf,Esports World Cup 2026
M8,NRG,21700,20700,19,4.8k,2.6k,Haven,2026-07-09 10:55:00,https://www.vlr.gg/708423/gentle-mates-vs-nrg-esports-world-cup-2026-qf,Esports World Cup 2026
M8,NRG,7000,23800,20,9.4k,10.6k,Haven,2026-07-09 10:55:00,https://www.vlr.gg/708423/gentle-mates-vs-nrg-esports-world-cup-2026-qf,Esports World Cup 2026
M8,NRG,21150,26800,21,1.6k,16.8k,Haven,2026-07-09 10:55:00,https://www.vlr.gg/708423/gentle-mates-vs-nrg-esports-world-cup-2026-qf,Esports World Cup 2026
M8,NRG,20300,23700,22,2.1k,8.6k,Haven,2026-07-09 10:55:00,https://www.vlr.gg/708423/gentle-mates-vs-nrg-esports-world-cup-2026-qf,Esports World Cup 2026
M8,NRG,20300,22300,23,3.5k,1.0k,Haven,2026-07-09 10:55:00,https://www.vlr.gg/708423/gentle-mates-vs-nrg-esports-world-cup-2026-qf,Esports World Cup 2026
M8,NRG,4050,4000,1,0.2k,0.2k,Ascent,2026-07-09 10:55:00,https://www.vlr.gg/708423/gentle-mates-vs-nrg-esports-world-cup-2026-qf,Esports World Cup 2026
M8,NRG,14200,2000,2,5.9k,9.0k,Ascent,2026-07-09 10:55:00,https://www.vlr.gg/708423/gentle-mates-vs-nrg-esports-world-cup-2026-qf,Esports World Cup 2026
M8,NRG,18650,21850,3,14.3k,0.8k,Ascent,2026-07-09 10:55:00,https://www.vlr.gg/708423/gentle-mates-vs-nrg-esports-world-cup-2026-qf,Esports World Cup 2026
M8,NRG,21150,22350,4,4.1k,9.7k,Ascent,2026-07-09 10:55:00,https://www.vlr.gg/708423/gentle-mates-vs-nrg-esports-world-cup-2026-qf,Esports World Cup 2026
M8,NRG,21600,19000,5,3.7k,2.4k,Ascent,2026-07-09 10:55:00,https://www.vlr.gg/708423/gentle-mates-vs-nrg-esports-world-cup-2026-qf,Esports World Cup 2026
M8,NRG,12000,21250,6,8.4k,13.8k,Ascent,2026-07-09 10:55:00,https://www.vlr.gg/708423/gentle-mates-vs-nrg-esports-world-cup-2026-qf,Esports World Cup 2026
M8,NRG,17100,25100,7,5.8k,18.0k,Ascent,2026-07-09 10:55:00,https://www.vlr.gg/708423/gentle-mates-vs-nrg-esports-world-cup-2026-qf,Esports World Cup 2026
M8,NRG,21500,23100,8,15.0k,10.5k,Ascent,2026-07-09 10:55:00,https://www.vlr.gg/708423/gentle-mates-vs-nrg-esports-world-cup-2026-qf,Esports World Cup 2026
M8,NRG,23950,20400,9,24.8k,3.9k,Ascent,2026-07-09 10:55:00,https://www.vlr.gg/708423/gentle-mates-vs-nrg-esports-world-cup-2026-qf,Esports World Cup 2026
M8,NRG,22750,20900,10,13.7k,6.4k,Ascent,2026-07-09 10:55:00,https://www.vlr.gg/708423/gentle-mates-vs-nrg-esports-world-cup-2026-qf,Esports World Cup 2026
M8,NRG,21250,22650,11,5.7k,8.5k,Ascent,2026-07-09 10:55:00,https://www.vlr.gg/708423/gentle-mates-vs-nrg-esports-world-cup-2026-qf,Esports World Cup 2026
M8,NRG,22200,24900,12,3.7k,12.8k,Ascent,2026-07-09 10:55:00,https://www.vlr.gg/708423/gentle-mates-vs-nrg-esports-world-cup-2026-qf,Esports World Cup 2026
M8,NRG,4000,4050,13,0.2k,0.2k,Ascent,2026-07-09 10:55:00,https://www.vlr.gg/708423/gentle-mates-vs-nrg-esports-world-cup-2026-qf,Esports World Cup 2026
M8,NRG,16650,3050,14,0.6k,9.7k,Ascent,2026-07-09 10:55:00,https://www.vlr.gg/708423/gentle-mates-vs-nrg-esports-world-cup-2026-qf,Esports World Cup 2026
M8,NRG,17000,22700,15,13.9k,0.7k,Ascent,2026-07-09 10:55:00,https://www.vlr.gg/708423/gentle-mates-vs-nrg-esports-world-cup-2026-qf,Esports World Cup 2026
M8,NRG,22750,20800,16,3.7k,2.4k,Ascent,2026-07-09 10:55:00,https://www.vlr.gg/708423/gentle-mates-vs-nrg-esports-world-cup-2026-qf,Esports World Cup 2026
M8,NRG,18800,6600,17,4.0k,7.1k,Ascent,2026-07-09 10:55:00,https://www.vlr.gg/708423/gentle-mates-vs-nrg-esports-world-cup-2026-qf,Esports World Cup 2026
M8,NRG,7300,23500,18,7.8k,11.1k,Ascent,2026-07-09 10:55:00,https://www.vlr.gg/708423/gentle-mates-vs-nrg-esports-world-cup-2026-qf,Esports World Cup 2026
M8,NRG,19850,22700,19,1.0k,10.9k,Ascent,2026-07-09 10:55:00,https://www.vlr.gg/708423/gentle-mates-vs-nrg-esports-world-cup-2026-qf,Esports World Cup 2026
M8,NRG,21450,17450,20,5.8k,5.5k,Ascent,2026-07-09 10:55:00,https://www.vlr.gg/708423/gentle-mates-vs-nrg-esports-world-cup-2026-qf,Esports World Cup 2026
M8,NRG,9250,22350,21,7.4k,8.3k,Ascent,2026-07-09 10:55:00,https://www.vlr.gg/708423/gentle-mates-vs-nrg-esports-world-cup-2026-qf,Esports World Cup 2026
M8,NRG,20200,23350,22,0.5k,18.2k,Ascent,2026-07-09 10:55:00,https://www.vlr.gg/708423/gentle-mates-vs-nrg-esports-world-cup-2026-qf,Esports World Cup 2026
M8,NRG,3850,3800,1,0.1k,0.1k,Lotus,2026-07-09 10:55:00,https://www.vlr.gg/708423/gentle-mates-vs-nrg-esports-world-cup-2026-qf,Esports World Cup 2026
M8,NRG,1900,16400,2,8.5k,0.6k,Lotus,2026-07-09 10:55:00,https://www.vlr.gg/708423/gentle-mates-vs-nrg-esports-world-cup-2026-qf,Esports World Cup 2026
M8,NRG,21400,14300,3,0.8k,13.4k,Lotus,2026-07-09 10:55:00,https://www.vlr.gg/708423/gentle-mates-vs-nrg-esports-world-cup-2026-qf,Esports World Cup 2026
M8,NRG,9350,22650,4,8.4k,12.7k,Lotus,2026-07-09 10:55:00,https://www.vlr.gg/708423/gentle-mates-vs-nrg-esports-world-cup-2026-qf,Esports World Cup 2026
M8,NRG,21450,25750,5,4.1k,14.2k,Lotus,2026-07-09 10:55:00,https://www.vlr.gg/708423/gentle-mates-vs-nrg-esports-world-cup-2026-qf,Esports World Cup 2026
M8,NRG,20850,21050,6,4.3k,3.0k,Lotus,2026-07-09 10:55:00,https://www.vlr.gg/708423/gentle-mates-vs-nrg-esports-world-cup-2026-qf,Esports World Cup 2026
M8,NRG,7900,20450,7,8.9k,5.2k,Lotus,2026-07-09 10:55:00,https://www.vlr.gg/708423/gentle-mates-vs-nrg-esports-world-cup-2026-qf,Esports World Cup 2026
M8,NRG,20850,22200,8,2.9k,14.9k,Lotus,2026-07-09 10:55:00,https://www.vlr.gg/708423/gentle-mates-vs-nrg-esports-world-cup-2026-qf,Esports World Cup 2026
M8,NRG,21950,19450,9,5.6k,5.4k,Lotus,2026-07-09 10:55:00,https://www.vlr.gg/708423/gentle-mates-vs-nrg-esports-world-cup-2026-qf,Esports World Cup 2026
M8,NRG,22850,18400,10,11.0k,1.1k,Lotus,2026-07-09 10:55:00,https://www.vlr.gg/708423/gentle-mates-vs-nrg-esports-world-cup-2026-qf,Esports World Cup 2026
M8,NRG,18900,18900,11,4.1k,4.5k,Lotus,2026-07-09 10:55:00,https://www.vlr.gg/708423/gentle-mates-vs-nrg-esports-world-cup-2026-qf,Esports World Cup 2026
M8,NRG,23350,15800,12,6.9k,0.4k,Lotus,2026-07-09 10:55:00,https://www.vlr.gg/708423/gentle-mates-vs-nrg-esports-world-cup-2026-qf,Esports World Cup 2026
M8,NRG,3650,4000,13,0.2k,0.2k,Lotus,2026-07-09 10:55:00,https://www.vlr.gg/708423/gentle-mates-vs-nrg-esports-world-cup-2026-qf,Esports World Cup 2026
M8,NRG,16900,3350,14,0.9k,9.0k,Lotus,2026-07-09 10:55:00,https://www.vlr.gg/708423/gentle-mates-vs-nrg-esports-world-cup-2026-qf,Esports World Cup 2026
M8,NRG,16400,21450,15,12.6k,1.1k,Lotus,2026-07-09 10:55:00,https://www.vlr.gg/708423/gentle-mates-vs-nrg-esports-world-cup-2026-qf,Esports World Cup 2026
M8,NRG,20800,22900,16,2.1k,12.8k,Lotus,2026-07-09 10:55:00,https://www.vlr.gg/708423/gentle-mates-vs-nrg-esports-world-cup-2026-qf,Esports World Cup 2026
M8,NRG,21950,19950,17,13.3k,3.7k,Lotus,2026-07-09 10:55:00,https://www.vlr.gg/708423/gentle-mates-vs-nrg-esports-world-cup-2026-qf,Esports World Cup 2026
M8,NRG,23150,19900,18,19.9k,2.2k,Lotus,2026-07-09 10:55:00,https://www.vlr.gg/708423/gentle-mates-vs-nrg-esports-world-cup-2026-qf,Esports World Cup 2026
M8,NRG,22050,19050,19,8.6k,1.0k,Lotus,2026-07-09 10:55:00,https://www.vlr.gg/708423/gentle-mates-vs-nrg-esports-world-cup-2026-qf,Esports World Cup 2026
M8,NRG,22300,3850,20,5.6k,9.7k,Lotus,2026-07-09 10:55:00,https://www.vlr.gg/708423/gentle-mates-vs-nrg-esports-world-cup-2026-qf,Esports World Cup 2026
M8,NRG,10050,23050,21,5.8k,9.6k,Lotus,2026-07-09 10:55:00,https://www.vlr.gg/708423/gentle-mates-vs-nrg-esports-world-cup-2026-qf,Esports World Cup 2026
M8,NRG,24050,19400,22,7.4k,2.3k,Lotus,2026-07-09 10:55:00,https://www.vlr.gg/708423/gentle-mates-vs-nrg-esports-world-cup-2026-qf,Esports World Cup 2026
M8,NRG,17150,21850,23,0.7k,8.3k,Lotus,2026-07-09 10:55:00,https://www.vlr.gg/708423/gentle-mates-vs-nrg-esports-world-cup-2026-qf,Esports World Cup 2026
VIT,NS,4200,3900,1,0.2k,0.2k,Ascent,2026-07-10 07:00:00,https://www.vlr.gg/708421/team-vitality-vs-nongshim-redforce-esports-world-cup-2026-qf,Esports World Cup 2026
VIT,NS,16100,3100,2,4.7k,7.7k,Ascent,2026-07-10 07:00:00,https://www.vlr.gg/708421/team-vitality-vs-nongshim-redforce-esports-world-cup-2026-qf,Esports World Cup 2026
VIT,NS,22350,20350,3,11.7k,0.5k,Ascent,2026-07-10 07:00:00,https://www.vlr.gg/708421/team-vitality-vs-nongshim-redforce-esports-world-cup-2026-qf,Esports World Cup 2026
VIT,NS,20550,20500,4,2.7k,5.8k,Ascent,2026-07-10 07:00:00,https://www.vlr.gg/708421/team-vitality-vs-nongshim-redforce-esports-world-cup-2026-qf,Esports World Cup 2026
VIT,NS,6500,22600,5,10.2k,8.4k,Ascent,2026-07-10 07:00:00,https://www.vlr.gg/708421/team-vitality-vs-nongshim-redforce-esports-world-cup-2026-qf,Esports World Cup 2026
VIT,NS,22350,23200,6,4.7k,13.3k,Ascent,2026-07-10 07:00:00,https://www.vlr.gg/708421/team-vitality-vs-nongshim-redforce-esports-world-cup-2026-qf,Esports World Cup 2026
VIT,NS,20800,22300,7,2.6k,10.5k,Ascent,2026-07-10 07:00:00,https://www.vlr.gg/708421/team-vitality-vs-nongshim-redforce-esports-world-cup-2026-qf,Esports World Cup 2026
VIT,NS,22200,21850,8,14.4k,6.1k,Ascent,2026-07-10 07:00:00,https://www.vlr.gg/708421/team-vitality-vs-nongshim-redforce-esports-world-cup-2026-qf,Esports World Cup 2026
VIT,NS,22600,22450,9,4.7k,14.3k,Ascent,2026-07-10 07:00:00,https://www.vlr.gg/708421/team-vitality-vs-nongshim-redforce-esports-world-cup-2026-qf,Esports World Cup 2026
VIT,NS,9550,22900,10,8.5k,14.6k,Ascent,2026-07-10 07:00:00,https://www.vlr.gg/708421/team-vitality-vs-nongshim-redforce-esports-world-cup-2026-qf,Esports World Cup 2026
VIT,NS,22550,23500,11,1.9k,21.6k,Ascent,2026-07-10 07:00:00,https://www.vlr.gg/708421/team-vitality-vs-nongshim-redforce-esports-world-cup-2026-qf,Esports World Cup 2026
VIT,NS,22500,25300,12,4.3k,4.4k,Ascent,2026-07-10 07:00:00,https://www.vlr.gg/708421/team-vitality-vs-nongshim-redforce-esports-world-cup-2026-qf,Esports World Cup 2026
VIT,NS,4150,3750,13,0.1k,0.7k,Ascent,2026-07-10 07:00:00,https://www.vlr.gg/708421/team-vitality-vs-nongshim-redforce-esports-world-cup-2026-qf,Esports World Cup 2026
VIT,NS,14400,4950,14,5.1k,6.9k,Ascent,2026-07-10 07:00:00,https://www.vlr.gg/708421/team-vitality-vs-nongshim-redforce-esports-world-cup-2026-qf,Esports World Cup 2026
VIT,NS,18450,20300,15,14.8k,2.3k,Ascent,2026-07-10 07:00:00,https://www.vlr.gg/708421/team-vitality-vs-nongshim-redforce-esports-world-cup-2026-qf,Esports World Cup 2026
VIT,NS,22650,22200,16,3.0k,10.8k,Ascent,2026-07-10 07:00:00,https://www.vlr.gg/708421/team-vitality-vs-nongshim-redforce-esports-world-cup-2026-qf,Esports World Cup 2026
VIT,NS,24150,18850,17,10.5k,1.9k,Ascent,2026-07-10 07:00:00,https://www.vlr.gg/708421/team-vitality-vs-nongshim-redforce-esports-world-cup-2026-qf,Esports World Cup 2026
VIT,NS,25500,7500,18,16.8k,8.0k,Ascent,2026-07-10 07:00:00,https://www.vlr.gg/708421/team-vitality-vs-nongshim-redforce-esports-world-cup-2026-qf,Esports World Cup 2026
VIT,NS,25350,22000,19,29.1k,1.3k,Ascent,2026-07-10 07:00:00,https://www.vlr.gg/708421/team-vitality-vs-nongshim-redforce-esports-world-cup-2026-qf,Esports World Cup 2026
VIT,NS,25350,11350,20,26.3k,7.4k,Ascent,2026-07-10 07:00:00,https://www.vlr.gg/708421/team-vitality-vs-nongshim-redforce-esports-world-cup-2026-qf,Esports World Cup 2026
VIT,NS,25350,21700,21,27.5k,2.6k,Ascent,2026-07-10 07:00:00,https://www.vlr.gg/708421/team-vitality-vs-nongshim-redforce-esports-world-cup-2026-qf,Esports World Cup 2026
VIT,NS,25650,21500,22,12.8k,6.2k,Ascent,2026-07-10 07:00:00,https://www.vlr.gg/708421/team-vitality-vs-nongshim-redforce-esports-world-cup-2026-qf,Esports World Cup 2026
VIT,NS,25500,21050,23,18.9k,1.3k,Ascent,2026-07-10 07:00:00,https://www.vlr.gg/708421/team-vitality-vs-nongshim-redforce-esports-world-cup-2026-qf,Esports World Cup 2026
VIT,NS,4300,3400,1,0.1k,0.8k,Split,2026-07-10 07:00:00,https://www.vlr.gg/708421/team-vitality-vs-nongshim-redforce-esports-world-cup-2026-qf,Esports World Cup 2026
VIT,NS,1800,16750,2,8.9k,2.7k,Split,2026-07-10 07:00:00,https://www.vlr.gg/708421/team-vitality-vs-nongshim-redforce-esports-world-cup-2026-qf,Esports World Cup 2026
VIT,NS,21750,15400,3,0.9k,13.0k,Split,2026-07-10 07:00:00,https://www.vlr.gg/708421/team-vitality-vs-nongshim-redforce-esports-world-cup-2026-qf,Esports World Cup 2026
VIT,NS,20150,22000,4,2.5k,1.6k,Split,2026-07-10 07:00:00,https://www.vlr.gg/708421/team-vitality-vs-nongshim-redforce-esports-world-cup-2026-qf,Esports World Cup 2026
VIT,NS,21500,5650,5,7.1k,9.6k,Split,2026-07-10 07:00:00,https://www.vlr.gg/708421/team-vitality-vs-nongshim-redforce-esports-world-cup-2026-qf,Esports World Cup 2026
VIT,NS,23950,24000,6,21.4k,1.8k,Split,2026-07-10 07:00:00,https://www.vlr.gg/708421/team-vitality-vs-nongshim-redforce-esports-world-cup-2026-qf,Esports World Cup 2026
VIT,NS,23800,7000,7,26.4k,10.9k,Split,2026-07-10 07:00:00,https://www.vlr.gg/708421/team-vitality-vs-nongshim-redforce-esports-world-cup-2026-qf,Esports World Cup 2026
VIT,NS,23500,24300,8,13.4k,10.1k,Split,2026-07-10 07:00:00,https://www.vlr.gg/708421/team-vitality-vs-nongshim-redforce-esports-world-cup-2026-qf,Esports World Cup 2026
VIT,NS,21150,25000,9,6.1k,17.6k,Split,2026-07-10 07:00:00,https://www.vlr.gg/708421/team-vitality-vs-nongshim-redforce-esports-world-cup-2026-qf,Esports World Cup 2026
VIT,NS,21150,25900,10,3.0k,25.2k,Split,2026-07-10 07:00:00,https://www.vlr.gg/708421/team-vitality-vs-nongshim-redforce-esports-world-cup-2026-qf,Esports World Cup 2026
VIT,NS,10350,25900,11,8.7k,32.9k,Split,2026-07-10 07:00:00,https://www.vlr.gg/708421/team-vitality-vs-nongshim-redforce-esports-world-cup-2026-qf,Esports World Cup 2026
VIT,NS,23200,24300,12,2.3k,32.4k,Split,2026-07-10 07:00:00,https://www.vlr.gg/708421/team-vitality-vs-nongshim-redforce-esports-world-cup-2026-qf,Esports World Cup 2026
VIT,NS,4100,3800,13,0.3k,0.6k,Split,2026-07-10 07:00:00,https://www.vlr.gg/708421/team-vitality-vs-nongshim-redforce-esports-world-cup-2026-qf,Esports World Cup 2026
VIT,NS,2300,15600,14,8.9k,4.5k,Split,2026-07-10 07:00:00,https://www.vlr.gg/708421/team-vitality-vs-nongshim-redforce-esports-world-cup-2026-qf,Esports World Cup 2026
VIT,NS,22300,18450,15,0.3k,15.8k,Split,2026-07-10 07:00:00,https://www.vlr.gg/708421/team-vitality-vs-nongshim-redforce-esports-world-cup-2026-qf,Esports World Cup 2026
VIT,NS,20500,22200,16,5.5k,5.4k,Split,2026-07-10 07:00:00,https://www.vlr.gg/708421/team-vitality-vs-nongshim-redforce-esports-world-cup-2026-qf,Esports World Cup 2026
VIT,NS,22750,11550,17,8.2k,7.7k,Split,2026-07-10 07:00:00,https://www.vlr.gg/708421/team-vitality-vs-nongshim-redforce-esports-world-cup-2026-qf,Esports World Cup 2026
VIT,NS,25350,21500,18,10.5k,2.4k,Split,2026-07-10 07:00:00,https://www.vlr.gg/708421/team-vitality-vs-nongshim-redforce-esports-world-cup-2026-qf,Esports World Cup 2026
VIT,NS,24900,22400,19,8.7k,16.4k,Split,2026-07-10 07:00:00,https://www.vlr.gg/708421/team-vitality-vs-nongshim-redforce-esports-world-cup-2026-qf,Esports World Cup 2026
VIT,NS,21150,24000,20,0.7k,20.4k,Split,2026-07-10 07:00:00,https://www.vlr.gg/708421/team-vitality-vs-nongshim-redforce-esports-world-cup-2026-qf,Esports World Cup 2026
VIT,NS,4000,3750,1,0.0k,0.3k,Breeze,2026-07-10 07:00:00,https://www.vlr.gg/708421/team-vitality-vs-nongshim-redforce-esports-world-cup-2026-qf,Esports World Cup 2026
VIT,NS,15650,2500,2,4.6k,8.4k,Breeze,2026-07-10 07:00:00,https://www.vlr.gg/708421/team-vitality-vs-nongshim-redforce-esports-world-cup-2026-qf,Esports World Cup 2026
VIT,NS,6100,21650,3,9.1k,11.8k,Breeze,2026-07-10 07:00:00,https://www.vlr.gg/708421/team-vitality-vs-nongshim-redforce-esports-world-cup-2026-qf,Esports World Cup 2026
VIT,NS,20900,24600,4,2.1k,16.9k,Breeze,2026-07-10 07:00:00,https://www.vlr.gg/708421/team-vitality-vs-nongshim-redforce-esports-world-cup-2026-qf,Esports World Cup 2026
VIT,NS,22100,22950,5,3.0k,5.2k,Breeze,2026-07-10 07:00:00,https://www.vlr.gg/708421/team-vitality-vs-nongshim-redforce-esports-world-cup-2026-qf,Esports World Cup 2026
VIT,NS,9000,24450,6,10.0k,9.1k,Breeze,2026-07-10 07:00:00,https://www.vlr.gg/708421/team-vitality-vs-nongshim-redforce-esports-world-cup-2026-qf,Esports World Cup 2026
VIT,NS,21500,25350,7,2.8k,21.1k,Breeze,2026-07-10 07:00:00,https://www.vlr.gg/708421/team-vitality-vs-nongshim-redforce-esports-world-cup-2026-qf,Esports World Cup 2026
VIT,NS,19600,24450,8,2.3k,15.9k,Breeze,2026-07-10 07:00:00,https://www.vlr.gg/708421/team-vitality-vs-nongshim-redforce-esports-world-cup-2026-qf,Esports World Cup 2026
VIT,NS,11000,24150,9,7.4k,13.4k,Breeze,2026-07-10 07:00:00,https://www.vlr.gg/708421/team-vitality-vs-nongshim-redforce-esports-world-cup-2026-qf,Esports World Cup 2026
VIT,NS,20900,25350,10,3.3k,12.6k,Breeze,2026-07-10 07:00:00,https://www.vlr.gg/708421/team-vitality-vs-nongshim-redforce-esports-world-cup-2026-qf,Esports World Cup 2026
VIT,NS,18100,23550,11,2.1k,11.8k,Breeze,2026-07-10 07:00:00,https://www.vlr.gg/708421/team-vitality-vs-nongshim-redforce-esports-world-cup-2026-qf,Esports World Cup 2026
VIT,NS,16900,23850,12,1.7k,15.4k,Breeze,2026-07-10 07:00:00,https://www.vlr.gg/708421/team-vitality-vs-nongshim-redforce-esports-world-cup-2026-qf,Esports World Cup 2026
VIT,NS,3950,3650,13,0.1k,0.6k,Breeze,2026-07-10 07:00:00,https://www.vlr.gg/708421/team-vitality-vs-nongshim-redforce-esports-world-cup-2026-qf,Esports World Cup 2026
VIT,NS,9800,18200,14,0.5k,2.9k,Breeze,2026-07-10 07:00:00,https://www.vlr.gg/708421/team-vitality-vs-nongshim-redforce-esports-world-cup-2026-qf,Esports World Cup 2026
VIT,NS,12700,21550,15,0.7k,12.4k,Breeze,2026-07-10 07:00:00,https://www.vlr.gg/708421/team-vitality-vs-nongshim-redforce-esports-world-cup-2026-qf,Esports World Cup 2026
100T,MIBR,4000,3950,1,0.1k,0.2k,Fracture,2026-07-10 10:05:00,https://www.vlr.gg/708420/100-thieves-vs-mibr-esports-world-cup-2026-qf,Esports World Cup 2026
100T,MIBR,16150,1650,2,3.5k,9.3k,Fracture,2026-07-10 10:05:00,https://www.vlr.gg/708420/100-thieves-vs-mibr-esports-world-cup-2026-qf,Esports World Cup 2026
100T,MIBR,19800,22050,3,13.3k,0.4k,Fracture,2026-07-10 10:05:00,https://www.vlr.gg/708420/100-thieves-vs-mibr-esports-world-cup-2026-qf,Esports World Cup 2026
100T,MIBR,21700,21650,4,1.9k,5.1k,Fracture,2026-07-10 10:05:00,https://www.vlr.gg/708420/100-thieves-vs-mibr-esports-world-cup-2026-qf,Esports World Cup 2026
100T,MIBR,22350,8300,5,12.7k,11.6k,Fracture,2026-07-10 10:05:00,https://www.vlr.gg/708420/100-thieves-vs-mibr-esports-world-cup-2026-qf,Esports World Cup 2026
100T,MIBR,23150,23150,6,15.7k,2.2k,Fracture,2026-07-10 10:05:00,https://www.vlr.gg/708420/100-thieves-vs-mibr-esports-world-cup-2026-qf,Esports World Cup 2026
100T,MIBR,23750,8450,7,26.4k,9.9k,Fracture,2026-07-10 10:05:00,https://www.vlr.gg/708420/100-thieves-vs-mibr-esports-world-cup-2026-qf,Esports World Cup 2026
100T,MIBR,23750,23800,8,30.5k,2.9k,Fracture,2026-07-10 10:05:00,https://www.vlr.gg/708420/100-thieves-vs-mibr-esports-world-cup-2026-qf,Esports World Cup 2026
100T,MIBR,23150,23950,9,17.5k,9.9k,Fracture,2026-07-10 10:05:00,https://www.vlr.gg/708420/100-thieves-vs-mibr-esports-world-cup-2026-qf,Esports World Cup 2026
100T,MIBR,23450,19550,10,15.0k,0.8k,Fracture,2026-07-10 10:05:00,https://www.vlr.gg/708420/100-thieves-vs-mibr-esports-world-cup-2026-qf,Esports World Cup 2026
100T,MIBR,23750,14700,11,24.2k,6.1k,Fracture,2026-07-10 10:05:00,https://www.vlr.gg/708420/100-thieves-vs-mibr-esports-world-cup-2026-qf,Esports World Cup 2026
100T,MIBR,25450,21200,12,20.2k,0.7k,Fracture,2026-07-10 10:05:00,https://www.vlr.gg/708420/100-thieves-vs-mibr-esports-world-cup-2026-qf,Esports World Cup 2026
100T,MIBR,3850,3950,13,0.1k,0.2k,Fracture,2026-07-10 10:05:00,https://www.vlr.gg/708420/100-thieves-vs-mibr-esports-world-cup-2026-qf,Esports World Cup 2026
100T,MIBR,17200,11850,14,0.2k,0.6k,Fracture,2026-07-10 10:05:00,https://www.vlr.gg/708420/100-thieves-vs-mibr-esports-world-cup-2026-qf,Esports World Cup 2026
100T,MIBR,19950,13200,15,8.5k,0.5k,Fracture,2026-07-10 10:05:00,https://www.vlr.gg/708420/100-thieves-vs-mibr-esports-world-cup-2026-qf,Esports World Cup 2026
100T,MIBR,3850,3950,1,0.1k,0.1k,Breeze,2026-07-10 10:05:00,https://www.vlr.gg/708420/100-thieves-vs-mibr-esports-world-cup-2026-qf,Esports World Cup 2026
100T,MIBR,1700,14150,2,8.4k,5.9k,Breeze,2026-07-10 10:05:00,https://www.vlr.gg/708420/100-thieves-vs-mibr-esports-world-cup-2026-qf,Esports World Cup 2026
100T,MIBR,21150,21450,3,0.7k,13.3k,Breeze,2026-07-10 10:05:00,https://www.vlr.gg/708420/100-thieves-vs-mibr-esports-world-cup-2026-qf,Esports World Cup 2026
100T,MIBR,6300,23200,4,9.5k,21.8k,Breeze,2026-07-10 10:05:00,https://www.vlr.gg/708420/100-thieves-vs-mibr-esports-world-cup-2026-qf,Esports World Cup 2026
100T,MIBR,22950,24950,5,2.1k,30.4k,Breeze,2026-07-10 10:05:00,https://www.vlr.gg/708420/100-thieves-vs-mibr-esports-world-cup-2026-qf,Esports World Cup 2026
100T,MIBR,23550,23050,6,9.5k,18.1k,Breeze,2026-07-10 10:05:00,https://www.vlr.gg/708420/100-thieves-vs-mibr-esports-world-cup-2026-qf,Esports World Cup 2026
100T,MIBR,20500,23050,7,0.8k,13.4k,Breeze,2026-07-10 10:05:00,https://www.vlr.gg/708420/100-thieves-vs-mibr-esports-world-cup-2026-qf,Esports World Cup 2026
100T,MIBR,21650,21150,8,2.9k,4.1k,Breeze,2026-07-10 10:05:00,https://www.vlr.gg/708420/100-thieves-vs-mibr-esports-world-cup-2026-qf,Esports World Cup 2026
100T,MIBR,3500,22550,9,10.4k,7.8k,Breeze,2026-07-10 10:05:00,https://www.vlr.gg/708420/100-thieves-vs-mibr-esports-world-cup-2026-qf,Esports World Cup 2026
100T,MIBR,23000,23450,10,0.7k,19.1k,Breeze,2026-07-10 10:05:00,https://www.vlr.gg/708420/100-thieves-vs-mibr-esports-world-cup-2026-qf,Esports World Cup 2026
100T,MIBR,15400,23650,11,5.6k,25.1k,Breeze,2026-07-10 10:05:00,https://www.vlr.gg/708420/100-thieves-vs-mibr-esports-world-cup-2026-qf,Esports World Cup 2026
100T,MIBR,19500,23750,12,1.3k,34.6k,Breeze,2026-07-10 10:05:00,https://www.vlr.gg/708420/100-thieves-vs-mibr-esports-world-cup-2026-qf,Esports World Cup 2026
100T,MIBR,4050,3950,13,0.0k,0.0k,Breeze,2026-07-10 10:05:00,https://www.vlr.gg/708420/100-thieves-vs-mibr-esports-world-cup-2026-qf,Esports World Cup 2026
100T,MIBR,16950,1800,14,2.6k,8.3k,Breeze,2026-07-10 10:05:00,https://www.vlr.gg/708420/100-thieves-vs-mibr-esports-world-cup-2026-qf,Esports World Cup 2026
100T,MIBR,11900,21200,15,12.1k,0.2k,Breeze,2026-07-10 10:05:00,https://www.vlr.gg/708420/100-thieves-vs-mibr-esports-world-cup-2026-qf,Esports World Cup 2026
100T,MIBR,22950,6550,16,13.4k,9.9k,Breeze,2026-07-10 10:05:00,https://www.vlr.gg/708420/100-thieves-vs-mibr-esports-world-cup-2026-qf,Esports World Cup 2026
100T,MIBR,23450,22050,17,14.8k,3.6k,Breeze,2026-07-10 10:05:00,https://www.vlr.gg/708420/100-thieves-vs-mibr-esports-world-cup-2026-qf,Esports World Cup 2026
100T,MIBR,23050,18500,18,20.3k,0.6k,Breeze,2026-07-10 10:05:00,https://www.vlr.gg/708420/100-thieves-vs-mibr-esports-world-cup-2026-qf,Esports World Cup 2026
100T,MIBR,23250,7850,19,18.9k,8.7k,Breeze,2026-07-10 10:05:00,https://www.vlr.gg/708420/100-thieves-vs-mibr-esports-world-cup-2026-qf,Esports World Cup 2026
100T,MIBR,23750,23250,20,21.1k,1.1k,Breeze,2026-07-10 10:05:00,https://www.vlr.gg/708420/100-thieves-vs-mibr-esports-world-cup-2026-qf,Esports World Cup 2026
100T,MIBR,22750,23250,21,8.5k,9.3k,Breeze,2026-07-10 10:05:00,https://www.vlr.gg/708420/100-thieves-vs-mibr-esports-world-cup-2026-qf,Esports World Cup 2026
100T,MIBR,20150,24450,22,2.2k,17.3k,Breeze,2026-07-10 10:05:00,https://www.vlr.gg/708420/100-thieves-vs-mibr-esports-world-cup-2026-qf,Esports World Cup 2026
100T,MIBR,18600,25150,23,0.5k,20.9k,Breeze,2026-07-10 10:05:00,https://www.vlr.gg/708420/100-thieves-vs-mibr-esports-world-cup-2026-qf,Esports World Cup 2026
100T,MIBR,4100,3850,1,0.0k,0.1k,Haven,2026-07-10 10:05:00,https://www.vlr.gg/708420/100-thieves-vs-mibr-esports-world-cup-2026-qf,Esports World Cup 2026
100T,MIBR,2350,12850,2,8.5k,6.5k,Haven,2026-07-10 10:05:00,https://www.vlr.gg/708420/100-thieves-vs-mibr-esports-world-cup-2026-qf,Esports World Cup 2026
100T,MIBR,20700,20550,3,1.0k,11.5k,Haven,2026-07-10 10:05:00,https://www.vlr.gg/708420/100-thieves-vs-mibr-esports-world-cup-2026-qf,Esports World Cup 2026
100T,MIBR,20600,21350,4,4.5k,1.1k,Haven,2026-07-10 10:05:00,https://www.vlr.gg/708420/100-thieves-vs-mibr-esports-world-cup-2026-qf,Esports World Cup 2026
100T,MIBR,22500,7450,5,5.1k,8.6k,Haven,2026-07-10 10:05:00,https://www.vlr.gg/708420/100-thieves-vs-mibr-esports-world-cup-2026-qf,Esports World Cup 2026
100T,MIBR,24100,22250,6,14.1k,2.9k,Haven,2026-07-10 10:05:00,https://www.vlr.gg/708420/100-thieves-vs-mibr-esports-world-cup-2026-qf,Esports World Cup 2026
100T,MIBR,23300,9800,7,10.7k,9.5k,Haven,2026-07-10 10:05:00,https://www.vlr.gg/708420/100-thieves-vs-mibr-esports-world-cup-2026-qf,Esports World Cup 2026
100T,MIBR,25800,22150,8,10.6k,3.5k,Haven,2026-07-10 10:05:00,https://www.vlr.gg/708420/100-thieves-vs-mibr-esports-world-cup-2026-qf,Esports World Cup 2026
100T,MIBR,25500,19850,9,11.4k,0.6k,Haven,2026-07-10 10:05:00,https://www.vlr.gg/708420/100-thieves-vs-mibr-esports-world-cup-2026-qf,Esports World Cup 2026
100T,MIBR,8900,21650,10,13.0k,7.3k,Haven,2026-07-10 10:05:00,https://www.vlr.gg/708420/100-thieves-vs-mibr-esports-world-cup-2026-qf,Esports World Cup 2026
100T,MIBR,23700,23350,11,3.0k,19.4k,Haven,2026-07-10 10:05:00,https://www.vlr.gg/708420/100-thieves-vs-mibr-esports-world-cup-2026-qf,Esports World Cup 2026
100T,MIBR,22350,23400,12,4.4k,6.2k,Haven,2026-07-10 10:05:00,https://www.vlr.gg/708420/100-thieves-vs-mibr-esports-world-cup-2026-qf,Esports World Cup 2026
100T,MIBR,4050,3950,13,0.2k,0.0k,Haven,2026-07-10 10:05:00,https://www.vlr.gg/708420/100-thieves-vs-mibr-esports-world-cup-2026-qf,Esports World Cup 2026
100T,MIBR,17500,1700,14,2.6k,8.7k,Haven,2026-07-10 10:05:00,https://www.vlr.gg/708420/100-thieves-vs-mibr-esports-world-cup-2026-qf,Esports World Cup 2026
100T,MIBR,19850,21400,15,14.2k,0.3k,Haven,2026-07-10 10:05:00,https://www.vlr.gg/708420/100-thieves-vs-mibr-esports-world-cup-2026-qf,Esports World Cup 2026
100T,MIBR,23600,8950,16,12.2k,7.0k,Haven,2026-07-10 10:05:00,https://www.vlr.gg/708420/100-thieves-vs-mibr-esports-world-cup-2026-qf,Esports World Cup 2026
100T,MIBR,24100,21050,17,23.0k,1.8k,Haven,2026-07-10 10:05:00,https://www.vlr.gg/708420/100-thieves-vs-mibr-esports-world-cup-2026-qf,Esports World Cup 2026
100T,MIBR,24000,16850,18,24.2k,0.3k,Haven,2026-07-10 10:05:00,https://www.vlr.gg/708420/100-thieves-vs-mibr-esports-world-cup-2026-qf,Esports World Cup 2026
100T,NS,4100,3400,1,0.1k,0.5k,Sunset,2026-07-11 07:00:00,https://www.vlr.gg/708424/100-thieves-vs-nongshim-redforce-esports-world-cup-2026-sf,Esports World Cup 2026
100T,NS,16150,3050,2,2.5k,8.5k,Sunset,2026-07-11 07:00:00,https://www.vlr.gg/708424/100-thieves-vs-nongshim-redforce-esports-world-cup-2026-sf,Esports World Cup 2026
100T,NS,15850,20800,3,12.8k,1.1k,Sunset,2026-07-11 07:00:00,https://www.vlr.gg/708424/100-thieves-vs-nongshim-redforce-esports-world-cup-2026-sf,Esports World Cup 2026
100T,NS,21750,20600,4,1.3k,13.7k,Sunset,2026-07-11 07:00:00,https://www.vlr.gg/708424/100-thieves-vs-nongshim-redforce-esports-world-cup-2026-sf,Esports World Cup 2026
100T,NS,6500,22050,5,8.0k,14.4k,Sunset,2026-07-11 07:00:00,https://www.vlr.gg/708424/100-thieves-vs-nongshim-redforce-esports-world-cup-2026-sf,Esports World Cup 2026
100T,NS,22450,22850,6,1.1k,19.2k,Sunset,2026-07-11 07:00:00,https://www.vlr.gg/708424/100-thieves-vs-nongshim-redforce-esports-world-cup-2026-sf,Esports World Cup 2026
100T,NS,24000,21850,7,11.5k,7.9k,Sunset,2026-07-11 07:00:00,https://www.vlr.gg/708424/100-thieves-vs-nongshim-redforce-esports-world-cup-2026-sf,Esports World Cup 2026
100T,NS,21300,21950,8,3.0k,9.8k,Sunset,2026-07-11 07:00:00,https://www.vlr.gg/708424/100-thieves-vs-nongshim-redforce-esports-world-cup-2026-sf,Esports World Cup 2026
100T,NS,7400,22250,9,12.3k,9.8k,Sunset,2026-07-11 07:00:00,https://www.vlr.gg/708424/100-thieves-vs-nongshim-redforce-esports-world-cup-2026-sf,Esports World Cup 2026
100T,NS,24100,19600,10,12.3k,0.9k,Sunset,2026-07-11 07:00:00,https://www.vlr.gg/708424/100-thieves-vs-nongshim-redforce-esports-world-cup-2026-sf,Esports World Cup 2026
100T,NS,23900,6050,11,17.8k,7.4k,Sunset,2026-07-11 07:00:00,https://www.vlr.gg/708424/100-thieves-vs-nongshim-redforce-esports-world-cup-2026-sf,Esports World Cup 2026
100T,NS,23900,22850,12,11.7k,1.1k,Sunset,2026-07-11 07:00:00,https://www.vlr.gg/708424/100-thieves-vs-nongshim-redforce-esports-world-cup-2026-sf,Esports World Cup 2026
100T,NS,4000,3450,13,0.1k,0.5k,Sunset,2026-07-11 07:00:00,https://www.vlr.gg/708424/100-thieves-vs-nongshim-redforce-esports-world-cup-2026-sf,Esports World Cup 2026
100T,NS,18350,4700,14,0.5k,6.4k,Sunset,2026-07-11 07:00:00,https://www.vlr.gg/708424/100-thieves-vs-nongshim-redforce-esports-world-cup-2026-sf,Esports World Cup 2026
100T,NS,18100,18950,15,13.9k,1.1k,Sunset,2026-07-11 07:00:00,https://www.vlr.gg/708424/100-thieves-vs-nongshim-redforce-esports-world-cup-2026-sf,Esports World Cup 2026
100T,NS,22600,20800,16,2.6k,8.1k,Sunset,2026-07-11 07:00:00,https://www.vlr.gg/708424/100-thieves-vs-nongshim-redforce-esports-world-cup-2026-sf,Esports World Cup 2026
100T,NS,22150,16850,17,7.1k,2.8k,Sunset,2026-07-11 07:00:00,https://www.vlr.gg/708424/100-thieves-vs-nongshim-redforce-esports-world-cup-2026-sf,Esports World Cup 2026
100T,NS,23500,17000,18,4.4k,0.5k,Sunset,2026-07-11 07:00:00,https://www.vlr.gg/708424/100-thieves-vs-nongshim-redforce-esports-world-cup-2026-sf,Esports World Cup 2026
100T,NS,23200,16500,19,5.5k,1.0k,Sunset,2026-07-11 07:00:00,https://www.vlr.gg/708424/100-thieves-vs-nongshim-redforce-esports-world-cup-2026-sf,Esports World Cup 2026
100T,NS,3600,4300,1,0.2k,0.1k,Lotus,2026-07-11 07:00:00,https://www.vlr.gg/708424/100-thieves-vs-nongshim-redforce-esports-world-cup-2026-sf,Esports World Cup 2026
100T,NS,16650,4200,2,0.6k,8.2k,Lotus,2026-07-11 07:00:00,https://www.vlr.gg/708424/100-thieves-vs-nongshim-redforce-esports-world-cup-2026-sf,Esports World Cup 2026
100T,NS,14950,20750,3,12.9k,1.2k,Lotus,2026-07-11 07:00:00,https://www.vlr.gg/708424/100-thieves-vs-nongshim-redforce-esports-world-cup-2026-sf,Esports World Cup 2026
100T,NS,23550,9700,4,19.2k,9.1k,Lotus,2026-07-11 07:00:00,https://www.vlr.gg/708424/100-thieves-vs-nongshim-redforce-esports-world-cup-2026-sf,Esports World Cup 2026
100T,NS,23550,20200,5,29.3k,4.3k,Lotus,2026-07-11 07:00:00,https://www.vlr.gg/708424/100-thieves-vs-nongshim-redforce-esports-world-cup-2026-sf,Esports World Cup 2026
100T,NS,24550,21000,6,16.4k,19.2k,Lotus,2026-07-11 07:00:00,https://www.vlr.gg/708424/100-thieves-vs-nongshim-redforce-esports-world-cup-2026-sf,Esports World Cup 2026
100T,NS,24850,21800,7,17.6k,8.5k,Lotus,2026-07-11 07:00:00,https://www.vlr.gg/708424/100-thieves-vs-nongshim-redforce-esports-world-cup-2026-sf,Esports World Cup 2026
100T,NS,23950,25100,8,4.6k,15.2k,Lotus,2026-07-11 07:00:00,https://www.vlr.gg/708424/100-thieves-vs-nongshim-redforce-esports-world-cup-2026-sf,Esports World Cup 2026
100T,NS,6650,24500,9,11.4k,13.4k,Lotus,2026-07-11 07:00:00,https://www.vlr.gg/708424/100-thieves-vs-nongshim-redforce-esports-world-cup-2026-sf,Esports World Cup 2026
100T,NS,24850,25700,10,3.5k,20.1k,Lotus,2026-07-11 07:00:00,https://www.vlr.gg/708424/100-thieves-vs-nongshim-redforce-esports-world-cup-2026-sf,Esports World Cup 2026
100T,NS,19000,24200,11,0.4k,23.6k,Lotus,2026-07-11 07:00:00,https://www.vlr.gg/708424/100-thieves-vs-nongshim-redforce-esports-world-cup-2026-sf,Esports World Cup 2026
100T,NS,15100,24200,12,0.6k,22.7k,Lotus,2026-07-11 07:00:00,https://www.vlr.gg/708424/100-thieves-vs-nongshim-redforce-esports-world-cup-2026-sf,Esports World Cup 2026
100T,NS,3800,4100,13,0.2k,0.3k,Lotus,2026-07-11 07:00:00,https://www.vlr.gg/708424/100-thieves-vs-nongshim-redforce-esports-world-cup-2026-sf,Esports World Cup 2026
100T,NS,1450,15200,14,8.6k,3.9k,Lotus,2026-07-11 07:00:00,https://www.vlr.gg/708424/100-thieves-vs-nongshim-redforce-esports-world-cup-2026-sf,Esports World Cup 2026
100T,NS,21500,18500,15,0.2k,15.5k,Lotus,2026-07-11 07:00:00,https://www.vlr.gg/708424/100-thieves-vs-nongshim-redforce-esports-world-cup-2026-sf,Esports World Cup 2026
100T,NS,22550,23900,16,5.9k,3.0k,Lotus,2026-07-11 07:00:00,https://www.vlr.gg/708424/100-thieves-vs-nongshim-redforce-esports-world-cup-2026-sf,Esports World Cup 2026
100T,NS,5850,24200,17,12.6k,8.4k,Lotus,2026-07-11 07:00:00,https://www.vlr.gg/708424/100-thieves-vs-nongshim-redforce-esports-world-cup-2026-sf,Esports World Cup 2026
100T,NS,24650,24350,18,1.6k,7.7k,Lotus,2026-07-11 07:00:00,https://www.vlr.gg/708424/100-thieves-vs-nongshim-redforce-esports-world-cup-2026-sf,Esports World Cup 2026
100T,NS,24950,21950,19,12.8k,3.9k,Lotus,2026-07-11 07:00:00,https://www.vlr.gg/708424/100-thieves-vs-nongshim-redforce-esports-world-cup-2026-sf,Esports World Cup 2026
100T,NS,21950,24150,20,2.6k,7.9k,Lotus,2026-07-11 07:00:00,https://www.vlr.gg/708424/100-thieves-vs-nongshim-redforce-esports-world-cup-2026-sf,Esports World Cup 2026
100T,NS,4000,3750,1,0.1k,0.7k,Haven,2026-07-11 07:00:00,https://www.vlr.gg/708424/100-thieves-vs-nongshim-redforce-esports-world-cup-2026-sf,Esports World Cup 2026
100T,NS,2350,15100,2,9.1k,4.6k,Haven,2026-07-11 07:00:00,https://www.vlr.gg/708424/100-thieves-vs-nongshim-redforce-esports-world-cup-2026-sf,Esports World Cup 2026
100T,NS,22000,18650,3,0.7k,16.8k,Haven,2026-07-11 07:00:00,https://www.vlr.gg/708424/100-thieves-vs-nongshim-redforce-esports-world-cup-2026-sf,Esports World Cup 2026
100T,NS,6450,23100,4,10.2k,17.9k,Haven,2026-07-11 07:00:00,https://www.vlr.gg/708424/100-thieves-vs-nongshim-redforce-esports-world-cup-2026-sf,Esports World Cup 2026
100T,NS,24600,22500,5,4.9k,8.5k,Haven,2026-07-11 07:00:00,https://www.vlr.gg/708424/100-thieves-vs-nongshim-redforce-esports-world-cup-2026-sf,Esports World Cup 2026
100T,NS,23200,20300,6,4.2k,2.6k,Haven,2026-07-11 07:00:00,https://www.vlr.gg/708424/100-thieves-vs-nongshim-redforce-esports-world-cup-2026-sf,Esports World Cup 2026
100T,NS,10150,20950,7,9.7k,5.3k,Haven,2026-07-11 07:00:00,https://www.vlr.gg/708424/100-thieves-vs-nongshim-redforce-esports-world-cup-2026-sf,Esports World Cup 2026
100T,NS,25900,8050,8,12.3k,8.4k,Haven,2026-07-11 07:00:00,https://www.vlr.gg/708424/100-thieves-vs-nongshim-redforce-esports-world-cup-2026-sf,Esports World Cup 2026
100T,NS,21100,23400,9,2.4k,8.5k,Haven,2026-07-11 07:00:00,https://www.vlr.gg/708424/100-thieves-vs-nongshim-redforce-esports-world-cup-2026-sf,Esports World Cup 2026
100T,NS,6300,23700,10,10.1k,17.9k,Haven,2026-07-11 07:00:00,https://www.vlr.gg/708424/100-thieves-vs-nongshim-redforce-esports-world-cup-2026-sf,Esports World Cup 2026
100T,NS,23500,24000,11,2.5k,25.3k,Haven,2026-07-11 07:00:00,https://www.vlr.gg/708424/100-thieves-vs-nongshim-redforce-esports-world-cup-2026-sf,Esports World Cup 2026
100T,NS,23800,24000,12,11.8k,10.3k,Haven,2026-07-11 07:00:00,https://www.vlr.gg/708424/100-thieves-vs-nongshim-redforce-esports-world-cup-2026-sf,Esports World Cup 2026
100T,NS,4050,3650,13,0.2k,0.5k,Haven,2026-07-11 07:00:00,https://www.vlr.gg/708424/100-thieves-vs-nongshim-redforce-esports-world-cup-2026-sf,Esports World Cup 2026
100T,NS,17500,3400,14,2.3k,8.2k,Haven,2026-07-11 07:00:00,https://www.vlr.gg/708424/100-thieves-vs-nongshim-redforce-esports-world-cup-2026-sf,Esports World Cup 2026
100T,NS,8800,21300,15,9.1k,9.4k,Haven,2026-07-11 07:00:00,https://www.vlr.gg/708424/100-thieves-vs-nongshim-redforce-esports-world-cup-2026-sf,Esports World Cup 2026
100T,NS,23300,13700,16,3.6k,9.3k,Haven,2026-07-11 07:00:00,https://www.vlr.gg/708424/100-thieves-vs-nongshim-redforce-esports-world-cup-2026-sf,Esports World Cup 2026
100T,NS,23600,20800,17,16.7k,4.9k,Haven,2026-07-11 07:00:00,https://www.vlr.gg/708424/100-thieves-vs-nongshim-redforce-esports-world-cup-2026-sf,Esports World Cup 2026
100T,NS,23400,21700,18,4.9k,6.5k,Haven,2026-07-11 07:00:00,https://www.vlr.gg/708424/100-thieves-vs-nongshim-redforce-esports-world-cup-2026-sf,Esports World Cup 2026
100T,NS,23800,7000,19,5.9k,10.5k,Haven,2026-07-11 07:00:00,https://www.vlr.gg/708424/100-thieves-vs-nongshim-redforce-esports-world-cup-2026-sf,Esports World Cup 2026
100T,NS,24000,22900,20,11.6k,1.3k,Haven,2026-07-11 07:00:00,https://www.vlr.gg/708424/100-thieves-vs-nongshim-redforce-esports-world-cup-2026-sf,Esports World Cup 2026
100T,NS,23400,8350,21,6.5k,9.3k,Haven,2026-07-11 07:00:00,https://www.vlr.gg/708424/100-thieves-vs-nongshim-redforce-esports-world-cup-2026-sf,Esports World Cup 2026
100T,NS,24200,22950,22,4.8k,2.4k,Haven,2026-07-11 07:00:00,https://www.vlr.gg/708424/100-thieves-vs-nongshim-redforce-esports-world-cup-2026-sf,Esports World Cup 2026
100T,NS,24200,17600,23,9.4k,0.3k,Haven,2026-07-11 07:00:00,https://www.vlr.gg/708424/100-thieves-vs-nongshim-redforce-esports-world-cup-2026-sf,Esports World Cup 2026
100T,NS,19150,23700,24,2.0k,9.2k,Haven,2026-07-11 07:00:00,https://www.vlr.gg/708424/100-thieves-vs-nongshim-redforce-esports-world-cup-2026-sf,Esports World Cup 2026
BBL,NRG,3900,4350,1,0.2k,0.1k,Haven,2026-07-11 10:25:00,https://www.vlr.gg/708425/bbl-esports-vs-nrg-esports-world-cup-2026-sf,Esports World Cup 2026
BBL,NRG,13450,2300,2,3.6k,9.5k,Haven,2026-07-11 10:25:00,https://www.vlr.gg/708425/bbl-esports-vs-nrg-esports-world-cup-2026-sf,Esports World Cup 2026
BBL,NRG,14600,21950,3,13.7k,0.9k,Haven,2026-07-11 10:25:00,https://www.vlr.gg/708425/bbl-esports-vs-nrg-esports-world-cup-2026-sf,Esports World Cup 2026
BBL,NRG,25500,10200,4,13.4k,8.6k,Haven,2026-07-11 10:25:00,https://www.vlr.gg/708425/bbl-esports-vs-nrg-esports-world-cup-2026-sf,Esports World Cup 2026
BBL,NRG,19500,24000,5,4.8k,15.4k,Haven,2026-07-11 10:25:00,https://www.vlr.gg/708425/bbl-esports-vs-nrg-esports-world-cup-2026-sf,Esports World Cup 2026
BBL,NRG,23150,20650,6,16.1k,7.3k,Haven,2026-07-11 10:25:00,https://www.vlr.gg/708425/bbl-esports-vs-nrg-esports-world-cup-2026-sf,Esports World Cup 2026
BBL,NRG,22000,22950,7,3.9k,21.7k,Haven,2026-07-11 10:25:00,https://www.vlr.gg/708425/bbl-esports-vs-nrg-esports-world-cup-2026-sf,Esports World Cup 2026
BBL,NRG,24450,21250,8,7.6k,12.2k,Haven,2026-07-11 10:25:00,https://www.vlr.gg/708425/bbl-esports-vs-nrg-esports-world-cup-2026-sf,Esports World Cup 2026
BBL,NRG,8200,23450,9,10.1k,11.3k,Haven,2026-07-11 10:25:00,https://www.vlr.gg/708425/bbl-esports-vs-nrg-esports-world-cup-2026-sf,Esports World Cup 2026
BBL,NRG,21750,24050,10,1.2k,22.1k,Haven,2026-07-11 10:25:00,https://www.vlr.gg/708425/bbl-esports-vs-nrg-esports-world-cup-2026-sf,Esports World Cup 2026
BBL,NRG,20350,24000,11,5.3k,10.6k,Haven,2026-07-11 10:25:00,https://www.vlr.gg/708425/bbl-esports-vs-nrg-esports-world-cup-2026-sf,Esports World Cup 2026
BBL,NRG,23800,22950,12,6.9k,2.4k,Haven,2026-07-11 10:25:00,https://www.vlr.gg/708425/bbl-esports-vs-nrg-esports-world-cup-2026-sf,Esports World Cup 2026
BBL,NRG,3900,4000,13,0.3k,0.2k,Haven,2026-07-11 10:25:00,https://www.vlr.gg/708425/bbl-esports-vs-nrg-esports-world-cup-2026-sf,Esports World Cup 2026
BBL,NRG,15600,2300,14,2.9k,9.1k,Haven,2026-07-11 10:25:00,https://www.vlr.gg/708425/bbl-esports-vs-nrg-esports-world-cup-2026-sf,Esports World Cup 2026
BBL,NRG,19800,22700,15,13.3k,0.5k,Haven,2026-07-11 10:25:00,https://www.vlr.gg/708425/bbl-esports-vs-nrg-esports-world-cup-2026-sf,Esports World Cup 2026
BBL,NRG,23200,14800,16,17.5k,2.0k,Haven,2026-07-11 10:25:00,https://www.vlr.gg/708425/bbl-esports-vs-nrg-esports-world-cup-2026-sf,Esports World Cup 2026
BBL,NRG,24200,16850,17,29.9k,0.2k,Haven,2026-07-11 10:25:00,https://www.vlr.gg/708425/bbl-esports-vs-nrg-esports-world-cup-2026-sf,Esports World Cup 2026
BBL,NRG,4100,3900,1,0.1k,0.1k,Breeze,2026-07-11 10:25:00,https://www.vlr.gg/708425/bbl-esports-vs-nrg-esports-world-cup-2026-sf,Esports World Cup 2026
BBL,NRG,17150,2200,2,0.2k,8.3k,Breeze,2026-07-11 10:25:00,https://www.vlr.gg/708425/bbl-esports-vs-nrg-esports-world-cup-2026-sf,Esports World Cup 2026
BBL,NRG,14900,21050,3,12.3k,0.9k,Breeze,2026-07-11 10:25:00,https://www.vlr.gg/708425/bbl-esports-vs-nrg-esports-world-cup-2026-sf,Esports World Cup 2026
BBL,NRG,20100,21550,4,2.6k,7.9k,Breeze,2026-07-11 10:25:00,https://www.vlr.gg/708425/bbl-esports-vs-nrg-esports-world-cup-2026-sf,Esports World Cup 2026
BBL,NRG,20100,17300,5,6.2k,1.6k,Breeze,2026-07-11 10:25:00,https://www.vlr.gg/708425/bbl-esports-vs-nrg-esports-world-cup-2026-sf,Esports World Cup 2026
BBL,NRG,16100,22450,6,3.8k,11.3k,Breeze,2026-07-11 10:25:00,https://www.vlr.gg/708425/bbl-esports-vs-nrg-esports-world-cup-2026-sf,Esports World Cup 2026
BBL,NRG,22800,19600,7,12.6k,3.5k,Breeze,2026-07-11 10:25:00,https://www.vlr.gg/708425/bbl-esports-vs-nrg-esports-world-cup-2026-sf,Esports World Cup 2026
BBL,NRG,23550,7250,8,12.0k,9.5k,Breeze,2026-07-11 10:25:00,https://www.vlr.gg/708425/bbl-esports-vs-nrg-esports-world-cup-2026-sf,Esports World Cup 2026
BBL,NRG,26100,21850,9,16.4k,3.6k,Breeze,2026-07-11 10:25:00,https://www.vlr.gg/708425/bbl-esports-vs-nrg-esports-world-cup-2026-sf,Esports World Cup 2026
BBL,NRG,22250,21550,10,5.5k,4.9k,Breeze,2026-07-11 10:25:00,https://www.vlr.gg/708425/bbl-esports-vs-nrg-esports-world-cup-2026-sf,Esports World Cup 2026
BBL,NRG,19600,22750,11,2.3k,9.8k,Breeze,2026-07-11 10:25:00,https://www.vlr.gg/708425/bbl-esports-vs-nrg-esports-world-cup-2026-sf,Esports World Cup 2026
BBL,NRG,18200,23650,12,0.5k,8.3k,Breeze,2026-07-11 10:25:00,https://www.vlr.gg/708425/bbl-esports-vs-nrg-esports-world-cup-2026-sf,Esports World Cup 2026
BBL,NRG,4000,4000,13,0.2k,0.0k,Breeze,2026-07-11 10:25:00,https://www.vlr.gg/708425/bbl-esports-vs-nrg-esports-world-cup-2026-sf,Esports World Cup 2026
BBL,NRG,1450,17900,14,9.5k,1.3k,Breeze,2026-07-11 10:25:00,https://www.vlr.gg/708425/bbl-esports-vs-nrg-esports-world-cup-2026-sf,Esports World Cup 2026
BBL,NRG,21550,19200,15,0.7k,15.1k,Breeze,2026-07-11 10:25:00,https://www.vlr.gg/708425/bbl-esports-vs-nrg-esports-world-cup-2026-sf,Esports World Cup 2026
BBL,NRG,22750,22150,16,14.5k,6.8k,Breeze,2026-07-11 10:25:00,https://www.vlr.gg/708425/bbl-esports-vs-nrg-esports-world-cup-2026-sf,Esports World Cup 2026
BBL,NRG,20400,22000,17,6.3k,12.9k,Breeze,2026-07-11 10:25:00,https://www.vlr.gg/708425/bbl-esports-vs-nrg-esports-world-cup-2026-sf,Esports World Cup 2026
BBL,NRG,18200,24350,18,1.4k,17.0k,Breeze,2026-07-11 10:25:00,https://www.vlr.gg/708425/bbl-esports-vs-nrg-esports-world-cup-2026-sf,Esports World Cup 2026
BBL,NRG,8800,24800,19,9.3k,18.0k,Breeze,2026-07-11 10:25:00,https://www.vlr.gg/708425/bbl-esports-vs-nrg-esports-world-cup-2026-sf,Esports World Cup 2026
BBL,NRG,23900,22700,20,8.3k,12.7k,Breeze,2026-07-11 10:25:00,https://www.vlr.gg/708425/bbl-esports-vs-nrg-esports-world-cup-2026-sf,Esports World Cup 2026
BBL,NRG,24850,20550,21,16.4k,2.8k,Breeze,2026-07-11 10:25:00,https://www.vlr.gg/708425/bbl-esports-vs-nrg-esports-world-cup-2026-sf,Esports World Cup 2026
BBL,NRG,23400,20600,22,4.5k,8.4k,Breeze,2026-07-11 10:25:00,https://www.vlr.gg/708425/bbl-esports-vs-nrg-esports-world-cup-2026-sf,Esports World Cup 2026
BBL,NRG,22900,11000,23,6.8k,7.9k,Breeze,2026-07-11 10:25:00,https://www.vlr.gg/708425/bbl-esports-vs-nrg-esports-world-cup-2026-sf,Esports World Cup 2026
BBL,NRG,24000,20000,24,11.4k,0.4k,Breeze,2026-07-11 10:25:00,https://www.vlr.gg/708425/bbl-esports-vs-nrg-esports-world-cup-2026-sf,Esports World Cup 2026
BBL,NRG,23800,23950,25,1.2k,1.1k,Breeze,2026-07-11 10:25:00,https://www.vlr.gg/708425/bbl-esports-vs-nrg-esports-world-cup-2026-sf,Esports World Cup 2026
BBL,NRG,24000,23950,26,1.2k,1.1k,Breeze,2026-07-11 10:25:00,https://www.vlr.gg/708425/bbl-esports-vs-nrg-esports-world-cup-2026-sf,Esports World Cup 2026
BBL,NRG,3650,3900,1,0.3k,0.1k,Lotus,2026-07-11 10:25:00,https://www.vlr.gg/708425/bbl-esports-vs-nrg-esports-world-cup-2026-sf,Esports World Cup 2026
BBL,NRG,1950,18200,2,8.4k,0.4k,Lotus,2026-07-11 10:25:00,https://www.vlr.gg/708425/bbl-esports-vs-nrg-esports-world-cup-2026-sf,Esports World Cup 2026
BBL,NRG,21150,12300,3,0.6k,12.2k,Lotus,2026-07-11 10:25:00,https://www.vlr.gg/708425/bbl-esports-vs-nrg-esports-world-cup-2026-sf,Esports World Cup 2026
BBL,NRG,19600,19500,4,5.0k,2.9k,Lotus,2026-07-11 10:25:00,https://www.vlr.gg/708425/bbl-esports-vs-nrg-esports-world-cup-2026-sf,Esports World Cup 2026
BBL,NRG,10050,19650,5,8.2k,5.2k,Lotus,2026-07-11 10:25:00,https://www.vlr.gg/708425/bbl-esports-vs-nrg-esports-world-cup-2026-sf,Esports World Cup 2026
BBL,NRG,21600,21600,6,1.4k,16.7k,Lotus,2026-07-11 10:25:00,https://www.vlr.gg/708425/bbl-esports-vs-nrg-esports-world-cup-2026-sf,Esports World Cup 2026
BBL,NRG,22950,19850,7,13.4k,11.6k,Lotus,2026-07-11 10:25:00,https://www.vlr.gg/708425/bbl-esports-vs-nrg-esports-world-cup-2026-sf,Esports World Cup 2026
BBL,NRG,21450,21450,8,5.8k,19.8k,Lotus,2026-07-11 10:25:00,https://www.vlr.gg/708425/bbl-esports-vs-nrg-esports-world-cup-2026-sf,Esports World Cup 2026
BBL,NRG,25000,22250,9,5.1k,7.8k,Lotus,2026-07-11 10:25:00,https://www.vlr.gg/708425/bbl-esports-vs-nrg-esports-world-cup-2026-sf,Esports World Cup 2026
BBL,NRG,8750,24750,10,7.4k,11.4k,Lotus,2026-07-11 10:25:00,https://www.vlr.gg/708425/bbl-esports-vs-nrg-esports-world-cup-2026-sf,Esports World Cup 2026
BBL,NRG,19550,25500,11,1.7k,14.3k,Lotus,2026-07-11 10:25:00,https://www.vlr.gg/708425/bbl-esports-vs-nrg-esports-world-cup-2026-sf,Esports World Cup 2026
BBL,NRG,23000,21900,12,4.2k,2.5k,Lotus,2026-07-11 10:25:00,https://www.vlr.gg/708425/bbl-esports-vs-nrg-esports-world-cup-2026-sf,Esports World Cup 2026
BBL,NRG,3150,4000,13,0.4k,0.2k,Lotus,2026-07-11 10:25:00,https://www.vlr.gg/708425/bbl-esports-vs-nrg-esports-world-cup-2026-sf,Esports World Cup 2026
BBL,NRG,2200,18700,14,8.5k,0.4k,Lotus,2026-07-11 10:25:00,https://www.vlr.gg/708425/bbl-esports-vs-nrg-esports-world-cup-2026-sf,Esports World Cup 2026
BBL,NRG,20900,21650,15,0.2k,11.3k,Lotus,2026-07-11 10:25:00,https://www.vlr.gg/708425/bbl-esports-vs-nrg-esports-world-cup-2026-sf,Esports World Cup 2026
BBL,NRG,16000,22800,16,0.9k,22.6k,Lotus,2026-07-11 10:25:00,https://www.vlr.gg/708425/bbl-esports-vs-nrg-esports-world-cup-2026-sf,Esports World Cup 2026
BBL,NRG,15100,24450,17,0.8k,29.0k,Lotus,2026-07-11 10:25:00,https://www.vlr.gg/708425/bbl-esports-vs-nrg-esports-world-cup-2026-sf,Esports World Cup 2026
BBL,NRG,21650,21950,18,8.0k,16.0k,Lotus,2026-07-11 10:25:00,https://www.vlr.gg/708425/bbl-esports-vs-nrg-esports-world-cup-2026-sf,Esports World Cup 2026
BBL,NRG,23250,20550,19,3.8k,9.8k,Lotus,2026-07-11 10:25:00,https://www.vlr.gg/708425/bbl-esports-vs-nrg-esports-world-cup-2026-sf,Esports World Cup 2026
NS,BBL,4250,4000,1,0.0k,0.2k,Breeze,2026-07-12 07:00:00,https://www.vlr.gg/708427/nongshim-redforce-vs-bbl-esports-esports-world-cup-2026-cf,Esports World Cup 2026
NS,BBL,14850,1950,2,3.3k,8.8k,Breeze,2026-07-12 07:00:00,https://www.vlr.gg/708427/nongshim-redforce-vs-bbl-esports-esports-world-cup-2026-cf,Esports World Cup 2026
NS,BBL,17550,22050,3,15.2k,0.6k,Breeze,2026-07-12 07:00:00,https://www.vlr.gg/708427/nongshim-redforce-vs-bbl-esports-esports-world-cup-2026-cf,Esports World Cup 2026
NS,BBL,23550,22450,4,3.1k,7.4k,Breeze,2026-07-12 07:00:00,https://www.vlr.gg/708427/nongshim-redforce-vs-bbl-esports-esports-world-cup-2026-cf,Esports World Cup 2026
NS,BBL,13000,25800,5,8.3k,12.6k,Breeze,2026-07-12 07:00:00,https://www.vlr.gg/708427/nongshim-redforce-vs-bbl-esports-esports-world-cup-2026-cf,Esports World Cup 2026
NS,BBL,21750,24000,6,3.4k,19.1k,Breeze,2026-07-12 07:00:00,https://www.vlr.gg/708427/nongshim-redforce-vs-bbl-esports-esports-world-cup-2026-cf,Esports World Cup 2026
NS,BBL,18700,24000,7,2.3k,16.8k,Breeze,2026-07-12 07:00:00,https://www.vlr.gg/708427/nongshim-redforce-vs-bbl-esports-esports-world-cup-2026-cf,Esports World Cup 2026
NS,BBL,19750,20150,8,3.4k,7.9k,Breeze,2026-07-12 07:00:00,https://www.vlr.gg/708427/nongshim-redforce-vs-bbl-esports-esports-world-cup-2026-cf,Esports World Cup 2026
NS,BBL,23200,20150,9,7.7k,2.0k,Breeze,2026-07-12 07:00:00,https://www.vlr.gg/708427/nongshim-redforce-vs-bbl-esports-esports-world-cup-2026-cf,Esports World Cup 2026
NS,BBL,22150,18150,10,2.7k,2.2k,Breeze,2026-07-12 07:00:00,https://www.vlr.gg/708427/nongshim-redforce-vs-bbl-esports-esports-world-cup-2026-cf,Esports World Cup 2026
NS,BBL,24750,16950,11,7.5k,1.1k,Breeze,2026-07-12 07:00:00,https://www.vlr.gg/708427/nongshim-redforce-vs-bbl-esports-esports-world-cup-2026-cf,Esports World Cup 2026
NS,BBL,25650,17550,12,12.5k,0.9k,Breeze,2026-07-12 07:00:00,https://www.vlr.gg/708427/nongshim-redforce-vs-bbl-esports-esports-world-cup-2026-cf,Esports World Cup 2026
NS,BBL,4250,4000,13,0.0k,0.2k,Breeze,2026-07-12 07:00:00,https://www.vlr.gg/708427/nongshim-redforce-vs-bbl-esports-esports-world-cup-2026-cf,Esports World Cup 2026
NS,BBL,4150,17100,14,7.9k,0.6k,Breeze,2026-07-12 07:00:00,https://www.vlr.gg/708427/nongshim-redforce-vs-bbl-esports-esports-world-cup-2026-cf,Esports World Cup 2026
NS,BBL,20250,13550,15,0.8k,12.4k,Breeze,2026-07-12 07:00:00,https://www.vlr.gg/708427/nongshim-redforce-vs-bbl-esports-esports-world-cup-2026-cf,Esports World Cup 2026
NS,BBL,8950,23700,16,8.2k,14.6k,Breeze,2026-07-12 07:00:00,https://www.vlr.gg/708427/nongshim-redforce-vs-bbl-esports-esports-world-cup-2026-cf,Esports World Cup 2026
NS,BBL,21350,24000,17,2.6k,26.9k,Breeze,2026-07-12 07:00:00,https://www.vlr.gg/708427/nongshim-redforce-vs-bbl-esports-esports-world-cup-2026-cf,Esports World Cup 2026
NS,BBL,14350,24000,18,6.4k,20.0k,Breeze,2026-07-12 07:00:00,https://www.vlr.gg/708427/nongshim-redforce-vs-bbl-esports-esports-world-cup-2026-cf,Esports World Cup 2026
NS,BBL,21100,23800,19,1.4k,26.5k,Breeze,2026-07-12 07:00:00,https://www.vlr.gg/708427/nongshim-redforce-vs-bbl-esports-esports-world-cup-2026-cf,Esports World Cup 2026
NS,BBL,20450,25200,20,6.9k,12.7k,Breeze,2026-07-12 07:00:00,https://www.vlr.gg/708427/nongshim-redforce-vs-bbl-esports-esports-world-cup-2026-cf,Esports World Cup 2026
NS,BBL,21350,20800,21,11.1k,5.5k,Breeze,2026-07-12 07:00:00,https://www.vlr.gg/708427/nongshim-redforce-vs-bbl-esports-esports-world-cup-2026-cf,Esports World Cup 2026
NS,BBL,23750,15700,22,13.7k,6.1k,Breeze,2026-07-12 07:00:00,https://www.vlr.gg/708427/nongshim-redforce-vs-bbl-esports-esports-world-cup-2026-cf,Esports World Cup 2026
NS,BBL,23750,20300,23,11.6k,1.5k,Breeze,2026-07-12 07:00:00,https://www.vlr.gg/708427/nongshim-redforce-vs-bbl-esports-esports-world-cup-2026-cf,Esports World Cup 2026
NS,BBL,4300,3250,1,0.1k,0.3k,Lotus,2026-07-12 07:00:00,https://www.vlr.gg/708427/nongshim-redforce-vs-bbl-esports-esports-world-cup-2026-cf,Esports World Cup 2026
NS,BBL,16350,1200,2,4.9k,8.9k,Lotus,2026-07-12 07:00:00,https://www.vlr.gg/708427/nongshim-redforce-vs-bbl-esports-esports-world-cup-2026-cf,Esports World Cup 2026
NS,BBL,18900,20300,3,13.3k,0.7k,Lotus,2026-07-12 07:00:00,https://www.vlr.gg/708427/nongshim-redforce-vs-bbl-esports-esports-world-cup-2026-cf,Esports World Cup 2026
NS,BBL,22700,8850,4,16.1k,6.9k,Lotus,2026-07-12 07:00:00,https://www.vlr.gg/708427/nongshim-redforce-vs-bbl-esports-esports-world-cup-2026-cf,Esports World Cup 2026
NS,BBL,23000,20000,5,18.8k,1.8k,Lotus,2026-07-12 07:00:00,https://www.vlr.gg/708427/nongshim-redforce-vs-bbl-esports-esports-world-cup-2026-cf,Esports World Cup 2026
NS,BBL,23600,11750,6,21.1k,5.8k,Lotus,2026-07-12 07:00:00,https://www.vlr.gg/708427/nongshim-redforce-vs-bbl-esports-esports-world-cup-2026-cf,Esports World Cup 2026
NS,BBL,23900,19450,7,24.0k,3.1k,Lotus,2026-07-12 07:00:00,https://www.vlr.gg/708427/nongshim-redforce-vs-bbl-esports-esports-world-cup-2026-cf,Esports World Cup 2026
NS,BBL,24200,8650,8,36.9k,10.2k,Lotus,2026-07-12 07:00:00,https://www.vlr.gg/708427/nongshim-redforce-vs-bbl-esports-esports-world-cup-2026-cf,Esports World Cup 2026
NS,BBL,27800,20650,9,28.4k,6.0k,Lotus,2026-07-12 07:00:00,https://www.vlr.gg/708427/nongshim-redforce-vs-bbl-esports-esports-world-cup-2026-cf,Esports World Cup 2026
NS,BBL,23000,23250,10,14.7k,13.2k,Lotus,2026-07-12 07:00:00,https://www.vlr.gg/708427/nongshim-redforce-vs-bbl-esports-esports-world-cup-2026-cf,Esports World Cup 2026
NS,BBL,24200,20300,11,25.0k,3.2k,Lotus,2026-07-12 07:00:00,https://www.vlr.gg/708427/nongshim-redforce-vs-bbl-esports-esports-world-cup-2026-cf,Esports World Cup 2026
NS,BBL,24200,15150,12,30.3k,0.7k,Lotus,2026-07-12 07:00:00,https://www.vlr.gg/708427/nongshim-redforce-vs-bbl-esports-esports-world-cup-2026-cf,Esports World Cup 2026
NS,BBL,4200,3900,13,0.2k,0.1k,Lotus,2026-07-12 07:00:00,https://www.vlr.gg/708427/nongshim-redforce-vs-bbl-esports-esports-world-cup-2026-cf,Esports World Cup 2026
NS,BBL,2250,14500,14,8.1k,6.0k,Lotus,2026-07-12 07:00:00,https://www.vlr.gg/708427/nongshim-redforce-vs-bbl-esports-esports-world-cup-2026-cf,Esports World Cup 2026
NS,BBL,21200,21150,15,0.9k,10.2k,Lotus,2026-07-12 07:00:00,https://www.vlr.gg/708427/nongshim-redforce-vs-bbl-esports-esports-world-cup-2026-cf,Esports World Cup 2026
NS,BBL,6600,22950,16,10.2k,7.8k,Lotus,2026-07-12 07:00:00,https://www.vlr.gg/708427/nongshim-redforce-vs-bbl-esports-esports-world-cup-2026-cf,Esports World Cup 2026
NS,BBL,23300,23850,17,3.8k,13.3k,Lotus,2026-07-12 07:00:00,https://www.vlr.gg/708427/nongshim-redforce-vs-bbl-esports-esports-world-cup-2026-cf,Esports World Cup 2026
NS,BBL,10250,23850,18,10.5k,15.0k,Lotus,2026-07-12 07:00:00,https://www.vlr.gg/708427/nongshim-redforce-vs-bbl-esports-esports-world-cup-2026-cf,Esports World Cup 2026
NS,BBL,23300,24950,19,4.1k,15.5k,Lotus,2026-07-12 07:00:00,https://www.vlr.gg/708427/nongshim-redforce-vs-bbl-esports-esports-world-cup-2026-cf,Esports World Cup 2026
NS,BBL,24200,22550,20,11.5k,3.3k,Lotus,2026-07-12 07:00:00,https://www.vlr.gg/708427/nongshim-redforce-vs-bbl-esports-esports-world-cup-2026-cf,Esports World Cup 2026
NS,BBL,19000,19550,21,4.1k,3.4k,Lotus,2026-07-12 07:00:00,https://www.vlr.gg/708427/nongshim-redforce-vs-bbl-esports-esports-world-cup-2026-cf,Esports World Cup 2026
NS,BBL,21550,13850,22,8.9k,0.4k,Lotus,2026-07-12 07:00:00,https://www.vlr.gg/708427/nongshim-redforce-vs-bbl-esports-esports-world-cup-2026-cf,Esports World Cup 2026
NS,BBL,11150,24200,23,9.2k,7.1k,Lotus,2026-07-12 07:00:00,https://www.vlr.gg/708427/nongshim-redforce-vs-bbl-esports-esports-world-cup-2026-cf,Esports World Cup 2026
NS,BBL,22000,24350,24,0.3k,7.0k,Lotus,2026-07-12 07:00:00,https://www.vlr.gg/708427/nongshim-redforce-vs-bbl-esports-esports-world-cup-2026-cf,Esports World Cup 2026
100T,NRG,4050,3900,1,0.0k,0.1k,Breeze,2026-07-12 09:45:00,https://www.vlr.gg/708426/100-thieves-vs-nrg-esports-world-cup-2026-gf,Esports World Cup 2026
100T,NRG,2000,16850,2,9.9k,0.7k,Breeze,2026-07-12 09:45:00,https://www.vlr.gg/708426/100-thieves-vs-nrg-esports-world-cup-2026-gf,Esports World Cup 2026
100T,NRG,22000,16800,3,0.6k,15.3k,Breeze,2026-07-12 09:45:00,https://www.vlr.gg/708426/100-thieves-vs-nrg-esports-world-cup-2026-gf,Esports World Cup 2026
100T,NRG,22850,19550,4,8.1k,6.0k,Breeze,2026-07-12 09:45:00,https://www.vlr.gg/708426/100-thieves-vs-nrg-esports-world-cup-2026-gf,Esports World Cup 2026
100T,NRG,22750,18200,5,14.0k,3.2k,Breeze,2026-07-12 09:45:00,https://www.vlr.gg/708426/100-thieves-vs-nrg-esports-world-cup-2026-gf,Esports World Cup 2026
100T,NRG,23050,17750,6,23.6k,5.8k,Breeze,2026-07-12 09:45:00,https://www.vlr.gg/708426/100-thieves-vs-nrg-esports-world-cup-2026-gf,Esports World Cup 2026
100T,NRG,23050,19500,7,24.3k,2.2k,Breeze,2026-07-12 09:45:00,https://www.vlr.gg/708426/100-thieves-vs-nrg-esports-world-cup-2026-gf,Esports World Cup 2026
100T,NRG,22850,8750,8,21.7k,9.3k,Breeze,2026-07-12 09:45:00,https://www.vlr.gg/708426/100-thieves-vs-nrg-esports-world-cup-2026-gf,Esports World Cup 2026
100T,NRG,23750,22150,9,25.8k,3.3k,Breeze,2026-07-12 09:45:00,https://www.vlr.gg/708426/100-thieves-vs-nrg-esports-world-cup-2026-gf,Esports World Cup 2026
100T,NRG,23150,22200,10,13.2k,9.1k,Breeze,2026-07-12 09:45:00,https://www.vlr.gg/708426/100-thieves-vs-nrg-esports-world-cup-2026-gf,Esports World Cup 2026
100T,NRG,25250,18450,11,13.6k,1.5k,Breeze,2026-07-12 09:45:00,https://www.vlr.gg/708426/100-thieves-vs-nrg-esports-world-cup-2026-gf,Esports World Cup 2026
100T,NRG,22750,14300,12,12.4k,0.5k,Breeze,2026-07-12 09:45:00,https://www.vlr.gg/708426/100-thieves-vs-nrg-esports-world-cup-2026-gf,Esports World Cup 2026
100T,NRG,3850,4000,13,0.1k,0.0k,Breeze,2026-07-12 09:45:00,https://www.vlr.gg/708426/100-thieves-vs-nrg-esports-world-cup-2026-gf,Esports World Cup 2026
100T,NRG,1850,13700,14,9.1k,5.7k,Breeze,2026-07-12 09:45:00,https://www.vlr.gg/708426/100-thieves-vs-nrg-esports-world-cup-2026-gf,Esports World Cup 2026
100T,NRG,22450,17100,15,5.4k,0.7k,Breeze,2026-07-12 09:45:00,https://www.vlr.gg/708426/100-thieves-vs-nrg-esports-world-cup-2026-gf,Esports World Cup 2026
100T,NRG,3950,22050,16,12.0k,5.7k,Breeze,2026-07-12 09:45:00,https://www.vlr.gg/708426/100-thieves-vs-nrg-esports-world-cup-2026-gf,Esports World Cup 2026
100T,NRG,24150,22450,17,0.8k,11.5k,Breeze,2026-07-12 09:45:00,https://www.vlr.gg/708426/100-thieves-vs-nrg-esports-world-cup-2026-gf,Esports World Cup 2026
100T,NRG,5950,23350,18,10.6k,19.3k,Breeze,2026-07-12 09:45:00,https://www.vlr.gg/708426/100-thieves-vs-nrg-esports-world-cup-2026-gf,Esports World Cup 2026
100T,NRG,24350,21850,19,10.0k,7.8k,Breeze,2026-07-12 09:45:00,https://www.vlr.gg/708426/100-thieves-vs-nrg-esports-world-cup-2026-gf,Esports World Cup 2026
100T,NRG,23850,20800,20,11.9k,2.7k,Breeze,2026-07-12 09:45:00,https://www.vlr.gg/708426/100-thieves-vs-nrg-esports-world-cup-2026-gf,Esports World Cup 2026
100T,NRG,3900,4250,1,0.1k,0.2k,Sunset,2026-07-12 09:45:00,https://www.vlr.gg/708426/100-thieves-vs-nrg-esports-world-cup-2026-gf,Esports World Cup 2026
100T,NRG,15350,2450,2,2.2k,8.6k,Sunset,2026-07-12 09:45:00,https://www.vlr.gg/708426/100-thieves-vs-nrg-esports-world-cup-2026-gf,Esports World Cup 2026
100T,NRG,14750,22500,3,12.9k,0.7k,Sunset,2026-07-12 09:45:00,https://www.vlr.gg/708426/100-thieves-vs-nrg-esports-world-cup-2026-gf,Esports World Cup 2026
100T,NRG,23100,22400,4,0.4k,3.7k,Sunset,2026-07-12 09:45:00,https://www.vlr.gg/708426/100-thieves-vs-nrg-esports-world-cup-2026-gf,Esports World Cup 2026
100T,NRG,24600,3800,5,9.5k,10.4k,Sunset,2026-07-12 09:45:00,https://www.vlr.gg/708426/100-thieves-vs-nrg-esports-world-cup-2026-gf,Esports World Cup 2026
100T,NRG,25500,20000,6,22.7k,3.9k,Sunset,2026-07-12 09:45:00,https://www.vlr.gg/708426/100-thieves-vs-nrg-esports-world-cup-2026-gf,Esports World Cup 2026
100T,NRG,25600,20000,7,34.3k,3.4k,Sunset,2026-07-12 09:45:00,https://www.vlr.gg/708426/100-thieves-vs-nrg-esports-world-cup-2026-gf,Esports World Cup 2026
100T,NRG,25700,11250,8,35.3k,8.2k,Sunset,2026-07-12 09:45:00,https://www.vlr.gg/708426/100-thieves-vs-nrg-esports-world-cup-2026-gf,Esports World Cup 2026
100T,NRG,25600,20350,9,23.5k,6.0k,Sunset,2026-07-12 09:45:00,https://www.vlr.gg/708426/100-thieves-vs-nrg-esports-world-cup-2026-gf,Esports World Cup 2026
100T,NRG,25700,20200,10,19.5k,4.2k,Sunset,2026-07-12 09:45:00,https://www.vlr.gg/708426/100-thieves-vs-nrg-esports-world-cup-2026-gf,Esports World Cup 2026
100T,NRG,24900,22800,11,5.9k,4.9k,Sunset,2026-07-12 09:45:00,https://www.vlr.gg/708426/100-thieves-vs-nrg-esports-world-cup-2026-gf,Esports World Cup 2026
100T,NRG,18750,26400,12,0.5k,9.6k,Sunset,2026-07-12 09:45:00,https://www.vlr.gg/708426/100-thieves-vs-nrg-esports-world-cup-2026-gf,Esports World Cup 2026
100T,NRG,4200,3950,13,0.0k,0.3k,Sunset,2026-07-12 09:45:00,https://www.vlr.gg/708426/100-thieves-vs-nrg-esports-world-cup-2026-gf,Esports World Cup 2026
100T,NRG,1850,16850,14,9.0k,0.3k,Sunset,2026-07-12 09:45:00,https://www.vlr.gg/708426/100-thieves-vs-nrg-esports-world-cup-2026-gf,Esports World Cup 2026
100T,NRG,21950,18150,15,0.2k,13.8k,Sunset,2026-07-12 09:45:00,https://www.vlr.gg/708426/100-thieves-vs-nrg-esports-world-cup-2026-gf,Esports World Cup 2026
100T,NRG,22800,20400,16,8.6k,4.7k,Sunset,2026-07-12 09:45:00,https://www.vlr.gg/708426/100-thieves-vs-nrg-esports-world-cup-2026-gf,Esports World Cup 2026
100T,NRG,19200,21000,17,0.4k,12.3k,Sunset,2026-07-12 09:45:00,https://www.vlr.gg/708426/100-thieves-vs-nrg-esports-world-cup-2026-gf,Esports World Cup 2026
100T,NRG,18150,17800,18,2.7k,6.3k,Sunset,2026-07-12 09:45:00,https://www.vlr.gg/708426/100-thieves-vs-nrg-esports-world-cup-2026-gf,Esports World Cup 2026
100T,NRG,22100,20250,19,2.3k,0.3k,Sunset,2026-07-12 09:45:00,https://www.vlr.gg/708426/100-thieves-vs-nrg-esports-world-cup-2026-gf,Esports World Cup 2026
100T,NRG,4050,4000,1,0.2k,0.2k,Haven,2026-07-12 09:45:00,https://www.vlr.gg/708426/100-thieves-vs-nrg-esports-world-cup-2026-gf,Esports World Cup 2026
100T,NRG,2650,18150,2,9.3k,0.6k,Haven,2026-07-12 09:45:00,https://www.vlr.gg/708426/100-thieves-vs-nrg-esports-world-cup-2026-gf,Esports World Cup 2026
100T,NRG,23400,2100,3,5.1k,9.7k,Haven,2026-07-12 09:45:00,https://www.vlr.gg/708426/100-thieves-vs-nrg-esports-world-cup-2026-gf,Esports World Cup 2026
100T,NRG,24000,22300,4,10.8k,1.0k,Haven,2026-07-12 09:45:00,https://www.vlr.gg/708426/100-thieves-vs-nrg-esports-world-cup-2026-gf,Esports World Cup 2026
100T,NRG,20500,20600,5,1.3k,4.9k,Haven,2026-07-12 09:45:00,https://www.vlr.gg/708426/100-thieves-vs-nrg-esports-world-cup-2026-gf,Esports World Cup 2026
100T,NRG,6550,23400,6,9.4k,8.6k,Haven,2026-07-12 09:45:00,https://www.vlr.gg/708426/100-thieves-vs-nrg-esports-world-cup-2026-gf,Esports World Cup 2026
100T,NRG,23100,22800,7,1.5k,21.7k,Haven,2026-07-12 09:45:00,https://www.vlr.gg/708426/100-thieves-vs-nrg-esports-world-cup-2026-gf,Esports World Cup 2026
100T,NRG,6400,25200,8,10.7k,27.7k,Haven,2026-07-12 09:45:00,https://www.vlr.gg/708426/100-thieves-vs-nrg-esports-world-cup-2026-gf,Esports World Cup 2026
100T,NRG,25400,25700,9,2.2k,36.4k,Haven,2026-07-12 09:45:00,https://www.vlr.gg/708426/100-thieves-vs-nrg-esports-world-cup-2026-gf,Esports World Cup 2026
100T,NRG,9900,25200,10,9.4k,38.0k,Haven,2026-07-12 09:45:00,https://www.vlr.gg/708426/100-thieves-vs-nrg-esports-world-cup-2026-gf,Esports World Cup 2026
100T,NRG,23000,25700,11,2.8k,40.0k,Haven,2026-07-12 09:45:00,https://www.vlr.gg/708426/100-thieves-vs-nrg-esports-world-cup-2026-gf,Esports World Cup 2026
100T,NRG,18900,24900,12,0.7k,34.6k,Haven,2026-07-12 09:45:00,https://www.vlr.gg/708426/100-thieves-vs-nrg-esports-world-cup-2026-gf,Esports World Cup 2026
100T,NRG,4000,4400,13,0.1k,0.0k,Haven,2026-07-12 09:45:00,https://www.vlr.gg/708426/100-thieves-vs-nrg-esports-world-cup-2026-gf,Esports World Cup 2026
100T,NRG,10150,19100,14,0.1k,1.0k,Haven,2026-07-12 09:45:00,https://www.vlr.gg/708426/100-thieves-vs-nrg-esports-world-cup-2026-gf,Esports World Cup 2026
100T,NRG,12400,21200,15,0.8k,5.0k,Haven,2026-07-12 09:45:00,https://www.vlr.gg/708426/100-thieves-vs-nrg-esports-world-cup-2026-gf,Esports World Cup 2026
100T,NRG,4100,4350,1,0.1k,0.1k,Ascent,2026-07-12 09:45:00,https://www.vlr.gg/708426/100-thieves-vs-nrg-esports-world-cup-2026-gf,Esports World Cup 2026
100T,NRG,2950,16500,2,9.6k,0.8k,Ascent,2026-07-12 09:45:00,https://www.vlr.gg/708426/100-thieves-vs-nrg-esports-world-cup-2026-gf,Esports World Cup 2026
100T,NRG,22200,17500,3,0.8k,14.0k,Ascent,2026-07-12 09:45:00,https://www.vlr.gg/708426/100-thieves-vs-nrg-esports-world-cup-2026-gf,Esports World Cup 2026
100T,NRG,6050,23450,4,10.2k,20.8k,Ascent,2026-07-12 09:45:00,https://www.vlr.gg/708426/100-thieves-vs-nrg-esports-world-cup-2026-gf,Esports World Cup 2026
100T,NRG,24350,24850,5,1.9k,29.8k,Ascent,2026-07-12 09:45:00,https://www.vlr.gg/708426/100-thieves-vs-nrg-esports-world-cup-2026-gf,Esports World Cup 2026
100T,NRG,6850,27500,6,10.4k,33.0k,Ascent,2026-07-12 09:45:00,https://www.vlr.gg/708426/100-thieves-vs-nrg-esports-world-cup-2026-gf,Esports World Cup 2026
100T,NRG,23450,27200,7,3.0k,41.8k,Ascent,2026-07-12 09:45:00,https://www.vlr.gg/708426/100-thieves-vs-nrg-esports-world-cup-2026-gf,Esports World Cup 2026
100T,NRG,23750,23250,8,11.0k,23.4k,Ascent,2026-07-12 09:45:00,https://www.vlr.gg/708426/100-thieves-vs-nrg-esports-world-cup-2026-gf,Esports World Cup 2026
100T,NRG,23950,20950,9,19.1k,16.0k,Ascent,2026-07-12 09:45:00,https://www.vlr.gg/708426/100-thieves-vs-nrg-esports-world-cup-2026-gf,Esports World Cup 2026
100T,NRG,25250,24300,10,4.9k,18.1k,Ascent,2026-07-12 09:45:00,https://www.vlr.gg/708426/100-thieves-vs-nrg-esports-world-cup-2026-gf,Esports World Cup 2026
100T,NRG,23500,23100,11,6.2k,6.8k,Ascent,2026-07-12 09:45:00,https://www.vlr.gg/708426/100-thieves-vs-nrg-esports-world-cup-2026-gf,Esports World Cup 2026
100T,NRG,16000,24900,12,0.7k,10.8k,Ascent,2026-07-12 09:45:00,https://www.vlr.gg/708426/100-thieves-vs-nrg-esports-world-cup-2026-gf,Esports World Cup 2026
100T,NRG,4050,4350,13,0.1k,0.1k,Ascent,2026-07-12 09:45:00,https://www.vlr.gg/708426/100-thieves-vs-nrg-esports-world-cup-2026-gf,Esports World Cup 2026
100T,NRG,18050,2500,14,0.2k,9.5k,Ascent,2026-07-12 09:45:00,https://www.vlr.gg/708426/100-thieves-vs-nrg-esports-world-cup-2026-gf,Esports World Cup 2026
100T,NRG,15150,22700,15,12.4k,0.5k,Ascent,2026-07-12 09:45:00,https://www.vlr.gg/708426/100-thieves-vs-nrg-esports-world-cup-2026-gf,Esports World Cup 2026
100T,NRG,22600,20200,16,0.4k,6.4k,Ascent,2026-07-12 09:45:00,https://www.vlr.gg/708426/100-thieves-vs-nrg-esports-world-cup-2026-gf,Esports World Cup 2026
100T,NRG,20900,18850,17,10.6k,2.5k,Ascent,2026-07-12 09:45:00,https://www.vlr.gg/708426/100-thieves-vs-nrg-esports-world-cup-2026-gf,Esports World Cup 2026
100T,NRG,23350,10200,18,16.8k,8.1k,Ascent,2026-07-12 09:45:00,https://www.vlr.gg/708426/100-thieves-vs-nrg-esports-world-cup-2026-gf,Esports World Cup 2026
100T,NRG,26450,20750,19,27.1k,3.7k,Ascent,2026-07-12 09:45:00,https://www.vlr.gg/708426/100-thieves-vs-nrg-esports-world-cup-2026-gf,Esports World Cup 2026
100T,NRG,26450,12000,20,37.1k,8.6k,Ascent,2026-07-12 09:45:00,https://www.vlr.gg/708426/100-thieves-vs-nrg-esports-world-cup-2026-gf,Esports World Cup 2026
100T,NRG,26150,21300,21,29.9k,5.0k,Ascent,2026-07-12 09:45:00,https://www.vlr.gg/708426/100-thieves-vs-nrg-esports-world-cup-2026-gf,Esports World Cup 2026
100T,NRG,25950,23700,22,12.5k,9.8k,Ascent,2026-07-12 09:45:00,https://www.vlr.gg/708426/100-thieves-vs-nrg-esports-world-cup-2026-gf,Esports World Cup 2026
100T,NRG,24750,24300,23,1.0k,19.7k,Ascent,2026-07-12 09:45:00,https://www.vlr.gg/708426/100-thieves-vs-nrg-esports-world-cup-2026-gf,Esports World Cup 2026
100T,NRG,25650,24900,24,8.4k,6.1k,Ascent,2026-07-12 09:45:00,https://www.vlr.gg/708426/100-thieves-vs-nrg-esports-world-cup-2026-gf,Esports World Cup 2026
100T,NRG,24050,24700,25,1.0k,0.5k,Ascent,2026-07-12 09:45:00,https://www.vlr.gg/708426/100-thieves-vs-nrg-esports-world-cup-2026-gf,Esports World Cup 2026
100T,NRG,23850,24400,26,1.0k,0.8k,Ascent,2026-07-12 09:45:00,https://www.vlr.gg/708426/100-thieves-vs-nrg-esports-world-cup-2026-gf,Esports World Cup 2026
