team,player,agent,ratingBoth,ratingT,rating-ct,acsBoth,acsT,acsCT,killsBoth,killsT,killsCT,deadBoth,deadT,deadCT,assistsBoth,assistsT,assistsCT,k-dBoth,k-dT,k-dCT,kastBoth,kastT,kastCT,adrBoth,adrT,adrCT,hsBoth,hsT,hsCT,fkBoth,fkT,fkCT,fdBoth,fdT,fdCT,fk-fdBoth,fk-fdT,fk-fdCT,map,map_id_vlr,map_duration,date,source_url,event
TEC,Coco,Viper,1.17,1.51,0.94,207.0,268.0,166.0,16.0,9.0,7.0,13.0,5.0,8.0,6.0,1.0,5.0,3.0,4.0,-1.0,0.75,0.88,0.67,132.0,177.0,102.0,0.41,0.41,0.4,1.0,1.0,0.0,3.0,0.0,3.0,-2.0,1.0,-3.0,Lotus,257925,1:04:54,2026-03-31 05:00:00,https://www.vlr.gg/642914/titan-esports-club-vs-all-gamers-vct-2026-china-stage-1-w1,VCT 2026: China Stage 1
TEC,Spitfires,Waylay,1.04,0.58,1.35,228.0,115.0,303.0,16.0,3.0,13.0,15.0,6.0,9.0,3.0,1.0,2.0,1.0,-3.0,4.0,0.7,0.63,0.75,167.0,82.0,224.0,0.29,0.38,0.26,1.0,0.0,1.0,2.0,1.0,1.0,-1.0,-1.0,0.0,Lotus,257925,1:04:54,2026-03-31 05:00:00,https://www.vlr.gg/642914/titan-esports-club-vs-all-gamers-vct-2026-china-stage-1-w1,VCT 2026: China Stage 1
TEC,Haodong,Omen,0.83,0.57,1.0,139.0,119.0,152.0,8.0,2.0,6.0,13.0,6.0,7.0,9.0,3.0,6.0,-5.0,-4.0,-1.0,0.8,0.63,0.92,100.0,97.0,102.0,0.23,0.11,0.35,0.0,0.0,0.0,1.0,1.0,0.0,-1.0,-1.0,0.0,Lotus,257925,1:04:54,2026-03-31 05:00:00,https://www.vlr.gg/642914/titan-esports-club-vs-all-gamers-vct-2026-china-stage-1-w1,VCT 2026: China Stage 1
TEC,lucas,Fade,0.83,0.85,0.82,162.0,203.0,135.0,10.0,5.0,5.0,16.0,8.0,8.0,6.0,2.0,4.0,-6.0,-3.0,-3.0,0.6,0.63,0.58,113.0,130.0,102.0,0.27,0.17,0.5,2.0,0.0,2.0,4.0,2.0,2.0,-2.0,-2.0,0.0,Lotus,257925,1:04:54,2026-03-31 05:00:00,https://www.vlr.gg/642914/titan-esports-club-vs-all-gamers-vct-2026-china-stage-1-w1,VCT 2026: China Stage 1
TEC,Dynamite,Neon,0.59,0.02,1.02,125.0,42.0,180.0,9.0,1.0,8.0,17.0,8.0,9.0,6.0,1.0,5.0,-8.0,-7.0,-1.0,0.55,0.25,0.75,74.0,25.0,107.0,0.13,0.11,0.14,1.0,0.0,1.0,5.0,3.0,2.0,-4.0,-3.0,-1.0,Lotus,257925,1:04:54,2026-03-31 05:00:00,https://www.vlr.gg/642914/titan-esports-club-vs-all-gamers-vct-2026-china-stage-1-w1,VCT 2026: China Stage 1
AG,f4ngeer,Waylay,1.52,1.18,2.03,322.0,273.0,396.0,23.0,11.0,12.0,14.0,10.0,4.0,3.0,3.0,0.0,9.0,1.0,8.0,0.85,0.83,0.88,207.0,179.0,249.0,0.39,0.48,0.29,5.0,4.0,1.0,0.0,0.0,0.0,5.0,4.0,1.0,Lotus,257925,1:04:54,2026-03-31 05:00:00,https://www.vlr.gg/642914/titan-esports-club-vs-all-gamers-vct-2026-china-stage-1-w1,VCT 2026: China Stage 1
AG,Shr1mp,Fade,1.27,1.1,1.51,199.0,129.0,304.0,15.0,6.0,9.0,8.0,5.0,3.0,4.0,3.0,1.0,7.0,1.0,6.0,0.85,0.83,0.88,111.0,73.0,168.0,0.28,0.36,0.24,2.0,0.0,2.0,1.0,1.0,0.0,1.0,-1.0,2.0,Lotus,257925,1:04:54,2026-03-31 05:00:00,https://www.vlr.gg/642914/titan-esports-club-vs-all-gamers-vct-2026-china-stage-1-w1,VCT 2026: China Stage 1
AG,iamgrq,Neon,1.09,0.94,1.32,259.0,256.0,264.0,17.0,10.0,7.0,16.0,10.0,6.0,6.0,3.0,3.0,1.0,0.0,1.0,0.65,0.5,0.88,159.0,167.0,147.0,0.1,0.11,0.08,4.0,2.0,2.0,2.0,2.0,0.0,2.0,0.0,2.0,Lotus,257925,1:04:54,2026-03-31 05:00:00,https://www.vlr.gg/642914/titan-esports-club-vs-all-gamers-vct-2026-china-stage-1-w1,VCT 2026: China Stage 1
AG,K1ra,Cypher,0.84,0.99,0.61,153.0,218.0,56.0,12.0,10.0,2.0,11.0,8.0,3.0,2.0,2.0,0.0,1.0,2.0,-1.0,0.75,0.75,0.75,102.0,145.0,38.0,0.22,0.2,0.27,3.0,2.0,1.0,2.0,1.0,1.0,1.0,1.0,0.0,Lotus,257925,1:04:54,2026-03-31 05:00:00,https://www.vlr.gg/642914/titan-esports-club-vs-all-gamers-vct-2026-china-stage-1-w1,VCT 2026: China Stage 1
AG,Septem7,Omen,0.78,0.85,0.68,103.0,98.0,111.0,7.0,4.0,3.0,10.0,6.0,4.0,8.0,6.0,2.0,-3.0,-2.0,-1.0,0.85,0.75,1.0,68.0,70.0,65.0,0.15,0.23,0.07,1.0,0.0,1.0,0.0,0.0,0.0,1.0,0.0,1.0,Lotus,257925,1:04:54,2026-03-31 05:00:00,https://www.vlr.gg/642914/titan-esports-club-vs-all-gamers-vct-2026-china-stage-1-w1,VCT 2026: China Stage 1
TEC,Coco,Viper,1.25,1.15,1.34,257.0,251.0,265.0,64.0,32.0,32.0,49.0,24.0,25.0,24.0,9.0,15.0,15.0,8.0,7.0,0.84,0.85,0.83,166.0,160.0,171.0,0.38,0.39,0.35,8.0,5.0,3.0,7.0,1.0,6.0,1.0,4.0,-3.0,all,all,all,2026-03-31 05:00:00,https://www.vlr.gg/642914/titan-esports-club-vs-all-gamers-vct-2026-china-stage-1-w1,VCT 2026: China Stage 1
TEC,lucas,Fade,1.07,1.32,0.83,191.0,222.0,168.0,47.0,27.0,20.0,46.0,21.0,25.0,23.0,13.0,10.0,1.0,6.0,-5.0,0.74,0.74,0.74,132.0,151.0,114.0,0.31,0.29,0.34,5.0,1.0,4.0,5.0,2.0,3.0,0.0,-1.0,1.0,all,all,all,2026-03-31 05:00:00,https://www.vlr.gg/642914/titan-esports-club-vs-all-gamers-vct-2026-china-stage-1-w1,VCT 2026: China Stage 1
TEC,Haodong,Omen,0.94,0.64,1.23,165.0,120.0,202.0,40.0,14.0,26.0,43.0,22.0,21.0,24.0,10.0,14.0,-3.0,-8.0,5.0,0.74,0.62,0.86,116.0,84.0,147.0,0.33,0.22,0.45,2.0,2.0,0.0,3.0,2.0,1.0,-1.0,0.0,-1.0,all,all,all,2026-03-31 05:00:00,https://www.vlr.gg/642914/titan-esports-club-vs-all-gamers-vct-2026-china-stage-1-w1,VCT 2026: China Stage 1
TEC,Dynamite,Neon,0.89,0.97,0.83,201.0,223.0,185.0,49.0,25.0,24.0,54.0,25.0,29.0,17.0,9.0,8.0,-5.0,0.0,-5.0,0.71,0.71,0.71,129.0,142.0,117.0,0.18,0.19,0.19,9.0,7.0,2.0,14.0,7.0,7.0,-5.0,0.0,-5.0,all,all,all,2026-03-31 05:00:00,https://www.vlr.gg/642914/titan-esports-club-vs-all-gamers-vct-2026-china-stage-1-w1,VCT 2026: China Stage 1
TEC,Spitfires,Waylay,0.75,0.59,0.91,180.0,133.0,219.0,44.0,16.0,28.0,53.0,25.0,28.0,19.0,11.0,8.0,-9.0,-9.0,0.0,0.71,0.65,0.77,116.0,80.0,152.0,0.27,0.28,0.26,6.0,2.0,4.0,10.0,5.0,5.0,-4.0,-3.0,-1.0,all,all,all,2026-03-31 05:00:00,https://www.vlr.gg/642914/titan-esports-club-vs-all-gamers-vct-2026-china-stage-1-w1,VCT 2026: China Stage 1
AG,f4ngeer,Waylay,1.32,1.16,1.48,259.0,258.0,253.0,65.0,31.0,34.0,48.0,28.0,20.0,13.0,8.0,5.0,17.0,3.0,14.0,0.75,0.74,0.76,168.0,173.0,162.0,0.41,0.43,0.38,12.0,8.0,4.0,6.0,3.0,3.0,6.0,5.0,1.0,all,all,all,2026-03-31 05:00:00,https://www.vlr.gg/642914/titan-esports-club-vs-all-gamers-vct-2026-china-stage-1-w1,VCT 2026: China Stage 1
AG,Shr1mp,Fade,1.14,1.09,1.2,182.0,169.0,200.0,48.0,24.0,24.0,41.0,21.0,20.0,22.0,9.0,13.0,7.0,3.0,4.0,0.68,0.66,0.71,113.0,99.0,128.0,0.26,0.3,0.23,3.0,1.0,2.0,7.0,3.0,4.0,-4.0,-2.0,-2.0,all,all,all,2026-03-31 05:00:00,https://www.vlr.gg/642914/titan-esports-club-vs-all-gamers-vct-2026-china-stage-1-w1,VCT 2026: China Stage 1
AG,iamgrq,Neon,1.01,0.97,1.05,238.0,241.0,234.0,52.0,28.0,24.0,58.0,29.0,29.0,27.0,12.0,15.0,-6.0,-1.0,-5.0,0.71,0.66,0.76,151.0,161.0,141.0,0.16,0.15,0.14,11.0,4.0,7.0,6.0,3.0,3.0,5.0,1.0,4.0,all,all,all,2026-03-31 05:00:00,https://www.vlr.gg/642914/titan-esports-club-vs-all-gamers-vct-2026-china-stage-1-w1,VCT 2026: China Stage 1
AG,K1ra,Cypher,1.0,1.16,0.83,191.0,245.0,141.0,47.0,31.0,16.0,46.0,25.0,21.0,13.0,6.0,7.0,1.0,6.0,-5.0,0.75,0.8,0.71,132.0,159.0,105.0,0.21,0.21,0.2,9.0,7.0,2.0,8.0,4.0,4.0,1.0,3.0,-2.0,all,all,all,2026-03-31 05:00:00,https://www.vlr.gg/642914/titan-esports-club-vs-all-gamers-vct-2026-china-stage-1-w1,VCT 2026: China Stage 1
AG,Septem7,Omen,0.73,0.62,0.85,147.0,128.0,163.0,33.0,14.0,19.0,51.0,27.0,24.0,22.0,13.0,9.0,-18.0,-13.0,-5.0,0.81,0.77,0.85,100.0,91.0,110.0,0.25,0.24,0.24,4.0,2.0,2.0,3.0,0.0,3.0,1.0,2.0,-1.0,all,all,all,2026-03-31 05:00:00,https://www.vlr.gg/642914/titan-esports-club-vs-all-gamers-vct-2026-china-stage-1-w1,VCT 2026: China Stage 1
TEC,Haodong,Brimstone,1.47,1.01,2.07,228.0,179.0,293.0,19.0,8.0,11.0,11.0,7.0,4.0,8.0,4.0,4.0,8.0,1.0,7.0,0.86,0.83,0.89,160.0,111.0,225.0,0.39,0.27,0.63,2.0,2.0,0.0,1.0,0.0,1.0,1.0,2.0,-1.0,Bind,257926,47:48,2026-03-31 05:00:00,https://www.vlr.gg/642914/titan-esports-club-vs-all-gamers-vct-2026-china-stage-1-w1,VCT 2026: China Stage 1
TEC,Coco,Viper,1.23,0.84,1.75,309.0,242.0,398.0,22.0,10.0,12.0,16.0,9.0,7.0,6.0,2.0,4.0,6.0,1.0,5.0,0.86,0.83,0.89,197.0,154.0,254.0,0.42,0.43,0.4,4.0,2.0,2.0,1.0,0.0,1.0,3.0,2.0,1.0,Bind,257926,47:48,2026-03-31 05:00:00,https://www.vlr.gg/642914/titan-esports-club-vs-all-gamers-vct-2026-china-stage-1-w1,VCT 2026: China Stage 1
TEC,Dynamite,Neon,1.22,1.62,0.68,260.0,324.0,175.0,21.0,14.0,7.0,14.0,6.0,8.0,1.0,1.0,0.0,7.0,8.0,-1.0,0.81,0.83,0.78,166.0,208.0,110.0,0.22,0.25,0.15,3.0,2.0,1.0,2.0,1.0,1.0,1.0,1.0,0.0,Bind,257926,47:48,2026-03-31 05:00:00,https://www.vlr.gg/642914/titan-esports-club-vs-all-gamers-vct-2026-china-stage-1-w1,VCT 2026: China Stage 1
TEC,lucas,Skye,1.0,1.3,0.6,190.0,217.0,154.0,15.0,10.0,5.0,14.0,7.0,7.0,8.0,5.0,3.0,1.0,3.0,-2.0,0.76,0.75,0.78,117.0,141.0,85.0,0.25,0.28,0.2,2.0,1.0,1.0,0.0,0.0,0.0,2.0,1.0,1.0,Bind,257926,47:48,2026-03-31 05:00:00,https://www.vlr.gg/642914/titan-esports-club-vs-all-gamers-vct-2026-china-stage-1-w1,VCT 2026: China Stage 1
TEC,Spitfires,Waylay,0.6,0.46,0.79,161.0,140.0,189.0,12.0,6.0,6.0,16.0,9.0,7.0,9.0,5.0,4.0,-4.0,-3.0,-1.0,0.81,0.67,1.0,100.0,79.0,128.0,0.23,0.27,0.21,2.0,1.0,1.0,4.0,3.0,1.0,-2.0,-2.0,0.0,Bind,257926,47:48,2026-03-31 05:00:00,https://www.vlr.gg/642914/titan-esports-club-vs-all-gamers-vct-2026-china-stage-1-w1,VCT 2026: China Stage 1
AG,f4ngeer,Waylay,1.25,0.82,1.57,220.0,207.0,230.0,17.0,5.0,12.0,16.0,8.0,8.0,6.0,5.0,1.0,1.0,-3.0,4.0,0.76,0.78,0.75,159.0,159.0,159.0,0.4,0.32,0.5,3.0,1.0,2.0,3.0,2.0,1.0,0.0,-1.0,1.0,Bind,257926,47:48,2026-03-31 05:00:00,https://www.vlr.gg/642914/titan-esports-club-vs-all-gamers-vct-2026-china-stage-1-w1,VCT 2026: China Stage 1
AG,iamgrq,Brimstone,0.94,1.07,0.84,223.0,264.0,192.0,13.0,8.0,5.0,19.0,8.0,11.0,14.0,4.0,10.0,-6.0,0.0,-6.0,0.76,0.78,0.75,144.0,161.0,131.0,0.18,0.17,0.18,1.0,0.0,1.0,1.0,0.0,1.0,0.0,0.0,0.0,Bind,257926,47:48,2026-03-31 05:00:00,https://www.vlr.gg/642914/titan-esports-club-vs-all-gamers-vct-2026-china-stage-1-w1,VCT 2026: China Stage 1
AG,Septem7,Gekko,0.88,0.54,1.14,213.0,168.0,247.0,16.0,5.0,11.0,19.0,9.0,10.0,4.0,3.0,1.0,-3.0,-4.0,1.0,0.9,1.0,0.83,145.0,116.0,167.0,0.4,0.38,0.41,1.0,1.0,0.0,1.0,0.0,1.0,0.0,1.0,-1.0,Bind,257926,47:48,2026-03-31 05:00:00,https://www.vlr.gg/642914/titan-esports-club-vs-all-gamers-vct-2026-china-stage-1-w1,VCT 2026: China Stage 1
AG,K1ra,Viper,0.86,1.21,0.59,203.0,268.0,154.0,14.0,9.0,5.0,18.0,8.0,10.0,3.0,0.0,3.0,-4.0,1.0,-5.0,0.67,0.78,0.58,134.0,158.0,116.0,0.23,0.33,0.18,3.0,2.0,1.0,2.0,1.0,1.0,1.0,1.0,0.0,Bind,257926,47:48,2026-03-31 05:00:00,https://www.vlr.gg/642914/titan-esports-club-vs-all-gamers-vct-2026-china-stage-1-w1,VCT 2026: China Stage 1
AG,Shr1mp,Skye,0.76,0.69,0.8,145.0,168.0,128.0,11.0,6.0,5.0,17.0,8.0,9.0,9.0,3.0,6.0,-6.0,-2.0,-4.0,0.57,0.44,0.67,88.0,97.0,81.0,0.24,0.27,0.22,0.0,0.0,0.0,6.0,2.0,4.0,-6.0,-2.0,-4.0,Bind,257926,47:48,2026-03-31 05:00:00,https://www.vlr.gg/642914/titan-esports-club-vs-all-gamers-vct-2026-china-stage-1-w1,VCT 2026: China Stage 1
TEC,Coco,Viper,1.31,1.2,1.42,256.0,249.0,263.0,26.0,13.0,13.0,20.0,10.0,10.0,12.0,6.0,6.0,6.0,3.0,3.0,0.89,0.86,0.93,166.0,155.0,177.0,0.31,0.33,0.29,3.0,2.0,1.0,3.0,1.0,2.0,0.0,1.0,-1.0,Breeze,257927,1:00:05,2026-03-31 05:00:00,https://www.vlr.gg/642914/titan-esports-club-vs-all-gamers-vct-2026-china-stage-1-w1,VCT 2026: China Stage 1
TEC,lucas,Sova,1.29,1.6,0.98,221.0,237.0,205.0,22.0,12.0,10.0,16.0,6.0,10.0,9.0,6.0,3.0,6.0,6.0,0.0,0.82,0.79,0.86,158.0,172.0,144.0,0.4,0.44,0.35,1.0,0.0,1.0,1.0,0.0,1.0,0.0,0.0,0.0,Breeze,257927,1:00:05,2026-03-31 05:00:00,https://www.vlr.gg/642914/titan-esports-club-vs-all-gamers-vct-2026-china-stage-1-w1,VCT 2026: China Stage 1
TEC,Dynamite,Neon,0.86,0.96,0.76,218.0,241.0,195.0,19.0,10.0,9.0,23.0,11.0,12.0,10.0,7.0,3.0,-4.0,-1.0,-3.0,0.75,0.86,0.64,141.0,152.0,130.0,0.2,0.13,0.29,5.0,5.0,0.0,7.0,3.0,4.0,-2.0,2.0,-4.0,Breeze,257927,1:00:05,2026-03-31 05:00:00,https://www.vlr.gg/642914/titan-esports-club-vs-all-gamers-vct-2026-china-stage-1-w1,VCT 2026: China Stage 1
TEC,Spitfires,Waylay,0.66,0.7,0.62,152.0,137.0,167.0,16.0,7.0,9.0,22.0,10.0,12.0,7.0,5.0,2.0,-6.0,-3.0,-3.0,0.64,0.64,0.64,92.0,79.0,105.0,0.28,0.25,0.32,3.0,1.0,2.0,4.0,1.0,3.0,-1.0,0.0,-1.0,Breeze,257927,1:00:05,2026-03-31 05:00:00,https://www.vlr.gg/642914/titan-esports-club-vs-all-gamers-vct-2026-china-stage-1-w1,VCT 2026: China Stage 1
TEC,Haodong,Astra,0.63,0.37,0.88,128.0,69.0,187.0,13.0,4.0,9.0,19.0,9.0,10.0,7.0,3.0,4.0,-6.0,-5.0,-1.0,0.61,0.43,0.79,95.0,54.0,136.0,0.37,0.3,0.4,0.0,0.0,0.0,1.0,1.0,0.0,-1.0,-1.0,0.0,Breeze,257927,1:00:05,2026-03-31 05:00:00,https://www.vlr.gg/642914/titan-esports-club-vs-all-gamers-vct-2026-china-stage-1-w1,VCT 2026: China Stage 1
AG,Shr1mp,Sova,1.35,1.34,1.36,203.0,204.0,202.0,22.0,12.0,10.0,16.0,8.0,8.0,9.0,3.0,6.0,6.0,4.0,2.0,0.64,0.64,0.64,134.0,123.0,145.0,0.25,0.28,0.22,1.0,1.0,0.0,0.0,0.0,0.0,1.0,1.0,0.0,Breeze,257927,1:00:05,2026-03-31 05:00:00,https://www.vlr.gg/642914/titan-esports-club-vs-all-gamers-vct-2026-china-stage-1-w1,VCT 2026: China Stage 1
AG,K1ra,Viper,1.23,1.29,1.17,216.0,253.0,179.0,21.0,12.0,9.0,17.0,9.0,8.0,8.0,4.0,4.0,4.0,3.0,1.0,0.82,0.86,0.79,153.0,171.0,135.0,0.19,0.18,0.2,3.0,3.0,0.0,4.0,2.0,2.0,-1.0,1.0,-2.0,Breeze,257927,1:00:05,2026-03-31 05:00:00,https://www.vlr.gg/642914/titan-esports-club-vs-all-gamers-vct-2026-china-stage-1-w1,VCT 2026: China Stage 1
AG,f4ngeer,Waylay,1.23,1.37,1.1,235.0,279.0,191.0,25.0,15.0,10.0,18.0,10.0,8.0,4.0,0.0,4.0,7.0,5.0,2.0,0.68,0.64,0.71,146.0,176.0,116.0,0.43,0.48,0.35,4.0,3.0,1.0,3.0,1.0,2.0,1.0,2.0,-1.0,Breeze,257927,1:00:05,2026-03-31 05:00:00,https://www.vlr.gg/642914/titan-esports-club-vs-all-gamers-vct-2026-china-stage-1-w1,VCT 2026: China Stage 1
AG,iamgrq,Neon,1.0,0.93,1.06,233.0,214.0,252.0,22.0,10.0,12.0,23.0,11.0,12.0,7.0,5.0,2.0,-1.0,-1.0,0.0,0.71,0.71,0.71,151.0,157.0,145.0,0.19,0.22,0.16,6.0,2.0,4.0,3.0,1.0,2.0,3.0,1.0,2.0,Breeze,257927,1:00:05,2026-03-31 05:00:00,https://www.vlr.gg/642914/titan-esports-club-vs-all-gamers-vct-2026-china-stage-1-w1,VCT 2026: China Stage 1
AG,Septem7,Astra,0.58,0.46,0.69,124.0,128.0,120.0,10.0,5.0,5.0,22.0,12.0,10.0,10.0,4.0,6.0,-12.0,-7.0,-5.0,0.71,0.64,0.79,90.0,93.0,87.0,0.19,0.17,0.18,2.0,1.0,1.0,2.0,0.0,2.0,0.0,1.0,-1.0,Breeze,257927,1:00:05,2026-03-31 05:00:00,https://www.vlr.gg/642914/titan-esports-club-vs-all-gamers-vct-2026-china-stage-1-w1,VCT 2026: China Stage 1
NOVA,Ezeir,Brimstone,1.19,1.05,1.74,257.0,234.0,349.0,13.0,9.0,4.0,13.0,11.0,2.0,3.0,3.0,0.0,0.0,-2.0,2.0,0.73,0.67,1.0,160.0,140.0,240.0,0.34,0.29,0.5,0.0,0.0,0.0,0.0,0.0,0.0,0.0,0.0,0.0,Fracture,257928,43:34,2026-03-31 08:30:00,https://www.vlr.gg/642915/nova-esports-vs-edward-gaming-vct-2026-china-stage-1-w1,VCT 2026: China Stage 1
NOVA,qiutiaN,Tejo,0.63,0.82,0.02,147.0,171.0,51.0,6.0,6.0,0.0,14.0,11.0,3.0,6.0,4.0,2.0,-8.0,-5.0,-3.0,0.67,0.67,0.67,110.0,124.0,54.0,0.17,0.21,0.0,1.0,1.0,0.0,1.0,1.0,0.0,0.0,0.0,0.0,Fracture,257928,43:34,2026-03-31 08:30:00,https://www.vlr.gg/642915/nova-esports-vs-edward-gaming-vct-2026-china-stage-1-w1,VCT 2026: China Stage 1
NOVA,swagzor,Chamber,0.4,0.43,0.3,126.0,113.0,178.0,6.0,4.0,2.0,14.0,11.0,3.0,2.0,2.0,0.0,-8.0,-7.0,-1.0,0.53,0.5,0.67,71.0,66.0,91.0,0.23,0.2,0.33,2.0,1.0,1.0,7.0,6.0,1.0,-5.0,-5.0,0.0,Fracture,257928,43:34,2026-03-31 08:30:00,https://www.vlr.gg/642915/nova-esports-vs-edward-gaming-vct-2026-china-stage-1-w1,VCT 2026: China Stage 1
NOVA,GREEN,Breach,0.39,0.14,1.4,87.0,36.0,291.0,4.0,1.0,3.0,14.0,12.0,2.0,3.0,2.0,1.0,-10.0,-11.0,1.0,0.47,0.42,0.67,57.0,21.0,201.0,0.29,0.11,0.6,0.0,0.0,0.0,2.0,2.0,0.0,-2.0,-2.0,0.0,Fracture,257928,43:34,2026-03-31 08:30:00,https://www.vlr.gg/642915/nova-esports-vs-edward-gaming-vct-2026-china-stage-1-w1,VCT 2026: China Stage 1
NOVA,GuanG,Neon,0.37,0.24,0.88,87.0,72.0,147.0,4.0,2.0,2.0,13.0,11.0,2.0,1.0,0.0,1.0,-9.0,-9.0,0.0,0.47,0.33,1.0,63.0,61.0,71.0,0.32,0.36,0.2,1.0,0.0,1.0,1.0,1.0,0.0,0.0,-1.0,1.0,Fracture,257928,43:34,2026-03-31 08:30:00,https://www.vlr.gg/642915/nova-esports-vs-edward-gaming-vct-2026-china-stage-1-w1,VCT 2026: China Stage 1
EDG,ZmjjKK,Waylay,1.68,1.9,1.62,270.0,365.0,246.0,17.0,5.0,12.0,5.0,2.0,3.0,1.0,0.0,1.0,12.0,3.0,9.0,0.93,0.67,1.0,163.0,176.0,160.0,0.24,0.11,0.31,4.0,0.0,4.0,1.0,1.0,0.0,3.0,-1.0,4.0,Fracture,257928,43:34,2026-03-31 08:30:00,https://www.vlr.gg/642915/nova-esports-vs-edward-gaming-vct-2026-china-stage-1-w1,VCT 2026: China Stage 1
EDG,Jieni7,Neon,1.6,2.11,1.47,297.0,338.0,287.0,17.0,4.0,13.0,8.0,2.0,6.0,2.0,0.0,2.0,9.0,2.0,7.0,0.8,0.67,0.83,193.0,218.0,187.0,0.38,0.55,0.32,5.0,1.0,4.0,1.0,0.0,1.0,4.0,1.0,3.0,Fracture,257928,43:34,2026-03-31 08:30:00,https://www.vlr.gg/642915/nova-esports-vs-edward-gaming-vct-2026-china-stage-1-w1,VCT 2026: China Stage 1
EDG,Smoggy,Brimstone,1.51,0.72,1.7,282.0,159.0,313.0,15.0,1.0,14.0,7.0,2.0,5.0,7.0,2.0,5.0,8.0,-1.0,9.0,0.93,1.0,0.92,190.0,111.0,210.0,0.29,0.17,0.31,0.0,0.0,0.0,1.0,1.0,0.0,-1.0,-1.0,0.0,Fracture,257928,43:34,2026-03-31 08:30:00,https://www.vlr.gg/642915/nova-esports-vs-edward-gaming-vct-2026-china-stage-1-w1,VCT 2026: China Stage 1
EDG,CHICHOO,Cypher,1.13,0.39,1.31,192.0,110.0,213.0,9.0,1.0,8.0,7.0,3.0,4.0,6.0,0.0,6.0,2.0,-2.0,4.0,0.87,0.67,0.92,125.0,79.0,137.0,0.22,0.2,0.23,2.0,0.0,2.0,0.0,0.0,0.0,2.0,0.0,2.0,Fracture,257928,43:34,2026-03-31 08:30:00,https://www.vlr.gg/642915/nova-esports-vs-edward-gaming-vct-2026-china-stage-1-w1,VCT 2026: China Stage 1
EDG,nobody,Skye,1.05,0.48,1.19,173.0,114.0,188.0,10.0,1.0,9.0,6.0,2.0,4.0,9.0,2.0,7.0,4.0,-1.0,5.0,0.87,1.0,0.83,104.0,58.0,116.0,0.42,0.2,0.47,0.0,0.0,0.0,1.0,0.0,1.0,-1.0,0.0,-1.0,Fracture,257928,43:34,2026-03-31 08:30:00,https://www.vlr.gg/642915/nova-esports-vs-edward-gaming-vct-2026-china-stage-1-w1,VCT 2026: China Stage 1
NOVA,Ezeir,Brimstone,0.99,0.84,1.52,222.0,191.0,323.0,23.0,15.0,8.0,27.0,23.0,4.0,9.0,5.0,4.0,-4.0,-8.0,4.0,0.71,0.63,1.0,141.0,123.0,204.0,0.27,0.26,0.27,2.0,1.0,1.0,1.0,1.0,0.0,1.0,0.0,1.0,all,all,all,2026-03-31 08:30:00,https://www.vlr.gg/642915/nova-esports-vs-edward-gaming-vct-2026-china-stage-1-w1,VCT 2026: China Stage 1
NOVA,GREEN,Breach,0.74,0.51,1.51,153.0,114.0,296.0,17.0,10.0,7.0,27.0,23.0,4.0,3.0,2.0,1.0,-10.0,-13.0,3.0,0.61,0.58,0.71,92.0,64.0,190.0,0.35,0.26,0.54,1.0,0.0,1.0,2.0,2.0,0.0,-1.0,-2.0,1.0,all,all,all,2026-03-31 08:30:00,https://www.vlr.gg/642915/nova-esports-vs-edward-gaming-vct-2026-china-stage-1-w1,VCT 2026: China Stage 1
NOVA,qiutiaN,Tejo,0.56,0.62,0.44,122.0,130.0,91.0,10.0,8.0,2.0,27.0,22.0,5.0,12.0,8.0,4.0,-17.0,-14.0,-3.0,0.58,0.58,0.57,91.0,100.0,60.0,0.2,0.23,0.09,1.0,1.0,0.0,1.0,1.0,0.0,0.0,0.0,0.0,all,all,all,2026-03-31 08:30:00,https://www.vlr.gg/642915/nova-esports-vs-edward-gaming-vct-2026-china-stage-1-w1,VCT 2026: China Stage 1
NOVA,swagzor,Chamber,0.53,0.48,0.67,158.0,150.0,188.0,16.0,11.0,5.0,28.0,23.0,5.0,5.0,4.0,1.0,-12.0,-12.0,0.0,0.58,0.54,0.71,89.0,86.0,99.0,0.27,0.28,0.33,5.0,3.0,2.0,11.0,10.0,1.0,-6.0,-7.0,1.0,all,all,all,2026-03-31 08:30:00,https://www.vlr.gg/642915/nova-esports-vs-edward-gaming-vct-2026-china-stage-1-w1,VCT 2026: China Stage 1
NOVA,GuanG,Neon,0.47,0.33,0.96,107.0,90.0,168.0,11.0,6.0,5.0,25.0,21.0,4.0,1.0,0.0,1.0,-14.0,-15.0,1.0,0.52,0.42,0.86,68.0,61.0,90.0,0.23,0.24,0.22,3.0,1.0,2.0,4.0,4.0,0.0,-1.0,-3.0,2.0,all,all,all,2026-03-31 08:30:00,https://www.vlr.gg/642915/nova-esports-vs-edward-gaming-vct-2026-china-stage-1-w1,VCT 2026: China Stage 1
EDG,Jieni7,Neon,1.74,2.03,1.66,300.0,294.0,302.0,36.0,8.0,28.0,15.0,4.0,11.0,9.0,0.0,9.0,21.0,4.0,17.0,0.74,0.57,0.79,202.0,202.0,202.0,0.32,0.39,0.29,6.0,1.0,5.0,2.0,0.0,2.0,4.0,1.0,3.0,all,all,all,2026-03-31 08:30:00,https://www.vlr.gg/642915/nova-esports-vs-edward-gaming-vct-2026-china-stage-1-w1,VCT 2026: China Stage 1
EDG,Smoggy,Brimstone,1.4,0.52,1.66,243.0,114.0,279.0,27.0,2.0,25.0,15.0,6.0,9.0,11.0,2.0,9.0,12.0,-4.0,16.0,0.87,0.71,0.92,160.0,76.0,184.0,0.36,0.25,0.36,1.0,0.0,1.0,2.0,1.0,1.0,-1.0,-1.0,0.0,all,all,all,2026-03-31 08:30:00,https://www.vlr.gg/642915/nova-esports-vs-edward-gaming-vct-2026-china-stage-1-w1,VCT 2026: China Stage 1
EDG,ZmjjKK,Waylay,1.29,1.03,1.37,248.0,200.0,261.0,29.0,6.0,23.0,15.0,5.0,10.0,4.0,0.0,4.0,14.0,1.0,13.0,0.81,0.43,0.92,155.0,106.0,170.0,0.15,0.15,0.13,7.0,0.0,7.0,5.0,3.0,2.0,2.0,-3.0,5.0,all,all,all,2026-03-31 08:30:00,https://www.vlr.gg/642915/nova-esports-vs-edward-gaming-vct-2026-china-stage-1-w1,VCT 2026: China Stage 1
EDG,CHICHOO,Cypher,1.26,0.65,1.44,202.0,120.0,226.0,22.0,3.0,19.0,14.0,6.0,8.0,8.0,1.0,7.0,8.0,-3.0,11.0,0.81,0.43,0.92,130.0,85.0,143.0,0.29,0.17,0.29,3.0,0.0,3.0,1.0,1.0,0.0,2.0,-1.0,3.0,all,all,all,2026-03-31 08:30:00,https://www.vlr.gg/642915/nova-esports-vs-edward-gaming-vct-2026-china-stage-1-w1,VCT 2026: China Stage 1
EDG,nobody,Skye,0.88,0.42,1.01,188.0,152.0,199.0,20.0,3.0,17.0,18.0,6.0,12.0,12.0,2.0,10.0,2.0,-3.0,5.0,0.77,0.71,0.79,117.0,87.0,126.0,0.36,0.25,0.38,2.0,0.0,2.0,2.0,1.0,1.0,0.0,-1.0,1.0,all,all,all,2026-03-31 08:30:00,https://www.vlr.gg/642915/nova-esports-vs-edward-gaming-vct-2026-china-stage-1-w1,VCT 2026: China Stage 1
NOVA,GREEN,Viper,1.06,0.88,1.6,219.0,192.0,300.0,13.0,9.0,4.0,13.0,11.0,2.0,0.0,0.0,0.0,0.0,-2.0,2.0,0.75,0.75,0.75,125.0,106.0,182.0,0.41,0.36,0.5,1.0,0.0,1.0,0.0,0.0,0.0,1.0,0.0,1.0,Breeze,257929,34:58,2026-03-31 08:30:00,https://www.vlr.gg/642915/nova-esports-vs-edward-gaming-vct-2026-china-stage-1-w1,VCT 2026: China Stage 1
NOVA,Ezeir,Omen,0.81,0.63,1.35,187.0,148.0,304.0,10.0,6.0,4.0,14.0,12.0,2.0,6.0,2.0,4.0,-4.0,-6.0,2.0,0.69,0.58,1.0,123.0,105.0,177.0,0.2,0.23,0.18,2.0,1.0,1.0,1.0,1.0,0.0,1.0,0.0,1.0,Breeze,257929,34:58,2026-03-31 08:30:00,https://www.vlr.gg/642915/nova-esports-vs-edward-gaming-vct-2026-china-stage-1-w1,VCT 2026: China Stage 1
NOVA,swagzor,Neon,0.64,0.54,0.95,189.0,187.0,195.0,10.0,7.0,3.0,14.0,12.0,2.0,3.0,2.0,1.0,-4.0,-5.0,1.0,0.63,0.58,0.75,105.0,105.0,105.0,0.31,0.31,0.33,3.0,2.0,1.0,4.0,4.0,0.0,-1.0,-2.0,1.0,Breeze,257929,34:58,2026-03-31 08:30:00,https://www.vlr.gg/642915/nova-esports-vs-edward-gaming-vct-2026-china-stage-1-w1,VCT 2026: China Stage 1
NOVA,GuanG,Jett,0.57,0.41,1.03,127.0,108.0,184.0,7.0,4.0,3.0,12.0,10.0,2.0,0.0,0.0,0.0,-5.0,-6.0,1.0,0.56,0.5,0.75,72.0,61.0,105.0,0.13,0.09,0.25,2.0,1.0,1.0,3.0,3.0,0.0,-1.0,-2.0,1.0,Breeze,257929,34:58,2026-03-31 08:30:00,https://www.vlr.gg/642915/nova-esports-vs-edward-gaming-vct-2026-china-stage-1-w1,VCT 2026: China Stage 1
NOVA,qiutiaN,Sova,0.5,0.41,0.76,97.0,89.0,121.0,4.0,2.0,2.0,13.0,11.0,2.0,6.0,4.0,2.0,-9.0,-9.0,0.0,0.5,0.5,0.5,73.0,76.0,64.0,0.23,0.25,0.17,0.0,0.0,0.0,0.0,0.0,0.0,0.0,0.0,0.0,Breeze,257929,34:58,2026-03-31 08:30:00,https://www.vlr.gg/642915/nova-esports-vs-edward-gaming-vct-2026-china-stage-1-w1,VCT 2026: China Stage 1
EDG,Jieni7,Kayo,1.88,1.97,1.85,303.0,261.0,317.0,19.0,4.0,15.0,7.0,2.0,5.0,7.0,0.0,7.0,12.0,2.0,10.0,0.69,0.5,0.75,211.0,190.0,218.0,0.25,0.25,0.26,1.0,0.0,1.0,1.0,0.0,1.0,0.0,0.0,0.0,Breeze,257929,34:58,2026-03-31 08:30:00,https://www.vlr.gg/642915/nova-esports-vs-edward-gaming-vct-2026-china-stage-1-w1,VCT 2026: China Stage 1
EDG,CHICHOO,Viper,1.39,0.84,1.57,211.0,127.0,239.0,13.0,2.0,11.0,7.0,3.0,4.0,2.0,1.0,1.0,6.0,-1.0,7.0,0.75,0.25,0.92,135.0,90.0,150.0,0.36,0.14,0.4,1.0,0.0,1.0,1.0,1.0,0.0,0.0,-1.0,1.0,Breeze,257929,34:58,2026-03-31 08:30:00,https://www.vlr.gg/642915/nova-esports-vs-edward-gaming-vct-2026-china-stage-1-w1,VCT 2026: China Stage 1
EDG,Smoggy,Harbor,1.31,0.37,1.62,204.0,80.0,245.0,12.0,1.0,11.0,8.0,4.0,4.0,4.0,0.0,4.0,4.0,-3.0,7.0,0.81,0.5,0.92,131.0,50.0,158.0,0.42,0.5,0.43,1.0,0.0,1.0,1.0,0.0,1.0,0.0,0.0,0.0,Breeze,257929,34:58,2026-03-31 08:30:00,https://www.vlr.gg/642915/nova-esports-vs-edward-gaming-vct-2026-china-stage-1-w1,VCT 2026: China Stage 1
EDG,ZmjjKK,Jett,0.93,0.37,1.12,226.0,76.0,276.0,12.0,1.0,11.0,10.0,3.0,7.0,3.0,0.0,3.0,2.0,-2.0,4.0,0.69,0.25,0.83,148.0,54.0,179.0,0.06,0.25,0.03,3.0,0.0,3.0,4.0,2.0,2.0,-1.0,-2.0,1.0,Breeze,257929,34:58,2026-03-31 08:30:00,https://www.vlr.gg/642915/nova-esports-vs-edward-gaming-vct-2026-china-stage-1-w1,VCT 2026: China Stage 1
EDG,nobody,Sova,0.72,0.37,0.84,203.0,181.0,210.0,10.0,2.0,8.0,12.0,4.0,8.0,3.0,0.0,3.0,-2.0,-2.0,0.0,0.69,0.5,0.75,130.0,108.0,137.0,0.29,0.29,0.29,2.0,0.0,2.0,1.0,1.0,0.0,1.0,-1.0,2.0,Breeze,257929,34:58,2026-03-31 08:30:00,https://www.vlr.gg/642915/nova-esports-vs-edward-gaming-vct-2026-china-stage-1-w1,VCT 2026: China Stage 1
JDG,zhe,Viper,1.71,1.97,1.51,306.0,348.0,275.0,23.0,12.0,11.0,11.0,3.0,8.0,5.0,0.0,5.0,12.0,9.0,3.0,0.95,1.0,0.92,193.0,190.0,195.0,0.3,0.27,0.32,2.0,2.0,0.0,0.0,0.0,0.0,2.0,2.0,0.0,Lotus,257931,59:03,2026-04-01 05:00:00,https://www.vlr.gg/642916/jdg-esports-vs-funplus-phoenix-vct-2026-china-stage-1-w1,VCT 2026: China Stage 1
JDG,stew,Raze,1.16,0.8,1.43,261.0,246.0,272.0,20.0,8.0,12.0,14.0,7.0,7.0,4.0,1.0,3.0,6.0,1.0,5.0,0.76,0.78,0.75,170.0,144.0,190.0,0.24,0.18,0.31,4.0,1.0,3.0,4.0,2.0,2.0,0.0,-1.0,1.0,Lotus,257931,59:03,2026-04-01 05:00:00,https://www.vlr.gg/642916/jdg-esports-vs-funplus-phoenix-vct-2026-china-stage-1-w1,VCT 2026: China Stage 1
JDG,jkuro,Omen,0.98,0.76,1.15,179.0,122.0,222.0,13.0,3.0,10.0,12.0,5.0,7.0,11.0,7.0,4.0,1.0,-2.0,3.0,0.86,0.78,0.92,112.0,83.0,134.0,0.27,0.16,0.36,3.0,0.0,3.0,1.0,0.0,1.0,2.0,0.0,2.0,Lotus,257931,59:03,2026-04-01 05:00:00,https://www.vlr.gg/642916/jdg-esports-vs-funplus-phoenix-vct-2026-china-stage-1-w1,VCT 2026: China Stage 1
JDG,Yuicaw,Killjoy,0.95,0.69,1.15,145.0,134.0,153.0,12.0,5.0,7.0,13.0,6.0,7.0,1.0,0.0,1.0,-1.0,-1.0,0.0,0.71,0.56,0.83,116.0,77.0,145.0,0.35,0.44,0.32,2.0,2.0,0.0,2.0,2.0,0.0,0.0,0.0,0.0,Lotus,257931,59:03,2026-04-01 05:00:00,https://www.vlr.gg/642916/jdg-esports-vs-funplus-phoenix-vct-2026-china-stage-1-w1,VCT 2026: China Stage 1
JDG,coconut,Fade,0.95,1.49,0.54,179.0,245.0,130.0,14.0,9.0,5.0,14.0,5.0,9.0,3.0,1.0,2.0,0.0,4.0,-4.0,0.76,0.89,0.67,113.0,155.0,82.0,0.45,0.41,0.5,1.0,0.0,1.0,2.0,0.0,2.0,-1.0,0.0,-1.0,Lotus,257931,59:03,2026-04-01 05:00:00,https://www.vlr.gg/642916/jdg-esports-vs-funplus-phoenix-vct-2026-china-stage-1-w1,VCT 2026: China Stage 1
FPX,AAAAY,Viper,1.27,1.27,1.28,229.0,232.0,225.0,17.0,10.0,7.0,14.0,8.0,6.0,4.0,3.0,1.0,3.0,2.0,1.0,0.76,0.83,0.67,148.0,156.0,137.0,0.41,0.36,0.5,2.0,2.0,0.0,0.0,0.0,0.0,2.0,2.0,0.0,Lotus,257931,59:03,2026-04-01 05:00:00,https://www.vlr.gg/642916/jdg-esports-vs-funplus-phoenix-vct-2026-china-stage-1-w1,VCT 2026: China Stage 1
FPX,BerLIN,Omen,0.8,0.91,0.66,167.0,188.0,139.0,12.0,8.0,4.0,16.0,9.0,7.0,4.0,3.0,1.0,-4.0,-1.0,-3.0,0.57,0.58,0.56,110.0,121.0,95.0,0.41,0.31,0.75,1.0,1.0,0.0,2.0,0.0,2.0,-1.0,1.0,-2.0,Lotus,257931,59:03,2026-04-01 05:00:00,https://www.vlr.gg/642916/jdg-esports-vs-funplus-phoenix-vct-2026-china-stage-1-w1,VCT 2026: China Stage 1
FPX,KovaQ,Fade,0.77,0.82,0.7,158.0,139.0,183.0,12.0,6.0,6.0,17.0,9.0,8.0,4.0,4.0,0.0,-5.0,-3.0,-2.0,0.62,0.67,0.56,121.0,100.0,149.0,0.27,0.19,0.41,0.0,0.0,0.0,1.0,1.0,0.0,-1.0,-1.0,0.0,Lotus,257931,59:03,2026-04-01 05:00:00,https://www.vlr.gg/642916/jdg-esports-vs-funplus-phoenix-vct-2026-china-stage-1-w1,VCT 2026: China Stage 1
FPX,Ben1Ley,Waylay,0.62,0.66,0.56,161.0,156.0,168.0,11.0,7.0,4.0,18.0,9.0,9.0,0.0,0.0,0.0,-7.0,-2.0,-5.0,0.48,0.58,0.33,106.0,102.0,111.0,0.27,0.36,0.19,3.0,0.0,3.0,3.0,1.0,2.0,0.0,-1.0,1.0,Lotus,257931,59:03,2026-04-01 05:00:00,https://www.vlr.gg/642916/jdg-esports-vs-funplus-phoenix-vct-2026-china-stage-1-w1,VCT 2026: China Stage 1
FPX,Setrod,Neon,0.55,0.5,0.62,174.0,165.0,186.0,12.0,7.0,5.0,17.0,10.0,7.0,2.0,2.0,0.0,-5.0,-3.0,-2.0,0.62,0.58,0.67,100.0,89.0,115.0,0.22,0.15,0.4,3.0,2.0,1.0,6.0,5.0,1.0,-3.0,-3.0,0.0,Lotus,257931,59:03,2026-04-01 05:00:00,https://www.vlr.gg/642916/jdg-esports-vs-funplus-phoenix-vct-2026-china-stage-1-w1,VCT 2026: China Stage 1
JDG,zhe,Viper,1.33,1.56,1.17,246.0,310.0,204.0,51.0,28.0,23.0,37.0,15.0,22.0,19.0,2.0,17.0,14.0,13.0,1.0,0.84,0.76,0.89,162.0,185.0,146.0,0.24,0.3,0.19,8.0,5.0,3.0,3.0,2.0,1.0,5.0,3.0,2.0,all,all,all,2026-04-01 05:00:00,https://www.vlr.gg/642916/jdg-esports-vs-funplus-phoenix-vct-2026-china-stage-1-w1,VCT 2026: China Stage 1
JDG,Yuicaw,Killjoy,1.17,1.14,1.19,219.0,219.0,216.0,48.0,19.0,29.0,37.0,16.0,21.0,8.0,4.0,4.0,11.0,3.0,8.0,0.67,0.6,0.72,152.0,139.0,161.0,0.38,0.51,0.34,7.0,4.0,3.0,5.0,3.0,2.0,2.0,1.0,1.0,all,all,all,2026-04-01 05:00:00,https://www.vlr.gg/642916/jdg-esports-vs-funplus-phoenix-vct-2026-china-stage-1-w1,VCT 2026: China Stage 1
JDG,stew,Raze,1.1,0.59,1.46,236.0,198.0,264.0,51.0,17.0,34.0,42.0,22.0,20.0,14.0,3.0,11.0,9.0,-5.0,14.0,0.72,0.6,0.81,161.0,131.0,182.0,0.22,0.17,0.25,12.0,3.0,9.0,9.0,5.0,4.0,3.0,-2.0,5.0,all,all,all,2026-04-01 05:00:00,https://www.vlr.gg/642916/jdg-esports-vs-funplus-phoenix-vct-2026-china-stage-1-w1,VCT 2026: China Stage 1
JDG,coconut,Fade,0.96,1.02,0.93,156.0,161.0,153.0,37.0,17.0,20.0,36.0,16.0,20.0,12.0,3.0,9.0,1.0,1.0,0.0,0.74,0.68,0.78,104.0,106.0,102.0,0.36,0.3,0.4,3.0,1.0,2.0,4.0,1.0,3.0,-1.0,0.0,-1.0,all,all,all,2026-04-01 05:00:00,https://www.vlr.gg/642916/jdg-esports-vs-funplus-phoenix-vct-2026-china-stage-1-w1,VCT 2026: China Stage 1
JDG,jkuro,Omen,0.87,0.43,1.19,174.0,106.0,222.0,39.0,8.0,31.0,41.0,20.0,21.0,19.0,10.0,9.0,-2.0,-12.0,10.0,0.77,0.6,0.89,110.0,67.0,140.0,0.28,0.24,0.29,5.0,0.0,5.0,5.0,1.0,4.0,0.0,-1.0,1.0,all,all,all,2026-04-01 05:00:00,https://www.vlr.gg/642916/jdg-esports-vs-funplus-phoenix-vct-2026-china-stage-1-w1,VCT 2026: China Stage 1
FPX,AAAAY,Viper,1.09,1.01,1.2,195.0,167.0,236.0,43.0,22.0,21.0,40.0,25.0,15.0,12.0,6.0,6.0,3.0,-3.0,6.0,0.72,0.67,0.8,125.0,114.0,140.0,0.28,0.28,0.27,4.0,3.0,1.0,1.0,1.0,0.0,3.0,2.0,1.0,all,all,all,2026-04-01 05:00:00,https://www.vlr.gg/642916/jdg-esports-vs-funplus-phoenix-vct-2026-china-stage-1-w1,VCT 2026: China Stage 1
FPX,KovaQ,Fade,0.96,0.83,1.16,208.0,179.0,248.0,46.0,23.0,23.0,47.0,28.0,19.0,12.0,7.0,5.0,-1.0,-5.0,4.0,0.74,0.75,0.72,138.0,119.0,165.0,0.22,0.17,0.29,3.0,2.0,1.0,3.0,2.0,1.0,0.0,0.0,0.0,all,all,all,2026-04-01 05:00:00,https://www.vlr.gg/642916/jdg-esports-vs-funplus-phoenix-vct-2026-china-stage-1-w1,VCT 2026: China Stage 1
FPX,BerLIN,Omen,0.89,0.86,0.92,180.0,175.0,185.0,33.0,20.0,13.0,46.0,28.0,18.0,28.0,16.0,12.0,-13.0,-8.0,-5.0,0.77,0.75,0.8,117.0,112.0,123.0,0.23,0.17,0.26,6.0,3.0,3.0,3.0,1.0,2.0,3.0,2.0,1.0,all,all,all,2026-04-01 05:00:00,https://www.vlr.gg/642916/jdg-esports-vs-funplus-phoenix-vct-2026-china-stage-1-w1,VCT 2026: China Stage 1
FPX,Setrod,Neon,0.8,0.53,1.19,179.0,137.0,240.0,39.0,17.0,22.0,45.0,29.0,16.0,5.0,4.0,1.0,-6.0,-12.0,6.0,0.64,0.64,0.64,109.0,87.0,139.0,0.22,0.2,0.26,6.0,4.0,2.0,14.0,11.0,3.0,-8.0,-7.0,-1.0,all,all,all,2026-04-01 05:00:00,https://www.vlr.gg/642916/jdg-esports-vs-funplus-phoenix-vct-2026-china-stage-1-w1,VCT 2026: China Stage 1
FPX,Ben1Ley,Waylay,0.72,0.82,0.58,161.0,179.0,135.0,32.0,22.0,10.0,48.0,27.0,21.0,9.0,5.0,4.0,-16.0,-5.0,-11.0,0.61,0.64,0.56,104.0,114.0,90.0,0.29,0.34,0.18,7.0,2.0,5.0,14.0,7.0,7.0,-7.0,-5.0,-2.0,all,all,all,2026-04-01 05:00:00,https://www.vlr.gg/642916/jdg-esports-vs-funplus-phoenix-vct-2026-china-stage-1-w1,VCT 2026: China Stage 1
JDG,Yuicaw,Viper,1.77,2.2,1.49,339.0,329.0,346.0,25.0,9.0,16.0,9.0,3.0,6.0,5.0,4.0,1.0,16.0,6.0,10.0,0.75,0.75,0.75,209.0,199.0,216.0,0.46,0.67,0.39,5.0,2.0,3.0,0.0,0.0,0.0,5.0,2.0,3.0,Split,257933,46:12,2026-04-01 05:00:00,https://www.vlr.gg/642916/jdg-esports-vs-funplus-phoenix-vct-2026-china-stage-1-w1,VCT 2026: China Stage 1
JDG,coconut,Fade,1.34,1.31,1.36,201.0,193.0,206.0,17.0,7.0,10.0,8.0,4.0,4.0,4.0,1.0,3.0,9.0,3.0,6.0,0.9,0.88,0.92,127.0,115.0,135.0,0.31,0.21,0.39,2.0,1.0,1.0,2.0,1.0,1.0,0.0,0.0,0.0,Split,257933,46:12,2026-04-01 05:00:00,https://www.vlr.gg/642916/jdg-esports-vs-funplus-phoenix-vct-2026-china-stage-1-w1,VCT 2026: China Stage 1
JDG,stew,Raze,1.21,0.58,1.63,235.0,207.0,254.0,17.0,5.0,12.0,12.0,8.0,4.0,6.0,1.0,5.0,5.0,-3.0,8.0,0.75,0.5,0.92,172.0,146.0,189.0,0.13,0.13,0.16,5.0,1.0,4.0,1.0,1.0,0.0,4.0,0.0,4.0,Split,257933,46:12,2026-04-01 05:00:00,https://www.vlr.gg/642916/jdg-esports-vs-funplus-phoenix-vct-2026-china-stage-1-w1,VCT 2026: China Stage 1
JDG,zhe,Vyse,1.05,0.82,1.21,205.0,191.0,214.0,12.0,5.0,7.0,11.0,6.0,5.0,11.0,2.0,9.0,1.0,-1.0,2.0,0.9,0.75,1.0,150.0,144.0,154.0,0.13,0.22,0.08,3.0,1.0,2.0,1.0,1.0,0.0,2.0,0.0,2.0,Split,257933,46:12,2026-04-01 05:00:00,https://www.vlr.gg/642916/jdg-esports-vs-funplus-phoenix-vct-2026-china-stage-1-w1,VCT 2026: China Stage 1
JDG,jkuro,Omen,0.9,0.27,1.32,181.0,152.0,200.0,14.0,4.0,10.0,12.0,8.0,4.0,5.0,2.0,3.0,2.0,-4.0,6.0,0.8,0.63,0.92,108.0,87.0,122.0,0.2,0.3,0.16,1.0,0.0,1.0,0.0,0.0,0.0,1.0,0.0,1.0,Split,257933,46:12,2026-04-01 05:00:00,https://www.vlr.gg/642916/jdg-esports-vs-funplus-phoenix-vct-2026-china-stage-1-w1,VCT 2026: China Stage 1
FPX,AAAAY,Viper,1.01,0.93,1.13,183.0,155.0,225.0,13.0,7.0,6.0,16.0,11.0,5.0,4.0,1.0,3.0,-3.0,-4.0,1.0,0.65,0.5,0.88,112.0,100.0,130.0,0.24,0.24,0.25,1.0,0.0,1.0,1.0,1.0,0.0,0.0,-1.0,1.0,Split,257933,46:12,2026-04-01 05:00:00,https://www.vlr.gg/642916/jdg-esports-vs-funplus-phoenix-vct-2026-china-stage-1-w1,VCT 2026: China Stage 1
FPX,KovaQ,Skye,0.97,0.63,1.48,210.0,119.0,347.0,15.0,5.0,10.0,18.0,11.0,7.0,6.0,3.0,3.0,-3.0,-6.0,3.0,0.7,0.67,0.75,133.0,73.0,223.0,0.15,0.1,0.19,0.0,0.0,0.0,1.0,0.0,1.0,-1.0,0.0,-1.0,Split,257933,46:12,2026-04-01 05:00:00,https://www.vlr.gg/642916/jdg-esports-vs-funplus-phoenix-vct-2026-china-stage-1-w1,VCT 2026: China Stage 1
FPX,Setrod,Neon,0.72,0.06,1.69,150.0,48.0,303.0,11.0,1.0,10.0,16.0,11.0,5.0,1.0,1.0,0.0,-5.0,-10.0,5.0,0.55,0.5,0.63,97.0,38.0,186.0,0.22,0.12,0.27,0.0,0.0,0.0,6.0,5.0,1.0,-6.0,-5.0,-1.0,Split,257933,46:12,2026-04-01 05:00:00,https://www.vlr.gg/642916/jdg-esports-vs-funplus-phoenix-vct-2026-china-stage-1-w1,VCT 2026: China Stage 1
FPX,BerLIN,Omen,0.71,0.81,0.56,140.0,150.0,125.0,7.0,5.0,2.0,17.0,11.0,6.0,11.0,6.0,5.0,-10.0,-6.0,-4.0,0.75,0.67,0.88,95.0,104.0,82.0,0.08,0.06,0.11,1.0,0.0,1.0,0.0,0.0,0.0,1.0,0.0,1.0,Split,257933,46:12,2026-04-01 05:00:00,https://www.vlr.gg/642916/jdg-esports-vs-funplus-phoenix-vct-2026-china-stage-1-w1,VCT 2026: China Stage 1
FPX,Ben1Ley,Waylay,0.37,0.62,0.03,106.0,141.0,54.0,6.0,5.0,1.0,18.0,11.0,7.0,5.0,3.0,2.0,-12.0,-6.0,-6.0,0.55,0.5,0.63,72.0,97.0,35.0,0.35,0.44,0.0,2.0,1.0,1.0,8.0,5.0,3.0,-6.0,-4.0,-2.0,Split,257933,46:12,2026-04-01 05:00:00,https://www.vlr.gg/642916/jdg-esports-vs-funplus-phoenix-vct-2026-china-stage-1-w1,VCT 2026: China Stage 1
JDG,zhe,Neon,1.22,1.85,0.8,228.0,385.0,123.0,16.0,11.0,5.0,15.0,6.0,9.0,3.0,0.0,3.0,1.0,5.0,-4.0,0.65,0.5,0.75,141.0,220.0,88.0,0.29,0.38,0.19,3.0,2.0,1.0,2.0,1.0,1.0,1.0,1.0,0.0,Pearl,260852,46:21,2026-04-01 05:00:00,https://www.vlr.gg/642916/jdg-esports-vs-funplus-phoenix-vct-2026-china-stage-1-w1,VCT 2026: China Stage 1
JDG,stew,Phoenix,0.94,0.36,1.32,213.0,134.0,266.0,14.0,4.0,10.0,16.0,7.0,9.0,4.0,1.0,3.0,-2.0,-3.0,1.0,0.65,0.5,0.75,141.0,100.0,168.0,0.3,0.23,0.33,3.0,1.0,2.0,4.0,2.0,2.0,-1.0,-1.0,0.0,Pearl,260852,46:21,2026-04-01 05:00:00,https://www.vlr.gg/642916/jdg-esports-vs-funplus-phoenix-vct-2026-china-stage-1-w1,VCT 2026: China Stage 1
JDG,Yuicaw,Killjoy,0.79,0.57,0.93,172.0,206.0,149.0,11.0,5.0,6.0,15.0,7.0,8.0,2.0,0.0,2.0,-4.0,-2.0,-2.0,0.55,0.5,0.58,133.0,150.0,122.0,0.32,0.38,0.29,0.0,0.0,0.0,3.0,1.0,2.0,-3.0,-1.0,-2.0,Pearl,260852,46:21,2026-04-01 05:00:00,https://www.vlr.gg/642916/jdg-esports-vs-funplus-phoenix-vct-2026-china-stage-1-w1,VCT 2026: China Stage 1
JDG,jkuro,Astra,0.74,0.2,1.09,163.0,43.0,243.0,12.0,1.0,11.0,17.0,7.0,10.0,3.0,1.0,2.0,-5.0,-6.0,1.0,0.65,0.38,0.83,110.0,29.0,164.0,0.37,0.4,0.36,1.0,0.0,1.0,4.0,1.0,3.0,-3.0,-1.0,-2.0,Pearl,260852,46:21,2026-04-01 05:00:00,https://www.vlr.gg/642916/jdg-esports-vs-funplus-phoenix-vct-2026-china-stage-1-w1,VCT 2026: China Stage 1
JDG,coconut,Fade,0.6,0.2,0.87,89.0,36.0,124.0,6.0,1.0,5.0,14.0,7.0,7.0,5.0,1.0,4.0,-8.0,-6.0,-2.0,0.55,0.25,0.75,71.0,43.0,90.0,0.33,0.33,0.33,0.0,0.0,0.0,0.0,0.0,0.0,0.0,0.0,0.0,Pearl,260852,46:21,2026-04-01 05:00:00,https://www.vlr.gg/642916/jdg-esports-vs-funplus-phoenix-vct-2026-china-stage-1-w1,VCT 2026: China Stage 1
FPX,KovaQ,Fade,1.16,1.03,1.36,256.0,279.0,222.0,19.0,12.0,7.0,12.0,8.0,4.0,2.0,0.0,2.0,7.0,4.0,3.0,0.9,0.92,0.88,160.0,183.0,126.0,0.24,0.2,0.36,3.0,2.0,1.0,1.0,1.0,0.0,2.0,1.0,1.0,Pearl,260852,46:21,2026-04-01 05:00:00,https://www.vlr.gg/642916/jdg-esports-vs-funplus-phoenix-vct-2026-china-stage-1-w1,VCT 2026: China Stage 1
FPX,Ben1Ley,Waylay,1.16,1.17,1.15,216.0,241.0,179.0,15.0,10.0,5.0,12.0,7.0,5.0,4.0,2.0,2.0,3.0,3.0,0.0,0.8,0.83,0.75,135.0,143.0,123.0,0.25,0.26,0.23,2.0,1.0,1.0,3.0,1.0,2.0,-1.0,0.0,-1.0,Pearl,260852,46:21,2026-04-01 05:00:00,https://www.vlr.gg/642916/jdg-esports-vs-funplus-phoenix-vct-2026-china-stage-1-w1,VCT 2026: China Stage 1
FPX,BerLIN,Astra,1.15,0.86,1.57,232.0,188.0,298.0,14.0,7.0,7.0,13.0,8.0,5.0,13.0,7.0,6.0,1.0,-1.0,2.0,1.0,1.0,1.0,145.0,112.0,195.0,0.21,0.19,0.23,4.0,2.0,2.0,1.0,1.0,0.0,3.0,1.0,2.0,Pearl,260852,46:21,2026-04-01 05:00:00,https://www.vlr.gg/642916/jdg-esports-vs-funplus-phoenix-vct-2026-china-stage-1-w1,VCT 2026: China Stage 1
FPX,Setrod,Neon,1.15,1.03,1.32,214.0,199.0,237.0,16.0,9.0,7.0,12.0,8.0,4.0,2.0,1.0,1.0,4.0,1.0,3.0,0.75,0.83,0.63,129.0,135.0,120.0,0.23,0.28,0.16,3.0,2.0,1.0,2.0,1.0,1.0,1.0,1.0,0.0,Pearl,260852,46:21,2026-04-01 05:00:00,https://www.vlr.gg/642916/jdg-esports-vs-funplus-phoenix-vct-2026-china-stage-1-w1,VCT 2026: China Stage 1
FPX,AAAAY,Killjoy,0.97,0.84,1.17,172.0,114.0,259.0,13.0,5.0,8.0,10.0,6.0,4.0,4.0,2.0,2.0,3.0,-1.0,4.0,0.75,0.67,0.88,113.0,86.0,154.0,0.18,0.21,0.15,1.0,1.0,0.0,0.0,0.0,0.0,1.0,1.0,0.0,Pearl,260852,46:21,2026-04-01 05:00:00,https://www.vlr.gg/642916/jdg-esports-vs-funplus-phoenix-vct-2026-china-stage-1-w1,VCT 2026: China Stage 1
DRG,SpiritZ1,Waylay,1.39,0.99,1.55,313.0,252.0,338.0,18.0,5.0,13.0,16.0,5.0,11.0,3.0,0.0,3.0,2.0,0.0,2.0,0.76,0.8,0.75,185.0,150.0,200.0,0.28,0.2,0.31,5.0,1.0,4.0,0.0,0.0,0.0,5.0,1.0,4.0,Lotus,257934,48:51,2026-04-01 08:10:00,https://www.vlr.gg/642917/dragon-ranger-gaming-vs-xi-lai-gaming-vct-2026-china-stage-1-w1,VCT 2026: China Stage 1
DRG,vo0kashu,Omen,1.01,0.89,1.06,188.0,205.0,181.0,12.0,4.0,8.0,15.0,5.0,10.0,4.0,0.0,4.0,-3.0,-1.0,-2.0,0.76,0.8,0.75,133.0,116.0,140.0,0.31,0.18,0.39,0.0,0.0,0.0,2.0,1.0,1.0,-2.0,-1.0,-1.0,Lotus,257934,48:51,2026-04-01 08:10:00,https://www.vlr.gg/642917/dragon-ranger-gaming-vs-xi-lai-gaming-vct-2026-china-stage-1-w1,VCT 2026: China Stage 1
DRG,Life,Neon,0.83,0.89,0.8,211.0,260.0,191.0,11.0,4.0,7.0,15.0,5.0,10.0,6.0,2.0,4.0,-4.0,-1.0,-3.0,0.76,0.8,0.75,139.0,171.0,126.0,0.7,0.7,0.69,2.0,0.0,2.0,4.0,1.0,3.0,-2.0,-1.0,-1.0,Lotus,257934,48:51,2026-04-01 08:10:00,https://www.vlr.gg/642917/dragon-ranger-gaming-vs-xi-lai-gaming-vct-2026-china-stage-1-w1,VCT 2026: China Stage 1
DRG,Nicc,Skye,0.78,0.57,0.87,125.0,140.0,119.0,7.0,2.0,5.0,13.0,5.0,8.0,8.0,3.0,5.0,-6.0,-3.0,-3.0,0.65,0.6,0.67,87.0,99.0,82.0,0.29,0.15,0.39,0.0,0.0,0.0,4.0,2.0,2.0,-4.0,-2.0,-2.0,Lotus,257934,48:51,2026-04-01 08:10:00,https://www.vlr.gg/642917/dragon-ranger-gaming-vs-xi-lai-gaming-vct-2026-china-stage-1-w1,VCT 2026: China Stage 1
DRG,Flex1n,Miks,0.37,0.03,0.55,101.0,61.0,118.0,5.0,0.0,5.0,16.0,5.0,11.0,7.0,1.0,6.0,-11.0,-5.0,-6.0,0.53,0.6,0.5,68.0,61.0,71.0,0.13,0.14,0.12,0.0,0.0,0.0,0.0,0.0,0.0,0.0,0.0,0.0,Lotus,257934,48:51,2026-04-01 08:10:00,https://www.vlr.gg/642917/dragon-ranger-gaming-vs-xi-lai-gaming-vct-2026-china-stage-1-w1,VCT 2026: China Stage 1
XLG,WsLeo,Skye,1.54,1.47,1.69,240.0,204.0,326.0,18.0,11.0,7.0,8.0,5.0,3.0,10.0,9.0,1.0,10.0,6.0,4.0,0.88,0.83,1.0,152.0,137.0,188.0,0.2,0.29,0.09,0.0,0.0,0.0,0.0,0.0,0.0,0.0,0.0,0.0,Lotus,257934,48:51,2026-04-01 08:10:00,https://www.vlr.gg/642917/dragon-ranger-gaming-vs-xi-lai-gaming-vct-2026-china-stage-1-w1,VCT 2026: China Stage 1
XLG,Rarga,Neon,1.37,1.12,1.97,310.0,278.0,387.0,18.0,11.0,7.0,12.0,9.0,3.0,8.0,5.0,3.0,6.0,2.0,4.0,0.88,0.83,1.0,197.0,182.0,233.0,0.2,0.32,0.1,3.0,1.0,2.0,2.0,2.0,0.0,1.0,-1.0,2.0,Lotus,257934,48:51,2026-04-01 08:10:00,https://www.vlr.gg/642917/dragon-ranger-gaming-vs-xi-lai-gaming-vct-2026-china-stage-1-w1,VCT 2026: China Stage 1
XLG,NoMan,Waylay,1.13,0.99,1.47,222.0,208.0,256.0,15.0,10.0,5.0,10.0,7.0,3.0,1.0,0.0,1.0,5.0,3.0,2.0,0.82,0.75,1.0,145.0,132.0,176.0,0.36,0.33,0.4,3.0,2.0,1.0,3.0,2.0,1.0,0.0,0.0,0.0,Lotus,257934,48:51,2026-04-01 08:10:00,https://www.vlr.gg/642917/dragon-ranger-gaming-vs-xi-lai-gaming-vct-2026-china-stage-1-w1,VCT 2026: China Stage 1
XLG,happywei,Viper,1.06,1.16,0.83,212.0,219.0,195.0,13.0,9.0,4.0,10.0,7.0,3.0,2.0,1.0,1.0,3.0,2.0,1.0,0.88,0.83,1.0,135.0,145.0,111.0,0.41,0.3,0.83,4.0,3.0,1.0,0.0,0.0,0.0,4.0,3.0,1.0,Lotus,257934,48:51,2026-04-01 08:10:00,https://www.vlr.gg/642917/dragon-ranger-gaming-vs-xi-lai-gaming-vct-2026-china-stage-1-w1,VCT 2026: China Stage 1
XLG,Lysoar,Omen,0.69,0.64,0.82,176.0,205.0,106.0,11.0,9.0,2.0,13.0,10.0,3.0,11.0,5.0,6.0,-2.0,-1.0,-1.0,0.88,0.83,1.0,105.0,126.0,55.0,0.42,0.53,0.14,0.0,0.0,0.0,2.0,2.0,0.0,-2.0,-2.0,0.0,Lotus,257934,48:51,2026-04-01 08:10:00,https://www.vlr.gg/642917/dragon-ranger-gaming-vs-xi-lai-gaming-vct-2026-china-stage-1-w1,VCT 2026: China Stage 1
DRG,vo0kashu,Omen,1.17,1.39,1.02,222.0,269.0,197.0,34.0,16.0,18.0,31.0,10.0,21.0,10.0,4.0,6.0,3.0,6.0,-3.0,0.73,0.76,0.71,156.0,180.0,139.0,0.28,0.22,0.33,2.0,1.0,1.0,2.0,1.0,1.0,0.0,0.0,0.0,all,all,all,2026-04-01 08:10:00,https://www.vlr.gg/642917/dragon-ranger-gaming-vs-xi-lai-gaming-vct-2026-china-stage-1-w1,VCT 2026: China Stage 1
DRG,SpiritZ1,Waylay,1.13,1.1,1.15,252.0,238.0,244.0,33.0,14.0,19.0,33.0,12.0,21.0,7.0,2.0,5.0,0.0,2.0,-2.0,0.68,0.71,0.67,148.0,146.0,148.0,0.27,0.21,0.33,10.0,3.0,7.0,6.0,3.0,3.0,4.0,0.0,4.0,all,all,all,2026-04-01 08:10:00,https://www.vlr.gg/642917/dragon-ranger-gaming-vs-xi-lai-gaming-vct-2026-china-stage-1-w1,VCT 2026: China Stage 1
DRG,Nicc,Skye,0.96,0.89,1.01,165.0,160.0,179.0,22.0,8.0,14.0,30.0,12.0,18.0,24.0,13.0,11.0,-8.0,-4.0,-4.0,0.76,0.82,0.71,116.0,110.0,120.0,0.32,0.23,0.41,0.0,0.0,0.0,5.0,2.0,3.0,-5.0,-2.0,-3.0,all,all,all,2026-04-01 08:10:00,https://www.vlr.gg/642917/dragon-ranger-gaming-vs-xi-lai-gaming-vct-2026-china-stage-1-w1,VCT 2026: China Stage 1
DRG,Life,Neon,0.8,0.81,0.78,203.0,224.0,185.0,26.0,12.0,14.0,34.0,14.0,20.0,8.0,4.0,4.0,-8.0,-2.0,-6.0,0.73,0.82,0.67,126.0,147.0,111.0,0.52,0.34,0.67,6.0,1.0,5.0,8.0,4.0,4.0,-2.0,-3.0,1.0,all,all,all,2026-04-01 08:10:00,https://www.vlr.gg/642917/dragon-ranger-gaming-vs-xi-lai-gaming-vct-2026-china-stage-1-w1,VCT 2026: China Stage 1
DRG,Flex1n,Miks,0.61,0.7,0.55,140.0,182.0,121.0,19.0,10.0,9.0,34.0,13.0,21.0,14.0,3.0,11.0,-15.0,-3.0,-12.0,0.56,0.59,0.54,97.0,117.0,83.0,0.22,0.31,0.19,2.0,2.0,0.0,0.0,0.0,0.0,2.0,2.0,0.0,all,all,all,2026-04-01 08:10:00,https://www.vlr.gg/642917/dragon-ranger-gaming-vs-xi-lai-gaming-vct-2026-china-stage-1-w1,VCT 2026: China Stage 1
XLG,happywei,Viper,1.38,1.56,1.12,279.0,326.0,240.0,42.0,28.0,14.0,26.0,14.0,12.0,8.0,5.0,3.0,16.0,14.0,2.0,0.88,0.88,0.88,196.0,215.0,170.0,0.45,0.44,0.49,7.0,4.0,3.0,3.0,2.0,1.0,4.0,2.0,2.0,all,all,all,2026-04-01 08:10:00,https://www.vlr.gg/642917/dragon-ranger-gaming-vs-xi-lai-gaming-vct-2026-china-stage-1-w1,VCT 2026: China Stage 1
XLG,WsLeo,Skye,1.32,1.58,0.96,217.0,230.0,188.0,33.0,22.0,11.0,22.0,10.0,12.0,25.0,17.0,8.0,11.0,12.0,-1.0,0.85,0.88,0.82,141.0,155.0,122.0,0.27,0.33,0.18,1.0,0.0,1.0,0.0,0.0,0.0,1.0,0.0,1.0,all,all,all,2026-04-01 08:10:00,https://www.vlr.gg/642917/dragon-ranger-gaming-vs-xi-lai-gaming-vct-2026-china-stage-1-w1,VCT 2026: China Stage 1
XLG,NoMan,Waylay,1.02,0.98,1.07,192.0,190.0,181.0,29.0,18.0,11.0,25.0,14.0,11.0,4.0,1.0,3.0,4.0,4.0,0.0,0.78,0.71,0.88,126.0,131.0,118.0,0.38,0.37,0.38,3.0,2.0,1.0,5.0,3.0,2.0,-2.0,-1.0,-1.0,all,all,all,2026-04-01 08:10:00,https://www.vlr.gg/642917/dragon-ranger-gaming-vs-xi-lai-gaming-vct-2026-china-stage-1-w1,VCT 2026: China Stage 1
XLG,Lysoar,Omen,0.98,0.72,1.35,182.0,156.0,220.0,26.0,14.0,12.0,27.0,16.0,11.0,22.0,11.0,11.0,-1.0,-2.0,1.0,0.78,0.79,0.76,111.0,98.0,130.0,0.42,0.42,0.42,2.0,0.0,2.0,3.0,3.0,0.0,-1.0,-3.0,2.0,all,all,all,2026-04-01 08:10:00,https://www.vlr.gg/642917/dragon-ranger-gaming-vs-xi-lai-gaming-vct-2026-china-stage-1-w1,VCT 2026: China Stage 1
XLG,Rarga,Neon,0.86,0.84,0.88,237.0,235.0,208.0,32.0,19.0,13.0,34.0,20.0,14.0,12.0,8.0,4.0,-2.0,-1.0,-1.0,0.68,0.75,0.59,144.0,152.0,133.0,0.18,0.3,0.08,8.0,5.0,3.0,9.0,5.0,4.0,-1.0,0.0,-1.0,all,all,all,2026-04-01 08:10:00,https://www.vlr.gg/642917/dragon-ranger-gaming-vs-xi-lai-gaming-vct-2026-china-stage-1-w1,VCT 2026: China Stage 1
DRG,vo0kashu,Brimstone,1.29,1.6,0.97,255.0,296.0,214.0,22.0,12.0,10.0,16.0,5.0,11.0,6.0,4.0,2.0,6.0,7.0,-1.0,0.71,0.75,0.67,172.0,207.0,137.0,0.25,0.23,0.29,2.0,1.0,1.0,0.0,0.0,0.0,2.0,1.0,1.0,Bind,257935,1:00:22,2026-04-01 08:10:00,https://www.vlr.gg/642917/dragon-ranger-gaming-vs-xi-lai-gaming-vct-2026-china-stage-1-w1,VCT 2026: China Stage 1
DRG,Nicc,Skye,1.09,1.03,1.14,204.0,168.0,240.0,15.0,6.0,9.0,17.0,7.0,10.0,16.0,10.0,6.0,-2.0,-1.0,-1.0,0.83,0.92,0.75,136.0,115.0,157.0,0.35,0.27,0.42,0.0,0.0,0.0,1.0,0.0,1.0,-1.0,0.0,-1.0,Bind,257935,1:00:22,2026-04-01 08:10:00,https://www.vlr.gg/642917/dragon-ranger-gaming-vs-xi-lai-gaming-vct-2026-china-stage-1-w1,VCT 2026: China Stage 1
DRG,SpiritZ1,Waylay,0.95,1.15,0.74,191.0,232.0,150.0,15.0,9.0,6.0,17.0,7.0,10.0,4.0,2.0,2.0,-2.0,2.0,-4.0,0.63,0.67,0.58,121.0,145.0,97.0,0.25,0.21,0.38,5.0,2.0,3.0,6.0,3.0,3.0,-1.0,-1.0,0.0,Bind,257935,1:00:22,2026-04-01 08:10:00,https://www.vlr.gg/642917/dragon-ranger-gaming-vs-xi-lai-gaming-vct-2026-china-stage-1-w1,VCT 2026: China Stage 1
DRG,Life,Neon,0.77,0.78,0.77,194.0,209.0,179.0,15.0,8.0,7.0,19.0,9.0,10.0,2.0,2.0,0.0,-4.0,-1.0,-3.0,0.71,0.83,0.58,117.0,137.0,97.0,0.33,0.24,0.64,4.0,1.0,3.0,4.0,3.0,1.0,0.0,-2.0,2.0,Bind,257935,1:00:22,2026-04-01 08:10:00,https://www.vlr.gg/642917/dragon-ranger-gaming-vs-xi-lai-gaming-vct-2026-china-stage-1-w1,VCT 2026: China Stage 1
DRG,Flex1n,Miks,0.77,0.99,0.56,178.0,232.0,124.0,14.0,10.0,4.0,18.0,8.0,10.0,7.0,2.0,5.0,-4.0,2.0,-6.0,0.58,0.58,0.58,118.0,141.0,95.0,0.31,0.37,0.25,2.0,2.0,0.0,0.0,0.0,0.0,2.0,2.0,0.0,Bind,257935,1:00:22,2026-04-01 08:10:00,https://www.vlr.gg/642917/dragon-ranger-gaming-vs-xi-lai-gaming-vct-2026-china-stage-1-w1,VCT 2026: China Stage 1
XLG,happywei,Viper,1.6,1.97,1.24,346.0,433.0,259.0,29.0,19.0,10.0,16.0,7.0,9.0,6.0,4.0,2.0,13.0,12.0,1.0,0.88,0.92,0.83,239.0,284.0,194.0,0.48,0.53,0.41,3.0,1.0,2.0,3.0,2.0,1.0,0.0,-1.0,1.0,Bind,257935,1:00:22,2026-04-01 08:10:00,https://www.vlr.gg/642917/dragon-ranger-gaming-vs-xi-lai-gaming-vct-2026-china-stage-1-w1,VCT 2026: China Stage 1
XLG,Lysoar,Brimstone,1.18,0.8,1.57,187.0,107.0,267.0,15.0,5.0,10.0,14.0,6.0,8.0,11.0,6.0,5.0,1.0,-1.0,2.0,0.71,0.75,0.67,116.0,70.0,162.0,0.42,0.29,0.48,2.0,0.0,2.0,1.0,1.0,0.0,1.0,-1.0,2.0,Bind,257935,1:00:22,2026-04-01 08:10:00,https://www.vlr.gg/642917/dragon-ranger-gaming-vs-xi-lai-gaming-vct-2026-china-stage-1-w1,VCT 2026: China Stage 1
XLG,WsLeo,Skye,1.17,1.69,0.65,193.0,255.0,131.0,15.0,11.0,4.0,14.0,5.0,9.0,15.0,8.0,7.0,1.0,6.0,-5.0,0.83,0.92,0.75,133.0,172.0,94.0,0.34,0.38,0.29,1.0,0.0,1.0,0.0,0.0,0.0,1.0,0.0,1.0,Bind,257935,1:00:22,2026-04-01 08:10:00,https://www.vlr.gg/642917/dragon-ranger-gaming-vs-xi-lai-gaming-vct-2026-china-stage-1-w1,VCT 2026: China Stage 1
XLG,NoMan,Waylay,0.94,0.97,0.9,161.0,172.0,150.0,14.0,8.0,6.0,15.0,7.0,8.0,3.0,1.0,2.0,-1.0,1.0,-2.0,0.75,0.67,0.83,112.0,130.0,94.0,0.39,0.42,0.36,0.0,0.0,0.0,2.0,1.0,1.0,-2.0,-1.0,-1.0,Bind,257935,1:00:22,2026-04-01 08:10:00,https://www.vlr.gg/642917/dragon-ranger-gaming-vs-xi-lai-gaming-vct-2026-china-stage-1-w1,VCT 2026: China Stage 1
XLG,Rarga,Neon,0.5,0.56,0.43,163.0,192.0,134.0,14.0,8.0,6.0,22.0,11.0,11.0,4.0,3.0,1.0,-8.0,-3.0,-5.0,0.54,0.67,0.42,107.0,122.0,92.0,0.16,0.28,0.06,5.0,4.0,1.0,7.0,3.0,4.0,-2.0,1.0,-3.0,Bind,257935,1:00:22,2026-04-01 08:10:00,https://www.vlr.gg/642917/dragon-ranger-gaming-vs-xi-lai-gaming-vct-2026-china-stage-1-w1,VCT 2026: China Stage 1
WOL,Spring,Viper,1.23,1.18,1.28,271.0,279.0,264.0,21.0,10.0,11.0,17.0,8.0,9.0,4.0,2.0,2.0,4.0,2.0,2.0,0.77,0.8,0.75,193.0,176.0,207.0,0.32,0.2,0.44,3.0,1.0,2.0,2.0,0.0,2.0,1.0,1.0,0.0,Lotus,257937,1:05:26,2026-04-02 05:00:00,https://www.vlr.gg/642918/wolves-esports-vs-trace-esports-vct-2026-china-stage-1-w1,VCT 2026: China Stage 1
WOL,jowa,Omen,0.91,0.41,1.32,146.0,105.0,180.0,11.0,3.0,8.0,13.0,7.0,6.0,6.0,3.0,3.0,-2.0,-4.0,2.0,0.73,0.8,0.67,99.0,83.0,112.0,0.55,0.44,0.62,1.0,0.0,1.0,2.0,1.0,1.0,-1.0,-1.0,0.0,Lotus,257937,1:05:26,2026-04-02 05:00:00,https://www.vlr.gg/642918/wolves-esports-vs-trace-esports-vct-2026-china-stage-1-w1,VCT 2026: China Stage 1
WOL,glacier,Waylay,0.86,1.03,0.72,219.0,221.0,217.0,15.0,8.0,7.0,18.0,7.0,11.0,4.0,1.0,3.0,-3.0,1.0,-4.0,0.64,0.8,0.5,146.0,119.0,169.0,0.36,0.37,0.35,6.0,3.0,3.0,4.0,3.0,1.0,2.0,0.0,2.0,Lotus,257937,1:05:26,2026-04-02 05:00:00,https://www.vlr.gg/642918/wolves-esports-vs-trace-esports-vct-2026-china-stage-1-w1,VCT 2026: China Stage 1
WOL,yosemite,Killjoy,0.83,1.14,0.57,146.0,211.0,92.0,11.0,8.0,3.0,16.0,7.0,9.0,5.0,1.0,4.0,-5.0,1.0,-6.0,0.64,0.7,0.58,108.0,137.0,84.0,0.22,0.33,0.15,1.0,1.0,0.0,1.0,0.0,1.0,0.0,1.0,-1.0,Lotus,257937,1:05:26,2026-04-02 05:00:00,https://www.vlr.gg/642918/wolves-esports-vs-trace-esports-vct-2026-china-stage-1-w1,VCT 2026: China Stage 1
WOL,SiuFatBB,Fade,0.38,0.5,0.28,84.0,110.0,62.0,8.0,5.0,3.0,16.0,6.0,10.0,2.0,0.0,2.0,-8.0,-1.0,-7.0,0.45,0.5,0.42,67.0,94.0,45.0,0.4,0.38,0.43,0.0,0.0,0.0,2.0,1.0,1.0,-2.0,-1.0,-1.0,Lotus,257937,1:05:26,2026-04-02 05:00:00,https://www.vlr.gg/642918/wolves-esports-vs-trace-esports-vct-2026-china-stage-1-w1,VCT 2026: China Stage 1
TE,deLb,Veto,1.46,1.79,1.06,250.0,274.0,221.0,20.0,12.0,8.0,13.0,4.0,9.0,3.0,2.0,1.0,7.0,8.0,-1.0,0.73,0.83,0.6,154.0,175.0,129.0,0.43,0.35,0.64,5.0,3.0,2.0,3.0,2.0,1.0,2.0,1.0,1.0,Lotus,257937,1:05:26,2026-04-02 05:00:00,https://www.vlr.gg/642918/wolves-esports-vs-trace-esports-vct-2026-china-stage-1-w1,VCT 2026: China Stage 1
TE,Abo,Viper,1.27,1.23,1.31,223.0,237.0,206.0,18.0,10.0,8.0,13.0,7.0,6.0,3.0,3.0,0.0,5.0,3.0,2.0,0.68,0.83,0.5,139.0,138.0,140.0,0.28,0.33,0.22,1.0,1.0,0.0,1.0,1.0,0.0,0.0,0.0,0.0,Lotus,257937,1:05:26,2026-04-02 05:00:00,https://www.vlr.gg/642918/wolves-esports-vs-trace-esports-vct-2026-china-stage-1-w1,VCT 2026: China Stage 1
TE,Viva,Fade,1.15,0.94,1.39,191.0,157.0,232.0,14.0,5.0,9.0,12.0,6.0,6.0,6.0,4.0,2.0,2.0,-1.0,3.0,0.91,1.0,0.8,136.0,95.0,185.0,0.33,0.27,0.38,1.0,0.0,1.0,1.0,0.0,1.0,0.0,0.0,0.0,Lotus,257937,1:05:26,2026-04-02 05:00:00,https://www.vlr.gg/642918/wolves-esports-vs-trace-esports-vct-2026-china-stage-1-w1,VCT 2026: China Stage 1
TE,Xlele,Omen,0.96,0.96,0.96,168.0,132.0,211.0,14.0,7.0,7.0,13.0,6.0,7.0,8.0,6.0,2.0,1.0,1.0,0.0,0.82,0.83,0.8,82.0,60.0,108.0,0.3,0.19,0.43,2.0,0.0,2.0,2.0,2.0,0.0,0.0,-2.0,2.0,Lotus,257937,1:05:26,2026-04-02 05:00:00,https://www.vlr.gg/642918/wolves-esports-vs-trace-esports-vct-2026-china-stage-1-w1,VCT 2026: China Stage 1
TE,Kai,Raze,0.85,0.97,0.71,189.0,256.0,109.0,14.0,11.0,3.0,15.0,9.0,6.0,6.0,2.0,4.0,-1.0,2.0,-3.0,0.77,0.83,0.7,137.0,172.0,95.0,0.25,0.3,0.15,2.0,2.0,0.0,4.0,1.0,3.0,-2.0,1.0,-3.0,Lotus,257937,1:05:26,2026-04-02 05:00:00,https://www.vlr.gg/642918/wolves-esports-vs-trace-esports-vct-2026-china-stage-1-w1,VCT 2026: China Stage 1
WOL,Spring,Viper,1.19,1.02,1.37,259.0,228.0,291.0,39.0,17.0,22.0,34.0,18.0,16.0,11.0,4.0,7.0,5.0,-1.0,6.0,0.77,0.73,0.81,187.0,155.0,220.0,0.32,0.25,0.38,3.0,1.0,2.0,4.0,2.0,2.0,-1.0,-1.0,0.0,all,all,all,2026-04-02 05:00:00,https://www.vlr.gg/642918/wolves-esports-vs-trace-esports-vct-2026-china-stage-1-w1,VCT 2026: China Stage 1
WOL,jowa,Omen,1.0,0.71,1.3,184.0,158.0,209.0,27.0,10.0,17.0,30.0,18.0,12.0,13.0,7.0,6.0,-3.0,-8.0,5.0,0.77,0.82,0.71,121.0,115.0,128.0,0.37,0.26,0.31,3.0,1.0,2.0,4.0,1.0,3.0,-1.0,0.0,-1.0,all,all,all,2026-04-02 05:00:00,https://www.vlr.gg/642918/wolves-esports-vs-trace-esports-vct-2026-china-stage-1-w1,VCT 2026: China Stage 1
WOL,yosemite,Killjoy,0.95,1.2,0.69,180.0,225.0,131.0,26.0,18.0,8.0,32.0,16.0,16.0,11.0,5.0,6.0,-6.0,2.0,-8.0,0.67,0.73,0.62,118.0,139.0,97.0,0.33,0.42,0.21,3.0,2.0,1.0,3.0,0.0,3.0,0.0,2.0,-2.0,all,all,all,2026-04-02 05:00:00,https://www.vlr.gg/642918/wolves-esports-vs-trace-esports-vct-2026-china-stage-1-w1,VCT 2026: China Stage 1
WOL,glacier,Waylay,0.69,0.65,0.73,173.0,160.0,189.0,22.0,11.0,11.0,35.0,17.0,18.0,9.0,3.0,6.0,-13.0,-6.0,-7.0,0.65,0.68,0.62,114.0,92.0,137.0,0.31,0.31,0.32,8.0,4.0,4.0,10.0,8.0,2.0,-2.0,-4.0,2.0,all,all,all,2026-04-02 05:00:00,https://www.vlr.gg/642918/wolves-esports-vs-trace-esports-vct-2026-china-stage-1-w1,VCT 2026: China Stage 1
WOL,SiuFatBB,Fade,0.54,0.67,0.4,94.0,117.0,69.0,15.0,10.0,5.0,31.0,15.0,16.0,11.0,5.0,6.0,-16.0,-5.0,-11.0,0.6,0.59,0.62,67.0,86.0,46.0,0.29,0.32,0.2,1.0,1.0,0.0,4.0,2.0,2.0,-3.0,-1.0,-2.0,all,all,all,2026-04-02 05:00:00,https://www.vlr.gg/642918/wolves-esports-vs-trace-esports-vct-2026-china-stage-1-w1,VCT 2026: China Stage 1
TE,deLb,Veto,1.4,1.64,1.16,256.0,245.0,266.0,40.0,19.0,21.0,26.0,8.0,18.0,14.0,7.0,7.0,14.0,11.0,3.0,0.81,0.86,0.77,163.0,172.0,154.0,0.39,0.33,0.46,8.0,3.0,5.0,3.0,2.0,1.0,5.0,1.0,4.0,all,all,all,2026-04-02 05:00:00,https://www.vlr.gg/642918/wolves-esports-vs-trace-esports-vct-2026-china-stage-1-w1,VCT 2026: China Stage 1
TE,Abo,Viper,1.22,1.16,1.27,183.0,202.0,165.0,29.0,15.0,14.0,21.0,12.0,9.0,6.0,4.0,2.0,8.0,3.0,5.0,0.74,0.81,0.68,120.0,127.0,114.0,0.35,0.31,0.34,2.0,1.0,1.0,2.0,2.0,0.0,0.0,-1.0,1.0,all,all,all,2026-04-02 05:00:00,https://www.vlr.gg/642918/wolves-esports-vs-trace-esports-vct-2026-china-stage-1-w1,VCT 2026: China Stage 1
TE,Kai,Raze,1.11,1.15,1.07,246.0,289.0,201.0,39.0,22.0,17.0,29.0,17.0,12.0,9.0,4.0,5.0,10.0,5.0,5.0,0.81,0.86,0.77,166.0,177.0,155.0,0.32,0.35,0.27,7.0,6.0,1.0,6.0,2.0,4.0,1.0,4.0,-3.0,all,all,all,2026-04-02 05:00:00,https://www.vlr.gg/642918/wolves-esports-vs-trace-esports-vct-2026-china-stage-1-w1,VCT 2026: China Stage 1
TE,Viva,Fade,1.0,0.79,1.2,176.0,127.0,222.0,23.0,7.0,16.0,25.0,12.0,13.0,19.0,8.0,11.0,-2.0,-5.0,3.0,0.84,0.86,0.82,119.0,80.0,157.0,0.23,0.19,0.22,2.0,0.0,2.0,3.0,0.0,3.0,-1.0,0.0,-1.0,all,all,all,2026-04-02 05:00:00,https://www.vlr.gg/642918/wolves-esports-vs-trace-esports-vct-2026-china-stage-1-w1,VCT 2026: China Stage 1
TE,Xlele,Omen,0.97,0.91,1.02,198.0,185.0,209.0,31.0,15.0,16.0,28.0,14.0,14.0,13.0,9.0,4.0,3.0,1.0,2.0,0.77,0.76,0.77,112.0,106.0,118.0,0.24,0.21,0.22,6.0,2.0,4.0,4.0,3.0,1.0,2.0,-1.0,3.0,all,all,all,2026-04-02 05:00:00,https://www.vlr.gg/642918/wolves-esports-vs-trace-esports-vct-2026-china-stage-1-w1,VCT 2026: China Stage 1
WOL,Spring,Viper,1.14,0.89,1.48,246.0,186.0,326.0,18.0,7.0,11.0,17.0,10.0,7.0,7.0,2.0,5.0,1.0,-3.0,4.0,0.76,0.67,0.89,180.0,138.0,236.0,0.32,0.31,0.33,0.0,0.0,0.0,2.0,2.0,0.0,-2.0,-2.0,0.0,Bind,257938,47:12,2026-04-02 05:00:00,https://www.vlr.gg/642918/wolves-esports-vs-trace-esports-vct-2026-china-stage-1-w1,VCT 2026: China Stage 1
WOL,jowa,Tejo,1.09,0.96,1.28,221.0,202.0,246.0,16.0,7.0,9.0,17.0,11.0,6.0,7.0,4.0,3.0,-1.0,-4.0,3.0,0.81,0.83,0.78,145.0,142.0,149.0,0.18,0.21,0.15,2.0,1.0,1.0,2.0,0.0,2.0,0.0,1.0,-1.0,Bind,257938,47:12,2026-04-02 05:00:00,https://www.vlr.gg/642918/wolves-esports-vs-trace-esports-vct-2026-china-stage-1-w1,VCT 2026: China Stage 1
WOL,yosemite,Brimstone,1.08,1.25,0.86,214.0,237.0,183.0,15.0,10.0,5.0,16.0,9.0,7.0,6.0,4.0,2.0,-1.0,1.0,-2.0,0.71,0.75,0.67,129.0,140.0,114.0,0.44,0.53,0.33,2.0,1.0,1.0,2.0,0.0,2.0,0.0,1.0,-1.0,Bind,257938,47:12,2026-04-02 05:00:00,https://www.vlr.gg/642918/wolves-esports-vs-trace-esports-vct-2026-china-stage-1-w1,VCT 2026: China Stage 1
WOL,SiuFatBB,Skye,0.7,0.8,0.57,104.0,123.0,79.0,7.0,5.0,2.0,15.0,9.0,6.0,9.0,5.0,4.0,-8.0,-4.0,-4.0,0.76,0.67,0.89,66.0,79.0,49.0,0.18,0.27,0.08,1.0,1.0,0.0,2.0,1.0,1.0,-1.0,0.0,-1.0,Bind,257938,47:12,2026-04-02 05:00:00,https://www.vlr.gg/642918/wolves-esports-vs-trace-esports-vct-2026-china-stage-1-w1,VCT 2026: China Stage 1
WOL,glacier,Waylay,0.52,0.34,0.75,127.0,109.0,151.0,7.0,3.0,4.0,17.0,10.0,7.0,5.0,2.0,3.0,-10.0,-7.0,-3.0,0.67,0.58,0.78,81.0,70.0,96.0,0.26,0.25,0.29,2.0,1.0,1.0,6.0,5.0,1.0,-4.0,-4.0,0.0,Bind,257938,47:12,2026-04-02 05:00:00,https://www.vlr.gg/642918/wolves-esports-vs-trace-esports-vct-2026-china-stage-1-w1,VCT 2026: China Stage 1
TE,Kai,Neon,1.37,1.39,1.36,302.0,333.0,279.0,25.0,11.0,14.0,14.0,8.0,6.0,3.0,2.0,1.0,11.0,3.0,8.0,0.86,0.89,0.83,196.0,183.0,206.0,0.38,0.4,0.35,5.0,4.0,1.0,2.0,1.0,1.0,3.0,3.0,0.0,Bind,257938,47:12,2026-04-02 05:00:00,https://www.vlr.gg/642918/wolves-esports-vs-trace-esports-vct-2026-china-stage-1-w1,VCT 2026: China Stage 1
TE,deLb,Brimstone,1.33,1.44,1.25,262.0,206.0,304.0,20.0,7.0,13.0,13.0,4.0,9.0,11.0,5.0,6.0,7.0,3.0,4.0,0.9,0.89,0.92,172.0,169.0,174.0,0.35,0.3,0.38,3.0,0.0,3.0,0.0,0.0,0.0,3.0,0.0,3.0,Bind,257938,47:12,2026-04-02 05:00:00,https://www.vlr.gg/642918/wolves-esports-vs-trace-esports-vct-2026-china-stage-1-w1,VCT 2026: China Stage 1
TE,Abo,Viper,1.16,1.07,1.23,142.0,156.0,132.0,11.0,5.0,6.0,8.0,5.0,3.0,3.0,1.0,2.0,3.0,0.0,3.0,0.81,0.78,0.83,101.0,113.0,92.0,0.42,0.27,0.67,1.0,0.0,1.0,1.0,1.0,0.0,0.0,-1.0,1.0,Bind,257938,47:12,2026-04-02 05:00:00,https://www.vlr.gg/642918/wolves-esports-vs-trace-esports-vct-2026-china-stage-1-w1,VCT 2026: China Stage 1
TE,Xlele,Waylay,0.97,0.85,1.07,228.0,256.0,207.0,17.0,8.0,9.0,15.0,8.0,7.0,5.0,3.0,2.0,2.0,0.0,2.0,0.71,0.67,0.75,144.0,168.0,126.0,0.18,0.22,0.13,4.0,2.0,2.0,2.0,1.0,1.0,2.0,1.0,1.0,Bind,257938,47:12,2026-04-02 05:00:00,https://www.vlr.gg/642918/wolves-esports-vs-trace-esports-vct-2026-china-stage-1-w1,VCT 2026: China Stage 1
TE,Viva,Skye,0.85,0.59,1.04,160.0,88.0,214.0,9.0,2.0,7.0,13.0,6.0,7.0,13.0,4.0,9.0,-4.0,-4.0,0.0,0.76,0.67,0.83,102.0,60.0,134.0,0.12,0.08,0.13,1.0,0.0,1.0,2.0,0.0,2.0,-1.0,0.0,-1.0,Bind,257938,47:12,2026-04-02 05:00:00,https://www.vlr.gg/642918/wolves-esports-vs-trace-esports-vct-2026-china-stage-1-w1,VCT 2026: China Stage 1
BLG,rushia,Viper,1.1,1.2,0.95,204.0,196.0,216.0,14.0,8.0,6.0,12.0,7.0,5.0,3.0,1.0,2.0,2.0,1.0,1.0,0.85,0.75,1.0,129.0,137.0,117.0,0.14,0.15,0.14,0.0,0.0,0.0,0.0,0.0,0.0,0.0,0.0,0.0,Bind,257940,1:02:45,2026-04-02 07:30:00,https://www.vlr.gg/642919/bilibili-gaming-vs-tyloo-vct-2026-china-stage-1-w1,VCT 2026: China Stage 1
BLG,nephh,Astra,1.03,1.23,0.74,198.0,227.0,155.0,13.0,9.0,4.0,15.0,9.0,6.0,7.0,4.0,3.0,-2.0,0.0,-2.0,0.65,0.5,0.88,130.0,143.0,111.0,0.12,0.15,0.08,0.0,0.0,0.0,1.0,0.0,1.0,-1.0,0.0,-1.0,Bind,257940,1:02:45,2026-04-02 07:30:00,https://www.vlr.gg/642919/bilibili-gaming-vs-tyloo-vct-2026-china-stage-1-w1,VCT 2026: China Stage 1
BLG,Knight,Skye,0.68,0.93,0.32,172.0,209.0,117.0,12.0,9.0,3.0,18.0,11.0,7.0,3.0,2.0,1.0,-6.0,-2.0,-4.0,0.45,0.58,0.25,117.0,142.0,80.0,0.35,0.32,0.44,1.0,1.0,0.0,2.0,2.0,0.0,-1.0,-1.0,0.0,Bind,257940,1:02:45,2026-04-02 07:30:00,https://www.vlr.gg/642919/bilibili-gaming-vs-tyloo-vct-2026-china-stage-1-w1,VCT 2026: China Stage 1
BLG,whzy,Waylay,0.66,0.28,1.22,142.0,76.0,241.0,10.0,3.0,7.0,16.0,11.0,5.0,4.0,1.0,3.0,-6.0,-8.0,2.0,0.5,0.5,0.5,91.0,48.0,156.0,0.22,0.14,0.27,2.0,1.0,1.0,5.0,1.0,4.0,-3.0,0.0,-3.0,Bind,257940,1:02:45,2026-04-02 07:30:00,https://www.vlr.gg/642919/bilibili-gaming-vs-tyloo-vct-2026-china-stage-1-w1,VCT 2026: China Stage 1
BLG,yilai,Neon,0.63,0.16,1.33,126.0,73.0,206.0,8.0,2.0,6.0,16.0,11.0,5.0,6.0,3.0,3.0,-8.0,-9.0,1.0,0.7,0.58,0.88,69.0,43.0,108.0,0.13,0.0,0.23,2.0,1.0,1.0,7.0,6.0,1.0,-5.0,-5.0,0.0,Bind,257940,1:02:45,2026-04-02 07:30:00,https://www.vlr.gg/642919/bilibili-gaming-vs-tyloo-vct-2026-china-stage-1-w1,VCT 2026: China Stage 1
TYL,slowly,Brimstone,1.54,1.12,1.83,259.0,142.0,337.0,20.0,4.0,16.0,9.0,4.0,5.0,7.0,4.0,3.0,11.0,0.0,11.0,0.85,0.75,0.92,187.0,117.0,234.0,0.21,0.1,0.26,2.0,0.0,2.0,0.0,0.0,0.0,2.0,0.0,2.0,Bind,257940,1:02:45,2026-04-02 07:30:00,https://www.vlr.gg/642919/bilibili-gaming-vs-tyloo-vct-2026-china-stage-1-w1,VCT 2026: China Stage 1
TYL,Scales,Viper,1.47,1.9,1.19,258.0,338.0,205.0,19.0,11.0,8.0,9.0,4.0,5.0,1.0,0.0,1.0,10.0,7.0,3.0,0.9,1.0,0.83,153.0,187.0,130.0,0.19,0.27,0.13,5.0,3.0,2.0,1.0,0.0,1.0,4.0,3.0,1.0,Bind,257940,1:02:45,2026-04-02 07:30:00,https://www.vlr.gg/642919/bilibili-gaming-vs-tyloo-vct-2026-china-stage-1-w1,VCT 2026: China Stage 1
TYL,splash,Neon,1.15,1.16,1.14,258.0,317.0,219.0,18.0,9.0,9.0,15.0,7.0,8.0,8.0,1.0,7.0,3.0,2.0,1.0,0.9,0.75,1.0,152.0,183.0,131.0,0.18,0.19,0.18,7.0,3.0,4.0,3.0,2.0,1.0,4.0,1.0,3.0,Bind,257940,1:02:45,2026-04-02 07:30:00,https://www.vlr.gg/642919/bilibili-gaming-vs-tyloo-vct-2026-china-stage-1-w1,VCT 2026: China Stage 1
TYL,Erv,Waylay,0.97,0.42,1.33,200.0,94.0,271.0,13.0,2.0,11.0,12.0,6.0,6.0,8.0,3.0,5.0,1.0,-4.0,5.0,0.8,0.63,0.92,136.0,78.0,175.0,0.27,0.15,0.3,1.0,0.0,1.0,0.0,0.0,0.0,1.0,0.0,1.0,Bind,257940,1:02:45,2026-04-02 07:30:00,https://www.vlr.gg/642919/bilibili-gaming-vs-tyloo-vct-2026-china-stage-1-w1,VCT 2026: China Stage 1
TYL,sword9,Skye,0.83,1.0,0.73,124.0,108.0,135.0,7.0,2.0,5.0,12.0,5.0,7.0,13.0,10.0,3.0,-5.0,-3.0,-2.0,0.75,0.75,0.75,83.0,65.0,95.0,0.21,0.08,0.27,0.0,0.0,0.0,1.0,0.0,1.0,-1.0,0.0,-1.0,Bind,257940,1:02:45,2026-04-02 07:30:00,https://www.vlr.gg/642919/bilibili-gaming-vs-tyloo-vct-2026-china-stage-1-w1,VCT 2026: China Stage 1
BLG,nephh,Astra,1.16,1.26,1.02,216.0,229.0,192.0,45.0,27.0,18.0,39.0,21.0,18.0,11.0,7.0,4.0,6.0,6.0,0.0,0.67,0.68,0.67,138.0,145.0,128.0,0.21,0.23,0.21,3.0,2.0,1.0,3.0,2.0,1.0,0.0,0.0,0.0,all,all,all,2026-04-02 07:30:00,https://www.vlr.gg/642919/bilibili-gaming-vs-tyloo-vct-2026-china-stage-1-w1,VCT 2026: China Stage 1
BLG,whzy,Waylay,1.15,1.05,1.29,256.0,246.0,256.0,52.0,31.0,21.0,44.0,26.0,18.0,14.0,5.0,9.0,8.0,5.0,3.0,0.72,0.74,0.71,155.0,149.0,165.0,0.22,0.23,0.27,13.0,8.0,5.0,10.0,4.0,6.0,3.0,4.0,-1.0,all,all,all,2026-04-02 07:30:00,https://www.vlr.gg/642919/bilibili-gaming-vs-tyloo-vct-2026-china-stage-1-w1,VCT 2026: China Stage 1
BLG,Knight,Skye,1.12,0.88,1.45,209.0,177.0,257.0,43.0,20.0,23.0,41.0,24.0,17.0,18.0,11.0,7.0,2.0,-4.0,6.0,0.72,0.74,0.71,152.0,134.0,178.0,0.3,0.27,0.34,2.0,1.0,1.0,2.0,2.0,0.0,0.0,-1.0,1.0,all,all,all,2026-04-02 07:30:00,https://www.vlr.gg/642919/bilibili-gaming-vs-tyloo-vct-2026-china-stage-1-w1,VCT 2026: China Stage 1
BLG,rushia,Viper,0.93,1.03,0.78,197.0,201.0,188.0,36.0,21.0,15.0,40.0,22.0,18.0,16.0,9.0,7.0,-4.0,-1.0,-3.0,0.78,0.76,0.79,125.0,136.0,109.0,0.16,0.19,0.15,2.0,1.0,1.0,2.0,1.0,1.0,0.0,0.0,0.0,all,all,all,2026-04-02 07:30:00,https://www.vlr.gg/642919/bilibili-gaming-vs-tyloo-vct-2026-china-stage-1-w1,VCT 2026: China Stage 1
BLG,yilai,Neon,0.58,0.55,0.63,150.0,157.0,129.0,26.0,17.0,9.0,48.0,29.0,19.0,20.0,10.0,10.0,-22.0,-12.0,-10.0,0.69,0.71,0.67,90.0,100.0,78.0,0.15,0.22,0.14,7.0,4.0,3.0,13.0,8.0,5.0,-6.0,-4.0,-2.0,all,all,all,2026-04-02 07:30:00,https://www.vlr.gg/642919/bilibili-gaming-vs-tyloo-vct-2026-china-stage-1-w1,VCT 2026: China Stage 1
TYL,Scales,Viper,1.2,1.31,1.12,248.0,274.0,238.0,54.0,27.0,27.0,39.0,16.0,23.0,9.0,2.0,7.0,15.0,11.0,4.0,0.83,0.88,0.79,156.0,160.0,152.0,0.26,0.36,0.2,13.0,5.0,8.0,4.0,0.0,4.0,9.0,5.0,4.0,all,all,all,2026-04-02 07:30:00,https://www.vlr.gg/642919/bilibili-gaming-vs-tyloo-vct-2026-china-stage-1-w1,VCT 2026: China Stage 1
TYL,slowly,Brimstone,1.18,1.19,1.17,214.0,217.0,216.0,44.0,18.0,26.0,37.0,15.0,22.0,16.0,8.0,8.0,7.0,3.0,4.0,0.69,0.79,0.62,153.0,156.0,150.0,0.27,0.27,0.27,3.0,1.0,2.0,4.0,0.0,4.0,-1.0,1.0,-2.0,all,all,all,2026-04-02 07:30:00,https://www.vlr.gg/642919/bilibili-gaming-vs-tyloo-vct-2026-china-stage-1-w1,VCT 2026: China Stage 1
TYL,Erv,Waylay,1.04,0.81,1.2,211.0,179.0,238.0,40.0,13.0,27.0,42.0,19.0,23.0,32.0,17.0,15.0,-2.0,-6.0,4.0,0.81,0.79,0.82,146.0,129.0,156.0,0.24,0.22,0.27,3.0,0.0,3.0,1.0,1.0,0.0,2.0,-1.0,3.0,all,all,all,2026-04-02 07:30:00,https://www.vlr.gg/642919/bilibili-gaming-vs-tyloo-vct-2026-china-stage-1-w1,VCT 2026: China Stage 1
TYL,splash,Neon,1.01,0.8,1.15,241.0,239.0,235.0,46.0,20.0,26.0,46.0,21.0,25.0,16.0,3.0,13.0,0.0,-1.0,1.0,0.79,0.67,0.88,148.0,150.0,148.0,0.2,0.21,0.23,11.0,7.0,4.0,14.0,10.0,4.0,-3.0,-3.0,0.0,all,all,all,2026-04-02 07:30:00,https://www.vlr.gg/642919/bilibili-gaming-vs-tyloo-vct-2026-china-stage-1-w1,VCT 2026: China Stage 1
TYL,sword9,Skye,0.84,0.97,0.75,147.0,154.0,142.0,28.0,12.0,16.0,39.0,15.0,24.0,24.0,16.0,8.0,-11.0,-3.0,-8.0,0.69,0.79,0.62,104.0,110.0,100.0,0.31,0.31,0.29,0.0,0.0,0.0,4.0,0.0,4.0,-4.0,0.0,-4.0,all,all,all,2026-04-02 07:30:00,https://www.vlr.gg/642919/bilibili-gaming-vs-tyloo-vct-2026-china-stage-1-w1,VCT 2026: China Stage 1
BLG,whzy,Phoenix,1.54,1.68,1.11,374.0,388.0,329.0,23.0,19.0,4.0,12.0,8.0,4.0,4.0,2.0,2.0,11.0,11.0,0.0,0.94,0.92,1.0,222.0,227.0,206.0,0.21,0.26,0.11,5.0,4.0,1.0,1.0,1.0,0.0,4.0,3.0,1.0,Pearl,257941,41:58,2026-04-02 07:30:00,https://www.vlr.gg/642919/bilibili-gaming-vs-tyloo-vct-2026-china-stage-1-w1,VCT 2026: China Stage 1
BLG,nephh,Astra,1.51,1.25,2.38,262.0,241.0,330.0,16.0,10.0,6.0,7.0,6.0,1.0,3.0,2.0,1.0,9.0,4.0,5.0,0.82,0.85,0.75,168.0,152.0,220.0,0.29,0.25,0.36,2.0,2.0,0.0,1.0,1.0,0.0,1.0,1.0,0.0,Pearl,257941,41:58,2026-04-02 07:30:00,https://www.vlr.gg/642919/bilibili-gaming-vs-tyloo-vct-2026-china-stage-1-w1,VCT 2026: China Stage 1
BLG,Knight,Tejo,1.27,1.08,1.9,197.0,189.0,223.0,12.0,8.0,4.0,8.0,6.0,2.0,7.0,5.0,2.0,4.0,2.0,2.0,0.82,0.77,1.0,160.0,156.0,173.0,0.25,0.21,0.4,0.0,0.0,0.0,0.0,0.0,0.0,0.0,0.0,0.0,Pearl,257941,41:58,2026-04-02 07:30:00,https://www.vlr.gg/642919/bilibili-gaming-vs-tyloo-vct-2026-china-stage-1-w1,VCT 2026: China Stage 1
BLG,rushia,Killjoy,0.99,0.99,1.01,212.0,201.0,248.0,12.0,8.0,4.0,10.0,7.0,3.0,4.0,3.0,1.0,2.0,1.0,1.0,0.76,0.69,1.0,137.0,140.0,127.0,0.17,0.19,0.14,0.0,0.0,0.0,1.0,1.0,0.0,-1.0,-1.0,0.0,Pearl,257941,41:58,2026-04-02 07:30:00,https://www.vlr.gg/642919/bilibili-gaming-vs-tyloo-vct-2026-china-stage-1-w1,VCT 2026: China Stage 1
BLG,yilai,Neon,0.82,0.92,0.49,219.0,240.0,151.0,12.0,10.0,2.0,13.0,10.0,3.0,8.0,6.0,2.0,-1.0,0.0,-1.0,0.82,0.85,0.75,135.0,150.0,86.0,0.16,0.23,0.05,4.0,3.0,1.0,2.0,0.0,2.0,2.0,3.0,-1.0,Pearl,257941,41:58,2026-04-02 07:30:00,https://www.vlr.gg/642919/bilibili-gaming-vs-tyloo-vct-2026-china-stage-1-w1,VCT 2026: China Stage 1
TYL,splash,Neon,1.37,0.65,1.59,300.0,199.0,331.0,16.0,3.0,13.0,14.0,4.0,10.0,4.0,0.0,4.0,2.0,-1.0,3.0,0.82,0.75,0.85,180.0,82.0,210.0,0.21,0.06,0.26,1.0,1.0,0.0,4.0,2.0,2.0,-3.0,-1.0,-2.0,Pearl,257941,41:58,2026-04-02 07:30:00,https://www.vlr.gg/642919/bilibili-gaming-vs-tyloo-vct-2026-china-stage-1-w1,VCT 2026: China Stage 1
TYL,Erv,Phoenix,0.79,0.1,1.0,167.0,65.0,198.0,8.0,0.0,8.0,15.0,4.0,11.0,9.0,3.0,6.0,-7.0,-4.0,-3.0,0.71,0.5,0.77,115.0,61.0,132.0,0.21,0.0,0.25,1.0,0.0,1.0,0.0,0.0,0.0,1.0,0.0,1.0,Pearl,257941,41:58,2026-04-02 07:30:00,https://www.vlr.gg/642919/bilibili-gaming-vs-tyloo-vct-2026-china-stage-1-w1,VCT 2026: China Stage 1
TYL,sword9,Fade,0.71,0.98,0.62,158.0,278.0,121.0,9.0,4.0,5.0,15.0,4.0,11.0,5.0,2.0,3.0,-6.0,0.0,-6.0,0.65,1.0,0.54,113.0,217.0,81.0,0.4,0.46,0.33,0.0,0.0,0.0,2.0,0.0,2.0,-2.0,0.0,-2.0,Pearl,257941,41:58,2026-04-02 07:30:00,https://www.vlr.gg/642919/bilibili-gaming-vs-tyloo-vct-2026-china-stage-1-w1,VCT 2026: China Stage 1
TYL,Scales,Chamber,0.7,0.57,0.73,169.0,165.0,170.0,9.0,2.0,7.0,15.0,4.0,11.0,4.0,1.0,3.0,-6.0,-2.0,-4.0,0.71,0.75,0.69,113.0,119.0,111.0,0.33,0.4,0.31,3.0,1.0,2.0,2.0,0.0,2.0,1.0,1.0,0.0,Pearl,257941,41:58,2026-04-02 07:30:00,https://www.vlr.gg/642919/bilibili-gaming-vs-tyloo-vct-2026-china-stage-1-w1,VCT 2026: China Stage 1
TYL,slowly,Astra,0.6,1.03,0.46,160.0,262.0,129.0,8.0,4.0,4.0,16.0,4.0,12.0,2.0,0.0,2.0,-8.0,0.0,-8.0,0.47,0.75,0.38,116.0,189.0,94.0,0.32,0.5,0.26,0.0,0.0,0.0,3.0,0.0,3.0,-3.0,0.0,-3.0,Pearl,257941,41:58,2026-04-02 07:30:00,https://www.vlr.gg/642919/bilibili-gaming-vs-tyloo-vct-2026-china-stage-1-w1,VCT 2026: China Stage 1
BLG,Knight,Skye,1.4,0.54,2.05,257.0,118.0,361.0,19.0,3.0,16.0,15.0,7.0,8.0,8.0,4.0,4.0,4.0,-4.0,8.0,0.9,0.89,0.92,179.0,90.0,246.0,0.31,0.31,0.31,1.0,0.0,1.0,0.0,0.0,0.0,1.0,0.0,1.0,Breeze,257942,47:22,2026-04-02 07:30:00,https://www.vlr.gg/642919/bilibili-gaming-vs-tyloo-vct-2026-china-stage-1-w1,VCT 2026: China Stage 1
BLG,whzy,Chamber,1.29,1.16,1.39,253.0,269.0,241.0,19.0,9.0,10.0,16.0,7.0,9.0,6.0,2.0,4.0,3.0,2.0,1.0,0.76,0.78,0.75,164.0,172.0,158.0,0.31,0.24,0.38,6.0,3.0,3.0,4.0,2.0,2.0,2.0,1.0,1.0,Breeze,257942,47:22,2026-04-02 07:30:00,https://www.vlr.gg/642919/bilibili-gaming-vs-tyloo-vct-2026-china-stage-1-w1,VCT 2026: China Stage 1
BLG,nephh,Omen,0.99,1.31,0.75,189.0,214.0,170.0,16.0,8.0,8.0,17.0,6.0,11.0,1.0,1.0,0.0,-1.0,2.0,-3.0,0.57,0.67,0.5,122.0,139.0,109.0,0.3,0.38,0.25,1.0,0.0,1.0,1.0,1.0,0.0,0.0,-1.0,1.0,Breeze,257942,47:22,2026-04-02 07:30:00,https://www.vlr.gg/642919/bilibili-gaming-vs-tyloo-vct-2026-china-stage-1-w1,VCT 2026: China Stage 1
BLG,rushia,Viper,0.71,0.88,0.58,174.0,208.0,149.0,10.0,5.0,5.0,18.0,8.0,10.0,9.0,5.0,4.0,-8.0,-3.0,-5.0,0.71,0.89,0.58,112.0,130.0,99.0,0.2,0.21,0.19,2.0,1.0,1.0,1.0,0.0,1.0,1.0,1.0,0.0,Breeze,257942,47:22,2026-04-02 07:30:00,https://www.vlr.gg/642919/bilibili-gaming-vs-tyloo-vct-2026-china-stage-1-w1,VCT 2026: China Stage 1
BLG,yilai,Neon,0.35,0.53,0.21,104.0,149.0,70.0,6.0,5.0,1.0,19.0,8.0,11.0,6.0,1.0,5.0,-13.0,-3.0,-10.0,0.57,0.67,0.5,77.0,105.0,56.0,0.29,0.46,0.13,1.0,0.0,1.0,4.0,2.0,2.0,-3.0,-2.0,-1.0,Breeze,257942,47:22,2026-04-02 07:30:00,https://www.vlr.gg/642919/bilibili-gaming-vs-tyloo-vct-2026-china-stage-1-w1,VCT 2026: China Stage 1
TYL,Scales,Viper,1.35,1.17,1.6,316.0,268.0,380.0,26.0,14.0,12.0,15.0,8.0,7.0,4.0,1.0,3.0,11.0,6.0,5.0,0.86,0.83,0.89,192.0,155.0,241.0,0.32,0.46,0.23,5.0,1.0,4.0,1.0,0.0,1.0,4.0,1.0,3.0,Breeze,257942,47:22,2026-04-02 07:30:00,https://www.vlr.gg/642919/bilibili-gaming-vs-tyloo-vct-2026-china-stage-1-w1,VCT 2026: China Stage 1
TYL,slowly,Astra,1.31,1.3,1.33,222.0,252.0,182.0,16.0,10.0,6.0,12.0,7.0,5.0,7.0,4.0,3.0,4.0,3.0,1.0,0.71,0.83,0.56,149.0,171.0,120.0,0.32,0.32,0.31,1.0,1.0,0.0,1.0,0.0,1.0,0.0,1.0,-1.0,Breeze,257942,47:22,2026-04-02 07:30:00,https://www.vlr.gg/642919/bilibili-gaming-vs-tyloo-vct-2026-china-stage-1-w1,VCT 2026: China Stage 1
TYL,Erv,Kayo,1.3,1.3,1.3,265.0,274.0,253.0,19.0,11.0,8.0,15.0,9.0,6.0,15.0,11.0,4.0,4.0,2.0,2.0,0.9,1.0,0.78,178.0,186.0,167.0,0.26,0.28,0.23,1.0,0.0,1.0,1.0,1.0,0.0,0.0,-1.0,1.0,Breeze,257942,47:22,2026-04-02 07:30:00,https://www.vlr.gg/642919/bilibili-gaming-vs-tyloo-vct-2026-china-stage-1-w1,VCT 2026: China Stage 1
TYL,sword9,Sova,0.96,0.95,0.97,160.0,144.0,181.0,12.0,6.0,6.0,12.0,6.0,6.0,6.0,4.0,2.0,0.0,0.0,0.0,0.67,0.75,0.56,117.0,104.0,134.0,0.32,0.36,0.29,0.0,0.0,0.0,1.0,0.0,1.0,-1.0,0.0,-1.0,Breeze,257942,47:22,2026-04-02 07:30:00,https://www.vlr.gg/642919/bilibili-gaming-vs-tyloo-vct-2026-china-stage-1-w1,VCT 2026: China Stage 1
TYL,splash,Jett,0.58,0.62,0.52,166.0,201.0,119.0,12.0,8.0,4.0,17.0,10.0,7.0,4.0,2.0,2.0,-5.0,-2.0,-3.0,0.67,0.58,0.78,120.0,151.0,79.0,0.3,0.33,0.22,3.0,3.0,0.0,7.0,6.0,1.0,-4.0,-3.0,-1.0,Breeze,257942,47:22,2026-04-02 07:30:00,https://www.vlr.gg/642919/bilibili-gaming-vs-tyloo-vct-2026-china-stage-1-w1,VCT 2026: China Stage 1
DRG,Flex1n,Astra,1.65,1.61,1.71,248.0,262.0,220.0,17.0,12.0,5.0,8.0,6.0,2.0,5.0,3.0,2.0,9.0,6.0,3.0,0.89,0.83,1.0,162.0,176.0,134.0,0.35,0.25,1.0,0.0,0.0,0.0,2.0,2.0,0.0,-2.0,-2.0,0.0,Breeze,257943,50:57,2026-04-03 05:00:00,https://www.vlr.gg/642920/dragon-ranger-gaming-vs-nova-esports-vct-2026-china-stage-1-w1,VCT 2026: China Stage 1
DRG,Nicc,Skye,1.33,1.04,1.92,227.0,164.0,353.0,15.0,7.0,8.0,10.0,7.0,3.0,12.0,10.0,2.0,5.0,0.0,5.0,0.89,0.83,1.0,139.0,98.0,221.0,0.25,0.22,0.29,3.0,1.0,2.0,0.0,0.0,0.0,3.0,1.0,2.0,Breeze,257943,50:57,2026-04-03 05:00:00,https://www.vlr.gg/642920/dragon-ranger-gaming-vs-nova-esports-vct-2026-china-stage-1-w1,VCT 2026: China Stage 1
DRG,Life,Neon,1.21,1.37,0.91,314.0,349.0,244.0,20.0,15.0,5.0,15.0,9.0,6.0,5.0,3.0,2.0,5.0,6.0,-1.0,0.78,0.75,0.83,199.0,214.0,169.0,0.44,0.62,0.23,6.0,4.0,2.0,3.0,3.0,0.0,3.0,1.0,2.0,Breeze,257943,50:57,2026-04-03 05:00:00,https://www.vlr.gg/642920/dragon-ranger-gaming-vs-nova-esports-vct-2026-china-stage-1-w1,VCT 2026: China Stage 1
DRG,SpiritZ1,Waylay,1.18,1.59,0.35,243.0,289.0,151.0,16.0,13.0,3.0,12.0,6.0,6.0,2.0,2.0,0.0,4.0,7.0,-3.0,0.78,0.83,0.67,179.0,213.0,111.0,0.42,0.41,0.5,1.0,0.0,1.0,0.0,0.0,0.0,1.0,0.0,1.0,Breeze,257943,50:57,2026-04-03 05:00:00,https://www.vlr.gg/642920/dragon-ranger-gaming-vs-nova-esports-vct-2026-china-stage-1-w1,VCT 2026: China Stage 1
DRG,vo0kashu,Omen,1.01,1.0,1.03,142.0,135.0,156.0,11.0,7.0,4.0,9.0,5.0,4.0,3.0,1.0,2.0,2.0,2.0,0.0,0.89,1.0,0.67,94.0,80.0,122.0,0.29,0.17,0.42,1.0,1.0,0.0,2.0,1.0,1.0,-1.0,0.0,-1.0,Breeze,257943,50:57,2026-04-03 05:00:00,https://www.vlr.gg/642920/dragon-ranger-gaming-vs-nova-esports-vct-2026-china-stage-1-w1,VCT 2026: China Stage 1
NOVA,GuanG,Jett,1.24,1.61,1.06,251.0,268.0,243.0,17.0,7.0,10.0,15.0,4.0,11.0,3.0,0.0,3.0,2.0,3.0,-1.0,0.67,0.67,0.67,158.0,167.0,154.0,0.27,0.3,0.25,4.0,0.0,4.0,4.0,0.0,4.0,0.0,0.0,0.0,Breeze,257943,50:57,2026-04-03 05:00:00,https://www.vlr.gg/642920/dragon-ranger-gaming-vs-nova-esports-vct-2026-china-stage-1-w1,VCT 2026: China Stage 1
NOVA,qiutiaN,Sova,0.8,0.77,0.82,199.0,231.0,183.0,13.0,5.0,8.0,17.0,6.0,11.0,4.0,3.0,1.0,-4.0,-1.0,-3.0,0.67,0.67,0.67,140.0,153.0,134.0,0.35,0.45,0.3,1.0,0.0,1.0,1.0,1.0,0.0,0.0,-1.0,1.0,Breeze,257943,50:57,2026-04-03 05:00:00,https://www.vlr.gg/642920/dragon-ranger-gaming-vs-nova-esports-vct-2026-china-stage-1-w1,VCT 2026: China Stage 1
NOVA,Ezeir,Omen,0.57,0.44,0.63,128.0,128.0,128.0,6.0,2.0,4.0,15.0,5.0,10.0,8.0,3.0,5.0,-9.0,-3.0,-6.0,0.61,0.5,0.67,95.0,83.0,101.0,0.24,0.14,0.3,0.0,0.0,0.0,0.0,0.0,0.0,0.0,0.0,0.0,Breeze,257943,50:57,2026-04-03 05:00:00,https://www.vlr.gg/642920/dragon-ranger-gaming-vs-nova-esports-vct-2026-china-stage-1-w1,VCT 2026: China Stage 1
NOVA,swagzor,Neon,0.54,0.39,0.61,176.0,193.0,168.0,10.0,4.0,6.0,17.0,6.0,11.0,2.0,0.0,2.0,-7.0,-2.0,-5.0,0.61,0.67,0.58,128.0,125.0,130.0,0.39,0.27,0.45,1.0,1.0,0.0,4.0,3.0,1.0,-3.0,-2.0,-1.0,Breeze,257943,50:57,2026-04-03 05:00:00,https://www.vlr.gg/642920/dragon-ranger-gaming-vs-nova-esports-vct-2026-china-stage-1-w1,VCT 2026: China Stage 1
NOVA,GREEN,Viper,0.51,0.71,0.41,144.0,129.0,152.0,8.0,3.0,5.0,15.0,4.0,11.0,2.0,0.0,2.0,-7.0,-1.0,-6.0,0.61,0.67,0.58,96.0,79.0,105.0,0.53,0.44,0.6,1.0,0.0,1.0,2.0,1.0,1.0,-1.0,-1.0,0.0,Breeze,257943,50:57,2026-04-03 05:00:00,https://www.vlr.gg/642920/dragon-ranger-gaming-vs-nova-esports-vct-2026-china-stage-1-w1,VCT 2026: China Stage 1
DRG,Nicc,Skye,1.49,1.35,1.72,240.0,203.0,305.0,31.0,16.0,15.0,20.0,12.0,8.0,26.0,20.0,6.0,11.0,4.0,7.0,0.92,0.92,0.93,150.0,123.0,197.0,0.36,0.34,0.38,4.0,1.0,3.0,0.0,0.0,0.0,4.0,1.0,3.0,all,all,all,2026-04-03 05:00:00,https://www.vlr.gg/642920/dragon-ranger-gaming-vs-nova-esports-vct-2026-china-stage-1-w1,VCT 2026: China Stage 1
DRG,Flex1n,Astra,1.29,1.22,1.4,212.0,225.0,183.0,30.0,20.0,10.0,20.0,14.0,6.0,14.0,7.0,7.0,10.0,6.0,4.0,0.92,0.88,1.0,130.0,146.0,102.0,0.3,0.26,0.41,0.0,0.0,0.0,3.0,3.0,0.0,-3.0,-3.0,0.0,all,all,all,2026-04-03 05:00:00,https://www.vlr.gg/642920/dragon-ranger-gaming-vs-nova-esports-vct-2026-china-stage-1-w1,VCT 2026: China Stage 1
DRG,vo0kashu,Omen,1.26,1.07,1.59,199.0,157.0,280.0,31.0,15.0,16.0,21.0,11.0,10.0,9.0,5.0,4.0,10.0,4.0,6.0,0.89,0.96,0.79,130.0,97.0,187.0,0.37,0.27,0.5,6.0,3.0,3.0,2.0,1.0,1.0,4.0,2.0,2.0,all,all,all,2026-04-03 05:00:00,https://www.vlr.gg/642920/dragon-ranger-gaming-vs-nova-esports-vct-2026-china-stage-1-w1,VCT 2026: China Stage 1
DRG,SpiritZ1,Waylay,1.18,1.23,1.1,248.0,256.0,234.0,33.0,22.0,11.0,25.0,15.0,10.0,6.0,4.0,2.0,8.0,7.0,1.0,0.76,0.71,0.86,175.0,180.0,166.0,0.37,0.32,0.46,1.0,0.0,1.0,6.0,4.0,2.0,-5.0,-4.0,-1.0,all,all,all,2026-04-03 05:00:00,https://www.vlr.gg/642920/dragon-ranger-gaming-vs-nova-esports-vct-2026-china-stage-1-w1,VCT 2026: China Stage 1
DRG,Life,Neon,1.08,1.47,0.41,258.0,320.0,142.0,36.0,30.0,6.0,30.0,16.0,14.0,7.0,3.0,4.0,6.0,14.0,-8.0,0.76,0.79,0.71,163.0,200.0,101.0,0.49,0.58,0.26,9.0,6.0,3.0,7.0,6.0,1.0,2.0,0.0,2.0,all,all,all,2026-04-03 05:00:00,https://www.vlr.gg/642920/dragon-ranger-gaming-vs-nova-esports-vct-2026-china-stage-1-w1,VCT 2026: China Stage 1
NOVA,GuanG,Jett,0.87,0.96,0.83,212.0,219.0,204.0,28.0,12.0,16.0,33.0,11.0,22.0,4.0,1.0,3.0,-5.0,1.0,-6.0,0.66,0.57,0.71,139.0,152.0,131.0,0.29,0.3,0.28,7.0,1.0,6.0,5.0,1.0,4.0,2.0,0.0,2.0,all,all,all,2026-04-03 05:00:00,https://www.vlr.gg/642920/dragon-ranger-gaming-vs-nova-esports-vct-2026-china-stage-1-w1,VCT 2026: China Stage 1
NOVA,Ezeir,Omen,0.84,0.83,0.84,162.0,153.0,169.0,21.0,8.0,13.0,30.0,10.0,20.0,11.0,3.0,8.0,-9.0,-2.0,-7.0,0.71,0.64,0.75,114.0,96.0,125.0,0.25,0.13,0.33,2.0,0.0,2.0,1.0,0.0,1.0,1.0,0.0,1.0,all,all,all,2026-04-03 05:00:00,https://www.vlr.gg/642920/dragon-ranger-gaming-vs-nova-esports-vct-2026-china-stage-1-w1,VCT 2026: China Stage 1
NOVA,qiutiaN,Sova,0.83,1.06,0.7,207.0,300.0,153.0,28.0,15.0,13.0,33.0,13.0,20.0,8.0,4.0,4.0,-5.0,2.0,-7.0,0.71,0.79,0.67,136.0,182.0,110.0,0.28,0.27,0.26,3.0,1.0,2.0,3.0,2.0,1.0,0.0,-1.0,1.0,all,all,all,2026-04-03 05:00:00,https://www.vlr.gg/642920/dragon-ranger-gaming-vs-nova-esports-vct-2026-china-stage-1-w1,VCT 2026: China Stage 1
NOVA,GREEN,Viper,0.63,0.7,0.59,171.0,154.0,183.0,20.0,7.0,13.0,32.0,10.0,22.0,6.0,2.0,4.0,-12.0,-3.0,-9.0,0.61,0.64,0.58,122.0,108.0,130.0,0.46,0.42,0.45,3.0,1.0,2.0,3.0,2.0,1.0,0.0,-1.0,1.0,all,all,all,2026-04-03 05:00:00,https://www.vlr.gg/642920/dragon-ranger-gaming-vs-nova-esports-vct-2026-china-stage-1-w1,VCT 2026: China Stage 1
NOVA,swagzor,Neon,0.58,0.25,0.77,155.0,139.0,162.0,19.0,6.0,13.0,33.0,14.0,19.0,8.0,4.0,4.0,-14.0,-8.0,-6.0,0.66,0.79,0.58,107.0,93.0,116.0,0.35,0.15,0.51,3.0,1.0,2.0,8.0,5.0,3.0,-5.0,-4.0,-1.0,all,all,all,2026-04-03 05:00:00,https://www.vlr.gg/642920/dragon-ranger-gaming-vs-nova-esports-vct-2026-china-stage-1-w1,VCT 2026: China Stage 1
DRG,Nicc,Skye,1.63,1.67,1.56,252.0,241.0,269.0,16.0,9.0,7.0,10.0,5.0,5.0,14.0,10.0,4.0,6.0,4.0,2.0,0.95,1.0,0.88,160.0,147.0,180.0,0.47,0.44,0.5,1.0,0.0,1.0,0.0,0.0,0.0,1.0,0.0,1.0,Haven,257944,43:07,2026-04-03 05:00:00,https://www.vlr.gg/642920/dragon-ranger-gaming-vs-nova-esports-vct-2026-china-stage-1-w1,VCT 2026: China Stage 1
DRG,vo0kashu,Cypher,1.49,1.14,2.01,256.0,178.0,373.0,20.0,8.0,12.0,12.0,6.0,6.0,6.0,4.0,2.0,8.0,2.0,6.0,0.9,0.92,0.88,163.0,114.0,237.0,0.45,0.33,0.55,5.0,2.0,3.0,0.0,0.0,0.0,5.0,2.0,3.0,Haven,257944,43:07,2026-04-03 05:00:00,https://www.vlr.gg/642920/dragon-ranger-gaming-vs-nova-esports-vct-2026-china-stage-1-w1,VCT 2026: China Stage 1
DRG,SpiritZ1,Waylay,1.18,0.86,1.65,252.0,222.0,297.0,17.0,9.0,8.0,13.0,9.0,4.0,4.0,2.0,2.0,4.0,0.0,4.0,0.75,0.58,1.0,171.0,147.0,207.0,0.32,0.23,0.45,0.0,0.0,0.0,6.0,4.0,2.0,-6.0,-4.0,-2.0,Haven,257944,43:07,2026-04-03 05:00:00,https://www.vlr.gg/642920/dragon-ranger-gaming-vs-nova-esports-vct-2026-china-stage-1-w1,VCT 2026: China Stage 1
DRG,Flex1n,Omen,0.97,0.83,1.17,175.0,188.0,156.0,13.0,8.0,5.0,12.0,8.0,4.0,9.0,4.0,5.0,1.0,0.0,1.0,0.95,0.92,1.0,101.0,116.0,79.0,0.24,0.27,0.17,0.0,0.0,0.0,1.0,1.0,0.0,-1.0,-1.0,0.0,Haven,257944,43:07,2026-04-03 05:00:00,https://www.vlr.gg/642920/dragon-ranger-gaming-vs-nova-esports-vct-2026-china-stage-1-w1,VCT 2026: China Stage 1
DRG,Life,Neon,0.95,1.57,0.04,201.0,291.0,66.0,16.0,15.0,1.0,15.0,7.0,8.0,2.0,0.0,2.0,1.0,8.0,-7.0,0.75,0.83,0.63,131.0,185.0,50.0,0.53,0.54,0.4,3.0,2.0,1.0,4.0,3.0,1.0,-1.0,-1.0,0.0,Haven,257944,43:07,2026-04-03 05:00:00,https://www.vlr.gg/642920/dragon-ranger-gaming-vs-nova-esports-vct-2026-china-stage-1-w1,VCT 2026: China Stage 1
NOVA,Ezeir,Omen,1.07,1.12,1.04,195.0,172.0,210.0,15.0,6.0,9.0,15.0,5.0,10.0,3.0,0.0,3.0,0.0,1.0,-1.0,0.8,0.75,0.83,132.0,106.0,149.0,0.26,0.11,0.34,2.0,0.0,2.0,1.0,0.0,1.0,1.0,0.0,1.0,Haven,257944,43:07,2026-04-03 05:00:00,https://www.vlr.gg/642920/dragon-ranger-gaming-vs-nova-esports-vct-2026-china-stage-1-w1,VCT 2026: China Stage 1
NOVA,qiutiaN,Sova,0.86,1.27,0.58,214.0,352.0,122.0,15.0,10.0,5.0,16.0,7.0,9.0,4.0,1.0,3.0,-1.0,3.0,-4.0,0.75,0.88,0.67,133.0,204.0,86.0,0.21,0.2,0.22,2.0,1.0,1.0,2.0,1.0,1.0,0.0,0.0,0.0,Haven,257944,43:07,2026-04-03 05:00:00,https://www.vlr.gg/642920/dragon-ranger-gaming-vs-nova-esports-vct-2026-china-stage-1-w1,VCT 2026: China Stage 1
NOVA,GREEN,Viper,0.74,0.7,0.77,197.0,172.0,214.0,12.0,4.0,8.0,17.0,6.0,11.0,4.0,2.0,2.0,-5.0,-2.0,-3.0,0.6,0.63,0.58,145.0,129.0,156.0,0.38,0.4,0.38,2.0,1.0,1.0,1.0,1.0,0.0,1.0,0.0,1.0,Haven,257944,43:07,2026-04-03 05:00:00,https://www.vlr.gg/642920/dragon-ranger-gaming-vs-nova-esports-vct-2026-china-stage-1-w1,VCT 2026: China Stage 1
NOVA,swagzor,Neon,0.61,0.15,0.92,133.0,99.0,156.0,9.0,2.0,7.0,16.0,8.0,8.0,6.0,4.0,2.0,-7.0,-6.0,-1.0,0.7,0.88,0.58,89.0,69.0,102.0,0.31,0.06,0.62,2.0,0.0,2.0,4.0,2.0,2.0,-2.0,-2.0,0.0,Haven,257944,43:07,2026-04-03 05:00:00,https://www.vlr.gg/642920/dragon-ranger-gaming-vs-nova-esports-vct-2026-china-stage-1-w1,VCT 2026: China Stage 1
NOVA,GuanG,Killjoy,0.54,0.47,0.59,172.0,183.0,165.0,11.0,5.0,6.0,18.0,7.0,11.0,1.0,1.0,0.0,-7.0,-2.0,-5.0,0.65,0.5,0.75,121.0,141.0,108.0,0.3,0.29,0.3,3.0,1.0,2.0,1.0,1.0,0.0,2.0,0.0,2.0,Haven,257944,43:07,2026-04-03 05:00:00,https://www.vlr.gg/642920/dragon-ranger-gaming-vs-nova-esports-vct-2026-china-stage-1-w1,VCT 2026: China Stage 1
FPX,Setrod,Neon,1.8,1.21,2.97,278.0,168.0,498.0,19.0,8.0,11.0,6.0,5.0,1.0,3.0,1.0,2.0,13.0,3.0,10.0,0.83,0.75,1.0,155.0,102.0,261.0,0.19,0.26,0.16,2.0,2.0,0.0,1.0,1.0,0.0,1.0,1.0,0.0,Split,257946,52:29,2026-04-03 07:10:00,https://www.vlr.gg/642921/funplus-phoenix-vs-all-gamers-vct-2026-china-stage-1-w1,VCT 2026: China Stage 1
FPX,KovaQ,Fade,1.36,1.31,1.46,216.0,231.0,186.0,14.0,10.0,4.0,8.0,7.0,1.0,4.0,2.0,2.0,6.0,3.0,3.0,0.89,0.83,1.0,142.0,148.0,130.0,0.3,0.28,0.33,4.0,3.0,1.0,1.0,1.0,0.0,3.0,2.0,1.0,Split,257946,52:29,2026-04-03 07:10:00,https://www.vlr.gg/642921/funplus-phoenix-vs-all-gamers-vct-2026-china-stage-1-w1,VCT 2026: China Stage 1
FPX,Ben1Ley,Waylay,1.04,1.1,0.9,197.0,181.0,229.0,13.0,8.0,5.0,8.0,5.0,3.0,3.0,1.0,2.0,5.0,3.0,2.0,0.72,0.67,0.83,115.0,106.0,133.0,0.18,0.28,0.0,4.0,2.0,2.0,1.0,0.0,1.0,3.0,2.0,1.0,Split,257946,52:29,2026-04-03 07:10:00,https://www.vlr.gg/642921/funplus-phoenix-vs-all-gamers-vct-2026-china-stage-1-w1,VCT 2026: China Stage 1
FPX,BerLIN,Omen,0.99,0.84,1.3,167.0,190.0,121.0,11.0,8.0,3.0,10.0,9.0,1.0,8.0,4.0,4.0,1.0,-1.0,2.0,0.83,0.75,1.0,104.0,121.0,70.0,0.34,0.32,0.43,0.0,0.0,0.0,1.0,1.0,0.0,-1.0,-1.0,0.0,Split,257946,52:29,2026-04-03 07:10:00,https://www.vlr.gg/642921/funplus-phoenix-vs-all-gamers-vct-2026-china-stage-1-w1,VCT 2026: China Stage 1
FPX,AAAAY,Viper,0.74,0.54,1.13,158.0,119.0,236.0,11.0,5.0,6.0,13.0,9.0,4.0,6.0,3.0,3.0,-2.0,-4.0,2.0,0.83,0.83,0.83,99.0,91.0,115.0,0.5,0.5,0.5,2.0,1.0,1.0,2.0,1.0,1.0,0.0,0.0,0.0,Split,257946,52:29,2026-04-03 07:10:00,https://www.vlr.gg/642921/funplus-phoenix-vs-all-gamers-vct-2026-china-stage-1-w1,VCT 2026: China Stage 1
AG,K1ra,Viper,1.1,0.56,1.37,187.0,93.0,234.0,12.0,1.0,11.0,12.0,5.0,7.0,2.0,1.0,1.0,0.0,-4.0,4.0,0.67,0.5,0.75,131.0,82.0,156.0,0.23,0.09,0.29,0.0,0.0,0.0,1.0,0.0,1.0,-1.0,0.0,-1.0,Split,257946,52:29,2026-04-03 07:10:00,https://www.vlr.gg/642921/funplus-phoenix-vs-all-gamers-vct-2026-china-stage-1-w1,VCT 2026: China Stage 1
AG,f4ngeer,Waylay,0.87,0.51,1.04,189.0,209.0,179.0,11.0,4.0,7.0,12.0,6.0,6.0,1.0,0.0,1.0,-1.0,-2.0,1.0,0.67,0.67,0.67,115.0,125.0,110.0,0.19,0.44,0.06,2.0,1.0,1.0,3.0,1.0,2.0,-1.0,0.0,-1.0,Split,257946,52:29,2026-04-03 07:10:00,https://www.vlr.gg/642921/funplus-phoenix-vs-all-gamers-vct-2026-china-stage-1-w1,VCT 2026: China Stage 1
AG,Septem7,Omen,0.62,0.16,0.85,132.0,39.0,179.0,8.0,1.0,7.0,15.0,6.0,9.0,4.0,0.0,4.0,-7.0,-5.0,-2.0,0.61,0.33,0.75,71.0,18.0,98.0,0.26,0.33,0.25,2.0,0.0,2.0,3.0,1.0,2.0,-1.0,-1.0,0.0,Split,257946,52:29,2026-04-03 07:10:00,https://www.vlr.gg/642921/funplus-phoenix-vs-all-gamers-vct-2026-china-stage-1-w1,VCT 2026: China Stage 1
AG,Shr1mp,Skye,0.6,0.46,0.68,118.0,114.0,120.0,6.0,1.0,5.0,15.0,6.0,9.0,7.0,5.0,2.0,-9.0,-5.0,-4.0,0.67,0.67,0.67,85.0,100.0,78.0,0.23,0.25,0.21,0.0,0.0,0.0,0.0,0.0,0.0,0.0,0.0,0.0,Split,257946,52:29,2026-04-03 07:10:00,https://www.vlr.gg/642921/funplus-phoenix-vs-all-gamers-vct-2026-china-stage-1-w1,VCT 2026: China Stage 1
AG,iamgrq,Neon,0.58,0.51,0.62,141.0,173.0,125.0,8.0,3.0,5.0,14.0,6.0,8.0,3.0,0.0,3.0,-6.0,-3.0,-3.0,0.56,0.5,0.58,83.0,109.0,70.0,0.11,0.11,0.11,2.0,1.0,1.0,5.0,2.0,3.0,-3.0,-1.0,-2.0,Split,257946,52:29,2026-04-03 07:10:00,https://www.vlr.gg/642921/funplus-phoenix-vs-all-gamers-vct-2026-china-stage-1-w1,VCT 2026: China Stage 1
FPX,Setrod,Neon,1.4,1.12,1.7,262.0,204.0,321.0,35.0,14.0,21.0,20.0,12.0,8.0,7.0,2.0,5.0,15.0,2.0,13.0,0.86,0.79,0.94,156.0,125.0,189.0,0.25,0.33,0.19,5.0,3.0,2.0,3.0,2.0,1.0,2.0,1.0,1.0,all,all,all,2026-04-03 07:10:00,https://www.vlr.gg/642921/funplus-phoenix-vs-all-gamers-vct-2026-china-stage-1-w1,VCT 2026: China Stage 1
FPX,Ben1Ley,Waylay,1.22,0.97,1.48,233.0,182.0,289.0,31.0,12.0,19.0,19.0,11.0,8.0,7.0,2.0,5.0,12.0,1.0,11.0,0.78,0.68,0.89,148.0,113.0,185.0,0.23,0.3,0.19,6.0,3.0,3.0,2.0,0.0,2.0,4.0,3.0,1.0,all,all,all,2026-04-03 07:10:00,https://www.vlr.gg/642921/funplus-phoenix-vs-all-gamers-vct-2026-china-stage-1-w1,VCT 2026: China Stage 1
FPX,KovaQ,Fade,1.13,1.01,1.26,191.0,172.0,208.0,25.0,11.0,14.0,19.0,12.0,7.0,11.0,4.0,7.0,6.0,-1.0,7.0,0.86,0.79,0.94,122.0,113.0,131.0,0.29,0.24,0.33,6.0,4.0,2.0,4.0,2.0,2.0,2.0,2.0,0.0,all,all,all,2026-04-03 07:10:00,https://www.vlr.gg/642921/funplus-phoenix-vs-all-gamers-vct-2026-china-stage-1-w1,VCT 2026: China Stage 1
FPX,AAAAY,Viper,1.04,0.93,1.17,179.0,160.0,199.0,26.0,12.0,14.0,21.0,12.0,9.0,9.0,3.0,6.0,5.0,0.0,5.0,0.84,0.79,0.89,121.0,132.0,109.0,0.37,0.52,0.22,3.0,1.0,2.0,3.0,2.0,1.0,0.0,-1.0,1.0,all,all,all,2026-04-03 07:10:00,https://www.vlr.gg/642921/funplus-phoenix-vs-all-gamers-vct-2026-china-stage-1-w1,VCT 2026: China Stage 1
FPX,BerLIN,Omen,1.04,0.68,1.41,153.0,144.0,161.0,23.0,10.0,13.0,20.0,15.0,5.0,17.0,5.0,12.0,3.0,-5.0,8.0,0.78,0.68,0.89,102.0,89.0,116.0,0.4,0.33,0.46,1.0,0.0,1.0,4.0,2.0,2.0,-3.0,-2.0,-1.0,all,all,all,2026-04-03 07:10:00,https://www.vlr.gg/642921/funplus-phoenix-vs-all-gamers-vct-2026-china-stage-1-w1,VCT 2026: China Stage 1
AG,f4ngeer,Waylay,0.92,0.8,1.04,177.0,184.0,169.0,22.0,11.0,11.0,26.0,16.0,10.0,5.0,3.0,2.0,-4.0,-5.0,1.0,0.7,0.67,0.74,109.0,113.0,106.0,0.25,0.37,0.12,4.0,3.0,1.0,5.0,3.0,2.0,-1.0,0.0,-1.0,all,all,all,2026-04-03 07:10:00,https://www.vlr.gg/642921/funplus-phoenix-vs-all-gamers-vct-2026-china-stage-1-w1,VCT 2026: China Stage 1
AG,Shr1mp,Skye,0.91,0.81,1.0,166.0,178.0,156.0,20.0,9.0,11.0,28.0,16.0,12.0,13.0,8.0,5.0,-8.0,-7.0,-1.0,0.68,0.56,0.79,114.0,123.0,105.0,0.21,0.2,0.2,1.0,1.0,0.0,0.0,0.0,0.0,1.0,1.0,0.0,all,all,all,2026-04-03 07:10:00,https://www.vlr.gg/642921/funplus-phoenix-vs-all-gamers-vct-2026-china-stage-1-w1,VCT 2026: China Stage 1
AG,K1ra,Viper,0.87,0.34,1.38,167.0,84.0,244.0,21.0,3.0,18.0,27.0,16.0,11.0,3.0,2.0,1.0,-6.0,-13.0,7.0,0.59,0.33,0.84,114.0,64.0,161.0,0.25,0.13,0.3,1.0,0.0,1.0,1.0,0.0,1.0,0.0,0.0,0.0,all,all,all,2026-04-03 07:10:00,https://www.vlr.gg/642921/funplus-phoenix-vs-all-gamers-vct-2026-china-stage-1-w1,VCT 2026: China Stage 1
AG,Septem7,Omen,0.64,0.56,0.72,127.0,102.0,150.0,16.0,7.0,9.0,29.0,16.0,13.0,10.0,3.0,7.0,-13.0,-9.0,-4.0,0.62,0.5,0.74,73.0,53.0,92.0,0.3,0.33,0.27,4.0,2.0,2.0,7.0,2.0,5.0,-3.0,0.0,-3.0,all,all,all,2026-04-03 07:10:00,https://www.vlr.gg/642921/funplus-phoenix-vs-all-gamers-vct-2026-china-stage-1-w1,VCT 2026: China Stage 1
AG,iamgrq,Neon,0.64,0.43,0.83,164.0,130.0,197.0,20.0,7.0,13.0,30.0,17.0,13.0,7.0,2.0,5.0,-10.0,-10.0,0.0,0.65,0.56,0.74,103.0,89.0,115.0,0.13,0.17,0.1,6.0,2.0,4.0,8.0,5.0,3.0,-2.0,-3.0,1.0,all,all,all,2026-04-03 07:10:00,https://www.vlr.gg/642921/funplus-phoenix-vs-all-gamers-vct-2026-china-stage-1-w1,VCT 2026: China Stage 1
FPX,Ben1Ley,Waylay,1.38,0.73,1.76,269.0,184.0,319.0,18.0,4.0,14.0,11.0,6.0,5.0,4.0,1.0,3.0,7.0,-2.0,9.0,0.84,0.71,0.92,180.0,126.0,212.0,0.27,0.33,0.24,2.0,1.0,1.0,1.0,0.0,1.0,1.0,1.0,0.0,Pearl,257947,42:56,2026-04-03 07:10:00,https://www.vlr.gg/642921/funplus-phoenix-vs-all-gamers-vct-2026-china-stage-1-w1,VCT 2026: China Stage 1
FPX,AAAAY,Killjoy,1.33,1.58,1.18,199.0,230.0,181.0,15.0,7.0,8.0,8.0,3.0,5.0,3.0,0.0,3.0,7.0,4.0,3.0,0.84,0.71,0.92,141.0,202.0,105.0,0.24,0.54,0.15,1.0,0.0,1.0,1.0,1.0,0.0,0.0,-1.0,1.0,Pearl,257947,42:56,2026-04-03 07:10:00,https://www.vlr.gg/642921/funplus-phoenix-vs-all-gamers-vct-2026-china-stage-1-w1,VCT 2026: China Stage 1
FPX,BerLIN,Astra,1.08,0.42,1.46,138.0,65.0,181.0,12.0,2.0,10.0,10.0,6.0,4.0,9.0,1.0,8.0,2.0,-4.0,6.0,0.74,0.57,0.83,100.0,34.0,139.0,0.46,0.4,0.47,1.0,0.0,1.0,3.0,1.0,2.0,-2.0,-1.0,-1.0,Pearl,257947,42:56,2026-04-03 07:10:00,https://www.vlr.gg/642921/funplus-phoenix-vs-all-gamers-vct-2026-china-stage-1-w1,VCT 2026: China Stage 1
FPX,Setrod,Neon,1.03,0.96,1.07,245.0,267.0,232.0,16.0,6.0,10.0,14.0,7.0,7.0,4.0,1.0,3.0,2.0,-1.0,3.0,0.89,0.86,0.92,157.0,165.0,152.0,0.31,0.4,0.25,3.0,1.0,2.0,2.0,1.0,1.0,1.0,0.0,1.0,Pearl,257947,42:56,2026-04-03 07:10:00,https://www.vlr.gg/642921/funplus-phoenix-vs-all-gamers-vct-2026-china-stage-1-w1,VCT 2026: China Stage 1
FPX,KovaQ,Fade,0.91,0.49,1.15,165.0,72.0,219.0,11.0,1.0,10.0,11.0,5.0,6.0,7.0,2.0,5.0,0.0,-4.0,4.0,0.84,0.71,0.92,103.0,54.0,132.0,0.28,0.13,0.33,2.0,1.0,1.0,3.0,1.0,2.0,-1.0,0.0,-1.0,Pearl,257947,42:56,2026-04-03 07:10:00,https://www.vlr.gg/642921/funplus-phoenix-vs-all-gamers-vct-2026-china-stage-1-w1,VCT 2026: China Stage 1
AG,Shr1mp,Fade,1.2,0.98,1.57,213.0,210.0,218.0,14.0,8.0,6.0,13.0,10.0,3.0,6.0,3.0,3.0,1.0,-2.0,3.0,0.68,0.5,1.0,141.0,135.0,151.0,0.18,0.18,0.19,1.0,1.0,0.0,0.0,0.0,0.0,1.0,1.0,0.0,Pearl,257947,42:56,2026-04-03 07:10:00,https://www.vlr.gg/642921/funplus-phoenix-vs-all-gamers-vct-2026-china-stage-1-w1,VCT 2026: China Stage 1
AG,f4ngeer,Waylay,0.98,0.95,1.03,165.0,172.0,153.0,11.0,7.0,4.0,14.0,10.0,4.0,4.0,3.0,1.0,-3.0,-3.0,0.0,0.74,0.67,0.86,104.0,107.0,99.0,0.31,0.33,0.25,2.0,2.0,0.0,2.0,2.0,0.0,0.0,0.0,0.0,Pearl,257947,42:56,2026-04-03 07:10:00,https://www.vlr.gg/642921/funplus-phoenix-vs-all-gamers-vct-2026-china-stage-1-w1,VCT 2026: China Stage 1
AG,iamgrq,Neon,0.69,0.39,1.2,186.0,108.0,320.0,12.0,4.0,8.0,16.0,11.0,5.0,4.0,2.0,2.0,-4.0,-7.0,3.0,0.74,0.58,1.0,121.0,79.0,193.0,0.15,0.28,0.1,4.0,1.0,3.0,3.0,3.0,0.0,1.0,-2.0,3.0,Pearl,257947,42:56,2026-04-03 07:10:00,https://www.vlr.gg/642921/funplus-phoenix-vs-all-gamers-vct-2026-china-stage-1-w1,VCT 2026: China Stage 1
AG,Septem7,Astra,0.66,0.76,0.5,122.0,134.0,101.0,8.0,6.0,2.0,14.0,10.0,4.0,6.0,3.0,3.0,-6.0,-4.0,-2.0,0.63,0.58,0.71,75.0,71.0,82.0,0.33,0.33,0.33,2.0,2.0,0.0,4.0,1.0,3.0,-2.0,1.0,-3.0,Pearl,257947,42:56,2026-04-03 07:10:00,https://www.vlr.gg/642921/funplus-phoenix-vs-all-gamers-vct-2026-china-stage-1-w1,VCT 2026: China Stage 1
AG,K1ra,Killjoy,0.65,0.22,1.38,146.0,79.0,261.0,9.0,2.0,7.0,15.0,11.0,4.0,1.0,1.0,0.0,-6.0,-9.0,3.0,0.53,0.25,1.0,98.0,55.0,172.0,0.26,0.17,0.31,1.0,0.0,1.0,0.0,0.0,0.0,1.0,0.0,1.0,Pearl,257947,42:56,2026-04-03 07:10:00,https://www.vlr.gg/642921/funplus-phoenix-vs-all-gamers-vct-2026-china-stage-1-w1,VCT 2026: China Stage 1
TYL,Scales,Viper,1.63,1.24,2.02,317.0,216.0,418.0,31.0,10.0,21.0,17.0,8.0,9.0,4.0,2.0,2.0,14.0,2.0,12.0,0.71,0.71,0.71,213.0,155.0,271.0,0.41,0.44,0.39,3.0,3.0,0.0,3.0,1.0,2.0,0.0,2.0,-2.0,Split,257949,1:13:27,2026-04-04 05:00:00,https://www.vlr.gg/642922/tyloo-vs-titan-esports-club-vct-2026-china-stage-1-w1,VCT 2026: China Stage 1
TYL,slowly,Omen,1.01,1.0,1.01,189.0,175.0,203.0,17.0,8.0,9.0,22.0,10.0,12.0,15.0,11.0,4.0,-5.0,-2.0,-3.0,0.93,0.93,0.93,125.0,113.0,137.0,0.31,0.3,0.32,0.0,0.0,0.0,4.0,3.0,1.0,-4.0,-3.0,-1.0,Split,257949,1:13:27,2026-04-04 05:00:00,https://www.vlr.gg/642922/tyloo-vs-titan-esports-club-vct-2026-china-stage-1-w1,VCT 2026: China Stage 1
TYL,splash,Neon,0.94,1.54,0.33,217.0,307.0,127.0,19.0,15.0,4.0,22.0,9.0,13.0,6.0,3.0,3.0,-3.0,6.0,-9.0,0.68,0.86,0.5,144.0,202.0,86.0,0.3,0.3,0.29,2.0,1.0,1.0,4.0,0.0,4.0,-2.0,1.0,-3.0,Split,257949,1:13:27,2026-04-04 05:00:00,https://www.vlr.gg/642922/tyloo-vs-titan-esports-club-vct-2026-china-stage-1-w1,VCT 2026: China Stage 1
TYL,sword9,Skye,0.85,1.18,0.52,131.0,156.0,106.0,13.0,8.0,5.0,17.0,7.0,10.0,7.0,6.0,1.0,-4.0,1.0,-5.0,0.64,0.79,0.5,98.0,117.0,79.0,0.18,0.22,0.14,0.0,0.0,0.0,3.0,0.0,3.0,-3.0,0.0,-3.0,Split,257949,1:13:27,2026-04-04 05:00:00,https://www.vlr.gg/642922/tyloo-vs-titan-esports-club-vct-2026-china-stage-1-w1,VCT 2026: China Stage 1
TYL,Erv,Waylay,0.79,0.83,0.75,191.0,189.0,193.0,19.0,10.0,9.0,24.0,12.0,12.0,3.0,1.0,2.0,-5.0,-2.0,-3.0,0.68,0.79,0.57,116.0,121.0,111.0,0.33,0.35,0.32,4.0,3.0,1.0,5.0,3.0,2.0,-1.0,0.0,-1.0,Split,257949,1:13:27,2026-04-04 05:00:00,https://www.vlr.gg/642922/tyloo-vs-titan-esports-club-vct-2026-china-stage-1-w1,VCT 2026: China Stage 1
TEC,lucas,Skye,1.22,1.57,0.87,220.0,242.0,198.0,25.0,15.0,10.0,17.0,7.0,10.0,7.0,5.0,2.0,8.0,8.0,0.0,0.68,0.79,0.57,155.0,177.0,133.0,0.35,0.41,0.29,1.0,0.0,1.0,3.0,0.0,3.0,-2.0,0.0,-2.0,Split,257949,1:13:27,2026-04-04 05:00:00,https://www.vlr.gg/642922/tyloo-vs-titan-esports-club-vct-2026-china-stage-1-w1,VCT 2026: China Stage 1
TEC,Spitfires,Waylay,1.15,1.3,1.0,275.0,303.0,247.0,24.0,14.0,10.0,22.0,11.0,11.0,12.0,7.0,5.0,2.0,3.0,-1.0,0.82,0.71,0.93,172.0,187.0,157.0,0.28,0.35,0.22,8.0,5.0,3.0,1.0,0.0,1.0,7.0,5.0,2.0,Split,257949,1:13:27,2026-04-04 05:00:00,https://www.vlr.gg/642922/tyloo-vs-titan-esports-club-vct-2026-china-stage-1-w1,VCT 2026: China Stage 1
TEC,Dynamite,Neon,1.07,0.95,1.19,213.0,208.0,218.0,21.0,10.0,11.0,18.0,10.0,8.0,8.0,6.0,2.0,3.0,0.0,3.0,0.79,0.79,0.79,133.0,128.0,138.0,0.14,0.14,0.15,4.0,3.0,1.0,1.0,1.0,0.0,3.0,2.0,1.0,Split,257949,1:13:27,2026-04-04 05:00:00,https://www.vlr.gg/642922/tyloo-vs-titan-esports-club-vct-2026-china-stage-1-w1,VCT 2026: China Stage 1
TEC,Haodong,Omen,0.95,1.22,0.68,176.0,197.0,155.0,19.0,11.0,8.0,19.0,8.0,11.0,6.0,2.0,4.0,0.0,3.0,-3.0,0.79,0.86,0.71,114.0,113.0,115.0,0.25,0.2,0.32,3.0,3.0,0.0,0.0,0.0,0.0,3.0,3.0,0.0,Split,257949,1:13:27,2026-04-04 05:00:00,https://www.vlr.gg/642922/tyloo-vs-titan-esports-club-vct-2026-china-stage-1-w1,VCT 2026: China Stage 1
TEC,Coco,Viper,0.49,0.32,0.67,145.0,136.0,154.0,13.0,6.0,7.0,23.0,12.0,11.0,7.0,3.0,4.0,-10.0,-6.0,-4.0,0.68,0.71,0.64,100.0,89.0,111.0,0.22,0.15,0.28,3.0,1.0,2.0,4.0,1.0,3.0,-1.0,0.0,-1.0,Split,257949,1:13:27,2026-04-04 05:00:00,https://www.vlr.gg/642922/tyloo-vs-titan-esports-club-vct-2026-china-stage-1-w1,VCT 2026: China Stage 1
TYL,Scales,Viper,1.36,1.08,1.72,248.0,190.0,357.0,44.0,18.0,26.0,28.0,15.0,13.0,6.0,4.0,2.0,16.0,3.0,13.0,0.74,0.77,0.7,175.0,137.0,225.0,0.33,0.41,0.32,5.0,4.0,1.0,6.0,3.0,3.0,-1.0,1.0,-2.0,all,all,all,2026-04-04 05:00:00,https://www.vlr.gg/642922/tyloo-vs-titan-esports-club-vct-2026-china-stage-1-w1,VCT 2026: China Stage 1
TYL,Erv,Waylay,1.18,1.32,1.0,253.0,265.0,206.0,38.0,24.0,14.0,31.0,17.0,14.0,15.0,11.0,4.0,7.0,7.0,0.0,0.78,0.85,0.7,157.0,180.0,127.0,0.34,0.32,0.38,8.0,6.0,2.0,5.0,3.0,2.0,3.0,3.0,0.0,all,all,all,2026-04-04 05:00:00,https://www.vlr.gg/642922/tyloo-vs-titan-esports-club-vct-2026-china-stage-1-w1,VCT 2026: China Stage 1
TYL,slowly,Omen,1.12,1.03,1.24,198.0,160.0,243.0,29.0,13.0,16.0,31.0,16.0,15.0,28.0,23.0,5.0,-2.0,-3.0,1.0,0.89,0.92,0.85,129.0,101.0,166.0,0.32,0.29,0.34,0.0,0.0,0.0,7.0,4.0,3.0,-7.0,-4.0,-3.0,all,all,all,2026-04-04 05:00:00,https://www.vlr.gg/642922/tyloo-vs-titan-esports-club-vct-2026-china-stage-1-w1,VCT 2026: China Stage 1
TYL,sword9,Skye,0.97,1.21,0.66,152.0,156.0,135.0,25.0,16.0,9.0,26.0,12.0,14.0,12.0,9.0,3.0,-1.0,4.0,-5.0,0.74,0.85,0.6,108.0,111.0,104.0,0.22,0.22,0.21,1.0,0.0,1.0,3.0,0.0,3.0,-2.0,0.0,-2.0,all,all,all,2026-04-04 05:00:00,https://www.vlr.gg/642922/tyloo-vs-titan-esports-club-vct-2026-china-stage-1-w1,VCT 2026: China Stage 1
TYL,splash,Neon,0.94,1.35,0.41,252.0,317.0,150.0,38.0,30.0,8.0,38.0,19.0,19.0,8.0,4.0,4.0,0.0,11.0,-11.0,0.67,0.73,0.6,153.0,195.0,98.0,0.29,0.28,0.31,5.0,4.0,1.0,6.0,2.0,4.0,-1.0,2.0,-3.0,all,all,all,2026-04-04 05:00:00,https://www.vlr.gg/642922/tyloo-vs-titan-esports-club-vct-2026-china-stage-1-w1,VCT 2026: China Stage 1
TEC,Spitfires,Waylay,1.08,1.03,1.12,227.0,250.0,227.0,34.0,16.0,18.0,35.0,16.0,19.0,15.0,8.0,7.0,-1.0,0.0,-1.0,0.74,0.65,0.81,149.0,157.0,143.0,0.23,0.27,0.23,11.0,5.0,6.0,2.0,0.0,2.0,9.0,5.0,4.0,all,all,all,2026-04-04 05:00:00,https://www.vlr.gg/642922/tyloo-vs-titan-esports-club-vct-2026-china-stage-1-w1,VCT 2026: China Stage 1
TEC,lucas,Skye,1.07,1.67,0.6,202.0,271.0,156.0,37.0,23.0,14.0,32.0,11.0,21.0,12.0,6.0,6.0,5.0,12.0,-7.0,0.65,0.75,0.58,141.0,190.0,103.0,0.35,0.47,0.24,1.0,0.0,1.0,4.0,0.0,4.0,-3.0,0.0,-3.0,all,all,all,2026-04-04 05:00:00,https://www.vlr.gg/642922/tyloo-vs-titan-esports-club-vct-2026-china-stage-1-w1,VCT 2026: China Stage 1
TEC,Haodong,Omen,1.06,1.18,0.96,201.0,198.0,194.0,33.0,15.0,18.0,32.0,12.0,20.0,16.0,4.0,12.0,1.0,3.0,-2.0,0.72,0.8,0.65,129.0,121.0,136.0,0.3,0.26,0.31,4.0,4.0,0.0,2.0,0.0,2.0,2.0,4.0,-2.0,all,all,all,2026-04-04 05:00:00,https://www.vlr.gg/642922/tyloo-vs-titan-esports-club-vct-2026-china-stage-1-w1,VCT 2026: China Stage 1
TEC,Dynamite,Neon,1.01,0.91,1.09,218.0,216.0,218.0,33.0,14.0,19.0,36.0,16.0,20.0,15.0,8.0,7.0,-3.0,-2.0,-1.0,0.74,0.75,0.73,135.0,130.0,138.0,0.19,0.16,0.18,8.0,5.0,3.0,2.0,2.0,0.0,6.0,3.0,3.0,all,all,all,2026-04-04 05:00:00,https://www.vlr.gg/642922/tyloo-vs-titan-esports-club-vct-2026-china-stage-1-w1,VCT 2026: China Stage 1
TEC,Coco,Viper,0.38,0.23,0.52,112.0,115.0,123.0,17.0,7.0,10.0,39.0,18.0,21.0,11.0,4.0,7.0,-22.0,-11.0,-11.0,0.61,0.7,0.54,82.0,76.0,87.0,0.22,0.16,0.26,3.0,1.0,2.0,9.0,3.0,6.0,-6.0,-2.0,-4.0,all,all,all,2026-04-04 05:00:00,https://www.vlr.gg/642922/tyloo-vs-titan-esports-club-vct-2026-china-stage-1-w1,VCT 2026: China Stage 1
TYL,Erv,Phoenix,1.79,1.89,1.59,315.0,354.0,237.0,19.0,14.0,5.0,7.0,5.0,2.0,12.0,10.0,2.0,12.0,9.0,3.0,0.94,0.92,1.0,220.0,248.0,164.0,0.35,0.3,0.5,4.0,3.0,1.0,0.0,0.0,0.0,4.0,3.0,1.0,Fracture,257950,39:32,2026-04-04 05:00:00,https://www.vlr.gg/642922/tyloo-vs-titan-esports-club-vct-2026-china-stage-1-w1,VCT 2026: China Stage 1
TYL,slowly,Brimstone,1.3,1.07,1.75,207.0,143.0,335.0,12.0,5.0,7.0,9.0,6.0,3.0,13.0,12.0,1.0,3.0,-1.0,4.0,0.83,0.92,0.67,136.0,87.0,234.0,0.32,0.27,0.37,0.0,0.0,0.0,3.0,1.0,2.0,-3.0,-1.0,-2.0,Fracture,257950,39:32,2026-04-04 05:00:00,https://www.vlr.gg/642922/tyloo-vs-titan-esports-club-vct-2026-china-stage-1-w1,VCT 2026: China Stage 1
TYL,sword9,Tejo,1.16,1.24,0.98,172.0,157.0,202.0,12.0,8.0,4.0,9.0,5.0,4.0,5.0,3.0,2.0,3.0,3.0,0.0,0.89,0.92,0.83,124.0,105.0,162.0,0.25,0.22,0.31,1.0,0.0,1.0,0.0,0.0,0.0,1.0,0.0,1.0,Fracture,257950,39:32,2026-04-04 05:00:00,https://www.vlr.gg/642922/tyloo-vs-titan-esports-club-vct-2026-china-stage-1-w1,VCT 2026: China Stage 1
TYL,splash,Neon,0.95,1.13,0.59,286.0,328.0,202.0,19.0,15.0,4.0,16.0,10.0,6.0,2.0,1.0,1.0,3.0,5.0,-2.0,0.67,0.58,0.83,167.0,187.0,127.0,0.27,0.24,0.36,3.0,3.0,0.0,2.0,2.0,0.0,1.0,1.0,0.0,Fracture,257950,39:32,2026-04-04 05:00:00,https://www.vlr.gg/642922/tyloo-vs-titan-esports-club-vct-2026-china-stage-1-w1,VCT 2026: China Stage 1
TYL,Scales,Cypher,0.93,0.89,1.01,178.0,160.0,214.0,13.0,8.0,5.0,11.0,7.0,4.0,2.0,2.0,0.0,2.0,1.0,1.0,0.78,0.83,0.67,117.0,116.0,119.0,0.24,0.36,0.17,2.0,1.0,1.0,3.0,2.0,1.0,-1.0,-1.0,0.0,Fracture,257950,39:32,2026-04-04 05:00:00,https://www.vlr.gg/642922/tyloo-vs-titan-esports-club-vct-2026-china-stage-1-w1,VCT 2026: China Stage 1
TEC,Haodong,Brimstone,1.23,1.09,1.3,226.0,199.0,240.0,14.0,4.0,10.0,13.0,4.0,9.0,10.0,2.0,8.0,1.0,0.0,1.0,0.61,0.67,0.58,153.0,139.0,160.0,0.34,0.5,0.3,1.0,1.0,0.0,2.0,0.0,2.0,-1.0,1.0,-2.0,Fracture,257950,39:32,2026-04-04 05:00:00,https://www.vlr.gg/642922/tyloo-vs-titan-esports-club-vct-2026-china-stage-1-w1,VCT 2026: China Stage 1
TEC,Spitfires,Waylay,0.97,0.4,1.26,178.0,126.0,204.0,10.0,2.0,8.0,13.0,5.0,8.0,3.0,1.0,2.0,-3.0,-3.0,0.0,0.61,0.5,0.67,113.0,86.0,127.0,0.18,0.07,0.25,3.0,0.0,3.0,1.0,0.0,1.0,2.0,0.0,2.0,Fracture,257950,39:32,2026-04-04 05:00:00,https://www.vlr.gg/642922/tyloo-vs-titan-esports-club-vct-2026-china-stage-1-w1,VCT 2026: China Stage 1
TEC,Dynamite,Neon,0.92,0.81,0.98,223.0,234.0,218.0,12.0,4.0,8.0,18.0,6.0,12.0,7.0,2.0,5.0,-6.0,-2.0,-4.0,0.67,0.67,0.67,138.0,136.0,139.0,0.23,0.27,0.23,4.0,2.0,2.0,1.0,1.0,0.0,3.0,1.0,2.0,Fracture,257950,39:32,2026-04-04 05:00:00,https://www.vlr.gg/642922/tyloo-vs-titan-esports-club-vct-2026-china-stage-1-w1,VCT 2026: China Stage 1
TEC,lucas,Skye,0.83,1.91,0.29,184.0,337.0,108.0,12.0,8.0,4.0,15.0,4.0,11.0,5.0,1.0,4.0,-3.0,4.0,-7.0,0.61,0.67,0.58,118.0,219.0,68.0,0.35,0.56,0.19,0.0,0.0,0.0,1.0,0.0,1.0,-1.0,0.0,-1.0,Fracture,257950,39:32,2026-04-04 05:00:00,https://www.vlr.gg/642922/tyloo-vs-titan-esports-club-vct-2026-china-stage-1-w1,VCT 2026: China Stage 1
TEC,Coco,Cypher,0.21,0.02,0.35,79.0,65.0,86.0,4.0,1.0,3.0,16.0,6.0,10.0,4.0,1.0,3.0,-12.0,-5.0,-7.0,0.5,0.67,0.42,54.0,45.0,59.0,0.22,0.2,0.23,0.0,0.0,0.0,5.0,2.0,3.0,-5.0,-2.0,-3.0,Fracture,257950,39:32,2026-04-04 05:00:00,https://www.vlr.gg/642922/tyloo-vs-titan-esports-club-vct-2026-china-stage-1-w1,VCT 2026: China Stage 1
WOL,yosemite,Cypher,1.16,1.24,1.06,250.0,254.0,245.0,18.0,10.0,8.0,18.0,10.0,8.0,4.0,1.0,3.0,0.0,0.0,0.0,0.73,0.67,0.8,177.0,187.0,165.0,0.41,0.38,0.44,3.0,1.0,2.0,2.0,1.0,1.0,1.0,0.0,1.0,Fracture,257952,57:35,2026-04-04 07:30:00,https://www.vlr.gg/642923/wolves-esports-vs-edward-gaming-vct-2026-china-stage-1-w1,VCT 2026: China Stage 1
WOL,glacier,Waylay,0.97,0.52,1.51,237.0,158.0,332.0,18.0,6.0,12.0,18.0,11.0,7.0,3.0,1.0,2.0,0.0,-5.0,5.0,0.73,0.58,0.9,157.0,121.0,200.0,0.22,0.27,0.18,6.0,2.0,4.0,3.0,3.0,0.0,3.0,-1.0,4.0,Fracture,257952,57:35,2026-04-04 07:30:00,https://www.vlr.gg/642923/wolves-esports-vs-edward-gaming-vct-2026-china-stage-1-w1,VCT 2026: China Stage 1
WOL,jowa,Brimstone,0.92,0.6,1.31,175.0,128.0,231.0,12.0,4.0,8.0,16.0,11.0,5.0,12.0,5.0,7.0,-4.0,-7.0,3.0,0.68,0.58,0.8,103.0,80.0,131.0,0.43,0.24,0.73,1.0,1.0,0.0,0.0,0.0,0.0,1.0,1.0,0.0,Fracture,257952,57:35,2026-04-04 07:30:00,https://www.vlr.gg/642923/wolves-esports-vs-edward-gaming-vct-2026-china-stage-1-w1,VCT 2026: China Stage 1
WOL,Spring,Neon,0.71,0.37,1.11,176.0,135.0,225.0,14.0,5.0,9.0,18.0,12.0,6.0,6.0,2.0,4.0,-4.0,-7.0,3.0,0.68,0.58,0.8,114.0,88.0,145.0,0.26,0.26,0.27,2.0,2.0,0.0,4.0,2.0,2.0,-2.0,0.0,-2.0,Fracture,257952,57:35,2026-04-04 07:30:00,https://www.vlr.gg/642923/wolves-esports-vs-edward-gaming-vct-2026-china-stage-1-w1,VCT 2026: China Stage 1
WOL,SiuFatBB,Skye,0.58,0.36,0.84,95.0,93.0,97.0,7.0,3.0,4.0,16.0,11.0,5.0,6.0,3.0,3.0,-9.0,-8.0,-1.0,0.64,0.5,0.8,64.0,62.0,66.0,0.38,0.5,0.27,0.0,0.0,0.0,1.0,0.0,1.0,-1.0,0.0,-1.0,Fracture,257952,57:35,2026-04-04 07:30:00,https://www.vlr.gg/642923/wolves-esports-vs-edward-gaming-vct-2026-china-stage-1-w1,VCT 2026: China Stage 1
EDG,Smoggy,Brimstone,1.51,1.25,1.73,281.0,274.0,287.0,21.0,9.0,12.0,12.0,7.0,5.0,15.0,1.0,14.0,9.0,2.0,7.0,0.86,0.8,0.92,176.0,148.0,199.0,0.31,0.33,0.3,1.0,1.0,0.0,3.0,2.0,1.0,-2.0,-1.0,-1.0,Fracture,257952,57:35,2026-04-04 07:30:00,https://www.vlr.gg/642923/wolves-esports-vs-edward-gaming-vct-2026-china-stage-1-w1,VCT 2026: China Stage 1
EDG,nobody,Skye,1.42,1.33,1.51,262.0,231.0,288.0,20.0,8.0,12.0,13.0,7.0,6.0,13.0,7.0,6.0,7.0,1.0,6.0,0.77,0.7,0.83,149.0,146.0,152.0,0.16,0.27,0.11,3.0,1.0,2.0,0.0,0.0,0.0,3.0,1.0,2.0,Fracture,257952,57:35,2026-04-04 07:30:00,https://www.vlr.gg/642923/wolves-esports-vs-edward-gaming-vct-2026-china-stage-1-w1,VCT 2026: China Stage 1
EDG,ZmjjKK,Waylay,1.2,0.57,1.73,247.0,171.0,310.0,19.0,6.0,13.0,15.0,10.0,5.0,7.0,0.0,7.0,4.0,-4.0,8.0,0.77,0.7,0.83,165.0,132.0,193.0,0.21,0.33,0.11,4.0,0.0,4.0,2.0,1.0,1.0,2.0,-1.0,3.0,Fracture,257952,57:35,2026-04-04 07:30:00,https://www.vlr.gg/642923/wolves-esports-vs-edward-gaming-vct-2026-china-stage-1-w1,VCT 2026: China Stage 1
EDG,Jieni7,Neon,0.91,0.62,1.14,178.0,173.0,182.0,15.0,6.0,9.0,15.0,9.0,6.0,6.0,0.0,6.0,0.0,-3.0,3.0,0.68,0.4,0.92,128.0,131.0,126.0,0.22,0.19,0.26,2.0,2.0,0.0,6.0,3.0,3.0,-4.0,-1.0,-3.0,Fracture,257952,57:35,2026-04-04 07:30:00,https://www.vlr.gg/642923/wolves-esports-vs-edward-gaming-vct-2026-china-stage-1-w1,VCT 2026: China Stage 1
EDG,CHICHOO,Cypher,0.86,0.52,1.15,127.0,86.0,161.0,11.0,2.0,9.0,14.0,8.0,6.0,5.0,4.0,1.0,-3.0,-6.0,3.0,0.73,0.7,0.75,88.0,73.0,101.0,0.21,0.27,0.17,0.0,0.0,0.0,1.0,0.0,1.0,-1.0,0.0,-1.0,Fracture,257952,57:35,2026-04-04 07:30:00,https://www.vlr.gg/642923/wolves-esports-vs-edward-gaming-vct-2026-china-stage-1-w1,VCT 2026: China Stage 1
WOL,jowa,Brimstone,1.06,0.88,1.25,185.0,159.0,213.0,29.0,12.0,17.0,32.0,18.0,14.0,16.0,7.0,9.0,-3.0,-6.0,3.0,0.73,0.7,0.77,115.0,98.0,134.0,0.45,0.34,0.55,3.0,2.0,1.0,2.0,0.0,2.0,1.0,2.0,-1.0,all,all,all,2026-04-04 07:30:00,https://www.vlr.gg/642923/wolves-esports-vs-edward-gaming-vct-2026-china-stage-1-w1,VCT 2026: China Stage 1
WOL,yosemite,Cypher,1.02,0.93,1.11,213.0,176.0,250.0,34.0,14.0,20.0,36.0,17.0,19.0,7.0,2.0,5.0,-2.0,-3.0,1.0,0.73,0.65,0.82,143.0,126.0,161.0,0.39,0.38,0.4,3.0,1.0,2.0,3.0,2.0,1.0,0.0,-1.0,1.0,all,all,all,2026-04-04 07:30:00,https://www.vlr.gg/642923/wolves-esports-vs-edward-gaming-vct-2026-china-stage-1-w1,VCT 2026: China Stage 1
WOL,glacier,Waylay,1.02,0.87,1.18,234.0,212.0,257.0,35.0,16.0,19.0,36.0,19.0,17.0,14.0,4.0,10.0,-1.0,-3.0,2.0,0.71,0.65,0.77,146.0,137.0,156.0,0.26,0.34,0.18,13.0,6.0,7.0,9.0,7.0,2.0,4.0,-1.0,5.0,all,all,all,2026-04-04 07:30:00,https://www.vlr.gg/642923/wolves-esports-vs-edward-gaming-vct-2026-china-stage-1-w1,VCT 2026: China Stage 1
WOL,Spring,Neon,0.81,0.52,1.11,179.0,147.0,212.0,26.0,10.0,16.0,36.0,21.0,15.0,14.0,4.0,10.0,-10.0,-11.0,1.0,0.69,0.57,0.82,121.0,103.0,139.0,0.22,0.23,0.2,5.0,3.0,2.0,4.0,2.0,2.0,1.0,1.0,0.0,all,all,all,2026-04-04 07:30:00,https://www.vlr.gg/642923/wolves-esports-vs-edward-gaming-vct-2026-china-stage-1-w1,VCT 2026: China Stage 1
WOL,SiuFatBB,Skye,0.77,0.62,0.93,130.0,111.0,151.0,21.0,8.0,13.0,32.0,18.0,14.0,15.0,9.0,6.0,-11.0,-10.0,-1.0,0.73,0.7,0.77,89.0,67.0,111.0,0.4,0.35,0.43,0.0,0.0,0.0,3.0,0.0,3.0,-3.0,0.0,-3.0,all,all,all,2026-04-04 07:30:00,https://www.vlr.gg/642923/wolves-esports-vs-edward-gaming-vct-2026-china-stage-1-w1,VCT 2026: China Stage 1
EDG,ZmjjKK,Waylay,1.39,1.08,1.68,291.0,268.0,314.0,45.0,21.0,24.0,30.0,19.0,11.0,14.0,3.0,11.0,15.0,2.0,13.0,0.82,0.77,0.87,198.0,182.0,214.0,0.2,0.21,0.17,7.0,2.0,5.0,4.0,2.0,2.0,3.0,0.0,3.0,all,all,all,2026-04-04 07:30:00,https://www.vlr.gg/642923/wolves-esports-vs-edward-gaming-vct-2026-china-stage-1-w1,VCT 2026: China Stage 1
EDG,nobody,Skye,1.17,1.04,1.3,212.0,208.0,214.0,32.0,16.0,16.0,27.0,16.0,11.0,22.0,10.0,12.0,5.0,0.0,5.0,0.76,0.68,0.83,127.0,127.0,126.0,0.19,0.29,0.11,4.0,2.0,2.0,1.0,1.0,0.0,3.0,1.0,2.0,all,all,all,2026-04-04 07:30:00,https://www.vlr.gg/642923/wolves-esports-vs-edward-gaming-vct-2026-china-stage-1-w1,VCT 2026: China Stage 1
EDG,Smoggy,Brimstone,1.14,0.99,1.28,239.0,226.0,250.0,38.0,18.0,20.0,30.0,17.0,13.0,20.0,4.0,16.0,8.0,1.0,7.0,0.78,0.77,0.78,161.0,145.0,175.0,0.38,0.43,0.33,2.0,2.0,0.0,10.0,5.0,5.0,-8.0,-3.0,-5.0,all,all,all,2026-04-04 07:30:00,https://www.vlr.gg/642923/wolves-esports-vs-edward-gaming-vct-2026-china-stage-1-w1,VCT 2026: China Stage 1
EDG,CHICHOO,Cypher,1.09,0.94,1.24,184.0,184.0,187.0,33.0,14.0,19.0,26.0,15.0,11.0,12.0,7.0,5.0,7.0,-1.0,8.0,0.71,0.73,0.7,124.0,135.0,113.0,0.29,0.36,0.23,4.0,2.0,2.0,2.0,1.0,1.0,2.0,1.0,1.0,all,all,all,2026-04-04 07:30:00,https://www.vlr.gg/642923/wolves-esports-vs-edward-gaming-vct-2026-china-stage-1-w1,VCT 2026: China Stage 1
EDG,Jieni7,Neon,0.69,0.49,0.88,140.0,122.0,156.0,24.0,10.0,14.0,32.0,18.0,14.0,10.0,2.0,8.0,-8.0,-8.0,0.0,0.71,0.68,0.74,94.0,87.0,101.0,0.21,0.18,0.24,4.0,2.0,2.0,7.0,3.0,4.0,-3.0,-1.0,-2.0,all,all,all,2026-04-04 07:30:00,https://www.vlr.gg/642923/wolves-esports-vs-edward-gaming-vct-2026-china-stage-1-w1,VCT 2026: China Stage 1
WOL,jowa,Omen,1.2,1.2,1.2,195.0,192.0,198.0,17.0,8.0,9.0,16.0,7.0,9.0,4.0,2.0,2.0,1.0,1.0,0.0,0.78,0.82,0.75,127.0,117.0,136.0,0.46,0.47,0.45,2.0,1.0,1.0,2.0,0.0,2.0,0.0,1.0,-1.0,Lotus,257953,52:14,2026-04-04 07:30:00,https://www.vlr.gg/642923/wolves-esports-vs-edward-gaming-vct-2026-china-stage-1-w1,VCT 2026: China Stage 1
WOL,glacier,Waylay,1.07,1.25,0.91,231.0,270.0,195.0,17.0,10.0,7.0,18.0,8.0,10.0,11.0,3.0,8.0,-1.0,2.0,-3.0,0.7,0.73,0.67,136.0,154.0,120.0,0.3,0.41,0.18,7.0,4.0,3.0,6.0,4.0,2.0,1.0,0.0,1.0,Lotus,257953,52:14,2026-04-04 07:30:00,https://www.vlr.gg/642923/wolves-esports-vs-edward-gaming-vct-2026-china-stage-1-w1,VCT 2026: China Stage 1
WOL,SiuFatBB,Fade,0.96,0.91,1.01,164.0,130.0,195.0,14.0,5.0,9.0,16.0,7.0,9.0,9.0,6.0,3.0,-2.0,-2.0,0.0,0.83,0.91,0.75,112.0,72.0,149.0,0.41,0.2,0.53,0.0,0.0,0.0,2.0,0.0,2.0,-2.0,0.0,-2.0,Lotus,257953,52:14,2026-04-04 07:30:00,https://www.vlr.gg/642923/wolves-esports-vs-edward-gaming-vct-2026-china-stage-1-w1,VCT 2026: China Stage 1
WOL,Spring,Viper,0.9,0.69,1.1,181.0,160.0,200.0,12.0,5.0,7.0,18.0,9.0,9.0,8.0,2.0,6.0,-6.0,-4.0,-2.0,0.7,0.55,0.83,127.0,119.0,134.0,0.17,0.19,0.15,3.0,1.0,2.0,0.0,0.0,0.0,3.0,1.0,2.0,Lotus,257953,52:14,2026-04-04 07:30:00,https://www.vlr.gg/642923/wolves-esports-vs-edward-gaming-vct-2026-china-stage-1-w1,VCT 2026: China Stage 1
WOL,yosemite,Killjoy,0.88,0.6,1.14,176.0,90.0,255.0,16.0,4.0,12.0,18.0,7.0,11.0,3.0,1.0,2.0,-2.0,-3.0,1.0,0.74,0.64,0.83,111.0,60.0,158.0,0.36,0.38,0.36,0.0,0.0,0.0,1.0,1.0,0.0,-1.0,-1.0,0.0,Lotus,257953,52:14,2026-04-04 07:30:00,https://www.vlr.gg/642923/wolves-esports-vs-edward-gaming-vct-2026-china-stage-1-w1,VCT 2026: China Stage 1
EDG,ZmjjKK,Raze,1.56,1.51,1.63,334.0,349.0,318.0,26.0,15.0,11.0,15.0,9.0,6.0,7.0,3.0,4.0,11.0,6.0,5.0,0.87,0.83,0.91,230.0,224.0,237.0,0.19,0.16,0.24,3.0,2.0,1.0,2.0,1.0,1.0,1.0,1.0,0.0,Lotus,257953,52:14,2026-04-04 07:30:00,https://www.vlr.gg/642923/wolves-esports-vs-edward-gaming-vct-2026-china-stage-1-w1,VCT 2026: China Stage 1
EDG,CHICHOO,Cypher,1.31,1.29,1.34,241.0,265.0,215.0,22.0,12.0,10.0,12.0,7.0,5.0,7.0,3.0,4.0,10.0,5.0,5.0,0.7,0.75,0.64,158.0,186.0,127.0,0.37,0.4,0.32,4.0,2.0,2.0,1.0,1.0,0.0,3.0,1.0,2.0,Lotus,257953,52:14,2026-04-04 07:30:00,https://www.vlr.gg/642923/wolves-esports-vs-edward-gaming-vct-2026-china-stage-1-w1,VCT 2026: China Stage 1
EDG,nobody,Fade,0.93,0.8,1.07,162.0,188.0,134.0,12.0,8.0,4.0,14.0,9.0,5.0,9.0,3.0,6.0,-2.0,-1.0,-1.0,0.74,0.67,0.82,105.0,112.0,97.0,0.22,0.3,0.11,1.0,1.0,0.0,1.0,1.0,0.0,0.0,0.0,0.0,Lotus,257953,52:14,2026-04-04 07:30:00,https://www.vlr.gg/642923/wolves-esports-vs-edward-gaming-vct-2026-china-stage-1-w1,VCT 2026: China Stage 1
EDG,Smoggy,Phoenix,0.78,0.77,0.79,197.0,186.0,209.0,17.0,9.0,8.0,18.0,10.0,8.0,5.0,3.0,2.0,-1.0,-1.0,0.0,0.7,0.75,0.64,146.0,143.0,149.0,0.45,0.56,0.38,1.0,1.0,0.0,7.0,3.0,4.0,-6.0,-2.0,-4.0,Lotus,257953,52:14,2026-04-04 07:30:00,https://www.vlr.gg/642923/wolves-esports-vs-edward-gaming-vct-2026-china-stage-1-w1,VCT 2026: China Stage 1
EDG,Jieni7,Omen,0.48,0.37,0.6,102.0,79.0,127.0,9.0,4.0,5.0,17.0,9.0,8.0,4.0,2.0,2.0,-8.0,-5.0,-3.0,0.74,0.92,0.55,62.0,50.0,75.0,0.19,0.17,0.21,2.0,0.0,2.0,1.0,0.0,1.0,1.0,0.0,1.0,Lotus,257953,52:14,2026-04-04 07:30:00,https://www.vlr.gg/642923/wolves-esports-vs-edward-gaming-vct-2026-china-stage-1-w1,VCT 2026: China Stage 1
TE,Xlele,Phoenix,1.6,1.9,1.24,318.0,402.0,217.0,26.0,17.0,9.0,13.0,9.0,4.0,1.0,0.0,1.0,13.0,8.0,5.0,0.82,0.75,0.9,201.0,240.0,154.0,0.49,0.51,0.44,1.0,1.0,0.0,3.0,2.0,1.0,-2.0,-1.0,-1.0,Breeze,257955,1:02:12,2026-04-05 05:00:00,https://www.vlr.gg/642924/trace-esports-vs-xi-lai-gaming-vct-2026-china-stage-1-w1,VCT 2026: China Stage 1
TE,deLb,Omen,1.28,1.02,1.59,250.0,173.0,342.0,21.0,8.0,13.0,15.0,9.0,6.0,4.0,2.0,2.0,6.0,-1.0,7.0,0.73,0.58,0.9,162.0,98.0,239.0,0.43,0.46,0.42,2.0,1.0,1.0,1.0,1.0,0.0,1.0,0.0,1.0,Breeze,257955,1:02:12,2026-04-05 05:00:00,https://www.vlr.gg/642924/trace-esports-vs-xi-lai-gaming-vct-2026-china-stage-1-w1,VCT 2026: China Stage 1
TE,Viva,Sova,1.24,0.92,1.63,223.0,135.0,329.0,17.0,5.0,12.0,12.0,8.0,4.0,5.0,4.0,1.0,5.0,-3.0,8.0,0.82,0.75,0.9,148.0,95.0,212.0,0.18,0.11,0.23,2.0,0.0,2.0,1.0,1.0,0.0,1.0,-1.0,2.0,Breeze,257955,1:02:12,2026-04-05 05:00:00,https://www.vlr.gg/642924/trace-esports-vs-xi-lai-gaming-vct-2026-china-stage-1-w1,VCT 2026: China Stage 1
TE,Abo,Viper,0.66,0.33,1.06,141.0,116.0,171.0,9.0,4.0,5.0,15.0,11.0,4.0,3.0,0.0,3.0,-6.0,-7.0,1.0,0.59,0.33,0.9,92.0,76.0,111.0,0.29,0.24,0.36,3.0,1.0,2.0,2.0,2.0,0.0,1.0,-1.0,2.0,Breeze,257955,1:02:12,2026-04-05 05:00:00,https://www.vlr.gg/642924/trace-esports-vs-xi-lai-gaming-vct-2026-china-stage-1-w1,VCT 2026: China Stage 1
TE,Kai,Jett,0.57,0.15,1.07,146.0,78.0,228.0,11.0,2.0,9.0,16.0,11.0,5.0,5.0,4.0,1.0,-5.0,-9.0,4.0,0.64,0.5,0.8,97.0,61.0,140.0,0.29,0.14,0.43,3.0,0.0,3.0,4.0,3.0,1.0,-1.0,-3.0,2.0,Breeze,257955,1:02:12,2026-04-05 05:00:00,https://www.vlr.gg/642924/trace-esports-vs-xi-lai-gaming-vct-2026-china-stage-1-w1,VCT 2026: China Stage 1
XLG,WsLeo,Sova,1.4,1.73,1.13,240.0,325.0,169.0,18.0,11.0,7.0,14.0,8.0,6.0,7.0,2.0,5.0,4.0,3.0,1.0,0.77,0.8,0.75,172.0,225.0,128.0,0.36,0.4,0.32,1.0,0.0,1.0,0.0,0.0,0.0,1.0,0.0,1.0,Breeze,257955,1:02:12,2026-04-05 05:00:00,https://www.vlr.gg/642924/trace-esports-vs-xi-lai-gaming-vct-2026-china-stage-1-w1,VCT 2026: China Stage 1
XLG,Rarga,Chamber,1.11,0.17,1.9,252.0,66.0,407.0,20.0,2.0,18.0,17.0,10.0,7.0,1.0,0.0,1.0,3.0,-8.0,11.0,0.59,0.4,0.75,162.0,40.0,264.0,0.28,0.25,0.28,6.0,2.0,4.0,2.0,1.0,1.0,4.0,1.0,3.0,Breeze,257955,1:02:12,2026-04-05 05:00:00,https://www.vlr.gg/642924/trace-esports-vs-xi-lai-gaming-vct-2026-china-stage-1-w1,VCT 2026: China Stage 1
XLG,Lysoar,Sage,1.02,0.7,1.28,210.0,148.0,262.0,17.0,5.0,12.0,17.0,10.0,7.0,3.0,0.0,3.0,0.0,-5.0,5.0,0.82,0.7,0.92,139.0,107.0,166.0,0.35,0.38,0.33,1.0,0.0,1.0,2.0,2.0,0.0,-1.0,-2.0,1.0,Breeze,257955,1:02:12,2026-04-05 05:00:00,https://www.vlr.gg/642924/trace-esports-vs-xi-lai-gaming-vct-2026-china-stage-1-w1,VCT 2026: China Stage 1
XLG,happywei,Viper,0.78,0.75,0.81,194.0,179.0,207.0,12.0,5.0,7.0,19.0,10.0,9.0,8.0,2.0,6.0,-7.0,-5.0,-2.0,0.73,0.7,0.75,134.0,126.0,141.0,0.31,0.31,0.31,2.0,0.0,2.0,1.0,0.0,1.0,1.0,0.0,1.0,Breeze,257955,1:02:12,2026-04-05 05:00:00,https://www.vlr.gg/642924/trace-esports-vs-xi-lai-gaming-vct-2026-china-stage-1-w1,VCT 2026: China Stage 1
XLG,NoMan,Neon,0.24,0.01,0.59,55.0,12.0,91.0,4.0,0.0,4.0,17.0,10.0,7.0,6.0,1.0,5.0,-13.0,-10.0,-3.0,0.5,0.3,0.67,42.0,12.0,67.0,0.15,0.0,0.19,1.0,0.0,1.0,6.0,5.0,1.0,-5.0,-5.0,0.0,Breeze,257955,1:02:12,2026-04-05 05:00:00,https://www.vlr.gg/642924/trace-esports-vs-xi-lai-gaming-vct-2026-china-stage-1-w1,VCT 2026: China Stage 1
TE,Xlele,Phoenix,1.22,1.35,1.07,243.0,281.0,199.0,60.0,37.0,23.0,45.0,27.0,18.0,13.0,9.0,4.0,15.0,10.0,5.0,0.78,0.81,0.76,156.0,177.0,129.0,0.37,0.37,0.4,4.0,3.0,1.0,8.0,6.0,2.0,-4.0,-3.0,-1.0,all,all,all,2026-04-05 05:00:00,https://www.vlr.gg/642924/trace-esports-vs-xi-lai-gaming-vct-2026-china-stage-1-w1,VCT 2026: China Stage 1
TE,deLb,Omen,1.22,1.47,0.9,226.0,254.0,193.0,55.0,36.0,19.0,44.0,23.0,21.0,16.0,7.0,9.0,11.0,13.0,-2.0,0.77,0.78,0.76,147.0,157.0,133.0,0.38,0.39,0.38,5.0,4.0,1.0,5.0,3.0,2.0,0.0,1.0,-1.0,all,all,all,2026-04-05 05:00:00,https://www.vlr.gg/642924/trace-esports-vs-xi-lai-gaming-vct-2026-china-stage-1-w1,VCT 2026: China Stage 1
TE,Abo,Viper,0.94,1.14,0.69,174.0,202.0,144.0,38.0,26.0,12.0,44.0,23.0,21.0,8.0,4.0,4.0,-6.0,3.0,-9.0,0.63,0.72,0.52,121.0,143.0,95.0,0.35,0.35,0.4,6.0,3.0,3.0,5.0,3.0,2.0,1.0,0.0,1.0,all,all,all,2026-04-05 05:00:00,https://www.vlr.gg/642924/trace-esports-vs-xi-lai-gaming-vct-2026-china-stage-1-w1,VCT 2026: China Stage 1
TE,Viva,Sova,0.81,0.74,0.9,173.0,144.0,208.0,36.0,16.0,20.0,49.0,28.0,21.0,21.0,14.0,7.0,-13.0,-12.0,-1.0,0.75,0.78,0.72,115.0,102.0,131.0,0.26,0.22,0.25,6.0,2.0,4.0,9.0,4.0,5.0,-3.0,-2.0,-1.0,all,all,all,2026-04-05 05:00:00,https://www.vlr.gg/642924/trace-esports-vs-xi-lai-gaming-vct-2026-china-stage-1-w1,VCT 2026: China Stage 1
TE,Kai,Jett,0.7,0.56,0.88,156.0,134.0,175.0,33.0,15.0,18.0,48.0,28.0,20.0,14.0,12.0,2.0,-15.0,-13.0,-2.0,0.71,0.72,0.69,99.0,90.0,110.0,0.26,0.24,0.33,4.0,0.0,4.0,13.0,8.0,5.0,-9.0,-8.0,-1.0,all,all,all,2026-04-05 05:00:00,https://www.vlr.gg/642924/trace-esports-vs-xi-lai-gaming-vct-2026-china-stage-1-w1,VCT 2026: China Stage 1
XLG,WsLeo,Sova,1.21,1.34,1.1,219.0,236.0,205.0,53.0,26.0,27.0,41.0,17.0,24.0,18.0,6.0,12.0,12.0,9.0,3.0,0.75,0.79,0.72,142.0,157.0,129.0,0.34,0.39,0.3,5.0,1.0,4.0,3.0,1.0,2.0,2.0,0.0,2.0,all,all,all,2026-04-05 05:00:00,https://www.vlr.gg/642924/trace-esports-vs-xi-lai-gaming-vct-2026-china-stage-1-w1,VCT 2026: China Stage 1
XLG,happywei,Viper,1.1,1.23,0.99,230.0,240.0,214.0,47.0,23.0,24.0,43.0,17.0,26.0,22.0,5.0,17.0,4.0,6.0,-2.0,0.8,0.86,0.75,151.0,151.0,150.0,0.3,0.3,0.31,8.0,5.0,3.0,4.0,1.0,3.0,4.0,4.0,0.0,all,all,all,2026-04-05 05:00:00,https://www.vlr.gg/642924/trace-esports-vs-xi-lai-gaming-vct-2026-china-stage-1-w1,VCT 2026: China Stage 1
XLG,Lysoar,Sage,1.07,1.16,1.01,216.0,203.0,229.0,49.0,21.0,28.0,46.0,19.0,27.0,23.0,13.0,10.0,3.0,2.0,1.0,0.8,0.76,0.83,149.0,137.0,159.0,0.31,0.3,0.29,6.0,3.0,3.0,2.0,2.0,0.0,4.0,1.0,3.0,all,all,all,2026-04-05 05:00:00,https://www.vlr.gg/642924/trace-esports-vs-xi-lai-gaming-vct-2026-china-stage-1-w1,VCT 2026: China Stage 1
XLG,Rarga,Chamber,0.98,0.99,0.97,227.0,211.0,242.0,50.0,19.0,31.0,49.0,21.0,28.0,13.0,10.0,3.0,1.0,-2.0,3.0,0.75,0.72,0.78,146.0,134.0,155.0,0.24,0.21,0.25,16.0,6.0,10.0,4.0,1.0,3.0,12.0,5.0,7.0,all,all,all,2026-04-05 05:00:00,https://www.vlr.gg/642924/trace-esports-vs-xi-lai-gaming-vct-2026-china-stage-1-w1,VCT 2026: China Stage 1
XLG,NoMan,Neon,0.74,0.82,0.73,132.0,112.0,144.0,31.0,12.0,19.0,43.0,18.0,25.0,15.0,6.0,9.0,-12.0,-6.0,-6.0,0.63,0.59,0.67,82.0,70.0,92.0,0.22,0.29,0.18,5.0,1.0,4.0,12.0,8.0,4.0,-7.0,-7.0,0.0,all,all,all,2026-04-05 05:00:00,https://www.vlr.gg/642924/trace-esports-vs-xi-lai-gaming-vct-2026-china-stage-1-w1,VCT 2026: China Stage 1
TE,Kai,Raze,1.25,1.14,1.43,247.0,244.0,252.0,17.0,10.0,7.0,15.0,9.0,6.0,3.0,3.0,0.0,2.0,1.0,1.0,0.8,0.83,0.75,153.0,155.0,150.0,0.37,0.4,0.46,1.0,0.0,1.0,2.0,1.0,1.0,-1.0,-1.0,0.0,Lotus,257956,46:19,2026-04-05 05:00:00,https://www.vlr.gg/642924/trace-esports-vs-xi-lai-gaming-vct-2026-china-stage-1-w1,VCT 2026: China Stage 1
TE,deLb,Veto,1.09,1.42,0.6,185.0,226.0,124.0,15.0,11.0,4.0,13.0,7.0,6.0,1.0,1.0,0.0,2.0,4.0,-2.0,0.7,0.83,0.5,121.0,154.0,72.0,0.32,0.27,0.5,2.0,2.0,0.0,1.0,0.0,1.0,1.0,2.0,-1.0,Lotus,257956,46:19,2026-04-05 05:00:00,https://www.vlr.gg/642924/trace-esports-vs-xi-lai-gaming-vct-2026-china-stage-1-w1,VCT 2026: China Stage 1
TE,Xlele,Omen,0.85,0.89,0.8,179.0,174.0,187.0,13.0,7.0,6.0,18.0,11.0,7.0,10.0,8.0,2.0,-5.0,-4.0,-1.0,0.65,0.75,0.5,127.0,129.0,124.0,0.34,0.27,0.5,0.0,0.0,0.0,2.0,2.0,0.0,-2.0,-2.0,0.0,Lotus,257956,46:19,2026-04-05 05:00:00,https://www.vlr.gg/642924/trace-esports-vs-xi-lai-gaming-vct-2026-china-stage-1-w1,VCT 2026: China Stage 1
TE,Abo,Viper,0.84,1.42,0.03,145.0,210.0,48.0,9.0,9.0,0.0,15.0,7.0,8.0,2.0,1.0,1.0,-6.0,2.0,-8.0,0.55,0.83,0.13,105.0,146.0,44.0,0.29,0.32,0.17,2.0,2.0,0.0,2.0,1.0,1.0,0.0,1.0,-1.0,Lotus,257956,46:19,2026-04-05 05:00:00,https://www.vlr.gg/642924/trace-esports-vs-xi-lai-gaming-vct-2026-china-stage-1-w1,VCT 2026: China Stage 1
TE,Viva,Fade,0.67,0.79,0.49,158.0,168.0,143.0,10.0,7.0,3.0,17.0,10.0,7.0,6.0,4.0,2.0,-7.0,-3.0,-4.0,0.7,0.83,0.5,106.0,114.0,94.0,0.41,0.44,0.36,4.0,2.0,2.0,4.0,2.0,2.0,0.0,0.0,0.0,Lotus,257956,46:19,2026-04-05 05:00:00,https://www.vlr.gg/642924/trace-esports-vs-xi-lai-gaming-vct-2026-china-stage-1-w1,VCT 2026: China Stage 1
XLG,happywei,Viper,1.56,2.26,1.09,334.0,473.0,241.0,21.0,12.0,9.0,11.0,3.0,8.0,7.0,1.0,6.0,10.0,9.0,1.0,0.9,1.0,0.83,226.0,283.0,188.0,0.32,0.25,0.39,4.0,4.0,0.0,0.0,0.0,0.0,4.0,4.0,0.0,Lotus,257956,46:19,2026-04-05 05:00:00,https://www.vlr.gg/642924/trace-esports-vs-xi-lai-gaming-vct-2026-china-stage-1-w1,VCT 2026: China Stage 1
XLG,NoMan,Waylay,1.08,0.97,1.15,205.0,117.0,264.0,15.0,4.0,11.0,13.0,4.0,9.0,4.0,1.0,3.0,2.0,0.0,2.0,0.75,0.63,0.83,125.0,73.0,160.0,0.21,0.4,0.16,3.0,0.0,3.0,4.0,2.0,2.0,-1.0,-2.0,1.0,Lotus,257956,46:19,2026-04-05 05:00:00,https://www.vlr.gg/642924/trace-esports-vs-xi-lai-gaming-vct-2026-china-stage-1-w1,VCT 2026: China Stage 1
XLG,WsLeo,Skye,1.02,1.36,0.79,202.0,280.0,150.0,17.0,9.0,8.0,12.0,4.0,8.0,4.0,2.0,2.0,5.0,5.0,0.0,0.65,0.63,0.67,130.0,197.0,85.0,0.36,0.42,0.29,0.0,0.0,0.0,3.0,1.0,2.0,-3.0,-1.0,-2.0,Lotus,257956,46:19,2026-04-05 05:00:00,https://www.vlr.gg/642924/trace-esports-vs-xi-lai-gaming-vct-2026-china-stage-1-w1,VCT 2026: China Stage 1
XLG,Lysoar,Omen,0.87,0.71,0.98,181.0,82.0,247.0,12.0,2.0,10.0,13.0,4.0,9.0,6.0,4.0,2.0,-1.0,-2.0,1.0,0.85,0.75,0.92,118.0,62.0,155.0,0.34,0.43,0.32,3.0,1.0,2.0,0.0,0.0,0.0,3.0,1.0,2.0,Lotus,257956,46:19,2026-04-05 05:00:00,https://www.vlr.gg/642924/trace-esports-vs-xi-lai-gaming-vct-2026-china-stage-1-w1,VCT 2026: China Stage 1
XLG,Rarga,Neon,0.71,1.19,0.39,188.0,247.0,149.0,13.0,7.0,6.0,15.0,5.0,10.0,4.0,3.0,1.0,-2.0,2.0,-4.0,0.75,0.75,0.75,116.0,142.0,99.0,0.16,0.14,0.21,1.0,0.0,1.0,2.0,0.0,2.0,-1.0,0.0,-1.0,Lotus,257956,46:19,2026-04-05 05:00:00,https://www.vlr.gg/642924/trace-esports-vs-xi-lai-gaming-vct-2026-china-stage-1-w1,VCT 2026: China Stage 1
TE,Abo,Viper,1.28,1.67,0.85,237.0,281.0,189.0,20.0,13.0,7.0,14.0,5.0,9.0,3.0,3.0,0.0,6.0,8.0,-2.0,0.74,1.0,0.45,164.0,206.0,118.0,0.46,0.45,0.48,1.0,0.0,1.0,1.0,0.0,1.0,0.0,0.0,0.0,Bind,257957,53:51,2026-04-05 05:00:00,https://www.vlr.gg/642924/trace-esports-vs-xi-lai-gaming-vct-2026-china-stage-1-w1,VCT 2026: China Stage 1
TE,deLb,Brimstone,1.27,1.98,0.5,242.0,364.0,109.0,19.0,17.0,2.0,16.0,7.0,9.0,11.0,4.0,7.0,3.0,10.0,-7.0,0.87,0.92,0.82,154.0,220.0,82.0,0.39,0.45,0.23,1.0,1.0,0.0,3.0,2.0,1.0,-2.0,-1.0,-1.0,Bind,257957,53:51,2026-04-05 05:00:00,https://www.vlr.gg/642924/trace-esports-vs-xi-lai-gaming-vct-2026-china-stage-1-w1,VCT 2026: China Stage 1
TE,Xlele,Waylay,1.19,1.26,1.12,231.0,268.0,191.0,21.0,13.0,8.0,14.0,7.0,7.0,2.0,1.0,1.0,7.0,6.0,1.0,0.87,0.92,0.82,138.0,163.0,111.0,0.29,0.26,0.32,3.0,2.0,1.0,3.0,2.0,1.0,0.0,0.0,0.0,Bind,257957,53:51,2026-04-05 05:00:00,https://www.vlr.gg/642924/trace-esports-vs-xi-lai-gaming-vct-2026-china-stage-1-w1,VCT 2026: China Stage 1
TE,Viva,Skye,0.53,0.52,0.54,137.0,129.0,146.0,9.0,4.0,5.0,20.0,10.0,10.0,10.0,6.0,4.0,-11.0,-6.0,-5.0,0.74,0.75,0.73,91.0,97.0,84.0,0.18,0.17,0.2,0.0,0.0,0.0,4.0,1.0,3.0,-4.0,-1.0,-3.0,Bind,257957,53:51,2026-04-05 05:00:00,https://www.vlr.gg/642924/trace-esports-vs-xi-lai-gaming-vct-2026-china-stage-1-w1,VCT 2026: China Stage 1
TE,Kai,Neon,0.35,0.39,0.3,76.0,81.0,71.0,5.0,3.0,2.0,17.0,8.0,9.0,6.0,5.0,1.0,-12.0,-5.0,-7.0,0.7,0.83,0.55,54.0,55.0,53.0,0.11,0.13,0.08,0.0,0.0,0.0,7.0,4.0,3.0,-7.0,-4.0,-3.0,Bind,257957,53:51,2026-04-05 05:00:00,https://www.vlr.gg/642924/trace-esports-vs-xi-lai-gaming-vct-2026-china-stage-1-w1,VCT 2026: China Stage 1
XLG,Lysoar,Brimstone,1.3,1.9,0.75,257.0,342.0,179.0,20.0,14.0,6.0,16.0,5.0,11.0,14.0,9.0,5.0,4.0,9.0,-5.0,0.74,0.82,0.67,185.0,218.0,155.0,0.23,0.25,0.2,2.0,2.0,0.0,0.0,0.0,0.0,2.0,2.0,0.0,Bind,257957,53:51,2026-04-05 05:00:00,https://www.vlr.gg/642924/trace-esports-vs-xi-lai-gaming-vct-2026-china-stage-1-w1,VCT 2026: China Stage 1
XLG,WsLeo,Skye,1.18,0.96,1.39,214.0,124.0,297.0,18.0,6.0,12.0,15.0,5.0,10.0,7.0,2.0,5.0,3.0,1.0,2.0,0.83,0.91,0.75,123.0,66.0,175.0,0.3,0.31,0.29,4.0,1.0,3.0,0.0,0.0,0.0,4.0,1.0,3.0,Bind,257957,53:51,2026-04-05 05:00:00,https://www.vlr.gg/642924/trace-esports-vs-xi-lai-gaming-vct-2026-china-stage-1-w1,VCT 2026: China Stage 1
XLG,Rarga,Neon,1.08,1.58,0.62,240.0,316.0,170.0,17.0,10.0,7.0,17.0,6.0,11.0,8.0,7.0,1.0,0.0,4.0,-4.0,0.91,1.0,0.83,156.0,214.0,103.0,0.27,0.29,0.26,9.0,4.0,5.0,0.0,0.0,0.0,9.0,4.0,5.0,Bind,257957,53:51,2026-04-05 05:00:00,https://www.vlr.gg/642924/trace-esports-vs-xi-lai-gaming-vct-2026-china-stage-1-w1,VCT 2026: China Stage 1
XLG,happywei,Viper,0.99,0.92,1.06,162.0,127.0,194.0,14.0,6.0,8.0,13.0,4.0,9.0,7.0,2.0,5.0,1.0,2.0,-1.0,0.78,0.91,0.67,101.0,78.0,122.0,0.28,0.4,0.23,2.0,1.0,1.0,3.0,1.0,2.0,-1.0,0.0,-1.0,Bind,257957,53:51,2026-04-05 05:00:00,https://www.vlr.gg/642924/trace-esports-vs-xi-lai-gaming-vct-2026-china-stage-1-w1,VCT 2026: China Stage 1
XLG,NoMan,Waylay,0.93,1.44,0.46,136.0,200.0,77.0,12.0,8.0,4.0,13.0,4.0,9.0,5.0,4.0,1.0,-1.0,4.0,-5.0,0.65,0.82,0.5,83.0,120.0,49.0,0.29,0.3,0.25,1.0,1.0,0.0,2.0,1.0,1.0,-1.0,0.0,-1.0,Bind,257957,53:51,2026-04-05 05:00:00,https://www.vlr.gg/642924/trace-esports-vs-xi-lai-gaming-vct-2026-china-stage-1-w1,VCT 2026: China Stage 1
BLG,nephh,Omen,2.04,2.1,1.92,303.0,321.0,260.0,22.0,16.0,6.0,6.0,5.0,1.0,6.0,5.0,1.0,16.0,11.0,5.0,0.94,0.92,1.0,178.0,194.0,140.0,0.18,0.22,0.06,2.0,1.0,1.0,1.0,1.0,0.0,1.0,0.0,1.0,Haven,257958,52:05,2026-04-05 08:25:00,https://www.vlr.gg/642925/bilibili-gaming-vs-jdg-esports-vct-2026-china-stage-1-w1,VCT 2026: China Stage 1
BLG,whzy,Waylay,1.45,1.39,1.59,262.0,273.0,236.0,16.0,11.0,5.0,10.0,8.0,2.0,4.0,3.0,1.0,6.0,3.0,3.0,0.82,0.83,0.8,179.0,187.0,160.0,0.17,0.16,0.21,3.0,2.0,1.0,1.0,1.0,0.0,2.0,1.0,1.0,Haven,257958,52:05,2026-04-05 08:25:00,https://www.vlr.gg/642925/bilibili-gaming-vs-jdg-esports-vct-2026-china-stage-1-w1,VCT 2026: China Stage 1
BLG,Knight,Sova,1.29,1.14,1.65,215.0,169.0,325.0,14.0,8.0,6.0,9.0,6.0,3.0,3.0,3.0,0.0,5.0,2.0,3.0,0.94,1.0,0.8,145.0,109.0,231.0,0.37,0.21,0.64,2.0,0.0,2.0,0.0,0.0,0.0,2.0,0.0,2.0,Haven,257958,52:05,2026-04-05 08:25:00,https://www.vlr.gg/642925/bilibili-gaming-vs-jdg-esports-vct-2026-china-stage-1-w1,VCT 2026: China Stage 1
BLG,rushia,Cypher,1.0,0.98,1.03,206.0,216.0,182.0,12.0,9.0,3.0,12.0,9.0,3.0,7.0,5.0,2.0,0.0,0.0,0.0,0.71,0.67,0.8,142.0,153.0,116.0,0.21,0.18,0.33,1.0,1.0,0.0,1.0,0.0,1.0,0.0,1.0,-1.0,Haven,257958,52:05,2026-04-05 08:25:00,https://www.vlr.gg/642925/bilibili-gaming-vs-jdg-esports-vct-2026-china-stage-1-w1,VCT 2026: China Stage 1
BLG,yilai,Neon,0.48,0.28,0.97,175.0,154.0,225.0,11.0,7.0,4.0,14.0,11.0,3.0,3.0,2.0,1.0,-3.0,-4.0,1.0,0.71,0.67,0.8,113.0,94.0,159.0,0.14,0.11,0.16,2.0,2.0,0.0,4.0,4.0,0.0,-2.0,-2.0,0.0,Haven,257958,52:05,2026-04-05 08:25:00,https://www.vlr.gg/642925/bilibili-gaming-vs-jdg-esports-vct-2026-china-stage-1-w1,VCT 2026: China Stage 1
JDG,zhe,Viper,1.0,0.03,1.43,224.0,76.0,286.0,12.0,1.0,11.0,14.0,5.0,9.0,4.0,1.0,3.0,-2.0,-4.0,2.0,0.76,0.4,0.92,159.0,55.0,202.0,0.21,0.17,0.23,1.0,0.0,1.0,1.0,0.0,1.0,0.0,0.0,0.0,Haven,257958,52:05,2026-04-05 08:25:00,https://www.vlr.gg/642925/bilibili-gaming-vs-jdg-esports-vct-2026-china-stage-1-w1,VCT 2026: China Stage 1
JDG,jkuro,Omen,0.84,0.84,0.85,160.0,160.0,160.0,10.0,3.0,7.0,14.0,4.0,10.0,7.0,2.0,5.0,-4.0,-1.0,-3.0,0.71,0.8,0.67,99.0,84.0,105.0,0.24,0.36,0.17,0.0,0.0,0.0,2.0,2.0,0.0,-2.0,-2.0,0.0,Haven,257958,52:05,2026-04-05 08:25:00,https://www.vlr.gg/642925/bilibili-gaming-vs-jdg-esports-vct-2026-china-stage-1-w1,VCT 2026: China Stage 1
JDG,Yuicaw,Killjoy,0.66,0.91,0.55,193.0,222.0,181.0,11.0,4.0,7.0,16.0,5.0,11.0,2.0,0.0,2.0,-5.0,-1.0,-4.0,0.53,0.4,0.58,127.0,120.0,130.0,0.31,0.3,0.31,1.0,1.0,0.0,2.0,0.0,2.0,-1.0,1.0,-2.0,Haven,257958,52:05,2026-04-05 08:25:00,https://www.vlr.gg/642925/bilibili-gaming-vs-jdg-esports-vct-2026-china-stage-1-w1,VCT 2026: China Stage 1
JDG,coconut,Sova,0.63,0.72,0.6,165.0,206.0,148.0,8.0,3.0,5.0,15.0,5.0,10.0,2.0,0.0,2.0,-7.0,-2.0,-5.0,0.35,0.2,0.42,115.0,128.0,110.0,0.57,0.6,0.56,2.0,0.0,2.0,3.0,1.0,2.0,-1.0,-1.0,0.0,Haven,257958,52:05,2026-04-05 08:25:00,https://www.vlr.gg/642925/bilibili-gaming-vs-jdg-esports-vct-2026-china-stage-1-w1,VCT 2026: China Stage 1
JDG,stew,Neon,0.52,0.03,0.73,155.0,89.0,183.0,10.0,1.0,9.0,16.0,5.0,11.0,2.0,1.0,1.0,-6.0,-4.0,-2.0,0.65,0.6,0.67,98.0,55.0,116.0,0.44,0.2,0.54,3.0,0.0,3.0,2.0,1.0,1.0,1.0,-1.0,2.0,Haven,257958,52:05,2026-04-05 08:25:00,https://www.vlr.gg/642925/bilibili-gaming-vs-jdg-esports-vct-2026-china-stage-1-w1,VCT 2026: China Stage 1
BLG,nephh,Omen,1.98,1.68,2.31,304.0,251.0,363.0,45.0,19.0,26.0,16.0,9.0,7.0,17.0,8.0,9.0,29.0,10.0,19.0,0.92,0.89,0.94,172.0,149.0,197.0,0.19,0.19,0.19,2.0,1.0,1.0,2.0,2.0,0.0,0.0,-1.0,1.0,all,all,all,2026-04-05 08:25:00,https://www.vlr.gg/642925/bilibili-gaming-vs-jdg-esports-vct-2026-china-stage-1-w1,VCT 2026: China Stage 1
BLG,rushia,Cypher,1.1,1.22,0.96,219.0,236.0,201.0,26.0,16.0,10.0,23.0,11.0,12.0,16.0,7.0,9.0,3.0,5.0,-2.0,0.75,0.74,0.76,160.0,172.0,146.0,0.18,0.23,0.1,3.0,1.0,2.0,4.0,1.0,3.0,-1.0,0.0,-1.0,all,all,all,2026-04-05 08:25:00,https://www.vlr.gg/642925/bilibili-gaming-vs-jdg-esports-vct-2026-china-stage-1-w1,VCT 2026: China Stage 1
BLG,whzy,Waylay,1.08,1.22,0.92,218.0,236.0,192.0,28.0,16.0,12.0,25.0,13.0,12.0,11.0,5.0,6.0,3.0,3.0,0.0,0.78,0.89,0.65,138.0,160.0,114.0,0.19,0.21,0.13,7.0,4.0,3.0,6.0,3.0,3.0,1.0,1.0,0.0,all,all,all,2026-04-05 08:25:00,https://www.vlr.gg/642925/bilibili-gaming-vs-jdg-esports-vct-2026-china-stage-1-w1,VCT 2026: China Stage 1
BLG,Knight,Sova,1.06,0.94,1.19,165.0,133.0,195.0,22.0,9.0,13.0,21.0,11.0,10.0,9.0,6.0,3.0,1.0,-2.0,3.0,0.83,0.89,0.76,104.0,87.0,123.0,0.24,0.14,0.33,3.0,0.0,3.0,1.0,0.0,1.0,2.0,0.0,2.0,all,all,all,2026-04-05 08:25:00,https://www.vlr.gg/642925/bilibili-gaming-vs-jdg-esports-vct-2026-china-stage-1-w1,VCT 2026: China Stage 1
BLG,yilai,Neon,0.98,1.09,0.86,233.0,261.0,208.0,31.0,19.0,12.0,26.0,14.0,12.0,11.0,4.0,7.0,5.0,5.0,0.0,0.75,0.74,0.76,146.0,157.0,134.0,0.18,0.15,0.19,2.0,2.0,0.0,6.0,5.0,1.0,-4.0,-3.0,-1.0,all,all,all,2026-04-05 08:25:00,https://www.vlr.gg/642925/bilibili-gaming-vs-jdg-esports-vct-2026-china-stage-1-w1,VCT 2026: China Stage 1
JDG,jkuro,Omen,1.22,1.48,0.99,228.0,279.0,190.0,29.0,16.0,13.0,27.0,12.0,15.0,22.0,12.0,10.0,2.0,4.0,-2.0,0.75,0.82,0.68,147.0,171.0,126.0,0.34,0.37,0.3,4.0,2.0,2.0,4.0,4.0,0.0,0.0,-2.0,2.0,all,all,all,2026-04-05 08:25:00,https://www.vlr.gg/642925/bilibili-gaming-vs-jdg-esports-vct-2026-china-stage-1-w1,VCT 2026: China Stage 1
JDG,zhe,Viper,0.82,0.66,0.97,171.0,116.0,214.0,20.0,7.0,13.0,28.0,13.0,15.0,14.0,9.0,5.0,-8.0,-6.0,-2.0,0.72,0.71,0.74,111.0,70.0,148.0,0.27,0.19,0.27,2.0,1.0,1.0,2.0,0.0,2.0,0.0,1.0,-1.0,all,all,all,2026-04-05 08:25:00,https://www.vlr.gg/642925/bilibili-gaming-vs-jdg-esports-vct-2026-china-stage-1-w1,VCT 2026: China Stage 1
JDG,Yuicaw,Killjoy,0.74,0.73,0.75,191.0,187.0,194.0,23.0,11.0,12.0,33.0,16.0,17.0,10.0,5.0,5.0,-10.0,-5.0,-5.0,0.58,0.59,0.58,132.0,121.0,141.0,0.27,0.21,0.3,2.0,2.0,0.0,3.0,1.0,2.0,-1.0,1.0,-2.0,all,all,all,2026-04-05 08:25:00,https://www.vlr.gg/642925/bilibili-gaming-vs-jdg-esports-vct-2026-china-stage-1-w1,VCT 2026: China Stage 1
JDG,stew,Neon,0.64,0.65,0.63,177.0,201.0,158.0,24.0,12.0,12.0,33.0,16.0,17.0,4.0,3.0,1.0,-9.0,-4.0,-5.0,0.69,0.65,0.74,113.0,133.0,95.0,0.3,0.14,0.47,8.0,2.0,6.0,4.0,3.0,1.0,4.0,-1.0,5.0,all,all,all,2026-04-05 08:25:00,https://www.vlr.gg/642925/bilibili-gaming-vs-jdg-esports-vct-2026-china-stage-1-w1,VCT 2026: China Stage 1
JDG,coconut,Sova,0.59,0.51,0.66,154.0,154.0,152.0,15.0,7.0,8.0,31.0,16.0,15.0,9.0,4.0,5.0,-16.0,-9.0,-7.0,0.5,0.47,0.53,114.0,108.0,121.0,0.38,0.23,0.41,3.0,1.0,2.0,4.0,1.0,3.0,-1.0,0.0,-1.0,all,all,all,2026-04-05 08:25:00,https://www.vlr.gg/642925/bilibili-gaming-vs-jdg-esports-vct-2026-china-stage-1-w1,VCT 2026: China Stage 1
BLG,nephh,Brimstone,1.92,0.96,2.48,304.0,130.0,406.0,23.0,3.0,20.0,10.0,4.0,6.0,11.0,3.0,8.0,13.0,-1.0,14.0,0.89,0.86,0.92,166.0,73.0,220.0,0.2,0.08,0.24,0.0,0.0,0.0,1.0,1.0,0.0,-1.0,-1.0,0.0,Fracture,257959,36:05,2026-04-05 08:25:00,https://www.vlr.gg/642925/bilibili-gaming-vs-jdg-esports-vct-2026-china-stage-1-w1,VCT 2026: China Stage 1
BLG,yilai,Neon,1.42,2.48,0.81,291.0,445.0,201.0,20.0,12.0,8.0,12.0,3.0,9.0,8.0,2.0,6.0,8.0,9.0,-1.0,0.79,0.86,0.75,176.0,265.0,124.0,0.21,0.19,0.23,0.0,0.0,0.0,2.0,1.0,1.0,-2.0,-1.0,-1.0,Fracture,257959,36:05,2026-04-05 08:25:00,https://www.vlr.gg/642925/bilibili-gaming-vs-jdg-esports-vct-2026-china-stage-1-w1,VCT 2026: China Stage 1
BLG,rushia,Cypher,1.19,1.61,0.94,232.0,271.0,209.0,14.0,7.0,7.0,11.0,2.0,9.0,9.0,2.0,7.0,3.0,5.0,-2.0,0.79,0.86,0.75,176.0,205.0,159.0,0.14,0.28,0.07,2.0,0.0,2.0,3.0,1.0,2.0,-1.0,-1.0,0.0,Fracture,257959,36:05,2026-04-05 08:25:00,https://www.vlr.gg/642925/bilibili-gaming-vs-jdg-esports-vct-2026-china-stage-1-w1,VCT 2026: China Stage 1
BLG,Knight,Tejo,0.85,0.59,1.0,115.0,71.0,141.0,8.0,1.0,7.0,12.0,5.0,7.0,6.0,3.0,3.0,-4.0,-4.0,0.0,0.74,0.71,0.75,68.0,50.0,79.0,0.11,0.0,0.16,1.0,0.0,1.0,1.0,0.0,1.0,0.0,0.0,0.0,Fracture,257959,36:05,2026-04-05 08:25:00,https://www.vlr.gg/642925/bilibili-gaming-vs-jdg-esports-vct-2026-china-stage-1-w1,VCT 2026: China Stage 1
BLG,whzy,Waylay,0.74,0.91,0.64,173.0,172.0,174.0,12.0,5.0,7.0,15.0,5.0,10.0,7.0,2.0,5.0,-3.0,0.0,-3.0,0.74,1.0,0.58,102.0,113.0,96.0,0.21,0.57,0.06,4.0,2.0,2.0,5.0,2.0,3.0,-1.0,0.0,-1.0,Fracture,257959,36:05,2026-04-05 08:25:00,https://www.vlr.gg/642925/bilibili-gaming-vs-jdg-esports-vct-2026-china-stage-1-w1,VCT 2026: China Stage 1
JDG,jkuro,Brimstone,1.56,1.75,1.23,296.0,328.0,241.0,19.0,13.0,6.0,13.0,8.0,5.0,15.0,10.0,5.0,6.0,5.0,1.0,0.79,0.83,0.71,190.0,207.0,161.0,0.43,0.38,0.6,4.0,2.0,2.0,2.0,2.0,0.0,2.0,0.0,2.0,Fracture,257959,36:05,2026-04-05 08:25:00,https://www.vlr.gg/642925/bilibili-gaming-vs-jdg-esports-vct-2026-china-stage-1-w1,VCT 2026: China Stage 1
JDG,Yuicaw,Cypher,0.81,0.65,1.09,189.0,173.0,216.0,12.0,7.0,5.0,17.0,11.0,6.0,8.0,5.0,3.0,-5.0,-4.0,-1.0,0.63,0.67,0.57,136.0,122.0,160.0,0.22,0.17,0.29,1.0,1.0,0.0,1.0,1.0,0.0,0.0,0.0,0.0,Fracture,257959,36:05,2026-04-05 08:25:00,https://www.vlr.gg/642925/bilibili-gaming-vs-jdg-esports-vct-2026-china-stage-1-w1,VCT 2026: China Stage 1
JDG,stew,Neon,0.75,0.91,0.46,199.0,248.0,115.0,14.0,11.0,3.0,17.0,11.0,6.0,2.0,2.0,0.0,-3.0,0.0,-3.0,0.74,0.67,0.86,126.0,165.0,59.0,0.16,0.13,0.33,5.0,2.0,3.0,2.0,2.0,0.0,3.0,0.0,3.0,Fracture,257959,36:05,2026-04-05 08:25:00,https://www.vlr.gg/642925/bilibili-gaming-vs-jdg-esports-vct-2026-china-stage-1-w1,VCT 2026: China Stage 1
JDG,zhe,Breach,0.65,0.92,0.18,117.0,132.0,91.0,8.0,6.0,2.0,14.0,8.0,6.0,10.0,8.0,2.0,-6.0,-2.0,-4.0,0.68,0.83,0.43,68.0,76.0,54.0,0.32,0.2,0.75,1.0,1.0,0.0,1.0,0.0,1.0,0.0,1.0,-1.0,Fracture,257959,36:05,2026-04-05 08:25:00,https://www.vlr.gg/642925/bilibili-gaming-vs-jdg-esports-vct-2026-china-stage-1-w1,VCT 2026: China Stage 1
JDG,coconut,Tejo,0.55,0.42,0.76,142.0,132.0,159.0,7.0,4.0,3.0,16.0,11.0,5.0,7.0,4.0,3.0,-9.0,-7.0,-2.0,0.63,0.58,0.71,114.0,99.0,140.0,0.18,0.16,0.31,1.0,1.0,0.0,1.0,0.0,1.0,0.0,1.0,-1.0,Fracture,257959,36:05,2026-04-05 08:25:00,https://www.vlr.gg/642925/bilibili-gaming-vs-jdg-esports-vct-2026-china-stage-1-w1,VCT 2026: China Stage 1
TEC,Dynamite,Neon,1.34,1.34,1.35,286.0,275.0,298.0,22.0,12.0,10.0,16.0,7.0,9.0,4.0,2.0,2.0,6.0,5.0,1.0,0.7,0.83,0.55,179.0,175.0,183.0,0.3,0.38,0.24,4.0,2.0,2.0,3.0,2.0,1.0,1.0,0.0,1.0,Fracture,257964,1:01:43,2026-04-07 08:30:00,https://www.vlr.gg/642928/titan-esports-club-vs-bilibili-gaming-vct-2026-china-stage-1-w2,VCT 2026: China Stage 1
TEC,lucas,Skye,1.16,1.33,0.98,140.0,129.0,152.0,12.0,7.0,5.0,13.0,5.0,8.0,15.0,9.0,6.0,-1.0,2.0,-3.0,0.61,0.83,0.36,100.0,89.0,112.0,0.34,0.64,0.19,2.0,1.0,1.0,1.0,0.0,1.0,1.0,1.0,0.0,Fracture,257964,1:01:43,2026-04-07 08:30:00,https://www.vlr.gg/642928/titan-esports-club-vs-bilibili-gaming-vct-2026-china-stage-1-w2,VCT 2026: China Stage 1
TEC,Spitfires,Waylay,1.1,1.19,1.0,222.0,227.0,217.0,18.0,10.0,8.0,15.0,7.0,8.0,7.0,3.0,4.0,3.0,3.0,0.0,0.7,0.75,0.64,152.0,155.0,149.0,0.39,0.29,0.52,4.0,3.0,1.0,4.0,2.0,2.0,0.0,1.0,-1.0,Fracture,257964,1:01:43,2026-04-07 08:30:00,https://www.vlr.gg/642928/titan-esports-club-vs-bilibili-gaming-vct-2026-china-stage-1-w2,VCT 2026: China Stage 1
TEC,Coco,Brimstone,1.01,1.22,0.79,182.0,210.0,151.0,13.0,9.0,4.0,15.0,7.0,8.0,15.0,8.0,7.0,-2.0,2.0,-4.0,0.65,0.75,0.55,104.0,110.0,97.0,0.16,0.24,0.05,1.0,0.0,1.0,1.0,0.0,1.0,0.0,0.0,0.0,Fracture,257964,1:01:43,2026-04-07 08:30:00,https://www.vlr.gg/642928/titan-esports-club-vs-bilibili-gaming-vct-2026-china-stage-1-w2,VCT 2026: China Stage 1
TEC,Haodong,Cypher,0.77,0.81,0.71,163.0,219.0,102.0,14.0,10.0,4.0,16.0,9.0,7.0,2.0,0.0,2.0,-2.0,1.0,-3.0,0.74,0.83,0.64,110.0,135.0,83.0,0.38,0.53,0.2,0.0,0.0,0.0,3.0,2.0,1.0,-3.0,-2.0,-1.0,Fracture,257964,1:01:43,2026-04-07 08:30:00,https://www.vlr.gg/642928/titan-esports-club-vs-bilibili-gaming-vct-2026-china-stage-1-w2,VCT 2026: China Stage 1
BLG,whzy,Waylay,1.36,1.42,1.31,258.0,259.0,257.0,21.0,10.0,11.0,15.0,6.0,9.0,7.0,3.0,4.0,6.0,4.0,2.0,0.7,0.73,0.67,164.0,177.0,152.0,0.21,0.23,0.19,3.0,1.0,2.0,1.0,0.0,1.0,2.0,1.0,1.0,Fracture,257964,1:01:43,2026-04-07 08:30:00,https://www.vlr.gg/642928/titan-esports-club-vs-bilibili-gaming-vct-2026-china-stage-1-w2,VCT 2026: China Stage 1
BLG,nephh,Brimstone,1.06,1.05,1.07,205.0,186.0,222.0,16.0,8.0,8.0,15.0,5.0,10.0,11.0,3.0,8.0,1.0,3.0,-2.0,0.74,0.82,0.67,126.0,112.0,139.0,0.36,0.28,0.44,2.0,1.0,1.0,2.0,2.0,0.0,0.0,-1.0,1.0,Fracture,257964,1:01:43,2026-04-07 08:30:00,https://www.vlr.gg/642928/titan-esports-club-vs-bilibili-gaming-vct-2026-china-stage-1-w2,VCT 2026: China Stage 1
BLG,Knight,Tejo,0.89,1.21,0.61,156.0,174.0,140.0,10.0,7.0,3.0,15.0,5.0,10.0,6.0,1.0,5.0,-5.0,2.0,-7.0,0.7,0.73,0.67,124.0,132.0,117.0,0.14,0.25,0.09,1.0,0.0,1.0,1.0,0.0,1.0,0.0,0.0,0.0,Fracture,257964,1:01:43,2026-04-07 08:30:00,https://www.vlr.gg/642928/titan-esports-club-vs-bilibili-gaming-vct-2026-china-stage-1-w2,VCT 2026: China Stage 1
BLG,rushia,Cypher,0.8,0.73,0.87,177.0,183.0,172.0,12.0,6.0,6.0,17.0,8.0,9.0,2.0,1.0,1.0,-5.0,-2.0,-3.0,0.48,0.45,0.5,116.0,109.0,122.0,0.22,0.09,0.37,3.0,1.0,2.0,3.0,2.0,1.0,0.0,-1.0,1.0,Fracture,257964,1:01:43,2026-04-07 08:30:00,https://www.vlr.gg/642928/titan-esports-club-vs-bilibili-gaming-vct-2026-china-stage-1-w2,VCT 2026: China Stage 1
BLG,yilai,Neon,0.74,0.94,0.54,201.0,223.0,181.0,16.0,9.0,7.0,17.0,7.0,10.0,4.0,2.0,2.0,-1.0,2.0,-3.0,0.65,0.82,0.5,135.0,141.0,130.0,0.16,0.24,0.11,3.0,3.0,0.0,4.0,1.0,3.0,-1.0,2.0,-3.0,Fracture,257964,1:01:43,2026-04-07 08:30:00,https://www.vlr.gg/642928/titan-esports-club-vs-bilibili-gaming-vct-2026-china-stage-1-w2,VCT 2026: China Stage 1
TEC,Coco,Brimstone,1.2,1.38,1.02,218.0,254.0,187.0,38.0,24.0,14.0,34.0,17.0,17.0,21.0,11.0,10.0,4.0,7.0,-3.0,0.71,0.73,0.68,136.0,148.0,123.0,0.24,0.29,0.2,3.0,1.0,2.0,2.0,1.0,1.0,1.0,0.0,1.0,all,all,all,2026-04-07 08:30:00,https://www.vlr.gg/642928/titan-esports-club-vs-bilibili-gaming-vct-2026-china-stage-1-w2,VCT 2026: China Stage 1
TEC,Spitfires,Waylay,1.14,1.15,1.14,241.0,250.0,235.0,44.0,23.0,21.0,37.0,19.0,18.0,9.0,3.0,6.0,7.0,4.0,3.0,0.71,0.69,0.72,159.0,161.0,157.0,0.39,0.33,0.47,12.0,9.0,3.0,7.0,3.0,4.0,5.0,6.0,-1.0,all,all,all,2026-04-07 08:30:00,https://www.vlr.gg/642928/titan-esports-club-vs-bilibili-gaming-vct-2026-china-stage-1-w2,VCT 2026: China Stage 1
TEC,Dynamite,Neon,1.12,1.05,1.2,233.0,214.0,241.0,41.0,20.0,21.0,37.0,18.0,19.0,12.0,8.0,4.0,4.0,2.0,2.0,0.75,0.81,0.68,147.0,143.0,151.0,0.29,0.38,0.22,7.0,3.0,4.0,8.0,4.0,4.0,-1.0,-1.0,0.0,all,all,all,2026-04-07 08:30:00,https://www.vlr.gg/642928/titan-esports-club-vs-bilibili-gaming-vct-2026-china-stage-1-w2,VCT 2026: China Stage 1
TEC,lucas,Skye,1.11,0.99,1.24,156.0,111.0,206.0,30.0,12.0,18.0,31.0,14.0,17.0,23.0,13.0,10.0,-1.0,-2.0,1.0,0.63,0.65,0.6,104.0,74.0,136.0,0.33,0.57,0.22,3.0,1.0,2.0,3.0,1.0,2.0,0.0,0.0,0.0,all,all,all,2026-04-07 08:30:00,https://www.vlr.gg/642928/titan-esports-club-vs-bilibili-gaming-vct-2026-china-stage-1-w2,VCT 2026: China Stage 1
TEC,Haodong,Cypher,0.79,1.0,0.57,162.0,193.0,129.0,29.0,18.0,11.0,37.0,18.0,19.0,10.0,4.0,6.0,-8.0,0.0,-8.0,0.67,0.73,0.6,111.0,130.0,90.0,0.29,0.33,0.2,0.0,0.0,0.0,6.0,3.0,3.0,-6.0,-3.0,-3.0,all,all,all,2026-04-07 08:30:00,https://www.vlr.gg/642928/titan-esports-club-vs-bilibili-gaming-vct-2026-china-stage-1-w2,VCT 2026: China Stage 1
BLG,whzy,Waylay,1.17,1.24,1.11,248.0,268.0,227.0,43.0,24.0,19.0,35.0,17.0,18.0,12.0,4.0,8.0,8.0,7.0,1.0,0.73,0.72,0.73,162.0,183.0,142.0,0.27,0.27,0.28,7.0,3.0,4.0,4.0,1.0,3.0,3.0,2.0,1.0,all,all,all,2026-04-07 08:30:00,https://www.vlr.gg/642928/titan-esports-club-vs-bilibili-gaming-vct-2026-china-stage-1-w2,VCT 2026: China Stage 1
BLG,rushia,Cypher,1.01,0.99,1.03,226.0,235.0,226.0,41.0,21.0,20.0,38.0,19.0,19.0,12.0,3.0,9.0,3.0,2.0,1.0,0.67,0.68,0.65,149.0,153.0,145.0,0.22,0.22,0.22,4.0,1.0,3.0,5.0,2.0,3.0,-1.0,-1.0,0.0,all,all,all,2026-04-07 08:30:00,https://www.vlr.gg/642928/titan-esports-club-vs-bilibili-gaming-vct-2026-china-stage-1-w2,VCT 2026: China Stage 1
BLG,yilai,Neon,0.95,1.05,0.86,238.0,267.0,216.0,43.0,23.0,20.0,40.0,19.0,21.0,9.0,4.0,5.0,3.0,4.0,-1.0,0.67,0.68,0.65,166.0,162.0,169.0,0.27,0.3,0.22,11.0,9.0,2.0,8.0,5.0,3.0,3.0,4.0,-1.0,all,all,all,2026-04-07 08:30:00,https://www.vlr.gg/642928/titan-esports-club-vs-bilibili-gaming-vct-2026-china-stage-1-w2,VCT 2026: China Stage 1
BLG,nephh,Brimstone,0.88,0.78,0.98,171.0,136.0,198.0,29.0,12.0,17.0,35.0,15.0,20.0,22.0,7.0,15.0,-6.0,-3.0,-3.0,0.75,0.76,0.73,101.0,82.0,118.0,0.3,0.19,0.37,3.0,1.0,2.0,5.0,2.0,3.0,-2.0,-1.0,-1.0,all,all,all,2026-04-07 08:30:00,https://www.vlr.gg/642928/titan-esports-club-vs-bilibili-gaming-vct-2026-china-stage-1-w2,VCT 2026: China Stage 1
BLG,Knight,Tejo,0.73,0.78,0.68,135.0,120.0,145.0,20.0,10.0,10.0,34.0,15.0,19.0,16.0,7.0,9.0,-14.0,-5.0,-9.0,0.69,0.72,0.65,100.0,89.0,111.0,0.19,0.23,0.16,1.0,0.0,1.0,3.0,1.0,2.0,-2.0,-1.0,-1.0,all,all,all,2026-04-07 08:30:00,https://www.vlr.gg/642928/titan-esports-club-vs-bilibili-gaming-vct-2026-china-stage-1-w2,VCT 2026: China Stage 1
TEC,Coco,Viper,1.36,1.52,1.19,253.0,291.0,215.0,25.0,15.0,10.0,19.0,10.0,9.0,6.0,3.0,3.0,6.0,5.0,1.0,0.75,0.71,0.79,162.0,181.0,143.0,0.31,0.33,0.29,2.0,1.0,1.0,1.0,1.0,0.0,1.0,0.0,1.0,Breeze,257965,1:01:18,2026-04-07 08:30:00,https://www.vlr.gg/642928/titan-esports-club-vs-bilibili-gaming-vct-2026-china-stage-1-w2,VCT 2026: China Stage 1
TEC,Spitfires,Waylay,1.18,1.11,1.25,260.0,270.0,250.0,26.0,13.0,13.0,22.0,12.0,10.0,2.0,0.0,2.0,4.0,1.0,3.0,0.71,0.64,0.79,165.0,166.0,164.0,0.39,0.37,0.41,8.0,6.0,2.0,3.0,1.0,2.0,5.0,5.0,0.0,Breeze,257965,1:01:18,2026-04-07 08:30:00,https://www.vlr.gg/642928/titan-esports-club-vs-bilibili-gaming-vct-2026-china-stage-1-w2,VCT 2026: China Stage 1
TEC,lucas,Sova,1.07,0.7,1.45,172.0,95.0,249.0,18.0,5.0,13.0,18.0,9.0,9.0,8.0,4.0,4.0,0.0,-4.0,4.0,0.64,0.5,0.79,108.0,62.0,154.0,0.31,0.44,0.26,1.0,0.0,1.0,2.0,1.0,1.0,-1.0,-1.0,0.0,Breeze,257965,1:01:18,2026-04-07 08:30:00,https://www.vlr.gg/642928/titan-esports-club-vs-bilibili-gaming-vct-2026-china-stage-1-w2,VCT 2026: China Stage 1
TEC,Dynamite,Neon,0.94,0.79,1.08,179.0,161.0,197.0,19.0,8.0,11.0,21.0,11.0,10.0,8.0,6.0,2.0,-2.0,-3.0,1.0,0.79,0.79,0.79,120.0,115.0,125.0,0.28,0.4,0.21,3.0,1.0,2.0,5.0,2.0,3.0,-2.0,-1.0,-1.0,Breeze,257965,1:01:18,2026-04-07 08:30:00,https://www.vlr.gg/642928/titan-esports-club-vs-bilibili-gaming-vct-2026-china-stage-1-w2,VCT 2026: China Stage 1
TEC,Haodong,Astra,0.81,1.17,0.46,160.0,170.0,150.0,15.0,8.0,7.0,21.0,9.0,12.0,8.0,4.0,4.0,-6.0,-1.0,-5.0,0.61,0.64,0.57,111.0,126.0,96.0,0.2,0.21,0.19,0.0,0.0,0.0,3.0,1.0,2.0,-3.0,-1.0,-2.0,Breeze,257965,1:01:18,2026-04-07 08:30:00,https://www.vlr.gg/642928/titan-esports-club-vs-bilibili-gaming-vct-2026-china-stage-1-w2,VCT 2026: China Stage 1
BLG,rushia,Viper,1.18,1.19,1.17,274.0,275.0,273.0,29.0,15.0,14.0,21.0,11.0,10.0,10.0,2.0,8.0,8.0,4.0,4.0,0.82,0.86,0.79,176.0,187.0,165.0,0.22,0.28,0.15,1.0,0.0,1.0,2.0,0.0,2.0,-1.0,0.0,-1.0,Breeze,257965,1:01:18,2026-04-07 08:30:00,https://www.vlr.gg/642928/titan-esports-club-vs-bilibili-gaming-vct-2026-china-stage-1-w2,VCT 2026: China Stage 1
BLG,yilai,Neon,1.13,1.13,1.13,274.0,302.0,246.0,27.0,14.0,13.0,23.0,12.0,11.0,5.0,2.0,3.0,4.0,2.0,2.0,0.68,0.57,0.79,191.0,179.0,203.0,0.38,0.38,0.38,8.0,6.0,2.0,4.0,4.0,0.0,4.0,2.0,2.0,Breeze,257965,1:01:18,2026-04-07 08:30:00,https://www.vlr.gg/642928/titan-esports-club-vs-bilibili-gaming-vct-2026-china-stage-1-w2,VCT 2026: China Stage 1
BLG,whzy,Jett,1.01,1.09,0.94,238.0,275.0,201.0,22.0,14.0,8.0,20.0,11.0,9.0,5.0,1.0,4.0,2.0,3.0,-1.0,0.75,0.71,0.79,160.0,187.0,133.0,0.33,0.31,0.39,4.0,2.0,2.0,3.0,1.0,2.0,1.0,1.0,0.0,Breeze,257965,1:01:18,2026-04-07 08:30:00,https://www.vlr.gg/642928/titan-esports-club-vs-bilibili-gaming-vct-2026-china-stage-1-w2,VCT 2026: China Stage 1
BLG,nephh,Astra,0.73,0.56,0.91,137.0,97.0,177.0,13.0,4.0,9.0,20.0,10.0,10.0,11.0,4.0,7.0,-7.0,-6.0,-1.0,0.75,0.71,0.79,80.0,59.0,101.0,0.24,0.11,0.32,1.0,0.0,1.0,3.0,0.0,3.0,-2.0,0.0,-2.0,Breeze,257965,1:01:18,2026-04-07 08:30:00,https://www.vlr.gg/642928/titan-esports-club-vs-bilibili-gaming-vct-2026-china-stage-1-w2,VCT 2026: China Stage 1
BLG,Knight,Sova,0.6,0.45,0.75,114.0,78.0,150.0,10.0,3.0,7.0,19.0,10.0,9.0,10.0,6.0,4.0,-9.0,-7.0,-2.0,0.68,0.71,0.64,81.0,55.0,107.0,0.24,0.18,0.27,0.0,0.0,0.0,2.0,1.0,1.0,-2.0,-1.0,-1.0,Breeze,257965,1:01:18,2026-04-07 08:30:00,https://www.vlr.gg/642928/titan-esports-club-vs-bilibili-gaming-vct-2026-china-stage-1-w2,VCT 2026: China Stage 1
XLG,happywei,Viper,1.42,1.45,1.39,206.0,233.0,170.0,16.0,10.0,6.0,10.0,6.0,4.0,12.0,5.0,7.0,6.0,4.0,2.0,0.9,0.83,1.0,130.0,151.0,102.0,0.34,0.33,0.35,2.0,2.0,0.0,1.0,1.0,0.0,1.0,1.0,0.0,Haven,257967,57:47,2026-04-08 05:00:00,https://www.vlr.gg/642929/xi-lai-gaming-vs-nova-esports-vct-2026-china-stage-1-w2,VCT 2026: China Stage 1
XLG,Lysoar,Omen,1.17,1.1,1.26,261.0,255.0,269.0,20.0,11.0,9.0,15.0,9.0,6.0,4.0,2.0,2.0,5.0,2.0,3.0,0.76,0.75,0.78,175.0,158.0,198.0,0.32,0.52,0.19,1.0,1.0,0.0,2.0,0.0,2.0,-1.0,1.0,-2.0,Haven,257967,57:47,2026-04-08 05:00:00,https://www.vlr.gg/642929/xi-lai-gaming-vs-nova-esports-vct-2026-china-stage-1-w2,VCT 2026: China Stage 1
XLG,NoMan,Killjoy,1.1,1.37,0.74,189.0,251.0,106.0,14.0,11.0,3.0,12.0,7.0,5.0,4.0,2.0,2.0,2.0,4.0,-2.0,0.86,0.92,0.78,121.0,159.0,70.0,0.34,0.31,0.44,2.0,1.0,1.0,1.0,0.0,1.0,1.0,1.0,0.0,Haven,257967,57:47,2026-04-08 05:00:00,https://www.vlr.gg/642929/xi-lai-gaming-vs-nova-esports-vct-2026-china-stage-1-w2,VCT 2026: China Stage 1
XLG,WsLeo,Sova,0.95,0.69,1.29,202.0,156.0,263.0,14.0,7.0,7.0,13.0,8.0,5.0,5.0,2.0,3.0,1.0,-1.0,2.0,0.67,0.58,0.78,137.0,110.0,173.0,0.36,0.35,0.37,1.0,0.0,1.0,1.0,1.0,0.0,0.0,-1.0,1.0,Haven,257967,57:47,2026-04-08 05:00:00,https://www.vlr.gg/642929/xi-lai-gaming-vs-nova-esports-vct-2026-china-stage-1-w2,VCT 2026: China Stage 1
XLG,Rarga,Neon,0.87,0.48,1.39,208.0,164.0,267.0,16.0,7.0,9.0,15.0,10.0,5.0,3.0,1.0,2.0,1.0,-3.0,4.0,0.67,0.67,0.67,121.0,97.0,153.0,0.31,0.44,0.23,3.0,1.0,2.0,7.0,5.0,2.0,-4.0,-4.0,0.0,Haven,257967,57:47,2026-04-08 05:00:00,https://www.vlr.gg/642929/xi-lai-gaming-vs-nova-esports-vct-2026-china-stage-1-w2,VCT 2026: China Stage 1
NOVA,swagzor,Neon,1.32,1.33,1.31,289.0,348.0,245.0,21.0,11.0,10.0,16.0,8.0,8.0,2.0,1.0,1.0,5.0,3.0,2.0,0.67,0.67,0.67,174.0,205.0,151.0,0.49,0.67,0.32,8.0,4.0,4.0,4.0,3.0,1.0,4.0,1.0,3.0,Haven,257967,57:47,2026-04-08 05:00:00,https://www.vlr.gg/642929/xi-lai-gaming-vs-nova-esports-vct-2026-china-stage-1-w2,VCT 2026: China Stage 1
NOVA,GuanG,Killjoy,1.0,0.83,1.13,193.0,180.0,203.0,14.0,5.0,9.0,15.0,7.0,8.0,1.0,0.0,1.0,-1.0,-2.0,1.0,0.52,0.33,0.67,126.0,117.0,133.0,0.3,0.35,0.27,1.0,1.0,0.0,0.0,0.0,0.0,1.0,1.0,0.0,Haven,257967,57:47,2026-04-08 05:00:00,https://www.vlr.gg/642929/xi-lai-gaming-vs-nova-esports-vct-2026-china-stage-1-w2,VCT 2026: China Stage 1
NOVA,Ezeir,Omen,0.87,0.82,0.91,206.0,166.0,236.0,15.0,5.0,10.0,18.0,6.0,12.0,7.0,1.0,6.0,-3.0,-1.0,-2.0,0.76,0.67,0.83,127.0,114.0,137.0,0.37,0.43,0.33,2.0,0.0,2.0,2.0,0.0,2.0,0.0,0.0,0.0,Haven,257967,57:47,2026-04-08 05:00:00,https://www.vlr.gg/642929/xi-lai-gaming-vs-nova-esports-vct-2026-china-stage-1-w2,VCT 2026: China Stage 1
NOVA,qiutiaN,Sova,0.78,0.4,1.06,132.0,69.0,179.0,10.0,2.0,8.0,14.0,7.0,7.0,4.0,2.0,2.0,-4.0,-5.0,1.0,0.76,0.44,1.0,97.0,59.0,126.0,0.28,0.22,0.3,1.0,0.0,1.0,3.0,1.0,2.0,-2.0,-1.0,-1.0,Haven,257967,57:47,2026-04-08 05:00:00,https://www.vlr.gg/642929/xi-lai-gaming-vs-nova-esports-vct-2026-china-stage-1-w2,VCT 2026: China Stage 1
NOVA,GREEN,Viper,0.38,0.42,0.35,89.0,66.0,106.0,5.0,2.0,3.0,17.0,6.0,11.0,6.0,0.0,6.0,-12.0,-4.0,-8.0,0.62,0.67,0.58,61.0,39.0,78.0,0.24,0.4,0.19,0.0,0.0,0.0,0.0,0.0,0.0,0.0,0.0,0.0,Haven,257967,57:47,2026-04-08 05:00:00,https://www.vlr.gg/642929/xi-lai-gaming-vs-nova-esports-vct-2026-china-stage-1-w2,VCT 2026: China Stage 1
XLG,happywei,Viper,1.3,1.09,1.54,197.0,195.0,197.0,33.0,16.0,17.0,23.0,15.0,8.0,14.0,5.0,9.0,10.0,1.0,9.0,0.8,0.71,0.9,135.0,127.0,145.0,0.36,0.28,0.43,3.0,3.0,0.0,2.0,1.0,1.0,1.0,2.0,-1.0,all,all,all,2026-04-08 05:00:00,https://www.vlr.gg/642929/xi-lai-gaming-vs-nova-esports-vct-2026-china-stage-1-w2,VCT 2026: China Stage 1
XLG,WsLeo,Sova,1.08,0.72,1.49,215.0,152.0,288.0,33.0,13.0,20.0,29.0,18.0,11.0,10.0,5.0,5.0,4.0,-5.0,9.0,0.71,0.63,0.81,141.0,100.0,187.0,0.39,0.44,0.36,6.0,2.0,4.0,1.0,1.0,0.0,5.0,1.0,4.0,all,all,all,2026-04-08 05:00:00,https://www.vlr.gg/642929/xi-lai-gaming-vs-nova-esports-vct-2026-china-stage-1-w2,VCT 2026: China Stage 1
XLG,NoMan,Killjoy,1.03,1.01,1.06,205.0,212.0,199.0,33.0,18.0,15.0,29.0,17.0,12.0,7.0,5.0,2.0,4.0,1.0,3.0,0.8,0.83,0.76,131.0,126.0,137.0,0.28,0.19,0.43,6.0,4.0,2.0,6.0,2.0,4.0,0.0,2.0,-2.0,all,all,all,2026-04-08 05:00:00,https://www.vlr.gg/642929/xi-lai-gaming-vs-nova-esports-vct-2026-china-stage-1-w2,VCT 2026: China Stage 1
XLG,Rarga,Neon,0.96,0.95,0.97,205.0,210.0,199.0,32.0,17.0,15.0,32.0,19.0,13.0,10.0,4.0,6.0,0.0,-2.0,2.0,0.62,0.58,0.67,129.0,135.0,122.0,0.29,0.33,0.24,5.0,2.0,3.0,12.0,8.0,4.0,-7.0,-6.0,-1.0,all,all,all,2026-04-08 05:00:00,https://www.vlr.gg/642929/xi-lai-gaming-vs-nova-esports-vct-2026-china-stage-1-w2,VCT 2026: China Stage 1
XLG,Lysoar,Omen,0.95,1.03,0.87,194.0,194.0,185.0,30.0,17.0,13.0,31.0,17.0,14.0,12.0,3.0,9.0,-1.0,0.0,-1.0,0.73,0.71,0.76,125.0,123.0,129.0,0.27,0.37,0.21,1.0,1.0,0.0,3.0,0.0,3.0,-2.0,1.0,-3.0,all,all,all,2026-04-08 05:00:00,https://www.vlr.gg/642929/xi-lai-gaming-vs-nova-esports-vct-2026-china-stage-1-w2,VCT 2026: China Stage 1
NOVA,GuanG,Killjoy,1.09,1.06,1.11,203.0,228.0,182.0,33.0,16.0,17.0,30.0,17.0,13.0,3.0,2.0,1.0,3.0,-1.0,4.0,0.64,0.52,0.75,134.0,152.0,118.0,0.27,0.31,0.24,5.0,3.0,2.0,0.0,0.0,0.0,5.0,3.0,2.0,all,all,all,2026-04-08 05:00:00,https://www.vlr.gg/642929/xi-lai-gaming-vs-nova-esports-vct-2026-china-stage-1-w2,VCT 2026: China Stage 1
NOVA,swagzor,Neon,0.97,0.81,1.11,239.0,224.0,246.0,36.0,16.0,20.0,36.0,18.0,18.0,8.0,2.0,6.0,0.0,-2.0,2.0,0.69,0.62,0.75,148.0,132.0,163.0,0.39,0.55,0.3,10.0,6.0,4.0,11.0,8.0,3.0,-1.0,-2.0,1.0,all,all,all,2026-04-08 05:00:00,https://www.vlr.gg/642929/xi-lai-gaming-vs-nova-esports-vct-2026-china-stage-1-w2,VCT 2026: China Stage 1
NOVA,Ezeir,Omen,0.92,0.82,1.01,188.0,129.0,238.0,29.0,9.0,20.0,34.0,14.0,20.0,16.0,4.0,12.0,-5.0,-5.0,0.0,0.71,0.62,0.79,119.0,96.0,139.0,0.33,0.37,0.31,3.0,0.0,3.0,4.0,0.0,4.0,-1.0,0.0,-1.0,all,all,all,2026-04-08 05:00:00,https://www.vlr.gg/642929/xi-lai-gaming-vs-nova-esports-vct-2026-china-stage-1-w2,VCT 2026: China Stage 1
NOVA,qiutiaN,Sova,0.86,0.49,1.19,157.0,87.0,221.0,25.0,6.0,19.0,28.0,16.0,12.0,9.0,4.0,5.0,-3.0,-10.0,7.0,0.71,0.52,0.88,106.0,65.0,142.0,0.22,0.28,0.17,3.0,1.0,2.0,4.0,1.0,3.0,-1.0,0.0,-1.0,all,all,all,2026-04-08 05:00:00,https://www.vlr.gg/642929/xi-lai-gaming-vs-nova-esports-vct-2026-china-stage-1-w2,VCT 2026: China Stage 1
NOVA,GREEN,Viper,0.74,0.85,0.65,144.0,156.0,141.0,21.0,11.0,10.0,33.0,15.0,18.0,15.0,5.0,10.0,-12.0,-4.0,-8.0,0.67,0.67,0.67,100.0,102.0,99.0,0.3,0.44,0.24,3.0,2.0,1.0,2.0,0.0,2.0,1.0,2.0,-1.0,all,all,all,2026-04-08 05:00:00,https://www.vlr.gg/642929/xi-lai-gaming-vs-nova-esports-vct-2026-china-stage-1-w2,VCT 2026: China Stage 1
XLG,happywei,Viper,1.19,0.73,1.65,187.0,156.0,218.0,17.0,6.0,11.0,13.0,9.0,4.0,2.0,0.0,2.0,4.0,-3.0,7.0,0.71,0.58,0.83,140.0,103.0,177.0,0.37,0.22,0.5,1.0,1.0,0.0,1.0,0.0,1.0,0.0,1.0,-1.0,Bind,257968,51:11,2026-04-08 05:00:00,https://www.vlr.gg/642929/xi-lai-gaming-vs-nova-esports-vct-2026-china-stage-1-w2,VCT 2026: China Stage 1
XLG,WsLeo,Skye,1.19,0.75,1.64,227.0,147.0,307.0,19.0,6.0,13.0,16.0,10.0,6.0,5.0,3.0,2.0,3.0,-4.0,7.0,0.75,0.67,0.83,144.0,90.0,198.0,0.42,0.57,0.35,5.0,2.0,3.0,0.0,0.0,0.0,5.0,2.0,3.0,Bind,257968,51:11,2026-04-08 05:00:00,https://www.vlr.gg/642929/xi-lai-gaming-vs-nova-esports-vct-2026-china-stage-1-w2,VCT 2026: China Stage 1
XLG,Rarga,Neon,1.03,1.42,0.65,202.0,256.0,148.0,16.0,10.0,6.0,17.0,9.0,8.0,7.0,3.0,4.0,-1.0,1.0,-2.0,0.58,0.5,0.67,136.0,173.0,99.0,0.26,0.29,0.24,2.0,1.0,1.0,5.0,3.0,2.0,-3.0,-2.0,-1.0,Bind,257968,51:11,2026-04-08 05:00:00,https://www.vlr.gg/642929/xi-lai-gaming-vs-nova-esports-vct-2026-china-stage-1-w2,VCT 2026: China Stage 1
XLG,NoMan,Waylay,0.98,0.65,1.3,220.0,172.0,268.0,19.0,7.0,12.0,17.0,10.0,7.0,3.0,3.0,0.0,2.0,-3.0,5.0,0.75,0.75,0.75,140.0,93.0,187.0,0.21,0.09,0.42,4.0,3.0,1.0,5.0,2.0,3.0,-1.0,1.0,-2.0,Bind,257968,51:11,2026-04-08 05:00:00,https://www.vlr.gg/642929/xi-lai-gaming-vs-nova-esports-vct-2026-china-stage-1-w2,VCT 2026: China Stage 1
XLG,Lysoar,Brimstone,0.77,0.95,0.58,127.0,132.0,122.0,10.0,6.0,4.0,16.0,8.0,8.0,8.0,1.0,7.0,-6.0,-2.0,-4.0,0.71,0.67,0.75,82.0,87.0,77.0,0.21,0.17,0.24,0.0,0.0,0.0,1.0,0.0,1.0,-1.0,0.0,-1.0,Bind,257968,51:11,2026-04-08 05:00:00,https://www.vlr.gg/642929/xi-lai-gaming-vs-nova-esports-vct-2026-china-stage-1-w2,VCT 2026: China Stage 1
NOVA,GuanG,Chamber,1.16,1.24,1.08,213.0,264.0,162.0,19.0,11.0,8.0,15.0,10.0,5.0,2.0,2.0,0.0,4.0,1.0,3.0,0.75,0.67,0.83,141.0,178.0,104.0,0.24,0.27,0.18,4.0,2.0,2.0,0.0,0.0,0.0,4.0,2.0,2.0,Bind,257968,51:11,2026-04-08 05:00:00,https://www.vlr.gg/642929/xi-lai-gaming-vs-nova-esports-vct-2026-china-stage-1-w2,VCT 2026: China Stage 1
NOVA,GREEN,Skye,1.06,1.17,0.95,199.0,223.0,175.0,16.0,9.0,7.0,16.0,9.0,7.0,9.0,5.0,4.0,0.0,0.0,0.0,0.71,0.67,0.75,135.0,150.0,120.0,0.36,0.45,0.27,3.0,2.0,1.0,2.0,0.0,2.0,1.0,2.0,-1.0,Bind,257968,51:11,2026-04-08 05:00:00,https://www.vlr.gg/642929/xi-lai-gaming-vs-nova-esports-vct-2026-china-stage-1-w2,VCT 2026: China Stage 1
NOVA,Ezeir,Brimstone,0.96,0.82,1.11,170.0,101.0,239.0,14.0,4.0,10.0,16.0,8.0,8.0,9.0,3.0,6.0,-2.0,-4.0,2.0,0.67,0.58,0.75,112.0,83.0,141.0,0.29,0.31,0.28,1.0,0.0,1.0,2.0,0.0,2.0,-1.0,0.0,-1.0,Bind,257968,51:11,2026-04-08 05:00:00,https://www.vlr.gg/642929/xi-lai-gaming-vs-nova-esports-vct-2026-china-stage-1-w2,VCT 2026: China Stage 1
NOVA,qiutiaN,Viper,0.94,0.56,1.33,181.0,100.0,262.0,15.0,4.0,11.0,14.0,9.0,5.0,5.0,2.0,3.0,1.0,-5.0,6.0,0.67,0.58,0.75,114.0,70.0,158.0,0.15,0.33,0.11,2.0,1.0,1.0,1.0,0.0,1.0,1.0,1.0,0.0,Bind,257968,51:11,2026-04-08 05:00:00,https://www.vlr.gg/642929/xi-lai-gaming-vs-nova-esports-vct-2026-china-stage-1-w2,VCT 2026: China Stage 1
NOVA,swagzor,Neon,0.66,0.43,0.9,189.0,131.0,247.0,15.0,5.0,10.0,20.0,10.0,10.0,6.0,1.0,5.0,-5.0,-5.0,0.0,0.71,0.58,0.83,126.0,77.0,175.0,0.28,0.31,0.27,2.0,2.0,0.0,7.0,5.0,2.0,-5.0,-3.0,-2.0,Bind,257968,51:11,2026-04-08 05:00:00,https://www.vlr.gg/642929/xi-lai-gaming-vs-nova-esports-vct-2026-china-stage-1-w2,VCT 2026: China Stage 1
EDG,ZmjjKK,Raze,2.21,2.2,2.23,418.0,425.0,401.0,26.0,18.0,8.0,9.0,7.0,2.0,6.0,4.0,2.0,17.0,11.0,6.0,0.82,0.75,1.0,272.0,280.0,253.0,0.29,0.3,0.28,3.0,2.0,1.0,1.0,1.0,0.0,2.0,1.0,1.0,Lotus,257970,50:11,2026-04-08 07:30:00,https://www.vlr.gg/642930/edward-gaming-vs-trace-esports-vct-2026-china-stage-1-w2,VCT 2026: China Stage 1
EDG,Smoggy,Phoenix,1.3,1.17,1.62,341.0,291.0,461.0,20.0,12.0,8.0,14.0,10.0,4.0,7.0,6.0,1.0,6.0,2.0,4.0,0.94,0.92,1.0,199.0,162.0,288.0,0.36,0.37,0.35,6.0,3.0,3.0,1.0,1.0,0.0,5.0,2.0,3.0,Lotus,257970,50:11,2026-04-08 07:30:00,https://www.vlr.gg/642930/edward-gaming-vs-trace-esports-vct-2026-china-stage-1-w2,VCT 2026: China Stage 1
EDG,nobody,Fade,0.8,0.83,0.73,160.0,197.0,71.0,9.0,8.0,1.0,11.0,9.0,2.0,6.0,5.0,1.0,-2.0,-1.0,-1.0,0.94,1.0,0.8,108.0,131.0,53.0,0.3,0.35,0.14,0.0,0.0,0.0,1.0,0.0,1.0,-1.0,0.0,-1.0,Lotus,257970,50:11,2026-04-08 07:30:00,https://www.vlr.gg/642930/edward-gaming-vs-trace-esports-vct-2026-china-stage-1-w2,VCT 2026: China Stage 1
EDG,Jieni7,Omen,0.77,0.59,1.22,136.0,136.0,136.0,10.0,7.0,3.0,10.0,9.0,1.0,5.0,3.0,2.0,0.0,-2.0,2.0,0.59,0.5,0.8,84.0,85.0,82.0,0.28,0.38,0.11,0.0,0.0,0.0,2.0,2.0,0.0,-2.0,-2.0,0.0,Lotus,257970,50:11,2026-04-08 07:30:00,https://www.vlr.gg/642930/edward-gaming-vs-trace-esports-vct-2026-china-stage-1-w2,VCT 2026: China Stage 1
EDG,CHICHOO,Cypher,0.71,0.23,1.85,76.0,22.0,206.0,6.0,1.0,5.0,8.0,7.0,1.0,1.0,1.0,0.0,-2.0,-6.0,4.0,0.71,0.67,0.8,62.0,15.0,175.0,0.31,0.0,0.45,0.0,0.0,0.0,3.0,3.0,0.0,-3.0,-3.0,0.0,Lotus,257970,50:11,2026-04-08 07:30:00,https://www.vlr.gg/642930/edward-gaming-vs-trace-esports-vct-2026-china-stage-1-w2,VCT 2026: China Stage 1
TE,Kai,Raze,1.33,0.14,1.83,281.0,99.0,357.0,15.0,1.0,14.0,13.0,5.0,8.0,2.0,1.0,1.0,2.0,-4.0,6.0,0.76,0.6,0.83,186.0,75.0,232.0,0.26,0.29,0.26,3.0,0.0,3.0,2.0,2.0,0.0,1.0,-2.0,3.0,Lotus,257970,50:11,2026-04-08 07:30:00,https://www.vlr.gg/642930/edward-gaming-vs-trace-esports-vct-2026-china-stage-1-w2,VCT 2026: China Stage 1
TE,deLb,Veto,1.06,0.59,1.26,259.0,179.0,292.0,15.0,3.0,12.0,14.0,5.0,9.0,1.0,0.0,1.0,1.0,-2.0,3.0,0.76,0.8,0.75,170.0,108.0,196.0,0.55,0.38,0.61,4.0,1.0,3.0,1.0,1.0,0.0,3.0,0.0,3.0,Lotus,257970,50:11,2026-04-08 07:30:00,https://www.vlr.gg/642930/edward-gaming-vs-trace-esports-vct-2026-china-stage-1-w2,VCT 2026: China Stage 1
TE,Xlele,Omen,1.02,1.05,1.01,247.0,257.0,243.0,13.0,4.0,9.0,15.0,5.0,10.0,10.0,2.0,8.0,-2.0,-1.0,-1.0,0.88,0.8,0.92,152.0,163.0,147.0,0.24,0.25,0.23,1.0,0.0,1.0,0.0,0.0,0.0,1.0,0.0,1.0,Lotus,257970,50:11,2026-04-08 07:30:00,https://www.vlr.gg/642930/edward-gaming-vs-trace-esports-vct-2026-china-stage-1-w2,VCT 2026: China Stage 1
TE,Viva,Fade,0.47,0.04,0.65,95.0,41.0,118.0,6.0,1.0,5.0,15.0,5.0,10.0,4.0,0.0,4.0,-9.0,-4.0,-5.0,0.71,0.6,0.75,58.0,17.0,75.0,0.19,0.5,0.16,0.0,0.0,0.0,4.0,1.0,3.0,-4.0,-1.0,-3.0,Lotus,257970,50:11,2026-04-08 07:30:00,https://www.vlr.gg/642930/edward-gaming-vs-trace-esports-vct-2026-china-stage-1-w2,VCT 2026: China Stage 1
TE,Abo,Viper,0.39,0.36,0.41,89.0,106.0,82.0,3.0,1.0,2.0,14.0,5.0,9.0,4.0,1.0,3.0,-11.0,-4.0,-7.0,0.41,0.4,0.42,73.0,88.0,67.0,0.33,0.44,0.25,0.0,0.0,0.0,2.0,0.0,2.0,-2.0,0.0,-2.0,Lotus,257970,50:11,2026-04-08 07:30:00,https://www.vlr.gg/642930/edward-gaming-vs-trace-esports-vct-2026-china-stage-1-w2,VCT 2026: China Stage 1
EDG,ZmjjKK,Raze,1.56,1.65,1.43,338.0,346.0,287.0,51.0,32.0,19.0,29.0,17.0,12.0,9.0,7.0,2.0,22.0,15.0,7.0,0.81,0.8,0.83,205.0,224.0,179.0,0.28,0.25,0.35,10.0,6.0,4.0,7.0,5.0,2.0,3.0,1.0,2.0,all,all,all,2026-04-08 07:30:00,https://www.vlr.gg/642930/edward-gaming-vs-trace-esports-vct-2026-china-stage-1-w2,VCT 2026: China Stage 1
EDG,Smoggy,Phoenix,1.1,1.14,1.06,248.0,221.0,239.0,35.0,20.0,15.0,30.0,16.0,14.0,14.0,12.0,2.0,5.0,4.0,1.0,0.86,0.96,0.72,136.0,129.0,146.0,0.34,0.42,0.27,8.0,3.0,5.0,2.0,2.0,0.0,6.0,1.0,5.0,all,all,all,2026-04-08 07:30:00,https://www.vlr.gg/642930/edward-gaming-vs-trace-esports-vct-2026-china-stage-1-w2,VCT 2026: China Stage 1
EDG,CHICHOO,Cypher,1.01,0.78,1.32,154.0,128.0,228.0,28.0,12.0,16.0,24.0,14.0,10.0,7.0,5.0,2.0,4.0,-2.0,6.0,0.77,0.76,0.78,120.0,90.0,162.0,0.32,0.35,0.3,2.0,0.0,2.0,4.0,4.0,0.0,-2.0,-4.0,2.0,all,all,all,2026-04-08 07:30:00,https://www.vlr.gg/642930/edward-gaming-vs-trace-esports-vct-2026-china-stage-1-w2,VCT 2026: China Stage 1
EDG,Jieni7,Omen,0.91,0.83,1.01,163.0,165.0,173.0,27.0,16.0,11.0,26.0,16.0,10.0,11.0,5.0,6.0,1.0,0.0,1.0,0.67,0.72,0.61,117.0,115.0,120.0,0.3,0.38,0.24,2.0,2.0,0.0,3.0,2.0,1.0,-1.0,0.0,-1.0,all,all,all,2026-04-08 07:30:00,https://www.vlr.gg/642930/edward-gaming-vs-trace-esports-vct-2026-china-stage-1-w2,VCT 2026: China Stage 1
EDG,nobody,Fade,0.88,1.11,0.56,168.0,215.0,106.0,23.0,17.0,6.0,27.0,15.0,12.0,18.0,13.0,5.0,-4.0,2.0,-6.0,0.84,0.96,0.67,119.0,143.0,85.0,0.28,0.3,0.22,1.0,0.0,1.0,4.0,1.0,3.0,-3.0,-1.0,-2.0,all,all,all,2026-04-08 07:30:00,https://www.vlr.gg/642930/edward-gaming-vs-trace-esports-vct-2026-china-stage-1-w2,VCT 2026: China Stage 1
TE,Kai,Raze,1.09,0.87,1.24,242.0,220.0,243.0,34.0,13.0,21.0,33.0,15.0,18.0,6.0,4.0,2.0,1.0,-2.0,3.0,0.67,0.67,0.68,158.0,149.0,163.0,0.3,0.4,0.23,6.0,3.0,3.0,7.0,5.0,2.0,-1.0,-2.0,1.0,all,all,all,2026-04-08 07:30:00,https://www.vlr.gg/642930/edward-gaming-vs-trace-esports-vct-2026-china-stage-1-w2,VCT 2026: China Stage 1
TE,Xlele,Omen,0.93,1.11,0.79,223.0,217.0,218.0,32.0,15.0,17.0,36.0,13.0,23.0,16.0,4.0,12.0,-4.0,2.0,-6.0,0.77,0.72,0.8,131.0,133.0,130.0,0.25,0.31,0.21,4.0,0.0,4.0,3.0,1.0,2.0,1.0,-1.0,2.0,all,all,all,2026-04-08 07:30:00,https://www.vlr.gg/642930/edward-gaming-vs-trace-esports-vct-2026-china-stage-1-w2,VCT 2026: China Stage 1
TE,deLb,Veto,0.9,0.56,1.14,199.0,125.0,231.0,26.0,7.0,19.0,33.0,15.0,18.0,13.0,6.0,7.0,-7.0,-8.0,1.0,0.72,0.67,0.76,122.0,83.0,150.0,0.36,0.25,0.37,6.0,1.0,5.0,4.0,4.0,0.0,2.0,-3.0,5.0,all,all,all,2026-04-08 07:30:00,https://www.vlr.gg/642930/edward-gaming-vs-trace-esports-vct-2026-china-stage-1-w2,VCT 2026: China Stage 1
TE,Viva,Fade,0.86,0.8,0.89,144.0,153.0,155.0,23.0,10.0,13.0,31.0,12.0,19.0,8.0,1.0,7.0,-8.0,-2.0,-6.0,0.67,0.61,0.72,101.0,108.0,96.0,0.24,0.3,0.21,1.0,0.0,1.0,5.0,2.0,3.0,-4.0,-2.0,-2.0,all,all,all,2026-04-08 07:30:00,https://www.vlr.gg/642930/edward-gaming-vs-trace-esports-vct-2026-china-stage-1-w2,VCT 2026: China Stage 1
TE,Abo,Viper,0.83,1.14,0.61,154.0,224.0,126.0,21.0,13.0,8.0,31.0,12.0,19.0,9.0,2.0,7.0,-10.0,1.0,-11.0,0.56,0.61,0.52,124.0,153.0,104.0,0.34,0.4,0.3,3.0,2.0,1.0,4.0,0.0,4.0,-1.0,2.0,-3.0,all,all,all,2026-04-08 07:30:00,https://www.vlr.gg/642930/edward-gaming-vs-trace-esports-vct-2026-china-stage-1-w2,VCT 2026: China Stage 1
EDG,CHICHOO,Cypher,1.21,1.3,1.12,231.0,226.0,236.0,22.0,11.0,11.0,16.0,7.0,9.0,6.0,4.0,2.0,6.0,4.0,2.0,0.81,0.85,0.77,158.0,159.0,157.0,0.33,0.42,0.25,2.0,0.0,2.0,1.0,1.0,0.0,1.0,-1.0,2.0,Haven,257971,58:23,2026-04-08 07:30:00,https://www.vlr.gg/642930/edward-gaming-vs-trace-esports-vct-2026-china-stage-1-w2,VCT 2026: China Stage 1
EDG,ZmjjKK,Waylay,1.13,1.15,1.11,258.0,273.0,243.0,25.0,14.0,11.0,20.0,10.0,10.0,3.0,3.0,0.0,5.0,4.0,1.0,0.81,0.85,0.77,162.0,173.0,151.0,0.27,0.19,0.41,7.0,4.0,3.0,6.0,4.0,2.0,1.0,0.0,1.0,Haven,257971,58:23,2026-04-08 07:30:00,https://www.vlr.gg/642930/edward-gaming-vs-trace-esports-vct-2026-china-stage-1-w2,VCT 2026: China Stage 1
EDG,Jieni7,Neon,0.99,1.06,0.93,189.0,191.0,187.0,17.0,9.0,8.0,16.0,7.0,9.0,6.0,2.0,4.0,1.0,2.0,-1.0,0.73,0.92,0.54,139.0,143.0,135.0,0.32,0.38,0.28,2.0,2.0,0.0,1.0,0.0,1.0,1.0,2.0,-1.0,Haven,257971,58:23,2026-04-08 07:30:00,https://www.vlr.gg/642930/edward-gaming-vs-trace-esports-vct-2026-china-stage-1-w2,VCT 2026: China Stage 1
EDG,Smoggy,Omen,0.98,1.11,0.84,155.0,157.0,153.0,15.0,8.0,7.0,16.0,6.0,10.0,7.0,6.0,1.0,-1.0,2.0,-3.0,0.81,1.0,0.62,95.0,98.0,92.0,0.32,0.54,0.21,2.0,0.0,2.0,1.0,1.0,0.0,1.0,-1.0,2.0,Haven,257971,58:23,2026-04-08 07:30:00,https://www.vlr.gg/642930/edward-gaming-vs-trace-esports-vct-2026-china-stage-1-w2,VCT 2026: China Stage 1
EDG,nobody,Sova,0.93,1.36,0.49,176.0,232.0,120.0,14.0,9.0,5.0,16.0,6.0,10.0,12.0,8.0,4.0,-2.0,3.0,-5.0,0.77,0.92,0.62,126.0,154.0,98.0,0.25,0.27,0.24,1.0,0.0,1.0,3.0,1.0,2.0,-2.0,-1.0,-1.0,Haven,257971,58:23,2026-04-08 07:30:00,https://www.vlr.gg/642930/edward-gaming-vs-trace-esports-vct-2026-china-stage-1-w2,VCT 2026: China Stage 1
TE,Abo,Killjoy,1.12,1.44,0.8,218.0,269.0,167.0,18.0,12.0,6.0,17.0,7.0,10.0,5.0,1.0,4.0,1.0,5.0,-4.0,0.65,0.69,0.62,158.0,178.0,138.0,0.35,0.38,0.32,3.0,2.0,1.0,2.0,0.0,2.0,1.0,2.0,-1.0,Haven,257971,58:23,2026-04-08 07:30:00,https://www.vlr.gg/642930/edward-gaming-vs-trace-esports-vct-2026-china-stage-1-w2,VCT 2026: China Stage 1
TE,Viva,Sova,1.11,1.1,1.11,193.0,196.0,190.0,17.0,9.0,8.0,16.0,7.0,9.0,4.0,1.0,3.0,1.0,2.0,-1.0,0.65,0.62,0.69,129.0,143.0,115.0,0.28,0.29,0.26,1.0,0.0,1.0,1.0,1.0,0.0,0.0,-1.0,1.0,Haven,257971,58:23,2026-04-08 07:30:00,https://www.vlr.gg/642930/edward-gaming-vs-trace-esports-vct-2026-china-stage-1-w2,VCT 2026: China Stage 1
TE,Kai,Neon,0.93,1.15,0.7,202.0,266.0,138.0,19.0,12.0,7.0,20.0,10.0,10.0,4.0,3.0,1.0,-1.0,2.0,-3.0,0.62,0.69,0.54,139.0,178.0,100.0,0.33,0.42,0.19,3.0,3.0,0.0,5.0,3.0,2.0,-2.0,0.0,-2.0,Haven,257971,58:23,2026-04-08 07:30:00,https://www.vlr.gg/642930/edward-gaming-vs-trace-esports-vct-2026-china-stage-1-w2,VCT 2026: China Stage 1
TE,Xlele,Omen,0.86,1.13,0.59,199.0,202.0,196.0,19.0,11.0,8.0,21.0,8.0,13.0,6.0,2.0,4.0,-2.0,3.0,-5.0,0.69,0.69,0.69,117.0,121.0,113.0,0.25,0.37,0.19,3.0,0.0,3.0,3.0,1.0,2.0,0.0,-1.0,1.0,Haven,257971,58:23,2026-04-08 07:30:00,https://www.vlr.gg/642930/edward-gaming-vs-trace-esports-vct-2026-china-stage-1-w2,VCT 2026: China Stage 1
TE,deLb,Viper,0.79,0.55,1.04,139.0,104.0,174.0,11.0,4.0,7.0,19.0,10.0,9.0,12.0,6.0,6.0,-8.0,-6.0,-2.0,0.69,0.62,0.77,91.0,74.0,108.0,0.17,0.19,0.15,2.0,0.0,2.0,3.0,3.0,0.0,-1.0,-3.0,2.0,Haven,257971,58:23,2026-04-08 07:30:00,https://www.vlr.gg/642930/edward-gaming-vs-trace-esports-vct-2026-china-stage-1-w2,VCT 2026: China Stage 1
JDG,zhe,Viper,1.2,0.03,1.8,272.0,54.0,381.0,17.0,0.0,17.0,14.0,6.0,8.0,3.0,1.0,2.0,3.0,-6.0,9.0,0.61,0.17,0.83,159.0,54.0,212.0,0.19,0.13,0.2,4.0,0.0,4.0,2.0,2.0,0.0,2.0,-2.0,4.0,Lotus,257973,55:16,2026-04-09 05:00:00,https://www.vlr.gg/642931/jdg-esports-vs-all-gamers-vct-2026-china-stage-1-w2,VCT 2026: China Stage 1
JDG,coconut,Fade,0.78,0.7,0.83,167.0,202.0,150.0,10.0,4.0,6.0,15.0,6.0,9.0,3.0,0.0,3.0,-5.0,-2.0,-3.0,0.61,0.67,0.58,113.0,122.0,109.0,0.24,0.21,0.25,2.0,1.0,1.0,1.0,0.0,1.0,1.0,1.0,0.0,Lotus,257973,55:16,2026-04-09 05:00:00,https://www.vlr.gg/642931/jdg-esports-vs-all-gamers-vct-2026-china-stage-1-w2,VCT 2026: China Stage 1
JDG,jkuro,Omen,0.71,0.27,0.93,151.0,104.0,175.0,10.0,2.0,8.0,15.0,6.0,9.0,8.0,2.0,6.0,-5.0,-4.0,-1.0,0.83,0.83,0.83,93.0,62.0,109.0,0.38,0.33,0.39,1.0,0.0,1.0,3.0,2.0,1.0,-2.0,-2.0,0.0,Lotus,257973,55:16,2026-04-09 05:00:00,https://www.vlr.gg/642931/jdg-esports-vs-all-gamers-vct-2026-china-stage-1-w2,VCT 2026: China Stage 1
JDG,stew,Raze,0.56,0.42,0.64,166.0,111.0,194.0,9.0,2.0,7.0,17.0,6.0,11.0,3.0,0.0,3.0,-8.0,-4.0,-4.0,0.67,0.33,0.83,116.0,72.0,138.0,0.21,0.4,0.18,3.0,1.0,2.0,1.0,0.0,1.0,2.0,1.0,1.0,Lotus,257973,55:16,2026-04-09 05:00:00,https://www.vlr.gg/642931/jdg-esports-vs-all-gamers-vct-2026-china-stage-1-w2,VCT 2026: China Stage 1
JDG,Yuicaw,Killjoy,0.53,0.12,0.74,107.0,48.0,137.0,7.0,1.0,6.0,16.0,6.0,10.0,0.0,0.0,0.0,-9.0,-5.0,-4.0,0.5,0.17,0.67,76.0,36.0,96.0,0.25,0.2,0.26,0.0,0.0,0.0,1.0,0.0,1.0,-1.0,0.0,-1.0,Lotus,257973,55:16,2026-04-09 05:00:00,https://www.vlr.gg/642931/jdg-esports-vs-all-gamers-vct-2026-china-stage-1-w2,VCT 2026: China Stage 1
AG,K1ra,Cypher,1.93,1.65,2.49,336.0,314.0,380.0,22.0,13.0,9.0,8.0,7.0,1.0,3.0,1.0,2.0,14.0,6.0,8.0,0.78,0.67,1.0,208.0,205.0,214.0,0.28,0.26,0.32,2.0,1.0,1.0,1.0,1.0,0.0,1.0,0.0,1.0,Lotus,257973,55:16,2026-04-09 05:00:00,https://www.vlr.gg/642931/jdg-esports-vs-all-gamers-vct-2026-china-stage-1-w2,VCT 2026: China Stage 1
AG,Shr1mp,Fade,1.67,1.58,1.85,257.0,223.0,325.0,19.0,11.0,8.0,6.0,5.0,1.0,4.0,2.0,2.0,13.0,6.0,7.0,0.94,0.92,1.0,165.0,141.0,213.0,0.27,0.4,0.16,0.0,0.0,0.0,0.0,0.0,0.0,0.0,0.0,0.0,Lotus,257973,55:16,2026-04-09 05:00:00,https://www.vlr.gg/642931/jdg-esports-vs-all-gamers-vct-2026-china-stage-1-w2,VCT 2026: China Stage 1
AG,f4ngeer,Waylay,1.6,1.27,2.26,309.0,272.0,383.0,21.0,12.0,9.0,11.0,9.0,2.0,10.0,6.0,4.0,10.0,3.0,7.0,0.83,0.83,0.83,211.0,191.0,251.0,0.38,0.41,0.29,4.0,2.0,2.0,2.0,2.0,0.0,2.0,0.0,2.0,Lotus,257973,55:16,2026-04-09 05:00:00,https://www.vlr.gg/642931/jdg-esports-vs-all-gamers-vct-2026-china-stage-1-w2,VCT 2026: China Stage 1
AG,Youze,Neon,0.5,0.16,1.19,137.0,131.0,149.0,8.0,5.0,3.0,14.0,12.0,2.0,4.0,3.0,1.0,-6.0,-7.0,1.0,0.56,0.5,0.67,83.0,82.0,85.0,0.22,0.22,0.21,2.0,1.0,1.0,4.0,4.0,0.0,-2.0,-3.0,1.0,Lotus,257973,55:16,2026-04-09 05:00:00,https://www.vlr.gg/642931/jdg-esports-vs-all-gamers-vct-2026-china-stage-1-w2,VCT 2026: China Stage 1
AG,iamgrq,Omen,0.39,0.33,0.52,117.0,144.0,63.0,7.0,6.0,1.0,14.0,11.0,3.0,6.0,2.0,4.0,-7.0,-5.0,-2.0,0.78,0.67,1.0,77.0,102.0,27.0,0.17,0.21,0.0,0.0,0.0,0.0,3.0,1.0,2.0,-3.0,-1.0,-2.0,Lotus,257973,55:16,2026-04-09 05:00:00,https://www.vlr.gg/642931/jdg-esports-vs-all-gamers-vct-2026-china-stage-1-w2,VCT 2026: China Stage 1
JDG,coconut,Fade,1.17,1.78,0.7,220.0,331.0,145.0,31.0,21.0,10.0,30.0,11.0,19.0,12.0,5.0,7.0,1.0,10.0,-9.0,0.66,0.78,0.57,154.0,223.0,100.0,0.3,0.32,0.29,4.0,2.0,2.0,2.0,0.0,2.0,2.0,2.0,0.0,all,all,all,2026-04-09 05:00:00,https://www.vlr.gg/642931/jdg-esports-vs-all-gamers-vct-2026-china-stage-1-w2,VCT 2026: China Stage 1
JDG,Yuicaw,Killjoy,0.91,0.62,1.13,169.0,131.0,211.0,26.0,9.0,17.0,33.0,15.0,18.0,7.0,4.0,3.0,-7.0,-6.0,-1.0,0.61,0.5,0.7,120.0,103.0,134.0,0.26,0.29,0.25,3.0,0.0,3.0,4.0,1.0,3.0,-1.0,-1.0,0.0,all,all,all,2026-04-09 05:00:00,https://www.vlr.gg/642931/jdg-esports-vs-all-gamers-vct-2026-china-stage-1-w2,VCT 2026: China Stage 1
JDG,zhe,Viper,0.89,0.06,1.54,240.0,110.0,335.0,33.0,5.0,28.0,36.0,18.0,18.0,5.0,3.0,2.0,-3.0,-13.0,10.0,0.59,0.33,0.78,146.0,77.0,200.0,0.28,0.27,0.26,6.0,1.0,5.0,7.0,7.0,0.0,-1.0,-6.0,5.0,all,all,all,2026-04-09 05:00:00,https://www.vlr.gg/642931/jdg-esports-vs-all-gamers-vct-2026-china-stage-1-w2,VCT 2026: China Stage 1
JDG,jkuro,Omen,0.81,0.69,0.9,157.0,156.0,159.0,22.0,9.0,13.0,31.0,14.0,17.0,21.0,8.0,13.0,-9.0,-5.0,-4.0,0.78,0.78,0.78,100.0,106.0,95.0,0.31,0.38,0.24,1.0,0.0,1.0,5.0,4.0,1.0,-4.0,-4.0,0.0,all,all,all,2026-04-09 05:00:00,https://www.vlr.gg/642931/jdg-esports-vs-all-gamers-vct-2026-china-stage-1-w2,VCT 2026: China Stage 1
JDG,stew,Raze,0.55,0.74,0.41,137.0,124.0,140.0,19.0,9.0,10.0,34.0,13.0,21.0,5.0,0.0,5.0,-15.0,-4.0,-11.0,0.63,0.67,0.61,92.0,83.0,99.0,0.17,0.3,0.16,3.0,1.0,2.0,6.0,2.0,4.0,-3.0,-1.0,-2.0,all,all,all,2026-04-09 05:00:00,https://www.vlr.gg/642931/jdg-esports-vs-all-gamers-vct-2026-china-stage-1-w2,VCT 2026: China Stage 1
AG,Shr1mp,Fade,1.53,1.43,1.65,263.0,209.0,332.0,40.0,18.0,22.0,19.0,10.0,9.0,16.0,9.0,7.0,21.0,8.0,13.0,0.83,0.83,0.83,169.0,143.0,203.0,0.25,0.37,0.17,1.0,0.0,1.0,2.0,1.0,1.0,-1.0,-1.0,0.0,all,all,all,2026-04-09 05:00:00,https://www.vlr.gg/642931/jdg-esports-vs-all-gamers-vct-2026-china-stage-1-w2,VCT 2026: China Stage 1
AG,K1ra,Cypher,1.48,1.43,1.54,269.0,286.0,228.0,39.0,23.0,16.0,23.0,14.0,9.0,7.0,3.0,4.0,16.0,9.0,7.0,0.76,0.78,0.72,161.0,183.0,133.0,0.29,0.33,0.22,7.0,3.0,4.0,2.0,2.0,0.0,5.0,1.0,4.0,all,all,all,2026-04-09 05:00:00,https://www.vlr.gg/642931/jdg-esports-vs-all-gamers-vct-2026-china-stage-1-w2,VCT 2026: China Stage 1
AG,f4ngeer,Waylay,1.44,1.31,1.6,282.0,300.0,251.0,43.0,25.0,18.0,26.0,17.0,9.0,15.0,9.0,6.0,17.0,8.0,9.0,0.76,0.74,0.78,186.0,198.0,170.0,0.34,0.3,0.37,7.0,3.0,4.0,4.0,3.0,1.0,3.0,0.0,3.0,all,all,all,2026-04-09 05:00:00,https://www.vlr.gg/642931/jdg-esports-vs-all-gamers-vct-2026-china-stage-1-w2,VCT 2026: China Stage 1
AG,iamgrq,Omen,0.77,0.91,0.59,155.0,177.0,137.0,22.0,15.0,7.0,29.0,15.0,14.0,22.0,10.0,12.0,-7.0,0.0,-7.0,0.78,0.74,0.83,99.0,114.0,80.0,0.22,0.29,0.14,4.0,2.0,2.0,3.0,1.0,2.0,1.0,1.0,0.0,all,all,all,2026-04-09 05:00:00,https://www.vlr.gg/642931/jdg-esports-vs-all-gamers-vct-2026-china-stage-1-w2,VCT 2026: China Stage 1
AG,Youze,Neon,0.5,0.32,0.74,144.0,151.0,136.0,20.0,12.0,8.0,34.0,22.0,12.0,10.0,7.0,3.0,-14.0,-10.0,-4.0,0.63,0.61,0.67,90.0,96.0,83.0,0.18,0.25,0.08,5.0,2.0,3.0,6.0,6.0,0.0,-1.0,-4.0,3.0,all,all,all,2026-04-09 05:00:00,https://www.vlr.gg/642931/jdg-esports-vs-all-gamers-vct-2026-china-stage-1-w2,VCT 2026: China Stage 1
JDG,coconut,Sova,1.47,2.32,0.55,273.0,395.0,140.0,21.0,17.0,4.0,15.0,5.0,10.0,9.0,5.0,4.0,6.0,12.0,-6.0,0.7,0.83,0.55,186.0,274.0,90.0,0.35,0.35,0.36,2.0,1.0,1.0,1.0,0.0,1.0,1.0,1.0,0.0,Haven,257974,55:05,2026-04-09 05:00:00,https://www.vlr.gg/642931/jdg-esports-vs-all-gamers-vct-2026-china-stage-1-w2,VCT 2026: China Stage 1
JDG,Yuicaw,Cypher,1.2,0.87,1.57,230.0,172.0,293.0,19.0,8.0,11.0,17.0,9.0,8.0,7.0,4.0,3.0,2.0,-1.0,3.0,0.7,0.67,0.73,155.0,137.0,175.0,0.27,0.3,0.25,3.0,0.0,3.0,3.0,1.0,2.0,0.0,-1.0,1.0,Haven,257974,55:05,2026-04-09 05:00:00,https://www.vlr.gg/642931/jdg-esports-vs-all-gamers-vct-2026-china-stage-1-w2,VCT 2026: China Stage 1
JDG,jkuro,Omen,0.89,0.9,0.88,163.0,182.0,142.0,12.0,7.0,5.0,16.0,8.0,8.0,13.0,6.0,7.0,-4.0,-1.0,-3.0,0.74,0.75,0.73,105.0,128.0,80.0,0.23,0.39,0.12,0.0,0.0,0.0,2.0,2.0,0.0,-2.0,-2.0,0.0,Haven,257974,55:05,2026-04-09 05:00:00,https://www.vlr.gg/642931/jdg-esports-vs-all-gamers-vct-2026-china-stage-1-w2,VCT 2026: China Stage 1
JDG,zhe,Neon,0.65,0.08,1.26,208.0,138.0,284.0,16.0,5.0,11.0,22.0,12.0,10.0,2.0,2.0,0.0,-6.0,-7.0,1.0,0.57,0.42,0.73,136.0,89.0,187.0,0.36,0.36,0.37,2.0,1.0,1.0,5.0,5.0,0.0,-3.0,-4.0,1.0,Haven,257974,55:05,2026-04-09 05:00:00,https://www.vlr.gg/642931/jdg-esports-vs-all-gamers-vct-2026-china-stage-1-w2,VCT 2026: China Stage 1
JDG,stew,Chamber,0.55,0.9,0.16,107.0,130.0,82.0,10.0,7.0,3.0,17.0,7.0,10.0,2.0,0.0,2.0,-7.0,0.0,-7.0,0.61,0.83,0.36,73.0,88.0,57.0,0.12,0.2,0.0,0.0,0.0,0.0,5.0,2.0,3.0,-5.0,-2.0,-3.0,Haven,257974,55:05,2026-04-09 05:00:00,https://www.vlr.gg/642931/jdg-esports-vs-all-gamers-vct-2026-china-stage-1-w2,VCT 2026: China Stage 1
AG,Shr1mp,Skye,1.41,1.26,1.55,268.0,194.0,336.0,21.0,7.0,14.0,13.0,5.0,8.0,12.0,7.0,5.0,8.0,2.0,6.0,0.74,0.73,0.75,173.0,145.0,199.0,0.22,0.33,0.17,1.0,0.0,1.0,2.0,1.0,1.0,-1.0,-1.0,0.0,Haven,257974,55:05,2026-04-09 05:00:00,https://www.vlr.gg/642931/jdg-esports-vs-all-gamers-vct-2026-china-stage-1-w2,VCT 2026: China Stage 1
AG,f4ngeer,Waylay,1.31,1.35,1.27,255.0,331.0,185.0,22.0,13.0,9.0,15.0,8.0,7.0,5.0,3.0,2.0,7.0,5.0,2.0,0.7,0.64,0.75,166.0,206.0,129.0,0.3,0.24,0.46,3.0,1.0,2.0,2.0,1.0,1.0,1.0,0.0,1.0,Haven,257974,55:05,2026-04-09 05:00:00,https://www.vlr.gg/642931/jdg-esports-vs-all-gamers-vct-2026-china-stage-1-w2,VCT 2026: China Stage 1
AG,K1ra,Cypher,1.13,1.19,1.07,201.0,255.0,152.0,17.0,10.0,7.0,15.0,7.0,8.0,4.0,2.0,2.0,2.0,3.0,-1.0,0.74,0.91,0.58,125.0,160.0,93.0,0.29,0.5,0.15,5.0,2.0,3.0,1.0,1.0,0.0,4.0,1.0,3.0,Haven,257974,55:05,2026-04-09 05:00:00,https://www.vlr.gg/642931/jdg-esports-vs-all-gamers-vct-2026-china-stage-1-w2,VCT 2026: China Stage 1
AG,iamgrq,Omen,1.07,1.55,0.63,193.0,214.0,174.0,15.0,9.0,6.0,15.0,4.0,11.0,16.0,8.0,8.0,0.0,5.0,-5.0,0.78,0.82,0.75,117.0,128.0,107.0,0.26,0.37,0.17,4.0,2.0,2.0,0.0,0.0,0.0,4.0,2.0,2.0,Haven,257974,55:05,2026-04-09 05:00:00,https://www.vlr.gg/642931/jdg-esports-vs-all-gamers-vct-2026-china-stage-1-w2,VCT 2026: China Stage 1
AG,Youze,Neon,0.5,0.49,0.52,150.0,172.0,130.0,12.0,7.0,5.0,20.0,10.0,10.0,6.0,4.0,2.0,-8.0,-3.0,-5.0,0.7,0.73,0.67,96.0,111.0,82.0,0.13,0.3,0.04,3.0,1.0,2.0,2.0,2.0,0.0,1.0,-1.0,2.0,Haven,257974,55:05,2026-04-09 05:00:00,https://www.vlr.gg/642931/jdg-esports-vs-all-gamers-vct-2026-china-stage-1-w2,VCT 2026: China Stage 1
DRG,Life,Neon,1.77,2.02,0.31,391.0,454.0,13.0,20.0,20.0,0.0,7.0,6.0,1.0,3.0,3.0,0.0,13.0,14.0,-1.0,0.79,0.83,0.5,240.0,278.0,12.0,0.46,0.47,0.0,4.0,4.0,0.0,1.0,1.0,0.0,3.0,3.0,0.0,Breeze,257976,47:13,2026-04-09 07:25:00,https://www.vlr.gg/642932/dragon-ranger-gaming-vs-wolves-esports-vct-2026-china-stage-1-w2,VCT 2026: China Stage 1
DRG,Flex1n,Astra,1.77,1.65,2.48,276.0,234.0,528.0,15.0,11.0,4.0,4.0,3.0,1.0,5.0,5.0,0.0,11.0,8.0,3.0,0.93,0.92,1.0,172.0,152.0,292.0,0.39,0.29,0.75,2.0,1.0,1.0,0.0,0.0,0.0,2.0,1.0,1.0,Breeze,257976,47:13,2026-04-09 07:25:00,https://www.vlr.gg/642932/dragon-ranger-gaming-vs-wolves-esports-vct-2026-china-stage-1-w2,VCT 2026: China Stage 1
DRG,Nicc,Skye,1.61,1.49,2.33,234.0,225.0,288.0,12.0,9.0,3.0,5.0,5.0,0.0,11.0,11.0,0.0,7.0,4.0,3.0,0.86,0.83,1.0,156.0,153.0,174.0,0.33,0.28,0.6,1.0,1.0,0.0,0.0,0.0,0.0,1.0,1.0,0.0,Breeze,257976,47:13,2026-04-09 07:25:00,https://www.vlr.gg/642932/dragon-ranger-gaming-vs-wolves-esports-vct-2026-china-stage-1-w2,VCT 2026: China Stage 1
DRG,vo0kashu,Omen,1.07,0.99,1.53,161.0,135.0,317.0,9.0,7.0,2.0,6.0,5.0,1.0,3.0,3.0,0.0,3.0,2.0,1.0,0.79,0.75,1.0,102.0,76.0,258.0,0.31,0.25,0.5,2.0,1.0,1.0,1.0,1.0,0.0,1.0,0.0,1.0,Breeze,257976,47:13,2026-04-09 07:25:00,https://www.vlr.gg/642932/dragon-ranger-gaming-vs-wolves-esports-vct-2026-china-stage-1-w2,VCT 2026: China Stage 1
DRG,SpiritZ1,Waylay,0.66,0.69,0.48,144.0,145.0,138.0,8.0,7.0,1.0,10.0,8.0,2.0,2.0,1.0,1.0,-2.0,-1.0,-1.0,0.71,0.75,0.5,98.0,100.0,86.0,0.31,0.29,0.33,2.0,2.0,0.0,1.0,1.0,0.0,1.0,1.0,0.0,Breeze,257976,47:13,2026-04-09 07:25:00,https://www.vlr.gg/642932/dragon-ranger-gaming-vs-wolves-esports-vct-2026-china-stage-1-w2,VCT 2026: China Stage 1
WOL,yosemite,Viper,0.87,0.13,0.99,187.0,7.0,217.0,9.0,0.0,9.0,13.0,2.0,11.0,2.0,0.0,2.0,-4.0,-2.0,-2.0,0.64,1.0,0.58,127.0,7.0,147.0,0.32,0.0,0.33,1.0,0.0,1.0,1.0,0.0,1.0,0.0,0.0,0.0,Breeze,257976,47:13,2026-04-09 07:25:00,https://www.vlr.gg/642932/dragon-ranger-gaming-vs-wolves-esports-vct-2026-china-stage-1-w2,VCT 2026: China Stage 1
WOL,SiuFatBB,Sova,0.73,0.46,0.77,168.0,111.0,178.0,8.0,1.0,7.0,12.0,2.0,10.0,0.0,0.0,0.0,-4.0,-1.0,-3.0,0.5,0.5,0.5,104.0,58.0,112.0,0.35,0.0,0.44,0.0,0.0,0.0,0.0,0.0,0.0,0.0,0.0,0.0,Breeze,257976,47:13,2026-04-09 07:25:00,https://www.vlr.gg/642932/dragon-ranger-gaming-vs-wolves-esports-vct-2026-china-stage-1-w2,VCT 2026: China Stage 1
WOL,glacier,Jett,0.64,1.2,0.55,183.0,406.0,146.0,9.0,3.0,6.0,13.0,2.0,11.0,1.0,0.0,1.0,-4.0,1.0,-5.0,0.57,1.0,0.5,119.0,224.0,102.0,0.47,0.33,0.6,2.0,0.0,2.0,6.0,1.0,5.0,-4.0,-1.0,-3.0,Breeze,257976,47:13,2026-04-09 07:25:00,https://www.vlr.gg/642932/dragon-ranger-gaming-vs-wolves-esports-vct-2026-china-stage-1-w2,VCT 2026: China Stage 1
WOL,Spring,Astra,0.39,0.02,0.48,120.0,38.0,134.0,4.0,0.0,4.0,14.0,2.0,12.0,1.0,1.0,0.0,-10.0,-2.0,-8.0,0.5,0.5,0.5,83.0,38.0,91.0,0.18,0.0,0.2,0.0,0.0,0.0,2.0,1.0,1.0,-2.0,-1.0,-1.0,Breeze,257976,47:13,2026-04-09 07:25:00,https://www.vlr.gg/642932/dragon-ranger-gaming-vs-wolves-esports-vct-2026-china-stage-1-w2,VCT 2026: China Stage 1
WOL,jowa,Kayo,0.31,0.78,0.23,59.0,162.0,42.0,2.0,1.0,1.0,12.0,2.0,10.0,4.0,2.0,2.0,-10.0,-1.0,-9.0,0.5,1.0,0.42,39.0,86.0,31.0,0.5,1.0,0.36,0.0,0.0,0.0,2.0,0.0,2.0,-2.0,0.0,-2.0,Breeze,257976,47:13,2026-04-09 07:25:00,https://www.vlr.gg/642932/dragon-ranger-gaming-vs-wolves-esports-vct-2026-china-stage-1-w2,VCT 2026: China Stage 1
DRG,Life,Neon,1.31,1.42,1.1,301.0,315.0,253.0,57.0,41.0,16.0,36.0,21.0,15.0,8.0,4.0,4.0,21.0,20.0,1.0,0.78,0.81,0.74,185.0,193.0,169.0,0.46,0.46,0.52,11.0,9.0,2.0,9.0,5.0,4.0,2.0,4.0,-2.0,all,all,all,2026-04-09 07:25:00,https://www.vlr.gg/642932/dragon-ranger-gaming-vs-wolves-esports-vct-2026-china-stage-1-w2,VCT 2026: China Stage 1
DRG,Flex1n,Astra,1.07,1.16,0.91,189.0,179.0,180.0,37.0,25.0,12.0,32.0,18.0,14.0,23.0,14.0,9.0,5.0,7.0,-2.0,0.78,0.78,0.79,111.0,117.0,98.0,0.25,0.27,0.24,3.0,1.0,2.0,3.0,1.0,2.0,0.0,0.0,0.0,all,all,all,2026-04-09 07:25:00,https://www.vlr.gg/642932/dragon-ranger-gaming-vs-wolves-esports-vct-2026-china-stage-1-w2,VCT 2026: China Stage 1
DRG,Nicc,Skye,1.04,1.15,0.83,165.0,184.0,105.0,28.0,21.0,7.0,31.0,20.0,11.0,33.0,27.0,6.0,-3.0,1.0,-4.0,0.73,0.81,0.58,104.0,123.0,67.0,0.33,0.33,0.33,2.0,2.0,0.0,1.0,0.0,1.0,1.0,2.0,-1.0,all,all,all,2026-04-09 07:25:00,https://www.vlr.gg/642932/dragon-ranger-gaming-vs-wolves-esports-vct-2026-china-stage-1-w2,VCT 2026: China Stage 1
DRG,vo0kashu,Omen,1.01,1.0,1.03,178.0,161.0,218.0,36.0,21.0,15.0,33.0,18.0,15.0,13.0,10.0,3.0,3.0,3.0,0.0,0.73,0.75,0.68,118.0,97.0,157.0,0.31,0.23,0.42,6.0,4.0,2.0,2.0,2.0,0.0,4.0,2.0,2.0,all,all,all,2026-04-09 07:25:00,https://www.vlr.gg/642932/dragon-ranger-gaming-vs-wolves-esports-vct-2026-china-stage-1-w2,VCT 2026: China Stage 1
DRG,SpiritZ1,Waylay,0.86,1.11,0.42,191.0,238.0,127.0,40.0,32.0,8.0,39.0,22.0,17.0,8.0,7.0,1.0,1.0,10.0,-9.0,0.69,0.78,0.53,135.0,161.0,87.0,0.36,0.38,0.33,11.0,9.0,2.0,7.0,3.0,4.0,4.0,6.0,-2.0,all,all,all,2026-04-09 07:25:00,https://www.vlr.gg/642932/dragon-ranger-gaming-vs-wolves-esports-vct-2026-china-stage-1-w2,VCT 2026: China Stage 1
WOL,yosemite,Viper,1.24,1.27,1.22,244.0,249.0,242.0,52.0,19.0,33.0,38.0,12.0,26.0,4.0,1.0,3.0,14.0,7.0,7.0,0.67,0.79,0.61,159.0,165.0,156.0,0.3,0.31,0.3,5.0,4.0,1.0,4.0,1.0,3.0,1.0,3.0,-2.0,all,all,all,2026-04-09 07:25:00,https://www.vlr.gg/642932/dragon-ranger-gaming-vs-wolves-esports-vct-2026-china-stage-1-w2,VCT 2026: China Stage 1
WOL,Spring,Astra,1.01,1.0,1.02,165.0,135.0,190.0,30.0,10.0,20.0,38.0,10.0,28.0,16.0,6.0,10.0,-8.0,0.0,-8.0,0.64,0.74,0.58,110.0,87.0,123.0,0.36,0.36,0.37,1.0,0.0,1.0,7.0,3.0,4.0,-6.0,-3.0,-3.0,all,all,all,2026-04-09 07:25:00,https://www.vlr.gg/642932/dragon-ranger-gaming-vs-wolves-esports-vct-2026-china-stage-1-w2,VCT 2026: China Stage 1
WOL,jowa,Kayo,0.88,1.09,0.77,145.0,214.0,123.0,26.0,12.0,14.0,39.0,12.0,27.0,25.0,8.0,17.0,-13.0,0.0,-13.0,0.65,0.79,0.58,109.0,155.0,85.0,0.37,0.34,0.32,3.0,2.0,1.0,5.0,1.0,4.0,-2.0,1.0,-3.0,all,all,all,2026-04-09 07:25:00,https://www.vlr.gg/642932/dragon-ranger-gaming-vs-wolves-esports-vct-2026-china-stage-1-w2,VCT 2026: China Stage 1
WOL,glacier,Jett,0.82,1.23,0.6,208.0,288.0,170.0,40.0,20.0,20.0,44.0,13.0,31.0,6.0,2.0,4.0,-4.0,7.0,-11.0,0.64,0.84,0.53,135.0,182.0,111.0,0.36,0.33,0.35,10.0,3.0,7.0,14.0,2.0,12.0,-4.0,1.0,-5.0,all,all,all,2026-04-09 07:25:00,https://www.vlr.gg/642932/dragon-ranger-gaming-vs-wolves-esports-vct-2026-china-stage-1-w2,VCT 2026: China Stage 1
WOL,SiuFatBB,Sova,0.78,1.07,0.63,137.0,148.0,125.0,23.0,11.0,12.0,39.0,11.0,28.0,13.0,5.0,8.0,-16.0,0.0,-16.0,0.6,0.74,0.53,95.0,106.0,89.0,0.34,0.43,0.29,3.0,2.0,1.0,3.0,1.0,2.0,0.0,1.0,-1.0,all,all,all,2026-04-09 07:25:00,https://www.vlr.gg/642932/dragon-ranger-gaming-vs-wolves-esports-vct-2026-china-stage-1-w2,VCT 2026: China Stage 1
DRG,vo0kashu,Vyse,0.8,1.02,0.43,177.0,217.0,108.0,11.0,8.0,3.0,15.0,8.0,7.0,6.0,6.0,0.0,-4.0,0.0,-4.0,0.63,0.75,0.43,115.0,134.0,82.0,0.3,0.24,0.5,1.0,1.0,0.0,1.0,1.0,0.0,0.0,0.0,0.0,Pearl,257977,49:24,2026-04-09 07:25:00,https://www.vlr.gg/642932/dragon-ranger-gaming-vs-wolves-esports-vct-2026-china-stage-1-w2,VCT 2026: China Stage 1
DRG,Flex1n,Astra,0.79,1.01,0.41,143.0,183.0,74.0,10.0,9.0,1.0,14.0,8.0,6.0,9.0,4.0,5.0,-4.0,1.0,-5.0,0.68,0.67,0.71,81.0,105.0,40.0,0.14,0.2,0.07,0.0,0.0,0.0,1.0,0.0,1.0,-1.0,0.0,-1.0,Pearl,257977,49:24,2026-04-09 07:25:00,https://www.vlr.gg/642932/dragon-ranger-gaming-vs-wolves-esports-vct-2026-china-stage-1-w2,VCT 2026: China Stage 1
DRG,Nicc,Skye,0.76,1.19,0.04,136.0,211.0,7.0,8.0,8.0,0.0,15.0,8.0,7.0,7.0,7.0,0.0,-7.0,0.0,-7.0,0.53,0.75,0.14,88.0,135.0,7.0,0.28,0.3,0.0,1.0,1.0,0.0,1.0,0.0,1.0,0.0,1.0,-1.0,Pearl,257977,49:24,2026-04-09 07:25:00,https://www.vlr.gg/642932/dragon-ranger-gaming-vs-wolves-esports-vct-2026-china-stage-1-w2,VCT 2026: China Stage 1
DRG,Life,Neon,0.75,0.56,1.09,195.0,147.0,277.0,11.0,5.0,6.0,16.0,9.0,7.0,3.0,1.0,2.0,-5.0,-4.0,-1.0,0.63,0.58,0.71,125.0,100.0,168.0,0.28,0.2,0.44,4.0,2.0,2.0,3.0,2.0,1.0,1.0,0.0,1.0,Pearl,257977,49:24,2026-04-09 07:25:00,https://www.vlr.gg/642932/dragon-ranger-gaming-vs-wolves-esports-vct-2026-china-stage-1-w2,VCT 2026: China Stage 1
DRG,SpiritZ1,Waylay,0.55,0.88,0.03,167.0,231.0,57.0,11.0,10.0,1.0,16.0,9.0,7.0,1.0,1.0,0.0,-5.0,1.0,-6.0,0.53,0.67,0.29,124.0,161.0,61.0,0.38,0.42,0.14,4.0,4.0,0.0,3.0,1.0,2.0,1.0,3.0,-2.0,Pearl,257977,49:24,2026-04-09 07:25:00,https://www.vlr.gg/642932/dragon-ranger-gaming-vs-wolves-esports-vct-2026-china-stage-1-w2,VCT 2026: China Stage 1
WOL,yosemite,Killjoy,2.25,2.75,1.95,396.0,480.0,347.0,31.0,14.0,17.0,7.0,1.0,6.0,1.0,0.0,1.0,24.0,13.0,11.0,0.84,1.0,0.75,254.0,322.0,214.0,0.32,0.35,0.3,2.0,2.0,0.0,0.0,0.0,0.0,2.0,2.0,0.0,Pearl,257977,49:24,2026-04-09 07:25:00,https://www.vlr.gg/642932/dragon-ranger-gaming-vs-wolves-esports-vct-2026-china-stage-1-w2,VCT 2026: China Stage 1
WOL,Spring,Astra,1.22,1.6,1.0,169.0,200.0,151.0,11.0,6.0,5.0,10.0,2.0,8.0,12.0,3.0,9.0,1.0,4.0,-3.0,0.84,1.0,0.75,108.0,129.0,96.0,0.38,0.56,0.29,0.0,0.0,0.0,2.0,0.0,2.0,-2.0,0.0,-2.0,Pearl,257977,49:24,2026-04-09 07:25:00,https://www.vlr.gg/642932/dragon-ranger-gaming-vs-wolves-esports-vct-2026-china-stage-1-w2,VCT 2026: China Stage 1
WOL,jowa,Tejo,1.21,1.31,1.15,194.0,195.0,193.0,12.0,4.0,8.0,10.0,2.0,8.0,8.0,3.0,5.0,2.0,2.0,0.0,0.68,0.71,0.67,144.0,164.0,132.0,0.26,0.24,0.27,1.0,1.0,0.0,2.0,1.0,1.0,-1.0,0.0,-1.0,Pearl,257977,49:24,2026-04-09 07:25:00,https://www.vlr.gg/642932/dragon-ranger-gaming-vs-wolves-esports-vct-2026-china-stage-1-w2,VCT 2026: China Stage 1
WOL,SiuFatBB,Sova,0.95,1.25,0.77,125.0,137.0,118.0,7.0,4.0,3.0,10.0,2.0,8.0,8.0,2.0,6.0,-3.0,2.0,-5.0,0.74,0.86,0.67,94.0,92.0,95.0,0.35,0.8,0.24,1.0,1.0,0.0,1.0,0.0,1.0,0.0,1.0,-1.0,Pearl,257977,49:24,2026-04-09 07:25:00,https://www.vlr.gg/642932/dragon-ranger-gaming-vs-wolves-esports-vct-2026-china-stage-1-w2,VCT 2026: China Stage 1
WOL,glacier,Waylay,0.87,1.0,0.79,226.0,222.0,228.0,15.0,6.0,9.0,14.0,4.0,10.0,4.0,1.0,3.0,1.0,2.0,-1.0,0.79,0.86,0.75,141.0,135.0,145.0,0.29,0.27,0.29,5.0,1.0,4.0,5.0,1.0,4.0,0.0,0.0,0.0,Pearl,257977,49:24,2026-04-09 07:25:00,https://www.vlr.gg/642932/dragon-ranger-gaming-vs-wolves-esports-vct-2026-china-stage-1-w2,VCT 2026: China Stage 1
DRG,Life,Neon,1.49,1.68,1.26,317.0,344.0,285.0,26.0,16.0,10.0,13.0,6.0,7.0,2.0,0.0,2.0,13.0,10.0,3.0,0.91,1.0,0.8,201.0,201.0,201.0,0.63,0.67,0.58,3.0,3.0,0.0,5.0,2.0,3.0,-2.0,1.0,-3.0,Lotus,257978,48:05,2026-04-09 07:25:00,https://www.vlr.gg/642932/dragon-ranger-gaming-vs-wolves-esports-vct-2026-china-stage-1-w2,VCT 2026: China Stage 1
DRG,SpiritZ1,Waylay,1.26,1.75,0.68,263.0,338.0,173.0,21.0,15.0,6.0,13.0,5.0,8.0,5.0,5.0,0.0,8.0,10.0,-2.0,0.82,0.92,0.7,169.0,222.0,105.0,0.4,0.38,0.45,5.0,3.0,2.0,3.0,1.0,2.0,2.0,2.0,0.0,Lotus,257978,48:05,2026-04-09 07:25:00,https://www.vlr.gg/642932/dragon-ranger-gaming-vs-wolves-esports-vct-2026-china-stage-1-w2,VCT 2026: China Stage 1
DRG,vo0kashu,Cypher,1.15,0.98,1.36,197.0,132.0,275.0,16.0,6.0,10.0,12.0,5.0,7.0,4.0,1.0,3.0,4.0,1.0,3.0,0.77,0.75,0.8,130.0,81.0,189.0,0.32,0.22,0.39,3.0,2.0,1.0,0.0,0.0,0.0,3.0,2.0,1.0,Lotus,257978,48:05,2026-04-09 07:25:00,https://www.vlr.gg/642932/dragon-ranger-gaming-vs-wolves-esports-vct-2026-china-stage-1-w2,VCT 2026: China Stage 1
DRG,Nicc,Skye,0.91,0.76,1.09,125.0,116.0,136.0,8.0,4.0,4.0,11.0,7.0,4.0,15.0,9.0,6.0,-3.0,-3.0,0.0,0.82,0.83,0.8,84.0,82.0,86.0,0.38,0.47,0.29,0.0,0.0,0.0,0.0,0.0,0.0,0.0,0.0,0.0,Lotus,257978,48:05,2026-04-09 07:25:00,https://www.vlr.gg/642932/dragon-ranger-gaming-vs-wolves-esports-vct-2026-china-stage-1-w2,VCT 2026: China Stage 1
DRG,Flex1n,Omen,0.88,0.82,0.94,149.0,120.0,184.0,12.0,5.0,7.0,14.0,7.0,7.0,9.0,5.0,4.0,-2.0,-2.0,0.0,0.77,0.75,0.8,97.0,95.0,99.0,0.23,0.31,0.16,1.0,0.0,1.0,2.0,1.0,1.0,-1.0,-1.0,0.0,Lotus,257978,48:05,2026-04-09 07:25:00,https://www.vlr.gg/642932/dragon-ranger-gaming-vs-wolves-esports-vct-2026-china-stage-1-w2,VCT 2026: China Stage 1
WOL,Spring,Viper,1.22,0.78,1.58,205.0,108.0,286.0,15.0,4.0,11.0,14.0,6.0,8.0,3.0,2.0,1.0,1.0,-2.0,3.0,0.55,0.6,0.5,130.0,68.0,182.0,0.52,0.3,0.61,1.0,0.0,1.0,3.0,2.0,1.0,-2.0,-2.0,0.0,Lotus,257978,48:05,2026-04-09 07:25:00,https://www.vlr.gg/642932/dragon-ranger-gaming-vs-wolves-esports-vct-2026-china-stage-1-w2,VCT 2026: China Stage 1
WOL,jowa,Omen,0.95,0.99,0.91,181.0,238.0,134.0,12.0,7.0,5.0,17.0,8.0,9.0,13.0,3.0,10.0,-5.0,-1.0,-4.0,0.73,0.8,0.67,124.0,162.0,92.0,0.36,0.33,0.42,2.0,1.0,1.0,1.0,0.0,1.0,1.0,1.0,0.0,Lotus,257978,48:05,2026-04-09 07:25:00,https://www.vlr.gg/642932/dragon-ranger-gaming-vs-wolves-esports-vct-2026-china-stage-1-w2,VCT 2026: China Stage 1
WOL,glacier,Waylay,0.89,1.4,0.45,215.0,310.0,136.0,16.0,11.0,5.0,17.0,7.0,10.0,1.0,1.0,0.0,-1.0,4.0,-5.0,0.55,0.8,0.33,141.0,206.0,87.0,0.33,0.34,0.31,3.0,2.0,1.0,3.0,0.0,3.0,0.0,2.0,-2.0,Lotus,257978,48:05,2026-04-09 07:25:00,https://www.vlr.gg/642932/dragon-ranger-gaming-vs-wolves-esports-vct-2026-china-stage-1-w2,VCT 2026: China Stage 1
WOL,SiuFatBB,Fade,0.68,1.06,0.36,117.0,163.0,79.0,8.0,6.0,2.0,17.0,7.0,10.0,5.0,3.0,2.0,-9.0,-1.0,-8.0,0.55,0.7,0.42,90.0,126.0,60.0,0.31,0.46,0.15,2.0,1.0,1.0,2.0,1.0,1.0,0.0,0.0,0.0,Lotus,257978,48:05,2026-04-09 07:25:00,https://www.vlr.gg/642932/dragon-ranger-gaming-vs-wolves-esports-vct-2026-china-stage-1-w2,VCT 2026: China Stage 1
WOL,yosemite,Killjoy,0.6,0.46,0.72,150.0,135.0,163.0,12.0,5.0,7.0,18.0,9.0,9.0,1.0,1.0,0.0,-6.0,-4.0,-2.0,0.55,0.6,0.5,97.0,86.0,106.0,0.25,0.25,0.25,2.0,2.0,0.0,3.0,1.0,2.0,-1.0,1.0,-2.0,Lotus,257978,48:05,2026-04-09 07:25:00,https://www.vlr.gg/642932/dragon-ranger-gaming-vs-wolves-esports-vct-2026-china-stage-1-w2,VCT 2026: China Stage 1
NOVA,swagzor,Neon,1.21,1.2,1.22,282.0,321.0,243.0,26.0,14.0,12.0,21.0,12.0,9.0,6.0,2.0,4.0,5.0,2.0,3.0,0.62,0.62,0.62,182.0,184.0,180.0,0.35,0.48,0.24,5.0,3.0,2.0,5.0,3.0,2.0,0.0,0.0,0.0,Lotus,257979,1:09:50,2026-04-10 05:00:00,https://www.vlr.gg/642933/nova-esports-vs-trace-esports-vct-2026-china-stage-1-w2,VCT 2026: China Stage 1
NOVA,qiutiaN,Fade,1.03,1.15,0.91,212.0,199.0,225.0,17.0,10.0,7.0,20.0,10.0,10.0,9.0,2.0,7.0,-3.0,0.0,-3.0,0.62,0.54,0.69,138.0,128.0,148.0,0.27,0.47,0.19,2.0,0.0,2.0,0.0,0.0,0.0,2.0,0.0,2.0,Lotus,257979,1:09:50,2026-04-10 05:00:00,https://www.vlr.gg/642933/nova-esports-vs-trace-esports-vct-2026-china-stage-1-w2,VCT 2026: China Stage 1
NOVA,Ezeir,Omen,0.91,0.63,1.18,191.0,129.0,253.0,17.0,4.0,13.0,21.0,10.0,11.0,8.0,4.0,4.0,-4.0,-6.0,2.0,0.73,0.62,0.85,132.0,110.0,154.0,0.23,0.11,0.36,3.0,1.0,2.0,2.0,2.0,0.0,1.0,-1.0,2.0,Lotus,257979,1:09:50,2026-04-10 05:00:00,https://www.vlr.gg/642933/nova-esports-vs-trace-esports-vct-2026-china-stage-1-w2,VCT 2026: China Stage 1
NOVA,GuanG,Cypher,0.69,0.48,0.91,113.0,119.0,107.0,12.0,6.0,6.0,18.0,11.0,7.0,4.0,1.0,3.0,-6.0,-5.0,-1.0,0.65,0.54,0.77,72.0,78.0,66.0,0.24,0.23,0.25,0.0,0.0,0.0,3.0,2.0,1.0,-3.0,-2.0,-1.0,Lotus,257979,1:09:50,2026-04-10 05:00:00,https://www.vlr.gg/642933/nova-esports-vs-trace-esports-vct-2026-china-stage-1-w2,VCT 2026: China Stage 1
NOVA,GREEN,Viper,0.57,0.39,0.75,130.0,96.0,164.0,11.0,3.0,8.0,21.0,12.0,9.0,11.0,7.0,4.0,-10.0,-9.0,-1.0,0.58,0.46,0.69,82.0,60.0,104.0,0.28,0.3,0.28,1.0,0.0,1.0,5.0,2.0,3.0,-4.0,-2.0,-2.0,Lotus,257979,1:09:50,2026-04-10 05:00:00,https://www.vlr.gg/642933/nova-esports-vs-trace-esports-vct-2026-china-stage-1-w2,VCT 2026: China Stage 1
TE,Kai,Waylay,1.36,1.01,1.72,271.0,201.0,341.0,26.0,10.0,16.0,17.0,10.0,7.0,6.0,3.0,3.0,9.0,0.0,9.0,0.73,0.62,0.85,181.0,154.0,208.0,0.31,0.17,0.5,8.0,3.0,5.0,3.0,1.0,2.0,5.0,2.0,3.0,Lotus,257979,1:09:50,2026-04-10 05:00:00,https://www.vlr.gg/642933/nova-esports-vs-trace-esports-vct-2026-china-stage-1-w2,VCT 2026: China Stage 1
TE,Xlele,Omen,1.33,1.2,1.45,228.0,196.0,260.0,22.0,9.0,13.0,15.0,8.0,7.0,12.0,6.0,6.0,7.0,1.0,6.0,0.77,0.69,0.85,139.0,130.0,148.0,0.23,0.27,0.21,2.0,0.0,2.0,0.0,0.0,0.0,2.0,0.0,2.0,Lotus,257979,1:09:50,2026-04-10 05:00:00,https://www.vlr.gg/642933/nova-esports-vs-trace-esports-vct-2026-china-stage-1-w2,VCT 2026: China Stage 1
TE,Abo,Killjoy,1.18,1.11,1.25,236.0,241.0,231.0,23.0,11.0,12.0,18.0,10.0,8.0,3.0,2.0,1.0,5.0,1.0,4.0,0.81,0.85,0.77,152.0,147.0,157.0,0.4,0.36,0.45,3.0,2.0,1.0,2.0,1.0,1.0,1.0,1.0,0.0,Lotus,257979,1:09:50,2026-04-10 05:00:00,https://www.vlr.gg/642933/nova-esports-vs-trace-esports-vct-2026-china-stage-1-w2,VCT 2026: China Stage 1
TE,Viva,Fade,1.03,0.9,1.16,214.0,181.0,247.0,16.0,7.0,9.0,17.0,9.0,8.0,14.0,8.0,6.0,-1.0,-2.0,1.0,0.81,0.85,0.77,154.0,131.0,177.0,0.3,0.13,0.5,1.0,0.0,1.0,2.0,2.0,0.0,-1.0,-2.0,1.0,Lotus,257979,1:09:50,2026-04-10 05:00:00,https://www.vlr.gg/642933/nova-esports-vs-trace-esports-vct-2026-china-stage-1-w2,VCT 2026: China Stage 1
TE,deLb,Viper,0.8,1.05,0.56,141.0,185.0,97.0,14.0,9.0,5.0,16.0,9.0,7.0,5.0,3.0,2.0,-2.0,0.0,-2.0,0.69,0.77,0.62,91.0,119.0,63.0,0.56,0.64,0.45,1.0,1.0,0.0,4.0,3.0,1.0,-3.0,-2.0,-1.0,Lotus,257979,1:09:50,2026-04-10 05:00:00,https://www.vlr.gg/642933/nova-esports-vs-trace-esports-vct-2026-china-stage-1-w2,VCT 2026: China Stage 1
NOVA,qiutiaN,Fade,1.2,1.32,1.08,226.0,248.0,203.0,40.0,24.0,16.0,34.0,17.0,17.0,10.0,3.0,7.0,6.0,7.0,-1.0,0.65,0.63,0.68,143.0,150.0,136.0,0.34,0.36,0.3,5.0,0.0,5.0,0.0,0.0,0.0,5.0,0.0,5.0,all,all,all,2026-04-10 05:00:00,https://www.vlr.gg/642933/nova-esports-vs-trace-esports-vct-2026-china-stage-1-w2,VCT 2026: China Stage 1
NOVA,swagzor,Neon,1.08,0.92,1.23,249.0,259.0,243.0,42.0,20.0,22.0,40.0,22.0,18.0,14.0,5.0,9.0,2.0,-2.0,4.0,0.69,0.67,0.72,165.0,159.0,171.0,0.26,0.33,0.21,13.0,8.0,5.0,9.0,6.0,3.0,4.0,2.0,2.0,all,all,all,2026-04-10 05:00:00,https://www.vlr.gg/642933/nova-esports-vs-trace-esports-vct-2026-china-stage-1-w2,VCT 2026: China Stage 1
NOVA,GuanG,Cypher,0.79,0.62,0.96,146.0,116.0,171.0,25.0,11.0,14.0,36.0,18.0,18.0,10.0,1.0,9.0,-11.0,-7.0,-4.0,0.65,0.54,0.76,95.0,80.0,110.0,0.29,0.3,0.3,3.0,0.0,3.0,5.0,3.0,2.0,-2.0,-3.0,1.0,all,all,all,2026-04-10 05:00:00,https://www.vlr.gg/642933/nova-esports-vs-trace-esports-vct-2026-china-stage-1-w2,VCT 2026: China Stage 1
NOVA,Ezeir,Omen,0.77,0.63,0.91,146.0,117.0,178.0,25.0,8.0,17.0,37.0,17.0,20.0,14.0,6.0,8.0,-12.0,-9.0,-3.0,0.73,0.71,0.76,99.0,88.0,109.0,0.21,0.15,0.27,3.0,1.0,2.0,3.0,3.0,0.0,0.0,-2.0,2.0,all,all,all,2026-04-10 05:00:00,https://www.vlr.gg/642933/nova-esports-vs-trace-esports-vct-2026-china-stage-1-w2,VCT 2026: China Stage 1
NOVA,GREEN,Viper,0.73,0.62,0.83,147.0,126.0,164.0,22.0,8.0,14.0,38.0,20.0,18.0,20.0,11.0,9.0,-16.0,-12.0,-4.0,0.61,0.54,0.68,100.0,85.0,115.0,0.29,0.32,0.28,2.0,0.0,2.0,6.0,3.0,3.0,-4.0,-3.0,-1.0,all,all,all,2026-04-10 05:00:00,https://www.vlr.gg/642933/nova-esports-vs-trace-esports-vct-2026-china-stage-1-w2,VCT 2026: China Stage 1
TE,Kai,Waylay,1.37,1.27,1.47,257.0,266.0,248.0,46.0,24.0,22.0,30.0,17.0,13.0,10.0,4.0,6.0,16.0,7.0,9.0,0.82,0.76,0.88,169.0,181.0,157.0,0.33,0.25,0.46,12.0,5.0,7.0,7.0,3.0,4.0,5.0,2.0,3.0,all,all,all,2026-04-10 05:00:00,https://www.vlr.gg/642933/nova-esports-vs-trace-esports-vct-2026-china-stage-1-w2,VCT 2026: China Stage 1
TE,Xlele,Omen,1.21,0.73,1.71,238.0,151.0,327.0,43.0,13.0,30.0,31.0,18.0,13.0,15.0,8.0,7.0,12.0,-5.0,17.0,0.78,0.64,0.92,149.0,98.0,202.0,0.29,0.21,0.33,3.0,0.0,3.0,4.0,3.0,1.0,-1.0,-3.0,2.0,all,all,all,2026-04-10 05:00:00,https://www.vlr.gg/642933/nova-esports-vs-trace-esports-vct-2026-china-stage-1-w2,VCT 2026: China Stage 1
TE,Abo,Killjoy,1.12,1.33,0.9,252.0,291.0,209.0,45.0,27.0,18.0,33.0,16.0,17.0,7.0,3.0,4.0,12.0,11.0,1.0,0.76,0.8,0.71,155.0,168.0,141.0,0.3,0.3,0.26,5.0,2.0,3.0,6.0,4.0,2.0,-1.0,-2.0,1.0,all,all,all,2026-04-10 05:00:00,https://www.vlr.gg/642933/nova-esports-vs-trace-esports-vct-2026-china-stage-1-w2,VCT 2026: China Stage 1
TE,deLb,Viper,1.02,1.05,1.0,165.0,165.0,162.0,30.0,16.0,14.0,28.0,15.0,13.0,16.0,6.0,10.0,2.0,1.0,1.0,0.71,0.72,0.71,108.0,103.0,114.0,0.48,0.49,0.41,1.0,1.0,0.0,6.0,4.0,2.0,-5.0,-3.0,-2.0,all,all,all,2026-04-10 05:00:00,https://www.vlr.gg/642933/nova-esports-vs-trace-esports-vct-2026-china-stage-1-w2,VCT 2026: China Stage 1
TE,Viva,Fade,0.78,0.73,0.83,153.0,149.0,164.0,21.0,11.0,10.0,32.0,17.0,15.0,25.0,15.0,10.0,-11.0,-6.0,-5.0,0.78,0.8,0.75,111.0,103.0,119.0,0.31,0.19,0.46,2.0,0.0,2.0,3.0,3.0,0.0,-1.0,-3.0,2.0,all,all,all,2026-04-10 05:00:00,https://www.vlr.gg/642933/nova-esports-vs-trace-esports-vct-2026-china-stage-1-w2,VCT 2026: China Stage 1
NOVA,qiutiaN,Fade,1.38,1.52,1.26,240.0,306.0,180.0,23.0,14.0,9.0,14.0,7.0,7.0,1.0,1.0,0.0,9.0,7.0,2.0,0.7,0.73,0.67,149.0,177.0,123.0,0.4,0.29,0.69,3.0,0.0,3.0,0.0,0.0,0.0,3.0,0.0,3.0,Split,257980,55:11,2026-04-10 05:00:00,https://www.vlr.gg/642933/nova-esports-vs-trace-esports-vct-2026-china-stage-1-w2,VCT 2026: China Stage 1
NOVA,swagzor,Raze,0.92,0.58,1.24,215.0,185.0,243.0,16.0,6.0,10.0,19.0,10.0,9.0,8.0,3.0,5.0,-3.0,-4.0,1.0,0.78,0.73,0.83,146.0,129.0,162.0,0.16,0.16,0.17,8.0,5.0,3.0,4.0,3.0,1.0,4.0,2.0,2.0,Split,257980,55:11,2026-04-10 05:00:00,https://www.vlr.gg/642933/nova-esports-vs-trace-esports-vct-2026-china-stage-1-w2,VCT 2026: China Stage 1
NOVA,GuanG,Vyse,0.91,0.78,1.03,179.0,112.0,240.0,13.0,5.0,8.0,18.0,7.0,11.0,6.0,0.0,6.0,-5.0,-2.0,-3.0,0.65,0.55,0.75,122.0,82.0,159.0,0.33,0.36,0.32,3.0,0.0,3.0,2.0,1.0,1.0,1.0,-1.0,2.0,Split,257980,55:11,2026-04-10 05:00:00,https://www.vlr.gg/642933/nova-esports-vs-trace-esports-vct-2026-china-stage-1-w2,VCT 2026: China Stage 1
NOVA,GREEN,Viper,0.9,0.9,0.91,163.0,161.0,165.0,11.0,5.0,6.0,17.0,8.0,9.0,9.0,4.0,5.0,-6.0,-3.0,-3.0,0.65,0.64,0.67,121.0,115.0,127.0,0.3,0.33,0.29,1.0,0.0,1.0,1.0,1.0,0.0,0.0,-1.0,1.0,Split,257980,55:11,2026-04-10 05:00:00,https://www.vlr.gg/642933/nova-esports-vs-trace-esports-vct-2026-china-stage-1-w2,VCT 2026: China Stage 1
NOVA,Ezeir,Omen,0.62,0.62,0.61,100.0,103.0,97.0,8.0,4.0,4.0,16.0,7.0,9.0,6.0,2.0,4.0,-8.0,-3.0,-5.0,0.74,0.82,0.67,62.0,63.0,61.0,0.18,0.23,0.15,0.0,0.0,0.0,1.0,1.0,0.0,-1.0,-1.0,0.0,Split,257980,55:11,2026-04-10 05:00:00,https://www.vlr.gg/642933/nova-esports-vs-trace-esports-vct-2026-china-stage-1-w2,VCT 2026: China Stage 1
TE,Kai,Neon,1.38,1.56,1.17,242.0,337.0,138.0,20.0,14.0,6.0,13.0,7.0,6.0,4.0,1.0,3.0,7.0,7.0,0.0,0.91,0.92,0.91,156.0,210.0,97.0,0.34,0.33,0.36,4.0,2.0,2.0,4.0,2.0,2.0,0.0,0.0,0.0,Split,257980,55:11,2026-04-10 05:00:00,https://www.vlr.gg/642933/nova-esports-vs-trace-esports-vct-2026-china-stage-1-w2,VCT 2026: China Stage 1
TE,deLb,Omen,1.27,1.05,1.52,189.0,144.0,238.0,16.0,7.0,9.0,12.0,6.0,6.0,11.0,3.0,8.0,4.0,1.0,3.0,0.74,0.67,0.82,128.0,86.0,174.0,0.39,0.38,0.39,0.0,0.0,0.0,2.0,1.0,1.0,-2.0,-1.0,-1.0,Split,257980,55:11,2026-04-10 05:00:00,https://www.vlr.gg/642933/nova-esports-vs-trace-esports-vct-2026-china-stage-1-w2,VCT 2026: China Stage 1
TE,Xlele,Waylay,1.09,0.23,2.02,247.0,102.0,405.0,21.0,4.0,17.0,16.0,10.0,6.0,3.0,2.0,1.0,5.0,-6.0,11.0,0.78,0.58,1.0,160.0,64.0,265.0,0.35,0.12,0.46,1.0,0.0,1.0,4.0,3.0,1.0,-3.0,-3.0,0.0,Split,257980,55:11,2026-04-10 05:00:00,https://www.vlr.gg/642933/nova-esports-vs-trace-esports-vct-2026-china-stage-1-w2,VCT 2026: China Stage 1
TE,Abo,Viper,1.04,1.56,0.49,268.0,346.0,183.0,22.0,16.0,6.0,15.0,6.0,9.0,4.0,1.0,3.0,7.0,10.0,-3.0,0.7,0.75,0.64,158.0,191.0,122.0,0.2,0.26,0.13,2.0,0.0,2.0,4.0,3.0,1.0,-2.0,-3.0,1.0,Split,257980,55:11,2026-04-10 05:00:00,https://www.vlr.gg/642933/nova-esports-vs-trace-esports-vct-2026-china-stage-1-w2,VCT 2026: China Stage 1
TE,Viva,Skye,0.5,0.56,0.44,91.0,114.0,66.0,5.0,4.0,1.0,15.0,8.0,7.0,11.0,7.0,4.0,-10.0,-4.0,-6.0,0.74,0.75,0.73,62.0,72.0,51.0,0.32,0.31,0.33,1.0,0.0,1.0,1.0,1.0,0.0,0.0,-1.0,1.0,Split,257980,55:11,2026-04-10 05:00:00,https://www.vlr.gg/642933/nova-esports-vs-trace-esports-vct-2026-china-stage-1-w2,VCT 2026: China Stage 1
FPX,Ben1Ley,Waylay,1.07,1.29,0.77,240.0,252.0,224.0,18.0,10.0,8.0,17.0,9.0,8.0,7.0,5.0,2.0,1.0,1.0,0.0,0.76,0.83,0.67,148.0,164.0,127.0,0.28,0.25,0.33,1.0,1.0,0.0,3.0,2.0,1.0,-2.0,-1.0,-1.0,Lotus,257982,57:11,2026-04-10 07:30:00,https://www.vlr.gg/642934/funplus-phoenix-vs-bilibili-gaming-vct-2026-china-stage-1-w2,VCT 2026: China Stage 1
FPX,Setrod,Neon,1.07,0.85,1.37,288.0,262.0,323.0,21.0,10.0,11.0,19.0,12.0,7.0,2.0,1.0,1.0,2.0,-2.0,4.0,0.71,0.75,0.67,181.0,166.0,201.0,0.24,0.18,0.31,2.0,2.0,0.0,3.0,1.0,2.0,-1.0,1.0,-2.0,Lotus,257982,57:11,2026-04-10 07:30:00,https://www.vlr.gg/642934/funplus-phoenix-vs-bilibili-gaming-vct-2026-china-stage-1-w2,VCT 2026: China Stage 1
FPX,AAAAY,Viper,1.06,0.76,1.46,216.0,130.0,331.0,16.0,6.0,10.0,15.0,8.0,7.0,2.0,2.0,0.0,1.0,-2.0,3.0,0.81,0.83,0.78,146.0,69.0,249.0,0.43,0.18,0.58,2.0,0.0,2.0,2.0,1.0,1.0,0.0,-1.0,1.0,Lotus,257982,57:11,2026-04-10 07:30:00,https://www.vlr.gg/642934/funplus-phoenix-vs-bilibili-gaming-vct-2026-china-stage-1-w2,VCT 2026: China Stage 1
FPX,BerLIN,Omen,0.68,0.9,0.39,166.0,197.0,125.0,10.0,7.0,3.0,17.0,9.0,8.0,9.0,4.0,5.0,-7.0,-2.0,-5.0,0.62,0.58,0.67,111.0,131.0,84.0,0.31,0.25,0.42,1.0,1.0,0.0,3.0,2.0,1.0,-2.0,-1.0,-1.0,Lotus,257982,57:11,2026-04-10 07:30:00,https://www.vlr.gg/642934/funplus-phoenix-vs-bilibili-gaming-vct-2026-china-stage-1-w2,VCT 2026: China Stage 1
FPX,KovaQ,Fade,0.63,0.75,0.47,111.0,119.0,100.0,8.0,5.0,3.0,15.0,8.0,7.0,6.0,3.0,3.0,-7.0,-3.0,-4.0,0.67,0.75,0.56,79.0,85.0,71.0,0.32,0.29,0.36,0.0,0.0,0.0,4.0,2.0,2.0,-4.0,-2.0,-2.0,Lotus,257982,57:11,2026-04-10 07:30:00,https://www.vlr.gg/642934/funplus-phoenix-vs-bilibili-gaming-vct-2026-china-stage-1-w2,VCT 2026: China Stage 1
BLG,nephh,Omen,1.36,1.5,1.25,243.0,309.0,194.0,21.0,11.0,10.0,13.0,7.0,6.0,8.0,2.0,6.0,8.0,4.0,4.0,0.95,1.0,0.92,142.0,170.0,121.0,0.21,0.18,0.27,3.0,2.0,1.0,0.0,0.0,0.0,3.0,2.0,1.0,Lotus,257982,57:11,2026-04-10 07:30:00,https://www.vlr.gg/642934/funplus-phoenix-vs-bilibili-gaming-vct-2026-china-stage-1-w2,VCT 2026: China Stage 1
BLG,rushia,Viper,1.22,1.01,1.37,263.0,226.0,291.0,19.0,7.0,12.0,16.0,7.0,9.0,9.0,6.0,3.0,3.0,0.0,3.0,0.81,0.89,0.75,194.0,155.0,223.0,0.29,0.19,0.34,4.0,2.0,2.0,0.0,0.0,0.0,4.0,2.0,2.0,Lotus,257982,57:11,2026-04-10 07:30:00,https://www.vlr.gg/642934/funplus-phoenix-vs-bilibili-gaming-vct-2026-china-stage-1-w2,VCT 2026: China Stage 1
BLG,yilai,Killjoy,1.17,1.14,1.2,186.0,220.0,161.0,14.0,7.0,7.0,13.0,7.0,6.0,4.0,0.0,4.0,1.0,0.0,1.0,0.71,0.44,0.92,121.0,136.0,110.0,0.37,0.33,0.41,3.0,2.0,1.0,0.0,0.0,0.0,3.0,2.0,1.0,Lotus,257982,57:11,2026-04-10 07:30:00,https://www.vlr.gg/642934/funplus-phoenix-vs-bilibili-gaming-vct-2026-china-stage-1-w2,VCT 2026: China Stage 1
BLG,Knight,Fade,1.05,1.47,0.73,206.0,275.0,154.0,16.0,9.0,7.0,15.0,7.0,8.0,5.0,4.0,1.0,1.0,2.0,-1.0,0.76,0.89,0.67,133.0,171.0,105.0,0.39,0.29,0.62,3.0,1.0,2.0,2.0,0.0,2.0,1.0,1.0,0.0,Lotus,257982,57:11,2026-04-10 07:30:00,https://www.vlr.gg/642934/funplus-phoenix-vs-bilibili-gaming-vct-2026-china-stage-1-w2,VCT 2026: China Stage 1
BLG,whzy,Raze,0.84,0.47,1.12,187.0,87.0,262.0,13.0,3.0,10.0,16.0,7.0,9.0,10.0,3.0,7.0,-3.0,-4.0,1.0,0.76,0.89,0.67,137.0,66.0,190.0,0.15,0.07,0.18,2.0,0.0,2.0,4.0,2.0,2.0,-2.0,-2.0,0.0,Lotus,257982,57:11,2026-04-10 07:30:00,https://www.vlr.gg/642934/funplus-phoenix-vs-bilibili-gaming-vct-2026-china-stage-1-w2,VCT 2026: China Stage 1
FPX,AAAAY,Viper,1.25,1.02,1.42,256.0,193.0,292.0,51.0,18.0,33.0,39.0,16.0,23.0,12.0,8.0,4.0,12.0,2.0,10.0,0.81,0.84,0.79,163.0,109.0,204.0,0.43,0.35,0.47,9.0,2.0,7.0,3.0,1.0,2.0,6.0,1.0,5.0,all,all,all,2026-04-10 07:30:00,https://www.vlr.gg/642934/funplus-phoenix-vs-bilibili-gaming-vct-2026-china-stage-1-w2,VCT 2026: China Stage 1
FPX,Setrod,Neon,0.98,1.0,0.96,212.0,265.0,190.0,45.0,22.0,23.0,44.0,21.0,23.0,8.0,4.0,4.0,1.0,1.0,0.0,0.71,0.8,0.64,141.0,166.0,123.0,0.24,0.12,0.29,6.0,5.0,1.0,7.0,3.0,4.0,-1.0,2.0,-3.0,all,all,all,2026-04-10 07:30:00,https://www.vlr.gg/642934/funplus-phoenix-vs-bilibili-gaming-vct-2026-china-stage-1-w2,VCT 2026: China Stage 1
FPX,Ben1Ley,Waylay,0.88,1.06,0.74,217.0,253.0,191.0,45.0,23.0,22.0,48.0,21.0,27.0,12.0,8.0,4.0,-3.0,2.0,-5.0,0.72,0.8,0.67,136.0,160.0,118.0,0.28,0.28,0.32,6.0,2.0,4.0,9.0,4.0,5.0,-3.0,-2.0,-1.0,all,all,all,2026-04-10 07:30:00,https://www.vlr.gg/642934/funplus-phoenix-vs-bilibili-gaming-vct-2026-china-stage-1-w2,VCT 2026: China Stage 1
FPX,KovaQ,Fade,0.78,0.94,0.66,147.0,164.0,145.0,32.0,16.0,16.0,41.0,16.0,25.0,14.0,7.0,7.0,-9.0,0.0,-9.0,0.67,0.76,0.61,109.0,125.0,96.0,0.32,0.24,0.33,1.0,0.0,1.0,7.0,4.0,3.0,-6.0,-4.0,-2.0,all,all,all,2026-04-10 07:30:00,https://www.vlr.gg/642934/funplus-phoenix-vs-bilibili-gaming-vct-2026-china-stage-1-w2,VCT 2026: China Stage 1
FPX,BerLIN,Omen,0.76,0.81,0.72,154.0,173.0,146.0,30.0,15.0,15.0,42.0,17.0,25.0,23.0,6.0,17.0,-12.0,-2.0,-10.0,0.72,0.68,0.76,100.0,109.0,93.0,0.31,0.27,0.35,3.0,1.0,2.0,7.0,3.0,4.0,-4.0,-2.0,-2.0,all,all,all,2026-04-10 07:30:00,https://www.vlr.gg/642934/funplus-phoenix-vs-bilibili-gaming-vct-2026-china-stage-1-w2,VCT 2026: China Stage 1
BLG,Knight,Fade,1.41,1.56,1.2,231.0,238.0,213.0,51.0,31.0,20.0,34.0,16.0,18.0,12.0,7.0,5.0,17.0,15.0,2.0,0.78,0.85,0.68,152.0,160.0,141.0,0.39,0.28,0.47,5.0,1.0,4.0,4.0,0.0,4.0,1.0,1.0,0.0,all,all,all,2026-04-10 07:30:00,https://www.vlr.gg/642934/funplus-phoenix-vs-bilibili-gaming-vct-2026-china-stage-1-w2,VCT 2026: China Stage 1
BLG,yilai,Killjoy,1.15,1.11,1.22,228.0,237.0,203.0,46.0,27.0,19.0,42.0,24.0,18.0,13.0,2.0,11.0,4.0,3.0,1.0,0.72,0.67,0.8,139.0,148.0,126.0,0.37,0.25,0.29,7.0,6.0,1.0,3.0,3.0,0.0,4.0,3.0,1.0,all,all,all,2026-04-10 07:30:00,https://www.vlr.gg/642934/funplus-phoenix-vs-bilibili-gaming-vct-2026-china-stage-1-w2,VCT 2026: China Stage 1
BLG,nephh,Omen,1.07,1.12,1.0,204.0,215.0,183.0,43.0,27.0,16.0,39.0,22.0,17.0,26.0,12.0,14.0,4.0,5.0,-1.0,0.83,0.85,0.8,120.0,124.0,114.0,0.21,0.27,0.21,6.0,5.0,1.0,4.0,3.0,1.0,2.0,2.0,0.0,all,all,all,2026-04-10 07:30:00,https://www.vlr.gg/642934/funplus-phoenix-vs-bilibili-gaming-vct-2026-china-stage-1-w2,VCT 2026: China Stage 1
BLG,rushia,Viper,0.96,0.86,1.1,192.0,173.0,229.0,39.0,18.0,21.0,42.0,23.0,19.0,18.0,14.0,4.0,-3.0,-5.0,2.0,0.78,0.82,0.72,141.0,128.0,157.0,0.29,0.18,0.39,8.0,4.0,4.0,3.0,2.0,1.0,5.0,2.0,3.0,all,all,all,2026-04-10 07:30:00,https://www.vlr.gg/642934/funplus-phoenix-vs-bilibili-gaming-vct-2026-china-stage-1-w2,VCT 2026: China Stage 1
BLG,whzy,Raze,0.76,0.75,0.77,175.0,160.0,193.0,35.0,20.0,15.0,46.0,24.0,22.0,18.0,6.0,12.0,-11.0,-4.0,-7.0,0.74,0.82,0.64,119.0,101.0,142.0,0.15,0.28,0.2,7.0,2.0,5.0,11.0,7.0,4.0,-4.0,-5.0,1.0,all,all,all,2026-04-10 07:30:00,https://www.vlr.gg/642934/funplus-phoenix-vs-bilibili-gaming-vct-2026-china-stage-1-w2,VCT 2026: China Stage 1
FPX,AAAAY,Sage,1.3,1.58,1.07,241.0,301.0,191.0,19.0,11.0,8.0,12.0,5.0,7.0,9.0,6.0,3.0,7.0,6.0,1.0,0.91,1.0,0.83,146.0,177.0,120.0,0.49,0.41,0.6,3.0,1.0,2.0,1.0,0.0,1.0,2.0,1.0,1.0,Fracture,257983,47:50,2026-04-10 07:30:00,https://www.vlr.gg/642934/funplus-phoenix-vs-bilibili-gaming-vct-2026-china-stage-1-w2,VCT 2026: China Stage 1
FPX,Setrod,Neon,1.16,1.3,1.05,228.0,278.0,186.0,19.0,10.0,9.0,14.0,6.0,8.0,2.0,2.0,0.0,5.0,4.0,1.0,0.82,0.9,0.75,142.0,172.0,117.0,0.13,0.07,0.26,4.0,3.0,1.0,3.0,2.0,1.0,1.0,1.0,0.0,Fracture,257983,47:50,2026-04-10 07:30:00,https://www.vlr.gg/642934/funplus-phoenix-vs-bilibili-gaming-vct-2026-china-stage-1-w2,VCT 2026: China Stage 1
FPX,KovaQ,Tejo,1.12,1.38,0.91,228.0,238.0,220.0,19.0,10.0,9.0,14.0,5.0,9.0,6.0,3.0,3.0,5.0,5.0,0.0,0.77,0.9,0.67,165.0,182.0,151.0,0.27,0.22,0.35,0.0,0.0,0.0,1.0,0.0,1.0,-1.0,0.0,-1.0,Fracture,257983,47:50,2026-04-10 07:30:00,https://www.vlr.gg/642934/funplus-phoenix-vs-bilibili-gaming-vct-2026-china-stage-1-w2,VCT 2026: China Stage 1
FPX,BerLIN,Astra,0.95,0.74,1.12,172.0,133.0,205.0,15.0,6.0,9.0,13.0,5.0,8.0,5.0,1.0,4.0,2.0,1.0,1.0,0.82,0.8,0.83,101.0,77.0,121.0,0.31,0.18,0.41,2.0,0.0,2.0,2.0,1.0,1.0,0.0,-1.0,1.0,Fracture,257983,47:50,2026-04-10 07:30:00,https://www.vlr.gg/642934/funplus-phoenix-vs-bilibili-gaming-vct-2026-china-stage-1-w2,VCT 2026: China Stage 1
FPX,Ben1Ley,Waylay,0.78,0.85,0.73,204.0,262.0,156.0,16.0,10.0,6.0,17.0,9.0,8.0,5.0,3.0,2.0,-1.0,1.0,-2.0,0.77,0.8,0.75,128.0,166.0,96.0,0.28,0.33,0.22,3.0,1.0,2.0,3.0,2.0,1.0,0.0,-1.0,1.0,Fracture,257983,47:50,2026-04-10 07:30:00,https://www.vlr.gg/642934/funplus-phoenix-vs-bilibili-gaming-vct-2026-china-stage-1-w2,VCT 2026: China Stage 1
BLG,Knight,Tejo,1.43,1.26,1.62,219.0,191.0,253.0,18.0,9.0,9.0,14.0,6.0,8.0,6.0,2.0,4.0,4.0,3.0,1.0,0.73,0.75,0.7,142.0,123.0,165.0,0.3,0.29,0.32,1.0,0.0,1.0,1.0,0.0,1.0,0.0,0.0,0.0,Fracture,257983,47:50,2026-04-10 07:30:00,https://www.vlr.gg/642934/funplus-phoenix-vs-bilibili-gaming-vct-2026-china-stage-1-w2,VCT 2026: China Stage 1
BLG,yilai,Waylay,1.1,1.19,0.99,216.0,231.0,198.0,16.0,9.0,7.0,18.0,8.0,10.0,5.0,0.0,5.0,-2.0,1.0,-3.0,0.73,0.75,0.7,138.0,146.0,128.0,0.28,0.27,0.29,1.0,1.0,0.0,1.0,1.0,0.0,0.0,0.0,0.0,Fracture,257983,47:50,2026-04-10 07:30:00,https://www.vlr.gg/642934/funplus-phoenix-vs-bilibili-gaming-vct-2026-china-stage-1-w2,VCT 2026: China Stage 1
BLG,nephh,Brimstone,0.69,0.63,0.77,148.0,116.0,186.0,10.0,5.0,5.0,17.0,8.0,9.0,9.0,5.0,4.0,-7.0,-3.0,-4.0,0.68,0.75,0.6,79.0,54.0,109.0,0.19,0.25,0.15,1.0,1.0,0.0,3.0,2.0,1.0,-2.0,-1.0,-1.0,Fracture,257983,47:50,2026-04-10 07:30:00,https://www.vlr.gg/642934/funplus-phoenix-vs-bilibili-gaming-vct-2026-china-stage-1-w2,VCT 2026: China Stage 1
BLG,rushia,Cypher,0.64,0.81,0.43,177.0,195.0,155.0,14.0,8.0,6.0,20.0,10.0,10.0,4.0,3.0,1.0,-6.0,-2.0,-4.0,0.68,0.75,0.6,117.0,145.0,83.0,0.3,0.27,0.35,2.0,1.0,1.0,2.0,1.0,1.0,0.0,0.0,0.0,Fracture,257983,47:50,2026-04-10 07:30:00,https://www.vlr.gg/642934/funplus-phoenix-vs-bilibili-gaming-vct-2026-china-stage-1-w2,VCT 2026: China Stage 1
BLG,whzy,Neon,0.64,0.88,0.36,161.0,204.0,109.0,12.0,9.0,3.0,19.0,9.0,10.0,4.0,1.0,3.0,-7.0,0.0,-7.0,0.68,0.83,0.5,97.0,109.0,83.0,0.27,0.32,0.22,5.0,2.0,3.0,5.0,3.0,2.0,0.0,-1.0,1.0,Fracture,257983,47:50,2026-04-10 07:30:00,https://www.vlr.gg/642934/funplus-phoenix-vs-bilibili-gaming-vct-2026-china-stage-1-w2,VCT 2026: China Stage 1
FPX,AAAAY,Killjoy,1.42,0.15,1.73,310.0,89.0,365.0,16.0,1.0,15.0,12.0,3.0,9.0,1.0,0.0,1.0,4.0,-2.0,6.0,0.67,0.33,0.75,211.0,41.0,254.0,0.38,0.5,0.37,4.0,1.0,3.0,0.0,0.0,0.0,4.0,1.0,3.0,Pearl,257984,37:33,2026-04-10 07:30:00,https://www.vlr.gg/642934/funplus-phoenix-vs-bilibili-gaming-vct-2026-china-stage-1-w2,VCT 2026: China Stage 1
FPX,Ben1Ley,Waylay,0.75,0.89,0.72,206.0,224.0,202.0,11.0,3.0,8.0,14.0,3.0,11.0,0.0,0.0,0.0,-3.0,0.0,-3.0,0.6,0.67,0.58,130.0,121.0,132.0,0.37,0.25,0.39,2.0,0.0,2.0,3.0,0.0,3.0,-1.0,0.0,-1.0,Pearl,257984,37:33,2026-04-10 07:30:00,https://www.vlr.gg/642934/funplus-phoenix-vs-bilibili-gaming-vct-2026-china-stage-1-w2,VCT 2026: China Stage 1
FPX,BerLIN,Astra,0.6,0.72,0.57,125.0,207.0,105.0,5.0,2.0,3.0,12.0,3.0,9.0,9.0,1.0,8.0,-7.0,-1.0,-6.0,0.73,0.67,0.75,84.0,129.0,73.0,0.33,0.57,0.21,0.0,0.0,0.0,2.0,0.0,2.0,-2.0,0.0,-2.0,Pearl,257984,37:33,2026-04-10 07:30:00,https://www.vlr.gg/642934/funplus-phoenix-vs-bilibili-gaming-vct-2026-china-stage-1-w2,VCT 2026: China Stage 1
FPX,Setrod,Neon,0.58,0.59,0.58,121.0,232.0,93.0,5.0,2.0,3.0,11.0,3.0,8.0,4.0,1.0,3.0,-6.0,-1.0,-5.0,0.53,0.67,0.5,85.0,143.0,71.0,0.2,0.15,0.25,0.0,0.0,0.0,1.0,0.0,1.0,-1.0,0.0,-1.0,Pearl,257984,37:33,2026-04-10 07:30:00,https://www.vlr.gg/642934/funplus-phoenix-vs-bilibili-gaming-vct-2026-china-stage-1-w2,VCT 2026: China Stage 1
FPX,KovaQ,Fade,0.5,0.22,0.56,102.0,99.0,103.0,5.0,1.0,4.0,12.0,3.0,9.0,2.0,1.0,1.0,-7.0,-2.0,-5.0,0.53,0.33,0.58,68.0,99.0,60.0,0.25,0.25,0.25,1.0,0.0,1.0,2.0,2.0,0.0,-1.0,-2.0,1.0,Pearl,257984,37:33,2026-04-10 07:30:00,https://www.vlr.gg/642934/funplus-phoenix-vs-bilibili-gaming-vct-2026-china-stage-1-w2,VCT 2026: China Stage 1
BLG,Knight,Tejo,1.88,1.94,1.67,268.0,257.0,312.0,17.0,13.0,4.0,5.0,3.0,2.0,1.0,1.0,0.0,12.0,10.0,2.0,0.87,0.92,0.67,192.0,188.0,208.0,0.34,0.27,0.8,1.0,0.0,1.0,1.0,0.0,1.0,0.0,0.0,0.0,Pearl,257984,37:33,2026-04-10 07:30:00,https://www.vlr.gg/642934/funplus-phoenix-vs-bilibili-gaming-vct-2026-china-stage-1-w2,VCT 2026: China Stage 1
BLG,nephh,Astra,1.21,1.32,0.81,221.0,244.0,129.0,12.0,11.0,1.0,9.0,7.0,2.0,9.0,5.0,4.0,3.0,4.0,-1.0,0.87,0.83,1.0,148.0,160.0,100.0,0.43,0.56,0.14,2.0,2.0,0.0,1.0,1.0,0.0,1.0,1.0,0.0,Pearl,257984,37:33,2026-04-10 07:30:00,https://www.vlr.gg/642934/funplus-phoenix-vs-bilibili-gaming-vct-2026-china-stage-1-w2,VCT 2026: China Stage 1
BLG,yilai,Neon,1.2,1.0,2.02,282.0,255.0,390.0,16.0,11.0,5.0,11.0,9.0,2.0,4.0,2.0,2.0,5.0,2.0,3.0,0.73,0.75,0.67,165.0,160.0,185.0,0.19,0.21,0.17,3.0,3.0,0.0,2.0,2.0,0.0,1.0,1.0,0.0,Pearl,257984,37:33,2026-04-10 07:30:00,https://www.vlr.gg/642934/funplus-phoenix-vs-bilibili-gaming-vct-2026-china-stage-1-w2,VCT 2026: China Stage 1
BLG,rushia,Killjoy,1.08,0.8,2.19,135.0,112.0,227.0,6.0,3.0,3.0,6.0,6.0,0.0,5.0,5.0,0.0,0.0,-3.0,3.0,0.87,0.83,1.0,101.0,91.0,141.0,0.2,0.05,0.8,2.0,1.0,1.0,1.0,1.0,0.0,1.0,0.0,1.0,Pearl,257984,37:33,2026-04-10 07:30:00,https://www.vlr.gg/642934/funplus-phoenix-vs-bilibili-gaming-vct-2026-china-stage-1-w2,VCT 2026: China Stage 1
BLG,whzy,Phoenix,0.82,0.85,0.73,177.0,172.0,197.0,10.0,8.0,2.0,11.0,8.0,3.0,4.0,2.0,2.0,-1.0,0.0,-1.0,0.8,0.75,1.0,125.0,120.0,145.0,0.39,0.42,0.25,0.0,0.0,0.0,2.0,2.0,0.0,-2.0,-2.0,0.0,Pearl,257984,37:33,2026-04-10 07:30:00,https://www.vlr.gg/642934/funplus-phoenix-vs-bilibili-gaming-vct-2026-china-stage-1-w2,VCT 2026: China Stage 1
AG,f4ngeer,Waylay,1.47,2.06,0.3,249.0,348.0,51.0,16.0,15.0,1.0,13.0,8.0,5.0,0.0,0.0,0.0,3.0,7.0,-4.0,0.61,0.75,0.33,160.0,211.0,58.0,0.52,0.61,0.17,1.0,1.0,0.0,3.0,2.0,1.0,-2.0,-1.0,-1.0,Bind,257985,54:40,2026-04-11 05:00:00,https://www.vlr.gg/642935/all-gamers-vs-tyloo-vct-2026-china-stage-1-w2,VCT 2026: China Stage 1
AG,Shr1mp,Skye,0.92,1.04,0.7,137.0,149.0,113.0,9.0,7.0,2.0,13.0,9.0,4.0,7.0,6.0,1.0,-4.0,-2.0,-2.0,0.61,0.58,0.67,87.0,85.0,91.0,0.1,0.12,0.08,0.0,0.0,0.0,0.0,0.0,0.0,0.0,0.0,0.0,Bind,257985,54:40,2026-04-11 05:00:00,https://www.vlr.gg/642935/all-gamers-vs-tyloo-vct-2026-china-stage-1-w2,VCT 2026: China Stage 1
AG,Youze,Neon,0.77,0.45,1.41,157.0,87.0,297.0,9.0,3.0,6.0,15.0,10.0,5.0,2.0,1.0,1.0,-6.0,-7.0,1.0,0.56,0.5,0.67,103.0,62.0,185.0,0.19,0.14,0.26,3.0,2.0,1.0,4.0,3.0,1.0,-1.0,-1.0,0.0,Bind,257985,54:40,2026-04-11 05:00:00,https://www.vlr.gg/642935/all-gamers-vs-tyloo-vct-2026-china-stage-1-w2,VCT 2026: China Stage 1
AG,iamgrq,Brimstone,0.66,0.59,0.8,146.0,145.0,148.0,7.0,5.0,2.0,14.0,10.0,4.0,6.0,3.0,3.0,-7.0,-5.0,-2.0,0.72,0.67,0.83,113.0,111.0,117.0,0.24,0.27,0.19,1.0,0.0,1.0,0.0,0.0,0.0,1.0,0.0,1.0,Bind,257985,54:40,2026-04-11 05:00:00,https://www.vlr.gg/642935/all-gamers-vs-tyloo-vct-2026-china-stage-1-w2,VCT 2026: China Stage 1
AG,K1ra,Viper,0.48,0.63,0.19,129.0,175.0,37.0,6.0,6.0,0.0,15.0,11.0,4.0,5.0,4.0,1.0,-9.0,-5.0,-4.0,0.61,0.67,0.5,86.0,110.0,38.0,0.29,0.37,0.0,1.0,1.0,0.0,5.0,3.0,2.0,-4.0,-2.0,-2.0,Bind,257985,54:40,2026-04-11 05:00:00,https://www.vlr.gg/642935/all-gamers-vs-tyloo-vct-2026-china-stage-1-w2,VCT 2026: China Stage 1
TYL,splash,Neon,1.63,1.64,1.62,305.0,242.0,337.0,22.0,6.0,16.0,8.0,2.0,6.0,2.0,1.0,1.0,14.0,4.0,10.0,0.89,1.0,0.83,172.0,122.0,197.0,0.36,0.39,0.33,6.0,2.0,4.0,2.0,0.0,2.0,4.0,2.0,2.0,Bind,257985,54:40,2026-04-11 05:00:00,https://www.vlr.gg/642935/all-gamers-vs-tyloo-vct-2026-china-stage-1-w2,VCT 2026: China Stage 1
TYL,slowly,Brimstone,1.49,1.72,1.38,305.0,221.0,347.0,19.0,5.0,14.0,10.0,1.0,9.0,10.0,4.0,6.0,9.0,4.0,5.0,0.72,0.83,0.67,184.0,121.0,216.0,0.41,0.4,0.42,2.0,0.0,2.0,1.0,0.0,1.0,1.0,0.0,1.0,Bind,257985,54:40,2026-04-11 05:00:00,https://www.vlr.gg/642935/all-gamers-vs-tyloo-vct-2026-china-stage-1-w2,VCT 2026: China Stage 1
TYL,Erv,Waylay,1.3,1.66,1.12,209.0,302.0,163.0,14.0,6.0,8.0,8.0,3.0,5.0,11.0,6.0,5.0,6.0,3.0,3.0,0.83,1.0,0.75,133.0,193.0,103.0,0.27,0.31,0.24,2.0,1.0,1.0,0.0,0.0,0.0,2.0,1.0,1.0,Bind,257985,54:40,2026-04-11 05:00:00,https://www.vlr.gg/642935/all-gamers-vs-tyloo-vct-2026-china-stage-1-w2,VCT 2026: China Stage 1
TYL,sword9,Skye,0.75,1.43,0.42,103.0,125.0,92.0,8.0,4.0,4.0,9.0,1.0,8.0,7.0,4.0,3.0,-1.0,3.0,-4.0,0.78,1.0,0.67,63.0,56.0,67.0,0.15,0.25,0.11,0.0,0.0,0.0,2.0,1.0,1.0,-2.0,-1.0,-1.0,Bind,257985,54:40,2026-04-11 05:00:00,https://www.vlr.gg/642935/all-gamers-vs-tyloo-vct-2026-china-stage-1-w2,VCT 2026: China Stage 1
TYL,Scales,Viper,0.55,0.43,0.61,138.0,114.0,150.0,7.0,1.0,6.0,12.0,4.0,8.0,5.0,2.0,3.0,-5.0,-3.0,-2.0,0.78,0.5,0.92,95.0,92.0,97.0,0.12,0.05,0.18,2.0,1.0,1.0,1.0,1.0,0.0,1.0,0.0,1.0,Bind,257985,54:40,2026-04-11 05:00:00,https://www.vlr.gg/642935/all-gamers-vs-tyloo-vct-2026-china-stage-1-w2,VCT 2026: China Stage 1
AG,f4ngeer,Waylay,1.22,1.64,0.81,230.0,300.0,167.0,48.0,31.0,17.0,43.0,18.0,25.0,9.0,6.0,3.0,5.0,13.0,-8.0,0.66,0.72,0.6,148.0,188.0,108.0,0.42,0.47,0.3,9.0,3.0,6.0,9.0,5.0,4.0,0.0,-2.0,2.0,all,all,all,2026-04-11 05:00:00,https://www.vlr.gg/642935/all-gamers-vs-tyloo-vct-2026-china-stage-1-w2,VCT 2026: China Stage 1
AG,Shr1mp,Skye,1.11,1.08,1.14,168.0,145.0,196.0,36.0,16.0,20.0,41.0,17.0,24.0,24.0,14.0,10.0,-5.0,-1.0,-4.0,0.66,0.62,0.7,104.0,82.0,125.0,0.19,0.19,0.21,3.0,0.0,3.0,1.0,0.0,1.0,2.0,0.0,2.0,all,all,all,2026-04-11 05:00:00,https://www.vlr.gg/642935/all-gamers-vs-tyloo-vct-2026-china-stage-1-w2,VCT 2026: China Stage 1
AG,iamgrq,Brimstone,0.89,0.8,0.98,158.0,130.0,183.0,28.0,11.0,17.0,43.0,20.0,23.0,31.0,12.0,19.0,-15.0,-9.0,-6.0,0.75,0.72,0.77,110.0,94.0,126.0,0.28,0.37,0.22,1.0,0.0,1.0,0.0,0.0,0.0,1.0,0.0,1.0,all,all,all,2026-04-11 05:00:00,https://www.vlr.gg/642935/all-gamers-vs-tyloo-vct-2026-china-stage-1-w2,VCT 2026: China Stage 1
AG,K1ra,Viper,0.84,0.91,0.78,163.0,193.0,138.0,33.0,19.0,14.0,42.0,20.0,22.0,10.0,5.0,5.0,-9.0,-1.0,-8.0,0.63,0.69,0.57,116.0,129.0,103.0,0.35,0.35,0.38,2.0,1.0,1.0,11.0,5.0,6.0,-9.0,-4.0,-5.0,all,all,all,2026-04-11 05:00:00,https://www.vlr.gg/642935/all-gamers-vs-tyloo-vct-2026-china-stage-1-w2,VCT 2026: China Stage 1
AG,Youze,Neon,0.76,0.77,0.74,165.0,165.0,170.0,34.0,16.0,18.0,49.0,22.0,27.0,6.0,3.0,3.0,-15.0,-6.0,-9.0,0.61,0.62,0.6,106.0,108.0,103.0,0.25,0.19,0.24,11.0,8.0,3.0,12.0,7.0,5.0,-1.0,1.0,-2.0,all,all,all,2026-04-11 05:00:00,https://www.vlr.gg/642935/all-gamers-vs-tyloo-vct-2026-china-stage-1-w2,VCT 2026: China Stage 1
TYL,splash,Neon,1.33,1.35,1.31,279.0,300.0,247.0,62.0,35.0,27.0,35.0,19.0,16.0,6.0,4.0,2.0,27.0,16.0,11.0,0.8,0.83,0.76,163.0,180.0,145.0,0.35,0.38,0.3,15.0,7.0,8.0,6.0,4.0,2.0,9.0,3.0,6.0,all,all,all,2026-04-11 05:00:00,https://www.vlr.gg/642935/all-gamers-vs-tyloo-vct-2026-china-stage-1-w2,VCT 2026: China Stage 1
TYL,Erv,Waylay,1.33,1.21,1.46,239.0,232.0,250.0,50.0,22.0,28.0,31.0,17.0,14.0,29.0,21.0,8.0,19.0,5.0,14.0,0.81,0.83,0.79,161.0,161.0,162.0,0.3,0.28,0.33,3.0,1.0,2.0,4.0,3.0,1.0,-1.0,-2.0,1.0,all,all,all,2026-04-11 05:00:00,https://www.vlr.gg/642935/all-gamers-vs-tyloo-vct-2026-china-stage-1-w2,VCT 2026: China Stage 1
TYL,slowly,Brimstone,1.08,1.46,0.68,227.0,270.0,178.0,47.0,30.0,17.0,37.0,15.0,22.0,18.0,10.0,8.0,10.0,15.0,-5.0,0.69,0.9,0.48,140.0,165.0,114.0,0.31,0.27,0.34,6.0,4.0,2.0,5.0,1.0,4.0,1.0,3.0,-2.0,all,all,all,2026-04-11 05:00:00,https://www.vlr.gg/642935/all-gamers-vs-tyloo-vct-2026-china-stage-1-w2,VCT 2026: China Stage 1
TYL,sword9,Skye,0.77,1.06,0.48,136.0,167.0,104.0,30.0,21.0,9.0,35.0,14.0,21.0,18.0,11.0,7.0,-5.0,7.0,-12.0,0.69,0.83,0.55,88.0,101.0,76.0,0.25,0.27,0.24,3.0,1.0,2.0,6.0,2.0,4.0,-3.0,-1.0,-2.0,all,all,all,2026-04-11 05:00:00,https://www.vlr.gg/642935/all-gamers-vs-tyloo-vct-2026-china-stage-1-w2,VCT 2026: China Stage 1
TYL,Scales,Viper,0.67,0.61,0.73,156.0,150.0,165.0,29.0,13.0,16.0,41.0,21.0,20.0,17.0,12.0,5.0,-12.0,-8.0,-4.0,0.64,0.6,0.69,106.0,110.0,102.0,0.24,0.19,0.27,6.0,3.0,3.0,5.0,4.0,1.0,1.0,-1.0,2.0,all,all,all,2026-04-11 05:00:00,https://www.vlr.gg/642935/all-gamers-vs-tyloo-vct-2026-china-stage-1-w2,VCT 2026: China Stage 1
AG,f4ngeer,Waylay,1.52,1.89,1.21,294.0,354.0,244.0,23.0,13.0,10.0,13.0,4.0,9.0,5.0,3.0,2.0,10.0,9.0,1.0,0.77,0.9,0.67,181.0,229.0,141.0,0.35,0.38,0.3,6.0,2.0,4.0,5.0,2.0,3.0,1.0,0.0,1.0,Haven,257986,47:54,2026-04-11 05:00:00,https://www.vlr.gg/642935/all-gamers-vs-tyloo-vct-2026-china-stage-1-w2,VCT 2026: China Stage 1
AG,Shr1mp,Skye,1.38,1.55,1.23,214.0,175.0,247.0,17.0,7.0,10.0,15.0,3.0,12.0,14.0,8.0,6.0,2.0,4.0,-2.0,0.82,0.8,0.83,119.0,86.0,147.0,0.27,0.33,0.25,2.0,0.0,2.0,0.0,0.0,0.0,2.0,0.0,2.0,Haven,257986,47:54,2026-04-11 05:00:00,https://www.vlr.gg/642935/all-gamers-vs-tyloo-vct-2026-china-stage-1-w2,VCT 2026: China Stage 1
AG,K1ra,Cypher,1.06,1.46,0.72,191.0,264.0,130.0,16.0,10.0,6.0,13.0,4.0,9.0,2.0,1.0,1.0,3.0,6.0,-3.0,0.68,0.8,0.58,132.0,184.0,89.0,0.38,0.38,0.4,0.0,0.0,0.0,2.0,1.0,1.0,-2.0,-1.0,-1.0,Haven,257986,47:54,2026-04-11 05:00:00,https://www.vlr.gg/642935/all-gamers-vs-tyloo-vct-2026-china-stage-1-w2,VCT 2026: China Stage 1
AG,iamgrq,Omen,0.95,1.21,0.74,144.0,127.0,158.0,9.0,4.0,5.0,14.0,4.0,10.0,19.0,8.0,11.0,-5.0,0.0,-5.0,0.82,0.9,0.75,93.0,80.0,104.0,0.33,0.36,0.32,0.0,0.0,0.0,0.0,0.0,0.0,0.0,0.0,0.0,Haven,257986,47:54,2026-04-11 05:00:00,https://www.vlr.gg/642935/all-gamers-vs-tyloo-vct-2026-china-stage-1-w2,VCT 2026: China Stage 1
AG,Youze,Neon,0.94,1.23,0.7,200.0,246.0,162.0,16.0,9.0,7.0,17.0,6.0,11.0,2.0,1.0,1.0,-1.0,3.0,-4.0,0.73,0.9,0.58,124.0,153.0,100.0,0.17,0.19,0.15,5.0,4.0,1.0,2.0,1.0,1.0,3.0,3.0,0.0,Haven,257986,47:54,2026-04-11 05:00:00,https://www.vlr.gg/642935/all-gamers-vs-tyloo-vct-2026-china-stage-1-w2,VCT 2026: China Stage 1
TYL,Erv,Omen,1.3,1.25,1.36,259.0,209.0,319.0,19.0,8.0,11.0,14.0,6.0,8.0,10.0,8.0,2.0,5.0,2.0,3.0,0.82,0.83,0.8,175.0,151.0,204.0,0.3,0.28,0.31,1.0,0.0,1.0,4.0,3.0,1.0,-3.0,-3.0,0.0,Haven,257986,47:54,2026-04-11 05:00:00,https://www.vlr.gg/642935/all-gamers-vs-tyloo-vct-2026-china-stage-1-w2,VCT 2026: China Stage 1
TYL,slowly,Killjoy,0.98,1.73,0.07,218.0,348.0,62.0,18.0,16.0,2.0,16.0,7.0,9.0,3.0,3.0,0.0,2.0,9.0,-7.0,0.59,0.92,0.2,137.0,215.0,43.0,0.23,0.23,0.22,2.0,2.0,0.0,2.0,0.0,2.0,0.0,2.0,-2.0,Haven,257986,47:54,2026-04-11 05:00:00,https://www.vlr.gg/642935/all-gamers-vs-tyloo-vct-2026-china-stage-1-w2,VCT 2026: China Stage 1
TYL,splash,Neon,0.78,1.05,0.46,190.0,264.0,101.0,15.0,12.0,3.0,18.0,9.0,9.0,3.0,2.0,1.0,-3.0,3.0,-6.0,0.68,0.83,0.5,120.0,164.0,67.0,0.3,0.3,0.3,3.0,1.0,2.0,0.0,0.0,0.0,3.0,1.0,2.0,Haven,257986,47:54,2026-04-11 05:00:00,https://www.vlr.gg/642935/all-gamers-vs-tyloo-vct-2026-china-stage-1-w2,VCT 2026: China Stage 1
TYL,sword9,Sova,0.65,1.03,0.19,129.0,182.0,65.0,10.0,9.0,1.0,15.0,6.0,9.0,6.0,3.0,3.0,-5.0,3.0,-8.0,0.59,0.83,0.3,88.0,111.0,60.0,0.25,0.22,0.4,0.0,0.0,0.0,3.0,1.0,2.0,-3.0,-1.0,-2.0,Haven,257986,47:54,2026-04-11 05:00:00,https://www.vlr.gg/642935/all-gamers-vs-tyloo-vct-2026-china-stage-1-w2,VCT 2026: China Stage 1
TYL,Scales,Viper,0.58,0.57,0.58,165.0,183.0,143.0,10.0,6.0,4.0,18.0,10.0,8.0,7.0,6.0,1.0,-8.0,-4.0,-4.0,0.55,0.67,0.4,115.0,131.0,96.0,0.35,0.29,0.43,3.0,2.0,1.0,4.0,3.0,1.0,-1.0,-1.0,0.0,Haven,257986,47:54,2026-04-11 05:00:00,https://www.vlr.gg/642935/all-gamers-vs-tyloo-vct-2026-china-stage-1-w2,VCT 2026: China Stage 1
AG,iamgrq,Astra,1.05,0.57,1.32,183.0,109.0,226.0,12.0,2.0,10.0,15.0,6.0,9.0,6.0,1.0,5.0,-3.0,-4.0,1.0,0.68,0.57,0.75,128.0,84.0,154.0,0.27,0.63,0.19,0.0,0.0,0.0,0.0,0.0,0.0,0.0,0.0,0.0,Breeze,257987,42:24,2026-04-11 05:00:00,https://www.vlr.gg/642935/all-gamers-vs-tyloo-vct-2026-china-stage-1-w2,VCT 2026: China Stage 1
AG,Shr1mp,Sova,0.98,0.47,1.28,153.0,94.0,187.0,10.0,2.0,8.0,13.0,5.0,8.0,3.0,0.0,3.0,-3.0,-3.0,0.0,0.53,0.43,0.58,103.0,71.0,122.0,0.19,0.1,0.21,1.0,0.0,1.0,1.0,0.0,1.0,0.0,0.0,0.0,Breeze,257987,42:24,2026-04-11 05:00:00,https://www.vlr.gg/642935/all-gamers-vs-tyloo-vct-2026-china-stage-1-w2,VCT 2026: China Stage 1
AG,K1ra,Viper,0.94,0.6,1.14,169.0,122.0,196.0,11.0,3.0,8.0,14.0,5.0,9.0,3.0,0.0,3.0,-3.0,-2.0,-1.0,0.58,0.57,0.58,125.0,82.0,150.0,0.38,0.22,0.47,1.0,0.0,1.0,4.0,1.0,3.0,-3.0,-1.0,-2.0,Breeze,257987,42:24,2026-04-11 05:00:00,https://www.vlr.gg/642935/all-gamers-vs-tyloo-vct-2026-china-stage-1-w2,VCT 2026: China Stage 1
AG,f4ngeer,Waylay,0.64,0.59,0.67,146.0,141.0,149.0,9.0,3.0,6.0,17.0,6.0,11.0,4.0,3.0,1.0,-8.0,-3.0,-5.0,0.58,0.43,0.67,97.0,90.0,101.0,0.38,0.43,0.36,2.0,0.0,2.0,1.0,1.0,0.0,1.0,-1.0,2.0,Breeze,257987,42:24,2026-04-11 05:00:00,https://www.vlr.gg/642935/all-gamers-vs-tyloo-vct-2026-china-stage-1-w2,VCT 2026: China Stage 1
AG,Youze,Neon,0.53,0.66,0.45,139.0,182.0,114.0,9.0,4.0,5.0,17.0,6.0,11.0,2.0,1.0,1.0,-8.0,-2.0,-6.0,0.53,0.43,0.58,87.0,123.0,66.0,0.38,0.29,0.5,3.0,2.0,1.0,6.0,3.0,3.0,-3.0,-1.0,-2.0,Breeze,257987,42:24,2026-04-11 05:00:00,https://www.vlr.gg/642935/all-gamers-vs-tyloo-vct-2026-china-stage-1-w2,VCT 2026: China Stage 1
TYL,splash,Jett,1.69,1.49,2.02,341.0,364.0,302.0,25.0,17.0,8.0,9.0,8.0,1.0,1.0,1.0,0.0,16.0,9.0,7.0,0.84,0.75,1.0,204.0,226.0,166.0,0.38,0.44,0.23,6.0,4.0,2.0,4.0,4.0,0.0,2.0,0.0,2.0,Breeze,257987,42:24,2026-04-11 05:00:00,https://www.vlr.gg/642935/all-gamers-vs-tyloo-vct-2026-china-stage-1-w2,VCT 2026: China Stage 1
TYL,Erv,Kayo,1.4,0.95,2.17,250.0,220.0,301.0,17.0,8.0,9.0,9.0,8.0,1.0,8.0,7.0,1.0,8.0,0.0,8.0,0.79,0.75,0.86,172.0,154.0,203.0,0.33,0.24,0.45,0.0,0.0,0.0,0.0,0.0,0.0,0.0,0.0,0.0,Breeze,257987,42:24,2026-04-11 05:00:00,https://www.vlr.gg/642935/all-gamers-vs-tyloo-vct-2026-china-stage-1-w2,VCT 2026: China Stage 1
TYL,sword9,Sova,0.93,0.91,0.98,175.0,173.0,178.0,12.0,8.0,4.0,11.0,7.0,4.0,5.0,4.0,1.0,1.0,1.0,0.0,0.74,0.75,0.71,113.0,113.0,113.0,0.36,0.36,0.36,3.0,1.0,2.0,1.0,0.0,1.0,2.0,1.0,1.0,Breeze,257987,42:24,2026-04-11 05:00:00,https://www.vlr.gg/642935/all-gamers-vs-tyloo-vct-2026-china-stage-1-w2,VCT 2026: China Stage 1
TYL,Scales,Viper,0.89,0.75,1.15,166.0,134.0,221.0,12.0,6.0,6.0,11.0,7.0,4.0,5.0,4.0,1.0,1.0,-1.0,2.0,0.63,0.58,0.71,105.0,97.0,119.0,0.24,0.25,0.23,1.0,0.0,1.0,0.0,0.0,0.0,1.0,0.0,1.0,Breeze,257987,42:24,2026-04-11 05:00:00,https://www.vlr.gg/642935/all-gamers-vs-tyloo-vct-2026-china-stage-1-w2,VCT 2026: China Stage 1
TYL,slowly,Astra,0.8,1.07,0.34,157.0,217.0,54.0,10.0,9.0,1.0,11.0,7.0,4.0,5.0,3.0,2.0,-1.0,2.0,-3.0,0.79,0.92,0.57,102.0,138.0,40.0,0.28,0.28,0.25,2.0,2.0,0.0,2.0,1.0,1.0,0.0,1.0,-1.0,Breeze,257987,42:24,2026-04-11 05:00:00,https://www.vlr.gg/642935/all-gamers-vs-tyloo-vct-2026-china-stage-1-w2,VCT 2026: China Stage 1
EDG,CHICHOO,Viper,1.38,1.07,1.99,274.0,267.0,288.0,20.0,12.0,8.0,10.0,9.0,1.0,4.0,4.0,0.0,10.0,3.0,7.0,0.83,0.75,1.0,171.0,170.0,173.0,0.47,0.39,0.67,1.0,0.0,1.0,1.0,1.0,0.0,0.0,-1.0,1.0,Breeze,257988,1:01:42,2026-04-11 08:15:00,https://www.vlr.gg/642936/edward-gaming-vs-dragon-ranger-gaming-vct-2026-china-stage-1-w2,VCT 2026: China Stage 1
EDG,ZmjjKK,Jett,1.37,1.09,1.92,284.0,257.0,338.0,18.0,10.0,8.0,9.0,8.0,1.0,6.0,5.0,1.0,9.0,2.0,7.0,0.83,0.75,1.0,183.0,158.0,233.0,0.2,0.19,0.21,3.0,3.0,0.0,2.0,2.0,0.0,1.0,1.0,0.0,Breeze,257988,1:01:42,2026-04-11 08:15:00,https://www.vlr.gg/642936/edward-gaming-vs-dragon-ranger-gaming-vct-2026-china-stage-1-w2,VCT 2026: China Stage 1
EDG,nobody,Sova,1.23,1.12,1.44,201.0,209.0,185.0,13.0,9.0,4.0,10.0,8.0,2.0,5.0,4.0,1.0,3.0,1.0,2.0,0.83,0.75,1.0,134.0,143.0,116.0,0.3,0.33,0.23,1.0,0.0,1.0,0.0,0.0,0.0,1.0,0.0,1.0,Breeze,257988,1:01:42,2026-04-11 08:15:00,https://www.vlr.gg/642936/edward-gaming-vs-dragon-ranger-gaming-vct-2026-china-stage-1-w2,VCT 2026: China Stage 1
EDG,Jieni7,Kayo,1.1,0.92,1.47,242.0,247.0,232.0,16.0,11.0,5.0,13.0,10.0,3.0,8.0,4.0,4.0,3.0,1.0,2.0,0.78,0.75,0.83,153.0,168.0,123.0,0.33,0.32,0.33,4.0,3.0,1.0,0.0,0.0,0.0,4.0,3.0,1.0,Breeze,257988,1:01:42,2026-04-11 08:15:00,https://www.vlr.gg/642936/edward-gaming-vs-dragon-ranger-gaming-vct-2026-china-stage-1-w2,VCT 2026: China Stage 1
EDG,Smoggy,Harbor,0.83,0.65,1.2,155.0,131.0,203.0,10.0,6.0,4.0,10.0,8.0,2.0,5.0,4.0,1.0,0.0,-2.0,2.0,0.78,0.67,1.0,92.0,80.0,116.0,0.31,0.25,0.4,3.0,1.0,2.0,3.0,2.0,1.0,0.0,-1.0,1.0,Breeze,257988,1:01:42,2026-04-11 08:15:00,https://www.vlr.gg/642936/edward-gaming-vs-dragon-ranger-gaming-vct-2026-china-stage-1-w2,VCT 2026: China Stage 1
DRG,vo0kashu,Omen,0.92,0.36,1.2,159.0,68.0,205.0,11.0,1.0,10.0,15.0,6.0,9.0,1.0,1.0,0.0,-4.0,-5.0,1.0,0.44,0.33,0.5,86.0,46.0,106.0,0.26,0.17,0.29,2.0,1.0,1.0,5.0,2.0,3.0,-3.0,-1.0,-2.0,Breeze,257988,1:01:42,2026-04-11 08:15:00,https://www.vlr.gg/642936/edward-gaming-vs-dragon-ranger-gaming-vct-2026-china-stage-1-w2,VCT 2026: China Stage 1
DRG,Nicc,Skye,0.92,0.67,1.05,200.0,177.0,212.0,13.0,4.0,9.0,16.0,6.0,10.0,5.0,1.0,4.0,-3.0,-2.0,-1.0,0.67,0.5,0.75,119.0,86.0,136.0,0.3,0.5,0.25,1.0,0.0,1.0,2.0,0.0,2.0,-1.0,0.0,-1.0,Breeze,257988,1:01:42,2026-04-11 08:15:00,https://www.vlr.gg/642936/edward-gaming-vs-dragon-ranger-gaming-vct-2026-china-stage-1-w2,VCT 2026: China Stage 1
DRG,Flex1n,Astra,0.92,0.51,1.12,146.0,131.0,154.0,9.0,2.0,7.0,12.0,5.0,7.0,3.0,0.0,3.0,-3.0,-3.0,0.0,0.61,0.33,0.75,90.0,92.0,89.0,0.33,0.3,0.36,0.0,0.0,0.0,0.0,0.0,0.0,0.0,0.0,0.0,Breeze,257988,1:01:42,2026-04-11 08:15:00,https://www.vlr.gg/642936/edward-gaming-vs-dragon-ranger-gaming-vct-2026-china-stage-1-w2,VCT 2026: China Stage 1
DRG,Life,Neon,0.67,0.01,1.13,196.0,17.0,286.0,11.0,0.0,11.0,17.0,6.0,11.0,4.0,1.0,3.0,-6.0,-6.0,0.0,0.5,0.17,0.67,124.0,17.0,178.0,0.51,0.5,0.51,2.0,0.0,2.0,2.0,2.0,0.0,0.0,-2.0,2.0,Breeze,257988,1:01:42,2026-04-11 08:15:00,https://www.vlr.gg/642936/edward-gaming-vs-dragon-ranger-gaming-vct-2026-china-stage-1-w2,VCT 2026: China Stage 1
DRG,SpiritZ1,Waylay,0.57,0.22,0.74,166.0,133.0,183.0,8.0,2.0,6.0,17.0,6.0,11.0,6.0,0.0,6.0,-9.0,-4.0,-5.0,0.61,0.33,0.75,135.0,107.0,149.0,0.26,0.15,0.29,1.0,0.0,1.0,3.0,1.0,2.0,-2.0,-1.0,-1.0,Breeze,257988,1:01:42,2026-04-11 08:15:00,https://www.vlr.gg/642936/edward-gaming-vs-dragon-ranger-gaming-vct-2026-china-stage-1-w2,VCT 2026: China Stage 1
EDG,CHICHOO,Viper,1.22,0.91,1.55,225.0,188.0,267.0,51.0,22.0,29.0,36.0,21.0,15.0,13.0,7.0,6.0,15.0,1.0,14.0,0.71,0.65,0.79,148.0,123.0,176.0,0.39,0.32,0.48,5.0,3.0,2.0,5.0,4.0,1.0,0.0,-1.0,1.0,all,all,all,2026-04-11 08:15:00,https://www.vlr.gg/642936/edward-gaming-vs-dragon-ranger-gaming-vct-2026-china-stage-1-w2,VCT 2026: China Stage 1
EDG,ZmjjKK,Jett,1.12,1.26,0.96,271.0,305.0,237.0,52.0,32.0,20.0,45.0,23.0,22.0,20.0,10.0,10.0,7.0,9.0,-2.0,0.8,0.81,0.79,177.0,188.0,165.0,0.22,0.25,0.18,9.0,7.0,2.0,7.0,5.0,2.0,2.0,2.0,0.0,all,all,all,2026-04-11 08:15:00,https://www.vlr.gg/642936/edward-gaming-vs-dragon-ranger-gaming-vct-2026-china-stage-1-w2,VCT 2026: China Stage 1
EDG,nobody,Sova,1.1,1.15,1.05,185.0,206.0,162.0,40.0,22.0,18.0,36.0,20.0,16.0,19.0,16.0,3.0,4.0,2.0,2.0,0.73,0.74,0.71,118.0,130.0,104.0,0.34,0.35,0.34,4.0,1.0,3.0,3.0,0.0,3.0,1.0,1.0,0.0,all,all,all,2026-04-11 08:15:00,https://www.vlr.gg/642936/edward-gaming-vs-dragon-ranger-gaming-vct-2026-china-stage-1-w2,VCT 2026: China Stage 1
EDG,Smoggy,Harbor,1.02,0.83,1.22,201.0,186.0,223.0,43.0,21.0,22.0,40.0,21.0,19.0,21.0,9.0,12.0,3.0,0.0,3.0,0.76,0.68,0.86,133.0,124.0,144.0,0.38,0.38,0.4,7.0,2.0,5.0,6.0,2.0,4.0,1.0,0.0,1.0,all,all,all,2026-04-11 08:15:00,https://www.vlr.gg/642936/edward-gaming-vs-dragon-ranger-gaming-vct-2026-china-stage-1-w2,VCT 2026: China Stage 1
EDG,Jieni7,Kayo,0.76,0.73,0.8,163.0,185.0,130.0,34.0,21.0,13.0,44.0,25.0,19.0,20.0,10.0,10.0,-10.0,-4.0,-6.0,0.69,0.71,0.68,99.0,117.0,79.0,0.26,0.27,0.26,6.0,3.0,3.0,7.0,4.0,3.0,-1.0,-1.0,0.0,all,all,all,2026-04-11 08:15:00,https://www.vlr.gg/642936/edward-gaming-vs-dragon-ranger-gaming-vct-2026-china-stage-1-w2,VCT 2026: China Stage 1
DRG,vo0kashu,Omen,1.2,1.17,1.24,204.0,206.0,200.0,46.0,22.0,24.0,40.0,18.0,22.0,12.0,4.0,8.0,6.0,4.0,2.0,0.68,0.75,0.61,131.0,137.0,126.0,0.32,0.32,0.33,6.0,2.0,4.0,7.0,2.0,5.0,-1.0,0.0,-1.0,all,all,all,2026-04-11 08:15:00,https://www.vlr.gg/642936/edward-gaming-vs-dragon-ranger-gaming-vct-2026-china-stage-1-w2,VCT 2026: China Stage 1
DRG,Nicc,Skye,1.02,1.22,0.85,189.0,215.0,168.0,41.0,24.0,17.0,43.0,19.0,24.0,18.0,11.0,7.0,-2.0,5.0,-7.0,0.75,0.86,0.65,121.0,129.0,114.0,0.38,0.44,0.29,3.0,1.0,2.0,2.0,0.0,2.0,1.0,1.0,0.0,all,all,all,2026-04-11 08:15:00,https://www.vlr.gg/642936/edward-gaming-vs-dragon-ranger-gaming-vct-2026-china-stage-1-w2,VCT 2026: China Stage 1
DRG,Life,Neon,0.9,0.69,1.14,230.0,181.0,276.0,43.0,15.0,28.0,49.0,23.0,26.0,10.0,7.0,3.0,-6.0,-8.0,2.0,0.64,0.54,0.74,153.0,129.0,174.0,0.4,0.35,0.41,8.0,4.0,4.0,11.0,8.0,3.0,-3.0,-4.0,1.0,all,all,all,2026-04-11 08:15:00,https://www.vlr.gg/642936/edward-gaming-vs-dragon-ranger-gaming-vct-2026-china-stage-1-w2,VCT 2026: China Stage 1
DRG,SpiritZ1,Waylay,0.9,0.6,1.16,232.0,203.0,262.0,43.0,17.0,26.0,49.0,25.0,24.0,16.0,4.0,12.0,-6.0,-8.0,2.0,0.71,0.64,0.77,158.0,133.0,180.0,0.43,0.4,0.33,8.0,5.0,3.0,10.0,4.0,6.0,-2.0,1.0,-3.0,all,all,all,2026-04-11 08:15:00,https://www.vlr.gg/642936/edward-gaming-vs-dragon-ranger-gaming-vct-2026-china-stage-1-w2,VCT 2026: China Stage 1
DRG,Flex1n,Astra,0.85,0.82,0.87,135.0,134.0,135.0,28.0,13.0,15.0,39.0,17.0,22.0,23.0,8.0,15.0,-11.0,-4.0,-7.0,0.71,0.71,0.71,88.0,98.0,79.0,0.27,0.29,0.24,3.0,1.0,2.0,1.0,1.0,0.0,2.0,0.0,2.0,all,all,all,2026-04-11 08:15:00,https://www.vlr.gg/642936/edward-gaming-vs-dragon-ranger-gaming-vct-2026-china-stage-1-w2,VCT 2026: China Stage 1
EDG,Smoggy,Phoenix,1.03,1.55,0.72,220.0,340.0,150.0,15.0,9.0,6.0,14.0,4.0,10.0,5.0,2.0,3.0,1.0,5.0,-4.0,0.74,0.71,0.75,155.0,232.0,110.0,0.39,0.53,0.24,3.0,1.0,2.0,3.0,0.0,3.0,0.0,1.0,-1.0,Lotus,257989,42:40,2026-04-11 08:15:00,https://www.vlr.gg/642936/edward-gaming-vs-dragon-ranger-gaming-vct-2026-china-stage-1-w2,VCT 2026: China Stage 1
EDG,Jieni7,Omen,1.01,1.35,0.82,150.0,191.0,126.0,10.0,5.0,5.0,13.0,4.0,9.0,9.0,4.0,5.0,-3.0,1.0,-4.0,0.79,1.0,0.67,88.0,107.0,77.0,0.26,0.19,0.33,1.0,0.0,1.0,0.0,0.0,0.0,1.0,0.0,1.0,Lotus,257989,42:40,2026-04-11 08:15:00,https://www.vlr.gg/642936/edward-gaming-vs-dragon-ranger-gaming-vct-2026-china-stage-1-w2,VCT 2026: China Stage 1
EDG,ZmjjKK,Raze,0.87,1.35,0.58,230.0,336.0,168.0,13.0,8.0,5.0,18.0,6.0,12.0,6.0,1.0,5.0,-5.0,2.0,-7.0,0.74,0.86,0.67,158.0,221.0,121.0,0.26,0.36,0.19,4.0,3.0,1.0,2.0,1.0,1.0,2.0,2.0,0.0,Lotus,257989,42:40,2026-04-11 08:15:00,https://www.vlr.gg/642936/edward-gaming-vs-dragon-ranger-gaming-vct-2026-china-stage-1-w2,VCT 2026: China Stage 1
EDG,CHICHOO,Cypher,0.81,0.43,1.03,158.0,92.0,197.0,10.0,2.0,8.0,15.0,5.0,10.0,3.0,1.0,2.0,-5.0,-3.0,-2.0,0.58,0.57,0.58,97.0,57.0,120.0,0.33,0.11,0.47,1.0,1.0,0.0,2.0,1.0,1.0,-1.0,0.0,-1.0,Lotus,257989,42:40,2026-04-11 08:15:00,https://www.vlr.gg/642936/edward-gaming-vs-dragon-ranger-gaming-vct-2026-china-stage-1-w2,VCT 2026: China Stage 1
EDG,nobody,Fade,0.71,0.78,0.67,147.0,139.0,152.0,10.0,3.0,7.0,14.0,4.0,10.0,6.0,4.0,2.0,-4.0,-1.0,-3.0,0.53,0.71,0.42,95.0,83.0,102.0,0.33,0.2,0.43,1.0,0.0,1.0,2.0,0.0,2.0,-1.0,0.0,-1.0,Lotus,257989,42:40,2026-04-11 08:15:00,https://www.vlr.gg/642936/edward-gaming-vs-dragon-ranger-gaming-vct-2026-china-stage-1-w2,VCT 2026: China Stage 1
DRG,vo0kashu,Cypher,1.8,2.13,1.24,297.0,355.0,198.0,22.0,17.0,5.0,10.0,4.0,6.0,8.0,2.0,6.0,12.0,13.0,-1.0,0.84,1.0,0.57,197.0,234.0,134.0,0.44,0.43,0.42,1.0,1.0,0.0,1.0,0.0,1.0,0.0,1.0,-1.0,Lotus,257989,42:40,2026-04-11 08:15:00,https://www.vlr.gg/642936/edward-gaming-vs-dragon-ranger-gaming-vct-2026-china-stage-1-w2,VCT 2026: China Stage 1
DRG,SpiritZ1,Waylay,1.27,1.1,1.58,297.0,292.0,306.0,18.0,11.0,7.0,13.0,9.0,4.0,4.0,2.0,2.0,5.0,2.0,3.0,0.79,0.83,0.71,197.0,182.0,223.0,0.44,0.42,0.19,4.0,3.0,1.0,5.0,2.0,3.0,-1.0,1.0,-2.0,Lotus,257989,42:40,2026-04-11 08:15:00,https://www.vlr.gg/642936/edward-gaming-vs-dragon-ranger-gaming-vct-2026-china-stage-1-w2,VCT 2026: China Stage 1
DRG,Life,Neon,0.96,1.01,0.87,250.0,240.0,267.0,16.0,10.0,6.0,14.0,8.0,6.0,3.0,3.0,0.0,2.0,2.0,0.0,0.74,0.75,0.71,170.0,171.0,168.0,0.38,0.71,0.22,3.0,3.0,0.0,3.0,2.0,1.0,0.0,1.0,-1.0,Lotus,257989,42:40,2026-04-11 08:15:00,https://www.vlr.gg/642936/edward-gaming-vs-dragon-ranger-gaming-vct-2026-china-stage-1-w2,VCT 2026: China Stage 1
DRG,Nicc,Skye,0.96,1.14,0.65,151.0,153.0,148.0,11.0,8.0,3.0,10.0,5.0,5.0,5.0,5.0,0.0,1.0,3.0,-2.0,0.84,0.92,0.71,101.0,111.0,84.0,0.48,0.47,0.5,1.0,0.0,1.0,0.0,0.0,0.0,1.0,0.0,1.0,Lotus,257989,42:40,2026-04-11 08:15:00,https://www.vlr.gg/642936/edward-gaming-vs-dragon-ranger-gaming-vct-2026-china-stage-1-w2,VCT 2026: China Stage 1
DRG,Flex1n,Omen,0.8,0.97,0.52,121.0,132.0,102.0,7.0,5.0,2.0,11.0,5.0,6.0,11.0,6.0,5.0,-4.0,0.0,-4.0,0.79,0.83,0.71,84.0,99.0,58.0,0.23,0.17,0.38,0.0,0.0,0.0,1.0,1.0,0.0,-1.0,-1.0,0.0,Lotus,257989,42:40,2026-04-11 08:15:00,https://www.vlr.gg/642936/edward-gaming-vs-dragon-ranger-gaming-vct-2026-china-stage-1-w2,VCT 2026: China Stage 1
EDG,CHICHOO,Viper,1.43,1.02,1.91,243.0,164.0,338.0,21.0,8.0,13.0,11.0,7.0,4.0,6.0,2.0,4.0,10.0,1.0,9.0,0.73,0.58,0.9,173.0,114.0,244.0,0.38,0.33,0.42,3.0,2.0,1.0,2.0,2.0,0.0,1.0,0.0,1.0,Split,257990,47:12,2026-04-11 08:15:00,https://www.vlr.gg/642936/edward-gaming-vs-dragon-ranger-gaming-vct-2026-china-stage-1-w2,VCT 2026: China Stage 1
EDG,nobody,Skye,1.33,1.39,1.26,206.0,243.0,162.0,17.0,10.0,7.0,12.0,8.0,4.0,8.0,8.0,0.0,5.0,2.0,3.0,0.82,0.75,0.9,124.0,144.0,100.0,0.39,0.43,0.35,2.0,1.0,1.0,1.0,0.0,1.0,1.0,1.0,0.0,Split,257990,47:12,2026-04-11 08:15:00,https://www.vlr.gg/642936/edward-gaming-vs-dragon-ranger-gaming-vct-2026-china-stage-1-w2,VCT 2026: China Stage 1
EDG,Smoggy,Omen,1.16,0.6,1.84,229.0,150.0,324.0,18.0,6.0,12.0,16.0,9.0,7.0,11.0,3.0,8.0,2.0,-3.0,5.0,0.77,0.67,0.9,148.0,104.0,201.0,0.43,0.33,0.52,1.0,0.0,1.0,0.0,0.0,0.0,1.0,0.0,1.0,Split,257990,47:12,2026-04-11 08:15:00,https://www.vlr.gg/642936/edward-gaming-vs-dragon-ranger-gaming-vct-2026-china-stage-1-w2,VCT 2026: China Stage 1
EDG,ZmjjKK,Waylay,1.13,1.38,0.83,300.0,335.0,258.0,21.0,14.0,7.0,18.0,9.0,9.0,8.0,4.0,4.0,3.0,5.0,-2.0,0.82,0.83,0.8,188.0,198.0,176.0,0.2,0.23,0.17,2.0,1.0,1.0,3.0,2.0,1.0,-1.0,-1.0,0.0,Split,257990,47:12,2026-04-11 08:15:00,https://www.vlr.gg/642936/edward-gaming-vs-dragon-ranger-gaming-vct-2026-china-stage-1-w2,VCT 2026: China Stage 1
EDG,Jieni7,Neon,0.27,0.19,0.36,98.0,119.0,73.0,8.0,5.0,3.0,18.0,11.0,7.0,3.0,2.0,1.0,-10.0,-6.0,-4.0,0.55,0.5,0.6,64.0,72.0,54.0,0.19,0.27,0.09,1.0,0.0,1.0,7.0,4.0,3.0,-6.0,-4.0,-2.0,Split,257990,47:12,2026-04-11 08:15:00,https://www.vlr.gg/642936/edward-gaming-vs-dragon-ranger-gaming-vct-2026-china-stage-1-w2,VCT 2026: China Stage 1
DRG,Nicc,Skye,1.16,1.64,0.76,216.0,312.0,136.0,17.0,12.0,5.0,17.0,8.0,9.0,8.0,5.0,3.0,0.0,4.0,-4.0,0.73,1.0,0.5,140.0,177.0,109.0,0.35,0.41,0.26,1.0,1.0,0.0,0.0,0.0,0.0,1.0,1.0,0.0,Split,257990,47:12,2026-04-11 08:15:00,https://www.vlr.gg/642936/edward-gaming-vs-dragon-ranger-gaming-vct-2026-china-stage-1-w2,VCT 2026: China Stage 1
DRG,Life,Neon,1.03,0.71,1.29,243.0,208.0,272.0,16.0,5.0,11.0,18.0,9.0,9.0,3.0,3.0,0.0,-2.0,-4.0,2.0,0.68,0.5,0.83,162.0,147.0,175.0,0.31,0.13,0.54,3.0,1.0,2.0,6.0,4.0,2.0,-3.0,-3.0,0.0,Split,257990,47:12,2026-04-11 08:15:00,https://www.vlr.gg/642936/edward-gaming-vs-dragon-ranger-gaming-vct-2026-china-stage-1-w2,VCT 2026: China Stage 1
DRG,vo0kashu,Cypher,0.92,0.5,1.28,157.0,109.0,197.0,13.0,4.0,9.0,15.0,8.0,7.0,3.0,1.0,2.0,-2.0,-4.0,2.0,0.73,0.7,0.75,112.0,76.0,142.0,0.26,0.15,0.31,3.0,0.0,3.0,1.0,0.0,1.0,2.0,0.0,2.0,Split,257990,47:12,2026-04-11 08:15:00,https://www.vlr.gg/642936/edward-gaming-vs-dragon-ranger-gaming-vct-2026-china-stage-1-w2,VCT 2026: China Stage 1
DRG,SpiritZ1,Waylay,0.84,0.24,1.34,234.0,137.0,315.0,17.0,4.0,13.0,19.0,10.0,9.0,6.0,2.0,4.0,-2.0,-6.0,4.0,0.73,0.6,0.83,142.0,90.0,185.0,0.6,0.75,0.55,3.0,2.0,1.0,2.0,1.0,1.0,1.0,1.0,0.0,Split,257990,47:12,2026-04-11 08:15:00,https://www.vlr.gg/642936/edward-gaming-vs-dragon-ranger-gaming-vct-2026-china-stage-1-w2,VCT 2026: China Stage 1
DRG,Flex1n,Omen,0.83,0.85,0.81,137.0,138.0,136.0,12.0,6.0,6.0,16.0,7.0,9.0,9.0,2.0,7.0,-4.0,-1.0,-3.0,0.73,0.8,0.67,90.0,101.0,81.0,0.24,0.44,0.15,3.0,1.0,2.0,0.0,0.0,0.0,3.0,1.0,2.0,Split,257990,47:12,2026-04-11 08:15:00,https://www.vlr.gg/642936/edward-gaming-vs-dragon-ranger-gaming-vct-2026-china-stage-1-w2,VCT 2026: China Stage 1
JDG,zhe,Neon,1.82,1.64,2.0,339.0,307.0,371.0,30.0,14.0,16.0,17.0,8.0,9.0,8.0,6.0,2.0,13.0,6.0,7.0,0.77,0.85,0.69,206.0,194.0,218.0,0.22,0.27,0.19,9.0,5.0,4.0,1.0,0.0,1.0,8.0,5.0,3.0,Fracture,257991,1:08:59,2026-04-12 05:00:00,https://www.vlr.gg/642937/jdg-esports-vs-titan-esports-club-vct-2026-china-stage-1-w2,VCT 2026: China Stage 1
JDG,stew,Brimstone,1.13,1.23,1.03,212.0,227.0,197.0,19.0,10.0,9.0,19.0,8.0,11.0,19.0,7.0,12.0,0.0,2.0,-2.0,0.81,0.77,0.85,123.0,142.0,104.0,0.38,0.39,0.38,1.0,0.0,1.0,3.0,1.0,2.0,-2.0,-1.0,-1.0,Fracture,257991,1:08:59,2026-04-12 05:00:00,https://www.vlr.gg/642937/jdg-esports-vs-titan-esports-club-vct-2026-china-stage-1-w2,VCT 2026: China Stage 1
JDG,jkuro,Cypher,1.13,1.33,0.92,223.0,274.0,172.0,21.0,13.0,8.0,17.0,7.0,10.0,4.0,2.0,2.0,4.0,6.0,-2.0,0.62,0.69,0.54,141.0,177.0,105.0,0.32,0.39,0.24,1.0,0.0,1.0,2.0,1.0,1.0,-1.0,-1.0,0.0,Fracture,257991,1:08:59,2026-04-12 05:00:00,https://www.vlr.gg/642937/jdg-esports-vs-titan-esports-club-vct-2026-china-stage-1-w2,VCT 2026: China Stage 1
JDG,Yuicaw,Waylay,0.72,0.85,0.6,139.0,142.0,136.0,12.0,6.0,6.0,19.0,8.0,11.0,11.0,7.0,4.0,-7.0,-2.0,-5.0,0.69,0.85,0.54,100.0,98.0,102.0,0.34,0.37,0.32,3.0,2.0,1.0,3.0,3.0,0.0,0.0,-1.0,1.0,Fracture,257991,1:08:59,2026-04-12 05:00:00,https://www.vlr.gg/642937/jdg-esports-vs-titan-esports-club-vct-2026-china-stage-1-w2,VCT 2026: China Stage 1
JDG,coconut,Skye,0.72,0.58,0.86,128.0,95.0,161.0,11.0,5.0,6.0,19.0,8.0,11.0,16.0,6.0,10.0,-8.0,-3.0,-5.0,0.81,0.85,0.77,68.0,49.0,87.0,0.2,0.13,0.25,0.0,0.0,0.0,3.0,1.0,2.0,-3.0,-1.0,-2.0,Fracture,257991,1:08:59,2026-04-12 05:00:00,https://www.vlr.gg/642937/jdg-esports-vs-titan-esports-club-vct-2026-china-stage-1-w2,VCT 2026: China Stage 1
TEC,Spitfires,Waylay,1.32,1.5,1.15,272.0,316.0,228.0,24.0,15.0,9.0,15.0,7.0,8.0,6.0,3.0,3.0,9.0,8.0,1.0,0.77,0.85,0.69,170.0,198.0,142.0,0.22,0.22,0.21,5.0,2.0,3.0,4.0,2.0,2.0,1.0,0.0,1.0,Fracture,257991,1:08:59,2026-04-12 05:00:00,https://www.vlr.gg/642937/jdg-esports-vs-titan-esports-club-vct-2026-china-stage-1-w2,VCT 2026: China Stage 1
TEC,lucas,Skye,1.12,0.98,1.25,230.0,241.0,219.0,20.0,10.0,10.0,18.0,10.0,8.0,6.0,4.0,2.0,2.0,0.0,2.0,0.69,0.85,0.54,159.0,170.0,148.0,0.31,0.26,0.37,1.0,0.0,1.0,0.0,0.0,0.0,1.0,0.0,1.0,Fracture,257991,1:08:59,2026-04-12 05:00:00,https://www.vlr.gg/642937/jdg-esports-vs-titan-esports-club-vct-2026-china-stage-1-w2,VCT 2026: China Stage 1
TEC,Coco,Brimstone,0.89,1.1,0.68,201.0,238.0,164.0,16.0,10.0,6.0,21.0,9.0,12.0,22.0,13.0,9.0,-5.0,1.0,-6.0,0.77,0.92,0.62,116.0,142.0,90.0,0.26,0.25,0.27,2.0,1.0,1.0,2.0,1.0,1.0,0.0,0.0,0.0,Fracture,257991,1:08:59,2026-04-12 05:00:00,https://www.vlr.gg/642937/jdg-esports-vs-titan-esports-club-vct-2026-china-stage-1-w2,VCT 2026: China Stage 1
TEC,Dynamite,Neon,0.74,0.81,0.67,189.0,226.0,152.0,18.0,11.0,7.0,21.0,11.0,10.0,3.0,2.0,1.0,-3.0,0.0,-3.0,0.62,0.69,0.54,125.0,143.0,107.0,0.19,0.24,0.14,2.0,2.0,0.0,5.0,2.0,3.0,-3.0,0.0,-3.0,Fracture,257991,1:08:59,2026-04-12 05:00:00,https://www.vlr.gg/642937/jdg-esports-vs-titan-esports-club-vct-2026-china-stage-1-w2,VCT 2026: China Stage 1
TEC,Haodong,Cypher,0.67,0.54,0.79,129.0,108.0,150.0,13.0,6.0,7.0,18.0,8.0,10.0,4.0,2.0,2.0,-5.0,-2.0,-3.0,0.62,0.69,0.54,81.0,71.0,91.0,0.16,0.1,0.21,2.0,1.0,1.0,3.0,2.0,1.0,-1.0,-1.0,0.0,Fracture,257991,1:08:59,2026-04-12 05:00:00,https://www.vlr.gg/642937/jdg-esports-vs-titan-esports-club-vct-2026-china-stage-1-w2,VCT 2026: China Stage 1
JDG,zhe,Neon,1.62,1.59,1.64,322.0,297.0,346.0,54.0,25.0,29.0,31.0,13.0,18.0,10.0,7.0,3.0,23.0,12.0,11.0,0.75,0.83,0.68,193.0,182.0,203.0,0.25,0.25,0.24,13.0,7.0,6.0,3.0,1.0,2.0,10.0,6.0,4.0,all,all,all,2026-04-12 05:00:00,https://www.vlr.gg/642937/jdg-esports-vs-titan-esports-club-vct-2026-china-stage-1-w2,VCT 2026: China Stage 1
JDG,stew,Brimstone,1.31,1.25,1.36,228.0,223.0,229.0,39.0,18.0,21.0,30.0,14.0,16.0,32.0,12.0,20.0,9.0,4.0,5.0,0.85,0.78,0.92,134.0,137.0,131.0,0.39,0.36,0.42,2.0,1.0,1.0,3.0,1.0,2.0,-1.0,0.0,-1.0,all,all,all,2026-04-12 05:00:00,https://www.vlr.gg/642937/jdg-esports-vs-titan-esports-club-vct-2026-china-stage-1-w2,VCT 2026: China Stage 1
JDG,coconut,Skye,1.04,0.81,1.25,179.0,135.0,210.0,26.0,11.0,15.0,28.0,13.0,15.0,26.0,9.0,17.0,-2.0,-2.0,0.0,0.77,0.78,0.76,110.0,84.0,134.0,0.29,0.32,0.28,0.0,0.0,0.0,4.0,2.0,2.0,-4.0,-2.0,-2.0,all,all,all,2026-04-12 05:00:00,https://www.vlr.gg/642937/jdg-esports-vs-titan-esports-club-vct-2026-china-stage-1-w2,VCT 2026: China Stage 1
JDG,jkuro,Cypher,0.89,0.91,0.88,163.0,182.0,155.0,29.0,15.0,14.0,31.0,13.0,18.0,9.0,4.0,5.0,-2.0,2.0,-4.0,0.6,0.65,0.56,107.0,117.0,98.0,0.3,0.43,0.22,2.0,0.0,2.0,3.0,2.0,1.0,-1.0,-2.0,1.0,all,all,all,2026-04-12 05:00:00,https://www.vlr.gg/642937/jdg-esports-vs-titan-esports-club-vct-2026-china-stage-1-w2,VCT 2026: China Stage 1
JDG,Yuicaw,Waylay,0.69,0.96,0.45,140.0,176.0,107.0,23.0,14.0,9.0,34.0,14.0,20.0,15.0,9.0,6.0,-11.0,0.0,-11.0,0.71,0.87,0.56,94.0,113.0,76.0,0.3,0.35,0.24,7.0,4.0,3.0,11.0,5.0,6.0,-4.0,-1.0,-3.0,all,all,all,2026-04-12 05:00:00,https://www.vlr.gg/642937/jdg-esports-vs-titan-esports-club-vct-2026-china-stage-1-w2,VCT 2026: China Stage 1
TEC,lucas,Skye,1.12,1.01,1.24,221.0,223.0,221.0,34.0,16.0,18.0,32.0,18.0,14.0,10.0,7.0,3.0,2.0,-2.0,4.0,0.69,0.84,0.52,151.0,161.0,141.0,0.32,0.31,0.32,4.0,1.0,3.0,1.0,0.0,1.0,3.0,1.0,2.0,all,all,all,2026-04-12 05:00:00,https://www.vlr.gg/642937/jdg-esports-vs-titan-esports-club-vct-2026-china-stage-1-w2,VCT 2026: China Stage 1
TEC,Spitfires,Waylay,1.03,1.28,0.75,221.0,277.0,168.0,37.0,25.0,12.0,32.0,16.0,16.0,9.0,5.0,4.0,5.0,9.0,-4.0,0.69,0.76,0.61,143.0,174.0,110.0,0.32,0.31,0.2,8.0,4.0,4.0,8.0,3.0,5.0,0.0,1.0,-1.0,all,all,all,2026-04-12 05:00:00,https://www.vlr.gg/642937/jdg-esports-vs-titan-esports-club-vct-2026-china-stage-1-w2,VCT 2026: China Stage 1
TEC,Coco,Brimstone,0.94,1.18,0.69,180.0,226.0,133.0,29.0,19.0,10.0,36.0,17.0,19.0,32.0,20.0,12.0,-7.0,2.0,-9.0,0.75,0.88,0.61,112.0,145.0,75.0,0.29,0.27,0.3,2.0,1.0,1.0,3.0,1.0,2.0,-1.0,0.0,-1.0,all,all,all,2026-04-12 05:00:00,https://www.vlr.gg/642937/jdg-esports-vs-titan-esports-club-vct-2026-china-stage-1-w2,VCT 2026: China Stage 1
TEC,Haodong,Cypher,0.81,0.56,1.08,153.0,124.0,181.0,27.0,12.0,15.0,34.0,18.0,16.0,7.0,2.0,5.0,-7.0,-6.0,-1.0,0.71,0.72,0.7,94.0,77.0,113.0,0.32,0.18,0.4,6.0,4.0,2.0,4.0,3.0,1.0,2.0,1.0,1.0,all,all,all,2026-04-12 05:00:00,https://www.vlr.gg/642937/jdg-esports-vs-titan-esports-club-vct-2026-china-stage-1-w2,VCT 2026: China Stage 1
TEC,Dynamite,Neon,0.67,0.65,0.69,160.0,171.0,153.0,27.0,15.0,12.0,37.0,19.0,18.0,8.0,4.0,4.0,-10.0,-4.0,-6.0,0.58,0.6,0.57,108.0,107.0,109.0,0.2,0.2,0.19,4.0,3.0,1.0,8.0,5.0,3.0,-4.0,-2.0,-2.0,all,all,all,2026-04-12 05:00:00,https://www.vlr.gg/642937/jdg-esports-vs-titan-esports-club-vct-2026-china-stage-1-w2,VCT 2026: China Stage 1
JDG,stew,Omen,1.52,1.29,1.71,243.0,217.0,265.0,20.0,8.0,12.0,11.0,6.0,5.0,13.0,5.0,8.0,9.0,2.0,7.0,0.91,0.8,1.0,147.0,131.0,160.0,0.4,0.33,0.45,1.0,1.0,0.0,0.0,0.0,0.0,1.0,1.0,0.0,Haven,257992,47:05,2026-04-12 05:00:00,https://www.vlr.gg/642937/jdg-esports-vs-titan-esports-club-vct-2026-china-stage-1-w2,VCT 2026: China Stage 1
JDG,coconut,Sova,1.42,1.12,1.67,229.0,188.0,263.0,15.0,6.0,9.0,9.0,5.0,4.0,10.0,3.0,7.0,6.0,1.0,5.0,0.73,0.7,0.75,160.0,129.0,186.0,0.37,0.5,0.3,0.0,0.0,0.0,1.0,1.0,0.0,-1.0,-1.0,0.0,Haven,257992,47:05,2026-04-12 05:00:00,https://www.vlr.gg/642937/jdg-esports-vs-titan-esports-club-vct-2026-china-stage-1-w2,VCT 2026: China Stage 1
JDG,zhe,Neon,1.38,1.53,1.25,304.0,285.0,320.0,24.0,11.0,13.0,14.0,5.0,9.0,2.0,1.0,1.0,10.0,6.0,4.0,0.73,0.8,0.67,178.0,167.0,187.0,0.28,0.22,0.33,4.0,2.0,2.0,2.0,1.0,1.0,2.0,1.0,1.0,Haven,257992,47:05,2026-04-12 05:00:00,https://www.vlr.gg/642937/jdg-esports-vs-titan-esports-club-vct-2026-china-stage-1-w2,VCT 2026: China Stage 1
JDG,Yuicaw,Waylay,0.66,1.1,0.3,141.0,220.0,75.0,11.0,8.0,3.0,15.0,6.0,9.0,4.0,2.0,2.0,-4.0,2.0,-6.0,0.73,0.9,0.58,86.0,133.0,47.0,0.25,0.33,0.1,4.0,2.0,2.0,8.0,2.0,6.0,-4.0,0.0,-4.0,Haven,257992,47:05,2026-04-12 05:00:00,https://www.vlr.gg/642937/jdg-esports-vs-titan-esports-club-vct-2026-china-stage-1-w2,VCT 2026: China Stage 1
JDG,jkuro,Cypher,0.62,0.37,0.83,103.0,63.0,136.0,8.0,2.0,6.0,14.0,6.0,8.0,5.0,2.0,3.0,-6.0,-4.0,-2.0,0.59,0.6,0.58,67.0,38.0,91.0,0.28,0.8,0.19,1.0,0.0,1.0,1.0,1.0,0.0,0.0,-1.0,1.0,Haven,257992,47:05,2026-04-12 05:00:00,https://www.vlr.gg/642937/jdg-esports-vs-titan-esports-club-vct-2026-china-stage-1-w2,VCT 2026: China Stage 1
TEC,lucas,Sova,1.13,1.04,1.23,212.0,203.0,223.0,14.0,6.0,8.0,14.0,8.0,6.0,4.0,3.0,1.0,0.0,-2.0,2.0,0.68,0.83,0.5,142.0,151.0,131.0,0.33,0.37,0.24,3.0,1.0,2.0,1.0,0.0,1.0,2.0,1.0,1.0,Haven,257992,47:05,2026-04-12 05:00:00,https://www.vlr.gg/642937/jdg-esports-vs-titan-esports-club-vct-2026-china-stage-1-w2,VCT 2026: China Stage 1
TEC,Coco,Omen,1.0,1.25,0.69,158.0,212.0,93.0,13.0,9.0,4.0,15.0,8.0,7.0,10.0,7.0,3.0,-2.0,1.0,-3.0,0.73,0.83,0.6,107.0,149.0,57.0,0.31,0.3,0.38,0.0,0.0,0.0,1.0,0.0,1.0,-1.0,0.0,-1.0,Haven,257992,47:05,2026-04-12 05:00:00,https://www.vlr.gg/642937/jdg-esports-vs-titan-esports-club-vct-2026-china-stage-1-w2,VCT 2026: China Stage 1
TEC,Haodong,Cypher,0.98,0.58,1.46,177.0,141.0,220.0,14.0,6.0,8.0,16.0,10.0,6.0,3.0,0.0,3.0,-2.0,-4.0,2.0,0.82,0.75,0.9,110.0,84.0,141.0,0.48,0.29,0.69,4.0,3.0,1.0,1.0,1.0,0.0,3.0,2.0,1.0,Haven,257992,47:05,2026-04-12 05:00:00,https://www.vlr.gg/642937/jdg-esports-vs-titan-esports-club-vct-2026-china-stage-1-w2,VCT 2026: China Stage 1
TEC,Spitfires,Waylay,0.68,1.05,0.24,169.0,235.0,90.0,13.0,10.0,3.0,17.0,9.0,8.0,3.0,2.0,1.0,-4.0,1.0,-5.0,0.59,0.67,0.5,112.0,149.0,68.0,0.41,0.52,0.18,3.0,2.0,1.0,4.0,1.0,3.0,-1.0,1.0,-2.0,Haven,257992,47:05,2026-04-12 05:00:00,https://www.vlr.gg/642937/jdg-esports-vs-titan-esports-club-vct-2026-china-stage-1-w2,VCT 2026: China Stage 1
TEC,Dynamite,Neon,0.58,0.48,0.71,131.0,112.0,154.0,9.0,4.0,5.0,16.0,8.0,8.0,5.0,2.0,3.0,-7.0,-4.0,-3.0,0.55,0.5,0.6,88.0,68.0,112.0,0.21,0.11,0.31,2.0,1.0,1.0,3.0,3.0,0.0,-1.0,-2.0,1.0,Haven,257992,47:05,2026-04-12 05:00:00,https://www.vlr.gg/642937/jdg-esports-vs-titan-esports-club-vct-2026-china-stage-1-w2,VCT 2026: China Stage 1
XLG,Lysoar,Brimstone,1.25,0.96,1.55,233.0,163.0,309.0,16.0,5.0,11.0,16.0,9.0,7.0,15.0,7.0,8.0,0.0,-4.0,4.0,0.83,0.83,0.82,160.0,119.0,205.0,0.15,0.22,0.11,0.0,0.0,0.0,0.0,0.0,0.0,0.0,0.0,0.0,Fracture,257994,1:04:58,2026-04-12 07:35:00,https://www.vlr.gg/642938/xi-lai-gaming-vs-wolves-esports-vct-2026-china-stage-1-w2,VCT 2026: China Stage 1
XLG,NoMan,Tejo,0.89,0.73,1.07,190.0,226.0,151.0,17.0,10.0,7.0,16.0,11.0,5.0,2.0,1.0,1.0,1.0,-1.0,2.0,0.7,0.67,0.73,114.0,142.0,83.0,0.34,0.53,0.18,1.0,1.0,0.0,3.0,2.0,1.0,-2.0,-1.0,-1.0,Fracture,257994,1:04:58,2026-04-12 07:35:00,https://www.vlr.gg/642938/xi-lai-gaming-vs-wolves-esports-vct-2026-china-stage-1-w2,VCT 2026: China Stage 1
XLG,WsLeo,Skye,0.87,1.01,0.72,174.0,190.0,157.0,15.0,8.0,7.0,18.0,10.0,8.0,11.0,8.0,3.0,-3.0,-2.0,-1.0,0.78,0.75,0.82,104.0,107.0,101.0,0.21,0.23,0.21,1.0,1.0,0.0,3.0,1.0,2.0,-2.0,0.0,-2.0,Fracture,257994,1:04:58,2026-04-12 07:35:00,https://www.vlr.gg/642938/xi-lai-gaming-vs-wolves-esports-vct-2026-china-stage-1-w2,VCT 2026: China Stage 1
XLG,happywei,Veto,0.74,0.71,0.78,171.0,150.0,194.0,13.0,6.0,7.0,18.0,10.0,8.0,3.0,1.0,2.0,-5.0,-4.0,-1.0,0.48,0.33,0.64,126.0,118.0,135.0,0.39,0.33,0.47,4.0,1.0,3.0,3.0,1.0,2.0,1.0,0.0,1.0,Fracture,257994,1:04:58,2026-04-12 07:35:00,https://www.vlr.gg/642938/xi-lai-gaming-vs-wolves-esports-vct-2026-china-stage-1-w2,VCT 2026: China Stage 1
XLG,Rarga,Neon,0.68,0.38,1.01,162.0,129.0,198.0,12.0,5.0,7.0,17.0,10.0,7.0,3.0,0.0,3.0,-5.0,-5.0,0.0,0.61,0.5,0.73,102.0,73.0,134.0,0.18,0.31,0.14,5.0,2.0,3.0,3.0,3.0,0.0,2.0,-1.0,3.0,Fracture,257994,1:04:58,2026-04-12 07:35:00,https://www.vlr.gg/642938/xi-lai-gaming-vs-wolves-esports-vct-2026-china-stage-1-w2,VCT 2026: China Stage 1
WOL,Spring,Brimstone,1.67,1.01,2.27,265.0,160.0,361.0,21.0,5.0,16.0,12.0,7.0,5.0,15.0,5.0,10.0,9.0,-2.0,11.0,0.78,0.73,0.83,174.0,96.0,246.0,0.32,0.17,0.41,3.0,2.0,1.0,0.0,0.0,0.0,3.0,2.0,1.0,Fracture,257994,1:04:58,2026-04-12 07:35:00,https://www.vlr.gg/642938/xi-lai-gaming-vs-wolves-esports-vct-2026-china-stage-1-w2,VCT 2026: China Stage 1
WOL,SiuFatBB,Tejo,1.47,1.15,1.77,270.0,198.0,336.0,23.0,8.0,15.0,12.0,7.0,5.0,8.0,4.0,4.0,11.0,1.0,10.0,0.91,0.91,0.92,183.0,154.0,210.0,0.27,0.33,0.22,1.0,0.0,1.0,1.0,1.0,0.0,0.0,-1.0,1.0,Fracture,257994,1:04:58,2026-04-12 07:35:00,https://www.vlr.gg/642938/xi-lai-gaming-vs-wolves-esports-vct-2026-china-stage-1-w2,VCT 2026: China Stage 1
WOL,glacier,Waylay,1.03,1.4,0.69,228.0,310.0,153.0,19.0,13.0,6.0,18.0,9.0,9.0,3.0,0.0,3.0,1.0,4.0,-3.0,0.87,0.91,0.83,141.0,171.0,114.0,0.29,0.28,0.33,4.0,3.0,1.0,6.0,2.0,4.0,-2.0,1.0,-3.0,Fracture,257994,1:04:58,2026-04-12 07:35:00,https://www.vlr.gg/642938/xi-lai-gaming-vs-wolves-esports-vct-2026-china-stage-1-w2,VCT 2026: China Stage 1
WOL,jowa,Breach,0.86,0.76,0.95,129.0,106.0,150.0,9.0,3.0,6.0,14.0,7.0,7.0,12.0,6.0,6.0,-5.0,-4.0,-1.0,0.74,0.64,0.83,83.0,77.0,89.0,0.24,0.17,0.38,1.0,0.0,1.0,2.0,2.0,0.0,-1.0,-2.0,1.0,Fracture,257994,1:04:58,2026-04-12 07:35:00,https://www.vlr.gg/642938/xi-lai-gaming-vs-wolves-esports-vct-2026-china-stage-1-w2,VCT 2026: China Stage 1
WOL,yosemite,Cypher,0.68,0.61,0.74,153.0,159.0,148.0,13.0,6.0,7.0,17.0,9.0,8.0,1.0,0.0,1.0,-4.0,-3.0,-1.0,0.74,0.73,0.75,101.0,106.0,96.0,0.36,0.38,0.35,3.0,0.0,3.0,2.0,1.0,1.0,1.0,-1.0,2.0,Fracture,257994,1:04:58,2026-04-12 07:35:00,https://www.vlr.gg/642938/xi-lai-gaming-vs-wolves-esports-vct-2026-china-stage-1-w2,VCT 2026: China Stage 1
XLG,Lysoar,Brimstone,1.19,1.04,1.33,211.0,185.0,233.0,46.0,18.0,28.0,43.0,23.0,20.0,36.0,20.0,16.0,3.0,-5.0,8.0,0.77,0.77,0.77,140.0,124.0,153.0,0.22,0.3,0.14,2.0,2.0,0.0,1.0,0.0,1.0,1.0,2.0,-1.0,all,all,all,2026-04-12 07:35:00,https://www.vlr.gg/642938/xi-lai-gaming-vs-wolves-esports-vct-2026-china-stage-1-w2,VCT 2026: China Stage 1
XLG,happywei,Veto,1.01,1.0,1.01,214.0,201.0,224.0,49.0,22.0,27.0,49.0,24.0,25.0,14.0,7.0,7.0,0.0,-2.0,2.0,0.65,0.65,0.66,148.0,148.0,148.0,0.4,0.35,0.45,9.0,3.0,6.0,9.0,4.0,5.0,0.0,-1.0,1.0,all,all,all,2026-04-12 07:35:00,https://www.vlr.gg/642938/xi-lai-gaming-vs-wolves-esports-vct-2026-china-stage-1-w2,VCT 2026: China Stage 1
XLG,WsLeo,Skye,0.99,1.11,0.87,173.0,204.0,144.0,40.0,21.0,19.0,42.0,22.0,20.0,35.0,24.0,11.0,-2.0,-1.0,-1.0,0.82,0.87,0.77,106.0,121.0,93.0,0.26,0.3,0.2,3.0,2.0,1.0,5.0,2.0,3.0,-2.0,0.0,-2.0,all,all,all,2026-04-12 07:35:00,https://www.vlr.gg/642938/xi-lai-gaming-vs-wolves-esports-vct-2026-china-stage-1-w2,VCT 2026: China Stage 1
XLG,NoMan,Tejo,0.95,1.04,0.87,205.0,233.0,172.0,49.0,27.0,22.0,49.0,25.0,24.0,17.0,9.0,8.0,0.0,2.0,-2.0,0.7,0.65,0.74,125.0,147.0,105.0,0.31,0.33,0.25,8.0,5.0,3.0,7.0,4.0,3.0,1.0,1.0,0.0,all,all,all,2026-04-12 07:35:00,https://www.vlr.gg/642938/xi-lai-gaming-vs-wolves-esports-vct-2026-china-stage-1-w2,VCT 2026: China Stage 1
XLG,Rarga,Neon,0.9,0.5,1.27,212.0,128.0,287.0,47.0,12.0,35.0,48.0,24.0,24.0,14.0,7.0,7.0,-1.0,-12.0,11.0,0.7,0.58,0.8,134.0,89.0,174.0,0.2,0.23,0.18,12.0,2.0,10.0,10.0,7.0,3.0,2.0,-5.0,7.0,all,all,all,2026-04-12 07:35:00,https://www.vlr.gg/642938/xi-lai-gaming-vs-wolves-esports-vct-2026-china-stage-1-w2,VCT 2026: China Stage 1
WOL,SiuFatBB,Tejo,1.34,1.22,1.48,241.0,230.0,253.0,57.0,29.0,28.0,38.0,22.0,16.0,27.0,12.0,15.0,19.0,7.0,12.0,0.82,0.8,0.84,151.0,146.0,155.0,0.35,0.39,0.26,4.0,0.0,4.0,3.0,3.0,0.0,1.0,-3.0,4.0,all,all,all,2026-04-12 07:35:00,https://www.vlr.gg/642938/xi-lai-gaming-vs-wolves-esports-vct-2026-china-stage-1-w2,VCT 2026: China Stage 1
WOL,Spring,Brimstone,1.26,1.08,1.46,231.0,195.0,270.0,51.0,21.0,30.0,43.0,24.0,19.0,32.0,13.0,19.0,8.0,-3.0,11.0,0.74,0.69,0.81,147.0,124.0,172.0,0.28,0.17,0.4,9.0,7.0,2.0,3.0,2.0,1.0,6.0,5.0,1.0,all,all,all,2026-04-12 07:35:00,https://www.vlr.gg/642938/xi-lai-gaming-vs-wolves-esports-vct-2026-china-stage-1-w2,VCT 2026: China Stage 1
WOL,yosemite,Cypher,1.02,0.91,1.14,206.0,188.0,221.0,50.0,24.0,26.0,48.0,26.0,22.0,13.0,7.0,6.0,2.0,-2.0,4.0,0.73,0.66,0.81,136.0,125.0,149.0,0.34,0.3,0.38,6.0,0.0,6.0,6.0,3.0,3.0,0.0,-3.0,3.0,all,all,all,2026-04-12 07:35:00,https://www.vlr.gg/642938/xi-lai-gaming-vs-wolves-esports-vct-2026-china-stage-1-w2,VCT 2026: China Stage 1
WOL,glacier,Waylay,0.86,0.92,0.8,195.0,215.0,175.0,45.0,27.0,18.0,54.0,31.0,23.0,9.0,4.0,5.0,-9.0,-4.0,-5.0,0.76,0.74,0.77,124.0,127.0,120.0,0.33,0.34,0.28,9.0,6.0,3.0,13.0,5.0,8.0,-4.0,1.0,-5.0,all,all,all,2026-04-12 07:35:00,https://www.vlr.gg/642938/xi-lai-gaming-vs-wolves-esports-vct-2026-china-stage-1-w2,VCT 2026: China Stage 1
WOL,jowa,Breach,0.69,0.56,0.85,138.0,129.0,152.0,28.0,12.0,16.0,49.0,29.0,20.0,29.0,15.0,14.0,-21.0,-17.0,-4.0,0.7,0.66,0.74,94.0,92.0,96.0,0.26,0.22,0.25,4.0,2.0,2.0,9.0,7.0,2.0,-5.0,-5.0,0.0,all,all,all,2026-04-12 07:35:00,https://www.vlr.gg/642938/xi-lai-gaming-vs-wolves-esports-vct-2026-china-stage-1-w2,VCT 2026: China Stage 1
XLG,Rarga,Neon,1.39,0.97,1.77,278.0,153.0,393.0,22.0,5.0,17.0,15.0,7.0,8.0,6.0,4.0,2.0,7.0,-2.0,9.0,0.74,0.64,0.83,176.0,119.0,228.0,0.21,0.19,0.22,3.0,0.0,3.0,3.0,1.0,2.0,0.0,-1.0,1.0,Bind,257995,52:38,2026-04-12 07:35:00,https://www.vlr.gg/642938/xi-lai-gaming-vs-wolves-esports-vct-2026-china-stage-1-w2,VCT 2026: China Stage 1
XLG,happywei,Viper,1.29,1.42,1.17,241.0,254.0,229.0,20.0,10.0,10.0,15.0,8.0,7.0,4.0,3.0,1.0,5.0,2.0,3.0,0.7,0.82,0.58,169.0,190.0,150.0,0.43,0.47,0.39,2.0,1.0,1.0,4.0,2.0,2.0,-2.0,-1.0,-1.0,Bind,257995,52:38,2026-04-12 07:35:00,https://www.vlr.gg/642938/xi-lai-gaming-vs-wolves-esports-vct-2026-china-stage-1-w2,VCT 2026: China Stage 1
XLG,WsLeo,Skye,1.12,1.24,1.02,159.0,191.0,130.0,12.0,7.0,5.0,11.0,6.0,5.0,10.0,5.0,5.0,1.0,1.0,0.0,0.91,0.91,0.92,99.0,122.0,78.0,0.36,0.64,0.16,1.0,1.0,0.0,1.0,1.0,0.0,0.0,0.0,0.0,Bind,257995,52:38,2026-04-12 07:35:00,https://www.vlr.gg/642938/xi-lai-gaming-vs-wolves-esports-vct-2026-china-stage-1-w2,VCT 2026: China Stage 1
XLG,Lysoar,Brimstone,1.06,0.95,1.17,175.0,171.0,179.0,13.0,5.0,8.0,15.0,9.0,6.0,12.0,9.0,3.0,-2.0,-4.0,2.0,0.7,0.64,0.75,109.0,96.0,121.0,0.31,0.33,0.3,1.0,1.0,0.0,0.0,0.0,0.0,1.0,1.0,0.0,Bind,257995,52:38,2026-04-12 07:35:00,https://www.vlr.gg/642938/xi-lai-gaming-vs-wolves-esports-vct-2026-china-stage-1-w2,VCT 2026: China Stage 1
XLG,NoMan,Waylay,0.5,0.38,0.61,125.0,99.0,149.0,10.0,4.0,6.0,20.0,10.0,10.0,6.0,2.0,4.0,-10.0,-6.0,-4.0,0.57,0.45,0.67,75.0,52.0,96.0,0.32,0.57,0.24,5.0,2.0,3.0,3.0,2.0,1.0,2.0,0.0,2.0,Bind,257995,52:38,2026-04-12 07:35:00,https://www.vlr.gg/642938/xi-lai-gaming-vs-wolves-esports-vct-2026-china-stage-1-w2,VCT 2026: China Stage 1
WOL,SiuFatBB,Skye,1.23,1.06,1.42,213.0,204.0,223.0,16.0,8.0,8.0,12.0,7.0,5.0,12.0,4.0,8.0,4.0,1.0,3.0,0.74,0.67,0.82,129.0,133.0,125.0,0.29,0.32,0.26,3.0,0.0,3.0,1.0,1.0,0.0,2.0,-1.0,3.0,Bind,257995,52:38,2026-04-12 07:35:00,https://www.vlr.gg/642938/xi-lai-gaming-vs-wolves-esports-vct-2026-china-stage-1-w2,VCT 2026: China Stage 1
WOL,yosemite,Brimstone,1.17,0.96,1.4,206.0,173.0,242.0,18.0,7.0,11.0,15.0,9.0,6.0,8.0,5.0,3.0,3.0,-2.0,5.0,0.7,0.58,0.82,131.0,106.0,158.0,0.32,0.25,0.38,1.0,0.0,1.0,2.0,0.0,2.0,-1.0,0.0,-1.0,Bind,257995,52:38,2026-04-12 07:35:00,https://www.vlr.gg/642938/xi-lai-gaming-vs-wolves-esports-vct-2026-china-stage-1-w2,VCT 2026: China Stage 1
WOL,glacier,Neon,0.89,0.91,0.86,191.0,213.0,167.0,15.0,9.0,6.0,16.0,10.0,6.0,4.0,3.0,1.0,-1.0,-1.0,0.0,0.74,0.67,0.82,123.0,127.0,119.0,0.24,0.37,0.15,0.0,0.0,0.0,3.0,2.0,1.0,-3.0,-2.0,-1.0,Bind,257995,52:38,2026-04-12 07:35:00,https://www.vlr.gg/642938/xi-lai-gaming-vs-wolves-esports-vct-2026-china-stage-1-w2,VCT 2026: China Stage 1
WOL,Spring,Viper,0.78,0.61,0.95,179.0,137.0,225.0,13.0,5.0,8.0,17.0,10.0,7.0,7.0,2.0,5.0,-4.0,-5.0,1.0,0.65,0.58,0.73,111.0,91.0,133.0,0.28,0.21,0.33,4.0,3.0,1.0,1.0,1.0,0.0,3.0,2.0,1.0,Bind,257995,52:38,2026-04-12 07:35:00,https://www.vlr.gg/642938/xi-lai-gaming-vs-wolves-esports-vct-2026-china-stage-1-w2,VCT 2026: China Stage 1
WOL,jowa,Raze,0.7,0.68,0.72,180.0,184.0,176.0,14.0,7.0,7.0,17.0,10.0,7.0,3.0,2.0,1.0,-3.0,-3.0,0.0,0.61,0.58,0.64,128.0,133.0,123.0,0.21,0.2,0.22,3.0,2.0,1.0,5.0,3.0,2.0,-2.0,-1.0,-1.0,Bind,257995,52:38,2026-04-12 07:35:00,https://www.vlr.gg/642938/xi-lai-gaming-vs-wolves-esports-vct-2026-china-stage-1-w2,VCT 2026: China Stage 1
XLG,NoMan,Waylay,1.52,2.39,0.94,299.0,426.0,214.0,22.0,13.0,9.0,13.0,4.0,9.0,9.0,6.0,3.0,9.0,9.0,0.0,0.85,0.88,0.83,195.0,286.0,134.0,0.27,0.24,0.31,2.0,2.0,0.0,1.0,0.0,1.0,1.0,2.0,-1.0,Lotus,257996,42:20,2026-04-12 07:35:00,https://www.vlr.gg/642938/xi-lai-gaming-vs-wolves-esports-vct-2026-china-stage-1-w2,VCT 2026: China Stage 1
XLG,Lysoar,Omen,1.28,1.28,1.29,225.0,238.0,216.0,17.0,8.0,9.0,12.0,5.0,7.0,9.0,4.0,5.0,5.0,3.0,2.0,0.8,0.88,0.75,151.0,170.0,138.0,0.19,0.39,0.1,1.0,1.0,0.0,1.0,0.0,1.0,0.0,1.0,-1.0,Lotus,257996,42:20,2026-04-12 07:35:00,https://www.vlr.gg/642938/xi-lai-gaming-vs-wolves-esports-vct-2026-china-stage-1-w2,VCT 2026: China Stage 1
XLG,happywei,Viper,0.99,0.88,1.06,230.0,204.0,247.0,16.0,6.0,10.0,16.0,6.0,10.0,7.0,3.0,4.0,0.0,0.0,0.0,0.8,0.88,0.75,148.0,134.0,157.0,0.39,0.24,0.52,3.0,1.0,2.0,2.0,1.0,1.0,1.0,0.0,1.0,Lotus,257996,42:20,2026-04-12 07:35:00,https://www.vlr.gg/642938/xi-lai-gaming-vs-wolves-esports-vct-2026-china-stage-1-w2,VCT 2026: China Stage 1
XLG,WsLeo,Skye,0.96,1.09,0.87,186.0,243.0,148.0,13.0,6.0,7.0,13.0,6.0,7.0,14.0,11.0,3.0,0.0,0.0,0.0,0.75,1.0,0.58,117.0,142.0,100.0,0.2,0.17,0.23,1.0,0.0,1.0,1.0,0.0,1.0,0.0,0.0,0.0,Lotus,257996,42:20,2026-04-12 07:35:00,https://www.vlr.gg/642938/xi-lai-gaming-vs-wolves-esports-vct-2026-china-stage-1-w2,VCT 2026: China Stage 1
XLG,Rarga,Neon,0.58,0.03,0.99,195.0,92.0,264.0,13.0,2.0,11.0,16.0,7.0,9.0,5.0,3.0,2.0,-3.0,-5.0,2.0,0.75,0.63,0.83,122.0,70.0,157.0,0.2,0.25,0.19,4.0,0.0,4.0,4.0,3.0,1.0,0.0,-3.0,3.0,Lotus,257996,42:20,2026-04-12 07:35:00,https://www.vlr.gg/642938/xi-lai-gaming-vs-wolves-esports-vct-2026-china-stage-1-w2,VCT 2026: China Stage 1
WOL,Spring,Viper,1.34,1.61,0.94,250.0,286.0,196.0,17.0,11.0,6.0,14.0,7.0,7.0,10.0,6.0,4.0,3.0,4.0,-1.0,0.8,0.75,0.88,156.0,182.0,117.0,0.23,0.14,0.5,2.0,2.0,0.0,2.0,1.0,1.0,0.0,1.0,-1.0,Lotus,257996,42:20,2026-04-12 07:35:00,https://www.vlr.gg/642938/xi-lai-gaming-vs-wolves-esports-vct-2026-china-stage-1-w2,VCT 2026: China Stage 1
WOL,SiuFatBB,Fade,1.32,1.45,1.12,239.0,284.0,172.0,18.0,13.0,5.0,14.0,8.0,6.0,7.0,4.0,3.0,4.0,5.0,-1.0,0.8,0.83,0.75,138.0,153.0,116.0,0.48,0.55,0.38,0.0,0.0,0.0,1.0,1.0,0.0,-1.0,-1.0,0.0,Lotus,257996,42:20,2026-04-12 07:35:00,https://www.vlr.gg/642938/xi-lai-gaming-vs-wolves-esports-vct-2026-china-stage-1-w2,VCT 2026: China Stage 1
WOL,yosemite,Killjoy,1.24,1.14,1.38,259.0,231.0,301.0,19.0,11.0,8.0,16.0,8.0,8.0,4.0,2.0,2.0,3.0,3.0,0.0,0.75,0.67,0.88,182.0,161.0,214.0,0.33,0.28,0.39,2.0,0.0,2.0,2.0,2.0,0.0,0.0,-2.0,2.0,Lotus,257996,42:20,2026-04-12 07:35:00,https://www.vlr.gg/642938/xi-lai-gaming-vs-wolves-esports-vct-2026-china-stage-1-w2,VCT 2026: China Stage 1
WOL,glacier,Waylay,0.63,0.48,0.86,167.0,131.0,221.0,11.0,5.0,6.0,20.0,12.0,8.0,2.0,1.0,1.0,-9.0,-7.0,-2.0,0.65,0.67,0.63,105.0,87.0,132.0,0.47,0.5,0.45,5.0,3.0,2.0,4.0,1.0,3.0,1.0,2.0,-1.0,Lotus,257996,42:20,2026-04-12 07:35:00,https://www.vlr.gg/642938/xi-lai-gaming-vs-wolves-esports-vct-2026-china-stage-1-w2,VCT 2026: China Stage 1
WOL,jowa,Omen,0.5,0.25,0.88,106.0,96.0,121.0,5.0,2.0,3.0,18.0,12.0,6.0,14.0,7.0,7.0,-13.0,-10.0,-3.0,0.75,0.75,0.75,66.0,64.0,69.0,0.32,0.42,0.2,0.0,0.0,0.0,2.0,2.0,0.0,-2.0,-2.0,0.0,Lotus,257996,42:20,2026-04-12 07:35:00,https://www.vlr.gg/642938/xi-lai-gaming-vs-wolves-esports-vct-2026-china-stage-1-w2,VCT 2026: China Stage 1
TYL,slowly,Brimstone,1.16,0.83,1.49,246.0,225.0,267.0,28.0,13.0,15.0,25.0,13.0,12.0,12.0,3.0,9.0,3.0,0.0,3.0,0.78,0.69,0.88,166.0,16.0,316.0,0.39,0.3,0.5,2.0,1.0,1.0,1.0,0.0,1.0,1.0,1.0,0.0,Bind,257997,1:24:49,2026-04-14 05:00:00,https://www.vlr.gg/642939/tyloo-vs-jdg-esports-vct-2026-china-stage-1-w3,VCT 2026: China Stage 1
TYL,splash,Neon,1.08,0.94,1.21,266.0,249.0,283.0,27.0,12.0,15.0,28.0,15.0,13.0,5.0,0.0,5.0,-1.0,-3.0,2.0,0.69,0.56,0.81,176.0,165.0,187.0,0.25,0.3,0.22,10.0,3.0,7.0,5.0,3.0,2.0,5.0,0.0,5.0,Bind,257997,1:24:49,2026-04-14 05:00:00,https://www.vlr.gg/642939/tyloo-vs-jdg-esports-vct-2026-china-stage-1-w3,VCT 2026: China Stage 1
TYL,Scales,Viper,1.06,0.94,1.19,222.0,180.0,264.0,23.0,10.0,13.0,23.0,12.0,11.0,9.0,1.0,8.0,0.0,-2.0,2.0,0.69,0.69,0.69,162.0,138.0,186.0,0.39,0.62,0.29,1.0,0.0,1.0,2.0,2.0,0.0,-1.0,-2.0,1.0,Bind,257997,1:24:49,2026-04-14 05:00:00,https://www.vlr.gg/642939/tyloo-vs-jdg-esports-vct-2026-china-stage-1-w3,VCT 2026: China Stage 1
TYL,sword9,Skye,0.83,0.71,0.94,186.0,164.0,208.0,21.0,9.0,12.0,23.0,12.0,11.0,7.0,4.0,3.0,-2.0,-3.0,1.0,0.59,0.56,0.63,120.0,110.0,130.0,0.26,0.22,0.31,0.0,0.0,0.0,3.0,2.0,1.0,-3.0,-2.0,-1.0,Bind,257997,1:24:49,2026-04-14 05:00:00,https://www.vlr.gg/642939/tyloo-vs-jdg-esports-vct-2026-china-stage-1-w3,VCT 2026: China Stage 1
TYL,Erv,Waylay,0.52,0.18,0.86,108.0,76.0,140.0,13.0,3.0,10.0,24.0,14.0,10.0,8.0,5.0,3.0,-11.0,-11.0,0.0,0.53,0.38,0.69,83.0,55.0,111.0,0.22,0.16,0.27,2.0,1.0,1.0,6.0,4.0,2.0,-4.0,-3.0,-1.0,Bind,257997,1:24:49,2026-04-14 05:00:00,https://www.vlr.gg/642939/tyloo-vs-jdg-esports-vct-2026-china-stage-1-w3,VCT 2026: China Stage 1
JDG,stew,Omen,1.52,1.59,1.44,255.0,268.0,242.0,31.0,17.0,14.0,20.0,11.0,9.0,18.0,2.0,16.0,11.0,6.0,5.0,0.84,0.75,0.94,155.0,167.0,143.0,0.47,0.42,0.54,2.0,0.0,2.0,1.0,1.0,0.0,1.0,-1.0,2.0,Bind,257997,1:24:49,2026-04-14 05:00:00,https://www.vlr.gg/642939/tyloo-vs-jdg-esports-vct-2026-china-stage-1-w3,VCT 2026: China Stage 1
JDG,Yuicaw,Waylay,1.2,1.04,1.37,240.0,215.0,265.0,26.0,12.0,14.0,22.0,12.0,10.0,10.0,2.0,8.0,4.0,0.0,4.0,0.75,0.69,0.81,150.0,125.0,175.0,0.44,0.57,0.37,4.0,2.0,2.0,4.0,3.0,1.0,0.0,-1.0,1.0,Bind,257997,1:24:49,2026-04-14 05:00:00,https://www.vlr.gg/642939/tyloo-vs-jdg-esports-vct-2026-china-stage-1-w3,VCT 2026: China Stage 1
JDG,coconut,Skye,1.11,0.8,1.43,210.0,202.0,218.0,23.0,10.0,13.0,21.0,14.0,7.0,19.0,10.0,9.0,2.0,-4.0,6.0,0.91,0.81,1.0,138.0,142.0,134.0,0.38,0.31,0.45,3.0,1.0,2.0,1.0,1.0,0.0,2.0,0.0,2.0,Bind,257997,1:24:49,2026-04-14 05:00:00,https://www.vlr.gg/642939/tyloo-vs-jdg-esports-vct-2026-china-stage-1-w3,VCT 2026: China Stage 1
JDG,jkuro,Brimstone,0.99,0.91,1.06,199.0,173.0,225.0,19.0,8.0,11.0,24.0,13.0,11.0,28.0,17.0,11.0,-5.0,-5.0,0.0,0.84,0.81,0.88,128.0,110.0,146.0,0.33,0.22,0.42,4.0,2.0,2.0,1.0,0.0,1.0,3.0,2.0,1.0,Bind,257997,1:24:49,2026-04-14 05:00:00,https://www.vlr.gg/642939/tyloo-vs-jdg-esports-vct-2026-china-stage-1-w3,VCT 2026: China Stage 1
JDG,zhe,Neon,0.97,0.72,1.22,218.0,186.0,250.0,24.0,10.0,14.0,25.0,15.0,10.0,6.0,4.0,2.0,-1.0,-5.0,4.0,0.81,0.81,0.81,141.0,124.0,158.0,0.32,0.29,0.33,4.0,1.0,3.0,8.0,5.0,3.0,-4.0,-4.0,0.0,Bind,257997,1:24:49,2026-04-14 05:00:00,https://www.vlr.gg/642939/tyloo-vs-jdg-esports-vct-2026-china-stage-1-w3,VCT 2026: China Stage 1
TYL,slowly,Brimstone,1.16,0.98,1.36,232.0,228.0,242.0,44.0,24.0,20.0,40.0,23.0,17.0,19.0,6.0,13.0,4.0,1.0,3.0,0.75,0.64,0.88,159.0,75.0,254.0,0.34,0.34,0.36,3.0,1.0,2.0,2.0,1.0,1.0,1.0,0.0,1.0,all,all,all,2026-04-14 05:00:00,https://www.vlr.gg/642939/tyloo-vs-jdg-esports-vct-2026-china-stage-1-w3,VCT 2026: China Stage 1
TYL,Scales,Viper,1.02,0.93,1.12,201.0,189.0,222.0,35.0,18.0,17.0,39.0,23.0,16.0,17.0,3.0,14.0,-4.0,-5.0,1.0,0.68,0.68,0.68,143.0,138.0,148.0,0.32,0.36,0.3,4.0,2.0,2.0,3.0,2.0,1.0,1.0,0.0,1.0,all,all,all,2026-04-14 05:00:00,https://www.vlr.gg/642939/tyloo-vs-jdg-esports-vct-2026-china-stage-1-w3,VCT 2026: China Stage 1
TYL,sword9,Skye,0.96,0.75,1.2,202.0,158.0,244.0,40.0,16.0,24.0,37.0,21.0,16.0,11.0,5.0,6.0,3.0,-5.0,8.0,0.62,0.54,0.72,130.0,107.0,156.0,0.23,0.2,0.26,0.0,0.0,0.0,4.0,3.0,1.0,-4.0,-3.0,-1.0,all,all,all,2026-04-14 05:00:00,https://www.vlr.gg/642939/tyloo-vs-jdg-esports-vct-2026-china-stage-1-w3,VCT 2026: China Stage 1
TYL,splash,Neon,0.9,0.58,1.25,237.0,194.0,298.0,41.0,15.0,26.0,47.0,27.0,20.0,12.0,6.0,6.0,-6.0,-12.0,6.0,0.62,0.5,0.76,159.0,130.0,191.0,0.16,0.2,0.2,14.0,4.0,10.0,14.0,9.0,5.0,0.0,-5.0,5.0,all,all,all,2026-04-14 05:00:00,https://www.vlr.gg/642939/tyloo-vs-jdg-esports-vct-2026-china-stage-1-w3,VCT 2026: China Stage 1
TYL,Erv,Waylay,0.59,0.28,0.93,124.0,94.0,150.0,22.0,7.0,15.0,40.0,25.0,15.0,18.0,9.0,9.0,-18.0,-18.0,0.0,0.57,0.43,0.72,91.0,70.0,114.0,0.23,0.15,0.3,2.0,1.0,1.0,7.0,5.0,2.0,-5.0,-4.0,-1.0,all,all,all,2026-04-14 05:00:00,https://www.vlr.gg/642939/tyloo-vs-jdg-esports-vct-2026-china-stage-1-w3,VCT 2026: China Stage 1
JDG,coconut,Skye,1.36,0.99,1.69,259.0,215.0,278.0,46.0,17.0,29.0,33.0,21.0,12.0,26.0,12.0,14.0,13.0,-4.0,17.0,0.87,0.76,0.96,161.0,159.0,163.0,0.32,0.34,0.31,5.0,2.0,3.0,2.0,2.0,0.0,3.0,0.0,3.0,all,all,all,2026-04-14 05:00:00,https://www.vlr.gg/642939/tyloo-vs-jdg-esports-vct-2026-china-stage-1-w3,VCT 2026: China Stage 1
JDG,stew,Omen,1.26,1.32,1.2,215.0,231.0,215.0,44.0,23.0,21.0,36.0,18.0,18.0,28.0,2.0,26.0,8.0,5.0,3.0,0.81,0.64,0.96,136.0,145.0,128.0,0.33,0.33,0.37,4.0,0.0,4.0,4.0,2.0,2.0,0.0,-2.0,2.0,all,all,all,2026-04-14 05:00:00,https://www.vlr.gg/642939/tyloo-vs-jdg-esports-vct-2026-china-stage-1-w3,VCT 2026: China Stage 1
JDG,Yuicaw,Waylay,1.15,0.76,1.49,235.0,188.0,279.0,42.0,16.0,26.0,37.0,21.0,16.0,21.0,5.0,16.0,5.0,-5.0,10.0,0.74,0.6,0.86,147.0,110.0,180.0,0.43,0.42,0.43,8.0,3.0,5.0,7.0,5.0,2.0,1.0,-2.0,3.0,all,all,all,2026-04-14 05:00:00,https://www.vlr.gg/642939/tyloo-vs-jdg-esports-vct-2026-china-stage-1-w3,VCT 2026: China Stage 1
JDG,zhe,Neon,1.03,0.65,1.36,221.0,172.0,263.0,40.0,14.0,26.0,40.0,23.0,17.0,14.0,6.0,8.0,0.0,-9.0,9.0,0.81,0.72,0.89,152.0,117.0,184.0,0.33,0.3,0.34,7.0,1.0,6.0,9.0,6.0,3.0,-2.0,-5.0,3.0,all,all,all,2026-04-14 05:00:00,https://www.vlr.gg/642939/tyloo-vs-jdg-esports-vct-2026-china-stage-1-w3,VCT 2026: China Stage 1
JDG,jkuro,Brimstone,1.02,1.0,1.03,178.0,177.0,188.0,31.0,14.0,17.0,36.0,19.0,17.0,38.0,20.0,18.0,-5.0,-5.0,0.0,0.83,0.76,0.89,119.0,116.0,122.0,0.34,0.31,0.35,6.0,4.0,2.0,1.0,0.0,1.0,5.0,4.0,1.0,all,all,all,2026-04-14 05:00:00,https://www.vlr.gg/642939/tyloo-vs-jdg-esports-vct-2026-china-stage-1-w3,VCT 2026: China Stage 1
TYL,sword9,Sova,1.16,0.8,1.65,218.0,151.0,307.0,19.0,7.0,12.0,14.0,9.0,5.0,4.0,1.0,3.0,5.0,-2.0,7.0,0.67,0.5,0.89,145.0,102.0,202.0,0.19,0.15,0.22,0.0,0.0,0.0,1.0,1.0,0.0,-1.0,-1.0,0.0,Haven,257998,48:55,2026-04-14 05:00:00,https://www.vlr.gg/642939/tyloo-vs-jdg-esports-vct-2026-china-stage-1-w3,VCT 2026: China Stage 1
TYL,slowly,Cypher,1.16,1.19,1.13,218.0,233.0,198.0,16.0,11.0,5.0,15.0,10.0,5.0,7.0,3.0,4.0,1.0,1.0,0.0,0.71,0.58,0.89,149.0,153.0,144.0,0.29,0.42,0.17,1.0,0.0,1.0,1.0,1.0,0.0,0.0,-1.0,1.0,Haven,257998,48:55,2026-04-14 05:00:00,https://www.vlr.gg/642939/tyloo-vs-jdg-esports-vct-2026-china-stage-1-w3,VCT 2026: China Stage 1
TYL,Scales,Viper,0.94,0.92,0.98,179.0,202.0,148.0,12.0,8.0,4.0,16.0,11.0,5.0,8.0,2.0,6.0,-4.0,-3.0,-1.0,0.67,0.67,0.67,114.0,139.0,81.0,0.24,0.21,0.33,3.0,2.0,1.0,1.0,0.0,1.0,2.0,2.0,0.0,Haven,257998,48:55,2026-04-14 05:00:00,https://www.vlr.gg/642939/tyloo-vs-jdg-esports-vct-2026-china-stage-1-w3,VCT 2026: China Stage 1
TYL,Erv,Omen,0.68,0.41,1.04,140.0,119.0,168.0,9.0,4.0,5.0,16.0,11.0,5.0,10.0,4.0,6.0,-7.0,-7.0,0.0,0.62,0.5,0.78,102.0,90.0,118.0,0.23,0.14,0.36,0.0,0.0,0.0,1.0,1.0,0.0,-1.0,-1.0,0.0,Haven,257998,48:55,2026-04-14 05:00:00,https://www.vlr.gg/642939/tyloo-vs-jdg-esports-vct-2026-china-stage-1-w3,VCT 2026: China Stage 1
TYL,splash,Neon,0.62,0.11,1.31,208.0,121.0,324.0,14.0,3.0,11.0,19.0,12.0,7.0,7.0,6.0,1.0,-5.0,-9.0,4.0,0.52,0.42,0.67,132.0,83.0,197.0,0.07,0.03,0.12,4.0,1.0,3.0,9.0,6.0,3.0,-5.0,-5.0,0.0,Haven,257998,48:55,2026-04-14 05:00:00,https://www.vlr.gg/642939/tyloo-vs-jdg-esports-vct-2026-china-stage-1-w3,VCT 2026: China Stage 1
JDG,coconut,Sova,1.74,1.33,2.05,307.0,238.0,359.0,23.0,7.0,16.0,12.0,7.0,5.0,7.0,2.0,5.0,11.0,0.0,11.0,0.81,0.67,0.92,197.0,190.0,202.0,0.26,0.38,0.19,2.0,1.0,1.0,1.0,1.0,0.0,1.0,0.0,1.0,Haven,257998,48:55,2026-04-14 05:00:00,https://www.vlr.gg/642939/tyloo-vs-jdg-esports-vct-2026-china-stage-1-w3,VCT 2026: China Stage 1
JDG,zhe,Neon,1.11,0.53,1.55,223.0,148.0,279.0,16.0,4.0,12.0,15.0,8.0,7.0,8.0,2.0,6.0,1.0,-4.0,5.0,0.81,0.56,1.0,169.0,104.0,218.0,0.33,0.32,0.34,3.0,0.0,3.0,1.0,1.0,0.0,2.0,-1.0,3.0,Haven,257998,48:55,2026-04-14 05:00:00,https://www.vlr.gg/642939/tyloo-vs-jdg-esports-vct-2026-china-stage-1-w3,VCT 2026: China Stage 1
JDG,Yuicaw,Waylay,1.06,0.27,1.66,229.0,139.0,297.0,16.0,4.0,12.0,15.0,9.0,6.0,11.0,3.0,8.0,1.0,-5.0,6.0,0.71,0.44,0.92,142.0,82.0,187.0,0.42,0.2,0.54,4.0,1.0,3.0,3.0,2.0,1.0,1.0,-1.0,2.0,Haven,257998,48:55,2026-04-14 05:00:00,https://www.vlr.gg/642939/tyloo-vs-jdg-esports-vct-2026-china-stage-1-w3,VCT 2026: China Stage 1
JDG,jkuro,Cypher,1.06,1.16,0.98,157.0,183.0,138.0,12.0,6.0,6.0,12.0,6.0,6.0,10.0,3.0,7.0,0.0,0.0,0.0,0.81,0.67,0.92,105.0,126.0,89.0,0.34,0.5,0.25,2.0,2.0,0.0,0.0,0.0,0.0,2.0,2.0,0.0,Haven,257998,48:55,2026-04-14 05:00:00,https://www.vlr.gg/642939/tyloo-vs-jdg-esports-vct-2026-china-stage-1-w3,VCT 2026: China Stage 1
JDG,stew,Omen,0.86,0.84,0.87,174.0,166.0,180.0,13.0,6.0,7.0,16.0,7.0,9.0,10.0,0.0,10.0,-3.0,-1.0,-2.0,0.76,0.44,1.0,107.0,107.0,107.0,0.18,0.17,0.19,2.0,0.0,2.0,3.0,1.0,2.0,-1.0,-1.0,0.0,Haven,257998,48:55,2026-04-14 05:00:00,https://www.vlr.gg/642939/tyloo-vs-jdg-esports-vct-2026-china-stage-1-w3,VCT 2026: China Stage 1
TE,Abo,Vyse,1.61,1.63,1.58,282.0,289.0,268.0,19.0,13.0,6.0,8.0,4.0,4.0,5.0,4.0,1.0,11.0,9.0,2.0,0.89,0.92,0.83,197.0,193.0,205.0,0.31,0.28,0.35,1.0,0.0,1.0,1.0,1.0,0.0,0.0,-1.0,1.0,Lotus,258000,55:03,2026-04-14 07:55:00,https://www.vlr.gg/642940/trace-esports-vs-dragon-ranger-gaming-vct-2026-china-stage-1-w3,VCT 2026: China Stage 1
TE,Xlele,Waylay,1.56,1.47,1.76,299.0,284.0,329.0,19.0,13.0,6.0,10.0,6.0,4.0,6.0,2.0,4.0,9.0,7.0,2.0,0.78,0.75,0.83,186.0,170.0,218.0,0.59,0.65,0.53,3.0,3.0,0.0,3.0,3.0,0.0,0.0,0.0,0.0,Lotus,258000,55:03,2026-04-14 07:55:00,https://www.vlr.gg/642940/trace-esports-vs-dragon-ranger-gaming-vct-2026-china-stage-1-w3,VCT 2026: China Stage 1
TE,Kai,Neon,1.14,0.65,2.1,257.0,190.0,391.0,17.0,8.0,9.0,12.0,9.0,3.0,1.0,1.0,0.0,5.0,-1.0,6.0,0.78,0.67,1.0,169.0,127.0,253.0,0.22,0.1,0.38,3.0,1.0,2.0,2.0,2.0,0.0,1.0,-1.0,2.0,Lotus,258000,55:03,2026-04-14 07:55:00,https://www.vlr.gg/642940/trace-esports-vs-dragon-ranger-gaming-vct-2026-china-stage-1-w3,VCT 2026: China Stage 1
TE,deLb,Omen,1.03,1.17,0.76,198.0,247.0,100.0,14.0,11.0,3.0,12.0,8.0,4.0,8.0,4.0,4.0,2.0,3.0,-1.0,0.78,0.83,0.67,117.0,152.0,47.0,0.5,0.58,0.2,2.0,2.0,0.0,1.0,0.0,1.0,1.0,2.0,-1.0,Lotus,258000,55:03,2026-04-14 07:55:00,https://www.vlr.gg/642940/trace-esports-vs-dragon-ranger-gaming-vct-2026-china-stage-1-w3,VCT 2026: China Stage 1
TE,Viva,Fade,0.93,1.09,0.62,157.0,156.0,159.0,9.0,6.0,3.0,11.0,6.0,5.0,7.0,5.0,2.0,-2.0,0.0,-2.0,0.78,0.83,0.67,120.0,114.0,132.0,0.27,0.29,0.25,1.0,0.0,1.0,1.0,0.0,1.0,0.0,0.0,0.0,Lotus,258000,55:03,2026-04-14 07:55:00,https://www.vlr.gg/642940/trace-esports-vs-dragon-ranger-gaming-vct-2026-china-stage-1-w3,VCT 2026: China Stage 1
DRG,vo0kashu,Cypher,1.12,0.74,1.31,236.0,182.0,263.0,14.0,4.0,10.0,15.0,5.0,10.0,1.0,1.0,0.0,-1.0,-1.0,0.0,0.56,0.67,0.5,164.0,116.0,188.0,0.35,0.38,0.34,4.0,1.0,3.0,2.0,1.0,1.0,2.0,0.0,2.0,Lotus,258000,55:03,2026-04-14 07:55:00,https://www.vlr.gg/642940/trace-esports-vs-dragon-ranger-gaming-vct-2026-china-stage-1-w3,VCT 2026: China Stage 1
DRG,Nicc,Skye,1.0,1.7,0.65,212.0,329.0,154.0,14.0,7.0,7.0,14.0,4.0,10.0,8.0,4.0,4.0,0.0,3.0,-3.0,0.67,0.83,0.58,130.0,215.0,88.0,0.38,0.53,0.22,0.0,0.0,0.0,1.0,0.0,1.0,-1.0,0.0,-1.0,Lotus,258000,55:03,2026-04-14 07:55:00,https://www.vlr.gg/642940/trace-esports-vs-dragon-ranger-gaming-vct-2026-china-stage-1-w3,VCT 2026: China Stage 1
DRG,Flex1n,Omen,0.69,0.35,0.86,159.0,178.0,150.0,9.0,3.0,6.0,15.0,6.0,9.0,2.0,0.0,2.0,-6.0,-3.0,-3.0,0.44,0.33,0.5,110.0,134.0,98.0,0.29,0.25,0.32,0.0,0.0,0.0,2.0,1.0,1.0,-2.0,-1.0,-1.0,Lotus,258000,55:03,2026-04-14 07:55:00,https://www.vlr.gg/642940/trace-esports-vs-dragon-ranger-gaming-vct-2026-china-stage-1-w3,VCT 2026: China Stage 1
DRG,SpiritZ1,Waylay,0.57,0.29,0.71,136.0,113.0,148.0,9.0,3.0,6.0,16.0,6.0,10.0,3.0,0.0,3.0,-7.0,-3.0,-4.0,0.61,0.5,0.67,81.0,60.0,92.0,0.3,0.4,0.27,3.0,1.0,2.0,3.0,1.0,2.0,0.0,0.0,0.0,Lotus,258000,55:03,2026-04-14 07:55:00,https://www.vlr.gg/642940/trace-esports-vs-dragon-ranger-gaming-vct-2026-china-stage-1-w3,VCT 2026: China Stage 1
DRG,Life,Neon,0.34,0.32,0.35,132.0,154.0,121.0,7.0,3.0,4.0,18.0,6.0,12.0,4.0,2.0,2.0,-11.0,-3.0,-8.0,0.5,0.5,0.5,83.0,97.0,76.0,0.25,0.19,0.33,1.0,0.0,1.0,2.0,1.0,1.0,-1.0,-1.0,0.0,Lotus,258000,55:03,2026-04-14 07:55:00,https://www.vlr.gg/642940/trace-esports-vs-dragon-ranger-gaming-vct-2026-china-stage-1-w3,VCT 2026: China Stage 1
TE,Abo,Vyse,1.1,1.19,0.99,210.0,236.0,166.0,47.0,30.0,17.0,40.0,22.0,18.0,17.0,12.0,5.0,7.0,8.0,-1.0,0.71,0.74,0.67,145.0,160.0,127.0,0.3,0.27,0.32,4.0,0.0,4.0,4.0,3.0,1.0,0.0,-3.0,3.0,all,all,all,2026-04-14 07:55:00,https://www.vlr.gg/642940/trace-esports-vs-dragon-ranger-gaming-vct-2026-china-stage-1-w3,VCT 2026: China Stage 1
TE,Kai,Neon,1.09,1.05,1.15,252.0,255.0,249.0,60.0,32.0,28.0,49.0,27.0,22.0,7.0,5.0,2.0,11.0,5.0,6.0,0.71,0.69,0.73,158.0,156.0,160.0,0.27,0.28,0.26,8.0,5.0,3.0,8.0,7.0,1.0,0.0,-2.0,2.0,all,all,all,2026-04-14 07:55:00,https://www.vlr.gg/642940/trace-esports-vs-dragon-ranger-gaming-vct-2026-china-stage-1-w3,VCT 2026: China Stage 1
TE,deLb,Omen,0.99,0.91,1.15,222.0,191.0,267.0,53.0,25.0,28.0,50.0,27.0,23.0,20.0,11.0,9.0,3.0,-2.0,5.0,0.75,0.74,0.77,147.0,129.0,168.0,0.38,0.34,0.36,9.0,3.0,6.0,6.0,2.0,4.0,3.0,1.0,2.0,all,all,all,2026-04-14 07:55:00,https://www.vlr.gg/642940/trace-esports-vs-dragon-ranger-gaming-vct-2026-china-stage-1-w3,VCT 2026: China Stage 1
TE,Xlele,Waylay,0.91,0.85,0.98,201.0,187.0,200.0,43.0,24.0,19.0,46.0,25.0,21.0,17.0,6.0,11.0,-3.0,-1.0,-2.0,0.68,0.69,0.67,131.0,115.0,150.0,0.41,0.56,0.32,7.0,6.0,1.0,10.0,7.0,3.0,-3.0,-1.0,-2.0,all,all,all,2026-04-14 07:55:00,https://www.vlr.gg/642940/trace-esports-vs-dragon-ranger-gaming-vct-2026-china-stage-1-w3,VCT 2026: China Stage 1
TE,Viva,Fade,0.75,0.81,0.68,163.0,155.0,171.0,36.0,18.0,18.0,48.0,24.0,24.0,16.0,10.0,6.0,-12.0,-6.0,-6.0,0.65,0.69,0.6,110.0,108.0,111.0,0.3,0.32,0.3,2.0,0.0,2.0,7.0,2.0,5.0,-5.0,-2.0,-3.0,all,all,all,2026-04-14 07:55:00,https://www.vlr.gg/642940/trace-esports-vs-dragon-ranger-gaming-vct-2026-china-stage-1-w3,VCT 2026: China Stage 1
DRG,vo0kashu,Cypher,1.27,1.66,0.93,246.0,338.0,166.0,57.0,37.0,20.0,45.0,20.0,25.0,5.0,3.0,2.0,12.0,17.0,-5.0,0.68,0.8,0.57,159.0,209.0,116.0,0.35,0.34,0.35,5.0,2.0,3.0,5.0,2.0,3.0,0.0,0.0,0.0,all,all,all,2026-04-14 07:55:00,https://www.vlr.gg/642940/trace-esports-vs-dragon-ranger-gaming-vct-2026-china-stage-1-w3,VCT 2026: China Stage 1
DRG,SpiritZ1,Waylay,1.13,0.91,1.32,226.0,221.0,245.0,53.0,24.0,29.0,51.0,26.0,25.0,16.0,3.0,13.0,2.0,-2.0,4.0,0.74,0.7,0.77,144.0,124.0,161.0,0.27,0.18,0.36,14.0,7.0,7.0,9.0,4.0,5.0,5.0,3.0,2.0,all,all,all,2026-04-14 07:55:00,https://www.vlr.gg/642940/trace-esports-vs-dragon-ranger-gaming-vct-2026-china-stage-1-w3,VCT 2026: China Stage 1
DRG,Nicc,Skye,1.11,1.11,1.11,203.0,170.0,230.0,46.0,18.0,28.0,44.0,18.0,26.0,27.0,12.0,15.0,2.0,0.0,2.0,0.75,0.77,0.74,132.0,117.0,145.0,0.32,0.43,0.24,2.0,0.0,2.0,3.0,1.0,2.0,-1.0,-1.0,0.0,all,all,all,2026-04-14 07:55:00,https://www.vlr.gg/642940/trace-esports-vs-dragon-ranger-gaming-vct-2026-china-stage-1-w3,VCT 2026: China Stage 1
DRG,Flex1n,Omen,0.93,0.85,1.0,187.0,160.0,216.0,41.0,16.0,25.0,50.0,22.0,28.0,26.0,10.0,16.0,-9.0,-6.0,-3.0,0.68,0.67,0.69,130.0,107.0,150.0,0.3,0.33,0.29,6.0,2.0,4.0,5.0,2.0,3.0,1.0,0.0,1.0,all,all,all,2026-04-14 07:55:00,https://www.vlr.gg/642940/trace-esports-vs-dragon-ranger-gaming-vct-2026-china-stage-1-w3,VCT 2026: China Stage 1
DRG,Life,Neon,0.74,0.45,0.99,165.0,130.0,200.0,36.0,13.0,23.0,49.0,24.0,25.0,12.0,5.0,7.0,-13.0,-11.0,-2.0,0.63,0.47,0.77,109.0,91.0,125.0,0.3,0.39,0.25,8.0,3.0,5.0,8.0,7.0,1.0,0.0,-4.0,4.0,all,all,all,2026-04-14 07:55:00,https://www.vlr.gg/642940/trace-esports-vs-dragon-ranger-gaming-vct-2026-china-stage-1-w3,VCT 2026: China Stage 1
TE,deLb,Brimstone,1.61,1.47,1.74,343.0,284.0,402.0,28.0,13.0,15.0,17.0,8.0,9.0,8.0,6.0,2.0,11.0,5.0,6.0,0.88,1.0,0.75,237.0,211.0,263.0,0.33,0.26,0.41,4.0,0.0,4.0,1.0,0.0,1.0,3.0,0.0,3.0,Bind,258001,54:17,2026-04-14 07:55:00,https://www.vlr.gg/642940/trace-esports-vs-dragon-ranger-gaming-vct-2026-china-stage-1-w3,VCT 2026: China Stage 1
TE,Kai,Neon,1.1,1.58,0.63,246.0,354.0,138.0,22.0,16.0,6.0,18.0,8.0,10.0,3.0,3.0,0.0,4.0,8.0,-4.0,0.67,0.75,0.58,145.0,202.0,88.0,0.35,0.35,0.33,3.0,3.0,0.0,4.0,3.0,1.0,-1.0,0.0,-1.0,Bind,258001,54:17,2026-04-14 07:55:00,https://www.vlr.gg/642940/trace-esports-vs-dragon-ranger-gaming-vct-2026-china-stage-1-w3,VCT 2026: China Stage 1
TE,Abo,Viper,0.88,1.01,0.75,167.0,221.0,113.0,14.0,10.0,4.0,15.0,8.0,7.0,7.0,4.0,3.0,-1.0,2.0,-3.0,0.63,0.67,0.58,121.0,157.0,85.0,0.19,0.19,0.18,1.0,0.0,1.0,2.0,1.0,1.0,-1.0,-1.0,0.0,Bind,258001,54:17,2026-04-14 07:55:00,https://www.vlr.gg/642940/trace-esports-vs-dragon-ranger-gaming-vct-2026-china-stage-1-w3,VCT 2026: China Stage 1
TE,Xlele,Waylay,0.52,0.55,0.49,129.0,141.0,117.0,9.0,6.0,3.0,19.0,9.0,10.0,7.0,1.0,6.0,-10.0,-3.0,-7.0,0.63,0.75,0.5,88.0,86.0,90.0,0.22,0.55,0.08,3.0,3.0,0.0,4.0,2.0,2.0,-1.0,1.0,-2.0,Bind,258001,54:17,2026-04-14 07:55:00,https://www.vlr.gg/642940/trace-esports-vs-dragon-ranger-gaming-vct-2026-china-stage-1-w3,VCT 2026: China Stage 1
TE,Viva,Skye,0.43,0.36,0.51,108.0,101.0,115.0,9.0,4.0,5.0,19.0,9.0,10.0,7.0,4.0,3.0,-10.0,-5.0,-5.0,0.63,0.67,0.58,62.0,56.0,68.0,0.24,0.33,0.18,0.0,0.0,0.0,2.0,0.0,2.0,-2.0,0.0,-2.0,Bind,258001,54:17,2026-04-14 07:55:00,https://www.vlr.gg/642940/trace-esports-vs-dragon-ranger-gaming-vct-2026-china-stage-1-w3,VCT 2026: China Stage 1
DRG,Flex1n,Brimstone,1.43,1.42,1.45,248.0,213.0,283.0,21.0,9.0,12.0,15.0,5.0,10.0,13.0,5.0,8.0,6.0,4.0,2.0,0.83,0.92,0.75,156.0,135.0,177.0,0.35,0.38,0.33,3.0,2.0,1.0,2.0,1.0,1.0,1.0,1.0,0.0,Bind,258001,54:17,2026-04-14 07:55:00,https://www.vlr.gg/642940/trace-esports-vs-dragon-ranger-gaming-vct-2026-china-stage-1-w3,VCT 2026: China Stage 1
DRG,SpiritZ1,Waylay,1.27,1.06,1.48,291.0,279.0,303.0,23.0,12.0,11.0,19.0,10.0,9.0,5.0,1.0,4.0,4.0,2.0,2.0,0.75,0.75,0.75,176.0,146.0,206.0,0.27,0.18,0.4,7.0,4.0,3.0,3.0,1.0,2.0,4.0,3.0,1.0,Bind,258001,54:17,2026-04-14 07:55:00,https://www.vlr.gg/642940/trace-esports-vs-dragon-ranger-gaming-vct-2026-china-stage-1-w3,VCT 2026: China Stage 1
DRG,Nicc,Skye,1.11,0.95,1.27,190.0,119.0,261.0,16.0,5.0,11.0,16.0,6.0,10.0,11.0,6.0,5.0,0.0,-1.0,1.0,0.83,0.83,0.83,116.0,78.0,154.0,0.37,0.33,0.39,2.0,0.0,2.0,1.0,0.0,1.0,1.0,0.0,1.0,Bind,258001,54:17,2026-04-14 07:55:00,https://www.vlr.gg/642940/trace-esports-vs-dragon-ranger-gaming-vct-2026-china-stage-1-w3,VCT 2026: China Stage 1
DRG,vo0kashu,Cypher,0.93,1.56,0.31,190.0,305.0,75.0,16.0,14.0,2.0,16.0,6.0,10.0,2.0,0.0,2.0,0.0,8.0,-8.0,0.63,0.92,0.33,125.0,204.0,46.0,0.31,0.31,0.3,0.0,0.0,0.0,2.0,0.0,2.0,-2.0,0.0,-2.0,Bind,258001,54:17,2026-04-14 07:55:00,https://www.vlr.gg/642940/trace-esports-vs-dragon-ranger-gaming-vct-2026-china-stage-1-w3,VCT 2026: China Stage 1
DRG,Life,Neon,0.81,0.82,0.79,153.0,133.0,173.0,12.0,6.0,6.0,16.0,6.0,10.0,6.0,2.0,4.0,-4.0,0.0,-4.0,0.71,0.58,0.83,109.0,90.0,128.0,0.27,0.4,0.21,1.0,1.0,0.0,3.0,3.0,0.0,-2.0,-2.0,0.0,Bind,258001,54:17,2026-04-14 07:55:00,https://www.vlr.gg/642940/trace-esports-vs-dragon-ranger-gaming-vct-2026-china-stage-1-w3,VCT 2026: China Stage 1
TE,Kai,Jett,1.05,0.9,1.19,254.0,217.0,288.0,21.0,8.0,13.0,19.0,10.0,9.0,3.0,1.0,2.0,2.0,-2.0,4.0,0.7,0.64,0.75,163.0,139.0,185.0,0.24,0.44,0.13,2.0,1.0,1.0,2.0,2.0,0.0,0.0,-1.0,1.0,Breeze,258002,53:25,2026-04-14 07:55:00,https://www.vlr.gg/642940/trace-esports-vs-dragon-ranger-gaming-vct-2026-china-stage-1-w3,VCT 2026: China Stage 1
TE,Abo,Viper,0.93,0.91,0.94,181.0,195.0,168.0,14.0,7.0,7.0,17.0,10.0,7.0,5.0,4.0,1.0,-3.0,-3.0,0.0,0.65,0.64,0.67,129.0,128.0,130.0,0.41,0.38,0.44,2.0,0.0,2.0,1.0,1.0,0.0,1.0,-1.0,2.0,Breeze,258002,53:25,2026-04-14 07:55:00,https://www.vlr.gg/642940/trace-esports-vs-dragon-ranger-gaming-vct-2026-china-stage-1-w3,VCT 2026: China Stage 1
TE,Viva,Sova,0.93,0.98,0.89,223.0,212.0,233.0,18.0,8.0,10.0,18.0,9.0,9.0,2.0,1.0,1.0,0.0,-1.0,1.0,0.57,0.55,0.58,151.0,159.0,144.0,0.38,0.35,0.42,1.0,0.0,1.0,4.0,2.0,2.0,-3.0,-2.0,-1.0,Breeze,258002,53:25,2026-04-14 07:55:00,https://www.vlr.gg/642940/trace-esports-vs-dragon-ranger-gaming-vct-2026-china-stage-1-w3,VCT 2026: China Stage 1
TE,Xlele,Phoenix,0.8,0.49,1.08,176.0,130.0,218.0,15.0,5.0,10.0,17.0,10.0,7.0,4.0,3.0,1.0,-2.0,-5.0,3.0,0.65,0.55,0.75,134.0,87.0,177.0,0.43,0.45,0.42,1.0,0.0,1.0,3.0,2.0,1.0,-2.0,-2.0,0.0,Breeze,258002,53:25,2026-04-14 07:55:00,https://www.vlr.gg/642940/trace-esports-vs-dragon-ranger-gaming-vct-2026-china-stage-1-w3,VCT 2026: China Stage 1
TE,deLb,Omen,0.3,0.01,0.76,126.0,28.0,216.0,11.0,1.0,10.0,21.0,11.0,10.0,4.0,1.0,3.0,-10.0,-10.0,0.0,0.61,0.36,0.83,77.0,15.0,134.0,0.3,0.0,0.33,3.0,1.0,2.0,4.0,2.0,2.0,-1.0,-1.0,0.0,Breeze,258002,53:25,2026-04-14 07:55:00,https://www.vlr.gg/642940/trace-esports-vs-dragon-ranger-gaming-vct-2026-china-stage-1-w3,VCT 2026: China Stage 1
DRG,vo0kashu,Viper,1.74,2.24,1.19,311.0,450.0,159.0,27.0,19.0,8.0,14.0,9.0,5.0,2.0,2.0,0.0,13.0,10.0,3.0,0.83,0.75,0.91,191.0,261.0,115.0,0.38,0.37,0.42,1.0,1.0,0.0,1.0,1.0,0.0,0.0,0.0,0.0,Breeze,258002,53:25,2026-04-14 07:55:00,https://www.vlr.gg/642940/trace-esports-vs-dragon-ranger-gaming-vct-2026-china-stage-1-w3,VCT 2026: China Stage 1
DRG,SpiritZ1,Waylay,1.42,1.06,1.81,251.0,216.0,289.0,21.0,9.0,12.0,16.0,10.0,6.0,8.0,2.0,6.0,5.0,-1.0,6.0,0.83,0.75,0.91,159.0,134.0,186.0,0.25,0.15,0.38,4.0,2.0,2.0,3.0,2.0,1.0,1.0,0.0,1.0,Breeze,258002,53:25,2026-04-14 07:55:00,https://www.vlr.gg/642940/trace-esports-vs-dragon-ranger-gaming-vct-2026-china-stage-1-w3,VCT 2026: China Stage 1
DRG,Nicc,Skye,1.2,0.98,1.44,208.0,142.0,280.0,16.0,6.0,10.0,14.0,8.0,6.0,8.0,2.0,6.0,2.0,-2.0,4.0,0.74,0.67,0.82,150.0,107.0,197.0,0.22,0.38,0.16,0.0,0.0,0.0,1.0,1.0,0.0,-1.0,-1.0,0.0,Breeze,258002,53:25,2026-04-14 07:55:00,https://www.vlr.gg/642940/trace-esports-vs-dragon-ranger-gaming-vct-2026-china-stage-1-w3,VCT 2026: China Stage 1
DRG,Life,Neon,0.99,0.14,1.92,210.0,114.0,315.0,17.0,4.0,13.0,15.0,12.0,3.0,2.0,1.0,1.0,2.0,-8.0,10.0,0.65,0.33,1.0,130.0,88.0,176.0,0.39,0.6,0.27,6.0,2.0,4.0,3.0,3.0,0.0,3.0,-1.0,4.0,Breeze,258002,53:25,2026-04-14 07:55:00,https://www.vlr.gg/642940/trace-esports-vs-dragon-ranger-gaming-vct-2026-china-stage-1-w3,VCT 2026: China Stage 1
DRG,Flex1n,Astra,0.6,0.53,0.67,154.0,97.0,216.0,11.0,4.0,7.0,20.0,11.0,9.0,11.0,5.0,6.0,-9.0,-7.0,-2.0,0.7,0.58,0.82,118.0,65.0,176.0,0.26,0.36,0.24,3.0,0.0,3.0,1.0,0.0,1.0,2.0,0.0,2.0,Breeze,258002,53:25,2026-04-14 07:55:00,https://www.vlr.gg/642940/trace-esports-vs-dragon-ranger-gaming-vct-2026-china-stage-1-w3,VCT 2026: China Stage 1
TEC,lucas,Skye,1.8,1.53,2.9,249.0,194.0,469.0,15.0,9.0,6.0,3.0,3.0,0.0,10.0,7.0,3.0,12.0,6.0,6.0,1.0,1.0,1.0,135.0,111.0,231.0,0.25,0.39,0.07,0.0,0.0,0.0,0.0,0.0,0.0,0.0,0.0,0.0,Fracture,258003,44:49,2026-04-15 05:00:00,https://www.vlr.gg/642941/titan-esports-club-vs-funplus-phoenix-vct-2026-china-stage-1-w3,VCT 2026: China Stage 1
TEC,Coco,Brimstone,1.55,1.65,1.12,263.0,272.0,227.0,14.0,12.0,2.0,7.0,5.0,2.0,8.0,4.0,4.0,7.0,7.0,0.0,1.0,1.0,1.0,177.0,181.0,161.0,0.5,0.57,0.33,2.0,2.0,0.0,0.0,0.0,0.0,2.0,2.0,0.0,Fracture,258003,44:49,2026-04-15 05:00:00,https://www.vlr.gg/642941/titan-esports-club-vs-funplus-phoenix-vct-2026-china-stage-1-w3,VCT 2026: China Stage 1
TEC,Haodong,Cypher,1.37,1.09,2.49,262.0,231.0,386.0,14.0,10.0,4.0,7.0,6.0,1.0,5.0,2.0,3.0,7.0,4.0,3.0,0.73,0.67,1.0,162.0,143.0,238.0,0.32,0.21,0.67,6.0,4.0,2.0,3.0,3.0,0.0,3.0,1.0,2.0,Fracture,258003,44:49,2026-04-15 05:00:00,https://www.vlr.gg/642941/titan-esports-club-vs-funplus-phoenix-vct-2026-china-stage-1-w3,VCT 2026: China Stage 1
TEC,Spitfires,Waylay,1.34,1.41,1.07,235.0,285.0,35.0,14.0,13.0,1.0,5.0,5.0,0.0,2.0,2.0,0.0,9.0,8.0,1.0,0.87,0.83,1.0,157.0,188.0,33.0,0.24,0.22,1.0,2.0,2.0,0.0,1.0,1.0,0.0,1.0,1.0,0.0,Fracture,258003,44:49,2026-04-15 05:00:00,https://www.vlr.gg/642941/titan-esports-club-vs-funplus-phoenix-vct-2026-china-stage-1-w3,VCT 2026: China Stage 1
TEC,Dynamite,Neon,1.18,1.11,1.48,195.0,189.0,219.0,11.0,9.0,2.0,7.0,6.0,1.0,5.0,4.0,1.0,4.0,3.0,1.0,0.93,0.92,1.0,115.0,110.0,135.0,0.14,0.14,0.14,1.0,0.0,1.0,0.0,0.0,0.0,1.0,0.0,1.0,Fracture,258003,44:49,2026-04-15 05:00:00,https://www.vlr.gg/642941/titan-esports-club-vs-funplus-phoenix-vct-2026-china-stage-1-w3,VCT 2026: China Stage 1
FPX,KovaQ,Tejo,0.82,0.25,0.96,186.0,81.0,212.0,9.0,1.0,8.0,13.0,3.0,10.0,1.0,0.0,1.0,-4.0,-2.0,-2.0,0.6,0.33,0.67,118.0,50.0,135.0,0.29,0.0,0.33,1.0,0.0,1.0,0.0,0.0,0.0,1.0,0.0,1.0,Fracture,258003,44:49,2026-04-15 05:00:00,https://www.vlr.gg/642941/titan-esports-club-vs-funplus-phoenix-vct-2026-china-stage-1-w3,VCT 2026: China Stage 1
FPX,AAAAY,Sage,0.64,0.16,0.76,125.0,93.0,133.0,6.0,1.0,5.0,13.0,3.0,10.0,2.0,0.0,2.0,-7.0,-2.0,-5.0,0.53,0.33,0.58,88.0,65.0,94.0,0.26,0.0,0.31,1.0,0.0,1.0,1.0,0.0,1.0,0.0,0.0,0.0,Fracture,258003,44:49,2026-04-15 05:00:00,https://www.vlr.gg/642941/titan-esports-club-vs-funplus-phoenix-vct-2026-china-stage-1-w3,VCT 2026: China Stage 1
FPX,Ben1Ley,Waylay,0.49,0.64,0.45,131.0,204.0,113.0,6.0,2.0,4.0,13.0,3.0,10.0,2.0,0.0,2.0,-7.0,-1.0,-6.0,0.53,0.67,0.5,78.0,134.0,64.0,0.13,0.29,0.06,1.0,0.0,1.0,4.0,1.0,3.0,-3.0,-1.0,-2.0,Fracture,258003,44:49,2026-04-15 05:00:00,https://www.vlr.gg/642941/titan-esports-club-vs-funplus-phoenix-vct-2026-china-stage-1-w3,VCT 2026: China Stage 1
FPX,Setrod,Neon,0.44,0.03,0.56,127.0,31.0,151.0,6.0,0.0,6.0,14.0,3.0,11.0,3.0,1.0,2.0,-8.0,-3.0,-5.0,0.4,0.33,0.42,72.0,31.0,82.0,0.6,0.5,0.62,1.0,0.0,1.0,4.0,2.0,2.0,-3.0,-2.0,-1.0,Fracture,258003,44:49,2026-04-15 05:00:00,https://www.vlr.gg/642941/titan-esports-club-vs-funplus-phoenix-vct-2026-china-stage-1-w3,VCT 2026: China Stage 1
FPX,BerLIN,Astra,0.28,0.22,0.3,61.0,35.0,68.0,2.0,0.0,2.0,15.0,3.0,12.0,6.0,2.0,4.0,-13.0,-3.0,-10.0,0.6,0.67,0.58,50.0,18.0,58.0,0.22,0.0,0.25,0.0,0.0,0.0,2.0,0.0,2.0,-2.0,0.0,-2.0,Fracture,258003,44:49,2026-04-15 05:00:00,https://www.vlr.gg/642941/titan-esports-club-vs-funplus-phoenix-vct-2026-china-stage-1-w3,VCT 2026: China Stage 1
TEC,Coco,Brimstone,1.67,1.92,1.29,268.0,306.0,212.0,38.0,27.0,11.0,19.0,11.0,8.0,14.0,7.0,7.0,19.0,16.0,3.0,0.92,0.96,0.87,173.0,194.0,140.0,0.36,0.34,0.26,4.0,3.0,1.0,0.0,0.0,0.0,4.0,3.0,1.0,all,all,all,2026-04-15 05:00:00,https://www.vlr.gg/642941/titan-esports-club-vs-funplus-phoenix-vct-2026-china-stage-1-w3,VCT 2026: China Stage 1
TEC,Dynamite,Neon,1.28,1.14,1.49,219.0,214.0,237.0,30.0,18.0,12.0,20.0,14.0,6.0,9.0,6.0,3.0,10.0,4.0,6.0,0.76,0.7,0.87,131.0,120.0,149.0,0.24,0.23,0.28,5.0,2.0,3.0,4.0,3.0,1.0,1.0,-1.0,2.0,all,all,all,2026-04-15 05:00:00,https://www.vlr.gg/642941/titan-esports-club-vs-funplus-phoenix-vct-2026-china-stage-1-w3,VCT 2026: China Stage 1
TEC,lucas,Skye,1.13,1.03,1.3,191.0,162.0,203.0,26.0,14.0,12.0,19.0,13.0,6.0,18.0,10.0,8.0,7.0,1.0,6.0,0.79,0.87,0.67,102.0,97.0,109.0,0.22,0.33,0.1,1.0,0.0,1.0,2.0,2.0,0.0,-1.0,-2.0,1.0,all,all,all,2026-04-15 05:00:00,https://www.vlr.gg/642941/titan-esports-club-vs-funplus-phoenix-vct-2026-china-stage-1-w3,VCT 2026: China Stage 1
TEC,Spitfires,Waylay,1.07,1.21,0.85,204.0,235.0,139.0,28.0,21.0,7.0,22.0,13.0,9.0,7.0,6.0,1.0,6.0,8.0,-2.0,0.76,0.87,0.6,125.0,156.0,77.0,0.22,0.2,0.33,5.0,3.0,2.0,3.0,2.0,1.0,2.0,1.0,1.0,all,all,all,2026-04-15 05:00:00,https://www.vlr.gg/642941/titan-esports-club-vs-funplus-phoenix-vct-2026-china-stage-1-w3,VCT 2026: China Stage 1
TEC,Haodong,Cypher,0.96,0.88,1.09,199.0,187.0,182.0,24.0,14.0,10.0,25.0,15.0,10.0,13.0,8.0,5.0,-1.0,-1.0,0.0,0.74,0.78,0.67,120.0,126.0,112.0,0.3,0.2,0.55,7.0,4.0,3.0,7.0,4.0,3.0,0.0,0.0,0.0,all,all,all,2026-04-15 05:00:00,https://www.vlr.gg/642941/titan-esports-club-vs-funplus-phoenix-vct-2026-china-stage-1-w3,VCT 2026: China Stage 1
FPX,Ben1Ley,Waylay,1.02,1.04,1.01,206.0,256.0,199.0,29.0,13.0,16.0,28.0,11.0,17.0,5.0,1.0,4.0,1.0,2.0,-1.0,0.61,0.6,0.61,151.0,169.0,140.0,0.22,0.3,0.22,5.0,2.0,3.0,7.0,3.0,4.0,-2.0,-1.0,-1.0,all,all,all,2026-04-15 05:00:00,https://www.vlr.gg/642941/titan-esports-club-vs-funplus-phoenix-vct-2026-china-stage-1-w3,VCT 2026: China Stage 1
FPX,AAAAY,Sage,0.91,0.96,0.87,156.0,167.0,158.0,23.0,10.0,13.0,26.0,9.0,17.0,3.0,0.0,3.0,-3.0,1.0,-4.0,0.66,0.73,0.61,113.0,110.0,115.0,0.25,0.35,0.2,1.0,0.0,1.0,3.0,1.0,2.0,-2.0,-1.0,-1.0,all,all,all,2026-04-15 05:00:00,https://www.vlr.gg/642941/titan-esports-club-vs-funplus-phoenix-vct-2026-china-stage-1-w3,VCT 2026: China Stage 1
FPX,KovaQ,Tejo,0.84,0.57,1.03,187.0,99.0,243.0,23.0,5.0,18.0,29.0,10.0,19.0,6.0,2.0,4.0,-6.0,-5.0,-1.0,0.71,0.6,0.78,131.0,72.0,169.0,0.31,0.36,0.3,3.0,0.0,3.0,1.0,1.0,0.0,2.0,-1.0,3.0,all,all,all,2026-04-15 05:00:00,https://www.vlr.gg/642941/titan-esports-club-vs-funplus-phoenix-vct-2026-china-stage-1-w3,VCT 2026: China Stage 1
FPX,BerLIN,Astra,0.52,0.79,0.35,107.0,130.0,107.0,13.0,6.0,7.0,31.0,10.0,21.0,16.0,8.0,8.0,-18.0,-4.0,-14.0,0.68,0.67,0.7,78.0,79.0,77.0,0.18,0.17,0.13,0.0,0.0,0.0,5.0,1.0,4.0,-5.0,-1.0,-4.0,all,all,all,2026-04-15 05:00:00,https://www.vlr.gg/642941/titan-esports-club-vs-funplus-phoenix-vct-2026-china-stage-1-w3,VCT 2026: China Stage 1
FPX,Setrod,Neon,0.5,0.5,0.51,141.0,129.0,153.0,17.0,5.0,12.0,32.0,12.0,20.0,7.0,4.0,3.0,-15.0,-7.0,-8.0,0.61,0.67,0.57,85.0,91.0,81.0,0.39,0.42,0.19,7.0,3.0,4.0,6.0,4.0,2.0,1.0,-1.0,2.0,all,all,all,2026-04-15 05:00:00,https://www.vlr.gg/642941/titan-esports-club-vs-funplus-phoenix-vct-2026-china-stage-1-w3,VCT 2026: China Stage 1
TEC,Coco,Viper,1.76,2.22,1.33,273.0,343.0,209.0,24.0,15.0,9.0,12.0,6.0,6.0,6.0,3.0,3.0,12.0,9.0,3.0,0.87,0.91,0.83,170.0,208.0,135.0,0.22,0.22,0.23,2.0,1.0,1.0,0.0,0.0,0.0,2.0,1.0,1.0,Split,258004,46:19,2026-04-15 05:00:00,https://www.vlr.gg/642941/titan-esports-club-vs-funplus-phoenix-vct-2026-china-stage-1-w3,VCT 2026: China Stage 1
TEC,Dynamite,Neon,1.34,1.17,1.49,242.0,242.0,242.0,19.0,9.0,10.0,13.0,8.0,5.0,4.0,2.0,2.0,6.0,1.0,5.0,0.65,0.45,0.83,142.0,131.0,152.0,0.33,0.3,0.36,4.0,2.0,2.0,4.0,3.0,1.0,0.0,-1.0,1.0,Split,258004,46:19,2026-04-15 05:00:00,https://www.vlr.gg/642941/titan-esports-club-vs-funplus-phoenix-vct-2026-china-stage-1-w3,VCT 2026: China Stage 1
TEC,Spitfires,Waylay,0.89,0.99,0.8,172.0,180.0,165.0,14.0,8.0,6.0,17.0,8.0,9.0,5.0,4.0,1.0,-3.0,0.0,-3.0,0.7,0.91,0.5,104.0,121.0,88.0,0.2,0.18,0.27,3.0,1.0,2.0,2.0,1.0,1.0,1.0,0.0,1.0,Split,258004,46:19,2026-04-15 05:00:00,https://www.vlr.gg/642941/titan-esports-club-vs-funplus-phoenix-vct-2026-china-stage-1-w3,VCT 2026: China Stage 1
TEC,lucas,Skye,0.7,0.48,0.9,132.0,127.0,137.0,11.0,5.0,6.0,16.0,10.0,6.0,8.0,3.0,5.0,-5.0,-5.0,0.0,0.65,0.73,0.58,80.0,81.0,79.0,0.19,0.27,0.13,1.0,0.0,1.0,2.0,2.0,0.0,-1.0,-2.0,1.0,Split,258004,46:19,2026-04-15 05:00:00,https://www.vlr.gg/642941/titan-esports-club-vs-funplus-phoenix-vct-2026-china-stage-1-w3,VCT 2026: China Stage 1
TEC,Haodong,Omen,0.69,0.64,0.74,135.0,139.0,131.0,10.0,4.0,6.0,18.0,9.0,9.0,8.0,6.0,2.0,-8.0,-5.0,-3.0,0.74,0.91,0.58,93.0,107.0,80.0,0.27,0.18,0.45,1.0,0.0,1.0,4.0,1.0,3.0,-3.0,-1.0,-2.0,Split,258004,46:19,2026-04-15 05:00:00,https://www.vlr.gg/642941/titan-esports-club-vs-funplus-phoenix-vct-2026-china-stage-1-w3,VCT 2026: China Stage 1
FPX,Ben1Ley,Waylay,1.37,1.13,1.62,281.0,269.0,294.0,23.0,11.0,12.0,15.0,8.0,7.0,3.0,1.0,2.0,8.0,3.0,5.0,0.65,0.58,0.73,199.0,178.0,222.0,0.3,0.3,0.3,4.0,2.0,2.0,3.0,2.0,1.0,1.0,0.0,1.0,Split,258004,46:19,2026-04-15 05:00:00,https://www.vlr.gg/642941/titan-esports-club-vs-funplus-phoenix-vct-2026-china-stage-1-w3,VCT 2026: China Stage 1
FPX,AAAAY,Viper,1.08,1.17,0.99,186.0,186.0,186.0,17.0,9.0,8.0,13.0,6.0,7.0,1.0,0.0,1.0,4.0,3.0,1.0,0.74,0.83,0.64,129.0,121.0,138.0,0.24,0.41,0.14,0.0,0.0,0.0,2.0,1.0,1.0,-2.0,-1.0,-1.0,Split,258004,46:19,2026-04-15 05:00:00,https://www.vlr.gg/642941/titan-esports-club-vs-funplus-phoenix-vct-2026-china-stage-1-w3,VCT 2026: China Stage 1
FPX,KovaQ,Fade,0.86,0.65,1.1,187.0,104.0,278.0,14.0,4.0,10.0,16.0,7.0,9.0,5.0,2.0,3.0,-2.0,-3.0,1.0,0.78,0.67,0.91,139.0,77.0,207.0,0.33,0.45,0.28,2.0,0.0,2.0,1.0,1.0,0.0,1.0,-1.0,2.0,Split,258004,46:19,2026-04-15 05:00:00,https://www.vlr.gg/642941/titan-esports-club-vs-funplus-phoenix-vct-2026-china-stage-1-w3,VCT 2026: China Stage 1
FPX,BerLIN,Omen,0.68,0.93,0.4,152.0,154.0,150.0,11.0,6.0,5.0,16.0,7.0,9.0,10.0,6.0,4.0,-5.0,-1.0,-4.0,0.74,0.67,0.82,96.0,94.0,98.0,0.13,0.18,0.09,0.0,0.0,0.0,3.0,1.0,2.0,-3.0,-1.0,-2.0,Split,258004,46:19,2026-04-15 05:00:00,https://www.vlr.gg/642941/titan-esports-club-vs-funplus-phoenix-vct-2026-china-stage-1-w3,VCT 2026: China Stage 1
FPX,Setrod,Neon,0.54,0.62,0.45,154.0,153.0,155.0,11.0,5.0,6.0,18.0,9.0,9.0,4.0,3.0,1.0,-7.0,-4.0,-3.0,0.74,0.75,0.73,93.0,106.0,79.0,0.18,0.41,0.05,6.0,3.0,3.0,2.0,2.0,0.0,4.0,1.0,3.0,Split,258004,46:19,2026-04-15 05:00:00,https://www.vlr.gg/642941/titan-esports-club-vs-funplus-phoenix-vct-2026-china-stage-1-w3,VCT 2026: China Stage 1
AG,iamgrq,Omen,1.25,2.16,0.65,214.0,330.0,137.0,17.0,11.0,6.0,11.0,3.0,8.0,9.0,5.0,4.0,6.0,8.0,-2.0,0.85,0.88,0.83,133.0,192.0,94.0,0.26,0.24,0.28,0.0,0.0,0.0,1.0,0.0,1.0,-1.0,0.0,-1.0,Lotus,258006,55:37,2026-04-15 07:05:00,https://www.vlr.gg/642942/all-gamers-vs-bilibili-gaming-vct-2026-china-stage-1-w3,VCT 2026: China Stage 1
AG,Youze,Neon,1.2,1.83,0.78,236.0,389.0,134.0,18.0,12.0,6.0,12.0,4.0,8.0,4.0,1.0,3.0,6.0,8.0,-2.0,0.75,0.75,0.75,134.0,212.0,82.0,0.19,0.22,0.15,2.0,1.0,1.0,0.0,0.0,0.0,2.0,1.0,1.0,Lotus,258006,55:37,2026-04-15 07:05:00,https://www.vlr.gg/642942/all-gamers-vs-bilibili-gaming-vct-2026-china-stage-1-w3,VCT 2026: China Stage 1
AG,Shr1mp,Fade,1.18,1.09,1.24,214.0,106.0,286.0,15.0,3.0,12.0,11.0,2.0,9.0,6.0,4.0,2.0,4.0,1.0,3.0,0.85,1.0,0.75,137.0,71.0,181.0,0.38,0.4,0.38,4.0,0.0,4.0,1.0,0.0,1.0,3.0,0.0,3.0,Lotus,258006,55:37,2026-04-15 07:05:00,https://www.vlr.gg/642942/all-gamers-vs-bilibili-gaming-vct-2026-china-stage-1-w3,VCT 2026: China Stage 1
AG,f4ngeer,Waylay,1.05,0.89,1.15,208.0,222.0,199.0,15.0,6.0,9.0,12.0,5.0,7.0,4.0,1.0,3.0,3.0,1.0,2.0,0.85,0.75,0.92,126.0,136.0,119.0,0.32,0.38,0.27,3.0,1.0,2.0,4.0,3.0,1.0,-1.0,-2.0,1.0,Lotus,258006,55:37,2026-04-15 07:05:00,https://www.vlr.gg/642942/all-gamers-vs-bilibili-gaming-vct-2026-china-stage-1-w3,VCT 2026: China Stage 1
AG,K1ra,Cypher,0.97,1.13,0.87,201.0,247.0,170.0,14.0,7.0,7.0,11.0,4.0,7.0,3.0,0.0,3.0,3.0,3.0,0.0,0.75,0.88,0.67,125.0,138.0,116.0,0.2,0.18,0.23,2.0,2.0,0.0,3.0,1.0,2.0,-1.0,1.0,-2.0,Lotus,258006,55:37,2026-04-15 07:05:00,https://www.vlr.gg/642942/all-gamers-vs-bilibili-gaming-vct-2026-china-stage-1-w3,VCT 2026: China Stage 1
BLG,Knight,Fade,1.2,1.29,1.07,189.0,173.0,213.0,15.0,8.0,7.0,13.0,6.0,7.0,6.0,6.0,0.0,2.0,2.0,0.0,0.6,0.67,0.5,127.0,111.0,151.0,0.34,0.27,0.46,1.0,1.0,0.0,2.0,1.0,1.0,-1.0,0.0,-1.0,Lotus,258006,55:37,2026-04-15 07:05:00,https://www.vlr.gg/642942/all-gamers-vs-bilibili-gaming-vct-2026-china-stage-1-w3,VCT 2026: China Stage 1
BLG,yilai,Killjoy,0.91,1.05,0.69,188.0,204.0,164.0,13.0,9.0,4.0,16.0,8.0,8.0,4.0,4.0,0.0,-3.0,1.0,-4.0,0.55,0.75,0.25,138.0,146.0,126.0,0.33,0.28,0.39,1.0,1.0,0.0,3.0,3.0,0.0,-2.0,-2.0,0.0,Lotus,258006,55:37,2026-04-15 07:05:00,https://www.vlr.gg/642942/all-gamers-vs-bilibili-gaming-vct-2026-china-stage-1-w3,VCT 2026: China Stage 1
BLG,rushia,Viper,0.77,1.01,0.42,181.0,201.0,151.0,11.0,9.0,2.0,17.0,9.0,8.0,4.0,3.0,1.0,-6.0,0.0,-6.0,0.6,0.75,0.38,124.0,125.0,123.0,0.2,0.3,0.13,2.0,1.0,1.0,0.0,0.0,0.0,2.0,1.0,1.0,Lotus,258006,55:37,2026-04-15 07:05:00,https://www.vlr.gg/642942/all-gamers-vs-bilibili-gaming-vct-2026-china-stage-1-w3,VCT 2026: China Stage 1
BLG,nephh,Omen,0.74,1.1,0.19,128.0,150.0,95.0,7.0,5.0,2.0,15.0,7.0,8.0,6.0,5.0,1.0,-8.0,-2.0,-6.0,0.6,0.75,0.38,86.0,105.0,58.0,0.17,0.11,0.44,2.0,0.0,2.0,2.0,1.0,1.0,0.0,-1.0,1.0,Lotus,258006,55:37,2026-04-15 07:05:00,https://www.vlr.gg/642942/all-gamers-vs-bilibili-gaming-vct-2026-china-stage-1-w3,VCT 2026: China Stage 1
BLG,whzy,Raze,0.58,0.8,0.25,165.0,189.0,129.0,11.0,8.0,3.0,18.0,10.0,8.0,3.0,2.0,1.0,-7.0,-2.0,-5.0,0.5,0.58,0.38,96.0,105.0,83.0,0.13,0.13,0.13,3.0,2.0,1.0,4.0,2.0,2.0,-1.0,0.0,-1.0,Lotus,258006,55:37,2026-04-15 07:05:00,https://www.vlr.gg/642942/all-gamers-vs-bilibili-gaming-vct-2026-china-stage-1-w3,VCT 2026: China Stage 1
AG,f4ngeer,Waylay,1.31,1.39,1.27,254.0,264.0,251.0,53.0,25.0,28.0,37.0,15.0,22.0,9.0,5.0,4.0,16.0,10.0,6.0,0.77,0.75,0.78,163.0,172.0,157.0,0.31,0.31,0.32,11.0,2.0,9.0,9.0,5.0,4.0,2.0,-3.0,5.0,all,all,all,2026-04-15 07:05:00,https://www.vlr.gg/642942/all-gamers-vs-bilibili-gaming-vct-2026-china-stage-1-w3,VCT 2026: China Stage 1
AG,K1ra,Cypher,1.06,1.43,0.78,227.0,326.0,160.0,41.0,26.0,15.0,38.0,16.0,22.0,19.0,7.0,12.0,3.0,10.0,-7.0,0.71,0.83,0.63,150.0,192.0,119.0,0.2,0.2,0.21,4.0,4.0,0.0,4.0,2.0,2.0,0.0,2.0,-2.0,all,all,all,2026-04-15 07:05:00,https://www.vlr.gg/642942/all-gamers-vs-bilibili-gaming-vct-2026-china-stage-1-w3,VCT 2026: China Stage 1
AG,Youze,Neon,1.0,1.09,0.93,219.0,268.0,183.0,43.0,23.0,20.0,43.0,19.0,24.0,12.0,6.0,6.0,0.0,4.0,-4.0,0.7,0.75,0.66,142.0,160.0,129.0,0.26,0.28,0.24,6.0,3.0,3.0,4.0,3.0,1.0,2.0,0.0,2.0,all,all,all,2026-04-15 07:05:00,https://www.vlr.gg/642942/all-gamers-vs-bilibili-gaming-vct-2026-china-stage-1-w3,VCT 2026: China Stage 1
AG,iamgrq,Omen,0.9,1.04,0.8,185.0,176.0,192.0,36.0,16.0,20.0,41.0,16.0,25.0,25.0,14.0,11.0,-5.0,0.0,-5.0,0.82,0.83,0.81,114.0,101.0,124.0,0.23,0.2,0.23,4.0,1.0,3.0,4.0,1.0,3.0,0.0,0.0,0.0,all,all,all,2026-04-15 07:05:00,https://www.vlr.gg/642942/all-gamers-vs-bilibili-gaming-vct-2026-china-stage-1-w3,VCT 2026: China Stage 1
AG,Shr1mp,Fade,0.79,0.78,0.79,162.0,136.0,186.0,33.0,12.0,21.0,41.0,15.0,26.0,16.0,13.0,3.0,-8.0,-3.0,-5.0,0.66,0.79,0.56,106.0,89.0,119.0,0.27,0.27,0.27,6.0,1.0,5.0,4.0,2.0,2.0,2.0,-1.0,3.0,all,all,all,2026-04-15 07:05:00,https://www.vlr.gg/642942/all-gamers-vs-bilibili-gaming-vct-2026-china-stage-1-w3,VCT 2026: China Stage 1
BLG,yilai,Killjoy,1.26,1.1,1.47,244.0,216.0,277.0,51.0,26.0,25.0,39.0,21.0,18.0,17.0,10.0,7.0,12.0,5.0,7.0,0.68,0.72,0.63,152.0,133.0,177.0,0.29,0.31,0.26,6.0,3.0,3.0,11.0,9.0,2.0,-5.0,-6.0,1.0,all,all,all,2026-04-15 07:05:00,https://www.vlr.gg/642942/all-gamers-vs-bilibili-gaming-vct-2026-china-stage-1-w3,VCT 2026: China Stage 1
BLG,nephh,Omen,1.03,1.42,0.51,199.0,225.0,157.0,36.0,25.0,11.0,39.0,17.0,22.0,23.0,15.0,8.0,-3.0,8.0,-11.0,0.7,0.78,0.58,125.0,143.0,102.0,0.28,0.24,0.38,4.0,1.0,3.0,5.0,3.0,2.0,-1.0,-2.0,1.0,all,all,all,2026-04-15 07:05:00,https://www.vlr.gg/642942/all-gamers-vs-bilibili-gaming-vct-2026-china-stage-1-w3,VCT 2026: China Stage 1
BLG,whzy,Raze,0.99,0.94,1.04,233.0,205.0,249.0,45.0,24.0,21.0,44.0,23.0,21.0,10.0,6.0,4.0,1.0,1.0,0.0,0.68,0.69,0.67,144.0,138.0,153.0,0.15,0.23,0.08,7.0,3.0,4.0,6.0,3.0,3.0,1.0,0.0,1.0,all,all,all,2026-04-15 07:05:00,https://www.vlr.gg/642942/all-gamers-vs-bilibili-gaming-vct-2026-china-stage-1-w3,VCT 2026: China Stage 1
BLG,Knight,Fade,0.91,0.84,1.02,160.0,151.0,189.0,34.0,17.0,17.0,40.0,21.0,19.0,19.0,12.0,7.0,-6.0,-4.0,-2.0,0.68,0.72,0.63,111.0,93.0,136.0,0.26,0.18,0.3,1.0,1.0,0.0,4.0,2.0,2.0,-3.0,-1.0,-2.0,all,all,all,2026-04-15 07:05:00,https://www.vlr.gg/642942/all-gamers-vs-bilibili-gaming-vct-2026-china-stage-1-w3,VCT 2026: China Stage 1
BLG,rushia,Viper,0.85,1.2,0.39,190.0,215.0,150.0,34.0,27.0,7.0,44.0,22.0,22.0,16.0,10.0,6.0,-10.0,5.0,-15.0,0.73,0.81,0.63,131.0,159.0,94.0,0.22,0.26,0.16,7.0,4.0,3.0,5.0,3.0,2.0,2.0,1.0,1.0,all,all,all,2026-04-15 07:05:00,https://www.vlr.gg/642942/all-gamers-vs-bilibili-gaming-vct-2026-china-stage-1-w3,VCT 2026: China Stage 1
AG,f4ngeer,Chamber,0.99,0.01,1.38,229.0,42.0,291.0,12.0,0.0,12.0,13.0,4.0,9.0,0.0,0.0,0.0,-1.0,-4.0,3.0,0.5,0.0,0.67,147.0,42.0,182.0,0.28,0.0,0.33,5.0,0.0,5.0,2.0,1.0,1.0,3.0,-1.0,4.0,Pearl,258007,40:29,2026-04-15 07:05:00,https://www.vlr.gg/642942/all-gamers-vs-bilibili-gaming-vct-2026-china-stage-1-w3,VCT 2026: China Stage 1
AG,Youze,Neon,0.94,0.72,1.01,222.0,227.0,220.0,11.0,3.0,8.0,14.0,4.0,10.0,2.0,0.0,2.0,-3.0,-1.0,-2.0,0.63,0.75,0.58,155.0,152.0,156.0,0.25,0.43,0.22,1.0,0.0,1.0,2.0,1.0,1.0,-1.0,-1.0,0.0,Pearl,258007,40:29,2026-04-15 07:05:00,https://www.vlr.gg/642942/all-gamers-vs-bilibili-gaming-vct-2026-china-stage-1-w3,VCT 2026: China Stage 1
AG,iamgrq,Astra,0.7,0.11,0.9,179.0,67.0,216.0,9.0,1.0,8.0,14.0,4.0,10.0,4.0,0.0,4.0,-5.0,-3.0,-2.0,0.63,0.25,0.75,122.0,36.0,151.0,0.27,0.5,0.26,1.0,0.0,1.0,2.0,1.0,1.0,-1.0,-1.0,0.0,Pearl,258007,40:29,2026-04-15 07:05:00,https://www.vlr.gg/642942/all-gamers-vs-bilibili-gaming-vct-2026-china-stage-1-w3,VCT 2026: China Stage 1
AG,K1ra,Phoenix,0.63,0.77,0.58,172.0,263.0,142.0,7.0,3.0,4.0,13.0,4.0,9.0,4.0,1.0,3.0,-6.0,-1.0,-5.0,0.63,0.75,0.58,126.0,142.0,121.0,0.18,0.14,0.21,0.0,0.0,0.0,1.0,1.0,0.0,-1.0,-1.0,0.0,Pearl,258007,40:29,2026-04-15 07:05:00,https://www.vlr.gg/642942/all-gamers-vs-bilibili-gaming-vct-2026-china-stage-1-w3,VCT 2026: China Stage 1
AG,Shr1mp,Fade,0.35,0.69,0.23,123.0,214.0,93.0,6.0,3.0,3.0,15.0,4.0,11.0,2.0,1.0,1.0,-9.0,-1.0,-8.0,0.31,0.5,0.25,89.0,160.0,65.0,0.29,0.43,0.21,1.0,0.0,1.0,1.0,0.0,1.0,0.0,0.0,0.0,Pearl,258007,40:29,2026-04-15 07:05:00,https://www.vlr.gg/642942/all-gamers-vs-bilibili-gaming-vct-2026-china-stage-1-w3,VCT 2026: China Stage 1
BLG,whzy,Phoenix,1.89,1.4,3.35,360.0,285.0,585.0,22.0,13.0,9.0,8.0,7.0,1.0,4.0,3.0,1.0,14.0,6.0,8.0,0.81,0.75,1.0,227.0,186.0,350.0,0.21,0.24,0.17,3.0,1.0,2.0,1.0,1.0,0.0,2.0,0.0,2.0,Pearl,258007,40:29,2026-04-15 07:05:00,https://www.vlr.gg/642942/all-gamers-vs-bilibili-gaming-vct-2026-china-stage-1-w3,VCT 2026: China Stage 1
BLG,nephh,Astra,1.44,1.64,0.85,239.0,263.0,167.0,14.0,12.0,2.0,7.0,5.0,2.0,6.0,4.0,2.0,7.0,7.0,0.0,0.75,0.75,0.75,150.0,168.0,96.0,0.27,0.26,0.4,2.0,1.0,1.0,1.0,1.0,0.0,1.0,0.0,1.0,Pearl,258007,40:29,2026-04-15 07:05:00,https://www.vlr.gg/642942/all-gamers-vs-bilibili-gaming-vct-2026-china-stage-1-w3,VCT 2026: China Stage 1
BLG,yilai,Neon,1.42,1.0,2.67,274.0,242.0,370.0,18.0,11.0,7.0,9.0,8.0,1.0,2.0,1.0,1.0,9.0,3.0,6.0,0.63,0.5,1.0,146.0,136.0,176.0,0.22,0.37,0.09,2.0,1.0,1.0,5.0,5.0,0.0,-3.0,-4.0,1.0,Pearl,258007,40:29,2026-04-15 07:05:00,https://www.vlr.gg/642942/all-gamers-vs-bilibili-gaming-vct-2026-china-stage-1-w3,VCT 2026: China Stage 1
BLG,rushia,Killjoy,1.33,1.64,0.38,230.0,227.0,239.0,13.0,12.0,1.0,10.0,7.0,3.0,5.0,4.0,1.0,3.0,5.0,-2.0,0.88,0.83,1.0,179.0,217.0,65.0,0.33,0.35,0.2,1.0,1.0,0.0,0.0,0.0,0.0,1.0,1.0,0.0,Pearl,258007,40:29,2026-04-15 07:05:00,https://www.vlr.gg/642942/all-gamers-vs-bilibili-gaming-vct-2026-china-stage-1-w3,VCT 2026: China Stage 1
BLG,Knight,Tejo,0.36,0.31,0.5,64.0,45.0,121.0,2.0,1.0,1.0,11.0,8.0,3.0,6.0,3.0,3.0,-9.0,-7.0,-2.0,0.69,0.67,0.75,55.0,40.0,100.0,0.28,0.08,0.67,0.0,0.0,0.0,1.0,1.0,0.0,-1.0,-1.0,0.0,Pearl,258007,40:29,2026-04-15 07:05:00,https://www.vlr.gg/642942/all-gamers-vs-bilibili-gaming-vct-2026-china-stage-1-w3,VCT 2026: China Stage 1
AG,f4ngeer,Waylay,1.82,2.18,1.29,326.0,365.0,268.0,26.0,19.0,7.0,12.0,6.0,6.0,5.0,4.0,1.0,14.0,13.0,1.0,0.9,1.0,0.75,213.0,239.0,174.0,0.33,0.32,0.36,3.0,1.0,2.0,3.0,1.0,2.0,0.0,0.0,0.0,Bind,258008,49:04,2026-04-15 07:05:00,https://www.vlr.gg/642942/all-gamers-vs-bilibili-gaming-vct-2026-china-stage-1-w3,VCT 2026: China Stage 1
AG,K1ra,Viper,1.48,1.84,0.94,308.0,399.0,172.0,20.0,16.0,4.0,14.0,8.0,6.0,12.0,6.0,6.0,6.0,8.0,-2.0,0.75,0.83,0.63,195.0,244.0,122.0,0.22,0.24,0.18,2.0,2.0,0.0,0.0,0.0,0.0,2.0,2.0,0.0,Bind,258008,49:04,2026-04-15 07:05:00,https://www.vlr.gg/642942/all-gamers-vs-bilibili-gaming-vct-2026-china-stage-1-w3,VCT 2026: China Stage 1
AG,Youze,Neon,0.85,0.72,1.04,200.0,201.0,199.0,14.0,8.0,6.0,17.0,11.0,6.0,6.0,5.0,1.0,-3.0,-3.0,0.0,0.7,0.75,0.63,140.0,127.0,160.0,0.35,0.33,0.38,3.0,2.0,1.0,2.0,2.0,0.0,1.0,0.0,1.0,Bind,258008,49:04,2026-04-15 07:05:00,https://www.vlr.gg/642942/all-gamers-vs-bilibili-gaming-vct-2026-china-stage-1-w3,VCT 2026: China Stage 1
AG,Shr1mp,Skye,0.74,0.61,0.94,149.0,130.0,178.0,12.0,6.0,6.0,15.0,9.0,6.0,8.0,8.0,0.0,-3.0,-3.0,0.0,0.75,0.75,0.75,89.0,77.0,107.0,0.15,0.15,0.16,1.0,1.0,0.0,2.0,2.0,0.0,-1.0,-1.0,0.0,Bind,258008,49:04,2026-04-15 07:05:00,https://www.vlr.gg/642942/all-gamers-vs-bilibili-gaming-vct-2026-china-stage-1-w3,VCT 2026: China Stage 1
AG,iamgrq,Brimstone,0.71,0.61,0.85,161.0,110.0,238.0,10.0,4.0,6.0,16.0,9.0,7.0,12.0,9.0,3.0,-6.0,-5.0,-1.0,0.95,1.0,0.88,89.0,61.0,131.0,0.15,0.11,0.16,3.0,1.0,2.0,1.0,0.0,1.0,2.0,1.0,1.0,Bind,258008,49:04,2026-04-15 07:05:00,https://www.vlr.gg/642942/all-gamers-vs-bilibili-gaming-vct-2026-china-stage-1-w3,VCT 2026: China Stage 1
BLG,yilai,Brimstone,1.48,1.33,1.58,271.0,195.0,322.0,20.0,6.0,14.0,14.0,5.0,9.0,11.0,5.0,6.0,6.0,1.0,5.0,0.85,1.0,0.75,170.0,107.0,212.0,0.31,0.25,0.34,3.0,1.0,2.0,3.0,1.0,2.0,0.0,0.0,0.0,Bind,258008,49:04,2026-04-15 07:05:00,https://www.vlr.gg/642942/all-gamers-vs-bilibili-gaming-vct-2026-china-stage-1-w3,VCT 2026: China Stage 1
BLG,Knight,Fade,1.07,0.94,1.16,228.0,278.0,195.0,17.0,8.0,9.0,16.0,7.0,9.0,7.0,3.0,4.0,1.0,1.0,0.0,0.75,0.88,0.67,141.0,146.0,138.0,0.16,0.15,0.16,0.0,0.0,0.0,1.0,0.0,1.0,-1.0,0.0,-1.0,Bind,258008,49:04,2026-04-15 07:05:00,https://www.vlr.gg/642942/all-gamers-vs-bilibili-gaming-vct-2026-china-stage-1-w3,VCT 2026: China Stage 1
BLG,nephh,Kayo,1.0,1.57,0.62,230.0,282.0,195.0,15.0,8.0,7.0,17.0,5.0,12.0,11.0,6.0,5.0,-2.0,3.0,-5.0,0.75,0.88,0.67,145.0,162.0,134.0,0.41,0.5,0.35,0.0,0.0,0.0,2.0,1.0,1.0,-2.0,-1.0,-1.0,Bind,258008,49:04,2026-04-15 07:05:00,https://www.vlr.gg/642942/all-gamers-vs-bilibili-gaming-vct-2026-china-stage-1-w3,VCT 2026: China Stage 1
BLG,whzy,Raze,0.67,0.47,0.8,174.0,109.0,217.0,12.0,3.0,9.0,18.0,6.0,12.0,3.0,1.0,2.0,-6.0,-3.0,-3.0,0.75,0.75,0.75,126.0,115.0,133.0,0.11,0.38,0.02,1.0,0.0,1.0,1.0,0.0,1.0,0.0,0.0,0.0,Bind,258008,49:04,2026-04-15 07:05:00,https://www.vlr.gg/642942/all-gamers-vs-bilibili-gaming-vct-2026-china-stage-1-w3,VCT 2026: China Stage 1
BLG,rushia,Viper,0.55,0.82,0.37,158.0,216.0,119.0,10.0,6.0,4.0,17.0,6.0,11.0,7.0,3.0,4.0,-7.0,0.0,-7.0,0.75,0.88,0.67,100.0,122.0,85.0,0.14,0.08,0.23,4.0,2.0,2.0,5.0,3.0,2.0,-1.0,-1.0,0.0,Bind,258008,49:04,2026-04-15 07:05:00,https://www.vlr.gg/642942/all-gamers-vs-bilibili-gaming-vct-2026-china-stage-1-w3,VCT 2026: China Stage 1
NOVA,qiutiaN,Fade,1.45,1.65,1.27,264.0,284.0,246.0,22.0,13.0,9.0,14.0,4.0,10.0,11.0,1.0,10.0,8.0,9.0,-1.0,0.83,0.91,0.75,169.0,154.0,183.0,0.27,0.23,0.31,3.0,2.0,1.0,2.0,0.0,2.0,1.0,2.0,-1.0,Lotus,258009,1:02:42,2026-04-16 05:00:00,https://www.vlr.gg/642943/nova-esports-vs-wolves-esports-vct-2026-china-stage-1-w3,VCT 2026: China Stage 1
NOVA,Ezeir,Omen,1.19,0.62,1.72,221.0,160.0,277.0,17.0,5.0,12.0,16.0,8.0,8.0,13.0,5.0,8.0,1.0,-3.0,4.0,0.78,0.82,0.75,146.0,113.0,176.0,0.24,0.3,0.21,2.0,1.0,1.0,1.0,0.0,1.0,1.0,1.0,0.0,Lotus,258009,1:02:42,2026-04-16 05:00:00,https://www.vlr.gg/642943/nova-esports-vs-wolves-esports-vct-2026-china-stage-1-w3,VCT 2026: China Stage 1
NOVA,GREEN,Viper,1.1,1.71,0.55,186.0,241.0,136.0,15.0,10.0,5.0,13.0,3.0,10.0,6.0,3.0,3.0,2.0,7.0,-5.0,0.83,1.0,0.67,129.0,174.0,88.0,0.29,0.36,0.2,1.0,0.0,1.0,0.0,0.0,0.0,1.0,0.0,1.0,Lotus,258009,1:02:42,2026-04-16 05:00:00,https://www.vlr.gg/642943/nova-esports-vs-wolves-esports-vct-2026-china-stage-1-w3,VCT 2026: China Stage 1
NOVA,swagzor,Neon,0.88,0.92,0.85,234.0,235.0,233.0,19.0,10.0,9.0,18.0,7.0,11.0,3.0,1.0,2.0,1.0,3.0,-2.0,0.7,0.73,0.67,157.0,148.0,165.0,0.33,0.35,0.32,6.0,4.0,2.0,5.0,4.0,1.0,1.0,0.0,1.0,Lotus,258009,1:02:42,2026-04-16 05:00:00,https://www.vlr.gg/642943/nova-esports-vs-wolves-esports-vct-2026-china-stage-1-w3,VCT 2026: China Stage 1
NOVA,GuanG,Cypher,0.69,1.19,0.23,89.0,162.0,22.0,8.0,7.0,1.0,13.0,4.0,9.0,1.0,0.0,1.0,-5.0,3.0,-8.0,0.74,0.91,0.58,62.0,112.0,16.0,0.35,0.6,0.1,0.0,0.0,0.0,3.0,0.0,3.0,-3.0,0.0,-3.0,Lotus,258009,1:02:42,2026-04-16 05:00:00,https://www.vlr.gg/642943/nova-esports-vs-wolves-esports-vct-2026-china-stage-1-w3,VCT 2026: China Stage 1
WOL,Spring,Raze,1.4,1.65,1.12,286.0,331.0,237.0,23.0,15.0,8.0,16.0,7.0,9.0,4.0,2.0,2.0,7.0,8.0,-1.0,0.7,0.83,0.55,182.0,190.0,173.0,0.14,0.21,0.09,3.0,2.0,1.0,4.0,0.0,4.0,-1.0,2.0,-3.0,Lotus,258009,1:02:42,2026-04-16 05:00:00,https://www.vlr.gg/642943/nova-esports-vs-wolves-esports-vct-2026-china-stage-1-w3,VCT 2026: China Stage 1
WOL,glacier,Neon,0.99,1.09,0.89,257.0,282.0,230.0,19.0,11.0,8.0,21.0,10.0,11.0,10.0,8.0,2.0,-2.0,1.0,-3.0,0.78,0.92,0.64,149.0,160.0,137.0,0.2,0.21,0.18,5.0,4.0,1.0,2.0,1.0,1.0,3.0,3.0,0.0,Lotus,258009,1:02:42,2026-04-16 05:00:00,https://www.vlr.gg/642943/nova-esports-vs-wolves-esports-vct-2026-china-stage-1-w3,VCT 2026: China Stage 1
WOL,jowa,Omen,0.88,1.1,0.63,120.0,167.0,69.0,9.0,7.0,2.0,13.0,6.0,7.0,9.0,7.0,2.0,-4.0,1.0,-5.0,0.87,0.92,0.82,83.0,119.0,44.0,0.32,0.26,0.6,2.0,0.0,2.0,3.0,2.0,1.0,-1.0,-2.0,1.0,Lotus,258009,1:02:42,2026-04-16 05:00:00,https://www.vlr.gg/642943/nova-esports-vs-wolves-esports-vct-2026-china-stage-1-w3,VCT 2026: China Stage 1
WOL,yosemite,Vyse,0.72,1.24,0.16,139.0,206.0,66.0,12.0,11.0,1.0,15.0,5.0,10.0,3.0,0.0,3.0,-3.0,6.0,-9.0,0.61,0.75,0.45,81.0,109.0,50.0,0.17,0.22,0.09,1.0,1.0,0.0,1.0,0.0,1.0,0.0,1.0,-1.0,Lotus,258009,1:02:42,2026-04-16 05:00:00,https://www.vlr.gg/642943/nova-esports-vs-wolves-esports-vct-2026-china-stage-1-w3,VCT 2026: China Stage 1
WOL,SiuFatBB,Fade,0.71,0.54,0.91,137.0,102.0,175.0,11.0,4.0,7.0,16.0,8.0,8.0,5.0,4.0,1.0,-5.0,-4.0,-1.0,0.7,0.67,0.73,92.0,66.0,120.0,0.35,0.29,0.41,0.0,0.0,0.0,2.0,2.0,0.0,-2.0,-2.0,0.0,Lotus,258009,1:02:42,2026-04-16 05:00:00,https://www.vlr.gg/642943/nova-esports-vs-wolves-esports-vct-2026-china-stage-1-w3,VCT 2026: China Stage 1
NOVA,Ezeir,Omen,1.26,0.81,1.76,228.0,183.0,275.0,33.0,11.0,22.0,27.0,16.0,11.0,29.0,12.0,17.0,6.0,-5.0,11.0,0.77,0.7,0.86,150.0,133.0,169.0,0.25,0.27,0.24,3.0,2.0,1.0,1.0,0.0,1.0,2.0,2.0,0.0,all,all,all,2026-04-16 05:00:00,https://www.vlr.gg/642943/nova-esports-vs-wolves-esports-vct-2026-china-stage-1-w3,VCT 2026: China Stage 1
NOVA,qiutiaN,Fade,1.18,1.3,1.05,228.0,265.0,190.0,35.0,23.0,12.0,29.0,14.0,15.0,18.0,4.0,14.0,6.0,9.0,-3.0,0.77,0.74,0.81,148.0,152.0,142.0,0.24,0.27,0.2,5.0,3.0,2.0,3.0,1.0,2.0,2.0,2.0,0.0,all,all,all,2026-04-16 05:00:00,https://www.vlr.gg/642943/nova-esports-vs-wolves-esports-vct-2026-china-stage-1-w3,VCT 2026: China Stage 1
NOVA,swagzor,Neon,1.15,1.02,1.29,270.0,263.0,273.0,41.0,21.0,20.0,31.0,17.0,14.0,10.0,7.0,3.0,10.0,4.0,6.0,0.73,0.74,0.71,174.0,167.0,181.0,0.26,0.21,0.25,12.0,6.0,6.0,8.0,7.0,1.0,4.0,-1.0,5.0,all,all,all,2026-04-16 05:00:00,https://www.vlr.gg/642943/nova-esports-vs-wolves-esports-vct-2026-china-stage-1-w3,VCT 2026: China Stage 1
NOVA,GREEN,Viper,1.0,0.98,1.03,171.0,146.0,200.0,26.0,12.0,14.0,25.0,12.0,13.0,17.0,9.0,8.0,1.0,0.0,1.0,0.84,0.87,0.81,111.0,100.0,123.0,0.22,0.29,0.18,4.0,0.0,4.0,2.0,2.0,0.0,2.0,-2.0,4.0,all,all,all,2026-04-16 05:00:00,https://www.vlr.gg/642943/nova-esports-vs-wolves-esports-vct-2026-china-stage-1-w3,VCT 2026: China Stage 1
NOVA,GuanG,Cypher,0.94,1.19,0.68,164.0,203.0,113.0,29.0,19.0,10.0,26.0,12.0,14.0,2.0,0.0,2.0,3.0,7.0,-4.0,0.75,0.78,0.71,108.0,137.0,76.0,0.34,0.52,0.19,2.0,1.0,1.0,4.0,1.0,3.0,-2.0,0.0,-2.0,all,all,all,2026-04-16 05:00:00,https://www.vlr.gg/642943/nova-esports-vs-wolves-esports-vct-2026-china-stage-1-w3,VCT 2026: China Stage 1
WOL,Spring,Raze,1.28,1.47,1.11,269.0,305.0,238.0,40.0,23.0,17.0,33.0,15.0,18.0,10.0,4.0,6.0,7.0,8.0,-1.0,0.7,0.81,0.61,175.0,183.0,167.0,0.23,0.27,0.16,5.0,2.0,3.0,7.0,0.0,7.0,-2.0,2.0,-4.0,all,all,all,2026-04-16 05:00:00,https://www.vlr.gg/642943/nova-esports-vs-wolves-esports-vct-2026-china-stage-1-w3,VCT 2026: China Stage 1
WOL,glacier,Neon,0.95,0.68,1.19,226.0,191.0,261.0,34.0,13.0,21.0,39.0,19.0,20.0,15.0,8.0,7.0,-5.0,-6.0,1.0,0.66,0.57,0.74,137.0,115.0,156.0,0.26,0.22,0.26,8.0,4.0,4.0,7.0,5.0,2.0,1.0,-1.0,2.0,all,all,all,2026-04-16 05:00:00,https://www.vlr.gg/642943/nova-esports-vs-wolves-esports-vct-2026-china-stage-1-w3,VCT 2026: China Stage 1
WOL,jowa,Omen,0.93,0.86,0.99,156.0,136.0,170.0,23.0,10.0,13.0,30.0,14.0,16.0,19.0,10.0,9.0,-7.0,-4.0,-3.0,0.82,0.76,0.87,104.0,98.0,108.0,0.33,0.29,0.37,4.0,0.0,4.0,4.0,3.0,1.0,0.0,-3.0,3.0,all,all,all,2026-04-16 05:00:00,https://www.vlr.gg/642943/nova-esports-vs-wolves-esports-vct-2026-china-stage-1-w3,VCT 2026: China Stage 1
WOL,yosemite,Vyse,0.78,0.9,0.68,145.0,183.0,110.0,23.0,15.0,8.0,30.0,14.0,16.0,9.0,1.0,8.0,-7.0,1.0,-8.0,0.64,0.62,0.65,88.0,106.0,72.0,0.18,0.22,0.15,1.0,1.0,0.0,4.0,2.0,2.0,-3.0,-1.0,-2.0,all,all,all,2026-04-16 05:00:00,https://www.vlr.gg/642943/nova-esports-vs-wolves-esports-vct-2026-china-stage-1-w3,VCT 2026: China Stage 1
WOL,SiuFatBB,Fade,0.66,0.47,0.84,126.0,110.0,142.0,18.0,6.0,12.0,32.0,16.0,16.0,9.0,6.0,3.0,-14.0,-10.0,-4.0,0.64,0.52,0.74,95.0,79.0,109.0,0.28,0.18,0.39,0.0,0.0,0.0,4.0,4.0,0.0,-4.0,-4.0,0.0,all,all,all,2026-04-16 05:00:00,https://www.vlr.gg/642943/nova-esports-vs-wolves-esports-vct-2026-china-stage-1-w3,VCT 2026: China Stage 1
NOVA,swagzor,Neon,1.44,1.11,1.87,305.0,289.0,326.0,22.0,11.0,11.0,13.0,10.0,3.0,7.0,6.0,1.0,9.0,1.0,8.0,0.76,0.75,0.78,192.0,185.0,201.0,0.18,0.14,0.19,6.0,2.0,4.0,3.0,3.0,0.0,3.0,-1.0,4.0,Fracture,258010,40:38,2026-04-16 05:00:00,https://www.vlr.gg/642943/nova-esports-vs-wolves-esports-vct-2026-china-stage-1-w3,VCT 2026: China Stage 1
NOVA,Ezeir,Brimstone,1.34,0.97,1.82,234.0,205.0,273.0,16.0,6.0,10.0,11.0,8.0,3.0,16.0,7.0,9.0,5.0,-2.0,7.0,0.76,0.58,1.0,155.0,151.0,160.0,0.26,0.24,0.3,1.0,1.0,0.0,0.0,0.0,0.0,1.0,1.0,0.0,Fracture,258010,40:38,2026-04-16 05:00:00,https://www.vlr.gg/642943/nova-esports-vs-wolves-esports-vct-2026-china-stage-1-w3,VCT 2026: China Stage 1
NOVA,GuanG,Cypher,1.22,1.18,1.27,238.0,240.0,235.0,21.0,12.0,9.0,13.0,8.0,5.0,1.0,0.0,1.0,8.0,4.0,4.0,0.76,0.67,0.89,158.0,159.0,157.0,0.33,0.47,0.22,2.0,1.0,1.0,1.0,1.0,0.0,1.0,0.0,1.0,Fracture,258010,40:38,2026-04-16 05:00:00,https://www.vlr.gg/642943/nova-esports-vs-wolves-esports-vct-2026-china-stage-1-w3,VCT 2026: China Stage 1
NOVA,GREEN,Waylay,0.89,0.31,1.67,156.0,58.0,287.0,11.0,2.0,9.0,12.0,9.0,3.0,11.0,6.0,5.0,-1.0,-7.0,6.0,0.86,0.75,1.0,92.0,33.0,171.0,0.15,0.1,0.16,3.0,0.0,3.0,2.0,2.0,0.0,1.0,-2.0,3.0,Fracture,258010,40:38,2026-04-16 05:00:00,https://www.vlr.gg/642943/nova-esports-vs-wolves-esports-vct-2026-china-stage-1-w3,VCT 2026: China Stage 1
NOVA,qiutiaN,Skye,0.88,0.97,0.75,191.0,248.0,115.0,13.0,10.0,3.0,15.0,10.0,5.0,7.0,3.0,4.0,-2.0,0.0,-2.0,0.71,0.58,0.89,124.0,151.0,88.0,0.21,0.32,0.05,2.0,1.0,1.0,1.0,1.0,0.0,1.0,0.0,1.0,Fracture,258010,40:38,2026-04-16 05:00:00,https://www.vlr.gg/642943/nova-esports-vs-wolves-esports-vct-2026-china-stage-1-w3,VCT 2026: China Stage 1
WOL,Spring,Brimstone,1.15,1.23,1.1,252.0,270.0,239.0,17.0,8.0,9.0,17.0,8.0,9.0,6.0,2.0,4.0,0.0,0.0,0.0,0.71,0.78,0.67,167.0,174.0,162.0,0.31,0.36,0.27,2.0,0.0,2.0,3.0,0.0,3.0,-1.0,0.0,-1.0,Fracture,258010,40:38,2026-04-16 05:00:00,https://www.vlr.gg/642943/nova-esports-vs-wolves-esports-vct-2026-china-stage-1-w3,VCT 2026: China Stage 1
WOL,jowa,Breach,0.99,0.55,1.33,191.0,95.0,263.0,14.0,3.0,11.0,17.0,8.0,9.0,10.0,3.0,7.0,-3.0,-5.0,2.0,0.76,0.56,0.92,126.0,71.0,167.0,0.33,0.33,0.33,2.0,0.0,2.0,1.0,1.0,0.0,1.0,-1.0,2.0,Fracture,258010,40:38,2026-04-16 05:00:00,https://www.vlr.gg/642943/nova-esports-vs-wolves-esports-vct-2026-china-stage-1-w3,VCT 2026: China Stage 1
WOL,glacier,Waylay,0.9,0.13,1.47,195.0,69.0,290.0,15.0,2.0,13.0,18.0,9.0,9.0,5.0,0.0,5.0,-3.0,-7.0,4.0,0.52,0.11,0.83,123.0,56.0,173.0,0.31,0.22,0.38,3.0,0.0,3.0,5.0,4.0,1.0,-2.0,-4.0,2.0,Fracture,258010,40:38,2026-04-16 05:00:00,https://www.vlr.gg/642943/nova-esports-vs-wolves-esports-vct-2026-china-stage-1-w3,VCT 2026: China Stage 1
WOL,yosemite,Cypher,0.85,0.45,1.16,151.0,153.0,150.0,11.0,4.0,7.0,15.0,9.0,6.0,6.0,1.0,5.0,-4.0,-5.0,1.0,0.67,0.44,0.83,96.0,101.0,92.0,0.19,0.21,0.17,0.0,0.0,0.0,3.0,2.0,1.0,-3.0,-2.0,-1.0,Fracture,258010,40:38,2026-04-16 05:00:00,https://www.vlr.gg/642943/nova-esports-vs-wolves-esports-vct-2026-china-stage-1-w3,VCT 2026: China Stage 1
WOL,SiuFatBB,Tejo,0.61,0.39,0.78,115.0,120.0,111.0,7.0,2.0,5.0,16.0,8.0,8.0,4.0,2.0,2.0,-9.0,-6.0,-3.0,0.57,0.33,0.75,98.0,97.0,99.0,0.21,0.11,0.38,0.0,0.0,0.0,2.0,2.0,0.0,-2.0,-2.0,0.0,Fracture,258010,40:38,2026-04-16 05:00:00,https://www.vlr.gg/642943/nova-esports-vs-wolves-esports-vct-2026-china-stage-1-w3,VCT 2026: China Stage 1
EDG,ZmjjKK,Raze,1.56,1.87,1.15,338.0,450.0,189.0,24.0,20.0,4.0,12.0,8.0,4.0,5.0,1.0,4.0,12.0,12.0,0.0,0.76,0.92,0.56,218.0,278.0,138.0,0.14,0.24,0.0,5.0,4.0,1.0,4.0,2.0,2.0,1.0,2.0,-1.0,Lotus,258012,58:47,2026-04-16 07:15:00,https://www.vlr.gg/642944/edward-gaming-vs-xi-lai-gaming-vct-2026-china-stage-1-w3,VCT 2026: China Stage 1
EDG,CHICHOO,Cypher,1.41,1.09,1.84,230.0,172.0,307.0,19.0,8.0,11.0,11.0,7.0,4.0,5.0,5.0,0.0,8.0,1.0,7.0,0.81,0.75,0.89,150.0,121.0,189.0,0.29,0.24,0.35,2.0,0.0,2.0,3.0,3.0,0.0,-1.0,-3.0,2.0,Lotus,258012,58:47,2026-04-16 07:15:00,https://www.vlr.gg/642944/edward-gaming-vs-xi-lai-gaming-vct-2026-china-stage-1-w3,VCT 2026: China Stage 1
EDG,Jieni7,Omen,1.11,1.41,0.73,220.0,259.0,168.0,15.0,11.0,4.0,15.0,7.0,8.0,13.0,4.0,9.0,0.0,4.0,-4.0,0.81,0.92,0.67,144.0,176.0,101.0,0.25,0.33,0.14,1.0,0.0,1.0,1.0,1.0,0.0,0.0,-1.0,1.0,Lotus,258012,58:47,2026-04-16 07:15:00,https://www.vlr.gg/642944/edward-gaming-vs-xi-lai-gaming-vct-2026-china-stage-1-w3,VCT 2026: China Stage 1
EDG,Smoggy,Phoenix,0.9,0.62,1.28,179.0,156.0,210.0,13.0,6.0,7.0,14.0,10.0,4.0,9.0,7.0,2.0,-1.0,-4.0,3.0,0.86,0.92,0.78,124.0,124.0,124.0,0.37,0.35,0.38,3.0,1.0,2.0,2.0,1.0,1.0,1.0,0.0,1.0,Lotus,258012,58:47,2026-04-16 07:15:00,https://www.vlr.gg/642944/edward-gaming-vs-xi-lai-gaming-vct-2026-china-stage-1-w3,VCT 2026: China Stage 1
EDG,nobody,Fade,0.86,1.08,0.56,124.0,151.0,88.0,10.0,7.0,3.0,12.0,6.0,6.0,3.0,3.0,0.0,-2.0,1.0,-3.0,0.67,0.75,0.56,79.0,98.0,54.0,0.17,0.19,0.14,0.0,0.0,0.0,0.0,0.0,0.0,0.0,0.0,0.0,Lotus,258012,58:47,2026-04-16 07:15:00,https://www.vlr.gg/642944/edward-gaming-vs-xi-lai-gaming-vct-2026-china-stage-1-w3,VCT 2026: China Stage 1
XLG,Lysoar,Omen,1.08,1.28,0.92,196.0,210.0,186.0,15.0,8.0,7.0,15.0,5.0,10.0,7.0,4.0,3.0,0.0,3.0,-3.0,0.71,0.78,0.67,124.0,110.0,135.0,0.35,0.22,0.45,0.0,0.0,0.0,0.0,0.0,0.0,0.0,0.0,0.0,Lotus,258012,58:47,2026-04-16 07:15:00,https://www.vlr.gg/642944/edward-gaming-vs-xi-lai-gaming-vct-2026-china-stage-1-w3,VCT 2026: China Stage 1
XLG,NoMan,Waylay,0.99,1.16,0.86,218.0,230.0,209.0,15.0,6.0,9.0,17.0,6.0,11.0,6.0,4.0,2.0,-2.0,0.0,-2.0,0.57,0.67,0.5,157.0,164.0,152.0,0.21,0.19,0.23,4.0,0.0,4.0,4.0,1.0,3.0,0.0,-1.0,1.0,Lotus,258012,58:47,2026-04-16 07:15:00,https://www.vlr.gg/642944/edward-gaming-vs-xi-lai-gaming-vct-2026-china-stage-1-w3,VCT 2026: China Stage 1
XLG,WsLeo,Skye,0.98,1.15,0.85,160.0,156.0,163.0,10.0,4.0,6.0,14.0,5.0,9.0,16.0,11.0,5.0,-4.0,-1.0,-3.0,0.62,0.67,0.58,97.0,80.0,110.0,0.32,0.67,0.2,1.0,1.0,0.0,1.0,0.0,1.0,0.0,1.0,-1.0,Lotus,258012,58:47,2026-04-16 07:15:00,https://www.vlr.gg/642944/edward-gaming-vs-xi-lai-gaming-vct-2026-china-stage-1-w3,VCT 2026: China Stage 1
XLG,happywei,Viper,0.96,0.41,1.38,222.0,109.0,307.0,15.0,3.0,12.0,17.0,6.0,11.0,5.0,0.0,5.0,-2.0,-3.0,1.0,0.52,0.33,0.67,157.0,89.0,208.0,0.44,0.4,0.46,1.0,0.0,1.0,2.0,2.0,0.0,-1.0,-2.0,1.0,Lotus,258012,58:47,2026-04-16 07:15:00,https://www.vlr.gg/642944/edward-gaming-vs-xi-lai-gaming-vct-2026-china-stage-1-w3,VCT 2026: China Stage 1
XLG,Rarga,Neon,0.46,0.73,0.25,136.0,174.0,108.0,9.0,5.0,4.0,18.0,7.0,11.0,4.0,2.0,2.0,-9.0,-2.0,-7.0,0.67,0.78,0.58,85.0,104.0,71.0,0.43,0.27,0.75,4.0,2.0,2.0,4.0,3.0,1.0,0.0,-1.0,1.0,Lotus,258012,58:47,2026-04-16 07:15:00,https://www.vlr.gg/642944/edward-gaming-vs-xi-lai-gaming-vct-2026-china-stage-1-w3,VCT 2026: China Stage 1
EDG,ZmjjKK,Raze,1.25,1.32,1.16,255.0,281.0,225.0,54.0,35.0,19.0,41.0,23.0,18.0,10.0,5.0,5.0,13.0,12.0,1.0,0.72,0.74,0.7,170.0,186.0,151.0,0.25,0.26,0.17,11.0,5.0,6.0,11.0,7.0,4.0,0.0,-2.0,2.0,all,all,all,2026-04-16 07:15:00,https://www.vlr.gg/642944/edward-gaming-vs-xi-lai-gaming-vct-2026-china-stage-1-w3,VCT 2026: China Stage 1
EDG,CHICHOO,Cypher,1.04,0.95,1.14,199.0,202.0,207.0,44.0,25.0,19.0,45.0,26.0,19.0,19.0,12.0,7.0,-1.0,-1.0,0.0,0.72,0.68,0.78,133.0,130.0,138.0,0.27,0.28,0.33,4.0,1.0,3.0,6.0,5.0,1.0,-2.0,-4.0,2.0,all,all,all,2026-04-16 07:15:00,https://www.vlr.gg/642944/edward-gaming-vs-xi-lai-gaming-vct-2026-china-stage-1-w3,VCT 2026: China Stage 1
EDG,nobody,Fade,0.96,1.1,0.8,181.0,202.0,152.0,40.0,26.0,14.0,43.0,22.0,21.0,16.0,7.0,9.0,-3.0,4.0,-7.0,0.72,0.71,0.74,101.0,107.0,93.0,0.18,0.19,0.19,4.0,3.0,1.0,5.0,3.0,2.0,-1.0,0.0,-1.0,all,all,all,2026-04-16 07:15:00,https://www.vlr.gg/642944/edward-gaming-vs-xi-lai-gaming-vct-2026-china-stage-1-w3,VCT 2026: China Stage 1
EDG,Smoggy,Phoenix,0.96,0.95,0.98,189.0,197.0,182.0,36.0,21.0,15.0,46.0,27.0,19.0,32.0,18.0,14.0,-10.0,-6.0,-4.0,0.8,0.85,0.74,136.0,151.0,118.0,0.33,0.31,0.33,5.0,2.0,3.0,8.0,3.0,5.0,-3.0,-1.0,-2.0,all,all,all,2026-04-16 07:15:00,https://www.vlr.gg/642944/edward-gaming-vs-xi-lai-gaming-vct-2026-china-stage-1-w3,VCT 2026: China Stage 1
EDG,Jieni7,Omen,0.83,0.88,0.75,167.0,174.0,158.0,34.0,20.0,14.0,47.0,24.0,23.0,23.0,11.0,12.0,-13.0,-4.0,-9.0,0.69,0.74,0.63,106.0,115.0,94.0,0.18,0.19,0.16,3.0,2.0,1.0,4.0,3.0,1.0,-1.0,-1.0,0.0,all,all,all,2026-04-16 07:15:00,https://www.vlr.gg/642944/edward-gaming-vs-xi-lai-gaming-vct-2026-china-stage-1-w3,VCT 2026: China Stage 1
XLG,happywei,Viper,1.29,1.27,1.31,277.0,262.0,286.0,58.0,27.0,31.0,41.0,16.0,25.0,18.0,2.0,16.0,17.0,11.0,6.0,0.74,0.74,0.74,191.0,175.0,204.0,0.38,0.37,0.38,6.0,2.0,4.0,5.0,4.0,1.0,1.0,-2.0,3.0,all,all,all,2026-04-16 07:15:00,https://www.vlr.gg/642944/edward-gaming-vs-xi-lai-gaming-vct-2026-china-stage-1-w3,VCT 2026: China Stage 1
XLG,Lysoar,Omen,1.15,1.14,1.15,214.0,205.0,217.0,47.0,21.0,26.0,42.0,16.0,26.0,27.0,16.0,11.0,5.0,5.0,0.0,0.74,0.78,0.71,143.0,125.0,158.0,0.27,0.22,0.29,2.0,2.0,0.0,1.0,0.0,1.0,1.0,2.0,-1.0,all,all,all,2026-04-16 07:15:00,https://www.vlr.gg/642944/edward-gaming-vs-xi-lai-gaming-vct-2026-china-stage-1-w3,VCT 2026: China Stage 1
XLG,WsLeo,Skye,1.05,1.24,0.9,179.0,190.0,174.0,36.0,18.0,18.0,36.0,13.0,23.0,29.0,16.0,13.0,0.0,5.0,-5.0,0.74,0.78,0.71,120.0,122.0,119.0,0.28,0.4,0.22,6.0,3.0,3.0,4.0,1.0,3.0,2.0,2.0,0.0,all,all,all,2026-04-16 07:15:00,https://www.vlr.gg/642944/edward-gaming-vs-xi-lai-gaming-vct-2026-china-stage-1-w3,VCT 2026: China Stage 1
XLG,NoMan,Waylay,1.01,0.93,1.08,203.0,196.0,205.0,42.0,17.0,25.0,41.0,17.0,24.0,11.0,5.0,6.0,1.0,0.0,1.0,0.67,0.7,0.65,137.0,140.0,135.0,0.33,0.25,0.36,10.0,2.0,8.0,8.0,3.0,5.0,2.0,-1.0,3.0,all,all,all,2026-04-16 07:15:00,https://www.vlr.gg/642944/edward-gaming-vs-xi-lai-gaming-vct-2026-china-stage-1-w3,VCT 2026: China Stage 1
XLG,Rarga,Neon,0.71,0.79,0.64,189.0,184.0,190.0,39.0,17.0,22.0,48.0,19.0,29.0,10.0,4.0,6.0,-9.0,-2.0,-7.0,0.72,0.78,0.68,118.0,121.0,116.0,0.25,0.21,0.16,10.0,4.0,6.0,9.0,6.0,3.0,1.0,-2.0,3.0,all,all,all,2026-04-16 07:15:00,https://www.vlr.gg/642944/edward-gaming-vs-xi-lai-gaming-vct-2026-china-stage-1-w3,VCT 2026: China Stage 1
EDG,ZmjjKK,Chamber,1.24,1.11,1.35,208.0,144.0,261.0,17.0,6.0,11.0,12.0,4.0,8.0,1.0,0.0,1.0,5.0,2.0,3.0,0.73,0.7,0.75,146.0,102.0,183.0,0.35,0.36,0.33,2.0,0.0,2.0,2.0,1.0,1.0,0.0,-1.0,1.0,Haven,258013,44:55,2026-04-16 07:15:00,https://www.vlr.gg/642944/edward-gaming-vs-xi-lai-gaming-vct-2026-china-stage-1-w3,VCT 2026: China Stage 1
EDG,CHICHOO,Omen,1.14,1.28,1.03,254.0,341.0,182.0,19.0,12.0,7.0,17.0,8.0,9.0,11.0,6.0,5.0,2.0,4.0,-2.0,0.82,0.8,0.83,167.0,216.0,126.0,0.36,0.36,0.36,2.0,1.0,1.0,2.0,1.0,1.0,0.0,0.0,0.0,Haven,258013,44:55,2026-04-16 07:15:00,https://www.vlr.gg/642944/edward-gaming-vs-xi-lai-gaming-vct-2026-china-stage-1-w3,VCT 2026: China Stage 1
EDG,Smoggy,Phoenix,1.04,1.15,0.96,213.0,240.0,191.0,13.0,7.0,6.0,17.0,8.0,9.0,12.0,6.0,6.0,-4.0,-1.0,-3.0,0.77,0.8,0.75,159.0,187.0,136.0,0.29,0.26,0.33,2.0,1.0,1.0,5.0,2.0,3.0,-3.0,-1.0,-2.0,Haven,258013,44:55,2026-04-16 07:15:00,https://www.vlr.gg/642944/edward-gaming-vs-xi-lai-gaming-vct-2026-china-stage-1-w3,VCT 2026: China Stage 1
EDG,nobody,Fade,1.0,1.0,0.99,203.0,178.0,224.0,16.0,7.0,9.0,17.0,6.0,11.0,9.0,2.0,7.0,-1.0,1.0,-2.0,0.73,0.6,0.83,113.0,81.0,140.0,0.16,0.06,0.2,3.0,2.0,1.0,2.0,1.0,1.0,1.0,1.0,0.0,Haven,258013,44:55,2026-04-16 07:15:00,https://www.vlr.gg/642944/edward-gaming-vs-xi-lai-gaming-vct-2026-china-stage-1-w3,VCT 2026: China Stage 1
EDG,Jieni7,Neon,0.61,0.58,0.64,124.0,126.0,122.0,11.0,5.0,6.0,17.0,7.0,10.0,4.0,2.0,2.0,-6.0,-2.0,-4.0,0.59,0.5,0.67,67.0,71.0,64.0,0.2,0.06,0.32,1.0,1.0,0.0,1.0,0.0,1.0,0.0,1.0,-1.0,Haven,258013,44:55,2026-04-16 07:15:00,https://www.vlr.gg/642944/edward-gaming-vs-xi-lai-gaming-vct-2026-china-stage-1-w3,VCT 2026: China Stage 1
XLG,happywei,Viper,1.31,1.78,0.74,288.0,388.0,168.0,22.0,18.0,4.0,15.0,8.0,7.0,5.0,0.0,5.0,7.0,10.0,-3.0,0.82,0.92,0.7,201.0,256.0,135.0,0.4,0.43,0.33,3.0,2.0,1.0,2.0,1.0,1.0,1.0,1.0,0.0,Haven,258013,44:55,2026-04-16 07:15:00,https://www.vlr.gg/642944/edward-gaming-vs-xi-lai-gaming-vct-2026-china-stage-1-w3,VCT 2026: China Stage 1
XLG,Lysoar,Omen,1.19,0.89,1.54,188.0,137.0,249.0,15.0,6.0,9.0,14.0,7.0,7.0,9.0,5.0,4.0,1.0,-1.0,2.0,0.73,0.67,0.8,146.0,112.0,187.0,0.22,0.38,0.14,1.0,1.0,0.0,0.0,0.0,0.0,1.0,1.0,0.0,Haven,258013,44:55,2026-04-16 07:15:00,https://www.vlr.gg/642944/edward-gaming-vs-xi-lai-gaming-vct-2026-china-stage-1-w3,VCT 2026: China Stage 1
XLG,WsLeo,Sova,1.12,1.06,1.21,218.0,198.0,242.0,16.0,9.0,7.0,14.0,7.0,7.0,7.0,1.0,6.0,2.0,2.0,0.0,0.82,0.75,0.9,155.0,154.0,156.0,0.31,0.39,0.25,2.0,2.0,0.0,2.0,1.0,1.0,0.0,1.0,-1.0,Haven,258013,44:55,2026-04-16 07:15:00,https://www.vlr.gg/642944/edward-gaming-vs-xi-lai-gaming-vct-2026-china-stage-1-w3,VCT 2026: China Stage 1
XLG,NoMan,Killjoy,0.82,0.98,0.62,168.0,226.0,98.0,12.0,9.0,3.0,15.0,8.0,7.0,2.0,1.0,1.0,-3.0,1.0,-4.0,0.68,0.75,0.6,126.0,170.0,73.0,0.36,0.32,0.44,4.0,2.0,2.0,2.0,0.0,2.0,2.0,2.0,0.0,Haven,258013,44:55,2026-04-16 07:15:00,https://www.vlr.gg/642944/edward-gaming-vs-xi-lai-gaming-vct-2026-china-stage-1-w3,VCT 2026: China Stage 1
XLG,Rarga,Neon,0.81,0.51,1.17,197.0,123.0,286.0,15.0,5.0,10.0,18.0,9.0,9.0,5.0,2.0,3.0,-3.0,-4.0,1.0,0.73,0.75,0.7,132.0,97.0,174.0,0.23,0.25,0.22,2.0,0.0,2.0,4.0,3.0,1.0,-2.0,-3.0,1.0,Haven,258013,44:55,2026-04-16 07:15:00,https://www.vlr.gg/642944/edward-gaming-vs-xi-lai-gaming-vct-2026-china-stage-1-w3,VCT 2026: China Stage 1
EDG,nobody,Skye,1.05,1.2,0.75,216.0,272.0,104.0,14.0,12.0,2.0,14.0,10.0,4.0,4.0,2.0,2.0,0.0,2.0,-2.0,0.78,0.75,0.83,112.0,138.0,60.0,0.22,0.25,0.18,1.0,1.0,0.0,3.0,2.0,1.0,-2.0,-1.0,-1.0,Split,258014,37:46,2026-04-16 07:15:00,https://www.vlr.gg/642944/edward-gaming-vs-xi-lai-gaming-vct-2026-china-stage-1-w3,VCT 2026: China Stage 1
EDG,Smoggy,Omen,0.93,1.12,0.55,176.0,202.0,124.0,10.0,8.0,2.0,15.0,9.0,6.0,11.0,5.0,6.0,-5.0,-1.0,-4.0,0.78,0.83,0.67,122.0,147.0,72.0,0.32,0.35,0.25,0.0,0.0,0.0,1.0,0.0,1.0,-1.0,0.0,-1.0,Split,258014,37:46,2026-04-16 07:15:00,https://www.vlr.gg/642944/edward-gaming-vs-xi-lai-gaming-vct-2026-china-stage-1-w3,VCT 2026: China Stage 1
EDG,ZmjjKK,Waylay,0.9,0.95,0.8,219.0,226.0,205.0,13.0,9.0,4.0,17.0,11.0,6.0,4.0,4.0,0.0,-4.0,-2.0,-2.0,0.67,0.58,0.83,145.0,163.0,109.0,0.26,0.24,0.29,4.0,1.0,3.0,5.0,4.0,1.0,-1.0,-3.0,2.0,Split,258014,37:46,2026-04-16 07:15:00,https://www.vlr.gg/642944/edward-gaming-vs-xi-lai-gaming-vct-2026-china-stage-1-w3,VCT 2026: China Stage 1
EDG,Jieni7,Neon,0.75,0.61,1.04,157.0,128.0,215.0,8.0,4.0,4.0,15.0,10.0,5.0,6.0,5.0,1.0,-7.0,-6.0,-1.0,0.67,0.75,0.5,109.0,92.0,143.0,0.09,0.13,0.04,1.0,1.0,0.0,2.0,2.0,0.0,-1.0,-1.0,0.0,Split,258014,37:46,2026-04-16 07:15:00,https://www.vlr.gg/642944/edward-gaming-vs-xi-lai-gaming-vct-2026-china-stage-1-w3,VCT 2026: China Stage 1
EDG,CHICHOO,Viper,0.47,0.54,0.32,112.0,115.0,106.0,6.0,5.0,1.0,17.0,11.0,6.0,3.0,1.0,2.0,-11.0,-6.0,-5.0,0.5,0.5,0.5,73.0,66.0,87.0,0.17,0.19,0.14,0.0,0.0,0.0,1.0,1.0,0.0,-1.0,-1.0,0.0,Split,258014,37:46,2026-04-16 07:15:00,https://www.vlr.gg/642944/edward-gaming-vs-xi-lai-gaming-vct-2026-china-stage-1-w3,VCT 2026: China Stage 1
XLG,happywei,Viper,1.64,1.52,1.71,322.0,239.0,364.0,21.0,6.0,15.0,9.0,2.0,7.0,8.0,2.0,6.0,12.0,4.0,8.0,0.89,1.0,0.83,219.0,143.0,257.0,0.31,0.17,0.36,2.0,0.0,2.0,1.0,1.0,0.0,1.0,-1.0,2.0,Split,258014,37:46,2026-04-16 07:15:00,https://www.vlr.gg/642944/edward-gaming-vs-xi-lai-gaming-vct-2026-china-stage-1-w3,VCT 2026: China Stage 1
XLG,NoMan,Waylay,1.28,0.5,1.67,222.0,85.0,291.0,15.0,2.0,13.0,9.0,3.0,6.0,3.0,0.0,3.0,6.0,-1.0,7.0,0.78,0.67,0.83,127.0,42.0,170.0,0.41,0.2,0.46,2.0,0.0,2.0,2.0,2.0,0.0,0.0,-2.0,2.0,Split,258014,37:46,2026-04-16 07:15:00,https://www.vlr.gg/642944/edward-gaming-vs-xi-lai-gaming-vct-2026-china-stage-1-w3,VCT 2026: China Stage 1
XLG,Lysoar,Omen,1.17,1.45,1.04,259.0,332.0,223.0,17.0,7.0,10.0,13.0,4.0,9.0,11.0,7.0,4.0,4.0,3.0,1.0,0.78,1.0,0.67,162.0,172.0,157.0,0.24,0.08,0.43,1.0,1.0,0.0,1.0,0.0,1.0,0.0,1.0,-1.0,Split,258014,37:46,2026-04-16 07:15:00,https://www.vlr.gg/642944/edward-gaming-vs-xi-lai-gaming-vct-2026-china-stage-1-w3,VCT 2026: China Stage 1
XLG,WsLeo,Skye,1.04,1.75,0.69,160.0,224.0,128.0,10.0,5.0,5.0,8.0,1.0,7.0,6.0,4.0,2.0,2.0,4.0,-2.0,0.78,1.0,0.67,105.0,123.0,96.0,0.22,0.27,0.2,3.0,0.0,3.0,1.0,0.0,1.0,2.0,0.0,2.0,Split,258014,37:46,2026-04-16 07:15:00,https://www.vlr.gg/642944/edward-gaming-vs-xi-lai-gaming-vct-2026-china-stage-1-w3,VCT 2026: China Stage 1
XLG,Rarga,Neon,0.87,1.46,0.58,235.0,320.0,193.0,15.0,7.0,8.0,12.0,3.0,9.0,1.0,0.0,1.0,3.0,4.0,-1.0,0.78,0.83,0.75,140.0,196.0,112.0,0.1,0.17,0.06,4.0,2.0,2.0,1.0,0.0,1.0,3.0,2.0,1.0,Split,258014,37:46,2026-04-16 07:15:00,https://www.vlr.gg/642944/edward-gaming-vs-xi-lai-gaming-vct-2026-china-stage-1-w3,VCT 2026: China Stage 1
TYL,Erv,Waylay,1.22,0.93,1.53,268.0,211.0,330.0,22.0,9.0,13.0,16.0,8.0,8.0,5.0,3.0,2.0,6.0,1.0,5.0,0.74,0.58,0.91,187.0,153.0,224.0,0.35,0.31,0.39,1.0,1.0,0.0,3.0,1.0,2.0,-2.0,0.0,-2.0,Haven,258021,1:03:22,2026-04-18 05:00:00,https://www.vlr.gg/642947/tyloo-vs-dragon-ranger-gaming-vct-2026-china-stage-1-seeding,VCT 2026: China Stage 1
TYL,slowly,Omen,1.19,1.02,1.38,203.0,194.0,213.0,16.0,7.0,9.0,15.0,9.0,6.0,14.0,8.0,6.0,1.0,-2.0,3.0,0.83,0.75,0.91,130.0,130.0,130.0,0.22,0.15,0.33,1.0,0.0,1.0,1.0,0.0,1.0,0.0,0.0,0.0,Haven,258021,1:03:22,2026-04-18 05:00:00,https://www.vlr.gg/642947/tyloo-vs-dragon-ranger-gaming-vct-2026-china-stage-1-seeding,VCT 2026: China Stage 1
TYL,splash,Neon,1.11,1.39,0.81,262.0,312.0,207.0,20.0,13.0,7.0,18.0,7.0,11.0,7.0,4.0,3.0,2.0,6.0,-4.0,0.74,0.75,0.73,178.0,215.0,138.0,0.21,0.22,0.18,4.0,2.0,2.0,3.0,3.0,0.0,1.0,-1.0,2.0,Haven,258021,1:03:22,2026-04-18 05:00:00,https://www.vlr.gg/642947/tyloo-vs-dragon-ranger-gaming-vct-2026-china-stage-1-seeding,VCT 2026: China Stage 1
TYL,Scales,Cypher,1.0,1.23,0.75,168.0,191.0,143.0,14.0,9.0,5.0,13.0,7.0,6.0,4.0,1.0,3.0,1.0,2.0,-1.0,0.78,0.75,0.82,113.0,127.0,98.0,0.49,0.63,0.33,3.0,2.0,1.0,2.0,1.0,1.0,1.0,1.0,0.0,Haven,258021,1:03:22,2026-04-18 05:00:00,https://www.vlr.gg/642947/tyloo-vs-dragon-ranger-gaming-vct-2026-china-stage-1-seeding,VCT 2026: China Stage 1
TYL,sword9,Sova,0.95,0.8,1.11,162.0,117.0,211.0,13.0,6.0,7.0,14.0,7.0,7.0,8.0,2.0,6.0,-1.0,-1.0,0.0,0.78,0.83,0.73,107.0,79.0,138.0,0.19,0.17,0.21,4.0,1.0,3.0,1.0,1.0,0.0,3.0,0.0,3.0,Haven,258021,1:03:22,2026-04-18 05:00:00,https://www.vlr.gg/642947/tyloo-vs-dragon-ranger-gaming-vct-2026-china-stage-1-seeding,VCT 2026: China Stage 1
DRG,vo0kashu,Cypher,1.3,1.08,1.5,220.0,187.0,250.0,16.0,7.0,9.0,14.0,7.0,7.0,6.0,3.0,3.0,2.0,0.0,2.0,0.7,0.64,0.75,158.0,127.0,186.0,0.23,0.19,0.26,0.0,0.0,0.0,1.0,1.0,0.0,-1.0,-1.0,0.0,Haven,258021,1:03:22,2026-04-18 05:00:00,https://www.vlr.gg/642947/tyloo-vs-dragon-ranger-gaming-vct-2026-china-stage-1-seeding,VCT 2026: China Stage 1
DRG,Flex1n,Omen,1.11,1.15,1.08,201.0,204.0,198.0,16.0,7.0,9.0,16.0,8.0,8.0,12.0,9.0,3.0,0.0,-1.0,1.0,0.7,0.82,0.58,127.0,128.0,126.0,0.22,0.36,0.11,1.0,0.0,1.0,3.0,2.0,1.0,-2.0,-2.0,0.0,Haven,258021,1:03:22,2026-04-18 05:00:00,https://www.vlr.gg/642947/tyloo-vs-dragon-ranger-gaming-vct-2026-china-stage-1-seeding,VCT 2026: China Stage 1
DRG,Nicc,Skye,0.9,0.58,1.18,198.0,138.0,253.0,17.0,6.0,11.0,18.0,9.0,9.0,4.0,2.0,2.0,-1.0,-3.0,2.0,0.83,0.82,0.83,130.0,93.0,164.0,0.3,0.29,0.32,1.0,0.0,1.0,0.0,0.0,0.0,1.0,0.0,1.0,Haven,258021,1:03:22,2026-04-18 05:00:00,https://www.vlr.gg/642947/tyloo-vs-dragon-ranger-gaming-vct-2026-china-stage-1-seeding,VCT 2026: China Stage 1
DRG,Life,Neon,0.71,1.05,0.4,148.0,216.0,86.0,13.0,10.0,3.0,18.0,7.0,11.0,6.0,1.0,5.0,-5.0,3.0,-8.0,0.7,0.82,0.58,97.0,146.0,52.0,0.56,0.59,0.5,4.0,2.0,2.0,5.0,4.0,1.0,-1.0,-2.0,1.0,Haven,258021,1:03:22,2026-04-18 05:00:00,https://www.vlr.gg/642947/tyloo-vs-dragon-ranger-gaming-vct-2026-china-stage-1-seeding,VCT 2026: China Stage 1
DRG,SpiritZ1,Waylay,0.66,0.71,0.62,180.0,213.0,150.0,14.0,8.0,6.0,19.0,10.0,9.0,3.0,0.0,3.0,-5.0,-2.0,-3.0,0.52,0.64,0.42,104.0,114.0,95.0,0.35,0.3,0.46,4.0,2.0,2.0,4.0,0.0,4.0,0.0,2.0,-2.0,Haven,258021,1:03:22,2026-04-18 05:00:00,https://www.vlr.gg/642947/tyloo-vs-dragon-ranger-gaming-vct-2026-china-stage-1-seeding,VCT 2026: China Stage 1
TYL,Erv,Waylay,1.46,1.46,1.46,280.0,284.0,275.0,43.0,21.0,22.0,26.0,12.0,14.0,24.0,10.0,14.0,17.0,9.0,8.0,0.84,0.7,0.96,191.0,193.0,189.0,0.33,0.38,0.29,2.0,2.0,0.0,3.0,1.0,2.0,-1.0,1.0,-2.0,all,all,all,2026-04-18 05:00:00,https://www.vlr.gg/642947/tyloo-vs-dragon-ranger-gaming-vct-2026-china-stage-1-seeding,VCT 2026: China Stage 1
TYL,slowly,Omen,1.4,1.44,1.36,241.0,239.0,237.0,37.0,17.0,20.0,24.0,11.0,13.0,23.0,11.0,12.0,13.0,6.0,7.0,0.86,0.85,0.87,151.0,151.0,152.0,0.28,0.23,0.34,2.0,1.0,1.0,2.0,0.0,2.0,0.0,1.0,-1.0,all,all,all,2026-04-18 05:00:00,https://www.vlr.gg/642947/tyloo-vs-dragon-ranger-gaming-vct-2026-china-stage-1-seeding,VCT 2026: China Stage 1
TYL,splash,Neon,1.35,1.17,1.5,295.0,276.0,307.0,45.0,19.0,26.0,29.0,14.0,15.0,9.0,6.0,3.0,16.0,5.0,11.0,0.77,0.75,0.78,197.0,194.0,200.0,0.23,0.23,0.21,9.0,5.0,4.0,5.0,4.0,1.0,4.0,1.0,3.0,all,all,all,2026-04-18 05:00:00,https://www.vlr.gg/642947/tyloo-vs-dragon-ranger-gaming-vct-2026-china-stage-1-seeding,VCT 2026: China Stage 1
TYL,Scales,Cypher,0.85,1.02,0.7,149.0,173.0,130.0,23.0,13.0,10.0,26.0,13.0,13.0,10.0,5.0,5.0,-3.0,0.0,-3.0,0.81,0.8,0.83,99.0,111.0,89.0,0.39,0.56,0.29,6.0,3.0,3.0,5.0,2.0,3.0,1.0,1.0,0.0,all,all,all,2026-04-18 05:00:00,https://www.vlr.gg/642947/tyloo-vs-dragon-ranger-gaming-vct-2026-china-stage-1-seeding,VCT 2026: China Stage 1
TYL,sword9,Sova,0.79,0.83,0.76,146.0,122.0,169.0,22.0,10.0,12.0,27.0,11.0,16.0,13.0,4.0,9.0,-5.0,-1.0,-4.0,0.77,0.8,0.74,101.0,88.0,113.0,0.23,0.18,0.26,6.0,1.0,5.0,3.0,1.0,2.0,3.0,0.0,3.0,all,all,all,2026-04-18 05:00:00,https://www.vlr.gg/642947/tyloo-vs-dragon-ranger-gaming-vct-2026-china-stage-1-seeding,VCT 2026: China Stage 1
DRG,vo0kashu,Cypher,1.18,1.23,1.13,207.0,201.0,215.0,28.0,16.0,12.0,29.0,15.0,14.0,10.0,4.0,6.0,-1.0,1.0,-2.0,0.7,0.61,0.8,145.0,133.0,160.0,0.22,0.21,0.22,2.0,1.0,1.0,2.0,2.0,0.0,0.0,-1.0,1.0,all,all,all,2026-04-18 05:00:00,https://www.vlr.gg/642947/tyloo-vs-dragon-ranger-gaming-vct-2026-china-stage-1-seeding,VCT 2026: China Stage 1
DRG,Nicc,Skye,0.94,0.79,1.12,209.0,169.0,253.0,32.0,14.0,18.0,35.0,19.0,16.0,11.0,7.0,4.0,-3.0,-5.0,2.0,0.74,0.7,0.8,135.0,114.0,158.0,0.29,0.28,0.3,2.0,1.0,1.0,2.0,1.0,1.0,0.0,0.0,0.0,all,all,all,2026-04-18 05:00:00,https://www.vlr.gg/642947/tyloo-vs-dragon-ranger-gaming-vct-2026-china-stage-1-seeding,VCT 2026: China Stage 1
DRG,Flex1n,Omen,0.93,0.72,1.18,167.0,127.0,218.0,26.0,9.0,17.0,32.0,18.0,14.0,17.0,12.0,5.0,-6.0,-9.0,3.0,0.65,0.65,0.65,103.0,82.0,127.0,0.18,0.24,0.15,1.0,0.0,1.0,7.0,4.0,3.0,-6.0,-4.0,-2.0,all,all,all,2026-04-18 05:00:00,https://www.vlr.gg/642947/tyloo-vs-dragon-ranger-gaming-vct-2026-china-stage-1-seeding,VCT 2026: China Stage 1
DRG,SpiritZ1,Waylay,0.63,0.85,0.39,165.0,214.0,111.0,24.0,17.0,7.0,37.0,20.0,17.0,5.0,0.0,5.0,-13.0,-3.0,-10.0,0.53,0.61,0.45,98.0,119.0,74.0,0.33,0.32,0.37,8.0,5.0,3.0,7.0,1.0,6.0,1.0,4.0,-3.0,all,all,all,2026-04-18 05:00:00,https://www.vlr.gg/642947/tyloo-vs-dragon-ranger-gaming-vct-2026-china-stage-1-seeding,VCT 2026: China Stage 1
DRG,Life,Neon,0.61,0.77,0.42,145.0,177.0,107.0,22.0,15.0,7.0,37.0,18.0,19.0,9.0,4.0,5.0,-15.0,-3.0,-12.0,0.67,0.74,0.6,101.0,125.0,73.0,0.49,0.55,0.39,5.0,3.0,2.0,7.0,5.0,2.0,-2.0,-2.0,0.0,all,all,all,2026-04-18 05:00:00,https://www.vlr.gg/642947/tyloo-vs-dragon-ranger-gaming-vct-2026-china-stage-1-seeding,VCT 2026: China Stage 1
TYL,Erv,Kayo,1.74,2.26,1.4,292.0,394.0,224.0,21.0,12.0,9.0,10.0,4.0,6.0,19.0,7.0,12.0,11.0,8.0,3.0,0.95,0.88,1.0,195.0,252.0,157.0,0.31,0.48,0.22,1.0,1.0,0.0,0.0,0.0,0.0,1.0,1.0,0.0,Breeze,258022,41:29,2026-04-18 05:00:00,https://www.vlr.gg/642947/tyloo-vs-dragon-ranger-gaming-vct-2026-china-stage-1-seeding,VCT 2026: China Stage 1
TYL,slowly,Astra,1.63,2.08,1.33,278.0,307.0,259.0,21.0,10.0,11.0,9.0,2.0,7.0,9.0,3.0,6.0,12.0,8.0,4.0,0.9,1.0,0.83,176.0,183.0,171.0,0.34,0.33,0.34,1.0,1.0,0.0,1.0,0.0,1.0,0.0,1.0,-1.0,Breeze,258022,41:29,2026-04-18 05:00:00,https://www.vlr.gg/642947/tyloo-vs-dragon-ranger-gaming-vct-2026-china-stage-1-seeding,VCT 2026: China Stage 1
TYL,splash,Jett,1.62,0.85,2.14,328.0,222.0,399.0,25.0,6.0,19.0,11.0,7.0,4.0,2.0,2.0,0.0,14.0,-1.0,15.0,0.8,0.75,0.83,219.0,163.0,256.0,0.24,0.25,0.23,5.0,3.0,2.0,2.0,1.0,1.0,3.0,2.0,1.0,Breeze,258022,41:29,2026-04-18 05:00:00,https://www.vlr.gg/642947/tyloo-vs-dragon-ranger-gaming-vct-2026-china-stage-1-seeding,VCT 2026: China Stage 1
TYL,Scales,Viper,0.66,0.69,0.65,129.0,145.0,118.0,9.0,4.0,5.0,13.0,6.0,7.0,6.0,4.0,2.0,-4.0,-2.0,-2.0,0.85,0.88,0.83,83.0,87.0,80.0,0.29,0.38,0.23,3.0,1.0,2.0,3.0,1.0,2.0,0.0,0.0,0.0,Breeze,258022,41:29,2026-04-18 05:00:00,https://www.vlr.gg/642947/tyloo-vs-dragon-ranger-gaming-vct-2026-china-stage-1-seeding,VCT 2026: China Stage 1
TYL,sword9,Sova,0.62,0.88,0.44,130.0,130.0,130.0,9.0,4.0,5.0,13.0,4.0,9.0,5.0,2.0,3.0,-4.0,0.0,-4.0,0.75,0.75,0.75,95.0,101.0,91.0,0.26,0.2,0.33,2.0,0.0,2.0,2.0,0.0,2.0,0.0,0.0,0.0,Breeze,258022,41:29,2026-04-18 05:00:00,https://www.vlr.gg/642947/tyloo-vs-dragon-ranger-gaming-vct-2026-china-stage-1-seeding,VCT 2026: China Stage 1
DRG,vo0kashu,Viper,1.05,1.37,0.56,193.0,214.0,162.0,12.0,9.0,3.0,15.0,8.0,7.0,4.0,1.0,3.0,-3.0,1.0,-4.0,0.7,0.58,0.88,131.0,138.0,121.0,0.2,0.23,0.13,2.0,1.0,1.0,1.0,1.0,0.0,1.0,0.0,1.0,Breeze,258022,41:29,2026-04-18 05:00:00,https://www.vlr.gg/642947/tyloo-vs-dragon-ranger-gaming-vct-2026-china-stage-1-seeding,VCT 2026: China Stage 1
DRG,Nicc,Skye,1.0,0.98,1.02,219.0,197.0,252.0,15.0,8.0,7.0,17.0,10.0,7.0,7.0,5.0,2.0,-2.0,-2.0,0.0,0.65,0.58,0.75,140.0,134.0,149.0,0.27,0.26,0.29,1.0,1.0,0.0,2.0,1.0,1.0,-1.0,0.0,-1.0,Breeze,258022,41:29,2026-04-18 05:00:00,https://www.vlr.gg/642947/tyloo-vs-dragon-ranger-gaming-vct-2026-china-stage-1-seeding,VCT 2026: China Stage 1
DRG,Flex1n,Astra,0.72,0.32,1.33,133.0,56.0,249.0,10.0,2.0,8.0,16.0,10.0,6.0,5.0,3.0,2.0,-6.0,-8.0,2.0,0.6,0.5,0.75,75.0,40.0,128.0,0.13,0.0,0.21,0.0,0.0,0.0,4.0,2.0,2.0,-4.0,-2.0,-2.0,Breeze,258022,41:29,2026-04-18 05:00:00,https://www.vlr.gg/642947/tyloo-vs-dragon-ranger-gaming-vct-2026-china-stage-1-seeding,VCT 2026: China Stage 1
DRG,SpiritZ1,Waylay,0.6,0.98,0.04,150.0,214.0,54.0,10.0,9.0,1.0,18.0,10.0,8.0,2.0,0.0,2.0,-8.0,-1.0,-7.0,0.55,0.58,0.5,91.0,123.0,43.0,0.31,0.35,0.17,4.0,3.0,1.0,3.0,1.0,2.0,1.0,2.0,-1.0,Breeze,258022,41:29,2026-04-18 05:00:00,https://www.vlr.gg/642947/tyloo-vs-dragon-ranger-gaming-vct-2026-china-stage-1-seeding,VCT 2026: China Stage 1
DRG,Life,Neon,0.48,0.5,0.46,141.0,142.0,140.0,9.0,5.0,4.0,19.0,11.0,8.0,3.0,3.0,0.0,-10.0,-6.0,-4.0,0.65,0.67,0.63,105.0,105.0,105.0,0.42,0.5,0.3,1.0,1.0,0.0,2.0,1.0,1.0,-1.0,0.0,-1.0,Breeze,258022,41:29,2026-04-18 05:00:00,https://www.vlr.gg/642947/tyloo-vs-dragon-ranger-gaming-vct-2026-china-stage-1-seeding,VCT 2026: China Stage 1
JDG,stew,Brimstone,1.39,1.53,1.23,263.0,289.0,232.0,20.0,13.0,7.0,15.0,7.0,8.0,16.0,7.0,9.0,5.0,6.0,-1.0,0.91,0.92,0.9,169.0,188.0,146.0,0.39,0.48,0.31,2.0,1.0,1.0,2.0,1.0,1.0,0.0,0.0,0.0,Fracture,258018,1:04:49,2026-04-18 07:15:00,https://www.vlr.gg/642946/jdg-esports-vs-edward-gaming-vct-2026-china-stage-1-seeding,VCT 2026: China Stage 1
JDG,jkuro,Cypher,1.24,1.31,1.16,255.0,255.0,255.0,22.0,13.0,9.0,15.0,7.0,8.0,1.0,0.0,1.0,7.0,6.0,1.0,0.59,0.67,0.5,156.0,169.0,140.0,0.39,0.48,0.3,1.0,0.0,1.0,2.0,2.0,0.0,-1.0,-2.0,1.0,Fracture,258018,1:04:49,2026-04-18 07:15:00,https://www.vlr.gg/642946/jdg-esports-vs-edward-gaming-vct-2026-china-stage-1-seeding,VCT 2026: China Stage 1
JDG,zhe,Neon,1.21,0.73,1.78,238.0,201.0,282.0,19.0,9.0,10.0,15.0,10.0,5.0,7.0,2.0,5.0,4.0,-1.0,5.0,0.91,0.83,1.0,148.0,117.0,185.0,0.27,0.23,0.3,6.0,4.0,2.0,3.0,1.0,2.0,3.0,3.0,0.0,Fracture,258018,1:04:49,2026-04-18 07:15:00,https://www.vlr.gg/642946/jdg-esports-vs-edward-gaming-vct-2026-china-stage-1-seeding,VCT 2026: China Stage 1
JDG,Yuicaw,Waylay,0.89,1.06,0.68,177.0,204.0,145.0,14.0,9.0,5.0,15.0,7.0,8.0,9.0,6.0,3.0,-1.0,2.0,-3.0,0.73,0.92,0.5,127.0,155.0,93.0,0.39,0.36,0.46,3.0,2.0,1.0,2.0,0.0,2.0,1.0,2.0,-1.0,Fracture,258018,1:04:49,2026-04-18 07:15:00,https://www.vlr.gg/642946/jdg-esports-vs-edward-gaming-vct-2026-china-stage-1-seeding,VCT 2026: China Stage 1
JDG,coconut,Skye,0.89,1.15,0.59,182.0,218.0,139.0,13.0,8.0,5.0,16.0,7.0,9.0,16.0,11.0,5.0,-3.0,1.0,-4.0,0.91,1.0,0.8,125.0,156.0,88.0,0.22,0.19,0.27,0.0,0.0,0.0,1.0,1.0,0.0,-1.0,-1.0,0.0,Fracture,258018,1:04:49,2026-04-18 07:15:00,https://www.vlr.gg/642946/jdg-esports-vs-edward-gaming-vct-2026-china-stage-1-seeding,VCT 2026: China Stage 1
EDG,Smoggy,Brimstone,1.23,1.59,0.92,236.0,300.0,183.0,18.0,11.0,7.0,15.0,6.0,9.0,9.0,5.0,4.0,3.0,5.0,-2.0,0.77,0.8,0.75,150.0,188.0,118.0,0.4,0.32,0.57,3.0,2.0,1.0,1.0,0.0,1.0,2.0,2.0,0.0,Fracture,258018,1:04:49,2026-04-18 07:15:00,https://www.vlr.gg/642946/jdg-esports-vs-edward-gaming-vct-2026-china-stage-1-seeding,VCT 2026: China Stage 1
EDG,ZmjjKK,Waylay,1.07,0.95,1.16,223.0,205.0,238.0,17.0,7.0,10.0,16.0,7.0,9.0,3.0,2.0,1.0,1.0,0.0,1.0,0.64,0.7,0.58,157.0,154.0,160.0,0.24,0.17,0.3,2.0,1.0,1.0,3.0,1.0,2.0,-1.0,0.0,-1.0,Fracture,258018,1:04:49,2026-04-18 07:15:00,https://www.vlr.gg/642946/jdg-esports-vs-edward-gaming-vct-2026-china-stage-1-seeding,VCT 2026: China Stage 1
EDG,Jieni7,Neon,1.02,1.11,0.95,226.0,216.0,234.0,17.0,7.0,10.0,19.0,7.0,12.0,3.0,2.0,1.0,-2.0,0.0,-2.0,0.82,0.8,0.83,139.0,147.0,132.0,0.23,0.27,0.21,1.0,0.0,1.0,0.0,0.0,0.0,1.0,0.0,1.0,Fracture,258018,1:04:49,2026-04-18 07:15:00,https://www.vlr.gg/642946/jdg-esports-vs-edward-gaming-vct-2026-china-stage-1-seeding,VCT 2026: China Stage 1
EDG,CHICHOO,Cypher,0.68,0.84,0.55,203.0,254.0,161.0,14.0,8.0,6.0,20.0,9.0,11.0,5.0,4.0,1.0,-6.0,-1.0,-5.0,0.73,0.8,0.67,127.0,170.0,91.0,0.24,0.22,0.26,3.0,2.0,1.0,4.0,1.0,3.0,-1.0,1.0,-2.0,Fracture,258018,1:04:49,2026-04-18 07:15:00,https://www.vlr.gg/642946/jdg-esports-vs-edward-gaming-vct-2026-china-stage-1-seeding,VCT 2026: China Stage 1
EDG,nobody,Skye,0.64,0.5,0.76,129.0,117.0,139.0,10.0,5.0,5.0,18.0,7.0,11.0,9.0,6.0,3.0,-8.0,-2.0,-6.0,0.68,0.7,0.67,88.0,65.0,107.0,0.24,0.0,0.53,1.0,0.0,1.0,4.0,3.0,1.0,-3.0,-3.0,0.0,Fracture,258018,1:04:49,2026-04-18 07:15:00,https://www.vlr.gg/642946/jdg-esports-vs-edward-gaming-vct-2026-china-stage-1-seeding,VCT 2026: China Stage 1
JDG,stew,Brimstone,1.22,1.25,1.2,242.0,224.0,272.0,60.0,29.0,31.0,50.0,22.0,28.0,35.0,14.0,21.0,10.0,7.0,3.0,0.81,0.85,0.77,155.0,143.0,167.0,0.41,0.45,0.35,4.0,1.0,3.0,3.0,1.0,2.0,1.0,0.0,1.0,all,all,all,2026-04-18 07:15:00,https://www.vlr.gg/642946/jdg-esports-vs-edward-gaming-vct-2026-china-stage-1-seeding,VCT 2026: China Stage 1
JDG,zhe,Neon,1.21,0.92,1.5,244.0,221.0,270.0,60.0,27.0,33.0,46.0,27.0,19.0,16.0,5.0,11.0,14.0,0.0,14.0,0.78,0.74,0.83,150.0,129.0,171.0,0.31,0.34,0.3,15.0,8.0,7.0,8.0,5.0,3.0,7.0,3.0,4.0,all,all,all,2026-04-18 07:15:00,https://www.vlr.gg/642946/jdg-esports-vs-edward-gaming-vct-2026-china-stage-1-seeding,VCT 2026: China Stage 1
JDG,jkuro,Cypher,1.04,1.03,1.05,206.0,203.0,211.0,53.0,26.0,27.0,46.0,22.0,24.0,16.0,6.0,10.0,7.0,4.0,3.0,0.64,0.62,0.66,128.0,129.0,126.0,0.34,0.38,0.31,3.0,0.0,3.0,9.0,5.0,4.0,-6.0,-5.0,-1.0,all,all,all,2026-04-18 07:15:00,https://www.vlr.gg/642946/jdg-esports-vs-edward-gaming-vct-2026-china-stage-1-seeding,VCT 2026: China Stage 1
JDG,Yuicaw,Waylay,0.79,0.65,0.93,170.0,141.0,186.0,39.0,16.0,23.0,49.0,25.0,24.0,17.0,6.0,11.0,-10.0,-9.0,-1.0,0.65,0.68,0.63,108.0,105.0,111.0,0.33,0.33,0.33,9.0,4.0,5.0,13.0,6.0,7.0,-4.0,-2.0,-2.0,all,all,all,2026-04-18 07:15:00,https://www.vlr.gg/642946/jdg-esports-vs-edward-gaming-vct-2026-china-stage-1-seeding,VCT 2026: China Stage 1
JDG,coconut,Skye,0.73,0.88,0.59,131.0,146.0,109.0,27.0,15.0,12.0,48.0,21.0,27.0,38.0,22.0,16.0,-21.0,-6.0,-15.0,0.71,0.74,0.69,89.0,102.0,76.0,0.21,0.18,0.26,0.0,0.0,0.0,5.0,4.0,1.0,-5.0,-4.0,-1.0,all,all,all,2026-04-18 07:15:00,https://www.vlr.gg/642946/jdg-esports-vs-edward-gaming-vct-2026-china-stage-1-seeding,VCT 2026: China Stage 1
EDG,Smoggy,Brimstone,1.31,1.35,1.28,236.0,254.0,225.0,58.0,31.0,27.0,45.0,25.0,20.0,28.0,16.0,12.0,13.0,6.0,7.0,0.75,0.74,0.76,156.0,160.0,152.0,0.31,0.35,0.25,11.0,7.0,4.0,1.0,0.0,1.0,10.0,7.0,3.0,all,all,all,2026-04-18 07:15:00,https://www.vlr.gg/642946/jdg-esports-vs-edward-gaming-vct-2026-china-stage-1-seeding,VCT 2026: China Stage 1
EDG,ZmjjKK,Waylay,1.12,1.07,1.17,227.0,234.0,226.0,57.0,30.0,27.0,46.0,25.0,21.0,6.0,3.0,3.0,11.0,5.0,6.0,0.61,0.6,0.62,152.0,159.0,145.0,0.3,0.28,0.32,13.0,6.0,7.0,12.0,7.0,5.0,1.0,-1.0,2.0,all,all,all,2026-04-18 07:15:00,https://www.vlr.gg/642946/jdg-esports-vs-edward-gaming-vct-2026-china-stage-1-seeding,VCT 2026: China Stage 1
EDG,CHICHOO,Cypher,0.97,1.09,0.85,194.0,226.0,155.0,44.0,27.0,17.0,48.0,25.0,23.0,20.0,7.0,13.0,-4.0,2.0,-6.0,0.75,0.71,0.79,121.0,144.0,96.0,0.21,0.24,0.16,5.0,3.0,2.0,9.0,4.0,5.0,-4.0,-1.0,-3.0,all,all,all,2026-04-18 07:15:00,https://www.vlr.gg/642946/jdg-esports-vs-edward-gaming-vct-2026-china-stage-1-seeding,VCT 2026: China Stage 1
EDG,nobody,Skye,0.89,0.66,1.12,170.0,132.0,210.0,39.0,16.0,23.0,51.0,26.0,25.0,39.0,20.0,19.0,-12.0,-10.0,-2.0,0.68,0.66,0.71,111.0,90.0,134.0,0.31,0.23,0.4,4.0,0.0,4.0,5.0,4.0,1.0,-1.0,-4.0,3.0,all,all,all,2026-04-18 07:15:00,https://www.vlr.gg/642946/jdg-esports-vs-edward-gaming-vct-2026-china-stage-1-seeding,VCT 2026: China Stage 1
EDG,Jieni7,Neon,0.88,0.79,0.97,182.0,154.0,196.0,41.0,18.0,23.0,49.0,25.0,24.0,17.0,9.0,8.0,-8.0,-7.0,-1.0,0.75,0.69,0.82,114.0,106.0,121.0,0.18,0.22,0.2,5.0,1.0,4.0,4.0,3.0,1.0,1.0,-2.0,3.0,all,all,all,2026-04-18 07:15:00,https://www.vlr.gg/642946/jdg-esports-vs-edward-gaming-vct-2026-china-stage-1-seeding,VCT 2026: China Stage 1
JDG,Yuicaw,Waylay,1.08,0.27,1.68,250.0,92.0,369.0,18.0,2.0,16.0,16.0,8.0,8.0,3.0,0.0,3.0,2.0,-6.0,8.0,0.67,0.44,0.83,143.0,64.0,202.0,0.28,0.08,0.35,4.0,0.0,4.0,4.0,3.0,1.0,0.0,-3.0,3.0,Haven,258019,41:10,2026-04-18 07:15:00,https://www.vlr.gg/642946/jdg-esports-vs-edward-gaming-vct-2026-china-stage-1-seeding,VCT 2026: China Stage 1
JDG,zhe,Neon,1.03,0.71,1.27,228.0,184.0,261.0,17.0,6.0,11.0,16.0,8.0,8.0,2.0,0.0,2.0,1.0,-2.0,3.0,0.62,0.44,0.75,141.0,100.0,172.0,0.33,0.4,0.27,5.0,2.0,3.0,2.0,2.0,0.0,3.0,0.0,3.0,Haven,258019,41:10,2026-04-18 07:15:00,https://www.vlr.gg/642946/jdg-esports-vs-edward-gaming-vct-2026-china-stage-1-seeding,VCT 2026: China Stage 1
JDG,jkuro,Cypher,0.85,0.62,1.02,154.0,133.0,170.0,12.0,4.0,8.0,14.0,7.0,7.0,6.0,1.0,5.0,-2.0,-3.0,1.0,0.71,0.56,0.83,108.0,78.0,131.0,0.26,0.27,0.25,1.0,0.0,1.0,2.0,1.0,1.0,-1.0,-1.0,0.0,Haven,258019,41:10,2026-04-18 07:15:00,https://www.vlr.gg/642946/jdg-esports-vs-edward-gaming-vct-2026-china-stage-1-seeding,VCT 2026: China Stage 1
JDG,coconut,Sova,0.72,0.62,0.79,135.0,129.0,140.0,8.0,3.0,5.0,15.0,7.0,8.0,5.0,1.0,4.0,-7.0,-4.0,-3.0,0.67,0.56,0.75,106.0,96.0,114.0,0.28,0.21,0.33,0.0,0.0,0.0,2.0,1.0,1.0,-2.0,-1.0,-1.0,Haven,258019,41:10,2026-04-18 07:15:00,https://www.vlr.gg/642946/jdg-esports-vs-edward-gaming-vct-2026-china-stage-1-seeding,VCT 2026: China Stage 1
JDG,stew,Omen,0.7,1.01,0.46,136.0,173.0,108.0,9.0,6.0,3.0,18.0,7.0,11.0,14.0,3.0,11.0,-9.0,-1.0,-8.0,0.76,0.89,0.67,82.0,103.0,66.0,0.46,0.8,0.21,0.0,0.0,0.0,1.0,0.0,1.0,-1.0,0.0,-1.0,Haven,258019,41:10,2026-04-18 07:15:00,https://www.vlr.gg/642946/jdg-esports-vs-edward-gaming-vct-2026-china-stage-1-seeding,VCT 2026: China Stage 1
EDG,CHICHOO,Omen,1.46,1.54,1.34,230.0,280.0,163.0,18.0,12.0,6.0,11.0,7.0,4.0,8.0,2.0,6.0,7.0,5.0,2.0,0.86,0.83,0.89,126.0,160.0,81.0,0.24,0.28,0.15,0.0,0.0,0.0,1.0,1.0,0.0,-1.0,-1.0,0.0,Haven,258019,41:10,2026-04-18 07:15:00,https://www.vlr.gg/642946/jdg-esports-vs-edward-gaming-vct-2026-china-stage-1-seeding,VCT 2026: China Stage 1
EDG,Smoggy,Phoenix,1.23,1.06,1.45,190.0,182.0,201.0,15.0,8.0,7.0,12.0,9.0,3.0,8.0,4.0,4.0,3.0,-1.0,4.0,0.76,0.75,0.78,131.0,126.0,138.0,0.26,0.36,0.16,1.0,1.0,0.0,0.0,0.0,0.0,1.0,1.0,0.0,Haven,258019,41:10,2026-04-18 07:15:00,https://www.vlr.gg/642946/jdg-esports-vs-edward-gaming-vct-2026-china-stage-1-seeding,VCT 2026: China Stage 1
EDG,Jieni7,Neon,1.17,0.88,1.56,248.0,188.0,328.0,19.0,8.0,11.0,14.0,9.0,5.0,8.0,4.0,4.0,5.0,-1.0,6.0,0.71,0.67,0.78,161.0,129.0,204.0,0.23,0.24,0.23,2.0,0.0,2.0,3.0,2.0,1.0,-1.0,-2.0,1.0,Haven,258019,41:10,2026-04-18 07:15:00,https://www.vlr.gg/642946/jdg-esports-vs-edward-gaming-vct-2026-china-stage-1-seeding,VCT 2026: China Stage 1
EDG,nobody,Fade,1.0,0.9,1.13,186.0,161.0,219.0,12.0,6.0,6.0,14.0,9.0,5.0,15.0,8.0,7.0,-2.0,-3.0,1.0,0.67,0.67,0.67,125.0,124.0,126.0,0.41,0.38,0.47,2.0,0.0,2.0,0.0,0.0,0.0,2.0,0.0,2.0,Haven,258019,41:10,2026-04-18 07:15:00,https://www.vlr.gg/642946/jdg-esports-vs-edward-gaming-vct-2026-china-stage-1-seeding,VCT 2026: China Stage 1
EDG,ZmjjKK,Chamber,0.87,0.65,1.15,189.0,171.0,213.0,15.0,8.0,7.0,13.0,9.0,4.0,1.0,0.0,1.0,2.0,-1.0,3.0,0.57,0.42,0.78,112.0,107.0,119.0,0.35,0.14,0.58,6.0,3.0,3.0,6.0,5.0,1.0,0.0,-2.0,2.0,Haven,258019,41:10,2026-04-18 07:15:00,https://www.vlr.gg/642946/jdg-esports-vs-edward-gaming-vct-2026-china-stage-1-seeding,VCT 2026: China Stage 1
JDG,stew,Omen,1.51,1.16,1.85,327.0,199.0,455.0,31.0,10.0,21.0,17.0,8.0,9.0,5.0,4.0,1.0,14.0,2.0,12.0,0.77,0.77,0.77,202.0,129.0,275.0,0.38,0.31,0.42,2.0,0.0,2.0,0.0,0.0,0.0,2.0,0.0,2.0,Bind,258020,1:00:28,2026-04-18 07:15:00,https://www.vlr.gg/642946/jdg-esports-vs-edward-gaming-vct-2026-china-stage-1-seeding,VCT 2026: China Stage 1
JDG,zhe,Neon,1.36,1.24,1.48,266.0,264.0,268.0,24.0,12.0,12.0,15.0,9.0,6.0,7.0,3.0,4.0,9.0,3.0,6.0,0.81,0.85,0.77,160.0,160.0,160.0,0.33,0.38,0.31,4.0,2.0,2.0,3.0,2.0,1.0,1.0,0.0,1.0,Bind,258020,1:00:28,2026-04-18 07:15:00,https://www.vlr.gg/642946/jdg-esports-vs-edward-gaming-vct-2026-china-stage-1-seeding,VCT 2026: China Stage 1
JDG,jkuro,Brimstone,1.02,1.04,1.0,210.0,204.0,216.0,19.0,9.0,10.0,17.0,8.0,9.0,9.0,5.0,4.0,2.0,1.0,1.0,0.62,0.62,0.62,120.0,128.0,112.0,0.36,0.33,0.38,1.0,0.0,1.0,5.0,2.0,3.0,-4.0,-2.0,-2.0,Bind,258020,1:00:28,2026-04-18 07:15:00,https://www.vlr.gg/642946/jdg-esports-vs-edward-gaming-vct-2026-china-stage-1-seeding,VCT 2026: China Stage 1
JDG,coconut,Skye,0.61,0.81,0.4,75.0,92.0,58.0,6.0,4.0,2.0,17.0,7.0,10.0,17.0,10.0,7.0,-11.0,-3.0,-8.0,0.58,0.62,0.54,44.0,55.0,33.0,0.12,0.13,0.1,0.0,0.0,0.0,2.0,2.0,0.0,-2.0,-2.0,0.0,Bind,258020,1:00:28,2026-04-18 07:15:00,https://www.vlr.gg/642946/jdg-esports-vs-edward-gaming-vct-2026-china-stage-1-seeding,VCT 2026: China Stage 1
JDG,Yuicaw,Waylay,0.48,0.53,0.44,84.0,118.0,50.0,7.0,5.0,2.0,18.0,10.0,8.0,5.0,0.0,5.0,-11.0,-5.0,-6.0,0.58,0.62,0.54,63.0,87.0,39.0,0.32,0.5,0.09,2.0,2.0,0.0,7.0,3.0,4.0,-5.0,-1.0,-4.0,Bind,258020,1:00:28,2026-04-18 07:15:00,https://www.vlr.gg/642946/jdg-esports-vs-edward-gaming-vct-2026-china-stage-1-seeding,VCT 2026: China Stage 1
EDG,Smoggy,Brimstone,1.45,1.42,1.49,282.0,284.0,280.0,25.0,12.0,13.0,18.0,10.0,8.0,11.0,7.0,4.0,7.0,2.0,5.0,0.73,0.69,0.77,182.0,170.0,194.0,0.26,0.37,0.21,7.0,4.0,3.0,0.0,0.0,0.0,7.0,4.0,3.0,Bind,258020,1:00:28,2026-04-18 07:15:00,https://www.vlr.gg/642946/jdg-esports-vs-edward-gaming-vct-2026-china-stage-1-seeding,VCT 2026: China Stage 1
EDG,ZmjjKK,Waylay,1.37,1.54,1.19,269.0,314.0,224.0,25.0,15.0,10.0,17.0,9.0,8.0,2.0,1.0,1.0,8.0,6.0,2.0,0.62,0.69,0.54,180.0,211.0,149.0,0.32,0.41,0.21,5.0,2.0,3.0,3.0,1.0,2.0,2.0,1.0,1.0,Bind,258020,1:00:28,2026-04-18 07:15:00,https://www.vlr.gg/642946/jdg-esports-vs-edward-gaming-vct-2026-china-stage-1-seeding,VCT 2026: China Stage 1
EDG,nobody,Kayo,1.0,0.56,1.44,194.0,118.0,270.0,17.0,5.0,12.0,19.0,10.0,9.0,15.0,6.0,9.0,-2.0,-5.0,3.0,0.69,0.62,0.77,120.0,77.0,163.0,0.29,0.29,0.3,1.0,0.0,1.0,1.0,1.0,0.0,0.0,-1.0,1.0,Bind,258020,1:00:28,2026-04-18 07:15:00,https://www.vlr.gg/642946/jdg-esports-vs-edward-gaming-vct-2026-china-stage-1-seeding,VCT 2026: China Stage 1
EDG,CHICHOO,Viper,0.82,0.85,0.78,149.0,154.0,144.0,12.0,7.0,5.0,17.0,9.0,8.0,7.0,1.0,6.0,-5.0,-2.0,-3.0,0.69,0.54,0.85,111.0,110.0,112.0,0.15,0.22,0.09,2.0,1.0,1.0,4.0,2.0,2.0,-2.0,-1.0,-1.0,Bind,258020,1:00:28,2026-04-18 07:15:00,https://www.vlr.gg/642946/jdg-esports-vs-edward-gaming-vct-2026-china-stage-1-seeding,VCT 2026: China Stage 1
EDG,Jieni7,Gekko,0.52,0.47,0.58,73.0,76.0,70.0,5.0,3.0,2.0,16.0,9.0,7.0,6.0,3.0,3.0,-11.0,-6.0,-5.0,0.73,0.62,0.85,54.0,54.0,54.0,0.09,0.07,0.1,2.0,1.0,1.0,1.0,1.0,0.0,1.0,0.0,1.0,Bind,258020,1:00:28,2026-04-18 07:15:00,https://www.vlr.gg/642946/jdg-esports-vs-edward-gaming-vct-2026-china-stage-1-seeding,VCT 2026: China Stage 1
AG,iamgrq,Omen,1.83,1.24,2.27,337.0,241.0,409.0,26.0,7.0,19.0,12.0,6.0,6.0,12.0,6.0,6.0,14.0,1.0,13.0,0.9,0.89,0.92,205.0,160.0,239.0,0.23,0.18,0.27,1.0,0.0,1.0,0.0,0.0,0.0,1.0,0.0,1.0,Lotus,258015,1:04:23,2026-04-19 08:25:00,https://www.vlr.gg/642945/all-gamers-vs-xi-lai-gaming-vct-2026-china-stage-1-seeding,VCT 2026: China Stage 1
AG,f4ngeer,Waylay,1.29,1.31,1.27,267.0,268.0,266.0,18.0,8.0,10.0,15.0,6.0,9.0,9.0,4.0,5.0,3.0,2.0,1.0,0.62,0.67,0.58,181.0,176.0,185.0,0.41,0.35,0.48,3.0,2.0,1.0,1.0,0.0,1.0,2.0,2.0,0.0,Lotus,258015,1:04:23,2026-04-19 08:25:00,https://www.vlr.gg/642945/all-gamers-vs-xi-lai-gaming-vct-2026-china-stage-1-seeding,VCT 2026: China Stage 1
AG,Shr1mp,Fade,1.26,1.6,1.01,183.0,220.0,155.0,15.0,8.0,7.0,9.0,3.0,6.0,3.0,1.0,2.0,6.0,5.0,1.0,0.86,0.89,0.83,108.0,137.0,86.0,0.32,0.33,0.3,2.0,1.0,1.0,2.0,0.0,2.0,0.0,1.0,-1.0,Lotus,258015,1:04:23,2026-04-19 08:25:00,https://www.vlr.gg/642945/all-gamers-vs-xi-lai-gaming-vct-2026-china-stage-1-seeding,VCT 2026: China Stage 1
AG,Youze,Neon,1.0,1.13,0.9,192.0,235.0,160.0,13.0,7.0,6.0,13.0,5.0,8.0,8.0,3.0,5.0,0.0,2.0,-2.0,0.81,0.67,0.92,124.0,144.0,109.0,0.23,0.29,0.17,3.0,1.0,2.0,4.0,3.0,1.0,-1.0,-2.0,1.0,Lotus,258015,1:04:23,2026-04-19 08:25:00,https://www.vlr.gg/642945/all-gamers-vs-xi-lai-gaming-vct-2026-china-stage-1-seeding,VCT 2026: China Stage 1
AG,K1ra,Cypher,0.88,1.11,0.71,179.0,192.0,169.0,13.0,6.0,7.0,13.0,4.0,9.0,4.0,1.0,3.0,0.0,2.0,-2.0,0.71,0.67,0.75,119.0,141.0,103.0,0.15,0.21,0.1,3.0,1.0,2.0,2.0,1.0,1.0,1.0,0.0,1.0,Lotus,258015,1:04:23,2026-04-19 08:25:00,https://www.vlr.gg/642945/all-gamers-vs-xi-lai-gaming-vct-2026-china-stage-1-seeding,VCT 2026: China Stage 1
XLG,Lysoar,Omen,1.33,1.32,1.36,270.0,289.0,245.0,19.0,12.0,7.0,16.0,10.0,6.0,8.0,6.0,2.0,3.0,2.0,1.0,0.71,0.67,0.78,185.0,195.0,172.0,0.25,0.2,0.36,6.0,3.0,3.0,3.0,1.0,2.0,3.0,2.0,1.0,Lotus,258015,1:04:23,2026-04-19 08:25:00,https://www.vlr.gg/642945/all-gamers-vs-xi-lai-gaming-vct-2026-china-stage-1-seeding,VCT 2026: China Stage 1
XLG,happywei,Viper,1.15,0.85,1.55,206.0,166.0,259.0,16.0,8.0,8.0,14.0,8.0,6.0,5.0,2.0,3.0,2.0,0.0,2.0,0.76,0.75,0.78,122.0,89.0,166.0,0.41,0.45,0.38,0.0,0.0,0.0,2.0,2.0,0.0,-2.0,-2.0,0.0,Lotus,258015,1:04:23,2026-04-19 08:25:00,https://www.vlr.gg/642945/all-gamers-vs-xi-lai-gaming-vct-2026-china-stage-1-seeding,VCT 2026: China Stage 1
XLG,NoMan,Waylay,0.54,0.79,0.2,132.0,171.0,80.0,10.0,7.0,3.0,17.0,9.0,8.0,4.0,4.0,0.0,-7.0,-2.0,-5.0,0.57,0.67,0.44,85.0,118.0,41.0,0.28,0.24,0.6,1.0,1.0,0.0,4.0,3.0,1.0,-3.0,-2.0,-1.0,Lotus,258015,1:04:23,2026-04-19 08:25:00,https://www.vlr.gg/642945/all-gamers-vs-xi-lai-gaming-vct-2026-china-stage-1-seeding,VCT 2026: China Stage 1
XLG,Rarga,Neon,0.51,0.54,0.47,179.0,180.0,178.0,12.0,7.0,5.0,20.0,12.0,8.0,4.0,2.0,2.0,-8.0,-5.0,-3.0,0.62,0.75,0.44,116.0,123.0,107.0,0.22,0.29,0.14,2.0,1.0,1.0,2.0,1.0,1.0,0.0,0.0,0.0,Lotus,258015,1:04:23,2026-04-19 08:25:00,https://www.vlr.gg/642945/all-gamers-vs-xi-lai-gaming-vct-2026-china-stage-1-seeding,VCT 2026: China Stage 1
XLG,WsLeo,Skye,0.39,0.48,0.26,97.0,101.0,92.0,5.0,4.0,1.0,18.0,10.0,8.0,11.0,6.0,5.0,-13.0,-6.0,-7.0,0.76,0.75,0.78,72.0,63.0,84.0,0.14,0.11,0.18,0.0,0.0,0.0,1.0,0.0,1.0,-1.0,0.0,-1.0,Lotus,258015,1:04:23,2026-04-19 08:25:00,https://www.vlr.gg/642945/all-gamers-vs-xi-lai-gaming-vct-2026-china-stage-1-seeding,VCT 2026: China Stage 1
AG,iamgrq,Omen,1.18,1.02,1.36,219.0,198.0,252.0,48.0,21.0,27.0,43.0,26.0,17.0,30.0,17.0,13.0,5.0,-5.0,10.0,0.82,0.79,0.85,131.0,124.0,138.0,0.27,0.24,0.28,1.0,0.0,1.0,5.0,2.0,3.0,-4.0,-2.0,-2.0,all,all,all,2026-04-19 08:25:00,https://www.vlr.gg/642945/all-gamers-vs-xi-lai-gaming-vct-2026-china-stage-1-seeding,VCT 2026: China Stage 1
AG,Shr1mp,Fade,1.07,1.06,1.09,200.0,168.0,236.0,41.0,19.0,22.0,39.0,21.0,18.0,16.0,10.0,6.0,2.0,-2.0,4.0,0.68,0.64,0.74,118.0,105.0,134.0,0.25,0.26,0.23,3.0,1.0,2.0,3.0,0.0,3.0,0.0,1.0,-1.0,all,all,all,2026-04-19 08:25:00,https://www.vlr.gg/642945/all-gamers-vs-xi-lai-gaming-vct-2026-china-stage-1-seeding,VCT 2026: China Stage 1
AG,f4ngeer,Waylay,0.98,0.87,1.11,219.0,204.0,235.0,42.0,22.0,20.0,47.0,27.0,20.0,15.0,7.0,8.0,-5.0,-5.0,0.0,0.58,0.58,0.59,139.0,129.0,152.0,0.39,0.4,0.36,9.0,6.0,3.0,7.0,5.0,2.0,2.0,1.0,1.0,all,all,all,2026-04-19 08:25:00,https://www.vlr.gg/642945/all-gamers-vs-xi-lai-gaming-vct-2026-china-stage-1-seeding,VCT 2026: China Stage 1
AG,K1ra,Cypher,0.94,1.05,0.8,192.0,199.0,188.0,38.0,22.0,16.0,44.0,23.0,21.0,13.0,5.0,8.0,-6.0,-1.0,-5.0,0.72,0.67,0.78,129.0,133.0,126.0,0.18,0.22,0.12,7.0,3.0,4.0,5.0,3.0,2.0,2.0,0.0,2.0,all,all,all,2026-04-19 08:25:00,https://www.vlr.gg/642945/all-gamers-vs-xi-lai-gaming-vct-2026-china-stage-1-seeding,VCT 2026: China Stage 1
AG,Youze,Neon,0.83,0.93,0.71,172.0,204.0,138.0,35.0,22.0,13.0,44.0,25.0,19.0,14.0,7.0,7.0,-9.0,-3.0,-6.0,0.65,0.61,0.7,110.0,125.0,90.0,0.24,0.28,0.19,6.0,3.0,3.0,14.0,10.0,4.0,-8.0,-7.0,-1.0,all,all,all,2026-04-19 08:25:00,https://www.vlr.gg/642945/all-gamers-vs-xi-lai-gaming-vct-2026-china-stage-1-seeding,VCT 2026: China Stage 1
XLG,happywei,Viper,1.27,1.22,1.32,230.0,216.0,244.0,52.0,23.0,29.0,36.0,17.0,19.0,17.0,6.0,11.0,16.0,6.0,10.0,0.78,0.74,0.82,148.0,132.0,161.0,0.35,0.29,0.38,7.0,3.0,4.0,6.0,2.0,4.0,1.0,1.0,0.0,all,all,all,2026-04-19 08:25:00,https://www.vlr.gg/642945/all-gamers-vs-xi-lai-gaming-vct-2026-china-stage-1-seeding,VCT 2026: China Stage 1
XLG,Lysoar,Omen,1.19,1.32,1.09,223.0,245.0,205.0,47.0,24.0,23.0,40.0,19.0,21.0,27.0,17.0,10.0,7.0,5.0,2.0,0.8,0.81,0.79,156.0,167.0,146.0,0.26,0.21,0.29,7.0,4.0,3.0,5.0,2.0,3.0,2.0,2.0,0.0,all,all,all,2026-04-19 08:25:00,https://www.vlr.gg/642945/all-gamers-vs-xi-lai-gaming-vct-2026-china-stage-1-seeding,VCT 2026: China Stage 1
XLG,NoMan,Waylay,0.9,0.87,0.93,183.0,164.0,191.0,40.0,16.0,24.0,40.0,18.0,22.0,13.0,7.0,6.0,0.0,-2.0,2.0,0.73,0.78,0.7,110.0,105.0,115.0,0.31,0.28,0.32,9.0,3.0,6.0,9.0,6.0,3.0,0.0,-3.0,3.0,all,all,all,2026-04-19 08:25:00,https://www.vlr.gg/642945/all-gamers-vs-xi-lai-gaming-vct-2026-china-stage-1-seeding,VCT 2026: China Stage 1
XLG,Rarga,Neon,0.88,0.83,0.93,225.0,205.0,237.0,45.0,19.0,26.0,47.0,24.0,23.0,12.0,5.0,7.0,-2.0,-5.0,3.0,0.7,0.81,0.61,132.0,124.0,139.0,0.19,0.26,0.13,10.0,4.0,6.0,5.0,3.0,2.0,5.0,1.0,4.0,all,all,all,2026-04-19 08:25:00,https://www.vlr.gg/642945/all-gamers-vs-xi-lai-gaming-vct-2026-china-stage-1-seeding,VCT 2026: China Stage 1
XLG,WsLeo,Skye,0.82,0.77,0.87,168.0,149.0,185.0,33.0,13.0,20.0,41.0,20.0,21.0,26.0,14.0,12.0,-8.0,-7.0,-1.0,0.73,0.74,0.73,113.0,94.0,129.0,0.23,0.21,0.27,1.0,0.0,1.0,1.0,0.0,1.0,0.0,0.0,0.0,all,all,all,2026-04-19 08:25:00,https://www.vlr.gg/642945/all-gamers-vs-xi-lai-gaming-vct-2026-china-stage-1-seeding,VCT 2026: China Stage 1
AG,f4ngeer,Waylay,1.11,0.66,2.01,233.0,160.0,379.0,14.0,6.0,8.0,14.0,11.0,3.0,3.0,2.0,1.0,0.0,-5.0,5.0,0.61,0.58,0.67,138.0,103.0,208.0,0.28,0.35,0.17,5.0,3.0,2.0,1.0,1.0,0.0,4.0,2.0,2.0,Bind,258016,40:51,2026-04-19 08:25:00,https://www.vlr.gg/642945/all-gamers-vs-xi-lai-gaming-vct-2026-china-stage-1-seeding,VCT 2026: China Stage 1
AG,Shr1mp,Skye,1.07,1.08,1.04,218.0,198.0,258.0,13.0,8.0,5.0,14.0,10.0,4.0,3.0,1.0,2.0,-1.0,-2.0,1.0,0.5,0.5,0.5,135.0,126.0,153.0,0.25,0.22,0.31,1.0,0.0,1.0,1.0,0.0,1.0,0.0,0.0,0.0,Bind,258016,40:51,2026-04-19 08:25:00,https://www.vlr.gg/642945/all-gamers-vs-xi-lai-gaming-vct-2026-china-stage-1-seeding,VCT 2026: China Stage 1
AG,K1ra,Viper,0.8,0.96,0.49,156.0,183.0,102.0,9.0,7.0,2.0,15.0,10.0,5.0,4.0,2.0,2.0,-6.0,-3.0,-3.0,0.78,0.75,0.83,106.0,124.0,70.0,0.23,0.19,0.4,1.0,1.0,0.0,0.0,0.0,0.0,1.0,1.0,0.0,Bind,258016,40:51,2026-04-19 08:25:00,https://www.vlr.gg/642945/all-gamers-vs-xi-lai-gaming-vct-2026-china-stage-1-seeding,VCT 2026: China Stage 1
AG,iamgrq,Brimstone,0.75,0.83,0.6,150.0,182.0,86.0,9.0,7.0,2.0,15.0,11.0,4.0,8.0,2.0,6.0,-6.0,-4.0,-2.0,0.67,0.67,0.67,85.0,117.0,21.0,0.27,0.25,0.5,0.0,0.0,0.0,2.0,1.0,1.0,-2.0,-1.0,-1.0,Bind,258016,40:51,2026-04-19 08:25:00,https://www.vlr.gg/642945/all-gamers-vs-xi-lai-gaming-vct-2026-china-stage-1-seeding,VCT 2026: China Stage 1
AG,Youze,Neon,0.48,0.05,1.33,125.0,60.0,255.0,7.0,1.0,6.0,14.0,11.0,3.0,4.0,3.0,1.0,-7.0,-10.0,3.0,0.39,0.25,0.67,85.0,50.0,155.0,0.18,0.13,0.21,1.0,0.0,1.0,6.0,6.0,0.0,-5.0,-6.0,1.0,Bind,258016,40:51,2026-04-19 08:25:00,https://www.vlr.gg/642945/all-gamers-vs-xi-lai-gaming-vct-2026-china-stage-1-seeding,VCT 2026: China Stage 1
XLG,happywei,Viper,1.28,1.15,1.35,210.0,189.0,221.0,15.0,4.0,11.0,9.0,4.0,5.0,6.0,3.0,3.0,6.0,0.0,6.0,0.78,0.67,0.83,146.0,137.0,151.0,0.34,0.23,0.41,2.0,1.0,1.0,1.0,0.0,1.0,1.0,1.0,0.0,Bind,258016,40:51,2026-04-19 08:25:00,https://www.vlr.gg/642945/all-gamers-vs-xi-lai-gaming-vct-2026-china-stage-1-seeding,VCT 2026: China Stage 1
XLG,Lysoar,Brimstone,1.27,1.46,1.17,222.0,251.0,208.0,14.0,5.0,9.0,10.0,4.0,6.0,8.0,6.0,2.0,4.0,1.0,3.0,0.78,0.83,0.75,156.0,177.0,146.0,0.36,0.32,0.4,1.0,1.0,0.0,0.0,0.0,0.0,1.0,1.0,0.0,Bind,258016,40:51,2026-04-19 08:25:00,https://www.vlr.gg/642945/all-gamers-vs-xi-lai-gaming-vct-2026-china-stage-1-seeding,VCT 2026: China Stage 1
XLG,NoMan,Waylay,1.23,0.45,1.62,266.0,111.0,344.0,17.0,2.0,15.0,11.0,5.0,6.0,6.0,2.0,4.0,6.0,-3.0,9.0,0.72,0.67,0.75,166.0,62.0,218.0,0.29,0.5,0.28,3.0,0.0,3.0,5.0,3.0,2.0,-2.0,-3.0,1.0,Bind,258016,40:51,2026-04-19 08:25:00,https://www.vlr.gg/642945/all-gamers-vs-xi-lai-gaming-vct-2026-china-stage-1-seeding,VCT 2026: China Stage 1
XLG,Rarga,Neon,1.22,1.4,1.13,258.0,299.0,238.0,16.0,7.0,9.0,12.0,5.0,7.0,5.0,0.0,5.0,4.0,2.0,2.0,0.72,0.67,0.75,151.0,146.0,154.0,0.2,0.38,0.04,4.0,0.0,4.0,2.0,1.0,1.0,2.0,-1.0,3.0,Bind,258016,40:51,2026-04-19 08:25:00,https://www.vlr.gg/642945/all-gamers-vs-xi-lai-gaming-vct-2026-china-stage-1-seeding,VCT 2026: China Stage 1
XLG,WsLeo,Skye,0.81,0.25,1.1,151.0,74.0,190.0,10.0,1.0,9.0,10.0,5.0,5.0,7.0,3.0,4.0,0.0,-4.0,4.0,0.67,0.67,0.67,90.0,49.0,111.0,0.26,0.0,0.38,0.0,0.0,0.0,0.0,0.0,0.0,0.0,0.0,0.0,Bind,258016,40:51,2026-04-19 08:25:00,https://www.vlr.gg/642945/all-gamers-vs-xi-lai-gaming-vct-2026-china-stage-1-seeding,VCT 2026: China Stage 1
AG,K1ra,Viper,1.11,1.09,1.13,241.0,219.0,270.0,16.0,9.0,7.0,16.0,9.0,7.0,5.0,2.0,3.0,0.0,0.0,0.0,0.67,0.58,0.78,160.0,135.0,193.0,0.16,0.26,0.11,3.0,1.0,2.0,3.0,2.0,1.0,0.0,-1.0,1.0,Split,258017,48:41,2026-04-19 08:25:00,https://www.vlr.gg/642945/all-gamers-vs-xi-lai-gaming-vct-2026-china-stage-1-seeding,VCT 2026: China Stage 1
AG,Youze,Neon,0.95,1.67,0.03,198.0,324.0,30.0,15.0,14.0,1.0,17.0,9.0,8.0,2.0,1.0,1.0,-2.0,5.0,-7.0,0.71,0.92,0.44,116.0,187.0,21.0,0.32,0.33,0.2,2.0,2.0,0.0,4.0,1.0,3.0,-2.0,1.0,-3.0,Split,258017,48:41,2026-04-19 08:25:00,https://www.vlr.gg/642945/all-gamers-vs-xi-lai-gaming-vct-2026-china-stage-1-seeding,VCT 2026: China Stage 1
AG,Shr1mp,Skye,0.89,0.63,1.23,198.0,99.0,330.0,13.0,3.0,10.0,16.0,8.0,8.0,10.0,8.0,2.0,-3.0,-5.0,2.0,0.67,0.58,0.78,113.0,59.0,185.0,0.18,0.23,0.16,0.0,0.0,0.0,0.0,0.0,0.0,0.0,0.0,0.0,Split,258017,48:41,2026-04-19 08:25:00,https://www.vlr.gg/642945/all-gamers-vs-xi-lai-gaming-vct-2026-china-stage-1-seeding,VCT 2026: China Stage 1
AG,iamgrq,Omen,0.89,1.06,0.66,170.0,182.0,154.0,13.0,7.0,6.0,16.0,9.0,7.0,10.0,9.0,1.0,-3.0,-2.0,-1.0,0.86,0.83,0.89,95.0,105.0,82.0,0.32,0.33,0.31,0.0,0.0,0.0,3.0,1.0,2.0,-3.0,-1.0,-2.0,Split,258017,48:41,2026-04-19 08:25:00,https://www.vlr.gg/642945/all-gamers-vs-xi-lai-gaming-vct-2026-china-stage-1-seeding,VCT 2026: China Stage 1
AG,f4ngeer,Waylay,0.56,0.75,0.3,157.0,201.0,98.0,10.0,8.0,2.0,18.0,10.0,8.0,3.0,1.0,2.0,-8.0,-2.0,-6.0,0.52,0.5,0.56,99.0,120.0,71.0,0.47,0.58,0.29,1.0,1.0,0.0,5.0,4.0,1.0,-4.0,-3.0,-1.0,Split,258017,48:41,2026-04-19 08:25:00,https://www.vlr.gg/642945/all-gamers-vs-xi-lai-gaming-vct-2026-china-stage-1-seeding,VCT 2026: China Stage 1
XLG,happywei,Viper,1.39,1.74,1.12,275.0,301.0,256.0,21.0,11.0,10.0,13.0,5.0,8.0,6.0,1.0,5.0,8.0,6.0,2.0,0.81,0.78,0.83,175.0,185.0,168.0,0.3,0.24,0.36,5.0,2.0,3.0,3.0,0.0,3.0,2.0,2.0,0.0,Split,258017,48:41,2026-04-19 08:25:00,https://www.vlr.gg/642945/all-gamers-vs-xi-lai-gaming-vct-2026-china-stage-1-seeding,VCT 2026: China Stage 1
XLG,WsLeo,Skye,1.27,1.5,1.09,255.0,262.0,250.0,18.0,8.0,10.0,13.0,5.0,8.0,8.0,5.0,3.0,5.0,3.0,2.0,0.76,0.78,0.75,174.0,165.0,181.0,0.3,0.42,0.24,1.0,0.0,1.0,0.0,0.0,0.0,1.0,0.0,1.0,Split,258017,48:41,2026-04-19 08:25:00,https://www.vlr.gg/642945/all-gamers-vs-xi-lai-gaming-vct-2026-china-stage-1-seeding,VCT 2026: China Stage 1
XLG,Lysoar,Omen,0.99,1.22,0.81,177.0,182.0,173.0,14.0,7.0,7.0,14.0,5.0,9.0,11.0,5.0,6.0,0.0,2.0,-2.0,0.9,1.0,0.83,126.0,124.0,128.0,0.17,0.15,0.18,0.0,0.0,0.0,2.0,1.0,1.0,-2.0,-1.0,-1.0,Split,258017,48:41,2026-04-19 08:25:00,https://www.vlr.gg/642945/all-gamers-vs-xi-lai-gaming-vct-2026-china-stage-1-seeding,VCT 2026: China Stage 1
XLG,NoMan,Waylay,0.98,1.26,0.78,151.0,190.0,122.0,13.0,7.0,6.0,12.0,4.0,8.0,3.0,1.0,2.0,1.0,3.0,-2.0,0.9,1.0,0.83,88.0,115.0,68.0,0.35,0.31,0.4,5.0,2.0,3.0,0.0,0.0,0.0,5.0,2.0,3.0,Split,258017,48:41,2026-04-19 08:25:00,https://www.vlr.gg/642945/all-gamers-vs-xi-lai-gaming-vct-2026-china-stage-1-seeding,VCT 2026: China Stage 1
XLG,Rarga,Neon,0.96,0.83,1.06,237.0,177.0,282.0,17.0,5.0,12.0,15.0,7.0,8.0,3.0,3.0,0.0,2.0,-2.0,4.0,0.76,1.0,0.58,132.0,111.0,148.0,0.15,0.17,0.15,4.0,3.0,1.0,1.0,1.0,0.0,3.0,2.0,1.0,Split,258017,48:41,2026-04-19 08:25:00,https://www.vlr.gg/642945/all-gamers-vs-xi-lai-gaming-vct-2026-china-stage-1-seeding,VCT 2026: China Stage 1
XLG,WsLeo,Sova,1.5,1.6,1.39,233.0,219.0,250.0,19.0,11.0,8.0,12.0,6.0,6.0,12.0,7.0,5.0,7.0,5.0,2.0,0.86,0.92,0.8,158.0,136.0,184.0,0.19,0.12,0.27,0.0,0.0,0.0,3.0,0.0,3.0,-3.0,0.0,-3.0,Breeze,265283,1:09:02,2026-05-01 05:00:00,https://www.vlr.gg/659474/xi-lai-gaming-vs-titan-esports-club-vct-2026-china-stage-1-ubqf,VCT 2026: China Stage 1
XLG,happywei,Viper,1.21,1.16,1.26,208.0,203.0,214.0,17.0,9.0,8.0,14.0,8.0,6.0,6.0,5.0,1.0,3.0,1.0,2.0,0.73,0.92,0.5,149.0,170.0,124.0,0.53,0.48,0.64,3.0,1.0,2.0,1.0,1.0,0.0,2.0,0.0,2.0,Breeze,265283,1:09:02,2026-05-01 05:00:00,https://www.vlr.gg/659474/xi-lai-gaming-vs-titan-esports-club-vct-2026-china-stage-1-ubqf,VCT 2026: China Stage 1
XLG,NoMan,Kayo,1.1,0.99,1.23,212.0,236.0,183.0,15.0,10.0,5.0,15.0,10.0,5.0,12.0,4.0,8.0,0.0,0.0,0.0,0.82,0.83,0.8,146.0,158.0,132.0,0.33,0.38,0.26,2.0,1.0,1.0,1.0,0.0,1.0,1.0,1.0,0.0,Breeze,265283,1:09:02,2026-05-01 05:00:00,https://www.vlr.gg/659474/xi-lai-gaming-vs-titan-esports-club-vct-2026-china-stage-1-ubqf,VCT 2026: China Stage 1
XLG,Lysoar,Omen,1.07,1.05,1.1,226.0,241.0,208.0,18.0,10.0,8.0,15.0,8.0,7.0,4.0,3.0,1.0,3.0,2.0,1.0,0.73,0.67,0.8,147.0,164.0,127.0,0.22,0.29,0.14,1.0,0.0,1.0,1.0,1.0,0.0,0.0,-1.0,1.0,Breeze,265283,1:09:02,2026-05-01 05:00:00,https://www.vlr.gg/659474/xi-lai-gaming-vs-titan-esports-club-vct-2026-china-stage-1-ubqf,VCT 2026: China Stage 1
XLG,Rarga,Jett,0.79,0.54,1.08,215.0,176.0,262.0,17.0,8.0,9.0,19.0,10.0,9.0,4.0,1.0,3.0,-2.0,-2.0,0.0,0.59,0.58,0.6,131.0,116.0,149.0,0.52,0.69,0.36,6.0,4.0,2.0,4.0,4.0,0.0,2.0,0.0,2.0,Breeze,265283,1:09:02,2026-05-01 05:00:00,https://www.vlr.gg/659474/xi-lai-gaming-vs-titan-esports-club-vct-2026-china-stage-1-ubqf,VCT 2026: China Stage 1
TEC,Dynamite,Phoenix,1.6,1.62,1.59,305.0,298.0,311.0,25.0,12.0,13.0,14.0,6.0,8.0,3.0,2.0,1.0,11.0,6.0,5.0,0.77,0.9,0.67,213.0,181.0,240.0,0.3,0.29,0.31,3.0,1.0,2.0,2.0,2.0,0.0,1.0,-1.0,2.0,Breeze,265283,1:09:02,2026-05-01 05:00:00,https://www.vlr.gg/659474/xi-lai-gaming-vs-titan-esports-club-vct-2026-china-stage-1-ubqf,VCT 2026: China Stage 1
TEC,lucas,Sova,1.16,0.96,1.33,250.0,236.0,262.0,19.0,8.0,11.0,16.0,8.0,8.0,3.0,2.0,1.0,3.0,0.0,3.0,0.68,0.7,0.67,172.0,162.0,180.0,0.32,0.33,0.31,2.0,2.0,0.0,1.0,1.0,0.0,1.0,1.0,0.0,Breeze,265283,1:09:02,2026-05-01 05:00:00,https://www.vlr.gg/659474/xi-lai-gaming-vs-titan-esports-club-vct-2026-china-stage-1-ubqf,VCT 2026: China Stage 1
TEC,Coco,Viper,0.82,0.58,1.02,188.0,106.0,256.0,14.0,4.0,10.0,18.0,7.0,11.0,2.0,2.0,0.0,-4.0,-3.0,-1.0,0.64,0.6,0.67,132.0,82.0,174.0,0.41,0.3,0.46,4.0,0.0,4.0,2.0,2.0,0.0,2.0,-2.0,4.0,Breeze,265283,1:09:02,2026-05-01 05:00:00,https://www.vlr.gg/659474/xi-lai-gaming-vs-titan-esports-club-vct-2026-china-stage-1-ubqf,VCT 2026: China Stage 1
TEC,Spitfires,Neon,0.65,0.54,0.74,139.0,169.0,114.0,12.0,6.0,6.0,18.0,9.0,9.0,3.0,2.0,1.0,-6.0,-3.0,-3.0,0.68,0.8,0.58,100.0,106.0,95.0,0.17,0.19,0.15,1.0,1.0,0.0,2.0,0.0,2.0,-1.0,1.0,-2.0,Breeze,265283,1:09:02,2026-05-01 05:00:00,https://www.vlr.gg/659474/xi-lai-gaming-vs-titan-esports-club-vct-2026-china-stage-1-ubqf,VCT 2026: China Stage 1
TEC,Haodong,Harbor,0.18,0.24,0.13,66.0,60.0,71.0,5.0,3.0,2.0,20.0,8.0,12.0,7.0,2.0,5.0,-15.0,-5.0,-10.0,0.55,0.6,0.5,51.0,43.0,58.0,0.27,0.4,0.2,0.0,0.0,0.0,5.0,1.0,4.0,-5.0,-1.0,-4.0,Breeze,265283,1:09:02,2026-05-01 05:00:00,https://www.vlr.gg/659474/xi-lai-gaming-vs-titan-esports-club-vct-2026-china-stage-1-ubqf,VCT 2026: China Stage 1
XLG,WsLeo,Sova,1.44,1.17,1.67,252.0,175.0,319.0,38.0,13.0,25.0,25.0,12.0,13.0,20.0,12.0,8.0,13.0,1.0,12.0,0.83,0.8,0.86,170.0,109.0,225.0,0.2,0.1,0.25,2.0,1.0,1.0,4.0,1.0,3.0,-2.0,0.0,-2.0,all,all,all,2026-05-01 05:00:00,https://www.vlr.gg/659474/xi-lai-gaming-vs-titan-esports-club-vct-2026-china-stage-1-ubqf,VCT 2026: China Stage 1
XLG,Lysoar,Omen,1.22,1.27,1.17,241.0,287.0,198.0,35.0,20.0,15.0,28.0,14.0,14.0,12.0,4.0,8.0,7.0,6.0,1.0,0.79,0.75,0.82,151.0,179.0,125.0,0.21,0.28,0.14,7.0,3.0,4.0,2.0,1.0,1.0,5.0,2.0,3.0,all,all,all,2026-05-01 05:00:00,https://www.vlr.gg/659474/xi-lai-gaming-vs-titan-esports-club-vct-2026-china-stage-1-ubqf,VCT 2026: China Stage 1
XLG,happywei,Viper,1.17,1.12,1.21,203.0,184.0,220.0,32.0,14.0,18.0,27.0,13.0,14.0,14.0,7.0,7.0,5.0,1.0,4.0,0.76,0.85,0.68,146.0,151.0,141.0,0.41,0.39,0.38,4.0,2.0,2.0,2.0,2.0,0.0,2.0,0.0,2.0,all,all,all,2026-05-01 05:00:00,https://www.vlr.gg/659474/xi-lai-gaming-vs-titan-esports-club-vct-2026-china-stage-1-ubqf,VCT 2026: China Stage 1
XLG,Rarga,Jett,0.93,0.79,1.06,202.0,175.0,227.0,32.0,14.0,18.0,30.0,14.0,16.0,10.0,4.0,6.0,2.0,0.0,2.0,0.64,0.55,0.73,128.0,112.0,142.0,0.39,0.38,0.35,9.0,4.0,5.0,5.0,4.0,1.0,4.0,0.0,4.0,all,all,all,2026-05-01 05:00:00,https://www.vlr.gg/659474/xi-lai-gaming-vs-titan-esports-club-vct-2026-china-stage-1-ubqf,VCT 2026: China Stage 1
XLG,NoMan,Kayo,0.91,0.82,0.99,179.0,186.0,174.0,26.0,13.0,13.0,28.0,16.0,12.0,18.0,8.0,10.0,-2.0,-3.0,1.0,0.74,0.8,0.68,124.0,127.0,121.0,0.31,0.37,0.26,3.0,1.0,2.0,4.0,1.0,3.0,-1.0,0.0,-1.0,all,all,all,2026-05-01 05:00:00,https://www.vlr.gg/659474/xi-lai-gaming-vs-titan-esports-club-vct-2026-china-stage-1-ubqf,VCT 2026: China Stage 1
TEC,Dynamite,Phoenix,1.28,1.29,1.27,261.0,262.0,264.0,37.0,21.0,16.0,30.0,16.0,14.0,11.0,7.0,4.0,7.0,5.0,2.0,0.76,0.82,0.7,190.0,168.0,214.0,0.27,0.26,0.28,5.0,3.0,2.0,6.0,3.0,3.0,-1.0,0.0,-1.0,all,all,all,2026-05-01 05:00:00,https://www.vlr.gg/659474/xi-lai-gaming-vs-titan-esports-club-vct-2026-china-stage-1-ubqf,VCT 2026: China Stage 1
TEC,lucas,Sova,0.96,0.72,1.23,199.0,179.0,226.0,29.0,12.0,17.0,31.0,18.0,13.0,9.0,7.0,2.0,-2.0,-6.0,4.0,0.69,0.59,0.8,140.0,126.0,155.0,0.32,0.28,0.36,4.0,3.0,1.0,3.0,3.0,0.0,1.0,0.0,1.0,all,all,all,2026-05-01 05:00:00,https://www.vlr.gg/659474/xi-lai-gaming-vs-titan-esports-club-vct-2026-china-stage-1-ubqf,VCT 2026: China Stage 1
TEC,Spitfires,Neon,0.92,0.81,1.04,205.0,215.0,187.0,31.0,16.0,15.0,34.0,21.0,13.0,8.0,4.0,4.0,-3.0,-5.0,2.0,0.62,0.64,0.6,132.0,130.0,135.0,0.27,0.29,0.31,3.0,2.0,1.0,4.0,1.0,3.0,-1.0,1.0,-2.0,all,all,all,2026-05-01 05:00:00,https://www.vlr.gg/659474/xi-lai-gaming-vs-titan-esports-club-vct-2026-china-stage-1-ubqf,VCT 2026: China Stage 1
TEC,Coco,Viper,0.91,0.91,0.92,190.0,180.0,200.0,28.0,15.0,13.0,33.0,17.0,16.0,7.0,5.0,2.0,-5.0,-2.0,-3.0,0.62,0.64,0.6,130.0,126.0,135.0,0.39,0.31,0.48,5.0,0.0,5.0,5.0,4.0,1.0,0.0,-4.0,4.0,all,all,all,2026-05-01 05:00:00,https://www.vlr.gg/659474/xi-lai-gaming-vs-titan-esports-club-vct-2026-china-stage-1-ubqf,VCT 2026: China Stage 1
TEC,Haodong,Harbor,0.45,0.32,0.6,100.0,61.0,140.0,13.0,5.0,8.0,35.0,17.0,18.0,15.0,6.0,9.0,-22.0,-12.0,-10.0,0.62,0.59,0.65,70.0,40.0,102.0,0.3,0.33,0.29,0.0,0.0,0.0,7.0,3.0,4.0,-7.0,-3.0,-4.0,all,all,all,2026-05-01 05:00:00,https://www.vlr.gg/659474/xi-lai-gaming-vs-titan-esports-club-vct-2026-china-stage-1-ubqf,VCT 2026: China Stage 1
XLG,Lysoar,Omen,1.37,1.59,1.22,256.0,356.0,189.0,17.0,10.0,7.0,13.0,6.0,7.0,8.0,1.0,7.0,4.0,4.0,0.0,0.85,0.88,0.83,155.0,202.0,124.0,0.19,0.26,0.14,6.0,3.0,3.0,1.0,0.0,1.0,5.0,3.0,2.0,Lotus,265284,43:02,2026-05-01 05:00:00,https://www.vlr.gg/659474/xi-lai-gaming-vs-titan-esports-club-vct-2026-china-stage-1-ubqf,VCT 2026: China Stage 1
XLG,WsLeo,Fade,1.36,0.54,1.92,270.0,109.0,377.0,19.0,2.0,17.0,13.0,6.0,7.0,8.0,5.0,3.0,6.0,-4.0,10.0,0.8,0.63,0.92,183.0,69.0,259.0,0.2,0.07,0.24,2.0,1.0,1.0,1.0,1.0,0.0,1.0,0.0,1.0,Lotus,265284,43:02,2026-05-01 05:00:00,https://www.vlr.gg/659474/xi-lai-gaming-vs-titan-esports-club-vct-2026-china-stage-1-ubqf,VCT 2026: China Stage 1
XLG,happywei,Cypher,1.12,1.05,1.17,197.0,156.0,224.0,15.0,5.0,10.0,13.0,5.0,8.0,8.0,2.0,6.0,2.0,0.0,2.0,0.8,0.75,0.83,142.0,122.0,155.0,0.28,0.27,0.29,1.0,1.0,0.0,1.0,1.0,0.0,0.0,0.0,0.0,Lotus,265284,43:02,2026-05-01 05:00:00,https://www.vlr.gg/659474/xi-lai-gaming-vs-titan-esports-club-vct-2026-china-stage-1-ubqf,VCT 2026: China Stage 1
XLG,Rarga,Sage,1.09,1.17,1.04,188.0,173.0,198.0,15.0,6.0,9.0,11.0,4.0,7.0,6.0,3.0,3.0,4.0,2.0,2.0,0.7,0.5,0.83,124.0,107.0,135.0,0.26,0.13,0.35,3.0,0.0,3.0,1.0,0.0,1.0,2.0,0.0,2.0,Lotus,265284,43:02,2026-05-01 05:00:00,https://www.vlr.gg/659474/xi-lai-gaming-vs-titan-esports-club-vct-2026-china-stage-1-ubqf,VCT 2026: China Stage 1
XLG,NoMan,Deadlock,0.7,0.57,0.79,145.0,112.0,167.0,11.0,3.0,8.0,13.0,6.0,7.0,6.0,4.0,2.0,-2.0,-3.0,1.0,0.65,0.75,0.58,100.0,81.0,113.0,0.28,0.33,0.25,1.0,0.0,1.0,3.0,1.0,2.0,-2.0,-1.0,-1.0,Lotus,265284,43:02,2026-05-01 05:00:00,https://www.vlr.gg/659474/xi-lai-gaming-vs-titan-esports-club-vct-2026-china-stage-1-ubqf,VCT 2026: China Stage 1
TEC,Spitfires,Neon,1.22,1.04,1.5,271.0,254.0,297.0,19.0,10.0,9.0,16.0,12.0,4.0,5.0,2.0,3.0,3.0,-2.0,5.0,0.55,0.5,0.63,168.0,150.0,195.0,0.37,0.35,0.41,2.0,1.0,1.0,2.0,1.0,1.0,0.0,0.0,0.0,Lotus,265284,43:02,2026-05-01 05:00:00,https://www.vlr.gg/659474/xi-lai-gaming-vs-titan-esports-club-vct-2026-china-stage-1-ubqf,VCT 2026: China Stage 1
TEC,Coco,Vyse,1.02,1.18,0.77,191.0,242.0,115.0,14.0,11.0,3.0,15.0,10.0,5.0,5.0,3.0,2.0,-1.0,1.0,-2.0,0.6,0.67,0.5,128.0,162.0,77.0,0.36,0.31,0.57,1.0,0.0,1.0,3.0,2.0,1.0,-2.0,-2.0,0.0,Lotus,265284,43:02,2026-05-01 05:00:00,https://www.vlr.gg/659474/xi-lai-gaming-vs-titan-esports-club-vct-2026-china-stage-1-ubqf,VCT 2026: China Stage 1
TEC,Dynamite,Raze,0.92,1.01,0.78,217.0,232.0,195.0,12.0,9.0,3.0,16.0,10.0,6.0,8.0,5.0,3.0,-4.0,-1.0,-3.0,0.75,0.75,0.75,164.0,157.0,175.0,0.23,0.24,0.25,2.0,2.0,0.0,4.0,1.0,3.0,-2.0,1.0,-3.0,Lotus,265284,43:02,2026-05-01 05:00:00,https://www.vlr.gg/659474/xi-lai-gaming-vs-titan-esports-club-vct-2026-china-stage-1-ubqf,VCT 2026: China Stage 1
TEC,Haodong,Omen,0.75,0.38,1.31,134.0,61.0,244.0,8.0,2.0,6.0,15.0,9.0,6.0,8.0,4.0,4.0,-7.0,-7.0,0.0,0.7,0.58,0.88,90.0,38.0,168.0,0.32,0.3,0.33,0.0,0.0,0.0,2.0,2.0,0.0,-2.0,-2.0,0.0,Lotus,265284,43:02,2026-05-01 05:00:00,https://www.vlr.gg/659474/xi-lai-gaming-vs-titan-esports-club-vct-2026-china-stage-1-ubqf,VCT 2026: China Stage 1
TEC,lucas,Fade,0.75,0.52,1.09,148.0,132.0,172.0,10.0,4.0,6.0,15.0,10.0,5.0,6.0,5.0,1.0,-5.0,-6.0,1.0,0.7,0.5,1.0,104.0,96.0,116.0,0.32,0.22,0.5,2.0,1.0,1.0,2.0,2.0,0.0,0.0,-1.0,1.0,Lotus,265284,43:02,2026-05-01 05:00:00,https://www.vlr.gg/659474/xi-lai-gaming-vs-titan-esports-club-vct-2026-china-stage-1-ubqf,VCT 2026: China Stage 1
JDG,zhe,Neon,1.54,2.01,1.43,307.0,347.0,297.0,19.0,5.0,14.0,9.0,1.0,8.0,2.0,1.0,1.0,10.0,4.0,6.0,0.87,1.0,0.83,198.0,217.0,193.0,0.27,0.18,0.31,2.0,0.0,2.0,1.0,0.0,1.0,1.0,0.0,1.0,Haven,265286,47:47,2026-05-01 07:20:00,https://www.vlr.gg/659475/jdg-esports-vs-tyloo-vct-2026-china-stage-1-ubqf,VCT 2026: China Stage 1
JDG,coconut,Sova,1.47,0.66,1.68,216.0,33.0,262.0,12.0,0.0,12.0,5.0,1.0,4.0,5.0,2.0,3.0,7.0,-1.0,8.0,0.67,0.67,0.67,161.0,25.0,195.0,0.35,0.0,0.37,1.0,0.0,1.0,0.0,0.0,0.0,1.0,0.0,1.0,Haven,265286,47:47,2026-05-01 07:20:00,https://www.vlr.gg/659475/jdg-esports-vs-tyloo-vct-2026-china-stage-1-ubqf,VCT 2026: China Stage 1
JDG,Yuicaw,Waylay,1.44,0.79,1.6,255.0,91.0,296.0,13.0,1.0,12.0,6.0,1.0,5.0,1.0,0.0,1.0,7.0,0.0,7.0,0.93,0.67,1.0,171.0,66.0,197.0,0.25,0.5,0.22,6.0,1.0,5.0,1.0,1.0,0.0,5.0,0.0,5.0,Haven,265286,47:47,2026-05-01 07:20:00,https://www.vlr.gg/659475/jdg-esports-vs-tyloo-vct-2026-china-stage-1-ubqf,VCT 2026: China Stage 1
JDG,stew,Omen,1.18,2.25,0.92,244.0,495.0,181.0,13.0,5.0,8.0,9.0,2.0,7.0,7.0,2.0,5.0,4.0,3.0,1.0,0.73,1.0,0.67,136.0,283.0,99.0,0.17,0.17,0.16,2.0,1.0,1.0,1.0,0.0,1.0,1.0,1.0,0.0,Haven,265286,47:47,2026-05-01 07:20:00,https://www.vlr.gg/659475/jdg-esports-vs-tyloo-vct-2026-china-stage-1-ubqf,VCT 2026: China Stage 1
JDG,jkuro,Cypher,0.92,2.27,0.58,158.0,318.0,118.0,9.0,4.0,5.0,8.0,0.0,8.0,2.0,0.0,2.0,1.0,4.0,-3.0,1.0,1.0,1.0,98.0,171.0,80.0,0.38,0.5,0.31,0.0,0.0,0.0,1.0,0.0,1.0,-1.0,0.0,-1.0,Haven,265286,47:47,2026-05-01 07:20:00,https://www.vlr.gg/659475/jdg-esports-vs-tyloo-vct-2026-china-stage-1-ubqf,VCT 2026: China Stage 1
TYL,Erv,Phoenix,0.86,1.06,0.06,209.0,241.0,81.0,9.0,8.0,1.0,13.0,10.0,3.0,6.0,6.0,0.0,-4.0,-2.0,-2.0,0.6,0.67,0.33,132.0,152.0,52.0,0.26,0.32,0.0,2.0,2.0,0.0,3.0,2.0,1.0,-1.0,0.0,-1.0,Haven,265286,47:47,2026-05-01 07:20:00,https://www.vlr.gg/659475/jdg-esports-vs-tyloo-vct-2026-china-stage-1-ubqf,VCT 2026: China Stage 1
TYL,Scales,Cypher,0.8,0.99,0.04,156.0,187.0,32.0,8.0,8.0,0.0,13.0,10.0,3.0,1.0,1.0,0.0,-5.0,-2.0,-3.0,0.6,0.67,0.33,104.0,122.0,32.0,0.33,0.41,0.0,0.0,0.0,0.0,0.0,0.0,0.0,0.0,0.0,0.0,Haven,265286,47:47,2026-05-01 07:20:00,https://www.vlr.gg/659475/jdg-esports-vs-tyloo-vct-2026-china-stage-1-ubqf,VCT 2026: China Stage 1
TYL,sword9,Fade,0.62,0.74,0.16,154.0,165.0,110.0,8.0,7.0,1.0,13.0,10.0,3.0,3.0,3.0,0.0,-5.0,-3.0,-2.0,0.6,0.67,0.33,89.0,97.0,57.0,0.18,0.21,0.0,0.0,0.0,0.0,0.0,0.0,0.0,0.0,0.0,0.0,Haven,265286,47:47,2026-05-01 07:20:00,https://www.vlr.gg/659475/jdg-esports-vs-tyloo-vct-2026-china-stage-1-ubqf,VCT 2026: China Stage 1
TYL,slowly,Omen,0.58,0.61,0.5,135.0,134.0,139.0,6.0,5.0,1.0,13.0,10.0,3.0,3.0,2.0,1.0,-7.0,-5.0,-2.0,0.6,0.58,0.67,83.0,82.0,87.0,0.19,0.31,0.0,1.0,1.0,0.0,2.0,2.0,0.0,-1.0,-1.0,0.0,Haven,265286,47:47,2026-05-01 07:20:00,https://www.vlr.gg/659475/jdg-esports-vs-tyloo-vct-2026-china-stage-1-ubqf,VCT 2026: China Stage 1
TYL,splash,Neon,0.34,0.23,0.8,113.0,85.0,225.0,6.0,4.0,2.0,14.0,11.0,3.0,1.0,1.0,0.0,-8.0,-7.0,-1.0,0.4,0.42,0.33,70.0,58.0,118.0,0.46,0.44,0.5,1.0,0.0,1.0,6.0,5.0,1.0,-5.0,-5.0,0.0,Haven,265286,47:47,2026-05-01 07:20:00,https://www.vlr.gg/659475/jdg-esports-vs-tyloo-vct-2026-china-stage-1-ubqf,VCT 2026: China Stage 1
JDG,coconut,Sova,1.17,0.96,1.35,212.0,176.0,239.0,46.0,17.0,29.0,36.0,16.0,20.0,22.0,16.0,6.0,10.0,1.0,9.0,0.75,0.81,0.7,136.0,107.0,159.0,0.31,0.2,0.38,4.0,2.0,2.0,4.0,3.0,1.0,0.0,-1.0,1.0,all,all,all,2026-05-01 07:20:00,https://www.vlr.gg/659475/jdg-esports-vs-tyloo-vct-2026-china-stage-1-ubqf,VCT 2026: China Stage 1
JDG,zhe,Neon,1.1,1.12,1.12,255.0,249.0,251.0,54.0,25.0,29.0,43.0,18.0,25.0,18.0,10.0,8.0,11.0,7.0,4.0,0.78,0.81,0.76,165.0,165.0,165.0,0.22,0.15,0.24,6.0,1.0,5.0,10.0,4.0,6.0,-4.0,-3.0,-1.0,all,all,all,2026-05-01 07:20:00,https://www.vlr.gg/659475/jdg-esports-vs-tyloo-vct-2026-china-stage-1-ubqf,VCT 2026: China Stage 1
JDG,stew,Omen,1.04,1.05,1.03,221.0,202.0,232.0,43.0,17.0,26.0,43.0,18.0,25.0,21.0,12.0,9.0,0.0,-1.0,1.0,0.75,0.81,0.7,142.0,136.0,147.0,0.24,0.21,0.25,5.0,2.0,3.0,1.0,0.0,1.0,4.0,2.0,2.0,all,all,all,2026-05-01 07:20:00,https://www.vlr.gg/659475/jdg-esports-vs-tyloo-vct-2026-china-stage-1-ubqf,VCT 2026: China Stage 1
JDG,jkuro,Cypher,1.04,1.45,0.7,183.0,266.0,122.0,42.0,28.0,14.0,36.0,14.0,22.0,17.0,5.0,12.0,6.0,14.0,-8.0,0.78,0.78,0.79,117.0,163.0,79.0,0.43,0.46,0.39,2.0,1.0,1.0,4.0,1.0,3.0,-2.0,0.0,-2.0,all,all,all,2026-05-01 07:20:00,https://www.vlr.gg/659475/jdg-esports-vs-tyloo-vct-2026-china-stage-1-ubqf,VCT 2026: China Stage 1
JDG,Yuicaw,Waylay,0.9,0.82,0.98,204.0,199.0,196.0,41.0,20.0,21.0,43.0,22.0,21.0,9.0,5.0,4.0,-2.0,-2.0,0.0,0.73,0.63,0.82,123.0,116.0,128.0,0.23,0.19,0.24,13.0,6.0,7.0,11.0,7.0,4.0,2.0,-1.0,3.0,all,all,all,2026-05-01 07:20:00,https://www.vlr.gg/659475/jdg-esports-vs-tyloo-vct-2026-china-stage-1-ubqf,VCT 2026: China Stage 1
TYL,slowly,Omen,1.39,1.43,1.35,222.0,232.0,230.0,49.0,30.0,19.0,36.0,19.0,17.0,20.0,11.0,9.0,13.0,11.0,2.0,0.78,0.76,0.81,149.0,147.0,150.0,0.24,0.3,0.22,5.0,1.0,4.0,3.0,2.0,1.0,2.0,-1.0,3.0,all,all,all,2026-05-01 07:20:00,https://www.vlr.gg/659475/jdg-esports-vs-tyloo-vct-2026-china-stage-1-ubqf,VCT 2026: China Stage 1
TYL,Erv,Phoenix,1.07,1.2,0.9,210.0,233.0,185.0,41.0,24.0,17.0,45.0,22.0,23.0,32.0,22.0,10.0,-4.0,2.0,-6.0,0.72,0.73,0.7,135.0,148.0,120.0,0.34,0.37,0.3,8.0,5.0,3.0,7.0,3.0,4.0,1.0,2.0,-1.0,all,all,all,2026-05-01 07:20:00,https://www.vlr.gg/659475/jdg-esports-vs-tyloo-vct-2026-china-stage-1-ubqf,VCT 2026: China Stage 1
TYL,Scales,Cypher,0.87,0.75,1.02,183.0,171.0,203.0,38.0,19.0,19.0,48.0,27.0,21.0,12.0,7.0,5.0,-10.0,-8.0,-2.0,0.65,0.61,0.7,128.0,119.0,138.0,0.32,0.27,0.35,7.0,2.0,5.0,6.0,4.0,2.0,1.0,-2.0,3.0,all,all,all,2026-05-01 07:20:00,https://www.vlr.gg/659475/jdg-esports-vs-tyloo-vct-2026-china-stage-1-ubqf,VCT 2026: China Stage 1
TYL,splash,Neon,0.84,0.92,0.75,202.0,223.0,203.0,45.0,26.0,19.0,52.0,27.0,25.0,8.0,4.0,4.0,-7.0,-1.0,-6.0,0.67,0.64,0.7,135.0,147.0,120.0,0.42,0.33,0.41,8.0,5.0,3.0,9.0,6.0,3.0,-1.0,-1.0,0.0,all,all,all,2026-05-01 07:20:00,https://www.vlr.gg/659475/jdg-esports-vs-tyloo-vct-2026-china-stage-1-ubqf,VCT 2026: China Stage 1
TYL,sword9,Fade,0.64,0.65,0.64,142.0,134.0,149.0,28.0,14.0,14.0,45.0,24.0,21.0,13.0,9.0,4.0,-17.0,-10.0,-7.0,0.73,0.7,0.78,99.0,97.0,103.0,0.23,0.24,0.24,2.0,2.0,0.0,5.0,3.0,2.0,-3.0,-1.0,-2.0,all,all,all,2026-05-01 07:20:00,https://www.vlr.gg/659475/jdg-esports-vs-tyloo-vct-2026-china-stage-1-ubqf,VCT 2026: China Stage 1
JDG,coconut,Skye,1.28,0.96,1.67,262.0,177.0,364.0,19.0,7.0,12.0,17.0,7.0,10.0,10.0,10.0,0.0,2.0,0.0,2.0,0.86,0.92,0.8,166.0,109.0,234.0,0.29,0.15,0.4,2.0,1.0,1.0,3.0,2.0,1.0,-1.0,-1.0,0.0,Fracture,265287,49:10,2026-05-01 07:20:00,https://www.vlr.gg/659475/jdg-esports-vs-tyloo-vct-2026-china-stage-1-ubqf,VCT 2026: China Stage 1
JDG,jkuro,Cypher,1.03,1.59,0.35,181.0,251.0,97.0,16.0,13.0,3.0,15.0,5.0,10.0,6.0,2.0,4.0,1.0,8.0,-7.0,0.64,0.75,0.5,108.0,154.0,53.0,0.48,0.42,0.8,2.0,1.0,1.0,2.0,1.0,1.0,0.0,0.0,0.0,Fracture,265287,49:10,2026-05-01 07:20:00,https://www.vlr.gg/659475/jdg-esports-vs-tyloo-vct-2026-china-stage-1-ubqf,VCT 2026: China Stage 1
JDG,stew,Brimstone,0.92,1.41,0.34,171.0,242.0,86.0,12.0,10.0,2.0,17.0,7.0,10.0,10.0,8.0,2.0,-5.0,3.0,-8.0,0.77,0.92,0.6,122.0,160.0,76.0,0.24,0.23,0.25,1.0,1.0,0.0,0.0,0.0,0.0,1.0,1.0,0.0,Fracture,265287,49:10,2026-05-01 07:20:00,https://www.vlr.gg/659475/jdg-esports-vs-tyloo-vct-2026-china-stage-1-ubqf,VCT 2026: China Stage 1
JDG,Yuicaw,Raze,0.88,1.09,0.63,218.0,247.0,183.0,16.0,11.0,5.0,20.0,10.0,10.0,5.0,4.0,1.0,-4.0,1.0,-5.0,0.77,0.83,0.7,134.0,139.0,128.0,0.14,0.12,0.2,3.0,2.0,1.0,4.0,2.0,2.0,-1.0,0.0,-1.0,Fracture,265287,49:10,2026-05-01 07:20:00,https://www.vlr.gg/659475/jdg-esports-vs-tyloo-vct-2026-china-stage-1-ubqf,VCT 2026: China Stage 1
JDG,zhe,Neon,0.66,1.25,0.02,131.0,215.0,30.0,10.0,10.0,0.0,16.0,6.0,10.0,8.0,5.0,3.0,-6.0,4.0,-10.0,0.64,0.83,0.4,99.0,156.0,31.0,0.23,0.18,0.44,0.0,0.0,0.0,5.0,2.0,3.0,-5.0,-2.0,-3.0,Fracture,265287,49:10,2026-05-01 07:20:00,https://www.vlr.gg/659475/jdg-esports-vs-tyloo-vct-2026-china-stage-1-ubqf,VCT 2026: China Stage 1
TYL,slowly,Brimstone,1.96,2.68,1.37,353.0,419.0,298.0,28.0,18.0,10.0,12.0,2.0,10.0,12.0,6.0,6.0,16.0,16.0,0.0,0.91,1.0,0.83,223.0,256.0,196.0,0.3,0.31,0.29,2.0,0.0,2.0,0.0,0.0,0.0,2.0,0.0,2.0,Fracture,265287,49:10,2026-05-01 07:20:00,https://www.vlr.gg/659475/jdg-esports-vs-tyloo-vct-2026-china-stage-1-ubqf,VCT 2026: China Stage 1
TYL,Scales,Cypher,1.11,0.95,1.24,237.0,204.0,265.0,18.0,7.0,11.0,16.0,6.0,10.0,5.0,4.0,1.0,2.0,1.0,1.0,0.68,0.7,0.67,151.0,135.0,164.0,0.26,0.1,0.38,5.0,2.0,3.0,3.0,2.0,1.0,2.0,0.0,2.0,Fracture,265287,49:10,2026-05-01 07:20:00,https://www.vlr.gg/659475/jdg-esports-vs-tyloo-vct-2026-china-stage-1-ubqf,VCT 2026: China Stage 1
TYL,Erv,Skye,1.01,1.65,0.48,169.0,243.0,107.0,13.0,9.0,4.0,13.0,3.0,10.0,15.0,10.0,5.0,0.0,6.0,-6.0,0.77,0.9,0.67,106.0,144.0,74.0,0.44,0.4,0.5,2.0,2.0,0.0,2.0,1.0,1.0,0.0,1.0,-1.0,Fracture,265287,49:10,2026-05-01 07:20:00,https://www.vlr.gg/659475/jdg-esports-vs-tyloo-vct-2026-china-stage-1-ubqf,VCT 2026: China Stage 1
TYL,splash,Neon,0.78,1.19,0.44,212.0,319.0,123.0,17.0,12.0,5.0,18.0,7.0,11.0,1.0,0.0,1.0,-1.0,5.0,-6.0,0.77,0.9,0.67,141.0,217.0,78.0,0.56,0.63,0.47,4.0,2.0,2.0,2.0,0.0,2.0,2.0,2.0,0.0,Fracture,265287,49:10,2026-05-01 07:20:00,https://www.vlr.gg/659475/jdg-esports-vs-tyloo-vct-2026-china-stage-1-ubqf,VCT 2026: China Stage 1
TYL,sword9,Tejo,0.65,0.93,0.42,132.0,133.0,131.0,9.0,4.0,5.0,14.0,4.0,10.0,6.0,5.0,1.0,-5.0,0.0,-5.0,0.77,0.9,0.67,104.0,112.0,97.0,0.29,0.3,0.32,1.0,1.0,0.0,1.0,0.0,1.0,0.0,1.0,-1.0,Fracture,265287,49:10,2026-05-01 07:20:00,https://www.vlr.gg/659475/jdg-esports-vs-tyloo-vct-2026-china-stage-1-ubqf,VCT 2026: China Stage 1
JDG,zhe,Neon,1.24,0.76,1.77,327.0,258.0,402.0,25.0,10.0,15.0,18.0,11.0,7.0,8.0,4.0,4.0,7.0,-1.0,8.0,0.87,0.75,1.0,206.0,160.0,256.0,0.16,0.13,0.19,4.0,1.0,3.0,4.0,2.0,2.0,0.0,-1.0,1.0,Pearl,265288,55:25,2026-05-01 07:20:00,https://www.vlr.gg/659475/jdg-esports-vs-tyloo-vct-2026-china-stage-1-ubqf,VCT 2026: China Stage 1
JDG,jkuro,Astra,1.13,1.11,1.15,211.0,269.0,148.0,17.0,11.0,6.0,13.0,9.0,4.0,9.0,3.0,6.0,4.0,2.0,2.0,0.78,0.75,0.82,137.0,170.0,101.0,0.43,0.5,0.35,0.0,0.0,0.0,1.0,0.0,1.0,-1.0,0.0,-1.0,Pearl,265288,55:25,2026-05-01 07:20:00,https://www.vlr.gg/659475/jdg-esports-vs-tyloo-vct-2026-china-stage-1-ubqf,VCT 2026: China Stage 1
JDG,stew,Killjoy,1.06,0.4,1.77,247.0,88.0,420.0,18.0,2.0,16.0,17.0,9.0,8.0,4.0,2.0,2.0,1.0,-7.0,8.0,0.74,0.67,0.82,165.0,76.0,262.0,0.32,0.29,0.33,2.0,0.0,2.0,0.0,0.0,0.0,2.0,0.0,2.0,Pearl,265288,55:25,2026-05-01 07:20:00,https://www.vlr.gg/659475/jdg-esports-vs-tyloo-vct-2026-china-stage-1-ubqf,VCT 2026: China Stage 1
JDG,coconut,Skye,0.87,1.03,0.7,157.0,210.0,99.0,15.0,10.0,5.0,14.0,8.0,6.0,7.0,4.0,3.0,1.0,2.0,-1.0,0.7,0.75,0.64,90.0,125.0,52.0,0.28,0.26,0.33,1.0,1.0,0.0,1.0,1.0,0.0,0.0,0.0,0.0,Pearl,265288,55:25,2026-05-01 07:20:00,https://www.vlr.gg/659475/jdg-esports-vs-tyloo-vct-2026-china-stage-1-ubqf,VCT 2026: China Stage 1
JDG,Yuicaw,Waylay,0.58,0.56,0.61,139.0,177.0,98.0,12.0,8.0,4.0,17.0,11.0,6.0,3.0,1.0,2.0,-5.0,-3.0,-2.0,0.57,0.42,0.73,80.0,106.0,52.0,0.31,0.28,0.38,4.0,3.0,1.0,6.0,4.0,2.0,-2.0,-1.0,-1.0,Pearl,265288,55:25,2026-05-01 07:20:00,https://www.vlr.gg/659475/jdg-esports-vs-tyloo-vct-2026-china-stage-1-ubqf,VCT 2026: China Stage 1
TYL,slowly,Astra,1.37,1.19,1.54,177.0,169.0,184.0,15.0,7.0,8.0,11.0,7.0,4.0,5.0,3.0,2.0,4.0,0.0,4.0,0.78,0.73,0.83,120.0,120.0,120.0,0.24,0.25,0.23,2.0,0.0,2.0,1.0,0.0,1.0,1.0,0.0,1.0,Pearl,265288,55:25,2026-05-01 07:20:00,https://www.vlr.gg/659475/jdg-esports-vs-tyloo-vct-2026-china-stage-1-ubqf,VCT 2026: China Stage 1
TYL,Erv,Phoenix,1.25,0.95,1.53,253.0,215.0,288.0,19.0,7.0,12.0,19.0,9.0,10.0,11.0,6.0,5.0,0.0,-2.0,2.0,0.74,0.64,0.83,165.0,146.0,182.0,0.32,0.39,0.28,4.0,1.0,3.0,2.0,0.0,2.0,2.0,1.0,1.0,Pearl,265288,55:25,2026-05-01 07:20:00,https://www.vlr.gg/659475/jdg-esports-vs-tyloo-vct-2026-china-stage-1-ubqf,VCT 2026: China Stage 1
TYL,splash,Neon,1.23,1.43,1.05,281.0,285.0,277.0,22.0,10.0,12.0,20.0,9.0,11.0,6.0,3.0,3.0,2.0,1.0,1.0,0.74,0.64,0.83,171.0,180.0,163.0,0.25,0.17,0.37,3.0,3.0,0.0,1.0,1.0,0.0,2.0,2.0,0.0,Pearl,265288,55:25,2026-05-01 07:20:00,https://www.vlr.gg/659475/jdg-esports-vs-tyloo-vct-2026-china-stage-1-ubqf,VCT 2026: China Stage 1
TYL,Scales,Cypher,0.69,0.31,1.04,155.0,123.0,184.0,12.0,4.0,8.0,19.0,11.0,8.0,6.0,2.0,4.0,-7.0,-7.0,0.0,0.65,0.45,0.83,121.0,102.0,138.0,0.37,0.35,0.38,2.0,0.0,2.0,3.0,2.0,1.0,-1.0,-2.0,1.0,Pearl,265288,55:25,2026-05-01 07:20:00,https://www.vlr.gg/659475/jdg-esports-vs-tyloo-vct-2026-china-stage-1-ubqf,VCT 2026: China Stage 1
TYL,sword9,Fade,0.65,0.3,0.97,141.0,101.0,178.0,11.0,3.0,8.0,18.0,10.0,8.0,4.0,1.0,3.0,-7.0,-7.0,0.0,0.78,0.55,1.0,102.0,83.0,119.0,0.22,0.21,0.22,1.0,1.0,0.0,4.0,3.0,1.0,-3.0,-2.0,-1.0,Pearl,265288,55:25,2026-05-01 07:20:00,https://www.vlr.gg/659475/jdg-esports-vs-tyloo-vct-2026-china-stage-1-ubqf,VCT 2026: China Stage 1
AG,K1ra,Raze,0.0,0.0,0.0,297.0,0.0,0.0,21.0,0.0,0.0,13.0,0.0,0.0,4.0,0.0,0.0,8.0,0.0,0.0,0.0,0.0,0.0,0.0,0.0,0.0,0.0,0.0,0.0,0.0,0.0,0.0,0.0,0.0,0.0,0.0,0.0,0.0,Split,265289,-,2026-05-02 05:00:00,https://www.vlr.gg/659476/all-gamers-vs-trace-esports-vct-2026-china-stage-1-ubqf,VCT 2026: China Stage 1
AG,f4ngeer,Jett,0.0,0.0,0.0,251.0,0.0,0.0,17.0,0.0,0.0,11.0,0.0,0.0,5.0,0.0,0.0,6.0,0.0,0.0,0.0,0.0,0.0,0.0,0.0,0.0,0.0,0.0,0.0,0.0,0.0,0.0,0.0,0.0,0.0,0.0,0.0,0.0,Split,265289,-,2026-05-02 05:00:00,https://www.vlr.gg/659476/all-gamers-vs-trace-esports-vct-2026-china-stage-1-ubqf,VCT 2026: China Stage 1
AG,Shr1mp,Skye,0.0,0.0,0.0,214.0,0.0,0.0,16.0,0.0,0.0,10.0,0.0,0.0,14.0,0.0,0.0,6.0,0.0,0.0,0.0,0.0,0.0,0.0,0.0,0.0,0.0,0.0,0.0,0.0,0.0,0.0,0.0,0.0,0.0,0.0,0.0,0.0,Split,265289,-,2026-05-02 05:00:00,https://www.vlr.gg/659476/all-gamers-vs-trace-esports-vct-2026-china-stage-1-ubqf,VCT 2026: China Stage 1
AG,Youze,Viper,0.0,0.0,0.0,198.0,0.0,0.0,14.0,0.0,0.0,12.0,0.0,0.0,6.0,0.0,0.0,2.0,0.0,0.0,0.0,0.0,0.0,0.0,0.0,0.0,0.0,0.0,0.0,0.0,0.0,0.0,0.0,0.0,0.0,0.0,0.0,0.0,Split,265289,-,2026-05-02 05:00:00,https://www.vlr.gg/659476/all-gamers-vs-trace-esports-vct-2026-china-stage-1-ubqf,VCT 2026: China Stage 1
AG,iamgrq,Omen,0.0,0.0,0.0,142.0,0.0,0.0,8.0,0.0,0.0,13.0,0.0,0.0,14.0,0.0,0.0,-5.0,0.0,0.0,0.0,0.0,0.0,0.0,0.0,0.0,0.0,0.0,0.0,0.0,0.0,0.0,0.0,0.0,0.0,0.0,0.0,0.0,Split,265289,-,2026-05-02 05:00:00,https://www.vlr.gg/659476/all-gamers-vs-trace-esports-vct-2026-china-stage-1-ubqf,VCT 2026: China Stage 1
TE,Xlele,Waylay,0.0,0.0,0.0,235.0,0.0,0.0,15.0,0.0,0.0,17.0,0.0,0.0,1.0,0.0,0.0,-2.0,0.0,0.0,0.0,0.0,0.0,0.0,0.0,0.0,0.0,0.0,0.0,0.0,0.0,0.0,0.0,0.0,0.0,0.0,0.0,0.0,Split,265289,-,2026-05-02 05:00:00,https://www.vlr.gg/659476/all-gamers-vs-trace-esports-vct-2026-china-stage-1-ubqf,VCT 2026: China Stage 1
TE,Kai,Neon,0.0,0.0,0.0,194.0,0.0,0.0,13.0,0.0,0.0,17.0,0.0,0.0,2.0,0.0,0.0,-4.0,0.0,0.0,0.0,0.0,0.0,0.0,0.0,0.0,0.0,0.0,0.0,0.0,0.0,0.0,0.0,0.0,0.0,0.0,0.0,0.0,Split,265289,-,2026-05-02 05:00:00,https://www.vlr.gg/659476/all-gamers-vs-trace-esports-vct-2026-china-stage-1-ubqf,VCT 2026: China Stage 1
TE,Viva,Skye,0.0,0.0,0.0,169.0,0.0,0.0,11.0,0.0,0.0,13.0,0.0,0.0,7.0,0.0,0.0,-2.0,0.0,0.0,0.0,0.0,0.0,0.0,0.0,0.0,0.0,0.0,0.0,0.0,0.0,0.0,0.0,0.0,0.0,0.0,0.0,0.0,Split,265289,-,2026-05-02 05:00:00,https://www.vlr.gg/659476/all-gamers-vs-trace-esports-vct-2026-china-stage-1-ubqf,VCT 2026: China Stage 1
TE,deLb,Omen,0.0,0.0,0.0,154.0,0.0,0.0,11.0,0.0,0.0,15.0,0.0,0.0,3.0,0.0,0.0,-4.0,0.0,0.0,0.0,0.0,0.0,0.0,0.0,0.0,0.0,0.0,0.0,0.0,0.0,0.0,0.0,0.0,0.0,0.0,0.0,0.0,Split,265289,-,2026-05-02 05:00:00,https://www.vlr.gg/659476/all-gamers-vs-trace-esports-vct-2026-china-stage-1-ubqf,VCT 2026: China Stage 1
TE,Abo,Viper,0.0,0.0,0.0,129.0,0.0,0.0,9.0,0.0,0.0,14.0,0.0,0.0,3.0,0.0,0.0,-5.0,0.0,0.0,0.0,0.0,0.0,0.0,0.0,0.0,0.0,0.0,0.0,0.0,0.0,0.0,0.0,0.0,0.0,0.0,0.0,0.0,Split,265289,-,2026-05-02 05:00:00,https://www.vlr.gg/659476/all-gamers-vs-trace-esports-vct-2026-china-stage-1-ubqf,VCT 2026: China Stage 1
AG,f4ngeer,Jett,0.0,0.0,0.0,280.0,0.0,0.0,39.0,0.0,0.0,21.0,0.0,0.0,13.0,0.0,0.0,18.0,0.0,0.0,0.0,0.0,0.0,0.0,0.0,0.0,0.0,0.0,0.0,0.0,0.0,0.0,0.0,0.0,0.0,0.0,0.0,0.0,all,all,all,2026-05-02 05:00:00,https://www.vlr.gg/659476/all-gamers-vs-trace-esports-vct-2026-china-stage-1-ubqf,VCT 2026: China Stage 1
AG,Shr1mp,Skye,0.0,0.0,0.0,247.0,0.0,0.0,34.0,0.0,0.0,21.0,0.0,0.0,19.0,0.0,0.0,13.0,0.0,0.0,0.0,0.0,0.0,0.0,0.0,0.0,0.0,0.0,0.0,0.0,0.0,0.0,0.0,0.0,0.0,0.0,0.0,0.0,all,all,all,2026-05-02 05:00:00,https://www.vlr.gg/659476/all-gamers-vs-trace-esports-vct-2026-china-stage-1-ubqf,VCT 2026: China Stage 1
AG,K1ra,Raze,0.0,0.0,0.0,245.0,0.0,0.0,34.0,0.0,0.0,25.0,0.0,0.0,12.0,0.0,0.0,9.0,0.0,0.0,0.0,0.0,0.0,0.0,0.0,0.0,0.0,0.0,0.0,0.0,0.0,0.0,0.0,0.0,0.0,0.0,0.0,0.0,all,all,all,2026-05-02 05:00:00,https://www.vlr.gg/659476/all-gamers-vs-trace-esports-vct-2026-china-stage-1-ubqf,VCT 2026: China Stage 1
AG,Youze,Viper,0.0,0.0,0.0,199.0,0.0,0.0,26.0,0.0,0.0,27.0,0.0,0.0,15.0,0.0,0.0,-1.0,0.0,0.0,0.0,0.0,0.0,0.0,0.0,0.0,0.0,0.0,0.0,0.0,0.0,0.0,0.0,0.0,0.0,0.0,0.0,0.0,all,all,all,2026-05-02 05:00:00,https://www.vlr.gg/659476/all-gamers-vs-trace-esports-vct-2026-china-stage-1-ubqf,VCT 2026: China Stage 1
AG,iamgrq,Omen,0.0,0.0,0.0,143.0,0.0,0.0,20.0,0.0,0.0,22.0,0.0,0.0,20.0,0.0,0.0,-2.0,0.0,0.0,0.0,0.0,0.0,0.0,0.0,0.0,0.0,0.0,0.0,0.0,0.0,0.0,0.0,0.0,0.0,0.0,0.0,0.0,all,all,all,2026-05-02 05:00:00,https://www.vlr.gg/659476/all-gamers-vs-trace-esports-vct-2026-china-stage-1-ubqf,VCT 2026: China Stage 1
TE,Xlele,Waylay,0.0,0.0,0.0,246.0,0.0,0.0,32.0,0.0,0.0,33.0,0.0,0.0,3.0,0.0,0.0,-1.0,0.0,0.0,0.0,0.0,0.0,0.0,0.0,0.0,0.0,0.0,0.0,0.0,0.0,0.0,0.0,0.0,0.0,0.0,0.0,0.0,all,all,all,2026-05-02 05:00:00,https://www.vlr.gg/659476/all-gamers-vs-trace-esports-vct-2026-china-stage-1-ubqf,VCT 2026: China Stage 1
TE,Kai,Neon,0.0,0.0,0.0,174.0,0.0,0.0,24.0,0.0,0.0,31.0,0.0,0.0,3.0,0.0,0.0,-7.0,0.0,0.0,0.0,0.0,0.0,0.0,0.0,0.0,0.0,0.0,0.0,0.0,0.0,0.0,0.0,0.0,0.0,0.0,0.0,0.0,all,all,all,2026-05-02 05:00:00,https://www.vlr.gg/659476/all-gamers-vs-trace-esports-vct-2026-china-stage-1-ubqf,VCT 2026: China Stage 1
TE,deLb,Omen,0.0,0.0,0.0,172.0,0.0,0.0,24.0,0.0,0.0,32.0,0.0,0.0,13.0,0.0,0.0,-8.0,0.0,0.0,0.0,0.0,0.0,0.0,0.0,0.0,0.0,0.0,0.0,0.0,0.0,0.0,0.0,0.0,0.0,0.0,0.0,0.0,all,all,all,2026-05-02 05:00:00,https://www.vlr.gg/659476/all-gamers-vs-trace-esports-vct-2026-china-stage-1-ubqf,VCT 2026: China Stage 1
TE,Viva,Skye,0.0,0.0,0.0,158.0,0.0,0.0,20.0,0.0,0.0,27.0,0.0,0.0,15.0,0.0,0.0,-7.0,0.0,0.0,0.0,0.0,0.0,0.0,0.0,0.0,0.0,0.0,0.0,0.0,0.0,0.0,0.0,0.0,0.0,0.0,0.0,0.0,all,all,all,2026-05-02 05:00:00,https://www.vlr.gg/659476/all-gamers-vs-trace-esports-vct-2026-china-stage-1-ubqf,VCT 2026: China Stage 1
TE,Abo,Viper,0.0,0.0,0.0,118.0,0.0,0.0,16.0,0.0,0.0,30.0,0.0,0.0,6.0,0.0,0.0,-14.0,0.0,0.0,0.0,0.0,0.0,0.0,0.0,0.0,0.0,0.0,0.0,0.0,0.0,0.0,0.0,0.0,0.0,0.0,0.0,0.0,all,all,all,2026-05-02 05:00:00,https://www.vlr.gg/659476/all-gamers-vs-trace-esports-vct-2026-china-stage-1-ubqf,VCT 2026: China Stage 1
EDG,CHICHOO,Cypher,1.31,1.36,1.23,287.0,312.0,250.0,21.0,14.0,7.0,18.0,11.0,7.0,7.0,3.0,4.0,3.0,3.0,0.0,0.85,0.83,0.88,170.0,174.0,164.0,0.37,0.37,0.39,4.0,3.0,1.0,1.0,1.0,0.0,3.0,2.0,1.0,Lotus,265292,54:44,2026-05-02 07:10:00,https://www.vlr.gg/659477/edward-gaming-vs-dragon-ranger-gaming-vct-2026-china-stage-1-ubqf,VCT 2026: China Stage 1
EDG,Smoggy,Phoenix,1.24,1.27,1.2,268.0,308.0,208.0,18.0,12.0,6.0,17.0,11.0,6.0,12.0,7.0,5.0,1.0,1.0,0.0,0.8,0.92,0.63,177.0,209.0,129.0,0.31,0.29,0.36,2.0,0.0,2.0,2.0,0.0,2.0,0.0,0.0,0.0,Lotus,265292,54:44,2026-05-02 07:10:00,https://www.vlr.gg/659477/edward-gaming-vs-dragon-ranger-gaming-vct-2026-china-stage-1-ubqf,VCT 2026: China Stage 1
EDG,ZmjjKK,Raze,0.89,0.69,1.2,210.0,160.0,285.0,15.0,6.0,9.0,18.0,10.0,8.0,4.0,4.0,0.0,-3.0,-4.0,1.0,0.7,0.75,0.63,137.0,117.0,167.0,0.21,0.19,0.24,2.0,1.0,1.0,3.0,2.0,1.0,-1.0,-1.0,0.0,Lotus,265292,54:44,2026-05-02 07:10:00,https://www.vlr.gg/659477/edward-gaming-vs-dragon-ranger-gaming-vct-2026-china-stage-1-ubqf,VCT 2026: China Stage 1
EDG,nobody,Fade,0.76,0.79,0.7,164.0,152.0,182.0,11.0,7.0,4.0,17.0,10.0,7.0,2.0,1.0,1.0,-6.0,-3.0,-3.0,0.65,0.67,0.63,116.0,107.0,130.0,0.38,0.53,0.24,0.0,0.0,0.0,2.0,1.0,1.0,-2.0,-1.0,-1.0,Lotus,265292,54:44,2026-05-02 07:10:00,https://www.vlr.gg/659477/edward-gaming-vs-dragon-ranger-gaming-vct-2026-china-stage-1-ubqf,VCT 2026: China Stage 1
EDG,Jieni7,Omen,0.5,0.57,0.4,118.0,108.0,133.0,7.0,5.0,2.0,17.0,9.0,8.0,14.0,8.0,6.0,-10.0,-4.0,-6.0,0.75,0.67,0.88,78.0,59.0,107.0,0.21,0.13,0.31,1.0,1.0,0.0,3.0,3.0,0.0,-2.0,-2.0,0.0,Lotus,265292,54:44,2026-05-02 07:10:00,https://www.vlr.gg/659477/edward-gaming-vs-dragon-ranger-gaming-vct-2026-china-stage-1-ubqf,VCT 2026: China Stage 1
DRG,Nicc,Skye,1.38,1.25,1.46,247.0,192.0,284.0,18.0,6.0,12.0,12.0,5.0,7.0,13.0,7.0,6.0,6.0,1.0,5.0,0.8,0.88,0.75,162.0,138.0,178.0,0.41,0.62,0.31,1.0,1.0,0.0,0.0,0.0,0.0,1.0,1.0,0.0,Lotus,265292,54:44,2026-05-02 07:10:00,https://www.vlr.gg/659477/edward-gaming-vs-dragon-ranger-gaming-vct-2026-china-stage-1-ubqf,VCT 2026: China Stage 1
DRG,vo0kashu,Cypher,1.36,1.08,1.55,253.0,252.0,254.0,19.0,7.0,12.0,12.0,6.0,6.0,6.0,3.0,3.0,7.0,1.0,6.0,0.85,0.88,0.83,163.0,148.0,173.0,0.27,0.31,0.26,3.0,2.0,1.0,0.0,0.0,0.0,3.0,2.0,1.0,Lotus,265292,54:44,2026-05-02 07:10:00,https://www.vlr.gg/659477/edward-gaming-vs-dragon-ranger-gaming-vct-2026-china-stage-1-ubqf,VCT 2026: China Stage 1
DRG,Life,Neon,1.13,2.16,0.44,254.0,400.0,157.0,20.0,13.0,7.0,17.0,5.0,12.0,4.0,2.0,2.0,3.0,8.0,-5.0,0.75,0.88,0.67,178.0,290.0,103.0,0.45,0.44,0.47,1.0,0.0,1.0,1.0,0.0,1.0,0.0,0.0,0.0,Lotus,265292,54:44,2026-05-02 07:10:00,https://www.vlr.gg/659477/edward-gaming-vs-dragon-ranger-gaming-vct-2026-china-stage-1-ubqf,VCT 2026: China Stage 1
DRG,SpiritZ1,Waylay,1.07,0.23,1.64,292.0,158.0,381.0,19.0,4.0,15.0,17.0,7.0,10.0,8.0,1.0,7.0,2.0,-3.0,5.0,0.65,0.5,0.75,197.0,101.0,261.0,0.31,0.5,0.27,4.0,1.0,3.0,6.0,4.0,2.0,-2.0,-3.0,1.0,Lotus,265292,54:44,2026-05-02 07:10:00,https://www.vlr.gg/659477/edward-gaming-vs-dragon-ranger-gaming-vct-2026-china-stage-1-ubqf,VCT 2026: China Stage 1
DRG,Flex1n,Omen,0.8,1.1,0.6,166.0,184.0,154.0,11.0,6.0,5.0,14.0,5.0,9.0,9.0,6.0,3.0,-3.0,1.0,-4.0,0.8,1.0,0.67,105.0,118.0,96.0,0.28,0.5,0.15,2.0,0.0,2.0,2.0,0.0,2.0,0.0,0.0,0.0,Lotus,265292,54:44,2026-05-02 07:10:00,https://www.vlr.gg/659477/edward-gaming-vs-dragon-ranger-gaming-vct-2026-china-stage-1-ubqf,VCT 2026: China Stage 1
EDG,CHICHOO,Cypher,1.31,1.43,1.2,224.0,265.0,188.0,48.0,26.0,22.0,36.0,20.0,16.0,24.0,10.0,14.0,12.0,6.0,6.0,0.77,0.68,0.84,142.0,168.0,120.0,0.29,0.37,0.22,4.0,3.0,1.0,5.0,2.0,3.0,-1.0,1.0,-2.0,all,all,all,2026-05-02 07:10:00,https://www.vlr.gg/659477/edward-gaming-vs-dragon-ranger-gaming-vct-2026-china-stage-1-ubqf,VCT 2026: China Stage 1
EDG,ZmjjKK,Raze,1.08,0.77,1.35,243.0,205.0,277.0,51.0,17.0,34.0,44.0,25.0,19.0,9.0,7.0,2.0,7.0,-8.0,15.0,0.73,0.61,0.84,159.0,140.0,175.0,0.31,0.27,0.32,10.0,5.0,5.0,8.0,7.0,1.0,2.0,-2.0,4.0,all,all,all,2026-05-02 07:10:00,https://www.vlr.gg/659477/edward-gaming-vs-dragon-ranger-gaming-vct-2026-china-stage-1-ubqf,VCT 2026: China Stage 1
EDG,Smoggy,Phoenix,1.07,1.03,1.11,223.0,229.0,218.0,47.0,23.0,24.0,45.0,24.0,21.0,25.0,9.0,16.0,2.0,-1.0,3.0,0.78,0.79,0.78,130.0,138.0,124.0,0.18,0.17,0.14,8.0,0.0,8.0,7.0,3.0,4.0,1.0,-3.0,4.0,all,all,all,2026-05-02 07:10:00,https://www.vlr.gg/659477/edward-gaming-vs-dragon-ranger-gaming-vct-2026-china-stage-1-ubqf,VCT 2026: China Stage 1
EDG,nobody,Fade,1.0,0.75,1.22,182.0,118.0,238.0,37.0,11.0,26.0,39.0,20.0,19.0,14.0,8.0,6.0,-2.0,-9.0,7.0,0.72,0.57,0.84,117.0,76.0,153.0,0.31,0.38,0.29,5.0,1.0,4.0,6.0,3.0,3.0,-1.0,-2.0,1.0,all,all,all,2026-05-02 07:10:00,https://www.vlr.gg/659477/edward-gaming-vs-dragon-ranger-gaming-vct-2026-china-stage-1-ubqf,VCT 2026: China Stage 1
EDG,Jieni7,Omen,0.96,0.67,1.21,185.0,131.0,232.0,39.0,13.0,26.0,41.0,22.0,19.0,38.0,16.0,22.0,-2.0,-9.0,7.0,0.75,0.64,0.84,116.0,78.0,149.0,0.2,0.15,0.22,3.0,1.0,2.0,4.0,3.0,1.0,-1.0,-2.0,1.0,all,all,all,2026-05-02 07:10:00,https://www.vlr.gg/659477/edward-gaming-vs-dragon-ranger-gaming-vct-2026-china-stage-1-ubqf,VCT 2026: China Stage 1
DRG,vo0kashu,Cypher,1.05,0.86,1.26,191.0,174.0,209.0,40.0,19.0,21.0,39.0,25.0,14.0,15.0,7.0,8.0,1.0,-6.0,7.0,0.72,0.69,0.75,127.0,109.0,148.0,0.25,0.25,0.26,3.0,2.0,1.0,1.0,1.0,0.0,2.0,1.0,1.0,all,all,all,2026-05-02 07:10:00,https://www.vlr.gg/659477/edward-gaming-vs-dragon-ranger-gaming-vct-2026-china-stage-1-ubqf,VCT 2026: China Stage 1
DRG,Flex1n,Omen,0.98,1.03,0.92,184.0,192.0,176.0,38.0,23.0,15.0,43.0,26.0,17.0,31.0,17.0,14.0,-5.0,-3.0,-2.0,0.78,0.78,0.79,110.0,117.0,102.0,0.3,0.44,0.18,4.0,0.0,4.0,4.0,2.0,2.0,0.0,-2.0,2.0,all,all,all,2026-05-02 07:10:00,https://www.vlr.gg/659477/edward-gaming-vs-dragon-ranger-gaming-vct-2026-china-stage-1-ubqf,VCT 2026: China Stage 1
DRG,Nicc,Skye,0.95,0.91,1.0,159.0,144.0,176.0,32.0,15.0,17.0,38.0,22.0,16.0,22.0,13.0,9.0,-6.0,-7.0,1.0,0.7,0.69,0.71,109.0,105.0,113.0,0.35,0.49,0.27,3.0,1.0,2.0,6.0,3.0,3.0,-3.0,-2.0,-1.0,all,all,all,2026-05-02 07:10:00,https://www.vlr.gg/659477/edward-gaming-vs-dragon-ranger-gaming-vct-2026-china-stage-1-ubqf,VCT 2026: China Stage 1
DRG,SpiritZ1,Waylay,0.92,0.29,1.64,245.0,113.0,396.0,52.0,12.0,40.0,51.0,30.0,21.0,16.0,5.0,11.0,1.0,-18.0,19.0,0.63,0.5,0.79,156.0,70.0,256.0,0.33,0.35,0.32,13.0,4.0,9.0,12.0,10.0,2.0,1.0,-6.0,7.0,all,all,all,2026-05-02 07:10:00,https://www.vlr.gg/659477/edward-gaming-vs-dragon-ranger-gaming-vct-2026-china-stage-1-ubqf,VCT 2026: China Stage 1
DRG,Life,Neon,0.84,0.93,0.74,198.0,220.0,172.0,43.0,25.0,18.0,51.0,29.0,22.0,10.0,5.0,5.0,-8.0,-4.0,-4.0,0.67,0.63,0.71,132.0,153.0,108.0,0.41,0.38,0.47,7.0,5.0,2.0,7.0,4.0,3.0,0.0,1.0,-1.0,all,all,all,2026-05-02 07:10:00,https://www.vlr.gg/659477/edward-gaming-vs-dragon-ranger-gaming-vct-2026-china-stage-1-ubqf,VCT 2026: China Stage 1
EDG,CHICHOO,Viper,1.41,1.36,1.44,213.0,216.0,211.0,15.0,6.0,9.0,9.0,4.0,5.0,11.0,3.0,8.0,6.0,2.0,4.0,0.75,0.63,0.83,138.0,143.0,135.0,0.22,0.29,0.19,0.0,0.0,0.0,1.0,1.0,0.0,-1.0,-1.0,0.0,Split,265293,43:40,2026-05-02 07:10:00,https://www.vlr.gg/659477/edward-gaming-vs-dragon-ranger-gaming-vct-2026-china-stage-1-ubqf,VCT 2026: China Stage 1
EDG,ZmjjKK,Jett,1.21,0.84,1.45,263.0,250.0,272.0,18.0,5.0,13.0,13.0,8.0,5.0,4.0,3.0,1.0,5.0,-3.0,8.0,0.75,0.5,0.92,188.0,173.0,198.0,0.28,0.22,0.35,3.0,2.0,1.0,2.0,2.0,0.0,1.0,0.0,1.0,Split,265293,43:40,2026-05-02 07:10:00,https://www.vlr.gg/659477/edward-gaming-vs-dragon-ranger-gaming-vct-2026-china-stage-1-ubqf,VCT 2026: China Stage 1
EDG,Smoggy,Raze,1.11,0.82,1.3,229.0,179.0,262.0,17.0,6.0,11.0,13.0,7.0,6.0,2.0,0.0,2.0,4.0,-1.0,5.0,0.75,0.63,0.83,117.0,83.0,140.0,0.07,0.05,0.08,4.0,0.0,4.0,4.0,3.0,1.0,0.0,-3.0,3.0,Split,265293,43:40,2026-05-02 07:10:00,https://www.vlr.gg/659477/edward-gaming-vs-dragon-ranger-gaming-vct-2026-china-stage-1-ubqf,VCT 2026: China Stage 1
EDG,Jieni7,Omen,1.04,0.79,1.21,197.0,137.0,237.0,15.0,4.0,11.0,11.0,6.0,5.0,4.0,2.0,2.0,4.0,-2.0,6.0,0.7,0.63,0.75,123.0,81.0,151.0,0.13,0.17,0.11,2.0,0.0,2.0,1.0,0.0,1.0,1.0,0.0,1.0,Split,265293,43:40,2026-05-02 07:10:00,https://www.vlr.gg/659477/edward-gaming-vs-dragon-ranger-gaming-vct-2026-china-stage-1-ubqf,VCT 2026: China Stage 1
EDG,nobody,Skye,0.91,0.65,1.08,147.0,60.0,205.0,10.0,1.0,9.0,11.0,5.0,6.0,9.0,6.0,3.0,-1.0,-4.0,3.0,0.75,0.5,0.92,81.0,31.0,114.0,0.23,0.09,0.3,2.0,0.0,2.0,1.0,0.0,1.0,1.0,0.0,1.0,Split,265293,43:40,2026-05-02 07:10:00,https://www.vlr.gg/659477/edward-gaming-vs-dragon-ranger-gaming-vct-2026-china-stage-1-ubqf,VCT 2026: China Stage 1
DRG,vo0kashu,Cypher,1.03,0.79,1.38,188.0,148.0,248.0,12.0,6.0,6.0,14.0,10.0,4.0,7.0,2.0,5.0,-2.0,-4.0,2.0,0.65,0.67,0.63,124.0,92.0,172.0,0.25,0.26,0.24,0.0,0.0,0.0,1.0,1.0,0.0,-1.0,-1.0,0.0,Split,265293,43:40,2026-05-02 07:10:00,https://www.vlr.gg/659477/edward-gaming-vs-dragon-ranger-gaming-vct-2026-china-stage-1-ubqf,VCT 2026: China Stage 1
DRG,Flex1n,Omen,0.92,0.66,1.3,155.0,139.0,179.0,10.0,5.0,5.0,14.0,11.0,3.0,15.0,8.0,7.0,-4.0,-6.0,2.0,0.7,0.58,0.88,92.0,87.0,100.0,0.37,0.43,0.31,1.0,0.0,1.0,2.0,2.0,0.0,-1.0,-2.0,1.0,Split,265293,43:40,2026-05-02 07:10:00,https://www.vlr.gg/659477/edward-gaming-vs-dragon-ranger-gaming-vct-2026-china-stage-1-ubqf,VCT 2026: China Stage 1
DRG,SpiritZ1,Waylay,0.85,0.35,1.61,191.0,101.0,326.0,15.0,4.0,11.0,17.0,12.0,5.0,6.0,3.0,3.0,-2.0,-8.0,6.0,0.65,0.5,0.88,116.0,58.0,203.0,0.3,0.31,0.29,4.0,1.0,3.0,2.0,2.0,0.0,2.0,-1.0,3.0,Split,265293,43:40,2026-05-02 07:10:00,https://www.vlr.gg/659477/edward-gaming-vs-dragon-ranger-gaming-vct-2026-china-stage-1-ubqf,VCT 2026: China Stage 1
DRG,Life,Neon,0.8,0.65,1.02,182.0,178.0,188.0,13.0,7.0,6.0,17.0,12.0,5.0,2.0,0.0,2.0,-4.0,-5.0,1.0,0.65,0.5,0.88,123.0,127.0,117.0,0.36,0.38,0.33,3.0,2.0,1.0,3.0,2.0,1.0,0.0,0.0,0.0,Split,265293,43:40,2026-05-02 07:10:00,https://www.vlr.gg/659477/edward-gaming-vs-dragon-ranger-gaming-vct-2026-china-stage-1-ubqf,VCT 2026: China Stage 1
DRG,Nicc,Skye,0.8,0.98,0.54,136.0,155.0,108.0,7.0,5.0,2.0,13.0,8.0,5.0,5.0,2.0,3.0,-6.0,-3.0,-3.0,0.6,0.58,0.63,103.0,116.0,84.0,0.32,0.44,0.2,1.0,0.0,1.0,3.0,2.0,1.0,-2.0,-2.0,0.0,Split,265293,43:40,2026-05-02 07:10:00,https://www.vlr.gg/659477/edward-gaming-vs-dragon-ranger-gaming-vct-2026-china-stage-1-ubqf,VCT 2026: China Stage 1
EDG,Jieni7,Kayo,1.33,0.7,1.75,239.0,159.0,292.0,17.0,4.0,13.0,13.0,7.0,6.0,20.0,6.0,14.0,4.0,-3.0,7.0,0.8,0.63,0.92,146.0,103.0,175.0,0.25,0.14,0.32,0.0,0.0,0.0,0.0,0.0,0.0,0.0,0.0,0.0,Breeze,265294,42:50,2026-05-02 07:10:00,https://www.vlr.gg/659477/edward-gaming-vs-dragon-ranger-gaming-vct-2026-china-stage-1-ubqf,VCT 2026: China Stage 1
EDG,nobody,Sova,1.33,0.79,1.7,234.0,124.0,307.0,16.0,3.0,13.0,11.0,5.0,6.0,3.0,1.0,2.0,5.0,-2.0,7.0,0.75,0.5,0.92,154.0,76.0,206.0,0.33,0.5,0.31,3.0,1.0,2.0,3.0,2.0,1.0,0.0,-1.0,1.0,Breeze,265294,42:50,2026-05-02 07:10:00,https://www.vlr.gg/659477/edward-gaming-vs-dragon-ranger-gaming-vct-2026-china-stage-1-ubqf,VCT 2026: China Stage 1
EDG,CHICHOO,Viper,1.21,1.62,0.95,172.0,244.0,124.0,12.0,6.0,6.0,9.0,5.0,4.0,6.0,4.0,2.0,3.0,1.0,2.0,0.7,0.5,0.83,119.0,185.0,75.0,0.27,0.47,0.11,0.0,0.0,0.0,3.0,0.0,3.0,-3.0,0.0,-3.0,Breeze,265294,42:50,2026-05-02 07:10:00,https://www.vlr.gg/659477/edward-gaming-vs-dragon-ranger-gaming-vct-2026-china-stage-1-ubqf,VCT 2026: China Stage 1
EDG,ZmjjKK,Jett,1.14,0.82,1.35,257.0,228.0,276.0,18.0,6.0,12.0,13.0,7.0,6.0,1.0,0.0,1.0,5.0,-1.0,6.0,0.75,0.5,0.92,152.0,143.0,158.0,0.43,0.6,0.36,5.0,2.0,3.0,3.0,3.0,0.0,2.0,-1.0,3.0,Breeze,265294,42:50,2026-05-02 07:10:00,https://www.vlr.gg/659477/edward-gaming-vs-dragon-ranger-gaming-vct-2026-china-stage-1-ubqf,VCT 2026: China Stage 1
EDG,Smoggy,Harbor,0.88,0.9,0.86,173.0,161.0,181.0,12.0,5.0,7.0,15.0,6.0,9.0,11.0,2.0,9.0,-3.0,-1.0,-2.0,0.8,0.75,0.83,97.0,86.0,104.0,0.16,0.08,0.23,2.0,0.0,2.0,1.0,0.0,1.0,1.0,0.0,1.0,Breeze,265294,42:50,2026-05-02 07:10:00,https://www.vlr.gg/659477/edward-gaming-vs-dragon-ranger-gaming-vct-2026-china-stage-1-ubqf,VCT 2026: China Stage 1
DRG,Flex1n,Astra,1.22,1.35,1.02,232.0,250.0,205.0,17.0,12.0,5.0,15.0,10.0,5.0,7.0,3.0,4.0,2.0,2.0,0.0,0.85,0.83,0.88,134.0,147.0,115.0,0.24,0.4,0.14,1.0,0.0,1.0,0.0,0.0,0.0,1.0,0.0,1.0,Breeze,265294,42:50,2026-05-02 07:10:00,https://www.vlr.gg/659477/edward-gaming-vs-dragon-ranger-gaming-vct-2026-china-stage-1-ubqf,VCT 2026: China Stage 1
DRG,SpiritZ1,Waylay,0.82,0.26,1.66,251.0,94.0,487.0,18.0,4.0,14.0,17.0,11.0,6.0,2.0,1.0,1.0,1.0,-7.0,8.0,0.6,0.5,0.75,156.0,60.0,300.0,0.37,0.29,0.41,5.0,2.0,3.0,4.0,4.0,0.0,1.0,-2.0,3.0,Breeze,265294,42:50,2026-05-02 07:10:00,https://www.vlr.gg/659477/edward-gaming-vs-dragon-ranger-gaming-vct-2026-china-stage-1-ubqf,VCT 2026: China Stage 1
DRG,vo0kashu,Viper,0.76,0.78,0.72,131.0,149.0,104.0,9.0,6.0,3.0,13.0,9.0,4.0,2.0,2.0,0.0,-4.0,-3.0,-1.0,0.65,0.58,0.75,95.0,100.0,88.0,0.24,0.2,0.33,0.0,0.0,0.0,0.0,0.0,0.0,0.0,0.0,0.0,Breeze,265294,42:50,2026-05-02 07:10:00,https://www.vlr.gg/659477/edward-gaming-vs-dragon-ranger-gaming-vct-2026-china-stage-1-ubqf,VCT 2026: China Stage 1
DRG,Nicc,Skye,0.68,0.62,0.76,94.0,102.0,82.0,7.0,4.0,3.0,13.0,9.0,4.0,4.0,4.0,0.0,-6.0,-5.0,-1.0,0.7,0.67,0.75,61.0,72.0,45.0,0.33,0.4,0.2,1.0,0.0,1.0,3.0,1.0,2.0,-2.0,-1.0,-1.0,Breeze,265294,42:50,2026-05-02 07:10:00,https://www.vlr.gg/659477/edward-gaming-vs-dragon-ranger-gaming-vct-2026-china-stage-1-ubqf,VCT 2026: China Stage 1
DRG,Life,Neon,0.6,0.39,0.91,157.0,143.0,178.0,10.0,5.0,5.0,17.0,12.0,5.0,4.0,3.0,1.0,-7.0,-7.0,0.0,0.6,0.58,0.63,95.0,88.0,106.0,0.42,0.25,0.75,3.0,3.0,0.0,3.0,2.0,1.0,0.0,1.0,-1.0,Breeze,265294,42:50,2026-05-02 07:10:00,https://www.vlr.gg/659477/edward-gaming-vs-dragon-ranger-gaming-vct-2026-china-stage-1-ubqf,VCT 2026: China Stage 1
TEC,Dynamite,Phoenix,1.7,1.61,1.82,333.0,417.0,221.0,23.0,16.0,7.0,13.0,10.0,3.0,9.0,2.0,7.0,10.0,6.0,4.0,0.86,0.75,1.0,230.0,285.0,157.0,0.23,0.24,0.19,5.0,4.0,1.0,2.0,1.0,1.0,3.0,3.0,0.0,Pearl,265309,1:02:50,2026-05-03 05:00:00,https://www.vlr.gg/659482/titan-esports-club-vs-tyloo-vct-2026-china-stage-1-lr1,VCT 2026: China Stage 1
TEC,lucas,Fade,1.45,1.31,1.63,272.0,204.0,363.0,21.0,9.0,12.0,12.0,6.0,6.0,6.0,3.0,3.0,9.0,3.0,6.0,0.76,0.83,0.67,176.0,137.0,228.0,0.25,0.22,0.28,1.0,1.0,0.0,1.0,0.0,1.0,0.0,1.0,-1.0,Pearl,265309,1:02:50,2026-05-03 05:00:00,https://www.vlr.gg/659482/titan-esports-club-vs-tyloo-vct-2026-china-stage-1-lr1,VCT 2026: China Stage 1
TEC,Coco,Killjoy,0.91,0.72,1.16,184.0,120.0,269.0,12.0,4.0,8.0,15.0,8.0,7.0,5.0,2.0,3.0,-3.0,-4.0,1.0,0.71,0.58,0.89,137.0,87.0,204.0,0.28,0.29,0.28,0.0,0.0,0.0,1.0,0.0,1.0,-1.0,0.0,-1.0,Pearl,265309,1:02:50,2026-05-03 05:00:00,https://www.vlr.gg/659482/titan-esports-club-vs-tyloo-vct-2026-china-stage-1-lr1,VCT 2026: China Stage 1
TEC,Spitfires,Neon,0.88,0.93,0.8,144.0,146.0,141.0,12.0,6.0,6.0,14.0,8.0,6.0,3.0,2.0,1.0,-2.0,-2.0,0.0,0.62,0.5,0.78,91.0,108.0,68.0,0.21,0.26,0.13,2.0,1.0,1.0,3.0,2.0,1.0,-1.0,-1.0,0.0,Pearl,265309,1:02:50,2026-05-03 05:00:00,https://www.vlr.gg/659482/titan-esports-club-vs-tyloo-vct-2026-china-stage-1-lr1,VCT 2026: China Stage 1
TEC,Haodong,Astra,0.65,0.51,0.83,157.0,113.0,216.0,10.0,5.0,5.0,16.0,9.0,7.0,12.0,4.0,8.0,-6.0,-4.0,-2.0,0.62,0.5,0.78,106.0,61.0,166.0,0.2,0.22,0.19,3.0,2.0,1.0,3.0,1.0,2.0,0.0,1.0,-1.0,Pearl,265309,1:02:50,2026-05-03 05:00:00,https://www.vlr.gg/659482/titan-esports-club-vs-tyloo-vct-2026-china-stage-1-lr1,VCT 2026: China Stage 1
TYL,slowly,Astra,1.15,1.06,1.22,215.0,196.0,229.0,16.0,7.0,9.0,14.0,7.0,7.0,6.0,1.0,5.0,2.0,0.0,2.0,0.76,0.67,0.83,138.0,122.0,150.0,0.3,0.28,0.31,2.0,1.0,1.0,1.0,1.0,0.0,1.0,0.0,1.0,Pearl,265309,1:02:50,2026-05-03 05:00:00,https://www.vlr.gg/659482/titan-esports-club-vs-tyloo-vct-2026-china-stage-1-lr1,VCT 2026: China Stage 1
TYL,Erv,Phoenix,1.11,1.35,0.94,279.0,307.0,258.0,19.0,10.0,9.0,16.0,7.0,9.0,7.0,3.0,4.0,3.0,3.0,0.0,0.71,0.78,0.67,170.0,186.0,158.0,0.19,0.19,0.19,3.0,1.0,2.0,4.0,1.0,3.0,-1.0,0.0,-1.0,Pearl,265309,1:02:50,2026-05-03 05:00:00,https://www.vlr.gg/659482/titan-esports-club-vs-tyloo-vct-2026-china-stage-1-lr1,VCT 2026: China Stage 1
TYL,Scales,Cypher,0.83,0.61,0.99,187.0,180.0,192.0,13.0,5.0,8.0,16.0,8.0,8.0,7.0,4.0,3.0,-3.0,-3.0,0.0,0.71,0.89,0.58,132.0,123.0,139.0,0.2,0.26,0.17,2.0,1.0,1.0,1.0,0.0,1.0,1.0,1.0,0.0,Pearl,265309,1:02:50,2026-05-03 05:00:00,https://www.vlr.gg/659482/titan-esports-club-vs-tyloo-vct-2026-china-stage-1-lr1,VCT 2026: China Stage 1
TYL,splash,Neon,0.83,0.76,0.89,183.0,168.0,194.0,12.0,5.0,7.0,19.0,9.0,10.0,6.0,3.0,3.0,-7.0,-4.0,-3.0,0.71,0.89,0.58,131.0,127.0,134.0,0.33,0.44,0.28,3.0,3.0,0.0,5.0,1.0,4.0,-2.0,2.0,-4.0,Pearl,265309,1:02:50,2026-05-03 05:00:00,https://www.vlr.gg/659482/titan-esports-club-vs-tyloo-vct-2026-china-stage-1-lr1,VCT 2026: China Stage 1
TYL,sword9,Fade,0.8,0.47,1.04,127.0,73.0,168.0,10.0,2.0,8.0,13.0,7.0,6.0,6.0,3.0,3.0,-3.0,-5.0,2.0,0.76,0.56,0.92,78.0,50.0,99.0,0.19,0.1,0.24,0.0,0.0,0.0,0.0,0.0,0.0,0.0,0.0,0.0,Pearl,265309,1:02:50,2026-05-03 05:00:00,https://www.vlr.gg/659482/titan-esports-club-vs-tyloo-vct-2026-china-stage-1-lr1,VCT 2026: China Stage 1
TEC,lucas,Fade,1.32,1.1,1.57,268.0,208.0,335.0,64.0,26.0,38.0,47.0,25.0,22.0,16.0,9.0,7.0,17.0,1.0,16.0,0.73,0.69,0.77,176.0,140.0,217.0,0.29,0.24,0.33,3.0,1.0,2.0,5.0,4.0,1.0,-2.0,-3.0,1.0,all,all,all,2026-05-03 05:00:00,https://www.vlr.gg/659482/titan-esports-club-vs-tyloo-vct-2026-china-stage-1-lr1,VCT 2026: China Stage 1
TEC,Coco,Killjoy,1.06,0.85,1.3,203.0,165.0,251.0,44.0,19.0,25.0,49.0,29.0,20.0,32.0,15.0,17.0,-5.0,-10.0,5.0,0.75,0.67,0.84,144.0,110.0,184.0,0.29,0.32,0.27,3.0,0.0,3.0,5.0,2.0,3.0,-2.0,-2.0,0.0,all,all,all,2026-05-03 05:00:00,https://www.vlr.gg/659482/titan-esports-club-vs-tyloo-vct-2026-china-stage-1-lr1,VCT 2026: China Stage 1
TEC,Dynamite,Phoenix,1.0,0.88,1.14,219.0,234.0,192.0,47.0,27.0,20.0,49.0,31.0,18.0,16.0,3.0,13.0,-2.0,-4.0,2.0,0.7,0.61,0.81,151.0,163.0,137.0,0.21,0.19,0.26,9.0,5.0,4.0,17.0,11.0,6.0,-8.0,-6.0,-2.0,all,all,all,2026-05-03 05:00:00,https://www.vlr.gg/659482/titan-esports-club-vs-tyloo-vct-2026-china-stage-1-lr1,VCT 2026: China Stage 1
TEC,Haodong,Astra,0.91,0.73,1.12,193.0,176.0,215.0,46.0,22.0,24.0,48.0,30.0,18.0,21.0,8.0,13.0,-2.0,-8.0,6.0,0.69,0.61,0.77,127.0,106.0,151.0,0.26,0.32,0.23,5.0,4.0,1.0,6.0,3.0,3.0,-1.0,1.0,-2.0,all,all,all,2026-05-03 05:00:00,https://www.vlr.gg/659482/titan-esports-club-vs-tyloo-vct-2026-china-stage-1-lr1,VCT 2026: China Stage 1
TEC,Spitfires,Neon,0.62,0.66,0.57,136.0,143.0,129.0,34.0,17.0,17.0,53.0,30.0,23.0,6.0,4.0,2.0,-19.0,-13.0,-6.0,0.54,0.5,0.58,81.0,95.0,65.0,0.22,0.22,0.24,5.0,1.0,4.0,9.0,5.0,4.0,-4.0,-4.0,0.0,all,all,all,2026-05-03 05:00:00,https://www.vlr.gg/659482/titan-esports-club-vs-tyloo-vct-2026-china-stage-1-lr1,VCT 2026: China Stage 1
TYL,slowly,Astra,1.24,1.32,1.17,224.0,248.0,204.0,54.0,28.0,26.0,41.0,21.0,20.0,22.0,7.0,15.0,13.0,7.0,6.0,0.84,0.81,0.86,147.0,165.0,132.0,0.32,0.32,0.3,8.0,3.0,5.0,2.0,1.0,1.0,6.0,2.0,4.0,all,all,all,2026-05-03 05:00:00,https://www.vlr.gg/659482/titan-esports-club-vs-tyloo-vct-2026-china-stage-1-lr1,VCT 2026: China Stage 1
TYL,splash,Neon,1.18,0.59,1.69,238.0,146.0,319.0,58.0,15.0,43.0,49.0,28.0,21.0,14.0,9.0,5.0,9.0,-13.0,22.0,0.72,0.65,0.78,160.0,100.0,212.0,0.33,0.38,0.3,13.0,5.0,8.0,10.0,5.0,5.0,3.0,0.0,3.0,all,all,all,2026-05-03 05:00:00,https://www.vlr.gg/659482/titan-esports-club-vs-tyloo-vct-2026-china-stage-1-lr1,VCT 2026: China Stage 1
TYL,Erv,Phoenix,1.07,1.28,0.88,247.0,280.0,218.0,55.0,31.0,24.0,51.0,24.0,27.0,23.0,5.0,18.0,4.0,7.0,-3.0,0.75,0.71,0.78,157.0,178.0,140.0,0.28,0.29,0.26,10.0,6.0,4.0,9.0,6.0,3.0,1.0,0.0,1.0,all,all,all,2026-05-03 05:00:00,https://www.vlr.gg/659482/titan-esports-club-vs-tyloo-vct-2026-china-stage-1-lr1,VCT 2026: China Stage 1
TYL,Scales,Cypher,0.92,0.65,1.15,184.0,154.0,211.0,43.0,16.0,27.0,48.0,26.0,22.0,19.0,8.0,11.0,-5.0,-10.0,5.0,0.76,0.74,0.78,118.0,101.0,133.0,0.25,0.28,0.24,7.0,3.0,4.0,3.0,2.0,1.0,4.0,1.0,3.0,all,all,all,2026-05-03 05:00:00,https://www.vlr.gg/659482/titan-esports-club-vs-tyloo-vct-2026-china-stage-1-lr1,VCT 2026: China Stage 1
TYL,sword9,Fade,0.82,0.66,0.96,156.0,117.0,192.0,36.0,11.0,25.0,46.0,25.0,21.0,21.0,15.0,6.0,-10.0,-14.0,4.0,0.72,0.71,0.72,105.0,80.0,127.0,0.21,0.2,0.22,4.0,0.0,4.0,1.0,0.0,1.0,3.0,0.0,3.0,all,all,all,2026-05-03 05:00:00,https://www.vlr.gg/659482/titan-esports-club-vs-tyloo-vct-2026-china-stage-1-lr1,VCT 2026: China Stage 1
TEC,lucas,Skye,1.42,1.01,1.92,287.0,191.0,402.0,21.0,7.0,14.0,16.0,9.0,7.0,7.0,3.0,4.0,5.0,-2.0,7.0,0.68,0.5,0.9,191.0,124.0,271.0,0.35,0.23,0.48,1.0,0.0,1.0,2.0,2.0,0.0,-1.0,-2.0,1.0,Fracture,265310,49:07,2026-05-03 05:00:00,https://www.vlr.gg/659482/titan-esports-club-vs-tyloo-vct-2026-china-stage-1-lr1,VCT 2026: China Stage 1
TEC,Coco,Brimstone,1.06,0.86,1.3,173.0,161.0,187.0,13.0,7.0,6.0,16.0,11.0,5.0,17.0,8.0,9.0,-3.0,-4.0,1.0,0.82,0.75,0.9,110.0,105.0,116.0,0.32,0.33,0.31,2.0,0.0,2.0,0.0,0.0,0.0,2.0,0.0,2.0,Fracture,265310,49:07,2026-05-03 05:00:00,https://www.vlr.gg/659482/titan-esports-club-vs-tyloo-vct-2026-china-stage-1-lr1,VCT 2026: China Stage 1
TEC,Haodong,Cypher,0.95,0.71,1.23,218.0,190.0,252.0,17.0,8.0,9.0,16.0,11.0,5.0,3.0,0.0,3.0,1.0,-3.0,4.0,0.77,0.67,0.9,139.0,111.0,173.0,0.29,0.5,0.21,2.0,2.0,0.0,2.0,1.0,1.0,0.0,1.0,-1.0,Fracture,265310,49:07,2026-05-03 05:00:00,https://www.vlr.gg/659482/titan-esports-club-vs-tyloo-vct-2026-china-stage-1-lr1,VCT 2026: China Stage 1
TEC,Dynamite,Raze,0.71,0.79,0.62,197.0,211.0,180.0,13.0,7.0,6.0,18.0,10.0,8.0,2.0,0.0,2.0,-5.0,-3.0,-2.0,0.64,0.58,0.7,132.0,140.0,122.0,0.19,0.12,0.38,3.0,1.0,2.0,6.0,3.0,3.0,-3.0,-2.0,-1.0,Fracture,265310,49:07,2026-05-03 05:00:00,https://www.vlr.gg/659482/titan-esports-club-vs-tyloo-vct-2026-china-stage-1-lr1,VCT 2026: China Stage 1
TEC,Spitfires,Neon,0.41,0.19,0.67,90.0,75.0,108.0,8.0,3.0,5.0,17.0,11.0,6.0,0.0,0.0,0.0,-9.0,-8.0,-1.0,0.45,0.42,0.5,52.0,53.0,51.0,0.21,0.19,0.25,0.0,0.0,0.0,4.0,3.0,1.0,-4.0,-3.0,-1.0,Fracture,265310,49:07,2026-05-03 05:00:00,https://www.vlr.gg/659482/titan-esports-club-vs-tyloo-vct-2026-china-stage-1-lr1,VCT 2026: China Stage 1
TYL,splash,Neon,1.33,0.43,2.08,293.0,130.0,429.0,23.0,4.0,19.0,15.0,9.0,6.0,4.0,3.0,1.0,8.0,-5.0,13.0,0.68,0.4,0.92,184.0,81.0,270.0,0.38,0.39,0.38,6.0,0.0,6.0,2.0,1.0,1.0,4.0,-1.0,5.0,Fracture,265310,49:07,2026-05-03 05:00:00,https://www.vlr.gg/659482/titan-esports-club-vs-tyloo-vct-2026-china-stage-1-lr1,VCT 2026: China Stage 1
TYL,slowly,Brimstone,1.33,1.37,1.3,208.0,231.0,189.0,18.0,8.0,10.0,11.0,6.0,5.0,5.0,2.0,3.0,7.0,2.0,5.0,0.86,0.8,0.92,140.0,164.0,120.0,0.33,0.35,0.31,1.0,1.0,0.0,1.0,0.0,1.0,0.0,1.0,-1.0,Fracture,265310,49:07,2026-05-03 05:00:00,https://www.vlr.gg/659482/titan-esports-club-vs-tyloo-vct-2026-china-stage-1-lr1,VCT 2026: China Stage 1
TYL,Erv,Skye,1.04,0.89,1.17,225.0,222.0,228.0,16.0,8.0,8.0,17.0,9.0,8.0,13.0,1.0,12.0,-1.0,-1.0,0.0,0.77,0.6,0.92,142.0,129.0,153.0,0.27,0.32,0.24,3.0,2.0,1.0,3.0,3.0,0.0,0.0,-1.0,1.0,Fracture,265310,49:07,2026-05-03 05:00:00,https://www.vlr.gg/659482/titan-esports-club-vs-tyloo-vct-2026-china-stage-1-lr1,VCT 2026: China Stage 1
TYL,Scales,Cypher,0.93,0.8,1.03,168.0,170.0,166.0,13.0,6.0,7.0,14.0,8.0,6.0,4.0,2.0,2.0,-1.0,-2.0,1.0,0.82,0.8,0.83,107.0,110.0,105.0,0.24,0.18,0.29,3.0,2.0,1.0,1.0,1.0,0.0,2.0,1.0,1.0,Fracture,265310,49:07,2026-05-03 05:00:00,https://www.vlr.gg/659482/titan-esports-club-vs-tyloo-vct-2026-china-stage-1-lr1,VCT 2026: China Stage 1
TYL,sword9,Tejo,0.83,0.81,0.85,160.0,136.0,180.0,13.0,5.0,8.0,15.0,8.0,7.0,4.0,2.0,2.0,-2.0,-3.0,1.0,0.68,0.8,0.58,112.0,100.0,122.0,0.22,0.31,0.19,1.0,0.0,1.0,1.0,0.0,1.0,0.0,0.0,0.0,Fracture,265310,49:07,2026-05-03 05:00:00,https://www.vlr.gg/659482/titan-esports-club-vs-tyloo-vct-2026-china-stage-1-lr1,VCT 2026: China Stage 1
TEC,Coco,Viper,1.18,0.96,1.41,252.0,214.0,290.0,19.0,8.0,11.0,18.0,10.0,8.0,10.0,5.0,5.0,1.0,-2.0,3.0,0.71,0.67,0.75,182.0,138.0,226.0,0.28,0.33,0.24,1.0,0.0,1.0,4.0,2.0,2.0,-3.0,-2.0,-1.0,Split,265311,57:40,2026-05-03 05:00:00,https://www.vlr.gg/659482/titan-esports-club-vs-tyloo-vct-2026-china-stage-1-lr1,VCT 2026: China Stage 1
TEC,lucas,Skye,1.11,0.99,1.23,244.0,229.0,259.0,22.0,10.0,12.0,19.0,10.0,9.0,3.0,3.0,0.0,3.0,0.0,3.0,0.75,0.75,0.75,161.0,159.0,163.0,0.26,0.28,0.24,1.0,0.0,1.0,2.0,2.0,0.0,-1.0,-2.0,1.0,Split,265311,57:40,2026-05-03 05:00:00,https://www.vlr.gg/659482/titan-esports-club-vs-tyloo-vct-2026-china-stage-1-lr1,VCT 2026: China Stage 1
TEC,Haodong,Omen,1.1,0.96,1.25,205.0,225.0,185.0,19.0,9.0,10.0,16.0,10.0,6.0,6.0,4.0,2.0,3.0,-1.0,4.0,0.67,0.67,0.67,134.0,145.0,123.0,0.3,0.3,0.3,0.0,0.0,0.0,1.0,1.0,0.0,-1.0,-1.0,0.0,Split,265311,57:40,2026-05-03 05:00:00,https://www.vlr.gg/659482/titan-esports-club-vs-tyloo-vct-2026-china-stage-1-lr1,VCT 2026: China Stage 1
TEC,Dynamite,Raze,0.64,0.24,1.05,127.0,75.0,179.0,11.0,4.0,7.0,18.0,11.0,7.0,5.0,1.0,4.0,-7.0,-7.0,0.0,0.63,0.5,0.75,99.0,63.0,135.0,0.22,0.17,0.26,1.0,0.0,1.0,9.0,7.0,2.0,-8.0,-7.0,-1.0,Split,265311,57:40,2026-05-03 05:00:00,https://www.vlr.gg/659482/titan-esports-club-vs-tyloo-vct-2026-china-stage-1-lr1,VCT 2026: China Stage 1
TEC,Spitfires,Neon,0.59,0.86,0.32,173.0,208.0,138.0,14.0,8.0,6.0,22.0,11.0,11.0,3.0,2.0,1.0,-8.0,-3.0,-5.0,0.54,0.58,0.5,99.0,123.0,75.0,0.24,0.19,0.33,3.0,0.0,3.0,2.0,0.0,2.0,1.0,0.0,1.0,Split,265311,57:40,2026-05-03 05:00:00,https://www.vlr.gg/659482/titan-esports-club-vs-tyloo-vct-2026-china-stage-1-lr1,VCT 2026: China Stage 1
TYL,splash,Neon,1.36,0.6,2.11,239.0,144.0,334.0,23.0,6.0,17.0,15.0,10.0,5.0,4.0,3.0,1.0,8.0,-4.0,12.0,0.75,0.67,0.83,164.0,95.0,233.0,0.27,0.31,0.25,4.0,2.0,2.0,3.0,3.0,0.0,1.0,-1.0,2.0,Split,265311,57:40,2026-05-03 05:00:00,https://www.vlr.gg/659482/titan-esports-club-vs-tyloo-vct-2026-china-stage-1-lr1,VCT 2026: China Stage 1
TYL,slowly,Omen,1.23,1.47,0.99,248.0,302.0,194.0,20.0,13.0,7.0,16.0,8.0,8.0,11.0,4.0,7.0,4.0,5.0,-1.0,0.88,0.92,0.83,162.0,198.0,126.0,0.32,0.33,0.29,5.0,1.0,4.0,0.0,0.0,0.0,5.0,1.0,4.0,Split,265311,57:40,2026-05-03 05:00:00,https://www.vlr.gg/659482/titan-esports-club-vs-tyloo-vct-2026-china-stage-1-lr1,VCT 2026: China Stage 1
TYL,Erv,Waylay,1.05,1.56,0.54,238.0,307.0,169.0,20.0,13.0,7.0,18.0,8.0,10.0,3.0,1.0,2.0,2.0,5.0,-3.0,0.75,0.75,0.75,160.0,212.0,108.0,0.38,0.38,0.39,4.0,3.0,1.0,2.0,2.0,0.0,2.0,1.0,1.0,Split,265311,57:40,2026-05-03 05:00:00,https://www.vlr.gg/659482/titan-esports-club-vs-tyloo-vct-2026-china-stage-1-lr1,VCT 2026: China Stage 1
TYL,Scales,Viper,0.99,0.55,1.42,197.0,121.0,273.0,17.0,5.0,12.0,18.0,10.0,8.0,8.0,2.0,6.0,-1.0,-5.0,4.0,0.75,0.58,0.92,117.0,78.0,156.0,0.31,0.45,0.26,2.0,0.0,2.0,1.0,1.0,0.0,1.0,-1.0,2.0,Split,265311,57:40,2026-05-03 05:00:00,https://www.vlr.gg/659482/titan-esports-club-vs-tyloo-vct-2026-china-stage-1-lr1,VCT 2026: China Stage 1
TYL,sword9,Skye,0.83,0.68,0.98,181.0,135.0,227.0,13.0,4.0,9.0,18.0,10.0,8.0,11.0,10.0,1.0,-5.0,-6.0,1.0,0.71,0.75,0.67,122.0,85.0,159.0,0.21,0.17,0.23,3.0,0.0,3.0,0.0,0.0,0.0,3.0,0.0,3.0,Split,265311,57:40,2026-05-03 05:00:00,https://www.vlr.gg/659482/titan-esports-club-vs-tyloo-vct-2026-china-stage-1-lr1,VCT 2026: China Stage 1
TE,deLb,Omen,1.3,0.68,2.21,225.0,136.0,359.0,18.0,6.0,12.0,12.0,10.0,2.0,4.0,3.0,1.0,6.0,-4.0,10.0,0.6,0.42,0.88,159.0,96.0,254.0,0.5,0.33,0.65,0.0,0.0,0.0,3.0,3.0,0.0,-3.0,-3.0,0.0,Ascent,265312,59:56,2026-05-03 08:30:00,https://www.vlr.gg/659483/trace-esports-vs-dragon-ranger-gaming-vct-2026-china-stage-1-lr1,VCT 2026: China Stage 1
TE,Abo,Vyse,0.97,1.11,0.74,191.0,192.0,190.0,12.0,7.0,5.0,16.0,10.0,6.0,6.0,2.0,4.0,-4.0,-3.0,-1.0,0.7,0.67,0.75,125.0,134.0,112.0,0.41,0.47,0.3,1.0,0.0,1.0,1.0,1.0,0.0,0.0,-1.0,1.0,Ascent,265312,59:56,2026-05-03 08:30:00,https://www.vlr.gg/659483/trace-esports-vs-dragon-ranger-gaming-vct-2026-china-stage-1-lr1,VCT 2026: China Stage 1
TE,Viva,Sova,0.72,0.49,1.08,164.0,94.0,269.0,10.0,2.0,8.0,15.0,10.0,5.0,4.0,3.0,1.0,-5.0,-8.0,3.0,0.5,0.33,0.75,112.0,71.0,174.0,0.19,0.11,0.28,3.0,1.0,2.0,1.0,0.0,1.0,2.0,1.0,1.0,Ascent,265312,59:56,2026-05-03 08:30:00,https://www.vlr.gg/659483/trace-esports-vs-dragon-ranger-gaming-vct-2026-china-stage-1-lr1,VCT 2026: China Stage 1
TE,Kai,Jett,0.58,0.28,1.04,155.0,112.0,220.0,10.0,4.0,6.0,17.0,12.0,5.0,3.0,1.0,2.0,-7.0,-8.0,1.0,0.55,0.42,0.75,111.0,74.0,167.0,0.32,0.38,0.22,3.0,2.0,1.0,3.0,3.0,0.0,0.0,-1.0,1.0,Ascent,265312,59:56,2026-05-03 08:30:00,https://www.vlr.gg/659483/trace-esports-vs-dragon-ranger-gaming-vct-2026-china-stage-1-lr1,VCT 2026: China Stage 1
TE,Xlele,Phoenix,0.57,0.4,0.83,157.0,126.0,204.0,10.0,5.0,5.0,16.0,11.0,5.0,4.0,2.0,2.0,-6.0,-6.0,0.0,0.6,0.42,0.88,101.0,87.0,122.0,0.24,0.31,0.19,3.0,0.0,3.0,2.0,2.0,0.0,1.0,-2.0,3.0,Ascent,265312,59:56,2026-05-03 08:30:00,https://www.vlr.gg/659483/trace-esports-vs-dragon-ranger-gaming-vct-2026-china-stage-1-lr1,VCT 2026: China Stage 1
DRG,vo0kashu,Cypher,1.56,0.62,2.18,271.0,120.0,372.0,20.0,3.0,17.0,11.0,7.0,4.0,7.0,0.0,7.0,9.0,-4.0,13.0,0.75,0.38,1.0,178.0,90.0,237.0,0.28,0.17,0.3,2.0,0.0,2.0,1.0,1.0,0.0,1.0,-1.0,2.0,Ascent,265312,59:56,2026-05-03 08:30:00,https://www.vlr.gg/659483/trace-esports-vs-dragon-ranger-gaming-vct-2026-china-stage-1-lr1,VCT 2026: China Stage 1
DRG,Nicc,Sova,1.46,1.08,1.71,263.0,227.0,287.0,19.0,6.0,13.0,11.0,7.0,4.0,8.0,1.0,7.0,8.0,-1.0,9.0,0.85,0.75,0.92,192.0,167.0,209.0,0.26,0.28,0.25,1.0,0.0,1.0,1.0,0.0,1.0,0.0,0.0,0.0,Ascent,265312,59:56,2026-05-03 08:30:00,https://www.vlr.gg/659483/trace-esports-vs-dragon-ranger-gaming-vct-2026-china-stage-1-lr1,VCT 2026: China Stage 1
DRG,SpiritZ1,Jett,1.38,1.49,1.32,288.0,298.0,281.0,21.0,9.0,12.0,14.0,7.0,7.0,2.0,0.0,2.0,7.0,2.0,5.0,0.8,0.63,0.92,167.0,187.0,154.0,0.21,0.47,0.09,6.0,1.0,5.0,1.0,1.0,0.0,5.0,0.0,5.0,Ascent,265312,59:56,2026-05-03 08:30:00,https://www.vlr.gg/659483/trace-esports-vs-dragon-ranger-gaming-vct-2026-china-stage-1-lr1,VCT 2026: China Stage 1
DRG,Flex1n,Omen,1.01,0.65,1.25,167.0,151.0,178.0,10.0,3.0,7.0,13.0,8.0,5.0,19.0,7.0,12.0,-3.0,-5.0,2.0,0.9,0.88,0.92,118.0,108.0,125.0,0.31,0.42,0.26,0.0,0.0,0.0,3.0,1.0,2.0,-3.0,-1.0,-2.0,Ascent,265312,59:56,2026-05-03 08:30:00,https://www.vlr.gg/659483/trace-esports-vs-dragon-ranger-gaming-vct-2026-china-stage-1-lr1,VCT 2026: China Stage 1
DRG,Life,Neon,0.7,0.33,0.95,108.0,80.0,127.0,6.0,2.0,4.0,11.0,7.0,4.0,4.0,0.0,4.0,-5.0,-5.0,0.0,0.7,0.5,0.83,82.0,58.0,98.0,0.18,0.33,0.14,1.0,0.0,1.0,4.0,4.0,0.0,-3.0,-4.0,1.0,Ascent,265312,59:56,2026-05-03 08:30:00,https://www.vlr.gg/659483/trace-esports-vs-dragon-ranger-gaming-vct-2026-china-stage-1-lr1,VCT 2026: China Stage 1
TE,deLb,Omen,1.27,1.09,1.57,275.0,247.0,315.0,38.0,21.0,17.0,28.0,19.0,9.0,10.0,8.0,2.0,10.0,2.0,8.0,0.67,0.63,0.73,185.0,162.0,223.0,0.54,0.51,0.59,4.0,3.0,1.0,3.0,3.0,0.0,1.0,0.0,1.0,all,all,all,2026-05-03 08:30:00,https://www.vlr.gg/659483/trace-esports-vs-dragon-ranger-gaming-vct-2026-china-stage-1-lr1,VCT 2026: China Stage 1
TE,Viva,Sova,0.77,0.74,0.81,183.0,157.0,223.0,23.0,11.0,12.0,31.0,19.0,12.0,6.0,5.0,1.0,-8.0,-8.0,0.0,0.54,0.5,0.6,127.0,117.0,143.0,0.22,0.22,0.22,4.0,1.0,3.0,2.0,0.0,2.0,2.0,1.0,1.0,all,all,all,2026-05-03 08:30:00,https://www.vlr.gg/659483/trace-esports-vs-dragon-ranger-gaming-vct-2026-china-stage-1-lr1,VCT 2026: China Stage 1
TE,Kai,Jett,0.67,0.64,0.73,157.0,141.0,181.0,21.0,12.0,9.0,32.0,20.0,12.0,5.0,2.0,3.0,-11.0,-8.0,-3.0,0.54,0.46,0.67,110.0,97.0,131.0,0.37,0.4,0.31,5.0,3.0,2.0,5.0,4.0,1.0,0.0,-1.0,1.0,all,all,all,2026-05-03 08:30:00,https://www.vlr.gg/659483/trace-esports-vs-dragon-ranger-gaming-vct-2026-china-stage-1-lr1,VCT 2026: China Stage 1
TE,Abo,Vyse,0.64,0.72,0.52,138.0,140.0,138.0,18.0,12.0,6.0,32.0,19.0,13.0,8.0,3.0,5.0,-14.0,-7.0,-7.0,0.64,0.67,0.6,92.0,95.0,88.0,0.33,0.44,0.2,1.0,0.0,1.0,4.0,4.0,0.0,-3.0,-4.0,1.0,all,all,all,2026-05-03 08:30:00,https://www.vlr.gg/659483/trace-esports-vs-dragon-ranger-gaming-vct-2026-china-stage-1-lr1,VCT 2026: China Stage 1
TE,Xlele,Phoenix,0.44,0.35,0.58,146.0,134.0,165.0,18.0,10.0,8.0,34.0,22.0,12.0,6.0,4.0,2.0,-16.0,-12.0,-4.0,0.56,0.5,0.67,97.0,96.0,98.0,0.29,0.29,0.27,6.0,2.0,4.0,5.0,4.0,1.0,1.0,-2.0,3.0,all,all,all,2026-05-03 08:30:00,https://www.vlr.gg/659483/trace-esports-vs-dragon-ranger-gaming-vct-2026-china-stage-1-lr1,VCT 2026: China Stage 1
DRG,Nicc,Sova,1.44,1.35,1.49,238.0,219.0,251.0,34.0,12.0,22.0,21.0,9.0,12.0,23.0,11.0,12.0,13.0,3.0,10.0,0.87,0.87,0.88,156.0,143.0,164.0,0.24,0.23,0.25,2.0,0.0,2.0,2.0,0.0,2.0,0.0,0.0,0.0,all,all,all,2026-05-03 08:30:00,https://www.vlr.gg/659483/trace-esports-vs-dragon-ranger-gaming-vct-2026-china-stage-1-lr1,VCT 2026: China Stage 1
DRG,vo0kashu,Cypher,1.37,0.97,1.61,239.0,155.0,293.0,36.0,9.0,27.0,23.0,10.0,13.0,8.0,0.0,8.0,13.0,-1.0,14.0,0.72,0.53,0.83,157.0,107.0,188.0,0.38,0.36,0.33,2.0,0.0,2.0,3.0,2.0,1.0,-1.0,-2.0,1.0,all,all,all,2026-05-03 08:30:00,https://www.vlr.gg/659483/trace-esports-vs-dragon-ranger-gaming-vct-2026-china-stage-1-lr1,VCT 2026: China Stage 1
DRG,SpiritZ1,Jett,1.23,1.33,1.17,250.0,291.0,225.0,37.0,17.0,20.0,27.0,12.0,15.0,4.0,1.0,3.0,10.0,5.0,5.0,0.85,0.8,0.88,151.0,182.0,132.0,0.36,0.5,0.21,10.0,3.0,7.0,4.0,3.0,1.0,6.0,0.0,6.0,all,all,all,2026-05-03 08:30:00,https://www.vlr.gg/659483/trace-esports-vs-dragon-ranger-gaming-vct-2026-china-stage-1-lr1,VCT 2026: China Stage 1
DRG,Flex1n,Omen,1.23,1.04,1.35,200.0,159.0,224.0,25.0,7.0,18.0,23.0,10.0,13.0,30.0,13.0,17.0,2.0,-3.0,5.0,0.92,0.93,0.92,140.0,120.0,153.0,0.3,0.3,0.3,1.0,0.0,1.0,5.0,1.0,4.0,-4.0,-1.0,-3.0,all,all,all,2026-05-03 08:30:00,https://www.vlr.gg/659483/trace-esports-vs-dragon-ranger-gaming-vct-2026-china-stage-1-lr1,VCT 2026: China Stage 1
DRG,Life,Neon,1.03,1.14,0.97,200.0,242.0,170.0,25.0,13.0,12.0,24.0,11.0,13.0,8.0,1.0,7.0,1.0,2.0,-1.0,0.72,0.67,0.75,128.0,144.0,118.0,0.26,0.36,0.22,4.0,1.0,3.0,6.0,5.0,1.0,-2.0,-4.0,2.0,all,all,all,2026-05-03 08:30:00,https://www.vlr.gg/659483/trace-esports-vs-dragon-ranger-gaming-vct-2026-china-stage-1-lr1,VCT 2026: China Stage 1
TE,deLb,Omen,1.25,1.49,0.83,324.0,358.0,266.0,20.0,15.0,5.0,16.0,9.0,7.0,6.0,5.0,1.0,4.0,6.0,-2.0,0.74,0.83,0.57,213.0,227.0,189.0,0.58,0.6,0.53,4.0,3.0,1.0,0.0,0.0,0.0,4.0,3.0,1.0,Lotus,265313,39:24,2026-05-03 08:30:00,https://www.vlr.gg/659483/trace-esports-vs-dragon-ranger-gaming-vct-2026-china-stage-1-lr1,VCT 2026: China Stage 1
TE,Viva,Fade,0.82,0.99,0.52,202.0,220.0,171.0,13.0,9.0,4.0,16.0,9.0,7.0,2.0,2.0,0.0,-3.0,0.0,-3.0,0.58,0.67,0.43,142.0,162.0,108.0,0.24,0.29,0.14,1.0,0.0,1.0,1.0,0.0,1.0,0.0,0.0,0.0,Lotus,265313,39:24,2026-05-03 08:30:00,https://www.vlr.gg/659483/trace-esports-vs-dragon-ranger-gaming-vct-2026-china-stage-1-lr1,VCT 2026: China Stage 1
TE,Kai,Waylay,0.77,1.0,0.37,158.0,170.0,137.0,11.0,8.0,3.0,15.0,8.0,7.0,2.0,1.0,1.0,-4.0,0.0,-4.0,0.53,0.5,0.57,109.0,120.0,90.0,0.42,0.41,0.43,2.0,1.0,1.0,2.0,1.0,1.0,0.0,0.0,0.0,Lotus,265313,39:24,2026-05-03 08:30:00,https://www.vlr.gg/659483/trace-esports-vs-dragon-ranger-gaming-vct-2026-china-stage-1-lr1,VCT 2026: China Stage 1
TE,Abo,Vyse,0.3,0.32,0.27,85.0,88.0,80.0,6.0,5.0,1.0,16.0,9.0,7.0,2.0,1.0,1.0,-10.0,-4.0,-6.0,0.58,0.67,0.43,58.0,56.0,61.0,0.25,0.4,0.1,0.0,0.0,0.0,3.0,3.0,0.0,-3.0,-3.0,0.0,Lotus,265313,39:24,2026-05-03 08:30:00,https://www.vlr.gg/659483/trace-esports-vs-dragon-ranger-gaming-vct-2026-china-stage-1-lr1,VCT 2026: China Stage 1
TE,Xlele,Neon,0.3,0.3,0.3,134.0,142.0,120.0,8.0,5.0,3.0,18.0,11.0,7.0,2.0,2.0,0.0,-10.0,-6.0,-4.0,0.53,0.58,0.43,92.0,104.0,71.0,0.33,0.29,0.44,3.0,2.0,1.0,3.0,2.0,1.0,0.0,0.0,0.0,Lotus,265313,39:24,2026-05-03 08:30:00,https://www.vlr.gg/659483/trace-esports-vs-dragon-ranger-gaming-vct-2026-china-stage-1-lr1,VCT 2026: China Stage 1
DRG,Flex1n,Omen,1.46,1.49,1.45,233.0,168.0,271.0,15.0,4.0,11.0,10.0,2.0,8.0,11.0,6.0,5.0,5.0,2.0,3.0,0.95,1.0,0.92,164.0,133.0,182.0,0.29,0.2,0.33,1.0,0.0,1.0,2.0,0.0,2.0,-1.0,0.0,-1.0,Lotus,265313,39:24,2026-05-03 08:30:00,https://www.vlr.gg/659483/trace-esports-vs-dragon-ranger-gaming-vct-2026-china-stage-1-lr1,VCT 2026: China Stage 1
DRG,Nicc,Skye,1.42,1.67,1.27,213.0,209.0,215.0,15.0,6.0,9.0,10.0,2.0,8.0,15.0,10.0,5.0,5.0,4.0,1.0,0.89,1.0,0.83,118.0,115.0,120.0,0.22,0.18,0.25,1.0,0.0,1.0,1.0,0.0,1.0,0.0,0.0,0.0,Lotus,265313,39:24,2026-05-03 08:30:00,https://www.vlr.gg/659483/trace-esports-vs-dragon-ranger-gaming-vct-2026-china-stage-1-lr1,VCT 2026: China Stage 1
DRG,Life,Neon,1.38,2.06,0.99,292.0,427.0,213.0,19.0,11.0,8.0,13.0,4.0,9.0,4.0,1.0,3.0,6.0,7.0,-1.0,0.74,0.86,0.67,176.0,242.0,138.0,0.33,0.37,0.3,3.0,1.0,2.0,2.0,1.0,1.0,1.0,0.0,1.0,Lotus,265313,39:24,2026-05-03 08:30:00,https://www.vlr.gg/659483/trace-esports-vs-dragon-ranger-gaming-vct-2026-china-stage-1-lr1,VCT 2026: China Stage 1
DRG,vo0kashu,Cypher,1.17,1.37,1.05,207.0,196.0,213.0,16.0,6.0,10.0,12.0,3.0,9.0,1.0,0.0,1.0,4.0,3.0,1.0,0.68,0.71,0.67,135.0,126.0,140.0,0.47,0.6,0.4,0.0,0.0,0.0,2.0,1.0,1.0,-2.0,-1.0,-1.0,Lotus,265313,39:24,2026-05-03 08:30:00,https://www.vlr.gg/659483/trace-esports-vs-dragon-ranger-gaming-vct-2026-china-stage-1-lr1,VCT 2026: China Stage 1
DRG,SpiritZ1,Waylay,1.08,1.16,1.03,211.0,283.0,169.0,16.0,8.0,8.0,13.0,5.0,8.0,2.0,1.0,1.0,3.0,3.0,0.0,0.89,1.0,0.83,135.0,177.0,111.0,0.5,0.54,0.44,4.0,2.0,2.0,3.0,2.0,1.0,1.0,0.0,1.0,Lotus,265313,39:24,2026-05-03 08:30:00,https://www.vlr.gg/659483/trace-esports-vs-dragon-ranger-gaming-vct-2026-china-stage-1-lr1,VCT 2026: China Stage 1
AG,Shr1mp,Skye,1.13,1.37,0.77,191.0,213.0,158.0,14.0,10.0,4.0,14.0,8.0,6.0,9.0,7.0,2.0,0.0,2.0,-2.0,0.85,0.92,0.75,125.0,135.0,110.0,0.31,0.29,0.36,0.0,0.0,0.0,2.0,2.0,0.0,-2.0,-2.0,0.0,Fracture,265298,58:56,2026-05-04 07:00:00,https://www.vlr.gg/659479/all-gamers-vs-edward-gaming-vct-2026-china-stage-1-ubsf,VCT 2026: China Stage 1
AG,K1ra,Raze,1.08,0.94,1.29,249.0,224.0,287.0,18.0,10.0,8.0,18.0,11.0,7.0,2.0,2.0,0.0,0.0,-1.0,1.0,0.75,0.75,0.75,152.0,134.0,179.0,0.18,0.18,0.2,7.0,3.0,4.0,1.0,0.0,1.0,6.0,3.0,3.0,Fracture,265298,58:56,2026-05-04 07:00:00,https://www.vlr.gg/659479/all-gamers-vs-edward-gaming-vct-2026-china-stage-1-ubsf,VCT 2026: China Stage 1
AG,iamgrq,Brimstone,1.01,1.42,0.4,197.0,245.0,125.0,13.0,10.0,3.0,16.0,8.0,8.0,12.0,11.0,1.0,-3.0,2.0,-5.0,0.65,0.92,0.25,121.0,149.0,79.0,0.29,0.35,0.17,1.0,0.0,1.0,2.0,1.0,1.0,-1.0,-1.0,0.0,Fracture,265298,58:56,2026-05-04 07:00:00,https://www.vlr.gg/659479/all-gamers-vs-edward-gaming-vct-2026-china-stage-1-ubsf,VCT 2026: China Stage 1
AG,f4ngeer,Chamber,0.83,1.02,0.55,166.0,198.0,118.0,11.0,8.0,3.0,15.0,8.0,7.0,4.0,2.0,2.0,-4.0,0.0,-4.0,0.55,0.58,0.5,118.0,128.0,103.0,0.26,0.17,0.44,1.0,1.0,0.0,2.0,2.0,0.0,-1.0,-1.0,0.0,Fracture,265298,58:56,2026-05-04 07:00:00,https://www.vlr.gg/659479/all-gamers-vs-edward-gaming-vct-2026-china-stage-1-ubsf,VCT 2026: China Stage 1
AG,Youze,Neon,0.5,0.88,0.02,123.0,174.0,47.0,7.0,7.0,0.0,17.0,9.0,8.0,3.0,2.0,1.0,-10.0,-2.0,-8.0,0.5,0.67,0.25,78.0,99.0,47.0,0.16,0.16,0.15,2.0,2.0,0.0,2.0,1.0,1.0,0.0,1.0,-1.0,Fracture,265298,58:56,2026-05-04 07:00:00,https://www.vlr.gg/659479/all-gamers-vs-edward-gaming-vct-2026-china-stage-1-ubsf,VCT 2026: China Stage 1
EDG,CHICHOO,Cypher,1.62,2.14,1.27,279.0,290.0,272.0,22.0,10.0,12.0,10.0,1.0,9.0,3.0,1.0,2.0,12.0,9.0,3.0,0.85,1.0,0.75,187.0,223.0,163.0,0.33,0.45,0.25,1.0,0.0,1.0,0.0,0.0,0.0,1.0,0.0,1.0,Fracture,265298,58:56,2026-05-04 07:00:00,https://www.vlr.gg/659479/all-gamers-vs-edward-gaming-vct-2026-china-stage-1-ubsf,VCT 2026: China Stage 1
EDG,Smoggy,Brimstone,1.26,1.63,1.01,247.0,308.0,206.0,18.0,9.0,9.0,12.0,4.0,8.0,4.0,1.0,3.0,6.0,5.0,1.0,0.7,0.88,0.58,160.0,195.0,137.0,0.15,0.12,0.18,2.0,1.0,1.0,1.0,1.0,0.0,1.0,0.0,1.0,Fracture,265298,58:56,2026-05-04 07:00:00,https://www.vlr.gg/659479/all-gamers-vs-edward-gaming-vct-2026-china-stage-1-ubsf,VCT 2026: China Stage 1
EDG,ZmjjKK,Jett,0.92,0.87,0.96,239.0,217.0,254.0,18.0,7.0,11.0,15.0,6.0,9.0,1.0,0.0,1.0,3.0,1.0,2.0,0.7,0.63,0.75,155.0,146.0,161.0,0.23,0.25,0.22,4.0,1.0,3.0,4.0,2.0,2.0,0.0,-1.0,1.0,Fracture,265298,58:56,2026-05-04 07:00:00,https://www.vlr.gg/659479/all-gamers-vs-edward-gaming-vct-2026-china-stage-1-ubsf,VCT 2026: China Stage 1
EDG,Jieni7,Neon,0.87,1.18,0.67,189.0,225.0,165.0,13.0,6.0,7.0,13.0,4.0,9.0,7.0,3.0,4.0,0.0,2.0,-2.0,0.85,0.88,0.83,125.0,144.0,112.0,0.2,0.38,0.12,1.0,1.0,0.0,4.0,2.0,2.0,-3.0,-1.0,-2.0,Fracture,265298,58:56,2026-05-04 07:00:00,https://www.vlr.gg/659479/all-gamers-vs-edward-gaming-vct-2026-china-stage-1-ubsf,VCT 2026: China Stage 1
EDG,nobody,Skye,0.69,1.09,0.43,138.0,154.0,127.0,9.0,4.0,5.0,13.0,3.0,10.0,4.0,1.0,3.0,-4.0,1.0,-5.0,0.75,0.88,0.67,86.0,102.0,75.0,0.26,0.5,0.15,1.0,0.0,1.0,2.0,0.0,2.0,-1.0,0.0,-1.0,Fracture,265298,58:56,2026-05-04 07:00:00,https://www.vlr.gg/659479/all-gamers-vs-edward-gaming-vct-2026-china-stage-1-ubsf,VCT 2026: China Stage 1
AG,Shr1mp,Skye,1.35,1.31,1.4,237.0,198.0,272.0,34.0,16.0,18.0,27.0,11.0,16.0,14.0,9.0,5.0,7.0,5.0,2.0,0.85,0.89,0.8,147.0,122.0,170.0,0.29,0.31,0.27,0.0,0.0,0.0,2.0,2.0,0.0,-2.0,-2.0,0.0,all,all,all,2026-05-04 07:00:00,https://www.vlr.gg/659479/all-gamers-vs-edward-gaming-vct-2026-china-stage-1-ubsf,VCT 2026: China Stage 1
AG,K1ra,Raze,1.02,0.94,1.1,238.0,234.0,241.0,33.0,16.0,17.0,34.0,16.0,18.0,6.0,4.0,2.0,-1.0,0.0,-1.0,0.72,0.74,0.7,143.0,132.0,153.0,0.2,0.16,0.25,11.0,6.0,5.0,3.0,2.0,1.0,8.0,4.0,4.0,all,all,all,2026-05-04 07:00:00,https://www.vlr.gg/659479/all-gamers-vs-edward-gaming-vct-2026-china-stage-1-ubsf,VCT 2026: China Stage 1
AG,iamgrq,Brimstone,0.83,1.35,0.34,160.0,225.0,99.0,19.0,14.0,5.0,31.0,11.0,20.0,21.0,15.0,6.0,-12.0,3.0,-15.0,0.67,0.89,0.45,105.0,135.0,76.0,0.2,0.19,0.2,1.0,0.0,1.0,3.0,1.0,2.0,-2.0,-1.0,-1.0,all,all,all,2026-05-04 07:00:00,https://www.vlr.gg/659479/all-gamers-vs-edward-gaming-vct-2026-china-stage-1-ubsf,VCT 2026: China Stage 1
AG,f4ngeer,Chamber,0.66,0.84,0.49,135.0,157.0,115.0,19.0,11.0,8.0,30.0,12.0,18.0,4.0,2.0,2.0,-11.0,-1.0,-10.0,0.56,0.63,0.5,91.0,98.0,84.0,0.25,0.16,0.37,2.0,1.0,1.0,6.0,4.0,2.0,-4.0,-3.0,-1.0,all,all,all,2026-05-04 07:00:00,https://www.vlr.gg/659479/all-gamers-vs-edward-gaming-vct-2026-china-stage-1-ubsf,VCT 2026: China Stage 1
AG,Youze,Neon,0.59,0.98,0.25,134.0,186.0,83.0,16.0,12.0,4.0,32.0,13.0,19.0,6.0,3.0,3.0,-16.0,-1.0,-15.0,0.49,0.63,0.35,90.0,112.0,69.0,0.15,0.14,0.16,2.0,2.0,0.0,9.0,1.0,8.0,-7.0,1.0,-8.0,all,all,all,2026-05-04 07:00:00,https://www.vlr.gg/659479/all-gamers-vs-edward-gaming-vct-2026-china-stage-1-ubsf,VCT 2026: China Stage 1
EDG,CHICHOO,Cypher,1.39,1.57,1.2,223.0,238.0,209.0,33.0,18.0,15.0,20.0,8.0,12.0,16.0,11.0,5.0,13.0,10.0,3.0,0.87,1.0,0.74,149.0,165.0,131.0,0.3,0.31,0.29,1.0,0.0,1.0,0.0,0.0,0.0,1.0,0.0,1.0,all,all,all,2026-05-04 07:00:00,https://www.vlr.gg/659479/all-gamers-vs-edward-gaming-vct-2026-china-stage-1-ubsf,VCT 2026: China Stage 1
EDG,Smoggy,Brimstone,1.38,1.68,1.06,288.0,346.0,224.0,41.0,26.0,15.0,25.0,11.0,14.0,9.0,5.0,4.0,16.0,15.0,1.0,0.77,0.9,0.63,189.0,227.0,148.0,0.2,0.22,0.19,7.0,4.0,3.0,2.0,2.0,0.0,5.0,2.0,3.0,all,all,all,2026-05-04 07:00:00,https://www.vlr.gg/659479/all-gamers-vs-edward-gaming-vct-2026-china-stage-1-ubsf,VCT 2026: China Stage 1
EDG,nobody,Skye,0.95,1.39,0.49,175.0,198.0,148.0,25.0,16.0,9.0,23.0,7.0,16.0,9.0,6.0,3.0,2.0,9.0,-7.0,0.69,0.85,0.53,114.0,134.0,93.0,0.32,0.44,0.21,3.0,2.0,1.0,4.0,1.0,3.0,-1.0,1.0,-2.0,all,all,all,2026-05-04 07:00:00,https://www.vlr.gg/659479/all-gamers-vs-edward-gaming-vct-2026-china-stage-1-ubsf,VCT 2026: China Stage 1
EDG,ZmjjKK,Jett,0.87,0.92,0.83,236.0,264.0,206.0,34.0,20.0,14.0,30.0,16.0,14.0,4.0,3.0,1.0,4.0,4.0,0.0,0.72,0.8,0.63,145.0,162.0,127.0,0.2,0.19,0.19,10.0,5.0,5.0,6.0,2.0,4.0,4.0,3.0,1.0,all,all,all,2026-05-04 07:00:00,https://www.vlr.gg/659479/all-gamers-vs-edward-gaming-vct-2026-china-stage-1-ubsf,VCT 2026: China Stage 1
EDG,Jieni7,Neon,0.87,0.87,0.88,157.0,157.0,158.0,21.0,11.0,10.0,23.0,10.0,13.0,13.0,4.0,9.0,-2.0,1.0,-3.0,0.79,0.8,0.79,104.0,100.0,107.0,0.26,0.42,0.14,2.0,2.0,0.0,4.0,2.0,2.0,-2.0,0.0,-2.0,all,all,all,2026-05-04 07:00:00,https://www.vlr.gg/659479/all-gamers-vs-edward-gaming-vct-2026-china-stage-1-ubsf,VCT 2026: China Stage 1
AG,Shr1mp,Fade,1.59,1.2,1.81,283.0,173.0,347.0,20.0,6.0,14.0,13.0,3.0,10.0,5.0,2.0,3.0,7.0,3.0,4.0,0.84,0.86,0.83,170.0,101.0,210.0,0.27,0.33,0.24,0.0,0.0,0.0,0.0,0.0,0.0,0.0,0.0,0.0,Lotus,265299,41:53,2026-05-04 07:00:00,https://www.vlr.gg/659479/all-gamers-vs-edward-gaming-vct-2026-china-stage-1-ubsf,VCT 2026: China Stage 1
AG,K1ra,Cypher,0.96,0.94,0.97,226.0,251.0,211.0,15.0,6.0,9.0,16.0,5.0,11.0,4.0,2.0,2.0,-1.0,1.0,-2.0,0.68,0.71,0.67,133.0,129.0,135.0,0.22,0.13,0.31,4.0,3.0,1.0,2.0,2.0,0.0,2.0,1.0,1.0,Lotus,265299,41:53,2026-05-04 07:00:00,https://www.vlr.gg/659479/all-gamers-vs-edward-gaming-vct-2026-china-stage-1-ubsf,VCT 2026: China Stage 1
AG,Youze,Neon,0.69,1.16,0.41,144.0,207.0,107.0,9.0,5.0,4.0,15.0,4.0,11.0,3.0,1.0,2.0,-6.0,1.0,-7.0,0.47,0.57,0.42,102.0,133.0,84.0,0.13,0.11,0.16,0.0,0.0,0.0,7.0,0.0,7.0,-7.0,0.0,-7.0,Lotus,265299,41:53,2026-05-04 07:00:00,https://www.vlr.gg/659479/all-gamers-vs-edward-gaming-vct-2026-china-stage-1-ubsf,VCT 2026: China Stage 1
AG,iamgrq,Omen,0.64,1.23,0.3,122.0,190.0,82.0,6.0,4.0,2.0,15.0,3.0,12.0,9.0,4.0,5.0,-9.0,1.0,-10.0,0.68,0.86,0.58,88.0,112.0,74.0,0.11,0.04,0.23,0.0,0.0,0.0,1.0,0.0,1.0,-1.0,0.0,-1.0,Lotus,265299,41:53,2026-05-04 07:00:00,https://www.vlr.gg/659479/all-gamers-vs-edward-gaming-vct-2026-china-stage-1-ubsf,VCT 2026: China Stage 1
AG,f4ngeer,Waylay,0.48,0.54,0.45,103.0,86.0,113.0,8.0,3.0,5.0,15.0,4.0,11.0,0.0,0.0,0.0,-7.0,-1.0,-6.0,0.58,0.71,0.5,62.0,46.0,71.0,0.24,0.14,0.3,1.0,0.0,1.0,4.0,2.0,2.0,-3.0,-2.0,-1.0,Lotus,265299,41:53,2026-05-04 07:00:00,https://www.vlr.gg/659479/all-gamers-vs-edward-gaming-vct-2026-china-stage-1-ubsf,VCT 2026: China Stage 1
EDG,Smoggy,Raze,1.51,1.72,1.15,328.0,371.0,254.0,23.0,17.0,6.0,13.0,7.0,6.0,5.0,4.0,1.0,10.0,10.0,0.0,0.84,0.92,0.71,219.0,249.0,168.0,0.25,0.29,0.2,5.0,3.0,2.0,1.0,1.0,0.0,4.0,2.0,2.0,Lotus,265299,41:53,2026-05-04 07:00:00,https://www.vlr.gg/659479/all-gamers-vs-edward-gaming-vct-2026-china-stage-1-ubsf,VCT 2026: China Stage 1
EDG,nobody,Fade,1.23,1.59,0.6,212.0,228.0,185.0,16.0,12.0,4.0,10.0,4.0,6.0,5.0,5.0,0.0,6.0,8.0,-2.0,0.63,0.83,0.29,144.0,156.0,123.0,0.38,0.41,0.33,2.0,2.0,0.0,2.0,1.0,1.0,0.0,1.0,-1.0,Lotus,265299,41:53,2026-05-04 07:00:00,https://www.vlr.gg/659479/all-gamers-vs-edward-gaming-vct-2026-china-stage-1-ubsf,VCT 2026: China Stage 1
EDG,CHICHOO,Omen,1.14,1.18,1.07,166.0,203.0,103.0,11.0,8.0,3.0,10.0,7.0,3.0,13.0,10.0,3.0,1.0,1.0,0.0,0.89,1.0,0.71,108.0,127.0,75.0,0.26,0.2,0.5,0.0,0.0,0.0,0.0,0.0,0.0,0.0,0.0,0.0,Lotus,265299,41:53,2026-05-04 07:00:00,https://www.vlr.gg/659479/all-gamers-vs-edward-gaming-vct-2026-china-stage-1-ubsf,VCT 2026: China Stage 1
EDG,Jieni7,Vyse,0.87,0.66,1.22,124.0,111.0,146.0,8.0,5.0,3.0,10.0,6.0,4.0,6.0,1.0,5.0,-2.0,-1.0,-1.0,0.74,0.75,0.71,81.0,71.0,98.0,0.32,0.5,0.18,1.0,1.0,0.0,0.0,0.0,0.0,1.0,1.0,0.0,Lotus,265299,41:53,2026-05-04 07:00:00,https://www.vlr.gg/659479/all-gamers-vs-edward-gaming-vct-2026-china-stage-1-ubsf,VCT 2026: China Stage 1
EDG,ZmjjKK,Neon,0.82,0.95,0.61,233.0,296.0,125.0,16.0,13.0,3.0,15.0,10.0,5.0,3.0,3.0,0.0,1.0,3.0,-2.0,0.74,0.92,0.43,134.0,172.0,69.0,0.17,0.18,0.1,6.0,4.0,2.0,2.0,0.0,2.0,4.0,4.0,0.0,Lotus,265299,41:53,2026-05-04 07:00:00,https://www.vlr.gg/659479/all-gamers-vs-edward-gaming-vct-2026-china-stage-1-ubsf,VCT 2026: China Stage 1
JDG,coconut,Sova,1.45,2.15,0.6,252.0,343.0,143.0,21.0,16.0,5.0,15.0,6.0,9.0,9.0,9.0,0.0,6.0,10.0,-4.0,0.68,0.83,0.5,163.0,220.0,95.0,0.33,0.26,0.6,2.0,2.0,0.0,1.0,1.0,0.0,1.0,1.0,0.0,Haven,265318,1:04:53,2026-05-05 05:00:00,https://www.vlr.gg/659485/jdg-esports-vs-dragon-ranger-gaming-vct-2026-china-stage-1-lr2,VCT 2026: China Stage 1
JDG,zhe,Neon,0.9,1.18,0.57,225.0,282.0,157.0,17.0,12.0,5.0,19.0,10.0,9.0,5.0,5.0,0.0,-2.0,2.0,-4.0,0.68,0.75,0.6,153.0,185.0,115.0,0.14,0.09,0.29,3.0,2.0,1.0,6.0,3.0,3.0,-3.0,-1.0,-2.0,Haven,265318,1:04:53,2026-05-05 05:00:00,https://www.vlr.gg/659485/jdg-esports-vs-dragon-ranger-gaming-vct-2026-china-stage-1-lr2,VCT 2026: China Stage 1
JDG,stew,Omen,0.85,0.81,0.91,190.0,186.0,195.0,16.0,9.0,7.0,18.0,9.0,9.0,11.0,8.0,3.0,-2.0,0.0,-2.0,0.73,0.83,0.6,118.0,110.0,128.0,0.3,0.25,0.34,0.0,0.0,0.0,2.0,1.0,1.0,-2.0,-1.0,-1.0,Haven,265318,1:04:53,2026-05-05 05:00:00,https://www.vlr.gg/659485/jdg-esports-vs-dragon-ranger-gaming-vct-2026-china-stage-1-lr2,VCT 2026: China Stage 1
JDG,jkuro,Cypher,0.68,0.73,0.62,175.0,157.0,197.0,13.0,6.0,7.0,18.0,8.0,10.0,7.0,5.0,2.0,-5.0,-2.0,-3.0,0.86,0.92,0.8,100.0,100.0,100.0,0.35,0.33,0.38,0.0,0.0,0.0,3.0,1.0,2.0,-3.0,-1.0,-2.0,Haven,265318,1:04:53,2026-05-05 05:00:00,https://www.vlr.gg/659485/jdg-esports-vs-dragon-ranger-gaming-vct-2026-china-stage-1-lr2,VCT 2026: China Stage 1
JDG,Yuicaw,Waylay,0.66,0.66,0.66,143.0,161.0,121.0,10.0,7.0,3.0,17.0,9.0,8.0,8.0,4.0,4.0,-7.0,-2.0,-5.0,0.64,0.67,0.6,98.0,109.0,85.0,0.14,0.16,0.11,2.0,1.0,1.0,3.0,1.0,2.0,-1.0,0.0,-1.0,Haven,265318,1:04:53,2026-05-05 05:00:00,https://www.vlr.gg/659485/jdg-esports-vs-dragon-ranger-gaming-vct-2026-china-stage-1-lr2,VCT 2026: China Stage 1
DRG,vo0kashu,Cypher,1.59,2.14,1.14,267.0,316.0,226.0,21.0,13.0,8.0,12.0,3.0,9.0,9.0,4.0,5.0,9.0,10.0,-1.0,0.82,0.9,0.75,201.0,231.0,176.0,0.35,0.41,0.29,2.0,2.0,0.0,0.0,0.0,0.0,2.0,2.0,0.0,Haven,265318,1:04:53,2026-05-05 05:00:00,https://www.vlr.gg/659485/jdg-esports-vs-dragon-ranger-gaming-vct-2026-china-stage-1-lr2,VCT 2026: China Stage 1
DRG,SpiritZ1,Waylay,1.24,1.49,1.03,256.0,322.0,201.0,21.0,12.0,9.0,16.0,7.0,9.0,5.0,3.0,2.0,5.0,5.0,0.0,0.68,0.9,0.5,158.0,190.0,131.0,0.28,0.22,0.44,3.0,2.0,1.0,2.0,0.0,2.0,1.0,2.0,-1.0,Haven,265318,1:04:53,2026-05-05 05:00:00,https://www.vlr.gg/659485/jdg-esports-vs-dragon-ranger-gaming-vct-2026-china-stage-1-lr2,VCT 2026: China Stage 1
DRG,Nicc,Skye,1.16,1.0,1.29,202.0,179.0,221.0,16.0,6.0,10.0,14.0,6.0,8.0,10.0,5.0,5.0,2.0,0.0,2.0,0.91,0.8,1.0,135.0,138.0,133.0,0.26,0.32,0.21,2.0,1.0,1.0,0.0,0.0,0.0,2.0,1.0,1.0,Haven,265318,1:04:53,2026-05-05 05:00:00,https://www.vlr.gg/659485/jdg-esports-vs-dragon-ranger-gaming-vct-2026-china-stage-1-lr2,VCT 2026: China Stage 1
DRG,Flex1n,Omen,1.09,1.33,0.9,187.0,163.0,207.0,15.0,6.0,9.0,16.0,4.0,12.0,15.0,9.0,6.0,-1.0,2.0,-3.0,0.86,1.0,0.75,115.0,89.0,137.0,0.14,0.1,0.16,1.0,0.0,1.0,2.0,1.0,1.0,-1.0,-1.0,0.0,Haven,265318,1:04:53,2026-05-05 05:00:00,https://www.vlr.gg/659485/jdg-esports-vs-dragon-ranger-gaming-vct-2026-china-stage-1-lr2,VCT 2026: China Stage 1
DRG,Life,Neon,0.7,0.75,0.66,183.0,209.0,161.0,14.0,8.0,6.0,19.0,7.0,12.0,6.0,1.0,5.0,-5.0,1.0,-6.0,0.77,0.8,0.75,125.0,131.0,120.0,0.38,0.47,0.32,7.0,3.0,4.0,3.0,1.0,2.0,4.0,2.0,2.0,Haven,265318,1:04:53,2026-05-05 05:00:00,https://www.vlr.gg/659485/jdg-esports-vs-dragon-ranger-gaming-vct-2026-china-stage-1-lr2,VCT 2026: China Stage 1
JDG,coconut,Sova,1.12,1.5,0.51,199.0,261.0,118.0,29.0,23.0,6.0,31.0,17.0,14.0,12.0,12.0,0.0,-2.0,6.0,-8.0,0.56,0.63,0.47,138.0,172.0,84.0,0.36,0.31,0.5,3.0,2.0,1.0,2.0,1.0,1.0,1.0,1.0,0.0,all,all,all,2026-05-05 05:00:00,https://www.vlr.gg/659485/jdg-esports-vs-dragon-ranger-gaming-vct-2026-china-stage-1-lr2,VCT 2026: China Stage 1
JDG,Yuicaw,Waylay,0.91,0.93,0.88,201.0,213.0,162.0,26.0,18.0,8.0,32.0,20.0,12.0,9.0,5.0,4.0,-6.0,-2.0,-4.0,0.64,0.63,0.67,129.0,140.0,113.0,0.2,0.25,0.14,4.0,3.0,1.0,3.0,1.0,2.0,1.0,2.0,-1.0,all,all,all,2026-05-05 05:00:00,https://www.vlr.gg/659485/jdg-esports-vs-dragon-ranger-gaming-vct-2026-china-stage-1-lr2,VCT 2026: China Stage 1
JDG,stew,Omen,0.82,0.7,1.01,178.0,155.0,218.0,26.0,14.0,12.0,33.0,20.0,13.0,16.0,13.0,3.0,-7.0,-6.0,-1.0,0.67,0.67,0.67,110.0,96.0,132.0,0.31,0.25,0.37,0.0,0.0,0.0,4.0,1.0,3.0,-4.0,-1.0,-3.0,all,all,all,2026-05-05 05:00:00,https://www.vlr.gg/659485/jdg-esports-vs-dragon-ranger-gaming-vct-2026-china-stage-1-lr2,VCT 2026: China Stage 1
JDG,zhe,Neon,0.7,0.82,0.52,179.0,211.0,143.0,24.0,17.0,7.0,36.0,22.0,14.0,8.0,7.0,1.0,-12.0,-5.0,-7.0,0.67,0.71,0.6,129.0,145.0,103.0,0.18,0.11,0.35,4.0,3.0,1.0,12.0,8.0,4.0,-8.0,-5.0,-3.0,all,all,all,2026-05-05 05:00:00,https://www.vlr.gg/659485/jdg-esports-vs-dragon-ranger-gaming-vct-2026-china-stage-1-lr2,VCT 2026: China Stage 1
JDG,jkuro,Cypher,0.46,0.51,0.42,133.0,137.0,140.0,17.0,10.0,7.0,34.0,19.0,15.0,8.0,6.0,2.0,-17.0,-9.0,-8.0,0.62,0.67,0.53,90.0,99.0,75.0,0.31,0.28,0.39,1.0,1.0,0.0,6.0,4.0,2.0,-5.0,-3.0,-2.0,all,all,all,2026-05-05 05:00:00,https://www.vlr.gg/659485/jdg-esports-vs-dragon-ranger-gaming-vct-2026-china-stage-1-lr2,VCT 2026: China Stage 1
DRG,SpiritZ1,Waylay,1.53,1.72,1.41,305.0,376.0,250.0,44.0,20.0,24.0,25.0,11.0,14.0,10.0,6.0,4.0,19.0,9.0,10.0,0.82,0.93,0.75,182.0,228.0,154.0,0.31,0.28,0.35,7.0,5.0,2.0,3.0,0.0,3.0,4.0,5.0,-1.0,all,all,all,2026-05-05 05:00:00,https://www.vlr.gg/659485/jdg-esports-vs-dragon-ranger-gaming-vct-2026-china-stage-1-lr2,VCT 2026: China Stage 1
DRG,Flex1n,Omen,1.4,1.17,1.54,257.0,139.0,316.0,36.0,8.0,28.0,24.0,6.0,18.0,26.0,10.0,16.0,12.0,2.0,10.0,0.9,0.93,0.88,166.0,86.0,217.0,0.23,0.1,0.26,2.0,0.0,2.0,2.0,1.0,1.0,0.0,-1.0,1.0,all,all,all,2026-05-05 05:00:00,https://www.vlr.gg/659485/jdg-esports-vs-dragon-ranger-gaming-vct-2026-china-stage-1-lr2,VCT 2026: China Stage 1
DRG,vo0kashu,Cypher,1.28,1.73,0.99,194.0,260.0,168.0,30.0,16.0,14.0,19.0,5.0,14.0,10.0,5.0,5.0,11.0,11.0,0.0,0.82,0.87,0.79,151.0,202.0,119.0,0.3,0.43,0.23,4.0,2.0,2.0,1.0,0.0,1.0,3.0,2.0,1.0,all,all,all,2026-05-05 05:00:00,https://www.vlr.gg/659485/jdg-esports-vs-dragon-ranger-gaming-vct-2026-china-stage-1-lr2,VCT 2026: China Stage 1
DRG,Nicc,Skye,1.22,1.2,1.23,219.0,218.0,215.0,31.0,12.0,19.0,23.0,8.0,15.0,20.0,9.0,11.0,8.0,4.0,4.0,0.92,0.87,0.96,132.0,141.0,126.0,0.28,0.31,0.25,3.0,1.0,2.0,0.0,0.0,0.0,3.0,1.0,2.0,all,all,all,2026-05-05 05:00:00,https://www.vlr.gg/659485/jdg-esports-vs-dragon-ranger-gaming-vct-2026-china-stage-1-lr2,VCT 2026: China Stage 1
DRG,Life,Neon,0.73,0.83,0.67,184.0,200.0,173.0,25.0,12.0,13.0,31.0,10.0,21.0,13.0,3.0,10.0,-6.0,2.0,-8.0,0.85,0.87,0.83,119.0,112.0,123.0,0.34,0.35,0.33,11.0,4.0,7.0,6.0,2.0,4.0,5.0,2.0,3.0,all,all,all,2026-05-05 05:00:00,https://www.vlr.gg/659485/jdg-esports-vs-dragon-ranger-gaming-vct-2026-china-stage-1-lr2,VCT 2026: China Stage 1
JDG,Yuicaw,Raze,1.23,1.2,1.3,258.0,264.0,244.0,16.0,11.0,5.0,15.0,11.0,4.0,1.0,1.0,0.0,1.0,0.0,1.0,0.65,0.58,0.8,170.0,170.0,170.0,0.26,0.33,0.19,2.0,2.0,0.0,0.0,0.0,0.0,2.0,2.0,0.0,Lotus,265319,35:48,2026-05-05 05:00:00,https://www.vlr.gg/659485/jdg-esports-vs-dragon-ranger-gaming-vct-2026-china-stage-1-lr2,VCT 2026: China Stage 1
JDG,stew,Omen,0.77,0.59,1.21,165.0,124.0,263.0,10.0,5.0,5.0,15.0,11.0,4.0,5.0,5.0,0.0,-5.0,-6.0,1.0,0.59,0.5,0.8,99.0,81.0,142.0,0.32,0.25,0.42,0.0,0.0,0.0,2.0,0.0,2.0,-2.0,0.0,-2.0,Lotus,265319,35:48,2026-05-05 05:00:00,https://www.vlr.gg/659485/jdg-esports-vs-dragon-ranger-gaming-vct-2026-china-stage-1-lr2,VCT 2026: China Stage 1
JDG,coconut,Fade,0.7,0.86,0.34,146.0,178.0,69.0,8.0,7.0,1.0,16.0,11.0,5.0,3.0,3.0,0.0,-8.0,-4.0,-4.0,0.41,0.42,0.4,105.0,123.0,62.0,0.39,0.42,0.25,1.0,0.0,1.0,1.0,0.0,1.0,0.0,0.0,0.0,Lotus,265319,35:48,2026-05-05 05:00:00,https://www.vlr.gg/659485/jdg-esports-vs-dragon-ranger-gaming-vct-2026-china-stage-1-lr2,VCT 2026: China Stage 1
JDG,zhe,Neon,0.45,0.46,0.42,133.0,140.0,116.0,7.0,5.0,2.0,17.0,12.0,5.0,3.0,2.0,1.0,-10.0,-7.0,-3.0,0.65,0.67,0.6,97.0,104.0,80.0,0.21,0.15,0.5,1.0,1.0,0.0,6.0,5.0,1.0,-5.0,-4.0,-1.0,Lotus,265319,35:48,2026-05-05 05:00:00,https://www.vlr.gg/659485/jdg-esports-vs-dragon-ranger-gaming-vct-2026-china-stage-1-lr2,VCT 2026: China Stage 1
JDG,jkuro,Vyse,0.17,0.29,0.02,90.0,116.0,28.0,4.0,4.0,0.0,16.0,11.0,5.0,1.0,1.0,0.0,-12.0,-7.0,-5.0,0.29,0.42,0.0,76.0,97.0,26.0,0.26,0.24,0.5,1.0,1.0,0.0,3.0,3.0,0.0,-2.0,-2.0,0.0,Lotus,265319,35:48,2026-05-05 05:00:00,https://www.vlr.gg/659485/jdg-esports-vs-dragon-ranger-gaming-vct-2026-china-stage-1-lr2,VCT 2026: China Stage 1
DRG,SpiritZ1,Waylay,1.9,2.2,1.78,354.0,484.0,300.0,23.0,8.0,15.0,9.0,4.0,5.0,5.0,3.0,2.0,14.0,4.0,10.0,1.0,1.0,1.0,214.0,304.0,177.0,0.34,0.38,0.32,4.0,3.0,1.0,1.0,0.0,1.0,3.0,3.0,0.0,Lotus,265319,35:48,2026-05-05 05:00:00,https://www.vlr.gg/659485/jdg-esports-vs-dragon-ranger-gaming-vct-2026-china-stage-1-lr2,VCT 2026: China Stage 1
DRG,Flex1n,Omen,1.8,0.86,2.19,327.0,90.0,426.0,21.0,2.0,19.0,8.0,2.0,6.0,11.0,1.0,10.0,13.0,0.0,13.0,0.94,0.8,1.0,233.0,80.0,297.0,0.31,0.11,0.35,1.0,0.0,1.0,0.0,0.0,0.0,1.0,0.0,1.0,Lotus,265319,35:48,2026-05-05 05:00:00,https://www.vlr.gg/659485/jdg-esports-vs-dragon-ranger-gaming-vct-2026-china-stage-1-lr2,VCT 2026: China Stage 1
DRG,Nicc,Skye,1.3,1.62,1.17,235.0,296.0,210.0,15.0,6.0,9.0,9.0,2.0,7.0,10.0,4.0,6.0,6.0,4.0,2.0,0.94,1.0,0.92,128.0,148.0,120.0,0.3,0.31,0.29,1.0,0.0,1.0,0.0,0.0,0.0,1.0,0.0,1.0,Lotus,265319,35:48,2026-05-05 05:00:00,https://www.vlr.gg/659485/jdg-esports-vs-dragon-ranger-gaming-vct-2026-china-stage-1-lr2,VCT 2026: China Stage 1
DRG,vo0kashu,Cypher,0.87,0.93,0.85,121.0,148.0,110.0,9.0,3.0,6.0,7.0,2.0,5.0,1.0,1.0,0.0,2.0,1.0,1.0,0.82,0.8,0.83,86.0,143.0,62.0,0.24,0.5,0.08,2.0,0.0,2.0,1.0,0.0,1.0,1.0,0.0,1.0,Lotus,265319,35:48,2026-05-05 05:00:00,https://www.vlr.gg/659485/jdg-esports-vs-dragon-ranger-gaming-vct-2026-china-stage-1-lr2,VCT 2026: China Stage 1
DRG,Life,Neon,0.78,0.99,0.69,184.0,181.0,185.0,11.0,4.0,7.0,12.0,3.0,9.0,7.0,2.0,5.0,-1.0,1.0,-2.0,0.94,1.0,0.92,111.0,75.0,126.0,0.29,0.11,0.35,4.0,1.0,3.0,3.0,1.0,2.0,1.0,0.0,1.0,Lotus,265319,35:48,2026-05-05 05:00:00,https://www.vlr.gg/659485/jdg-esports-vs-dragon-ranger-gaming-vct-2026-china-stage-1-lr2,VCT 2026: China Stage 1
AG,f4ngeer,Chamber,1.92,2.01,1.72,363.0,386.0,308.0,22.0,17.0,5.0,8.0,6.0,2.0,6.0,4.0,2.0,14.0,11.0,3.0,0.94,0.92,1.0,214.0,229.0,178.0,0.24,0.21,0.33,3.0,1.0,2.0,1.0,0.0,1.0,2.0,1.0,1.0,Fracture,265315,52:02,2026-05-05 07:00:00,https://www.vlr.gg/659484/all-gamers-vs-tyloo-vct-2026-china-stage-1-lr2,VCT 2026: China Stage 1
AG,Shr1mp,Skye,1.21,1.26,1.09,187.0,217.0,115.0,14.0,12.0,2.0,9.0,7.0,2.0,7.0,4.0,3.0,5.0,5.0,0.0,1.0,1.0,1.0,123.0,144.0,73.0,0.39,0.35,0.6,0.0,0.0,0.0,1.0,1.0,0.0,-1.0,-1.0,0.0,Fracture,265315,52:02,2026-05-05 07:00:00,https://www.vlr.gg/659484/all-gamers-vs-tyloo-vct-2026-china-stage-1-lr2,VCT 2026: China Stage 1
AG,Bai,Neon,1.16,1.15,1.18,217.0,251.0,135.0,14.0,11.0,3.0,10.0,8.0,2.0,4.0,2.0,2.0,4.0,3.0,1.0,0.88,0.83,1.0,133.0,149.0,95.0,0.13,0.09,0.38,1.0,1.0,0.0,3.0,2.0,1.0,-2.0,-1.0,-1.0,Fracture,265315,52:02,2026-05-05 07:00:00,https://www.vlr.gg/659484/all-gamers-vs-tyloo-vct-2026-china-stage-1-lr2,VCT 2026: China Stage 1
AG,K1ra,Raze,1.14,0.73,2.11,300.0,270.0,372.0,18.0,10.0,8.0,13.0,11.0,2.0,4.0,4.0,0.0,5.0,-1.0,6.0,0.76,0.75,0.8,170.0,158.0,199.0,0.12,0.09,0.21,2.0,2.0,0.0,1.0,1.0,0.0,1.0,1.0,0.0,Fracture,265315,52:02,2026-05-05 07:00:00,https://www.vlr.gg/659484/all-gamers-vs-tyloo-vct-2026-china-stage-1-lr2,VCT 2026: China Stage 1
AG,iamgrq,Brimstone,0.98,0.49,2.15,197.0,115.0,394.0,11.0,4.0,7.0,11.0,9.0,2.0,15.0,8.0,7.0,0.0,-5.0,5.0,0.94,0.92,1.0,131.0,81.0,251.0,0.26,0.17,0.33,2.0,1.0,1.0,3.0,3.0,0.0,-1.0,-2.0,1.0,Fracture,265315,52:02,2026-05-05 07:00:00,https://www.vlr.gg/659484/all-gamers-vs-tyloo-vct-2026-china-stage-1-lr2,VCT 2026: China Stage 1
TYL,Scales,Cypher,0.95,0.68,1.07,221.0,220.0,221.0,13.0,4.0,9.0,15.0,5.0,10.0,3.0,0.0,3.0,-2.0,-1.0,-1.0,0.65,0.6,0.67,146.0,164.0,139.0,0.19,0.23,0.17,2.0,1.0,1.0,2.0,2.0,0.0,0.0,-1.0,1.0,Fracture,265315,52:02,2026-05-05 07:00:00,https://www.vlr.gg/659484/all-gamers-vs-tyloo-vct-2026-china-stage-1-lr2,VCT 2026: China Stage 1
TYL,Erv,Skye,0.78,0.12,1.06,213.0,105.0,258.0,11.0,1.0,10.0,17.0,5.0,12.0,5.0,1.0,4.0,-6.0,-4.0,-2.0,0.71,0.4,0.83,154.0,77.0,186.0,0.24,0.11,0.28,4.0,1.0,3.0,2.0,0.0,2.0,2.0,1.0,1.0,Fracture,265315,52:02,2026-05-05 07:00:00,https://www.vlr.gg/659484/all-gamers-vs-tyloo-vct-2026-china-stage-1-lr2,VCT 2026: China Stage 1
TYL,slowly,Brimstone,0.78,0.02,1.15,164.0,20.0,224.0,10.0,0.0,10.0,15.0,5.0,10.0,2.0,0.0,2.0,-5.0,-5.0,0.0,0.47,0.0,0.67,120.0,20.0,162.0,0.45,0.0,0.5,1.0,0.0,1.0,1.0,1.0,0.0,0.0,-1.0,1.0,Fracture,265315,52:02,2026-05-05 07:00:00,https://www.vlr.gg/659484/all-gamers-vs-tyloo-vct-2026-china-stage-1-lr2,VCT 2026: China Stage 1
TYL,splash,Neon,0.72,1.09,0.57,188.0,285.0,148.0,11.0,5.0,6.0,16.0,5.0,11.0,3.0,0.0,3.0,-5.0,0.0,-5.0,0.71,0.8,0.67,111.0,158.0,91.0,0.21,0.24,0.19,2.0,0.0,2.0,2.0,0.0,2.0,0.0,0.0,0.0,Fracture,265315,52:02,2026-05-05 07:00:00,https://www.vlr.gg/659484/all-gamers-vs-tyloo-vct-2026-china-stage-1-lr2,VCT 2026: China Stage 1
TYL,sword9,Tejo,0.49,0.04,0.68,116.0,52.0,143.0,6.0,0.0,6.0,16.0,5.0,11.0,4.0,1.0,3.0,-10.0,-5.0,-5.0,0.47,0.4,0.5,96.0,59.0,111.0,0.19,0.0,0.27,0.0,0.0,0.0,1.0,0.0,1.0,-1.0,0.0,-1.0,Fracture,265315,52:02,2026-05-05 07:00:00,https://www.vlr.gg/659484/all-gamers-vs-tyloo-vct-2026-china-stage-1-lr2,VCT 2026: China Stage 1
AG,f4ngeer,Chamber,1.44,1.64,1.2,288.0,342.0,210.0,65.0,43.0,22.0,34.0,19.0,15.0,8.0,5.0,3.0,31.0,24.0,7.0,0.76,0.82,0.69,164.0,196.0,126.0,0.19,0.17,0.19,7.0,4.0,3.0,9.0,5.0,4.0,-2.0,-1.0,-1.0,all,all,all,2026-05-05 07:00:00,https://www.vlr.gg/659484/all-gamers-vs-tyloo-vct-2026-china-stage-1-lr2,VCT 2026: China Stage 1
AG,iamgrq,Brimstone,1.34,0.89,1.86,250.0,170.0,354.0,57.0,19.0,38.0,38.0,22.0,16.0,33.0,19.0,14.0,19.0,-3.0,22.0,0.89,0.88,0.9,150.0,104.0,203.0,0.3,0.27,0.33,6.0,1.0,5.0,6.0,4.0,2.0,0.0,-3.0,3.0,all,all,all,2026-05-05 07:00:00,https://www.vlr.gg/659484/all-gamers-vs-tyloo-vct-2026-china-stage-1-lr2,VCT 2026: China Stage 1
AG,Shr1mp,Skye,0.96,1.13,0.75,161.0,189.0,124.0,38.0,25.0,13.0,39.0,19.0,20.0,24.0,18.0,6.0,-1.0,6.0,-7.0,0.78,0.79,0.76,100.0,110.0,89.0,0.31,0.33,0.28,6.0,4.0,2.0,2.0,1.0,1.0,4.0,3.0,1.0,all,all,all,2026-05-05 07:00:00,https://www.vlr.gg/659484/all-gamers-vs-tyloo-vct-2026-china-stage-1-lr2,VCT 2026: China Stage 1
AG,Bai,Neon,0.89,0.86,0.92,194.0,211.0,170.0,41.0,26.0,15.0,47.0,26.0,21.0,15.0,4.0,11.0,-6.0,0.0,-6.0,0.78,0.74,0.83,129.0,129.0,128.0,0.19,0.15,0.25,5.0,5.0,0.0,9.0,4.0,5.0,-4.0,1.0,-5.0,all,all,all,2026-05-05 07:00:00,https://www.vlr.gg/659484/all-gamers-vs-tyloo-vct-2026-china-stage-1-lr2,VCT 2026: China Stage 1
AG,K1ra,Raze,0.82,0.9,0.72,204.0,219.0,167.0,40.0,24.0,16.0,47.0,25.0,22.0,13.0,9.0,4.0,-7.0,-1.0,-6.0,0.67,0.76,0.55,124.0,144.0,100.0,0.2,0.21,0.15,8.0,5.0,3.0,5.0,1.0,4.0,3.0,4.0,-1.0,all,all,all,2026-05-05 07:00:00,https://www.vlr.gg/659484/all-gamers-vs-tyloo-vct-2026-china-stage-1-lr2,VCT 2026: China Stage 1
TYL,Erv,Skye,1.05,0.7,1.35,231.0,164.0,291.0,50.0,17.0,33.0,49.0,22.0,27.0,15.0,7.0,8.0,1.0,-5.0,6.0,0.68,0.59,0.76,159.0,108.0,203.0,0.27,0.27,0.28,9.0,2.0,7.0,7.0,4.0,3.0,2.0,-2.0,4.0,all,all,all,2026-05-05 07:00:00,https://www.vlr.gg/659484/all-gamers-vs-tyloo-vct-2026-china-stage-1-lr2,VCT 2026: China Stage 1
TYL,slowly,Brimstone,1.02,1.31,0.79,181.0,203.0,165.0,42.0,22.0,20.0,44.0,17.0,27.0,16.0,10.0,6.0,-2.0,5.0,-7.0,0.62,0.69,0.56,128.0,140.0,117.0,0.37,0.34,0.34,2.0,1.0,1.0,2.0,1.0,1.0,0.0,0.0,0.0,all,all,all,2026-05-05 07:00:00,https://www.vlr.gg/659484/all-gamers-vs-tyloo-vct-2026-china-stage-1-lr2,VCT 2026: China Stage 1
TYL,Scales,Cypher,0.94,0.99,0.89,198.0,225.0,171.0,43.0,23.0,20.0,47.0,21.0,26.0,13.0,5.0,8.0,-4.0,2.0,-6.0,0.7,0.76,0.65,130.0,153.0,111.0,0.28,0.36,0.21,8.0,5.0,3.0,7.0,3.0,4.0,1.0,2.0,-1.0,all,all,all,2026-05-05 07:00:00,https://www.vlr.gg/659484/all-gamers-vs-tyloo-vct-2026-china-stage-1-lr2,VCT 2026: China Stage 1
TYL,sword9,Tejo,0.82,0.79,0.84,149.0,136.0,167.0,33.0,14.0,19.0,45.0,18.0,27.0,15.0,8.0,7.0,-12.0,-4.0,-8.0,0.65,0.76,0.56,109.0,86.0,128.0,0.19,0.1,0.25,2.0,1.0,1.0,3.0,0.0,3.0,-1.0,1.0,-2.0,all,all,all,2026-05-05 07:00:00,https://www.vlr.gg/659484/all-gamers-vs-tyloo-vct-2026-china-stage-1-lr2,VCT 2026: China Stage 1
TYL,splash,Neon,0.75,0.75,0.76,193.0,212.0,177.0,37.0,18.0,19.0,56.0,26.0,30.0,16.0,6.0,10.0,-19.0,-8.0,-11.0,0.67,0.62,0.71,125.0,138.0,113.0,0.21,0.19,0.27,10.0,7.0,3.0,13.0,5.0,8.0,-3.0,2.0,-5.0,all,all,all,2026-05-05 07:00:00,https://www.vlr.gg/659484/all-gamers-vs-tyloo-vct-2026-china-stage-1-lr2,VCT 2026: China Stage 1
AG,iamgrq,Omen,1.56,1.18,1.91,274.0,153.0,385.0,24.0,6.0,18.0,14.0,5.0,9.0,9.0,7.0,2.0,10.0,1.0,9.0,0.83,0.73,0.92,148.0,90.0,201.0,0.29,0.26,0.31,2.0,0.0,2.0,0.0,0.0,0.0,2.0,0.0,2.0,Haven,265316,52:54,2026-05-05 07:00:00,https://www.vlr.gg/659484/all-gamers-vs-tyloo-vct-2026-china-stage-1-lr2,VCT 2026: China Stage 1
AG,f4ngeer,Chamber,1.04,1.11,0.97,208.0,273.0,148.0,16.0,10.0,6.0,15.0,8.0,7.0,2.0,1.0,1.0,1.0,2.0,-1.0,0.65,0.73,0.58,136.0,169.0,106.0,0.21,0.19,0.25,2.0,2.0,0.0,2.0,2.0,0.0,0.0,0.0,0.0,Haven,265316,52:54,2026-05-05 07:00:00,https://www.vlr.gg/659484/all-gamers-vs-tyloo-vct-2026-china-stage-1-lr2,VCT 2026: China Stage 1
AG,Shr1mp,Skye,0.81,1.01,0.63,151.0,165.0,138.0,12.0,6.0,6.0,16.0,6.0,10.0,8.0,6.0,2.0,-4.0,0.0,-4.0,0.7,0.73,0.67,92.0,89.0,95.0,0.25,0.29,0.22,2.0,2.0,0.0,1.0,0.0,1.0,1.0,2.0,-1.0,Haven,265316,52:54,2026-05-05 07:00:00,https://www.vlr.gg/659484/all-gamers-vs-tyloo-vct-2026-china-stage-1-lr2,VCT 2026: China Stage 1
AG,Bai,Neon,0.78,0.52,1.01,194.0,174.0,212.0,14.0,7.0,7.0,21.0,10.0,11.0,8.0,1.0,7.0,-7.0,-3.0,-4.0,0.78,0.64,0.92,142.0,110.0,171.0,0.2,0.18,0.22,2.0,2.0,0.0,4.0,1.0,3.0,-2.0,1.0,-3.0,Haven,265316,52:54,2026-05-05 07:00:00,https://www.vlr.gg/659484/all-gamers-vs-tyloo-vct-2026-china-stage-1-lr2,VCT 2026: China Stage 1
AG,K1ra,Cypher,0.72,1.2,0.28,159.0,204.0,118.0,11.0,8.0,3.0,18.0,6.0,12.0,7.0,3.0,4.0,-7.0,2.0,-9.0,0.61,0.82,0.42,111.0,151.0,74.0,0.33,0.36,0.29,5.0,2.0,3.0,3.0,0.0,3.0,2.0,2.0,0.0,Haven,265316,52:54,2026-05-05 07:00:00,https://www.vlr.gg/659484/all-gamers-vs-tyloo-vct-2026-china-stage-1-lr2,VCT 2026: China Stage 1
TYL,slowly,Omen,1.5,2.06,0.89,242.0,302.0,177.0,22.0,15.0,7.0,12.0,5.0,7.0,8.0,6.0,2.0,10.0,10.0,0.0,0.7,0.92,0.45,172.0,212.0,128.0,0.29,0.34,0.19,0.0,0.0,0.0,0.0,0.0,0.0,0.0,0.0,0.0,Haven,265316,52:54,2026-05-05 07:00:00,https://www.vlr.gg/659484/all-gamers-vs-tyloo-vct-2026-china-stage-1-lr2,VCT 2026: China Stage 1
TYL,Erv,Waylay,1.49,1.02,1.99,265.0,198.0,338.0,23.0,10.0,13.0,12.0,7.0,5.0,3.0,1.0,2.0,11.0,3.0,8.0,0.7,0.67,0.73,168.0,121.0,219.0,0.32,0.42,0.28,1.0,1.0,0.0,2.0,2.0,0.0,-1.0,-1.0,0.0,Haven,265316,52:54,2026-05-05 07:00:00,https://www.vlr.gg/659484/all-gamers-vs-tyloo-vct-2026-china-stage-1-lr2,VCT 2026: China Stage 1
TYL,sword9,Sova,0.91,0.94,0.88,185.0,209.0,159.0,14.0,9.0,5.0,15.0,8.0,7.0,7.0,5.0,2.0,-1.0,1.0,-2.0,0.78,0.92,0.64,122.0,131.0,112.0,0.19,0.15,0.23,1.0,1.0,0.0,1.0,0.0,1.0,0.0,1.0,-1.0,Haven,265316,52:54,2026-05-05 07:00:00,https://www.vlr.gg/659484/all-gamers-vs-tyloo-vct-2026-china-stage-1-lr2,VCT 2026: China Stage 1
TYL,Scales,Cypher,0.79,0.84,0.74,198.0,240.0,152.0,15.0,10.0,5.0,17.0,9.0,8.0,5.0,2.0,3.0,-2.0,1.0,-3.0,0.78,0.83,0.73,131.0,159.0,100.0,0.45,0.44,0.47,5.0,3.0,2.0,2.0,0.0,2.0,3.0,3.0,0.0,Haven,265316,52:54,2026-05-05 07:00:00,https://www.vlr.gg/659484/all-gamers-vs-tyloo-vct-2026-china-stage-1-lr2,VCT 2026: China Stage 1
TYL,splash,Neon,0.45,0.39,0.52,150.0,152.0,148.0,10.0,5.0,5.0,21.0,11.0,10.0,5.0,3.0,2.0,-11.0,-6.0,-5.0,0.65,0.67,0.64,96.0,106.0,85.0,0.19,0.15,0.27,3.0,2.0,1.0,8.0,3.0,5.0,-5.0,-1.0,-4.0,Haven,265316,52:54,2026-05-05 07:00:00,https://www.vlr.gg/659484/all-gamers-vs-tyloo-vct-2026-china-stage-1-lr2,VCT 2026: China Stage 1
AG,f4ngeer,Jett,1.48,1.78,1.2,294.0,364.0,230.0,27.0,16.0,11.0,11.0,5.0,6.0,0.0,0.0,0.0,16.0,11.0,5.0,0.74,0.82,0.67,155.0,187.0,126.0,0.12,0.09,0.14,2.0,1.0,1.0,6.0,3.0,3.0,-4.0,-2.0,-2.0,Split,265317,58:21,2026-05-05 07:00:00,https://www.vlr.gg/659484/all-gamers-vs-tyloo-vct-2026-china-stage-1-lr2,VCT 2026: China Stage 1
AG,iamgrq,Omen,1.39,1.05,1.7,278.0,248.0,306.0,22.0,9.0,13.0,13.0,8.0,5.0,9.0,4.0,5.0,9.0,1.0,8.0,0.91,1.0,0.83,165.0,144.0,184.0,0.34,0.33,0.34,2.0,0.0,2.0,3.0,1.0,2.0,-1.0,-1.0,0.0,Split,265317,58:21,2026-05-05 07:00:00,https://www.vlr.gg/659484/all-gamers-vs-tyloo-vct-2026-china-stage-1-lr2,VCT 2026: China Stage 1
AG,Shr1mp,Skye,0.91,1.12,0.72,146.0,181.0,114.0,12.0,7.0,5.0,14.0,6.0,8.0,9.0,8.0,1.0,-2.0,1.0,-3.0,0.7,0.64,0.75,92.0,94.0,90.0,0.3,0.33,0.27,4.0,2.0,2.0,0.0,0.0,0.0,4.0,2.0,2.0,Split,265317,58:21,2026-05-05 07:00:00,https://www.vlr.gg/659484/all-gamers-vs-tyloo-vct-2026-china-stage-1-lr2,VCT 2026: China Stage 1
AG,Bai,Viper,0.8,0.88,0.72,171.0,203.0,142.0,13.0,8.0,5.0,16.0,8.0,8.0,3.0,1.0,2.0,-3.0,0.0,-3.0,0.7,0.73,0.67,112.0,126.0,99.0,0.24,0.22,0.28,2.0,2.0,0.0,2.0,1.0,1.0,0.0,1.0,-1.0,Split,265317,58:21,2026-05-05 07:00:00,https://www.vlr.gg/659484/all-gamers-vs-tyloo-vct-2026-china-stage-1-lr2,VCT 2026: China Stage 1
AG,K1ra,Raze,0.68,0.79,0.58,153.0,177.0,131.0,11.0,6.0,5.0,16.0,8.0,8.0,2.0,2.0,0.0,-5.0,-2.0,-3.0,0.65,0.73,0.58,103.0,122.0,86.0,0.15,0.32,0.06,1.0,1.0,0.0,1.0,0.0,1.0,0.0,1.0,-1.0,Split,265317,58:21,2026-05-05 07:00:00,https://www.vlr.gg/659484/all-gamers-vs-tyloo-vct-2026-china-stage-1-lr2,VCT 2026: China Stage 1
TYL,splash,Neon,1.08,0.96,1.21,240.0,241.0,239.0,16.0,8.0,8.0,19.0,10.0,9.0,8.0,3.0,5.0,-3.0,-2.0,-1.0,0.65,0.5,0.82,163.0,162.0,164.0,0.23,0.19,0.32,5.0,5.0,0.0,3.0,2.0,1.0,2.0,3.0,-1.0,Split,265317,58:21,2026-05-05 07:00:00,https://www.vlr.gg/659484/all-gamers-vs-tyloo-vct-2026-china-stage-1-lr2,VCT 2026: China Stage 1
TYL,Scales,Viper,1.06,1.27,0.83,174.0,211.0,134.0,15.0,9.0,6.0,15.0,7.0,8.0,5.0,3.0,2.0,0.0,2.0,-2.0,0.65,0.75,0.55,118.0,143.0,91.0,0.21,0.33,0.1,1.0,1.0,0.0,3.0,1.0,2.0,-2.0,0.0,-2.0,Split,265317,58:21,2026-05-05 07:00:00,https://www.vlr.gg/659484/all-gamers-vs-tyloo-vct-2026-china-stage-1-lr2,VCT 2026: China Stage 1
TYL,sword9,Skye,0.97,0.95,0.99,147.0,97.0,202.0,13.0,5.0,8.0,14.0,5.0,9.0,4.0,2.0,2.0,-1.0,0.0,-1.0,0.65,0.75,0.55,105.0,53.0,162.0,0.19,0.07,0.25,1.0,0.0,1.0,1.0,0.0,1.0,0.0,0.0,0.0,Split,265317,58:21,2026-05-05 07:00:00,https://www.vlr.gg/659484/all-gamers-vs-tyloo-vct-2026-china-stage-1-lr2,VCT 2026: China Stage 1
TYL,Erv,Waylay,0.81,0.61,1.03,214.0,154.0,279.0,16.0,6.0,10.0,20.0,10.0,10.0,7.0,5.0,2.0,-4.0,-4.0,0.0,0.65,0.58,0.73,154.0,107.0,205.0,0.25,0.2,0.28,4.0,0.0,4.0,3.0,2.0,1.0,1.0,-2.0,3.0,Split,265317,58:21,2026-05-05 07:00:00,https://www.vlr.gg/659484/all-gamers-vs-tyloo-vct-2026-china-stage-1-lr2,VCT 2026: China Stage 1
TYL,slowly,Omen,0.71,1.1,0.29,136.0,180.0,88.0,10.0,7.0,3.0,17.0,7.0,10.0,6.0,4.0,2.0,-7.0,0.0,-7.0,0.65,0.75,0.55,89.0,118.0,57.0,0.36,0.37,0.33,1.0,1.0,0.0,1.0,0.0,1.0,0.0,1.0,-1.0,Split,265317,58:21,2026-05-05 07:00:00,https://www.vlr.gg/659484/all-gamers-vs-tyloo-vct-2026-china-stage-1-lr2,VCT 2026: China Stage 1
XLG,happywei,Viper,1.11,0.83,1.33,247.0,193.0,292.0,19.0,7.0,12.0,17.0,8.0,9.0,3.0,1.0,2.0,2.0,-1.0,3.0,0.68,0.5,0.83,163.0,139.0,183.0,0.28,0.21,0.29,1.0,1.0,0.0,3.0,2.0,1.0,-2.0,-1.0,-1.0,Split,265301,1:01:54,2026-05-08 05:00:00,https://www.vlr.gg/659480/xi-lai-gaming-vs-edward-gaming-vct-2026-china-stage-1-ubf,VCT 2026: China Stage 1
XLG,Lysoar,Omen,1.07,1.06,1.08,163.0,153.0,171.0,13.0,6.0,7.0,14.0,7.0,7.0,8.0,2.0,6.0,-1.0,-1.0,0.0,0.73,0.8,0.67,105.0,90.0,118.0,0.24,0.29,0.22,0.0,0.0,0.0,2.0,0.0,2.0,-2.0,0.0,-2.0,Split,265301,1:01:54,2026-05-08 05:00:00,https://www.vlr.gg/659480/xi-lai-gaming-vs-edward-gaming-vct-2026-china-stage-1-ubf,VCT 2026: China Stage 1
XLG,Rarga,Raze,0.89,0.88,0.9,184.0,191.0,178.0,13.0,7.0,6.0,17.0,8.0,9.0,5.0,1.0,4.0,-4.0,-1.0,-3.0,0.73,0.7,0.75,120.0,118.0,122.0,0.43,0.54,0.35,4.0,2.0,2.0,3.0,0.0,3.0,1.0,2.0,-1.0,Split,265301,1:01:54,2026-05-08 05:00:00,https://www.vlr.gg/659480/xi-lai-gaming-vs-edward-gaming-vct-2026-china-stage-1-ubf,VCT 2026: China Stage 1
XLG,WsLeo,Skye,0.81,0.54,1.03,149.0,107.0,184.0,11.0,3.0,8.0,16.0,8.0,8.0,8.0,5.0,3.0,-5.0,-5.0,0.0,0.68,0.8,0.58,95.0,67.0,118.0,0.3,0.29,0.31,0.0,0.0,0.0,2.0,1.0,1.0,-2.0,-1.0,-1.0,Split,265301,1:01:54,2026-05-08 05:00:00,https://www.vlr.gg/659480/xi-lai-gaming-vs-edward-gaming-vct-2026-china-stage-1-ubf,VCT 2026: China Stage 1
XLG,NoMan,Neon,0.67,0.71,0.65,167.0,195.0,144.0,12.0,6.0,6.0,18.0,8.0,10.0,5.0,2.0,3.0,-6.0,-2.0,-4.0,0.64,0.7,0.58,98.0,111.0,87.0,0.29,0.22,0.35,2.0,2.0,0.0,5.0,2.0,3.0,-3.0,0.0,-3.0,Split,265301,1:01:54,2026-05-08 05:00:00,https://www.vlr.gg/659480/xi-lai-gaming-vs-edward-gaming-vct-2026-china-stage-1-ubf,VCT 2026: China Stage 1
EDG,CHICHOO,Viper,1.5,1.69,1.28,270.0,293.0,242.0,23.0,14.0,9.0,11.0,6.0,5.0,3.0,1.0,2.0,12.0,8.0,4.0,0.82,0.83,0.8,166.0,182.0,147.0,0.33,0.44,0.17,2.0,2.0,0.0,2.0,0.0,2.0,0.0,2.0,-2.0,Split,265301,1:01:54,2026-05-08 05:00:00,https://www.vlr.gg/659480/xi-lai-gaming-vs-edward-gaming-vct-2026-china-stage-1-ubf,VCT 2026: China Stage 1
EDG,Jieni7,Omen,1.22,1.21,1.23,259.0,231.0,293.0,20.0,11.0,9.0,15.0,8.0,7.0,8.0,3.0,5.0,5.0,3.0,2.0,0.86,0.83,0.9,174.0,163.0,187.0,0.25,0.41,0.14,1.0,0.0,1.0,0.0,0.0,0.0,1.0,0.0,1.0,Split,265301,1:01:54,2026-05-08 05:00:00,https://www.vlr.gg/659480/xi-lai-gaming-vs-edward-gaming-vct-2026-china-stage-1-ubf,VCT 2026: China Stage 1
EDG,ZmjjKK,Jett,1.05,0.73,1.43,242.0,212.0,278.0,18.0,8.0,10.0,17.0,11.0,6.0,3.0,2.0,1.0,1.0,-3.0,4.0,0.73,0.58,0.9,150.0,144.0,157.0,0.3,0.36,0.22,6.0,4.0,2.0,1.0,1.0,0.0,5.0,3.0,2.0,Split,265301,1:01:54,2026-05-08 05:00:00,https://www.vlr.gg/659480/xi-lai-gaming-vs-edward-gaming-vct-2026-china-stage-1-ubf,VCT 2026: China Stage 1
EDG,Smoggy,Raze,0.95,0.72,1.23,198.0,177.0,223.0,16.0,7.0,9.0,14.0,8.0,6.0,2.0,1.0,1.0,2.0,-1.0,3.0,0.82,0.75,0.9,138.0,123.0,156.0,0.31,0.52,0.22,5.0,4.0,1.0,2.0,1.0,1.0,3.0,3.0,0.0,Split,265301,1:01:54,2026-05-08 05:00:00,https://www.vlr.gg/659480/xi-lai-gaming-vs-edward-gaming-vct-2026-china-stage-1-ubf,VCT 2026: China Stage 1
EDG,nobody,Skye,0.63,0.69,0.56,75.0,84.0,64.0,5.0,3.0,2.0,11.0,6.0,5.0,7.0,5.0,2.0,-6.0,-3.0,-3.0,0.68,0.67,0.7,50.0,66.0,31.0,0.22,0.31,0.1,1.0,0.0,1.0,2.0,0.0,2.0,-1.0,0.0,-1.0,Split,265301,1:01:54,2026-05-08 05:00:00,https://www.vlr.gg/659480/xi-lai-gaming-vs-edward-gaming-vct-2026-china-stage-1-ubf,VCT 2026: China Stage 1
XLG,Lysoar,Omen,1.09,0.99,1.19,177.0,157.0,197.0,28.0,13.0,15.0,28.0,16.0,12.0,12.0,5.0,7.0,0.0,-3.0,3.0,0.7,0.59,0.81,117.0,91.0,144.0,0.22,0.24,0.19,1.0,0.0,1.0,3.0,1.0,2.0,-2.0,-1.0,-1.0,all,all,all,2026-05-08 05:00:00,https://www.vlr.gg/659480/xi-lai-gaming-vs-edward-gaming-vct-2026-china-stage-1-ubf,VCT 2026: China Stage 1
XLG,happywei,Viper,1.05,0.89,1.22,236.0,191.0,282.0,34.0,14.0,20.0,34.0,18.0,16.0,8.0,3.0,5.0,0.0,-4.0,4.0,0.63,0.55,0.71,147.0,122.0,174.0,0.39,0.41,0.31,3.0,3.0,0.0,6.0,3.0,3.0,-3.0,0.0,-3.0,all,all,all,2026-05-08 05:00:00,https://www.vlr.gg/659480/xi-lai-gaming-vs-edward-gaming-vct-2026-china-stage-1-ubf,VCT 2026: China Stage 1
XLG,Rarga,Raze,0.89,0.77,1.01,209.0,206.0,211.0,31.0,16.0,15.0,34.0,19.0,15.0,6.0,2.0,4.0,-3.0,-3.0,0.0,0.7,0.68,0.71,130.0,119.0,141.0,0.51,0.56,0.47,9.0,5.0,4.0,7.0,3.0,4.0,2.0,2.0,0.0,all,all,all,2026-05-08 05:00:00,https://www.vlr.gg/659480/xi-lai-gaming-vs-edward-gaming-vct-2026-china-stage-1-ubf,VCT 2026: China Stage 1
XLG,WsLeo,Skye,0.82,0.74,0.9,154.0,133.0,176.0,24.0,11.0,13.0,31.0,17.0,14.0,13.0,8.0,5.0,-7.0,-6.0,-1.0,0.63,0.64,0.62,99.0,88.0,112.0,0.27,0.25,0.27,1.0,0.0,1.0,4.0,2.0,2.0,-3.0,-2.0,-1.0,all,all,all,2026-05-08 05:00:00,https://www.vlr.gg/659480/xi-lai-gaming-vs-edward-gaming-vct-2026-china-stage-1-ubf,VCT 2026: China Stage 1
XLG,NoMan,Neon,0.62,0.4,0.85,138.0,107.0,172.0,17.0,6.0,11.0,35.0,19.0,16.0,17.0,7.0,10.0,-18.0,-13.0,-5.0,0.65,0.59,0.71,85.0,64.0,108.0,0.25,0.21,0.31,2.0,2.0,0.0,7.0,3.0,4.0,-5.0,-1.0,-4.0,all,all,all,2026-05-08 05:00:00,https://www.vlr.gg/659480/xi-lai-gaming-vs-edward-gaming-vct-2026-china-stage-1-ubf,VCT 2026: China Stage 1
EDG,CHICHOO,Viper,1.49,1.55,1.44,268.0,286.0,251.0,44.0,23.0,21.0,24.0,13.0,11.0,12.0,4.0,8.0,20.0,10.0,10.0,0.81,0.76,0.86,169.0,183.0,155.0,0.35,0.38,0.3,3.0,2.0,1.0,3.0,1.0,2.0,0.0,1.0,-1.0,all,all,all,2026-05-08 05:00:00,https://www.vlr.gg/659480/xi-lai-gaming-vs-edward-gaming-vct-2026-china-stage-1-ubf,VCT 2026: China Stage 1
EDG,Jieni7,Omen,1.13,0.94,1.31,238.0,209.0,266.0,36.0,16.0,20.0,29.0,16.0,13.0,18.0,4.0,14.0,7.0,0.0,7.0,0.77,0.62,0.91,159.0,140.0,177.0,0.33,0.39,0.26,4.0,2.0,2.0,0.0,0.0,0.0,4.0,2.0,2.0,all,all,all,2026-05-08 05:00:00,https://www.vlr.gg/659480/xi-lai-gaming-vs-edward-gaming-vct-2026-china-stage-1-ubf,VCT 2026: China Stage 1
EDG,Smoggy,Raze,1.09,0.91,1.26,213.0,190.0,234.0,33.0,15.0,18.0,28.0,15.0,13.0,11.0,2.0,9.0,5.0,0.0,5.0,0.84,0.71,0.95,151.0,132.0,169.0,0.28,0.34,0.23,6.0,4.0,2.0,2.0,1.0,1.0,4.0,3.0,1.0,all,all,all,2026-05-08 05:00:00,https://www.vlr.gg/659480/xi-lai-gaming-vs-edward-gaming-vct-2026-china-stage-1-ubf,VCT 2026: China Stage 1
EDG,ZmjjKK,Jett,1.03,0.81,1.23,229.0,203.0,254.0,35.0,14.0,21.0,31.0,18.0,13.0,3.0,2.0,1.0,4.0,-4.0,8.0,0.67,0.67,0.68,147.0,134.0,158.0,0.28,0.37,0.2,13.0,7.0,6.0,8.0,3.0,5.0,5.0,4.0,1.0,all,all,all,2026-05-08 05:00:00,https://www.vlr.gg/659480/xi-lai-gaming-vs-edward-gaming-vct-2026-china-stage-1-ubf,VCT 2026: China Stage 1
EDG,nobody,Skye,0.88,0.81,0.96,119.0,100.0,135.0,14.0,5.0,9.0,22.0,12.0,10.0,21.0,14.0,7.0,-8.0,-7.0,-1.0,0.74,0.71,0.77,103.0,116.0,90.0,0.19,0.1,0.3,1.0,0.0,1.0,3.0,1.0,2.0,-2.0,-1.0,-1.0,all,all,all,2026-05-08 05:00:00,https://www.vlr.gg/659480/xi-lai-gaming-vs-edward-gaming-vct-2026-china-stage-1-ubf,VCT 2026: China Stage 1
XLG,Lysoar,Omen,1.11,0.94,1.34,191.0,160.0,232.0,15.0,7.0,8.0,14.0,9.0,5.0,4.0,3.0,1.0,1.0,-2.0,3.0,0.67,0.42,1.0,129.0,92.0,178.0,0.2,0.22,0.18,1.0,0.0,1.0,1.0,1.0,0.0,0.0,-1.0,1.0,Breeze,265302,44:16,2026-05-08 05:00:00,https://www.vlr.gg/659480/xi-lai-gaming-vs-edward-gaming-vct-2026-china-stage-1-ubf,VCT 2026: China Stage 1
XLG,happywei,Viper,1.0,0.94,1.07,224.0,190.0,269.0,15.0,7.0,8.0,17.0,10.0,7.0,5.0,2.0,3.0,-2.0,-3.0,1.0,0.57,0.58,0.56,131.0,108.0,162.0,0.49,0.8,0.36,2.0,2.0,0.0,3.0,1.0,2.0,-1.0,1.0,-2.0,Breeze,265302,44:16,2026-05-08 05:00:00,https://www.vlr.gg/659480/xi-lai-gaming-vs-edward-gaming-vct-2026-china-stage-1-ubf,VCT 2026: China Stage 1
XLG,Rarga,Neon,0.89,0.68,1.16,234.0,218.0,255.0,18.0,9.0,9.0,17.0,11.0,6.0,1.0,1.0,0.0,1.0,-2.0,3.0,0.67,0.67,0.67,140.0,120.0,167.0,0.59,0.57,0.6,5.0,3.0,2.0,4.0,3.0,1.0,1.0,0.0,1.0,Breeze,265302,44:16,2026-05-08 05:00:00,https://www.vlr.gg/659480/xi-lai-gaming-vs-edward-gaming-vct-2026-china-stage-1-ubf,VCT 2026: China Stage 1
XLG,WsLeo,Sova,0.82,0.9,0.72,159.0,155.0,164.0,13.0,8.0,5.0,15.0,9.0,6.0,5.0,3.0,2.0,-2.0,-1.0,-1.0,0.57,0.5,0.67,104.0,105.0,103.0,0.23,0.22,0.23,1.0,0.0,1.0,2.0,1.0,1.0,-1.0,-1.0,0.0,Breeze,265302,44:16,2026-05-08 05:00:00,https://www.vlr.gg/659480/xi-lai-gaming-vs-edward-gaming-vct-2026-china-stage-1-ubf,VCT 2026: China Stage 1
XLG,NoMan,Kayo,0.56,0.15,1.11,109.0,33.0,210.0,5.0,0.0,5.0,17.0,11.0,6.0,12.0,5.0,7.0,-12.0,-11.0,-1.0,0.67,0.5,0.89,72.0,24.0,136.0,0.21,0.14,0.24,0.0,0.0,0.0,2.0,1.0,1.0,-2.0,-1.0,-1.0,Breeze,265302,44:16,2026-05-08 05:00:00,https://www.vlr.gg/659480/xi-lai-gaming-vs-edward-gaming-vct-2026-china-stage-1-ubf,VCT 2026: China Stage 1
EDG,CHICHOO,Viper,1.49,1.37,1.57,266.0,277.0,258.0,21.0,9.0,12.0,13.0,7.0,6.0,9.0,3.0,6.0,8.0,2.0,6.0,0.81,0.67,0.92,172.0,185.0,162.0,0.37,0.32,0.43,1.0,0.0,1.0,1.0,1.0,0.0,0.0,-1.0,1.0,Breeze,265302,44:16,2026-05-08 05:00:00,https://www.vlr.gg/659480/xi-lai-gaming-vs-edward-gaming-vct-2026-china-stage-1-ubf,VCT 2026: China Stage 1
EDG,Smoggy,Harbor,1.23,1.16,1.28,228.0,208.0,243.0,17.0,8.0,9.0,14.0,7.0,7.0,9.0,1.0,8.0,3.0,1.0,2.0,0.86,0.67,1.0,165.0,145.0,180.0,0.24,0.23,0.24,1.0,0.0,1.0,0.0,0.0,0.0,1.0,0.0,1.0,Breeze,265302,44:16,2026-05-08 05:00:00,https://www.vlr.gg/659480/xi-lai-gaming-vs-edward-gaming-vct-2026-china-stage-1-ubf,VCT 2026: China Stage 1
EDG,nobody,Sova,1.15,0.97,1.29,163.0,122.0,194.0,9.0,2.0,7.0,11.0,6.0,5.0,14.0,9.0,5.0,-2.0,-4.0,2.0,0.81,0.78,0.83,158.0,183.0,139.0,0.16,0.03,0.4,0.0,0.0,0.0,1.0,1.0,0.0,-1.0,-1.0,0.0,Breeze,265302,44:16,2026-05-08 05:00:00,https://www.vlr.gg/659480/xi-lai-gaming-vs-edward-gaming-vct-2026-china-stage-1-ubf,VCT 2026: China Stage 1
EDG,Jieni7,Kayo,1.04,0.59,1.38,216.0,179.0,244.0,16.0,5.0,11.0,14.0,8.0,6.0,10.0,1.0,9.0,2.0,-3.0,5.0,0.67,0.33,0.92,143.0,110.0,168.0,0.41,0.36,0.43,3.0,2.0,1.0,0.0,0.0,0.0,3.0,2.0,1.0,Breeze,265302,44:16,2026-05-08 05:00:00,https://www.vlr.gg/659480/xi-lai-gaming-vs-edward-gaming-vct-2026-china-stage-1-ubf,VCT 2026: China Stage 1
EDG,ZmjjKK,Jett,1.01,0.92,1.07,215.0,190.0,234.0,17.0,6.0,11.0,14.0,7.0,7.0,0.0,0.0,0.0,3.0,-1.0,4.0,0.62,0.78,0.5,143.0,121.0,160.0,0.25,0.38,0.17,7.0,3.0,4.0,7.0,2.0,5.0,0.0,1.0,-1.0,Breeze,265302,44:16,2026-05-08 05:00:00,https://www.vlr.gg/659480/xi-lai-gaming-vs-edward-gaming-vct-2026-china-stage-1-ubf,VCT 2026: China Stage 1
AG,iamgrq,Omen,1.18,1.03,1.38,244.0,229.0,264.0,17.0,9.0,8.0,14.0,8.0,6.0,9.0,5.0,4.0,3.0,1.0,2.0,0.67,0.58,0.78,162.0,158.0,167.0,0.38,0.35,0.42,0.0,0.0,0.0,1.0,0.0,1.0,-1.0,0.0,-1.0,Lotus,265321,58:29,2026-05-08 07:10:00,https://www.vlr.gg/659486/all-gamers-vs-dragon-ranger-gaming-vct-2026-china-stage-1-lr3,VCT 2026: China Stage 1
AG,f4ngeer,Waylay,1.17,1.41,0.85,259.0,313.0,187.0,20.0,14.0,6.0,16.0,9.0,7.0,4.0,2.0,2.0,4.0,5.0,-1.0,0.71,0.83,0.56,169.0,195.0,134.0,0.38,0.32,0.5,4.0,2.0,2.0,2.0,1.0,1.0,2.0,1.0,1.0,Lotus,265321,58:29,2026-05-08 07:10:00,https://www.vlr.gg/659486/all-gamers-vs-dragon-ranger-gaming-vct-2026-china-stage-1-lr3,VCT 2026: China Stage 1
AG,Shr1mp,Fade,1.07,0.95,1.23,201.0,161.0,254.0,15.0,8.0,7.0,13.0,7.0,6.0,10.0,6.0,4.0,2.0,1.0,1.0,0.71,0.67,0.78,111.0,82.0,150.0,0.14,0.11,0.16,3.0,1.0,2.0,0.0,0.0,0.0,3.0,1.0,2.0,Lotus,265321,58:29,2026-05-08 07:10:00,https://www.vlr.gg/659486/all-gamers-vs-dragon-ranger-gaming-vct-2026-china-stage-1-lr3,VCT 2026: China Stage 1
AG,K1ra,Cypher,0.78,1.0,0.48,132.0,179.0,69.0,10.0,8.0,2.0,14.0,7.0,7.0,4.0,1.0,3.0,-4.0,1.0,-5.0,0.76,0.75,0.78,101.0,145.0,42.0,0.27,0.32,0.13,1.0,1.0,0.0,3.0,1.0,2.0,-2.0,0.0,-2.0,Lotus,265321,58:29,2026-05-08 07:10:00,https://www.vlr.gg/659486/all-gamers-vs-dragon-ranger-gaming-vct-2026-china-stage-1-lr3,VCT 2026: China Stage 1
AG,Bai,Neon,0.45,0.52,0.36,130.0,144.0,111.0,9.0,5.0,4.0,18.0,10.0,8.0,7.0,6.0,1.0,-9.0,-5.0,-4.0,0.71,0.92,0.44,84.0,94.0,71.0,0.12,0.09,0.18,2.0,2.0,0.0,5.0,4.0,1.0,-3.0,-2.0,-1.0,Lotus,265321,58:29,2026-05-08 07:10:00,https://www.vlr.gg/659486/all-gamers-vs-dragon-ranger-gaming-vct-2026-china-stage-1-lr3,VCT 2026: China Stage 1
DRG,Flex1n,Omen,1.35,1.37,1.33,248.0,230.0,262.0,18.0,8.0,10.0,14.0,5.0,9.0,15.0,5.0,10.0,4.0,3.0,1.0,0.9,0.89,0.92,140.0,140.0,140.0,0.24,0.14,0.31,2.0,0.0,2.0,1.0,0.0,1.0,1.0,0.0,1.0,Lotus,265321,58:29,2026-05-08 07:10:00,https://www.vlr.gg/659486/all-gamers-vs-dragon-ranger-gaming-vct-2026-china-stage-1-lr3,VCT 2026: China Stage 1
DRG,SpiritZ1,Waylay,1.18,0.92,1.38,268.0,212.0,310.0,20.0,7.0,13.0,15.0,6.0,9.0,4.0,0.0,4.0,5.0,1.0,4.0,0.67,0.67,0.67,159.0,135.0,177.0,0.34,0.39,0.32,5.0,3.0,2.0,3.0,0.0,3.0,2.0,3.0,-1.0,Lotus,265321,58:29,2026-05-08 07:10:00,https://www.vlr.gg/659486/all-gamers-vs-dragon-ranger-gaming-vct-2026-china-stage-1-lr3,VCT 2026: China Stage 1
DRG,vo0kashu,Cypher,1.04,1.16,0.95,160.0,202.0,129.0,12.0,6.0,6.0,13.0,6.0,7.0,4.0,2.0,2.0,-1.0,0.0,-1.0,0.57,0.67,0.5,108.0,127.0,94.0,0.12,0.09,0.15,2.0,1.0,1.0,3.0,2.0,1.0,-1.0,-1.0,0.0,Lotus,265321,58:29,2026-05-08 07:10:00,https://www.vlr.gg/659486/all-gamers-vs-dragon-ranger-gaming-vct-2026-china-stage-1-lr3,VCT 2026: China Stage 1
DRG,Nicc,Skye,0.97,1.14,0.84,132.0,130.0,134.0,11.0,5.0,6.0,13.0,4.0,9.0,7.0,2.0,5.0,-2.0,1.0,-3.0,0.67,0.78,0.58,92.0,98.0,88.0,0.46,0.55,0.4,0.0,0.0,0.0,1.0,0.0,1.0,-1.0,0.0,-1.0,Lotus,265321,58:29,2026-05-08 07:10:00,https://www.vlr.gg/659486/all-gamers-vs-dragon-ranger-gaming-vct-2026-china-stage-1-lr3,VCT 2026: China Stage 1
DRG,Life,Neon,0.88,1.0,0.8,201.0,229.0,180.0,14.0,8.0,6.0,16.0,6.0,10.0,2.0,0.0,2.0,-2.0,2.0,-4.0,0.57,0.56,0.58,143.0,157.0,133.0,0.37,0.35,0.38,2.0,1.0,1.0,2.0,2.0,0.0,0.0,-1.0,1.0,Lotus,265321,58:29,2026-05-08 07:10:00,https://www.vlr.gg/659486/all-gamers-vs-dragon-ranger-gaming-vct-2026-china-stage-1-lr3,VCT 2026: China Stage 1
AG,Shr1mp,Fade,1.06,0.82,1.3,181.0,127.0,239.0,40.0,15.0,25.0,38.0,18.0,20.0,20.0,9.0,11.0,2.0,-3.0,5.0,0.74,0.68,0.8,110.0,74.0,148.0,0.22,0.19,0.23,6.0,2.0,4.0,0.0,0.0,0.0,6.0,2.0,4.0,all,all,all,2026-05-08 07:10:00,https://www.vlr.gg/659486/all-gamers-vs-dragon-ranger-gaming-vct-2026-china-stage-1-lr3,VCT 2026: China Stage 1
AG,iamgrq,Omen,1.04,1.27,0.8,200.0,227.0,176.0,44.0,25.0,19.0,45.0,19.0,26.0,28.0,15.0,13.0,-1.0,6.0,-7.0,0.7,0.68,0.73,134.0,156.0,111.0,0.25,0.25,0.26,0.0,0.0,0.0,7.0,1.0,6.0,-7.0,-1.0,-6.0,all,all,all,2026-05-08 07:10:00,https://www.vlr.gg/659486/all-gamers-vs-dragon-ranger-gaming-vct-2026-china-stage-1-lr3,VCT 2026: China Stage 1
AG,f4ngeer,Waylay,1.0,1.11,0.87,218.0,275.0,160.0,49.0,32.0,17.0,45.0,24.0,21.0,9.0,3.0,6.0,4.0,8.0,-4.0,0.69,0.74,0.63,143.0,167.0,118.0,0.33,0.31,0.38,10.0,6.0,4.0,6.0,4.0,2.0,4.0,2.0,2.0,all,all,all,2026-05-08 07:10:00,https://www.vlr.gg/659486/all-gamers-vs-dragon-ranger-gaming-vct-2026-china-stage-1-lr3,VCT 2026: China Stage 1
AG,K1ra,Cypher,0.81,0.94,0.68,185.0,213.0,154.0,37.0,23.0,14.0,47.0,22.0,25.0,14.0,4.0,10.0,-10.0,1.0,-11.0,0.74,0.77,0.7,127.0,152.0,100.0,0.26,0.32,0.18,11.0,5.0,6.0,9.0,4.0,5.0,2.0,1.0,1.0,all,all,all,2026-05-08 07:10:00,https://www.vlr.gg/659486/all-gamers-vs-dragon-ranger-gaming-vct-2026-china-stage-1-lr3,VCT 2026: China Stage 1
AG,Bai,Neon,0.71,0.63,0.78,165.0,165.0,167.0,35.0,17.0,18.0,50.0,25.0,25.0,14.0,9.0,5.0,-15.0,-8.0,-7.0,0.64,0.74,0.53,106.0,102.0,109.0,0.12,0.12,0.13,4.0,3.0,1.0,8.0,6.0,2.0,-4.0,-3.0,-1.0,all,all,all,2026-05-08 07:10:00,https://www.vlr.gg/659486/all-gamers-vs-dragon-ranger-gaming-vct-2026-china-stage-1-lr3,VCT 2026: China Stage 1
DRG,vo0kashu,Cypher,1.39,1.43,1.34,243.0,254.0,228.0,53.0,28.0,25.0,36.0,17.0,19.0,21.0,11.0,10.0,17.0,11.0,6.0,0.75,0.8,0.71,165.0,175.0,156.0,0.25,0.22,0.3,7.0,4.0,3.0,6.0,4.0,2.0,1.0,0.0,1.0,all,all,all,2026-05-08 07:10:00,https://www.vlr.gg/659486/all-gamers-vs-dragon-ranger-gaming-vct-2026-china-stage-1-lr3,VCT 2026: China Stage 1
DRG,Flex1n,Omen,1.2,1.44,0.97,219.0,241.0,198.0,47.0,27.0,20.0,41.0,17.0,24.0,31.0,16.0,15.0,6.0,10.0,-4.0,0.84,0.87,0.81,136.0,154.0,118.0,0.23,0.21,0.24,3.0,1.0,2.0,3.0,1.0,2.0,0.0,0.0,0.0,all,all,all,2026-05-08 07:10:00,https://www.vlr.gg/659486/all-gamers-vs-dragon-ranger-gaming-vct-2026-china-stage-1-lr3,VCT 2026: China Stage 1
DRG,SpiritZ1,Waylay,1.06,1.01,1.12,238.0,212.0,260.0,50.0,21.0,29.0,44.0,20.0,24.0,12.0,6.0,6.0,6.0,1.0,5.0,0.69,0.73,0.65,150.0,141.0,159.0,0.26,0.24,0.28,10.0,6.0,4.0,7.0,2.0,5.0,3.0,4.0,-1.0,all,all,all,2026-05-08 07:10:00,https://www.vlr.gg/659486/all-gamers-vs-dragon-ranger-gaming-vct-2026-china-stage-1-lr3,VCT 2026: China Stage 1
DRG,Nicc,Skye,0.99,0.98,1.0,165.0,176.0,156.0,37.0,20.0,17.0,39.0,17.0,22.0,22.0,8.0,14.0,-2.0,3.0,-5.0,0.79,0.8,0.77,103.0,111.0,96.0,0.29,0.27,0.26,3.0,0.0,3.0,4.0,1.0,3.0,-1.0,-1.0,0.0,all,all,all,2026-05-08 07:10:00,https://www.vlr.gg/659486/all-gamers-vs-dragon-ranger-gaming-vct-2026-china-stage-1-lr3,VCT 2026: China Stage 1
DRG,Life,Neon,0.83,0.79,0.86,185.0,194.0,176.0,38.0,21.0,17.0,45.0,22.0,23.0,14.0,6.0,8.0,-7.0,-1.0,-6.0,0.61,0.53,0.68,126.0,130.0,122.0,0.32,0.42,0.23,7.0,4.0,3.0,11.0,7.0,4.0,-4.0,-3.0,-1.0,all,all,all,2026-05-08 07:10:00,https://www.vlr.gg/659486/all-gamers-vs-dragon-ranger-gaming-vct-2026-china-stage-1-lr3,VCT 2026: China Stage 1
AG,iamgrq,Omen,1.24,1.85,0.43,202.0,262.0,122.0,17.0,13.0,4.0,13.0,5.0,8.0,9.0,7.0,2.0,4.0,8.0,-4.0,0.81,0.83,0.78,131.0,177.0,70.0,0.21,0.3,0.06,0.0,0.0,0.0,1.0,0.0,1.0,-1.0,0.0,-1.0,Split,265322,49:25,2026-05-08 07:10:00,https://www.vlr.gg/659486/all-gamers-vs-dragon-ranger-gaming-vct-2026-china-stage-1-lr3,VCT 2026: China Stage 1
AG,Shr1mp,Skye,1.11,0.82,1.51,183.0,112.0,278.0,14.0,5.0,9.0,12.0,6.0,6.0,5.0,2.0,3.0,2.0,-1.0,3.0,0.76,0.75,0.78,113.0,73.0,166.0,0.29,0.25,0.32,2.0,1.0,1.0,0.0,0.0,0.0,2.0,1.0,1.0,Split,265322,49:25,2026-05-08 07:10:00,https://www.vlr.gg/659486/all-gamers-vs-dragon-ranger-gaming-vct-2026-china-stage-1-lr3,VCT 2026: China Stage 1
AG,Bai,Viper,1.11,0.93,1.36,232.0,230.0,235.0,18.0,10.0,8.0,15.0,9.0,6.0,2.0,1.0,1.0,3.0,1.0,2.0,0.67,0.58,0.78,152.0,132.0,179.0,0.13,0.16,0.11,2.0,1.0,1.0,0.0,0.0,0.0,2.0,1.0,1.0,Split,265322,49:25,2026-05-08 07:10:00,https://www.vlr.gg/659486/all-gamers-vs-dragon-ranger-gaming-vct-2026-china-stage-1-lr3,VCT 2026: China Stage 1
AG,K1ra,Raze,0.83,0.81,0.86,217.0,219.0,214.0,16.0,9.0,7.0,16.0,9.0,7.0,3.0,2.0,1.0,0.0,0.0,0.0,0.76,0.67,0.89,129.0,133.0,124.0,0.21,0.24,0.17,6.0,3.0,3.0,4.0,3.0,1.0,2.0,0.0,2.0,Split,265322,49:25,2026-05-08 07:10:00,https://www.vlr.gg/659486/all-gamers-vs-dragon-ranger-gaming-vct-2026-china-stage-1-lr3,VCT 2026: China Stage 1
AG,f4ngeer,Jett,0.77,0.51,1.12,198.0,177.0,226.0,14.0,7.0,7.0,16.0,10.0,6.0,2.0,1.0,1.0,-2.0,-3.0,1.0,0.67,0.58,0.78,134.0,111.0,165.0,0.35,0.29,0.41,4.0,2.0,2.0,2.0,2.0,0.0,2.0,0.0,2.0,Split,265322,49:25,2026-05-08 07:10:00,https://www.vlr.gg/659486/all-gamers-vs-dragon-ranger-gaming-vct-2026-china-stage-1-lr3,VCT 2026: China Stage 1
DRG,vo0kashu,Vyse,1.45,1.09,1.71,273.0,195.0,332.0,20.0,6.0,14.0,15.0,7.0,8.0,6.0,4.0,2.0,5.0,-1.0,6.0,0.81,0.78,0.83,185.0,148.0,213.0,0.3,0.26,0.32,2.0,0.0,2.0,1.0,1.0,0.0,1.0,-1.0,2.0,Split,265322,49:25,2026-05-08 07:10:00,https://www.vlr.gg/659486/all-gamers-vs-dragon-ranger-gaming-vct-2026-china-stage-1-lr3,VCT 2026: China Stage 1
DRG,Flex1n,Astra,1.09,1.52,0.76,203.0,260.0,160.0,15.0,9.0,6.0,15.0,6.0,9.0,5.0,3.0,2.0,0.0,3.0,-3.0,0.76,0.78,0.75,147.0,191.0,114.0,0.21,0.24,0.2,0.0,0.0,0.0,1.0,0.0,1.0,-1.0,0.0,-1.0,Split,265322,49:25,2026-05-08 07:10:00,https://www.vlr.gg/659486/all-gamers-vs-dragon-ranger-gaming-vct-2026-china-stage-1-lr3,VCT 2026: China Stage 1
DRG,Nicc,Fade,1.02,0.88,1.13,211.0,264.0,171.0,15.0,8.0,7.0,15.0,7.0,8.0,7.0,2.0,5.0,0.0,1.0,-1.0,0.76,0.67,0.83,128.0,164.0,101.0,0.17,0.1,0.26,2.0,0.0,2.0,3.0,1.0,2.0,-1.0,-1.0,0.0,Split,265322,49:25,2026-05-08 07:10:00,https://www.vlr.gg/659486/all-gamers-vs-dragon-ranger-gaming-vct-2026-china-stage-1-lr3,VCT 2026: China Stage 1
DRG,Life,Neon,0.68,0.37,0.91,149.0,133.0,161.0,10.0,4.0,6.0,16.0,8.0,8.0,8.0,3.0,5.0,-6.0,-4.0,-2.0,0.52,0.33,0.67,104.0,101.0,106.0,0.28,0.57,0.15,3.0,2.0,1.0,6.0,4.0,2.0,-3.0,-2.0,-1.0,Split,265322,49:25,2026-05-08 07:10:00,https://www.vlr.gg/659486/all-gamers-vs-dragon-ranger-gaming-vct-2026-china-stage-1-lr3,VCT 2026: China Stage 1
DRG,SpiritZ1,Waylay,0.64,0.88,0.45,157.0,177.0,142.0,12.0,6.0,6.0,18.0,7.0,11.0,3.0,1.0,2.0,-6.0,-1.0,-5.0,0.62,0.67,0.58,107.0,120.0,97.0,0.2,0.22,0.19,0.0,0.0,0.0,3.0,1.0,2.0,-3.0,-1.0,-2.0,Split,265322,49:25,2026-05-08 07:10:00,https://www.vlr.gg/659486/all-gamers-vs-dragon-ranger-gaming-vct-2026-china-stage-1-lr3,VCT 2026: China Stage 1
AG,f4ngeer,Jett,1.06,1.65,0.71,196.0,377.0,90.0,15.0,11.0,4.0,13.0,5.0,8.0,3.0,0.0,3.0,2.0,6.0,-4.0,0.68,0.86,0.58,123.0,213.0,71.0,0.25,0.3,0.13,2.0,2.0,0.0,2.0,1.0,1.0,0.0,1.0,-1.0,Haven,265323,43:19,2026-05-08 07:10:00,https://www.vlr.gg/659486/all-gamers-vs-dragon-ranger-gaming-vct-2026-china-stage-1-lr3,VCT 2026: China Stage 1
AG,Shr1mp,Skye,0.97,0.58,1.21,160.0,95.0,198.0,11.0,2.0,9.0,13.0,5.0,8.0,5.0,1.0,4.0,-2.0,-3.0,1.0,0.74,0.57,0.83,107.0,62.0,133.0,0.23,0.25,0.22,1.0,0.0,1.0,0.0,0.0,0.0,1.0,0.0,1.0,Haven,265323,43:19,2026-05-08 07:10:00,https://www.vlr.gg/659486/all-gamers-vs-dragon-ranger-gaming-vct-2026-china-stage-1-lr3,VCT 2026: China Stage 1
AG,K1ra,Cypher,0.84,1.07,0.7,205.0,263.0,171.0,11.0,6.0,5.0,17.0,6.0,11.0,7.0,1.0,6.0,-6.0,0.0,-6.0,0.68,1.0,0.5,152.0,197.0,126.0,0.31,0.47,0.21,4.0,1.0,3.0,2.0,0.0,2.0,2.0,1.0,1.0,Haven,265323,43:19,2026-05-08 07:10:00,https://www.vlr.gg/659486/all-gamers-vs-dragon-ranger-gaming-vct-2026-china-stage-1-lr3,VCT 2026: China Stage 1
AG,iamgrq,Omen,0.65,0.68,0.64,155.0,163.0,150.0,10.0,3.0,7.0,18.0,6.0,12.0,10.0,3.0,7.0,-8.0,-3.0,-5.0,0.63,0.57,0.67,105.0,115.0,99.0,0.17,0.08,0.29,0.0,0.0,0.0,5.0,1.0,4.0,-5.0,-1.0,-4.0,Haven,265323,43:19,2026-05-08 07:10:00,https://www.vlr.gg/659486/all-gamers-vs-dragon-ranger-gaming-vct-2026-china-stage-1-lr3,VCT 2026: China Stage 1
AG,Bai,Neon,0.53,0.32,0.66,133.0,91.0,158.0,8.0,2.0,6.0,17.0,6.0,11.0,5.0,2.0,3.0,-9.0,-4.0,-5.0,0.53,0.71,0.42,78.0,66.0,85.0,0.11,0.08,0.13,0.0,0.0,0.0,3.0,2.0,1.0,-3.0,-2.0,-1.0,Haven,265323,43:19,2026-05-08 07:10:00,https://www.vlr.gg/659486/all-gamers-vs-dragon-ranger-gaming-vct-2026-china-stage-1-lr3,VCT 2026: China Stage 1
DRG,vo0kashu,Cypher,1.7,1.89,1.38,295.0,338.0,221.0,21.0,16.0,5.0,8.0,4.0,4.0,11.0,5.0,6.0,13.0,12.0,1.0,0.89,0.92,0.86,207.0,231.0,166.0,0.33,0.27,0.47,3.0,3.0,0.0,2.0,1.0,1.0,1.0,2.0,-1.0,Haven,265323,43:19,2026-05-08 07:10:00,https://www.vlr.gg/659486/all-gamers-vs-dragon-ranger-gaming-vct-2026-china-stage-1-lr3,VCT 2026: China Stage 1
DRG,SpiritZ1,Waylay,1.4,1.17,1.79,289.0,238.0,376.0,18.0,8.0,10.0,11.0,7.0,4.0,5.0,5.0,0.0,7.0,1.0,6.0,0.79,0.83,0.71,189.0,162.0,235.0,0.24,0.2,0.35,5.0,3.0,2.0,1.0,1.0,0.0,4.0,2.0,2.0,Haven,265323,43:19,2026-05-08 07:10:00,https://www.vlr.gg/659486/all-gamers-vs-dragon-ranger-gaming-vct-2026-china-stage-1-lr3,VCT 2026: China Stage 1
DRG,Flex1n,Omen,1.17,1.44,0.72,205.0,236.0,152.0,14.0,10.0,4.0,12.0,6.0,6.0,11.0,8.0,3.0,2.0,4.0,-2.0,0.84,0.92,0.71,119.0,137.0,88.0,0.23,0.32,0.11,1.0,1.0,0.0,1.0,1.0,0.0,0.0,0.0,0.0,Haven,265323,43:19,2026-05-08 07:10:00,https://www.vlr.gg/659486/all-gamers-vs-dragon-ranger-gaming-vct-2026-china-stage-1-lr3,VCT 2026: China Stage 1
DRG,Nicc,Skye,0.98,0.95,1.04,153.0,144.0,168.0,11.0,7.0,4.0,11.0,6.0,5.0,8.0,4.0,4.0,0.0,1.0,-1.0,0.95,0.92,1.0,88.0,80.0,102.0,0.25,0.4,0.15,1.0,0.0,1.0,0.0,0.0,0.0,1.0,0.0,1.0,Haven,265323,43:19,2026-05-08 07:10:00,https://www.vlr.gg/659486/all-gamers-vs-dragon-ranger-gaming-vct-2026-china-stage-1-lr3,VCT 2026: China Stage 1
DRG,Life,Neon,0.93,0.96,0.89,206.0,213.0,194.0,14.0,9.0,5.0,13.0,8.0,5.0,4.0,3.0,1.0,1.0,1.0,0.0,0.74,0.67,0.86,131.0,132.0,129.0,0.31,0.38,0.22,2.0,1.0,1.0,3.0,1.0,2.0,-1.0,0.0,-1.0,Haven,265323,43:19,2026-05-08 07:10:00,https://www.vlr.gg/659486/all-gamers-vs-dragon-ranger-gaming-vct-2026-china-stage-1-lr3,VCT 2026: China Stage 1
XLG,WsLeo,Fade,1.98,2.14,1.35,357.0,385.0,245.0,20.0,17.0,3.0,7.0,5.0,2.0,5.0,3.0,2.0,13.0,12.0,1.0,0.73,0.75,0.67,217.0,235.0,145.0,0.26,0.26,0.29,1.0,1.0,0.0,0.0,0.0,0.0,1.0,1.0,0.0,Lotus,265324,50:09,2026-05-09 05:00:00,https://www.vlr.gg/659487/xi-lai-gaming-vs-dragon-ranger-gaming-vct-2026-china-stage-1-lbf,VCT 2026: China Stage 1
XLG,Rarga,Sage,1.63,1.47,2.28,301.0,315.0,245.0,17.0,14.0,3.0,8.0,8.0,0.0,8.0,6.0,2.0,9.0,6.0,3.0,0.93,0.92,1.0,192.0,203.0,148.0,0.29,0.33,0.0,4.0,3.0,1.0,1.0,1.0,0.0,3.0,2.0,1.0,Lotus,265324,50:09,2026-05-09 05:00:00,https://www.vlr.gg/659487/xi-lai-gaming-vs-dragon-ranger-gaming-vct-2026-china-stage-1-lbf,VCT 2026: China Stage 1
XLG,happywei,Cypher,1.33,0.91,3.01,259.0,236.0,351.0,16.0,10.0,6.0,8.0,8.0,0.0,2.0,2.0,0.0,8.0,2.0,6.0,0.8,0.75,1.0,166.0,141.0,266.0,0.54,0.59,0.44,4.0,3.0,1.0,1.0,1.0,0.0,3.0,2.0,1.0,Lotus,265324,50:09,2026-05-09 05:00:00,https://www.vlr.gg/659487/xi-lai-gaming-vs-dragon-ranger-gaming-vct-2026-china-stage-1-lbf,VCT 2026: China Stage 1
XLG,NoMan,Deadlock,1.1,0.86,2.07,217.0,187.0,337.0,11.0,8.0,3.0,10.0,9.0,1.0,9.0,5.0,4.0,1.0,-1.0,2.0,1.0,1.0,1.0,156.0,134.0,244.0,0.31,0.45,0.18,2.0,1.0,1.0,1.0,1.0,0.0,1.0,0.0,1.0,Lotus,265324,50:09,2026-05-09 05:00:00,https://www.vlr.gg/659487/xi-lai-gaming-vs-dragon-ranger-gaming-vct-2026-china-stage-1-lbf,VCT 2026: China Stage 1
XLG,Lysoar,Omen,0.94,1.04,0.51,116.0,107.0,152.0,5.0,5.0,0.0,7.0,4.0,3.0,12.0,5.0,7.0,-2.0,1.0,-3.0,0.8,0.75,1.0,72.0,60.0,120.0,0.09,0.05,0.08,1.0,1.0,0.0,0.0,0.0,0.0,1.0,1.0,0.0,Lotus,265324,50:09,2026-05-09 05:00:00,https://www.vlr.gg/659487/xi-lai-gaming-vs-dragon-ranger-gaming-vct-2026-china-stage-1-lbf,VCT 2026: China Stage 1
DRG,vo0kashu,Cypher,0.91,0.31,1.07,196.0,138.0,211.0,9.0,1.0,8.0,12.0,3.0,9.0,5.0,1.0,4.0,-3.0,-2.0,-1.0,0.67,0.67,0.67,130.0,91.0,140.0,0.33,0.25,0.35,0.0,0.0,0.0,1.0,1.0,0.0,-1.0,-1.0,0.0,Lotus,265324,50:09,2026-05-09 05:00:00,https://www.vlr.gg/659487/xi-lai-gaming-vs-dragon-ranger-gaming-vct-2026-china-stage-1-lbf,VCT 2026: China Stage 1
DRG,Life,Neon,0.87,0.74,0.9,231.0,178.0,244.0,12.0,2.0,10.0,15.0,3.0,12.0,1.0,0.0,1.0,-3.0,-1.0,-2.0,0.73,0.67,0.75,147.0,133.0,151.0,0.41,0.67,0.33,3.0,0.0,3.0,4.0,1.0,3.0,-1.0,-1.0,0.0,Lotus,265324,50:09,2026-05-09 05:00:00,https://www.vlr.gg/659487/xi-lai-gaming-vs-dragon-ranger-gaming-vct-2026-china-stage-1-lbf,VCT 2026: China Stage 1
DRG,Nicc,Skye,0.71,0.56,0.74,191.0,185.0,193.0,9.0,2.0,7.0,15.0,3.0,12.0,4.0,0.0,4.0,-6.0,-1.0,-5.0,0.6,0.33,0.67,141.0,93.0,153.0,0.29,0.33,0.29,0.0,0.0,0.0,1.0,0.0,1.0,-1.0,0.0,-1.0,Lotus,265324,50:09,2026-05-09 05:00:00,https://www.vlr.gg/659487/xi-lai-gaming-vs-dragon-ranger-gaming-vct-2026-china-stage-1-lbf,VCT 2026: China Stage 1
DRG,SpiritZ1,Waylay,0.57,0.22,0.66,162.0,155.0,164.0,6.0,1.0,5.0,14.0,3.0,11.0,5.0,0.0,5.0,-8.0,-2.0,-6.0,0.6,0.33,0.67,122.0,144.0,117.0,0.23,0.17,0.25,0.0,0.0,0.0,4.0,1.0,3.0,-4.0,-1.0,-3.0,Lotus,265324,50:09,2026-05-09 05:00:00,https://www.vlr.gg/659487/xi-lai-gaming-vs-dragon-ranger-gaming-vct-2026-china-stage-1-lbf,VCT 2026: China Stage 1
DRG,Flex1n,Omen,0.37,0.02,0.51,87.0,4.0,108.0,4.0,0.0,4.0,13.0,3.0,10.0,5.0,0.0,5.0,-9.0,-3.0,-6.0,0.33,0.0,0.42,59.0,4.0,73.0,0.15,0.0,0.15,0.0,0.0,0.0,2.0,0.0,2.0,-2.0,0.0,-2.0,Lotus,265324,50:09,2026-05-09 05:00:00,https://www.vlr.gg/659487/xi-lai-gaming-vs-dragon-ranger-gaming-vct-2026-china-stage-1-lbf,VCT 2026: China Stage 1
XLG,Lysoar,Omen,1.23,1.17,1.31,198.0,197.0,222.0,60.0,35.0,25.0,43.0,25.0,18.0,38.0,14.0,24.0,17.0,10.0,7.0,0.8,0.77,0.85,121.0,119.0,125.0,0.21,0.22,0.19,3.0,1.0,2.0,4.0,3.0,1.0,-1.0,-2.0,1.0,all,all,all,2026-05-09 05:00:00,https://www.vlr.gg/659487/xi-lai-gaming-vs-dragon-ranger-gaming-vct-2026-china-stage-1-lbf,VCT 2026: China Stage 1
XLG,WsLeo,Fade,1.19,1.24,1.11,238.0,224.0,233.0,63.0,37.0,26.0,53.0,29.0,24.0,32.0,17.0,15.0,10.0,8.0,2.0,0.77,0.81,0.7,157.0,153.0,162.0,0.29,0.31,0.21,7.0,3.0,4.0,1.0,0.0,1.0,6.0,3.0,3.0,all,all,all,2026-05-09 05:00:00,https://www.vlr.gg/659487/xi-lai-gaming-vs-dragon-ranger-gaming-vct-2026-china-stage-1-lbf,VCT 2026: China Stage 1
XLG,Rarga,Sage,1.09,1.06,1.13,246.0,251.0,209.0,67.0,43.0,24.0,56.0,36.0,20.0,24.0,13.0,11.0,11.0,7.0,4.0,0.75,0.73,0.79,139.0,149.0,124.0,0.29,0.28,0.25,20.0,14.0,6.0,13.0,9.0,4.0,7.0,5.0,2.0,all,all,all,2026-05-09 05:00:00,https://www.vlr.gg/659487/xi-lai-gaming-vs-dragon-ranger-gaming-vct-2026-china-stage-1-lbf,VCT 2026: China Stage 1
XLG,happywei,Cypher,1.04,0.82,1.36,211.0,176.0,260.0,65.0,31.0,34.0,58.0,34.0,24.0,11.0,4.0,7.0,7.0,-3.0,10.0,0.72,0.71,0.73,157.0,114.0,221.0,0.38,0.36,0.41,8.0,4.0,4.0,8.0,5.0,3.0,0.0,-1.0,1.0,all,all,all,2026-05-09 05:00:00,https://www.vlr.gg/659487/xi-lai-gaming-vs-dragon-ranger-gaming-vct-2026-china-stage-1-lbf,VCT 2026: China Stage 1
XLG,NoMan,Deadlock,0.83,0.8,0.88,181.0,184.0,164.0,50.0,31.0,19.0,58.0,38.0,20.0,28.0,17.0,11.0,-8.0,-7.0,-1.0,0.75,0.75,0.76,117.0,120.0,113.0,0.26,0.33,0.18,8.0,4.0,4.0,9.0,5.0,4.0,-1.0,-1.0,0.0,all,all,all,2026-05-09 05:00:00,https://www.vlr.gg/659487/xi-lai-gaming-vs-dragon-ranger-gaming-vct-2026-china-stage-1-lbf,VCT 2026: China Stage 1
DRG,vo0kashu,Cypher,1.46,1.51,1.43,270.0,290.0,266.0,79.0,34.0,45.0,56.0,24.0,32.0,22.0,5.0,17.0,23.0,10.0,13.0,0.77,0.73,0.79,174.0,179.0,170.0,0.33,0.32,0.32,3.0,2.0,1.0,4.0,2.0,2.0,-1.0,0.0,-1.0,all,all,all,2026-05-09 05:00:00,https://www.vlr.gg/659487/xi-lai-gaming-vs-dragon-ranger-gaming-vct-2026-china-stage-1-lbf,VCT 2026: China Stage 1
DRG,SpiritZ1,Waylay,0.94,0.84,1.02,212.0,213.0,218.0,58.0,24.0,34.0,65.0,28.0,37.0,19.0,6.0,13.0,-7.0,-4.0,-3.0,0.68,0.64,0.71,136.0,138.0,135.0,0.26,0.26,0.26,12.0,5.0,7.0,11.0,6.0,5.0,1.0,-1.0,2.0,all,all,all,2026-05-09 05:00:00,https://www.vlr.gg/659487/xi-lai-gaming-vs-dragon-ranger-gaming-vct-2026-china-stage-1-lbf,VCT 2026: China Stage 1
DRG,Life,Neon,0.8,0.5,1.0,177.0,120.0,214.0,49.0,13.0,36.0,63.0,28.0,35.0,13.0,7.0,6.0,-14.0,-15.0,1.0,0.68,0.7,0.67,112.0,80.0,134.0,0.38,0.3,0.32,15.0,5.0,10.0,18.0,9.0,9.0,-3.0,-4.0,1.0,all,all,all,2026-05-09 05:00:00,https://www.vlr.gg/659487/xi-lai-gaming-vs-dragon-ranger-gaming-vct-2026-china-stage-1-lbf,VCT 2026: China Stage 1
DRG,Flex1n,Omen,0.77,0.64,0.86,130.0,112.0,150.0,39.0,14.0,25.0,56.0,24.0,32.0,26.0,11.0,15.0,-17.0,-10.0,-7.0,0.6,0.58,0.63,87.0,74.0,96.0,0.23,0.3,0.21,4.0,1.0,3.0,9.0,2.0,7.0,-5.0,-1.0,-4.0,all,all,all,2026-05-09 05:00:00,https://www.vlr.gg/659487/xi-lai-gaming-vs-dragon-ranger-gaming-vct-2026-china-stage-1-lbf,VCT 2026: China Stage 1
DRG,Nicc,Skye,0.74,0.95,0.59,164.0,180.0,149.0,43.0,21.0,22.0,65.0,24.0,41.0,26.0,12.0,14.0,-22.0,-3.0,-19.0,0.65,0.7,0.63,113.0,115.0,111.0,0.29,0.29,0.3,1.0,0.0,1.0,4.0,1.0,3.0,-3.0,-1.0,-2.0,all,all,all,2026-05-09 05:00:00,https://www.vlr.gg/659487/xi-lai-gaming-vs-dragon-ranger-gaming-vct-2026-china-stage-1-lbf,VCT 2026: China Stage 1
XLG,Rarga,Neon,1.53,1.41,1.74,356.0,363.0,344.0,25.0,16.0,9.0,12.0,9.0,3.0,4.0,3.0,1.0,13.0,7.0,6.0,0.79,0.75,0.86,204.0,209.0,195.0,0.43,0.41,0.47,8.0,6.0,2.0,3.0,2.0,1.0,5.0,4.0,1.0,Breeze,265325,42:31,2026-05-09 05:00:00,https://www.vlr.gg/659487/xi-lai-gaming-vs-dragon-ranger-gaming-vct-2026-china-stage-1-lbf,VCT 2026: China Stage 1
XLG,WsLeo,Sova,1.29,1.49,0.95,194.0,226.0,139.0,14.0,10.0,4.0,9.0,5.0,4.0,8.0,6.0,2.0,5.0,5.0,0.0,0.89,0.92,0.86,152.0,177.0,109.0,0.45,0.43,0.5,0.0,0.0,0.0,0.0,0.0,0.0,0.0,0.0,0.0,Breeze,265325,42:31,2026-05-09 05:00:00,https://www.vlr.gg/659487/xi-lai-gaming-vs-dragon-ranger-gaming-vct-2026-china-stage-1-lbf,VCT 2026: China Stage 1
XLG,Lysoar,Omen,1.0,1.22,0.61,177.0,224.0,96.0,12.0,10.0,2.0,10.0,6.0,4.0,7.0,4.0,3.0,2.0,4.0,-2.0,0.79,0.83,0.71,115.0,144.0,65.0,0.25,0.33,0.06,0.0,0.0,0.0,1.0,1.0,0.0,-1.0,-1.0,0.0,Breeze,265325,42:31,2026-05-09 05:00:00,https://www.vlr.gg/659487/xi-lai-gaming-vs-dragon-ranger-gaming-vct-2026-china-stage-1-lbf,VCT 2026: China Stage 1
XLG,NoMan,Kayo,0.99,1.08,0.83,198.0,212.0,174.0,13.0,9.0,4.0,14.0,9.0,5.0,11.0,9.0,2.0,-1.0,0.0,-1.0,0.74,0.75,0.71,119.0,126.0,107.0,0.29,0.47,0.07,5.0,2.0,3.0,0.0,0.0,0.0,5.0,2.0,3.0,Breeze,265325,42:31,2026-05-09 05:00:00,https://www.vlr.gg/659487/xi-lai-gaming-vs-dragon-ranger-gaming-vct-2026-china-stage-1-lbf,VCT 2026: China Stage 1
XLG,happywei,Viper,0.81,0.4,1.5,129.0,77.0,218.0,9.0,4.0,5.0,14.0,9.0,5.0,3.0,1.0,2.0,-5.0,-5.0,0.0,0.58,0.67,0.43,182.0,58.0,395.0,0.31,0.44,0.36,0.0,0.0,0.0,2.0,1.0,1.0,-2.0,-1.0,-1.0,Breeze,265325,42:31,2026-05-09 05:00:00,https://www.vlr.gg/659487/xi-lai-gaming-vs-dragon-ranger-gaming-vct-2026-china-stage-1-lbf,VCT 2026: China Stage 1
DRG,vo0kashu,Viper,1.53,1.31,1.66,318.0,209.0,382.0,21.0,5.0,16.0,15.0,4.0,11.0,3.0,0.0,3.0,6.0,1.0,5.0,0.74,0.57,0.83,182.0,119.0,219.0,0.31,0.56,0.26,1.0,0.0,1.0,0.0,0.0,0.0,1.0,0.0,1.0,Breeze,265325,42:31,2026-05-09 05:00:00,https://www.vlr.gg/659487/xi-lai-gaming-vs-dragon-ranger-gaming-vct-2026-china-stage-1-lbf,VCT 2026: China Stage 1
DRG,SpiritZ1,Waylay,0.89,0.47,1.14,228.0,187.0,252.0,15.0,4.0,11.0,17.0,7.0,10.0,3.0,1.0,2.0,-2.0,-3.0,1.0,0.63,0.43,0.75,141.0,125.0,150.0,0.27,0.16,0.39,3.0,1.0,2.0,5.0,4.0,1.0,-2.0,-3.0,1.0,Breeze,265325,42:31,2026-05-09 05:00:00,https://www.vlr.gg/659487/xi-lai-gaming-vs-dragon-ranger-gaming-vct-2026-china-stage-1-lbf,VCT 2026: China Stage 1
DRG,Nicc,Sova,0.77,1.21,0.51,139.0,177.0,117.0,9.0,5.0,4.0,14.0,4.0,10.0,3.0,1.0,2.0,-5.0,1.0,-6.0,0.58,0.71,0.5,107.0,118.0,101.0,0.3,0.17,0.43,0.0,0.0,0.0,1.0,0.0,1.0,-1.0,0.0,-1.0,Breeze,265325,42:31,2026-05-09 05:00:00,https://www.vlr.gg/659487/xi-lai-gaming-vs-dragon-ranger-gaming-vct-2026-china-stage-1-lbf,VCT 2026: China Stage 1
DRG,Flex1n,Astra,0.7,0.83,0.62,130.0,126.0,132.0,8.0,3.0,5.0,14.0,4.0,10.0,7.0,5.0,2.0,-6.0,-1.0,-5.0,0.63,0.71,0.58,94.0,96.0,93.0,0.24,0.25,0.22,0.0,0.0,0.0,3.0,0.0,3.0,-3.0,0.0,-3.0,Breeze,265325,42:31,2026-05-09 05:00:00,https://www.vlr.gg/659487/xi-lai-gaming-vs-dragon-ranger-gaming-vct-2026-china-stage-1-lbf,VCT 2026: China Stage 1
DRG,Life,Neon,0.64,0.85,0.51,91.0,134.0,66.0,6.0,4.0,2.0,13.0,5.0,8.0,3.0,0.0,3.0,-7.0,-1.0,-6.0,0.53,0.57,0.5,59.0,70.0,53.0,0.57,0.5,0.63,2.0,1.0,1.0,4.0,1.0,3.0,-2.0,0.0,-2.0,Breeze,265325,42:31,2026-05-09 05:00:00,https://www.vlr.gg/659487/xi-lai-gaming-vs-dragon-ranger-gaming-vct-2026-china-stage-1-lbf,VCT 2026: China Stage 1
XLG,Lysoar,Omen,1.27,0.63,1.96,234.0,135.0,342.0,20.0,6.0,14.0,14.0,9.0,5.0,8.0,1.0,7.0,6.0,-3.0,9.0,0.7,0.58,0.82,127.0,80.0,178.0,0.3,0.42,0.26,1.0,0.0,1.0,3.0,2.0,1.0,-2.0,-2.0,0.0,Haven,265326,47:49,2026-05-09 05:00:00,https://www.vlr.gg/659487/xi-lai-gaming-vs-dragon-ranger-gaming-vct-2026-china-stage-1-lbf,VCT 2026: China Stage 1
XLG,happywei,Viper,0.95,0.77,1.16,241.0,186.0,301.0,21.0,8.0,13.0,20.0,10.0,10.0,5.0,1.0,4.0,1.0,-2.0,3.0,0.74,0.67,0.82,155.0,115.0,199.0,0.38,0.34,0.42,2.0,1.0,1.0,4.0,3.0,1.0,-2.0,-2.0,0.0,Haven,265326,47:49,2026-05-09 05:00:00,https://www.vlr.gg/659487/xi-lai-gaming-vs-dragon-ranger-gaming-vct-2026-china-stage-1-lbf,VCT 2026: China Stage 1
XLG,WsLeo,Sova,0.9,0.53,1.31,210.0,145.0,281.0,13.0,4.0,9.0,19.0,11.0,8.0,14.0,5.0,9.0,-6.0,-7.0,1.0,0.78,0.83,0.73,155.0,119.0,194.0,0.14,0.24,0.1,2.0,0.0,2.0,1.0,0.0,1.0,1.0,0.0,1.0,Haven,265326,47:49,2026-05-09 05:00:00,https://www.vlr.gg/659487/xi-lai-gaming-vs-dragon-ranger-gaming-vct-2026-china-stage-1-lbf,VCT 2026: China Stage 1
XLG,NoMan,Killjoy,0.68,0.51,0.87,122.0,107.0,138.0,11.0,5.0,6.0,16.0,10.0,6.0,4.0,1.0,3.0,-5.0,-5.0,0.0,0.74,0.58,0.91,84.0,66.0,104.0,0.16,0.21,0.12,0.0,0.0,0.0,3.0,1.0,2.0,-3.0,-1.0,-2.0,Haven,265326,47:49,2026-05-09 05:00:00,https://www.vlr.gg/659487/xi-lai-gaming-vs-dragon-ranger-gaming-vct-2026-china-stage-1-lbf,VCT 2026: China Stage 1
XLG,Rarga,Neon,0.64,0.7,0.57,147.0,165.0,127.0,11.0,7.0,4.0,19.0,10.0,9.0,6.0,1.0,5.0,-8.0,-3.0,-5.0,0.74,0.67,0.82,91.0,96.0,86.0,0.31,0.44,0.24,4.0,3.0,1.0,3.0,2.0,1.0,1.0,1.0,0.0,Haven,265326,47:49,2026-05-09 05:00:00,https://www.vlr.gg/659487/xi-lai-gaming-vs-dragon-ranger-gaming-vct-2026-china-stage-1-lbf,VCT 2026: China Stage 1
DRG,SpiritZ1,Waylay,1.44,1.37,1.5,266.0,268.0,264.0,21.0,10.0,11.0,14.0,8.0,6.0,8.0,4.0,4.0,7.0,2.0,5.0,0.83,0.82,0.83,163.0,167.0,159.0,0.31,0.26,0.36,6.0,2.0,4.0,1.0,1.0,0.0,5.0,1.0,4.0,Haven,265326,47:49,2026-05-09 05:00:00,https://www.vlr.gg/659487/xi-lai-gaming-vs-dragon-ranger-gaming-vct-2026-china-stage-1-lbf,VCT 2026: China Stage 1
DRG,vo0kashu,Cypher,1.43,1.58,1.29,243.0,304.0,187.0,21.0,13.0,8.0,14.0,9.0,5.0,9.0,3.0,6.0,7.0,4.0,3.0,0.83,0.82,0.83,157.0,193.0,124.0,0.35,0.24,0.53,1.0,1.0,0.0,0.0,0.0,0.0,1.0,1.0,0.0,Haven,265326,47:49,2026-05-09 05:00:00,https://www.vlr.gg/659487/xi-lai-gaming-vs-dragon-ranger-gaming-vct-2026-china-stage-1-lbf,VCT 2026: China Stage 1
DRG,Life,Neon,1.0,0.24,1.7,232.0,91.0,361.0,19.0,3.0,16.0,17.0,10.0,7.0,4.0,3.0,1.0,2.0,-7.0,9.0,0.78,0.73,0.83,142.0,61.0,216.0,0.34,0.14,0.42,5.0,2.0,3.0,5.0,3.0,2.0,0.0,-1.0,1.0,Haven,265326,47:49,2026-05-09 05:00:00,https://www.vlr.gg/659487/xi-lai-gaming-vs-dragon-ranger-gaming-vct-2026-china-stage-1-lbf,VCT 2026: China Stage 1
DRG,Nicc,Skye,0.93,1.13,0.74,207.0,251.0,167.0,16.0,9.0,7.0,18.0,9.0,9.0,11.0,7.0,4.0,-2.0,0.0,-2.0,0.74,0.82,0.67,126.0,152.0,102.0,0.31,0.24,0.42,1.0,0.0,1.0,1.0,0.0,1.0,0.0,0.0,0.0,Haven,265326,47:49,2026-05-09 05:00:00,https://www.vlr.gg/659487/xi-lai-gaming-vs-dragon-ranger-gaming-vct-2026-china-stage-1-lbf,VCT 2026: China Stage 1
DRG,Flex1n,Omen,0.9,0.3,1.44,124.0,88.0,157.0,11.0,3.0,8.0,13.0,10.0,3.0,11.0,5.0,6.0,-2.0,-7.0,5.0,0.78,0.64,0.92,77.0,53.0,99.0,0.22,0.4,0.15,1.0,1.0,0.0,2.0,1.0,1.0,-1.0,0.0,-1.0,Haven,265326,47:49,2026-05-09 05:00:00,https://www.vlr.gg/659487/xi-lai-gaming-vs-dragon-ranger-gaming-vct-2026-china-stage-1-lbf,VCT 2026: China Stage 1
XLG,Lysoar,Omen,1.56,1.8,1.32,263.0,322.0,204.0,23.0,14.0,9.0,12.0,6.0,6.0,11.0,4.0,7.0,11.0,8.0,3.0,0.92,0.92,0.92,152.0,193.0,111.0,0.18,0.17,0.22,1.0,0.0,1.0,0.0,0.0,0.0,1.0,0.0,1.0,Split,265327,54:54,2026-05-09 05:00:00,https://www.vlr.gg/659487/xi-lai-gaming-vs-dragon-ranger-gaming-vct-2026-china-stage-1-lbf,VCT 2026: China Stage 1
XLG,happywei,Viper,1.11,1.18,1.04,213.0,203.0,223.0,19.0,9.0,10.0,16.0,7.0,9.0,1.0,0.0,1.0,3.0,2.0,1.0,0.75,0.75,0.75,135.0,141.0,129.0,0.29,0.21,0.41,2.0,0.0,2.0,1.0,0.0,1.0,1.0,0.0,1.0,Split,265327,54:54,2026-05-09 05:00:00,https://www.vlr.gg/659487/xi-lai-gaming-vs-dragon-ranger-gaming-vct-2026-china-stage-1-lbf,VCT 2026: China Stage 1
XLG,WsLeo,Skye,0.88,0.8,0.97,191.0,141.0,241.0,16.0,6.0,10.0,18.0,8.0,10.0,5.0,3.0,2.0,-2.0,-2.0,0.0,0.67,0.75,0.58,124.0,80.0,168.0,0.3,0.33,0.29,4.0,2.0,2.0,0.0,0.0,0.0,4.0,2.0,2.0,Split,265327,54:54,2026-05-09 05:00:00,https://www.vlr.gg/659487/xi-lai-gaming-vs-dragon-ranger-gaming-vct-2026-china-stage-1-lbf,VCT 2026: China Stage 1
XLG,Rarga,Neon,0.83,0.66,1.0,178.0,159.0,197.0,14.0,6.0,8.0,17.0,9.0,8.0,6.0,3.0,3.0,-3.0,-3.0,0.0,0.63,0.58,0.67,100.0,88.0,112.0,0.14,0.1,0.21,4.0,2.0,2.0,6.0,4.0,2.0,-2.0,-2.0,0.0,Split,265327,54:54,2026-05-09 05:00:00,https://www.vlr.gg/659487/xi-lai-gaming-vs-dragon-ranger-gaming-vct-2026-china-stage-1-lbf,VCT 2026: China Stage 1
XLG,NoMan,Waylay,0.69,0.75,0.62,185.0,231.0,139.0,15.0,9.0,6.0,18.0,10.0,8.0,4.0,2.0,2.0,-3.0,-1.0,-2.0,0.63,0.67,0.58,124.0,155.0,93.0,0.27,0.24,0.31,1.0,1.0,0.0,5.0,3.0,2.0,-4.0,-2.0,-2.0,Split,265327,54:54,2026-05-09 05:00:00,https://www.vlr.gg/659487/xi-lai-gaming-vs-dragon-ranger-gaming-vct-2026-china-stage-1-lbf,VCT 2026: China Stage 1
DRG,vo0kashu,Vyse,1.8,1.88,1.71,324.0,362.0,286.0,28.0,15.0,13.0,15.0,8.0,7.0,5.0,1.0,4.0,13.0,7.0,6.0,0.79,0.75,0.83,211.0,224.0,198.0,0.31,0.34,0.29,1.0,1.0,0.0,3.0,1.0,2.0,-2.0,0.0,-2.0,Split,265327,54:54,2026-05-09 05:00:00,https://www.vlr.gg/659487/xi-lai-gaming-vs-dragon-ranger-gaming-vct-2026-china-stage-1-lbf,VCT 2026: China Stage 1
DRG,Flex1n,Astra,0.94,1.0,0.89,178.0,154.0,202.0,16.0,8.0,8.0,16.0,7.0,9.0,3.0,1.0,2.0,0.0,1.0,-1.0,0.58,0.58,0.58,110.0,99.0,121.0,0.32,0.29,0.33,3.0,0.0,3.0,2.0,1.0,1.0,1.0,-1.0,2.0,Split,265327,54:54,2026-05-09 05:00:00,https://www.vlr.gg/659487/xi-lai-gaming-vs-dragon-ranger-gaming-vct-2026-china-stage-1-lbf,VCT 2026: China Stage 1
DRG,SpiritZ1,Waylay,0.75,0.72,0.78,191.0,191.0,191.0,16.0,9.0,7.0,20.0,10.0,10.0,3.0,1.0,2.0,-4.0,-1.0,-3.0,0.63,0.67,0.58,115.0,117.0,113.0,0.21,0.44,0.11,3.0,2.0,1.0,1.0,0.0,1.0,2.0,2.0,0.0,Split,265327,54:54,2026-05-09 05:00:00,https://www.vlr.gg/659487/xi-lai-gaming-vs-dragon-ranger-gaming-vct-2026-china-stage-1-lbf,VCT 2026: China Stage 1
DRG,Life,Neon,0.69,0.47,0.9,154.0,123.0,185.0,12.0,4.0,8.0,18.0,10.0,8.0,5.0,4.0,1.0,-6.0,-6.0,0.0,0.67,0.75,0.58,103.0,90.0,116.0,0.18,0.25,0.14,5.0,2.0,3.0,5.0,4.0,1.0,0.0,-2.0,2.0,Split,265327,54:54,2026-05-09 05:00:00,https://www.vlr.gg/659487/xi-lai-gaming-vs-dragon-ranger-gaming-vct-2026-china-stage-1-lbf,VCT 2026: China Stage 1
DRG,Nicc,Fade,0.55,0.72,0.37,117.0,116.0,118.0,9.0,5.0,4.0,18.0,8.0,10.0,8.0,4.0,4.0,-9.0,-3.0,-6.0,0.67,0.67,0.67,88.0,86.0,90.0,0.27,0.55,0.11,0.0,0.0,0.0,1.0,1.0,0.0,-1.0,-1.0,0.0,Split,265327,54:54,2026-05-09 05:00:00,https://www.vlr.gg/659487/xi-lai-gaming-vs-dragon-ranger-gaming-vct-2026-china-stage-1-lbf,VCT 2026: China Stage 1
EDG,CHICHOO,Cypher,1.14,1.58,0.88,213.0,322.0,149.0,14.0,7.0,7.0,13.0,4.0,9.0,5.0,2.0,3.0,1.0,3.0,-2.0,0.63,0.71,0.58,142.0,221.0,96.0,0.24,0.25,0.24,1.0,0.0,1.0,2.0,0.0,2.0,-1.0,0.0,-1.0,Fracture,265304,1:06:32,2026-05-10 05:00:00,https://www.vlr.gg/659481/edward-gaming-vs-xi-lai-gaming-vct-2026-china-stage-1-gf,VCT 2026: China Stage 1
EDG,Smoggy,Brimstone,1.07,1.02,1.09,202.0,208.0,199.0,12.0,5.0,7.0,16.0,6.0,10.0,15.0,6.0,9.0,-4.0,-1.0,-3.0,0.74,0.71,0.75,115.0,117.0,114.0,0.17,0.15,0.18,0.0,0.0,0.0,1.0,1.0,0.0,-1.0,-1.0,0.0,Fracture,265304,1:06:32,2026-05-10 05:00:00,https://www.vlr.gg/659481/edward-gaming-vs-xi-lai-gaming-vct-2026-china-stage-1-gf,VCT 2026: China Stage 1
EDG,nobody,Skye,0.7,0.99,0.53,160.0,194.0,140.0,11.0,5.0,6.0,16.0,5.0,11.0,4.0,3.0,1.0,-5.0,0.0,-5.0,0.58,0.57,0.58,110.0,135.0,95.0,0.28,0.31,0.23,0.0,0.0,0.0,3.0,1.0,2.0,-3.0,-1.0,-2.0,Fracture,265304,1:06:32,2026-05-10 05:00:00,https://www.vlr.gg/659481/edward-gaming-vs-xi-lai-gaming-vct-2026-china-stage-1-gf,VCT 2026: China Stage 1
EDG,ZmjjKK,Jett,0.65,0.67,0.64,157.0,118.0,180.0,11.0,4.0,7.0,17.0,6.0,11.0,0.0,0.0,0.0,-6.0,-2.0,-4.0,0.74,0.86,0.67,108.0,94.0,116.0,0.32,0.38,0.29,2.0,1.0,1.0,4.0,3.0,1.0,-2.0,-2.0,0.0,Fracture,265304,1:06:32,2026-05-10 05:00:00,https://www.vlr.gg/659481/edward-gaming-vs-xi-lai-gaming-vct-2026-china-stage-1-gf,VCT 2026: China Stage 1
EDG,Jieni7,Neon,0.61,0.4,0.72,143.0,121.0,156.0,8.0,3.0,5.0,17.0,6.0,11.0,8.0,1.0,7.0,-9.0,-3.0,-6.0,0.63,0.57,0.67,105.0,77.0,121.0,0.27,0.38,0.25,1.0,0.0,1.0,5.0,1.0,4.0,-4.0,-1.0,-3.0,Fracture,265304,1:06:32,2026-05-10 05:00:00,https://www.vlr.gg/659481/edward-gaming-vs-xi-lai-gaming-vct-2026-china-stage-1-gf,VCT 2026: China Stage 1
XLG,Rarga,Neon,1.71,1.82,1.52,323.0,348.0,280.0,22.0,15.0,7.0,10.0,6.0,4.0,4.0,2.0,2.0,12.0,9.0,3.0,0.89,0.92,0.86,223.0,222.0,225.0,0.29,0.33,0.23,7.0,6.0,1.0,0.0,0.0,0.0,7.0,6.0,1.0,Fracture,265304,1:06:32,2026-05-10 05:00:00,https://www.vlr.gg/659481/edward-gaming-vs-xi-lai-gaming-vct-2026-china-stage-1-gf,VCT 2026: China Stage 1
XLG,WsLeo,Skye,1.34,1.52,1.03,282.0,292.0,265.0,20.0,14.0,6.0,12.0,6.0,6.0,11.0,8.0,3.0,8.0,8.0,0.0,0.95,0.92,1.0,166.0,169.0,161.0,0.23,0.2,0.28,3.0,2.0,1.0,2.0,1.0,1.0,1.0,1.0,0.0,Fracture,265304,1:06:32,2026-05-10 05:00:00,https://www.vlr.gg/659481/edward-gaming-vs-xi-lai-gaming-vct-2026-china-stage-1-gf,VCT 2026: China Stage 1
XLG,Lysoar,Brimstone,1.14,1.14,1.14,176.0,180.0,169.0,11.0,7.0,4.0,11.0,6.0,5.0,17.0,9.0,8.0,0.0,1.0,-1.0,0.79,0.75,0.86,102.0,114.0,81.0,0.19,0.25,0.13,2.0,0.0,2.0,1.0,1.0,0.0,1.0,-1.0,2.0,Fracture,265304,1:06:32,2026-05-10 05:00:00,https://www.vlr.gg/659481/edward-gaming-vs-xi-lai-gaming-vct-2026-china-stage-1-gf,VCT 2026: China Stage 1
XLG,NoMan,Tejo,1.08,0.85,1.48,183.0,132.0,270.0,13.0,6.0,7.0,11.0,7.0,4.0,5.0,3.0,2.0,2.0,-1.0,3.0,0.79,0.75,0.86,118.0,88.0,169.0,0.23,0.21,0.24,1.0,0.0,1.0,1.0,1.0,0.0,0.0,-1.0,1.0,Fracture,265304,1:06:32,2026-05-10 05:00:00,https://www.vlr.gg/659481/edward-gaming-vs-xi-lai-gaming-vct-2026-china-stage-1-gf,VCT 2026: China Stage 1
XLG,happywei,Cypher,0.81,1.02,0.45,174.0,221.0,93.0,13.0,10.0,3.0,12.0,7.0,5.0,3.0,2.0,1.0,1.0,3.0,-2.0,0.74,0.83,0.57,100.0,139.0,33.0,0.33,0.38,0.17,2.0,1.0,1.0,0.0,0.0,0.0,2.0,1.0,1.0,Fracture,265304,1:06:32,2026-05-10 05:00:00,https://www.vlr.gg/659481/edward-gaming-vs-xi-lai-gaming-vct-2026-china-stage-1-gf,VCT 2026: China Stage 1
EDG,Smoggy,Brimstone,1.41,1.39,1.43,247.0,251.0,240.0,90.0,46.0,44.0,61.0,29.0,32.0,46.0,22.0,24.0,29.0,17.0,12.0,0.78,0.76,0.79,158.0,160.0,157.0,0.26,0.2,0.32,7.0,4.0,3.0,7.0,5.0,2.0,0.0,-1.0,1.0,all,all,all,2026-05-10 05:00:00,https://www.vlr.gg/659481/edward-gaming-vs-xi-lai-gaming-vct-2026-china-stage-1-gf,VCT 2026: China Stage 1
EDG,CHICHOO,Cypher,1.23,1.26,1.19,217.0,221.0,211.0,79.0,40.0,39.0,62.0,28.0,34.0,35.0,12.0,23.0,17.0,12.0,5.0,0.79,0.8,0.77,145.0,148.0,142.0,0.28,0.29,0.28,10.0,6.0,4.0,6.0,2.0,4.0,4.0,4.0,0.0,all,all,all,2026-05-10 05:00:00,https://www.vlr.gg/659481/edward-gaming-vs-xi-lai-gaming-vct-2026-china-stage-1-gf,VCT 2026: China Stage 1
EDG,ZmjjKK,Jett,1.05,1.1,1.01,229.0,257.0,212.0,87.0,47.0,40.0,78.0,40.0,38.0,16.0,10.0,6.0,9.0,7.0,2.0,0.73,0.76,0.7,154.0,160.0,148.0,0.25,0.2,0.24,26.0,12.0,14.0,14.0,8.0,6.0,12.0,4.0,8.0,all,all,all,2026-05-10 05:00:00,https://www.vlr.gg/659481/edward-gaming-vs-xi-lai-gaming-vct-2026-china-stage-1-gf,VCT 2026: China Stage 1
EDG,Jieni7,Neon,0.94,0.89,0.99,195.0,213.0,175.0,73.0,41.0,32.0,78.0,40.0,38.0,33.0,12.0,21.0,-5.0,1.0,-6.0,0.8,0.82,0.77,129.0,135.0,123.0,0.29,0.26,0.28,7.0,2.0,5.0,10.0,4.0,6.0,-3.0,-2.0,-1.0,all,all,all,2026-05-10 05:00:00,https://www.vlr.gg/659481/edward-gaming-vs-xi-lai-gaming-vct-2026-china-stage-1-gf,VCT 2026: China Stage 1
EDG,nobody,Skye,0.83,0.82,0.84,154.0,137.0,171.0,54.0,25.0,29.0,70.0,31.0,39.0,36.0,21.0,15.0,-16.0,-6.0,-10.0,0.7,0.71,0.7,111.0,88.0,133.0,0.3,0.24,0.25,2.0,1.0,1.0,15.0,7.0,8.0,-13.0,-6.0,-7.0,all,all,all,2026-05-10 05:00:00,https://www.vlr.gg/659481/edward-gaming-vs-xi-lai-gaming-vct-2026-china-stage-1-gf,VCT 2026: China Stage 1
XLG,WsLeo,Skye,1.03,1.24,0.82,199.0,219.0,179.0,71.0,41.0,30.0,74.0,33.0,41.0,38.0,25.0,13.0,-3.0,8.0,-11.0,0.79,0.83,0.75,136.0,148.0,123.0,0.27,0.2,0.34,8.0,5.0,3.0,7.0,2.0,5.0,1.0,3.0,-2.0,all,all,all,2026-05-10 05:00:00,https://www.vlr.gg/659481/edward-gaming-vs-xi-lai-gaming-vct-2026-china-stage-1-gf,VCT 2026: China Stage 1
XLG,Rarga,Neon,0.99,0.9,1.08,212.0,212.0,215.0,82.0,41.0,41.0,79.0,40.0,39.0,15.0,8.0,7.0,3.0,1.0,2.0,0.7,0.74,0.67,138.0,140.0,136.0,0.32,0.38,0.25,16.0,9.0,7.0,19.0,11.0,8.0,-3.0,-2.0,-1.0,all,all,all,2026-05-10 05:00:00,https://www.vlr.gg/659481/edward-gaming-vs-xi-lai-gaming-vct-2026-china-stage-1-gf,VCT 2026: China Stage 1
XLG,NoMan,Tejo,0.96,0.86,1.07,184.0,164.0,211.0,68.0,32.0,36.0,73.0,37.0,36.0,21.0,11.0,10.0,-5.0,-5.0,0.0,0.72,0.74,0.71,121.0,107.0,136.0,0.29,0.36,0.25,11.0,5.0,6.0,15.0,8.0,7.0,-4.0,-3.0,-1.0,all,all,all,2026-05-10 05:00:00,https://www.vlr.gg/659481/edward-gaming-vs-xi-lai-gaming-vct-2026-china-stage-1-gf,VCT 2026: China Stage 1
XLG,happywei,Cypher,0.88,0.86,0.89,198.0,189.0,210.0,67.0,34.0,33.0,79.0,37.0,42.0,36.0,12.0,24.0,-12.0,-3.0,-9.0,0.73,0.74,0.73,132.0,124.0,140.0,0.36,0.39,0.35,13.0,5.0,8.0,8.0,5.0,3.0,5.0,0.0,5.0,all,all,all,2026-05-10 05:00:00,https://www.vlr.gg/659481/edward-gaming-vs-xi-lai-gaming-vct-2026-china-stage-1-gf,VCT 2026: China Stage 1
XLG,Lysoar,Brimstone,0.86,0.93,0.78,171.0,183.0,169.0,61.0,33.0,28.0,78.0,37.0,41.0,41.0,22.0,19.0,-17.0,-4.0,-13.0,0.71,0.77,0.65,116.0,118.0,115.0,0.22,0.2,0.26,4.0,2.0,2.0,3.0,1.0,2.0,1.0,1.0,0.0,all,all,all,2026-05-10 05:00:00,https://www.vlr.gg/659481/edward-gaming-vs-xi-lai-gaming-vct-2026-china-stage-1-gf,VCT 2026: China Stage 1
EDG,ZmjjKK,Jett,1.27,1.22,1.31,278.0,294.0,262.0,28.0,15.0,13.0,20.0,10.0,10.0,4.0,1.0,3.0,8.0,5.0,3.0,0.79,0.79,0.79,187.0,186.0,188.0,0.2,0.21,0.2,8.0,3.0,5.0,2.0,0.0,2.0,6.0,3.0,3.0,Split,265305,1:02:57,2026-05-10 05:00:00,https://www.vlr.gg/659481/edward-gaming-vs-xi-lai-gaming-vct-2026-china-stage-1-gf,VCT 2026: China Stage 1
EDG,CHICHOO,Viper,1.17,1.1,1.25,233.0,215.0,251.0,22.0,10.0,12.0,19.0,8.0,11.0,11.0,2.0,9.0,3.0,2.0,1.0,0.71,0.86,0.57,152.0,149.0,155.0,0.25,0.29,0.23,3.0,2.0,1.0,2.0,1.0,1.0,1.0,1.0,0.0,Split,265305,1:02:57,2026-05-10 05:00:00,https://www.vlr.gg/659481/edward-gaming-vs-xi-lai-gaming-vct-2026-china-stage-1-gf,VCT 2026: China Stage 1
EDG,Jieni7,Omen,1.1,1.09,1.12,234.0,231.0,237.0,23.0,12.0,11.0,23.0,10.0,13.0,13.0,7.0,6.0,0.0,2.0,-2.0,0.82,0.93,0.71,145.0,147.0,143.0,0.22,0.18,0.27,1.0,0.0,1.0,1.0,1.0,0.0,0.0,-1.0,1.0,Split,265305,1:02:57,2026-05-10 05:00:00,https://www.vlr.gg/659481/edward-gaming-vs-xi-lai-gaming-vct-2026-china-stage-1-gf,VCT 2026: China Stage 1
EDG,Smoggy,Raze,1.07,1.27,0.88,201.0,249.0,153.0,20.0,12.0,8.0,18.0,8.0,10.0,4.0,2.0,2.0,2.0,4.0,-2.0,0.82,0.86,0.79,135.0,144.0,126.0,0.16,0.1,0.29,4.0,2.0,2.0,3.0,2.0,1.0,1.0,0.0,1.0,Split,265305,1:02:57,2026-05-10 05:00:00,https://www.vlr.gg/659481/edward-gaming-vs-xi-lai-gaming-vct-2026-china-stage-1-gf,VCT 2026: China Stage 1
EDG,nobody,Skye,1.05,1.11,0.99,164.0,169.0,159.0,15.0,8.0,7.0,16.0,6.0,10.0,16.0,10.0,6.0,-1.0,2.0,-3.0,0.75,0.71,0.79,118.0,99.0,137.0,0.21,0.23,0.17,0.0,0.0,0.0,4.0,3.0,1.0,-4.0,-3.0,-1.0,Split,265305,1:02:57,2026-05-10 05:00:00,https://www.vlr.gg/659481/edward-gaming-vs-xi-lai-gaming-vct-2026-china-stage-1-gf,VCT 2026: China Stage 1
XLG,WsLeo,Skye,1.15,1.63,0.68,218.0,285.0,151.0,22.0,15.0,7.0,20.0,8.0,12.0,9.0,6.0,3.0,2.0,7.0,-5.0,0.86,0.93,0.79,144.0,190.0,98.0,0.23,0.2,0.28,3.0,2.0,1.0,1.0,0.0,1.0,2.0,2.0,0.0,Split,265305,1:02:57,2026-05-10 05:00:00,https://www.vlr.gg/659481/edward-gaming-vs-xi-lai-gaming-vct-2026-china-stage-1-gf,VCT 2026: China Stage 1
XLG,happywei,Viper,0.9,1.14,0.67,210.0,251.0,169.0,17.0,11.0,6.0,23.0,10.0,13.0,13.0,5.0,8.0,-6.0,1.0,-7.0,0.71,0.79,0.64,146.0,169.0,123.0,0.35,0.34,0.36,1.0,1.0,0.0,1.0,1.0,0.0,0.0,0.0,0.0,Split,265305,1:02:57,2026-05-10 05:00:00,https://www.vlr.gg/659481/edward-gaming-vs-xi-lai-gaming-vct-2026-china-stage-1-gf,VCT 2026: China Stage 1
XLG,Lysoar,Omen,0.89,1.07,0.72,187.0,234.0,140.0,19.0,12.0,7.0,20.0,10.0,10.0,7.0,6.0,1.0,-1.0,2.0,-3.0,0.79,0.93,0.64,121.0,153.0,89.0,0.21,0.24,0.18,1.0,1.0,0.0,1.0,0.0,1.0,0.0,1.0,-1.0,Split,265305,1:02:57,2026-05-10 05:00:00,https://www.vlr.gg/659481/edward-gaming-vs-xi-lai-gaming-vct-2026-china-stage-1-gf,VCT 2026: China Stage 1
XLG,Rarga,Neon,0.87,0.77,0.97,206.0,201.0,211.0,22.0,11.0,11.0,24.0,11.0,13.0,4.0,3.0,1.0,-2.0,0.0,-2.0,0.71,0.86,0.57,128.0,143.0,113.0,0.26,0.37,0.21,4.0,0.0,4.0,5.0,3.0,2.0,-1.0,-3.0,2.0,Split,265305,1:02:57,2026-05-10 05:00:00,https://www.vlr.gg/659481/edward-gaming-vs-xi-lai-gaming-vct-2026-china-stage-1-gf,VCT 2026: China Stage 1
XLG,NoMan,Waylay,0.69,0.23,1.16,178.0,105.0,251.0,16.0,5.0,11.0,21.0,12.0,9.0,2.0,0.0,2.0,-5.0,-7.0,2.0,0.64,0.57,0.71,115.0,78.0,152.0,0.28,0.4,0.24,3.0,1.0,2.0,8.0,5.0,3.0,-5.0,-4.0,-1.0,Split,265305,1:02:57,2026-05-10 05:00:00,https://www.vlr.gg/659481/edward-gaming-vs-xi-lai-gaming-vct-2026-china-stage-1-gf,VCT 2026: China Stage 1
EDG,CHICHOO,Viper,1.81,2.08,1.67,283.0,306.0,272.0,17.0,6.0,11.0,6.0,2.0,4.0,5.0,3.0,2.0,11.0,4.0,7.0,0.94,1.0,0.92,208.0,217.0,204.0,0.39,0.35,0.41,3.0,2.0,1.0,0.0,0.0,0.0,3.0,2.0,1.0,Breeze,265306,36:16,2026-05-10 05:00:00,https://www.vlr.gg/659481/edward-gaming-vs-xi-lai-gaming-vct-2026-china-stage-1-gf,VCT 2026: China Stage 1
EDG,Smoggy,Harbor,1.51,1.99,1.27,202.0,246.0,180.0,15.0,7.0,8.0,7.0,2.0,5.0,8.0,1.0,7.0,8.0,5.0,3.0,0.78,0.67,0.83,120.0,166.0,97.0,0.23,0.24,0.22,1.0,0.0,1.0,0.0,0.0,0.0,1.0,0.0,1.0,Breeze,265306,36:16,2026-05-10 05:00:00,https://www.vlr.gg/659481/edward-gaming-vs-xi-lai-gaming-vct-2026-china-stage-1-gf,VCT 2026: China Stage 1
EDG,Jieni7,Kayo,1.37,1.24,1.43,239.0,320.0,199.0,16.0,7.0,9.0,8.0,4.0,4.0,6.0,1.0,5.0,8.0,3.0,5.0,0.83,0.67,0.92,159.0,183.0,147.0,0.28,0.22,0.33,2.0,0.0,2.0,1.0,0.0,1.0,1.0,0.0,1.0,Breeze,265306,36:16,2026-05-10 05:00:00,https://www.vlr.gg/659481/edward-gaming-vs-xi-lai-gaming-vct-2026-china-stage-1-gf,VCT 2026: China Stage 1
EDG,ZmjjKK,Jett,1.1,0.73,1.29,246.0,195.0,272.0,16.0,4.0,12.0,13.0,6.0,7.0,2.0,0.0,2.0,3.0,-2.0,5.0,0.67,0.5,0.75,164.0,135.0,179.0,0.28,0.33,0.26,6.0,2.0,4.0,2.0,1.0,1.0,4.0,1.0,3.0,Breeze,265306,36:16,2026-05-10 05:00:00,https://www.vlr.gg/659481/edward-gaming-vs-xi-lai-gaming-vct-2026-china-stage-1-gf,VCT 2026: China Stage 1
EDG,nobody,Sova,0.89,0.27,1.2,135.0,61.0,172.0,8.0,1.0,7.0,9.0,5.0,4.0,6.0,2.0,4.0,-1.0,-4.0,3.0,0.78,0.83,0.75,110.0,53.0,139.0,0.53,0.67,0.5,0.0,0.0,0.0,3.0,1.0,2.0,-3.0,-1.0,-2.0,Breeze,265306,36:16,2026-05-10 05:00:00,https://www.vlr.gg/659481/edward-gaming-vs-xi-lai-gaming-vct-2026-china-stage-1-gf,VCT 2026: China Stage 1
XLG,WsLeo,Sova,0.85,0.74,1.09,169.0,126.0,255.0,10.0,5.0,5.0,14.0,9.0,5.0,5.0,3.0,2.0,-4.0,-4.0,0.0,0.61,0.58,0.67,126.0,97.0,184.0,0.26,0.19,0.33,0.0,0.0,0.0,1.0,1.0,0.0,-1.0,-1.0,0.0,Breeze,265306,36:16,2026-05-10 05:00:00,https://www.vlr.gg/659481/edward-gaming-vs-xi-lai-gaming-vct-2026-china-stage-1-gf,VCT 2026: China Stage 1
XLG,NoMan,Kayo,0.84,0.88,0.75,153.0,136.0,187.0,9.0,5.0,4.0,13.0,8.0,5.0,7.0,5.0,2.0,-4.0,-3.0,-1.0,0.78,0.75,0.83,94.0,84.0,114.0,0.33,0.28,0.44,0.0,0.0,0.0,3.0,2.0,1.0,-3.0,-2.0,-1.0,Breeze,265306,36:16,2026-05-10 05:00:00,https://www.vlr.gg/659481/edward-gaming-vs-xi-lai-gaming-vct-2026-china-stage-1-gf,VCT 2026: China Stage 1
XLG,happywei,Viper,0.8,0.58,1.25,177.0,140.0,251.0,10.0,5.0,5.0,13.0,9.0,4.0,5.0,1.0,4.0,-3.0,-4.0,1.0,0.61,0.42,1.0,119.0,95.0,167.0,0.37,0.4,0.33,2.0,1.0,1.0,3.0,2.0,1.0,-1.0,-1.0,0.0,Breeze,265306,36:16,2026-05-10 05:00:00,https://www.vlr.gg/659481/edward-gaming-vs-xi-lai-gaming-vct-2026-china-stage-1-gf,VCT 2026: China Stage 1
XLG,Rarga,Neon,0.48,0.45,0.55,152.0,128.0,200.0,9.0,5.0,4.0,17.0,11.0,6.0,4.0,2.0,2.0,-8.0,-6.0,-2.0,0.61,0.5,0.83,89.0,75.0,117.0,0.25,0.33,0.21,4.0,3.0,1.0,5.0,3.0,2.0,-1.0,0.0,-1.0,Breeze,265306,36:16,2026-05-10 05:00:00,https://www.vlr.gg/659481/edward-gaming-vs-xi-lai-gaming-vct-2026-china-stage-1-gf,VCT 2026: China Stage 1
XLG,Lysoar,Omen,0.46,0.6,0.17,96.0,119.0,50.0,5.0,4.0,1.0,15.0,10.0,5.0,3.0,2.0,1.0,-10.0,-6.0,-4.0,0.5,0.58,0.33,60.0,77.0,26.0,0.15,0.13,1.0,0.0,0.0,0.0,0.0,0.0,0.0,0.0,0.0,0.0,Breeze,265306,36:16,2026-05-10 05:00:00,https://www.vlr.gg/659481/edward-gaming-vs-xi-lai-gaming-vct-2026-china-stage-1-gf,VCT 2026: China Stage 1
EDG,Smoggy,Phoenix,1.83,1.35,2.4,338.0,252.0,441.0,26.0,11.0,15.0,13.0,7.0,6.0,7.0,5.0,2.0,13.0,4.0,9.0,0.77,0.83,0.7,229.0,161.0,311.0,0.45,0.36,0.53,0.0,0.0,0.0,1.0,0.0,1.0,-1.0,0.0,-1.0,Haven,265307,51:53,2026-05-10 05:00:00,https://www.vlr.gg/659481/edward-gaming-vs-xi-lai-gaming-vct-2026-china-stage-1-gf,VCT 2026: China Stage 1
EDG,ZmjjKK,Neon,0.98,1.47,0.4,253.0,381.0,99.0,19.0,16.0,3.0,18.0,10.0,8.0,6.0,5.0,1.0,1.0,6.0,-5.0,0.64,0.75,0.5,148.0,208.0,76.0,0.16,0.16,0.18,6.0,4.0,2.0,4.0,3.0,1.0,2.0,1.0,1.0,Haven,265307,51:53,2026-05-10 05:00:00,https://www.vlr.gg/659481/edward-gaming-vs-xi-lai-gaming-vct-2026-china-stage-1-gf,VCT 2026: China Stage 1
EDG,CHICHOO,Cypher,0.65,0.73,0.55,143.0,173.0,107.0,11.0,8.0,3.0,17.0,9.0,8.0,7.0,2.0,5.0,-6.0,-1.0,-5.0,0.82,0.67,1.0,100.0,119.0,77.0,0.24,0.37,0.11,2.0,1.0,1.0,1.0,1.0,0.0,1.0,0.0,1.0,Haven,265307,51:53,2026-05-10 05:00:00,https://www.vlr.gg/659481/edward-gaming-vs-xi-lai-gaming-vct-2026-china-stage-1-gf,VCT 2026: China Stage 1
EDG,nobody,Fade,0.61,0.66,0.54,139.0,105.0,180.0,9.0,5.0,4.0,18.0,8.0,10.0,6.0,2.0,4.0,-9.0,-3.0,-6.0,0.64,0.58,0.7,104.0,74.0,140.0,0.17,0.19,0.16,1.0,0.0,1.0,3.0,1.0,2.0,-2.0,-1.0,-1.0,Haven,265307,51:53,2026-05-10 05:00:00,https://www.vlr.gg/659481/edward-gaming-vs-xi-lai-gaming-vct-2026-china-stage-1-gf,VCT 2026: China Stage 1
EDG,Jieni7,Omen,0.49,0.4,0.59,97.0,106.0,86.0,9.0,5.0,4.0,18.0,10.0,8.0,4.0,2.0,2.0,-9.0,-5.0,-4.0,0.73,0.75,0.7,76.0,79.0,72.0,0.3,0.17,0.47,2.0,1.0,1.0,2.0,1.0,1.0,0.0,0.0,0.0,Haven,265307,51:53,2026-05-10 05:00:00,https://www.vlr.gg/659481/edward-gaming-vs-xi-lai-gaming-vct-2026-china-stage-1-gf,VCT 2026: China Stage 1
XLG,NoMan,Killjoy,1.41,1.78,1.1,269.0,326.0,222.0,22.0,13.0,9.0,14.0,5.0,9.0,2.0,0.0,2.0,8.0,8.0,0.0,0.82,0.9,0.75,184.0,212.0,161.0,0.34,0.5,0.22,6.0,3.0,3.0,3.0,0.0,3.0,3.0,3.0,0.0,Haven,265307,51:53,2026-05-10 05:00:00,https://www.vlr.gg/659481/edward-gaming-vs-xi-lai-gaming-vct-2026-china-stage-1-gf,VCT 2026: China Stage 1
XLG,Lysoar,Omen,1.23,1.07,1.37,255.0,225.0,280.0,19.0,8.0,11.0,15.0,6.0,9.0,8.0,4.0,4.0,4.0,2.0,2.0,0.77,0.9,0.67,175.0,139.0,205.0,0.34,0.22,0.43,1.0,1.0,0.0,0.0,0.0,0.0,1.0,1.0,0.0,Haven,265307,51:53,2026-05-10 05:00:00,https://www.vlr.gg/659481/edward-gaming-vs-xi-lai-gaming-vct-2026-china-stage-1-gf,VCT 2026: China Stage 1
XLG,Rarga,Neon,1.22,0.85,1.52,229.0,204.0,250.0,19.0,8.0,11.0,14.0,7.0,7.0,1.0,0.0,1.0,5.0,1.0,4.0,0.73,0.7,0.75,161.0,143.0,176.0,0.38,0.42,0.32,1.0,0.0,1.0,4.0,4.0,0.0,-3.0,-4.0,1.0,Haven,265307,51:53,2026-05-10 05:00:00,https://www.vlr.gg/659481/edward-gaming-vs-xi-lai-gaming-vct-2026-china-stage-1-gf,VCT 2026: China Stage 1
XLG,happywei,Viper,1.0,0.89,1.09,205.0,164.0,239.0,15.0,6.0,9.0,17.0,6.0,11.0,11.0,3.0,8.0,-2.0,0.0,-2.0,0.95,1.0,0.92,141.0,101.0,174.0,0.5,0.56,0.5,3.0,1.0,2.0,1.0,1.0,0.0,2.0,0.0,2.0,Haven,265307,51:53,2026-05-10 05:00:00,https://www.vlr.gg/659481/edward-gaming-vs-xi-lai-gaming-vct-2026-china-stage-1-gf,VCT 2026: China Stage 1
XLG,WsLeo,Sova,0.84,1.22,0.53,146.0,186.0,113.0,9.0,5.0,4.0,14.0,5.0,9.0,9.0,7.0,2.0,-5.0,0.0,-5.0,0.73,1.0,0.5,115.0,142.0,93.0,0.2,0.13,0.44,0.0,0.0,0.0,3.0,0.0,3.0,-3.0,0.0,-3.0,Haven,265307,51:53,2026-05-10 05:00:00,https://www.vlr.gg/659481/edward-gaming-vs-xi-lai-gaming-vct-2026-china-stage-1-gf,VCT 2026: China Stage 1
EDG,Smoggy,Phoenix,1.71,1.51,2.21,292.0,280.0,321.0,17.0,11.0,6.0,7.0,6.0,1.0,12.0,8.0,4.0,10.0,5.0,5.0,0.76,0.67,1.0,194.0,199.0,182.0,0.29,0.32,0.25,2.0,2.0,0.0,2.0,2.0,0.0,0.0,0.0,0.0,Pearl,265308,35:00,2026-05-10 05:00:00,https://www.vlr.gg/659481/edward-gaming-vs-xi-lai-gaming-vct-2026-china-stage-1-gf,VCT 2026: China Stage 1
EDG,CHICHOO,Astra,1.55,1.4,1.9,214.0,176.0,305.0,15.0,9.0,6.0,7.0,5.0,2.0,7.0,3.0,4.0,8.0,4.0,4.0,0.88,0.83,1.0,128.0,100.0,195.0,0.3,0.22,0.4,1.0,1.0,0.0,1.0,0.0,1.0,0.0,1.0,-1.0,Pearl,265308,35:00,2026-05-10 05:00:00,https://www.vlr.gg/659481/edward-gaming-vs-xi-lai-gaming-vct-2026-china-stage-1-gf,VCT 2026: China Stage 1
EDG,Jieni7,Vyse,1.2,1.28,1.01,261.0,301.0,165.0,17.0,14.0,3.0,12.0,10.0,2.0,2.0,1.0,1.0,5.0,4.0,1.0,1.0,1.0,1.0,166.0,187.0,116.0,0.36,0.5,0.08,1.0,1.0,0.0,1.0,1.0,0.0,0.0,0.0,0.0,Pearl,265308,35:00,2026-05-10 05:00:00,https://www.vlr.gg/659481/edward-gaming-vs-xi-lai-gaming-vct-2026-china-stage-1-gf,VCT 2026: China Stage 1
EDG,ZmjjKK,Jett,1.18,1.01,1.58,212.0,203.0,234.0,13.0,8.0,5.0,10.0,8.0,2.0,4.0,4.0,0.0,3.0,0.0,3.0,0.82,0.83,0.8,147.0,131.0,185.0,0.29,0.23,0.5,4.0,2.0,2.0,2.0,1.0,1.0,2.0,1.0,1.0,Pearl,265308,35:00,2026-05-10 05:00:00,https://www.vlr.gg/659481/edward-gaming-vs-xi-lai-gaming-vct-2026-china-stage-1-gf,VCT 2026: China Stage 1
EDG,nobody,Fade,0.81,0.8,0.83,173.0,138.0,257.0,11.0,6.0,5.0,11.0,7.0,4.0,4.0,4.0,0.0,0.0,-1.0,1.0,0.76,0.83,0.6,108.0,78.0,180.0,0.33,0.19,0.55,1.0,1.0,0.0,2.0,1.0,1.0,-1.0,0.0,-1.0,Pearl,265308,35:00,2026-05-10 05:00:00,https://www.vlr.gg/659481/edward-gaming-vs-xi-lai-gaming-vct-2026-china-stage-1-gf,VCT 2026: China Stage 1
XLG,WsLeo,Tejo,0.93,0.7,1.02,178.0,152.0,189.0,10.0,2.0,8.0,14.0,5.0,9.0,4.0,1.0,3.0,-4.0,-3.0,-1.0,0.76,0.6,0.83,127.0,118.0,131.0,0.44,0.5,0.42,2.0,1.0,1.0,0.0,0.0,0.0,2.0,1.0,1.0,Pearl,265308,35:00,2026-05-10 05:00:00,https://www.vlr.gg/659481/edward-gaming-vs-xi-lai-gaming-vct-2026-china-stage-1-gf,VCT 2026: China Stage 1
XLG,happywei,Chamber,0.83,0.36,1.03,226.0,110.0,274.0,12.0,2.0,10.0,14.0,5.0,9.0,4.0,1.0,3.0,-2.0,-3.0,1.0,0.59,0.6,0.58,144.0,74.0,173.0,0.27,0.33,0.25,5.0,1.0,4.0,3.0,1.0,2.0,2.0,0.0,2.0,Pearl,265308,35:00,2026-05-10 05:00:00,https://www.vlr.gg/659481/edward-gaming-vs-xi-lai-gaming-vct-2026-china-stage-1-gf,VCT 2026: China Stage 1
XLG,NoMan,Kayo,0.8,0.74,0.83,136.0,152.0,129.0,8.0,3.0,5.0,14.0,5.0,9.0,5.0,3.0,2.0,-6.0,-2.0,-4.0,0.59,0.8,0.5,82.0,75.0,85.0,0.29,0.33,0.27,1.0,1.0,0.0,0.0,0.0,0.0,1.0,1.0,0.0,Pearl,265308,35:00,2026-05-10 05:00:00,https://www.vlr.gg/659481/edward-gaming-vs-xi-lai-gaming-vct-2026-china-stage-1-gf,VCT 2026: China Stage 1
XLG,Rarga,Neon,0.59,0.18,0.76,148.0,131.0,155.0,10.0,2.0,8.0,14.0,5.0,9.0,2.0,1.0,1.0,-4.0,-3.0,-1.0,0.53,0.6,0.5,82.0,84.0,81.0,0.41,0.75,0.32,0.0,0.0,0.0,5.0,1.0,4.0,-5.0,-1.0,-4.0,Pearl,265308,35:00,2026-05-10 05:00:00,https://www.vlr.gg/659481/edward-gaming-vs-xi-lai-gaming-vct-2026-china-stage-1-gf,VCT 2026: China Stage 1
XLG,Lysoar,Astra,0.43,0.57,0.37,140.0,113.0,151.0,7.0,2.0,5.0,17.0,5.0,12.0,6.0,1.0,5.0,-10.0,-3.0,-7.0,0.65,0.6,0.67,107.0,82.0,117.0,0.19,0.14,0.21,0.0,0.0,0.0,1.0,0.0,1.0,-1.0,0.0,-1.0,Pearl,265308,35:00,2026-05-10 05:00:00,https://www.vlr.gg/659481/edward-gaming-vs-xi-lai-gaming-vct-2026-china-stage-1-gf,VCT 2026: China Stage 1
