teamA,map,side,teamB,rndA,rndB,round,winCon,date,map_order,event,source_url
TEC,Lotus,atk,AG,0,1,13,elim,2026-03-31 05:00:00,0,VCT 2026: China Stage 1,https://www.vlr.gg/642914/titan-esports-club-vs-all-gamers-vct-2026-china-stage-1-w1
TEC,Lotus,atk,AG,0,1,14,defus,2026-03-31 05:00:00,0,VCT 2026: China Stage 1,https://www.vlr.gg/642914/titan-esports-club-vs-all-gamers-vct-2026-china-stage-1-w1
TEC,Lotus,atk,AG,1,0,15,elim,2026-03-31 05:00:00,0,VCT 2026: China Stage 1,https://www.vlr.gg/642914/titan-esports-club-vs-all-gamers-vct-2026-china-stage-1-w1
TEC,Lotus,atk,AG,0,1,16,defus,2026-03-31 05:00:00,0,VCT 2026: China Stage 1,https://www.vlr.gg/642914/titan-esports-club-vs-all-gamers-vct-2026-china-stage-1-w1
TEC,Lotus,atk,AG,0,1,17,tim,2026-03-31 05:00:00,0,VCT 2026: China Stage 1,https://www.vlr.gg/642914/titan-esports-club-vs-all-gamers-vct-2026-china-stage-1-w1
TEC,Lotus,atk,AG,1,0,18,elim,2026-03-31 05:00:00,0,VCT 2026: China Stage 1,https://www.vlr.gg/642914/titan-esports-club-vs-all-gamers-vct-2026-china-stage-1-w1
TEC,Lotus,atk,AG,0,1,19,defus,2026-03-31 05:00:00,0,VCT 2026: China Stage 1,https://www.vlr.gg/642914/titan-esports-club-vs-all-gamers-vct-2026-china-stage-1-w1
TEC,Lotus,atk,AG,0,1,20,defus,2026-03-31 05:00:00,0,VCT 2026: China Stage 1,https://www.vlr.gg/642914/titan-esports-club-vs-all-gamers-vct-2026-china-stage-1-w1
TEC,Lotus,def,AG,0,1,1,elim,2026-03-31 05:00:00,0,VCT 2026: China Stage 1,https://www.vlr.gg/642914/titan-esports-club-vs-all-gamers-vct-2026-china-stage-1-w1
TEC,Lotus,def,AG,0,1,2,elim,2026-03-31 05:00:00,0,VCT 2026: China Stage 1,https://www.vlr.gg/642914/titan-esports-club-vs-all-gamers-vct-2026-china-stage-1-w1
TEC,Lotus,def,AG,1,0,3,defus,2026-03-31 05:00:00,0,VCT 2026: China Stage 1,https://www.vlr.gg/642914/titan-esports-club-vs-all-gamers-vct-2026-china-stage-1-w1
TEC,Lotus,def,AG,0,1,4,elim,2026-03-31 05:00:00,0,VCT 2026: China Stage 1,https://www.vlr.gg/642914/titan-esports-club-vs-all-gamers-vct-2026-china-stage-1-w1
TEC,Lotus,def,AG,0,1,5,elim,2026-03-31 05:00:00,0,VCT 2026: China Stage 1,https://www.vlr.gg/642914/titan-esports-club-vs-all-gamers-vct-2026-china-stage-1-w1
TEC,Lotus,def,AG,1,0,6,defus,2026-03-31 05:00:00,0,VCT 2026: China Stage 1,https://www.vlr.gg/642914/titan-esports-club-vs-all-gamers-vct-2026-china-stage-1-w1
TEC,Lotus,def,AG,0,1,7,elim,2026-03-31 05:00:00,0,VCT 2026: China Stage 1,https://www.vlr.gg/642914/titan-esports-club-vs-all-gamers-vct-2026-china-stage-1-w1
TEC,Lotus,def,AG,0,1,8,boom,2026-03-31 05:00:00,0,VCT 2026: China Stage 1,https://www.vlr.gg/642914/titan-esports-club-vs-all-gamers-vct-2026-china-stage-1-w1
TEC,Lotus,def,AG,1,0,9,defus,2026-03-31 05:00:00,0,VCT 2026: China Stage 1,https://www.vlr.gg/642914/titan-esports-club-vs-all-gamers-vct-2026-china-stage-1-w1
TEC,Lotus,def,AG,1,0,10,elim,2026-03-31 05:00:00,0,VCT 2026: China Stage 1,https://www.vlr.gg/642914/titan-esports-club-vs-all-gamers-vct-2026-china-stage-1-w1
TEC,Lotus,def,AG,1,0,11,elim,2026-03-31 05:00:00,0,VCT 2026: China Stage 1,https://www.vlr.gg/642914/titan-esports-club-vs-all-gamers-vct-2026-china-stage-1-w1
TEC,Lotus,def,AG,0,1,12,elim,2026-03-31 05:00:00,0,VCT 2026: China Stage 1,https://www.vlr.gg/642914/titan-esports-club-vs-all-gamers-vct-2026-china-stage-1-w1
TEC,Bind,atk,AG,1,0,1,elim,2026-03-31 05:00:00,1,VCT 2026: China Stage 1,https://www.vlr.gg/642914/titan-esports-club-vs-all-gamers-vct-2026-china-stage-1-w1
TEC,Bind,atk,AG,1,0,2,elim,2026-03-31 05:00:00,1,VCT 2026: China Stage 1,https://www.vlr.gg/642914/titan-esports-club-vs-all-gamers-vct-2026-china-stage-1-w1
TEC,Bind,atk,AG,0,1,3,defus,2026-03-31 05:00:00,1,VCT 2026: China Stage 1,https://www.vlr.gg/642914/titan-esports-club-vs-all-gamers-vct-2026-china-stage-1-w1
TEC,Bind,atk,AG,1,0,4,elim,2026-03-31 05:00:00,1,VCT 2026: China Stage 1,https://www.vlr.gg/642914/titan-esports-club-vs-all-gamers-vct-2026-china-stage-1-w1
TEC,Bind,atk,AG,1,0,5,boom,2026-03-31 05:00:00,1,VCT 2026: China Stage 1,https://www.vlr.gg/642914/titan-esports-club-vs-all-gamers-vct-2026-china-stage-1-w1
TEC,Bind,atk,AG,0,1,6,defus,2026-03-31 05:00:00,1,VCT 2026: China Stage 1,https://www.vlr.gg/642914/titan-esports-club-vs-all-gamers-vct-2026-china-stage-1-w1
TEC,Bind,atk,AG,1,0,7,elim,2026-03-31 05:00:00,1,VCT 2026: China Stage 1,https://www.vlr.gg/642914/titan-esports-club-vs-all-gamers-vct-2026-china-stage-1-w1
TEC,Bind,atk,AG,1,0,8,boom,2026-03-31 05:00:00,1,VCT 2026: China Stage 1,https://www.vlr.gg/642914/titan-esports-club-vs-all-gamers-vct-2026-china-stage-1-w1
TEC,Bind,atk,AG,0,1,9,defus,2026-03-31 05:00:00,1,VCT 2026: China Stage 1,https://www.vlr.gg/642914/titan-esports-club-vs-all-gamers-vct-2026-china-stage-1-w1
TEC,Bind,atk,AG,1,0,10,elim,2026-03-31 05:00:00,1,VCT 2026: China Stage 1,https://www.vlr.gg/642914/titan-esports-club-vs-all-gamers-vct-2026-china-stage-1-w1
TEC,Bind,atk,AG,1,0,11,elim,2026-03-31 05:00:00,1,VCT 2026: China Stage 1,https://www.vlr.gg/642914/titan-esports-club-vs-all-gamers-vct-2026-china-stage-1-w1
TEC,Bind,atk,AG,0,1,12,defus,2026-03-31 05:00:00,1,VCT 2026: China Stage 1,https://www.vlr.gg/642914/titan-esports-club-vs-all-gamers-vct-2026-china-stage-1-w1
TEC,Bind,def,AG,0,1,13,elim,2026-03-31 05:00:00,1,VCT 2026: China Stage 1,https://www.vlr.gg/642914/titan-esports-club-vs-all-gamers-vct-2026-china-stage-1-w1
TEC,Bind,def,AG,1,0,14,elim,2026-03-31 05:00:00,1,VCT 2026: China Stage 1,https://www.vlr.gg/642914/titan-esports-club-vs-all-gamers-vct-2026-china-stage-1-w1
TEC,Bind,def,AG,1,0,15,defus,2026-03-31 05:00:00,1,VCT 2026: China Stage 1,https://www.vlr.gg/642914/titan-esports-club-vs-all-gamers-vct-2026-china-stage-1-w1
TEC,Bind,def,AG,1,0,16,elim,2026-03-31 05:00:00,1,VCT 2026: China Stage 1,https://www.vlr.gg/642914/titan-esports-club-vs-all-gamers-vct-2026-china-stage-1-w1
TEC,Bind,def,AG,1,0,17,defus,2026-03-31 05:00:00,1,VCT 2026: China Stage 1,https://www.vlr.gg/642914/titan-esports-club-vs-all-gamers-vct-2026-china-stage-1-w1
TEC,Bind,def,AG,0,1,18,elim,2026-03-31 05:00:00,1,VCT 2026: China Stage 1,https://www.vlr.gg/642914/titan-esports-club-vs-all-gamers-vct-2026-china-stage-1-w1
TEC,Bind,def,AG,0,1,19,boom,2026-03-31 05:00:00,1,VCT 2026: China Stage 1,https://www.vlr.gg/642914/titan-esports-club-vs-all-gamers-vct-2026-china-stage-1-w1
TEC,Bind,def,AG,0,1,20,elim,2026-03-31 05:00:00,1,VCT 2026: China Stage 1,https://www.vlr.gg/642914/titan-esports-club-vs-all-gamers-vct-2026-china-stage-1-w1
TEC,Bind,def,AG,1,0,21,defus,2026-03-31 05:00:00,1,VCT 2026: China Stage 1,https://www.vlr.gg/642914/titan-esports-club-vs-all-gamers-vct-2026-china-stage-1-w1
TEC,Breeze,atk,AG,0,1,1,tim,2026-03-31 05:00:00,2,VCT 2026: China Stage 1,https://www.vlr.gg/642914/titan-esports-club-vs-all-gamers-vct-2026-china-stage-1-w1
TEC,Breeze,atk,AG,0,1,2,elim,2026-03-31 05:00:00,2,VCT 2026: China Stage 1,https://www.vlr.gg/642914/titan-esports-club-vs-all-gamers-vct-2026-china-stage-1-w1
TEC,Breeze,atk,AG,1,0,3,boom,2026-03-31 05:00:00,2,VCT 2026: China Stage 1,https://www.vlr.gg/642914/titan-esports-club-vs-all-gamers-vct-2026-china-stage-1-w1
TEC,Breeze,atk,AG,1,0,4,elim,2026-03-31 05:00:00,2,VCT 2026: China Stage 1,https://www.vlr.gg/642914/titan-esports-club-vs-all-gamers-vct-2026-china-stage-1-w1
TEC,Breeze,atk,AG,1,0,5,elim,2026-03-31 05:00:00,2,VCT 2026: China Stage 1,https://www.vlr.gg/642914/titan-esports-club-vs-all-gamers-vct-2026-china-stage-1-w1
TEC,Breeze,atk,AG,0,1,6,elim,2026-03-31 05:00:00,2,VCT 2026: China Stage 1,https://www.vlr.gg/642914/titan-esports-club-vs-all-gamers-vct-2026-china-stage-1-w1
TEC,Breeze,atk,AG,1,0,7,elim,2026-03-31 05:00:00,2,VCT 2026: China Stage 1,https://www.vlr.gg/642914/titan-esports-club-vs-all-gamers-vct-2026-china-stage-1-w1
TEC,Breeze,atk,AG,1,0,8,boom,2026-03-31 05:00:00,2,VCT 2026: China Stage 1,https://www.vlr.gg/642914/titan-esports-club-vs-all-gamers-vct-2026-china-stage-1-w1
TEC,Breeze,atk,AG,1,0,9,elim,2026-03-31 05:00:00,2,VCT 2026: China Stage 1,https://www.vlr.gg/642914/titan-esports-club-vs-all-gamers-vct-2026-china-stage-1-w1
TEC,Breeze,atk,AG,1,0,10,elim,2026-03-31 05:00:00,2,VCT 2026: China Stage 1,https://www.vlr.gg/642914/titan-esports-club-vs-all-gamers-vct-2026-china-stage-1-w1
TEC,Breeze,atk,AG,0,1,11,elim,2026-03-31 05:00:00,2,VCT 2026: China Stage 1,https://www.vlr.gg/642914/titan-esports-club-vs-all-gamers-vct-2026-china-stage-1-w1
TEC,Breeze,atk,AG,1,0,12,elim,2026-03-31 05:00:00,2,VCT 2026: China Stage 1,https://www.vlr.gg/642914/titan-esports-club-vs-all-gamers-vct-2026-china-stage-1-w1
TEC,Breeze,atk,AG,0,1,25,defus,2026-03-31 05:00:00,2,VCT 2026: China Stage 1,https://www.vlr.gg/642914/titan-esports-club-vs-all-gamers-vct-2026-china-stage-1-w1
TEC,Breeze,atk,AG,0,1,27,defus,2026-03-31 05:00:00,2,VCT 2026: China Stage 1,https://www.vlr.gg/642914/titan-esports-club-vs-all-gamers-vct-2026-china-stage-1-w1
TEC,Breeze,def,AG,0,1,13,elim,2026-03-31 05:00:00,2,VCT 2026: China Stage 1,https://www.vlr.gg/642914/titan-esports-club-vs-all-gamers-vct-2026-china-stage-1-w1
TEC,Breeze,def,AG,1,0,14,defus,2026-03-31 05:00:00,2,VCT 2026: China Stage 1,https://www.vlr.gg/642914/titan-esports-club-vs-all-gamers-vct-2026-china-stage-1-w1
TEC,Breeze,def,AG,0,1,15,elim,2026-03-31 05:00:00,2,VCT 2026: China Stage 1,https://www.vlr.gg/642914/titan-esports-club-vs-all-gamers-vct-2026-china-stage-1-w1
TEC,Breeze,def,AG,1,0,16,elim,2026-03-31 05:00:00,2,VCT 2026: China Stage 1,https://www.vlr.gg/642914/titan-esports-club-vs-all-gamers-vct-2026-china-stage-1-w1
TEC,Breeze,def,AG,0,1,17,elim,2026-03-31 05:00:00,2,VCT 2026: China Stage 1,https://www.vlr.gg/642914/titan-esports-club-vs-all-gamers-vct-2026-china-stage-1-w1
TEC,Breeze,def,AG,0,1,18,elim,2026-03-31 05:00:00,2,VCT 2026: China Stage 1,https://www.vlr.gg/642914/titan-esports-club-vs-all-gamers-vct-2026-china-stage-1-w1
TEC,Breeze,def,AG,1,0,19,elim,2026-03-31 05:00:00,2,VCT 2026: China Stage 1,https://www.vlr.gg/642914/titan-esports-club-vs-all-gamers-vct-2026-china-stage-1-w1
TEC,Breeze,def,AG,0,1,20,boom,2026-03-31 05:00:00,2,VCT 2026: China Stage 1,https://www.vlr.gg/642914/titan-esports-club-vs-all-gamers-vct-2026-china-stage-1-w1
TEC,Breeze,def,AG,1,0,21,tim,2026-03-31 05:00:00,2,VCT 2026: China Stage 1,https://www.vlr.gg/642914/titan-esports-club-vs-all-gamers-vct-2026-china-stage-1-w1
TEC,Breeze,def,AG,0,1,22,elim,2026-03-31 05:00:00,2,VCT 2026: China Stage 1,https://www.vlr.gg/642914/titan-esports-club-vs-all-gamers-vct-2026-china-stage-1-w1
TEC,Breeze,def,AG,0,1,23,elim,2026-03-31 05:00:00,2,VCT 2026: China Stage 1,https://www.vlr.gg/642914/titan-esports-club-vs-all-gamers-vct-2026-china-stage-1-w1
TEC,Breeze,def,AG,0,1,24,elim,2026-03-31 05:00:00,2,VCT 2026: China Stage 1,https://www.vlr.gg/642914/titan-esports-club-vs-all-gamers-vct-2026-china-stage-1-w1
TEC,Breeze,def,AG,1,0,26,defus,2026-03-31 05:00:00,2,VCT 2026: China Stage 1,https://www.vlr.gg/642914/titan-esports-club-vs-all-gamers-vct-2026-china-stage-1-w1
TEC,Breeze,def,AG,0,1,28,elim,2026-03-31 05:00:00,2,VCT 2026: China Stage 1,https://www.vlr.gg/642914/titan-esports-club-vs-all-gamers-vct-2026-china-stage-1-w1
NOVA,Fracture,atk,EDG,0,1,1,elim,2026-03-31 08:30:00,0,VCT 2026: China Stage 1,https://www.vlr.gg/642915/nova-esports-vs-edward-gaming-vct-2026-china-stage-1-w1
NOVA,Fracture,atk,EDG,0,1,2,elim,2026-03-31 08:30:00,0,VCT 2026: China Stage 1,https://www.vlr.gg/642915/nova-esports-vs-edward-gaming-vct-2026-china-stage-1-w1
NOVA,Fracture,atk,EDG,0,1,3,elim,2026-03-31 08:30:00,0,VCT 2026: China Stage 1,https://www.vlr.gg/642915/nova-esports-vs-edward-gaming-vct-2026-china-stage-1-w1
NOVA,Fracture,atk,EDG,0,1,4,elim,2026-03-31 08:30:00,0,VCT 2026: China Stage 1,https://www.vlr.gg/642915/nova-esports-vs-edward-gaming-vct-2026-china-stage-1-w1
NOVA,Fracture,atk,EDG,0,1,5,elim,2026-03-31 08:30:00,0,VCT 2026: China Stage 1,https://www.vlr.gg/642915/nova-esports-vs-edward-gaming-vct-2026-china-stage-1-w1
NOVA,Fracture,atk,EDG,0,1,6,elim,2026-03-31 08:30:00,0,VCT 2026: China Stage 1,https://www.vlr.gg/642915/nova-esports-vs-edward-gaming-vct-2026-china-stage-1-w1
NOVA,Fracture,atk,EDG,0,1,7,elim,2026-03-31 08:30:00,0,VCT 2026: China Stage 1,https://www.vlr.gg/642915/nova-esports-vs-edward-gaming-vct-2026-china-stage-1-w1
NOVA,Fracture,atk,EDG,0,1,8,defus,2026-03-31 08:30:00,0,VCT 2026: China Stage 1,https://www.vlr.gg/642915/nova-esports-vs-edward-gaming-vct-2026-china-stage-1-w1
NOVA,Fracture,atk,EDG,0,1,9,elim,2026-03-31 08:30:00,0,VCT 2026: China Stage 1,https://www.vlr.gg/642915/nova-esports-vs-edward-gaming-vct-2026-china-stage-1-w1
NOVA,Fracture,atk,EDG,0,1,10,elim,2026-03-31 08:30:00,0,VCT 2026: China Stage 1,https://www.vlr.gg/642915/nova-esports-vs-edward-gaming-vct-2026-china-stage-1-w1
NOVA,Fracture,atk,EDG,1,0,11,elim,2026-03-31 08:30:00,0,VCT 2026: China Stage 1,https://www.vlr.gg/642915/nova-esports-vs-edward-gaming-vct-2026-china-stage-1-w1
NOVA,Fracture,atk,EDG,0,1,12,defus,2026-03-31 08:30:00,0,VCT 2026: China Stage 1,https://www.vlr.gg/642915/nova-esports-vs-edward-gaming-vct-2026-china-stage-1-w1
NOVA,Fracture,def,EDG,0,1,13,elim,2026-03-31 08:30:00,0,VCT 2026: China Stage 1,https://www.vlr.gg/642915/nova-esports-vs-edward-gaming-vct-2026-china-stage-1-w1
NOVA,Fracture,def,EDG,1,0,14,defus,2026-03-31 08:30:00,0,VCT 2026: China Stage 1,https://www.vlr.gg/642915/nova-esports-vs-edward-gaming-vct-2026-china-stage-1-w1
NOVA,Fracture,def,EDG,0,1,15,elim,2026-03-31 08:30:00,0,VCT 2026: China Stage 1,https://www.vlr.gg/642915/nova-esports-vs-edward-gaming-vct-2026-china-stage-1-w1
NOVA,Breeze,atk,EDG,0,1,1,defus,2026-03-31 08:30:00,1,VCT 2026: China Stage 1,https://www.vlr.gg/642915/nova-esports-vs-edward-gaming-vct-2026-china-stage-1-w1
NOVA,Breeze,atk,EDG,0,1,2,defus,2026-03-31 08:30:00,1,VCT 2026: China Stage 1,https://www.vlr.gg/642915/nova-esports-vs-edward-gaming-vct-2026-china-stage-1-w1
NOVA,Breeze,atk,EDG,0,1,3,elim,2026-03-31 08:30:00,1,VCT 2026: China Stage 1,https://www.vlr.gg/642915/nova-esports-vs-edward-gaming-vct-2026-china-stage-1-w1
NOVA,Breeze,atk,EDG,0,1,4,defus,2026-03-31 08:30:00,1,VCT 2026: China Stage 1,https://www.vlr.gg/642915/nova-esports-vs-edward-gaming-vct-2026-china-stage-1-w1
NOVA,Breeze,atk,EDG,0,1,5,defus,2026-03-31 08:30:00,1,VCT 2026: China Stage 1,https://www.vlr.gg/642915/nova-esports-vs-edward-gaming-vct-2026-china-stage-1-w1
NOVA,Breeze,atk,EDG,1,0,6,elim,2026-03-31 08:30:00,1,VCT 2026: China Stage 1,https://www.vlr.gg/642915/nova-esports-vs-edward-gaming-vct-2026-china-stage-1-w1
NOVA,Breeze,atk,EDG,0,1,7,defus,2026-03-31 08:30:00,1,VCT 2026: China Stage 1,https://www.vlr.gg/642915/nova-esports-vs-edward-gaming-vct-2026-china-stage-1-w1
NOVA,Breeze,atk,EDG,0,1,8,defus,2026-03-31 08:30:00,1,VCT 2026: China Stage 1,https://www.vlr.gg/642915/nova-esports-vs-edward-gaming-vct-2026-china-stage-1-w1
NOVA,Breeze,atk,EDG,0,1,9,elim,2026-03-31 08:30:00,1,VCT 2026: China Stage 1,https://www.vlr.gg/642915/nova-esports-vs-edward-gaming-vct-2026-china-stage-1-w1
NOVA,Breeze,atk,EDG,0,1,10,elim,2026-03-31 08:30:00,1,VCT 2026: China Stage 1,https://www.vlr.gg/642915/nova-esports-vs-edward-gaming-vct-2026-china-stage-1-w1
NOVA,Breeze,atk,EDG,0,1,11,elim,2026-03-31 08:30:00,1,VCT 2026: China Stage 1,https://www.vlr.gg/642915/nova-esports-vs-edward-gaming-vct-2026-china-stage-1-w1
NOVA,Breeze,atk,EDG,0,1,12,elim,2026-03-31 08:30:00,1,VCT 2026: China Stage 1,https://www.vlr.gg/642915/nova-esports-vs-edward-gaming-vct-2026-china-stage-1-w1
NOVA,Breeze,def,EDG,1,0,13,elim,2026-03-31 08:30:00,1,VCT 2026: China Stage 1,https://www.vlr.gg/642915/nova-esports-vs-edward-gaming-vct-2026-china-stage-1-w1
NOVA,Breeze,def,EDG,1,0,14,defus,2026-03-31 08:30:00,1,VCT 2026: China Stage 1,https://www.vlr.gg/642915/nova-esports-vs-edward-gaming-vct-2026-china-stage-1-w1
NOVA,Breeze,def,EDG,0,1,15,elim,2026-03-31 08:30:00,1,VCT 2026: China Stage 1,https://www.vlr.gg/642915/nova-esports-vs-edward-gaming-vct-2026-china-stage-1-w1
NOVA,Breeze,def,EDG,0,1,16,elim,2026-03-31 08:30:00,1,VCT 2026: China Stage 1,https://www.vlr.gg/642915/nova-esports-vs-edward-gaming-vct-2026-china-stage-1-w1
JDG,Lotus,atk,FPX,1,0,13,elim,2026-04-01 05:00:00,0,VCT 2026: China Stage 1,https://www.vlr.gg/642916/jdg-esports-vs-funplus-phoenix-vct-2026-china-stage-1-w1
JDG,Lotus,atk,FPX,1,0,14,elim,2026-04-01 05:00:00,0,VCT 2026: China Stage 1,https://www.vlr.gg/642916/jdg-esports-vs-funplus-phoenix-vct-2026-china-stage-1-w1
JDG,Lotus,atk,FPX,1,0,15,boom,2026-04-01 05:00:00,0,VCT 2026: China Stage 1,https://www.vlr.gg/642916/jdg-esports-vs-funplus-phoenix-vct-2026-china-stage-1-w1
JDG,Lotus,atk,FPX,1,0,16,elim,2026-04-01 05:00:00,0,VCT 2026: China Stage 1,https://www.vlr.gg/642916/jdg-esports-vs-funplus-phoenix-vct-2026-china-stage-1-w1
JDG,Lotus,atk,FPX,0,1,17,elim,2026-04-01 05:00:00,0,VCT 2026: China Stage 1,https://www.vlr.gg/642916/jdg-esports-vs-funplus-phoenix-vct-2026-china-stage-1-w1
JDG,Lotus,atk,FPX,0,1,18,elim,2026-04-01 05:00:00,0,VCT 2026: China Stage 1,https://www.vlr.gg/642916/jdg-esports-vs-funplus-phoenix-vct-2026-china-stage-1-w1
JDG,Lotus,atk,FPX,1,0,19,elim,2026-04-01 05:00:00,0,VCT 2026: China Stage 1,https://www.vlr.gg/642916/jdg-esports-vs-funplus-phoenix-vct-2026-china-stage-1-w1
JDG,Lotus,atk,FPX,1,0,20,elim,2026-04-01 05:00:00,0,VCT 2026: China Stage 1,https://www.vlr.gg/642916/jdg-esports-vs-funplus-phoenix-vct-2026-china-stage-1-w1
JDG,Lotus,atk,FPX,1,0,21,elim,2026-04-01 05:00:00,0,VCT 2026: China Stage 1,https://www.vlr.gg/642916/jdg-esports-vs-funplus-phoenix-vct-2026-china-stage-1-w1
JDG,Lotus,def,FPX,1,0,1,elim,2026-04-01 05:00:00,0,VCT 2026: China Stage 1,https://www.vlr.gg/642916/jdg-esports-vs-funplus-phoenix-vct-2026-china-stage-1-w1
JDG,Lotus,def,FPX,0,1,2,elim,2026-04-01 05:00:00,0,VCT 2026: China Stage 1,https://www.vlr.gg/642916/jdg-esports-vs-funplus-phoenix-vct-2026-china-stage-1-w1
JDG,Lotus,def,FPX,0,1,3,elim,2026-04-01 05:00:00,0,VCT 2026: China Stage 1,https://www.vlr.gg/642916/jdg-esports-vs-funplus-phoenix-vct-2026-china-stage-1-w1
JDG,Lotus,def,FPX,1,0,4,defus,2026-04-01 05:00:00,0,VCT 2026: China Stage 1,https://www.vlr.gg/642916/jdg-esports-vs-funplus-phoenix-vct-2026-china-stage-1-w1
JDG,Lotus,def,FPX,0,1,5,elim,2026-04-01 05:00:00,0,VCT 2026: China Stage 1,https://www.vlr.gg/642916/jdg-esports-vs-funplus-phoenix-vct-2026-china-stage-1-w1
JDG,Lotus,def,FPX,0,1,6,elim,2026-04-01 05:00:00,0,VCT 2026: China Stage 1,https://www.vlr.gg/642916/jdg-esports-vs-funplus-phoenix-vct-2026-china-stage-1-w1
JDG,Lotus,def,FPX,1,0,7,defus,2026-04-01 05:00:00,0,VCT 2026: China Stage 1,https://www.vlr.gg/642916/jdg-esports-vs-funplus-phoenix-vct-2026-china-stage-1-w1
JDG,Lotus,def,FPX,0,1,8,boom,2026-04-01 05:00:00,0,VCT 2026: China Stage 1,https://www.vlr.gg/642916/jdg-esports-vs-funplus-phoenix-vct-2026-china-stage-1-w1
JDG,Lotus,def,FPX,0,1,9,elim,2026-04-01 05:00:00,0,VCT 2026: China Stage 1,https://www.vlr.gg/642916/jdg-esports-vs-funplus-phoenix-vct-2026-china-stage-1-w1
JDG,Lotus,def,FPX,1,0,10,elim,2026-04-01 05:00:00,0,VCT 2026: China Stage 1,https://www.vlr.gg/642916/jdg-esports-vs-funplus-phoenix-vct-2026-china-stage-1-w1
JDG,Lotus,def,FPX,1,0,11,defus,2026-04-01 05:00:00,0,VCT 2026: China Stage 1,https://www.vlr.gg/642916/jdg-esports-vs-funplus-phoenix-vct-2026-china-stage-1-w1
JDG,Lotus,def,FPX,1,0,12,defus,2026-04-01 05:00:00,0,VCT 2026: China Stage 1,https://www.vlr.gg/642916/jdg-esports-vs-funplus-phoenix-vct-2026-china-stage-1-w1
JDG,Split,atk,FPX,0,1,13,elim,2026-04-01 05:00:00,1,VCT 2026: China Stage 1,https://www.vlr.gg/642916/jdg-esports-vs-funplus-phoenix-vct-2026-china-stage-1-w1
JDG,Split,atk,FPX,0,1,14,defus,2026-04-01 05:00:00,1,VCT 2026: China Stage 1,https://www.vlr.gg/642916/jdg-esports-vs-funplus-phoenix-vct-2026-china-stage-1-w1
JDG,Split,atk,FPX,0,1,15,tim,2026-04-01 05:00:00,1,VCT 2026: China Stage 1,https://www.vlr.gg/642916/jdg-esports-vs-funplus-phoenix-vct-2026-china-stage-1-w1
JDG,Split,atk,FPX,0,1,16,defus,2026-04-01 05:00:00,1,VCT 2026: China Stage 1,https://www.vlr.gg/642916/jdg-esports-vs-funplus-phoenix-vct-2026-china-stage-1-w1
JDG,Split,atk,FPX,1,0,17,elim,2026-04-01 05:00:00,1,VCT 2026: China Stage 1,https://www.vlr.gg/642916/jdg-esports-vs-funplus-phoenix-vct-2026-china-stage-1-w1
JDG,Split,atk,FPX,1,0,18,elim,2026-04-01 05:00:00,1,VCT 2026: China Stage 1,https://www.vlr.gg/642916/jdg-esports-vs-funplus-phoenix-vct-2026-china-stage-1-w1
JDG,Split,atk,FPX,1,0,19,elim,2026-04-01 05:00:00,1,VCT 2026: China Stage 1,https://www.vlr.gg/642916/jdg-esports-vs-funplus-phoenix-vct-2026-china-stage-1-w1
JDG,Split,atk,FPX,1,0,20,elim,2026-04-01 05:00:00,1,VCT 2026: China Stage 1,https://www.vlr.gg/642916/jdg-esports-vs-funplus-phoenix-vct-2026-china-stage-1-w1
JDG,Split,def,FPX,1,0,1,elim,2026-04-01 05:00:00,1,VCT 2026: China Stage 1,https://www.vlr.gg/642916/jdg-esports-vs-funplus-phoenix-vct-2026-china-stage-1-w1
JDG,Split,def,FPX,1,0,2,elim,2026-04-01 05:00:00,1,VCT 2026: China Stage 1,https://www.vlr.gg/642916/jdg-esports-vs-funplus-phoenix-vct-2026-china-stage-1-w1
JDG,Split,def,FPX,0,1,3,boom,2026-04-01 05:00:00,1,VCT 2026: China Stage 1,https://www.vlr.gg/642916/jdg-esports-vs-funplus-phoenix-vct-2026-china-stage-1-w1
JDG,Split,def,FPX,1,0,4,elim,2026-04-01 05:00:00,1,VCT 2026: China Stage 1,https://www.vlr.gg/642916/jdg-esports-vs-funplus-phoenix-vct-2026-china-stage-1-w1
JDG,Split,def,FPX,1,0,5,elim,2026-04-01 05:00:00,1,VCT 2026: China Stage 1,https://www.vlr.gg/642916/jdg-esports-vs-funplus-phoenix-vct-2026-china-stage-1-w1
JDG,Split,def,FPX,1,0,6,tim,2026-04-01 05:00:00,1,VCT 2026: China Stage 1,https://www.vlr.gg/642916/jdg-esports-vs-funplus-phoenix-vct-2026-china-stage-1-w1
JDG,Split,def,FPX,0,1,7,elim,2026-04-01 05:00:00,1,VCT 2026: China Stage 1,https://www.vlr.gg/642916/jdg-esports-vs-funplus-phoenix-vct-2026-china-stage-1-w1
JDG,Split,def,FPX,1,0,8,defus,2026-04-01 05:00:00,1,VCT 2026: China Stage 1,https://www.vlr.gg/642916/jdg-esports-vs-funplus-phoenix-vct-2026-china-stage-1-w1
JDG,Split,def,FPX,1,0,9,elim,2026-04-01 05:00:00,1,VCT 2026: China Stage 1,https://www.vlr.gg/642916/jdg-esports-vs-funplus-phoenix-vct-2026-china-stage-1-w1
JDG,Split,def,FPX,0,1,10,elim,2026-04-01 05:00:00,1,VCT 2026: China Stage 1,https://www.vlr.gg/642916/jdg-esports-vs-funplus-phoenix-vct-2026-china-stage-1-w1
JDG,Split,def,FPX,1,0,11,defus,2026-04-01 05:00:00,1,VCT 2026: China Stage 1,https://www.vlr.gg/642916/jdg-esports-vs-funplus-phoenix-vct-2026-china-stage-1-w1
JDG,Split,def,FPX,1,0,12,elim,2026-04-01 05:00:00,1,VCT 2026: China Stage 1,https://www.vlr.gg/642916/jdg-esports-vs-funplus-phoenix-vct-2026-china-stage-1-w1
JDG,Pearl,atk,FPX,0,1,13,defus,2026-04-01 05:00:00,2,VCT 2026: China Stage 1,https://www.vlr.gg/642916/jdg-esports-vs-funplus-phoenix-vct-2026-china-stage-1-w1
JDG,Pearl,atk,FPX,0,1,14,defus,2026-04-01 05:00:00,2,VCT 2026: China Stage 1,https://www.vlr.gg/642916/jdg-esports-vs-funplus-phoenix-vct-2026-china-stage-1-w1
JDG,Pearl,atk,FPX,0,1,15,elim,2026-04-01 05:00:00,2,VCT 2026: China Stage 1,https://www.vlr.gg/642916/jdg-esports-vs-funplus-phoenix-vct-2026-china-stage-1-w1
JDG,Pearl,atk,FPX,1,0,16,elim,2026-04-01 05:00:00,2,VCT 2026: China Stage 1,https://www.vlr.gg/642916/jdg-esports-vs-funplus-phoenix-vct-2026-china-stage-1-w1
JDG,Pearl,atk,FPX,1,0,17,elim,2026-04-01 05:00:00,2,VCT 2026: China Stage 1,https://www.vlr.gg/642916/jdg-esports-vs-funplus-phoenix-vct-2026-china-stage-1-w1
JDG,Pearl,atk,FPX,0,1,18,elim,2026-04-01 05:00:00,2,VCT 2026: China Stage 1,https://www.vlr.gg/642916/jdg-esports-vs-funplus-phoenix-vct-2026-china-stage-1-w1
JDG,Pearl,atk,FPX,0,1,19,elim,2026-04-01 05:00:00,2,VCT 2026: China Stage 1,https://www.vlr.gg/642916/jdg-esports-vs-funplus-phoenix-vct-2026-china-stage-1-w1
JDG,Pearl,atk,FPX,0,1,20,elim,2026-04-01 05:00:00,2,VCT 2026: China Stage 1,https://www.vlr.gg/642916/jdg-esports-vs-funplus-phoenix-vct-2026-china-stage-1-w1
JDG,Pearl,def,FPX,0,1,1,elim,2026-04-01 05:00:00,2,VCT 2026: China Stage 1,https://www.vlr.gg/642916/jdg-esports-vs-funplus-phoenix-vct-2026-china-stage-1-w1
JDG,Pearl,def,FPX,0,1,2,boom,2026-04-01 05:00:00,2,VCT 2026: China Stage 1,https://www.vlr.gg/642916/jdg-esports-vs-funplus-phoenix-vct-2026-china-stage-1-w1
JDG,Pearl,def,FPX,0,1,3,boom,2026-04-01 05:00:00,2,VCT 2026: China Stage 1,https://www.vlr.gg/642916/jdg-esports-vs-funplus-phoenix-vct-2026-china-stage-1-w1
JDG,Pearl,def,FPX,0,1,4,elim,2026-04-01 05:00:00,2,VCT 2026: China Stage 1,https://www.vlr.gg/642916/jdg-esports-vs-funplus-phoenix-vct-2026-china-stage-1-w1
JDG,Pearl,def,FPX,1,0,5,defus,2026-04-01 05:00:00,2,VCT 2026: China Stage 1,https://www.vlr.gg/642916/jdg-esports-vs-funplus-phoenix-vct-2026-china-stage-1-w1
JDG,Pearl,def,FPX,1,0,6,defus,2026-04-01 05:00:00,2,VCT 2026: China Stage 1,https://www.vlr.gg/642916/jdg-esports-vs-funplus-phoenix-vct-2026-china-stage-1-w1
JDG,Pearl,def,FPX,0,1,7,elim,2026-04-01 05:00:00,2,VCT 2026: China Stage 1,https://www.vlr.gg/642916/jdg-esports-vs-funplus-phoenix-vct-2026-china-stage-1-w1
JDG,Pearl,def,FPX,0,1,8,boom,2026-04-01 05:00:00,2,VCT 2026: China Stage 1,https://www.vlr.gg/642916/jdg-esports-vs-funplus-phoenix-vct-2026-china-stage-1-w1
JDG,Pearl,def,FPX,1,0,9,elim,2026-04-01 05:00:00,2,VCT 2026: China Stage 1,https://www.vlr.gg/642916/jdg-esports-vs-funplus-phoenix-vct-2026-china-stage-1-w1
JDG,Pearl,def,FPX,1,0,10,defus,2026-04-01 05:00:00,2,VCT 2026: China Stage 1,https://www.vlr.gg/642916/jdg-esports-vs-funplus-phoenix-vct-2026-china-stage-1-w1
JDG,Pearl,def,FPX,0,1,11,boom,2026-04-01 05:00:00,2,VCT 2026: China Stage 1,https://www.vlr.gg/642916/jdg-esports-vs-funplus-phoenix-vct-2026-china-stage-1-w1
JDG,Pearl,def,FPX,1,0,12,defus,2026-04-01 05:00:00,2,VCT 2026: China Stage 1,https://www.vlr.gg/642916/jdg-esports-vs-funplus-phoenix-vct-2026-china-stage-1-w1
DRG,Lotus,atk,XLG,0,1,13,defus,2026-04-01 08:10:00,0,VCT 2026: China Stage 1,https://www.vlr.gg/642917/dragon-ranger-gaming-vs-xi-lai-gaming-vct-2026-china-stage-1-w1
DRG,Lotus,atk,XLG,0,1,14,elim,2026-04-01 08:10:00,0,VCT 2026: China Stage 1,https://www.vlr.gg/642917/dragon-ranger-gaming-vs-xi-lai-gaming-vct-2026-china-stage-1-w1
DRG,Lotus,atk,XLG,0,1,15,elim,2026-04-01 08:10:00,0,VCT 2026: China Stage 1,https://www.vlr.gg/642917/dragon-ranger-gaming-vs-xi-lai-gaming-vct-2026-china-stage-1-w1
DRG,Lotus,atk,XLG,0,1,16,defus,2026-04-01 08:10:00,0,VCT 2026: China Stage 1,https://www.vlr.gg/642917/dragon-ranger-gaming-vs-xi-lai-gaming-vct-2026-china-stage-1-w1
DRG,Lotus,atk,XLG,0,1,17,elim,2026-04-01 08:10:00,0,VCT 2026: China Stage 1,https://www.vlr.gg/642917/dragon-ranger-gaming-vs-xi-lai-gaming-vct-2026-china-stage-1-w1
DRG,Lotus,def,XLG,1,0,1,defus,2026-04-01 08:10:00,0,VCT 2026: China Stage 1,https://www.vlr.gg/642917/dragon-ranger-gaming-vs-xi-lai-gaming-vct-2026-china-stage-1-w1
DRG,Lotus,def,XLG,0,1,2,elim,2026-04-01 08:10:00,0,VCT 2026: China Stage 1,https://www.vlr.gg/642917/dragon-ranger-gaming-vs-xi-lai-gaming-vct-2026-china-stage-1-w1
DRG,Lotus,def,XLG,0,1,3,elim,2026-04-01 08:10:00,0,VCT 2026: China Stage 1,https://www.vlr.gg/642917/dragon-ranger-gaming-vs-xi-lai-gaming-vct-2026-china-stage-1-w1
DRG,Lotus,def,XLG,1,0,4,elim,2026-04-01 08:10:00,0,VCT 2026: China Stage 1,https://www.vlr.gg/642917/dragon-ranger-gaming-vs-xi-lai-gaming-vct-2026-china-stage-1-w1
DRG,Lotus,def,XLG,0,1,5,elim,2026-04-01 08:10:00,0,VCT 2026: China Stage 1,https://www.vlr.gg/642917/dragon-ranger-gaming-vs-xi-lai-gaming-vct-2026-china-stage-1-w1
DRG,Lotus,def,XLG,0,1,6,elim,2026-04-01 08:10:00,0,VCT 2026: China Stage 1,https://www.vlr.gg/642917/dragon-ranger-gaming-vs-xi-lai-gaming-vct-2026-china-stage-1-w1
DRG,Lotus,def,XLG,0,1,7,elim,2026-04-01 08:10:00,0,VCT 2026: China Stage 1,https://www.vlr.gg/642917/dragon-ranger-gaming-vs-xi-lai-gaming-vct-2026-china-stage-1-w1
DRG,Lotus,def,XLG,0,1,8,elim,2026-04-01 08:10:00,0,VCT 2026: China Stage 1,https://www.vlr.gg/642917/dragon-ranger-gaming-vs-xi-lai-gaming-vct-2026-china-stage-1-w1
DRG,Lotus,def,XLG,0,1,9,elim,2026-04-01 08:10:00,0,VCT 2026: China Stage 1,https://www.vlr.gg/642917/dragon-ranger-gaming-vs-xi-lai-gaming-vct-2026-china-stage-1-w1
DRG,Lotus,def,XLG,0,1,10,elim,2026-04-01 08:10:00,0,VCT 2026: China Stage 1,https://www.vlr.gg/642917/dragon-ranger-gaming-vs-xi-lai-gaming-vct-2026-china-stage-1-w1
DRG,Lotus,def,XLG,1,0,11,elim,2026-04-01 08:10:00,0,VCT 2026: China Stage 1,https://www.vlr.gg/642917/dragon-ranger-gaming-vs-xi-lai-gaming-vct-2026-china-stage-1-w1
DRG,Lotus,def,XLG,1,0,12,elim,2026-04-01 08:10:00,0,VCT 2026: China Stage 1,https://www.vlr.gg/642917/dragon-ranger-gaming-vs-xi-lai-gaming-vct-2026-china-stage-1-w1
DRG,Bind,atk,XLG,0,1,13,defus,2026-04-01 08:10:00,1,VCT 2026: China Stage 1,https://www.vlr.gg/642917/dragon-ranger-gaming-vs-xi-lai-gaming-vct-2026-china-stage-1-w1
DRG,Bind,atk,XLG,1,0,14,boom,2026-04-01 08:10:00,1,VCT 2026: China Stage 1,https://www.vlr.gg/642917/dragon-ranger-gaming-vs-xi-lai-gaming-vct-2026-china-stage-1-w1
DRG,Bind,atk,XLG,1,0,15,elim,2026-04-01 08:10:00,1,VCT 2026: China Stage 1,https://www.vlr.gg/642917/dragon-ranger-gaming-vs-xi-lai-gaming-vct-2026-china-stage-1-w1
DRG,Bind,atk,XLG,1,0,16,elim,2026-04-01 08:10:00,1,VCT 2026: China Stage 1,https://www.vlr.gg/642917/dragon-ranger-gaming-vs-xi-lai-gaming-vct-2026-china-stage-1-w1
DRG,Bind,atk,XLG,0,1,17,defus,2026-04-01 08:10:00,1,VCT 2026: China Stage 1,https://www.vlr.gg/642917/dragon-ranger-gaming-vs-xi-lai-gaming-vct-2026-china-stage-1-w1
DRG,Bind,atk,XLG,1,0,18,boom,2026-04-01 08:10:00,1,VCT 2026: China Stage 1,https://www.vlr.gg/642917/dragon-ranger-gaming-vs-xi-lai-gaming-vct-2026-china-stage-1-w1
DRG,Bind,atk,XLG,1,0,19,elim,2026-04-01 08:10:00,1,VCT 2026: China Stage 1,https://www.vlr.gg/642917/dragon-ranger-gaming-vs-xi-lai-gaming-vct-2026-china-stage-1-w1
DRG,Bind,atk,XLG,1,0,20,boom,2026-04-01 08:10:00,1,VCT 2026: China Stage 1,https://www.vlr.gg/642917/dragon-ranger-gaming-vs-xi-lai-gaming-vct-2026-china-stage-1-w1
DRG,Bind,atk,XLG,1,0,21,elim,2026-04-01 08:10:00,1,VCT 2026: China Stage 1,https://www.vlr.gg/642917/dragon-ranger-gaming-vs-xi-lai-gaming-vct-2026-china-stage-1-w1
DRG,Bind,atk,XLG,0,1,22,defus,2026-04-01 08:10:00,1,VCT 2026: China Stage 1,https://www.vlr.gg/642917/dragon-ranger-gaming-vs-xi-lai-gaming-vct-2026-china-stage-1-w1
DRG,Bind,atk,XLG,1,0,23,boom,2026-04-01 08:10:00,1,VCT 2026: China Stage 1,https://www.vlr.gg/642917/dragon-ranger-gaming-vs-xi-lai-gaming-vct-2026-china-stage-1-w1
DRG,Bind,atk,XLG,0,1,24,tim,2026-04-01 08:10:00,1,VCT 2026: China Stage 1,https://www.vlr.gg/642917/dragon-ranger-gaming-vs-xi-lai-gaming-vct-2026-china-stage-1-w1
DRG,Bind,def,XLG,0,1,1,elim,2026-04-01 08:10:00,1,VCT 2026: China Stage 1,https://www.vlr.gg/642917/dragon-ranger-gaming-vs-xi-lai-gaming-vct-2026-china-stage-1-w1
DRG,Bind,def,XLG,0,1,2,elim,2026-04-01 08:10:00,1,VCT 2026: China Stage 1,https://www.vlr.gg/642917/dragon-ranger-gaming-vs-xi-lai-gaming-vct-2026-china-stage-1-w1
DRG,Bind,def,XLG,0,1,3,elim,2026-04-01 08:10:00,1,VCT 2026: China Stage 1,https://www.vlr.gg/642917/dragon-ranger-gaming-vs-xi-lai-gaming-vct-2026-china-stage-1-w1
DRG,Bind,def,XLG,0,1,4,elim,2026-04-01 08:10:00,1,VCT 2026: China Stage 1,https://www.vlr.gg/642917/dragon-ranger-gaming-vs-xi-lai-gaming-vct-2026-china-stage-1-w1
DRG,Bind,def,XLG,0,1,5,boom,2026-04-01 08:10:00,1,VCT 2026: China Stage 1,https://www.vlr.gg/642917/dragon-ranger-gaming-vs-xi-lai-gaming-vct-2026-china-stage-1-w1
DRG,Bind,def,XLG,0,1,6,elim,2026-04-01 08:10:00,1,VCT 2026: China Stage 1,https://www.vlr.gg/642917/dragon-ranger-gaming-vs-xi-lai-gaming-vct-2026-china-stage-1-w1
DRG,Bind,def,XLG,1,0,7,defus,2026-04-01 08:10:00,1,VCT 2026: China Stage 1,https://www.vlr.gg/642917/dragon-ranger-gaming-vs-xi-lai-gaming-vct-2026-china-stage-1-w1
DRG,Bind,def,XLG,0,1,8,elim,2026-04-01 08:10:00,1,VCT 2026: China Stage 1,https://www.vlr.gg/642917/dragon-ranger-gaming-vs-xi-lai-gaming-vct-2026-china-stage-1-w1
DRG,Bind,def,XLG,1,0,9,defus,2026-04-01 08:10:00,1,VCT 2026: China Stage 1,https://www.vlr.gg/642917/dragon-ranger-gaming-vs-xi-lai-gaming-vct-2026-china-stage-1-w1
DRG,Bind,def,XLG,0,1,10,boom,2026-04-01 08:10:00,1,VCT 2026: China Stage 1,https://www.vlr.gg/642917/dragon-ranger-gaming-vs-xi-lai-gaming-vct-2026-china-stage-1-w1
DRG,Bind,def,XLG,1,0,11,defus,2026-04-01 08:10:00,1,VCT 2026: China Stage 1,https://www.vlr.gg/642917/dragon-ranger-gaming-vs-xi-lai-gaming-vct-2026-china-stage-1-w1
DRG,Bind,def,XLG,0,1,12,elim,2026-04-01 08:10:00,1,VCT 2026: China Stage 1,https://www.vlr.gg/642917/dragon-ranger-gaming-vs-xi-lai-gaming-vct-2026-china-stage-1-w1
WOL,Lotus,atk,TE,1,0,13,elim,2026-04-02 05:00:00,0,VCT 2026: China Stage 1,https://www.vlr.gg/642918/wolves-esports-vs-trace-esports-vct-2026-china-stage-1-w1
WOL,Lotus,atk,TE,0,1,14,defus,2026-04-02 05:00:00,0,VCT 2026: China Stage 1,https://www.vlr.gg/642918/wolves-esports-vs-trace-esports-vct-2026-china-stage-1-w1
WOL,Lotus,atk,TE,0,1,15,defus,2026-04-02 05:00:00,0,VCT 2026: China Stage 1,https://www.vlr.gg/642918/wolves-esports-vs-trace-esports-vct-2026-china-stage-1-w1
WOL,Lotus,atk,TE,0,1,16,defus,2026-04-02 05:00:00,0,VCT 2026: China Stage 1,https://www.vlr.gg/642918/wolves-esports-vs-trace-esports-vct-2026-china-stage-1-w1
WOL,Lotus,atk,TE,1,0,17,elim,2026-04-02 05:00:00,0,VCT 2026: China Stage 1,https://www.vlr.gg/642918/wolves-esports-vs-trace-esports-vct-2026-china-stage-1-w1
WOL,Lotus,atk,TE,0,1,18,elim,2026-04-02 05:00:00,0,VCT 2026: China Stage 1,https://www.vlr.gg/642918/wolves-esports-vs-trace-esports-vct-2026-china-stage-1-w1
WOL,Lotus,atk,TE,1,0,19,boom,2026-04-02 05:00:00,0,VCT 2026: China Stage 1,https://www.vlr.gg/642918/wolves-esports-vs-trace-esports-vct-2026-china-stage-1-w1
WOL,Lotus,atk,TE,1,0,20,elim,2026-04-02 05:00:00,0,VCT 2026: China Stage 1,https://www.vlr.gg/642918/wolves-esports-vs-trace-esports-vct-2026-china-stage-1-w1
WOL,Lotus,atk,TE,0,1,21,elim,2026-04-02 05:00:00,0,VCT 2026: China Stage 1,https://www.vlr.gg/642918/wolves-esports-vs-trace-esports-vct-2026-china-stage-1-w1
WOL,Lotus,atk,TE,0,1,22,elim,2026-04-02 05:00:00,0,VCT 2026: China Stage 1,https://www.vlr.gg/642918/wolves-esports-vs-trace-esports-vct-2026-china-stage-1-w1
WOL,Lotus,def,TE,0,1,1,elim,2026-04-02 05:00:00,0,VCT 2026: China Stage 1,https://www.vlr.gg/642918/wolves-esports-vs-trace-esports-vct-2026-china-stage-1-w1
WOL,Lotus,def,TE,0,1,2,elim,2026-04-02 05:00:00,0,VCT 2026: China Stage 1,https://www.vlr.gg/642918/wolves-esports-vs-trace-esports-vct-2026-china-stage-1-w1
WOL,Lotus,def,TE,0,1,3,elim,2026-04-02 05:00:00,0,VCT 2026: China Stage 1,https://www.vlr.gg/642918/wolves-esports-vs-trace-esports-vct-2026-china-stage-1-w1
WOL,Lotus,def,TE,0,1,4,elim,2026-04-02 05:00:00,0,VCT 2026: China Stage 1,https://www.vlr.gg/642918/wolves-esports-vs-trace-esports-vct-2026-china-stage-1-w1
WOL,Lotus,def,TE,0,1,5,boom,2026-04-02 05:00:00,0,VCT 2026: China Stage 1,https://www.vlr.gg/642918/wolves-esports-vs-trace-esports-vct-2026-china-stage-1-w1
WOL,Lotus,def,TE,1,0,6,defus,2026-04-02 05:00:00,0,VCT 2026: China Stage 1,https://www.vlr.gg/642918/wolves-esports-vs-trace-esports-vct-2026-china-stage-1-w1
WOL,Lotus,def,TE,1,0,7,tim,2026-04-02 05:00:00,0,VCT 2026: China Stage 1,https://www.vlr.gg/642918/wolves-esports-vs-trace-esports-vct-2026-china-stage-1-w1
WOL,Lotus,def,TE,0,1,8,boom,2026-04-02 05:00:00,0,VCT 2026: China Stage 1,https://www.vlr.gg/642918/wolves-esports-vs-trace-esports-vct-2026-china-stage-1-w1
WOL,Lotus,def,TE,1,0,9,defus,2026-04-02 05:00:00,0,VCT 2026: China Stage 1,https://www.vlr.gg/642918/wolves-esports-vs-trace-esports-vct-2026-china-stage-1-w1
WOL,Lotus,def,TE,1,0,10,defus,2026-04-02 05:00:00,0,VCT 2026: China Stage 1,https://www.vlr.gg/642918/wolves-esports-vs-trace-esports-vct-2026-china-stage-1-w1
WOL,Lotus,def,TE,1,0,11,elim,2026-04-02 05:00:00,0,VCT 2026: China Stage 1,https://www.vlr.gg/642918/wolves-esports-vs-trace-esports-vct-2026-china-stage-1-w1
WOL,Lotus,def,TE,0,1,12,elim,2026-04-02 05:00:00,0,VCT 2026: China Stage 1,https://www.vlr.gg/642918/wolves-esports-vs-trace-esports-vct-2026-china-stage-1-w1
WOL,Bind,atk,TE,0,1,1,defus,2026-04-02 05:00:00,1,VCT 2026: China Stage 1,https://www.vlr.gg/642918/wolves-esports-vs-trace-esports-vct-2026-china-stage-1-w1
WOL,Bind,atk,TE,1,0,2,elim,2026-04-02 05:00:00,1,VCT 2026: China Stage 1,https://www.vlr.gg/642918/wolves-esports-vs-trace-esports-vct-2026-china-stage-1-w1
WOL,Bind,atk,TE,1,0,3,boom,2026-04-02 05:00:00,1,VCT 2026: China Stage 1,https://www.vlr.gg/642918/wolves-esports-vs-trace-esports-vct-2026-china-stage-1-w1
WOL,Bind,atk,TE,0,1,4,elim,2026-04-02 05:00:00,1,VCT 2026: China Stage 1,https://www.vlr.gg/642918/wolves-esports-vs-trace-esports-vct-2026-china-stage-1-w1
WOL,Bind,atk,TE,0,1,5,tim,2026-04-02 05:00:00,1,VCT 2026: China Stage 1,https://www.vlr.gg/642918/wolves-esports-vs-trace-esports-vct-2026-china-stage-1-w1
WOL,Bind,atk,TE,0,1,6,defus,2026-04-02 05:00:00,1,VCT 2026: China Stage 1,https://www.vlr.gg/642918/wolves-esports-vs-trace-esports-vct-2026-china-stage-1-w1
WOL,Bind,atk,TE,0,1,7,elim,2026-04-02 05:00:00,1,VCT 2026: China Stage 1,https://www.vlr.gg/642918/wolves-esports-vs-trace-esports-vct-2026-china-stage-1-w1
WOL,Bind,atk,TE,0,1,8,elim,2026-04-02 05:00:00,1,VCT 2026: China Stage 1,https://www.vlr.gg/642918/wolves-esports-vs-trace-esports-vct-2026-china-stage-1-w1
WOL,Bind,atk,TE,0,1,9,elim,2026-04-02 05:00:00,1,VCT 2026: China Stage 1,https://www.vlr.gg/642918/wolves-esports-vs-trace-esports-vct-2026-china-stage-1-w1
WOL,Bind,atk,TE,0,1,10,elim,2026-04-02 05:00:00,1,VCT 2026: China Stage 1,https://www.vlr.gg/642918/wolves-esports-vs-trace-esports-vct-2026-china-stage-1-w1
WOL,Bind,atk,TE,0,1,11,elim,2026-04-02 05:00:00,1,VCT 2026: China Stage 1,https://www.vlr.gg/642918/wolves-esports-vs-trace-esports-vct-2026-china-stage-1-w1
WOL,Bind,atk,TE,1,0,12,elim,2026-04-02 05:00:00,1,VCT 2026: China Stage 1,https://www.vlr.gg/642918/wolves-esports-vs-trace-esports-vct-2026-china-stage-1-w1
WOL,Bind,def,TE,1,0,13,elim,2026-04-02 05:00:00,1,VCT 2026: China Stage 1,https://www.vlr.gg/642918/wolves-esports-vs-trace-esports-vct-2026-china-stage-1-w1
WOL,Bind,def,TE,1,0,14,defus,2026-04-02 05:00:00,1,VCT 2026: China Stage 1,https://www.vlr.gg/642918/wolves-esports-vs-trace-esports-vct-2026-china-stage-1-w1
WOL,Bind,def,TE,0,1,15,elim,2026-04-02 05:00:00,1,VCT 2026: China Stage 1,https://www.vlr.gg/642918/wolves-esports-vs-trace-esports-vct-2026-china-stage-1-w1
WOL,Bind,def,TE,1,0,16,tim,2026-04-02 05:00:00,1,VCT 2026: China Stage 1,https://www.vlr.gg/642918/wolves-esports-vs-trace-esports-vct-2026-china-stage-1-w1
WOL,Bind,def,TE,0,1,17,boom,2026-04-02 05:00:00,1,VCT 2026: China Stage 1,https://www.vlr.gg/642918/wolves-esports-vs-trace-esports-vct-2026-china-stage-1-w1
WOL,Bind,def,TE,1,0,18,elim,2026-04-02 05:00:00,1,VCT 2026: China Stage 1,https://www.vlr.gg/642918/wolves-esports-vs-trace-esports-vct-2026-china-stage-1-w1
WOL,Bind,def,TE,1,0,19,defus,2026-04-02 05:00:00,1,VCT 2026: China Stage 1,https://www.vlr.gg/642918/wolves-esports-vs-trace-esports-vct-2026-china-stage-1-w1
WOL,Bind,def,TE,0,1,20,elim,2026-04-02 05:00:00,1,VCT 2026: China Stage 1,https://www.vlr.gg/642918/wolves-esports-vs-trace-esports-vct-2026-china-stage-1-w1
WOL,Bind,def,TE,0,1,21,elim,2026-04-02 05:00:00,1,VCT 2026: China Stage 1,https://www.vlr.gg/642918/wolves-esports-vs-trace-esports-vct-2026-china-stage-1-w1
BLG,Bind,atk,TYL,1,0,1,elim,2026-04-02 07:30:00,0,VCT 2026: China Stage 1,https://www.vlr.gg/642919/bilibili-gaming-vs-tyloo-vct-2026-china-stage-1-w1
BLG,Bind,atk,TYL,1,0,2,elim,2026-04-02 07:30:00,0,VCT 2026: China Stage 1,https://www.vlr.gg/642919/bilibili-gaming-vs-tyloo-vct-2026-china-stage-1-w1
BLG,Bind,atk,TYL,0,1,3,tim,2026-04-02 07:30:00,0,VCT 2026: China Stage 1,https://www.vlr.gg/642919/bilibili-gaming-vs-tyloo-vct-2026-china-stage-1-w1
BLG,Bind,atk,TYL,0,1,4,defus,2026-04-02 07:30:00,0,VCT 2026: China Stage 1,https://www.vlr.gg/642919/bilibili-gaming-vs-tyloo-vct-2026-china-stage-1-w1
BLG,Bind,atk,TYL,0,1,5,elim,2026-04-02 07:30:00,0,VCT 2026: China Stage 1,https://www.vlr.gg/642919/bilibili-gaming-vs-tyloo-vct-2026-china-stage-1-w1
BLG,Bind,atk,TYL,0,1,6,defus,2026-04-02 07:30:00,0,VCT 2026: China Stage 1,https://www.vlr.gg/642919/bilibili-gaming-vs-tyloo-vct-2026-china-stage-1-w1
BLG,Bind,atk,TYL,0,1,7,elim,2026-04-02 07:30:00,0,VCT 2026: China Stage 1,https://www.vlr.gg/642919/bilibili-gaming-vs-tyloo-vct-2026-china-stage-1-w1
BLG,Bind,atk,TYL,0,1,8,tim,2026-04-02 07:30:00,0,VCT 2026: China Stage 1,https://www.vlr.gg/642919/bilibili-gaming-vs-tyloo-vct-2026-china-stage-1-w1
BLG,Bind,atk,TYL,0,1,9,defus,2026-04-02 07:30:00,0,VCT 2026: China Stage 1,https://www.vlr.gg/642919/bilibili-gaming-vs-tyloo-vct-2026-china-stage-1-w1
BLG,Bind,atk,TYL,1,0,10,elim,2026-04-02 07:30:00,0,VCT 2026: China Stage 1,https://www.vlr.gg/642919/bilibili-gaming-vs-tyloo-vct-2026-china-stage-1-w1
BLG,Bind,atk,TYL,0,1,11,tim,2026-04-02 07:30:00,0,VCT 2026: China Stage 1,https://www.vlr.gg/642919/bilibili-gaming-vs-tyloo-vct-2026-china-stage-1-w1
BLG,Bind,atk,TYL,1,0,12,boom,2026-04-02 07:30:00,0,VCT 2026: China Stage 1,https://www.vlr.gg/642919/bilibili-gaming-vs-tyloo-vct-2026-china-stage-1-w1
BLG,Bind,def,TYL,1,0,13,elim,2026-04-02 07:30:00,0,VCT 2026: China Stage 1,https://www.vlr.gg/642919/bilibili-gaming-vs-tyloo-vct-2026-china-stage-1-w1
BLG,Bind,def,TYL,0,1,14,elim,2026-04-02 07:30:00,0,VCT 2026: China Stage 1,https://www.vlr.gg/642919/bilibili-gaming-vs-tyloo-vct-2026-china-stage-1-w1
BLG,Bind,def,TYL,0,1,15,elim,2026-04-02 07:30:00,0,VCT 2026: China Stage 1,https://www.vlr.gg/642919/bilibili-gaming-vs-tyloo-vct-2026-china-stage-1-w1
BLG,Bind,def,TYL,1,0,16,tim,2026-04-02 07:30:00,0,VCT 2026: China Stage 1,https://www.vlr.gg/642919/bilibili-gaming-vs-tyloo-vct-2026-china-stage-1-w1
BLG,Bind,def,TYL,1,0,17,elim,2026-04-02 07:30:00,0,VCT 2026: China Stage 1,https://www.vlr.gg/642919/bilibili-gaming-vs-tyloo-vct-2026-china-stage-1-w1
BLG,Bind,def,TYL,0,1,18,elim,2026-04-02 07:30:00,0,VCT 2026: China Stage 1,https://www.vlr.gg/642919/bilibili-gaming-vs-tyloo-vct-2026-china-stage-1-w1
BLG,Bind,def,TYL,0,1,19,boom,2026-04-02 07:30:00,0,VCT 2026: China Stage 1,https://www.vlr.gg/642919/bilibili-gaming-vs-tyloo-vct-2026-china-stage-1-w1
BLG,Bind,def,TYL,0,1,20,elim,2026-04-02 07:30:00,0,VCT 2026: China Stage 1,https://www.vlr.gg/642919/bilibili-gaming-vs-tyloo-vct-2026-china-stage-1-w1
BLG,Pearl,atk,TYL,1,0,1,elim,2026-04-02 07:30:00,1,VCT 2026: China Stage 1,https://www.vlr.gg/642919/bilibili-gaming-vs-tyloo-vct-2026-china-stage-1-w1
BLG,Pearl,atk,TYL,1,0,2,elim,2026-04-02 07:30:00,1,VCT 2026: China Stage 1,https://www.vlr.gg/642919/bilibili-gaming-vs-tyloo-vct-2026-china-stage-1-w1
BLG,Pearl,atk,TYL,1,0,3,elim,2026-04-02 07:30:00,1,VCT 2026: China Stage 1,https://www.vlr.gg/642919/bilibili-gaming-vs-tyloo-vct-2026-china-stage-1-w1
BLG,Pearl,atk,TYL,0,1,4,elim,2026-04-02 07:30:00,1,VCT 2026: China Stage 1,https://www.vlr.gg/642919/bilibili-gaming-vs-tyloo-vct-2026-china-stage-1-w1
BLG,Pearl,atk,TYL,1,0,5,elim,2026-04-02 07:30:00,1,VCT 2026: China Stage 1,https://www.vlr.gg/642919/bilibili-gaming-vs-tyloo-vct-2026-china-stage-1-w1
BLG,Pearl,atk,TYL,1,0,6,elim,2026-04-02 07:30:00,1,VCT 2026: China Stage 1,https://www.vlr.gg/642919/bilibili-gaming-vs-tyloo-vct-2026-china-stage-1-w1
BLG,Pearl,atk,TYL,1,0,7,elim,2026-04-02 07:30:00,1,VCT 2026: China Stage 1,https://www.vlr.gg/642919/bilibili-gaming-vs-tyloo-vct-2026-china-stage-1-w1
BLG,Pearl,atk,TYL,0,1,8,defus,2026-04-02 07:30:00,1,VCT 2026: China Stage 1,https://www.vlr.gg/642919/bilibili-gaming-vs-tyloo-vct-2026-china-stage-1-w1
BLG,Pearl,atk,TYL,1,0,9,boom,2026-04-02 07:30:00,1,VCT 2026: China Stage 1,https://www.vlr.gg/642919/bilibili-gaming-vs-tyloo-vct-2026-china-stage-1-w1
BLG,Pearl,atk,TYL,1,0,10,elim,2026-04-02 07:30:00,1,VCT 2026: China Stage 1,https://www.vlr.gg/642919/bilibili-gaming-vs-tyloo-vct-2026-china-stage-1-w1
BLG,Pearl,atk,TYL,1,0,11,elim,2026-04-02 07:30:00,1,VCT 2026: China Stage 1,https://www.vlr.gg/642919/bilibili-gaming-vs-tyloo-vct-2026-china-stage-1-w1
BLG,Pearl,atk,TYL,0,1,12,defus,2026-04-02 07:30:00,1,VCT 2026: China Stage 1,https://www.vlr.gg/642919/bilibili-gaming-vs-tyloo-vct-2026-china-stage-1-w1
BLG,Pearl,def,TYL,1,0,13,elim,2026-04-02 07:30:00,1,VCT 2026: China Stage 1,https://www.vlr.gg/642919/bilibili-gaming-vs-tyloo-vct-2026-china-stage-1-w1
BLG,Pearl,def,TYL,1,0,14,defus,2026-04-02 07:30:00,1,VCT 2026: China Stage 1,https://www.vlr.gg/642919/bilibili-gaming-vs-tyloo-vct-2026-china-stage-1-w1
BLG,Pearl,def,TYL,1,0,15,elim,2026-04-02 07:30:00,1,VCT 2026: China Stage 1,https://www.vlr.gg/642919/bilibili-gaming-vs-tyloo-vct-2026-china-stage-1-w1
BLG,Pearl,def,TYL,1,0,16,elim,2026-04-02 07:30:00,1,VCT 2026: China Stage 1,https://www.vlr.gg/642919/bilibili-gaming-vs-tyloo-vct-2026-china-stage-1-w1
BLG,Breeze,atk,TYL,0,1,13,defus,2026-04-02 07:30:00,2,VCT 2026: China Stage 1,https://www.vlr.gg/642919/bilibili-gaming-vs-tyloo-vct-2026-china-stage-1-w1
BLG,Breeze,atk,TYL,0,1,14,defus,2026-04-02 07:30:00,2,VCT 2026: China Stage 1,https://www.vlr.gg/642919/bilibili-gaming-vs-tyloo-vct-2026-china-stage-1-w1
BLG,Breeze,atk,TYL,1,0,15,boom,2026-04-02 07:30:00,2,VCT 2026: China Stage 1,https://www.vlr.gg/642919/bilibili-gaming-vs-tyloo-vct-2026-china-stage-1-w1
BLG,Breeze,atk,TYL,1,0,16,elim,2026-04-02 07:30:00,2,VCT 2026: China Stage 1,https://www.vlr.gg/642919/bilibili-gaming-vs-tyloo-vct-2026-china-stage-1-w1
BLG,Breeze,atk,TYL,1,0,17,elim,2026-04-02 07:30:00,2,VCT 2026: China Stage 1,https://www.vlr.gg/642919/bilibili-gaming-vs-tyloo-vct-2026-china-stage-1-w1
BLG,Breeze,atk,TYL,0,1,18,defus,2026-04-02 07:30:00,2,VCT 2026: China Stage 1,https://www.vlr.gg/642919/bilibili-gaming-vs-tyloo-vct-2026-china-stage-1-w1
BLG,Breeze,atk,TYL,0,1,19,elim,2026-04-02 07:30:00,2,VCT 2026: China Stage 1,https://www.vlr.gg/642919/bilibili-gaming-vs-tyloo-vct-2026-china-stage-1-w1
BLG,Breeze,atk,TYL,1,0,20,elim,2026-04-02 07:30:00,2,VCT 2026: China Stage 1,https://www.vlr.gg/642919/bilibili-gaming-vs-tyloo-vct-2026-china-stage-1-w1
BLG,Breeze,atk,TYL,0,1,21,defus,2026-04-02 07:30:00,2,VCT 2026: China Stage 1,https://www.vlr.gg/642919/bilibili-gaming-vs-tyloo-vct-2026-china-stage-1-w1
BLG,Breeze,def,TYL,0,1,1,elim,2026-04-02 07:30:00,2,VCT 2026: China Stage 1,https://www.vlr.gg/642919/bilibili-gaming-vs-tyloo-vct-2026-china-stage-1-w1
BLG,Breeze,def,TYL,0,1,2,boom,2026-04-02 07:30:00,2,VCT 2026: China Stage 1,https://www.vlr.gg/642919/bilibili-gaming-vs-tyloo-vct-2026-china-stage-1-w1
BLG,Breeze,def,TYL,1,0,3,defus,2026-04-02 07:30:00,2,VCT 2026: China Stage 1,https://www.vlr.gg/642919/bilibili-gaming-vs-tyloo-vct-2026-china-stage-1-w1
BLG,Breeze,def,TYL,0,1,4,boom,2026-04-02 07:30:00,2,VCT 2026: China Stage 1,https://www.vlr.gg/642919/bilibili-gaming-vs-tyloo-vct-2026-china-stage-1-w1
BLG,Breeze,def,TYL,1,0,5,defus,2026-04-02 07:30:00,2,VCT 2026: China Stage 1,https://www.vlr.gg/642919/bilibili-gaming-vs-tyloo-vct-2026-china-stage-1-w1
BLG,Breeze,def,TYL,0,1,6,elim,2026-04-02 07:30:00,2,VCT 2026: China Stage 1,https://www.vlr.gg/642919/bilibili-gaming-vs-tyloo-vct-2026-china-stage-1-w1
BLG,Breeze,def,TYL,0,1,7,boom,2026-04-02 07:30:00,2,VCT 2026: China Stage 1,https://www.vlr.gg/642919/bilibili-gaming-vs-tyloo-vct-2026-china-stage-1-w1
BLG,Breeze,def,TYL,0,1,8,elim,2026-04-02 07:30:00,2,VCT 2026: China Stage 1,https://www.vlr.gg/642919/bilibili-gaming-vs-tyloo-vct-2026-china-stage-1-w1
BLG,Breeze,def,TYL,1,0,9,defus,2026-04-02 07:30:00,2,VCT 2026: China Stage 1,https://www.vlr.gg/642919/bilibili-gaming-vs-tyloo-vct-2026-china-stage-1-w1
BLG,Breeze,def,TYL,0,1,10,elim,2026-04-02 07:30:00,2,VCT 2026: China Stage 1,https://www.vlr.gg/642919/bilibili-gaming-vs-tyloo-vct-2026-china-stage-1-w1
BLG,Breeze,def,TYL,0,1,11,elim,2026-04-02 07:30:00,2,VCT 2026: China Stage 1,https://www.vlr.gg/642919/bilibili-gaming-vs-tyloo-vct-2026-china-stage-1-w1
BLG,Breeze,def,TYL,1,0,12,elim,2026-04-02 07:30:00,2,VCT 2026: China Stage 1,https://www.vlr.gg/642919/bilibili-gaming-vs-tyloo-vct-2026-china-stage-1-w1
DRG,Breeze,atk,NOVA,0,1,1,elim,2026-04-03 05:00:00,0,VCT 2026: China Stage 1,https://www.vlr.gg/642920/dragon-ranger-gaming-vs-nova-esports-vct-2026-china-stage-1-w1
DRG,Breeze,atk,NOVA,1,0,2,elim,2026-04-03 05:00:00,0,VCT 2026: China Stage 1,https://www.vlr.gg/642920/dragon-ranger-gaming-vs-nova-esports-vct-2026-china-stage-1-w1
DRG,Breeze,atk,NOVA,1,0,3,elim,2026-04-03 05:00:00,0,VCT 2026: China Stage 1,https://www.vlr.gg/642920/dragon-ranger-gaming-vs-nova-esports-vct-2026-china-stage-1-w1
DRG,Breeze,atk,NOVA,1,0,4,elim,2026-04-03 05:00:00,0,VCT 2026: China Stage 1,https://www.vlr.gg/642920/dragon-ranger-gaming-vs-nova-esports-vct-2026-china-stage-1-w1
DRG,Breeze,atk,NOVA,1,0,5,elim,2026-04-03 05:00:00,0,VCT 2026: China Stage 1,https://www.vlr.gg/642920/dragon-ranger-gaming-vs-nova-esports-vct-2026-china-stage-1-w1
DRG,Breeze,atk,NOVA,1,0,6,elim,2026-04-03 05:00:00,0,VCT 2026: China Stage 1,https://www.vlr.gg/642920/dragon-ranger-gaming-vs-nova-esports-vct-2026-china-stage-1-w1
DRG,Breeze,atk,NOVA,1,0,7,elim,2026-04-03 05:00:00,0,VCT 2026: China Stage 1,https://www.vlr.gg/642920/dragon-ranger-gaming-vs-nova-esports-vct-2026-china-stage-1-w1
DRG,Breeze,atk,NOVA,0,1,8,defus,2026-04-03 05:00:00,0,VCT 2026: China Stage 1,https://www.vlr.gg/642920/dragon-ranger-gaming-vs-nova-esports-vct-2026-china-stage-1-w1
DRG,Breeze,atk,NOVA,1,0,9,elim,2026-04-03 05:00:00,0,VCT 2026: China Stage 1,https://www.vlr.gg/642920/dragon-ranger-gaming-vs-nova-esports-vct-2026-china-stage-1-w1
DRG,Breeze,atk,NOVA,1,0,10,elim,2026-04-03 05:00:00,0,VCT 2026: China Stage 1,https://www.vlr.gg/642920/dragon-ranger-gaming-vs-nova-esports-vct-2026-china-stage-1-w1
DRG,Breeze,atk,NOVA,1,0,11,elim,2026-04-03 05:00:00,0,VCT 2026: China Stage 1,https://www.vlr.gg/642920/dragon-ranger-gaming-vs-nova-esports-vct-2026-china-stage-1-w1
DRG,Breeze,atk,NOVA,1,0,12,elim,2026-04-03 05:00:00,0,VCT 2026: China Stage 1,https://www.vlr.gg/642920/dragon-ranger-gaming-vs-nova-esports-vct-2026-china-stage-1-w1
DRG,Breeze,def,NOVA,0,1,13,elim,2026-04-03 05:00:00,0,VCT 2026: China Stage 1,https://www.vlr.gg/642920/dragon-ranger-gaming-vs-nova-esports-vct-2026-china-stage-1-w1
DRG,Breeze,def,NOVA,0,1,14,boom,2026-04-03 05:00:00,0,VCT 2026: China Stage 1,https://www.vlr.gg/642920/dragon-ranger-gaming-vs-nova-esports-vct-2026-china-stage-1-w1
DRG,Breeze,def,NOVA,0,1,15,boom,2026-04-03 05:00:00,0,VCT 2026: China Stage 1,https://www.vlr.gg/642920/dragon-ranger-gaming-vs-nova-esports-vct-2026-china-stage-1-w1
DRG,Breeze,def,NOVA,1,0,16,defus,2026-04-03 05:00:00,0,VCT 2026: China Stage 1,https://www.vlr.gg/642920/dragon-ranger-gaming-vs-nova-esports-vct-2026-china-stage-1-w1
DRG,Breeze,def,NOVA,1,0,17,elim,2026-04-03 05:00:00,0,VCT 2026: China Stage 1,https://www.vlr.gg/642920/dragon-ranger-gaming-vs-nova-esports-vct-2026-china-stage-1-w1
DRG,Breeze,def,NOVA,1,0,18,defus,2026-04-03 05:00:00,0,VCT 2026: China Stage 1,https://www.vlr.gg/642920/dragon-ranger-gaming-vs-nova-esports-vct-2026-china-stage-1-w1
DRG,Haven,atk,NOVA,1,0,1,elim,2026-04-03 05:00:00,1,VCT 2026: China Stage 1,https://www.vlr.gg/642920/dragon-ranger-gaming-vs-nova-esports-vct-2026-china-stage-1-w1
DRG,Haven,atk,NOVA,1,0,2,elim,2026-04-03 05:00:00,1,VCT 2026: China Stage 1,https://www.vlr.gg/642920/dragon-ranger-gaming-vs-nova-esports-vct-2026-china-stage-1-w1
DRG,Haven,atk,NOVA,0,1,3,elim,2026-04-03 05:00:00,1,VCT 2026: China Stage 1,https://www.vlr.gg/642920/dragon-ranger-gaming-vs-nova-esports-vct-2026-china-stage-1-w1
DRG,Haven,atk,NOVA,0,1,4,defus,2026-04-03 05:00:00,1,VCT 2026: China Stage 1,https://www.vlr.gg/642920/dragon-ranger-gaming-vs-nova-esports-vct-2026-china-stage-1-w1
DRG,Haven,atk,NOVA,0,1,5,elim,2026-04-03 05:00:00,1,VCT 2026: China Stage 1,https://www.vlr.gg/642920/dragon-ranger-gaming-vs-nova-esports-vct-2026-china-stage-1-w1
DRG,Haven,atk,NOVA,0,1,6,tim,2026-04-03 05:00:00,1,VCT 2026: China Stage 1,https://www.vlr.gg/642920/dragon-ranger-gaming-vs-nova-esports-vct-2026-china-stage-1-w1
DRG,Haven,atk,NOVA,1,0,7,elim,2026-04-03 05:00:00,1,VCT 2026: China Stage 1,https://www.vlr.gg/642920/dragon-ranger-gaming-vs-nova-esports-vct-2026-china-stage-1-w1
DRG,Haven,atk,NOVA,1,0,8,elim,2026-04-03 05:00:00,1,VCT 2026: China Stage 1,https://www.vlr.gg/642920/dragon-ranger-gaming-vs-nova-esports-vct-2026-china-stage-1-w1
DRG,Haven,atk,NOVA,1,0,9,elim,2026-04-03 05:00:00,1,VCT 2026: China Stage 1,https://www.vlr.gg/642920/dragon-ranger-gaming-vs-nova-esports-vct-2026-china-stage-1-w1
DRG,Haven,atk,NOVA,1,0,10,elim,2026-04-03 05:00:00,1,VCT 2026: China Stage 1,https://www.vlr.gg/642920/dragon-ranger-gaming-vs-nova-esports-vct-2026-china-stage-1-w1
DRG,Haven,atk,NOVA,1,0,11,elim,2026-04-03 05:00:00,1,VCT 2026: China Stage 1,https://www.vlr.gg/642920/dragon-ranger-gaming-vs-nova-esports-vct-2026-china-stage-1-w1
DRG,Haven,atk,NOVA,1,0,12,elim,2026-04-03 05:00:00,1,VCT 2026: China Stage 1,https://www.vlr.gg/642920/dragon-ranger-gaming-vs-nova-esports-vct-2026-china-stage-1-w1
DRG,Haven,def,NOVA,1,0,13,elim,2026-04-03 05:00:00,1,VCT 2026: China Stage 1,https://www.vlr.gg/642920/dragon-ranger-gaming-vs-nova-esports-vct-2026-china-stage-1-w1
DRG,Haven,def,NOVA,1,0,14,defus,2026-04-03 05:00:00,1,VCT 2026: China Stage 1,https://www.vlr.gg/642920/dragon-ranger-gaming-vs-nova-esports-vct-2026-china-stage-1-w1
DRG,Haven,def,NOVA,1,0,15,elim,2026-04-03 05:00:00,1,VCT 2026: China Stage 1,https://www.vlr.gg/642920/dragon-ranger-gaming-vs-nova-esports-vct-2026-china-stage-1-w1
DRG,Haven,def,NOVA,0,1,16,elim,2026-04-03 05:00:00,1,VCT 2026: China Stage 1,https://www.vlr.gg/642920/dragon-ranger-gaming-vs-nova-esports-vct-2026-china-stage-1-w1
DRG,Haven,def,NOVA,0,1,17,elim,2026-04-03 05:00:00,1,VCT 2026: China Stage 1,https://www.vlr.gg/642920/dragon-ranger-gaming-vs-nova-esports-vct-2026-china-stage-1-w1
DRG,Haven,def,NOVA,1,0,18,defus,2026-04-03 05:00:00,1,VCT 2026: China Stage 1,https://www.vlr.gg/642920/dragon-ranger-gaming-vs-nova-esports-vct-2026-china-stage-1-w1
DRG,Haven,def,NOVA,0,1,19,elim,2026-04-03 05:00:00,1,VCT 2026: China Stage 1,https://www.vlr.gg/642920/dragon-ranger-gaming-vs-nova-esports-vct-2026-china-stage-1-w1
DRG,Haven,def,NOVA,1,0,20,elim,2026-04-03 05:00:00,1,VCT 2026: China Stage 1,https://www.vlr.gg/642920/dragon-ranger-gaming-vs-nova-esports-vct-2026-china-stage-1-w1
FPX,Split,atk,AG,0,1,1,defus,2026-04-03 07:10:00,0,VCT 2026: China Stage 1,https://www.vlr.gg/642921/funplus-phoenix-vs-all-gamers-vct-2026-china-stage-1-w1
FPX,Split,atk,AG,0,1,2,defus,2026-04-03 07:10:00,0,VCT 2026: China Stage 1,https://www.vlr.gg/642921/funplus-phoenix-vs-all-gamers-vct-2026-china-stage-1-w1
FPX,Split,atk,AG,1,0,3,elim,2026-04-03 07:10:00,0,VCT 2026: China Stage 1,https://www.vlr.gg/642921/funplus-phoenix-vs-all-gamers-vct-2026-china-stage-1-w1
FPX,Split,atk,AG,1,0,4,boom,2026-04-03 07:10:00,0,VCT 2026: China Stage 1,https://www.vlr.gg/642921/funplus-phoenix-vs-all-gamers-vct-2026-china-stage-1-w1
FPX,Split,atk,AG,1,0,5,elim,2026-04-03 07:10:00,0,VCT 2026: China Stage 1,https://www.vlr.gg/642921/funplus-phoenix-vs-all-gamers-vct-2026-china-stage-1-w1
FPX,Split,atk,AG,0,1,6,tim,2026-04-03 07:10:00,0,VCT 2026: China Stage 1,https://www.vlr.gg/642921/funplus-phoenix-vs-all-gamers-vct-2026-china-stage-1-w1
FPX,Split,atk,AG,1,0,7,boom,2026-04-03 07:10:00,0,VCT 2026: China Stage 1,https://www.vlr.gg/642921/funplus-phoenix-vs-all-gamers-vct-2026-china-stage-1-w1
FPX,Split,atk,AG,0,1,8,defus,2026-04-03 07:10:00,0,VCT 2026: China Stage 1,https://www.vlr.gg/642921/funplus-phoenix-vs-all-gamers-vct-2026-china-stage-1-w1
FPX,Split,atk,AG,1,0,9,boom,2026-04-03 07:10:00,0,VCT 2026: China Stage 1,https://www.vlr.gg/642921/funplus-phoenix-vs-all-gamers-vct-2026-china-stage-1-w1
FPX,Split,atk,AG,1,0,10,elim,2026-04-03 07:10:00,0,VCT 2026: China Stage 1,https://www.vlr.gg/642921/funplus-phoenix-vs-all-gamers-vct-2026-china-stage-1-w1
FPX,Split,atk,AG,1,0,11,elim,2026-04-03 07:10:00,0,VCT 2026: China Stage 1,https://www.vlr.gg/642921/funplus-phoenix-vs-all-gamers-vct-2026-china-stage-1-w1
FPX,Split,atk,AG,0,1,12,elim,2026-04-03 07:10:00,0,VCT 2026: China Stage 1,https://www.vlr.gg/642921/funplus-phoenix-vs-all-gamers-vct-2026-china-stage-1-w1
FPX,Split,def,AG,1,0,13,elim,2026-04-03 07:10:00,0,VCT 2026: China Stage 1,https://www.vlr.gg/642921/funplus-phoenix-vs-all-gamers-vct-2026-china-stage-1-w1
FPX,Split,def,AG,1,0,14,elim,2026-04-03 07:10:00,0,VCT 2026: China Stage 1,https://www.vlr.gg/642921/funplus-phoenix-vs-all-gamers-vct-2026-china-stage-1-w1
FPX,Split,def,AG,1,0,15,tim,2026-04-03 07:10:00,0,VCT 2026: China Stage 1,https://www.vlr.gg/642921/funplus-phoenix-vs-all-gamers-vct-2026-china-stage-1-w1
FPX,Split,def,AG,1,0,16,elim,2026-04-03 07:10:00,0,VCT 2026: China Stage 1,https://www.vlr.gg/642921/funplus-phoenix-vs-all-gamers-vct-2026-china-stage-1-w1
FPX,Split,def,AG,1,0,17,defus,2026-04-03 07:10:00,0,VCT 2026: China Stage 1,https://www.vlr.gg/642921/funplus-phoenix-vs-all-gamers-vct-2026-china-stage-1-w1
FPX,Split,def,AG,1,0,18,elim,2026-04-03 07:10:00,0,VCT 2026: China Stage 1,https://www.vlr.gg/642921/funplus-phoenix-vs-all-gamers-vct-2026-china-stage-1-w1
FPX,Pearl,atk,AG,1,0,13,elim,2026-04-03 07:10:00,1,VCT 2026: China Stage 1,https://www.vlr.gg/642921/funplus-phoenix-vs-all-gamers-vct-2026-china-stage-1-w1
FPX,Pearl,atk,AG,0,1,14,tim,2026-04-03 07:10:00,1,VCT 2026: China Stage 1,https://www.vlr.gg/642921/funplus-phoenix-vs-all-gamers-vct-2026-china-stage-1-w1
FPX,Pearl,atk,AG,0,1,15,defus,2026-04-03 07:10:00,1,VCT 2026: China Stage 1,https://www.vlr.gg/642921/funplus-phoenix-vs-all-gamers-vct-2026-china-stage-1-w1
FPX,Pearl,atk,AG,1,0,16,elim,2026-04-03 07:10:00,1,VCT 2026: China Stage 1,https://www.vlr.gg/642921/funplus-phoenix-vs-all-gamers-vct-2026-china-stage-1-w1
FPX,Pearl,atk,AG,0,1,17,elim,2026-04-03 07:10:00,1,VCT 2026: China Stage 1,https://www.vlr.gg/642921/funplus-phoenix-vs-all-gamers-vct-2026-china-stage-1-w1
FPX,Pearl,atk,AG,0,1,18,elim,2026-04-03 07:10:00,1,VCT 2026: China Stage 1,https://www.vlr.gg/642921/funplus-phoenix-vs-all-gamers-vct-2026-china-stage-1-w1
FPX,Pearl,atk,AG,1,0,19,elim,2026-04-03 07:10:00,1,VCT 2026: China Stage 1,https://www.vlr.gg/642921/funplus-phoenix-vs-all-gamers-vct-2026-china-stage-1-w1
FPX,Pearl,def,AG,1,0,1,elim,2026-04-03 07:10:00,1,VCT 2026: China Stage 1,https://www.vlr.gg/642921/funplus-phoenix-vs-all-gamers-vct-2026-china-stage-1-w1
FPX,Pearl,def,AG,1,0,2,elim,2026-04-03 07:10:00,1,VCT 2026: China Stage 1,https://www.vlr.gg/642921/funplus-phoenix-vs-all-gamers-vct-2026-china-stage-1-w1
FPX,Pearl,def,AG,1,0,3,defus,2026-04-03 07:10:00,1,VCT 2026: China Stage 1,https://www.vlr.gg/642921/funplus-phoenix-vs-all-gamers-vct-2026-china-stage-1-w1
FPX,Pearl,def,AG,1,0,4,defus,2026-04-03 07:10:00,1,VCT 2026: China Stage 1,https://www.vlr.gg/642921/funplus-phoenix-vs-all-gamers-vct-2026-china-stage-1-w1
FPX,Pearl,def,AG,1,0,5,elim,2026-04-03 07:10:00,1,VCT 2026: China Stage 1,https://www.vlr.gg/642921/funplus-phoenix-vs-all-gamers-vct-2026-china-stage-1-w1
FPX,Pearl,def,AG,1,0,6,elim,2026-04-03 07:10:00,1,VCT 2026: China Stage 1,https://www.vlr.gg/642921/funplus-phoenix-vs-all-gamers-vct-2026-china-stage-1-w1
FPX,Pearl,def,AG,1,0,7,tim,2026-04-03 07:10:00,1,VCT 2026: China Stage 1,https://www.vlr.gg/642921/funplus-phoenix-vs-all-gamers-vct-2026-china-stage-1-w1
FPX,Pearl,def,AG,0,1,8,boom,2026-04-03 07:10:00,1,VCT 2026: China Stage 1,https://www.vlr.gg/642921/funplus-phoenix-vs-all-gamers-vct-2026-china-stage-1-w1
FPX,Pearl,def,AG,1,0,9,elim,2026-04-03 07:10:00,1,VCT 2026: China Stage 1,https://www.vlr.gg/642921/funplus-phoenix-vs-all-gamers-vct-2026-china-stage-1-w1
FPX,Pearl,def,AG,1,0,10,defus,2026-04-03 07:10:00,1,VCT 2026: China Stage 1,https://www.vlr.gg/642921/funplus-phoenix-vs-all-gamers-vct-2026-china-stage-1-w1
FPX,Pearl,def,AG,0,1,11,elim,2026-04-03 07:10:00,1,VCT 2026: China Stage 1,https://www.vlr.gg/642921/funplus-phoenix-vs-all-gamers-vct-2026-china-stage-1-w1
FPX,Pearl,def,AG,1,0,12,defus,2026-04-03 07:10:00,1,VCT 2026: China Stage 1,https://www.vlr.gg/642921/funplus-phoenix-vs-all-gamers-vct-2026-china-stage-1-w1
TYL,Split,atk,TEC,1,0,1,elim,2026-04-04 05:00:00,0,VCT 2026: China Stage 1,https://www.vlr.gg/642922/tyloo-vs-titan-esports-club-vct-2026-china-stage-1-w1
TYL,Split,atk,TEC,1,0,2,elim,2026-04-04 05:00:00,0,VCT 2026: China Stage 1,https://www.vlr.gg/642922/tyloo-vs-titan-esports-club-vct-2026-china-stage-1-w1
TYL,Split,atk,TEC,0,1,3,elim,2026-04-04 05:00:00,0,VCT 2026: China Stage 1,https://www.vlr.gg/642922/tyloo-vs-titan-esports-club-vct-2026-china-stage-1-w1
TYL,Split,atk,TEC,0,1,4,elim,2026-04-04 05:00:00,0,VCT 2026: China Stage 1,https://www.vlr.gg/642922/tyloo-vs-titan-esports-club-vct-2026-china-stage-1-w1
TYL,Split,atk,TEC,0,1,5,elim,2026-04-04 05:00:00,0,VCT 2026: China Stage 1,https://www.vlr.gg/642922/tyloo-vs-titan-esports-club-vct-2026-china-stage-1-w1
TYL,Split,atk,TEC,1,0,6,boom,2026-04-04 05:00:00,0,VCT 2026: China Stage 1,https://www.vlr.gg/642922/tyloo-vs-titan-esports-club-vct-2026-china-stage-1-w1
TYL,Split,atk,TEC,1,0,7,boom,2026-04-04 05:00:00,0,VCT 2026: China Stage 1,https://www.vlr.gg/642922/tyloo-vs-titan-esports-club-vct-2026-china-stage-1-w1
TYL,Split,atk,TEC,0,1,8,elim,2026-04-04 05:00:00,0,VCT 2026: China Stage 1,https://www.vlr.gg/642922/tyloo-vs-titan-esports-club-vct-2026-china-stage-1-w1
TYL,Split,atk,TEC,1,0,9,boom,2026-04-04 05:00:00,0,VCT 2026: China Stage 1,https://www.vlr.gg/642922/tyloo-vs-titan-esports-club-vct-2026-china-stage-1-w1
TYL,Split,atk,TEC,1,0,10,elim,2026-04-04 05:00:00,0,VCT 2026: China Stage 1,https://www.vlr.gg/642922/tyloo-vs-titan-esports-club-vct-2026-china-stage-1-w1
TYL,Split,atk,TEC,1,0,11,boom,2026-04-04 05:00:00,0,VCT 2026: China Stage 1,https://www.vlr.gg/642922/tyloo-vs-titan-esports-club-vct-2026-china-stage-1-w1
TYL,Split,atk,TEC,1,0,12,elim,2026-04-04 05:00:00,0,VCT 2026: China Stage 1,https://www.vlr.gg/642922/tyloo-vs-titan-esports-club-vct-2026-china-stage-1-w1
TYL,Split,atk,TEC,1,0,25,elim,2026-04-04 05:00:00,0,VCT 2026: China Stage 1,https://www.vlr.gg/642922/tyloo-vs-titan-esports-club-vct-2026-china-stage-1-w1
TYL,Split,atk,TEC,1,0,27,elim,2026-04-04 05:00:00,0,VCT 2026: China Stage 1,https://www.vlr.gg/642922/tyloo-vs-titan-esports-club-vct-2026-china-stage-1-w1
TYL,Split,def,TEC,0,1,13,elim,2026-04-04 05:00:00,0,VCT 2026: China Stage 1,https://www.vlr.gg/642922/tyloo-vs-titan-esports-club-vct-2026-china-stage-1-w1
TYL,Split,def,TEC,0,1,14,boom,2026-04-04 05:00:00,0,VCT 2026: China Stage 1,https://www.vlr.gg/642922/tyloo-vs-titan-esports-club-vct-2026-china-stage-1-w1
TYL,Split,def,TEC,1,0,15,defus,2026-04-04 05:00:00,0,VCT 2026: China Stage 1,https://www.vlr.gg/642922/tyloo-vs-titan-esports-club-vct-2026-china-stage-1-w1
TYL,Split,def,TEC,1,0,16,defus,2026-04-04 05:00:00,0,VCT 2026: China Stage 1,https://www.vlr.gg/642922/tyloo-vs-titan-esports-club-vct-2026-china-stage-1-w1
TYL,Split,def,TEC,1,0,17,defus,2026-04-04 05:00:00,0,VCT 2026: China Stage 1,https://www.vlr.gg/642922/tyloo-vs-titan-esports-club-vct-2026-china-stage-1-w1
TYL,Split,def,TEC,0,1,18,boom,2026-04-04 05:00:00,0,VCT 2026: China Stage 1,https://www.vlr.gg/642922/tyloo-vs-titan-esports-club-vct-2026-china-stage-1-w1
TYL,Split,def,TEC,0,1,19,elim,2026-04-04 05:00:00,0,VCT 2026: China Stage 1,https://www.vlr.gg/642922/tyloo-vs-titan-esports-club-vct-2026-china-stage-1-w1
TYL,Split,def,TEC,1,0,20,elim,2026-04-04 05:00:00,0,VCT 2026: China Stage 1,https://www.vlr.gg/642922/tyloo-vs-titan-esports-club-vct-2026-china-stage-1-w1
TYL,Split,def,TEC,0,1,21,elim,2026-04-04 05:00:00,0,VCT 2026: China Stage 1,https://www.vlr.gg/642922/tyloo-vs-titan-esports-club-vct-2026-china-stage-1-w1
TYL,Split,def,TEC,0,1,22,elim,2026-04-04 05:00:00,0,VCT 2026: China Stage 1,https://www.vlr.gg/642922/tyloo-vs-titan-esports-club-vct-2026-china-stage-1-w1
TYL,Split,def,TEC,0,1,23,elim,2026-04-04 05:00:00,0,VCT 2026: China Stage 1,https://www.vlr.gg/642922/tyloo-vs-titan-esports-club-vct-2026-china-stage-1-w1
TYL,Split,def,TEC,0,1,24,elim,2026-04-04 05:00:00,0,VCT 2026: China Stage 1,https://www.vlr.gg/642922/tyloo-vs-titan-esports-club-vct-2026-china-stage-1-w1
TYL,Split,def,TEC,0,1,26,elim,2026-04-04 05:00:00,0,VCT 2026: China Stage 1,https://www.vlr.gg/642922/tyloo-vs-titan-esports-club-vct-2026-china-stage-1-w1
TYL,Split,def,TEC,1,0,28,elim,2026-04-04 05:00:00,0,VCT 2026: China Stage 1,https://www.vlr.gg/642922/tyloo-vs-titan-esports-club-vct-2026-china-stage-1-w1
TYL,Fracture,atk,TEC,0,1,1,elim,2026-04-04 05:00:00,1,VCT 2026: China Stage 1,https://www.vlr.gg/642922/tyloo-vs-titan-esports-club-vct-2026-china-stage-1-w1
TYL,Fracture,atk,TEC,0,1,2,elim,2026-04-04 05:00:00,1,VCT 2026: China Stage 1,https://www.vlr.gg/642922/tyloo-vs-titan-esports-club-vct-2026-china-stage-1-w1
TYL,Fracture,atk,TEC,1,0,3,elim,2026-04-04 05:00:00,1,VCT 2026: China Stage 1,https://www.vlr.gg/642922/tyloo-vs-titan-esports-club-vct-2026-china-stage-1-w1
TYL,Fracture,atk,TEC,1,0,4,boom,2026-04-04 05:00:00,1,VCT 2026: China Stage 1,https://www.vlr.gg/642922/tyloo-vs-titan-esports-club-vct-2026-china-stage-1-w1
TYL,Fracture,atk,TEC,1,0,5,boom,2026-04-04 05:00:00,1,VCT 2026: China Stage 1,https://www.vlr.gg/642922/tyloo-vs-titan-esports-club-vct-2026-china-stage-1-w1
TYL,Fracture,atk,TEC,0,1,6,defus,2026-04-04 05:00:00,1,VCT 2026: China Stage 1,https://www.vlr.gg/642922/tyloo-vs-titan-esports-club-vct-2026-china-stage-1-w1
TYL,Fracture,atk,TEC,1,0,7,elim,2026-04-04 05:00:00,1,VCT 2026: China Stage 1,https://www.vlr.gg/642922/tyloo-vs-titan-esports-club-vct-2026-china-stage-1-w1
TYL,Fracture,atk,TEC,1,0,8,elim,2026-04-04 05:00:00,1,VCT 2026: China Stage 1,https://www.vlr.gg/642922/tyloo-vs-titan-esports-club-vct-2026-china-stage-1-w1
TYL,Fracture,atk,TEC,1,0,9,boom,2026-04-04 05:00:00,1,VCT 2026: China Stage 1,https://www.vlr.gg/642922/tyloo-vs-titan-esports-club-vct-2026-china-stage-1-w1
TYL,Fracture,atk,TEC,1,0,10,elim,2026-04-04 05:00:00,1,VCT 2026: China Stage 1,https://www.vlr.gg/642922/tyloo-vs-titan-esports-club-vct-2026-china-stage-1-w1
TYL,Fracture,atk,TEC,1,0,11,elim,2026-04-04 05:00:00,1,VCT 2026: China Stage 1,https://www.vlr.gg/642922/tyloo-vs-titan-esports-club-vct-2026-china-stage-1-w1
TYL,Fracture,atk,TEC,1,0,12,elim,2026-04-04 05:00:00,1,VCT 2026: China Stage 1,https://www.vlr.gg/642922/tyloo-vs-titan-esports-club-vct-2026-china-stage-1-w1
TYL,Fracture,def,TEC,0,1,13,elim,2026-04-04 05:00:00,1,VCT 2026: China Stage 1,https://www.vlr.gg/642922/tyloo-vs-titan-esports-club-vct-2026-china-stage-1-w1
TYL,Fracture,def,TEC,0,1,14,elim,2026-04-04 05:00:00,1,VCT 2026: China Stage 1,https://www.vlr.gg/642922/tyloo-vs-titan-esports-club-vct-2026-china-stage-1-w1
TYL,Fracture,def,TEC,1,0,15,elim,2026-04-04 05:00:00,1,VCT 2026: China Stage 1,https://www.vlr.gg/642922/tyloo-vs-titan-esports-club-vct-2026-china-stage-1-w1
TYL,Fracture,def,TEC,1,0,16,defus,2026-04-04 05:00:00,1,VCT 2026: China Stage 1,https://www.vlr.gg/642922/tyloo-vs-titan-esports-club-vct-2026-china-stage-1-w1
TYL,Fracture,def,TEC,1,0,17,elim,2026-04-04 05:00:00,1,VCT 2026: China Stage 1,https://www.vlr.gg/642922/tyloo-vs-titan-esports-club-vct-2026-china-stage-1-w1
TYL,Fracture,def,TEC,1,0,18,elim,2026-04-04 05:00:00,1,VCT 2026: China Stage 1,https://www.vlr.gg/642922/tyloo-vs-titan-esports-club-vct-2026-china-stage-1-w1
WOL,Fracture,atk,EDG,0,1,1,elim,2026-04-04 07:30:00,0,VCT 2026: China Stage 1,https://www.vlr.gg/642923/wolves-esports-vs-edward-gaming-vct-2026-china-stage-1-w1
WOL,Fracture,atk,EDG,0,1,2,elim,2026-04-04 07:30:00,0,VCT 2026: China Stage 1,https://www.vlr.gg/642923/wolves-esports-vs-edward-gaming-vct-2026-china-stage-1-w1
WOL,Fracture,atk,EDG,1,0,3,elim,2026-04-04 07:30:00,0,VCT 2026: China Stage 1,https://www.vlr.gg/642923/wolves-esports-vs-edward-gaming-vct-2026-china-stage-1-w1
WOL,Fracture,atk,EDG,0,1,4,elim,2026-04-04 07:30:00,0,VCT 2026: China Stage 1,https://www.vlr.gg/642923/wolves-esports-vs-edward-gaming-vct-2026-china-stage-1-w1
WOL,Fracture,atk,EDG,0,1,5,elim,2026-04-04 07:30:00,0,VCT 2026: China Stage 1,https://www.vlr.gg/642923/wolves-esports-vs-edward-gaming-vct-2026-china-stage-1-w1
WOL,Fracture,atk,EDG,0,1,6,elim,2026-04-04 07:30:00,0,VCT 2026: China Stage 1,https://www.vlr.gg/642923/wolves-esports-vs-edward-gaming-vct-2026-china-stage-1-w1
WOL,Fracture,atk,EDG,1,0,7,elim,2026-04-04 07:30:00,0,VCT 2026: China Stage 1,https://www.vlr.gg/642923/wolves-esports-vs-edward-gaming-vct-2026-china-stage-1-w1
WOL,Fracture,atk,EDG,0,1,8,defus,2026-04-04 07:30:00,0,VCT 2026: China Stage 1,https://www.vlr.gg/642923/wolves-esports-vs-edward-gaming-vct-2026-china-stage-1-w1
WOL,Fracture,atk,EDG,0,1,9,defus,2026-04-04 07:30:00,0,VCT 2026: China Stage 1,https://www.vlr.gg/642923/wolves-esports-vs-edward-gaming-vct-2026-china-stage-1-w1
WOL,Fracture,atk,EDG,0,1,10,elim,2026-04-04 07:30:00,0,VCT 2026: China Stage 1,https://www.vlr.gg/642923/wolves-esports-vs-edward-gaming-vct-2026-china-stage-1-w1
WOL,Fracture,atk,EDG,0,1,11,defus,2026-04-04 07:30:00,0,VCT 2026: China Stage 1,https://www.vlr.gg/642923/wolves-esports-vs-edward-gaming-vct-2026-china-stage-1-w1
WOL,Fracture,atk,EDG,0,1,12,elim,2026-04-04 07:30:00,0,VCT 2026: China Stage 1,https://www.vlr.gg/642923/wolves-esports-vs-edward-gaming-vct-2026-china-stage-1-w1
WOL,Fracture,def,EDG,1,0,13,defus,2026-04-04 07:30:00,0,VCT 2026: China Stage 1,https://www.vlr.gg/642923/wolves-esports-vs-edward-gaming-vct-2026-china-stage-1-w1
WOL,Fracture,def,EDG,1,0,14,elim,2026-04-04 07:30:00,0,VCT 2026: China Stage 1,https://www.vlr.gg/642923/wolves-esports-vs-edward-gaming-vct-2026-china-stage-1-w1
WOL,Fracture,def,EDG,1,0,15,defus,2026-04-04 07:30:00,0,VCT 2026: China Stage 1,https://www.vlr.gg/642923/wolves-esports-vs-edward-gaming-vct-2026-china-stage-1-w1
WOL,Fracture,def,EDG,1,0,16,elim,2026-04-04 07:30:00,0,VCT 2026: China Stage 1,https://www.vlr.gg/642923/wolves-esports-vs-edward-gaming-vct-2026-china-stage-1-w1
WOL,Fracture,def,EDG,0,1,17,elim,2026-04-04 07:30:00,0,VCT 2026: China Stage 1,https://www.vlr.gg/642923/wolves-esports-vs-edward-gaming-vct-2026-china-stage-1-w1
WOL,Fracture,def,EDG,1,0,18,elim,2026-04-04 07:30:00,0,VCT 2026: China Stage 1,https://www.vlr.gg/642923/wolves-esports-vs-edward-gaming-vct-2026-china-stage-1-w1
WOL,Fracture,def,EDG,1,0,19,elim,2026-04-04 07:30:00,0,VCT 2026: China Stage 1,https://www.vlr.gg/642923/wolves-esports-vs-edward-gaming-vct-2026-china-stage-1-w1
WOL,Fracture,def,EDG,1,0,20,elim,2026-04-04 07:30:00,0,VCT 2026: China Stage 1,https://www.vlr.gg/642923/wolves-esports-vs-edward-gaming-vct-2026-china-stage-1-w1
WOL,Fracture,def,EDG,0,1,21,elim,2026-04-04 07:30:00,0,VCT 2026: China Stage 1,https://www.vlr.gg/642923/wolves-esports-vs-edward-gaming-vct-2026-china-stage-1-w1
WOL,Fracture,def,EDG,0,1,22,elim,2026-04-04 07:30:00,0,VCT 2026: China Stage 1,https://www.vlr.gg/642923/wolves-esports-vs-edward-gaming-vct-2026-china-stage-1-w1
WOL,Lotus,atk,EDG,1,0,13,elim,2026-04-04 07:30:00,1,VCT 2026: China Stage 1,https://www.vlr.gg/642923/wolves-esports-vs-edward-gaming-vct-2026-china-stage-1-w1
WOL,Lotus,atk,EDG,1,0,14,elim,2026-04-04 07:30:00,1,VCT 2026: China Stage 1,https://www.vlr.gg/642923/wolves-esports-vs-edward-gaming-vct-2026-china-stage-1-w1
WOL,Lotus,atk,EDG,1,0,15,boom,2026-04-04 07:30:00,1,VCT 2026: China Stage 1,https://www.vlr.gg/642923/wolves-esports-vs-edward-gaming-vct-2026-china-stage-1-w1
WOL,Lotus,atk,EDG,0,1,16,elim,2026-04-04 07:30:00,1,VCT 2026: China Stage 1,https://www.vlr.gg/642923/wolves-esports-vs-edward-gaming-vct-2026-china-stage-1-w1
WOL,Lotus,atk,EDG,0,1,17,defus,2026-04-04 07:30:00,1,VCT 2026: China Stage 1,https://www.vlr.gg/642923/wolves-esports-vs-edward-gaming-vct-2026-china-stage-1-w1
WOL,Lotus,atk,EDG,0,1,18,elim,2026-04-04 07:30:00,1,VCT 2026: China Stage 1,https://www.vlr.gg/642923/wolves-esports-vs-edward-gaming-vct-2026-china-stage-1-w1
WOL,Lotus,atk,EDG,1,0,19,boom,2026-04-04 07:30:00,1,VCT 2026: China Stage 1,https://www.vlr.gg/642923/wolves-esports-vs-edward-gaming-vct-2026-china-stage-1-w1
WOL,Lotus,atk,EDG,0,1,20,elim,2026-04-04 07:30:00,1,VCT 2026: China Stage 1,https://www.vlr.gg/642923/wolves-esports-vs-edward-gaming-vct-2026-china-stage-1-w1
WOL,Lotus,atk,EDG,1,0,21,boom,2026-04-04 07:30:00,1,VCT 2026: China Stage 1,https://www.vlr.gg/642923/wolves-esports-vs-edward-gaming-vct-2026-china-stage-1-w1
WOL,Lotus,atk,EDG,0,1,22,elim,2026-04-04 07:30:00,1,VCT 2026: China Stage 1,https://www.vlr.gg/642923/wolves-esports-vs-edward-gaming-vct-2026-china-stage-1-w1
WOL,Lotus,atk,EDG,0,1,23,elim,2026-04-04 07:30:00,1,VCT 2026: China Stage 1,https://www.vlr.gg/642923/wolves-esports-vs-edward-gaming-vct-2026-china-stage-1-w1
WOL,Lotus,def,EDG,1,0,1,elim,2026-04-04 07:30:00,1,VCT 2026: China Stage 1,https://www.vlr.gg/642923/wolves-esports-vs-edward-gaming-vct-2026-china-stage-1-w1
WOL,Lotus,def,EDG,1,0,2,defus,2026-04-04 07:30:00,1,VCT 2026: China Stage 1,https://www.vlr.gg/642923/wolves-esports-vs-edward-gaming-vct-2026-china-stage-1-w1
WOL,Lotus,def,EDG,0,1,3,elim,2026-04-04 07:30:00,1,VCT 2026: China Stage 1,https://www.vlr.gg/642923/wolves-esports-vs-edward-gaming-vct-2026-china-stage-1-w1
WOL,Lotus,def,EDG,1,0,4,defus,2026-04-04 07:30:00,1,VCT 2026: China Stage 1,https://www.vlr.gg/642923/wolves-esports-vs-edward-gaming-vct-2026-china-stage-1-w1
WOL,Lotus,def,EDG,0,1,5,elim,2026-04-04 07:30:00,1,VCT 2026: China Stage 1,https://www.vlr.gg/642923/wolves-esports-vs-edward-gaming-vct-2026-china-stage-1-w1
WOL,Lotus,def,EDG,0,1,6,elim,2026-04-04 07:30:00,1,VCT 2026: China Stage 1,https://www.vlr.gg/642923/wolves-esports-vs-edward-gaming-vct-2026-china-stage-1-w1
WOL,Lotus,def,EDG,0,1,7,elim,2026-04-04 07:30:00,1,VCT 2026: China Stage 1,https://www.vlr.gg/642923/wolves-esports-vs-edward-gaming-vct-2026-china-stage-1-w1
WOL,Lotus,def,EDG,0,1,8,elim,2026-04-04 07:30:00,1,VCT 2026: China Stage 1,https://www.vlr.gg/642923/wolves-esports-vs-edward-gaming-vct-2026-china-stage-1-w1
WOL,Lotus,def,EDG,0,1,9,elim,2026-04-04 07:30:00,1,VCT 2026: China Stage 1,https://www.vlr.gg/642923/wolves-esports-vs-edward-gaming-vct-2026-china-stage-1-w1
WOL,Lotus,def,EDG,0,1,10,elim,2026-04-04 07:30:00,1,VCT 2026: China Stage 1,https://www.vlr.gg/642923/wolves-esports-vs-edward-gaming-vct-2026-china-stage-1-w1
WOL,Lotus,def,EDG,1,0,11,elim,2026-04-04 07:30:00,1,VCT 2026: China Stage 1,https://www.vlr.gg/642923/wolves-esports-vs-edward-gaming-vct-2026-china-stage-1-w1
WOL,Lotus,def,EDG,1,0,12,defus,2026-04-04 07:30:00,1,VCT 2026: China Stage 1,https://www.vlr.gg/642923/wolves-esports-vs-edward-gaming-vct-2026-china-stage-1-w1
TE,Breeze,atk,XLG,0,1,1,defus,2026-04-05 05:00:00,0,VCT 2026: China Stage 1,https://www.vlr.gg/642924/trace-esports-vs-xi-lai-gaming-vct-2026-china-stage-1-w1
TE,Breeze,atk,XLG,0,1,2,defus,2026-04-05 05:00:00,0,VCT 2026: China Stage 1,https://www.vlr.gg/642924/trace-esports-vs-xi-lai-gaming-vct-2026-china-stage-1-w1
TE,Breeze,atk,XLG,1,0,3,elim,2026-04-05 05:00:00,0,VCT 2026: China Stage 1,https://www.vlr.gg/642924/trace-esports-vs-xi-lai-gaming-vct-2026-china-stage-1-w1
TE,Breeze,atk,XLG,0,1,4,elim,2026-04-05 05:00:00,0,VCT 2026: China Stage 1,https://www.vlr.gg/642924/trace-esports-vs-xi-lai-gaming-vct-2026-china-stage-1-w1
TE,Breeze,atk,XLG,0,1,5,elim,2026-04-05 05:00:00,0,VCT 2026: China Stage 1,https://www.vlr.gg/642924/trace-esports-vs-xi-lai-gaming-vct-2026-china-stage-1-w1
TE,Breeze,atk,XLG,0,1,6,defus,2026-04-05 05:00:00,0,VCT 2026: China Stage 1,https://www.vlr.gg/642924/trace-esports-vs-xi-lai-gaming-vct-2026-china-stage-1-w1
TE,Breeze,atk,XLG,0,1,7,elim,2026-04-05 05:00:00,0,VCT 2026: China Stage 1,https://www.vlr.gg/642924/trace-esports-vs-xi-lai-gaming-vct-2026-china-stage-1-w1
TE,Breeze,atk,XLG,0,1,8,elim,2026-04-05 05:00:00,0,VCT 2026: China Stage 1,https://www.vlr.gg/642924/trace-esports-vs-xi-lai-gaming-vct-2026-china-stage-1-w1
TE,Breeze,atk,XLG,1,0,9,boom,2026-04-05 05:00:00,0,VCT 2026: China Stage 1,https://www.vlr.gg/642924/trace-esports-vs-xi-lai-gaming-vct-2026-china-stage-1-w1
TE,Breeze,atk,XLG,0,1,10,elim,2026-04-05 05:00:00,0,VCT 2026: China Stage 1,https://www.vlr.gg/642924/trace-esports-vs-xi-lai-gaming-vct-2026-china-stage-1-w1
TE,Breeze,atk,XLG,1,0,11,elim,2026-04-05 05:00:00,0,VCT 2026: China Stage 1,https://www.vlr.gg/642924/trace-esports-vs-xi-lai-gaming-vct-2026-china-stage-1-w1
TE,Breeze,atk,XLG,1,0,12,elim,2026-04-05 05:00:00,0,VCT 2026: China Stage 1,https://www.vlr.gg/642924/trace-esports-vs-xi-lai-gaming-vct-2026-china-stage-1-w1
TE,Breeze,def,XLG,1,0,13,defus,2026-04-05 05:00:00,0,VCT 2026: China Stage 1,https://www.vlr.gg/642924/trace-esports-vs-xi-lai-gaming-vct-2026-china-stage-1-w1
TE,Breeze,def,XLG,1,0,14,elim,2026-04-05 05:00:00,0,VCT 2026: China Stage 1,https://www.vlr.gg/642924/trace-esports-vs-xi-lai-gaming-vct-2026-china-stage-1-w1
TE,Breeze,def,XLG,1,0,15,defus,2026-04-05 05:00:00,0,VCT 2026: China Stage 1,https://www.vlr.gg/642924/trace-esports-vs-xi-lai-gaming-vct-2026-china-stage-1-w1
TE,Breeze,def,XLG,1,0,16,elim,2026-04-05 05:00:00,0,VCT 2026: China Stage 1,https://www.vlr.gg/642924/trace-esports-vs-xi-lai-gaming-vct-2026-china-stage-1-w1
TE,Breeze,def,XLG,0,1,17,elim,2026-04-05 05:00:00,0,VCT 2026: China Stage 1,https://www.vlr.gg/642924/trace-esports-vs-xi-lai-gaming-vct-2026-china-stage-1-w1
TE,Breeze,def,XLG,1,0,18,elim,2026-04-05 05:00:00,0,VCT 2026: China Stage 1,https://www.vlr.gg/642924/trace-esports-vs-xi-lai-gaming-vct-2026-china-stage-1-w1
TE,Breeze,def,XLG,1,0,19,defus,2026-04-05 05:00:00,0,VCT 2026: China Stage 1,https://www.vlr.gg/642924/trace-esports-vs-xi-lai-gaming-vct-2026-china-stage-1-w1
TE,Breeze,def,XLG,1,0,20,elim,2026-04-05 05:00:00,0,VCT 2026: China Stage 1,https://www.vlr.gg/642924/trace-esports-vs-xi-lai-gaming-vct-2026-china-stage-1-w1
TE,Breeze,def,XLG,1,0,21,tim,2026-04-05 05:00:00,0,VCT 2026: China Stage 1,https://www.vlr.gg/642924/trace-esports-vs-xi-lai-gaming-vct-2026-china-stage-1-w1
TE,Breeze,def,XLG,1,0,22,elim,2026-04-05 05:00:00,0,VCT 2026: China Stage 1,https://www.vlr.gg/642924/trace-esports-vs-xi-lai-gaming-vct-2026-china-stage-1-w1
TE,Lotus,atk,XLG,1,0,1,elim,2026-04-05 05:00:00,1,VCT 2026: China Stage 1,https://www.vlr.gg/642924/trace-esports-vs-xi-lai-gaming-vct-2026-china-stage-1-w1
TE,Lotus,atk,XLG,1,0,2,elim,2026-04-05 05:00:00,1,VCT 2026: China Stage 1,https://www.vlr.gg/642924/trace-esports-vs-xi-lai-gaming-vct-2026-china-stage-1-w1
TE,Lotus,atk,XLG,0,1,3,elim,2026-04-05 05:00:00,1,VCT 2026: China Stage 1,https://www.vlr.gg/642924/trace-esports-vs-xi-lai-gaming-vct-2026-china-stage-1-w1
TE,Lotus,atk,XLG,1,0,4,elim,2026-04-05 05:00:00,1,VCT 2026: China Stage 1,https://www.vlr.gg/642924/trace-esports-vs-xi-lai-gaming-vct-2026-china-stage-1-w1
TE,Lotus,atk,XLG,0,1,5,elim,2026-04-05 05:00:00,1,VCT 2026: China Stage 1,https://www.vlr.gg/642924/trace-esports-vs-xi-lai-gaming-vct-2026-china-stage-1-w1
TE,Lotus,atk,XLG,0,1,6,tim,2026-04-05 05:00:00,1,VCT 2026: China Stage 1,https://www.vlr.gg/642924/trace-esports-vs-xi-lai-gaming-vct-2026-china-stage-1-w1
TE,Lotus,atk,XLG,0,1,7,elim,2026-04-05 05:00:00,1,VCT 2026: China Stage 1,https://www.vlr.gg/642924/trace-esports-vs-xi-lai-gaming-vct-2026-china-stage-1-w1
TE,Lotus,atk,XLG,1,0,8,elim,2026-04-05 05:00:00,1,VCT 2026: China Stage 1,https://www.vlr.gg/642924/trace-esports-vs-xi-lai-gaming-vct-2026-china-stage-1-w1
TE,Lotus,atk,XLG,0,1,9,defus,2026-04-05 05:00:00,1,VCT 2026: China Stage 1,https://www.vlr.gg/642924/trace-esports-vs-xi-lai-gaming-vct-2026-china-stage-1-w1
TE,Lotus,atk,XLG,0,1,10,elim,2026-04-05 05:00:00,1,VCT 2026: China Stage 1,https://www.vlr.gg/642924/trace-esports-vs-xi-lai-gaming-vct-2026-china-stage-1-w1
TE,Lotus,atk,XLG,1,0,11,elim,2026-04-05 05:00:00,1,VCT 2026: China Stage 1,https://www.vlr.gg/642924/trace-esports-vs-xi-lai-gaming-vct-2026-china-stage-1-w1
TE,Lotus,atk,XLG,1,0,12,elim,2026-04-05 05:00:00,1,VCT 2026: China Stage 1,https://www.vlr.gg/642924/trace-esports-vs-xi-lai-gaming-vct-2026-china-stage-1-w1
TE,Lotus,def,XLG,1,0,13,defus,2026-04-05 05:00:00,1,VCT 2026: China Stage 1,https://www.vlr.gg/642924/trace-esports-vs-xi-lai-gaming-vct-2026-china-stage-1-w1
TE,Lotus,def,XLG,0,1,14,elim,2026-04-05 05:00:00,1,VCT 2026: China Stage 1,https://www.vlr.gg/642924/trace-esports-vs-xi-lai-gaming-vct-2026-china-stage-1-w1
TE,Lotus,def,XLG,0,1,15,elim,2026-04-05 05:00:00,1,VCT 2026: China Stage 1,https://www.vlr.gg/642924/trace-esports-vs-xi-lai-gaming-vct-2026-china-stage-1-w1
TE,Lotus,def,XLG,0,1,16,boom,2026-04-05 05:00:00,1,VCT 2026: China Stage 1,https://www.vlr.gg/642924/trace-esports-vs-xi-lai-gaming-vct-2026-china-stage-1-w1
TE,Lotus,def,XLG,0,1,17,boom,2026-04-05 05:00:00,1,VCT 2026: China Stage 1,https://www.vlr.gg/642924/trace-esports-vs-xi-lai-gaming-vct-2026-china-stage-1-w1
TE,Lotus,def,XLG,0,1,18,elim,2026-04-05 05:00:00,1,VCT 2026: China Stage 1,https://www.vlr.gg/642924/trace-esports-vs-xi-lai-gaming-vct-2026-china-stage-1-w1
TE,Lotus,def,XLG,0,1,19,elim,2026-04-05 05:00:00,1,VCT 2026: China Stage 1,https://www.vlr.gg/642924/trace-esports-vs-xi-lai-gaming-vct-2026-china-stage-1-w1
TE,Lotus,def,XLG,0,1,20,elim,2026-04-05 05:00:00,1,VCT 2026: China Stage 1,https://www.vlr.gg/642924/trace-esports-vs-xi-lai-gaming-vct-2026-china-stage-1-w1
TE,Bind,atk,XLG,1,0,1,elim,2026-04-05 05:00:00,2,VCT 2026: China Stage 1,https://www.vlr.gg/642924/trace-esports-vs-xi-lai-gaming-vct-2026-china-stage-1-w1
TE,Bind,atk,XLG,1,0,2,boom,2026-04-05 05:00:00,2,VCT 2026: China Stage 1,https://www.vlr.gg/642924/trace-esports-vs-xi-lai-gaming-vct-2026-china-stage-1-w1
TE,Bind,atk,XLG,0,1,3,defus,2026-04-05 05:00:00,2,VCT 2026: China Stage 1,https://www.vlr.gg/642924/trace-esports-vs-xi-lai-gaming-vct-2026-china-stage-1-w1
TE,Bind,atk,XLG,1,0,4,boom,2026-04-05 05:00:00,2,VCT 2026: China Stage 1,https://www.vlr.gg/642924/trace-esports-vs-xi-lai-gaming-vct-2026-china-stage-1-w1
TE,Bind,atk,XLG,1,0,5,elim,2026-04-05 05:00:00,2,VCT 2026: China Stage 1,https://www.vlr.gg/642924/trace-esports-vs-xi-lai-gaming-vct-2026-china-stage-1-w1
TE,Bind,atk,XLG,0,1,6,defus,2026-04-05 05:00:00,2,VCT 2026: China Stage 1,https://www.vlr.gg/642924/trace-esports-vs-xi-lai-gaming-vct-2026-china-stage-1-w1
TE,Bind,atk,XLG,1,0,7,elim,2026-04-05 05:00:00,2,VCT 2026: China Stage 1,https://www.vlr.gg/642924/trace-esports-vs-xi-lai-gaming-vct-2026-china-stage-1-w1
TE,Bind,atk,XLG,1,0,8,elim,2026-04-05 05:00:00,2,VCT 2026: China Stage 1,https://www.vlr.gg/642924/trace-esports-vs-xi-lai-gaming-vct-2026-china-stage-1-w1
TE,Bind,atk,XLG,1,0,9,elim,2026-04-05 05:00:00,2,VCT 2026: China Stage 1,https://www.vlr.gg/642924/trace-esports-vs-xi-lai-gaming-vct-2026-china-stage-1-w1
TE,Bind,atk,XLG,1,0,10,elim,2026-04-05 05:00:00,2,VCT 2026: China Stage 1,https://www.vlr.gg/642924/trace-esports-vs-xi-lai-gaming-vct-2026-china-stage-1-w1
TE,Bind,atk,XLG,0,1,11,defus,2026-04-05 05:00:00,2,VCT 2026: China Stage 1,https://www.vlr.gg/642924/trace-esports-vs-xi-lai-gaming-vct-2026-china-stage-1-w1
TE,Bind,atk,XLG,1,0,12,elim,2026-04-05 05:00:00,2,VCT 2026: China Stage 1,https://www.vlr.gg/642924/trace-esports-vs-xi-lai-gaming-vct-2026-china-stage-1-w1
TE,Bind,def,XLG,0,1,13,elim,2026-04-05 05:00:00,2,VCT 2026: China Stage 1,https://www.vlr.gg/642924/trace-esports-vs-xi-lai-gaming-vct-2026-china-stage-1-w1
TE,Bind,def,XLG,0,1,14,elim,2026-04-05 05:00:00,2,VCT 2026: China Stage 1,https://www.vlr.gg/642924/trace-esports-vs-xi-lai-gaming-vct-2026-china-stage-1-w1
TE,Bind,def,XLG,0,1,15,elim,2026-04-05 05:00:00,2,VCT 2026: China Stage 1,https://www.vlr.gg/642924/trace-esports-vs-xi-lai-gaming-vct-2026-china-stage-1-w1
TE,Bind,def,XLG,0,1,16,boom,2026-04-05 05:00:00,2,VCT 2026: China Stage 1,https://www.vlr.gg/642924/trace-esports-vs-xi-lai-gaming-vct-2026-china-stage-1-w1
TE,Bind,def,XLG,0,1,17,boom,2026-04-05 05:00:00,2,VCT 2026: China Stage 1,https://www.vlr.gg/642924/trace-esports-vs-xi-lai-gaming-vct-2026-china-stage-1-w1
TE,Bind,def,XLG,0,1,18,elim,2026-04-05 05:00:00,2,VCT 2026: China Stage 1,https://www.vlr.gg/642924/trace-esports-vs-xi-lai-gaming-vct-2026-china-stage-1-w1
TE,Bind,def,XLG,0,1,19,boom,2026-04-05 05:00:00,2,VCT 2026: China Stage 1,https://www.vlr.gg/642924/trace-esports-vs-xi-lai-gaming-vct-2026-china-stage-1-w1
TE,Bind,def,XLG,0,1,20,elim,2026-04-05 05:00:00,2,VCT 2026: China Stage 1,https://www.vlr.gg/642924/trace-esports-vs-xi-lai-gaming-vct-2026-china-stage-1-w1
TE,Bind,def,XLG,0,1,21,elim,2026-04-05 05:00:00,2,VCT 2026: China Stage 1,https://www.vlr.gg/642924/trace-esports-vs-xi-lai-gaming-vct-2026-china-stage-1-w1
TE,Bind,def,XLG,1,0,22,elim,2026-04-05 05:00:00,2,VCT 2026: China Stage 1,https://www.vlr.gg/642924/trace-esports-vs-xi-lai-gaming-vct-2026-china-stage-1-w1
TE,Bind,def,XLG,0,1,23,elim,2026-04-05 05:00:00,2,VCT 2026: China Stage 1,https://www.vlr.gg/642924/trace-esports-vs-xi-lai-gaming-vct-2026-china-stage-1-w1
BLG,Haven,atk,JDG,1,0,1,elim,2026-04-05 08:25:00,0,VCT 2026: China Stage 1,https://www.vlr.gg/642925/bilibili-gaming-vs-jdg-esports-vct-2026-china-stage-1-w1
BLG,Haven,atk,JDG,1,0,2,elim,2026-04-05 08:25:00,0,VCT 2026: China Stage 1,https://www.vlr.gg/642925/bilibili-gaming-vs-jdg-esports-vct-2026-china-stage-1-w1
BLG,Haven,atk,JDG,0,1,3,defus,2026-04-05 08:25:00,0,VCT 2026: China Stage 1,https://www.vlr.gg/642925/bilibili-gaming-vs-jdg-esports-vct-2026-china-stage-1-w1
BLG,Haven,atk,JDG,1,0,4,elim,2026-04-05 08:25:00,0,VCT 2026: China Stage 1,https://www.vlr.gg/642925/bilibili-gaming-vs-jdg-esports-vct-2026-china-stage-1-w1
BLG,Haven,atk,JDG,1,0,5,elim,2026-04-05 08:25:00,0,VCT 2026: China Stage 1,https://www.vlr.gg/642925/bilibili-gaming-vs-jdg-esports-vct-2026-china-stage-1-w1
BLG,Haven,atk,JDG,1,0,6,elim,2026-04-05 08:25:00,0,VCT 2026: China Stage 1,https://www.vlr.gg/642925/bilibili-gaming-vs-jdg-esports-vct-2026-china-stage-1-w1
BLG,Haven,atk,JDG,1,0,7,elim,2026-04-05 08:25:00,0,VCT 2026: China Stage 1,https://www.vlr.gg/642925/bilibili-gaming-vs-jdg-esports-vct-2026-china-stage-1-w1
BLG,Haven,atk,JDG,0,1,8,elim,2026-04-05 08:25:00,0,VCT 2026: China Stage 1,https://www.vlr.gg/642925/bilibili-gaming-vs-jdg-esports-vct-2026-china-stage-1-w1
BLG,Haven,atk,JDG,0,1,9,defus,2026-04-05 08:25:00,0,VCT 2026: China Stage 1,https://www.vlr.gg/642925/bilibili-gaming-vs-jdg-esports-vct-2026-china-stage-1-w1
BLG,Haven,atk,JDG,0,1,10,elim,2026-04-05 08:25:00,0,VCT 2026: China Stage 1,https://www.vlr.gg/642925/bilibili-gaming-vs-jdg-esports-vct-2026-china-stage-1-w1
BLG,Haven,atk,JDG,1,0,11,elim,2026-04-05 08:25:00,0,VCT 2026: China Stage 1,https://www.vlr.gg/642925/bilibili-gaming-vs-jdg-esports-vct-2026-china-stage-1-w1
BLG,Haven,atk,JDG,1,0,12,elim,2026-04-05 08:25:00,0,VCT 2026: China Stage 1,https://www.vlr.gg/642925/bilibili-gaming-vs-jdg-esports-vct-2026-china-stage-1-w1
BLG,Haven,def,JDG,1,0,13,defus,2026-04-05 08:25:00,0,VCT 2026: China Stage 1,https://www.vlr.gg/642925/bilibili-gaming-vs-jdg-esports-vct-2026-china-stage-1-w1
BLG,Haven,def,JDG,1,0,14,defus,2026-04-05 08:25:00,0,VCT 2026: China Stage 1,https://www.vlr.gg/642925/bilibili-gaming-vs-jdg-esports-vct-2026-china-stage-1-w1
BLG,Haven,def,JDG,1,0,15,defus,2026-04-05 08:25:00,0,VCT 2026: China Stage 1,https://www.vlr.gg/642925/bilibili-gaming-vs-jdg-esports-vct-2026-china-stage-1-w1
BLG,Haven,def,JDG,1,0,16,elim,2026-04-05 08:25:00,0,VCT 2026: China Stage 1,https://www.vlr.gg/642925/bilibili-gaming-vs-jdg-esports-vct-2026-china-stage-1-w1
BLG,Haven,def,JDG,1,0,17,defus,2026-04-05 08:25:00,0,VCT 2026: China Stage 1,https://www.vlr.gg/642925/bilibili-gaming-vs-jdg-esports-vct-2026-china-stage-1-w1
BLG,Fracture,atk,JDG,1,0,13,elim,2026-04-05 08:25:00,1,VCT 2026: China Stage 1,https://www.vlr.gg/642925/bilibili-gaming-vs-jdg-esports-vct-2026-china-stage-1-w1
BLG,Fracture,atk,JDG,1,0,14,elim,2026-04-05 08:25:00,1,VCT 2026: China Stage 1,https://www.vlr.gg/642925/bilibili-gaming-vs-jdg-esports-vct-2026-china-stage-1-w1
BLG,Fracture,atk,JDG,0,1,15,elim,2026-04-05 08:25:00,1,VCT 2026: China Stage 1,https://www.vlr.gg/642925/bilibili-gaming-vs-jdg-esports-vct-2026-china-stage-1-w1
BLG,Fracture,atk,JDG,0,1,16,defus,2026-04-05 08:25:00,1,VCT 2026: China Stage 1,https://www.vlr.gg/642925/bilibili-gaming-vs-jdg-esports-vct-2026-china-stage-1-w1
BLG,Fracture,atk,JDG,1,0,17,elim,2026-04-05 08:25:00,1,VCT 2026: China Stage 1,https://www.vlr.gg/642925/bilibili-gaming-vs-jdg-esports-vct-2026-china-stage-1-w1
BLG,Fracture,atk,JDG,1,0,18,elim,2026-04-05 08:25:00,1,VCT 2026: China Stage 1,https://www.vlr.gg/642925/bilibili-gaming-vs-jdg-esports-vct-2026-china-stage-1-w1
BLG,Fracture,atk,JDG,1,0,19,elim,2026-04-05 08:25:00,1,VCT 2026: China Stage 1,https://www.vlr.gg/642925/bilibili-gaming-vs-jdg-esports-vct-2026-china-stage-1-w1
BLG,Fracture,def,JDG,1,0,1,defus,2026-04-05 08:25:00,1,VCT 2026: China Stage 1,https://www.vlr.gg/642925/bilibili-gaming-vs-jdg-esports-vct-2026-china-stage-1-w1
BLG,Fracture,def,JDG,1,0,2,elim,2026-04-05 08:25:00,1,VCT 2026: China Stage 1,https://www.vlr.gg/642925/bilibili-gaming-vs-jdg-esports-vct-2026-china-stage-1-w1
BLG,Fracture,def,JDG,1,0,3,defus,2026-04-05 08:25:00,1,VCT 2026: China Stage 1,https://www.vlr.gg/642925/bilibili-gaming-vs-jdg-esports-vct-2026-china-stage-1-w1
BLG,Fracture,def,JDG,1,0,4,elim,2026-04-05 08:25:00,1,VCT 2026: China Stage 1,https://www.vlr.gg/642925/bilibili-gaming-vs-jdg-esports-vct-2026-china-stage-1-w1
BLG,Fracture,def,JDG,0,1,5,elim,2026-04-05 08:25:00,1,VCT 2026: China Stage 1,https://www.vlr.gg/642925/bilibili-gaming-vs-jdg-esports-vct-2026-china-stage-1-w1
BLG,Fracture,def,JDG,0,1,6,elim,2026-04-05 08:25:00,1,VCT 2026: China Stage 1,https://www.vlr.gg/642925/bilibili-gaming-vs-jdg-esports-vct-2026-china-stage-1-w1
BLG,Fracture,def,JDG,0,1,7,elim,2026-04-05 08:25:00,1,VCT 2026: China Stage 1,https://www.vlr.gg/642925/bilibili-gaming-vs-jdg-esports-vct-2026-china-stage-1-w1
BLG,Fracture,def,JDG,0,1,8,elim,2026-04-05 08:25:00,1,VCT 2026: China Stage 1,https://www.vlr.gg/642925/bilibili-gaming-vs-jdg-esports-vct-2026-china-stage-1-w1
BLG,Fracture,def,JDG,1,0,9,elim,2026-04-05 08:25:00,1,VCT 2026: China Stage 1,https://www.vlr.gg/642925/bilibili-gaming-vs-jdg-esports-vct-2026-china-stage-1-w1
BLG,Fracture,def,JDG,1,0,10,elim,2026-04-05 08:25:00,1,VCT 2026: China Stage 1,https://www.vlr.gg/642925/bilibili-gaming-vs-jdg-esports-vct-2026-china-stage-1-w1
BLG,Fracture,def,JDG,1,0,11,defus,2026-04-05 08:25:00,1,VCT 2026: China Stage 1,https://www.vlr.gg/642925/bilibili-gaming-vs-jdg-esports-vct-2026-china-stage-1-w1
BLG,Fracture,def,JDG,1,0,12,elim,2026-04-05 08:25:00,1,VCT 2026: China Stage 1,https://www.vlr.gg/642925/bilibili-gaming-vs-jdg-esports-vct-2026-china-stage-1-w1
TEC,Fracture,atk,BLG,1,0,1,elim,2026-04-07 08:30:00,0,VCT 2026: China Stage 1,https://www.vlr.gg/642928/titan-esports-club-vs-bilibili-gaming-vct-2026-china-stage-1-w2
TEC,Fracture,atk,BLG,1,0,2,elim,2026-04-07 08:30:00,0,VCT 2026: China Stage 1,https://www.vlr.gg/642928/titan-esports-club-vs-bilibili-gaming-vct-2026-china-stage-1-w2
TEC,Fracture,atk,BLG,1,0,3,elim,2026-04-07 08:30:00,0,VCT 2026: China Stage 1,https://www.vlr.gg/642928/titan-esports-club-vs-bilibili-gaming-vct-2026-china-stage-1-w2
TEC,Fracture,atk,BLG,1,0,4,elim,2026-04-07 08:30:00,0,VCT 2026: China Stage 1,https://www.vlr.gg/642928/titan-esports-club-vs-bilibili-gaming-vct-2026-china-stage-1-w2
TEC,Fracture,atk,BLG,1,0,5,elim,2026-04-07 08:30:00,0,VCT 2026: China Stage 1,https://www.vlr.gg/642928/titan-esports-club-vs-bilibili-gaming-vct-2026-china-stage-1-w2
TEC,Fracture,atk,BLG,1,0,6,elim,2026-04-07 08:30:00,0,VCT 2026: China Stage 1,https://www.vlr.gg/642928/titan-esports-club-vs-bilibili-gaming-vct-2026-china-stage-1-w2
TEC,Fracture,atk,BLG,0,1,7,elim,2026-04-07 08:30:00,0,VCT 2026: China Stage 1,https://www.vlr.gg/642928/titan-esports-club-vs-bilibili-gaming-vct-2026-china-stage-1-w2
TEC,Fracture,atk,BLG,1,0,8,elim,2026-04-07 08:30:00,0,VCT 2026: China Stage 1,https://www.vlr.gg/642928/titan-esports-club-vs-bilibili-gaming-vct-2026-china-stage-1-w2
TEC,Fracture,atk,BLG,1,0,9,elim,2026-04-07 08:30:00,0,VCT 2026: China Stage 1,https://www.vlr.gg/642928/titan-esports-club-vs-bilibili-gaming-vct-2026-china-stage-1-w2
TEC,Fracture,atk,BLG,1,0,10,elim,2026-04-07 08:30:00,0,VCT 2026: China Stage 1,https://www.vlr.gg/642928/titan-esports-club-vs-bilibili-gaming-vct-2026-china-stage-1-w2
TEC,Fracture,atk,BLG,0,1,11,elim,2026-04-07 08:30:00,0,VCT 2026: China Stage 1,https://www.vlr.gg/642928/titan-esports-club-vs-bilibili-gaming-vct-2026-china-stage-1-w2
TEC,Fracture,atk,BLG,0,1,12,elim,2026-04-07 08:30:00,0,VCT 2026: China Stage 1,https://www.vlr.gg/642928/titan-esports-club-vs-bilibili-gaming-vct-2026-china-stage-1-w2
TEC,Fracture,def,BLG,0,1,13,elim,2026-04-07 08:30:00,0,VCT 2026: China Stage 1,https://www.vlr.gg/642928/titan-esports-club-vs-bilibili-gaming-vct-2026-china-stage-1-w2
TEC,Fracture,def,BLG,0,1,14,boom,2026-04-07 08:30:00,0,VCT 2026: China Stage 1,https://www.vlr.gg/642928/titan-esports-club-vs-bilibili-gaming-vct-2026-china-stage-1-w2
TEC,Fracture,def,BLG,1,0,15,elim,2026-04-07 08:30:00,0,VCT 2026: China Stage 1,https://www.vlr.gg/642928/titan-esports-club-vs-bilibili-gaming-vct-2026-china-stage-1-w2
TEC,Fracture,def,BLG,1,0,16,elim,2026-04-07 08:30:00,0,VCT 2026: China Stage 1,https://www.vlr.gg/642928/titan-esports-club-vs-bilibili-gaming-vct-2026-china-stage-1-w2
TEC,Fracture,def,BLG,0,1,17,elim,2026-04-07 08:30:00,0,VCT 2026: China Stage 1,https://www.vlr.gg/642928/titan-esports-club-vs-bilibili-gaming-vct-2026-china-stage-1-w2
TEC,Fracture,def,BLG,0,1,18,elim,2026-04-07 08:30:00,0,VCT 2026: China Stage 1,https://www.vlr.gg/642928/titan-esports-club-vs-bilibili-gaming-vct-2026-china-stage-1-w2
TEC,Fracture,def,BLG,1,0,19,elim,2026-04-07 08:30:00,0,VCT 2026: China Stage 1,https://www.vlr.gg/642928/titan-esports-club-vs-bilibili-gaming-vct-2026-china-stage-1-w2
TEC,Fracture,def,BLG,0,1,20,elim,2026-04-07 08:30:00,0,VCT 2026: China Stage 1,https://www.vlr.gg/642928/titan-esports-club-vs-bilibili-gaming-vct-2026-china-stage-1-w2
TEC,Fracture,def,BLG,0,1,21,elim,2026-04-07 08:30:00,0,VCT 2026: China Stage 1,https://www.vlr.gg/642928/titan-esports-club-vs-bilibili-gaming-vct-2026-china-stage-1-w2
TEC,Fracture,def,BLG,0,1,22,elim,2026-04-07 08:30:00,0,VCT 2026: China Stage 1,https://www.vlr.gg/642928/titan-esports-club-vs-bilibili-gaming-vct-2026-china-stage-1-w2
TEC,Fracture,def,BLG,1,0,23,defus,2026-04-07 08:30:00,0,VCT 2026: China Stage 1,https://www.vlr.gg/642928/titan-esports-club-vs-bilibili-gaming-vct-2026-china-stage-1-w2
TEC,Breeze,atk,BLG,1,0,13,elim,2026-04-07 08:30:00,1,VCT 2026: China Stage 1,https://www.vlr.gg/642928/titan-esports-club-vs-bilibili-gaming-vct-2026-china-stage-1-w2
TEC,Breeze,atk,BLG,1,0,14,elim,2026-04-07 08:30:00,1,VCT 2026: China Stage 1,https://www.vlr.gg/642928/titan-esports-club-vs-bilibili-gaming-vct-2026-china-stage-1-w2
TEC,Breeze,atk,BLG,0,1,15,elim,2026-04-07 08:30:00,1,VCT 2026: China Stage 1,https://www.vlr.gg/642928/titan-esports-club-vs-bilibili-gaming-vct-2026-china-stage-1-w2
TEC,Breeze,atk,BLG,1,0,16,elim,2026-04-07 08:30:00,1,VCT 2026: China Stage 1,https://www.vlr.gg/642928/titan-esports-club-vs-bilibili-gaming-vct-2026-china-stage-1-w2
TEC,Breeze,atk,BLG,0,1,17,elim,2026-04-07 08:30:00,1,VCT 2026: China Stage 1,https://www.vlr.gg/642928/titan-esports-club-vs-bilibili-gaming-vct-2026-china-stage-1-w2
TEC,Breeze,atk,BLG,0,1,18,elim,2026-04-07 08:30:00,1,VCT 2026: China Stage 1,https://www.vlr.gg/642928/titan-esports-club-vs-bilibili-gaming-vct-2026-china-stage-1-w2
TEC,Breeze,atk,BLG,0,1,19,elim,2026-04-07 08:30:00,1,VCT 2026: China Stage 1,https://www.vlr.gg/642928/titan-esports-club-vs-bilibili-gaming-vct-2026-china-stage-1-w2
TEC,Breeze,atk,BLG,0,1,20,tim,2026-04-07 08:30:00,1,VCT 2026: China Stage 1,https://www.vlr.gg/642928/titan-esports-club-vs-bilibili-gaming-vct-2026-china-stage-1-w2
TEC,Breeze,atk,BLG,0,1,21,tim,2026-04-07 08:30:00,1,VCT 2026: China Stage 1,https://www.vlr.gg/642928/titan-esports-club-vs-bilibili-gaming-vct-2026-china-stage-1-w2
TEC,Breeze,atk,BLG,0,1,22,defus,2026-04-07 08:30:00,1,VCT 2026: China Stage 1,https://www.vlr.gg/642928/titan-esports-club-vs-bilibili-gaming-vct-2026-china-stage-1-w2
TEC,Breeze,atk,BLG,1,0,23,elim,2026-04-07 08:30:00,1,VCT 2026: China Stage 1,https://www.vlr.gg/642928/titan-esports-club-vs-bilibili-gaming-vct-2026-china-stage-1-w2
TEC,Breeze,atk,BLG,1,0,24,elim,2026-04-07 08:30:00,1,VCT 2026: China Stage 1,https://www.vlr.gg/642928/titan-esports-club-vs-bilibili-gaming-vct-2026-china-stage-1-w2
TEC,Breeze,atk,BLG,1,0,26,elim,2026-04-07 08:30:00,1,VCT 2026: China Stage 1,https://www.vlr.gg/642928/titan-esports-club-vs-bilibili-gaming-vct-2026-china-stage-1-w2
TEC,Breeze,atk,BLG,1,0,28,elim,2026-04-07 08:30:00,1,VCT 2026: China Stage 1,https://www.vlr.gg/642928/titan-esports-club-vs-bilibili-gaming-vct-2026-china-stage-1-w2
TEC,Breeze,def,BLG,1,0,1,defus,2026-04-07 08:30:00,1,VCT 2026: China Stage 1,https://www.vlr.gg/642928/titan-esports-club-vs-bilibili-gaming-vct-2026-china-stage-1-w2
TEC,Breeze,def,BLG,1,0,2,elim,2026-04-07 08:30:00,1,VCT 2026: China Stage 1,https://www.vlr.gg/642928/titan-esports-club-vs-bilibili-gaming-vct-2026-china-stage-1-w2
TEC,Breeze,def,BLG,0,1,3,elim,2026-04-07 08:30:00,1,VCT 2026: China Stage 1,https://www.vlr.gg/642928/titan-esports-club-vs-bilibili-gaming-vct-2026-china-stage-1-w2
TEC,Breeze,def,BLG,0,1,4,elim,2026-04-07 08:30:00,1,VCT 2026: China Stage 1,https://www.vlr.gg/642928/titan-esports-club-vs-bilibili-gaming-vct-2026-china-stage-1-w2
TEC,Breeze,def,BLG,0,1,5,elim,2026-04-07 08:30:00,1,VCT 2026: China Stage 1,https://www.vlr.gg/642928/titan-esports-club-vs-bilibili-gaming-vct-2026-china-stage-1-w2
TEC,Breeze,def,BLG,1,0,6,defus,2026-04-07 08:30:00,1,VCT 2026: China Stage 1,https://www.vlr.gg/642928/titan-esports-club-vs-bilibili-gaming-vct-2026-china-stage-1-w2
TEC,Breeze,def,BLG,0,1,7,boom,2026-04-07 08:30:00,1,VCT 2026: China Stage 1,https://www.vlr.gg/642928/titan-esports-club-vs-bilibili-gaming-vct-2026-china-stage-1-w2
TEC,Breeze,def,BLG,1,0,8,tim,2026-04-07 08:30:00,1,VCT 2026: China Stage 1,https://www.vlr.gg/642928/titan-esports-club-vs-bilibili-gaming-vct-2026-china-stage-1-w2
TEC,Breeze,def,BLG,1,0,9,elim,2026-04-07 08:30:00,1,VCT 2026: China Stage 1,https://www.vlr.gg/642928/titan-esports-club-vs-bilibili-gaming-vct-2026-china-stage-1-w2
TEC,Breeze,def,BLG,1,0,10,defus,2026-04-07 08:30:00,1,VCT 2026: China Stage 1,https://www.vlr.gg/642928/titan-esports-club-vs-bilibili-gaming-vct-2026-china-stage-1-w2
TEC,Breeze,def,BLG,1,0,11,defus,2026-04-07 08:30:00,1,VCT 2026: China Stage 1,https://www.vlr.gg/642928/titan-esports-club-vs-bilibili-gaming-vct-2026-china-stage-1-w2
TEC,Breeze,def,BLG,0,1,12,elim,2026-04-07 08:30:00,1,VCT 2026: China Stage 1,https://www.vlr.gg/642928/titan-esports-club-vs-bilibili-gaming-vct-2026-china-stage-1-w2
TEC,Breeze,def,BLG,0,1,25,elim,2026-04-07 08:30:00,1,VCT 2026: China Stage 1,https://www.vlr.gg/642928/titan-esports-club-vs-bilibili-gaming-vct-2026-china-stage-1-w2
TEC,Breeze,def,BLG,1,0,27,defus,2026-04-07 08:30:00,1,VCT 2026: China Stage 1,https://www.vlr.gg/642928/titan-esports-club-vs-bilibili-gaming-vct-2026-china-stage-1-w2
XLG,Haven,atk,NOVA,1,0,1,elim,2026-04-08 05:00:00,0,VCT 2026: China Stage 1,https://www.vlr.gg/642929/xi-lai-gaming-vs-nova-esports-vct-2026-china-stage-1-w2
XLG,Haven,atk,NOVA,1,0,2,boom,2026-04-08 05:00:00,0,VCT 2026: China Stage 1,https://www.vlr.gg/642929/xi-lai-gaming-vs-nova-esports-vct-2026-china-stage-1-w2
XLG,Haven,atk,NOVA,1,0,3,elim,2026-04-08 05:00:00,0,VCT 2026: China Stage 1,https://www.vlr.gg/642929/xi-lai-gaming-vs-nova-esports-vct-2026-china-stage-1-w2
XLG,Haven,atk,NOVA,1,0,4,elim,2026-04-08 05:00:00,0,VCT 2026: China Stage 1,https://www.vlr.gg/642929/xi-lai-gaming-vs-nova-esports-vct-2026-china-stage-1-w2
XLG,Haven,atk,NOVA,0,1,5,defus,2026-04-08 05:00:00,0,VCT 2026: China Stage 1,https://www.vlr.gg/642929/xi-lai-gaming-vs-nova-esports-vct-2026-china-stage-1-w2
XLG,Haven,atk,NOVA,0,1,6,defus,2026-04-08 05:00:00,0,VCT 2026: China Stage 1,https://www.vlr.gg/642929/xi-lai-gaming-vs-nova-esports-vct-2026-china-stage-1-w2
XLG,Haven,atk,NOVA,1,0,7,boom,2026-04-08 05:00:00,0,VCT 2026: China Stage 1,https://www.vlr.gg/642929/xi-lai-gaming-vs-nova-esports-vct-2026-china-stage-1-w2
XLG,Haven,atk,NOVA,0,1,8,defus,2026-04-08 05:00:00,0,VCT 2026: China Stage 1,https://www.vlr.gg/642929/xi-lai-gaming-vs-nova-esports-vct-2026-china-stage-1-w2
XLG,Haven,atk,NOVA,1,0,9,elim,2026-04-08 05:00:00,0,VCT 2026: China Stage 1,https://www.vlr.gg/642929/xi-lai-gaming-vs-nova-esports-vct-2026-china-stage-1-w2
XLG,Haven,atk,NOVA,1,0,10,boom,2026-04-08 05:00:00,0,VCT 2026: China Stage 1,https://www.vlr.gg/642929/xi-lai-gaming-vs-nova-esports-vct-2026-china-stage-1-w2
XLG,Haven,atk,NOVA,1,0,11,elim,2026-04-08 05:00:00,0,VCT 2026: China Stage 1,https://www.vlr.gg/642929/xi-lai-gaming-vs-nova-esports-vct-2026-china-stage-1-w2
XLG,Haven,atk,NOVA,0,1,12,defus,2026-04-08 05:00:00,0,VCT 2026: China Stage 1,https://www.vlr.gg/642929/xi-lai-gaming-vs-nova-esports-vct-2026-china-stage-1-w2
XLG,Haven,def,NOVA,1,0,13,elim,2026-04-08 05:00:00,0,VCT 2026: China Stage 1,https://www.vlr.gg/642929/xi-lai-gaming-vs-nova-esports-vct-2026-china-stage-1-w2
XLG,Haven,def,NOVA,1,0,14,elim,2026-04-08 05:00:00,0,VCT 2026: China Stage 1,https://www.vlr.gg/642929/xi-lai-gaming-vs-nova-esports-vct-2026-china-stage-1-w2
XLG,Haven,def,NOVA,1,0,15,elim,2026-04-08 05:00:00,0,VCT 2026: China Stage 1,https://www.vlr.gg/642929/xi-lai-gaming-vs-nova-esports-vct-2026-china-stage-1-w2
XLG,Haven,def,NOVA,1,0,16,elim,2026-04-08 05:00:00,0,VCT 2026: China Stage 1,https://www.vlr.gg/642929/xi-lai-gaming-vs-nova-esports-vct-2026-china-stage-1-w2
XLG,Haven,def,NOVA,0,1,17,elim,2026-04-08 05:00:00,0,VCT 2026: China Stage 1,https://www.vlr.gg/642929/xi-lai-gaming-vs-nova-esports-vct-2026-china-stage-1-w2
XLG,Haven,def,NOVA,0,1,18,elim,2026-04-08 05:00:00,0,VCT 2026: China Stage 1,https://www.vlr.gg/642929/xi-lai-gaming-vs-nova-esports-vct-2026-china-stage-1-w2
XLG,Haven,def,NOVA,0,1,19,elim,2026-04-08 05:00:00,0,VCT 2026: China Stage 1,https://www.vlr.gg/642929/xi-lai-gaming-vs-nova-esports-vct-2026-china-stage-1-w2
XLG,Haven,def,NOVA,0,1,20,elim,2026-04-08 05:00:00,0,VCT 2026: China Stage 1,https://www.vlr.gg/642929/xi-lai-gaming-vs-nova-esports-vct-2026-china-stage-1-w2
XLG,Haven,def,NOVA,1,0,21,elim,2026-04-08 05:00:00,0,VCT 2026: China Stage 1,https://www.vlr.gg/642929/xi-lai-gaming-vs-nova-esports-vct-2026-china-stage-1-w2
XLG,Bind,atk,NOVA,0,1,13,defus,2026-04-08 05:00:00,1,VCT 2026: China Stage 1,https://www.vlr.gg/642929/xi-lai-gaming-vs-nova-esports-vct-2026-china-stage-1-w2
XLG,Bind,atk,NOVA,0,1,14,elim,2026-04-08 05:00:00,1,VCT 2026: China Stage 1,https://www.vlr.gg/642929/xi-lai-gaming-vs-nova-esports-vct-2026-china-stage-1-w2
XLG,Bind,atk,NOVA,0,1,15,elim,2026-04-08 05:00:00,1,VCT 2026: China Stage 1,https://www.vlr.gg/642929/xi-lai-gaming-vs-nova-esports-vct-2026-china-stage-1-w2
XLG,Bind,atk,NOVA,0,1,16,defus,2026-04-08 05:00:00,1,VCT 2026: China Stage 1,https://www.vlr.gg/642929/xi-lai-gaming-vs-nova-esports-vct-2026-china-stage-1-w2
XLG,Bind,atk,NOVA,1,0,17,elim,2026-04-08 05:00:00,1,VCT 2026: China Stage 1,https://www.vlr.gg/642929/xi-lai-gaming-vs-nova-esports-vct-2026-china-stage-1-w2
XLG,Bind,atk,NOVA,1,0,18,boom,2026-04-08 05:00:00,1,VCT 2026: China Stage 1,https://www.vlr.gg/642929/xi-lai-gaming-vs-nova-esports-vct-2026-china-stage-1-w2
XLG,Bind,atk,NOVA,0,1,19,elim,2026-04-08 05:00:00,1,VCT 2026: China Stage 1,https://www.vlr.gg/642929/xi-lai-gaming-vs-nova-esports-vct-2026-china-stage-1-w2
XLG,Bind,atk,NOVA,1,0,20,elim,2026-04-08 05:00:00,1,VCT 2026: China Stage 1,https://www.vlr.gg/642929/xi-lai-gaming-vs-nova-esports-vct-2026-china-stage-1-w2
XLG,Bind,atk,NOVA,0,1,21,elim,2026-04-08 05:00:00,1,VCT 2026: China Stage 1,https://www.vlr.gg/642929/xi-lai-gaming-vs-nova-esports-vct-2026-china-stage-1-w2
XLG,Bind,atk,NOVA,0,1,22,elim,2026-04-08 05:00:00,1,VCT 2026: China Stage 1,https://www.vlr.gg/642929/xi-lai-gaming-vs-nova-esports-vct-2026-china-stage-1-w2
XLG,Bind,atk,NOVA,1,0,23,elim,2026-04-08 05:00:00,1,VCT 2026: China Stage 1,https://www.vlr.gg/642929/xi-lai-gaming-vs-nova-esports-vct-2026-china-stage-1-w2
XLG,Bind,atk,NOVA,1,0,24,elim,2026-04-08 05:00:00,1,VCT 2026: China Stage 1,https://www.vlr.gg/642929/xi-lai-gaming-vs-nova-esports-vct-2026-china-stage-1-w2
XLG,Bind,def,NOVA,1,0,1,elim,2026-04-08 05:00:00,1,VCT 2026: China Stage 1,https://www.vlr.gg/642929/xi-lai-gaming-vs-nova-esports-vct-2026-china-stage-1-w2
XLG,Bind,def,NOVA,1,0,2,elim,2026-04-08 05:00:00,1,VCT 2026: China Stage 1,https://www.vlr.gg/642929/xi-lai-gaming-vs-nova-esports-vct-2026-china-stage-1-w2
XLG,Bind,def,NOVA,1,0,3,tim,2026-04-08 05:00:00,1,VCT 2026: China Stage 1,https://www.vlr.gg/642929/xi-lai-gaming-vs-nova-esports-vct-2026-china-stage-1-w2
XLG,Bind,def,NOVA,1,0,4,elim,2026-04-08 05:00:00,1,VCT 2026: China Stage 1,https://www.vlr.gg/642929/xi-lai-gaming-vs-nova-esports-vct-2026-china-stage-1-w2
XLG,Bind,def,NOVA,0,1,5,elim,2026-04-08 05:00:00,1,VCT 2026: China Stage 1,https://www.vlr.gg/642929/xi-lai-gaming-vs-nova-esports-vct-2026-china-stage-1-w2
XLG,Bind,def,NOVA,1,0,6,elim,2026-04-08 05:00:00,1,VCT 2026: China Stage 1,https://www.vlr.gg/642929/xi-lai-gaming-vs-nova-esports-vct-2026-china-stage-1-w2
XLG,Bind,def,NOVA,1,0,7,elim,2026-04-08 05:00:00,1,VCT 2026: China Stage 1,https://www.vlr.gg/642929/xi-lai-gaming-vs-nova-esports-vct-2026-china-stage-1-w2
XLG,Bind,def,NOVA,0,1,8,elim,2026-04-08 05:00:00,1,VCT 2026: China Stage 1,https://www.vlr.gg/642929/xi-lai-gaming-vs-nova-esports-vct-2026-china-stage-1-w2
XLG,Bind,def,NOVA,0,1,9,boom,2026-04-08 05:00:00,1,VCT 2026: China Stage 1,https://www.vlr.gg/642929/xi-lai-gaming-vs-nova-esports-vct-2026-china-stage-1-w2
XLG,Bind,def,NOVA,0,1,10,boom,2026-04-08 05:00:00,1,VCT 2026: China Stage 1,https://www.vlr.gg/642929/xi-lai-gaming-vs-nova-esports-vct-2026-china-stage-1-w2
XLG,Bind,def,NOVA,1,0,11,defus,2026-04-08 05:00:00,1,VCT 2026: China Stage 1,https://www.vlr.gg/642929/xi-lai-gaming-vs-nova-esports-vct-2026-china-stage-1-w2
XLG,Bind,def,NOVA,1,0,12,elim,2026-04-08 05:00:00,1,VCT 2026: China Stage 1,https://www.vlr.gg/642929/xi-lai-gaming-vs-nova-esports-vct-2026-china-stage-1-w2
EDG,Lotus,atk,TE,1,0,1,elim,2026-04-08 07:30:00,0,VCT 2026: China Stage 1,https://www.vlr.gg/642930/edward-gaming-vs-trace-esports-vct-2026-china-stage-1-w2
EDG,Lotus,atk,TE,1,0,2,elim,2026-04-08 07:30:00,0,VCT 2026: China Stage 1,https://www.vlr.gg/642930/edward-gaming-vs-trace-esports-vct-2026-china-stage-1-w2
EDG,Lotus,atk,TE,1,0,3,boom,2026-04-08 07:30:00,0,VCT 2026: China Stage 1,https://www.vlr.gg/642930/edward-gaming-vs-trace-esports-vct-2026-china-stage-1-w2
EDG,Lotus,atk,TE,1,0,4,elim,2026-04-08 07:30:00,0,VCT 2026: China Stage 1,https://www.vlr.gg/642930/edward-gaming-vs-trace-esports-vct-2026-china-stage-1-w2
EDG,Lotus,atk,TE,1,0,5,elim,2026-04-08 07:30:00,0,VCT 2026: China Stage 1,https://www.vlr.gg/642930/edward-gaming-vs-trace-esports-vct-2026-china-stage-1-w2
EDG,Lotus,atk,TE,0,1,6,elim,2026-04-08 07:30:00,0,VCT 2026: China Stage 1,https://www.vlr.gg/642930/edward-gaming-vs-trace-esports-vct-2026-china-stage-1-w2
EDG,Lotus,atk,TE,1,0,7,elim,2026-04-08 07:30:00,0,VCT 2026: China Stage 1,https://www.vlr.gg/642930/edward-gaming-vs-trace-esports-vct-2026-china-stage-1-w2
EDG,Lotus,atk,TE,0,1,8,elim,2026-04-08 07:30:00,0,VCT 2026: China Stage 1,https://www.vlr.gg/642930/edward-gaming-vs-trace-esports-vct-2026-china-stage-1-w2
EDG,Lotus,atk,TE,1,0,9,elim,2026-04-08 07:30:00,0,VCT 2026: China Stage 1,https://www.vlr.gg/642930/edward-gaming-vs-trace-esports-vct-2026-china-stage-1-w2
EDG,Lotus,atk,TE,1,0,10,elim,2026-04-08 07:30:00,0,VCT 2026: China Stage 1,https://www.vlr.gg/642930/edward-gaming-vs-trace-esports-vct-2026-china-stage-1-w2
EDG,Lotus,atk,TE,0,1,11,defus,2026-04-08 07:30:00,0,VCT 2026: China Stage 1,https://www.vlr.gg/642930/edward-gaming-vs-trace-esports-vct-2026-china-stage-1-w2
EDG,Lotus,atk,TE,0,1,12,defus,2026-04-08 07:30:00,0,VCT 2026: China Stage 1,https://www.vlr.gg/642930/edward-gaming-vs-trace-esports-vct-2026-china-stage-1-w2
EDG,Lotus,def,TE,1,0,13,defus,2026-04-08 07:30:00,0,VCT 2026: China Stage 1,https://www.vlr.gg/642930/edward-gaming-vs-trace-esports-vct-2026-china-stage-1-w2
EDG,Lotus,def,TE,1,0,14,defus,2026-04-08 07:30:00,0,VCT 2026: China Stage 1,https://www.vlr.gg/642930/edward-gaming-vs-trace-esports-vct-2026-china-stage-1-w2
EDG,Lotus,def,TE,1,0,15,elim,2026-04-08 07:30:00,0,VCT 2026: China Stage 1,https://www.vlr.gg/642930/edward-gaming-vs-trace-esports-vct-2026-china-stage-1-w2
EDG,Lotus,def,TE,1,0,16,elim,2026-04-08 07:30:00,0,VCT 2026: China Stage 1,https://www.vlr.gg/642930/edward-gaming-vs-trace-esports-vct-2026-china-stage-1-w2
EDG,Lotus,def,TE,1,0,17,elim,2026-04-08 07:30:00,0,VCT 2026: China Stage 1,https://www.vlr.gg/642930/edward-gaming-vs-trace-esports-vct-2026-china-stage-1-w2
EDG,Haven,atk,TE,1,0,13,elim,2026-04-08 07:30:00,1,VCT 2026: China Stage 1,https://www.vlr.gg/642930/edward-gaming-vs-trace-esports-vct-2026-china-stage-1-w2
EDG,Haven,atk,TE,1,0,14,boom,2026-04-08 07:30:00,1,VCT 2026: China Stage 1,https://www.vlr.gg/642930/edward-gaming-vs-trace-esports-vct-2026-china-stage-1-w2
EDG,Haven,atk,TE,0,1,15,elim,2026-04-08 07:30:00,1,VCT 2026: China Stage 1,https://www.vlr.gg/642930/edward-gaming-vs-trace-esports-vct-2026-china-stage-1-w2
EDG,Haven,atk,TE,1,0,16,boom,2026-04-08 07:30:00,1,VCT 2026: China Stage 1,https://www.vlr.gg/642930/edward-gaming-vs-trace-esports-vct-2026-china-stage-1-w2
EDG,Haven,atk,TE,1,0,17,boom,2026-04-08 07:30:00,1,VCT 2026: China Stage 1,https://www.vlr.gg/642930/edward-gaming-vs-trace-esports-vct-2026-china-stage-1-w2
EDG,Haven,atk,TE,1,0,18,boom,2026-04-08 07:30:00,1,VCT 2026: China Stage 1,https://www.vlr.gg/642930/edward-gaming-vs-trace-esports-vct-2026-china-stage-1-w2
EDG,Haven,atk,TE,1,0,19,elim,2026-04-08 07:30:00,1,VCT 2026: China Stage 1,https://www.vlr.gg/642930/edward-gaming-vs-trace-esports-vct-2026-china-stage-1-w2
EDG,Haven,atk,TE,0,1,20,defus,2026-04-08 07:30:00,1,VCT 2026: China Stage 1,https://www.vlr.gg/642930/edward-gaming-vs-trace-esports-vct-2026-china-stage-1-w2
EDG,Haven,atk,TE,1,0,21,elim,2026-04-08 07:30:00,1,VCT 2026: China Stage 1,https://www.vlr.gg/642930/edward-gaming-vs-trace-esports-vct-2026-china-stage-1-w2
EDG,Haven,atk,TE,1,0,22,elim,2026-04-08 07:30:00,1,VCT 2026: China Stage 1,https://www.vlr.gg/642930/edward-gaming-vs-trace-esports-vct-2026-china-stage-1-w2
EDG,Haven,atk,TE,0,1,23,elim,2026-04-08 07:30:00,1,VCT 2026: China Stage 1,https://www.vlr.gg/642930/edward-gaming-vs-trace-esports-vct-2026-china-stage-1-w2
EDG,Haven,atk,TE,0,1,24,defus,2026-04-08 07:30:00,1,VCT 2026: China Stage 1,https://www.vlr.gg/642930/edward-gaming-vs-trace-esports-vct-2026-china-stage-1-w2
EDG,Haven,atk,TE,1,0,26,elim,2026-04-08 07:30:00,1,VCT 2026: China Stage 1,https://www.vlr.gg/642930/edward-gaming-vs-trace-esports-vct-2026-china-stage-1-w2
EDG,Haven,def,TE,0,1,1,elim,2026-04-08 07:30:00,1,VCT 2026: China Stage 1,https://www.vlr.gg/642930/edward-gaming-vs-trace-esports-vct-2026-china-stage-1-w2
EDG,Haven,def,TE,0,1,2,elim,2026-04-08 07:30:00,1,VCT 2026: China Stage 1,https://www.vlr.gg/642930/edward-gaming-vs-trace-esports-vct-2026-china-stage-1-w2
EDG,Haven,def,TE,1,0,3,elim,2026-04-08 07:30:00,1,VCT 2026: China Stage 1,https://www.vlr.gg/642930/edward-gaming-vs-trace-esports-vct-2026-china-stage-1-w2
EDG,Haven,def,TE,1,0,4,elim,2026-04-08 07:30:00,1,VCT 2026: China Stage 1,https://www.vlr.gg/642930/edward-gaming-vs-trace-esports-vct-2026-china-stage-1-w2
EDG,Haven,def,TE,1,0,5,elim,2026-04-08 07:30:00,1,VCT 2026: China Stage 1,https://www.vlr.gg/642930/edward-gaming-vs-trace-esports-vct-2026-china-stage-1-w2
EDG,Haven,def,TE,0,1,6,elim,2026-04-08 07:30:00,1,VCT 2026: China Stage 1,https://www.vlr.gg/642930/edward-gaming-vs-trace-esports-vct-2026-china-stage-1-w2
EDG,Haven,def,TE,0,1,7,boom,2026-04-08 07:30:00,1,VCT 2026: China Stage 1,https://www.vlr.gg/642930/edward-gaming-vs-trace-esports-vct-2026-china-stage-1-w2
EDG,Haven,def,TE,1,0,8,defus,2026-04-08 07:30:00,1,VCT 2026: China Stage 1,https://www.vlr.gg/642930/edward-gaming-vs-trace-esports-vct-2026-china-stage-1-w2
EDG,Haven,def,TE,0,1,9,boom,2026-04-08 07:30:00,1,VCT 2026: China Stage 1,https://www.vlr.gg/642930/edward-gaming-vs-trace-esports-vct-2026-china-stage-1-w2
EDG,Haven,def,TE,0,1,10,elim,2026-04-08 07:30:00,1,VCT 2026: China Stage 1,https://www.vlr.gg/642930/edward-gaming-vs-trace-esports-vct-2026-china-stage-1-w2
EDG,Haven,def,TE,0,1,11,elim,2026-04-08 07:30:00,1,VCT 2026: China Stage 1,https://www.vlr.gg/642930/edward-gaming-vs-trace-esports-vct-2026-china-stage-1-w2
EDG,Haven,def,TE,0,1,12,elim,2026-04-08 07:30:00,1,VCT 2026: China Stage 1,https://www.vlr.gg/642930/edward-gaming-vs-trace-esports-vct-2026-china-stage-1-w2
EDG,Haven,def,TE,1,0,25,elim,2026-04-08 07:30:00,1,VCT 2026: China Stage 1,https://www.vlr.gg/642930/edward-gaming-vs-trace-esports-vct-2026-china-stage-1-w2
JDG,Lotus,atk,AG,0,1,13,elim,2026-04-09 05:00:00,0,VCT 2026: China Stage 1,https://www.vlr.gg/642931/jdg-esports-vs-all-gamers-vct-2026-china-stage-1-w2
JDG,Lotus,atk,AG,0,1,14,elim,2026-04-09 05:00:00,0,VCT 2026: China Stage 1,https://www.vlr.gg/642931/jdg-esports-vs-all-gamers-vct-2026-china-stage-1-w2
JDG,Lotus,atk,AG,0,1,15,elim,2026-04-09 05:00:00,0,VCT 2026: China Stage 1,https://www.vlr.gg/642931/jdg-esports-vs-all-gamers-vct-2026-china-stage-1-w2
JDG,Lotus,atk,AG,0,1,16,defus,2026-04-09 05:00:00,0,VCT 2026: China Stage 1,https://www.vlr.gg/642931/jdg-esports-vs-all-gamers-vct-2026-china-stage-1-w2
JDG,Lotus,atk,AG,0,1,17,elim,2026-04-09 05:00:00,0,VCT 2026: China Stage 1,https://www.vlr.gg/642931/jdg-esports-vs-all-gamers-vct-2026-china-stage-1-w2
JDG,Lotus,atk,AG,0,1,18,elim,2026-04-09 05:00:00,0,VCT 2026: China Stage 1,https://www.vlr.gg/642931/jdg-esports-vs-all-gamers-vct-2026-china-stage-1-w2
JDG,Lotus,def,AG,1,0,1,defus,2026-04-09 05:00:00,0,VCT 2026: China Stage 1,https://www.vlr.gg/642931/jdg-esports-vs-all-gamers-vct-2026-china-stage-1-w2
JDG,Lotus,def,AG,1,0,2,defus,2026-04-09 05:00:00,0,VCT 2026: China Stage 1,https://www.vlr.gg/642931/jdg-esports-vs-all-gamers-vct-2026-china-stage-1-w2
JDG,Lotus,def,AG,0,1,3,elim,2026-04-09 05:00:00,0,VCT 2026: China Stage 1,https://www.vlr.gg/642931/jdg-esports-vs-all-gamers-vct-2026-china-stage-1-w2
JDG,Lotus,def,AG,0,1,4,boom,2026-04-09 05:00:00,0,VCT 2026: China Stage 1,https://www.vlr.gg/642931/jdg-esports-vs-all-gamers-vct-2026-china-stage-1-w2
JDG,Lotus,def,AG,0,1,5,elim,2026-04-09 05:00:00,0,VCT 2026: China Stage 1,https://www.vlr.gg/642931/jdg-esports-vs-all-gamers-vct-2026-china-stage-1-w2
JDG,Lotus,def,AG,0,1,6,elim,2026-04-09 05:00:00,0,VCT 2026: China Stage 1,https://www.vlr.gg/642931/jdg-esports-vs-all-gamers-vct-2026-china-stage-1-w2
JDG,Lotus,def,AG,0,1,7,elim,2026-04-09 05:00:00,0,VCT 2026: China Stage 1,https://www.vlr.gg/642931/jdg-esports-vs-all-gamers-vct-2026-china-stage-1-w2
JDG,Lotus,def,AG,1,0,8,defus,2026-04-09 05:00:00,0,VCT 2026: China Stage 1,https://www.vlr.gg/642931/jdg-esports-vs-all-gamers-vct-2026-china-stage-1-w2
JDG,Lotus,def,AG,1,0,9,elim,2026-04-09 05:00:00,0,VCT 2026: China Stage 1,https://www.vlr.gg/642931/jdg-esports-vs-all-gamers-vct-2026-china-stage-1-w2
JDG,Lotus,def,AG,1,0,10,defus,2026-04-09 05:00:00,0,VCT 2026: China Stage 1,https://www.vlr.gg/642931/jdg-esports-vs-all-gamers-vct-2026-china-stage-1-w2
JDG,Lotus,def,AG,0,1,11,elim,2026-04-09 05:00:00,0,VCT 2026: China Stage 1,https://www.vlr.gg/642931/jdg-esports-vs-all-gamers-vct-2026-china-stage-1-w2
JDG,Lotus,def,AG,0,1,12,elim,2026-04-09 05:00:00,0,VCT 2026: China Stage 1,https://www.vlr.gg/642931/jdg-esports-vs-all-gamers-vct-2026-china-stage-1-w2
JDG,Haven,atk,AG,0,1,1,elim,2026-04-09 05:00:00,1,VCT 2026: China Stage 1,https://www.vlr.gg/642931/jdg-esports-vs-all-gamers-vct-2026-china-stage-1-w2
JDG,Haven,atk,AG,0,1,2,elim,2026-04-09 05:00:00,1,VCT 2026: China Stage 1,https://www.vlr.gg/642931/jdg-esports-vs-all-gamers-vct-2026-china-stage-1-w2
JDG,Haven,atk,AG,0,1,3,elim,2026-04-09 05:00:00,1,VCT 2026: China Stage 1,https://www.vlr.gg/642931/jdg-esports-vs-all-gamers-vct-2026-china-stage-1-w2
JDG,Haven,atk,AG,0,1,4,defus,2026-04-09 05:00:00,1,VCT 2026: China Stage 1,https://www.vlr.gg/642931/jdg-esports-vs-all-gamers-vct-2026-china-stage-1-w2
JDG,Haven,atk,AG,1,0,5,boom,2026-04-09 05:00:00,1,VCT 2026: China Stage 1,https://www.vlr.gg/642931/jdg-esports-vs-all-gamers-vct-2026-china-stage-1-w2
JDG,Haven,atk,AG,1,0,6,elim,2026-04-09 05:00:00,1,VCT 2026: China Stage 1,https://www.vlr.gg/642931/jdg-esports-vs-all-gamers-vct-2026-china-stage-1-w2
JDG,Haven,atk,AG,1,0,7,boom,2026-04-09 05:00:00,1,VCT 2026: China Stage 1,https://www.vlr.gg/642931/jdg-esports-vs-all-gamers-vct-2026-china-stage-1-w2
JDG,Haven,atk,AG,1,0,8,elim,2026-04-09 05:00:00,1,VCT 2026: China Stage 1,https://www.vlr.gg/642931/jdg-esports-vs-all-gamers-vct-2026-china-stage-1-w2
JDG,Haven,atk,AG,0,1,9,defus,2026-04-09 05:00:00,1,VCT 2026: China Stage 1,https://www.vlr.gg/642931/jdg-esports-vs-all-gamers-vct-2026-china-stage-1-w2
JDG,Haven,atk,AG,1,0,10,elim,2026-04-09 05:00:00,1,VCT 2026: China Stage 1,https://www.vlr.gg/642931/jdg-esports-vs-all-gamers-vct-2026-china-stage-1-w2
JDG,Haven,atk,AG,1,0,11,boom,2026-04-09 05:00:00,1,VCT 2026: China Stage 1,https://www.vlr.gg/642931/jdg-esports-vs-all-gamers-vct-2026-china-stage-1-w2
JDG,Haven,atk,AG,1,0,12,elim,2026-04-09 05:00:00,1,VCT 2026: China Stage 1,https://www.vlr.gg/642931/jdg-esports-vs-all-gamers-vct-2026-china-stage-1-w2
JDG,Haven,def,AG,1,0,13,defus,2026-04-09 05:00:00,1,VCT 2026: China Stage 1,https://www.vlr.gg/642931/jdg-esports-vs-all-gamers-vct-2026-china-stage-1-w2
JDG,Haven,def,AG,1,0,14,defus,2026-04-09 05:00:00,1,VCT 2026: China Stage 1,https://www.vlr.gg/642931/jdg-esports-vs-all-gamers-vct-2026-china-stage-1-w2
JDG,Haven,def,AG,0,1,15,elim,2026-04-09 05:00:00,1,VCT 2026: China Stage 1,https://www.vlr.gg/642931/jdg-esports-vs-all-gamers-vct-2026-china-stage-1-w2
JDG,Haven,def,AG,0,1,16,elim,2026-04-09 05:00:00,1,VCT 2026: China Stage 1,https://www.vlr.gg/642931/jdg-esports-vs-all-gamers-vct-2026-china-stage-1-w2
JDG,Haven,def,AG,1,0,17,elim,2026-04-09 05:00:00,1,VCT 2026: China Stage 1,https://www.vlr.gg/642931/jdg-esports-vs-all-gamers-vct-2026-china-stage-1-w2
JDG,Haven,def,AG,0,1,18,boom,2026-04-09 05:00:00,1,VCT 2026: China Stage 1,https://www.vlr.gg/642931/jdg-esports-vs-all-gamers-vct-2026-china-stage-1-w2
JDG,Haven,def,AG,0,1,19,elim,2026-04-09 05:00:00,1,VCT 2026: China Stage 1,https://www.vlr.gg/642931/jdg-esports-vs-all-gamers-vct-2026-china-stage-1-w2
JDG,Haven,def,AG,0,1,20,elim,2026-04-09 05:00:00,1,VCT 2026: China Stage 1,https://www.vlr.gg/642931/jdg-esports-vs-all-gamers-vct-2026-china-stage-1-w2
JDG,Haven,def,AG,0,1,21,elim,2026-04-09 05:00:00,1,VCT 2026: China Stage 1,https://www.vlr.gg/642931/jdg-esports-vs-all-gamers-vct-2026-china-stage-1-w2
JDG,Haven,def,AG,0,1,22,elim,2026-04-09 05:00:00,1,VCT 2026: China Stage 1,https://www.vlr.gg/642931/jdg-esports-vs-all-gamers-vct-2026-china-stage-1-w2
JDG,Haven,def,AG,0,1,23,elim,2026-04-09 05:00:00,1,VCT 2026: China Stage 1,https://www.vlr.gg/642931/jdg-esports-vs-all-gamers-vct-2026-china-stage-1-w2
DRG,Breeze,atk,WOL,1,0,1,elim,2026-04-09 07:25:00,0,VCT 2026: China Stage 1,https://www.vlr.gg/642932/dragon-ranger-gaming-vs-wolves-esports-vct-2026-china-stage-1-w2
DRG,Breeze,atk,WOL,1,0,2,elim,2026-04-09 07:25:00,0,VCT 2026: China Stage 1,https://www.vlr.gg/642932/dragon-ranger-gaming-vs-wolves-esports-vct-2026-china-stage-1-w2
DRG,Breeze,atk,WOL,1,0,3,boom,2026-04-09 07:25:00,0,VCT 2026: China Stage 1,https://www.vlr.gg/642932/dragon-ranger-gaming-vs-wolves-esports-vct-2026-china-stage-1-w2
DRG,Breeze,atk,WOL,0,1,4,elim,2026-04-09 07:25:00,0,VCT 2026: China Stage 1,https://www.vlr.gg/642932/dragon-ranger-gaming-vs-wolves-esports-vct-2026-china-stage-1-w2
DRG,Breeze,atk,WOL,1,0,5,boom,2026-04-09 07:25:00,0,VCT 2026: China Stage 1,https://www.vlr.gg/642932/dragon-ranger-gaming-vs-wolves-esports-vct-2026-china-stage-1-w2
DRG,Breeze,atk,WOL,1,0,6,elim,2026-04-09 07:25:00,0,VCT 2026: China Stage 1,https://www.vlr.gg/642932/dragon-ranger-gaming-vs-wolves-esports-vct-2026-china-stage-1-w2
DRG,Breeze,atk,WOL,1,0,7,elim,2026-04-09 07:25:00,0,VCT 2026: China Stage 1,https://www.vlr.gg/642932/dragon-ranger-gaming-vs-wolves-esports-vct-2026-china-stage-1-w2
DRG,Breeze,atk,WOL,1,0,8,elim,2026-04-09 07:25:00,0,VCT 2026: China Stage 1,https://www.vlr.gg/642932/dragon-ranger-gaming-vs-wolves-esports-vct-2026-china-stage-1-w2
DRG,Breeze,atk,WOL,1,0,9,elim,2026-04-09 07:25:00,0,VCT 2026: China Stage 1,https://www.vlr.gg/642932/dragon-ranger-gaming-vs-wolves-esports-vct-2026-china-stage-1-w2
DRG,Breeze,atk,WOL,1,0,10,elim,2026-04-09 07:25:00,0,VCT 2026: China Stage 1,https://www.vlr.gg/642932/dragon-ranger-gaming-vs-wolves-esports-vct-2026-china-stage-1-w2
DRG,Breeze,atk,WOL,1,0,11,elim,2026-04-09 07:25:00,0,VCT 2026: China Stage 1,https://www.vlr.gg/642932/dragon-ranger-gaming-vs-wolves-esports-vct-2026-china-stage-1-w2
DRG,Breeze,atk,WOL,1,0,12,elim,2026-04-09 07:25:00,0,VCT 2026: China Stage 1,https://www.vlr.gg/642932/dragon-ranger-gaming-vs-wolves-esports-vct-2026-china-stage-1-w2
DRG,Breeze,def,WOL,1,0,13,defus,2026-04-09 07:25:00,0,VCT 2026: China Stage 1,https://www.vlr.gg/642932/dragon-ranger-gaming-vs-wolves-esports-vct-2026-china-stage-1-w2
DRG,Breeze,def,WOL,1,0,14,elim,2026-04-09 07:25:00,0,VCT 2026: China Stage 1,https://www.vlr.gg/642932/dragon-ranger-gaming-vs-wolves-esports-vct-2026-china-stage-1-w2
DRG,Pearl,atk,WOL,0,1,1,defus,2026-04-09 07:25:00,1,VCT 2026: China Stage 1,https://www.vlr.gg/642932/dragon-ranger-gaming-vs-wolves-esports-vct-2026-china-stage-1-w2
DRG,Pearl,atk,WOL,0,1,2,defus,2026-04-09 07:25:00,1,VCT 2026: China Stage 1,https://www.vlr.gg/642932/dragon-ranger-gaming-vs-wolves-esports-vct-2026-china-stage-1-w2
DRG,Pearl,atk,WOL,1,0,3,elim,2026-04-09 07:25:00,1,VCT 2026: China Stage 1,https://www.vlr.gg/642932/dragon-ranger-gaming-vs-wolves-esports-vct-2026-china-stage-1-w2
DRG,Pearl,atk,WOL,1,0,4,elim,2026-04-09 07:25:00,1,VCT 2026: China Stage 1,https://www.vlr.gg/642932/dragon-ranger-gaming-vs-wolves-esports-vct-2026-china-stage-1-w2
DRG,Pearl,atk,WOL,1,0,5,boom,2026-04-09 07:25:00,1,VCT 2026: China Stage 1,https://www.vlr.gg/642932/dragon-ranger-gaming-vs-wolves-esports-vct-2026-china-stage-1-w2
DRG,Pearl,atk,WOL,0,1,6,defus,2026-04-09 07:25:00,1,VCT 2026: China Stage 1,https://www.vlr.gg/642932/dragon-ranger-gaming-vs-wolves-esports-vct-2026-china-stage-1-w2
DRG,Pearl,atk,WOL,1,0,7,boom,2026-04-09 07:25:00,1,VCT 2026: China Stage 1,https://www.vlr.gg/642932/dragon-ranger-gaming-vs-wolves-esports-vct-2026-china-stage-1-w2
DRG,Pearl,atk,WOL,0,1,8,elim,2026-04-09 07:25:00,1,VCT 2026: China Stage 1,https://www.vlr.gg/642932/dragon-ranger-gaming-vs-wolves-esports-vct-2026-china-stage-1-w2
DRG,Pearl,atk,WOL,1,0,9,elim,2026-04-09 07:25:00,1,VCT 2026: China Stage 1,https://www.vlr.gg/642932/dragon-ranger-gaming-vs-wolves-esports-vct-2026-china-stage-1-w2
DRG,Pearl,atk,WOL,1,0,10,elim,2026-04-09 07:25:00,1,VCT 2026: China Stage 1,https://www.vlr.gg/642932/dragon-ranger-gaming-vs-wolves-esports-vct-2026-china-stage-1-w2
DRG,Pearl,atk,WOL,0,1,11,defus,2026-04-09 07:25:00,1,VCT 2026: China Stage 1,https://www.vlr.gg/642932/dragon-ranger-gaming-vs-wolves-esports-vct-2026-china-stage-1-w2
DRG,Pearl,atk,WOL,0,1,12,elim,2026-04-09 07:25:00,1,VCT 2026: China Stage 1,https://www.vlr.gg/642932/dragon-ranger-gaming-vs-wolves-esports-vct-2026-china-stage-1-w2
DRG,Pearl,def,WOL,0,1,13,elim,2026-04-09 07:25:00,1,VCT 2026: China Stage 1,https://www.vlr.gg/642932/dragon-ranger-gaming-vs-wolves-esports-vct-2026-china-stage-1-w2
DRG,Pearl,def,WOL,0,1,14,elim,2026-04-09 07:25:00,1,VCT 2026: China Stage 1,https://www.vlr.gg/642932/dragon-ranger-gaming-vs-wolves-esports-vct-2026-china-stage-1-w2
DRG,Pearl,def,WOL,0,1,15,elim,2026-04-09 07:25:00,1,VCT 2026: China Stage 1,https://www.vlr.gg/642932/dragon-ranger-gaming-vs-wolves-esports-vct-2026-china-stage-1-w2
DRG,Pearl,def,WOL,0,1,16,boom,2026-04-09 07:25:00,1,VCT 2026: China Stage 1,https://www.vlr.gg/642932/dragon-ranger-gaming-vs-wolves-esports-vct-2026-china-stage-1-w2
DRG,Pearl,def,WOL,0,1,17,elim,2026-04-09 07:25:00,1,VCT 2026: China Stage 1,https://www.vlr.gg/642932/dragon-ranger-gaming-vs-wolves-esports-vct-2026-china-stage-1-w2
DRG,Pearl,def,WOL,0,1,18,elim,2026-04-09 07:25:00,1,VCT 2026: China Stage 1,https://www.vlr.gg/642932/dragon-ranger-gaming-vs-wolves-esports-vct-2026-china-stage-1-w2
DRG,Pearl,def,WOL,0,1,19,elim,2026-04-09 07:25:00,1,VCT 2026: China Stage 1,https://www.vlr.gg/642932/dragon-ranger-gaming-vs-wolves-esports-vct-2026-china-stage-1-w2
DRG,Lotus,atk,WOL,1,0,1,elim,2026-04-09 07:25:00,2,VCT 2026: China Stage 1,https://www.vlr.gg/642932/dragon-ranger-gaming-vs-wolves-esports-vct-2026-china-stage-1-w2
DRG,Lotus,atk,WOL,1,0,2,boom,2026-04-09 07:25:00,2,VCT 2026: China Stage 1,https://www.vlr.gg/642932/dragon-ranger-gaming-vs-wolves-esports-vct-2026-china-stage-1-w2
DRG,Lotus,atk,WOL,0,1,3,elim,2026-04-09 07:25:00,2,VCT 2026: China Stage 1,https://www.vlr.gg/642932/dragon-ranger-gaming-vs-wolves-esports-vct-2026-china-stage-1-w2
DRG,Lotus,atk,WOL,1,0,4,elim,2026-04-09 07:25:00,2,VCT 2026: China Stage 1,https://www.vlr.gg/642932/dragon-ranger-gaming-vs-wolves-esports-vct-2026-china-stage-1-w2
DRG,Lotus,atk,WOL,1,0,5,elim,2026-04-09 07:25:00,2,VCT 2026: China Stage 1,https://www.vlr.gg/642932/dragon-ranger-gaming-vs-wolves-esports-vct-2026-china-stage-1-w2
DRG,Lotus,atk,WOL,1,0,6,elim,2026-04-09 07:25:00,2,VCT 2026: China Stage 1,https://www.vlr.gg/642932/dragon-ranger-gaming-vs-wolves-esports-vct-2026-china-stage-1-w2
DRG,Lotus,atk,WOL,0,1,7,elim,2026-04-09 07:25:00,2,VCT 2026: China Stage 1,https://www.vlr.gg/642932/dragon-ranger-gaming-vs-wolves-esports-vct-2026-china-stage-1-w2
DRG,Lotus,atk,WOL,0,1,8,defus,2026-04-09 07:25:00,2,VCT 2026: China Stage 1,https://www.vlr.gg/642932/dragon-ranger-gaming-vs-wolves-esports-vct-2026-china-stage-1-w2
DRG,Lotus,atk,WOL,1,0,9,elim,2026-04-09 07:25:00,2,VCT 2026: China Stage 1,https://www.vlr.gg/642932/dragon-ranger-gaming-vs-wolves-esports-vct-2026-china-stage-1-w2
DRG,Lotus,atk,WOL,0,1,10,defus,2026-04-09 07:25:00,2,VCT 2026: China Stage 1,https://www.vlr.gg/642932/dragon-ranger-gaming-vs-wolves-esports-vct-2026-china-stage-1-w2
DRG,Lotus,atk,WOL,1,0,11,elim,2026-04-09 07:25:00,2,VCT 2026: China Stage 1,https://www.vlr.gg/642932/dragon-ranger-gaming-vs-wolves-esports-vct-2026-china-stage-1-w2
DRG,Lotus,atk,WOL,1,0,12,elim,2026-04-09 07:25:00,2,VCT 2026: China Stage 1,https://www.vlr.gg/642932/dragon-ranger-gaming-vs-wolves-esports-vct-2026-china-stage-1-w2
DRG,Lotus,def,WOL,0,1,13,elim,2026-04-09 07:25:00,2,VCT 2026: China Stage 1,https://www.vlr.gg/642932/dragon-ranger-gaming-vs-wolves-esports-vct-2026-china-stage-1-w2
DRG,Lotus,def,WOL,0,1,14,elim,2026-04-09 07:25:00,2,VCT 2026: China Stage 1,https://www.vlr.gg/642932/dragon-ranger-gaming-vs-wolves-esports-vct-2026-china-stage-1-w2
DRG,Lotus,def,WOL,1,0,15,defus,2026-04-09 07:25:00,2,VCT 2026: China Stage 1,https://www.vlr.gg/642932/dragon-ranger-gaming-vs-wolves-esports-vct-2026-china-stage-1-w2
DRG,Lotus,def,WOL,1,0,16,defus,2026-04-09 07:25:00,2,VCT 2026: China Stage 1,https://www.vlr.gg/642932/dragon-ranger-gaming-vs-wolves-esports-vct-2026-china-stage-1-w2
DRG,Lotus,def,WOL,1,0,17,elim,2026-04-09 07:25:00,2,VCT 2026: China Stage 1,https://www.vlr.gg/642932/dragon-ranger-gaming-vs-wolves-esports-vct-2026-china-stage-1-w2
DRG,Lotus,def,WOL,1,0,18,defus,2026-04-09 07:25:00,2,VCT 2026: China Stage 1,https://www.vlr.gg/642932/dragon-ranger-gaming-vs-wolves-esports-vct-2026-china-stage-1-w2
DRG,Lotus,def,WOL,0,1,19,elim,2026-04-09 07:25:00,2,VCT 2026: China Stage 1,https://www.vlr.gg/642932/dragon-ranger-gaming-vs-wolves-esports-vct-2026-china-stage-1-w2
DRG,Lotus,def,WOL,0,1,20,elim,2026-04-09 07:25:00,2,VCT 2026: China Stage 1,https://www.vlr.gg/642932/dragon-ranger-gaming-vs-wolves-esports-vct-2026-china-stage-1-w2
DRG,Lotus,def,WOL,0,1,21,boom,2026-04-09 07:25:00,2,VCT 2026: China Stage 1,https://www.vlr.gg/642932/dragon-ranger-gaming-vs-wolves-esports-vct-2026-china-stage-1-w2
DRG,Lotus,def,WOL,1,0,22,defus,2026-04-09 07:25:00,2,VCT 2026: China Stage 1,https://www.vlr.gg/642932/dragon-ranger-gaming-vs-wolves-esports-vct-2026-china-stage-1-w2
NOVA,Lotus,atk,TE,0,1,13,elim,2026-04-10 05:00:00,0,VCT 2026: China Stage 1,https://www.vlr.gg/642933/nova-esports-vs-trace-esports-vct-2026-china-stage-1-w2
NOVA,Lotus,atk,TE,0,1,14,elim,2026-04-10 05:00:00,0,VCT 2026: China Stage 1,https://www.vlr.gg/642933/nova-esports-vs-trace-esports-vct-2026-china-stage-1-w2
NOVA,Lotus,atk,TE,1,0,15,elim,2026-04-10 05:00:00,0,VCT 2026: China Stage 1,https://www.vlr.gg/642933/nova-esports-vs-trace-esports-vct-2026-china-stage-1-w2
NOVA,Lotus,atk,TE,1,0,16,elim,2026-04-10 05:00:00,0,VCT 2026: China Stage 1,https://www.vlr.gg/642933/nova-esports-vs-trace-esports-vct-2026-china-stage-1-w2
NOVA,Lotus,atk,TE,1,0,17,elim,2026-04-10 05:00:00,0,VCT 2026: China Stage 1,https://www.vlr.gg/642933/nova-esports-vs-trace-esports-vct-2026-china-stage-1-w2
NOVA,Lotus,atk,TE,1,0,18,elim,2026-04-10 05:00:00,0,VCT 2026: China Stage 1,https://www.vlr.gg/642933/nova-esports-vs-trace-esports-vct-2026-china-stage-1-w2
NOVA,Lotus,atk,TE,0,1,19,elim,2026-04-10 05:00:00,0,VCT 2026: China Stage 1,https://www.vlr.gg/642933/nova-esports-vs-trace-esports-vct-2026-china-stage-1-w2
NOVA,Lotus,atk,TE,0,1,20,elim,2026-04-10 05:00:00,0,VCT 2026: China Stage 1,https://www.vlr.gg/642933/nova-esports-vs-trace-esports-vct-2026-china-stage-1-w2
NOVA,Lotus,atk,TE,1,0,21,boom,2026-04-10 05:00:00,0,VCT 2026: China Stage 1,https://www.vlr.gg/642933/nova-esports-vs-trace-esports-vct-2026-china-stage-1-w2
NOVA,Lotus,atk,TE,0,1,22,elim,2026-04-10 05:00:00,0,VCT 2026: China Stage 1,https://www.vlr.gg/642933/nova-esports-vs-trace-esports-vct-2026-china-stage-1-w2
NOVA,Lotus,atk,TE,0,1,23,elim,2026-04-10 05:00:00,0,VCT 2026: China Stage 1,https://www.vlr.gg/642933/nova-esports-vs-trace-esports-vct-2026-china-stage-1-w2
NOVA,Lotus,atk,TE,0,1,24,elim,2026-04-10 05:00:00,0,VCT 2026: China Stage 1,https://www.vlr.gg/642933/nova-esports-vs-trace-esports-vct-2026-china-stage-1-w2
NOVA,Lotus,atk,TE,0,1,26,elim,2026-04-10 05:00:00,0,VCT 2026: China Stage 1,https://www.vlr.gg/642933/nova-esports-vs-trace-esports-vct-2026-china-stage-1-w2
NOVA,Lotus,def,TE,1,0,1,elim,2026-04-10 05:00:00,0,VCT 2026: China Stage 1,https://www.vlr.gg/642933/nova-esports-vs-trace-esports-vct-2026-china-stage-1-w2
NOVA,Lotus,def,TE,1,0,2,defus,2026-04-10 05:00:00,0,VCT 2026: China Stage 1,https://www.vlr.gg/642933/nova-esports-vs-trace-esports-vct-2026-china-stage-1-w2
NOVA,Lotus,def,TE,1,0,3,elim,2026-04-10 05:00:00,0,VCT 2026: China Stage 1,https://www.vlr.gg/642933/nova-esports-vs-trace-esports-vct-2026-china-stage-1-w2
NOVA,Lotus,def,TE,1,0,4,elim,2026-04-10 05:00:00,0,VCT 2026: China Stage 1,https://www.vlr.gg/642933/nova-esports-vs-trace-esports-vct-2026-china-stage-1-w2
NOVA,Lotus,def,TE,0,1,5,elim,2026-04-10 05:00:00,0,VCT 2026: China Stage 1,https://www.vlr.gg/642933/nova-esports-vs-trace-esports-vct-2026-china-stage-1-w2
NOVA,Lotus,def,TE,0,1,6,boom,2026-04-10 05:00:00,0,VCT 2026: China Stage 1,https://www.vlr.gg/642933/nova-esports-vs-trace-esports-vct-2026-china-stage-1-w2
NOVA,Lotus,def,TE,1,0,7,defus,2026-04-10 05:00:00,0,VCT 2026: China Stage 1,https://www.vlr.gg/642933/nova-esports-vs-trace-esports-vct-2026-china-stage-1-w2
NOVA,Lotus,def,TE,1,0,8,defus,2026-04-10 05:00:00,0,VCT 2026: China Stage 1,https://www.vlr.gg/642933/nova-esports-vs-trace-esports-vct-2026-china-stage-1-w2
NOVA,Lotus,def,TE,1,0,9,elim,2026-04-10 05:00:00,0,VCT 2026: China Stage 1,https://www.vlr.gg/642933/nova-esports-vs-trace-esports-vct-2026-china-stage-1-w2
NOVA,Lotus,def,TE,0,1,10,elim,2026-04-10 05:00:00,0,VCT 2026: China Stage 1,https://www.vlr.gg/642933/nova-esports-vs-trace-esports-vct-2026-china-stage-1-w2
NOVA,Lotus,def,TE,0,1,11,elim,2026-04-10 05:00:00,0,VCT 2026: China Stage 1,https://www.vlr.gg/642933/nova-esports-vs-trace-esports-vct-2026-china-stage-1-w2
NOVA,Lotus,def,TE,0,1,12,elim,2026-04-10 05:00:00,0,VCT 2026: China Stage 1,https://www.vlr.gg/642933/nova-esports-vs-trace-esports-vct-2026-china-stage-1-w2
NOVA,Lotus,def,TE,0,1,25,elim,2026-04-10 05:00:00,0,VCT 2026: China Stage 1,https://www.vlr.gg/642933/nova-esports-vs-trace-esports-vct-2026-china-stage-1-w2
NOVA,Split,atk,TE,0,1,13,elim,2026-04-10 05:00:00,1,VCT 2026: China Stage 1,https://www.vlr.gg/642933/nova-esports-vs-trace-esports-vct-2026-china-stage-1-w2
NOVA,Split,atk,TE,0,1,14,elim,2026-04-10 05:00:00,1,VCT 2026: China Stage 1,https://www.vlr.gg/642933/nova-esports-vs-trace-esports-vct-2026-china-stage-1-w2
NOVA,Split,atk,TE,1,0,15,elim,2026-04-10 05:00:00,1,VCT 2026: China Stage 1,https://www.vlr.gg/642933/nova-esports-vs-trace-esports-vct-2026-china-stage-1-w2
NOVA,Split,atk,TE,1,0,16,elim,2026-04-10 05:00:00,1,VCT 2026: China Stage 1,https://www.vlr.gg/642933/nova-esports-vs-trace-esports-vct-2026-china-stage-1-w2
NOVA,Split,atk,TE,1,0,17,boom,2026-04-10 05:00:00,1,VCT 2026: China Stage 1,https://www.vlr.gg/642933/nova-esports-vs-trace-esports-vct-2026-china-stage-1-w2
NOVA,Split,atk,TE,1,0,18,elim,2026-04-10 05:00:00,1,VCT 2026: China Stage 1,https://www.vlr.gg/642933/nova-esports-vs-trace-esports-vct-2026-china-stage-1-w2
NOVA,Split,atk,TE,1,0,19,elim,2026-04-10 05:00:00,1,VCT 2026: China Stage 1,https://www.vlr.gg/642933/nova-esports-vs-trace-esports-vct-2026-china-stage-1-w2
NOVA,Split,atk,TE,0,1,20,elim,2026-04-10 05:00:00,1,VCT 2026: China Stage 1,https://www.vlr.gg/642933/nova-esports-vs-trace-esports-vct-2026-china-stage-1-w2
NOVA,Split,atk,TE,0,1,21,defus,2026-04-10 05:00:00,1,VCT 2026: China Stage 1,https://www.vlr.gg/642933/nova-esports-vs-trace-esports-vct-2026-china-stage-1-w2
NOVA,Split,atk,TE,0,1,22,tim,2026-04-10 05:00:00,1,VCT 2026: China Stage 1,https://www.vlr.gg/642933/nova-esports-vs-trace-esports-vct-2026-china-stage-1-w2
NOVA,Split,atk,TE,0,1,23,elim,2026-04-10 05:00:00,1,VCT 2026: China Stage 1,https://www.vlr.gg/642933/nova-esports-vs-trace-esports-vct-2026-china-stage-1-w2
NOVA,Split,def,TE,1,0,1,elim,2026-04-10 05:00:00,1,VCT 2026: China Stage 1,https://www.vlr.gg/642933/nova-esports-vs-trace-esports-vct-2026-china-stage-1-w2
NOVA,Split,def,TE,0,1,2,elim,2026-04-10 05:00:00,1,VCT 2026: China Stage 1,https://www.vlr.gg/642933/nova-esports-vs-trace-esports-vct-2026-china-stage-1-w2
NOVA,Split,def,TE,0,1,3,elim,2026-04-10 05:00:00,1,VCT 2026: China Stage 1,https://www.vlr.gg/642933/nova-esports-vs-trace-esports-vct-2026-china-stage-1-w2
NOVA,Split,def,TE,1,0,4,tim,2026-04-10 05:00:00,1,VCT 2026: China Stage 1,https://www.vlr.gg/642933/nova-esports-vs-trace-esports-vct-2026-china-stage-1-w2
NOVA,Split,def,TE,0,1,5,boom,2026-04-10 05:00:00,1,VCT 2026: China Stage 1,https://www.vlr.gg/642933/nova-esports-vs-trace-esports-vct-2026-china-stage-1-w2
NOVA,Split,def,TE,0,1,6,boom,2026-04-10 05:00:00,1,VCT 2026: China Stage 1,https://www.vlr.gg/642933/nova-esports-vs-trace-esports-vct-2026-china-stage-1-w2
NOVA,Split,def,TE,1,0,7,elim,2026-04-10 05:00:00,1,VCT 2026: China Stage 1,https://www.vlr.gg/642933/nova-esports-vs-trace-esports-vct-2026-china-stage-1-w2
NOVA,Split,def,TE,0,1,8,elim,2026-04-10 05:00:00,1,VCT 2026: China Stage 1,https://www.vlr.gg/642933/nova-esports-vs-trace-esports-vct-2026-china-stage-1-w2
NOVA,Split,def,TE,0,1,9,elim,2026-04-10 05:00:00,1,VCT 2026: China Stage 1,https://www.vlr.gg/642933/nova-esports-vs-trace-esports-vct-2026-china-stage-1-w2
NOVA,Split,def,TE,0,1,10,elim,2026-04-10 05:00:00,1,VCT 2026: China Stage 1,https://www.vlr.gg/642933/nova-esports-vs-trace-esports-vct-2026-china-stage-1-w2
NOVA,Split,def,TE,1,0,11,elim,2026-04-10 05:00:00,1,VCT 2026: China Stage 1,https://www.vlr.gg/642933/nova-esports-vs-trace-esports-vct-2026-china-stage-1-w2
NOVA,Split,def,TE,1,0,12,elim,2026-04-10 05:00:00,1,VCT 2026: China Stage 1,https://www.vlr.gg/642933/nova-esports-vs-trace-esports-vct-2026-china-stage-1-w2
FPX,Lotus,atk,BLG,0,1,1,defus,2026-04-10 07:30:00,0,VCT 2026: China Stage 1,https://www.vlr.gg/642934/funplus-phoenix-vs-bilibili-gaming-vct-2026-china-stage-1-w2
FPX,Lotus,atk,BLG,0,1,2,elim,2026-04-10 07:30:00,0,VCT 2026: China Stage 1,https://www.vlr.gg/642934/funplus-phoenix-vs-bilibili-gaming-vct-2026-china-stage-1-w2
FPX,Lotus,atk,BLG,0,1,3,defus,2026-04-10 07:30:00,0,VCT 2026: China Stage 1,https://www.vlr.gg/642934/funplus-phoenix-vs-bilibili-gaming-vct-2026-china-stage-1-w2
FPX,Lotus,atk,BLG,0,1,4,elim,2026-04-10 07:30:00,0,VCT 2026: China Stage 1,https://www.vlr.gg/642934/funplus-phoenix-vs-bilibili-gaming-vct-2026-china-stage-1-w2
FPX,Lotus,atk,BLG,0,1,5,defus,2026-04-10 07:30:00,0,VCT 2026: China Stage 1,https://www.vlr.gg/642934/funplus-phoenix-vs-bilibili-gaming-vct-2026-china-stage-1-w2
FPX,Lotus,atk,BLG,0,1,6,elim,2026-04-10 07:30:00,0,VCT 2026: China Stage 1,https://www.vlr.gg/642934/funplus-phoenix-vs-bilibili-gaming-vct-2026-china-stage-1-w2
FPX,Lotus,atk,BLG,0,1,7,elim,2026-04-10 07:30:00,0,VCT 2026: China Stage 1,https://www.vlr.gg/642934/funplus-phoenix-vs-bilibili-gaming-vct-2026-china-stage-1-w2
FPX,Lotus,atk,BLG,1,0,8,boom,2026-04-10 07:30:00,0,VCT 2026: China Stage 1,https://www.vlr.gg/642934/funplus-phoenix-vs-bilibili-gaming-vct-2026-china-stage-1-w2
FPX,Lotus,atk,BLG,1,0,9,elim,2026-04-10 07:30:00,0,VCT 2026: China Stage 1,https://www.vlr.gg/642934/funplus-phoenix-vs-bilibili-gaming-vct-2026-china-stage-1-w2
FPX,Lotus,atk,BLG,1,0,10,elim,2026-04-10 07:30:00,0,VCT 2026: China Stage 1,https://www.vlr.gg/642934/funplus-phoenix-vs-bilibili-gaming-vct-2026-china-stage-1-w2
FPX,Lotus,atk,BLG,1,0,11,boom,2026-04-10 07:30:00,0,VCT 2026: China Stage 1,https://www.vlr.gg/642934/funplus-phoenix-vs-bilibili-gaming-vct-2026-china-stage-1-w2
FPX,Lotus,atk,BLG,1,0,12,elim,2026-04-10 07:30:00,0,VCT 2026: China Stage 1,https://www.vlr.gg/642934/funplus-phoenix-vs-bilibili-gaming-vct-2026-china-stage-1-w2
FPX,Lotus,def,BLG,1,0,13,elim,2026-04-10 07:30:00,0,VCT 2026: China Stage 1,https://www.vlr.gg/642934/funplus-phoenix-vs-bilibili-gaming-vct-2026-china-stage-1-w2
FPX,Lotus,def,BLG,0,1,14,elim,2026-04-10 07:30:00,0,VCT 2026: China Stage 1,https://www.vlr.gg/642934/funplus-phoenix-vs-bilibili-gaming-vct-2026-china-stage-1-w2
FPX,Lotus,def,BLG,0,1,15,elim,2026-04-10 07:30:00,0,VCT 2026: China Stage 1,https://www.vlr.gg/642934/funplus-phoenix-vs-bilibili-gaming-vct-2026-china-stage-1-w2
FPX,Lotus,def,BLG,1,0,16,defus,2026-04-10 07:30:00,0,VCT 2026: China Stage 1,https://www.vlr.gg/642934/funplus-phoenix-vs-bilibili-gaming-vct-2026-china-stage-1-w2
FPX,Lotus,def,BLG,1,0,17,elim,2026-04-10 07:30:00,0,VCT 2026: China Stage 1,https://www.vlr.gg/642934/funplus-phoenix-vs-bilibili-gaming-vct-2026-china-stage-1-w2
FPX,Lotus,def,BLG,0,1,18,elim,2026-04-10 07:30:00,0,VCT 2026: China Stage 1,https://www.vlr.gg/642934/funplus-phoenix-vs-bilibili-gaming-vct-2026-china-stage-1-w2
FPX,Lotus,def,BLG,0,1,19,elim,2026-04-10 07:30:00,0,VCT 2026: China Stage 1,https://www.vlr.gg/642934/funplus-phoenix-vs-bilibili-gaming-vct-2026-china-stage-1-w2
FPX,Lotus,def,BLG,0,1,20,elim,2026-04-10 07:30:00,0,VCT 2026: China Stage 1,https://www.vlr.gg/642934/funplus-phoenix-vs-bilibili-gaming-vct-2026-china-stage-1-w2
FPX,Lotus,def,BLG,0,1,21,elim,2026-04-10 07:30:00,0,VCT 2026: China Stage 1,https://www.vlr.gg/642934/funplus-phoenix-vs-bilibili-gaming-vct-2026-china-stage-1-w2
FPX,Fracture,atk,BLG,1,0,13,elim,2026-04-10 07:30:00,1,VCT 2026: China Stage 1,https://www.vlr.gg/642934/funplus-phoenix-vs-bilibili-gaming-vct-2026-china-stage-1-w2
FPX,Fracture,atk,BLG,1,0,14,elim,2026-04-10 07:30:00,1,VCT 2026: China Stage 1,https://www.vlr.gg/642934/funplus-phoenix-vs-bilibili-gaming-vct-2026-china-stage-1-w2
FPX,Fracture,atk,BLG,1,0,15,elim,2026-04-10 07:30:00,1,VCT 2026: China Stage 1,https://www.vlr.gg/642934/funplus-phoenix-vs-bilibili-gaming-vct-2026-china-stage-1-w2
FPX,Fracture,atk,BLG,0,1,16,defus,2026-04-10 07:30:00,1,VCT 2026: China Stage 1,https://www.vlr.gg/642934/funplus-phoenix-vs-bilibili-gaming-vct-2026-china-stage-1-w2
FPX,Fracture,atk,BLG,1,0,17,elim,2026-04-10 07:30:00,1,VCT 2026: China Stage 1,https://www.vlr.gg/642934/funplus-phoenix-vs-bilibili-gaming-vct-2026-china-stage-1-w2
FPX,Fracture,atk,BLG,1,0,18,elim,2026-04-10 07:30:00,1,VCT 2026: China Stage 1,https://www.vlr.gg/642934/funplus-phoenix-vs-bilibili-gaming-vct-2026-china-stage-1-w2
FPX,Fracture,atk,BLG,0,1,19,defus,2026-04-10 07:30:00,1,VCT 2026: China Stage 1,https://www.vlr.gg/642934/funplus-phoenix-vs-bilibili-gaming-vct-2026-china-stage-1-w2
FPX,Fracture,atk,BLG,1,0,20,elim,2026-04-10 07:30:00,1,VCT 2026: China Stage 1,https://www.vlr.gg/642934/funplus-phoenix-vs-bilibili-gaming-vct-2026-china-stage-1-w2
FPX,Fracture,atk,BLG,1,0,21,elim,2026-04-10 07:30:00,1,VCT 2026: China Stage 1,https://www.vlr.gg/642934/funplus-phoenix-vs-bilibili-gaming-vct-2026-china-stage-1-w2
FPX,Fracture,atk,BLG,1,0,22,elim,2026-04-10 07:30:00,1,VCT 2026: China Stage 1,https://www.vlr.gg/642934/funplus-phoenix-vs-bilibili-gaming-vct-2026-china-stage-1-w2
FPX,Fracture,def,BLG,0,1,1,elim,2026-04-10 07:30:00,1,VCT 2026: China Stage 1,https://www.vlr.gg/642934/funplus-phoenix-vs-bilibili-gaming-vct-2026-china-stage-1-w2
FPX,Fracture,def,BLG,0,1,2,boom,2026-04-10 07:30:00,1,VCT 2026: China Stage 1,https://www.vlr.gg/642934/funplus-phoenix-vs-bilibili-gaming-vct-2026-china-stage-1-w2
FPX,Fracture,def,BLG,0,1,3,boom,2026-04-10 07:30:00,1,VCT 2026: China Stage 1,https://www.vlr.gg/642934/funplus-phoenix-vs-bilibili-gaming-vct-2026-china-stage-1-w2
FPX,Fracture,def,BLG,0,1,4,elim,2026-04-10 07:30:00,1,VCT 2026: China Stage 1,https://www.vlr.gg/642934/funplus-phoenix-vs-bilibili-gaming-vct-2026-china-stage-1-w2
FPX,Fracture,def,BLG,1,0,5,elim,2026-04-10 07:30:00,1,VCT 2026: China Stage 1,https://www.vlr.gg/642934/funplus-phoenix-vs-bilibili-gaming-vct-2026-china-stage-1-w2
FPX,Fracture,def,BLG,1,0,6,elim,2026-04-10 07:30:00,1,VCT 2026: China Stage 1,https://www.vlr.gg/642934/funplus-phoenix-vs-bilibili-gaming-vct-2026-china-stage-1-w2
FPX,Fracture,def,BLG,1,0,7,elim,2026-04-10 07:30:00,1,VCT 2026: China Stage 1,https://www.vlr.gg/642934/funplus-phoenix-vs-bilibili-gaming-vct-2026-china-stage-1-w2
FPX,Fracture,def,BLG,0,1,8,elim,2026-04-10 07:30:00,1,VCT 2026: China Stage 1,https://www.vlr.gg/642934/funplus-phoenix-vs-bilibili-gaming-vct-2026-china-stage-1-w2
FPX,Fracture,def,BLG,1,0,9,defus,2026-04-10 07:30:00,1,VCT 2026: China Stage 1,https://www.vlr.gg/642934/funplus-phoenix-vs-bilibili-gaming-vct-2026-china-stage-1-w2
FPX,Fracture,def,BLG,0,1,10,boom,2026-04-10 07:30:00,1,VCT 2026: China Stage 1,https://www.vlr.gg/642934/funplus-phoenix-vs-bilibili-gaming-vct-2026-china-stage-1-w2
FPX,Fracture,def,BLG,0,1,11,elim,2026-04-10 07:30:00,1,VCT 2026: China Stage 1,https://www.vlr.gg/642934/funplus-phoenix-vs-bilibili-gaming-vct-2026-china-stage-1-w2
FPX,Fracture,def,BLG,1,0,12,defus,2026-04-10 07:30:00,1,VCT 2026: China Stage 1,https://www.vlr.gg/642934/funplus-phoenix-vs-bilibili-gaming-vct-2026-china-stage-1-w2
FPX,Pearl,atk,BLG,0,1,13,defus,2026-04-10 07:30:00,2,VCT 2026: China Stage 1,https://www.vlr.gg/642934/funplus-phoenix-vs-bilibili-gaming-vct-2026-china-stage-1-w2
FPX,Pearl,atk,BLG,0,1,14,elim,2026-04-10 07:30:00,2,VCT 2026: China Stage 1,https://www.vlr.gg/642934/funplus-phoenix-vs-bilibili-gaming-vct-2026-china-stage-1-w2
FPX,Pearl,atk,BLG,0,1,15,defus,2026-04-10 07:30:00,2,VCT 2026: China Stage 1,https://www.vlr.gg/642934/funplus-phoenix-vs-bilibili-gaming-vct-2026-china-stage-1-w2
FPX,Pearl,def,BLG,0,1,1,elim,2026-04-10 07:30:00,2,VCT 2026: China Stage 1,https://www.vlr.gg/642934/funplus-phoenix-vs-bilibili-gaming-vct-2026-china-stage-1-w2
FPX,Pearl,def,BLG,0,1,2,boom,2026-04-10 07:30:00,2,VCT 2026: China Stage 1,https://www.vlr.gg/642934/funplus-phoenix-vs-bilibili-gaming-vct-2026-china-stage-1-w2
FPX,Pearl,def,BLG,0,1,3,elim,2026-04-10 07:30:00,2,VCT 2026: China Stage 1,https://www.vlr.gg/642934/funplus-phoenix-vs-bilibili-gaming-vct-2026-china-stage-1-w2
FPX,Pearl,def,BLG,0,1,4,elim,2026-04-10 07:30:00,2,VCT 2026: China Stage 1,https://www.vlr.gg/642934/funplus-phoenix-vs-bilibili-gaming-vct-2026-china-stage-1-w2
FPX,Pearl,def,BLG,0,1,5,boom,2026-04-10 07:30:00,2,VCT 2026: China Stage 1,https://www.vlr.gg/642934/funplus-phoenix-vs-bilibili-gaming-vct-2026-china-stage-1-w2
FPX,Pearl,def,BLG,0,1,6,boom,2026-04-10 07:30:00,2,VCT 2026: China Stage 1,https://www.vlr.gg/642934/funplus-phoenix-vs-bilibili-gaming-vct-2026-china-stage-1-w2
FPX,Pearl,def,BLG,0,1,7,elim,2026-04-10 07:30:00,2,VCT 2026: China Stage 1,https://www.vlr.gg/642934/funplus-phoenix-vs-bilibili-gaming-vct-2026-china-stage-1-w2
FPX,Pearl,def,BLG,1,0,8,defus,2026-04-10 07:30:00,2,VCT 2026: China Stage 1,https://www.vlr.gg/642934/funplus-phoenix-vs-bilibili-gaming-vct-2026-china-stage-1-w2
FPX,Pearl,def,BLG,0,1,9,elim,2026-04-10 07:30:00,2,VCT 2026: China Stage 1,https://www.vlr.gg/642934/funplus-phoenix-vs-bilibili-gaming-vct-2026-china-stage-1-w2
FPX,Pearl,def,BLG,1,0,10,tim,2026-04-10 07:30:00,2,VCT 2026: China Stage 1,https://www.vlr.gg/642934/funplus-phoenix-vs-bilibili-gaming-vct-2026-china-stage-1-w2
FPX,Pearl,def,BLG,0,1,11,elim,2026-04-10 07:30:00,2,VCT 2026: China Stage 1,https://www.vlr.gg/642934/funplus-phoenix-vs-bilibili-gaming-vct-2026-china-stage-1-w2
FPX,Pearl,def,BLG,0,1,12,elim,2026-04-10 07:30:00,2,VCT 2026: China Stage 1,https://www.vlr.gg/642934/funplus-phoenix-vs-bilibili-gaming-vct-2026-china-stage-1-w2
AG,Bind,atk,TYL,0,1,1,elim,2026-04-11 05:00:00,0,VCT 2026: China Stage 1,https://www.vlr.gg/642935/all-gamers-vs-tyloo-vct-2026-china-stage-1-w2
AG,Bind,atk,TYL,0,1,2,defus,2026-04-11 05:00:00,0,VCT 2026: China Stage 1,https://www.vlr.gg/642935/all-gamers-vs-tyloo-vct-2026-china-stage-1-w2
AG,Bind,atk,TYL,0,1,3,elim,2026-04-11 05:00:00,0,VCT 2026: China Stage 1,https://www.vlr.gg/642935/all-gamers-vs-tyloo-vct-2026-china-stage-1-w2
AG,Bind,atk,TYL,1,0,4,boom,2026-04-11 05:00:00,0,VCT 2026: China Stage 1,https://www.vlr.gg/642935/all-gamers-vs-tyloo-vct-2026-china-stage-1-w2
AG,Bind,atk,TYL,0,1,5,defus,2026-04-11 05:00:00,0,VCT 2026: China Stage 1,https://www.vlr.gg/642935/all-gamers-vs-tyloo-vct-2026-china-stage-1-w2
AG,Bind,atk,TYL,0,1,6,defus,2026-04-11 05:00:00,0,VCT 2026: China Stage 1,https://www.vlr.gg/642935/all-gamers-vs-tyloo-vct-2026-china-stage-1-w2
AG,Bind,atk,TYL,0,1,7,elim,2026-04-11 05:00:00,0,VCT 2026: China Stage 1,https://www.vlr.gg/642935/all-gamers-vs-tyloo-vct-2026-china-stage-1-w2
AG,Bind,atk,TYL,1,0,8,elim,2026-04-11 05:00:00,0,VCT 2026: China Stage 1,https://www.vlr.gg/642935/all-gamers-vs-tyloo-vct-2026-china-stage-1-w2
AG,Bind,atk,TYL,0,1,9,elim,2026-04-11 05:00:00,0,VCT 2026: China Stage 1,https://www.vlr.gg/642935/all-gamers-vs-tyloo-vct-2026-china-stage-1-w2
AG,Bind,atk,TYL,1,0,10,elim,2026-04-11 05:00:00,0,VCT 2026: China Stage 1,https://www.vlr.gg/642935/all-gamers-vs-tyloo-vct-2026-china-stage-1-w2
AG,Bind,atk,TYL,1,0,11,boom,2026-04-11 05:00:00,0,VCT 2026: China Stage 1,https://www.vlr.gg/642935/all-gamers-vs-tyloo-vct-2026-china-stage-1-w2
AG,Bind,atk,TYL,0,1,12,elim,2026-04-11 05:00:00,0,VCT 2026: China Stage 1,https://www.vlr.gg/642935/all-gamers-vs-tyloo-vct-2026-china-stage-1-w2
AG,Bind,def,TYL,0,1,13,elim,2026-04-11 05:00:00,0,VCT 2026: China Stage 1,https://www.vlr.gg/642935/all-gamers-vs-tyloo-vct-2026-china-stage-1-w2
AG,Bind,def,TYL,0,1,14,boom,2026-04-11 05:00:00,0,VCT 2026: China Stage 1,https://www.vlr.gg/642935/all-gamers-vs-tyloo-vct-2026-china-stage-1-w2
AG,Bind,def,TYL,0,1,15,boom,2026-04-11 05:00:00,0,VCT 2026: China Stage 1,https://www.vlr.gg/642935/all-gamers-vs-tyloo-vct-2026-china-stage-1-w2
AG,Bind,def,TYL,1,0,16,defus,2026-04-11 05:00:00,0,VCT 2026: China Stage 1,https://www.vlr.gg/642935/all-gamers-vs-tyloo-vct-2026-china-stage-1-w2
AG,Bind,def,TYL,0,1,17,elim,2026-04-11 05:00:00,0,VCT 2026: China Stage 1,https://www.vlr.gg/642935/all-gamers-vs-tyloo-vct-2026-china-stage-1-w2
AG,Bind,def,TYL,0,1,18,elim,2026-04-11 05:00:00,0,VCT 2026: China Stage 1,https://www.vlr.gg/642935/all-gamers-vs-tyloo-vct-2026-china-stage-1-w2
AG,Haven,atk,TYL,1,0,13,elim,2026-04-11 05:00:00,1,VCT 2026: China Stage 1,https://www.vlr.gg/642935/all-gamers-vs-tyloo-vct-2026-china-stage-1-w2
AG,Haven,atk,TYL,1,0,14,elim,2026-04-11 05:00:00,1,VCT 2026: China Stage 1,https://www.vlr.gg/642935/all-gamers-vs-tyloo-vct-2026-china-stage-1-w2
AG,Haven,atk,TYL,1,0,15,elim,2026-04-11 05:00:00,1,VCT 2026: China Stage 1,https://www.vlr.gg/642935/all-gamers-vs-tyloo-vct-2026-china-stage-1-w2
AG,Haven,atk,TYL,1,0,16,elim,2026-04-11 05:00:00,1,VCT 2026: China Stage 1,https://www.vlr.gg/642935/all-gamers-vs-tyloo-vct-2026-china-stage-1-w2
AG,Haven,atk,TYL,1,0,17,elim,2026-04-11 05:00:00,1,VCT 2026: China Stage 1,https://www.vlr.gg/642935/all-gamers-vs-tyloo-vct-2026-china-stage-1-w2
AG,Haven,atk,TYL,1,0,18,elim,2026-04-11 05:00:00,1,VCT 2026: China Stage 1,https://www.vlr.gg/642935/all-gamers-vs-tyloo-vct-2026-china-stage-1-w2
AG,Haven,atk,TYL,0,1,19,elim,2026-04-11 05:00:00,1,VCT 2026: China Stage 1,https://www.vlr.gg/642935/all-gamers-vs-tyloo-vct-2026-china-stage-1-w2
AG,Haven,atk,TYL,0,1,20,defus,2026-04-11 05:00:00,1,VCT 2026: China Stage 1,https://www.vlr.gg/642935/all-gamers-vs-tyloo-vct-2026-china-stage-1-w2
AG,Haven,atk,TYL,1,0,21,elim,2026-04-11 05:00:00,1,VCT 2026: China Stage 1,https://www.vlr.gg/642935/all-gamers-vs-tyloo-vct-2026-china-stage-1-w2
AG,Haven,atk,TYL,1,0,22,elim,2026-04-11 05:00:00,1,VCT 2026: China Stage 1,https://www.vlr.gg/642935/all-gamers-vs-tyloo-vct-2026-china-stage-1-w2
AG,Haven,def,TYL,1,0,1,defus,2026-04-11 05:00:00,1,VCT 2026: China Stage 1,https://www.vlr.gg/642935/all-gamers-vs-tyloo-vct-2026-china-stage-1-w2
AG,Haven,def,TYL,0,1,2,elim,2026-04-11 05:00:00,1,VCT 2026: China Stage 1,https://www.vlr.gg/642935/all-gamers-vs-tyloo-vct-2026-china-stage-1-w2
AG,Haven,def,TYL,0,1,3,elim,2026-04-11 05:00:00,1,VCT 2026: China Stage 1,https://www.vlr.gg/642935/all-gamers-vs-tyloo-vct-2026-china-stage-1-w2
AG,Haven,def,TYL,0,1,4,elim,2026-04-11 05:00:00,1,VCT 2026: China Stage 1,https://www.vlr.gg/642935/all-gamers-vs-tyloo-vct-2026-china-stage-1-w2
AG,Haven,def,TYL,1,0,5,elim,2026-04-11 05:00:00,1,VCT 2026: China Stage 1,https://www.vlr.gg/642935/all-gamers-vs-tyloo-vct-2026-china-stage-1-w2
AG,Haven,def,TYL,0,1,6,elim,2026-04-11 05:00:00,1,VCT 2026: China Stage 1,https://www.vlr.gg/642935/all-gamers-vs-tyloo-vct-2026-china-stage-1-w2
AG,Haven,def,TYL,1,0,7,defus,2026-04-11 05:00:00,1,VCT 2026: China Stage 1,https://www.vlr.gg/642935/all-gamers-vs-tyloo-vct-2026-china-stage-1-w2
AG,Haven,def,TYL,0,1,8,elim,2026-04-11 05:00:00,1,VCT 2026: China Stage 1,https://www.vlr.gg/642935/all-gamers-vs-tyloo-vct-2026-china-stage-1-w2
AG,Haven,def,TYL,0,1,9,elim,2026-04-11 05:00:00,1,VCT 2026: China Stage 1,https://www.vlr.gg/642935/all-gamers-vs-tyloo-vct-2026-china-stage-1-w2
AG,Haven,def,TYL,1,0,10,defus,2026-04-11 05:00:00,1,VCT 2026: China Stage 1,https://www.vlr.gg/642935/all-gamers-vs-tyloo-vct-2026-china-stage-1-w2
AG,Haven,def,TYL,0,1,11,boom,2026-04-11 05:00:00,1,VCT 2026: China Stage 1,https://www.vlr.gg/642935/all-gamers-vs-tyloo-vct-2026-china-stage-1-w2
AG,Haven,def,TYL,1,0,12,elim,2026-04-11 05:00:00,1,VCT 2026: China Stage 1,https://www.vlr.gg/642935/all-gamers-vs-tyloo-vct-2026-china-stage-1-w2
AG,Breeze,atk,TYL,0,1,13,defus,2026-04-11 05:00:00,2,VCT 2026: China Stage 1,https://www.vlr.gg/642935/all-gamers-vs-tyloo-vct-2026-china-stage-1-w2
AG,Breeze,atk,TYL,0,1,14,elim,2026-04-11 05:00:00,2,VCT 2026: China Stage 1,https://www.vlr.gg/642935/all-gamers-vs-tyloo-vct-2026-china-stage-1-w2
AG,Breeze,atk,TYL,1,0,15,elim,2026-04-11 05:00:00,2,VCT 2026: China Stage 1,https://www.vlr.gg/642935/all-gamers-vs-tyloo-vct-2026-china-stage-1-w2
AG,Breeze,atk,TYL,1,0,16,boom,2026-04-11 05:00:00,2,VCT 2026: China Stage 1,https://www.vlr.gg/642935/all-gamers-vs-tyloo-vct-2026-china-stage-1-w2
AG,Breeze,atk,TYL,0,1,17,defus,2026-04-11 05:00:00,2,VCT 2026: China Stage 1,https://www.vlr.gg/642935/all-gamers-vs-tyloo-vct-2026-china-stage-1-w2
AG,Breeze,atk,TYL,0,1,18,defus,2026-04-11 05:00:00,2,VCT 2026: China Stage 1,https://www.vlr.gg/642935/all-gamers-vs-tyloo-vct-2026-china-stage-1-w2
AG,Breeze,atk,TYL,0,1,19,elim,2026-04-11 05:00:00,2,VCT 2026: China Stage 1,https://www.vlr.gg/642935/all-gamers-vs-tyloo-vct-2026-china-stage-1-w2
AG,Breeze,def,TYL,0,1,1,elim,2026-04-11 05:00:00,2,VCT 2026: China Stage 1,https://www.vlr.gg/642935/all-gamers-vs-tyloo-vct-2026-china-stage-1-w2
AG,Breeze,def,TYL,0,1,2,elim,2026-04-11 05:00:00,2,VCT 2026: China Stage 1,https://www.vlr.gg/642935/all-gamers-vs-tyloo-vct-2026-china-stage-1-w2
AG,Breeze,def,TYL,1,0,3,elim,2026-04-11 05:00:00,2,VCT 2026: China Stage 1,https://www.vlr.gg/642935/all-gamers-vs-tyloo-vct-2026-china-stage-1-w2
AG,Breeze,def,TYL,0,1,4,elim,2026-04-11 05:00:00,2,VCT 2026: China Stage 1,https://www.vlr.gg/642935/all-gamers-vs-tyloo-vct-2026-china-stage-1-w2
AG,Breeze,def,TYL,0,1,5,boom,2026-04-11 05:00:00,2,VCT 2026: China Stage 1,https://www.vlr.gg/642935/all-gamers-vs-tyloo-vct-2026-china-stage-1-w2
AG,Breeze,def,TYL,1,0,6,elim,2026-04-11 05:00:00,2,VCT 2026: China Stage 1,https://www.vlr.gg/642935/all-gamers-vs-tyloo-vct-2026-china-stage-1-w2
AG,Breeze,def,TYL,0,1,7,elim,2026-04-11 05:00:00,2,VCT 2026: China Stage 1,https://www.vlr.gg/642935/all-gamers-vs-tyloo-vct-2026-china-stage-1-w2
AG,Breeze,def,TYL,0,1,8,elim,2026-04-11 05:00:00,2,VCT 2026: China Stage 1,https://www.vlr.gg/642935/all-gamers-vs-tyloo-vct-2026-china-stage-1-w2
AG,Breeze,def,TYL,0,1,9,elim,2026-04-11 05:00:00,2,VCT 2026: China Stage 1,https://www.vlr.gg/642935/all-gamers-vs-tyloo-vct-2026-china-stage-1-w2
AG,Breeze,def,TYL,1,0,10,defus,2026-04-11 05:00:00,2,VCT 2026: China Stage 1,https://www.vlr.gg/642935/all-gamers-vs-tyloo-vct-2026-china-stage-1-w2
AG,Breeze,def,TYL,0,1,11,boom,2026-04-11 05:00:00,2,VCT 2026: China Stage 1,https://www.vlr.gg/642935/all-gamers-vs-tyloo-vct-2026-china-stage-1-w2
AG,Breeze,def,TYL,1,0,12,defus,2026-04-11 05:00:00,2,VCT 2026: China Stage 1,https://www.vlr.gg/642935/all-gamers-vs-tyloo-vct-2026-china-stage-1-w2
EDG,Breeze,atk,DRG,1,0,1,elim,2026-04-11 08:15:00,0,VCT 2026: China Stage 1,https://www.vlr.gg/642936/edward-gaming-vs-dragon-ranger-gaming-vct-2026-china-stage-1-w2
EDG,Breeze,atk,DRG,1,0,2,elim,2026-04-11 08:15:00,0,VCT 2026: China Stage 1,https://www.vlr.gg/642936/edward-gaming-vs-dragon-ranger-gaming-vct-2026-china-stage-1-w2
EDG,Breeze,atk,DRG,0,1,3,elim,2026-04-11 08:15:00,0,VCT 2026: China Stage 1,https://www.vlr.gg/642936/edward-gaming-vs-dragon-ranger-gaming-vct-2026-china-stage-1-w2
EDG,Breeze,atk,DRG,1,0,4,elim,2026-04-11 08:15:00,0,VCT 2026: China Stage 1,https://www.vlr.gg/642936/edward-gaming-vs-dragon-ranger-gaming-vct-2026-china-stage-1-w2
EDG,Breeze,atk,DRG,1,0,5,boom,2026-04-11 08:15:00,0,VCT 2026: China Stage 1,https://www.vlr.gg/642936/edward-gaming-vs-dragon-ranger-gaming-vct-2026-china-stage-1-w2
EDG,Breeze,atk,DRG,1,0,6,elim,2026-04-11 08:15:00,0,VCT 2026: China Stage 1,https://www.vlr.gg/642936/edward-gaming-vs-dragon-ranger-gaming-vct-2026-china-stage-1-w2
EDG,Breeze,atk,DRG,0,1,7,tim,2026-04-11 08:15:00,0,VCT 2026: China Stage 1,https://www.vlr.gg/642936/edward-gaming-vs-dragon-ranger-gaming-vct-2026-china-stage-1-w2
EDG,Breeze,atk,DRG,0,1,8,elim,2026-04-11 08:15:00,0,VCT 2026: China Stage 1,https://www.vlr.gg/642936/edward-gaming-vs-dragon-ranger-gaming-vct-2026-china-stage-1-w2
EDG,Breeze,atk,DRG,1,0,9,boom,2026-04-11 08:15:00,0,VCT 2026: China Stage 1,https://www.vlr.gg/642936/edward-gaming-vs-dragon-ranger-gaming-vct-2026-china-stage-1-w2
EDG,Breeze,atk,DRG,1,0,10,boom,2026-04-11 08:15:00,0,VCT 2026: China Stage 1,https://www.vlr.gg/642936/edward-gaming-vs-dragon-ranger-gaming-vct-2026-china-stage-1-w2
EDG,Breeze,atk,DRG,0,1,11,elim,2026-04-11 08:15:00,0,VCT 2026: China Stage 1,https://www.vlr.gg/642936/edward-gaming-vs-dragon-ranger-gaming-vct-2026-china-stage-1-w2
EDG,Breeze,atk,DRG,0,1,12,elim,2026-04-11 08:15:00,0,VCT 2026: China Stage 1,https://www.vlr.gg/642936/edward-gaming-vs-dragon-ranger-gaming-vct-2026-china-stage-1-w2
EDG,Breeze,def,DRG,1,0,13,defus,2026-04-11 08:15:00,0,VCT 2026: China Stage 1,https://www.vlr.gg/642936/edward-gaming-vs-dragon-ranger-gaming-vct-2026-china-stage-1-w2
EDG,Breeze,def,DRG,1,0,14,elim,2026-04-11 08:15:00,0,VCT 2026: China Stage 1,https://www.vlr.gg/642936/edward-gaming-vs-dragon-ranger-gaming-vct-2026-china-stage-1-w2
EDG,Breeze,def,DRG,1,0,15,elim,2026-04-11 08:15:00,0,VCT 2026: China Stage 1,https://www.vlr.gg/642936/edward-gaming-vs-dragon-ranger-gaming-vct-2026-china-stage-1-w2
EDG,Breeze,def,DRG,1,0,16,defus,2026-04-11 08:15:00,0,VCT 2026: China Stage 1,https://www.vlr.gg/642936/edward-gaming-vs-dragon-ranger-gaming-vct-2026-china-stage-1-w2
EDG,Breeze,def,DRG,1,0,17,tim,2026-04-11 08:15:00,0,VCT 2026: China Stage 1,https://www.vlr.gg/642936/edward-gaming-vs-dragon-ranger-gaming-vct-2026-china-stage-1-w2
EDG,Breeze,def,DRG,1,0,18,defus,2026-04-11 08:15:00,0,VCT 2026: China Stage 1,https://www.vlr.gg/642936/edward-gaming-vs-dragon-ranger-gaming-vct-2026-china-stage-1-w2
EDG,Lotus,atk,DRG,0,1,13,defus,2026-04-11 08:15:00,1,VCT 2026: China Stage 1,https://www.vlr.gg/642936/edward-gaming-vs-dragon-ranger-gaming-vct-2026-china-stage-1-w2
EDG,Lotus,atk,DRG,0,1,14,elim,2026-04-11 08:15:00,1,VCT 2026: China Stage 1,https://www.vlr.gg/642936/edward-gaming-vs-dragon-ranger-gaming-vct-2026-china-stage-1-w2
EDG,Lotus,atk,DRG,1,0,15,elim,2026-04-11 08:15:00,1,VCT 2026: China Stage 1,https://www.vlr.gg/642936/edward-gaming-vs-dragon-ranger-gaming-vct-2026-china-stage-1-w2
EDG,Lotus,atk,DRG,0,1,16,elim,2026-04-11 08:15:00,1,VCT 2026: China Stage 1,https://www.vlr.gg/642936/edward-gaming-vs-dragon-ranger-gaming-vct-2026-china-stage-1-w2
EDG,Lotus,atk,DRG,1,0,17,elim,2026-04-11 08:15:00,1,VCT 2026: China Stage 1,https://www.vlr.gg/642936/edward-gaming-vs-dragon-ranger-gaming-vct-2026-china-stage-1-w2
EDG,Lotus,atk,DRG,1,0,18,elim,2026-04-11 08:15:00,1,VCT 2026: China Stage 1,https://www.vlr.gg/642936/edward-gaming-vs-dragon-ranger-gaming-vct-2026-china-stage-1-w2
EDG,Lotus,atk,DRG,0,1,19,defus,2026-04-11 08:15:00,1,VCT 2026: China Stage 1,https://www.vlr.gg/642936/edward-gaming-vs-dragon-ranger-gaming-vct-2026-china-stage-1-w2
EDG,Lotus,def,DRG,0,1,1,elim,2026-04-11 08:15:00,1,VCT 2026: China Stage 1,https://www.vlr.gg/642936/edward-gaming-vs-dragon-ranger-gaming-vct-2026-china-stage-1-w2
EDG,Lotus,def,DRG,0,1,2,boom,2026-04-11 08:15:00,1,VCT 2026: China Stage 1,https://www.vlr.gg/642936/edward-gaming-vs-dragon-ranger-gaming-vct-2026-china-stage-1-w2
EDG,Lotus,def,DRG,1,0,3,defus,2026-04-11 08:15:00,1,VCT 2026: China Stage 1,https://www.vlr.gg/642936/edward-gaming-vs-dragon-ranger-gaming-vct-2026-china-stage-1-w2
EDG,Lotus,def,DRG,0,1,4,elim,2026-04-11 08:15:00,1,VCT 2026: China Stage 1,https://www.vlr.gg/642936/edward-gaming-vs-dragon-ranger-gaming-vct-2026-china-stage-1-w2
EDG,Lotus,def,DRG,0,1,5,elim,2026-04-11 08:15:00,1,VCT 2026: China Stage 1,https://www.vlr.gg/642936/edward-gaming-vs-dragon-ranger-gaming-vct-2026-china-stage-1-w2
EDG,Lotus,def,DRG,0,1,6,elim,2026-04-11 08:15:00,1,VCT 2026: China Stage 1,https://www.vlr.gg/642936/edward-gaming-vs-dragon-ranger-gaming-vct-2026-china-stage-1-w2
EDG,Lotus,def,DRG,0,1,7,elim,2026-04-11 08:15:00,1,VCT 2026: China Stage 1,https://www.vlr.gg/642936/edward-gaming-vs-dragon-ranger-gaming-vct-2026-china-stage-1-w2
EDG,Lotus,def,DRG,0,1,8,elim,2026-04-11 08:15:00,1,VCT 2026: China Stage 1,https://www.vlr.gg/642936/edward-gaming-vs-dragon-ranger-gaming-vct-2026-china-stage-1-w2
EDG,Lotus,def,DRG,1,0,9,defus,2026-04-11 08:15:00,1,VCT 2026: China Stage 1,https://www.vlr.gg/642936/edward-gaming-vs-dragon-ranger-gaming-vct-2026-china-stage-1-w2
EDG,Lotus,def,DRG,1,0,10,elim,2026-04-11 08:15:00,1,VCT 2026: China Stage 1,https://www.vlr.gg/642936/edward-gaming-vs-dragon-ranger-gaming-vct-2026-china-stage-1-w2
EDG,Lotus,def,DRG,0,1,11,elim,2026-04-11 08:15:00,1,VCT 2026: China Stage 1,https://www.vlr.gg/642936/edward-gaming-vs-dragon-ranger-gaming-vct-2026-china-stage-1-w2
EDG,Lotus,def,DRG,0,1,12,elim,2026-04-11 08:15:00,1,VCT 2026: China Stage 1,https://www.vlr.gg/642936/edward-gaming-vs-dragon-ranger-gaming-vct-2026-china-stage-1-w2
EDG,Split,atk,DRG,1,0,1,elim,2026-04-11 08:15:00,2,VCT 2026: China Stage 1,https://www.vlr.gg/642936/edward-gaming-vs-dragon-ranger-gaming-vct-2026-china-stage-1-w2
EDG,Split,atk,DRG,1,0,2,elim,2026-04-11 08:15:00,2,VCT 2026: China Stage 1,https://www.vlr.gg/642936/edward-gaming-vs-dragon-ranger-gaming-vct-2026-china-stage-1-w2
EDG,Split,atk,DRG,0,1,3,elim,2026-04-11 08:15:00,2,VCT 2026: China Stage 1,https://www.vlr.gg/642936/edward-gaming-vs-dragon-ranger-gaming-vct-2026-china-stage-1-w2
EDG,Split,atk,DRG,1,0,4,elim,2026-04-11 08:15:00,2,VCT 2026: China Stage 1,https://www.vlr.gg/642936/edward-gaming-vs-dragon-ranger-gaming-vct-2026-china-stage-1-w2
EDG,Split,atk,DRG,0,1,5,elim,2026-04-11 08:15:00,2,VCT 2026: China Stage 1,https://www.vlr.gg/642936/edward-gaming-vs-dragon-ranger-gaming-vct-2026-china-stage-1-w2
EDG,Split,atk,DRG,0,1,6,defus,2026-04-11 08:15:00,2,VCT 2026: China Stage 1,https://www.vlr.gg/642936/edward-gaming-vs-dragon-ranger-gaming-vct-2026-china-stage-1-w2
EDG,Split,atk,DRG,1,0,7,elim,2026-04-11 08:15:00,2,VCT 2026: China Stage 1,https://www.vlr.gg/642936/edward-gaming-vs-dragon-ranger-gaming-vct-2026-china-stage-1-w2
EDG,Split,atk,DRG,0,1,8,elim,2026-04-11 08:15:00,2,VCT 2026: China Stage 1,https://www.vlr.gg/642936/edward-gaming-vs-dragon-ranger-gaming-vct-2026-china-stage-1-w2
EDG,Split,atk,DRG,1,0,9,elim,2026-04-11 08:15:00,2,VCT 2026: China Stage 1,https://www.vlr.gg/642936/edward-gaming-vs-dragon-ranger-gaming-vct-2026-china-stage-1-w2
EDG,Split,atk,DRG,1,0,10,elim,2026-04-11 08:15:00,2,VCT 2026: China Stage 1,https://www.vlr.gg/642936/edward-gaming-vs-dragon-ranger-gaming-vct-2026-china-stage-1-w2
EDG,Split,atk,DRG,0,1,11,defus,2026-04-11 08:15:00,2,VCT 2026: China Stage 1,https://www.vlr.gg/642936/edward-gaming-vs-dragon-ranger-gaming-vct-2026-china-stage-1-w2
EDG,Split,atk,DRG,0,1,12,defus,2026-04-11 08:15:00,2,VCT 2026: China Stage 1,https://www.vlr.gg/642936/edward-gaming-vs-dragon-ranger-gaming-vct-2026-china-stage-1-w2
EDG,Split,def,DRG,1,0,13,defus,2026-04-11 08:15:00,2,VCT 2026: China Stage 1,https://www.vlr.gg/642936/edward-gaming-vs-dragon-ranger-gaming-vct-2026-china-stage-1-w2
EDG,Split,def,DRG,1,0,14,elim,2026-04-11 08:15:00,2,VCT 2026: China Stage 1,https://www.vlr.gg/642936/edward-gaming-vs-dragon-ranger-gaming-vct-2026-china-stage-1-w2
EDG,Split,def,DRG,0,1,15,boom,2026-04-11 08:15:00,2,VCT 2026: China Stage 1,https://www.vlr.gg/642936/edward-gaming-vs-dragon-ranger-gaming-vct-2026-china-stage-1-w2
EDG,Split,def,DRG,0,1,16,boom,2026-04-11 08:15:00,2,VCT 2026: China Stage 1,https://www.vlr.gg/642936/edward-gaming-vs-dragon-ranger-gaming-vct-2026-china-stage-1-w2
EDG,Split,def,DRG,0,1,17,elim,2026-04-11 08:15:00,2,VCT 2026: China Stage 1,https://www.vlr.gg/642936/edward-gaming-vs-dragon-ranger-gaming-vct-2026-china-stage-1-w2
EDG,Split,def,DRG,1,0,18,elim,2026-04-11 08:15:00,2,VCT 2026: China Stage 1,https://www.vlr.gg/642936/edward-gaming-vs-dragon-ranger-gaming-vct-2026-china-stage-1-w2
EDG,Split,def,DRG,1,0,19,elim,2026-04-11 08:15:00,2,VCT 2026: China Stage 1,https://www.vlr.gg/642936/edward-gaming-vs-dragon-ranger-gaming-vct-2026-china-stage-1-w2
EDG,Split,def,DRG,1,0,20,elim,2026-04-11 08:15:00,2,VCT 2026: China Stage 1,https://www.vlr.gg/642936/edward-gaming-vs-dragon-ranger-gaming-vct-2026-china-stage-1-w2
EDG,Split,def,DRG,1,0,21,defus,2026-04-11 08:15:00,2,VCT 2026: China Stage 1,https://www.vlr.gg/642936/edward-gaming-vs-dragon-ranger-gaming-vct-2026-china-stage-1-w2
EDG,Split,def,DRG,1,0,22,defus,2026-04-11 08:15:00,2,VCT 2026: China Stage 1,https://www.vlr.gg/642936/edward-gaming-vs-dragon-ranger-gaming-vct-2026-china-stage-1-w2
JDG,Fracture,atk,TEC,1,0,1,elim,2026-04-12 05:00:00,0,VCT 2026: China Stage 1,https://www.vlr.gg/642937/jdg-esports-vs-titan-esports-club-vct-2026-china-stage-1-w2
JDG,Fracture,atk,TEC,1,0,2,elim,2026-04-12 05:00:00,0,VCT 2026: China Stage 1,https://www.vlr.gg/642937/jdg-esports-vs-titan-esports-club-vct-2026-china-stage-1-w2
JDG,Fracture,atk,TEC,0,1,3,elim,2026-04-12 05:00:00,0,VCT 2026: China Stage 1,https://www.vlr.gg/642937/jdg-esports-vs-titan-esports-club-vct-2026-china-stage-1-w2
JDG,Fracture,atk,TEC,1,0,4,boom,2026-04-12 05:00:00,0,VCT 2026: China Stage 1,https://www.vlr.gg/642937/jdg-esports-vs-titan-esports-club-vct-2026-china-stage-1-w2
JDG,Fracture,atk,TEC,1,0,5,elim,2026-04-12 05:00:00,0,VCT 2026: China Stage 1,https://www.vlr.gg/642937/jdg-esports-vs-titan-esports-club-vct-2026-china-stage-1-w2
JDG,Fracture,atk,TEC,1,0,6,elim,2026-04-12 05:00:00,0,VCT 2026: China Stage 1,https://www.vlr.gg/642937/jdg-esports-vs-titan-esports-club-vct-2026-china-stage-1-w2
JDG,Fracture,atk,TEC,1,0,7,elim,2026-04-12 05:00:00,0,VCT 2026: China Stage 1,https://www.vlr.gg/642937/jdg-esports-vs-titan-esports-club-vct-2026-china-stage-1-w2
JDG,Fracture,atk,TEC,0,1,8,defus,2026-04-12 05:00:00,0,VCT 2026: China Stage 1,https://www.vlr.gg/642937/jdg-esports-vs-titan-esports-club-vct-2026-china-stage-1-w2
JDG,Fracture,atk,TEC,0,1,9,defus,2026-04-12 05:00:00,0,VCT 2026: China Stage 1,https://www.vlr.gg/642937/jdg-esports-vs-titan-esports-club-vct-2026-china-stage-1-w2
JDG,Fracture,atk,TEC,0,1,10,elim,2026-04-12 05:00:00,0,VCT 2026: China Stage 1,https://www.vlr.gg/642937/jdg-esports-vs-titan-esports-club-vct-2026-china-stage-1-w2
JDG,Fracture,atk,TEC,0,1,11,defus,2026-04-12 05:00:00,0,VCT 2026: China Stage 1,https://www.vlr.gg/642937/jdg-esports-vs-titan-esports-club-vct-2026-china-stage-1-w2
JDG,Fracture,atk,TEC,0,1,12,elim,2026-04-12 05:00:00,0,VCT 2026: China Stage 1,https://www.vlr.gg/642937/jdg-esports-vs-titan-esports-club-vct-2026-china-stage-1-w2
JDG,Fracture,atk,TEC,1,0,25,elim,2026-04-12 05:00:00,0,VCT 2026: China Stage 1,https://www.vlr.gg/642937/jdg-esports-vs-titan-esports-club-vct-2026-china-stage-1-w2
JDG,Fracture,def,TEC,0,1,13,elim,2026-04-12 05:00:00,0,VCT 2026: China Stage 1,https://www.vlr.gg/642937/jdg-esports-vs-titan-esports-club-vct-2026-china-stage-1-w2
JDG,Fracture,def,TEC,0,1,14,elim,2026-04-12 05:00:00,0,VCT 2026: China Stage 1,https://www.vlr.gg/642937/jdg-esports-vs-titan-esports-club-vct-2026-china-stage-1-w2
JDG,Fracture,def,TEC,1,0,15,elim,2026-04-12 05:00:00,0,VCT 2026: China Stage 1,https://www.vlr.gg/642937/jdg-esports-vs-titan-esports-club-vct-2026-china-stage-1-w2
JDG,Fracture,def,TEC,0,1,16,elim,2026-04-12 05:00:00,0,VCT 2026: China Stage 1,https://www.vlr.gg/642937/jdg-esports-vs-titan-esports-club-vct-2026-china-stage-1-w2
JDG,Fracture,def,TEC,0,1,17,elim,2026-04-12 05:00:00,0,VCT 2026: China Stage 1,https://www.vlr.gg/642937/jdg-esports-vs-titan-esports-club-vct-2026-china-stage-1-w2
JDG,Fracture,def,TEC,1,0,18,defus,2026-04-12 05:00:00,0,VCT 2026: China Stage 1,https://www.vlr.gg/642937/jdg-esports-vs-titan-esports-club-vct-2026-china-stage-1-w2
JDG,Fracture,def,TEC,1,0,19,defus,2026-04-12 05:00:00,0,VCT 2026: China Stage 1,https://www.vlr.gg/642937/jdg-esports-vs-titan-esports-club-vct-2026-china-stage-1-w2
JDG,Fracture,def,TEC,1,0,20,tim,2026-04-12 05:00:00,0,VCT 2026: China Stage 1,https://www.vlr.gg/642937/jdg-esports-vs-titan-esports-club-vct-2026-china-stage-1-w2
JDG,Fracture,def,TEC,1,0,21,elim,2026-04-12 05:00:00,0,VCT 2026: China Stage 1,https://www.vlr.gg/642937/jdg-esports-vs-titan-esports-club-vct-2026-china-stage-1-w2
JDG,Fracture,def,TEC,0,1,22,elim,2026-04-12 05:00:00,0,VCT 2026: China Stage 1,https://www.vlr.gg/642937/jdg-esports-vs-titan-esports-club-vct-2026-china-stage-1-w2
JDG,Fracture,def,TEC,0,1,23,elim,2026-04-12 05:00:00,0,VCT 2026: China Stage 1,https://www.vlr.gg/642937/jdg-esports-vs-titan-esports-club-vct-2026-china-stage-1-w2
JDG,Fracture,def,TEC,1,0,24,defus,2026-04-12 05:00:00,0,VCT 2026: China Stage 1,https://www.vlr.gg/642937/jdg-esports-vs-titan-esports-club-vct-2026-china-stage-1-w2
JDG,Fracture,def,TEC,1,0,26,elim,2026-04-12 05:00:00,0,VCT 2026: China Stage 1,https://www.vlr.gg/642937/jdg-esports-vs-titan-esports-club-vct-2026-china-stage-1-w2
JDG,Haven,atk,TEC,0,1,13,defus,2026-04-12 05:00:00,1,VCT 2026: China Stage 1,https://www.vlr.gg/642937/jdg-esports-vs-titan-esports-club-vct-2026-china-stage-1-w2
JDG,Haven,atk,TEC,1,0,14,elim,2026-04-12 05:00:00,1,VCT 2026: China Stage 1,https://www.vlr.gg/642937/jdg-esports-vs-titan-esports-club-vct-2026-china-stage-1-w2
JDG,Haven,atk,TEC,1,0,15,boom,2026-04-12 05:00:00,1,VCT 2026: China Stage 1,https://www.vlr.gg/642937/jdg-esports-vs-titan-esports-club-vct-2026-china-stage-1-w2
JDG,Haven,atk,TEC,1,0,16,boom,2026-04-12 05:00:00,1,VCT 2026: China Stage 1,https://www.vlr.gg/642937/jdg-esports-vs-titan-esports-club-vct-2026-china-stage-1-w2
JDG,Haven,atk,TEC,1,0,17,elim,2026-04-12 05:00:00,1,VCT 2026: China Stage 1,https://www.vlr.gg/642937/jdg-esports-vs-titan-esports-club-vct-2026-china-stage-1-w2
JDG,Haven,atk,TEC,0,1,18,elim,2026-04-12 05:00:00,1,VCT 2026: China Stage 1,https://www.vlr.gg/642937/jdg-esports-vs-titan-esports-club-vct-2026-china-stage-1-w2
JDG,Haven,atk,TEC,1,0,19,elim,2026-04-12 05:00:00,1,VCT 2026: China Stage 1,https://www.vlr.gg/642937/jdg-esports-vs-titan-esports-club-vct-2026-china-stage-1-w2
JDG,Haven,atk,TEC,0,1,20,elim,2026-04-12 05:00:00,1,VCT 2026: China Stage 1,https://www.vlr.gg/642937/jdg-esports-vs-titan-esports-club-vct-2026-china-stage-1-w2
JDG,Haven,atk,TEC,0,1,21,elim,2026-04-12 05:00:00,1,VCT 2026: China Stage 1,https://www.vlr.gg/642937/jdg-esports-vs-titan-esports-club-vct-2026-china-stage-1-w2
JDG,Haven,atk,TEC,1,0,22,elim,2026-04-12 05:00:00,1,VCT 2026: China Stage 1,https://www.vlr.gg/642937/jdg-esports-vs-titan-esports-club-vct-2026-china-stage-1-w2
JDG,Haven,def,TEC,1,0,1,elim,2026-04-12 05:00:00,1,VCT 2026: China Stage 1,https://www.vlr.gg/642937/jdg-esports-vs-titan-esports-club-vct-2026-china-stage-1-w2
JDG,Haven,def,TEC,1,0,2,defus,2026-04-12 05:00:00,1,VCT 2026: China Stage 1,https://www.vlr.gg/642937/jdg-esports-vs-titan-esports-club-vct-2026-china-stage-1-w2
JDG,Haven,def,TEC,0,1,3,elim,2026-04-12 05:00:00,1,VCT 2026: China Stage 1,https://www.vlr.gg/642937/jdg-esports-vs-titan-esports-club-vct-2026-china-stage-1-w2
JDG,Haven,def,TEC,1,0,4,defus,2026-04-12 05:00:00,1,VCT 2026: China Stage 1,https://www.vlr.gg/642937/jdg-esports-vs-titan-esports-club-vct-2026-china-stage-1-w2
JDG,Haven,def,TEC,1,0,5,defus,2026-04-12 05:00:00,1,VCT 2026: China Stage 1,https://www.vlr.gg/642937/jdg-esports-vs-titan-esports-club-vct-2026-china-stage-1-w2
JDG,Haven,def,TEC,0,1,6,elim,2026-04-12 05:00:00,1,VCT 2026: China Stage 1,https://www.vlr.gg/642937/jdg-esports-vs-titan-esports-club-vct-2026-china-stage-1-w2
JDG,Haven,def,TEC,0,1,7,elim,2026-04-12 05:00:00,1,VCT 2026: China Stage 1,https://www.vlr.gg/642937/jdg-esports-vs-titan-esports-club-vct-2026-china-stage-1-w2
JDG,Haven,def,TEC,0,1,8,elim,2026-04-12 05:00:00,1,VCT 2026: China Stage 1,https://www.vlr.gg/642937/jdg-esports-vs-titan-esports-club-vct-2026-china-stage-1-w2
JDG,Haven,def,TEC,1,0,9,elim,2026-04-12 05:00:00,1,VCT 2026: China Stage 1,https://www.vlr.gg/642937/jdg-esports-vs-titan-esports-club-vct-2026-china-stage-1-w2
JDG,Haven,def,TEC,1,0,10,elim,2026-04-12 05:00:00,1,VCT 2026: China Stage 1,https://www.vlr.gg/642937/jdg-esports-vs-titan-esports-club-vct-2026-china-stage-1-w2
JDG,Haven,def,TEC,0,1,11,boom,2026-04-12 05:00:00,1,VCT 2026: China Stage 1,https://www.vlr.gg/642937/jdg-esports-vs-titan-esports-club-vct-2026-china-stage-1-w2
JDG,Haven,def,TEC,1,0,12,elim,2026-04-12 05:00:00,1,VCT 2026: China Stage 1,https://www.vlr.gg/642937/jdg-esports-vs-titan-esports-club-vct-2026-china-stage-1-w2
XLG,Fracture,atk,WOL,0,1,1,defus,2026-04-12 07:35:00,0,VCT 2026: China Stage 1,https://www.vlr.gg/642938/xi-lai-gaming-vs-wolves-esports-vct-2026-china-stage-1-w2
XLG,Fracture,atk,WOL,0,1,2,elim,2026-04-12 07:35:00,0,VCT 2026: China Stage 1,https://www.vlr.gg/642938/xi-lai-gaming-vs-wolves-esports-vct-2026-china-stage-1-w2
XLG,Fracture,atk,WOL,0,1,3,defus,2026-04-12 07:35:00,0,VCT 2026: China Stage 1,https://www.vlr.gg/642938/xi-lai-gaming-vs-wolves-esports-vct-2026-china-stage-1-w2
XLG,Fracture,atk,WOL,1,0,4,boom,2026-04-12 07:35:00,0,VCT 2026: China Stage 1,https://www.vlr.gg/642938/xi-lai-gaming-vs-wolves-esports-vct-2026-china-stage-1-w2
XLG,Fracture,atk,WOL,1,0,5,elim,2026-04-12 07:35:00,0,VCT 2026: China Stage 1,https://www.vlr.gg/642938/xi-lai-gaming-vs-wolves-esports-vct-2026-china-stage-1-w2
XLG,Fracture,atk,WOL,0,1,6,defus,2026-04-12 07:35:00,0,VCT 2026: China Stage 1,https://www.vlr.gg/642938/xi-lai-gaming-vs-wolves-esports-vct-2026-china-stage-1-w2
XLG,Fracture,atk,WOL,1,0,7,boom,2026-04-12 07:35:00,0,VCT 2026: China Stage 1,https://www.vlr.gg/642938/xi-lai-gaming-vs-wolves-esports-vct-2026-china-stage-1-w2
XLG,Fracture,atk,WOL,0,1,8,defus,2026-04-12 07:35:00,0,VCT 2026: China Stage 1,https://www.vlr.gg/642938/xi-lai-gaming-vs-wolves-esports-vct-2026-china-stage-1-w2
XLG,Fracture,atk,WOL,0,1,9,elim,2026-04-12 07:35:00,0,VCT 2026: China Stage 1,https://www.vlr.gg/642938/xi-lai-gaming-vs-wolves-esports-vct-2026-china-stage-1-w2
XLG,Fracture,atk,WOL,0,1,10,defus,2026-04-12 07:35:00,0,VCT 2026: China Stage 1,https://www.vlr.gg/642938/xi-lai-gaming-vs-wolves-esports-vct-2026-china-stage-1-w2
XLG,Fracture,atk,WOL,0,1,11,elim,2026-04-12 07:35:00,0,VCT 2026: China Stage 1,https://www.vlr.gg/642938/xi-lai-gaming-vs-wolves-esports-vct-2026-china-stage-1-w2
XLG,Fracture,atk,WOL,0,1,12,defus,2026-04-12 07:35:00,0,VCT 2026: China Stage 1,https://www.vlr.gg/642938/xi-lai-gaming-vs-wolves-esports-vct-2026-china-stage-1-w2
XLG,Fracture,def,WOL,0,1,13,elim,2026-04-12 07:35:00,0,VCT 2026: China Stage 1,https://www.vlr.gg/642938/xi-lai-gaming-vs-wolves-esports-vct-2026-china-stage-1-w2
XLG,Fracture,def,WOL,0,1,14,boom,2026-04-12 07:35:00,0,VCT 2026: China Stage 1,https://www.vlr.gg/642938/xi-lai-gaming-vs-wolves-esports-vct-2026-china-stage-1-w2
XLG,Fracture,def,WOL,1,0,15,defus,2026-04-12 07:35:00,0,VCT 2026: China Stage 1,https://www.vlr.gg/642938/xi-lai-gaming-vs-wolves-esports-vct-2026-china-stage-1-w2
XLG,Fracture,def,WOL,1,0,16,elim,2026-04-12 07:35:00,0,VCT 2026: China Stage 1,https://www.vlr.gg/642938/xi-lai-gaming-vs-wolves-esports-vct-2026-china-stage-1-w2
XLG,Fracture,def,WOL,1,0,17,defus,2026-04-12 07:35:00,0,VCT 2026: China Stage 1,https://www.vlr.gg/642938/xi-lai-gaming-vs-wolves-esports-vct-2026-china-stage-1-w2
XLG,Fracture,def,WOL,1,0,18,tim,2026-04-12 07:35:00,0,VCT 2026: China Stage 1,https://www.vlr.gg/642938/xi-lai-gaming-vs-wolves-esports-vct-2026-china-stage-1-w2
XLG,Fracture,def,WOL,1,0,19,elim,2026-04-12 07:35:00,0,VCT 2026: China Stage 1,https://www.vlr.gg/642938/xi-lai-gaming-vs-wolves-esports-vct-2026-china-stage-1-w2
XLG,Fracture,def,WOL,1,0,20,elim,2026-04-12 07:35:00,0,VCT 2026: China Stage 1,https://www.vlr.gg/642938/xi-lai-gaming-vs-wolves-esports-vct-2026-china-stage-1-w2
XLG,Fracture,def,WOL,1,0,21,elim,2026-04-12 07:35:00,0,VCT 2026: China Stage 1,https://www.vlr.gg/642938/xi-lai-gaming-vs-wolves-esports-vct-2026-china-stage-1-w2
XLG,Fracture,def,WOL,0,1,22,boom,2026-04-12 07:35:00,0,VCT 2026: China Stage 1,https://www.vlr.gg/642938/xi-lai-gaming-vs-wolves-esports-vct-2026-china-stage-1-w2
XLG,Fracture,def,WOL,0,1,23,elim,2026-04-12 07:35:00,0,VCT 2026: China Stage 1,https://www.vlr.gg/642938/xi-lai-gaming-vs-wolves-esports-vct-2026-china-stage-1-w2
XLG,Bind,atk,WOL,0,1,13,defus,2026-04-12 07:35:00,1,VCT 2026: China Stage 1,https://www.vlr.gg/642938/xi-lai-gaming-vs-wolves-esports-vct-2026-china-stage-1-w2
XLG,Bind,atk,WOL,0,1,14,elim,2026-04-12 07:35:00,1,VCT 2026: China Stage 1,https://www.vlr.gg/642938/xi-lai-gaming-vs-wolves-esports-vct-2026-china-stage-1-w2
XLG,Bind,atk,WOL,0,1,15,elim,2026-04-12 07:35:00,1,VCT 2026: China Stage 1,https://www.vlr.gg/642938/xi-lai-gaming-vs-wolves-esports-vct-2026-china-stage-1-w2
XLG,Bind,atk,WOL,0,1,16,elim,2026-04-12 07:35:00,1,VCT 2026: China Stage 1,https://www.vlr.gg/642938/xi-lai-gaming-vs-wolves-esports-vct-2026-china-stage-1-w2
XLG,Bind,atk,WOL,0,1,17,elim,2026-04-12 07:35:00,1,VCT 2026: China Stage 1,https://www.vlr.gg/642938/xi-lai-gaming-vs-wolves-esports-vct-2026-china-stage-1-w2
XLG,Bind,atk,WOL,0,1,18,elim,2026-04-12 07:35:00,1,VCT 2026: China Stage 1,https://www.vlr.gg/642938/xi-lai-gaming-vs-wolves-esports-vct-2026-china-stage-1-w2
XLG,Bind,atk,WOL,1,0,19,elim,2026-04-12 07:35:00,1,VCT 2026: China Stage 1,https://www.vlr.gg/642938/xi-lai-gaming-vs-wolves-esports-vct-2026-china-stage-1-w2
XLG,Bind,atk,WOL,1,0,20,elim,2026-04-12 07:35:00,1,VCT 2026: China Stage 1,https://www.vlr.gg/642938/xi-lai-gaming-vs-wolves-esports-vct-2026-china-stage-1-w2
XLG,Bind,atk,WOL,1,0,21,boom,2026-04-12 07:35:00,1,VCT 2026: China Stage 1,https://www.vlr.gg/642938/xi-lai-gaming-vs-wolves-esports-vct-2026-china-stage-1-w2
XLG,Bind,atk,WOL,1,0,22,boom,2026-04-12 07:35:00,1,VCT 2026: China Stage 1,https://www.vlr.gg/642938/xi-lai-gaming-vs-wolves-esports-vct-2026-china-stage-1-w2
XLG,Bind,atk,WOL,1,0,23,elim,2026-04-12 07:35:00,1,VCT 2026: China Stage 1,https://www.vlr.gg/642938/xi-lai-gaming-vs-wolves-esports-vct-2026-china-stage-1-w2
XLG,Bind,def,WOL,1,0,1,defus,2026-04-12 07:35:00,1,VCT 2026: China Stage 1,https://www.vlr.gg/642938/xi-lai-gaming-vs-wolves-esports-vct-2026-china-stage-1-w2
XLG,Bind,def,WOL,1,0,2,defus,2026-04-12 07:35:00,1,VCT 2026: China Stage 1,https://www.vlr.gg/642938/xi-lai-gaming-vs-wolves-esports-vct-2026-china-stage-1-w2
XLG,Bind,def,WOL,1,0,3,defus,2026-04-12 07:35:00,1,VCT 2026: China Stage 1,https://www.vlr.gg/642938/xi-lai-gaming-vs-wolves-esports-vct-2026-china-stage-1-w2
XLG,Bind,def,WOL,1,0,4,tim,2026-04-12 07:35:00,1,VCT 2026: China Stage 1,https://www.vlr.gg/642938/xi-lai-gaming-vs-wolves-esports-vct-2026-china-stage-1-w2
XLG,Bind,def,WOL,0,1,5,elim,2026-04-12 07:35:00,1,VCT 2026: China Stage 1,https://www.vlr.gg/642938/xi-lai-gaming-vs-wolves-esports-vct-2026-china-stage-1-w2
XLG,Bind,def,WOL,0,1,6,boom,2026-04-12 07:35:00,1,VCT 2026: China Stage 1,https://www.vlr.gg/642938/xi-lai-gaming-vs-wolves-esports-vct-2026-china-stage-1-w2
XLG,Bind,def,WOL,0,1,7,elim,2026-04-12 07:35:00,1,VCT 2026: China Stage 1,https://www.vlr.gg/642938/xi-lai-gaming-vs-wolves-esports-vct-2026-china-stage-1-w2
XLG,Bind,def,WOL,0,1,8,elim,2026-04-12 07:35:00,1,VCT 2026: China Stage 1,https://www.vlr.gg/642938/xi-lai-gaming-vs-wolves-esports-vct-2026-china-stage-1-w2
XLG,Bind,def,WOL,1,0,9,defus,2026-04-12 07:35:00,1,VCT 2026: China Stage 1,https://www.vlr.gg/642938/xi-lai-gaming-vs-wolves-esports-vct-2026-china-stage-1-w2
XLG,Bind,def,WOL,1,0,10,defus,2026-04-12 07:35:00,1,VCT 2026: China Stage 1,https://www.vlr.gg/642938/xi-lai-gaming-vs-wolves-esports-vct-2026-china-stage-1-w2
XLG,Bind,def,WOL,1,0,11,elim,2026-04-12 07:35:00,1,VCT 2026: China Stage 1,https://www.vlr.gg/642938/xi-lai-gaming-vs-wolves-esports-vct-2026-china-stage-1-w2
XLG,Bind,def,WOL,1,0,12,defus,2026-04-12 07:35:00,1,VCT 2026: China Stage 1,https://www.vlr.gg/642938/xi-lai-gaming-vs-wolves-esports-vct-2026-china-stage-1-w2
XLG,Lotus,atk,WOL,0,1,13,defus,2026-04-12 07:35:00,2,VCT 2026: China Stage 1,https://www.vlr.gg/642938/xi-lai-gaming-vs-wolves-esports-vct-2026-china-stage-1-w2
XLG,Lotus,atk,WOL,0,1,14,elim,2026-04-12 07:35:00,2,VCT 2026: China Stage 1,https://www.vlr.gg/642938/xi-lai-gaming-vs-wolves-esports-vct-2026-china-stage-1-w2
XLG,Lotus,atk,WOL,1,0,15,elim,2026-04-12 07:35:00,2,VCT 2026: China Stage 1,https://www.vlr.gg/642938/xi-lai-gaming-vs-wolves-esports-vct-2026-china-stage-1-w2
XLG,Lotus,atk,WOL,1,0,16,elim,2026-04-12 07:35:00,2,VCT 2026: China Stage 1,https://www.vlr.gg/642938/xi-lai-gaming-vs-wolves-esports-vct-2026-china-stage-1-w2
XLG,Lotus,atk,WOL,1,0,17,elim,2026-04-12 07:35:00,2,VCT 2026: China Stage 1,https://www.vlr.gg/642938/xi-lai-gaming-vs-wolves-esports-vct-2026-china-stage-1-w2
XLG,Lotus,atk,WOL,1,0,18,boom,2026-04-12 07:35:00,2,VCT 2026: China Stage 1,https://www.vlr.gg/642938/xi-lai-gaming-vs-wolves-esports-vct-2026-china-stage-1-w2
XLG,Lotus,atk,WOL,1,0,19,elim,2026-04-12 07:35:00,2,VCT 2026: China Stage 1,https://www.vlr.gg/642938/xi-lai-gaming-vs-wolves-esports-vct-2026-china-stage-1-w2
XLG,Lotus,atk,WOL,1,0,20,elim,2026-04-12 07:35:00,2,VCT 2026: China Stage 1,https://www.vlr.gg/642938/xi-lai-gaming-vs-wolves-esports-vct-2026-china-stage-1-w2
XLG,Lotus,def,WOL,1,0,1,elim,2026-04-12 07:35:00,2,VCT 2026: China Stage 1,https://www.vlr.gg/642938/xi-lai-gaming-vs-wolves-esports-vct-2026-china-stage-1-w2
XLG,Lotus,def,WOL,1,0,2,defus,2026-04-12 07:35:00,2,VCT 2026: China Stage 1,https://www.vlr.gg/642938/xi-lai-gaming-vs-wolves-esports-vct-2026-china-stage-1-w2
XLG,Lotus,def,WOL,0,1,3,elim,2026-04-12 07:35:00,2,VCT 2026: China Stage 1,https://www.vlr.gg/642938/xi-lai-gaming-vs-wolves-esports-vct-2026-china-stage-1-w2
XLG,Lotus,def,WOL,0,1,4,elim,2026-04-12 07:35:00,2,VCT 2026: China Stage 1,https://www.vlr.gg/642938/xi-lai-gaming-vs-wolves-esports-vct-2026-china-stage-1-w2
XLG,Lotus,def,WOL,1,0,5,tim,2026-04-12 07:35:00,2,VCT 2026: China Stage 1,https://www.vlr.gg/642938/xi-lai-gaming-vs-wolves-esports-vct-2026-china-stage-1-w2
XLG,Lotus,def,WOL,1,0,6,tim,2026-04-12 07:35:00,2,VCT 2026: China Stage 1,https://www.vlr.gg/642938/xi-lai-gaming-vs-wolves-esports-vct-2026-china-stage-1-w2
XLG,Lotus,def,WOL,1,0,7,defus,2026-04-12 07:35:00,2,VCT 2026: China Stage 1,https://www.vlr.gg/642938/xi-lai-gaming-vs-wolves-esports-vct-2026-china-stage-1-w2
XLG,Lotus,def,WOL,0,1,8,elim,2026-04-12 07:35:00,2,VCT 2026: China Stage 1,https://www.vlr.gg/642938/xi-lai-gaming-vs-wolves-esports-vct-2026-china-stage-1-w2
XLG,Lotus,def,WOL,0,1,9,elim,2026-04-12 07:35:00,2,VCT 2026: China Stage 1,https://www.vlr.gg/642938/xi-lai-gaming-vs-wolves-esports-vct-2026-china-stage-1-w2
XLG,Lotus,def,WOL,1,0,10,tim,2026-04-12 07:35:00,2,VCT 2026: China Stage 1,https://www.vlr.gg/642938/xi-lai-gaming-vs-wolves-esports-vct-2026-china-stage-1-w2
XLG,Lotus,def,WOL,0,1,11,elim,2026-04-12 07:35:00,2,VCT 2026: China Stage 1,https://www.vlr.gg/642938/xi-lai-gaming-vs-wolves-esports-vct-2026-china-stage-1-w2
XLG,Lotus,def,WOL,1,0,12,elim,2026-04-12 07:35:00,2,VCT 2026: China Stage 1,https://www.vlr.gg/642938/xi-lai-gaming-vs-wolves-esports-vct-2026-china-stage-1-w2
TYL,Bind,atk,JDG,0,1,13,defus,2026-04-14 05:00:00,0,VCT 2026: China Stage 1,https://www.vlr.gg/642939/tyloo-vs-jdg-esports-vct-2026-china-stage-1-w3
TYL,Bind,atk,JDG,1,0,14,elim,2026-04-14 05:00:00,0,VCT 2026: China Stage 1,https://www.vlr.gg/642939/tyloo-vs-jdg-esports-vct-2026-china-stage-1-w3
TYL,Bind,atk,JDG,1,0,15,elim,2026-04-14 05:00:00,0,VCT 2026: China Stage 1,https://www.vlr.gg/642939/tyloo-vs-jdg-esports-vct-2026-china-stage-1-w3
TYL,Bind,atk,JDG,0,1,16,elim,2026-04-14 05:00:00,0,VCT 2026: China Stage 1,https://www.vlr.gg/642939/tyloo-vs-jdg-esports-vct-2026-china-stage-1-w3
TYL,Bind,atk,JDG,0,1,17,tim,2026-04-14 05:00:00,0,VCT 2026: China Stage 1,https://www.vlr.gg/642939/tyloo-vs-jdg-esports-vct-2026-china-stage-1-w3
TYL,Bind,atk,JDG,0,1,18,elim,2026-04-14 05:00:00,0,VCT 2026: China Stage 1,https://www.vlr.gg/642939/tyloo-vs-jdg-esports-vct-2026-china-stage-1-w3
TYL,Bind,atk,JDG,0,1,19,elim,2026-04-14 05:00:00,0,VCT 2026: China Stage 1,https://www.vlr.gg/642939/tyloo-vs-jdg-esports-vct-2026-china-stage-1-w3
TYL,Bind,atk,JDG,0,1,20,elim,2026-04-14 05:00:00,0,VCT 2026: China Stage 1,https://www.vlr.gg/642939/tyloo-vs-jdg-esports-vct-2026-china-stage-1-w3
TYL,Bind,atk,JDG,1,0,21,elim,2026-04-14 05:00:00,0,VCT 2026: China Stage 1,https://www.vlr.gg/642939/tyloo-vs-jdg-esports-vct-2026-china-stage-1-w3
TYL,Bind,atk,JDG,1,0,22,boom,2026-04-14 05:00:00,0,VCT 2026: China Stage 1,https://www.vlr.gg/642939/tyloo-vs-jdg-esports-vct-2026-china-stage-1-w3
TYL,Bind,atk,JDG,0,1,23,elim,2026-04-14 05:00:00,0,VCT 2026: China Stage 1,https://www.vlr.gg/642939/tyloo-vs-jdg-esports-vct-2026-china-stage-1-w3
TYL,Bind,atk,JDG,0,1,24,defus,2026-04-14 05:00:00,0,VCT 2026: China Stage 1,https://www.vlr.gg/642939/tyloo-vs-jdg-esports-vct-2026-china-stage-1-w3
TYL,Bind,atk,JDG,1,0,26,elim,2026-04-14 05:00:00,0,VCT 2026: China Stage 1,https://www.vlr.gg/642939/tyloo-vs-jdg-esports-vct-2026-china-stage-1-w3
TYL,Bind,atk,JDG,0,1,28,defus,2026-04-14 05:00:00,0,VCT 2026: China Stage 1,https://www.vlr.gg/642939/tyloo-vs-jdg-esports-vct-2026-china-stage-1-w3
TYL,Bind,atk,JDG,1,0,30,elim,2026-04-14 05:00:00,0,VCT 2026: China Stage 1,https://www.vlr.gg/642939/tyloo-vs-jdg-esports-vct-2026-china-stage-1-w3
TYL,Bind,atk,JDG,0,1,32,elim,2026-04-14 05:00:00,0,VCT 2026: China Stage 1,https://www.vlr.gg/642939/tyloo-vs-jdg-esports-vct-2026-china-stage-1-w3
TYL,Bind,def,JDG,0,1,1,elim,2026-04-14 05:00:00,0,VCT 2026: China Stage 1,https://www.vlr.gg/642939/tyloo-vs-jdg-esports-vct-2026-china-stage-1-w3
TYL,Bind,def,JDG,0,1,2,elim,2026-04-14 05:00:00,0,VCT 2026: China Stage 1,https://www.vlr.gg/642939/tyloo-vs-jdg-esports-vct-2026-china-stage-1-w3
TYL,Bind,def,JDG,0,1,3,elim,2026-04-14 05:00:00,0,VCT 2026: China Stage 1,https://www.vlr.gg/642939/tyloo-vs-jdg-esports-vct-2026-china-stage-1-w3
TYL,Bind,def,JDG,1,0,4,elim,2026-04-14 05:00:00,0,VCT 2026: China Stage 1,https://www.vlr.gg/642939/tyloo-vs-jdg-esports-vct-2026-china-stage-1-w3
TYL,Bind,def,JDG,1,0,5,elim,2026-04-14 05:00:00,0,VCT 2026: China Stage 1,https://www.vlr.gg/642939/tyloo-vs-jdg-esports-vct-2026-china-stage-1-w3
TYL,Bind,def,JDG,1,0,6,elim,2026-04-14 05:00:00,0,VCT 2026: China Stage 1,https://www.vlr.gg/642939/tyloo-vs-jdg-esports-vct-2026-china-stage-1-w3
TYL,Bind,def,JDG,1,0,7,defus,2026-04-14 05:00:00,0,VCT 2026: China Stage 1,https://www.vlr.gg/642939/tyloo-vs-jdg-esports-vct-2026-china-stage-1-w3
TYL,Bind,def,JDG,1,0,8,elim,2026-04-14 05:00:00,0,VCT 2026: China Stage 1,https://www.vlr.gg/642939/tyloo-vs-jdg-esports-vct-2026-china-stage-1-w3
TYL,Bind,def,JDG,1,0,9,elim,2026-04-14 05:00:00,0,VCT 2026: China Stage 1,https://www.vlr.gg/642939/tyloo-vs-jdg-esports-vct-2026-china-stage-1-w3
TYL,Bind,def,JDG,1,0,10,defus,2026-04-14 05:00:00,0,VCT 2026: China Stage 1,https://www.vlr.gg/642939/tyloo-vs-jdg-esports-vct-2026-china-stage-1-w3
TYL,Bind,def,JDG,0,1,11,elim,2026-04-14 05:00:00,0,VCT 2026: China Stage 1,https://www.vlr.gg/642939/tyloo-vs-jdg-esports-vct-2026-china-stage-1-w3
TYL,Bind,def,JDG,1,0,12,elim,2026-04-14 05:00:00,0,VCT 2026: China Stage 1,https://www.vlr.gg/642939/tyloo-vs-jdg-esports-vct-2026-china-stage-1-w3
TYL,Bind,def,JDG,0,1,25,elim,2026-04-14 05:00:00,0,VCT 2026: China Stage 1,https://www.vlr.gg/642939/tyloo-vs-jdg-esports-vct-2026-china-stage-1-w3
TYL,Bind,def,JDG,1,0,27,elim,2026-04-14 05:00:00,0,VCT 2026: China Stage 1,https://www.vlr.gg/642939/tyloo-vs-jdg-esports-vct-2026-china-stage-1-w3
TYL,Bind,def,JDG,0,1,29,elim,2026-04-14 05:00:00,0,VCT 2026: China Stage 1,https://www.vlr.gg/642939/tyloo-vs-jdg-esports-vct-2026-china-stage-1-w3
TYL,Bind,def,JDG,0,1,31,boom,2026-04-14 05:00:00,0,VCT 2026: China Stage 1,https://www.vlr.gg/642939/tyloo-vs-jdg-esports-vct-2026-china-stage-1-w3
TYL,Haven,atk,JDG,1,0,1,elim,2026-04-14 05:00:00,1,VCT 2026: China Stage 1,https://www.vlr.gg/642939/tyloo-vs-jdg-esports-vct-2026-china-stage-1-w3
TYL,Haven,atk,JDG,1,0,2,elim,2026-04-14 05:00:00,1,VCT 2026: China Stage 1,https://www.vlr.gg/642939/tyloo-vs-jdg-esports-vct-2026-china-stage-1-w3
TYL,Haven,atk,JDG,0,1,3,defus,2026-04-14 05:00:00,1,VCT 2026: China Stage 1,https://www.vlr.gg/642939/tyloo-vs-jdg-esports-vct-2026-china-stage-1-w3
TYL,Haven,atk,JDG,0,1,4,defus,2026-04-14 05:00:00,1,VCT 2026: China Stage 1,https://www.vlr.gg/642939/tyloo-vs-jdg-esports-vct-2026-china-stage-1-w3
TYL,Haven,atk,JDG,0,1,5,defus,2026-04-14 05:00:00,1,VCT 2026: China Stage 1,https://www.vlr.gg/642939/tyloo-vs-jdg-esports-vct-2026-china-stage-1-w3
TYL,Haven,atk,JDG,1,0,6,elim,2026-04-14 05:00:00,1,VCT 2026: China Stage 1,https://www.vlr.gg/642939/tyloo-vs-jdg-esports-vct-2026-china-stage-1-w3
TYL,Haven,atk,JDG,0,1,7,elim,2026-04-14 05:00:00,1,VCT 2026: China Stage 1,https://www.vlr.gg/642939/tyloo-vs-jdg-esports-vct-2026-china-stage-1-w3
TYL,Haven,atk,JDG,0,1,8,elim,2026-04-14 05:00:00,1,VCT 2026: China Stage 1,https://www.vlr.gg/642939/tyloo-vs-jdg-esports-vct-2026-china-stage-1-w3
TYL,Haven,atk,JDG,0,1,9,elim,2026-04-14 05:00:00,1,VCT 2026: China Stage 1,https://www.vlr.gg/642939/tyloo-vs-jdg-esports-vct-2026-china-stage-1-w3
TYL,Haven,atk,JDG,0,1,10,elim,2026-04-14 05:00:00,1,VCT 2026: China Stage 1,https://www.vlr.gg/642939/tyloo-vs-jdg-esports-vct-2026-china-stage-1-w3
TYL,Haven,atk,JDG,0,1,11,defus,2026-04-14 05:00:00,1,VCT 2026: China Stage 1,https://www.vlr.gg/642939/tyloo-vs-jdg-esports-vct-2026-china-stage-1-w3
TYL,Haven,atk,JDG,0,1,12,defus,2026-04-14 05:00:00,1,VCT 2026: China Stage 1,https://www.vlr.gg/642939/tyloo-vs-jdg-esports-vct-2026-china-stage-1-w3
TYL,Haven,def,JDG,1,0,13,elim,2026-04-14 05:00:00,1,VCT 2026: China Stage 1,https://www.vlr.gg/642939/tyloo-vs-jdg-esports-vct-2026-china-stage-1-w3
TYL,Haven,def,JDG,1,0,14,elim,2026-04-14 05:00:00,1,VCT 2026: China Stage 1,https://www.vlr.gg/642939/tyloo-vs-jdg-esports-vct-2026-china-stage-1-w3
TYL,Haven,def,JDG,1,0,15,elim,2026-04-14 05:00:00,1,VCT 2026: China Stage 1,https://www.vlr.gg/642939/tyloo-vs-jdg-esports-vct-2026-china-stage-1-w3
TYL,Haven,def,JDG,1,0,16,defus,2026-04-14 05:00:00,1,VCT 2026: China Stage 1,https://www.vlr.gg/642939/tyloo-vs-jdg-esports-vct-2026-china-stage-1-w3
TYL,Haven,def,JDG,0,1,17,elim,2026-04-14 05:00:00,1,VCT 2026: China Stage 1,https://www.vlr.gg/642939/tyloo-vs-jdg-esports-vct-2026-china-stage-1-w3
TYL,Haven,def,JDG,0,1,18,boom,2026-04-14 05:00:00,1,VCT 2026: China Stage 1,https://www.vlr.gg/642939/tyloo-vs-jdg-esports-vct-2026-china-stage-1-w3
TYL,Haven,def,JDG,1,0,19,defus,2026-04-14 05:00:00,1,VCT 2026: China Stage 1,https://www.vlr.gg/642939/tyloo-vs-jdg-esports-vct-2026-china-stage-1-w3
TYL,Haven,def,JDG,0,1,20,boom,2026-04-14 05:00:00,1,VCT 2026: China Stage 1,https://www.vlr.gg/642939/tyloo-vs-jdg-esports-vct-2026-china-stage-1-w3
TYL,Haven,def,JDG,0,1,21,elim,2026-04-14 05:00:00,1,VCT 2026: China Stage 1,https://www.vlr.gg/642939/tyloo-vs-jdg-esports-vct-2026-china-stage-1-w3
TE,Lotus,atk,DRG,0,1,1,defus,2026-04-14 07:55:00,0,VCT 2026: China Stage 1,https://www.vlr.gg/642940/trace-esports-vs-dragon-ranger-gaming-vct-2026-china-stage-1-w3
TE,Lotus,atk,DRG,0,1,2,elim,2026-04-14 07:55:00,0,VCT 2026: China Stage 1,https://www.vlr.gg/642940/trace-esports-vs-dragon-ranger-gaming-vct-2026-china-stage-1-w3
TE,Lotus,atk,DRG,1,0,3,elim,2026-04-14 07:55:00,0,VCT 2026: China Stage 1,https://www.vlr.gg/642940/trace-esports-vs-dragon-ranger-gaming-vct-2026-china-stage-1-w3
TE,Lotus,atk,DRG,1,0,4,boom,2026-04-14 07:55:00,0,VCT 2026: China Stage 1,https://www.vlr.gg/642940/trace-esports-vs-dragon-ranger-gaming-vct-2026-china-stage-1-w3
TE,Lotus,atk,DRG,1,0,5,elim,2026-04-14 07:55:00,0,VCT 2026: China Stage 1,https://www.vlr.gg/642940/trace-esports-vs-dragon-ranger-gaming-vct-2026-china-stage-1-w3
TE,Lotus,atk,DRG,1,0,6,elim,2026-04-14 07:55:00,0,VCT 2026: China Stage 1,https://www.vlr.gg/642940/trace-esports-vs-dragon-ranger-gaming-vct-2026-china-stage-1-w3
TE,Lotus,atk,DRG,1,0,7,elim,2026-04-14 07:55:00,0,VCT 2026: China Stage 1,https://www.vlr.gg/642940/trace-esports-vs-dragon-ranger-gaming-vct-2026-china-stage-1-w3
TE,Lotus,atk,DRG,1,0,8,boom,2026-04-14 07:55:00,0,VCT 2026: China Stage 1,https://www.vlr.gg/642940/trace-esports-vs-dragon-ranger-gaming-vct-2026-china-stage-1-w3
TE,Lotus,atk,DRG,1,0,9,elim,2026-04-14 07:55:00,0,VCT 2026: China Stage 1,https://www.vlr.gg/642940/trace-esports-vs-dragon-ranger-gaming-vct-2026-china-stage-1-w3
TE,Lotus,atk,DRG,0,1,10,defus,2026-04-14 07:55:00,0,VCT 2026: China Stage 1,https://www.vlr.gg/642940/trace-esports-vs-dragon-ranger-gaming-vct-2026-china-stage-1-w3
TE,Lotus,atk,DRG,1,0,11,elim,2026-04-14 07:55:00,0,VCT 2026: China Stage 1,https://www.vlr.gg/642940/trace-esports-vs-dragon-ranger-gaming-vct-2026-china-stage-1-w3
TE,Lotus,atk,DRG,1,0,12,elim,2026-04-14 07:55:00,0,VCT 2026: China Stage 1,https://www.vlr.gg/642940/trace-esports-vs-dragon-ranger-gaming-vct-2026-china-stage-1-w3
TE,Lotus,def,DRG,0,1,13,elim,2026-04-14 07:55:00,0,VCT 2026: China Stage 1,https://www.vlr.gg/642940/trace-esports-vs-dragon-ranger-gaming-vct-2026-china-stage-1-w3
TE,Lotus,def,DRG,0,1,14,elim,2026-04-14 07:55:00,0,VCT 2026: China Stage 1,https://www.vlr.gg/642940/trace-esports-vs-dragon-ranger-gaming-vct-2026-china-stage-1-w3
TE,Lotus,def,DRG,1,0,15,elim,2026-04-14 07:55:00,0,VCT 2026: China Stage 1,https://www.vlr.gg/642940/trace-esports-vs-dragon-ranger-gaming-vct-2026-china-stage-1-w3
TE,Lotus,def,DRG,1,0,16,defus,2026-04-14 07:55:00,0,VCT 2026: China Stage 1,https://www.vlr.gg/642940/trace-esports-vs-dragon-ranger-gaming-vct-2026-china-stage-1-w3
TE,Lotus,def,DRG,1,0,17,defus,2026-04-14 07:55:00,0,VCT 2026: China Stage 1,https://www.vlr.gg/642940/trace-esports-vs-dragon-ranger-gaming-vct-2026-china-stage-1-w3
TE,Lotus,def,DRG,1,0,18,defus,2026-04-14 07:55:00,0,VCT 2026: China Stage 1,https://www.vlr.gg/642940/trace-esports-vs-dragon-ranger-gaming-vct-2026-china-stage-1-w3
TE,Bind,atk,DRG,1,0,13,elim,2026-04-14 07:55:00,1,VCT 2026: China Stage 1,https://www.vlr.gg/642940/trace-esports-vs-dragon-ranger-gaming-vct-2026-china-stage-1-w3
TE,Bind,atk,DRG,1,0,14,elim,2026-04-14 07:55:00,1,VCT 2026: China Stage 1,https://www.vlr.gg/642940/trace-esports-vs-dragon-ranger-gaming-vct-2026-china-stage-1-w3
TE,Bind,atk,DRG,0,1,15,elim,2026-04-14 07:55:00,1,VCT 2026: China Stage 1,https://www.vlr.gg/642940/trace-esports-vs-dragon-ranger-gaming-vct-2026-china-stage-1-w3
TE,Bind,atk,DRG,1,0,16,elim,2026-04-14 07:55:00,1,VCT 2026: China Stage 1,https://www.vlr.gg/642940/trace-esports-vs-dragon-ranger-gaming-vct-2026-china-stage-1-w3
TE,Bind,atk,DRG,1,0,17,boom,2026-04-14 07:55:00,1,VCT 2026: China Stage 1,https://www.vlr.gg/642940/trace-esports-vs-dragon-ranger-gaming-vct-2026-china-stage-1-w3
TE,Bind,atk,DRG,1,0,18,elim,2026-04-14 07:55:00,1,VCT 2026: China Stage 1,https://www.vlr.gg/642940/trace-esports-vs-dragon-ranger-gaming-vct-2026-china-stage-1-w3
TE,Bind,atk,DRG,1,0,19,elim,2026-04-14 07:55:00,1,VCT 2026: China Stage 1,https://www.vlr.gg/642940/trace-esports-vs-dragon-ranger-gaming-vct-2026-china-stage-1-w3
TE,Bind,atk,DRG,0,1,20,defus,2026-04-14 07:55:00,1,VCT 2026: China Stage 1,https://www.vlr.gg/642940/trace-esports-vs-dragon-ranger-gaming-vct-2026-china-stage-1-w3
TE,Bind,atk,DRG,1,0,21,elim,2026-04-14 07:55:00,1,VCT 2026: China Stage 1,https://www.vlr.gg/642940/trace-esports-vs-dragon-ranger-gaming-vct-2026-china-stage-1-w3
TE,Bind,atk,DRG,1,0,22,elim,2026-04-14 07:55:00,1,VCT 2026: China Stage 1,https://www.vlr.gg/642940/trace-esports-vs-dragon-ranger-gaming-vct-2026-china-stage-1-w3
TE,Bind,atk,DRG,0,1,23,defus,2026-04-14 07:55:00,1,VCT 2026: China Stage 1,https://www.vlr.gg/642940/trace-esports-vs-dragon-ranger-gaming-vct-2026-china-stage-1-w3
TE,Bind,atk,DRG,0,1,24,elim,2026-04-14 07:55:00,1,VCT 2026: China Stage 1,https://www.vlr.gg/642940/trace-esports-vs-dragon-ranger-gaming-vct-2026-china-stage-1-w3
TE,Bind,def,DRG,0,1,1,elim,2026-04-14 07:55:00,1,VCT 2026: China Stage 1,https://www.vlr.gg/642940/trace-esports-vs-dragon-ranger-gaming-vct-2026-china-stage-1-w3
TE,Bind,def,DRG,0,1,2,boom,2026-04-14 07:55:00,1,VCT 2026: China Stage 1,https://www.vlr.gg/642940/trace-esports-vs-dragon-ranger-gaming-vct-2026-china-stage-1-w3
TE,Bind,def,DRG,1,0,3,elim,2026-04-14 07:55:00,1,VCT 2026: China Stage 1,https://www.vlr.gg/642940/trace-esports-vs-dragon-ranger-gaming-vct-2026-china-stage-1-w3
TE,Bind,def,DRG,0,1,4,elim,2026-04-14 07:55:00,1,VCT 2026: China Stage 1,https://www.vlr.gg/642940/trace-esports-vs-dragon-ranger-gaming-vct-2026-china-stage-1-w3
TE,Bind,def,DRG,0,1,5,elim,2026-04-14 07:55:00,1,VCT 2026: China Stage 1,https://www.vlr.gg/642940/trace-esports-vs-dragon-ranger-gaming-vct-2026-china-stage-1-w3
TE,Bind,def,DRG,0,1,6,elim,2026-04-14 07:55:00,1,VCT 2026: China Stage 1,https://www.vlr.gg/642940/trace-esports-vs-dragon-ranger-gaming-vct-2026-china-stage-1-w3
TE,Bind,def,DRG,0,1,7,boom,2026-04-14 07:55:00,1,VCT 2026: China Stage 1,https://www.vlr.gg/642940/trace-esports-vs-dragon-ranger-gaming-vct-2026-china-stage-1-w3
TE,Bind,def,DRG,0,1,8,elim,2026-04-14 07:55:00,1,VCT 2026: China Stage 1,https://www.vlr.gg/642940/trace-esports-vs-dragon-ranger-gaming-vct-2026-china-stage-1-w3
TE,Bind,def,DRG,1,0,9,elim,2026-04-14 07:55:00,1,VCT 2026: China Stage 1,https://www.vlr.gg/642940/trace-esports-vs-dragon-ranger-gaming-vct-2026-china-stage-1-w3
TE,Bind,def,DRG,1,0,10,elim,2026-04-14 07:55:00,1,VCT 2026: China Stage 1,https://www.vlr.gg/642940/trace-esports-vs-dragon-ranger-gaming-vct-2026-china-stage-1-w3
TE,Bind,def,DRG,0,1,11,boom,2026-04-14 07:55:00,1,VCT 2026: China Stage 1,https://www.vlr.gg/642940/trace-esports-vs-dragon-ranger-gaming-vct-2026-china-stage-1-w3
TE,Bind,def,DRG,0,1,12,elim,2026-04-14 07:55:00,1,VCT 2026: China Stage 1,https://www.vlr.gg/642940/trace-esports-vs-dragon-ranger-gaming-vct-2026-china-stage-1-w3
TE,Breeze,atk,DRG,0,1,13,defus,2026-04-14 07:55:00,2,VCT 2026: China Stage 1,https://www.vlr.gg/642940/trace-esports-vs-dragon-ranger-gaming-vct-2026-china-stage-1-w3
TE,Breeze,atk,DRG,0,1,14,elim,2026-04-14 07:55:00,2,VCT 2026: China Stage 1,https://www.vlr.gg/642940/trace-esports-vs-dragon-ranger-gaming-vct-2026-china-stage-1-w3
TE,Breeze,atk,DRG,1,0,15,elim,2026-04-14 07:55:00,2,VCT 2026: China Stage 1,https://www.vlr.gg/642940/trace-esports-vs-dragon-ranger-gaming-vct-2026-china-stage-1-w3
TE,Breeze,atk,DRG,1,0,16,elim,2026-04-14 07:55:00,2,VCT 2026: China Stage 1,https://www.vlr.gg/642940/trace-esports-vs-dragon-ranger-gaming-vct-2026-china-stage-1-w3
TE,Breeze,atk,DRG,0,1,17,defus,2026-04-14 07:55:00,2,VCT 2026: China Stage 1,https://www.vlr.gg/642940/trace-esports-vs-dragon-ranger-gaming-vct-2026-china-stage-1-w3
TE,Breeze,atk,DRG,1,0,18,elim,2026-04-14 07:55:00,2,VCT 2026: China Stage 1,https://www.vlr.gg/642940/trace-esports-vs-dragon-ranger-gaming-vct-2026-china-stage-1-w3
TE,Breeze,atk,DRG,0,1,19,defus,2026-04-14 07:55:00,2,VCT 2026: China Stage 1,https://www.vlr.gg/642940/trace-esports-vs-dragon-ranger-gaming-vct-2026-china-stage-1-w3
TE,Breeze,atk,DRG,0,1,20,elim,2026-04-14 07:55:00,2,VCT 2026: China Stage 1,https://www.vlr.gg/642940/trace-esports-vs-dragon-ranger-gaming-vct-2026-china-stage-1-w3
TE,Breeze,atk,DRG,0,1,21,elim,2026-04-14 07:55:00,2,VCT 2026: China Stage 1,https://www.vlr.gg/642940/trace-esports-vs-dragon-ranger-gaming-vct-2026-china-stage-1-w3
TE,Breeze,atk,DRG,0,1,22,elim,2026-04-14 07:55:00,2,VCT 2026: China Stage 1,https://www.vlr.gg/642940/trace-esports-vs-dragon-ranger-gaming-vct-2026-china-stage-1-w3
TE,Breeze,atk,DRG,0,1,23,defus,2026-04-14 07:55:00,2,VCT 2026: China Stage 1,https://www.vlr.gg/642940/trace-esports-vs-dragon-ranger-gaming-vct-2026-china-stage-1-w3
TE,Breeze,def,DRG,0,1,1,elim,2026-04-14 07:55:00,2,VCT 2026: China Stage 1,https://www.vlr.gg/642940/trace-esports-vs-dragon-ranger-gaming-vct-2026-china-stage-1-w3
TE,Breeze,def,DRG,0,1,2,elim,2026-04-14 07:55:00,2,VCT 2026: China Stage 1,https://www.vlr.gg/642940/trace-esports-vs-dragon-ranger-gaming-vct-2026-china-stage-1-w3
TE,Breeze,def,DRG,1,0,3,defus,2026-04-14 07:55:00,2,VCT 2026: China Stage 1,https://www.vlr.gg/642940/trace-esports-vs-dragon-ranger-gaming-vct-2026-china-stage-1-w3
TE,Breeze,def,DRG,1,0,4,elim,2026-04-14 07:55:00,2,VCT 2026: China Stage 1,https://www.vlr.gg/642940/trace-esports-vs-dragon-ranger-gaming-vct-2026-china-stage-1-w3
TE,Breeze,def,DRG,1,0,5,defus,2026-04-14 07:55:00,2,VCT 2026: China Stage 1,https://www.vlr.gg/642940/trace-esports-vs-dragon-ranger-gaming-vct-2026-china-stage-1-w3
TE,Breeze,def,DRG,1,0,6,defus,2026-04-14 07:55:00,2,VCT 2026: China Stage 1,https://www.vlr.gg/642940/trace-esports-vs-dragon-ranger-gaming-vct-2026-china-stage-1-w3
TE,Breeze,def,DRG,1,0,7,elim,2026-04-14 07:55:00,2,VCT 2026: China Stage 1,https://www.vlr.gg/642940/trace-esports-vs-dragon-ranger-gaming-vct-2026-china-stage-1-w3
TE,Breeze,def,DRG,1,0,8,defus,2026-04-14 07:55:00,2,VCT 2026: China Stage 1,https://www.vlr.gg/642940/trace-esports-vs-dragon-ranger-gaming-vct-2026-china-stage-1-w3
TE,Breeze,def,DRG,0,1,9,elim,2026-04-14 07:55:00,2,VCT 2026: China Stage 1,https://www.vlr.gg/642940/trace-esports-vs-dragon-ranger-gaming-vct-2026-china-stage-1-w3
TE,Breeze,def,DRG,1,0,10,defus,2026-04-14 07:55:00,2,VCT 2026: China Stage 1,https://www.vlr.gg/642940/trace-esports-vs-dragon-ranger-gaming-vct-2026-china-stage-1-w3
TE,Breeze,def,DRG,0,1,11,elim,2026-04-14 07:55:00,2,VCT 2026: China Stage 1,https://www.vlr.gg/642940/trace-esports-vs-dragon-ranger-gaming-vct-2026-china-stage-1-w3
TE,Breeze,def,DRG,0,1,12,elim,2026-04-14 07:55:00,2,VCT 2026: China Stage 1,https://www.vlr.gg/642940/trace-esports-vs-dragon-ranger-gaming-vct-2026-china-stage-1-w3
TEC,Fracture,atk,FPX,1,0,1,elim,2026-04-15 05:00:00,0,VCT 2026: China Stage 1,https://www.vlr.gg/642941/titan-esports-club-vs-funplus-phoenix-vct-2026-china-stage-1-w3
TEC,Fracture,atk,FPX,1,0,2,elim,2026-04-15 05:00:00,0,VCT 2026: China Stage 1,https://www.vlr.gg/642941/titan-esports-club-vs-funplus-phoenix-vct-2026-china-stage-1-w3
TEC,Fracture,atk,FPX,1,0,3,elim,2026-04-15 05:00:00,0,VCT 2026: China Stage 1,https://www.vlr.gg/642941/titan-esports-club-vs-funplus-phoenix-vct-2026-china-stage-1-w3
TEC,Fracture,atk,FPX,1,0,4,elim,2026-04-15 05:00:00,0,VCT 2026: China Stage 1,https://www.vlr.gg/642941/titan-esports-club-vs-funplus-phoenix-vct-2026-china-stage-1-w3
TEC,Fracture,atk,FPX,1,0,5,elim,2026-04-15 05:00:00,0,VCT 2026: China Stage 1,https://www.vlr.gg/642941/titan-esports-club-vs-funplus-phoenix-vct-2026-china-stage-1-w3
TEC,Fracture,atk,FPX,1,0,6,elim,2026-04-15 05:00:00,0,VCT 2026: China Stage 1,https://www.vlr.gg/642941/titan-esports-club-vs-funplus-phoenix-vct-2026-china-stage-1-w3
TEC,Fracture,atk,FPX,1,0,7,elim,2026-04-15 05:00:00,0,VCT 2026: China Stage 1,https://www.vlr.gg/642941/titan-esports-club-vs-funplus-phoenix-vct-2026-china-stage-1-w3
TEC,Fracture,atk,FPX,1,0,8,elim,2026-04-15 05:00:00,0,VCT 2026: China Stage 1,https://www.vlr.gg/642941/titan-esports-club-vs-funplus-phoenix-vct-2026-china-stage-1-w3
TEC,Fracture,atk,FPX,1,0,9,boom,2026-04-15 05:00:00,0,VCT 2026: China Stage 1,https://www.vlr.gg/642941/titan-esports-club-vs-funplus-phoenix-vct-2026-china-stage-1-w3
TEC,Fracture,atk,FPX,1,0,10,elim,2026-04-15 05:00:00,0,VCT 2026: China Stage 1,https://www.vlr.gg/642941/titan-esports-club-vs-funplus-phoenix-vct-2026-china-stage-1-w3
TEC,Fracture,atk,FPX,0,1,11,elim,2026-04-15 05:00:00,0,VCT 2026: China Stage 1,https://www.vlr.gg/642941/titan-esports-club-vs-funplus-phoenix-vct-2026-china-stage-1-w3
TEC,Fracture,atk,FPX,0,1,12,elim,2026-04-15 05:00:00,0,VCT 2026: China Stage 1,https://www.vlr.gg/642941/titan-esports-club-vs-funplus-phoenix-vct-2026-china-stage-1-w3
TEC,Fracture,def,FPX,1,0,13,elim,2026-04-15 05:00:00,0,VCT 2026: China Stage 1,https://www.vlr.gg/642941/titan-esports-club-vs-funplus-phoenix-vct-2026-china-stage-1-w3
TEC,Fracture,def,FPX,1,0,14,elim,2026-04-15 05:00:00,0,VCT 2026: China Stage 1,https://www.vlr.gg/642941/titan-esports-club-vs-funplus-phoenix-vct-2026-china-stage-1-w3
TEC,Fracture,def,FPX,1,0,15,elim,2026-04-15 05:00:00,0,VCT 2026: China Stage 1,https://www.vlr.gg/642941/titan-esports-club-vs-funplus-phoenix-vct-2026-china-stage-1-w3
TEC,Split,atk,FPX,1,0,13,boom,2026-04-15 05:00:00,1,VCT 2026: China Stage 1,https://www.vlr.gg/642941/titan-esports-club-vs-funplus-phoenix-vct-2026-china-stage-1-w3
TEC,Split,atk,FPX,1,0,14,elim,2026-04-15 05:00:00,1,VCT 2026: China Stage 1,https://www.vlr.gg/642941/titan-esports-club-vs-funplus-phoenix-vct-2026-china-stage-1-w3
TEC,Split,atk,FPX,0,1,15,elim,2026-04-15 05:00:00,1,VCT 2026: China Stage 1,https://www.vlr.gg/642941/titan-esports-club-vs-funplus-phoenix-vct-2026-china-stage-1-w3
TEC,Split,atk,FPX,0,1,16,elim,2026-04-15 05:00:00,1,VCT 2026: China Stage 1,https://www.vlr.gg/642941/titan-esports-club-vs-funplus-phoenix-vct-2026-china-stage-1-w3
TEC,Split,atk,FPX,1,0,17,elim,2026-04-15 05:00:00,1,VCT 2026: China Stage 1,https://www.vlr.gg/642941/titan-esports-club-vs-funplus-phoenix-vct-2026-china-stage-1-w3
TEC,Split,atk,FPX,1,0,18,elim,2026-04-15 05:00:00,1,VCT 2026: China Stage 1,https://www.vlr.gg/642941/titan-esports-club-vs-funplus-phoenix-vct-2026-china-stage-1-w3
TEC,Split,atk,FPX,0,1,19,elim,2026-04-15 05:00:00,1,VCT 2026: China Stage 1,https://www.vlr.gg/642941/titan-esports-club-vs-funplus-phoenix-vct-2026-china-stage-1-w3
TEC,Split,atk,FPX,1,0,20,elim,2026-04-15 05:00:00,1,VCT 2026: China Stage 1,https://www.vlr.gg/642941/titan-esports-club-vs-funplus-phoenix-vct-2026-china-stage-1-w3
TEC,Split,atk,FPX,1,0,21,elim,2026-04-15 05:00:00,1,VCT 2026: China Stage 1,https://www.vlr.gg/642941/titan-esports-club-vs-funplus-phoenix-vct-2026-china-stage-1-w3
TEC,Split,atk,FPX,0,1,22,elim,2026-04-15 05:00:00,1,VCT 2026: China Stage 1,https://www.vlr.gg/642941/titan-esports-club-vs-funplus-phoenix-vct-2026-china-stage-1-w3
TEC,Split,atk,FPX,1,0,23,elim,2026-04-15 05:00:00,1,VCT 2026: China Stage 1,https://www.vlr.gg/642941/titan-esports-club-vs-funplus-phoenix-vct-2026-china-stage-1-w3
TEC,Split,def,FPX,1,0,1,elim,2026-04-15 05:00:00,1,VCT 2026: China Stage 1,https://www.vlr.gg/642941/titan-esports-club-vs-funplus-phoenix-vct-2026-china-stage-1-w3
TEC,Split,def,FPX,1,0,2,defus,2026-04-15 05:00:00,1,VCT 2026: China Stage 1,https://www.vlr.gg/642941/titan-esports-club-vs-funplus-phoenix-vct-2026-china-stage-1-w3
TEC,Split,def,FPX,0,1,3,elim,2026-04-15 05:00:00,1,VCT 2026: China Stage 1,https://www.vlr.gg/642941/titan-esports-club-vs-funplus-phoenix-vct-2026-china-stage-1-w3
TEC,Split,def,FPX,0,1,4,elim,2026-04-15 05:00:00,1,VCT 2026: China Stage 1,https://www.vlr.gg/642941/titan-esports-club-vs-funplus-phoenix-vct-2026-china-stage-1-w3
TEC,Split,def,FPX,0,1,5,elim,2026-04-15 05:00:00,1,VCT 2026: China Stage 1,https://www.vlr.gg/642941/titan-esports-club-vs-funplus-phoenix-vct-2026-china-stage-1-w3
TEC,Split,def,FPX,0,1,6,boom,2026-04-15 05:00:00,1,VCT 2026: China Stage 1,https://www.vlr.gg/642941/titan-esports-club-vs-funplus-phoenix-vct-2026-china-stage-1-w3
TEC,Split,def,FPX,0,1,7,boom,2026-04-15 05:00:00,1,VCT 2026: China Stage 1,https://www.vlr.gg/642941/titan-esports-club-vs-funplus-phoenix-vct-2026-china-stage-1-w3
TEC,Split,def,FPX,0,1,8,boom,2026-04-15 05:00:00,1,VCT 2026: China Stage 1,https://www.vlr.gg/642941/titan-esports-club-vs-funplus-phoenix-vct-2026-china-stage-1-w3
TEC,Split,def,FPX,1,0,9,defus,2026-04-15 05:00:00,1,VCT 2026: China Stage 1,https://www.vlr.gg/642941/titan-esports-club-vs-funplus-phoenix-vct-2026-china-stage-1-w3
TEC,Split,def,FPX,1,0,10,tim,2026-04-15 05:00:00,1,VCT 2026: China Stage 1,https://www.vlr.gg/642941/titan-esports-club-vs-funplus-phoenix-vct-2026-china-stage-1-w3
TEC,Split,def,FPX,1,0,11,tim,2026-04-15 05:00:00,1,VCT 2026: China Stage 1,https://www.vlr.gg/642941/titan-esports-club-vs-funplus-phoenix-vct-2026-china-stage-1-w3
TEC,Split,def,FPX,1,0,12,elim,2026-04-15 05:00:00,1,VCT 2026: China Stage 1,https://www.vlr.gg/642941/titan-esports-club-vs-funplus-phoenix-vct-2026-china-stage-1-w3
AG,Lotus,atk,BLG,1,0,13,elim,2026-04-15 07:05:00,0,VCT 2026: China Stage 1,https://www.vlr.gg/642942/all-gamers-vs-bilibili-gaming-vct-2026-china-stage-1-w3
AG,Lotus,atk,BLG,1,0,14,elim,2026-04-15 07:05:00,0,VCT 2026: China Stage 1,https://www.vlr.gg/642942/all-gamers-vs-bilibili-gaming-vct-2026-china-stage-1-w3
AG,Lotus,atk,BLG,1,0,15,elim,2026-04-15 07:05:00,0,VCT 2026: China Stage 1,https://www.vlr.gg/642942/all-gamers-vs-bilibili-gaming-vct-2026-china-stage-1-w3
AG,Lotus,atk,BLG,1,0,16,boom,2026-04-15 07:05:00,0,VCT 2026: China Stage 1,https://www.vlr.gg/642942/all-gamers-vs-bilibili-gaming-vct-2026-china-stage-1-w3
AG,Lotus,atk,BLG,1,0,17,elim,2026-04-15 07:05:00,0,VCT 2026: China Stage 1,https://www.vlr.gg/642942/all-gamers-vs-bilibili-gaming-vct-2026-china-stage-1-w3
AG,Lotus,atk,BLG,1,0,18,elim,2026-04-15 07:05:00,0,VCT 2026: China Stage 1,https://www.vlr.gg/642942/all-gamers-vs-bilibili-gaming-vct-2026-china-stage-1-w3
AG,Lotus,atk,BLG,1,0,19,elim,2026-04-15 07:05:00,0,VCT 2026: China Stage 1,https://www.vlr.gg/642942/all-gamers-vs-bilibili-gaming-vct-2026-china-stage-1-w3
AG,Lotus,atk,BLG,1,0,20,elim,2026-04-15 07:05:00,0,VCT 2026: China Stage 1,https://www.vlr.gg/642942/all-gamers-vs-bilibili-gaming-vct-2026-china-stage-1-w3
AG,Lotus,def,BLG,1,0,1,elim,2026-04-15 07:05:00,0,VCT 2026: China Stage 1,https://www.vlr.gg/642942/all-gamers-vs-bilibili-gaming-vct-2026-china-stage-1-w3
AG,Lotus,def,BLG,1,0,2,elim,2026-04-15 07:05:00,0,VCT 2026: China Stage 1,https://www.vlr.gg/642942/all-gamers-vs-bilibili-gaming-vct-2026-china-stage-1-w3
AG,Lotus,def,BLG,0,1,3,elim,2026-04-15 07:05:00,0,VCT 2026: China Stage 1,https://www.vlr.gg/642942/all-gamers-vs-bilibili-gaming-vct-2026-china-stage-1-w3
AG,Lotus,def,BLG,0,1,4,boom,2026-04-15 07:05:00,0,VCT 2026: China Stage 1,https://www.vlr.gg/642942/all-gamers-vs-bilibili-gaming-vct-2026-china-stage-1-w3
AG,Lotus,def,BLG,1,0,5,elim,2026-04-15 07:05:00,0,VCT 2026: China Stage 1,https://www.vlr.gg/642942/all-gamers-vs-bilibili-gaming-vct-2026-china-stage-1-w3
AG,Lotus,def,BLG,1,0,6,defus,2026-04-15 07:05:00,0,VCT 2026: China Stage 1,https://www.vlr.gg/642942/all-gamers-vs-bilibili-gaming-vct-2026-china-stage-1-w3
AG,Lotus,def,BLG,0,1,7,boom,2026-04-15 07:05:00,0,VCT 2026: China Stage 1,https://www.vlr.gg/642942/all-gamers-vs-bilibili-gaming-vct-2026-china-stage-1-w3
AG,Lotus,def,BLG,1,0,8,defus,2026-04-15 07:05:00,0,VCT 2026: China Stage 1,https://www.vlr.gg/642942/all-gamers-vs-bilibili-gaming-vct-2026-china-stage-1-w3
AG,Lotus,def,BLG,0,1,9,boom,2026-04-15 07:05:00,0,VCT 2026: China Stage 1,https://www.vlr.gg/642942/all-gamers-vs-bilibili-gaming-vct-2026-china-stage-1-w3
AG,Lotus,def,BLG,0,1,10,elim,2026-04-15 07:05:00,0,VCT 2026: China Stage 1,https://www.vlr.gg/642942/all-gamers-vs-bilibili-gaming-vct-2026-china-stage-1-w3
AG,Lotus,def,BLG,0,1,11,elim,2026-04-15 07:05:00,0,VCT 2026: China Stage 1,https://www.vlr.gg/642942/all-gamers-vs-bilibili-gaming-vct-2026-china-stage-1-w3
AG,Lotus,def,BLG,0,1,12,elim,2026-04-15 07:05:00,0,VCT 2026: China Stage 1,https://www.vlr.gg/642942/all-gamers-vs-bilibili-gaming-vct-2026-china-stage-1-w3
AG,Pearl,atk,BLG,0,1,13,defus,2026-04-15 07:05:00,1,VCT 2026: China Stage 1,https://www.vlr.gg/642942/all-gamers-vs-bilibili-gaming-vct-2026-china-stage-1-w3
AG,Pearl,atk,BLG,0,1,14,elim,2026-04-15 07:05:00,1,VCT 2026: China Stage 1,https://www.vlr.gg/642942/all-gamers-vs-bilibili-gaming-vct-2026-china-stage-1-w3
AG,Pearl,atk,BLG,0,1,15,defus,2026-04-15 07:05:00,1,VCT 2026: China Stage 1,https://www.vlr.gg/642942/all-gamers-vs-bilibili-gaming-vct-2026-china-stage-1-w3
AG,Pearl,atk,BLG,0,1,16,elim,2026-04-15 07:05:00,1,VCT 2026: China Stage 1,https://www.vlr.gg/642942/all-gamers-vs-bilibili-gaming-vct-2026-china-stage-1-w3
AG,Pearl,def,BLG,0,1,1,elim,2026-04-15 07:05:00,1,VCT 2026: China Stage 1,https://www.vlr.gg/642942/all-gamers-vs-bilibili-gaming-vct-2026-china-stage-1-w3
AG,Pearl,def,BLG,0,1,2,elim,2026-04-15 07:05:00,1,VCT 2026: China Stage 1,https://www.vlr.gg/642942/all-gamers-vs-bilibili-gaming-vct-2026-china-stage-1-w3
AG,Pearl,def,BLG,1,0,3,defus,2026-04-15 07:05:00,1,VCT 2026: China Stage 1,https://www.vlr.gg/642942/all-gamers-vs-bilibili-gaming-vct-2026-china-stage-1-w3
AG,Pearl,def,BLG,1,0,4,tim,2026-04-15 07:05:00,1,VCT 2026: China Stage 1,https://www.vlr.gg/642942/all-gamers-vs-bilibili-gaming-vct-2026-china-stage-1-w3
AG,Pearl,def,BLG,1,0,5,tim,2026-04-15 07:05:00,1,VCT 2026: China Stage 1,https://www.vlr.gg/642942/all-gamers-vs-bilibili-gaming-vct-2026-china-stage-1-w3
AG,Pearl,def,BLG,0,1,6,elim,2026-04-15 07:05:00,1,VCT 2026: China Stage 1,https://www.vlr.gg/642942/all-gamers-vs-bilibili-gaming-vct-2026-china-stage-1-w3
AG,Pearl,def,BLG,0,1,7,elim,2026-04-15 07:05:00,1,VCT 2026: China Stage 1,https://www.vlr.gg/642942/all-gamers-vs-bilibili-gaming-vct-2026-china-stage-1-w3
AG,Pearl,def,BLG,0,1,8,elim,2026-04-15 07:05:00,1,VCT 2026: China Stage 1,https://www.vlr.gg/642942/all-gamers-vs-bilibili-gaming-vct-2026-china-stage-1-w3
AG,Pearl,def,BLG,0,1,9,elim,2026-04-15 07:05:00,1,VCT 2026: China Stage 1,https://www.vlr.gg/642942/all-gamers-vs-bilibili-gaming-vct-2026-china-stage-1-w3
AG,Pearl,def,BLG,0,1,10,elim,2026-04-15 07:05:00,1,VCT 2026: China Stage 1,https://www.vlr.gg/642942/all-gamers-vs-bilibili-gaming-vct-2026-china-stage-1-w3
AG,Pearl,def,BLG,0,1,11,boom,2026-04-15 07:05:00,1,VCT 2026: China Stage 1,https://www.vlr.gg/642942/all-gamers-vs-bilibili-gaming-vct-2026-china-stage-1-w3
AG,Pearl,def,BLG,0,1,12,elim,2026-04-15 07:05:00,1,VCT 2026: China Stage 1,https://www.vlr.gg/642942/all-gamers-vs-bilibili-gaming-vct-2026-china-stage-1-w3
AG,Bind,atk,BLG,1,0,1,elim,2026-04-15 07:05:00,2,VCT 2026: China Stage 1,https://www.vlr.gg/642942/all-gamers-vs-bilibili-gaming-vct-2026-china-stage-1-w3
AG,Bind,atk,BLG,1,0,2,elim,2026-04-15 07:05:00,2,VCT 2026: China Stage 1,https://www.vlr.gg/642942/all-gamers-vs-bilibili-gaming-vct-2026-china-stage-1-w3
AG,Bind,atk,BLG,1,0,3,elim,2026-04-15 07:05:00,2,VCT 2026: China Stage 1,https://www.vlr.gg/642942/all-gamers-vs-bilibili-gaming-vct-2026-china-stage-1-w3
AG,Bind,atk,BLG,1,0,4,elim,2026-04-15 07:05:00,2,VCT 2026: China Stage 1,https://www.vlr.gg/642942/all-gamers-vs-bilibili-gaming-vct-2026-china-stage-1-w3
AG,Bind,atk,BLG,0,1,5,elim,2026-04-15 07:05:00,2,VCT 2026: China Stage 1,https://www.vlr.gg/642942/all-gamers-vs-bilibili-gaming-vct-2026-china-stage-1-w3
AG,Bind,atk,BLG,1,0,6,boom,2026-04-15 07:05:00,2,VCT 2026: China Stage 1,https://www.vlr.gg/642942/all-gamers-vs-bilibili-gaming-vct-2026-china-stage-1-w3
AG,Bind,atk,BLG,0,1,7,defus,2026-04-15 07:05:00,2,VCT 2026: China Stage 1,https://www.vlr.gg/642942/all-gamers-vs-bilibili-gaming-vct-2026-china-stage-1-w3
AG,Bind,atk,BLG,0,1,8,defus,2026-04-15 07:05:00,2,VCT 2026: China Stage 1,https://www.vlr.gg/642942/all-gamers-vs-bilibili-gaming-vct-2026-china-stage-1-w3
AG,Bind,atk,BLG,1,0,9,elim,2026-04-15 07:05:00,2,VCT 2026: China Stage 1,https://www.vlr.gg/642942/all-gamers-vs-bilibili-gaming-vct-2026-china-stage-1-w3
AG,Bind,atk,BLG,1,0,10,elim,2026-04-15 07:05:00,2,VCT 2026: China Stage 1,https://www.vlr.gg/642942/all-gamers-vs-bilibili-gaming-vct-2026-china-stage-1-w3
AG,Bind,atk,BLG,1,0,11,elim,2026-04-15 07:05:00,2,VCT 2026: China Stage 1,https://www.vlr.gg/642942/all-gamers-vs-bilibili-gaming-vct-2026-china-stage-1-w3
AG,Bind,atk,BLG,1,0,12,elim,2026-04-15 07:05:00,2,VCT 2026: China Stage 1,https://www.vlr.gg/642942/all-gamers-vs-bilibili-gaming-vct-2026-china-stage-1-w3
AG,Bind,def,BLG,1,0,13,elim,2026-04-15 07:05:00,2,VCT 2026: China Stage 1,https://www.vlr.gg/642942/all-gamers-vs-bilibili-gaming-vct-2026-china-stage-1-w3
AG,Bind,def,BLG,0,1,14,elim,2026-04-15 07:05:00,2,VCT 2026: China Stage 1,https://www.vlr.gg/642942/all-gamers-vs-bilibili-gaming-vct-2026-china-stage-1-w3
AG,Bind,def,BLG,0,1,15,boom,2026-04-15 07:05:00,2,VCT 2026: China Stage 1,https://www.vlr.gg/642942/all-gamers-vs-bilibili-gaming-vct-2026-china-stage-1-w3
AG,Bind,def,BLG,1,0,16,elim,2026-04-15 07:05:00,2,VCT 2026: China Stage 1,https://www.vlr.gg/642942/all-gamers-vs-bilibili-gaming-vct-2026-china-stage-1-w3
AG,Bind,def,BLG,1,0,17,defus,2026-04-15 07:05:00,2,VCT 2026: China Stage 1,https://www.vlr.gg/642942/all-gamers-vs-bilibili-gaming-vct-2026-china-stage-1-w3
AG,Bind,def,BLG,0,1,18,elim,2026-04-15 07:05:00,2,VCT 2026: China Stage 1,https://www.vlr.gg/642942/all-gamers-vs-bilibili-gaming-vct-2026-china-stage-1-w3
AG,Bind,def,BLG,0,1,19,boom,2026-04-15 07:05:00,2,VCT 2026: China Stage 1,https://www.vlr.gg/642942/all-gamers-vs-bilibili-gaming-vct-2026-china-stage-1-w3
AG,Bind,def,BLG,1,0,20,elim,2026-04-15 07:05:00,2,VCT 2026: China Stage 1,https://www.vlr.gg/642942/all-gamers-vs-bilibili-gaming-vct-2026-china-stage-1-w3
NOVA,Lotus,atk,WOL,1,0,13,elim,2026-04-16 05:00:00,0,VCT 2026: China Stage 1,https://www.vlr.gg/642943/nova-esports-vs-wolves-esports-vct-2026-china-stage-1-w3
NOVA,Lotus,atk,WOL,1,0,14,elim,2026-04-16 05:00:00,0,VCT 2026: China Stage 1,https://www.vlr.gg/642943/nova-esports-vs-wolves-esports-vct-2026-china-stage-1-w3
NOVA,Lotus,atk,WOL,1,0,15,elim,2026-04-16 05:00:00,0,VCT 2026: China Stage 1,https://www.vlr.gg/642943/nova-esports-vs-wolves-esports-vct-2026-china-stage-1-w3
NOVA,Lotus,atk,WOL,1,0,16,elim,2026-04-16 05:00:00,0,VCT 2026: China Stage 1,https://www.vlr.gg/642943/nova-esports-vs-wolves-esports-vct-2026-china-stage-1-w3
NOVA,Lotus,atk,WOL,1,0,17,boom,2026-04-16 05:00:00,0,VCT 2026: China Stage 1,https://www.vlr.gg/642943/nova-esports-vs-wolves-esports-vct-2026-china-stage-1-w3
NOVA,Lotus,atk,WOL,1,0,18,boom,2026-04-16 05:00:00,0,VCT 2026: China Stage 1,https://www.vlr.gg/642943/nova-esports-vs-wolves-esports-vct-2026-china-stage-1-w3
NOVA,Lotus,atk,WOL,0,1,19,elim,2026-04-16 05:00:00,0,VCT 2026: China Stage 1,https://www.vlr.gg/642943/nova-esports-vs-wolves-esports-vct-2026-china-stage-1-w3
NOVA,Lotus,atk,WOL,1,0,20,boom,2026-04-16 05:00:00,0,VCT 2026: China Stage 1,https://www.vlr.gg/642943/nova-esports-vs-wolves-esports-vct-2026-china-stage-1-w3
NOVA,Lotus,atk,WOL,0,1,21,elim,2026-04-16 05:00:00,0,VCT 2026: China Stage 1,https://www.vlr.gg/642943/nova-esports-vs-wolves-esports-vct-2026-china-stage-1-w3
NOVA,Lotus,atk,WOL,1,0,22,elim,2026-04-16 05:00:00,0,VCT 2026: China Stage 1,https://www.vlr.gg/642943/nova-esports-vs-wolves-esports-vct-2026-china-stage-1-w3
NOVA,Lotus,atk,WOL,1,0,23,elim,2026-04-16 05:00:00,0,VCT 2026: China Stage 1,https://www.vlr.gg/642943/nova-esports-vs-wolves-esports-vct-2026-china-stage-1-w3
NOVA,Lotus,def,WOL,0,1,1,elim,2026-04-16 05:00:00,0,VCT 2026: China Stage 1,https://www.vlr.gg/642943/nova-esports-vs-wolves-esports-vct-2026-china-stage-1-w3
NOVA,Lotus,def,WOL,0,1,2,elim,2026-04-16 05:00:00,0,VCT 2026: China Stage 1,https://www.vlr.gg/642943/nova-esports-vs-wolves-esports-vct-2026-china-stage-1-w3
NOVA,Lotus,def,WOL,0,1,3,elim,2026-04-16 05:00:00,0,VCT 2026: China Stage 1,https://www.vlr.gg/642943/nova-esports-vs-wolves-esports-vct-2026-china-stage-1-w3
NOVA,Lotus,def,WOL,0,1,4,elim,2026-04-16 05:00:00,0,VCT 2026: China Stage 1,https://www.vlr.gg/642943/nova-esports-vs-wolves-esports-vct-2026-china-stage-1-w3
NOVA,Lotus,def,WOL,0,1,5,boom,2026-04-16 05:00:00,0,VCT 2026: China Stage 1,https://www.vlr.gg/642943/nova-esports-vs-wolves-esports-vct-2026-china-stage-1-w3
NOVA,Lotus,def,WOL,1,0,6,defus,2026-04-16 05:00:00,0,VCT 2026: China Stage 1,https://www.vlr.gg/642943/nova-esports-vs-wolves-esports-vct-2026-china-stage-1-w3
NOVA,Lotus,def,WOL,0,1,7,boom,2026-04-16 05:00:00,0,VCT 2026: China Stage 1,https://www.vlr.gg/642943/nova-esports-vs-wolves-esports-vct-2026-china-stage-1-w3
NOVA,Lotus,def,WOL,0,1,8,elim,2026-04-16 05:00:00,0,VCT 2026: China Stage 1,https://www.vlr.gg/642943/nova-esports-vs-wolves-esports-vct-2026-china-stage-1-w3
NOVA,Lotus,def,WOL,1,0,9,elim,2026-04-16 05:00:00,0,VCT 2026: China Stage 1,https://www.vlr.gg/642943/nova-esports-vs-wolves-esports-vct-2026-china-stage-1-w3
NOVA,Lotus,def,WOL,1,0,10,elim,2026-04-16 05:00:00,0,VCT 2026: China Stage 1,https://www.vlr.gg/642943/nova-esports-vs-wolves-esports-vct-2026-china-stage-1-w3
NOVA,Lotus,def,WOL,1,0,11,defus,2026-04-16 05:00:00,0,VCT 2026: China Stage 1,https://www.vlr.gg/642943/nova-esports-vs-wolves-esports-vct-2026-china-stage-1-w3
NOVA,Lotus,def,WOL,0,1,12,elim,2026-04-16 05:00:00,0,VCT 2026: China Stage 1,https://www.vlr.gg/642943/nova-esports-vs-wolves-esports-vct-2026-china-stage-1-w3
NOVA,Fracture,atk,WOL,0,1,1,elim,2026-04-16 05:00:00,1,VCT 2026: China Stage 1,https://www.vlr.gg/642943/nova-esports-vs-wolves-esports-vct-2026-china-stage-1-w3
NOVA,Fracture,atk,WOL,0,1,2,elim,2026-04-16 05:00:00,1,VCT 2026: China Stage 1,https://www.vlr.gg/642943/nova-esports-vs-wolves-esports-vct-2026-china-stage-1-w3
NOVA,Fracture,atk,WOL,1,0,3,elim,2026-04-16 05:00:00,1,VCT 2026: China Stage 1,https://www.vlr.gg/642943/nova-esports-vs-wolves-esports-vct-2026-china-stage-1-w3
NOVA,Fracture,atk,WOL,0,1,4,elim,2026-04-16 05:00:00,1,VCT 2026: China Stage 1,https://www.vlr.gg/642943/nova-esports-vs-wolves-esports-vct-2026-china-stage-1-w3
NOVA,Fracture,atk,WOL,0,1,5,defus,2026-04-16 05:00:00,1,VCT 2026: China Stage 1,https://www.vlr.gg/642943/nova-esports-vs-wolves-esports-vct-2026-china-stage-1-w3
NOVA,Fracture,atk,WOL,1,0,6,elim,2026-04-16 05:00:00,1,VCT 2026: China Stage 1,https://www.vlr.gg/642943/nova-esports-vs-wolves-esports-vct-2026-china-stage-1-w3
NOVA,Fracture,atk,WOL,1,0,7,elim,2026-04-16 05:00:00,1,VCT 2026: China Stage 1,https://www.vlr.gg/642943/nova-esports-vs-wolves-esports-vct-2026-china-stage-1-w3
NOVA,Fracture,atk,WOL,1,0,8,elim,2026-04-16 05:00:00,1,VCT 2026: China Stage 1,https://www.vlr.gg/642943/nova-esports-vs-wolves-esports-vct-2026-china-stage-1-w3
NOVA,Fracture,atk,WOL,0,1,9,defus,2026-04-16 05:00:00,1,VCT 2026: China Stage 1,https://www.vlr.gg/642943/nova-esports-vs-wolves-esports-vct-2026-china-stage-1-w3
NOVA,Fracture,atk,WOL,0,1,10,elim,2026-04-16 05:00:00,1,VCT 2026: China Stage 1,https://www.vlr.gg/642943/nova-esports-vs-wolves-esports-vct-2026-china-stage-1-w3
NOVA,Fracture,atk,WOL,1,0,11,elim,2026-04-16 05:00:00,1,VCT 2026: China Stage 1,https://www.vlr.gg/642943/nova-esports-vs-wolves-esports-vct-2026-china-stage-1-w3
NOVA,Fracture,atk,WOL,0,1,12,defus,2026-04-16 05:00:00,1,VCT 2026: China Stage 1,https://www.vlr.gg/642943/nova-esports-vs-wolves-esports-vct-2026-china-stage-1-w3
NOVA,Fracture,def,WOL,1,0,13,defus,2026-04-16 05:00:00,1,VCT 2026: China Stage 1,https://www.vlr.gg/642943/nova-esports-vs-wolves-esports-vct-2026-china-stage-1-w3
NOVA,Fracture,def,WOL,0,1,14,elim,2026-04-16 05:00:00,1,VCT 2026: China Stage 1,https://www.vlr.gg/642943/nova-esports-vs-wolves-esports-vct-2026-china-stage-1-w3
NOVA,Fracture,def,WOL,1,0,15,elim,2026-04-16 05:00:00,1,VCT 2026: China Stage 1,https://www.vlr.gg/642943/nova-esports-vs-wolves-esports-vct-2026-china-stage-1-w3
NOVA,Fracture,def,WOL,1,0,16,elim,2026-04-16 05:00:00,1,VCT 2026: China Stage 1,https://www.vlr.gg/642943/nova-esports-vs-wolves-esports-vct-2026-china-stage-1-w3
NOVA,Fracture,def,WOL,1,0,17,elim,2026-04-16 05:00:00,1,VCT 2026: China Stage 1,https://www.vlr.gg/642943/nova-esports-vs-wolves-esports-vct-2026-china-stage-1-w3
NOVA,Fracture,def,WOL,1,0,18,elim,2026-04-16 05:00:00,1,VCT 2026: China Stage 1,https://www.vlr.gg/642943/nova-esports-vs-wolves-esports-vct-2026-china-stage-1-w3
NOVA,Fracture,def,WOL,1,0,19,elim,2026-04-16 05:00:00,1,VCT 2026: China Stage 1,https://www.vlr.gg/642943/nova-esports-vs-wolves-esports-vct-2026-china-stage-1-w3
NOVA,Fracture,def,WOL,1,0,20,elim,2026-04-16 05:00:00,1,VCT 2026: China Stage 1,https://www.vlr.gg/642943/nova-esports-vs-wolves-esports-vct-2026-china-stage-1-w3
NOVA,Fracture,def,WOL,1,0,21,elim,2026-04-16 05:00:00,1,VCT 2026: China Stage 1,https://www.vlr.gg/642943/nova-esports-vs-wolves-esports-vct-2026-china-stage-1-w3
EDG,Lotus,atk,XLG,1,0,1,elim,2026-04-16 07:15:00,0,VCT 2026: China Stage 1,https://www.vlr.gg/642944/edward-gaming-vs-xi-lai-gaming-vct-2026-china-stage-1-w3
EDG,Lotus,atk,XLG,0,1,2,defus,2026-04-16 07:15:00,0,VCT 2026: China Stage 1,https://www.vlr.gg/642944/edward-gaming-vs-xi-lai-gaming-vct-2026-china-stage-1-w3
EDG,Lotus,atk,XLG,1,0,3,elim,2026-04-16 07:15:00,0,VCT 2026: China Stage 1,https://www.vlr.gg/642944/edward-gaming-vs-xi-lai-gaming-vct-2026-china-stage-1-w3
EDG,Lotus,atk,XLG,1,0,4,elim,2026-04-16 07:15:00,0,VCT 2026: China Stage 1,https://www.vlr.gg/642944/edward-gaming-vs-xi-lai-gaming-vct-2026-china-stage-1-w3
EDG,Lotus,atk,XLG,1,0,5,boom,2026-04-16 07:15:00,0,VCT 2026: China Stage 1,https://www.vlr.gg/642944/edward-gaming-vs-xi-lai-gaming-vct-2026-china-stage-1-w3
EDG,Lotus,atk,XLG,1,0,6,elim,2026-04-16 07:15:00,0,VCT 2026: China Stage 1,https://www.vlr.gg/642944/edward-gaming-vs-xi-lai-gaming-vct-2026-china-stage-1-w3
EDG,Lotus,atk,XLG,1,0,7,elim,2026-04-16 07:15:00,0,VCT 2026: China Stage 1,https://www.vlr.gg/642944/edward-gaming-vs-xi-lai-gaming-vct-2026-china-stage-1-w3
EDG,Lotus,atk,XLG,1,0,8,elim,2026-04-16 07:15:00,0,VCT 2026: China Stage 1,https://www.vlr.gg/642944/edward-gaming-vs-xi-lai-gaming-vct-2026-china-stage-1-w3
EDG,Lotus,atk,XLG,0,1,9,elim,2026-04-16 07:15:00,0,VCT 2026: China Stage 1,https://www.vlr.gg/642944/edward-gaming-vs-xi-lai-gaming-vct-2026-china-stage-1-w3
EDG,Lotus,atk,XLG,0,1,10,defus,2026-04-16 07:15:00,0,VCT 2026: China Stage 1,https://www.vlr.gg/642944/edward-gaming-vs-xi-lai-gaming-vct-2026-china-stage-1-w3
EDG,Lotus,atk,XLG,1,0,11,elim,2026-04-16 07:15:00,0,VCT 2026: China Stage 1,https://www.vlr.gg/642944/edward-gaming-vs-xi-lai-gaming-vct-2026-china-stage-1-w3
EDG,Lotus,atk,XLG,1,0,12,elim,2026-04-16 07:15:00,0,VCT 2026: China Stage 1,https://www.vlr.gg/642944/edward-gaming-vs-xi-lai-gaming-vct-2026-china-stage-1-w3
EDG,Lotus,def,XLG,1,0,13,elim,2026-04-16 07:15:00,0,VCT 2026: China Stage 1,https://www.vlr.gg/642944/edward-gaming-vs-xi-lai-gaming-vct-2026-china-stage-1-w3
EDG,Lotus,def,XLG,1,0,14,elim,2026-04-16 07:15:00,0,VCT 2026: China Stage 1,https://www.vlr.gg/642944/edward-gaming-vs-xi-lai-gaming-vct-2026-china-stage-1-w3
EDG,Lotus,def,XLG,0,1,15,elim,2026-04-16 07:15:00,0,VCT 2026: China Stage 1,https://www.vlr.gg/642944/edward-gaming-vs-xi-lai-gaming-vct-2026-china-stage-1-w3
EDG,Lotus,def,XLG,0,1,16,elim,2026-04-16 07:15:00,0,VCT 2026: China Stage 1,https://www.vlr.gg/642944/edward-gaming-vs-xi-lai-gaming-vct-2026-china-stage-1-w3
EDG,Lotus,def,XLG,0,1,17,elim,2026-04-16 07:15:00,0,VCT 2026: China Stage 1,https://www.vlr.gg/642944/edward-gaming-vs-xi-lai-gaming-vct-2026-china-stage-1-w3
EDG,Lotus,def,XLG,0,1,18,boom,2026-04-16 07:15:00,0,VCT 2026: China Stage 1,https://www.vlr.gg/642944/edward-gaming-vs-xi-lai-gaming-vct-2026-china-stage-1-w3
EDG,Lotus,def,XLG,0,1,19,boom,2026-04-16 07:15:00,0,VCT 2026: China Stage 1,https://www.vlr.gg/642944/edward-gaming-vs-xi-lai-gaming-vct-2026-china-stage-1-w3
EDG,Lotus,def,XLG,1,0,20,elim,2026-04-16 07:15:00,0,VCT 2026: China Stage 1,https://www.vlr.gg/642944/edward-gaming-vs-xi-lai-gaming-vct-2026-china-stage-1-w3
EDG,Lotus,def,XLG,1,0,21,defus,2026-04-16 07:15:00,0,VCT 2026: China Stage 1,https://www.vlr.gg/642944/edward-gaming-vs-xi-lai-gaming-vct-2026-china-stage-1-w3
EDG,Haven,atk,XLG,1,0,13,elim,2026-04-16 07:15:00,1,VCT 2026: China Stage 1,https://www.vlr.gg/642944/edward-gaming-vs-xi-lai-gaming-vct-2026-china-stage-1-w3
EDG,Haven,atk,XLG,1,0,14,elim,2026-04-16 07:15:00,1,VCT 2026: China Stage 1,https://www.vlr.gg/642944/edward-gaming-vs-xi-lai-gaming-vct-2026-china-stage-1-w3
EDG,Haven,atk,XLG,0,1,15,elim,2026-04-16 07:15:00,1,VCT 2026: China Stage 1,https://www.vlr.gg/642944/edward-gaming-vs-xi-lai-gaming-vct-2026-china-stage-1-w3
EDG,Haven,atk,XLG,0,1,16,defus,2026-04-16 07:15:00,1,VCT 2026: China Stage 1,https://www.vlr.gg/642944/edward-gaming-vs-xi-lai-gaming-vct-2026-china-stage-1-w3
EDG,Haven,atk,XLG,0,1,17,elim,2026-04-16 07:15:00,1,VCT 2026: China Stage 1,https://www.vlr.gg/642944/edward-gaming-vs-xi-lai-gaming-vct-2026-china-stage-1-w3
EDG,Haven,atk,XLG,1,0,18,elim,2026-04-16 07:15:00,1,VCT 2026: China Stage 1,https://www.vlr.gg/642944/edward-gaming-vs-xi-lai-gaming-vct-2026-china-stage-1-w3
EDG,Haven,atk,XLG,1,0,19,boom,2026-04-16 07:15:00,1,VCT 2026: China Stage 1,https://www.vlr.gg/642944/edward-gaming-vs-xi-lai-gaming-vct-2026-china-stage-1-w3
EDG,Haven,atk,XLG,1,0,20,elim,2026-04-16 07:15:00,1,VCT 2026: China Stage 1,https://www.vlr.gg/642944/edward-gaming-vs-xi-lai-gaming-vct-2026-china-stage-1-w3
EDG,Haven,atk,XLG,0,1,21,defus,2026-04-16 07:15:00,1,VCT 2026: China Stage 1,https://www.vlr.gg/642944/edward-gaming-vs-xi-lai-gaming-vct-2026-china-stage-1-w3
EDG,Haven,atk,XLG,0,1,22,defus,2026-04-16 07:15:00,1,VCT 2026: China Stage 1,https://www.vlr.gg/642944/edward-gaming-vs-xi-lai-gaming-vct-2026-china-stage-1-w3
EDG,Haven,def,XLG,1,0,1,elim,2026-04-16 07:15:00,1,VCT 2026: China Stage 1,https://www.vlr.gg/642944/edward-gaming-vs-xi-lai-gaming-vct-2026-china-stage-1-w3
EDG,Haven,def,XLG,1,0,2,elim,2026-04-16 07:15:00,1,VCT 2026: China Stage 1,https://www.vlr.gg/642944/edward-gaming-vs-xi-lai-gaming-vct-2026-china-stage-1-w3
EDG,Haven,def,XLG,0,1,3,elim,2026-04-16 07:15:00,1,VCT 2026: China Stage 1,https://www.vlr.gg/642944/edward-gaming-vs-xi-lai-gaming-vct-2026-china-stage-1-w3
EDG,Haven,def,XLG,0,1,4,elim,2026-04-16 07:15:00,1,VCT 2026: China Stage 1,https://www.vlr.gg/642944/edward-gaming-vs-xi-lai-gaming-vct-2026-china-stage-1-w3
EDG,Haven,def,XLG,0,1,5,elim,2026-04-16 07:15:00,1,VCT 2026: China Stage 1,https://www.vlr.gg/642944/edward-gaming-vs-xi-lai-gaming-vct-2026-china-stage-1-w3
EDG,Haven,def,XLG,0,1,6,elim,2026-04-16 07:15:00,1,VCT 2026: China Stage 1,https://www.vlr.gg/642944/edward-gaming-vs-xi-lai-gaming-vct-2026-china-stage-1-w3
EDG,Haven,def,XLG,0,1,7,boom,2026-04-16 07:15:00,1,VCT 2026: China Stage 1,https://www.vlr.gg/642944/edward-gaming-vs-xi-lai-gaming-vct-2026-china-stage-1-w3
EDG,Haven,def,XLG,0,1,8,boom,2026-04-16 07:15:00,1,VCT 2026: China Stage 1,https://www.vlr.gg/642944/edward-gaming-vs-xi-lai-gaming-vct-2026-china-stage-1-w3
EDG,Haven,def,XLG,1,0,9,defus,2026-04-16 07:15:00,1,VCT 2026: China Stage 1,https://www.vlr.gg/642944/edward-gaming-vs-xi-lai-gaming-vct-2026-china-stage-1-w3
EDG,Haven,def,XLG,0,1,10,elim,2026-04-16 07:15:00,1,VCT 2026: China Stage 1,https://www.vlr.gg/642944/edward-gaming-vs-xi-lai-gaming-vct-2026-china-stage-1-w3
EDG,Haven,def,XLG,0,1,11,elim,2026-04-16 07:15:00,1,VCT 2026: China Stage 1,https://www.vlr.gg/642944/edward-gaming-vs-xi-lai-gaming-vct-2026-china-stage-1-w3
EDG,Haven,def,XLG,1,0,12,elim,2026-04-16 07:15:00,1,VCT 2026: China Stage 1,https://www.vlr.gg/642944/edward-gaming-vs-xi-lai-gaming-vct-2026-china-stage-1-w3
EDG,Split,atk,XLG,1,0,1,elim,2026-04-16 07:15:00,2,VCT 2026: China Stage 1,https://www.vlr.gg/642944/edward-gaming-vs-xi-lai-gaming-vct-2026-china-stage-1-w3
EDG,Split,atk,XLG,1,0,2,elim,2026-04-16 07:15:00,2,VCT 2026: China Stage 1,https://www.vlr.gg/642944/edward-gaming-vs-xi-lai-gaming-vct-2026-china-stage-1-w3
EDG,Split,atk,XLG,0,1,3,elim,2026-04-16 07:15:00,2,VCT 2026: China Stage 1,https://www.vlr.gg/642944/edward-gaming-vs-xi-lai-gaming-vct-2026-china-stage-1-w3
EDG,Split,atk,XLG,0,1,4,elim,2026-04-16 07:15:00,2,VCT 2026: China Stage 1,https://www.vlr.gg/642944/edward-gaming-vs-xi-lai-gaming-vct-2026-china-stage-1-w3
EDG,Split,atk,XLG,0,1,5,elim,2026-04-16 07:15:00,2,VCT 2026: China Stage 1,https://www.vlr.gg/642944/edward-gaming-vs-xi-lai-gaming-vct-2026-china-stage-1-w3
EDG,Split,atk,XLG,1,0,6,boom,2026-04-16 07:15:00,2,VCT 2026: China Stage 1,https://www.vlr.gg/642944/edward-gaming-vs-xi-lai-gaming-vct-2026-china-stage-1-w3
EDG,Split,atk,XLG,0,1,7,defus,2026-04-16 07:15:00,2,VCT 2026: China Stage 1,https://www.vlr.gg/642944/edward-gaming-vs-xi-lai-gaming-vct-2026-china-stage-1-w3
EDG,Split,atk,XLG,0,1,8,elim,2026-04-16 07:15:00,2,VCT 2026: China Stage 1,https://www.vlr.gg/642944/edward-gaming-vs-xi-lai-gaming-vct-2026-china-stage-1-w3
EDG,Split,atk,XLG,0,1,9,elim,2026-04-16 07:15:00,2,VCT 2026: China Stage 1,https://www.vlr.gg/642944/edward-gaming-vs-xi-lai-gaming-vct-2026-china-stage-1-w3
EDG,Split,atk,XLG,0,1,10,elim,2026-04-16 07:15:00,2,VCT 2026: China Stage 1,https://www.vlr.gg/642944/edward-gaming-vs-xi-lai-gaming-vct-2026-china-stage-1-w3
EDG,Split,atk,XLG,1,0,11,elim,2026-04-16 07:15:00,2,VCT 2026: China Stage 1,https://www.vlr.gg/642944/edward-gaming-vs-xi-lai-gaming-vct-2026-china-stage-1-w3
EDG,Split,atk,XLG,0,1,12,elim,2026-04-16 07:15:00,2,VCT 2026: China Stage 1,https://www.vlr.gg/642944/edward-gaming-vs-xi-lai-gaming-vct-2026-china-stage-1-w3
EDG,Split,def,XLG,0,1,13,elim,2026-04-16 07:15:00,2,VCT 2026: China Stage 1,https://www.vlr.gg/642944/edward-gaming-vs-xi-lai-gaming-vct-2026-china-stage-1-w3
EDG,Split,def,XLG,0,1,14,elim,2026-04-16 07:15:00,2,VCT 2026: China Stage 1,https://www.vlr.gg/642944/edward-gaming-vs-xi-lai-gaming-vct-2026-china-stage-1-w3
EDG,Split,def,XLG,0,1,15,elim,2026-04-16 07:15:00,2,VCT 2026: China Stage 1,https://www.vlr.gg/642944/edward-gaming-vs-xi-lai-gaming-vct-2026-china-stage-1-w3
EDG,Split,def,XLG,0,1,16,boom,2026-04-16 07:15:00,2,VCT 2026: China Stage 1,https://www.vlr.gg/642944/edward-gaming-vs-xi-lai-gaming-vct-2026-china-stage-1-w3
EDG,Split,def,XLG,1,0,17,elim,2026-04-16 07:15:00,2,VCT 2026: China Stage 1,https://www.vlr.gg/642944/edward-gaming-vs-xi-lai-gaming-vct-2026-china-stage-1-w3
EDG,Split,def,XLG,0,1,18,elim,2026-04-16 07:15:00,2,VCT 2026: China Stage 1,https://www.vlr.gg/642944/edward-gaming-vs-xi-lai-gaming-vct-2026-china-stage-1-w3
TYL,Haven,atk,DRG,0,1,1,elim,2026-04-18 05:00:00,0,VCT 2026: China Stage 1,https://www.vlr.gg/642947/tyloo-vs-dragon-ranger-gaming-vct-2026-china-stage-1-seeding
TYL,Haven,atk,DRG,1,0,2,elim,2026-04-18 05:00:00,0,VCT 2026: China Stage 1,https://www.vlr.gg/642947/tyloo-vs-dragon-ranger-gaming-vct-2026-china-stage-1-seeding
TYL,Haven,atk,DRG,1,0,3,boom,2026-04-18 05:00:00,0,VCT 2026: China Stage 1,https://www.vlr.gg/642947/tyloo-vs-dragon-ranger-gaming-vct-2026-china-stage-1-seeding
TYL,Haven,atk,DRG,0,1,4,defus,2026-04-18 05:00:00,0,VCT 2026: China Stage 1,https://www.vlr.gg/642947/tyloo-vs-dragon-ranger-gaming-vct-2026-china-stage-1-seeding
TYL,Haven,atk,DRG,1,0,5,boom,2026-04-18 05:00:00,0,VCT 2026: China Stage 1,https://www.vlr.gg/642947/tyloo-vs-dragon-ranger-gaming-vct-2026-china-stage-1-seeding
TYL,Haven,atk,DRG,1,0,6,elim,2026-04-18 05:00:00,0,VCT 2026: China Stage 1,https://www.vlr.gg/642947/tyloo-vs-dragon-ranger-gaming-vct-2026-china-stage-1-seeding
TYL,Haven,atk,DRG,1,0,7,elim,2026-04-18 05:00:00,0,VCT 2026: China Stage 1,https://www.vlr.gg/642947/tyloo-vs-dragon-ranger-gaming-vct-2026-china-stage-1-seeding
TYL,Haven,atk,DRG,1,0,8,elim,2026-04-18 05:00:00,0,VCT 2026: China Stage 1,https://www.vlr.gg/642947/tyloo-vs-dragon-ranger-gaming-vct-2026-china-stage-1-seeding
TYL,Haven,atk,DRG,0,1,9,defus,2026-04-18 05:00:00,0,VCT 2026: China Stage 1,https://www.vlr.gg/642947/tyloo-vs-dragon-ranger-gaming-vct-2026-china-stage-1-seeding
TYL,Haven,atk,DRG,1,0,10,elim,2026-04-18 05:00:00,0,VCT 2026: China Stage 1,https://www.vlr.gg/642947/tyloo-vs-dragon-ranger-gaming-vct-2026-china-stage-1-seeding
TYL,Haven,atk,DRG,0,1,11,defus,2026-04-18 05:00:00,0,VCT 2026: China Stage 1,https://www.vlr.gg/642947/tyloo-vs-dragon-ranger-gaming-vct-2026-china-stage-1-seeding
TYL,Haven,atk,DRG,1,0,12,elim,2026-04-18 05:00:00,0,VCT 2026: China Stage 1,https://www.vlr.gg/642947/tyloo-vs-dragon-ranger-gaming-vct-2026-china-stage-1-seeding
TYL,Haven,def,DRG,0,1,13,elim,2026-04-18 05:00:00,0,VCT 2026: China Stage 1,https://www.vlr.gg/642947/tyloo-vs-dragon-ranger-gaming-vct-2026-china-stage-1-seeding
TYL,Haven,def,DRG,0,1,14,elim,2026-04-18 05:00:00,0,VCT 2026: China Stage 1,https://www.vlr.gg/642947/tyloo-vs-dragon-ranger-gaming-vct-2026-china-stage-1-seeding
TYL,Haven,def,DRG,1,0,15,defus,2026-04-18 05:00:00,0,VCT 2026: China Stage 1,https://www.vlr.gg/642947/tyloo-vs-dragon-ranger-gaming-vct-2026-china-stage-1-seeding
TYL,Haven,def,DRG,1,0,16,elim,2026-04-18 05:00:00,0,VCT 2026: China Stage 1,https://www.vlr.gg/642947/tyloo-vs-dragon-ranger-gaming-vct-2026-china-stage-1-seeding
TYL,Haven,def,DRG,0,1,17,elim,2026-04-18 05:00:00,0,VCT 2026: China Stage 1,https://www.vlr.gg/642947/tyloo-vs-dragon-ranger-gaming-vct-2026-china-stage-1-seeding
TYL,Haven,def,DRG,1,0,18,defus,2026-04-18 05:00:00,0,VCT 2026: China Stage 1,https://www.vlr.gg/642947/tyloo-vs-dragon-ranger-gaming-vct-2026-china-stage-1-seeding
TYL,Haven,def,DRG,0,1,19,boom,2026-04-18 05:00:00,0,VCT 2026: China Stage 1,https://www.vlr.gg/642947/tyloo-vs-dragon-ranger-gaming-vct-2026-china-stage-1-seeding
TYL,Haven,def,DRG,0,1,20,elim,2026-04-18 05:00:00,0,VCT 2026: China Stage 1,https://www.vlr.gg/642947/tyloo-vs-dragon-ranger-gaming-vct-2026-china-stage-1-seeding
TYL,Haven,def,DRG,1,0,21,defus,2026-04-18 05:00:00,0,VCT 2026: China Stage 1,https://www.vlr.gg/642947/tyloo-vs-dragon-ranger-gaming-vct-2026-china-stage-1-seeding
TYL,Haven,def,DRG,0,1,22,boom,2026-04-18 05:00:00,0,VCT 2026: China Stage 1,https://www.vlr.gg/642947/tyloo-vs-dragon-ranger-gaming-vct-2026-china-stage-1-seeding
TYL,Haven,def,DRG,1,0,23,elim,2026-04-18 05:00:00,0,VCT 2026: China Stage 1,https://www.vlr.gg/642947/tyloo-vs-dragon-ranger-gaming-vct-2026-china-stage-1-seeding
TYL,Breeze,atk,DRG,0,1,13,defus,2026-04-18 05:00:00,1,VCT 2026: China Stage 1,https://www.vlr.gg/642947/tyloo-vs-dragon-ranger-gaming-vct-2026-china-stage-1-seeding
TYL,Breeze,atk,DRG,0,1,14,elim,2026-04-18 05:00:00,1,VCT 2026: China Stage 1,https://www.vlr.gg/642947/tyloo-vs-dragon-ranger-gaming-vct-2026-china-stage-1-seeding
TYL,Breeze,atk,DRG,1,0,15,elim,2026-04-18 05:00:00,1,VCT 2026: China Stage 1,https://www.vlr.gg/642947/tyloo-vs-dragon-ranger-gaming-vct-2026-china-stage-1-seeding
TYL,Breeze,atk,DRG,1,0,16,elim,2026-04-18 05:00:00,1,VCT 2026: China Stage 1,https://www.vlr.gg/642947/tyloo-vs-dragon-ranger-gaming-vct-2026-china-stage-1-seeding
TYL,Breeze,atk,DRG,1,0,17,elim,2026-04-18 05:00:00,1,VCT 2026: China Stage 1,https://www.vlr.gg/642947/tyloo-vs-dragon-ranger-gaming-vct-2026-china-stage-1-seeding
TYL,Breeze,atk,DRG,1,0,18,elim,2026-04-18 05:00:00,1,VCT 2026: China Stage 1,https://www.vlr.gg/642947/tyloo-vs-dragon-ranger-gaming-vct-2026-china-stage-1-seeding
TYL,Breeze,atk,DRG,1,0,19,elim,2026-04-18 05:00:00,1,VCT 2026: China Stage 1,https://www.vlr.gg/642947/tyloo-vs-dragon-ranger-gaming-vct-2026-china-stage-1-seeding
TYL,Breeze,atk,DRG,1,0,20,elim,2026-04-18 05:00:00,1,VCT 2026: China Stage 1,https://www.vlr.gg/642947/tyloo-vs-dragon-ranger-gaming-vct-2026-china-stage-1-seeding
TYL,Breeze,def,DRG,0,1,1,elim,2026-04-18 05:00:00,1,VCT 2026: China Stage 1,https://www.vlr.gg/642947/tyloo-vs-dragon-ranger-gaming-vct-2026-china-stage-1-seeding
TYL,Breeze,def,DRG,0,1,2,elim,2026-04-18 05:00:00,1,VCT 2026: China Stage 1,https://www.vlr.gg/642947/tyloo-vs-dragon-ranger-gaming-vct-2026-china-stage-1-seeding
TYL,Breeze,def,DRG,1,0,3,defus,2026-04-18 05:00:00,1,VCT 2026: China Stage 1,https://www.vlr.gg/642947/tyloo-vs-dragon-ranger-gaming-vct-2026-china-stage-1-seeding
TYL,Breeze,def,DRG,1,0,4,defus,2026-04-18 05:00:00,1,VCT 2026: China Stage 1,https://www.vlr.gg/642947/tyloo-vs-dragon-ranger-gaming-vct-2026-china-stage-1-seeding
TYL,Breeze,def,DRG,1,0,5,elim,2026-04-18 05:00:00,1,VCT 2026: China Stage 1,https://www.vlr.gg/642947/tyloo-vs-dragon-ranger-gaming-vct-2026-china-stage-1-seeding
TYL,Breeze,def,DRG,0,1,6,elim,2026-04-18 05:00:00,1,VCT 2026: China Stage 1,https://www.vlr.gg/642947/tyloo-vs-dragon-ranger-gaming-vct-2026-china-stage-1-seeding
TYL,Breeze,def,DRG,1,0,7,elim,2026-04-18 05:00:00,1,VCT 2026: China Stage 1,https://www.vlr.gg/642947/tyloo-vs-dragon-ranger-gaming-vct-2026-china-stage-1-seeding
TYL,Breeze,def,DRG,1,0,8,elim,2026-04-18 05:00:00,1,VCT 2026: China Stage 1,https://www.vlr.gg/642947/tyloo-vs-dragon-ranger-gaming-vct-2026-china-stage-1-seeding
TYL,Breeze,def,DRG,1,0,9,elim,2026-04-18 05:00:00,1,VCT 2026: China Stage 1,https://www.vlr.gg/642947/tyloo-vs-dragon-ranger-gaming-vct-2026-china-stage-1-seeding
TYL,Breeze,def,DRG,1,0,10,defus,2026-04-18 05:00:00,1,VCT 2026: China Stage 1,https://www.vlr.gg/642947/tyloo-vs-dragon-ranger-gaming-vct-2026-china-stage-1-seeding
TYL,Breeze,def,DRG,0,1,11,boom,2026-04-18 05:00:00,1,VCT 2026: China Stage 1,https://www.vlr.gg/642947/tyloo-vs-dragon-ranger-gaming-vct-2026-china-stage-1-seeding
TYL,Breeze,def,DRG,0,1,12,elim,2026-04-18 05:00:00,1,VCT 2026: China Stage 1,https://www.vlr.gg/642947/tyloo-vs-dragon-ranger-gaming-vct-2026-china-stage-1-seeding
JDG,Fracture,atk,EDG,1,0,1,elim,2026-04-18 07:15:00,0,VCT 2026: China Stage 1,https://www.vlr.gg/642946/jdg-esports-vs-edward-gaming-vct-2026-china-stage-1-seeding
JDG,Fracture,atk,EDG,1,0,2,elim,2026-04-18 07:15:00,0,VCT 2026: China Stage 1,https://www.vlr.gg/642946/jdg-esports-vs-edward-gaming-vct-2026-china-stage-1-seeding
JDG,Fracture,atk,EDG,1,0,3,elim,2026-04-18 07:15:00,0,VCT 2026: China Stage 1,https://www.vlr.gg/642946/jdg-esports-vs-edward-gaming-vct-2026-china-stage-1-seeding
JDG,Fracture,atk,EDG,0,1,4,elim,2026-04-18 07:15:00,0,VCT 2026: China Stage 1,https://www.vlr.gg/642946/jdg-esports-vs-edward-gaming-vct-2026-china-stage-1-seeding
JDG,Fracture,atk,EDG,1,0,5,elim,2026-04-18 07:15:00,0,VCT 2026: China Stage 1,https://www.vlr.gg/642946/jdg-esports-vs-edward-gaming-vct-2026-china-stage-1-seeding
JDG,Fracture,atk,EDG,1,0,6,elim,2026-04-18 07:15:00,0,VCT 2026: China Stage 1,https://www.vlr.gg/642946/jdg-esports-vs-edward-gaming-vct-2026-china-stage-1-seeding
JDG,Fracture,atk,EDG,1,0,7,boom,2026-04-18 07:15:00,0,VCT 2026: China Stage 1,https://www.vlr.gg/642946/jdg-esports-vs-edward-gaming-vct-2026-china-stage-1-seeding
JDG,Fracture,atk,EDG,1,0,8,elim,2026-04-18 07:15:00,0,VCT 2026: China Stage 1,https://www.vlr.gg/642946/jdg-esports-vs-edward-gaming-vct-2026-china-stage-1-seeding
JDG,Fracture,atk,EDG,1,0,9,elim,2026-04-18 07:15:00,0,VCT 2026: China Stage 1,https://www.vlr.gg/642946/jdg-esports-vs-edward-gaming-vct-2026-china-stage-1-seeding
JDG,Fracture,atk,EDG,1,0,10,elim,2026-04-18 07:15:00,0,VCT 2026: China Stage 1,https://www.vlr.gg/642946/jdg-esports-vs-edward-gaming-vct-2026-china-stage-1-seeding
JDG,Fracture,atk,EDG,0,1,11,defus,2026-04-18 07:15:00,0,VCT 2026: China Stage 1,https://www.vlr.gg/642946/jdg-esports-vs-edward-gaming-vct-2026-china-stage-1-seeding
JDG,Fracture,atk,EDG,0,1,12,elim,2026-04-18 07:15:00,0,VCT 2026: China Stage 1,https://www.vlr.gg/642946/jdg-esports-vs-edward-gaming-vct-2026-china-stage-1-seeding
JDG,Fracture,def,EDG,1,0,13,defus,2026-04-18 07:15:00,0,VCT 2026: China Stage 1,https://www.vlr.gg/642946/jdg-esports-vs-edward-gaming-vct-2026-china-stage-1-seeding
JDG,Fracture,def,EDG,1,0,14,defus,2026-04-18 07:15:00,0,VCT 2026: China Stage 1,https://www.vlr.gg/642946/jdg-esports-vs-edward-gaming-vct-2026-china-stage-1-seeding
JDG,Fracture,def,EDG,0,1,15,elim,2026-04-18 07:15:00,0,VCT 2026: China Stage 1,https://www.vlr.gg/642946/jdg-esports-vs-edward-gaming-vct-2026-china-stage-1-seeding
JDG,Fracture,def,EDG,0,1,16,boom,2026-04-18 07:15:00,0,VCT 2026: China Stage 1,https://www.vlr.gg/642946/jdg-esports-vs-edward-gaming-vct-2026-china-stage-1-seeding
JDG,Fracture,def,EDG,0,1,17,elim,2026-04-18 07:15:00,0,VCT 2026: China Stage 1,https://www.vlr.gg/642946/jdg-esports-vs-edward-gaming-vct-2026-china-stage-1-seeding
JDG,Fracture,def,EDG,0,1,18,elim,2026-04-18 07:15:00,0,VCT 2026: China Stage 1,https://www.vlr.gg/642946/jdg-esports-vs-edward-gaming-vct-2026-china-stage-1-seeding
JDG,Fracture,def,EDG,0,1,19,elim,2026-04-18 07:15:00,0,VCT 2026: China Stage 1,https://www.vlr.gg/642946/jdg-esports-vs-edward-gaming-vct-2026-china-stage-1-seeding
JDG,Fracture,def,EDG,0,1,20,elim,2026-04-18 07:15:00,0,VCT 2026: China Stage 1,https://www.vlr.gg/642946/jdg-esports-vs-edward-gaming-vct-2026-china-stage-1-seeding
JDG,Fracture,def,EDG,1,0,21,elim,2026-04-18 07:15:00,0,VCT 2026: China Stage 1,https://www.vlr.gg/642946/jdg-esports-vs-edward-gaming-vct-2026-china-stage-1-seeding
JDG,Fracture,def,EDG,1,0,22,elim,2026-04-18 07:15:00,0,VCT 2026: China Stage 1,https://www.vlr.gg/642946/jdg-esports-vs-edward-gaming-vct-2026-china-stage-1-seeding
JDG,Haven,atk,EDG,0,1,13,elim,2026-04-18 07:15:00,1,VCT 2026: China Stage 1,https://www.vlr.gg/642946/jdg-esports-vs-edward-gaming-vct-2026-china-stage-1-seeding
JDG,Haven,atk,EDG,0,1,14,defus,2026-04-18 07:15:00,1,VCT 2026: China Stage 1,https://www.vlr.gg/642946/jdg-esports-vs-edward-gaming-vct-2026-china-stage-1-seeding
JDG,Haven,atk,EDG,1,0,15,elim,2026-04-18 07:15:00,1,VCT 2026: China Stage 1,https://www.vlr.gg/642946/jdg-esports-vs-edward-gaming-vct-2026-china-stage-1-seeding
JDG,Haven,atk,EDG,0,1,16,elim,2026-04-18 07:15:00,1,VCT 2026: China Stage 1,https://www.vlr.gg/642946/jdg-esports-vs-edward-gaming-vct-2026-china-stage-1-seeding
JDG,Haven,atk,EDG,0,1,17,elim,2026-04-18 07:15:00,1,VCT 2026: China Stage 1,https://www.vlr.gg/642946/jdg-esports-vs-edward-gaming-vct-2026-china-stage-1-seeding
JDG,Haven,atk,EDG,0,1,18,elim,2026-04-18 07:15:00,1,VCT 2026: China Stage 1,https://www.vlr.gg/642946/jdg-esports-vs-edward-gaming-vct-2026-china-stage-1-seeding
JDG,Haven,atk,EDG,0,1,19,defus,2026-04-18 07:15:00,1,VCT 2026: China Stage 1,https://www.vlr.gg/642946/jdg-esports-vs-edward-gaming-vct-2026-china-stage-1-seeding
JDG,Haven,atk,EDG,1,0,20,boom,2026-04-18 07:15:00,1,VCT 2026: China Stage 1,https://www.vlr.gg/642946/jdg-esports-vs-edward-gaming-vct-2026-china-stage-1-seeding
JDG,Haven,atk,EDG,0,1,21,defus,2026-04-18 07:15:00,1,VCT 2026: China Stage 1,https://www.vlr.gg/642946/jdg-esports-vs-edward-gaming-vct-2026-china-stage-1-seeding
JDG,Haven,def,EDG,1,0,1,elim,2026-04-18 07:15:00,1,VCT 2026: China Stage 1,https://www.vlr.gg/642946/jdg-esports-vs-edward-gaming-vct-2026-china-stage-1-seeding
JDG,Haven,def,EDG,1,0,2,elim,2026-04-18 07:15:00,1,VCT 2026: China Stage 1,https://www.vlr.gg/642946/jdg-esports-vs-edward-gaming-vct-2026-china-stage-1-seeding
JDG,Haven,def,EDG,1,0,3,elim,2026-04-18 07:15:00,1,VCT 2026: China Stage 1,https://www.vlr.gg/642946/jdg-esports-vs-edward-gaming-vct-2026-china-stage-1-seeding
JDG,Haven,def,EDG,1,0,4,tim,2026-04-18 07:15:00,1,VCT 2026: China Stage 1,https://www.vlr.gg/642946/jdg-esports-vs-edward-gaming-vct-2026-china-stage-1-seeding
JDG,Haven,def,EDG,0,1,5,elim,2026-04-18 07:15:00,1,VCT 2026: China Stage 1,https://www.vlr.gg/642946/jdg-esports-vs-edward-gaming-vct-2026-china-stage-1-seeding
JDG,Haven,def,EDG,1,0,6,defus,2026-04-18 07:15:00,1,VCT 2026: China Stage 1,https://www.vlr.gg/642946/jdg-esports-vs-edward-gaming-vct-2026-china-stage-1-seeding
JDG,Haven,def,EDG,0,1,7,elim,2026-04-18 07:15:00,1,VCT 2026: China Stage 1,https://www.vlr.gg/642946/jdg-esports-vs-edward-gaming-vct-2026-china-stage-1-seeding
JDG,Haven,def,EDG,0,1,8,elim,2026-04-18 07:15:00,1,VCT 2026: China Stage 1,https://www.vlr.gg/642946/jdg-esports-vs-edward-gaming-vct-2026-china-stage-1-seeding
JDG,Haven,def,EDG,1,0,9,elim,2026-04-18 07:15:00,1,VCT 2026: China Stage 1,https://www.vlr.gg/642946/jdg-esports-vs-edward-gaming-vct-2026-china-stage-1-seeding
JDG,Haven,def,EDG,0,1,10,elim,2026-04-18 07:15:00,1,VCT 2026: China Stage 1,https://www.vlr.gg/642946/jdg-esports-vs-edward-gaming-vct-2026-china-stage-1-seeding
JDG,Haven,def,EDG,0,1,11,elim,2026-04-18 07:15:00,1,VCT 2026: China Stage 1,https://www.vlr.gg/642946/jdg-esports-vs-edward-gaming-vct-2026-china-stage-1-seeding
JDG,Haven,def,EDG,0,1,12,elim,2026-04-18 07:15:00,1,VCT 2026: China Stage 1,https://www.vlr.gg/642946/jdg-esports-vs-edward-gaming-vct-2026-china-stage-1-seeding
JDG,Bind,atk,EDG,1,0,13,elim,2026-04-18 07:15:00,2,VCT 2026: China Stage 1,https://www.vlr.gg/642946/jdg-esports-vs-edward-gaming-vct-2026-china-stage-1-seeding
JDG,Bind,atk,EDG,1,0,14,boom,2026-04-18 07:15:00,2,VCT 2026: China Stage 1,https://www.vlr.gg/642946/jdg-esports-vs-edward-gaming-vct-2026-china-stage-1-seeding
JDG,Bind,atk,EDG,0,1,15,defus,2026-04-18 07:15:00,2,VCT 2026: China Stage 1,https://www.vlr.gg/642946/jdg-esports-vs-edward-gaming-vct-2026-china-stage-1-seeding
JDG,Bind,atk,EDG,0,1,16,elim,2026-04-18 07:15:00,2,VCT 2026: China Stage 1,https://www.vlr.gg/642946/jdg-esports-vs-edward-gaming-vct-2026-china-stage-1-seeding
JDG,Bind,atk,EDG,0,1,17,elim,2026-04-18 07:15:00,2,VCT 2026: China Stage 1,https://www.vlr.gg/642946/jdg-esports-vs-edward-gaming-vct-2026-china-stage-1-seeding
JDG,Bind,atk,EDG,1,0,18,boom,2026-04-18 07:15:00,2,VCT 2026: China Stage 1,https://www.vlr.gg/642946/jdg-esports-vs-edward-gaming-vct-2026-china-stage-1-seeding
JDG,Bind,atk,EDG,1,0,19,boom,2026-04-18 07:15:00,2,VCT 2026: China Stage 1,https://www.vlr.gg/642946/jdg-esports-vs-edward-gaming-vct-2026-china-stage-1-seeding
JDG,Bind,atk,EDG,1,0,20,elim,2026-04-18 07:15:00,2,VCT 2026: China Stage 1,https://www.vlr.gg/642946/jdg-esports-vs-edward-gaming-vct-2026-china-stage-1-seeding
JDG,Bind,atk,EDG,0,1,21,elim,2026-04-18 07:15:00,2,VCT 2026: China Stage 1,https://www.vlr.gg/642946/jdg-esports-vs-edward-gaming-vct-2026-china-stage-1-seeding
JDG,Bind,atk,EDG,1,0,22,boom,2026-04-18 07:15:00,2,VCT 2026: China Stage 1,https://www.vlr.gg/642946/jdg-esports-vs-edward-gaming-vct-2026-china-stage-1-seeding
JDG,Bind,atk,EDG,0,1,23,defus,2026-04-18 07:15:00,2,VCT 2026: China Stage 1,https://www.vlr.gg/642946/jdg-esports-vs-edward-gaming-vct-2026-china-stage-1-seeding
JDG,Bind,atk,EDG,0,1,24,elim,2026-04-18 07:15:00,2,VCT 2026: China Stage 1,https://www.vlr.gg/642946/jdg-esports-vs-edward-gaming-vct-2026-china-stage-1-seeding
JDG,Bind,atk,EDG,0,1,26,defus,2026-04-18 07:15:00,2,VCT 2026: China Stage 1,https://www.vlr.gg/642946/jdg-esports-vs-edward-gaming-vct-2026-china-stage-1-seeding
JDG,Bind,def,EDG,1,0,1,elim,2026-04-18 07:15:00,2,VCT 2026: China Stage 1,https://www.vlr.gg/642946/jdg-esports-vs-edward-gaming-vct-2026-china-stage-1-seeding
JDG,Bind,def,EDG,1,0,2,elim,2026-04-18 07:15:00,2,VCT 2026: China Stage 1,https://www.vlr.gg/642946/jdg-esports-vs-edward-gaming-vct-2026-china-stage-1-seeding
JDG,Bind,def,EDG,0,1,3,elim,2026-04-18 07:15:00,2,VCT 2026: China Stage 1,https://www.vlr.gg/642946/jdg-esports-vs-edward-gaming-vct-2026-china-stage-1-seeding
JDG,Bind,def,EDG,0,1,4,elim,2026-04-18 07:15:00,2,VCT 2026: China Stage 1,https://www.vlr.gg/642946/jdg-esports-vs-edward-gaming-vct-2026-china-stage-1-seeding
JDG,Bind,def,EDG,0,1,5,boom,2026-04-18 07:15:00,2,VCT 2026: China Stage 1,https://www.vlr.gg/642946/jdg-esports-vs-edward-gaming-vct-2026-china-stage-1-seeding
JDG,Bind,def,EDG,1,0,6,defus,2026-04-18 07:15:00,2,VCT 2026: China Stage 1,https://www.vlr.gg/642946/jdg-esports-vs-edward-gaming-vct-2026-china-stage-1-seeding
JDG,Bind,def,EDG,1,0,7,tim,2026-04-18 07:15:00,2,VCT 2026: China Stage 1,https://www.vlr.gg/642946/jdg-esports-vs-edward-gaming-vct-2026-china-stage-1-seeding
JDG,Bind,def,EDG,1,0,8,defus,2026-04-18 07:15:00,2,VCT 2026: China Stage 1,https://www.vlr.gg/642946/jdg-esports-vs-edward-gaming-vct-2026-china-stage-1-seeding
JDG,Bind,def,EDG,1,0,9,elim,2026-04-18 07:15:00,2,VCT 2026: China Stage 1,https://www.vlr.gg/642946/jdg-esports-vs-edward-gaming-vct-2026-china-stage-1-seeding
JDG,Bind,def,EDG,0,1,10,elim,2026-04-18 07:15:00,2,VCT 2026: China Stage 1,https://www.vlr.gg/642946/jdg-esports-vs-edward-gaming-vct-2026-china-stage-1-seeding
JDG,Bind,def,EDG,0,1,11,elim,2026-04-18 07:15:00,2,VCT 2026: China Stage 1,https://www.vlr.gg/642946/jdg-esports-vs-edward-gaming-vct-2026-china-stage-1-seeding
JDG,Bind,def,EDG,0,1,12,elim,2026-04-18 07:15:00,2,VCT 2026: China Stage 1,https://www.vlr.gg/642946/jdg-esports-vs-edward-gaming-vct-2026-china-stage-1-seeding
JDG,Bind,def,EDG,0,1,25,boom,2026-04-18 07:15:00,2,VCT 2026: China Stage 1,https://www.vlr.gg/642946/jdg-esports-vs-edward-gaming-vct-2026-china-stage-1-seeding
TEC,Fracture,atk,TE,1,0,13,elim,2026-04-19 05:00:00,0,VCT 2026: China Stage 1,https://www.vlr.gg/642948/titan-esports-club-vs-trace-esports-vct-2026-china-stage-1-seeding
TEC,Fracture,atk,TE,1,0,14,boom,2026-04-19 05:00:00,0,VCT 2026: China Stage 1,https://www.vlr.gg/642948/titan-esports-club-vs-trace-esports-vct-2026-china-stage-1-seeding
TEC,Fracture,atk,TE,0,1,15,elim,2026-04-19 05:00:00,0,VCT 2026: China Stage 1,https://www.vlr.gg/642948/titan-esports-club-vs-trace-esports-vct-2026-china-stage-1-seeding
TEC,Fracture,atk,TE,0,1,16,elim,2026-04-19 05:00:00,0,VCT 2026: China Stage 1,https://www.vlr.gg/642948/titan-esports-club-vs-trace-esports-vct-2026-china-stage-1-seeding
TEC,Fracture,atk,TE,0,1,17,defus,2026-04-19 05:00:00,0,VCT 2026: China Stage 1,https://www.vlr.gg/642948/titan-esports-club-vs-trace-esports-vct-2026-china-stage-1-seeding
TEC,Fracture,atk,TE,1,0,18,elim,2026-04-19 05:00:00,0,VCT 2026: China Stage 1,https://www.vlr.gg/642948/titan-esports-club-vs-trace-esports-vct-2026-china-stage-1-seeding
TEC,Fracture,atk,TE,0,1,19,tim,2026-04-19 05:00:00,0,VCT 2026: China Stage 1,https://www.vlr.gg/642948/titan-esports-club-vs-trace-esports-vct-2026-china-stage-1-seeding
TEC,Fracture,atk,TE,0,1,20,elim,2026-04-19 05:00:00,0,VCT 2026: China Stage 1,https://www.vlr.gg/642948/titan-esports-club-vs-trace-esports-vct-2026-china-stage-1-seeding
TEC,Fracture,atk,TE,1,0,21,elim,2026-04-19 05:00:00,0,VCT 2026: China Stage 1,https://www.vlr.gg/642948/titan-esports-club-vs-trace-esports-vct-2026-china-stage-1-seeding
TEC,Fracture,def,TE,1,0,1,elim,2026-04-19 05:00:00,0,VCT 2026: China Stage 1,https://www.vlr.gg/642948/titan-esports-club-vs-trace-esports-vct-2026-china-stage-1-seeding
TEC,Fracture,def,TE,1,0,2,defus,2026-04-19 05:00:00,0,VCT 2026: China Stage 1,https://www.vlr.gg/642948/titan-esports-club-vs-trace-esports-vct-2026-china-stage-1-seeding
TEC,Fracture,def,TE,0,1,3,boom,2026-04-19 05:00:00,0,VCT 2026: China Stage 1,https://www.vlr.gg/642948/titan-esports-club-vs-trace-esports-vct-2026-china-stage-1-seeding
TEC,Fracture,def,TE,1,0,4,defus,2026-04-19 05:00:00,0,VCT 2026: China Stage 1,https://www.vlr.gg/642948/titan-esports-club-vs-trace-esports-vct-2026-china-stage-1-seeding
TEC,Fracture,def,TE,1,0,5,elim,2026-04-19 05:00:00,0,VCT 2026: China Stage 1,https://www.vlr.gg/642948/titan-esports-club-vs-trace-esports-vct-2026-china-stage-1-seeding
TEC,Fracture,def,TE,1,0,6,defus,2026-04-19 05:00:00,0,VCT 2026: China Stage 1,https://www.vlr.gg/642948/titan-esports-club-vs-trace-esports-vct-2026-china-stage-1-seeding
TEC,Fracture,def,TE,0,1,7,elim,2026-04-19 05:00:00,0,VCT 2026: China Stage 1,https://www.vlr.gg/642948/titan-esports-club-vs-trace-esports-vct-2026-china-stage-1-seeding
TEC,Fracture,def,TE,0,1,8,boom,2026-04-19 05:00:00,0,VCT 2026: China Stage 1,https://www.vlr.gg/642948/titan-esports-club-vs-trace-esports-vct-2026-china-stage-1-seeding
TEC,Fracture,def,TE,1,0,9,defus,2026-04-19 05:00:00,0,VCT 2026: China Stage 1,https://www.vlr.gg/642948/titan-esports-club-vs-trace-esports-vct-2026-china-stage-1-seeding
TEC,Fracture,def,TE,1,0,10,elim,2026-04-19 05:00:00,0,VCT 2026: China Stage 1,https://www.vlr.gg/642948/titan-esports-club-vs-trace-esports-vct-2026-china-stage-1-seeding
TEC,Fracture,def,TE,1,0,11,defus,2026-04-19 05:00:00,0,VCT 2026: China Stage 1,https://www.vlr.gg/642948/titan-esports-club-vs-trace-esports-vct-2026-china-stage-1-seeding
TEC,Fracture,def,TE,1,0,12,elim,2026-04-19 05:00:00,0,VCT 2026: China Stage 1,https://www.vlr.gg/642948/titan-esports-club-vs-trace-esports-vct-2026-china-stage-1-seeding
TEC,Split,atk,TE,0,1,13,elim,2026-04-19 05:00:00,1,VCT 2026: China Stage 1,https://www.vlr.gg/642948/titan-esports-club-vs-trace-esports-vct-2026-china-stage-1-seeding
TEC,Split,atk,TE,0,1,14,elim,2026-04-19 05:00:00,1,VCT 2026: China Stage 1,https://www.vlr.gg/642948/titan-esports-club-vs-trace-esports-vct-2026-china-stage-1-seeding
TEC,Split,atk,TE,1,0,15,boom,2026-04-19 05:00:00,1,VCT 2026: China Stage 1,https://www.vlr.gg/642948/titan-esports-club-vs-trace-esports-vct-2026-china-stage-1-seeding
TEC,Split,atk,TE,0,1,16,elim,2026-04-19 05:00:00,1,VCT 2026: China Stage 1,https://www.vlr.gg/642948/titan-esports-club-vs-trace-esports-vct-2026-china-stage-1-seeding
TEC,Split,atk,TE,0,1,17,elim,2026-04-19 05:00:00,1,VCT 2026: China Stage 1,https://www.vlr.gg/642948/titan-esports-club-vs-trace-esports-vct-2026-china-stage-1-seeding
TEC,Split,atk,TE,1,0,18,elim,2026-04-19 05:00:00,1,VCT 2026: China Stage 1,https://www.vlr.gg/642948/titan-esports-club-vs-trace-esports-vct-2026-china-stage-1-seeding
TEC,Split,atk,TE,0,1,19,elim,2026-04-19 05:00:00,1,VCT 2026: China Stage 1,https://www.vlr.gg/642948/titan-esports-club-vs-trace-esports-vct-2026-china-stage-1-seeding
TEC,Split,atk,TE,0,1,20,defus,2026-04-19 05:00:00,1,VCT 2026: China Stage 1,https://www.vlr.gg/642948/titan-esports-club-vs-trace-esports-vct-2026-china-stage-1-seeding
TEC,Split,atk,TE,1,0,21,elim,2026-04-19 05:00:00,1,VCT 2026: China Stage 1,https://www.vlr.gg/642948/titan-esports-club-vs-trace-esports-vct-2026-china-stage-1-seeding
TEC,Split,atk,TE,0,1,22,elim,2026-04-19 05:00:00,1,VCT 2026: China Stage 1,https://www.vlr.gg/642948/titan-esports-club-vs-trace-esports-vct-2026-china-stage-1-seeding
TEC,Split,def,TE,1,0,1,elim,2026-04-19 05:00:00,1,VCT 2026: China Stage 1,https://www.vlr.gg/642948/titan-esports-club-vs-trace-esports-vct-2026-china-stage-1-seeding
TEC,Split,def,TE,1,0,2,defus,2026-04-19 05:00:00,1,VCT 2026: China Stage 1,https://www.vlr.gg/642948/titan-esports-club-vs-trace-esports-vct-2026-china-stage-1-seeding
TEC,Split,def,TE,1,0,3,elim,2026-04-19 05:00:00,1,VCT 2026: China Stage 1,https://www.vlr.gg/642948/titan-esports-club-vs-trace-esports-vct-2026-china-stage-1-seeding
TEC,Split,def,TE,0,1,4,elim,2026-04-19 05:00:00,1,VCT 2026: China Stage 1,https://www.vlr.gg/642948/titan-esports-club-vs-trace-esports-vct-2026-china-stage-1-seeding
TEC,Split,def,TE,1,0,5,defus,2026-04-19 05:00:00,1,VCT 2026: China Stage 1,https://www.vlr.gg/642948/titan-esports-club-vs-trace-esports-vct-2026-china-stage-1-seeding
TEC,Split,def,TE,0,1,6,boom,2026-04-19 05:00:00,1,VCT 2026: China Stage 1,https://www.vlr.gg/642948/titan-esports-club-vs-trace-esports-vct-2026-china-stage-1-seeding
TEC,Split,def,TE,0,1,7,elim,2026-04-19 05:00:00,1,VCT 2026: China Stage 1,https://www.vlr.gg/642948/titan-esports-club-vs-trace-esports-vct-2026-china-stage-1-seeding
TEC,Split,def,TE,0,1,8,elim,2026-04-19 05:00:00,1,VCT 2026: China Stage 1,https://www.vlr.gg/642948/titan-esports-club-vs-trace-esports-vct-2026-china-stage-1-seeding
TEC,Split,def,TE,0,1,9,boom,2026-04-19 05:00:00,1,VCT 2026: China Stage 1,https://www.vlr.gg/642948/titan-esports-club-vs-trace-esports-vct-2026-china-stage-1-seeding
TEC,Split,def,TE,0,1,10,boom,2026-04-19 05:00:00,1,VCT 2026: China Stage 1,https://www.vlr.gg/642948/titan-esports-club-vs-trace-esports-vct-2026-china-stage-1-seeding
TEC,Split,def,TE,1,0,11,elim,2026-04-19 05:00:00,1,VCT 2026: China Stage 1,https://www.vlr.gg/642948/titan-esports-club-vs-trace-esports-vct-2026-china-stage-1-seeding
TEC,Split,def,TE,1,0,12,elim,2026-04-19 05:00:00,1,VCT 2026: China Stage 1,https://www.vlr.gg/642948/titan-esports-club-vs-trace-esports-vct-2026-china-stage-1-seeding
TEC,Breeze,atk,TE,0,1,1,defus,2026-04-19 05:00:00,2,VCT 2026: China Stage 1,https://www.vlr.gg/642948/titan-esports-club-vs-trace-esports-vct-2026-china-stage-1-seeding
TEC,Breeze,atk,TE,0,1,2,elim,2026-04-19 05:00:00,2,VCT 2026: China Stage 1,https://www.vlr.gg/642948/titan-esports-club-vs-trace-esports-vct-2026-china-stage-1-seeding
TEC,Breeze,atk,TE,1,0,3,elim,2026-04-19 05:00:00,2,VCT 2026: China Stage 1,https://www.vlr.gg/642948/titan-esports-club-vs-trace-esports-vct-2026-china-stage-1-seeding
TEC,Breeze,atk,TE,0,1,4,defus,2026-04-19 05:00:00,2,VCT 2026: China Stage 1,https://www.vlr.gg/642948/titan-esports-club-vs-trace-esports-vct-2026-china-stage-1-seeding
TEC,Breeze,atk,TE,0,1,5,elim,2026-04-19 05:00:00,2,VCT 2026: China Stage 1,https://www.vlr.gg/642948/titan-esports-club-vs-trace-esports-vct-2026-china-stage-1-seeding
TEC,Breeze,atk,TE,0,1,6,defus,2026-04-19 05:00:00,2,VCT 2026: China Stage 1,https://www.vlr.gg/642948/titan-esports-club-vs-trace-esports-vct-2026-china-stage-1-seeding
TEC,Breeze,atk,TE,0,1,7,elim,2026-04-19 05:00:00,2,VCT 2026: China Stage 1,https://www.vlr.gg/642948/titan-esports-club-vs-trace-esports-vct-2026-china-stage-1-seeding
TEC,Breeze,atk,TE,0,1,8,defus,2026-04-19 05:00:00,2,VCT 2026: China Stage 1,https://www.vlr.gg/642948/titan-esports-club-vs-trace-esports-vct-2026-china-stage-1-seeding
TEC,Breeze,atk,TE,1,0,9,elim,2026-04-19 05:00:00,2,VCT 2026: China Stage 1,https://www.vlr.gg/642948/titan-esports-club-vs-trace-esports-vct-2026-china-stage-1-seeding
TEC,Breeze,atk,TE,1,0,10,elim,2026-04-19 05:00:00,2,VCT 2026: China Stage 1,https://www.vlr.gg/642948/titan-esports-club-vs-trace-esports-vct-2026-china-stage-1-seeding
TEC,Breeze,atk,TE,0,1,11,elim,2026-04-19 05:00:00,2,VCT 2026: China Stage 1,https://www.vlr.gg/642948/titan-esports-club-vs-trace-esports-vct-2026-china-stage-1-seeding
TEC,Breeze,atk,TE,1,0,12,elim,2026-04-19 05:00:00,2,VCT 2026: China Stage 1,https://www.vlr.gg/642948/titan-esports-club-vs-trace-esports-vct-2026-china-stage-1-seeding
TEC,Breeze,def,TE,1,0,13,elim,2026-04-19 05:00:00,2,VCT 2026: China Stage 1,https://www.vlr.gg/642948/titan-esports-club-vs-trace-esports-vct-2026-china-stage-1-seeding
TEC,Breeze,def,TE,1,0,14,defus,2026-04-19 05:00:00,2,VCT 2026: China Stage 1,https://www.vlr.gg/642948/titan-esports-club-vs-trace-esports-vct-2026-china-stage-1-seeding
TEC,Breeze,def,TE,0,1,15,elim,2026-04-19 05:00:00,2,VCT 2026: China Stage 1,https://www.vlr.gg/642948/titan-esports-club-vs-trace-esports-vct-2026-china-stage-1-seeding
TEC,Breeze,def,TE,0,1,16,elim,2026-04-19 05:00:00,2,VCT 2026: China Stage 1,https://www.vlr.gg/642948/titan-esports-club-vs-trace-esports-vct-2026-china-stage-1-seeding
TEC,Breeze,def,TE,0,1,17,elim,2026-04-19 05:00:00,2,VCT 2026: China Stage 1,https://www.vlr.gg/642948/titan-esports-club-vs-trace-esports-vct-2026-china-stage-1-seeding
TEC,Breeze,def,TE,1,0,18,defus,2026-04-19 05:00:00,2,VCT 2026: China Stage 1,https://www.vlr.gg/642948/titan-esports-club-vs-trace-esports-vct-2026-china-stage-1-seeding
TEC,Breeze,def,TE,1,0,19,elim,2026-04-19 05:00:00,2,VCT 2026: China Stage 1,https://www.vlr.gg/642948/titan-esports-club-vs-trace-esports-vct-2026-china-stage-1-seeding
TEC,Breeze,def,TE,0,1,20,elim,2026-04-19 05:00:00,2,VCT 2026: China Stage 1,https://www.vlr.gg/642948/titan-esports-club-vs-trace-esports-vct-2026-china-stage-1-seeding
TEC,Breeze,def,TE,0,1,21,elim,2026-04-19 05:00:00,2,VCT 2026: China Stage 1,https://www.vlr.gg/642948/titan-esports-club-vs-trace-esports-vct-2026-china-stage-1-seeding
AG,Lotus,atk,XLG,1,0,13,elim,2026-04-19 08:25:00,0,VCT 2026: China Stage 1,https://www.vlr.gg/642945/all-gamers-vs-xi-lai-gaming-vct-2026-china-stage-1-seeding
AG,Lotus,atk,XLG,1,0,14,elim,2026-04-19 08:25:00,0,VCT 2026: China Stage 1,https://www.vlr.gg/642945/all-gamers-vs-xi-lai-gaming-vct-2026-china-stage-1-seeding
AG,Lotus,atk,XLG,0,1,15,elim,2026-04-19 08:25:00,0,VCT 2026: China Stage 1,https://www.vlr.gg/642945/all-gamers-vs-xi-lai-gaming-vct-2026-china-stage-1-seeding
AG,Lotus,atk,XLG,1,0,16,boom,2026-04-19 08:25:00,0,VCT 2026: China Stage 1,https://www.vlr.gg/642945/all-gamers-vs-xi-lai-gaming-vct-2026-china-stage-1-seeding
AG,Lotus,atk,XLG,1,0,17,elim,2026-04-19 08:25:00,0,VCT 2026: China Stage 1,https://www.vlr.gg/642945/all-gamers-vs-xi-lai-gaming-vct-2026-china-stage-1-seeding
AG,Lotus,atk,XLG,1,0,18,elim,2026-04-19 08:25:00,0,VCT 2026: China Stage 1,https://www.vlr.gg/642945/all-gamers-vs-xi-lai-gaming-vct-2026-china-stage-1-seeding
AG,Lotus,atk,XLG,1,0,19,elim,2026-04-19 08:25:00,0,VCT 2026: China Stage 1,https://www.vlr.gg/642945/all-gamers-vs-xi-lai-gaming-vct-2026-china-stage-1-seeding
AG,Lotus,atk,XLG,0,1,20,elim,2026-04-19 08:25:00,0,VCT 2026: China Stage 1,https://www.vlr.gg/642945/all-gamers-vs-xi-lai-gaming-vct-2026-china-stage-1-seeding
AG,Lotus,atk,XLG,1,0,21,boom,2026-04-19 08:25:00,0,VCT 2026: China Stage 1,https://www.vlr.gg/642945/all-gamers-vs-xi-lai-gaming-vct-2026-china-stage-1-seeding
AG,Lotus,def,XLG,1,0,1,defus,2026-04-19 08:25:00,0,VCT 2026: China Stage 1,https://www.vlr.gg/642945/all-gamers-vs-xi-lai-gaming-vct-2026-china-stage-1-seeding
AG,Lotus,def,XLG,1,0,2,defus,2026-04-19 08:25:00,0,VCT 2026: China Stage 1,https://www.vlr.gg/642945/all-gamers-vs-xi-lai-gaming-vct-2026-china-stage-1-seeding
AG,Lotus,def,XLG,0,1,3,elim,2026-04-19 08:25:00,0,VCT 2026: China Stage 1,https://www.vlr.gg/642945/all-gamers-vs-xi-lai-gaming-vct-2026-china-stage-1-seeding
AG,Lotus,def,XLG,1,0,4,defus,2026-04-19 08:25:00,0,VCT 2026: China Stage 1,https://www.vlr.gg/642945/all-gamers-vs-xi-lai-gaming-vct-2026-china-stage-1-seeding
AG,Lotus,def,XLG,0,1,5,elim,2026-04-19 08:25:00,0,VCT 2026: China Stage 1,https://www.vlr.gg/642945/all-gamers-vs-xi-lai-gaming-vct-2026-china-stage-1-seeding
AG,Lotus,def,XLG,1,0,6,defus,2026-04-19 08:25:00,0,VCT 2026: China Stage 1,https://www.vlr.gg/642945/all-gamers-vs-xi-lai-gaming-vct-2026-china-stage-1-seeding
AG,Lotus,def,XLG,1,0,7,elim,2026-04-19 08:25:00,0,VCT 2026: China Stage 1,https://www.vlr.gg/642945/all-gamers-vs-xi-lai-gaming-vct-2026-china-stage-1-seeding
AG,Lotus,def,XLG,0,1,8,elim,2026-04-19 08:25:00,0,VCT 2026: China Stage 1,https://www.vlr.gg/642945/all-gamers-vs-xi-lai-gaming-vct-2026-china-stage-1-seeding
AG,Lotus,def,XLG,1,0,9,elim,2026-04-19 08:25:00,0,VCT 2026: China Stage 1,https://www.vlr.gg/642945/all-gamers-vs-xi-lai-gaming-vct-2026-china-stage-1-seeding
AG,Lotus,def,XLG,0,1,10,boom,2026-04-19 08:25:00,0,VCT 2026: China Stage 1,https://www.vlr.gg/642945/all-gamers-vs-xi-lai-gaming-vct-2026-china-stage-1-seeding
AG,Lotus,def,XLG,0,1,11,boom,2026-04-19 08:25:00,0,VCT 2026: China Stage 1,https://www.vlr.gg/642945/all-gamers-vs-xi-lai-gaming-vct-2026-china-stage-1-seeding
AG,Lotus,def,XLG,0,1,12,elim,2026-04-19 08:25:00,0,VCT 2026: China Stage 1,https://www.vlr.gg/642945/all-gamers-vs-xi-lai-gaming-vct-2026-china-stage-1-seeding
AG,Bind,atk,XLG,0,1,1,elim,2026-04-19 08:25:00,1,VCT 2026: China Stage 1,https://www.vlr.gg/642945/all-gamers-vs-xi-lai-gaming-vct-2026-china-stage-1-seeding
AG,Bind,atk,XLG,0,1,2,defus,2026-04-19 08:25:00,1,VCT 2026: China Stage 1,https://www.vlr.gg/642945/all-gamers-vs-xi-lai-gaming-vct-2026-china-stage-1-seeding
AG,Bind,atk,XLG,1,0,3,boom,2026-04-19 08:25:00,1,VCT 2026: China Stage 1,https://www.vlr.gg/642945/all-gamers-vs-xi-lai-gaming-vct-2026-china-stage-1-seeding
AG,Bind,atk,XLG,0,1,4,elim,2026-04-19 08:25:00,1,VCT 2026: China Stage 1,https://www.vlr.gg/642945/all-gamers-vs-xi-lai-gaming-vct-2026-china-stage-1-seeding
AG,Bind,atk,XLG,0,1,5,defus,2026-04-19 08:25:00,1,VCT 2026: China Stage 1,https://www.vlr.gg/642945/all-gamers-vs-xi-lai-gaming-vct-2026-china-stage-1-seeding
AG,Bind,atk,XLG,0,1,6,elim,2026-04-19 08:25:00,1,VCT 2026: China Stage 1,https://www.vlr.gg/642945/all-gamers-vs-xi-lai-gaming-vct-2026-china-stage-1-seeding
AG,Bind,atk,XLG,0,1,7,defus,2026-04-19 08:25:00,1,VCT 2026: China Stage 1,https://www.vlr.gg/642945/all-gamers-vs-xi-lai-gaming-vct-2026-china-stage-1-seeding
AG,Bind,atk,XLG,0,1,8,defus,2026-04-19 08:25:00,1,VCT 2026: China Stage 1,https://www.vlr.gg/642945/all-gamers-vs-xi-lai-gaming-vct-2026-china-stage-1-seeding
AG,Bind,atk,XLG,0,1,9,elim,2026-04-19 08:25:00,1,VCT 2026: China Stage 1,https://www.vlr.gg/642945/all-gamers-vs-xi-lai-gaming-vct-2026-china-stage-1-seeding
AG,Bind,atk,XLG,0,1,10,elim,2026-04-19 08:25:00,1,VCT 2026: China Stage 1,https://www.vlr.gg/642945/all-gamers-vs-xi-lai-gaming-vct-2026-china-stage-1-seeding
AG,Bind,atk,XLG,1,0,11,elim,2026-04-19 08:25:00,1,VCT 2026: China Stage 1,https://www.vlr.gg/642945/all-gamers-vs-xi-lai-gaming-vct-2026-china-stage-1-seeding
AG,Bind,atk,XLG,0,1,12,defus,2026-04-19 08:25:00,1,VCT 2026: China Stage 1,https://www.vlr.gg/642945/all-gamers-vs-xi-lai-gaming-vct-2026-china-stage-1-seeding
AG,Bind,def,XLG,0,1,13,elim,2026-04-19 08:25:00,1,VCT 2026: China Stage 1,https://www.vlr.gg/642945/all-gamers-vs-xi-lai-gaming-vct-2026-china-stage-1-seeding
AG,Bind,def,XLG,1,0,14,elim,2026-04-19 08:25:00,1,VCT 2026: China Stage 1,https://www.vlr.gg/642945/all-gamers-vs-xi-lai-gaming-vct-2026-china-stage-1-seeding
AG,Bind,def,XLG,1,0,15,elim,2026-04-19 08:25:00,1,VCT 2026: China Stage 1,https://www.vlr.gg/642945/all-gamers-vs-xi-lai-gaming-vct-2026-china-stage-1-seeding
AG,Bind,def,XLG,0,1,16,boom,2026-04-19 08:25:00,1,VCT 2026: China Stage 1,https://www.vlr.gg/642945/all-gamers-vs-xi-lai-gaming-vct-2026-china-stage-1-seeding
AG,Bind,def,XLG,1,0,17,elim,2026-04-19 08:25:00,1,VCT 2026: China Stage 1,https://www.vlr.gg/642945/all-gamers-vs-xi-lai-gaming-vct-2026-china-stage-1-seeding
AG,Bind,def,XLG,0,1,18,elim,2026-04-19 08:25:00,1,VCT 2026: China Stage 1,https://www.vlr.gg/642945/all-gamers-vs-xi-lai-gaming-vct-2026-china-stage-1-seeding
AG,Split,atk,XLG,1,0,1,elim,2026-04-19 08:25:00,2,VCT 2026: China Stage 1,https://www.vlr.gg/642945/all-gamers-vs-xi-lai-gaming-vct-2026-china-stage-1-seeding
AG,Split,atk,XLG,1,0,2,boom,2026-04-19 08:25:00,2,VCT 2026: China Stage 1,https://www.vlr.gg/642945/all-gamers-vs-xi-lai-gaming-vct-2026-china-stage-1-seeding
AG,Split,atk,XLG,0,1,3,elim,2026-04-19 08:25:00,2,VCT 2026: China Stage 1,https://www.vlr.gg/642945/all-gamers-vs-xi-lai-gaming-vct-2026-china-stage-1-seeding
AG,Split,atk,XLG,0,1,4,defus,2026-04-19 08:25:00,2,VCT 2026: China Stage 1,https://www.vlr.gg/642945/all-gamers-vs-xi-lai-gaming-vct-2026-china-stage-1-seeding
AG,Split,atk,XLG,0,1,5,elim,2026-04-19 08:25:00,2,VCT 2026: China Stage 1,https://www.vlr.gg/642945/all-gamers-vs-xi-lai-gaming-vct-2026-china-stage-1-seeding
AG,Split,atk,XLG,0,1,6,defus,2026-04-19 08:25:00,2,VCT 2026: China Stage 1,https://www.vlr.gg/642945/all-gamers-vs-xi-lai-gaming-vct-2026-china-stage-1-seeding
AG,Split,atk,XLG,1,0,7,elim,2026-04-19 08:25:00,2,VCT 2026: China Stage 1,https://www.vlr.gg/642945/all-gamers-vs-xi-lai-gaming-vct-2026-china-stage-1-seeding
AG,Split,atk,XLG,0,1,8,tim,2026-04-19 08:25:00,2,VCT 2026: China Stage 1,https://www.vlr.gg/642945/all-gamers-vs-xi-lai-gaming-vct-2026-china-stage-1-seeding
AG,Split,atk,XLG,0,1,9,defus,2026-04-19 08:25:00,2,VCT 2026: China Stage 1,https://www.vlr.gg/642945/all-gamers-vs-xi-lai-gaming-vct-2026-china-stage-1-seeding
AG,Split,atk,XLG,1,0,10,elim,2026-04-19 08:25:00,2,VCT 2026: China Stage 1,https://www.vlr.gg/642945/all-gamers-vs-xi-lai-gaming-vct-2026-china-stage-1-seeding
AG,Split,atk,XLG,1,0,11,elim,2026-04-19 08:25:00,2,VCT 2026: China Stage 1,https://www.vlr.gg/642945/all-gamers-vs-xi-lai-gaming-vct-2026-china-stage-1-seeding
AG,Split,atk,XLG,1,0,12,elim,2026-04-19 08:25:00,2,VCT 2026: China Stage 1,https://www.vlr.gg/642945/all-gamers-vs-xi-lai-gaming-vct-2026-china-stage-1-seeding
AG,Split,def,XLG,0,1,13,elim,2026-04-19 08:25:00,2,VCT 2026: China Stage 1,https://www.vlr.gg/642945/all-gamers-vs-xi-lai-gaming-vct-2026-china-stage-1-seeding
AG,Split,def,XLG,0,1,14,elim,2026-04-19 08:25:00,2,VCT 2026: China Stage 1,https://www.vlr.gg/642945/all-gamers-vs-xi-lai-gaming-vct-2026-china-stage-1-seeding
AG,Split,def,XLG,1,0,15,elim,2026-04-19 08:25:00,2,VCT 2026: China Stage 1,https://www.vlr.gg/642945/all-gamers-vs-xi-lai-gaming-vct-2026-china-stage-1-seeding
AG,Split,def,XLG,1,0,16,defus,2026-04-19 08:25:00,2,VCT 2026: China Stage 1,https://www.vlr.gg/642945/all-gamers-vs-xi-lai-gaming-vct-2026-china-stage-1-seeding
AG,Split,def,XLG,0,1,17,boom,2026-04-19 08:25:00,2,VCT 2026: China Stage 1,https://www.vlr.gg/642945/all-gamers-vs-xi-lai-gaming-vct-2026-china-stage-1-seeding
AG,Split,def,XLG,0,1,18,elim,2026-04-19 08:25:00,2,VCT 2026: China Stage 1,https://www.vlr.gg/642945/all-gamers-vs-xi-lai-gaming-vct-2026-china-stage-1-seeding
AG,Split,def,XLG,0,1,19,elim,2026-04-19 08:25:00,2,VCT 2026: China Stage 1,https://www.vlr.gg/642945/all-gamers-vs-xi-lai-gaming-vct-2026-china-stage-1-seeding
AG,Split,def,XLG,0,1,20,elim,2026-04-19 08:25:00,2,VCT 2026: China Stage 1,https://www.vlr.gg/642945/all-gamers-vs-xi-lai-gaming-vct-2026-china-stage-1-seeding
AG,Split,def,XLG,0,1,21,elim,2026-04-19 08:25:00,2,VCT 2026: China Stage 1,https://www.vlr.gg/642945/all-gamers-vs-xi-lai-gaming-vct-2026-china-stage-1-seeding
XLG,Breeze,atk,TEC,1,0,1,elim,2026-05-01 05:00:00,0,VCT 2026: China Stage 1,https://www.vlr.gg/659474/xi-lai-gaming-vs-titan-esports-club-vct-2026-china-stage-1-ubqf
XLG,Breeze,atk,TEC,1,0,2,elim,2026-05-01 05:00:00,0,VCT 2026: China Stage 1,https://www.vlr.gg/659474/xi-lai-gaming-vs-titan-esports-club-vct-2026-china-stage-1-ubqf
XLG,Breeze,atk,TEC,0,1,3,elim,2026-05-01 05:00:00,0,VCT 2026: China Stage 1,https://www.vlr.gg/659474/xi-lai-gaming-vs-titan-esports-club-vct-2026-china-stage-1-ubqf
XLG,Breeze,atk,TEC,1,0,4,elim,2026-05-01 05:00:00,0,VCT 2026: China Stage 1,https://www.vlr.gg/659474/xi-lai-gaming-vs-titan-esports-club-vct-2026-china-stage-1-ubqf
XLG,Breeze,atk,TEC,1,0,5,elim,2026-05-01 05:00:00,0,VCT 2026: China Stage 1,https://www.vlr.gg/659474/xi-lai-gaming-vs-titan-esports-club-vct-2026-china-stage-1-ubqf
XLG,Breeze,atk,TEC,0,1,6,elim,2026-05-01 05:00:00,0,VCT 2026: China Stage 1,https://www.vlr.gg/659474/xi-lai-gaming-vs-titan-esports-club-vct-2026-china-stage-1-ubqf
XLG,Breeze,atk,TEC,1,0,7,elim,2026-05-01 05:00:00,0,VCT 2026: China Stage 1,https://www.vlr.gg/659474/xi-lai-gaming-vs-titan-esports-club-vct-2026-china-stage-1-ubqf
XLG,Breeze,atk,TEC,1,0,8,elim,2026-05-01 05:00:00,0,VCT 2026: China Stage 1,https://www.vlr.gg/659474/xi-lai-gaming-vs-titan-esports-club-vct-2026-china-stage-1-ubqf
XLG,Breeze,atk,TEC,0,1,9,defus,2026-05-01 05:00:00,0,VCT 2026: China Stage 1,https://www.vlr.gg/659474/xi-lai-gaming-vs-titan-esports-club-vct-2026-china-stage-1-ubqf
XLG,Breeze,atk,TEC,0,1,10,elim,2026-05-01 05:00:00,0,VCT 2026: China Stage 1,https://www.vlr.gg/659474/xi-lai-gaming-vs-titan-esports-club-vct-2026-china-stage-1-ubqf
XLG,Breeze,atk,TEC,1,0,11,elim,2026-05-01 05:00:00,0,VCT 2026: China Stage 1,https://www.vlr.gg/659474/xi-lai-gaming-vs-titan-esports-club-vct-2026-china-stage-1-ubqf
XLG,Breeze,atk,TEC,0,1,12,elim,2026-05-01 05:00:00,0,VCT 2026: China Stage 1,https://www.vlr.gg/659474/xi-lai-gaming-vs-titan-esports-club-vct-2026-china-stage-1-ubqf
XLG,Breeze,def,TEC,0,1,13,elim,2026-05-01 05:00:00,0,VCT 2026: China Stage 1,https://www.vlr.gg/659474/xi-lai-gaming-vs-titan-esports-club-vct-2026-china-stage-1-ubqf
XLG,Breeze,def,TEC,0,1,14,elim,2026-05-01 05:00:00,0,VCT 2026: China Stage 1,https://www.vlr.gg/659474/xi-lai-gaming-vs-titan-esports-club-vct-2026-china-stage-1-ubqf
XLG,Breeze,def,TEC,1,0,15,defus,2026-05-01 05:00:00,0,VCT 2026: China Stage 1,https://www.vlr.gg/659474/xi-lai-gaming-vs-titan-esports-club-vct-2026-china-stage-1-ubqf
XLG,Breeze,def,TEC,0,1,16,elim,2026-05-01 05:00:00,0,VCT 2026: China Stage 1,https://www.vlr.gg/659474/xi-lai-gaming-vs-titan-esports-club-vct-2026-china-stage-1-ubqf
XLG,Breeze,def,TEC,0,1,17,elim,2026-05-01 05:00:00,0,VCT 2026: China Stage 1,https://www.vlr.gg/659474/xi-lai-gaming-vs-titan-esports-club-vct-2026-china-stage-1-ubqf
XLG,Breeze,def,TEC,1,0,18,defus,2026-05-01 05:00:00,0,VCT 2026: China Stage 1,https://www.vlr.gg/659474/xi-lai-gaming-vs-titan-esports-club-vct-2026-china-stage-1-ubqf
XLG,Breeze,def,TEC,1,0,19,elim,2026-05-01 05:00:00,0,VCT 2026: China Stage 1,https://www.vlr.gg/659474/xi-lai-gaming-vs-titan-esports-club-vct-2026-china-stage-1-ubqf
XLG,Breeze,def,TEC,1,0,20,defus,2026-05-01 05:00:00,0,VCT 2026: China Stage 1,https://www.vlr.gg/659474/xi-lai-gaming-vs-titan-esports-club-vct-2026-china-stage-1-ubqf
XLG,Breeze,def,TEC,1,0,21,elim,2026-05-01 05:00:00,0,VCT 2026: China Stage 1,https://www.vlr.gg/659474/xi-lai-gaming-vs-titan-esports-club-vct-2026-china-stage-1-ubqf
XLG,Breeze,def,TEC,1,0,22,defus,2026-05-01 05:00:00,0,VCT 2026: China Stage 1,https://www.vlr.gg/659474/xi-lai-gaming-vs-titan-esports-club-vct-2026-china-stage-1-ubqf
XLG,Lotus,atk,TEC,0,1,13,defus,2026-05-01 05:00:00,1,VCT 2026: China Stage 1,https://www.vlr.gg/659474/xi-lai-gaming-vs-titan-esports-club-vct-2026-china-stage-1-ubqf
XLG,Lotus,atk,TEC,0,1,14,elim,2026-05-01 05:00:00,1,VCT 2026: China Stage 1,https://www.vlr.gg/659474/xi-lai-gaming-vs-titan-esports-club-vct-2026-china-stage-1-ubqf
XLG,Lotus,atk,TEC,1,0,15,elim,2026-05-01 05:00:00,1,VCT 2026: China Stage 1,https://www.vlr.gg/659474/xi-lai-gaming-vs-titan-esports-club-vct-2026-china-stage-1-ubqf
XLG,Lotus,atk,TEC,1,0,16,elim,2026-05-01 05:00:00,1,VCT 2026: China Stage 1,https://www.vlr.gg/659474/xi-lai-gaming-vs-titan-esports-club-vct-2026-china-stage-1-ubqf
XLG,Lotus,atk,TEC,1,0,17,elim,2026-05-01 05:00:00,1,VCT 2026: China Stage 1,https://www.vlr.gg/659474/xi-lai-gaming-vs-titan-esports-club-vct-2026-china-stage-1-ubqf
XLG,Lotus,atk,TEC,0,1,18,elim,2026-05-01 05:00:00,1,VCT 2026: China Stage 1,https://www.vlr.gg/659474/xi-lai-gaming-vs-titan-esports-club-vct-2026-china-stage-1-ubqf
XLG,Lotus,atk,TEC,0,1,19,elim,2026-05-01 05:00:00,1,VCT 2026: China Stage 1,https://www.vlr.gg/659474/xi-lai-gaming-vs-titan-esports-club-vct-2026-china-stage-1-ubqf
XLG,Lotus,atk,TEC,1,0,20,elim,2026-05-01 05:00:00,1,VCT 2026: China Stage 1,https://www.vlr.gg/659474/xi-lai-gaming-vs-titan-esports-club-vct-2026-china-stage-1-ubqf
XLG,Lotus,def,TEC,1,0,1,defus,2026-05-01 05:00:00,1,VCT 2026: China Stage 1,https://www.vlr.gg/659474/xi-lai-gaming-vs-titan-esports-club-vct-2026-china-stage-1-ubqf
XLG,Lotus,def,TEC,1,0,2,elim,2026-05-01 05:00:00,1,VCT 2026: China Stage 1,https://www.vlr.gg/659474/xi-lai-gaming-vs-titan-esports-club-vct-2026-china-stage-1-ubqf
XLG,Lotus,def,TEC,0,1,3,elim,2026-05-01 05:00:00,1,VCT 2026: China Stage 1,https://www.vlr.gg/659474/xi-lai-gaming-vs-titan-esports-club-vct-2026-china-stage-1-ubqf
XLG,Lotus,def,TEC,1,0,4,defus,2026-05-01 05:00:00,1,VCT 2026: China Stage 1,https://www.vlr.gg/659474/xi-lai-gaming-vs-titan-esports-club-vct-2026-china-stage-1-ubqf
XLG,Lotus,def,TEC,0,1,5,elim,2026-05-01 05:00:00,1,VCT 2026: China Stage 1,https://www.vlr.gg/659474/xi-lai-gaming-vs-titan-esports-club-vct-2026-china-stage-1-ubqf
XLG,Lotus,def,TEC,1,0,6,elim,2026-05-01 05:00:00,1,VCT 2026: China Stage 1,https://www.vlr.gg/659474/xi-lai-gaming-vs-titan-esports-club-vct-2026-china-stage-1-ubqf
XLG,Lotus,def,TEC,1,0,7,defus,2026-05-01 05:00:00,1,VCT 2026: China Stage 1,https://www.vlr.gg/659474/xi-lai-gaming-vs-titan-esports-club-vct-2026-china-stage-1-ubqf
XLG,Lotus,def,TEC,1,0,8,defus,2026-05-01 05:00:00,1,VCT 2026: China Stage 1,https://www.vlr.gg/659474/xi-lai-gaming-vs-titan-esports-club-vct-2026-china-stage-1-ubqf
XLG,Lotus,def,TEC,1,0,9,elim,2026-05-01 05:00:00,1,VCT 2026: China Stage 1,https://www.vlr.gg/659474/xi-lai-gaming-vs-titan-esports-club-vct-2026-china-stage-1-ubqf
XLG,Lotus,def,TEC,1,0,10,defus,2026-05-01 05:00:00,1,VCT 2026: China Stage 1,https://www.vlr.gg/659474/xi-lai-gaming-vs-titan-esports-club-vct-2026-china-stage-1-ubqf
XLG,Lotus,def,TEC,1,0,11,elim,2026-05-01 05:00:00,1,VCT 2026: China Stage 1,https://www.vlr.gg/659474/xi-lai-gaming-vs-titan-esports-club-vct-2026-china-stage-1-ubqf
XLG,Lotus,def,TEC,0,1,12,elim,2026-05-01 05:00:00,1,VCT 2026: China Stage 1,https://www.vlr.gg/659474/xi-lai-gaming-vs-titan-esports-club-vct-2026-china-stage-1-ubqf
JDG,Haven,atk,TYL,1,0,13,elim,2026-05-01 07:20:00,0,VCT 2026: China Stage 1,https://www.vlr.gg/659475/jdg-esports-vs-tyloo-vct-2026-china-stage-1-ubqf
JDG,Haven,atk,TYL,1,0,14,elim,2026-05-01 07:20:00,0,VCT 2026: China Stage 1,https://www.vlr.gg/659475/jdg-esports-vs-tyloo-vct-2026-china-stage-1-ubqf
JDG,Haven,atk,TYL,1,0,15,elim,2026-05-01 07:20:00,0,VCT 2026: China Stage 1,https://www.vlr.gg/659475/jdg-esports-vs-tyloo-vct-2026-china-stage-1-ubqf
JDG,Haven,def,TYL,1,0,1,elim,2026-05-01 07:20:00,0,VCT 2026: China Stage 1,https://www.vlr.gg/659475/jdg-esports-vs-tyloo-vct-2026-china-stage-1-ubqf
JDG,Haven,def,TYL,1,0,2,elim,2026-05-01 07:20:00,0,VCT 2026: China Stage 1,https://www.vlr.gg/659475/jdg-esports-vs-tyloo-vct-2026-china-stage-1-ubqf
JDG,Haven,def,TYL,1,0,3,tim,2026-05-01 07:20:00,0,VCT 2026: China Stage 1,https://www.vlr.gg/659475/jdg-esports-vs-tyloo-vct-2026-china-stage-1-ubqf
JDG,Haven,def,TYL,1,0,4,defus,2026-05-01 07:20:00,0,VCT 2026: China Stage 1,https://www.vlr.gg/659475/jdg-esports-vs-tyloo-vct-2026-china-stage-1-ubqf
JDG,Haven,def,TYL,1,0,5,elim,2026-05-01 07:20:00,0,VCT 2026: China Stage 1,https://www.vlr.gg/659475/jdg-esports-vs-tyloo-vct-2026-china-stage-1-ubqf
JDG,Haven,def,TYL,1,0,6,defus,2026-05-01 07:20:00,0,VCT 2026: China Stage 1,https://www.vlr.gg/659475/jdg-esports-vs-tyloo-vct-2026-china-stage-1-ubqf
JDG,Haven,def,TYL,1,0,7,tim,2026-05-01 07:20:00,0,VCT 2026: China Stage 1,https://www.vlr.gg/659475/jdg-esports-vs-tyloo-vct-2026-china-stage-1-ubqf
JDG,Haven,def,TYL,1,0,8,defus,2026-05-01 07:20:00,0,VCT 2026: China Stage 1,https://www.vlr.gg/659475/jdg-esports-vs-tyloo-vct-2026-china-stage-1-ubqf
JDG,Haven,def,TYL,1,0,9,defus,2026-05-01 07:20:00,0,VCT 2026: China Stage 1,https://www.vlr.gg/659475/jdg-esports-vs-tyloo-vct-2026-china-stage-1-ubqf
JDG,Haven,def,TYL,0,1,10,elim,2026-05-01 07:20:00,0,VCT 2026: China Stage 1,https://www.vlr.gg/659475/jdg-esports-vs-tyloo-vct-2026-china-stage-1-ubqf
JDG,Haven,def,TYL,1,0,11,defus,2026-05-01 07:20:00,0,VCT 2026: China Stage 1,https://www.vlr.gg/659475/jdg-esports-vs-tyloo-vct-2026-china-stage-1-ubqf
JDG,Haven,def,TYL,0,1,12,elim,2026-05-01 07:20:00,0,VCT 2026: China Stage 1,https://www.vlr.gg/659475/jdg-esports-vs-tyloo-vct-2026-china-stage-1-ubqf
JDG,Fracture,atk,TYL,1,0,1,elim,2026-05-01 07:20:00,1,VCT 2026: China Stage 1,https://www.vlr.gg/659475/jdg-esports-vs-tyloo-vct-2026-china-stage-1-ubqf
JDG,Fracture,atk,TYL,1,0,2,elim,2026-05-01 07:20:00,1,VCT 2026: China Stage 1,https://www.vlr.gg/659475/jdg-esports-vs-tyloo-vct-2026-china-stage-1-ubqf
JDG,Fracture,atk,TYL,0,1,3,defus,2026-05-01 07:20:00,1,VCT 2026: China Stage 1,https://www.vlr.gg/659475/jdg-esports-vs-tyloo-vct-2026-china-stage-1-ubqf
JDG,Fracture,atk,TYL,1,0,4,boom,2026-05-01 07:20:00,1,VCT 2026: China Stage 1,https://www.vlr.gg/659475/jdg-esports-vs-tyloo-vct-2026-china-stage-1-ubqf
JDG,Fracture,atk,TYL,1,0,5,boom,2026-05-01 07:20:00,1,VCT 2026: China Stage 1,https://www.vlr.gg/659475/jdg-esports-vs-tyloo-vct-2026-china-stage-1-ubqf
JDG,Fracture,atk,TYL,1,0,6,elim,2026-05-01 07:20:00,1,VCT 2026: China Stage 1,https://www.vlr.gg/659475/jdg-esports-vs-tyloo-vct-2026-china-stage-1-ubqf
JDG,Fracture,atk,TYL,1,0,7,elim,2026-05-01 07:20:00,1,VCT 2026: China Stage 1,https://www.vlr.gg/659475/jdg-esports-vs-tyloo-vct-2026-china-stage-1-ubqf
JDG,Fracture,atk,TYL,0,1,8,elim,2026-05-01 07:20:00,1,VCT 2026: China Stage 1,https://www.vlr.gg/659475/jdg-esports-vs-tyloo-vct-2026-china-stage-1-ubqf
JDG,Fracture,atk,TYL,1,0,9,elim,2026-05-01 07:20:00,1,VCT 2026: China Stage 1,https://www.vlr.gg/659475/jdg-esports-vs-tyloo-vct-2026-china-stage-1-ubqf
JDG,Fracture,atk,TYL,1,0,10,elim,2026-05-01 07:20:00,1,VCT 2026: China Stage 1,https://www.vlr.gg/659475/jdg-esports-vs-tyloo-vct-2026-china-stage-1-ubqf
JDG,Fracture,atk,TYL,0,1,11,elim,2026-05-01 07:20:00,1,VCT 2026: China Stage 1,https://www.vlr.gg/659475/jdg-esports-vs-tyloo-vct-2026-china-stage-1-ubqf
JDG,Fracture,atk,TYL,1,0,12,elim,2026-05-01 07:20:00,1,VCT 2026: China Stage 1,https://www.vlr.gg/659475/jdg-esports-vs-tyloo-vct-2026-china-stage-1-ubqf
JDG,Fracture,def,TYL,0,1,13,elim,2026-05-01 07:20:00,1,VCT 2026: China Stage 1,https://www.vlr.gg/659475/jdg-esports-vs-tyloo-vct-2026-china-stage-1-ubqf
JDG,Fracture,def,TYL,0,1,14,elim,2026-05-01 07:20:00,1,VCT 2026: China Stage 1,https://www.vlr.gg/659475/jdg-esports-vs-tyloo-vct-2026-china-stage-1-ubqf
JDG,Fracture,def,TYL,0,1,15,elim,2026-05-01 07:20:00,1,VCT 2026: China Stage 1,https://www.vlr.gg/659475/jdg-esports-vs-tyloo-vct-2026-china-stage-1-ubqf
JDG,Fracture,def,TYL,0,1,16,elim,2026-05-01 07:20:00,1,VCT 2026: China Stage 1,https://www.vlr.gg/659475/jdg-esports-vs-tyloo-vct-2026-china-stage-1-ubqf
JDG,Fracture,def,TYL,0,1,17,elim,2026-05-01 07:20:00,1,VCT 2026: China Stage 1,https://www.vlr.gg/659475/jdg-esports-vs-tyloo-vct-2026-china-stage-1-ubqf
JDG,Fracture,def,TYL,0,1,18,elim,2026-05-01 07:20:00,1,VCT 2026: China Stage 1,https://www.vlr.gg/659475/jdg-esports-vs-tyloo-vct-2026-china-stage-1-ubqf
JDG,Fracture,def,TYL,0,1,19,elim,2026-05-01 07:20:00,1,VCT 2026: China Stage 1,https://www.vlr.gg/659475/jdg-esports-vs-tyloo-vct-2026-china-stage-1-ubqf
JDG,Fracture,def,TYL,0,1,20,elim,2026-05-01 07:20:00,1,VCT 2026: China Stage 1,https://www.vlr.gg/659475/jdg-esports-vs-tyloo-vct-2026-china-stage-1-ubqf
JDG,Fracture,def,TYL,0,1,21,elim,2026-05-01 07:20:00,1,VCT 2026: China Stage 1,https://www.vlr.gg/659475/jdg-esports-vs-tyloo-vct-2026-china-stage-1-ubqf
JDG,Fracture,def,TYL,0,1,22,elim,2026-05-01 07:20:00,1,VCT 2026: China Stage 1,https://www.vlr.gg/659475/jdg-esports-vs-tyloo-vct-2026-china-stage-1-ubqf
JDG,Pearl,atk,TYL,0,1,1,defus,2026-05-01 07:20:00,2,VCT 2026: China Stage 1,https://www.vlr.gg/659475/jdg-esports-vs-tyloo-vct-2026-china-stage-1-ubqf
JDG,Pearl,atk,TYL,1,0,2,boom,2026-05-01 07:20:00,2,VCT 2026: China Stage 1,https://www.vlr.gg/659475/jdg-esports-vs-tyloo-vct-2026-china-stage-1-ubqf
JDG,Pearl,atk,TYL,0,1,3,defus,2026-05-01 07:20:00,2,VCT 2026: China Stage 1,https://www.vlr.gg/659475/jdg-esports-vs-tyloo-vct-2026-china-stage-1-ubqf
JDG,Pearl,atk,TYL,0,1,4,elim,2026-05-01 07:20:00,2,VCT 2026: China Stage 1,https://www.vlr.gg/659475/jdg-esports-vs-tyloo-vct-2026-china-stage-1-ubqf
JDG,Pearl,atk,TYL,0,1,5,defus,2026-05-01 07:20:00,2,VCT 2026: China Stage 1,https://www.vlr.gg/659475/jdg-esports-vs-tyloo-vct-2026-china-stage-1-ubqf
JDG,Pearl,atk,TYL,1,0,6,boom,2026-05-01 07:20:00,2,VCT 2026: China Stage 1,https://www.vlr.gg/659475/jdg-esports-vs-tyloo-vct-2026-china-stage-1-ubqf
JDG,Pearl,atk,TYL,1,0,7,elim,2026-05-01 07:20:00,2,VCT 2026: China Stage 1,https://www.vlr.gg/659475/jdg-esports-vs-tyloo-vct-2026-china-stage-1-ubqf
JDG,Pearl,atk,TYL,1,0,8,boom,2026-05-01 07:20:00,2,VCT 2026: China Stage 1,https://www.vlr.gg/659475/jdg-esports-vs-tyloo-vct-2026-china-stage-1-ubqf
JDG,Pearl,atk,TYL,0,1,9,tim,2026-05-01 07:20:00,2,VCT 2026: China Stage 1,https://www.vlr.gg/659475/jdg-esports-vs-tyloo-vct-2026-china-stage-1-ubqf
JDG,Pearl,atk,TYL,1,0,10,elim,2026-05-01 07:20:00,2,VCT 2026: China Stage 1,https://www.vlr.gg/659475/jdg-esports-vs-tyloo-vct-2026-china-stage-1-ubqf
JDG,Pearl,atk,TYL,0,1,11,defus,2026-05-01 07:20:00,2,VCT 2026: China Stage 1,https://www.vlr.gg/659475/jdg-esports-vs-tyloo-vct-2026-china-stage-1-ubqf
JDG,Pearl,atk,TYL,0,1,12,elim,2026-05-01 07:20:00,2,VCT 2026: China Stage 1,https://www.vlr.gg/659475/jdg-esports-vs-tyloo-vct-2026-china-stage-1-ubqf
JDG,Pearl,def,TYL,1,0,13,defus,2026-05-01 07:20:00,2,VCT 2026: China Stage 1,https://www.vlr.gg/659475/jdg-esports-vs-tyloo-vct-2026-china-stage-1-ubqf
JDG,Pearl,def,TYL,1,0,14,elim,2026-05-01 07:20:00,2,VCT 2026: China Stage 1,https://www.vlr.gg/659475/jdg-esports-vs-tyloo-vct-2026-china-stage-1-ubqf
JDG,Pearl,def,TYL,1,0,15,defus,2026-05-01 07:20:00,2,VCT 2026: China Stage 1,https://www.vlr.gg/659475/jdg-esports-vs-tyloo-vct-2026-china-stage-1-ubqf
JDG,Pearl,def,TYL,1,0,16,defus,2026-05-01 07:20:00,2,VCT 2026: China Stage 1,https://www.vlr.gg/659475/jdg-esports-vs-tyloo-vct-2026-china-stage-1-ubqf
JDG,Pearl,def,TYL,1,0,17,defus,2026-05-01 07:20:00,2,VCT 2026: China Stage 1,https://www.vlr.gg/659475/jdg-esports-vs-tyloo-vct-2026-china-stage-1-ubqf
JDG,Pearl,def,TYL,1,0,18,defus,2026-05-01 07:20:00,2,VCT 2026: China Stage 1,https://www.vlr.gg/659475/jdg-esports-vs-tyloo-vct-2026-china-stage-1-ubqf
JDG,Pearl,def,TYL,0,1,19,elim,2026-05-01 07:20:00,2,VCT 2026: China Stage 1,https://www.vlr.gg/659475/jdg-esports-vs-tyloo-vct-2026-china-stage-1-ubqf
JDG,Pearl,def,TYL,1,0,20,elim,2026-05-01 07:20:00,2,VCT 2026: China Stage 1,https://www.vlr.gg/659475/jdg-esports-vs-tyloo-vct-2026-china-stage-1-ubqf
JDG,Pearl,def,TYL,0,1,21,elim,2026-05-01 07:20:00,2,VCT 2026: China Stage 1,https://www.vlr.gg/659475/jdg-esports-vs-tyloo-vct-2026-china-stage-1-ubqf
JDG,Pearl,def,TYL,0,1,22,elim,2026-05-01 07:20:00,2,VCT 2026: China Stage 1,https://www.vlr.gg/659475/jdg-esports-vs-tyloo-vct-2026-china-stage-1-ubqf
JDG,Pearl,def,TYL,1,0,23,defus,2026-05-01 07:20:00,2,VCT 2026: China Stage 1,https://www.vlr.gg/659475/jdg-esports-vs-tyloo-vct-2026-china-stage-1-ubqf
AG,Split,atk,TE,1,0,13,elim,2026-05-02 05:00:00,0,VCT 2026: China Stage 1,https://www.vlr.gg/659476/all-gamers-vs-trace-esports-vct-2026-china-stage-1-ubqf
AG,Split,atk,TE,1,0,14,elim,2026-05-02 05:00:00,0,VCT 2026: China Stage 1,https://www.vlr.gg/659476/all-gamers-vs-trace-esports-vct-2026-china-stage-1-ubqf
AG,Split,atk,TE,0,1,15,defus,2026-05-02 05:00:00,0,VCT 2026: China Stage 1,https://www.vlr.gg/659476/all-gamers-vs-trace-esports-vct-2026-china-stage-1-ubqf
AG,Split,atk,TE,1,0,16,boom,2026-05-02 05:00:00,0,VCT 2026: China Stage 1,https://www.vlr.gg/659476/all-gamers-vs-trace-esports-vct-2026-china-stage-1-ubqf
AG,Split,atk,TE,1,0,17,elim,2026-05-02 05:00:00,0,VCT 2026: China Stage 1,https://www.vlr.gg/659476/all-gamers-vs-trace-esports-vct-2026-china-stage-1-ubqf
AG,Split,atk,TE,1,0,18,elim,2026-05-02 05:00:00,0,VCT 2026: China Stage 1,https://www.vlr.gg/659476/all-gamers-vs-trace-esports-vct-2026-china-stage-1-ubqf
AG,Split,atk,TE,1,0,19,elim,2026-05-02 05:00:00,0,VCT 2026: China Stage 1,https://www.vlr.gg/659476/all-gamers-vs-trace-esports-vct-2026-china-stage-1-ubqf
AG,Split,def,TE,1,0,1,elim,2026-05-02 05:00:00,0,VCT 2026: China Stage 1,https://www.vlr.gg/659476/all-gamers-vs-trace-esports-vct-2026-china-stage-1-ubqf
AG,Split,def,TE,1,0,2,elim,2026-05-02 05:00:00,0,VCT 2026: China Stage 1,https://www.vlr.gg/659476/all-gamers-vs-trace-esports-vct-2026-china-stage-1-ubqf
AG,Split,def,TE,1,0,3,defus,2026-05-02 05:00:00,0,VCT 2026: China Stage 1,https://www.vlr.gg/659476/all-gamers-vs-trace-esports-vct-2026-china-stage-1-ubqf
AG,Split,def,TE,1,0,4,defus,2026-05-02 05:00:00,0,VCT 2026: China Stage 1,https://www.vlr.gg/659476/all-gamers-vs-trace-esports-vct-2026-china-stage-1-ubqf
AG,Split,def,TE,1,0,5,defus,2026-05-02 05:00:00,0,VCT 2026: China Stage 1,https://www.vlr.gg/659476/all-gamers-vs-trace-esports-vct-2026-china-stage-1-ubqf
AG,Split,def,TE,1,0,6,elim,2026-05-02 05:00:00,0,VCT 2026: China Stage 1,https://www.vlr.gg/659476/all-gamers-vs-trace-esports-vct-2026-china-stage-1-ubqf
AG,Split,def,TE,0,1,7,elim,2026-05-02 05:00:00,0,VCT 2026: China Stage 1,https://www.vlr.gg/659476/all-gamers-vs-trace-esports-vct-2026-china-stage-1-ubqf
AG,Split,def,TE,1,0,8,defus,2026-05-02 05:00:00,0,VCT 2026: China Stage 1,https://www.vlr.gg/659476/all-gamers-vs-trace-esports-vct-2026-china-stage-1-ubqf
AG,Split,def,TE,0,1,9,elim,2026-05-02 05:00:00,0,VCT 2026: China Stage 1,https://www.vlr.gg/659476/all-gamers-vs-trace-esports-vct-2026-china-stage-1-ubqf
AG,Split,def,TE,0,1,10,elim,2026-05-02 05:00:00,0,VCT 2026: China Stage 1,https://www.vlr.gg/659476/all-gamers-vs-trace-esports-vct-2026-china-stage-1-ubqf
AG,Split,def,TE,0,1,11,elim,2026-05-02 05:00:00,0,VCT 2026: China Stage 1,https://www.vlr.gg/659476/all-gamers-vs-trace-esports-vct-2026-china-stage-1-ubqf
AG,Split,def,TE,0,1,12,elim,2026-05-02 05:00:00,0,VCT 2026: China Stage 1,https://www.vlr.gg/659476/all-gamers-vs-trace-esports-vct-2026-china-stage-1-ubqf
AG,Lotus,atk,TE,0,1,13,elim,2026-05-02 05:00:00,1,VCT 2026: China Stage 1,https://www.vlr.gg/659476/all-gamers-vs-trace-esports-vct-2026-china-stage-1-ubqf
AG,Lotus,atk,TE,0,1,14,elim,2026-05-02 05:00:00,1,VCT 2026: China Stage 1,https://www.vlr.gg/659476/all-gamers-vs-trace-esports-vct-2026-china-stage-1-ubqf
AG,Lotus,atk,TE,1,0,15,elim,2026-05-02 05:00:00,1,VCT 2026: China Stage 1,https://www.vlr.gg/659476/all-gamers-vs-trace-esports-vct-2026-china-stage-1-ubqf
AG,Lotus,atk,TE,1,0,16,elim,2026-05-02 05:00:00,1,VCT 2026: China Stage 1,https://www.vlr.gg/659476/all-gamers-vs-trace-esports-vct-2026-china-stage-1-ubqf
AG,Lotus,atk,TE,1,0,17,elim,2026-05-02 05:00:00,1,VCT 2026: China Stage 1,https://www.vlr.gg/659476/all-gamers-vs-trace-esports-vct-2026-china-stage-1-ubqf
AG,Lotus,atk,TE,1,0,18,elim,2026-05-02 05:00:00,1,VCT 2026: China Stage 1,https://www.vlr.gg/659476/all-gamers-vs-trace-esports-vct-2026-china-stage-1-ubqf
AG,Lotus,atk,TE,1,0,19,elim,2026-05-02 05:00:00,1,VCT 2026: China Stage 1,https://www.vlr.gg/659476/all-gamers-vs-trace-esports-vct-2026-china-stage-1-ubqf
AG,Lotus,def,TE,0,1,1,elim,2026-05-02 05:00:00,1,VCT 2026: China Stage 1,https://www.vlr.gg/659476/all-gamers-vs-trace-esports-vct-2026-china-stage-1-ubqf
AG,Lotus,def,TE,0,1,2,elim,2026-05-02 05:00:00,1,VCT 2026: China Stage 1,https://www.vlr.gg/659476/all-gamers-vs-trace-esports-vct-2026-china-stage-1-ubqf
AG,Lotus,def,TE,1,0,3,elim,2026-05-02 05:00:00,1,VCT 2026: China Stage 1,https://www.vlr.gg/659476/all-gamers-vs-trace-esports-vct-2026-china-stage-1-ubqf
AG,Lotus,def,TE,0,1,4,elim,2026-05-02 05:00:00,1,VCT 2026: China Stage 1,https://www.vlr.gg/659476/all-gamers-vs-trace-esports-vct-2026-china-stage-1-ubqf
AG,Lotus,def,TE,1,0,5,elim,2026-05-02 05:00:00,1,VCT 2026: China Stage 1,https://www.vlr.gg/659476/all-gamers-vs-trace-esports-vct-2026-china-stage-1-ubqf
AG,Lotus,def,TE,1,0,6,defus,2026-05-02 05:00:00,1,VCT 2026: China Stage 1,https://www.vlr.gg/659476/all-gamers-vs-trace-esports-vct-2026-china-stage-1-ubqf
AG,Lotus,def,TE,0,1,7,elim,2026-05-02 05:00:00,1,VCT 2026: China Stage 1,https://www.vlr.gg/659476/all-gamers-vs-trace-esports-vct-2026-china-stage-1-ubqf
AG,Lotus,def,TE,1,0,8,elim,2026-05-02 05:00:00,1,VCT 2026: China Stage 1,https://www.vlr.gg/659476/all-gamers-vs-trace-esports-vct-2026-china-stage-1-ubqf
AG,Lotus,def,TE,1,0,9,elim,2026-05-02 05:00:00,1,VCT 2026: China Stage 1,https://www.vlr.gg/659476/all-gamers-vs-trace-esports-vct-2026-china-stage-1-ubqf
AG,Lotus,def,TE,1,0,10,defus,2026-05-02 05:00:00,1,VCT 2026: China Stage 1,https://www.vlr.gg/659476/all-gamers-vs-trace-esports-vct-2026-china-stage-1-ubqf
AG,Lotus,def,TE,1,0,11,defus,2026-05-02 05:00:00,1,VCT 2026: China Stage 1,https://www.vlr.gg/659476/all-gamers-vs-trace-esports-vct-2026-china-stage-1-ubqf
AG,Lotus,def,TE,1,0,12,defus,2026-05-02 05:00:00,1,VCT 2026: China Stage 1,https://www.vlr.gg/659476/all-gamers-vs-trace-esports-vct-2026-china-stage-1-ubqf
EDG,Lotus,atk,DRG,0,1,1,defus,2026-05-02 07:10:00,0,VCT 2026: China Stage 1,https://www.vlr.gg/659477/edward-gaming-vs-dragon-ranger-gaming-vct-2026-china-stage-1-ubqf
EDG,Lotus,atk,DRG,0,1,2,defus,2026-05-02 07:10:00,0,VCT 2026: China Stage 1,https://www.vlr.gg/659477/edward-gaming-vs-dragon-ranger-gaming-vct-2026-china-stage-1-ubqf
EDG,Lotus,atk,DRG,0,1,3,elim,2026-05-02 07:10:00,0,VCT 2026: China Stage 1,https://www.vlr.gg/659477/edward-gaming-vs-dragon-ranger-gaming-vct-2026-china-stage-1-ubqf
EDG,Lotus,atk,DRG,0,1,4,defus,2026-05-02 07:10:00,0,VCT 2026: China Stage 1,https://www.vlr.gg/659477/edward-gaming-vs-dragon-ranger-gaming-vct-2026-china-stage-1-ubqf
EDG,Lotus,atk,DRG,1,0,5,elim,2026-05-02 07:10:00,0,VCT 2026: China Stage 1,https://www.vlr.gg/659477/edward-gaming-vs-dragon-ranger-gaming-vct-2026-china-stage-1-ubqf
EDG,Lotus,atk,DRG,1,0,6,boom,2026-05-02 07:10:00,0,VCT 2026: China Stage 1,https://www.vlr.gg/659477/edward-gaming-vs-dragon-ranger-gaming-vct-2026-china-stage-1-ubqf
EDG,Lotus,atk,DRG,0,1,7,defus,2026-05-02 07:10:00,0,VCT 2026: China Stage 1,https://www.vlr.gg/659477/edward-gaming-vs-dragon-ranger-gaming-vct-2026-china-stage-1-ubqf
EDG,Lotus,atk,DRG,0,1,8,elim,2026-05-02 07:10:00,0,VCT 2026: China Stage 1,https://www.vlr.gg/659477/edward-gaming-vs-dragon-ranger-gaming-vct-2026-china-stage-1-ubqf
EDG,Lotus,atk,DRG,1,0,9,elim,2026-05-02 07:10:00,0,VCT 2026: China Stage 1,https://www.vlr.gg/659477/edward-gaming-vs-dragon-ranger-gaming-vct-2026-china-stage-1-ubqf
EDG,Lotus,atk,DRG,1,0,10,elim,2026-05-02 07:10:00,0,VCT 2026: China Stage 1,https://www.vlr.gg/659477/edward-gaming-vs-dragon-ranger-gaming-vct-2026-china-stage-1-ubqf
EDG,Lotus,atk,DRG,0,1,11,elim,2026-05-02 07:10:00,0,VCT 2026: China Stage 1,https://www.vlr.gg/659477/edward-gaming-vs-dragon-ranger-gaming-vct-2026-china-stage-1-ubqf
EDG,Lotus,atk,DRG,1,0,12,elim,2026-05-02 07:10:00,0,VCT 2026: China Stage 1,https://www.vlr.gg/659477/edward-gaming-vs-dragon-ranger-gaming-vct-2026-china-stage-1-ubqf
EDG,Lotus,def,DRG,0,1,13,elim,2026-05-02 07:10:00,0,VCT 2026: China Stage 1,https://www.vlr.gg/659477/edward-gaming-vs-dragon-ranger-gaming-vct-2026-china-stage-1-ubqf
EDG,Lotus,def,DRG,0,1,14,elim,2026-05-02 07:10:00,0,VCT 2026: China Stage 1,https://www.vlr.gg/659477/edward-gaming-vs-dragon-ranger-gaming-vct-2026-china-stage-1-ubqf
EDG,Lotus,def,DRG,1,0,15,elim,2026-05-02 07:10:00,0,VCT 2026: China Stage 1,https://www.vlr.gg/659477/edward-gaming-vs-dragon-ranger-gaming-vct-2026-china-stage-1-ubqf
EDG,Lotus,def,DRG,1,0,16,defus,2026-05-02 07:10:00,0,VCT 2026: China Stage 1,https://www.vlr.gg/659477/edward-gaming-vs-dragon-ranger-gaming-vct-2026-china-stage-1-ubqf
EDG,Lotus,def,DRG,0,1,17,elim,2026-05-02 07:10:00,0,VCT 2026: China Stage 1,https://www.vlr.gg/659477/edward-gaming-vs-dragon-ranger-gaming-vct-2026-china-stage-1-ubqf
EDG,Lotus,def,DRG,0,1,18,elim,2026-05-02 07:10:00,0,VCT 2026: China Stage 1,https://www.vlr.gg/659477/edward-gaming-vs-dragon-ranger-gaming-vct-2026-china-stage-1-ubqf
EDG,Lotus,def,DRG,0,1,19,elim,2026-05-02 07:10:00,0,VCT 2026: China Stage 1,https://www.vlr.gg/659477/edward-gaming-vs-dragon-ranger-gaming-vct-2026-china-stage-1-ubqf
EDG,Lotus,def,DRG,0,1,20,elim,2026-05-02 07:10:00,0,VCT 2026: China Stage 1,https://www.vlr.gg/659477/edward-gaming-vs-dragon-ranger-gaming-vct-2026-china-stage-1-ubqf
EDG,Split,atk,DRG,0,1,13,defus,2026-05-02 07:10:00,1,VCT 2026: China Stage 1,https://www.vlr.gg/659477/edward-gaming-vs-dragon-ranger-gaming-vct-2026-china-stage-1-ubqf
EDG,Split,atk,DRG,0,1,14,elim,2026-05-02 07:10:00,1,VCT 2026: China Stage 1,https://www.vlr.gg/659477/edward-gaming-vs-dragon-ranger-gaming-vct-2026-china-stage-1-ubqf
EDG,Split,atk,DRG,1,0,15,elim,2026-05-02 07:10:00,1,VCT 2026: China Stage 1,https://www.vlr.gg/659477/edward-gaming-vs-dragon-ranger-gaming-vct-2026-china-stage-1-ubqf
EDG,Split,atk,DRG,0,1,16,tim,2026-05-02 07:10:00,1,VCT 2026: China Stage 1,https://www.vlr.gg/659477/edward-gaming-vs-dragon-ranger-gaming-vct-2026-china-stage-1-ubqf
EDG,Split,atk,DRG,0,1,17,defus,2026-05-02 07:10:00,1,VCT 2026: China Stage 1,https://www.vlr.gg/659477/edward-gaming-vs-dragon-ranger-gaming-vct-2026-china-stage-1-ubqf
EDG,Split,atk,DRG,0,1,18,elim,2026-05-02 07:10:00,1,VCT 2026: China Stage 1,https://www.vlr.gg/659477/edward-gaming-vs-dragon-ranger-gaming-vct-2026-china-stage-1-ubqf
EDG,Split,atk,DRG,1,0,19,elim,2026-05-02 07:10:00,1,VCT 2026: China Stage 1,https://www.vlr.gg/659477/edward-gaming-vs-dragon-ranger-gaming-vct-2026-china-stage-1-ubqf
EDG,Split,atk,DRG,1,0,20,elim,2026-05-02 07:10:00,1,VCT 2026: China Stage 1,https://www.vlr.gg/659477/edward-gaming-vs-dragon-ranger-gaming-vct-2026-china-stage-1-ubqf
EDG,Split,def,DRG,1,0,1,defus,2026-05-02 07:10:00,1,VCT 2026: China Stage 1,https://www.vlr.gg/659477/edward-gaming-vs-dragon-ranger-gaming-vct-2026-china-stage-1-ubqf
EDG,Split,def,DRG,1,0,2,elim,2026-05-02 07:10:00,1,VCT 2026: China Stage 1,https://www.vlr.gg/659477/edward-gaming-vs-dragon-ranger-gaming-vct-2026-china-stage-1-ubqf
EDG,Split,def,DRG,1,0,3,elim,2026-05-02 07:10:00,1,VCT 2026: China Stage 1,https://www.vlr.gg/659477/edward-gaming-vs-dragon-ranger-gaming-vct-2026-china-stage-1-ubqf
EDG,Split,def,DRG,0,1,4,elim,2026-05-02 07:10:00,1,VCT 2026: China Stage 1,https://www.vlr.gg/659477/edward-gaming-vs-dragon-ranger-gaming-vct-2026-china-stage-1-ubqf
EDG,Split,def,DRG,1,0,5,tim,2026-05-02 07:10:00,1,VCT 2026: China Stage 1,https://www.vlr.gg/659477/edward-gaming-vs-dragon-ranger-gaming-vct-2026-china-stage-1-ubqf
EDG,Split,def,DRG,1,0,6,defus,2026-05-02 07:10:00,1,VCT 2026: China Stage 1,https://www.vlr.gg/659477/edward-gaming-vs-dragon-ranger-gaming-vct-2026-china-stage-1-ubqf
EDG,Split,def,DRG,1,0,7,elim,2026-05-02 07:10:00,1,VCT 2026: China Stage 1,https://www.vlr.gg/659477/edward-gaming-vs-dragon-ranger-gaming-vct-2026-china-stage-1-ubqf
EDG,Split,def,DRG,1,0,8,tim,2026-05-02 07:10:00,1,VCT 2026: China Stage 1,https://www.vlr.gg/659477/edward-gaming-vs-dragon-ranger-gaming-vct-2026-china-stage-1-ubqf
EDG,Split,def,DRG,1,0,9,elim,2026-05-02 07:10:00,1,VCT 2026: China Stage 1,https://www.vlr.gg/659477/edward-gaming-vs-dragon-ranger-gaming-vct-2026-china-stage-1-ubqf
EDG,Split,def,DRG,0,1,10,elim,2026-05-02 07:10:00,1,VCT 2026: China Stage 1,https://www.vlr.gg/659477/edward-gaming-vs-dragon-ranger-gaming-vct-2026-china-stage-1-ubqf
EDG,Split,def,DRG,1,0,11,elim,2026-05-02 07:10:00,1,VCT 2026: China Stage 1,https://www.vlr.gg/659477/edward-gaming-vs-dragon-ranger-gaming-vct-2026-china-stage-1-ubqf
EDG,Split,def,DRG,1,0,12,elim,2026-05-02 07:10:00,1,VCT 2026: China Stage 1,https://www.vlr.gg/659477/edward-gaming-vs-dragon-ranger-gaming-vct-2026-china-stage-1-ubqf
EDG,Breeze,atk,DRG,0,1,13,defus,2026-05-02 07:10:00,2,VCT 2026: China Stage 1,https://www.vlr.gg/659477/edward-gaming-vs-dragon-ranger-gaming-vct-2026-china-stage-1-ubqf
EDG,Breeze,atk,DRG,0,1,14,elim,2026-05-02 07:10:00,2,VCT 2026: China Stage 1,https://www.vlr.gg/659477/edward-gaming-vs-dragon-ranger-gaming-vct-2026-china-stage-1-ubqf
EDG,Breeze,atk,DRG,1,0,15,elim,2026-05-02 07:10:00,2,VCT 2026: China Stage 1,https://www.vlr.gg/659477/edward-gaming-vs-dragon-ranger-gaming-vct-2026-china-stage-1-ubqf
EDG,Breeze,atk,DRG,0,1,16,elim,2026-05-02 07:10:00,2,VCT 2026: China Stage 1,https://www.vlr.gg/659477/edward-gaming-vs-dragon-ranger-gaming-vct-2026-china-stage-1-ubqf
EDG,Breeze,atk,DRG,0,1,17,elim,2026-05-02 07:10:00,2,VCT 2026: China Stage 1,https://www.vlr.gg/659477/edward-gaming-vs-dragon-ranger-gaming-vct-2026-china-stage-1-ubqf
EDG,Breeze,atk,DRG,1,0,18,elim,2026-05-02 07:10:00,2,VCT 2026: China Stage 1,https://www.vlr.gg/659477/edward-gaming-vs-dragon-ranger-gaming-vct-2026-china-stage-1-ubqf
EDG,Breeze,atk,DRG,1,0,19,elim,2026-05-02 07:10:00,2,VCT 2026: China Stage 1,https://www.vlr.gg/659477/edward-gaming-vs-dragon-ranger-gaming-vct-2026-china-stage-1-ubqf
EDG,Breeze,atk,DRG,1,0,20,elim,2026-05-02 07:10:00,2,VCT 2026: China Stage 1,https://www.vlr.gg/659477/edward-gaming-vs-dragon-ranger-gaming-vct-2026-china-stage-1-ubqf
EDG,Breeze,def,DRG,1,0,1,elim,2026-05-02 07:10:00,2,VCT 2026: China Stage 1,https://www.vlr.gg/659477/edward-gaming-vs-dragon-ranger-gaming-vct-2026-china-stage-1-ubqf
EDG,Breeze,def,DRG,1,0,2,elim,2026-05-02 07:10:00,2,VCT 2026: China Stage 1,https://www.vlr.gg/659477/edward-gaming-vs-dragon-ranger-gaming-vct-2026-china-stage-1-ubqf
EDG,Breeze,def,DRG,0,1,3,elim,2026-05-02 07:10:00,2,VCT 2026: China Stage 1,https://www.vlr.gg/659477/edward-gaming-vs-dragon-ranger-gaming-vct-2026-china-stage-1-ubqf
EDG,Breeze,def,DRG,0,1,4,boom,2026-05-02 07:10:00,2,VCT 2026: China Stage 1,https://www.vlr.gg/659477/edward-gaming-vs-dragon-ranger-gaming-vct-2026-china-stage-1-ubqf
EDG,Breeze,def,DRG,1,0,5,elim,2026-05-02 07:10:00,2,VCT 2026: China Stage 1,https://www.vlr.gg/659477/edward-gaming-vs-dragon-ranger-gaming-vct-2026-china-stage-1-ubqf
EDG,Breeze,def,DRG,0,1,6,elim,2026-05-02 07:10:00,2,VCT 2026: China Stage 1,https://www.vlr.gg/659477/edward-gaming-vs-dragon-ranger-gaming-vct-2026-china-stage-1-ubqf
EDG,Breeze,def,DRG,1,0,7,defus,2026-05-02 07:10:00,2,VCT 2026: China Stage 1,https://www.vlr.gg/659477/edward-gaming-vs-dragon-ranger-gaming-vct-2026-china-stage-1-ubqf
EDG,Breeze,def,DRG,1,0,8,elim,2026-05-02 07:10:00,2,VCT 2026: China Stage 1,https://www.vlr.gg/659477/edward-gaming-vs-dragon-ranger-gaming-vct-2026-china-stage-1-ubqf
EDG,Breeze,def,DRG,1,0,9,elim,2026-05-02 07:10:00,2,VCT 2026: China Stage 1,https://www.vlr.gg/659477/edward-gaming-vs-dragon-ranger-gaming-vct-2026-china-stage-1-ubqf
EDG,Breeze,def,DRG,1,0,10,elim,2026-05-02 07:10:00,2,VCT 2026: China Stage 1,https://www.vlr.gg/659477/edward-gaming-vs-dragon-ranger-gaming-vct-2026-china-stage-1-ubqf
EDG,Breeze,def,DRG,1,0,11,elim,2026-05-02 07:10:00,2,VCT 2026: China Stage 1,https://www.vlr.gg/659477/edward-gaming-vs-dragon-ranger-gaming-vct-2026-china-stage-1-ubqf
EDG,Breeze,def,DRG,1,0,12,elim,2026-05-02 07:10:00,2,VCT 2026: China Stage 1,https://www.vlr.gg/659477/edward-gaming-vs-dragon-ranger-gaming-vct-2026-china-stage-1-ubqf
TEC,Pearl,atk,TYL,0,1,1,defus,2026-05-03 05:00:00,0,VCT 2026: China Stage 1,https://www.vlr.gg/659482/titan-esports-club-vs-tyloo-vct-2026-china-stage-1-lr1
TEC,Pearl,atk,TYL,1,0,2,elim,2026-05-03 05:00:00,0,VCT 2026: China Stage 1,https://www.vlr.gg/659482/titan-esports-club-vs-tyloo-vct-2026-china-stage-1-lr1
TEC,Pearl,atk,TYL,0,1,3,defus,2026-05-03 05:00:00,0,VCT 2026: China Stage 1,https://www.vlr.gg/659482/titan-esports-club-vs-tyloo-vct-2026-china-stage-1-lr1
TEC,Pearl,atk,TYL,0,1,4,elim,2026-05-03 05:00:00,0,VCT 2026: China Stage 1,https://www.vlr.gg/659482/titan-esports-club-vs-tyloo-vct-2026-china-stage-1-lr1
TEC,Pearl,atk,TYL,0,1,5,elim,2026-05-03 05:00:00,0,VCT 2026: China Stage 1,https://www.vlr.gg/659482/titan-esports-club-vs-tyloo-vct-2026-china-stage-1-lr1
TEC,Pearl,atk,TYL,1,0,6,boom,2026-05-03 05:00:00,0,VCT 2026: China Stage 1,https://www.vlr.gg/659482/titan-esports-club-vs-tyloo-vct-2026-china-stage-1-lr1
TEC,Pearl,atk,TYL,1,0,7,elim,2026-05-03 05:00:00,0,VCT 2026: China Stage 1,https://www.vlr.gg/659482/titan-esports-club-vs-tyloo-vct-2026-china-stage-1-lr1
TEC,Pearl,atk,TYL,1,0,8,elim,2026-05-03 05:00:00,0,VCT 2026: China Stage 1,https://www.vlr.gg/659482/titan-esports-club-vs-tyloo-vct-2026-china-stage-1-lr1
TEC,Pearl,atk,TYL,1,0,9,elim,2026-05-03 05:00:00,0,VCT 2026: China Stage 1,https://www.vlr.gg/659482/titan-esports-club-vs-tyloo-vct-2026-china-stage-1-lr1
TEC,Pearl,atk,TYL,0,1,10,defus,2026-05-03 05:00:00,0,VCT 2026: China Stage 1,https://www.vlr.gg/659482/titan-esports-club-vs-tyloo-vct-2026-china-stage-1-lr1
TEC,Pearl,atk,TYL,1,0,11,elim,2026-05-03 05:00:00,0,VCT 2026: China Stage 1,https://www.vlr.gg/659482/titan-esports-club-vs-tyloo-vct-2026-china-stage-1-lr1
TEC,Pearl,atk,TYL,1,0,12,elim,2026-05-03 05:00:00,0,VCT 2026: China Stage 1,https://www.vlr.gg/659482/titan-esports-club-vs-tyloo-vct-2026-china-stage-1-lr1
TEC,Pearl,def,TYL,0,1,13,elim,2026-05-03 05:00:00,0,VCT 2026: China Stage 1,https://www.vlr.gg/659482/titan-esports-club-vs-tyloo-vct-2026-china-stage-1-lr1
TEC,Pearl,def,TYL,0,1,14,elim,2026-05-03 05:00:00,0,VCT 2026: China Stage 1,https://www.vlr.gg/659482/titan-esports-club-vs-tyloo-vct-2026-china-stage-1-lr1
TEC,Pearl,def,TYL,1,0,15,defus,2026-05-03 05:00:00,0,VCT 2026: China Stage 1,https://www.vlr.gg/659482/titan-esports-club-vs-tyloo-vct-2026-china-stage-1-lr1
TEC,Pearl,def,TYL,1,0,16,elim,2026-05-03 05:00:00,0,VCT 2026: China Stage 1,https://www.vlr.gg/659482/titan-esports-club-vs-tyloo-vct-2026-china-stage-1-lr1
TEC,Pearl,def,TYL,1,0,17,elim,2026-05-03 05:00:00,0,VCT 2026: China Stage 1,https://www.vlr.gg/659482/titan-esports-club-vs-tyloo-vct-2026-china-stage-1-lr1
TEC,Pearl,def,TYL,1,0,18,defus,2026-05-03 05:00:00,0,VCT 2026: China Stage 1,https://www.vlr.gg/659482/titan-esports-club-vs-tyloo-vct-2026-china-stage-1-lr1
TEC,Pearl,def,TYL,0,1,19,elim,2026-05-03 05:00:00,0,VCT 2026: China Stage 1,https://www.vlr.gg/659482/titan-esports-club-vs-tyloo-vct-2026-china-stage-1-lr1
TEC,Pearl,def,TYL,1,0,20,tim,2026-05-03 05:00:00,0,VCT 2026: China Stage 1,https://www.vlr.gg/659482/titan-esports-club-vs-tyloo-vct-2026-china-stage-1-lr1
TEC,Pearl,def,TYL,1,0,21,elim,2026-05-03 05:00:00,0,VCT 2026: China Stage 1,https://www.vlr.gg/659482/titan-esports-club-vs-tyloo-vct-2026-china-stage-1-lr1
TEC,Fracture,atk,TYL,1,0,1,elim,2026-05-03 05:00:00,1,VCT 2026: China Stage 1,https://www.vlr.gg/659482/titan-esports-club-vs-tyloo-vct-2026-china-stage-1-lr1
TEC,Fracture,atk,TYL,0,1,2,elim,2026-05-03 05:00:00,1,VCT 2026: China Stage 1,https://www.vlr.gg/659482/titan-esports-club-vs-tyloo-vct-2026-china-stage-1-lr1
TEC,Fracture,atk,TYL,0,1,3,elim,2026-05-03 05:00:00,1,VCT 2026: China Stage 1,https://www.vlr.gg/659482/titan-esports-club-vs-tyloo-vct-2026-china-stage-1-lr1
TEC,Fracture,atk,TYL,0,1,4,defus,2026-05-03 05:00:00,1,VCT 2026: China Stage 1,https://www.vlr.gg/659482/titan-esports-club-vs-tyloo-vct-2026-china-stage-1-lr1
TEC,Fracture,atk,TYL,0,1,5,elim,2026-05-03 05:00:00,1,VCT 2026: China Stage 1,https://www.vlr.gg/659482/titan-esports-club-vs-tyloo-vct-2026-china-stage-1-lr1
TEC,Fracture,atk,TYL,0,1,6,elim,2026-05-03 05:00:00,1,VCT 2026: China Stage 1,https://www.vlr.gg/659482/titan-esports-club-vs-tyloo-vct-2026-china-stage-1-lr1
TEC,Fracture,atk,TYL,1,0,7,elim,2026-05-03 05:00:00,1,VCT 2026: China Stage 1,https://www.vlr.gg/659482/titan-esports-club-vs-tyloo-vct-2026-china-stage-1-lr1
TEC,Fracture,atk,TYL,0,1,8,defus,2026-05-03 05:00:00,1,VCT 2026: China Stage 1,https://www.vlr.gg/659482/titan-esports-club-vs-tyloo-vct-2026-china-stage-1-lr1
TEC,Fracture,atk,TYL,0,1,9,elim,2026-05-03 05:00:00,1,VCT 2026: China Stage 1,https://www.vlr.gg/659482/titan-esports-club-vs-tyloo-vct-2026-china-stage-1-lr1
TEC,Fracture,atk,TYL,1,0,10,elim,2026-05-03 05:00:00,1,VCT 2026: China Stage 1,https://www.vlr.gg/659482/titan-esports-club-vs-tyloo-vct-2026-china-stage-1-lr1
TEC,Fracture,atk,TYL,0,1,11,defus,2026-05-03 05:00:00,1,VCT 2026: China Stage 1,https://www.vlr.gg/659482/titan-esports-club-vs-tyloo-vct-2026-china-stage-1-lr1
TEC,Fracture,atk,TYL,0,1,12,elim,2026-05-03 05:00:00,1,VCT 2026: China Stage 1,https://www.vlr.gg/659482/titan-esports-club-vs-tyloo-vct-2026-china-stage-1-lr1
TEC,Fracture,def,TYL,0,1,13,elim,2026-05-03 05:00:00,1,VCT 2026: China Stage 1,https://www.vlr.gg/659482/titan-esports-club-vs-tyloo-vct-2026-china-stage-1-lr1
TEC,Fracture,def,TYL,0,1,14,boom,2026-05-03 05:00:00,1,VCT 2026: China Stage 1,https://www.vlr.gg/659482/titan-esports-club-vs-tyloo-vct-2026-china-stage-1-lr1
TEC,Fracture,def,TYL,0,1,15,elim,2026-05-03 05:00:00,1,VCT 2026: China Stage 1,https://www.vlr.gg/659482/titan-esports-club-vs-tyloo-vct-2026-china-stage-1-lr1
TEC,Fracture,def,TYL,1,0,16,defus,2026-05-03 05:00:00,1,VCT 2026: China Stage 1,https://www.vlr.gg/659482/titan-esports-club-vs-tyloo-vct-2026-china-stage-1-lr1
TEC,Fracture,def,TYL,1,0,17,elim,2026-05-03 05:00:00,1,VCT 2026: China Stage 1,https://www.vlr.gg/659482/titan-esports-club-vs-tyloo-vct-2026-china-stage-1-lr1
TEC,Fracture,def,TYL,1,0,18,defus,2026-05-03 05:00:00,1,VCT 2026: China Stage 1,https://www.vlr.gg/659482/titan-esports-club-vs-tyloo-vct-2026-china-stage-1-lr1
TEC,Fracture,def,TYL,1,0,19,elim,2026-05-03 05:00:00,1,VCT 2026: China Stage 1,https://www.vlr.gg/659482/titan-esports-club-vs-tyloo-vct-2026-china-stage-1-lr1
TEC,Fracture,def,TYL,1,0,20,tim,2026-05-03 05:00:00,1,VCT 2026: China Stage 1,https://www.vlr.gg/659482/titan-esports-club-vs-tyloo-vct-2026-china-stage-1-lr1
TEC,Fracture,def,TYL,1,0,21,elim,2026-05-03 05:00:00,1,VCT 2026: China Stage 1,https://www.vlr.gg/659482/titan-esports-club-vs-tyloo-vct-2026-china-stage-1-lr1
TEC,Fracture,def,TYL,0,1,22,boom,2026-05-03 05:00:00,1,VCT 2026: China Stage 1,https://www.vlr.gg/659482/titan-esports-club-vs-tyloo-vct-2026-china-stage-1-lr1
TEC,Split,atk,TYL,0,1,1,defus,2026-05-03 05:00:00,2,VCT 2026: China Stage 1,https://www.vlr.gg/659482/titan-esports-club-vs-tyloo-vct-2026-china-stage-1-lr1
TEC,Split,atk,TYL,0,1,2,defus,2026-05-03 05:00:00,2,VCT 2026: China Stage 1,https://www.vlr.gg/659482/titan-esports-club-vs-tyloo-vct-2026-china-stage-1-lr1
TEC,Split,atk,TYL,1,0,3,elim,2026-05-03 05:00:00,2,VCT 2026: China Stage 1,https://www.vlr.gg/659482/titan-esports-club-vs-tyloo-vct-2026-china-stage-1-lr1
TEC,Split,atk,TYL,0,1,4,elim,2026-05-03 05:00:00,2,VCT 2026: China Stage 1,https://www.vlr.gg/659482/titan-esports-club-vs-tyloo-vct-2026-china-stage-1-lr1
TEC,Split,atk,TYL,0,1,5,defus,2026-05-03 05:00:00,2,VCT 2026: China Stage 1,https://www.vlr.gg/659482/titan-esports-club-vs-tyloo-vct-2026-china-stage-1-lr1
TEC,Split,atk,TYL,0,1,6,defus,2026-05-03 05:00:00,2,VCT 2026: China Stage 1,https://www.vlr.gg/659482/titan-esports-club-vs-tyloo-vct-2026-china-stage-1-lr1
TEC,Split,atk,TYL,0,1,7,defus,2026-05-03 05:00:00,2,VCT 2026: China Stage 1,https://www.vlr.gg/659482/titan-esports-club-vs-tyloo-vct-2026-china-stage-1-lr1
TEC,Split,atk,TYL,1,0,8,elim,2026-05-03 05:00:00,2,VCT 2026: China Stage 1,https://www.vlr.gg/659482/titan-esports-club-vs-tyloo-vct-2026-china-stage-1-lr1
TEC,Split,atk,TYL,0,1,9,defus,2026-05-03 05:00:00,2,VCT 2026: China Stage 1,https://www.vlr.gg/659482/titan-esports-club-vs-tyloo-vct-2026-china-stage-1-lr1
TEC,Split,atk,TYL,0,1,10,defus,2026-05-03 05:00:00,2,VCT 2026: China Stage 1,https://www.vlr.gg/659482/titan-esports-club-vs-tyloo-vct-2026-china-stage-1-lr1
TEC,Split,atk,TYL,1,0,11,elim,2026-05-03 05:00:00,2,VCT 2026: China Stage 1,https://www.vlr.gg/659482/titan-esports-club-vs-tyloo-vct-2026-china-stage-1-lr1
TEC,Split,atk,TYL,0,1,12,elim,2026-05-03 05:00:00,2,VCT 2026: China Stage 1,https://www.vlr.gg/659482/titan-esports-club-vs-tyloo-vct-2026-china-stage-1-lr1
TEC,Split,def,TYL,1,0,13,defus,2026-05-03 05:00:00,2,VCT 2026: China Stage 1,https://www.vlr.gg/659482/titan-esports-club-vs-tyloo-vct-2026-china-stage-1-lr1
TEC,Split,def,TYL,1,0,14,elim,2026-05-03 05:00:00,2,VCT 2026: China Stage 1,https://www.vlr.gg/659482/titan-esports-club-vs-tyloo-vct-2026-china-stage-1-lr1
TEC,Split,def,TYL,0,1,15,boom,2026-05-03 05:00:00,2,VCT 2026: China Stage 1,https://www.vlr.gg/659482/titan-esports-club-vs-tyloo-vct-2026-china-stage-1-lr1
TEC,Split,def,TYL,0,1,16,boom,2026-05-03 05:00:00,2,VCT 2026: China Stage 1,https://www.vlr.gg/659482/titan-esports-club-vs-tyloo-vct-2026-china-stage-1-lr1
TEC,Split,def,TYL,1,0,17,elim,2026-05-03 05:00:00,2,VCT 2026: China Stage 1,https://www.vlr.gg/659482/titan-esports-club-vs-tyloo-vct-2026-china-stage-1-lr1
TEC,Split,def,TYL,1,0,18,elim,2026-05-03 05:00:00,2,VCT 2026: China Stage 1,https://www.vlr.gg/659482/titan-esports-club-vs-tyloo-vct-2026-china-stage-1-lr1
TEC,Split,def,TYL,1,0,19,elim,2026-05-03 05:00:00,2,VCT 2026: China Stage 1,https://www.vlr.gg/659482/titan-esports-club-vs-tyloo-vct-2026-china-stage-1-lr1
TEC,Split,def,TYL,0,1,20,elim,2026-05-03 05:00:00,2,VCT 2026: China Stage 1,https://www.vlr.gg/659482/titan-esports-club-vs-tyloo-vct-2026-china-stage-1-lr1
TEC,Split,def,TYL,1,0,21,defus,2026-05-03 05:00:00,2,VCT 2026: China Stage 1,https://www.vlr.gg/659482/titan-esports-club-vs-tyloo-vct-2026-china-stage-1-lr1
TEC,Split,def,TYL,1,0,22,elim,2026-05-03 05:00:00,2,VCT 2026: China Stage 1,https://www.vlr.gg/659482/titan-esports-club-vs-tyloo-vct-2026-china-stage-1-lr1
TEC,Split,def,TYL,1,0,23,elim,2026-05-03 05:00:00,2,VCT 2026: China Stage 1,https://www.vlr.gg/659482/titan-esports-club-vs-tyloo-vct-2026-china-stage-1-lr1
TEC,Split,def,TYL,0,1,24,elim,2026-05-03 05:00:00,2,VCT 2026: China Stage 1,https://www.vlr.gg/659482/titan-esports-club-vs-tyloo-vct-2026-china-stage-1-lr1
TE,Ascent,atk,DRG,0,1,1,defus,2026-05-03 08:30:00,0,VCT 2026: China Stage 1,https://www.vlr.gg/659483/trace-esports-vs-dragon-ranger-gaming-vct-2026-china-stage-1-lr1
TE,Ascent,atk,DRG,0,1,2,elim,2026-05-03 08:30:00,0,VCT 2026: China Stage 1,https://www.vlr.gg/659483/trace-esports-vs-dragon-ranger-gaming-vct-2026-china-stage-1-lr1
TE,Ascent,atk,DRG,0,1,3,defus,2026-05-03 08:30:00,0,VCT 2026: China Stage 1,https://www.vlr.gg/659483/trace-esports-vs-dragon-ranger-gaming-vct-2026-china-stage-1-lr1
TE,Ascent,atk,DRG,0,1,4,elim,2026-05-03 08:30:00,0,VCT 2026: China Stage 1,https://www.vlr.gg/659483/trace-esports-vs-dragon-ranger-gaming-vct-2026-china-stage-1-lr1
TE,Ascent,atk,DRG,1,0,5,elim,2026-05-03 08:30:00,0,VCT 2026: China Stage 1,https://www.vlr.gg/659483/trace-esports-vs-dragon-ranger-gaming-vct-2026-china-stage-1-lr1
TE,Ascent,atk,DRG,0,1,6,elim,2026-05-03 08:30:00,0,VCT 2026: China Stage 1,https://www.vlr.gg/659483/trace-esports-vs-dragon-ranger-gaming-vct-2026-china-stage-1-lr1
TE,Ascent,atk,DRG,0,1,7,elim,2026-05-03 08:30:00,0,VCT 2026: China Stage 1,https://www.vlr.gg/659483/trace-esports-vs-dragon-ranger-gaming-vct-2026-china-stage-1-lr1
TE,Ascent,atk,DRG,1,0,8,elim,2026-05-03 08:30:00,0,VCT 2026: China Stage 1,https://www.vlr.gg/659483/trace-esports-vs-dragon-ranger-gaming-vct-2026-china-stage-1-lr1
TE,Ascent,atk,DRG,0,1,9,elim,2026-05-03 08:30:00,0,VCT 2026: China Stage 1,https://www.vlr.gg/659483/trace-esports-vs-dragon-ranger-gaming-vct-2026-china-stage-1-lr1
TE,Ascent,atk,DRG,0,1,10,elim,2026-05-03 08:30:00,0,VCT 2026: China Stage 1,https://www.vlr.gg/659483/trace-esports-vs-dragon-ranger-gaming-vct-2026-china-stage-1-lr1
TE,Ascent,atk,DRG,0,1,11,elim,2026-05-03 08:30:00,0,VCT 2026: China Stage 1,https://www.vlr.gg/659483/trace-esports-vs-dragon-ranger-gaming-vct-2026-china-stage-1-lr1
TE,Ascent,atk,DRG,0,1,12,defus,2026-05-03 08:30:00,0,VCT 2026: China Stage 1,https://www.vlr.gg/659483/trace-esports-vs-dragon-ranger-gaming-vct-2026-china-stage-1-lr1
TE,Ascent,def,DRG,1,0,13,elim,2026-05-03 08:30:00,0,VCT 2026: China Stage 1,https://www.vlr.gg/659483/trace-esports-vs-dragon-ranger-gaming-vct-2026-china-stage-1-lr1
TE,Ascent,def,DRG,1,0,14,elim,2026-05-03 08:30:00,0,VCT 2026: China Stage 1,https://www.vlr.gg/659483/trace-esports-vs-dragon-ranger-gaming-vct-2026-china-stage-1-lr1
TE,Ascent,def,DRG,1,0,15,defus,2026-05-03 08:30:00,0,VCT 2026: China Stage 1,https://www.vlr.gg/659483/trace-esports-vs-dragon-ranger-gaming-vct-2026-china-stage-1-lr1
TE,Ascent,def,DRG,0,1,16,elim,2026-05-03 08:30:00,0,VCT 2026: China Stage 1,https://www.vlr.gg/659483/trace-esports-vs-dragon-ranger-gaming-vct-2026-china-stage-1-lr1
TE,Ascent,def,DRG,1,0,17,elim,2026-05-03 08:30:00,0,VCT 2026: China Stage 1,https://www.vlr.gg/659483/trace-esports-vs-dragon-ranger-gaming-vct-2026-china-stage-1-lr1
TE,Ascent,def,DRG,1,0,18,elim,2026-05-03 08:30:00,0,VCT 2026: China Stage 1,https://www.vlr.gg/659483/trace-esports-vs-dragon-ranger-gaming-vct-2026-china-stage-1-lr1
TE,Ascent,def,DRG,0,1,19,boom,2026-05-03 08:30:00,0,VCT 2026: China Stage 1,https://www.vlr.gg/659483/trace-esports-vs-dragon-ranger-gaming-vct-2026-china-stage-1-lr1
TE,Ascent,def,DRG,0,1,20,elim,2026-05-03 08:30:00,0,VCT 2026: China Stage 1,https://www.vlr.gg/659483/trace-esports-vs-dragon-ranger-gaming-vct-2026-china-stage-1-lr1
TE,Lotus,atk,DRG,0,1,1,elim,2026-05-03 08:30:00,1,VCT 2026: China Stage 1,https://www.vlr.gg/659483/trace-esports-vs-dragon-ranger-gaming-vct-2026-china-stage-1-lr1
TE,Lotus,atk,DRG,0,1,2,elim,2026-05-03 08:30:00,1,VCT 2026: China Stage 1,https://www.vlr.gg/659483/trace-esports-vs-dragon-ranger-gaming-vct-2026-china-stage-1-lr1
TE,Lotus,atk,DRG,1,0,3,elim,2026-05-03 08:30:00,1,VCT 2026: China Stage 1,https://www.vlr.gg/659483/trace-esports-vs-dragon-ranger-gaming-vct-2026-china-stage-1-lr1
TE,Lotus,atk,DRG,1,0,4,elim,2026-05-03 08:30:00,1,VCT 2026: China Stage 1,https://www.vlr.gg/659483/trace-esports-vs-dragon-ranger-gaming-vct-2026-china-stage-1-lr1
TE,Lotus,atk,DRG,0,1,5,defus,2026-05-03 08:30:00,1,VCT 2026: China Stage 1,https://www.vlr.gg/659483/trace-esports-vs-dragon-ranger-gaming-vct-2026-china-stage-1-lr1
TE,Lotus,atk,DRG,1,0,6,boom,2026-05-03 08:30:00,1,VCT 2026: China Stage 1,https://www.vlr.gg/659483/trace-esports-vs-dragon-ranger-gaming-vct-2026-china-stage-1-lr1
TE,Lotus,atk,DRG,1,0,7,elim,2026-05-03 08:30:00,1,VCT 2026: China Stage 1,https://www.vlr.gg/659483/trace-esports-vs-dragon-ranger-gaming-vct-2026-china-stage-1-lr1
TE,Lotus,atk,DRG,1,0,8,elim,2026-05-03 08:30:00,1,VCT 2026: China Stage 1,https://www.vlr.gg/659483/trace-esports-vs-dragon-ranger-gaming-vct-2026-china-stage-1-lr1
TE,Lotus,atk,DRG,1,0,9,elim,2026-05-03 08:30:00,1,VCT 2026: China Stage 1,https://www.vlr.gg/659483/trace-esports-vs-dragon-ranger-gaming-vct-2026-china-stage-1-lr1
TE,Lotus,atk,DRG,0,1,10,defus,2026-05-03 08:30:00,1,VCT 2026: China Stage 1,https://www.vlr.gg/659483/trace-esports-vs-dragon-ranger-gaming-vct-2026-china-stage-1-lr1
TE,Lotus,atk,DRG,0,1,11,defus,2026-05-03 08:30:00,1,VCT 2026: China Stage 1,https://www.vlr.gg/659483/trace-esports-vs-dragon-ranger-gaming-vct-2026-china-stage-1-lr1
TE,Lotus,atk,DRG,0,1,12,defus,2026-05-03 08:30:00,1,VCT 2026: China Stage 1,https://www.vlr.gg/659483/trace-esports-vs-dragon-ranger-gaming-vct-2026-china-stage-1-lr1
TE,Lotus,def,DRG,0,1,13,elim,2026-05-03 08:30:00,1,VCT 2026: China Stage 1,https://www.vlr.gg/659483/trace-esports-vs-dragon-ranger-gaming-vct-2026-china-stage-1-lr1
TE,Lotus,def,DRG,0,1,14,elim,2026-05-03 08:30:00,1,VCT 2026: China Stage 1,https://www.vlr.gg/659483/trace-esports-vs-dragon-ranger-gaming-vct-2026-china-stage-1-lr1
TE,Lotus,def,DRG,0,1,15,elim,2026-05-03 08:30:00,1,VCT 2026: China Stage 1,https://www.vlr.gg/659483/trace-esports-vs-dragon-ranger-gaming-vct-2026-china-stage-1-lr1
TE,Lotus,def,DRG,0,1,16,elim,2026-05-03 08:30:00,1,VCT 2026: China Stage 1,https://www.vlr.gg/659483/trace-esports-vs-dragon-ranger-gaming-vct-2026-china-stage-1-lr1
TE,Lotus,def,DRG,0,1,17,elim,2026-05-03 08:30:00,1,VCT 2026: China Stage 1,https://www.vlr.gg/659483/trace-esports-vs-dragon-ranger-gaming-vct-2026-china-stage-1-lr1
TE,Lotus,def,DRG,0,1,18,elim,2026-05-03 08:30:00,1,VCT 2026: China Stage 1,https://www.vlr.gg/659483/trace-esports-vs-dragon-ranger-gaming-vct-2026-china-stage-1-lr1
TE,Lotus,def,DRG,0,1,19,elim,2026-05-03 08:30:00,1,VCT 2026: China Stage 1,https://www.vlr.gg/659483/trace-esports-vs-dragon-ranger-gaming-vct-2026-china-stage-1-lr1
XLG,Lotus,atk,JDG,1,0,1,elim,2026-05-04 05:00:00,0,VCT 2026: China Stage 1,https://www.vlr.gg/659478/xi-lai-gaming-vs-jdg-esports-vct-2026-china-stage-1-ubsf
XLG,Lotus,atk,JDG,1,0,2,elim,2026-05-04 05:00:00,0,VCT 2026: China Stage 1,https://www.vlr.gg/659478/xi-lai-gaming-vs-jdg-esports-vct-2026-china-stage-1-ubsf
XLG,Lotus,atk,JDG,1,0,3,boom,2026-05-04 05:00:00,0,VCT 2026: China Stage 1,https://www.vlr.gg/659478/xi-lai-gaming-vs-jdg-esports-vct-2026-china-stage-1-ubsf
XLG,Lotus,atk,JDG,1,0,4,elim,2026-05-04 05:00:00,0,VCT 2026: China Stage 1,https://www.vlr.gg/659478/xi-lai-gaming-vs-jdg-esports-vct-2026-china-stage-1-ubsf
XLG,Lotus,atk,JDG,1,0,5,elim,2026-05-04 05:00:00,0,VCT 2026: China Stage 1,https://www.vlr.gg/659478/xi-lai-gaming-vs-jdg-esports-vct-2026-china-stage-1-ubsf
XLG,Lotus,atk,JDG,1,0,6,elim,2026-05-04 05:00:00,0,VCT 2026: China Stage 1,https://www.vlr.gg/659478/xi-lai-gaming-vs-jdg-esports-vct-2026-china-stage-1-ubsf
XLG,Lotus,atk,JDG,1,0,7,elim,2026-05-04 05:00:00,0,VCT 2026: China Stage 1,https://www.vlr.gg/659478/xi-lai-gaming-vs-jdg-esports-vct-2026-china-stage-1-ubsf
XLG,Lotus,atk,JDG,1,0,8,elim,2026-05-04 05:00:00,0,VCT 2026: China Stage 1,https://www.vlr.gg/659478/xi-lai-gaming-vs-jdg-esports-vct-2026-china-stage-1-ubsf
XLG,Lotus,atk,JDG,1,0,9,boom,2026-05-04 05:00:00,0,VCT 2026: China Stage 1,https://www.vlr.gg/659478/xi-lai-gaming-vs-jdg-esports-vct-2026-china-stage-1-ubsf
XLG,Lotus,atk,JDG,1,0,10,elim,2026-05-04 05:00:00,0,VCT 2026: China Stage 1,https://www.vlr.gg/659478/xi-lai-gaming-vs-jdg-esports-vct-2026-china-stage-1-ubsf
XLG,Lotus,atk,JDG,1,0,11,elim,2026-05-04 05:00:00,0,VCT 2026: China Stage 1,https://www.vlr.gg/659478/xi-lai-gaming-vs-jdg-esports-vct-2026-china-stage-1-ubsf
XLG,Lotus,atk,JDG,1,0,12,elim,2026-05-04 05:00:00,0,VCT 2026: China Stage 1,https://www.vlr.gg/659478/xi-lai-gaming-vs-jdg-esports-vct-2026-china-stage-1-ubsf
XLG,Lotus,def,JDG,1,0,13,elim,2026-05-04 05:00:00,0,VCT 2026: China Stage 1,https://www.vlr.gg/659478/xi-lai-gaming-vs-jdg-esports-vct-2026-china-stage-1-ubsf
XLG,Pearl,atk,JDG,1,0,13,elim,2026-05-04 05:00:00,1,VCT 2026: China Stage 1,https://www.vlr.gg/659478/xi-lai-gaming-vs-jdg-esports-vct-2026-china-stage-1-ubsf
XLG,Pearl,atk,JDG,1,0,14,elim,2026-05-04 05:00:00,1,VCT 2026: China Stage 1,https://www.vlr.gg/659478/xi-lai-gaming-vs-jdg-esports-vct-2026-china-stage-1-ubsf
XLG,Pearl,atk,JDG,0,1,15,elim,2026-05-04 05:00:00,1,VCT 2026: China Stage 1,https://www.vlr.gg/659478/xi-lai-gaming-vs-jdg-esports-vct-2026-china-stage-1-ubsf
XLG,Pearl,atk,JDG,1,0,16,elim,2026-05-04 05:00:00,1,VCT 2026: China Stage 1,https://www.vlr.gg/659478/xi-lai-gaming-vs-jdg-esports-vct-2026-china-stage-1-ubsf
XLG,Pearl,atk,JDG,1,0,17,elim,2026-05-04 05:00:00,1,VCT 2026: China Stage 1,https://www.vlr.gg/659478/xi-lai-gaming-vs-jdg-esports-vct-2026-china-stage-1-ubsf
XLG,Pearl,atk,JDG,1,0,18,elim,2026-05-04 05:00:00,1,VCT 2026: China Stage 1,https://www.vlr.gg/659478/xi-lai-gaming-vs-jdg-esports-vct-2026-china-stage-1-ubsf
XLG,Pearl,def,JDG,1,0,1,elim,2026-05-04 05:00:00,1,VCT 2026: China Stage 1,https://www.vlr.gg/659478/xi-lai-gaming-vs-jdg-esports-vct-2026-china-stage-1-ubsf
XLG,Pearl,def,JDG,1,0,2,elim,2026-05-04 05:00:00,1,VCT 2026: China Stage 1,https://www.vlr.gg/659478/xi-lai-gaming-vs-jdg-esports-vct-2026-china-stage-1-ubsf
XLG,Pearl,def,JDG,0,1,3,elim,2026-05-04 05:00:00,1,VCT 2026: China Stage 1,https://www.vlr.gg/659478/xi-lai-gaming-vs-jdg-esports-vct-2026-china-stage-1-ubsf
XLG,Pearl,def,JDG,1,0,4,elim,2026-05-04 05:00:00,1,VCT 2026: China Stage 1,https://www.vlr.gg/659478/xi-lai-gaming-vs-jdg-esports-vct-2026-china-stage-1-ubsf
XLG,Pearl,def,JDG,1,0,5,elim,2026-05-04 05:00:00,1,VCT 2026: China Stage 1,https://www.vlr.gg/659478/xi-lai-gaming-vs-jdg-esports-vct-2026-china-stage-1-ubsf
XLG,Pearl,def,JDG,1,0,6,defus,2026-05-04 05:00:00,1,VCT 2026: China Stage 1,https://www.vlr.gg/659478/xi-lai-gaming-vs-jdg-esports-vct-2026-china-stage-1-ubsf
XLG,Pearl,def,JDG,1,0,7,elim,2026-05-04 05:00:00,1,VCT 2026: China Stage 1,https://www.vlr.gg/659478/xi-lai-gaming-vs-jdg-esports-vct-2026-china-stage-1-ubsf
XLG,Pearl,def,JDG,0,1,8,elim,2026-05-04 05:00:00,1,VCT 2026: China Stage 1,https://www.vlr.gg/659478/xi-lai-gaming-vs-jdg-esports-vct-2026-china-stage-1-ubsf
XLG,Pearl,def,JDG,0,1,9,elim,2026-05-04 05:00:00,1,VCT 2026: China Stage 1,https://www.vlr.gg/659478/xi-lai-gaming-vs-jdg-esports-vct-2026-china-stage-1-ubsf
XLG,Pearl,def,JDG,1,0,10,defus,2026-05-04 05:00:00,1,VCT 2026: China Stage 1,https://www.vlr.gg/659478/xi-lai-gaming-vs-jdg-esports-vct-2026-china-stage-1-ubsf
XLG,Pearl,def,JDG,1,0,11,elim,2026-05-04 05:00:00,1,VCT 2026: China Stage 1,https://www.vlr.gg/659478/xi-lai-gaming-vs-jdg-esports-vct-2026-china-stage-1-ubsf
XLG,Pearl,def,JDG,0,1,12,elim,2026-05-04 05:00:00,1,VCT 2026: China Stage 1,https://www.vlr.gg/659478/xi-lai-gaming-vs-jdg-esports-vct-2026-china-stage-1-ubsf
AG,Fracture,atk,EDG,1,0,1,elim,2026-05-04 07:00:00,0,VCT 2026: China Stage 1,https://www.vlr.gg/659479/all-gamers-vs-edward-gaming-vct-2026-china-stage-1-ubsf
AG,Fracture,atk,EDG,1,0,2,elim,2026-05-04 07:00:00,0,VCT 2026: China Stage 1,https://www.vlr.gg/659479/all-gamers-vs-edward-gaming-vct-2026-china-stage-1-ubsf
AG,Fracture,atk,EDG,1,0,3,elim,2026-05-04 07:00:00,0,VCT 2026: China Stage 1,https://www.vlr.gg/659479/all-gamers-vs-edward-gaming-vct-2026-china-stage-1-ubsf
AG,Fracture,atk,EDG,1,0,4,elim,2026-05-04 07:00:00,0,VCT 2026: China Stage 1,https://www.vlr.gg/659479/all-gamers-vs-edward-gaming-vct-2026-china-stage-1-ubsf
AG,Fracture,atk,EDG,0,1,5,elim,2026-05-04 07:00:00,0,VCT 2026: China Stage 1,https://www.vlr.gg/659479/all-gamers-vs-edward-gaming-vct-2026-china-stage-1-ubsf
AG,Fracture,atk,EDG,0,1,6,elim,2026-05-04 07:00:00,0,VCT 2026: China Stage 1,https://www.vlr.gg/659479/all-gamers-vs-edward-gaming-vct-2026-china-stage-1-ubsf
AG,Fracture,atk,EDG,0,1,7,elim,2026-05-04 07:00:00,0,VCT 2026: China Stage 1,https://www.vlr.gg/659479/all-gamers-vs-edward-gaming-vct-2026-china-stage-1-ubsf
AG,Fracture,atk,EDG,1,0,8,elim,2026-05-04 07:00:00,0,VCT 2026: China Stage 1,https://www.vlr.gg/659479/all-gamers-vs-edward-gaming-vct-2026-china-stage-1-ubsf
AG,Fracture,atk,EDG,0,1,9,elim,2026-05-04 07:00:00,0,VCT 2026: China Stage 1,https://www.vlr.gg/659479/all-gamers-vs-edward-gaming-vct-2026-china-stage-1-ubsf
AG,Fracture,atk,EDG,0,1,10,elim,2026-05-04 07:00:00,0,VCT 2026: China Stage 1,https://www.vlr.gg/659479/all-gamers-vs-edward-gaming-vct-2026-china-stage-1-ubsf
AG,Fracture,atk,EDG,1,0,11,boom,2026-05-04 07:00:00,0,VCT 2026: China Stage 1,https://www.vlr.gg/659479/all-gamers-vs-edward-gaming-vct-2026-china-stage-1-ubsf
AG,Fracture,atk,EDG,1,0,12,elim,2026-05-04 07:00:00,0,VCT 2026: China Stage 1,https://www.vlr.gg/659479/all-gamers-vs-edward-gaming-vct-2026-china-stage-1-ubsf
AG,Fracture,def,EDG,0,1,13,elim,2026-05-04 07:00:00,0,VCT 2026: China Stage 1,https://www.vlr.gg/659479/all-gamers-vs-edward-gaming-vct-2026-china-stage-1-ubsf
AG,Fracture,def,EDG,0,1,14,boom,2026-05-04 07:00:00,0,VCT 2026: China Stage 1,https://www.vlr.gg/659479/all-gamers-vs-edward-gaming-vct-2026-china-stage-1-ubsf
AG,Fracture,def,EDG,0,1,15,boom,2026-05-04 07:00:00,0,VCT 2026: China Stage 1,https://www.vlr.gg/659479/all-gamers-vs-edward-gaming-vct-2026-china-stage-1-ubsf
AG,Fracture,def,EDG,0,1,16,elim,2026-05-04 07:00:00,0,VCT 2026: China Stage 1,https://www.vlr.gg/659479/all-gamers-vs-edward-gaming-vct-2026-china-stage-1-ubsf
AG,Fracture,def,EDG,0,1,17,elim,2026-05-04 07:00:00,0,VCT 2026: China Stage 1,https://www.vlr.gg/659479/all-gamers-vs-edward-gaming-vct-2026-china-stage-1-ubsf
AG,Fracture,def,EDG,0,1,18,boom,2026-05-04 07:00:00,0,VCT 2026: China Stage 1,https://www.vlr.gg/659479/all-gamers-vs-edward-gaming-vct-2026-china-stage-1-ubsf
AG,Fracture,def,EDG,0,1,19,elim,2026-05-04 07:00:00,0,VCT 2026: China Stage 1,https://www.vlr.gg/659479/all-gamers-vs-edward-gaming-vct-2026-china-stage-1-ubsf
AG,Fracture,def,EDG,0,1,20,elim,2026-05-04 07:00:00,0,VCT 2026: China Stage 1,https://www.vlr.gg/659479/all-gamers-vs-edward-gaming-vct-2026-china-stage-1-ubsf
AG,Lotus,atk,EDG,0,1,13,defus,2026-05-04 07:00:00,1,VCT 2026: China Stage 1,https://www.vlr.gg/659479/all-gamers-vs-edward-gaming-vct-2026-china-stage-1-ubsf
AG,Lotus,atk,EDG,1,0,14,elim,2026-05-04 07:00:00,1,VCT 2026: China Stage 1,https://www.vlr.gg/659479/all-gamers-vs-edward-gaming-vct-2026-china-stage-1-ubsf
AG,Lotus,atk,EDG,1,0,15,elim,2026-05-04 07:00:00,1,VCT 2026: China Stage 1,https://www.vlr.gg/659479/all-gamers-vs-edward-gaming-vct-2026-china-stage-1-ubsf
AG,Lotus,atk,EDG,1,0,16,elim,2026-05-04 07:00:00,1,VCT 2026: China Stage 1,https://www.vlr.gg/659479/all-gamers-vs-edward-gaming-vct-2026-china-stage-1-ubsf
AG,Lotus,atk,EDG,1,0,17,boom,2026-05-04 07:00:00,1,VCT 2026: China Stage 1,https://www.vlr.gg/659479/all-gamers-vs-edward-gaming-vct-2026-china-stage-1-ubsf
AG,Lotus,atk,EDG,0,1,18,elim,2026-05-04 07:00:00,1,VCT 2026: China Stage 1,https://www.vlr.gg/659479/all-gamers-vs-edward-gaming-vct-2026-china-stage-1-ubsf
AG,Lotus,atk,EDG,0,1,19,elim,2026-05-04 07:00:00,1,VCT 2026: China Stage 1,https://www.vlr.gg/659479/all-gamers-vs-edward-gaming-vct-2026-china-stage-1-ubsf
AG,Lotus,def,EDG,0,1,1,elim,2026-05-04 07:00:00,1,VCT 2026: China Stage 1,https://www.vlr.gg/659479/all-gamers-vs-edward-gaming-vct-2026-china-stage-1-ubsf
AG,Lotus,def,EDG,0,1,2,elim,2026-05-04 07:00:00,1,VCT 2026: China Stage 1,https://www.vlr.gg/659479/all-gamers-vs-edward-gaming-vct-2026-china-stage-1-ubsf
AG,Lotus,def,EDG,0,1,3,boom,2026-05-04 07:00:00,1,VCT 2026: China Stage 1,https://www.vlr.gg/659479/all-gamers-vs-edward-gaming-vct-2026-china-stage-1-ubsf
AG,Lotus,def,EDG,0,1,4,elim,2026-05-04 07:00:00,1,VCT 2026: China Stage 1,https://www.vlr.gg/659479/all-gamers-vs-edward-gaming-vct-2026-china-stage-1-ubsf
AG,Lotus,def,EDG,0,1,5,elim,2026-05-04 07:00:00,1,VCT 2026: China Stage 1,https://www.vlr.gg/659479/all-gamers-vs-edward-gaming-vct-2026-china-stage-1-ubsf
AG,Lotus,def,EDG,0,1,6,boom,2026-05-04 07:00:00,1,VCT 2026: China Stage 1,https://www.vlr.gg/659479/all-gamers-vs-edward-gaming-vct-2026-china-stage-1-ubsf
AG,Lotus,def,EDG,1,0,7,defus,2026-05-04 07:00:00,1,VCT 2026: China Stage 1,https://www.vlr.gg/659479/all-gamers-vs-edward-gaming-vct-2026-china-stage-1-ubsf
AG,Lotus,def,EDG,0,1,8,elim,2026-05-04 07:00:00,1,VCT 2026: China Stage 1,https://www.vlr.gg/659479/all-gamers-vs-edward-gaming-vct-2026-china-stage-1-ubsf
AG,Lotus,def,EDG,1,0,9,defus,2026-05-04 07:00:00,1,VCT 2026: China Stage 1,https://www.vlr.gg/659479/all-gamers-vs-edward-gaming-vct-2026-china-stage-1-ubsf
AG,Lotus,def,EDG,0,1,10,elim,2026-05-04 07:00:00,1,VCT 2026: China Stage 1,https://www.vlr.gg/659479/all-gamers-vs-edward-gaming-vct-2026-china-stage-1-ubsf
AG,Lotus,def,EDG,0,1,11,elim,2026-05-04 07:00:00,1,VCT 2026: China Stage 1,https://www.vlr.gg/659479/all-gamers-vs-edward-gaming-vct-2026-china-stage-1-ubsf
AG,Lotus,def,EDG,0,1,12,elim,2026-05-04 07:00:00,1,VCT 2026: China Stage 1,https://www.vlr.gg/659479/all-gamers-vs-edward-gaming-vct-2026-china-stage-1-ubsf
JDG,Haven,atk,DRG,1,0,1,elim,2026-05-05 05:00:00,0,VCT 2026: China Stage 1,https://www.vlr.gg/659485/jdg-esports-vs-dragon-ranger-gaming-vct-2026-china-stage-1-lr2
JDG,Haven,atk,DRG,1,0,2,elim,2026-05-05 05:00:00,0,VCT 2026: China Stage 1,https://www.vlr.gg/659485/jdg-esports-vs-dragon-ranger-gaming-vct-2026-china-stage-1-lr2
JDG,Haven,atk,DRG,0,1,3,defus,2026-05-05 05:00:00,0,VCT 2026: China Stage 1,https://www.vlr.gg/659485/jdg-esports-vs-dragon-ranger-gaming-vct-2026-china-stage-1-lr2
JDG,Haven,atk,DRG,1,0,4,elim,2026-05-05 05:00:00,0,VCT 2026: China Stage 1,https://www.vlr.gg/659485/jdg-esports-vs-dragon-ranger-gaming-vct-2026-china-stage-1-lr2
JDG,Haven,atk,DRG,1,0,5,elim,2026-05-05 05:00:00,0,VCT 2026: China Stage 1,https://www.vlr.gg/659485/jdg-esports-vs-dragon-ranger-gaming-vct-2026-china-stage-1-lr2
JDG,Haven,atk,DRG,1,0,6,elim,2026-05-05 05:00:00,0,VCT 2026: China Stage 1,https://www.vlr.gg/659485/jdg-esports-vs-dragon-ranger-gaming-vct-2026-china-stage-1-lr2
JDG,Haven,atk,DRG,1,0,7,elim,2026-05-05 05:00:00,0,VCT 2026: China Stage 1,https://www.vlr.gg/659485/jdg-esports-vs-dragon-ranger-gaming-vct-2026-china-stage-1-lr2
JDG,Haven,atk,DRG,0,1,8,defus,2026-05-05 05:00:00,0,VCT 2026: China Stage 1,https://www.vlr.gg/659485/jdg-esports-vs-dragon-ranger-gaming-vct-2026-china-stage-1-lr2
JDG,Haven,atk,DRG,1,0,9,elim,2026-05-05 05:00:00,0,VCT 2026: China Stage 1,https://www.vlr.gg/659485/jdg-esports-vs-dragon-ranger-gaming-vct-2026-china-stage-1-lr2
JDG,Haven,atk,DRG,0,1,10,elim,2026-05-05 05:00:00,0,VCT 2026: China Stage 1,https://www.vlr.gg/659485/jdg-esports-vs-dragon-ranger-gaming-vct-2026-china-stage-1-lr2
JDG,Haven,atk,DRG,0,1,11,defus,2026-05-05 05:00:00,0,VCT 2026: China Stage 1,https://www.vlr.gg/659485/jdg-esports-vs-dragon-ranger-gaming-vct-2026-china-stage-1-lr2
JDG,Haven,atk,DRG,1,0,12,elim,2026-05-05 05:00:00,0,VCT 2026: China Stage 1,https://www.vlr.gg/659485/jdg-esports-vs-dragon-ranger-gaming-vct-2026-china-stage-1-lr2
JDG,Haven,def,DRG,1,0,13,defus,2026-05-05 05:00:00,0,VCT 2026: China Stage 1,https://www.vlr.gg/659485/jdg-esports-vs-dragon-ranger-gaming-vct-2026-china-stage-1-lr2
JDG,Haven,def,DRG,0,1,14,elim,2026-05-05 05:00:00,0,VCT 2026: China Stage 1,https://www.vlr.gg/659485/jdg-esports-vs-dragon-ranger-gaming-vct-2026-china-stage-1-lr2
JDG,Haven,def,DRG,0,1,15,elim,2026-05-05 05:00:00,0,VCT 2026: China Stage 1,https://www.vlr.gg/659485/jdg-esports-vs-dragon-ranger-gaming-vct-2026-china-stage-1-lr2
JDG,Haven,def,DRG,0,1,16,elim,2026-05-05 05:00:00,0,VCT 2026: China Stage 1,https://www.vlr.gg/659485/jdg-esports-vs-dragon-ranger-gaming-vct-2026-china-stage-1-lr2
JDG,Haven,def,DRG,0,1,17,elim,2026-05-05 05:00:00,0,VCT 2026: China Stage 1,https://www.vlr.gg/659485/jdg-esports-vs-dragon-ranger-gaming-vct-2026-china-stage-1-lr2
JDG,Haven,def,DRG,0,1,18,boom,2026-05-05 05:00:00,0,VCT 2026: China Stage 1,https://www.vlr.gg/659485/jdg-esports-vs-dragon-ranger-gaming-vct-2026-china-stage-1-lr2
JDG,Haven,def,DRG,0,1,19,boom,2026-05-05 05:00:00,0,VCT 2026: China Stage 1,https://www.vlr.gg/659485/jdg-esports-vs-dragon-ranger-gaming-vct-2026-china-stage-1-lr2
JDG,Haven,def,DRG,0,1,20,elim,2026-05-05 05:00:00,0,VCT 2026: China Stage 1,https://www.vlr.gg/659485/jdg-esports-vs-dragon-ranger-gaming-vct-2026-china-stage-1-lr2
JDG,Haven,def,DRG,0,1,21,elim,2026-05-05 05:00:00,0,VCT 2026: China Stage 1,https://www.vlr.gg/659485/jdg-esports-vs-dragon-ranger-gaming-vct-2026-china-stage-1-lr2
JDG,Haven,def,DRG,0,1,22,elim,2026-05-05 05:00:00,0,VCT 2026: China Stage 1,https://www.vlr.gg/659485/jdg-esports-vs-dragon-ranger-gaming-vct-2026-china-stage-1-lr2
JDG,Lotus,atk,DRG,0,1,1,defus,2026-05-05 05:00:00,1,VCT 2026: China Stage 1,https://www.vlr.gg/659485/jdg-esports-vs-dragon-ranger-gaming-vct-2026-china-stage-1-lr2
JDG,Lotus,atk,DRG,0,1,2,elim,2026-05-05 05:00:00,1,VCT 2026: China Stage 1,https://www.vlr.gg/659485/jdg-esports-vs-dragon-ranger-gaming-vct-2026-china-stage-1-lr2
JDG,Lotus,atk,DRG,1,0,3,elim,2026-05-05 05:00:00,1,VCT 2026: China Stage 1,https://www.vlr.gg/659485/jdg-esports-vs-dragon-ranger-gaming-vct-2026-china-stage-1-lr2
JDG,Lotus,atk,DRG,0,1,4,defus,2026-05-05 05:00:00,1,VCT 2026: China Stage 1,https://www.vlr.gg/659485/jdg-esports-vs-dragon-ranger-gaming-vct-2026-china-stage-1-lr2
JDG,Lotus,atk,DRG,0,1,5,elim,2026-05-05 05:00:00,1,VCT 2026: China Stage 1,https://www.vlr.gg/659485/jdg-esports-vs-dragon-ranger-gaming-vct-2026-china-stage-1-lr2
JDG,Lotus,atk,DRG,1,0,6,elim,2026-05-05 05:00:00,1,VCT 2026: China Stage 1,https://www.vlr.gg/659485/jdg-esports-vs-dragon-ranger-gaming-vct-2026-china-stage-1-lr2
JDG,Lotus,atk,DRG,0,1,7,elim,2026-05-05 05:00:00,1,VCT 2026: China Stage 1,https://www.vlr.gg/659485/jdg-esports-vs-dragon-ranger-gaming-vct-2026-china-stage-1-lr2
JDG,Lotus,atk,DRG,0,1,8,elim,2026-05-05 05:00:00,1,VCT 2026: China Stage 1,https://www.vlr.gg/659485/jdg-esports-vs-dragon-ranger-gaming-vct-2026-china-stage-1-lr2
JDG,Lotus,atk,DRG,1,0,9,boom,2026-05-05 05:00:00,1,VCT 2026: China Stage 1,https://www.vlr.gg/659485/jdg-esports-vs-dragon-ranger-gaming-vct-2026-china-stage-1-lr2
JDG,Lotus,atk,DRG,0,1,10,defus,2026-05-05 05:00:00,1,VCT 2026: China Stage 1,https://www.vlr.gg/659485/jdg-esports-vs-dragon-ranger-gaming-vct-2026-china-stage-1-lr2
JDG,Lotus,atk,DRG,0,1,11,defus,2026-05-05 05:00:00,1,VCT 2026: China Stage 1,https://www.vlr.gg/659485/jdg-esports-vs-dragon-ranger-gaming-vct-2026-china-stage-1-lr2
JDG,Lotus,atk,DRG,0,1,12,defus,2026-05-05 05:00:00,1,VCT 2026: China Stage 1,https://www.vlr.gg/659485/jdg-esports-vs-dragon-ranger-gaming-vct-2026-china-stage-1-lr2
JDG,Lotus,def,DRG,0,1,13,elim,2026-05-05 05:00:00,1,VCT 2026: China Stage 1,https://www.vlr.gg/659485/jdg-esports-vs-dragon-ranger-gaming-vct-2026-china-stage-1-lr2
JDG,Lotus,def,DRG,0,1,14,elim,2026-05-05 05:00:00,1,VCT 2026: China Stage 1,https://www.vlr.gg/659485/jdg-esports-vs-dragon-ranger-gaming-vct-2026-china-stage-1-lr2
JDG,Lotus,def,DRG,0,1,15,elim,2026-05-05 05:00:00,1,VCT 2026: China Stage 1,https://www.vlr.gg/659485/jdg-esports-vs-dragon-ranger-gaming-vct-2026-china-stage-1-lr2
JDG,Lotus,def,DRG,1,0,16,defus,2026-05-05 05:00:00,1,VCT 2026: China Stage 1,https://www.vlr.gg/659485/jdg-esports-vs-dragon-ranger-gaming-vct-2026-china-stage-1-lr2
JDG,Lotus,def,DRG,0,1,17,elim,2026-05-05 05:00:00,1,VCT 2026: China Stage 1,https://www.vlr.gg/659485/jdg-esports-vs-dragon-ranger-gaming-vct-2026-china-stage-1-lr2
AG,Fracture,atk,TYL,0,1,1,elim,2026-05-05 07:00:00,0,VCT 2026: China Stage 1,https://www.vlr.gg/659484/all-gamers-vs-tyloo-vct-2026-china-stage-1-lr2
AG,Fracture,atk,TYL,0,1,2,defus,2026-05-05 07:00:00,0,VCT 2026: China Stage 1,https://www.vlr.gg/659484/all-gamers-vs-tyloo-vct-2026-china-stage-1-lr2
AG,Fracture,atk,TYL,1,0,3,elim,2026-05-05 07:00:00,0,VCT 2026: China Stage 1,https://www.vlr.gg/659484/all-gamers-vs-tyloo-vct-2026-china-stage-1-lr2
AG,Fracture,atk,TYL,0,1,4,defus,2026-05-05 07:00:00,0,VCT 2026: China Stage 1,https://www.vlr.gg/659484/all-gamers-vs-tyloo-vct-2026-china-stage-1-lr2
AG,Fracture,atk,TYL,1,0,5,elim,2026-05-05 07:00:00,0,VCT 2026: China Stage 1,https://www.vlr.gg/659484/all-gamers-vs-tyloo-vct-2026-china-stage-1-lr2
AG,Fracture,atk,TYL,1,0,6,elim,2026-05-05 07:00:00,0,VCT 2026: China Stage 1,https://www.vlr.gg/659484/all-gamers-vs-tyloo-vct-2026-china-stage-1-lr2
AG,Fracture,atk,TYL,1,0,7,elim,2026-05-05 07:00:00,0,VCT 2026: China Stage 1,https://www.vlr.gg/659484/all-gamers-vs-tyloo-vct-2026-china-stage-1-lr2
AG,Fracture,atk,TYL,1,0,8,elim,2026-05-05 07:00:00,0,VCT 2026: China Stage 1,https://www.vlr.gg/659484/all-gamers-vs-tyloo-vct-2026-china-stage-1-lr2
AG,Fracture,atk,TYL,1,0,9,elim,2026-05-05 07:00:00,0,VCT 2026: China Stage 1,https://www.vlr.gg/659484/all-gamers-vs-tyloo-vct-2026-china-stage-1-lr2
AG,Fracture,atk,TYL,0,1,10,defus,2026-05-05 07:00:00,0,VCT 2026: China Stage 1,https://www.vlr.gg/659484/all-gamers-vs-tyloo-vct-2026-china-stage-1-lr2
AG,Fracture,atk,TYL,1,0,11,elim,2026-05-05 07:00:00,0,VCT 2026: China Stage 1,https://www.vlr.gg/659484/all-gamers-vs-tyloo-vct-2026-china-stage-1-lr2
AG,Fracture,atk,TYL,1,0,12,elim,2026-05-05 07:00:00,0,VCT 2026: China Stage 1,https://www.vlr.gg/659484/all-gamers-vs-tyloo-vct-2026-china-stage-1-lr2
AG,Fracture,def,TYL,1,0,13,defus,2026-05-05 07:00:00,0,VCT 2026: China Stage 1,https://www.vlr.gg/659484/all-gamers-vs-tyloo-vct-2026-china-stage-1-lr2
AG,Fracture,def,TYL,1,0,14,elim,2026-05-05 07:00:00,0,VCT 2026: China Stage 1,https://www.vlr.gg/659484/all-gamers-vs-tyloo-vct-2026-china-stage-1-lr2
AG,Fracture,def,TYL,1,0,15,elim,2026-05-05 07:00:00,0,VCT 2026: China Stage 1,https://www.vlr.gg/659484/all-gamers-vs-tyloo-vct-2026-china-stage-1-lr2
AG,Fracture,def,TYL,1,0,16,defus,2026-05-05 07:00:00,0,VCT 2026: China Stage 1,https://www.vlr.gg/659484/all-gamers-vs-tyloo-vct-2026-china-stage-1-lr2
AG,Fracture,def,TYL,1,0,17,elim,2026-05-05 07:00:00,0,VCT 2026: China Stage 1,https://www.vlr.gg/659484/all-gamers-vs-tyloo-vct-2026-china-stage-1-lr2
AG,Haven,atk,TYL,1,0,13,elim,2026-05-05 07:00:00,1,VCT 2026: China Stage 1,https://www.vlr.gg/659484/all-gamers-vs-tyloo-vct-2026-china-stage-1-lr2
AG,Haven,atk,TYL,1,0,14,boom,2026-05-05 07:00:00,1,VCT 2026: China Stage 1,https://www.vlr.gg/659484/all-gamers-vs-tyloo-vct-2026-china-stage-1-lr2
AG,Haven,atk,TYL,0,1,15,elim,2026-05-05 07:00:00,1,VCT 2026: China Stage 1,https://www.vlr.gg/659484/all-gamers-vs-tyloo-vct-2026-china-stage-1-lr2
AG,Haven,atk,TYL,0,1,16,defus,2026-05-05 07:00:00,1,VCT 2026: China Stage 1,https://www.vlr.gg/659484/all-gamers-vs-tyloo-vct-2026-china-stage-1-lr2
AG,Haven,atk,TYL,0,1,17,defus,2026-05-05 07:00:00,1,VCT 2026: China Stage 1,https://www.vlr.gg/659484/all-gamers-vs-tyloo-vct-2026-china-stage-1-lr2
AG,Haven,atk,TYL,1,0,18,elim,2026-05-05 07:00:00,1,VCT 2026: China Stage 1,https://www.vlr.gg/659484/all-gamers-vs-tyloo-vct-2026-china-stage-1-lr2
AG,Haven,atk,TYL,1,0,19,elim,2026-05-05 07:00:00,1,VCT 2026: China Stage 1,https://www.vlr.gg/659484/all-gamers-vs-tyloo-vct-2026-china-stage-1-lr2
AG,Haven,atk,TYL,1,0,20,boom,2026-05-05 07:00:00,1,VCT 2026: China Stage 1,https://www.vlr.gg/659484/all-gamers-vs-tyloo-vct-2026-china-stage-1-lr2
AG,Haven,atk,TYL,1,0,21,elim,2026-05-05 07:00:00,1,VCT 2026: China Stage 1,https://www.vlr.gg/659484/all-gamers-vs-tyloo-vct-2026-china-stage-1-lr2
AG,Haven,atk,TYL,0,1,22,elim,2026-05-05 07:00:00,1,VCT 2026: China Stage 1,https://www.vlr.gg/659484/all-gamers-vs-tyloo-vct-2026-china-stage-1-lr2
AG,Haven,atk,TYL,0,1,23,elim,2026-05-05 07:00:00,1,VCT 2026: China Stage 1,https://www.vlr.gg/659484/all-gamers-vs-tyloo-vct-2026-china-stage-1-lr2
AG,Haven,def,TYL,0,1,1,elim,2026-05-05 07:00:00,1,VCT 2026: China Stage 1,https://www.vlr.gg/659484/all-gamers-vs-tyloo-vct-2026-china-stage-1-lr2
AG,Haven,def,TYL,0,1,2,boom,2026-05-05 07:00:00,1,VCT 2026: China Stage 1,https://www.vlr.gg/659484/all-gamers-vs-tyloo-vct-2026-china-stage-1-lr2
AG,Haven,def,TYL,0,1,3,elim,2026-05-05 07:00:00,1,VCT 2026: China Stage 1,https://www.vlr.gg/659484/all-gamers-vs-tyloo-vct-2026-china-stage-1-lr2
AG,Haven,def,TYL,1,0,4,defus,2026-05-05 07:00:00,1,VCT 2026: China Stage 1,https://www.vlr.gg/659484/all-gamers-vs-tyloo-vct-2026-china-stage-1-lr2
AG,Haven,def,TYL,0,1,5,boom,2026-05-05 07:00:00,1,VCT 2026: China Stage 1,https://www.vlr.gg/659484/all-gamers-vs-tyloo-vct-2026-china-stage-1-lr2
AG,Haven,def,TYL,0,1,6,boom,2026-05-05 07:00:00,1,VCT 2026: China Stage 1,https://www.vlr.gg/659484/all-gamers-vs-tyloo-vct-2026-china-stage-1-lr2
AG,Haven,def,TYL,1,0,7,elim,2026-05-05 07:00:00,1,VCT 2026: China Stage 1,https://www.vlr.gg/659484/all-gamers-vs-tyloo-vct-2026-china-stage-1-lr2
AG,Haven,def,TYL,0,1,8,boom,2026-05-05 07:00:00,1,VCT 2026: China Stage 1,https://www.vlr.gg/659484/all-gamers-vs-tyloo-vct-2026-china-stage-1-lr2
AG,Haven,def,TYL,1,0,9,defus,2026-05-05 07:00:00,1,VCT 2026: China Stage 1,https://www.vlr.gg/659484/all-gamers-vs-tyloo-vct-2026-china-stage-1-lr2
AG,Haven,def,TYL,1,0,10,defus,2026-05-05 07:00:00,1,VCT 2026: China Stage 1,https://www.vlr.gg/659484/all-gamers-vs-tyloo-vct-2026-china-stage-1-lr2
AG,Haven,def,TYL,0,1,11,elim,2026-05-05 07:00:00,1,VCT 2026: China Stage 1,https://www.vlr.gg/659484/all-gamers-vs-tyloo-vct-2026-china-stage-1-lr2
AG,Haven,def,TYL,0,1,12,elim,2026-05-05 07:00:00,1,VCT 2026: China Stage 1,https://www.vlr.gg/659484/all-gamers-vs-tyloo-vct-2026-china-stage-1-lr2
AG,Split,atk,TYL,1,0,13,elim,2026-05-05 07:00:00,2,VCT 2026: China Stage 1,https://www.vlr.gg/659484/all-gamers-vs-tyloo-vct-2026-china-stage-1-lr2
AG,Split,atk,TYL,1,0,14,elim,2026-05-05 07:00:00,2,VCT 2026: China Stage 1,https://www.vlr.gg/659484/all-gamers-vs-tyloo-vct-2026-china-stage-1-lr2
AG,Split,atk,TYL,1,0,15,elim,2026-05-05 07:00:00,2,VCT 2026: China Stage 1,https://www.vlr.gg/659484/all-gamers-vs-tyloo-vct-2026-china-stage-1-lr2
AG,Split,atk,TYL,1,0,16,elim,2026-05-05 07:00:00,2,VCT 2026: China Stage 1,https://www.vlr.gg/659484/all-gamers-vs-tyloo-vct-2026-china-stage-1-lr2
AG,Split,atk,TYL,1,0,17,elim,2026-05-05 07:00:00,2,VCT 2026: China Stage 1,https://www.vlr.gg/659484/all-gamers-vs-tyloo-vct-2026-china-stage-1-lr2
AG,Split,atk,TYL,1,0,18,elim,2026-05-05 07:00:00,2,VCT 2026: China Stage 1,https://www.vlr.gg/659484/all-gamers-vs-tyloo-vct-2026-china-stage-1-lr2
AG,Split,atk,TYL,0,1,19,defus,2026-05-05 07:00:00,2,VCT 2026: China Stage 1,https://www.vlr.gg/659484/all-gamers-vs-tyloo-vct-2026-china-stage-1-lr2
AG,Split,atk,TYL,0,1,20,tim,2026-05-05 07:00:00,2,VCT 2026: China Stage 1,https://www.vlr.gg/659484/all-gamers-vs-tyloo-vct-2026-china-stage-1-lr2
AG,Split,atk,TYL,0,1,21,elim,2026-05-05 07:00:00,2,VCT 2026: China Stage 1,https://www.vlr.gg/659484/all-gamers-vs-tyloo-vct-2026-china-stage-1-lr2
AG,Split,atk,TYL,0,1,22,defus,2026-05-05 07:00:00,2,VCT 2026: China Stage 1,https://www.vlr.gg/659484/all-gamers-vs-tyloo-vct-2026-china-stage-1-lr2
AG,Split,atk,TYL,1,0,23,elim,2026-05-05 07:00:00,2,VCT 2026: China Stage 1,https://www.vlr.gg/659484/all-gamers-vs-tyloo-vct-2026-china-stage-1-lr2
AG,Split,def,TYL,1,0,1,defus,2026-05-05 07:00:00,2,VCT 2026: China Stage 1,https://www.vlr.gg/659484/all-gamers-vs-tyloo-vct-2026-china-stage-1-lr2
AG,Split,def,TYL,1,0,2,elim,2026-05-05 07:00:00,2,VCT 2026: China Stage 1,https://www.vlr.gg/659484/all-gamers-vs-tyloo-vct-2026-china-stage-1-lr2
AG,Split,def,TYL,0,1,3,boom,2026-05-05 07:00:00,2,VCT 2026: China Stage 1,https://www.vlr.gg/659484/all-gamers-vs-tyloo-vct-2026-china-stage-1-lr2
AG,Split,def,TYL,0,1,4,boom,2026-05-05 07:00:00,2,VCT 2026: China Stage 1,https://www.vlr.gg/659484/all-gamers-vs-tyloo-vct-2026-china-stage-1-lr2
AG,Split,def,TYL,1,0,5,defus,2026-05-05 07:00:00,2,VCT 2026: China Stage 1,https://www.vlr.gg/659484/all-gamers-vs-tyloo-vct-2026-china-stage-1-lr2
AG,Split,def,TYL,0,1,6,elim,2026-05-05 07:00:00,2,VCT 2026: China Stage 1,https://www.vlr.gg/659484/all-gamers-vs-tyloo-vct-2026-china-stage-1-lr2
AG,Split,def,TYL,0,1,7,elim,2026-05-05 07:00:00,2,VCT 2026: China Stage 1,https://www.vlr.gg/659484/all-gamers-vs-tyloo-vct-2026-china-stage-1-lr2
AG,Split,def,TYL,1,0,8,defus,2026-05-05 07:00:00,2,VCT 2026: China Stage 1,https://www.vlr.gg/659484/all-gamers-vs-tyloo-vct-2026-china-stage-1-lr2
AG,Split,def,TYL,0,1,9,boom,2026-05-05 07:00:00,2,VCT 2026: China Stage 1,https://www.vlr.gg/659484/all-gamers-vs-tyloo-vct-2026-china-stage-1-lr2
AG,Split,def,TYL,1,0,10,tim,2026-05-05 07:00:00,2,VCT 2026: China Stage 1,https://www.vlr.gg/659484/all-gamers-vs-tyloo-vct-2026-china-stage-1-lr2
AG,Split,def,TYL,1,0,11,defus,2026-05-05 07:00:00,2,VCT 2026: China Stage 1,https://www.vlr.gg/659484/all-gamers-vs-tyloo-vct-2026-china-stage-1-lr2
AG,Split,def,TYL,0,1,12,elim,2026-05-05 07:00:00,2,VCT 2026: China Stage 1,https://www.vlr.gg/659484/all-gamers-vs-tyloo-vct-2026-china-stage-1-lr2
XLG,Split,atk,EDG,1,0,13,elim,2026-05-08 05:00:00,0,VCT 2026: China Stage 1,https://www.vlr.gg/659480/xi-lai-gaming-vs-edward-gaming-vct-2026-china-stage-1-ubf
XLG,Split,atk,EDG,1,0,14,elim,2026-05-08 05:00:00,0,VCT 2026: China Stage 1,https://www.vlr.gg/659480/xi-lai-gaming-vs-edward-gaming-vct-2026-china-stage-1-ubf
XLG,Split,atk,EDG,0,1,15,defus,2026-05-08 05:00:00,0,VCT 2026: China Stage 1,https://www.vlr.gg/659480/xi-lai-gaming-vs-edward-gaming-vct-2026-china-stage-1-ubf
XLG,Split,atk,EDG,1,0,16,boom,2026-05-08 05:00:00,0,VCT 2026: China Stage 1,https://www.vlr.gg/659480/xi-lai-gaming-vs-edward-gaming-vct-2026-china-stage-1-ubf
XLG,Split,atk,EDG,0,1,17,defus,2026-05-08 05:00:00,0,VCT 2026: China Stage 1,https://www.vlr.gg/659480/xi-lai-gaming-vs-edward-gaming-vct-2026-china-stage-1-ubf
XLG,Split,atk,EDG,0,1,18,elim,2026-05-08 05:00:00,0,VCT 2026: China Stage 1,https://www.vlr.gg/659480/xi-lai-gaming-vs-edward-gaming-vct-2026-china-stage-1-ubf
XLG,Split,atk,EDG,0,1,19,elim,2026-05-08 05:00:00,0,VCT 2026: China Stage 1,https://www.vlr.gg/659480/xi-lai-gaming-vs-edward-gaming-vct-2026-china-stage-1-ubf
XLG,Split,atk,EDG,1,0,20,elim,2026-05-08 05:00:00,0,VCT 2026: China Stage 1,https://www.vlr.gg/659480/xi-lai-gaming-vs-edward-gaming-vct-2026-china-stage-1-ubf
XLG,Split,atk,EDG,0,1,21,elim,2026-05-08 05:00:00,0,VCT 2026: China Stage 1,https://www.vlr.gg/659480/xi-lai-gaming-vs-edward-gaming-vct-2026-china-stage-1-ubf
XLG,Split,atk,EDG,0,1,22,elim,2026-05-08 05:00:00,0,VCT 2026: China Stage 1,https://www.vlr.gg/659480/xi-lai-gaming-vs-edward-gaming-vct-2026-china-stage-1-ubf
XLG,Split,def,EDG,1,0,1,elim,2026-05-08 05:00:00,0,VCT 2026: China Stage 1,https://www.vlr.gg/659480/xi-lai-gaming-vs-edward-gaming-vct-2026-china-stage-1-ubf
XLG,Split,def,EDG,1,0,2,elim,2026-05-08 05:00:00,0,VCT 2026: China Stage 1,https://www.vlr.gg/659480/xi-lai-gaming-vs-edward-gaming-vct-2026-china-stage-1-ubf
XLG,Split,def,EDG,0,1,3,elim,2026-05-08 05:00:00,0,VCT 2026: China Stage 1,https://www.vlr.gg/659480/xi-lai-gaming-vs-edward-gaming-vct-2026-china-stage-1-ubf
XLG,Split,def,EDG,0,1,4,elim,2026-05-08 05:00:00,0,VCT 2026: China Stage 1,https://www.vlr.gg/659480/xi-lai-gaming-vs-edward-gaming-vct-2026-china-stage-1-ubf
XLG,Split,def,EDG,0,1,5,elim,2026-05-08 05:00:00,0,VCT 2026: China Stage 1,https://www.vlr.gg/659480/xi-lai-gaming-vs-edward-gaming-vct-2026-china-stage-1-ubf
XLG,Split,def,EDG,0,1,6,boom,2026-05-08 05:00:00,0,VCT 2026: China Stage 1,https://www.vlr.gg/659480/xi-lai-gaming-vs-edward-gaming-vct-2026-china-stage-1-ubf
XLG,Split,def,EDG,0,1,7,elim,2026-05-08 05:00:00,0,VCT 2026: China Stage 1,https://www.vlr.gg/659480/xi-lai-gaming-vs-edward-gaming-vct-2026-china-stage-1-ubf
XLG,Split,def,EDG,0,1,8,boom,2026-05-08 05:00:00,0,VCT 2026: China Stage 1,https://www.vlr.gg/659480/xi-lai-gaming-vs-edward-gaming-vct-2026-china-stage-1-ubf
XLG,Split,def,EDG,1,0,9,tim,2026-05-08 05:00:00,0,VCT 2026: China Stage 1,https://www.vlr.gg/659480/xi-lai-gaming-vs-edward-gaming-vct-2026-china-stage-1-ubf
XLG,Split,def,EDG,1,0,10,elim,2026-05-08 05:00:00,0,VCT 2026: China Stage 1,https://www.vlr.gg/659480/xi-lai-gaming-vs-edward-gaming-vct-2026-china-stage-1-ubf
XLG,Split,def,EDG,0,1,11,elim,2026-05-08 05:00:00,0,VCT 2026: China Stage 1,https://www.vlr.gg/659480/xi-lai-gaming-vs-edward-gaming-vct-2026-china-stage-1-ubf
XLG,Split,def,EDG,1,0,12,elim,2026-05-08 05:00:00,0,VCT 2026: China Stage 1,https://www.vlr.gg/659480/xi-lai-gaming-vs-edward-gaming-vct-2026-china-stage-1-ubf
XLG,Breeze,atk,EDG,1,0,1,elim,2026-05-08 05:00:00,1,VCT 2026: China Stage 1,https://www.vlr.gg/659480/xi-lai-gaming-vs-edward-gaming-vct-2026-china-stage-1-ubf
XLG,Breeze,atk,EDG,1,0,2,boom,2026-05-08 05:00:00,1,VCT 2026: China Stage 1,https://www.vlr.gg/659480/xi-lai-gaming-vs-edward-gaming-vct-2026-china-stage-1-ubf
XLG,Breeze,atk,EDG,0,1,3,defus,2026-05-08 05:00:00,1,VCT 2026: China Stage 1,https://www.vlr.gg/659480/xi-lai-gaming-vs-edward-gaming-vct-2026-china-stage-1-ubf
XLG,Breeze,atk,EDG,0,1,4,elim,2026-05-08 05:00:00,1,VCT 2026: China Stage 1,https://www.vlr.gg/659480/xi-lai-gaming-vs-edward-gaming-vct-2026-china-stage-1-ubf
XLG,Breeze,atk,EDG,0,1,5,elim,2026-05-08 05:00:00,1,VCT 2026: China Stage 1,https://www.vlr.gg/659480/xi-lai-gaming-vs-edward-gaming-vct-2026-china-stage-1-ubf
XLG,Breeze,atk,EDG,0,1,6,defus,2026-05-08 05:00:00,1,VCT 2026: China Stage 1,https://www.vlr.gg/659480/xi-lai-gaming-vs-edward-gaming-vct-2026-china-stage-1-ubf
XLG,Breeze,atk,EDG,0,1,7,elim,2026-05-08 05:00:00,1,VCT 2026: China Stage 1,https://www.vlr.gg/659480/xi-lai-gaming-vs-edward-gaming-vct-2026-china-stage-1-ubf
XLG,Breeze,atk,EDG,0,1,8,elim,2026-05-08 05:00:00,1,VCT 2026: China Stage 1,https://www.vlr.gg/659480/xi-lai-gaming-vs-edward-gaming-vct-2026-china-stage-1-ubf
XLG,Breeze,atk,EDG,1,0,9,elim,2026-05-08 05:00:00,1,VCT 2026: China Stage 1,https://www.vlr.gg/659480/xi-lai-gaming-vs-edward-gaming-vct-2026-china-stage-1-ubf
XLG,Breeze,atk,EDG,0,1,10,elim,2026-05-08 05:00:00,1,VCT 2026: China Stage 1,https://www.vlr.gg/659480/xi-lai-gaming-vs-edward-gaming-vct-2026-china-stage-1-ubf
XLG,Breeze,atk,EDG,0,1,11,elim,2026-05-08 05:00:00,1,VCT 2026: China Stage 1,https://www.vlr.gg/659480/xi-lai-gaming-vs-edward-gaming-vct-2026-china-stage-1-ubf
XLG,Breeze,atk,EDG,1,0,12,elim,2026-05-08 05:00:00,1,VCT 2026: China Stage 1,https://www.vlr.gg/659480/xi-lai-gaming-vs-edward-gaming-vct-2026-china-stage-1-ubf
XLG,Breeze,def,EDG,1,0,13,defus,2026-05-08 05:00:00,1,VCT 2026: China Stage 1,https://www.vlr.gg/659480/xi-lai-gaming-vs-edward-gaming-vct-2026-china-stage-1-ubf
XLG,Breeze,def,EDG,1,0,14,defus,2026-05-08 05:00:00,1,VCT 2026: China Stage 1,https://www.vlr.gg/659480/xi-lai-gaming-vs-edward-gaming-vct-2026-china-stage-1-ubf
XLG,Breeze,def,EDG,0,1,15,elim,2026-05-08 05:00:00,1,VCT 2026: China Stage 1,https://www.vlr.gg/659480/xi-lai-gaming-vs-edward-gaming-vct-2026-china-stage-1-ubf
XLG,Breeze,def,EDG,1,0,16,defus,2026-05-08 05:00:00,1,VCT 2026: China Stage 1,https://www.vlr.gg/659480/xi-lai-gaming-vs-edward-gaming-vct-2026-china-stage-1-ubf
XLG,Breeze,def,EDG,1,0,17,elim,2026-05-08 05:00:00,1,VCT 2026: China Stage 1,https://www.vlr.gg/659480/xi-lai-gaming-vs-edward-gaming-vct-2026-china-stage-1-ubf
XLG,Breeze,def,EDG,0,1,18,boom,2026-05-08 05:00:00,1,VCT 2026: China Stage 1,https://www.vlr.gg/659480/xi-lai-gaming-vs-edward-gaming-vct-2026-china-stage-1-ubf
XLG,Breeze,def,EDG,0,1,19,elim,2026-05-08 05:00:00,1,VCT 2026: China Stage 1,https://www.vlr.gg/659480/xi-lai-gaming-vs-edward-gaming-vct-2026-china-stage-1-ubf
XLG,Breeze,def,EDG,0,1,20,elim,2026-05-08 05:00:00,1,VCT 2026: China Stage 1,https://www.vlr.gg/659480/xi-lai-gaming-vs-edward-gaming-vct-2026-china-stage-1-ubf
XLG,Breeze,def,EDG,0,1,21,elim,2026-05-08 05:00:00,1,VCT 2026: China Stage 1,https://www.vlr.gg/659480/xi-lai-gaming-vs-edward-gaming-vct-2026-china-stage-1-ubf
AG,Lotus,atk,DRG,0,1,1,defus,2026-05-08 07:10:00,0,VCT 2026: China Stage 1,https://www.vlr.gg/659486/all-gamers-vs-dragon-ranger-gaming-vct-2026-china-stage-1-lr3
AG,Lotus,atk,DRG,0,1,2,defus,2026-05-08 07:10:00,0,VCT 2026: China Stage 1,https://www.vlr.gg/659486/all-gamers-vs-dragon-ranger-gaming-vct-2026-china-stage-1-lr3
AG,Lotus,atk,DRG,1,0,3,elim,2026-05-08 07:10:00,0,VCT 2026: China Stage 1,https://www.vlr.gg/659486/all-gamers-vs-dragon-ranger-gaming-vct-2026-china-stage-1-lr3
AG,Lotus,atk,DRG,1,0,4,elim,2026-05-08 07:10:00,0,VCT 2026: China Stage 1,https://www.vlr.gg/659486/all-gamers-vs-dragon-ranger-gaming-vct-2026-china-stage-1-lr3
AG,Lotus,atk,DRG,1,0,5,elim,2026-05-08 07:10:00,0,VCT 2026: China Stage 1,https://www.vlr.gg/659486/all-gamers-vs-dragon-ranger-gaming-vct-2026-china-stage-1-lr3
AG,Lotus,atk,DRG,0,1,6,elim,2026-05-08 07:10:00,0,VCT 2026: China Stage 1,https://www.vlr.gg/659486/all-gamers-vs-dragon-ranger-gaming-vct-2026-china-stage-1-lr3
AG,Lotus,atk,DRG,0,1,7,elim,2026-05-08 07:10:00,0,VCT 2026: China Stage 1,https://www.vlr.gg/659486/all-gamers-vs-dragon-ranger-gaming-vct-2026-china-stage-1-lr3
AG,Lotus,atk,DRG,0,1,8,defus,2026-05-08 07:10:00,0,VCT 2026: China Stage 1,https://www.vlr.gg/659486/all-gamers-vs-dragon-ranger-gaming-vct-2026-china-stage-1-lr3
AG,Lotus,atk,DRG,1,0,9,elim,2026-05-08 07:10:00,0,VCT 2026: China Stage 1,https://www.vlr.gg/659486/all-gamers-vs-dragon-ranger-gaming-vct-2026-china-stage-1-lr3
AG,Lotus,atk,DRG,1,0,10,elim,2026-05-08 07:10:00,0,VCT 2026: China Stage 1,https://www.vlr.gg/659486/all-gamers-vs-dragon-ranger-gaming-vct-2026-china-stage-1-lr3
AG,Lotus,atk,DRG,0,1,11,defus,2026-05-08 07:10:00,0,VCT 2026: China Stage 1,https://www.vlr.gg/659486/all-gamers-vs-dragon-ranger-gaming-vct-2026-china-stage-1-lr3
AG,Lotus,atk,DRG,0,1,12,elim,2026-05-08 07:10:00,0,VCT 2026: China Stage 1,https://www.vlr.gg/659486/all-gamers-vs-dragon-ranger-gaming-vct-2026-china-stage-1-lr3
AG,Lotus,def,DRG,0,1,13,elim,2026-05-08 07:10:00,0,VCT 2026: China Stage 1,https://www.vlr.gg/659486/all-gamers-vs-dragon-ranger-gaming-vct-2026-china-stage-1-lr3
AG,Lotus,def,DRG,0,1,14,elim,2026-05-08 07:10:00,0,VCT 2026: China Stage 1,https://www.vlr.gg/659486/all-gamers-vs-dragon-ranger-gaming-vct-2026-china-stage-1-lr3
AG,Lotus,def,DRG,1,0,15,defus,2026-05-08 07:10:00,0,VCT 2026: China Stage 1,https://www.vlr.gg/659486/all-gamers-vs-dragon-ranger-gaming-vct-2026-china-stage-1-lr3
AG,Lotus,def,DRG,0,1,16,elim,2026-05-08 07:10:00,0,VCT 2026: China Stage 1,https://www.vlr.gg/659486/all-gamers-vs-dragon-ranger-gaming-vct-2026-china-stage-1-lr3
AG,Lotus,def,DRG,0,1,17,elim,2026-05-08 07:10:00,0,VCT 2026: China Stage 1,https://www.vlr.gg/659486/all-gamers-vs-dragon-ranger-gaming-vct-2026-china-stage-1-lr3
AG,Lotus,def,DRG,1,0,18,defus,2026-05-08 07:10:00,0,VCT 2026: China Stage 1,https://www.vlr.gg/659486/all-gamers-vs-dragon-ranger-gaming-vct-2026-china-stage-1-lr3
AG,Lotus,def,DRG,0,1,19,elim,2026-05-08 07:10:00,0,VCT 2026: China Stage 1,https://www.vlr.gg/659486/all-gamers-vs-dragon-ranger-gaming-vct-2026-china-stage-1-lr3
AG,Lotus,def,DRG,1,0,20,elim,2026-05-08 07:10:00,0,VCT 2026: China Stage 1,https://www.vlr.gg/659486/all-gamers-vs-dragon-ranger-gaming-vct-2026-china-stage-1-lr3
AG,Lotus,def,DRG,0,1,21,elim,2026-05-08 07:10:00,0,VCT 2026: China Stage 1,https://www.vlr.gg/659486/all-gamers-vs-dragon-ranger-gaming-vct-2026-china-stage-1-lr3
AG,Split,atk,DRG,1,0,1,elim,2026-05-08 07:10:00,1,VCT 2026: China Stage 1,https://www.vlr.gg/659486/all-gamers-vs-dragon-ranger-gaming-vct-2026-china-stage-1-lr3
AG,Split,atk,DRG,1,0,2,elim,2026-05-08 07:10:00,1,VCT 2026: China Stage 1,https://www.vlr.gg/659486/all-gamers-vs-dragon-ranger-gaming-vct-2026-china-stage-1-lr3
AG,Split,atk,DRG,1,0,3,elim,2026-05-08 07:10:00,1,VCT 2026: China Stage 1,https://www.vlr.gg/659486/all-gamers-vs-dragon-ranger-gaming-vct-2026-china-stage-1-lr3
AG,Split,atk,DRG,1,0,4,elim,2026-05-08 07:10:00,1,VCT 2026: China Stage 1,https://www.vlr.gg/659486/all-gamers-vs-dragon-ranger-gaming-vct-2026-china-stage-1-lr3
AG,Split,atk,DRG,0,1,5,elim,2026-05-08 07:10:00,1,VCT 2026: China Stage 1,https://www.vlr.gg/659486/all-gamers-vs-dragon-ranger-gaming-vct-2026-china-stage-1-lr3
AG,Split,atk,DRG,1,0,6,boom,2026-05-08 07:10:00,1,VCT 2026: China Stage 1,https://www.vlr.gg/659486/all-gamers-vs-dragon-ranger-gaming-vct-2026-china-stage-1-lr3
AG,Split,atk,DRG,1,0,7,elim,2026-05-08 07:10:00,1,VCT 2026: China Stage 1,https://www.vlr.gg/659486/all-gamers-vs-dragon-ranger-gaming-vct-2026-china-stage-1-lr3
AG,Split,atk,DRG,1,0,8,elim,2026-05-08 07:10:00,1,VCT 2026: China Stage 1,https://www.vlr.gg/659486/all-gamers-vs-dragon-ranger-gaming-vct-2026-china-stage-1-lr3
AG,Split,atk,DRG,1,0,9,elim,2026-05-08 07:10:00,1,VCT 2026: China Stage 1,https://www.vlr.gg/659486/all-gamers-vs-dragon-ranger-gaming-vct-2026-china-stage-1-lr3
AG,Split,atk,DRG,0,1,10,elim,2026-05-08 07:10:00,1,VCT 2026: China Stage 1,https://www.vlr.gg/659486/all-gamers-vs-dragon-ranger-gaming-vct-2026-china-stage-1-lr3
AG,Split,atk,DRG,0,1,11,elim,2026-05-08 07:10:00,1,VCT 2026: China Stage 1,https://www.vlr.gg/659486/all-gamers-vs-dragon-ranger-gaming-vct-2026-china-stage-1-lr3
AG,Split,atk,DRG,0,1,12,elim,2026-05-08 07:10:00,1,VCT 2026: China Stage 1,https://www.vlr.gg/659486/all-gamers-vs-dragon-ranger-gaming-vct-2026-china-stage-1-lr3
AG,Split,def,DRG,1,0,13,defus,2026-05-08 07:10:00,1,VCT 2026: China Stage 1,https://www.vlr.gg/659486/all-gamers-vs-dragon-ranger-gaming-vct-2026-china-stage-1-lr3
AG,Split,def,DRG,1,0,14,defus,2026-05-08 07:10:00,1,VCT 2026: China Stage 1,https://www.vlr.gg/659486/all-gamers-vs-dragon-ranger-gaming-vct-2026-china-stage-1-lr3
AG,Split,def,DRG,0,1,15,elim,2026-05-08 07:10:00,1,VCT 2026: China Stage 1,https://www.vlr.gg/659486/all-gamers-vs-dragon-ranger-gaming-vct-2026-china-stage-1-lr3
AG,Split,def,DRG,0,1,16,elim,2026-05-08 07:10:00,1,VCT 2026: China Stage 1,https://www.vlr.gg/659486/all-gamers-vs-dragon-ranger-gaming-vct-2026-china-stage-1-lr3
AG,Split,def,DRG,1,0,17,defus,2026-05-08 07:10:00,1,VCT 2026: China Stage 1,https://www.vlr.gg/659486/all-gamers-vs-dragon-ranger-gaming-vct-2026-china-stage-1-lr3
AG,Split,def,DRG,0,1,18,boom,2026-05-08 07:10:00,1,VCT 2026: China Stage 1,https://www.vlr.gg/659486/all-gamers-vs-dragon-ranger-gaming-vct-2026-china-stage-1-lr3
AG,Split,def,DRG,0,1,19,elim,2026-05-08 07:10:00,1,VCT 2026: China Stage 1,https://www.vlr.gg/659486/all-gamers-vs-dragon-ranger-gaming-vct-2026-china-stage-1-lr3
AG,Split,def,DRG,1,0,20,elim,2026-05-08 07:10:00,1,VCT 2026: China Stage 1,https://www.vlr.gg/659486/all-gamers-vs-dragon-ranger-gaming-vct-2026-china-stage-1-lr3
AG,Split,def,DRG,1,0,21,defus,2026-05-08 07:10:00,1,VCT 2026: China Stage 1,https://www.vlr.gg/659486/all-gamers-vs-dragon-ranger-gaming-vct-2026-china-stage-1-lr3
AG,Haven,atk,DRG,1,0,13,elim,2026-05-08 07:10:00,2,VCT 2026: China Stage 1,https://www.vlr.gg/659486/all-gamers-vs-dragon-ranger-gaming-vct-2026-china-stage-1-lr3
AG,Haven,atk,DRG,1,0,14,elim,2026-05-08 07:10:00,2,VCT 2026: China Stage 1,https://www.vlr.gg/659486/all-gamers-vs-dragon-ranger-gaming-vct-2026-china-stage-1-lr3
AG,Haven,atk,DRG,0,1,15,defus,2026-05-08 07:10:00,2,VCT 2026: China Stage 1,https://www.vlr.gg/659486/all-gamers-vs-dragon-ranger-gaming-vct-2026-china-stage-1-lr3
AG,Haven,atk,DRG,0,1,16,elim,2026-05-08 07:10:00,2,VCT 2026: China Stage 1,https://www.vlr.gg/659486/all-gamers-vs-dragon-ranger-gaming-vct-2026-china-stage-1-lr3
AG,Haven,atk,DRG,0,1,17,elim,2026-05-08 07:10:00,2,VCT 2026: China Stage 1,https://www.vlr.gg/659486/all-gamers-vs-dragon-ranger-gaming-vct-2026-china-stage-1-lr3
AG,Haven,atk,DRG,0,1,18,defus,2026-05-08 07:10:00,2,VCT 2026: China Stage 1,https://www.vlr.gg/659486/all-gamers-vs-dragon-ranger-gaming-vct-2026-china-stage-1-lr3
AG,Haven,atk,DRG,0,1,19,elim,2026-05-08 07:10:00,2,VCT 2026: China Stage 1,https://www.vlr.gg/659486/all-gamers-vs-dragon-ranger-gaming-vct-2026-china-stage-1-lr3
AG,Haven,def,DRG,1,0,1,defus,2026-05-08 07:10:00,2,VCT 2026: China Stage 1,https://www.vlr.gg/659486/all-gamers-vs-dragon-ranger-gaming-vct-2026-china-stage-1-lr3
AG,Haven,def,DRG,1,0,2,defus,2026-05-08 07:10:00,2,VCT 2026: China Stage 1,https://www.vlr.gg/659486/all-gamers-vs-dragon-ranger-gaming-vct-2026-china-stage-1-lr3
AG,Haven,def,DRG,1,0,3,defus,2026-05-08 07:10:00,2,VCT 2026: China Stage 1,https://www.vlr.gg/659486/all-gamers-vs-dragon-ranger-gaming-vct-2026-china-stage-1-lr3
AG,Haven,def,DRG,1,0,4,elim,2026-05-08 07:10:00,2,VCT 2026: China Stage 1,https://www.vlr.gg/659486/all-gamers-vs-dragon-ranger-gaming-vct-2026-china-stage-1-lr3
AG,Haven,def,DRG,0,1,5,boom,2026-05-08 07:10:00,2,VCT 2026: China Stage 1,https://www.vlr.gg/659486/all-gamers-vs-dragon-ranger-gaming-vct-2026-china-stage-1-lr3
AG,Haven,def,DRG,0,1,6,elim,2026-05-08 07:10:00,2,VCT 2026: China Stage 1,https://www.vlr.gg/659486/all-gamers-vs-dragon-ranger-gaming-vct-2026-china-stage-1-lr3
AG,Haven,def,DRG,0,1,7,boom,2026-05-08 07:10:00,2,VCT 2026: China Stage 1,https://www.vlr.gg/659486/all-gamers-vs-dragon-ranger-gaming-vct-2026-china-stage-1-lr3
AG,Haven,def,DRG,0,1,8,elim,2026-05-08 07:10:00,2,VCT 2026: China Stage 1,https://www.vlr.gg/659486/all-gamers-vs-dragon-ranger-gaming-vct-2026-china-stage-1-lr3
AG,Haven,def,DRG,0,1,9,elim,2026-05-08 07:10:00,2,VCT 2026: China Stage 1,https://www.vlr.gg/659486/all-gamers-vs-dragon-ranger-gaming-vct-2026-china-stage-1-lr3
AG,Haven,def,DRG,0,1,10,elim,2026-05-08 07:10:00,2,VCT 2026: China Stage 1,https://www.vlr.gg/659486/all-gamers-vs-dragon-ranger-gaming-vct-2026-china-stage-1-lr3
AG,Haven,def,DRG,0,1,11,elim,2026-05-08 07:10:00,2,VCT 2026: China Stage 1,https://www.vlr.gg/659486/all-gamers-vs-dragon-ranger-gaming-vct-2026-china-stage-1-lr3
AG,Haven,def,DRG,0,1,12,elim,2026-05-08 07:10:00,2,VCT 2026: China Stage 1,https://www.vlr.gg/659486/all-gamers-vs-dragon-ranger-gaming-vct-2026-china-stage-1-lr3
XLG,Lotus,atk,DRG,1,0,1,elim,2026-05-09 05:00:00,0,VCT 2026: China Stage 1,https://www.vlr.gg/659487/xi-lai-gaming-vs-dragon-ranger-gaming-vct-2026-china-stage-1-lbf
XLG,Lotus,atk,DRG,1,0,2,elim,2026-05-09 05:00:00,0,VCT 2026: China Stage 1,https://www.vlr.gg/659487/xi-lai-gaming-vs-dragon-ranger-gaming-vct-2026-china-stage-1-lbf
XLG,Lotus,atk,DRG,1,0,3,elim,2026-05-09 05:00:00,0,VCT 2026: China Stage 1,https://www.vlr.gg/659487/xi-lai-gaming-vs-dragon-ranger-gaming-vct-2026-china-stage-1-lbf
XLG,Lotus,atk,DRG,1,0,4,elim,2026-05-09 05:00:00,0,VCT 2026: China Stage 1,https://www.vlr.gg/659487/xi-lai-gaming-vs-dragon-ranger-gaming-vct-2026-china-stage-1-lbf
XLG,Lotus,atk,DRG,1,0,5,boom,2026-05-09 05:00:00,0,VCT 2026: China Stage 1,https://www.vlr.gg/659487/xi-lai-gaming-vs-dragon-ranger-gaming-vct-2026-china-stage-1-lbf
XLG,Lotus,atk,DRG,1,0,6,elim,2026-05-09 05:00:00,0,VCT 2026: China Stage 1,https://www.vlr.gg/659487/xi-lai-gaming-vs-dragon-ranger-gaming-vct-2026-china-stage-1-lbf
XLG,Lotus,atk,DRG,1,0,7,elim,2026-05-09 05:00:00,0,VCT 2026: China Stage 1,https://www.vlr.gg/659487/xi-lai-gaming-vs-dragon-ranger-gaming-vct-2026-china-stage-1-lbf
XLG,Lotus,atk,DRG,1,0,8,boom,2026-05-09 05:00:00,0,VCT 2026: China Stage 1,https://www.vlr.gg/659487/xi-lai-gaming-vs-dragon-ranger-gaming-vct-2026-china-stage-1-lbf
XLG,Lotus,atk,DRG,0,1,9,defus,2026-05-09 05:00:00,0,VCT 2026: China Stage 1,https://www.vlr.gg/659487/xi-lai-gaming-vs-dragon-ranger-gaming-vct-2026-china-stage-1-lbf
XLG,Lotus,atk,DRG,0,1,10,defus,2026-05-09 05:00:00,0,VCT 2026: China Stage 1,https://www.vlr.gg/659487/xi-lai-gaming-vs-dragon-ranger-gaming-vct-2026-china-stage-1-lbf
XLG,Lotus,atk,DRG,1,0,11,boom,2026-05-09 05:00:00,0,VCT 2026: China Stage 1,https://www.vlr.gg/659487/xi-lai-gaming-vs-dragon-ranger-gaming-vct-2026-china-stage-1-lbf
XLG,Lotus,atk,DRG,1,0,12,elim,2026-05-09 05:00:00,0,VCT 2026: China Stage 1,https://www.vlr.gg/659487/xi-lai-gaming-vs-dragon-ranger-gaming-vct-2026-china-stage-1-lbf
XLG,Lotus,def,DRG,1,0,13,elim,2026-05-09 05:00:00,0,VCT 2026: China Stage 1,https://www.vlr.gg/659487/xi-lai-gaming-vs-dragon-ranger-gaming-vct-2026-china-stage-1-lbf
XLG,Lotus,def,DRG,1,0,14,elim,2026-05-09 05:00:00,0,VCT 2026: China Stage 1,https://www.vlr.gg/659487/xi-lai-gaming-vs-dragon-ranger-gaming-vct-2026-china-stage-1-lbf
XLG,Lotus,def,DRG,1,0,15,elim,2026-05-09 05:00:00,0,VCT 2026: China Stage 1,https://www.vlr.gg/659487/xi-lai-gaming-vs-dragon-ranger-gaming-vct-2026-china-stage-1-lbf
XLG,Breeze,atk,DRG,0,1,1,defus,2026-05-09 05:00:00,1,VCT 2026: China Stage 1,https://www.vlr.gg/659487/xi-lai-gaming-vs-dragon-ranger-gaming-vct-2026-china-stage-1-lbf
XLG,Breeze,atk,DRG,1,0,2,elim,2026-05-09 05:00:00,1,VCT 2026: China Stage 1,https://www.vlr.gg/659487/xi-lai-gaming-vs-dragon-ranger-gaming-vct-2026-china-stage-1-lbf
XLG,Breeze,atk,DRG,1,0,3,elim,2026-05-09 05:00:00,1,VCT 2026: China Stage 1,https://www.vlr.gg/659487/xi-lai-gaming-vs-dragon-ranger-gaming-vct-2026-china-stage-1-lbf
XLG,Breeze,atk,DRG,1,0,4,elim,2026-05-09 05:00:00,1,VCT 2026: China Stage 1,https://www.vlr.gg/659487/xi-lai-gaming-vs-dragon-ranger-gaming-vct-2026-china-stage-1-lbf
XLG,Breeze,atk,DRG,1,0,5,elim,2026-05-09 05:00:00,1,VCT 2026: China Stage 1,https://www.vlr.gg/659487/xi-lai-gaming-vs-dragon-ranger-gaming-vct-2026-china-stage-1-lbf
XLG,Breeze,atk,DRG,1,0,6,boom,2026-05-09 05:00:00,1,VCT 2026: China Stage 1,https://www.vlr.gg/659487/xi-lai-gaming-vs-dragon-ranger-gaming-vct-2026-china-stage-1-lbf
XLG,Breeze,atk,DRG,1,0,7,elim,2026-05-09 05:00:00,1,VCT 2026: China Stage 1,https://www.vlr.gg/659487/xi-lai-gaming-vs-dragon-ranger-gaming-vct-2026-china-stage-1-lbf
XLG,Breeze,atk,DRG,1,0,8,elim,2026-05-09 05:00:00,1,VCT 2026: China Stage 1,https://www.vlr.gg/659487/xi-lai-gaming-vs-dragon-ranger-gaming-vct-2026-china-stage-1-lbf
XLG,Breeze,atk,DRG,1,0,9,elim,2026-05-09 05:00:00,1,VCT 2026: China Stage 1,https://www.vlr.gg/659487/xi-lai-gaming-vs-dragon-ranger-gaming-vct-2026-china-stage-1-lbf
XLG,Breeze,atk,DRG,0,1,10,elim,2026-05-09 05:00:00,1,VCT 2026: China Stage 1,https://www.vlr.gg/659487/xi-lai-gaming-vs-dragon-ranger-gaming-vct-2026-china-stage-1-lbf
XLG,Breeze,atk,DRG,0,1,11,elim,2026-05-09 05:00:00,1,VCT 2026: China Stage 1,https://www.vlr.gg/659487/xi-lai-gaming-vs-dragon-ranger-gaming-vct-2026-china-stage-1-lbf
XLG,Breeze,atk,DRG,1,0,12,boom,2026-05-09 05:00:00,1,VCT 2026: China Stage 1,https://www.vlr.gg/659487/xi-lai-gaming-vs-dragon-ranger-gaming-vct-2026-china-stage-1-lbf
XLG,Breeze,def,DRG,0,1,13,elim,2026-05-09 05:00:00,1,VCT 2026: China Stage 1,https://www.vlr.gg/659487/xi-lai-gaming-vs-dragon-ranger-gaming-vct-2026-china-stage-1-lbf
XLG,Breeze,def,DRG,0,1,14,elim,2026-05-09 05:00:00,1,VCT 2026: China Stage 1,https://www.vlr.gg/659487/xi-lai-gaming-vs-dragon-ranger-gaming-vct-2026-china-stage-1-lbf
XLG,Breeze,def,DRG,1,0,15,elim,2026-05-09 05:00:00,1,VCT 2026: China Stage 1,https://www.vlr.gg/659487/xi-lai-gaming-vs-dragon-ranger-gaming-vct-2026-china-stage-1-lbf
XLG,Breeze,def,DRG,1,0,16,elim,2026-05-09 05:00:00,1,VCT 2026: China Stage 1,https://www.vlr.gg/659487/xi-lai-gaming-vs-dragon-ranger-gaming-vct-2026-china-stage-1-lbf
XLG,Breeze,def,DRG,0,1,17,elim,2026-05-09 05:00:00,1,VCT 2026: China Stage 1,https://www.vlr.gg/659487/xi-lai-gaming-vs-dragon-ranger-gaming-vct-2026-china-stage-1-lbf
XLG,Breeze,def,DRG,1,0,18,elim,2026-05-09 05:00:00,1,VCT 2026: China Stage 1,https://www.vlr.gg/659487/xi-lai-gaming-vs-dragon-ranger-gaming-vct-2026-china-stage-1-lbf
XLG,Breeze,def,DRG,1,0,19,defus,2026-05-09 05:00:00,1,VCT 2026: China Stage 1,https://www.vlr.gg/659487/xi-lai-gaming-vs-dragon-ranger-gaming-vct-2026-china-stage-1-lbf
XLG,Haven,atk,DRG,0,1,1,defus,2026-05-09 05:00:00,2,VCT 2026: China Stage 1,https://www.vlr.gg/659487/xi-lai-gaming-vs-dragon-ranger-gaming-vct-2026-china-stage-1-lbf
XLG,Haven,atk,DRG,0,1,2,elim,2026-05-09 05:00:00,2,VCT 2026: China Stage 1,https://www.vlr.gg/659487/xi-lai-gaming-vs-dragon-ranger-gaming-vct-2026-china-stage-1-lbf
XLG,Haven,atk,DRG,1,0,3,elim,2026-05-09 05:00:00,2,VCT 2026: China Stage 1,https://www.vlr.gg/659487/xi-lai-gaming-vs-dragon-ranger-gaming-vct-2026-china-stage-1-lbf
XLG,Haven,atk,DRG,1,0,4,boom,2026-05-09 05:00:00,2,VCT 2026: China Stage 1,https://www.vlr.gg/659487/xi-lai-gaming-vs-dragon-ranger-gaming-vct-2026-china-stage-1-lbf
XLG,Haven,atk,DRG,0,1,5,elim,2026-05-09 05:00:00,2,VCT 2026: China Stage 1,https://www.vlr.gg/659487/xi-lai-gaming-vs-dragon-ranger-gaming-vct-2026-china-stage-1-lbf
XLG,Haven,atk,DRG,0,1,6,elim,2026-05-09 05:00:00,2,VCT 2026: China Stage 1,https://www.vlr.gg/659487/xi-lai-gaming-vs-dragon-ranger-gaming-vct-2026-china-stage-1-lbf
XLG,Haven,atk,DRG,0,1,7,elim,2026-05-09 05:00:00,2,VCT 2026: China Stage 1,https://www.vlr.gg/659487/xi-lai-gaming-vs-dragon-ranger-gaming-vct-2026-china-stage-1-lbf
XLG,Haven,atk,DRG,1,0,8,elim,2026-05-09 05:00:00,2,VCT 2026: China Stage 1,https://www.vlr.gg/659487/xi-lai-gaming-vs-dragon-ranger-gaming-vct-2026-china-stage-1-lbf
XLG,Haven,atk,DRG,0,1,9,defus,2026-05-09 05:00:00,2,VCT 2026: China Stage 1,https://www.vlr.gg/659487/xi-lai-gaming-vs-dragon-ranger-gaming-vct-2026-china-stage-1-lbf
XLG,Haven,atk,DRG,0,1,10,tim,2026-05-09 05:00:00,2,VCT 2026: China Stage 1,https://www.vlr.gg/659487/xi-lai-gaming-vs-dragon-ranger-gaming-vct-2026-china-stage-1-lbf
XLG,Haven,atk,DRG,0,1,11,defus,2026-05-09 05:00:00,2,VCT 2026: China Stage 1,https://www.vlr.gg/659487/xi-lai-gaming-vs-dragon-ranger-gaming-vct-2026-china-stage-1-lbf
XLG,Haven,atk,DRG,0,1,12,elim,2026-05-09 05:00:00,2,VCT 2026: China Stage 1,https://www.vlr.gg/659487/xi-lai-gaming-vs-dragon-ranger-gaming-vct-2026-china-stage-1-lbf
XLG,Haven,def,DRG,1,0,13,defus,2026-05-09 05:00:00,2,VCT 2026: China Stage 1,https://www.vlr.gg/659487/xi-lai-gaming-vs-dragon-ranger-gaming-vct-2026-china-stage-1-lbf
XLG,Haven,def,DRG,0,1,14,elim,2026-05-09 05:00:00,2,VCT 2026: China Stage 1,https://www.vlr.gg/659487/xi-lai-gaming-vs-dragon-ranger-gaming-vct-2026-china-stage-1-lbf
XLG,Haven,def,DRG,0,1,15,elim,2026-05-09 05:00:00,2,VCT 2026: China Stage 1,https://www.vlr.gg/659487/xi-lai-gaming-vs-dragon-ranger-gaming-vct-2026-china-stage-1-lbf
XLG,Haven,def,DRG,1,0,16,elim,2026-05-09 05:00:00,2,VCT 2026: China Stage 1,https://www.vlr.gg/659487/xi-lai-gaming-vs-dragon-ranger-gaming-vct-2026-china-stage-1-lbf
XLG,Haven,def,DRG,0,1,17,elim,2026-05-09 05:00:00,2,VCT 2026: China Stage 1,https://www.vlr.gg/659487/xi-lai-gaming-vs-dragon-ranger-gaming-vct-2026-china-stage-1-lbf
XLG,Haven,def,DRG,1,0,18,defus,2026-05-09 05:00:00,2,VCT 2026: China Stage 1,https://www.vlr.gg/659487/xi-lai-gaming-vs-dragon-ranger-gaming-vct-2026-china-stage-1-lbf
XLG,Haven,def,DRG,1,0,19,elim,2026-05-09 05:00:00,2,VCT 2026: China Stage 1,https://www.vlr.gg/659487/xi-lai-gaming-vs-dragon-ranger-gaming-vct-2026-china-stage-1-lbf
XLG,Haven,def,DRG,1,0,20,defus,2026-05-09 05:00:00,2,VCT 2026: China Stage 1,https://www.vlr.gg/659487/xi-lai-gaming-vs-dragon-ranger-gaming-vct-2026-china-stage-1-lbf
XLG,Haven,def,DRG,1,0,21,elim,2026-05-09 05:00:00,2,VCT 2026: China Stage 1,https://www.vlr.gg/659487/xi-lai-gaming-vs-dragon-ranger-gaming-vct-2026-china-stage-1-lbf
XLG,Haven,def,DRG,1,0,22,elim,2026-05-09 05:00:00,2,VCT 2026: China Stage 1,https://www.vlr.gg/659487/xi-lai-gaming-vs-dragon-ranger-gaming-vct-2026-china-stage-1-lbf
XLG,Haven,def,DRG,0,1,23,elim,2026-05-09 05:00:00,2,VCT 2026: China Stage 1,https://www.vlr.gg/659487/xi-lai-gaming-vs-dragon-ranger-gaming-vct-2026-china-stage-1-lbf
XLG,Split,atk,DRG,0,1,1,defus,2026-05-09 05:00:00,3,VCT 2026: China Stage 1,https://www.vlr.gg/659487/xi-lai-gaming-vs-dragon-ranger-gaming-vct-2026-china-stage-1-lbf
XLG,Split,atk,DRG,0,1,2,defus,2026-05-09 05:00:00,3,VCT 2026: China Stage 1,https://www.vlr.gg/659487/xi-lai-gaming-vs-dragon-ranger-gaming-vct-2026-china-stage-1-lbf
XLG,Split,atk,DRG,0,1,3,defus,2026-05-09 05:00:00,3,VCT 2026: China Stage 1,https://www.vlr.gg/659487/xi-lai-gaming-vs-dragon-ranger-gaming-vct-2026-china-stage-1-lbf
XLG,Split,atk,DRG,1,0,4,elim,2026-05-09 05:00:00,3,VCT 2026: China Stage 1,https://www.vlr.gg/659487/xi-lai-gaming-vs-dragon-ranger-gaming-vct-2026-china-stage-1-lbf
XLG,Split,atk,DRG,1,0,5,elim,2026-05-09 05:00:00,3,VCT 2026: China Stage 1,https://www.vlr.gg/659487/xi-lai-gaming-vs-dragon-ranger-gaming-vct-2026-china-stage-1-lbf
XLG,Split,atk,DRG,1,0,6,elim,2026-05-09 05:00:00,3,VCT 2026: China Stage 1,https://www.vlr.gg/659487/xi-lai-gaming-vs-dragon-ranger-gaming-vct-2026-china-stage-1-lbf
XLG,Split,atk,DRG,1,0,7,boom,2026-05-09 05:00:00,3,VCT 2026: China Stage 1,https://www.vlr.gg/659487/xi-lai-gaming-vs-dragon-ranger-gaming-vct-2026-china-stage-1-lbf
XLG,Split,atk,DRG,0,1,8,defus,2026-05-09 05:00:00,3,VCT 2026: China Stage 1,https://www.vlr.gg/659487/xi-lai-gaming-vs-dragon-ranger-gaming-vct-2026-china-stage-1-lbf
XLG,Split,atk,DRG,0,1,9,elim,2026-05-09 05:00:00,3,VCT 2026: China Stage 1,https://www.vlr.gg/659487/xi-lai-gaming-vs-dragon-ranger-gaming-vct-2026-china-stage-1-lbf
XLG,Split,atk,DRG,1,0,10,elim,2026-05-09 05:00:00,3,VCT 2026: China Stage 1,https://www.vlr.gg/659487/xi-lai-gaming-vs-dragon-ranger-gaming-vct-2026-china-stage-1-lbf
XLG,Split,atk,DRG,1,0,11,elim,2026-05-09 05:00:00,3,VCT 2026: China Stage 1,https://www.vlr.gg/659487/xi-lai-gaming-vs-dragon-ranger-gaming-vct-2026-china-stage-1-lbf
XLG,Split,atk,DRG,1,0,12,elim,2026-05-09 05:00:00,3,VCT 2026: China Stage 1,https://www.vlr.gg/659487/xi-lai-gaming-vs-dragon-ranger-gaming-vct-2026-china-stage-1-lbf
XLG,Split,def,DRG,1,0,13,defus,2026-05-09 05:00:00,3,VCT 2026: China Stage 1,https://www.vlr.gg/659487/xi-lai-gaming-vs-dragon-ranger-gaming-vct-2026-china-stage-1-lbf
XLG,Split,def,DRG,1,0,14,elim,2026-05-09 05:00:00,3,VCT 2026: China Stage 1,https://www.vlr.gg/659487/xi-lai-gaming-vs-dragon-ranger-gaming-vct-2026-china-stage-1-lbf
XLG,Split,def,DRG,0,1,15,elim,2026-05-09 05:00:00,3,VCT 2026: China Stage 1,https://www.vlr.gg/659487/xi-lai-gaming-vs-dragon-ranger-gaming-vct-2026-china-stage-1-lbf
XLG,Split,def,DRG,1,0,16,defus,2026-05-09 05:00:00,3,VCT 2026: China Stage 1,https://www.vlr.gg/659487/xi-lai-gaming-vs-dragon-ranger-gaming-vct-2026-china-stage-1-lbf
XLG,Split,def,DRG,0,1,17,elim,2026-05-09 05:00:00,3,VCT 2026: China Stage 1,https://www.vlr.gg/659487/xi-lai-gaming-vs-dragon-ranger-gaming-vct-2026-china-stage-1-lbf
XLG,Split,def,DRG,0,1,18,elim,2026-05-09 05:00:00,3,VCT 2026: China Stage 1,https://www.vlr.gg/659487/xi-lai-gaming-vs-dragon-ranger-gaming-vct-2026-china-stage-1-lbf
XLG,Split,def,DRG,0,1,19,elim,2026-05-09 05:00:00,3,VCT 2026: China Stage 1,https://www.vlr.gg/659487/xi-lai-gaming-vs-dragon-ranger-gaming-vct-2026-china-stage-1-lbf
XLG,Split,def,DRG,0,1,20,elim,2026-05-09 05:00:00,3,VCT 2026: China Stage 1,https://www.vlr.gg/659487/xi-lai-gaming-vs-dragon-ranger-gaming-vct-2026-china-stage-1-lbf
XLG,Split,def,DRG,1,0,21,elim,2026-05-09 05:00:00,3,VCT 2026: China Stage 1,https://www.vlr.gg/659487/xi-lai-gaming-vs-dragon-ranger-gaming-vct-2026-china-stage-1-lbf
XLG,Split,def,DRG,0,1,22,boom,2026-05-09 05:00:00,3,VCT 2026: China Stage 1,https://www.vlr.gg/659487/xi-lai-gaming-vs-dragon-ranger-gaming-vct-2026-china-stage-1-lbf
XLG,Split,def,DRG,1,0,23,defus,2026-05-09 05:00:00,3,VCT 2026: China Stage 1,https://www.vlr.gg/659487/xi-lai-gaming-vs-dragon-ranger-gaming-vct-2026-china-stage-1-lbf
XLG,Split,def,DRG,1,0,24,elim,2026-05-09 05:00:00,3,VCT 2026: China Stage 1,https://www.vlr.gg/659487/xi-lai-gaming-vs-dragon-ranger-gaming-vct-2026-china-stage-1-lbf
EDG,Fracture,atk,XLG,0,1,13,tim,2026-05-10 05:00:00,0,VCT 2026: China Stage 1,https://www.vlr.gg/659481/edward-gaming-vs-xi-lai-gaming-vct-2026-china-stage-1-gf
EDG,Fracture,atk,XLG,0,1,14,elim,2026-05-10 05:00:00,0,VCT 2026: China Stage 1,https://www.vlr.gg/659481/edward-gaming-vs-xi-lai-gaming-vct-2026-china-stage-1-gf
EDG,Fracture,atk,XLG,0,1,15,defus,2026-05-10 05:00:00,0,VCT 2026: China Stage 1,https://www.vlr.gg/659481/edward-gaming-vs-xi-lai-gaming-vct-2026-china-stage-1-gf
EDG,Fracture,atk,XLG,1,0,16,elim,2026-05-10 05:00:00,0,VCT 2026: China Stage 1,https://www.vlr.gg/659481/edward-gaming-vs-xi-lai-gaming-vct-2026-china-stage-1-gf
EDG,Fracture,atk,XLG,1,0,17,elim,2026-05-10 05:00:00,0,VCT 2026: China Stage 1,https://www.vlr.gg/659481/edward-gaming-vs-xi-lai-gaming-vct-2026-china-stage-1-gf
EDG,Fracture,atk,XLG,1,0,18,elim,2026-05-10 05:00:00,0,VCT 2026: China Stage 1,https://www.vlr.gg/659481/edward-gaming-vs-xi-lai-gaming-vct-2026-china-stage-1-gf
EDG,Fracture,atk,XLG,0,1,19,defus,2026-05-10 05:00:00,0,VCT 2026: China Stage 1,https://www.vlr.gg/659481/edward-gaming-vs-xi-lai-gaming-vct-2026-china-stage-1-gf
EDG,Fracture,def,XLG,0,1,1,elim,2026-05-10 05:00:00,0,VCT 2026: China Stage 1,https://www.vlr.gg/659481/edward-gaming-vs-xi-lai-gaming-vct-2026-china-stage-1-gf
EDG,Fracture,def,XLG,0,1,2,elim,2026-05-10 05:00:00,0,VCT 2026: China Stage 1,https://www.vlr.gg/659481/edward-gaming-vs-xi-lai-gaming-vct-2026-china-stage-1-gf
EDG,Fracture,def,XLG,0,1,3,boom,2026-05-10 05:00:00,0,VCT 2026: China Stage 1,https://www.vlr.gg/659481/edward-gaming-vs-xi-lai-gaming-vct-2026-china-stage-1-gf
EDG,Fracture,def,XLG,0,1,4,elim,2026-05-10 05:00:00,0,VCT 2026: China Stage 1,https://www.vlr.gg/659481/edward-gaming-vs-xi-lai-gaming-vct-2026-china-stage-1-gf
EDG,Fracture,def,XLG,0,1,5,elim,2026-05-10 05:00:00,0,VCT 2026: China Stage 1,https://www.vlr.gg/659481/edward-gaming-vs-xi-lai-gaming-vct-2026-china-stage-1-gf
EDG,Fracture,def,XLG,0,1,6,elim,2026-05-10 05:00:00,0,VCT 2026: China Stage 1,https://www.vlr.gg/659481/edward-gaming-vs-xi-lai-gaming-vct-2026-china-stage-1-gf
EDG,Fracture,def,XLG,1,0,7,elim,2026-05-10 05:00:00,0,VCT 2026: China Stage 1,https://www.vlr.gg/659481/edward-gaming-vs-xi-lai-gaming-vct-2026-china-stage-1-gf
EDG,Fracture,def,XLG,1,0,8,tim,2026-05-10 05:00:00,0,VCT 2026: China Stage 1,https://www.vlr.gg/659481/edward-gaming-vs-xi-lai-gaming-vct-2026-china-stage-1-gf
EDG,Fracture,def,XLG,0,1,9,elim,2026-05-10 05:00:00,0,VCT 2026: China Stage 1,https://www.vlr.gg/659481/edward-gaming-vs-xi-lai-gaming-vct-2026-china-stage-1-gf
EDG,Fracture,def,XLG,0,1,10,elim,2026-05-10 05:00:00,0,VCT 2026: China Stage 1,https://www.vlr.gg/659481/edward-gaming-vs-xi-lai-gaming-vct-2026-china-stage-1-gf
EDG,Fracture,def,XLG,0,1,11,elim,2026-05-10 05:00:00,0,VCT 2026: China Stage 1,https://www.vlr.gg/659481/edward-gaming-vs-xi-lai-gaming-vct-2026-china-stage-1-gf
EDG,Fracture,def,XLG,1,0,12,elim,2026-05-10 05:00:00,0,VCT 2026: China Stage 1,https://www.vlr.gg/659481/edward-gaming-vs-xi-lai-gaming-vct-2026-china-stage-1-gf
EDG,Split,atk,XLG,1,0,1,elim,2026-05-10 05:00:00,1,VCT 2026: China Stage 1,https://www.vlr.gg/659481/edward-gaming-vs-xi-lai-gaming-vct-2026-china-stage-1-gf
EDG,Split,atk,XLG,1,0,2,boom,2026-05-10 05:00:00,1,VCT 2026: China Stage 1,https://www.vlr.gg/659481/edward-gaming-vs-xi-lai-gaming-vct-2026-china-stage-1-gf
EDG,Split,atk,XLG,0,1,3,defus,2026-05-10 05:00:00,1,VCT 2026: China Stage 1,https://www.vlr.gg/659481/edward-gaming-vs-xi-lai-gaming-vct-2026-china-stage-1-gf
EDG,Split,atk,XLG,0,1,4,elim,2026-05-10 05:00:00,1,VCT 2026: China Stage 1,https://www.vlr.gg/659481/edward-gaming-vs-xi-lai-gaming-vct-2026-china-stage-1-gf
EDG,Split,atk,XLG,1,0,5,elim,2026-05-10 05:00:00,1,VCT 2026: China Stage 1,https://www.vlr.gg/659481/edward-gaming-vs-xi-lai-gaming-vct-2026-china-stage-1-gf
EDG,Split,atk,XLG,1,0,6,boom,2026-05-10 05:00:00,1,VCT 2026: China Stage 1,https://www.vlr.gg/659481/edward-gaming-vs-xi-lai-gaming-vct-2026-china-stage-1-gf
EDG,Split,atk,XLG,1,0,7,elim,2026-05-10 05:00:00,1,VCT 2026: China Stage 1,https://www.vlr.gg/659481/edward-gaming-vs-xi-lai-gaming-vct-2026-china-stage-1-gf
EDG,Split,atk,XLG,1,0,8,boom,2026-05-10 05:00:00,1,VCT 2026: China Stage 1,https://www.vlr.gg/659481/edward-gaming-vs-xi-lai-gaming-vct-2026-china-stage-1-gf
EDG,Split,atk,XLG,0,1,9,tim,2026-05-10 05:00:00,1,VCT 2026: China Stage 1,https://www.vlr.gg/659481/edward-gaming-vs-xi-lai-gaming-vct-2026-china-stage-1-gf
EDG,Split,atk,XLG,1,0,10,boom,2026-05-10 05:00:00,1,VCT 2026: China Stage 1,https://www.vlr.gg/659481/edward-gaming-vs-xi-lai-gaming-vct-2026-china-stage-1-gf
EDG,Split,atk,XLG,1,0,11,elim,2026-05-10 05:00:00,1,VCT 2026: China Stage 1,https://www.vlr.gg/659481/edward-gaming-vs-xi-lai-gaming-vct-2026-china-stage-1-gf
EDG,Split,atk,XLG,0,1,12,elim,2026-05-10 05:00:00,1,VCT 2026: China Stage 1,https://www.vlr.gg/659481/edward-gaming-vs-xi-lai-gaming-vct-2026-china-stage-1-gf
EDG,Split,atk,XLG,1,0,25,elim,2026-05-10 05:00:00,1,VCT 2026: China Stage 1,https://www.vlr.gg/659481/edward-gaming-vs-xi-lai-gaming-vct-2026-china-stage-1-gf
EDG,Split,atk,XLG,1,0,27,elim,2026-05-10 05:00:00,1,VCT 2026: China Stage 1,https://www.vlr.gg/659481/edward-gaming-vs-xi-lai-gaming-vct-2026-china-stage-1-gf
EDG,Split,def,XLG,1,0,13,elim,2026-05-10 05:00:00,1,VCT 2026: China Stage 1,https://www.vlr.gg/659481/edward-gaming-vs-xi-lai-gaming-vct-2026-china-stage-1-gf
EDG,Split,def,XLG,1,0,14,defus,2026-05-10 05:00:00,1,VCT 2026: China Stage 1,https://www.vlr.gg/659481/edward-gaming-vs-xi-lai-gaming-vct-2026-china-stage-1-gf
EDG,Split,def,XLG,0,1,15,elim,2026-05-10 05:00:00,1,VCT 2026: China Stage 1,https://www.vlr.gg/659481/edward-gaming-vs-xi-lai-gaming-vct-2026-china-stage-1-gf
EDG,Split,def,XLG,0,1,16,elim,2026-05-10 05:00:00,1,VCT 2026: China Stage 1,https://www.vlr.gg/659481/edward-gaming-vs-xi-lai-gaming-vct-2026-china-stage-1-gf
EDG,Split,def,XLG,0,1,17,elim,2026-05-10 05:00:00,1,VCT 2026: China Stage 1,https://www.vlr.gg/659481/edward-gaming-vs-xi-lai-gaming-vct-2026-china-stage-1-gf
EDG,Split,def,XLG,0,1,18,elim,2026-05-10 05:00:00,1,VCT 2026: China Stage 1,https://www.vlr.gg/659481/edward-gaming-vs-xi-lai-gaming-vct-2026-china-stage-1-gf
EDG,Split,def,XLG,0,1,19,boom,2026-05-10 05:00:00,1,VCT 2026: China Stage 1,https://www.vlr.gg/659481/edward-gaming-vs-xi-lai-gaming-vct-2026-china-stage-1-gf
EDG,Split,def,XLG,1,0,20,defus,2026-05-10 05:00:00,1,VCT 2026: China Stage 1,https://www.vlr.gg/659481/edward-gaming-vs-xi-lai-gaming-vct-2026-china-stage-1-gf
EDG,Split,def,XLG,0,1,21,elim,2026-05-10 05:00:00,1,VCT 2026: China Stage 1,https://www.vlr.gg/659481/edward-gaming-vs-xi-lai-gaming-vct-2026-china-stage-1-gf
EDG,Split,def,XLG,0,1,22,elim,2026-05-10 05:00:00,1,VCT 2026: China Stage 1,https://www.vlr.gg/659481/edward-gaming-vs-xi-lai-gaming-vct-2026-china-stage-1-gf
EDG,Split,def,XLG,0,1,23,elim,2026-05-10 05:00:00,1,VCT 2026: China Stage 1,https://www.vlr.gg/659481/edward-gaming-vs-xi-lai-gaming-vct-2026-china-stage-1-gf
EDG,Split,def,XLG,1,0,24,defus,2026-05-10 05:00:00,1,VCT 2026: China Stage 1,https://www.vlr.gg/659481/edward-gaming-vs-xi-lai-gaming-vct-2026-china-stage-1-gf
EDG,Split,def,XLG,0,1,26,elim,2026-05-10 05:00:00,1,VCT 2026: China Stage 1,https://www.vlr.gg/659481/edward-gaming-vs-xi-lai-gaming-vct-2026-china-stage-1-gf
EDG,Split,def,XLG,1,0,28,elim,2026-05-10 05:00:00,1,VCT 2026: China Stage 1,https://www.vlr.gg/659481/edward-gaming-vs-xi-lai-gaming-vct-2026-china-stage-1-gf
EDG,Breeze,atk,XLG,1,0,13,elim,2026-05-10 05:00:00,2,VCT 2026: China Stage 1,https://www.vlr.gg/659481/edward-gaming-vs-xi-lai-gaming-vct-2026-china-stage-1-gf
EDG,Breeze,atk,XLG,1,0,14,elim,2026-05-10 05:00:00,2,VCT 2026: China Stage 1,https://www.vlr.gg/659481/edward-gaming-vs-xi-lai-gaming-vct-2026-china-stage-1-gf
EDG,Breeze,atk,XLG,0,1,15,elim,2026-05-10 05:00:00,2,VCT 2026: China Stage 1,https://www.vlr.gg/659481/edward-gaming-vs-xi-lai-gaming-vct-2026-china-stage-1-gf
EDG,Breeze,atk,XLG,0,1,16,defus,2026-05-10 05:00:00,2,VCT 2026: China Stage 1,https://www.vlr.gg/659481/edward-gaming-vs-xi-lai-gaming-vct-2026-china-stage-1-gf
EDG,Breeze,atk,XLG,1,0,17,elim,2026-05-10 05:00:00,2,VCT 2026: China Stage 1,https://www.vlr.gg/659481/edward-gaming-vs-xi-lai-gaming-vct-2026-china-stage-1-gf
EDG,Breeze,atk,XLG,1,0,18,elim,2026-05-10 05:00:00,2,VCT 2026: China Stage 1,https://www.vlr.gg/659481/edward-gaming-vs-xi-lai-gaming-vct-2026-china-stage-1-gf
EDG,Breeze,def,XLG,1,0,1,elim,2026-05-10 05:00:00,2,VCT 2026: China Stage 1,https://www.vlr.gg/659481/edward-gaming-vs-xi-lai-gaming-vct-2026-china-stage-1-gf
EDG,Breeze,def,XLG,1,0,2,elim,2026-05-10 05:00:00,2,VCT 2026: China Stage 1,https://www.vlr.gg/659481/edward-gaming-vs-xi-lai-gaming-vct-2026-china-stage-1-gf
EDG,Breeze,def,XLG,0,1,3,elim,2026-05-10 05:00:00,2,VCT 2026: China Stage 1,https://www.vlr.gg/659481/edward-gaming-vs-xi-lai-gaming-vct-2026-china-stage-1-gf
EDG,Breeze,def,XLG,1,0,4,tim,2026-05-10 05:00:00,2,VCT 2026: China Stage 1,https://www.vlr.gg/659481/edward-gaming-vs-xi-lai-gaming-vct-2026-china-stage-1-gf
EDG,Breeze,def,XLG,1,0,5,elim,2026-05-10 05:00:00,2,VCT 2026: China Stage 1,https://www.vlr.gg/659481/edward-gaming-vs-xi-lai-gaming-vct-2026-china-stage-1-gf
EDG,Breeze,def,XLG,1,0,6,elim,2026-05-10 05:00:00,2,VCT 2026: China Stage 1,https://www.vlr.gg/659481/edward-gaming-vs-xi-lai-gaming-vct-2026-china-stage-1-gf
EDG,Breeze,def,XLG,0,1,7,elim,2026-05-10 05:00:00,2,VCT 2026: China Stage 1,https://www.vlr.gg/659481/edward-gaming-vs-xi-lai-gaming-vct-2026-china-stage-1-gf
EDG,Breeze,def,XLG,1,0,8,defus,2026-05-10 05:00:00,2,VCT 2026: China Stage 1,https://www.vlr.gg/659481/edward-gaming-vs-xi-lai-gaming-vct-2026-china-stage-1-gf
EDG,Breeze,def,XLG,0,1,9,boom,2026-05-10 05:00:00,2,VCT 2026: China Stage 1,https://www.vlr.gg/659481/edward-gaming-vs-xi-lai-gaming-vct-2026-china-stage-1-gf
EDG,Breeze,def,XLG,1,0,10,elim,2026-05-10 05:00:00,2,VCT 2026: China Stage 1,https://www.vlr.gg/659481/edward-gaming-vs-xi-lai-gaming-vct-2026-china-stage-1-gf
EDG,Breeze,def,XLG,1,0,11,defus,2026-05-10 05:00:00,2,VCT 2026: China Stage 1,https://www.vlr.gg/659481/edward-gaming-vs-xi-lai-gaming-vct-2026-china-stage-1-gf
EDG,Breeze,def,XLG,1,0,12,elim,2026-05-10 05:00:00,2,VCT 2026: China Stage 1,https://www.vlr.gg/659481/edward-gaming-vs-xi-lai-gaming-vct-2026-china-stage-1-gf
EDG,Haven,atk,XLG,1,0,1,elim,2026-05-10 05:00:00,3,VCT 2026: China Stage 1,https://www.vlr.gg/659481/edward-gaming-vs-xi-lai-gaming-vct-2026-china-stage-1-gf
EDG,Haven,atk,XLG,1,0,2,elim,2026-05-10 05:00:00,3,VCT 2026: China Stage 1,https://www.vlr.gg/659481/edward-gaming-vs-xi-lai-gaming-vct-2026-china-stage-1-gf
EDG,Haven,atk,XLG,0,1,3,elim,2026-05-10 05:00:00,3,VCT 2026: China Stage 1,https://www.vlr.gg/659481/edward-gaming-vs-xi-lai-gaming-vct-2026-china-stage-1-gf
EDG,Haven,atk,XLG,0,1,4,defus,2026-05-10 05:00:00,3,VCT 2026: China Stage 1,https://www.vlr.gg/659481/edward-gaming-vs-xi-lai-gaming-vct-2026-china-stage-1-gf
EDG,Haven,atk,XLG,1,0,5,elim,2026-05-10 05:00:00,3,VCT 2026: China Stage 1,https://www.vlr.gg/659481/edward-gaming-vs-xi-lai-gaming-vct-2026-china-stage-1-gf
EDG,Haven,atk,XLG,1,0,6,elim,2026-05-10 05:00:00,3,VCT 2026: China Stage 1,https://www.vlr.gg/659481/edward-gaming-vs-xi-lai-gaming-vct-2026-china-stage-1-gf
EDG,Haven,atk,XLG,0,1,7,elim,2026-05-10 05:00:00,3,VCT 2026: China Stage 1,https://www.vlr.gg/659481/edward-gaming-vs-xi-lai-gaming-vct-2026-china-stage-1-gf
EDG,Haven,atk,XLG,0,1,8,defus,2026-05-10 05:00:00,3,VCT 2026: China Stage 1,https://www.vlr.gg/659481/edward-gaming-vs-xi-lai-gaming-vct-2026-china-stage-1-gf
EDG,Haven,atk,XLG,1,0,9,elim,2026-05-10 05:00:00,3,VCT 2026: China Stage 1,https://www.vlr.gg/659481/edward-gaming-vs-xi-lai-gaming-vct-2026-china-stage-1-gf
EDG,Haven,atk,XLG,1,0,10,elim,2026-05-10 05:00:00,3,VCT 2026: China Stage 1,https://www.vlr.gg/659481/edward-gaming-vs-xi-lai-gaming-vct-2026-china-stage-1-gf
EDG,Haven,atk,XLG,0,1,11,tim,2026-05-10 05:00:00,3,VCT 2026: China Stage 1,https://www.vlr.gg/659481/edward-gaming-vs-xi-lai-gaming-vct-2026-china-stage-1-gf
EDG,Haven,atk,XLG,0,1,12,elim,2026-05-10 05:00:00,3,VCT 2026: China Stage 1,https://www.vlr.gg/659481/edward-gaming-vs-xi-lai-gaming-vct-2026-china-stage-1-gf
EDG,Haven,def,XLG,0,1,13,elim,2026-05-10 05:00:00,3,VCT 2026: China Stage 1,https://www.vlr.gg/659481/edward-gaming-vs-xi-lai-gaming-vct-2026-china-stage-1-gf
EDG,Haven,def,XLG,0,1,14,elim,2026-05-10 05:00:00,3,VCT 2026: China Stage 1,https://www.vlr.gg/659481/edward-gaming-vs-xi-lai-gaming-vct-2026-china-stage-1-gf
EDG,Haven,def,XLG,0,1,15,boom,2026-05-10 05:00:00,3,VCT 2026: China Stage 1,https://www.vlr.gg/659481/edward-gaming-vs-xi-lai-gaming-vct-2026-china-stage-1-gf
EDG,Haven,def,XLG,0,1,16,boom,2026-05-10 05:00:00,3,VCT 2026: China Stage 1,https://www.vlr.gg/659481/edward-gaming-vs-xi-lai-gaming-vct-2026-china-stage-1-gf
EDG,Haven,def,XLG,1,0,17,defus,2026-05-10 05:00:00,3,VCT 2026: China Stage 1,https://www.vlr.gg/659481/edward-gaming-vs-xi-lai-gaming-vct-2026-china-stage-1-gf
EDG,Haven,def,XLG,0,1,18,elim,2026-05-10 05:00:00,3,VCT 2026: China Stage 1,https://www.vlr.gg/659481/edward-gaming-vs-xi-lai-gaming-vct-2026-china-stage-1-gf
EDG,Haven,def,XLG,0,1,19,elim,2026-05-10 05:00:00,3,VCT 2026: China Stage 1,https://www.vlr.gg/659481/edward-gaming-vs-xi-lai-gaming-vct-2026-china-stage-1-gf
EDG,Haven,def,XLG,1,0,20,defus,2026-05-10 05:00:00,3,VCT 2026: China Stage 1,https://www.vlr.gg/659481/edward-gaming-vs-xi-lai-gaming-vct-2026-china-stage-1-gf
EDG,Haven,def,XLG,1,0,21,defus,2026-05-10 05:00:00,3,VCT 2026: China Stage 1,https://www.vlr.gg/659481/edward-gaming-vs-xi-lai-gaming-vct-2026-china-stage-1-gf
EDG,Haven,def,XLG,0,1,22,elim,2026-05-10 05:00:00,3,VCT 2026: China Stage 1,https://www.vlr.gg/659481/edward-gaming-vs-xi-lai-gaming-vct-2026-china-stage-1-gf
EDG,Pearl,atk,XLG,1,0,1,elim,2026-05-10 05:00:00,4,VCT 2026: China Stage 1,https://www.vlr.gg/659481/edward-gaming-vs-xi-lai-gaming-vct-2026-china-stage-1-gf
EDG,Pearl,atk,XLG,0,1,2,elim,2026-05-10 05:00:00,4,VCT 2026: China Stage 1,https://www.vlr.gg/659481/edward-gaming-vs-xi-lai-gaming-vct-2026-china-stage-1-gf
EDG,Pearl,atk,XLG,0,1,3,elim,2026-05-10 05:00:00,4,VCT 2026: China Stage 1,https://www.vlr.gg/659481/edward-gaming-vs-xi-lai-gaming-vct-2026-china-stage-1-gf
EDG,Pearl,atk,XLG,0,1,4,elim,2026-05-10 05:00:00,4,VCT 2026: China Stage 1,https://www.vlr.gg/659481/edward-gaming-vs-xi-lai-gaming-vct-2026-china-stage-1-gf
EDG,Pearl,atk,XLG,1,0,5,elim,2026-05-10 05:00:00,4,VCT 2026: China Stage 1,https://www.vlr.gg/659481/edward-gaming-vs-xi-lai-gaming-vct-2026-china-stage-1-gf
EDG,Pearl,atk,XLG,1,0,6,elim,2026-05-10 05:00:00,4,VCT 2026: China Stage 1,https://www.vlr.gg/659481/edward-gaming-vs-xi-lai-gaming-vct-2026-china-stage-1-gf
EDG,Pearl,atk,XLG,1,0,7,elim,2026-05-10 05:00:00,4,VCT 2026: China Stage 1,https://www.vlr.gg/659481/edward-gaming-vs-xi-lai-gaming-vct-2026-china-stage-1-gf
EDG,Pearl,atk,XLG,1,0,8,elim,2026-05-10 05:00:00,4,VCT 2026: China Stage 1,https://www.vlr.gg/659481/edward-gaming-vs-xi-lai-gaming-vct-2026-china-stage-1-gf
EDG,Pearl,atk,XLG,1,0,9,elim,2026-05-10 05:00:00,4,VCT 2026: China Stage 1,https://www.vlr.gg/659481/edward-gaming-vs-xi-lai-gaming-vct-2026-china-stage-1-gf
EDG,Pearl,atk,XLG,1,0,10,elim,2026-05-10 05:00:00,4,VCT 2026: China Stage 1,https://www.vlr.gg/659481/edward-gaming-vs-xi-lai-gaming-vct-2026-china-stage-1-gf
EDG,Pearl,atk,XLG,1,0,11,boom,2026-05-10 05:00:00,4,VCT 2026: China Stage 1,https://www.vlr.gg/659481/edward-gaming-vs-xi-lai-gaming-vct-2026-china-stage-1-gf
EDG,Pearl,atk,XLG,0,1,12,defus,2026-05-10 05:00:00,4,VCT 2026: China Stage 1,https://www.vlr.gg/659481/edward-gaming-vs-xi-lai-gaming-vct-2026-china-stage-1-gf
EDG,Pearl,def,XLG,1,0,13,elim,2026-05-10 05:00:00,4,VCT 2026: China Stage 1,https://www.vlr.gg/659481/edward-gaming-vs-xi-lai-gaming-vct-2026-china-stage-1-gf
EDG,Pearl,def,XLG,1,0,14,elim,2026-05-10 05:00:00,4,VCT 2026: China Stage 1,https://www.vlr.gg/659481/edward-gaming-vs-xi-lai-gaming-vct-2026-china-stage-1-gf
EDG,Pearl,def,XLG,1,0,15,defus,2026-05-10 05:00:00,4,VCT 2026: China Stage 1,https://www.vlr.gg/659481/edward-gaming-vs-xi-lai-gaming-vct-2026-china-stage-1-gf
EDG,Pearl,def,XLG,1,0,16,defus,2026-05-10 05:00:00,4,VCT 2026: China Stage 1,https://www.vlr.gg/659481/edward-gaming-vs-xi-lai-gaming-vct-2026-china-stage-1-gf
EDG,Pearl,def,XLG,1,0,17,elim,2026-05-10 05:00:00,4,VCT 2026: China Stage 1,https://www.vlr.gg/659481/edward-gaming-vs-xi-lai-gaming-vct-2026-china-stage-1-gf
