team,player,agent,ratingBoth,ratingT,rating-ct,acsBoth,acsT,acsCT,killsBoth,killsT,killsCT,deadBoth,deadT,deadCT,assistsBoth,assistsT,assistsCT,k-dBoth,k-dT,k-dCT,kastBoth,kastT,kastCT,adrBoth,adrT,adrCT,hsBoth,hsT,hsCT,fkBoth,fkT,fkCT,fdBoth,fdT,fdCT,fk-fdBoth,fk-fdT,fk-fdCT,map,map_id_vlr,map_duration,date,source_url,event
XLG,NoMan,Jett,1.17,0.89,1.34,236.0,214.0,249.0,15.0,5.0,10.0,14.0,6.0,8.0,2.0,1.0,1.0,1.0,-1.0,2.0,0.68,0.57,0.75,139.0,121.0,149.0,0.52,0.56,0.5,2.0,1.0,1.0,3.0,2.0,1.0,-1.0,-1.0,0.0,Pearl,270746,44:32,2026-06-06 10:00:00,https://www.vlr.gg/684613/xi-lai-gaming-vs-nrg-valorant-masters-london-2026-r1,Valorant Masters London 2026
XLG,Lysoar,Astra,0.88,0.36,1.19,173.0,58.0,240.0,12.0,1.0,11.0,15.0,6.0,9.0,8.0,2.0,6.0,-3.0,-5.0,2.0,0.68,0.57,0.75,116.0,37.0,163.0,0.23,0.14,0.25,0.0,0.0,0.0,1.0,0.0,1.0,-1.0,0.0,-1.0,Pearl,270746,44:32,2026-06-06 10:00:00,https://www.vlr.gg/684613/xi-lai-gaming-vs-nrg-valorant-masters-london-2026-r1,Valorant Masters London 2026
XLG,happywei,Vyse,0.8,0.44,1.0,168.0,66.0,228.0,12.0,2.0,10.0,16.0,6.0,10.0,2.0,1.0,1.0,-4.0,-4.0,0.0,0.68,0.57,0.75,110.0,30.0,157.0,0.38,0.0,0.5,2.0,0.0,2.0,1.0,0.0,1.0,1.0,0.0,1.0,Pearl,270746,44:32,2026-06-06 10:00:00,https://www.vlr.gg/684613/xi-lai-gaming-vs-nrg-valorant-masters-london-2026-r1,Valorant Masters London 2026
XLG,Rarga,Phoenix,0.76,0.69,0.8,172.0,192.0,162.0,11.0,5.0,6.0,15.0,6.0,9.0,5.0,0.0,5.0,-4.0,-1.0,-3.0,0.68,0.86,0.58,116.0,113.0,117.0,0.5,0.5,0.5,3.0,1.0,2.0,2.0,1.0,1.0,1.0,0.0,1.0,Pearl,270746,44:32,2026-06-06 10:00:00,https://www.vlr.gg/684613/xi-lai-gaming-vs-nrg-valorant-masters-london-2026-r1,Valorant Masters London 2026
XLG,WsLeo,Fade,0.59,0.91,0.41,148.0,170.0,137.0,8.0,3.0,5.0,15.0,5.0,10.0,7.0,3.0,4.0,-7.0,-2.0,-5.0,0.68,0.71,0.67,104.0,140.0,83.0,0.16,0.23,0.11,1.0,0.0,1.0,4.0,2.0,2.0,-3.0,-2.0,-1.0,Pearl,270746,44:32,2026-06-06 10:00:00,https://www.vlr.gg/684613/xi-lai-gaming-vs-nrg-valorant-masters-london-2026-r1,Valorant Masters London 2026
NRG,keiko,Vyse,1.69,1.52,1.99,352.0,324.0,402.0,26.0,15.0,11.0,14.0,10.0,4.0,3.0,0.0,3.0,12.0,5.0,7.0,0.84,0.75,1.0,211.0,190.0,248.0,0.25,0.34,0.16,2.0,1.0,1.0,0.0,0.0,0.0,2.0,1.0,1.0,Pearl,270746,44:32,2026-06-06 10:00:00,https://www.vlr.gg/684613/xi-lai-gaming-vs-nrg-valorant-masters-london-2026-r1,Valorant Masters London 2026
NRG,brawk,Sova,1.33,1.29,1.39,215.0,224.0,201.0,11.0,7.0,4.0,9.0,7.0,2.0,12.0,9.0,3.0,2.0,0.0,2.0,0.89,0.83,1.0,173.0,184.0,154.0,0.25,0.33,0.14,1.0,0.0,1.0,0.0,0.0,0.0,1.0,0.0,1.0,Pearl,270746,44:32,2026-06-06 10:00:00,https://www.vlr.gg/684613/xi-lai-gaming-vs-nrg-valorant-masters-london-2026-r1,Valorant Masters London 2026
NRG,mada,Waylay,1.04,0.65,1.7,211.0,171.0,280.0,17.0,8.0,9.0,11.0,9.0,2.0,2.0,2.0,0.0,6.0,-1.0,7.0,0.63,0.5,0.86,143.0,117.0,187.0,0.34,0.3,0.44,4.0,3.0,1.0,4.0,3.0,1.0,0.0,0.0,0.0,Pearl,270746,44:32,2026-06-06 10:00:00,https://www.vlr.gg/684613/xi-lai-gaming-vs-nrg-valorant-masters-london-2026-r1,Valorant Masters London 2026
NRG,Ethan,Tejo,0.92,0.86,1.02,196.0,202.0,187.0,13.0,9.0,4.0,13.0,9.0,4.0,4.0,2.0,2.0,0.0,0.0,0.0,0.84,0.83,0.86,126.0,124.0,129.0,0.26,0.21,0.4,3.0,1.0,2.0,4.0,3.0,1.0,-1.0,-2.0,1.0,Pearl,270746,44:32,2026-06-06 10:00:00,https://www.vlr.gg/684613/xi-lai-gaming-vs-nrg-valorant-masters-london-2026-r1,Valorant Masters London 2026
NRG,skuba,Astra,0.89,1.16,0.43,140.0,192.0,51.0,8.0,7.0,1.0,11.0,7.0,4.0,8.0,8.0,0.0,-3.0,0.0,-3.0,0.68,0.67,0.71,94.0,125.0,41.0,0.19,0.15,0.67,1.0,1.0,0.0,0.0,0.0,0.0,1.0,1.0,0.0,Pearl,270746,44:32,2026-06-06 10:00:00,https://www.vlr.gg/684613/xi-lai-gaming-vs-nrg-valorant-masters-london-2026-r1,Valorant Masters London 2026
XLG,happywei,Vyse,1.0,0.6,1.32,210.0,125.0,287.0,34.0,8.0,26.0,33.0,16.0,17.0,6.0,1.0,5.0,1.0,-8.0,9.0,0.74,0.58,0.88,137.0,80.0,182.0,0.33,0.33,0.33,6.0,2.0,4.0,1.0,0.0,1.0,5.0,2.0,3.0,all,all,all,2026-06-06 10:00:00,https://www.vlr.gg/684613/xi-lai-gaming-vs-nrg-valorant-masters-london-2026-r1,Valorant Masters London 2026
XLG,NoMan,Jett,0.89,0.54,1.18,192.0,155.0,212.0,27.0,10.0,17.0,30.0,16.0,14.0,8.0,3.0,5.0,-3.0,-6.0,3.0,0.65,0.53,0.75,111.0,89.0,129.0,0.34,0.35,0.33,5.0,2.0,3.0,7.0,6.0,1.0,-2.0,-4.0,2.0,all,all,all,2026-06-06 10:00:00,https://www.vlr.gg/684613/xi-lai-gaming-vs-nrg-valorant-masters-london-2026-r1,Valorant Masters London 2026
XLG,Lysoar,Astra,0.85,0.45,1.16,167.0,99.0,219.0,26.0,5.0,21.0,33.0,17.0,16.0,19.0,6.0,13.0,-7.0,-12.0,5.0,0.72,0.63,0.79,113.0,63.0,154.0,0.23,0.15,0.26,2.0,1.0,1.0,1.0,0.0,1.0,1.0,1.0,0.0,all,all,all,2026-06-06 10:00:00,https://www.vlr.gg/684613/xi-lai-gaming-vs-nrg-valorant-masters-london-2026-r1,Valorant Masters London 2026
XLG,WsLeo,Fade,0.85,0.6,1.05,191.0,134.0,245.0,26.0,7.0,19.0,34.0,16.0,18.0,17.0,5.0,12.0,-8.0,-9.0,1.0,0.7,0.58,0.79,133.0,106.0,154.0,0.21,0.18,0.23,4.0,0.0,4.0,7.0,3.0,4.0,-3.0,-3.0,0.0,all,all,all,2026-06-06 10:00:00,https://www.vlr.gg/684613/xi-lai-gaming-vs-nrg-valorant-masters-london-2026-r1,Valorant Masters London 2026
XLG,Rarga,Phoenix,0.82,0.91,0.74,160.0,190.0,135.0,25.0,14.0,11.0,31.0,15.0,16.0,12.0,2.0,10.0,-6.0,-1.0,-5.0,0.74,0.74,0.75,101.0,113.0,92.0,0.41,0.44,0.38,4.0,2.0,2.0,5.0,2.0,3.0,-1.0,0.0,-1.0,all,all,all,2026-06-06 10:00:00,https://www.vlr.gg/684613/xi-lai-gaming-vs-nrg-valorant-masters-london-2026-r1,Valorant Masters London 2026
NRG,keiko,Vyse,1.85,1.64,2.11,370.0,337.0,418.0,60.0,30.0,30.0,29.0,20.0,9.0,8.0,3.0,5.0,31.0,10.0,21.0,0.79,0.75,0.84,230.0,217.0,245.0,0.31,0.43,0.21,7.0,3.0,4.0,1.0,0.0,1.0,6.0,3.0,3.0,all,all,all,2026-06-06 10:00:00,https://www.vlr.gg/684613/xi-lai-gaming-vs-nrg-valorant-masters-london-2026-r1,Valorant Masters London 2026
NRG,brawk,Sova,1.01,0.76,1.31,194.0,167.0,224.0,24.0,10.0,14.0,26.0,19.0,7.0,21.0,11.0,10.0,-2.0,-9.0,7.0,0.72,0.63,0.84,143.0,132.0,156.0,0.17,0.21,0.13,2.0,0.0,2.0,1.0,1.0,0.0,1.0,-1.0,2.0,all,all,all,2026-06-06 10:00:00,https://www.vlr.gg/684613/xi-lai-gaming-vs-nrg-valorant-masters-london-2026-r1,Valorant Masters London 2026
NRG,skuba,Astra,0.91,1.19,0.56,145.0,202.0,74.0,20.0,16.0,4.0,25.0,16.0,9.0,17.0,12.0,5.0,-5.0,0.0,-5.0,0.72,0.67,0.79,101.0,133.0,61.0,0.2,0.18,0.23,2.0,2.0,0.0,3.0,1.0,2.0,-1.0,1.0,-2.0,all,all,all,2026-06-06 10:00:00,https://www.vlr.gg/684613/xi-lai-gaming-vs-nrg-valorant-masters-london-2026-r1,Valorant Masters London 2026
NRG,mada,Waylay,0.89,0.65,1.2,184.0,160.0,208.0,30.0,14.0,16.0,27.0,19.0,8.0,8.0,4.0,4.0,3.0,-5.0,8.0,0.7,0.54,0.89,122.0,110.0,136.0,0.25,0.28,0.22,6.0,4.0,2.0,8.0,6.0,2.0,-2.0,-2.0,0.0,all,all,all,2026-06-06 10:00:00,https://www.vlr.gg/684613/xi-lai-gaming-vs-nrg-valorant-masters-london-2026-r1,Valorant Masters London 2026
NRG,Ethan,Tejo,0.85,0.5,1.28,184.0,136.0,241.0,27.0,11.0,16.0,31.0,20.0,11.0,15.0,5.0,10.0,-4.0,-9.0,5.0,0.74,0.63,0.89,117.0,95.0,145.0,0.21,0.2,0.23,4.0,1.0,3.0,8.0,6.0,2.0,-4.0,-5.0,1.0,all,all,all,2026-06-06 10:00:00,https://www.vlr.gg/684613/xi-lai-gaming-vs-nrg-valorant-masters-london-2026-r1,Valorant Masters London 2026
XLG,happywei,Cypher,1.17,0.69,1.64,252.0,159.0,346.0,22.0,6.0,16.0,17.0,10.0,7.0,4.0,0.0,4.0,5.0,-4.0,9.0,0.79,0.58,1.0,159.0,109.0,208.0,0.31,0.47,0.26,4.0,2.0,2.0,0.0,0.0,0.0,4.0,2.0,2.0,Lotus,270747,56:56,2026-06-06 10:00:00,https://www.vlr.gg/684613/xi-lai-gaming-vs-nrg-valorant-masters-london-2026-r1,Valorant Masters London 2026
XLG,WsLeo,Fade,1.06,0.42,1.7,233.0,114.0,353.0,18.0,4.0,14.0,19.0,11.0,8.0,10.0,2.0,8.0,-1.0,-7.0,6.0,0.71,0.5,0.92,156.0,85.0,226.0,0.24,0.13,0.3,3.0,0.0,3.0,3.0,1.0,2.0,0.0,-1.0,1.0,Lotus,270747,56:56,2026-06-06 10:00:00,https://www.vlr.gg/684613/xi-lai-gaming-vs-nrg-valorant-masters-london-2026-r1,Valorant Masters London 2026
XLG,Rarga,Sage,0.86,1.04,0.68,148.0,189.0,108.0,14.0,9.0,5.0,16.0,9.0,7.0,7.0,2.0,5.0,-2.0,0.0,-2.0,0.79,0.67,0.92,89.0,113.0,66.0,0.34,0.41,0.25,1.0,1.0,0.0,3.0,1.0,2.0,-2.0,0.0,-2.0,Lotus,270747,56:56,2026-06-06 10:00:00,https://www.vlr.gg/684613/xi-lai-gaming-vs-nrg-valorant-masters-london-2026-r1,Valorant Masters London 2026
XLG,Lysoar,Omen,0.82,0.5,1.14,160.0,122.0,198.0,14.0,4.0,10.0,18.0,11.0,7.0,11.0,4.0,7.0,-4.0,-7.0,3.0,0.75,0.67,0.83,111.0,78.0,145.0,0.22,0.15,0.28,2.0,1.0,1.0,0.0,0.0,0.0,2.0,1.0,1.0,Lotus,270747,56:56,2026-06-06 10:00:00,https://www.vlr.gg/684613/xi-lai-gaming-vs-nrg-valorant-masters-london-2026-r1,Valorant Masters London 2026
XLG,NoMan,Deadlock,0.67,0.33,1.02,147.0,120.0,175.0,12.0,5.0,7.0,16.0,10.0,6.0,6.0,2.0,4.0,-4.0,-5.0,1.0,0.63,0.5,0.75,90.0,70.0,109.0,0.24,0.21,0.26,3.0,1.0,2.0,4.0,4.0,0.0,-1.0,-3.0,2.0,Lotus,270747,56:56,2026-06-06 10:00:00,https://www.vlr.gg/684613/xi-lai-gaming-vs-nrg-valorant-masters-london-2026-r1,Valorant Masters London 2026
NRG,keiko,Omen,1.97,1.76,2.18,388.0,350.0,427.0,34.0,15.0,19.0,15.0,10.0,5.0,5.0,3.0,2.0,19.0,5.0,14.0,0.75,0.75,0.75,244.0,244.0,244.0,0.36,0.52,0.26,5.0,2.0,3.0,1.0,0.0,1.0,4.0,2.0,2.0,Lotus,270747,56:56,2026-06-06 10:00:00,https://www.vlr.gg/684613/xi-lai-gaming-vs-nrg-valorant-masters-london-2026-r1,Valorant Masters London 2026
NRG,skuba,Viper,0.93,1.23,0.63,150.0,213.0,88.0,12.0,9.0,3.0,14.0,9.0,5.0,9.0,4.0,5.0,-2.0,0.0,-2.0,0.75,0.67,0.83,107.0,141.0,73.0,0.2,0.23,0.16,1.0,1.0,0.0,3.0,1.0,2.0,-2.0,0.0,-2.0,Lotus,270747,56:56,2026-06-06 10:00:00,https://www.vlr.gg/684613/xi-lai-gaming-vs-nrg-valorant-masters-london-2026-r1,Valorant Masters London 2026
NRG,Ethan,Fade,0.79,0.15,1.43,171.0,70.0,273.0,14.0,2.0,12.0,18.0,11.0,7.0,11.0,3.0,8.0,-4.0,-9.0,5.0,0.67,0.42,0.92,110.0,65.0,154.0,0.18,0.17,0.18,1.0,0.0,1.0,4.0,3.0,1.0,-3.0,-3.0,0.0,Lotus,270747,56:56,2026-06-06 10:00:00,https://www.vlr.gg/684613/xi-lai-gaming-vs-nrg-valorant-masters-london-2026-r1,Valorant Masters London 2026
NRG,mada,Raze,0.78,0.65,0.91,157.0,148.0,167.0,13.0,6.0,7.0,16.0,10.0,6.0,6.0,2.0,4.0,-3.0,-4.0,1.0,0.75,0.58,0.92,105.0,103.0,107.0,0.19,0.26,0.13,2.0,1.0,1.0,4.0,3.0,1.0,-2.0,-2.0,0.0,Lotus,270747,56:56,2026-06-06 10:00:00,https://www.vlr.gg/684613/xi-lai-gaming-vs-nrg-valorant-masters-london-2026-r1,Valorant Masters London 2026
NRG,brawk,Vyse,0.75,0.24,1.27,173.0,110.0,238.0,13.0,3.0,10.0,17.0,12.0,5.0,9.0,2.0,7.0,-4.0,-9.0,5.0,0.58,0.42,0.75,119.0,80.0,157.0,0.11,0.07,0.13,1.0,0.0,1.0,1.0,1.0,0.0,0.0,-1.0,1.0,Lotus,270747,56:56,2026-06-06 10:00:00,https://www.vlr.gg/684613/xi-lai-gaming-vs-nrg-valorant-masters-london-2026-r1,Valorant Masters London 2026
VIT,Derke,Raze,1.51,1.47,1.53,276.0,285.0,272.0,19.0,6.0,13.0,10.0,4.0,6.0,3.0,2.0,1.0,9.0,2.0,7.0,0.78,0.83,0.75,180.0,203.0,168.0,0.38,0.5,0.3,5.0,0.0,5.0,1.0,0.0,1.0,4.0,0.0,4.0,Lotus,270737,43:10,2026-06-06 12:30:00,https://www.vlr.gg/684610/team-vitality-vs-dragon-ranger-gaming-valorant-masters-london-2026-r1,Valorant Masters London 2026
VIT,Sayonara,Viper,1.42,0.75,1.75,294.0,182.0,350.0,19.0,4.0,15.0,10.0,4.0,6.0,6.0,0.0,6.0,9.0,0.0,9.0,0.78,0.5,0.92,180.0,97.0,222.0,0.19,0.25,0.19,4.0,2.0,2.0,1.0,1.0,0.0,3.0,1.0,2.0,Lotus,270737,43:10,2026-06-06 12:30:00,https://www.vlr.gg/684610/team-vitality-vs-dragon-ranger-gaming-valorant-masters-london-2026-r1,Valorant Masters London 2026
VIT,PROFEK,Omen,1.24,1.64,1.04,213.0,287.0,177.0,14.0,7.0,7.0,8.0,2.0,6.0,5.0,1.0,4.0,6.0,5.0,1.0,0.72,0.83,0.67,141.0,169.0,127.0,0.25,0.33,0.21,3.0,1.0,2.0,0.0,0.0,0.0,3.0,1.0,2.0,Lotus,270737,43:10,2026-06-06 12:30:00,https://www.vlr.gg/684610/team-vitality-vs-dragon-ranger-gaming-valorant-masters-london-2026-r1,Valorant Masters London 2026
VIT,Jamppi,Fade,1.22,2.02,0.82,207.0,348.0,137.0,13.0,8.0,5.0,9.0,3.0,6.0,7.0,0.0,7.0,4.0,5.0,-1.0,0.94,1.0,0.92,151.0,243.0,105.0,0.24,0.47,0.08,2.0,1.0,1.0,1.0,0.0,1.0,1.0,1.0,0.0,Lotus,270737,43:10,2026-06-06 12:30:00,https://www.vlr.gg/684610/team-vitality-vs-dragon-ranger-gaming-valorant-masters-london-2026-r1,Valorant Masters London 2026
VIT,Chronicle,Vyse,1.0,0.71,1.14,177.0,125.0,204.0,13.0,3.0,10.0,8.0,3.0,5.0,4.0,0.0,4.0,5.0,0.0,5.0,0.78,0.5,0.92,111.0,81.0,126.0,0.25,0.08,0.35,0.0,0.0,0.0,1.0,1.0,0.0,-1.0,-1.0,0.0,Lotus,270737,43:10,2026-06-06 12:30:00,https://www.vlr.gg/684610/team-vitality-vs-dragon-ranger-gaming-valorant-masters-london-2026-r1,Valorant Masters London 2026
DRG,vo0kashu,Cypher,0.93,1.02,0.74,216.0,211.0,227.0,11.0,7.0,4.0,16.0,10.0,6.0,4.0,4.0,0.0,-5.0,-3.0,-2.0,0.5,0.5,0.5,147.0,150.0,142.0,0.3,0.27,0.36,2.0,2.0,0.0,2.0,2.0,0.0,0.0,0.0,0.0,Lotus,270737,43:10,2026-06-06 12:30:00,https://www.vlr.gg/684610/team-vitality-vs-dragon-ranger-gaming-valorant-masters-london-2026-r1,Valorant Masters London 2026
DRG,Life,Chamber,0.9,1.21,0.28,205.0,241.0,136.0,14.0,11.0,3.0,16.0,10.0,6.0,1.0,1.0,0.0,-2.0,1.0,-3.0,0.39,0.5,0.17,119.0,138.0,80.0,0.63,0.54,1.0,1.0,0.0,1.0,6.0,3.0,3.0,-5.0,-3.0,-2.0,Lotus,270737,43:10,2026-06-06 12:30:00,https://www.vlr.gg/684610/team-vitality-vs-dragon-ranger-gaming-valorant-masters-london-2026-r1,Valorant Masters London 2026
DRG,Nicc,Skye,0.81,0.89,0.64,116.0,109.0,130.0,9.0,6.0,3.0,13.0,8.0,5.0,3.0,3.0,0.0,-4.0,-2.0,-2.0,0.5,0.5,0.5,76.0,72.0,83.0,0.46,0.37,0.8,0.0,0.0,0.0,1.0,1.0,0.0,-1.0,-1.0,0.0,Lotus,270737,43:10,2026-06-06 12:30:00,https://www.vlr.gg/684610/team-vitality-vs-dragon-ranger-gaming-valorant-masters-london-2026-r1,Valorant Masters London 2026
DRG,SpiritZ1,Waylay,0.41,0.35,0.53,136.0,109.0,192.0,8.0,4.0,4.0,17.0,11.0,6.0,2.0,2.0,0.0,-9.0,-7.0,-2.0,0.56,0.5,0.67,89.0,79.0,110.0,0.41,0.38,0.44,1.0,0.0,1.0,3.0,2.0,1.0,-2.0,-2.0,0.0,Lotus,270737,43:10,2026-06-06 12:30:00,https://www.vlr.gg/684610/team-vitality-vs-dragon-ranger-gaming-valorant-masters-london-2026-r1,Valorant Masters London 2026
DRG,Flex1n,Omen,0.3,0.27,0.36,82.0,74.0,99.0,3.0,1.0,2.0,16.0,11.0,5.0,6.0,5.0,1.0,-13.0,-10.0,-3.0,0.44,0.42,0.5,64.0,67.0,58.0,0.14,0.06,0.33,0.0,0.0,0.0,2.0,2.0,0.0,-2.0,-2.0,0.0,Lotus,270737,43:10,2026-06-06 12:30:00,https://www.vlr.gg/684610/team-vitality-vs-dragon-ranger-gaming-valorant-masters-london-2026-r1,Valorant Masters London 2026
VIT,Derke,Raze,1.41,1.29,1.55,285.0,266.0,306.0,37.0,18.0,19.0,20.0,11.0,9.0,5.0,3.0,2.0,17.0,7.0,10.0,0.74,0.72,0.75,180.0,165.0,197.0,0.37,0.46,0.29,11.0,4.0,7.0,5.0,3.0,2.0,6.0,1.0,5.0,all,all,all,2026-06-06 12:30:00,https://www.vlr.gg/684610/team-vitality-vs-dragon-ranger-gaming-valorant-masters-london-2026-r1,Valorant Masters London 2026
VIT,Sayonara,Viper,1.37,1.13,1.64,302.0,278.0,327.0,36.0,17.0,19.0,21.0,13.0,8.0,9.0,3.0,6.0,15.0,4.0,11.0,0.76,0.67,0.88,193.0,183.0,205.0,0.28,0.32,0.25,5.0,3.0,2.0,1.0,1.0,0.0,4.0,2.0,2.0,all,all,all,2026-06-06 12:30:00,https://www.vlr.gg/684610/team-vitality-vs-dragon-ranger-gaming-valorant-masters-london-2026-r1,Valorant Masters London 2026
VIT,PROFEK,Omen,1.3,1.44,1.15,201.0,230.0,172.0,28.0,18.0,10.0,16.0,9.0,7.0,10.0,5.0,5.0,12.0,9.0,3.0,0.74,0.72,0.75,130.0,141.0,118.0,0.32,0.46,0.21,4.0,2.0,2.0,0.0,0.0,0.0,4.0,2.0,2.0,all,all,all,2026-06-06 12:30:00,https://www.vlr.gg/684610/team-vitality-vs-dragon-ranger-gaming-valorant-masters-london-2026-r1,Valorant Masters London 2026
VIT,Chronicle,Vyse,1.22,1.09,1.37,183.0,135.0,237.0,26.0,11.0,15.0,14.0,7.0,7.0,7.0,1.0,6.0,12.0,4.0,8.0,0.82,0.72,0.94,124.0,93.0,159.0,0.23,0.17,0.28,1.0,0.0,1.0,2.0,2.0,0.0,-1.0,-2.0,1.0,all,all,all,2026-06-06 12:30:00,https://www.vlr.gg/684610/team-vitality-vs-dragon-ranger-gaming-valorant-masters-london-2026-r1,Valorant Masters London 2026
VIT,Jamppi,Fade,0.96,1.07,0.85,162.0,194.0,132.0,19.0,12.0,7.0,19.0,11.0,8.0,15.0,7.0,8.0,0.0,1.0,-1.0,0.82,0.78,0.88,116.0,134.0,96.0,0.28,0.45,0.1,3.0,2.0,1.0,2.0,1.0,1.0,1.0,1.0,0.0,all,all,all,2026-06-06 12:30:00,https://www.vlr.gg/684610/team-vitality-vs-dragon-ranger-gaming-valorant-masters-london-2026-r1,Valorant Masters London 2026
DRG,Life,Chamber,0.95,1.16,0.76,208.0,219.0,198.0,26.0,14.0,12.0,30.0,14.0,16.0,2.0,1.0,1.0,-4.0,0.0,-4.0,0.47,0.5,0.44,120.0,133.0,108.0,0.53,0.63,0.44,5.0,1.0,4.0,9.0,3.0,6.0,-4.0,-2.0,-2.0,all,all,all,2026-06-06 12:30:00,https://www.vlr.gg/684610/team-vitality-vs-dragon-ranger-gaming-valorant-masters-london-2026-r1,Valorant Masters London 2026
DRG,Nicc,Skye,0.86,0.91,0.82,152.0,142.0,157.0,20.0,10.0,10.0,26.0,12.0,14.0,5.0,3.0,2.0,-6.0,-2.0,-4.0,0.56,0.56,0.56,103.0,90.0,116.0,0.36,0.35,0.38,0.0,0.0,0.0,2.0,2.0,0.0,-2.0,-2.0,0.0,all,all,all,2026-06-06 12:30:00,https://www.vlr.gg/684610/team-vitality-vs-dragon-ranger-gaming-valorant-masters-london-2026-r1,Valorant Masters London 2026
DRG,vo0kashu,Cypher,0.86,0.85,0.86,200.0,192.0,210.0,19.0,8.0,11.0,29.0,14.0,15.0,14.0,7.0,7.0,-10.0,-6.0,-4.0,0.62,0.5,0.72,137.0,138.0,136.0,0.27,0.24,0.3,2.0,2.0,0.0,3.0,3.0,0.0,-1.0,-1.0,0.0,all,all,all,2026-06-06 12:30:00,https://www.vlr.gg/684610/team-vitality-vs-dragon-ranger-gaming-valorant-masters-london-2026-r1,Valorant Masters London 2026
DRG,SpiritZ1,Waylay,0.53,0.27,0.77,153.0,107.0,193.0,16.0,5.0,11.0,30.0,15.0,15.0,3.0,2.0,1.0,-14.0,-10.0,-4.0,0.5,0.44,0.56,106.0,76.0,132.0,0.38,0.44,0.34,2.0,0.0,2.0,6.0,2.0,4.0,-4.0,-2.0,-2.0,all,all,all,2026-06-06 12:30:00,https://www.vlr.gg/684610/team-vitality-vs-dragon-ranger-gaming-valorant-masters-london-2026-r1,Valorant Masters London 2026
DRG,Flex1n,Omen,0.35,0.23,0.46,92.0,75.0,107.0,9.0,2.0,7.0,31.0,15.0,16.0,9.0,5.0,4.0,-22.0,-13.0,-9.0,0.47,0.38,0.56,70.0,66.0,74.0,0.24,0.16,0.32,1.0,0.0,1.0,4.0,3.0,1.0,-3.0,-3.0,0.0,all,all,all,2026-06-06 12:30:00,https://www.vlr.gg/684610/team-vitality-vs-dragon-ranger-gaming-valorant-masters-london-2026-r1,Valorant Masters London 2026
VIT,Chronicle,Viper,1.47,1.28,2.03,189.0,140.0,338.0,13.0,8.0,5.0,6.0,4.0,2.0,3.0,1.0,2.0,7.0,4.0,3.0,0.88,0.83,1.0,139.0,99.0,259.0,0.21,0.22,0.19,1.0,0.0,1.0,1.0,1.0,0.0,0.0,-1.0,1.0,Breeze,270738,44:47,2026-06-06 12:30:00,https://www.vlr.gg/684610/team-vitality-vs-dragon-ranger-gaming-valorant-masters-london-2026-r1,Valorant Masters London 2026
VIT,PROFEK,Harbor,1.37,1.33,1.49,189.0,202.0,155.0,14.0,11.0,3.0,8.0,7.0,1.0,5.0,4.0,1.0,6.0,4.0,2.0,0.75,0.67,1.0,117.0,126.0,91.0,0.42,0.56,0.2,1.0,1.0,0.0,0.0,0.0,0.0,1.0,1.0,0.0,Breeze,270738,44:47,2026-06-06 12:30:00,https://www.vlr.gg/684610/team-vitality-vs-dragon-ranger-gaming-valorant-masters-london-2026-r1,Valorant Masters London 2026
VIT,Derke,Jett,1.31,1.21,1.6,294.0,257.0,407.0,18.0,12.0,6.0,10.0,7.0,3.0,2.0,1.0,1.0,8.0,5.0,3.0,0.69,0.67,0.75,181.0,147.0,284.0,0.36,0.43,0.25,6.0,4.0,2.0,4.0,3.0,1.0,2.0,1.0,1.0,Breeze,270738,44:47,2026-06-06 12:30:00,https://www.vlr.gg/684610/team-vitality-vs-dragon-ranger-gaming-valorant-masters-london-2026-r1,Valorant Masters London 2026
VIT,Sayonara,Sova,1.31,1.31,1.32,309.0,327.0,256.0,17.0,13.0,4.0,11.0,9.0,2.0,3.0,3.0,0.0,6.0,4.0,2.0,0.75,0.75,0.75,208.0,226.0,156.0,0.38,0.32,0.8,1.0,1.0,0.0,0.0,0.0,0.0,1.0,1.0,0.0,Breeze,270738,44:47,2026-06-06 12:30:00,https://www.vlr.gg/684610/team-vitality-vs-dragon-ranger-gaming-valorant-masters-london-2026-r1,Valorant Masters London 2026
VIT,Jamppi,Kayo,0.68,0.59,0.93,117.0,117.0,119.0,6.0,4.0,2.0,10.0,8.0,2.0,8.0,7.0,1.0,-4.0,-4.0,0.0,0.69,0.67,0.75,77.0,79.0,70.0,0.35,0.42,0.2,1.0,1.0,0.0,1.0,1.0,0.0,0.0,0.0,0.0,Breeze,270738,44:47,2026-06-06 12:30:00,https://www.vlr.gg/684610/team-vitality-vs-dragon-ranger-gaming-valorant-masters-london-2026-r1,Valorant Masters London 2026
DRG,Life,Chamber,1.01,1.02,1.0,210.0,154.0,230.0,12.0,3.0,9.0,14.0,4.0,10.0,1.0,0.0,1.0,-2.0,-1.0,-1.0,0.56,0.5,0.58,121.0,118.0,123.0,0.44,1.0,0.31,4.0,1.0,3.0,3.0,0.0,3.0,1.0,1.0,0.0,Breeze,270738,44:47,2026-06-06 12:30:00,https://www.vlr.gg/684610/team-vitality-vs-dragon-ranger-gaming-valorant-masters-london-2026-r1,Valorant Masters London 2026
DRG,Nicc,Sova,0.91,0.95,0.9,187.0,240.0,170.0,11.0,4.0,7.0,13.0,4.0,9.0,2.0,0.0,2.0,-2.0,0.0,-2.0,0.63,0.75,0.58,134.0,142.0,132.0,0.26,0.29,0.25,0.0,0.0,0.0,1.0,1.0,0.0,-1.0,-1.0,0.0,Breeze,270738,44:47,2026-06-06 12:30:00,https://www.vlr.gg/684610/team-vitality-vs-dragon-ranger-gaming-valorant-masters-london-2026-r1,Valorant Masters London 2026
DRG,vo0kashu,Viper,0.78,0.34,0.93,184.0,134.0,201.0,8.0,1.0,7.0,13.0,4.0,9.0,10.0,3.0,7.0,-5.0,-3.0,-2.0,0.75,0.5,0.83,126.0,103.0,134.0,0.23,0.13,0.27,0.0,0.0,0.0,1.0,1.0,0.0,-1.0,-1.0,0.0,Breeze,270738,44:47,2026-06-06 12:30:00,https://www.vlr.gg/684610/team-vitality-vs-dragon-ranger-gaming-valorant-masters-london-2026-r1,Valorant Masters London 2026
DRG,SpiritZ1,Jett,0.67,0.03,0.9,170.0,103.0,193.0,8.0,1.0,7.0,13.0,4.0,9.0,1.0,0.0,1.0,-5.0,-3.0,-2.0,0.44,0.25,0.5,125.0,68.0,144.0,0.35,0.67,0.3,1.0,0.0,1.0,3.0,0.0,3.0,-2.0,0.0,-2.0,Breeze,270738,44:47,2026-06-06 12:30:00,https://www.vlr.gg/684610/team-vitality-vs-dragon-ranger-gaming-valorant-masters-london-2026-r1,Valorant Masters London 2026
DRG,Flex1n,Astra,0.41,0.13,0.51,101.0,75.0,110.0,6.0,1.0,5.0,15.0,4.0,11.0,3.0,0.0,3.0,-9.0,-3.0,-6.0,0.5,0.25,0.58,77.0,62.0,82.0,0.38,0.67,0.31,1.0,0.0,1.0,2.0,1.0,1.0,-1.0,-1.0,0.0,Breeze,270738,44:47,2026-06-06 12:30:00,https://www.vlr.gg/684610/team-vitality-vs-dragon-ranger-gaming-valorant-masters-london-2026-r1,Valorant Masters London 2026
FS,primmie,Phoenix,0.83,0.94,0.52,205.0,210.0,190.0,11.0,8.0,3.0,14.0,10.0,4.0,1.0,1.0,0.0,-3.0,-2.0,-1.0,0.56,0.58,0.5,124.0,129.0,112.0,0.26,0.25,0.29,0.0,0.0,0.0,0.0,0.0,0.0,0.0,0.0,0.0,Fracture,270740,33:55,2026-06-07 10:00:00,https://www.vlr.gg/684611/full-sense-vs-fut-esports-valorant-masters-london-2026-r1,Valorant Masters London 2026
FS,Crws,Brimstone,0.71,0.86,0.26,162.0,178.0,115.0,8.0,7.0,1.0,15.0,11.0,4.0,8.0,6.0,2.0,-7.0,-4.0,-3.0,0.56,0.58,0.5,106.0,118.0,68.0,0.16,0.14,0.25,1.0,0.0,1.0,2.0,1.0,1.0,-1.0,-1.0,0.0,Fracture,270740,33:55,2026-06-07 10:00:00,https://www.vlr.gg/684611/full-sense-vs-fut-esports-valorant-masters-london-2026-r1,Valorant Masters London 2026
FS,Killua,Fade,0.56,0.75,0.03,132.0,158.0,58.0,8.0,7.0,1.0,15.0,11.0,4.0,1.0,1.0,0.0,-7.0,-4.0,-3.0,0.44,0.5,0.25,91.0,109.0,37.0,0.41,0.4,0.5,1.0,1.0,0.0,1.0,1.0,0.0,0.0,0.0,0.0,Fracture,270740,33:55,2026-06-07 10:00:00,https://www.vlr.gg/684611/full-sense-vs-fut-esports-valorant-masters-london-2026-r1,Valorant Masters London 2026
FS,Leviathan,Cypher,0.54,0.59,0.39,122.0,131.0,98.0,6.0,5.0,1.0,15.0,11.0,4.0,4.0,4.0,0.0,-9.0,-6.0,-3.0,0.38,0.42,0.25,85.0,93.0,62.0,0.33,0.27,0.5,1.0,1.0,0.0,3.0,2.0,1.0,-2.0,-1.0,-1.0,Fracture,270740,33:55,2026-06-07 10:00:00,https://www.vlr.gg/684611/full-sense-vs-fut-esports-valorant-masters-london-2026-r1,Valorant Masters London 2026
FS,JitBoyS,Neon,0.03,0.02,0.16,61.0,49.0,99.0,3.0,2.0,1.0,16.0,12.0,4.0,0.0,0.0,0.0,-13.0,-10.0,-3.0,0.31,0.25,0.5,38.0,30.0,63.0,0.33,0.4,0.25,1.0,1.0,0.0,6.0,5.0,1.0,-5.0,-4.0,-1.0,Fracture,270740,33:55,2026-06-07 10:00:00,https://www.vlr.gg/684611/full-sense-vs-fut-esports-valorant-masters-london-2026-r1,Valorant Masters London 2026
FUT,s0pp,Jett,1.96,3.02,1.61,401.0,539.0,356.0,22.0,8.0,14.0,8.0,1.0,7.0,6.0,0.0,6.0,14.0,7.0,7.0,1.0,1.0,1.0,254.0,327.0,229.0,0.31,0.6,0.25,4.0,2.0,2.0,0.0,0.0,0.0,4.0,2.0,2.0,Fracture,270740,33:55,2026-06-07 10:00:00,https://www.vlr.gg/684611/full-sense-vs-fut-esports-valorant-masters-london-2026-r1,Valorant Masters London 2026
FUT,yetujey,Cypher,1.61,1.45,1.66,251.0,166.0,280.0,15.0,3.0,12.0,6.0,1.0,5.0,6.0,0.0,6.0,9.0,2.0,7.0,0.81,0.75,0.83,190.0,154.0,202.0,0.27,0.57,0.22,2.0,0.0,2.0,0.0,0.0,0.0,2.0,0.0,2.0,Fracture,270740,33:55,2026-06-07 10:00:00,https://www.vlr.gg/684611/full-sense-vs-fut-esports-valorant-masters-london-2026-r1,Valorant Masters London 2026
FUT,xeus,Raze,1.4,1.21,1.47,233.0,128.0,268.0,16.0,3.0,13.0,7.0,1.0,6.0,1.0,0.0,1.0,9.0,2.0,7.0,0.75,0.75,0.75,138.0,86.0,155.0,0.36,0.5,0.33,4.0,0.0,4.0,1.0,0.0,1.0,3.0,0.0,3.0,Fracture,270740,33:55,2026-06-07 10:00:00,https://www.vlr.gg/684611/full-sense-vs-fut-esports-valorant-masters-london-2026-r1,Valorant Masters London 2026
FUT,sociablEE,Brimstone,1.2,1.69,1.03,191.0,305.0,154.0,12.0,5.0,7.0,8.0,2.0,6.0,8.0,1.0,7.0,4.0,3.0,1.0,0.94,0.75,1.0,112.0,162.0,96.0,0.3,0.33,0.27,1.0,1.0,0.0,2.0,1.0,1.0,-1.0,0.0,-1.0,Fracture,270740,33:55,2026-06-07 10:00:00,https://www.vlr.gg/684611/full-sense-vs-fut-esports-valorant-masters-london-2026-r1,Valorant Masters London 2026
FUT,KROSTALY,Fade,1.06,0.75,1.16,157.0,92.0,179.0,10.0,1.0,9.0,7.0,2.0,5.0,4.0,2.0,2.0,3.0,-1.0,4.0,0.88,0.75,0.92,105.0,107.0,104.0,0.16,0.09,0.19,1.0,0.0,1.0,1.0,0.0,1.0,0.0,0.0,0.0,Fracture,270740,33:55,2026-06-07 10:00:00,https://www.vlr.gg/684611/full-sense-vs-fut-esports-valorant-masters-london-2026-r1,Valorant Masters London 2026
FS,primmie,Phoenix,1.09,0.72,1.84,244.0,171.0,403.0,30.0,12.0,18.0,29.0,21.0,8.0,8.0,7.0,1.0,1.0,-9.0,10.0,0.64,0.63,0.67,153.0,110.0,239.0,0.28,0.25,0.31,1.0,0.0,1.0,2.0,2.0,0.0,-1.0,-2.0,1.0,all,all,all,2026-06-07 10:00:00,https://www.vlr.gg/684611/full-sense-vs-fut-esports-valorant-masters-london-2026-r1,Valorant Masters London 2026
FS,Killua,Fade,0.75,0.93,0.4,153.0,177.0,113.0,21.0,16.0,5.0,31.0,21.0,10.0,3.0,2.0,1.0,-10.0,-5.0,-5.0,0.56,0.54,0.58,96.0,111.0,67.0,0.31,0.33,0.23,3.0,2.0,1.0,3.0,1.0,2.0,0.0,1.0,-1.0,all,all,all,2026-06-07 10:00:00,https://www.vlr.gg/684611/full-sense-vs-fut-esports-valorant-masters-london-2026-r1,Valorant Masters London 2026
FS,Crws,Brimstone,0.68,0.58,0.89,133.0,109.0,171.0,15.0,8.0,7.0,29.0,21.0,8.0,13.0,9.0,4.0,-14.0,-13.0,-1.0,0.56,0.5,0.67,86.0,75.0,108.0,0.2,0.13,0.35,1.0,0.0,1.0,3.0,2.0,1.0,-2.0,-2.0,0.0,all,all,all,2026-06-07 10:00:00,https://www.vlr.gg/684611/full-sense-vs-fut-esports-valorant-masters-london-2026-r1,Valorant Masters London 2026
FS,Leviathan,Cypher,0.52,0.54,0.48,134.0,142.0,123.0,15.0,11.0,4.0,31.0,21.0,10.0,6.0,4.0,2.0,-16.0,-10.0,-6.0,0.42,0.38,0.5,95.0,95.0,95.0,0.24,0.19,0.33,2.0,1.0,1.0,7.0,4.0,3.0,-5.0,-3.0,-2.0,all,all,all,2026-06-07 10:00:00,https://www.vlr.gg/684611/full-sense-vs-fut-esports-valorant-masters-london-2026-r1,Valorant Masters London 2026
FS,JitBoyS,Neon,0.28,0.19,0.5,93.0,88.0,113.0,12.0,7.0,5.0,32.0,23.0,9.0,2.0,1.0,1.0,-20.0,-16.0,-4.0,0.44,0.29,0.75,69.0,57.0,94.0,0.37,0.47,0.26,2.0,2.0,0.0,12.0,10.0,2.0,-10.0,-8.0,-2.0,all,all,all,2026-06-07 10:00:00,https://www.vlr.gg/684611/full-sense-vs-fut-esports-valorant-masters-london-2026-r1,Valorant Masters London 2026
FUT,s0pp,Jett,1.61,1.63,1.59,332.0,333.0,321.0,41.0,14.0,27.0,21.0,8.0,13.0,10.0,3.0,7.0,20.0,6.0,14.0,0.83,0.75,0.88,201.0,208.0,198.0,0.25,0.42,0.2,13.0,6.0,7.0,4.0,3.0,1.0,9.0,3.0,6.0,all,all,all,2026-06-07 10:00:00,https://www.vlr.gg/684611/full-sense-vs-fut-esports-valorant-masters-london-2026-r1,Valorant Masters London 2026
FUT,xeus,Raze,1.4,1.17,1.52,260.0,205.0,293.0,38.0,10.0,28.0,19.0,7.0,12.0,2.0,1.0,1.0,19.0,3.0,16.0,0.78,0.75,0.79,165.0,147.0,174.0,0.45,0.63,0.39,6.0,0.0,6.0,1.0,0.0,1.0,5.0,0.0,5.0,all,all,all,2026-06-07 10:00:00,https://www.vlr.gg/684611/full-sense-vs-fut-esports-valorant-masters-london-2026-r1,Valorant Masters London 2026
FUT,sociablEE,Brimstone,1.27,1.18,1.31,197.0,220.0,187.0,27.0,10.0,17.0,18.0,8.0,10.0,18.0,4.0,14.0,9.0,2.0,7.0,0.89,0.67,1.0,127.0,143.0,119.0,0.25,0.25,0.25,2.0,1.0,1.0,2.0,1.0,1.0,0.0,0.0,0.0,all,all,all,2026-06-07 10:00:00,https://www.vlr.gg/684611/full-sense-vs-fut-esports-valorant-masters-london-2026-r1,Valorant Masters London 2026
FUT,KROSTALY,Fade,1.21,1.01,1.31,186.0,155.0,207.0,24.0,6.0,18.0,17.0,8.0,9.0,13.0,4.0,9.0,7.0,-2.0,9.0,0.78,0.5,0.92,131.0,124.0,135.0,0.22,0.21,0.22,2.0,0.0,2.0,1.0,0.0,1.0,1.0,0.0,1.0,all,all,all,2026-06-07 10:00:00,https://www.vlr.gg/684611/full-sense-vs-fut-esports-valorant-masters-london-2026-r1,Valorant Masters London 2026
FUT,yetujey,Cypher,1.09,0.74,1.26,175.0,115.0,193.0,22.0,5.0,17.0,18.0,8.0,10.0,11.0,2.0,9.0,4.0,-3.0,7.0,0.75,0.5,0.88,120.0,88.0,136.0,0.23,0.4,0.19,4.0,1.0,3.0,1.0,0.0,1.0,3.0,1.0,2.0,all,all,all,2026-06-07 10:00:00,https://www.vlr.gg/684611/full-sense-vs-fut-esports-valorant-masters-london-2026-r1,Valorant Masters London 2026
FS,primmie,Phoenix,1.3,0.51,2.5,282.0,131.0,509.0,19.0,4.0,15.0,15.0,11.0,4.0,7.0,6.0,1.0,4.0,-7.0,11.0,0.7,0.67,0.75,176.0,92.0,302.0,0.29,0.25,0.31,1.0,0.0,1.0,2.0,2.0,0.0,-1.0,-2.0,1.0,Haven,270741,40:17,2026-06-07 10:00:00,https://www.vlr.gg/684611/full-sense-vs-fut-esports-valorant-masters-london-2026-r1,Valorant Masters London 2026
FS,Killua,Fade,0.9,1.1,0.59,174.0,197.0,141.0,13.0,9.0,4.0,16.0,10.0,6.0,2.0,1.0,1.0,-3.0,-1.0,-2.0,0.65,0.58,0.75,101.0,113.0,82.0,0.25,0.29,0.18,2.0,1.0,1.0,2.0,0.0,2.0,0.0,1.0,-1.0,Haven,270741,40:17,2026-06-07 10:00:00,https://www.vlr.gg/684611/full-sense-vs-fut-esports-valorant-masters-london-2026-r1,Valorant Masters London 2026
FS,Crws,Omen,0.66,0.31,1.2,103.0,41.0,199.0,7.0,1.0,6.0,14.0,10.0,4.0,5.0,3.0,2.0,-7.0,-9.0,2.0,0.55,0.42,0.75,70.0,31.0,129.0,0.25,0.09,0.38,0.0,0.0,0.0,1.0,1.0,0.0,-1.0,-1.0,0.0,Haven,270741,40:17,2026-06-07 10:00:00,https://www.vlr.gg/684611/full-sense-vs-fut-esports-valorant-masters-london-2026-r1,Valorant Masters London 2026
FS,Leviathan,Chamber,0.5,0.48,0.53,146.0,154.0,136.0,9.0,6.0,3.0,16.0,10.0,6.0,2.0,0.0,2.0,-7.0,-4.0,-3.0,0.45,0.33,0.63,103.0,97.0,112.0,0.14,0.08,0.22,1.0,0.0,1.0,4.0,2.0,2.0,-3.0,-2.0,-1.0,Haven,270741,40:17,2026-06-07 10:00:00,https://www.vlr.gg/684611/full-sense-vs-fut-esports-valorant-masters-london-2026-r1,Valorant Masters London 2026
FS,JitBoyS,Neon,0.48,0.35,0.67,124.0,127.0,120.0,9.0,5.0,4.0,16.0,11.0,5.0,2.0,1.0,1.0,-7.0,-6.0,-1.0,0.55,0.33,0.88,94.0,84.0,109.0,0.38,0.5,0.27,1.0,1.0,0.0,6.0,5.0,1.0,-5.0,-4.0,-1.0,Haven,270741,40:17,2026-06-07 10:00:00,https://www.vlr.gg/684611/full-sense-vs-fut-esports-valorant-masters-london-2026-r1,Valorant Masters London 2026
FUT,xeus,Waylay,1.4,1.15,1.57,287.0,243.0,317.0,22.0,7.0,15.0,12.0,6.0,6.0,1.0,1.0,0.0,10.0,1.0,9.0,0.8,0.75,0.83,187.0,178.0,192.0,0.53,0.69,0.44,2.0,0.0,2.0,0.0,0.0,0.0,2.0,0.0,2.0,Haven,270741,40:17,2026-06-07 10:00:00,https://www.vlr.gg/684611/full-sense-vs-fut-esports-valorant-masters-london-2026-r1,Valorant Masters London 2026
FUT,KROSTALY,Sova,1.33,1.14,1.46,215.0,186.0,235.0,14.0,5.0,9.0,10.0,6.0,4.0,9.0,2.0,7.0,4.0,-1.0,5.0,0.7,0.38,0.92,152.0,133.0,165.0,0.26,0.31,0.24,1.0,0.0,1.0,0.0,0.0,0.0,1.0,0.0,1.0,Haven,270741,40:17,2026-06-07 10:00:00,https://www.vlr.gg/684611/full-sense-vs-fut-esports-valorant-masters-london-2026-r1,Valorant Masters London 2026
FUT,sociablEE,Omen,1.32,0.93,1.58,202.0,178.0,219.0,15.0,5.0,10.0,10.0,6.0,4.0,10.0,3.0,7.0,5.0,-1.0,6.0,0.85,0.63,1.0,139.0,134.0,143.0,0.22,0.19,0.24,1.0,0.0,1.0,0.0,0.0,0.0,1.0,0.0,1.0,Haven,270741,40:17,2026-06-07 10:00:00,https://www.vlr.gg/684611/full-sense-vs-fut-esports-valorant-masters-london-2026-r1,Valorant Masters London 2026
FUT,s0pp,Jett,1.32,0.94,1.58,263.0,230.0,286.0,19.0,6.0,13.0,13.0,7.0,6.0,4.0,3.0,1.0,6.0,-1.0,7.0,0.7,0.63,0.75,159.0,149.0,167.0,0.19,0.31,0.14,9.0,4.0,5.0,4.0,3.0,1.0,5.0,1.0,4.0,Haven,270741,40:17,2026-06-07 10:00:00,https://www.vlr.gg/684611/full-sense-vs-fut-esports-valorant-masters-london-2026-r1,Valorant Masters London 2026
FUT,yetujey,Cypher,0.67,0.38,0.86,99.0,89.0,107.0,7.0,2.0,5.0,12.0,7.0,5.0,5.0,2.0,3.0,-5.0,-5.0,0.0,0.7,0.38,0.92,64.0,56.0,70.0,0.15,0.25,0.11,2.0,1.0,1.0,1.0,0.0,1.0,1.0,1.0,0.0,Haven,270741,40:17,2026-06-07 10:00:00,https://www.vlr.gg/684611/full-sense-vs-fut-esports-valorant-masters-london-2026-r1,Valorant Masters London 2026
LEV,Neon,Chamber,1.35,1.19,1.42,263.0,276.0,259.0,15.0,4.0,11.0,11.0,4.0,7.0,1.0,0.0,1.0,4.0,0.0,4.0,0.59,0.4,0.67,202.0,201.0,202.0,0.45,0.42,0.47,3.0,2.0,1.0,3.0,1.0,2.0,0.0,1.0,-1.0,Pearl,270743,37:17,2026-06-07 12:00:00,https://www.vlr.gg/684612/leviat-n-vs-global-esports-valorant-masters-london-2026-r1,Valorant Masters London 2026
LEV,kiNgg,Astra,1.04,0.55,1.25,196.0,77.0,246.0,12.0,2.0,10.0,11.0,4.0,7.0,1.0,0.0,1.0,1.0,-2.0,3.0,0.65,0.4,0.75,114.0,45.0,142.0,0.23,0.25,0.23,1.0,0.0,1.0,0.0,0.0,0.0,1.0,0.0,1.0,Pearl,270743,37:17,2026-06-07 12:00:00,https://www.vlr.gg/684612/leviat-n-vs-global-esports-valorant-masters-london-2026-r1,Valorant Masters London 2026
LEV,blowz,Sova,0.78,1.07,0.66,107.0,190.0,73.0,6.0,3.0,3.0,11.0,3.0,8.0,5.0,2.0,3.0,-5.0,0.0,-5.0,0.47,0.6,0.42,75.0,156.0,42.0,0.31,0.38,0.25,1.0,0.0,1.0,0.0,0.0,0.0,1.0,0.0,1.0,Pearl,270743,37:17,2026-06-07 12:00:00,https://www.vlr.gg/684612/leviat-n-vs-global-esports-valorant-masters-london-2026-r1,Valorant Masters London 2026
LEV,spike,Neon,0.55,0.19,0.71,176.0,108.0,204.0,9.0,1.0,8.0,16.0,5.0,11.0,2.0,1.0,1.0,-7.0,-4.0,-3.0,0.65,0.6,0.67,120.0,92.0,131.0,0.41,0.22,0.48,4.0,1.0,3.0,2.0,0.0,2.0,2.0,1.0,1.0,Pearl,270743,37:17,2026-06-07 12:00:00,https://www.vlr.gg/684612/leviat-n-vs-global-esports-valorant-masters-london-2026-r1,Valorant Masters London 2026
LEV,Sato,Phoenix,0.53,0.98,0.34,157.0,207.0,137.0,8.0,4.0,4.0,16.0,4.0,12.0,6.0,0.0,6.0,-8.0,0.0,-8.0,0.65,0.6,0.67,99.0,104.0,97.0,0.33,0.25,0.38,1.0,0.0,1.0,2.0,1.0,1.0,-1.0,-1.0,0.0,Pearl,270743,37:17,2026-06-07 12:00:00,https://www.vlr.gg/684612/leviat-n-vs-global-esports-valorant-masters-london-2026-r1,Valorant Masters London 2026
GE,Kr1stal,Killjoy,1.79,1.61,2.23,350.0,312.0,442.0,21.0,13.0,8.0,10.0,8.0,2.0,4.0,4.0,0.0,11.0,5.0,6.0,0.88,0.83,1.0,224.0,219.0,236.0,0.33,0.37,0.27,3.0,2.0,1.0,3.0,3.0,0.0,0.0,-1.0,1.0,Pearl,270743,37:17,2026-06-07 12:00:00,https://www.vlr.gg/684612/leviat-n-vs-global-esports-valorant-masters-london-2026-r1,Valorant Masters London 2026
GE,Autumn,Phoenix,1.26,1.33,1.08,232.0,217.0,268.0,15.0,10.0,5.0,9.0,6.0,3.0,3.0,1.0,2.0,6.0,4.0,2.0,0.82,0.75,1.0,136.0,130.0,150.0,0.44,0.44,0.44,2.0,1.0,1.0,1.0,1.0,0.0,1.0,0.0,1.0,Pearl,270743,37:17,2026-06-07 12:00:00,https://www.vlr.gg/684612/leviat-n-vs-global-esports-valorant-masters-london-2026-r1,Valorant Masters London 2026
GE,UdoTan,Neon,1.2,1.19,1.22,225.0,254.0,158.0,13.0,11.0,2.0,9.0,7.0,2.0,3.0,1.0,2.0,4.0,4.0,0.0,0.76,0.75,0.8,146.0,157.0,120.0,0.27,0.24,0.36,2.0,2.0,0.0,2.0,1.0,1.0,0.0,1.0,-1.0,Pearl,270743,37:17,2026-06-07 12:00:00,https://www.vlr.gg/684612/leviat-n-vs-global-esports-valorant-masters-london-2026-r1,Valorant Masters London 2026
GE,xavi8k,Astra,0.79,0.72,0.96,134.0,114.0,183.0,7.0,4.0,3.0,10.0,7.0,3.0,10.0,8.0,2.0,-3.0,-3.0,0.0,0.88,0.92,0.8,90.0,72.0,135.0,0.12,0.11,0.13,0.0,0.0,0.0,1.0,1.0,0.0,-1.0,-1.0,0.0,Pearl,270743,37:17,2026-06-07 12:00:00,https://www.vlr.gg/684612/leviat-n-vs-global-esports-valorant-masters-london-2026-r1,Valorant Masters London 2026
GE,PatMen,Fade,0.61,0.74,0.29,131.0,152.0,82.0,9.0,7.0,2.0,12.0,8.0,4.0,2.0,2.0,0.0,-3.0,-1.0,-2.0,0.82,0.92,0.6,77.0,97.0,29.0,0.23,0.2,0.5,0.0,0.0,0.0,3.0,1.0,2.0,-3.0,-1.0,-2.0,Pearl,270743,37:17,2026-06-07 12:00:00,https://www.vlr.gg/684612/leviat-n-vs-global-esports-valorant-masters-london-2026-r1,Valorant Masters London 2026
LEV,Sato,Phoenix,1.27,1.59,1.03,244.0,286.0,229.0,54.0,28.0,26.0,43.0,14.0,29.0,18.0,5.0,13.0,11.0,14.0,-3.0,0.78,0.81,0.75,161.0,180.0,148.0,0.36,0.35,0.36,11.0,6.0,5.0,8.0,4.0,4.0,3.0,2.0,1.0,all,all,all,2026-06-07 12:00:00,https://www.vlr.gg/684612/leviat-n-vs-global-esports-valorant-masters-london-2026-r1,Valorant Masters London 2026
LEV,Neon,Chamber,1.22,1.23,1.22,227.0,212.0,235.0,47.0,18.0,29.0,34.0,14.0,20.0,24.0,14.0,10.0,13.0,4.0,9.0,0.71,0.81,0.64,153.0,137.0,166.0,0.27,0.27,0.27,7.0,3.0,4.0,6.0,2.0,4.0,1.0,1.0,0.0,all,all,all,2026-06-07 12:00:00,https://www.vlr.gg/684612/leviat-n-vs-global-esports-valorant-masters-london-2026-r1,Valorant Masters London 2026
LEV,kiNgg,Astra,1.13,1.31,1.0,179.0,179.0,176.0,41.0,19.0,22.0,34.0,12.0,22.0,15.0,6.0,9.0,7.0,7.0,0.0,0.68,0.7,0.67,110.0,115.0,106.0,0.26,0.32,0.22,3.0,1.0,2.0,4.0,1.0,3.0,-1.0,0.0,-1.0,all,all,all,2026-06-07 12:00:00,https://www.vlr.gg/684612/leviat-n-vs-global-esports-valorant-masters-london-2026-r1,Valorant Masters London 2026
LEV,blowz,Sova,0.92,0.83,0.99,123.0,100.0,144.0,27.0,9.0,18.0,35.0,13.0,22.0,17.0,9.0,8.0,-8.0,-4.0,-4.0,0.67,0.7,0.64,93.0,71.0,109.0,0.36,0.36,0.35,2.0,0.0,2.0,1.0,0.0,1.0,1.0,0.0,1.0,all,all,all,2026-06-07 12:00:00,https://www.vlr.gg/684612/leviat-n-vs-global-esports-valorant-masters-london-2026-r1,Valorant Masters London 2026
LEV,spike,Neon,0.87,0.83,0.9,204.0,218.0,196.0,44.0,20.0,24.0,51.0,23.0,28.0,16.0,5.0,11.0,-7.0,-3.0,-4.0,0.7,0.78,0.64,130.0,139.0,123.0,0.37,0.29,0.48,12.0,6.0,6.0,9.0,4.0,5.0,3.0,2.0,1.0,all,all,all,2026-06-07 12:00:00,https://www.vlr.gg/684612/leviat-n-vs-global-esports-valorant-masters-london-2026-r1,Valorant Masters London 2026
GE,UdoTan,Neon,1.14,1.35,0.87,252.0,305.0,191.0,56.0,40.0,16.0,42.0,23.0,19.0,7.0,3.0,4.0,14.0,17.0,-3.0,0.7,0.69,0.7,163.0,194.0,122.0,0.34,0.31,0.39,7.0,5.0,2.0,7.0,4.0,3.0,0.0,1.0,-1.0,all,all,all,2026-06-07 12:00:00,https://www.vlr.gg/684612/leviat-n-vs-global-esports-valorant-masters-london-2026-r1,Valorant Masters London 2026
GE,Kr1stal,Killjoy,0.97,0.95,0.98,191.0,184.0,163.0,38.0,23.0,15.0,40.0,24.0,16.0,12.0,7.0,5.0,-2.0,-1.0,-1.0,0.73,0.75,0.7,112.0,120.0,101.0,0.28,0.29,0.25,9.0,5.0,4.0,6.0,5.0,1.0,3.0,0.0,3.0,all,all,all,2026-06-07 12:00:00,https://www.vlr.gg/684612/leviat-n-vs-global-esports-valorant-masters-london-2026-r1,Valorant Masters London 2026
GE,Autumn,Phoenix,0.89,0.97,0.78,181.0,178.0,175.0,40.0,22.0,18.0,41.0,21.0,20.0,13.0,6.0,7.0,-1.0,1.0,-2.0,0.67,0.69,0.63,118.0,119.0,117.0,0.37,0.35,0.39,5.0,2.0,3.0,4.0,1.0,3.0,1.0,1.0,0.0,all,all,all,2026-06-07 12:00:00,https://www.vlr.gg/684612/leviat-n-vs-global-esports-valorant-masters-london-2026-r1,Valorant Masters London 2026
GE,xavi8k,Astra,0.8,0.83,0.75,137.0,137.0,140.0,31.0,18.0,13.0,41.0,23.0,18.0,24.0,16.0,8.0,-10.0,-5.0,-5.0,0.68,0.72,0.63,92.0,85.0,101.0,0.22,0.27,0.18,2.0,2.0,0.0,7.0,3.0,4.0,-5.0,-1.0,-4.0,all,all,all,2026-06-07 12:00:00,https://www.vlr.gg/684612/leviat-n-vs-global-esports-valorant-masters-london-2026-r1,Valorant Masters London 2026
GE,PatMen,Fade,0.64,0.65,0.63,153.0,147.0,166.0,32.0,18.0,14.0,49.0,28.0,21.0,11.0,8.0,3.0,-17.0,-10.0,-7.0,0.62,0.67,0.56,110.0,102.0,120.0,0.26,0.28,0.23,5.0,3.0,2.0,11.0,6.0,5.0,-6.0,-3.0,-3.0,all,all,all,2026-06-07 12:00:00,https://www.vlr.gg/684612/leviat-n-vs-global-esports-valorant-masters-london-2026-r1,Valorant Masters London 2026
LEV,Sato,Waylay,1.64,1.84,1.45,304.0,321.0,287.0,27.0,15.0,12.0,14.0,6.0,8.0,6.0,2.0,4.0,13.0,9.0,4.0,0.79,0.75,0.83,186.0,213.0,159.0,0.27,0.33,0.19,8.0,4.0,4.0,3.0,2.0,1.0,5.0,2.0,3.0,Fracture,270744,51:24,2026-06-07 12:00:00,https://www.vlr.gg/684612/leviat-n-vs-global-esports-valorant-masters-london-2026-r1,Valorant Masters London 2026
LEV,Neon,Brimstone,1.19,1.26,1.12,236.0,263.0,210.0,17.0,9.0,8.0,13.0,8.0,5.0,17.0,13.0,4.0,4.0,1.0,3.0,0.75,0.83,0.67,160.0,163.0,158.0,0.21,0.24,0.18,1.0,0.0,1.0,2.0,0.0,2.0,-1.0,0.0,-1.0,Fracture,270744,51:24,2026-06-07 12:00:00,https://www.vlr.gg/684612/leviat-n-vs-global-esports-valorant-masters-london-2026-r1,Valorant Masters London 2026
LEV,kiNgg,Breach,1.07,1.41,0.73,143.0,196.0,92.0,14.0,9.0,5.0,13.0,6.0,7.0,9.0,5.0,4.0,1.0,3.0,-2.0,0.67,0.67,0.67,91.0,121.0,61.0,0.26,0.32,0.17,0.0,0.0,0.0,2.0,1.0,1.0,-2.0,-1.0,-1.0,Fracture,270744,51:24,2026-06-07 12:00:00,https://www.vlr.gg/684612/leviat-n-vs-global-esports-valorant-masters-london-2026-r1,Valorant Masters London 2026
LEV,blowz,Tejo,0.96,0.43,1.5,139.0,53.0,226.0,10.0,1.0,9.0,14.0,8.0,6.0,8.0,4.0,4.0,-4.0,-7.0,3.0,0.71,0.58,0.83,110.0,44.0,176.0,0.24,0.18,0.26,0.0,0.0,0.0,0.0,0.0,0.0,0.0,0.0,0.0,Fracture,270744,51:24,2026-06-07 12:00:00,https://www.vlr.gg/684612/leviat-n-vs-global-esports-valorant-masters-london-2026-r1,Valorant Masters London 2026
LEV,spike,Neon,0.88,0.76,1.0,179.0,181.0,178.0,16.0,8.0,8.0,18.0,10.0,8.0,10.0,3.0,7.0,-2.0,-2.0,0.0,0.71,0.75,0.67,113.0,115.0,112.0,0.33,0.31,0.35,4.0,2.0,2.0,4.0,3.0,1.0,0.0,-1.0,1.0,Fracture,270744,51:24,2026-06-07 12:00:00,https://www.vlr.gg/684612/leviat-n-vs-global-esports-valorant-masters-london-2026-r1,Valorant Masters London 2026
GE,UdoTan,Chamber,1.32,1.7,0.94,301.0,374.0,229.0,24.0,15.0,9.0,16.0,7.0,9.0,3.0,2.0,1.0,8.0,8.0,0.0,0.67,0.67,0.67,184.0,225.0,142.0,0.39,0.25,0.62,5.0,3.0,2.0,4.0,3.0,1.0,1.0,0.0,1.0,Fracture,270744,51:24,2026-06-07 12:00:00,https://www.vlr.gg/684612/leviat-n-vs-global-esports-valorant-masters-london-2026-r1,Valorant Masters London 2026
GE,xavi8k,Astra,0.88,0.86,0.9,154.0,137.0,173.0,14.0,7.0,7.0,16.0,8.0,8.0,6.0,3.0,3.0,-2.0,-1.0,-1.0,0.58,0.58,0.58,103.0,81.0,125.0,0.29,0.56,0.19,1.0,1.0,0.0,2.0,0.0,2.0,-1.0,1.0,-2.0,Fracture,270744,51:24,2026-06-07 12:00:00,https://www.vlr.gg/684612/leviat-n-vs-global-esports-valorant-masters-london-2026-r1,Valorant Masters London 2026
GE,Autumn,Phoenix,0.82,0.6,1.03,156.0,109.0,204.0,14.0,4.0,10.0,16.0,7.0,9.0,4.0,2.0,2.0,-2.0,-3.0,1.0,0.63,0.58,0.67,110.0,82.0,139.0,0.35,0.33,0.37,2.0,0.0,2.0,1.0,0.0,1.0,1.0,0.0,1.0,Fracture,270744,51:24,2026-06-07 12:00:00,https://www.vlr.gg/684612/leviat-n-vs-global-esports-valorant-masters-london-2026-r1,Valorant Masters London 2026
GE,PatMen,Waylay,0.67,0.48,0.86,157.0,132.0,184.0,12.0,5.0,7.0,19.0,11.0,8.0,2.0,0.0,2.0,-7.0,-6.0,-1.0,0.42,0.33,0.5,107.0,91.0,123.0,0.23,0.27,0.19,2.0,1.0,1.0,3.0,2.0,1.0,-1.0,-1.0,0.0,Fracture,270744,51:24,2026-06-07 12:00:00,https://www.vlr.gg/684612/leviat-n-vs-global-esports-valorant-masters-london-2026-r1,Valorant Masters London 2026
GE,Kr1stal,Fade,0.51,0.29,0.74,95.0,68.0,122.0,8.0,3.0,5.0,17.0,9.0,8.0,4.0,1.0,3.0,-9.0,-6.0,-3.0,0.67,0.75,0.58,63.0,39.0,87.0,0.17,0.25,0.14,1.0,0.0,1.0,3.0,2.0,1.0,-2.0,-2.0,0.0,Fracture,270744,51:24,2026-06-07 12:00:00,https://www.vlr.gg/684612/leviat-n-vs-global-esports-valorant-masters-london-2026-r1,Valorant Masters London 2026
LEV,Sato,Phoenix,1.43,1.6,1.29,271.0,283.0,263.0,19.0,9.0,10.0,13.0,4.0,9.0,6.0,3.0,3.0,6.0,5.0,1.0,0.86,1.0,0.75,183.0,179.0,188.0,0.44,0.42,0.47,2.0,2.0,0.0,3.0,1.0,2.0,-1.0,1.0,-2.0,Split,270745,48:48,2026-06-07 12:00:00,https://www.vlr.gg/684612/leviat-n-vs-global-esports-valorant-masters-london-2026-r1,Valorant Masters London 2026
LEV,kiNgg,Viper,1.28,1.57,1.04,199.0,211.0,189.0,15.0,8.0,7.0,10.0,2.0,8.0,5.0,1.0,4.0,5.0,6.0,-1.0,0.73,0.9,0.58,127.0,143.0,113.0,0.29,0.33,0.25,2.0,1.0,1.0,2.0,0.0,2.0,0.0,1.0,-1.0,Split,270745,48:48,2026-06-07 12:00:00,https://www.vlr.gg/684612/leviat-n-vs-global-esports-valorant-masters-london-2026-r1,Valorant Masters London 2026
LEV,Neon,Omen,1.15,1.2,1.11,182.0,119.0,235.0,15.0,5.0,10.0,10.0,2.0,8.0,6.0,1.0,5.0,5.0,3.0,2.0,0.77,1.0,0.58,108.0,74.0,137.0,0.27,0.23,0.29,3.0,1.0,2.0,1.0,1.0,0.0,2.0,0.0,2.0,Split,270745,48:48,2026-06-07 12:00:00,https://www.vlr.gg/684612/leviat-n-vs-global-esports-valorant-masters-london-2026-r1,Valorant Masters London 2026
LEV,spike,Neon,1.11,1.24,1.01,257.0,319.0,207.0,19.0,11.0,8.0,17.0,8.0,9.0,4.0,1.0,3.0,2.0,3.0,-1.0,0.73,0.9,0.58,156.0,191.0,127.0,0.38,0.28,0.6,4.0,3.0,1.0,3.0,1.0,2.0,1.0,2.0,-1.0,Split,270745,48:48,2026-06-07 12:00:00,https://www.vlr.gg/684612/leviat-n-vs-global-esports-valorant-masters-london-2026-r1,Valorant Masters London 2026
LEV,blowz,Fade,0.97,1.18,0.79,122.0,111.0,132.0,11.0,5.0,6.0,10.0,2.0,8.0,4.0,3.0,1.0,1.0,3.0,-2.0,0.77,0.9,0.67,88.0,62.0,110.0,0.73,0.67,0.78,1.0,0.0,1.0,1.0,0.0,1.0,0.0,0.0,0.0,Split,270745,48:48,2026-06-07 12:00:00,https://www.vlr.gg/684612/leviat-n-vs-global-esports-valorant-masters-london-2026-r1,Valorant Masters London 2026
GE,UdoTan,Raze,0.91,1.16,0.61,230.0,287.0,163.0,19.0,14.0,5.0,17.0,9.0,8.0,1.0,0.0,1.0,2.0,5.0,-3.0,0.68,0.67,0.7,154.0,200.0,98.0,0.36,0.43,0.24,0.0,0.0,0.0,1.0,0.0,1.0,-1.0,0.0,-1.0,Split,270745,48:48,2026-06-07 12:00:00,https://www.vlr.gg/684612/leviat-n-vs-global-esports-valorant-masters-london-2026-r1,Valorant Masters London 2026
GE,Kr1stal,Fade,0.82,0.96,0.65,127.0,173.0,72.0,9.0,7.0,2.0,13.0,7.0,6.0,4.0,2.0,2.0,-4.0,0.0,-4.0,0.68,0.67,0.7,79.0,102.0,51.0,0.27,0.18,0.5,5.0,3.0,2.0,0.0,0.0,0.0,5.0,3.0,2.0,Split,270745,48:48,2026-06-07 12:00:00,https://www.vlr.gg/684612/leviat-n-vs-global-esports-valorant-masters-london-2026-r1,Valorant Masters London 2026
GE,xavi8k,Sage,0.71,0.92,0.47,124.0,161.0,81.0,10.0,7.0,3.0,15.0,8.0,7.0,8.0,5.0,3.0,-5.0,-1.0,-4.0,0.64,0.67,0.6,80.0,102.0,54.0,0.26,0.28,0.22,1.0,1.0,0.0,4.0,2.0,2.0,-3.0,-1.0,-2.0,Split,270745,48:48,2026-06-07 12:00:00,https://www.vlr.gg/684612/leviat-n-vs-global-esports-valorant-masters-london-2026-r1,Valorant Masters London 2026
GE,Autumn,Viper,0.68,0.98,0.32,156.0,208.0,94.0,11.0,8.0,3.0,16.0,8.0,8.0,6.0,3.0,3.0,-5.0,0.0,-5.0,0.59,0.75,0.4,113.0,145.0,75.0,0.31,0.27,0.4,1.0,1.0,0.0,2.0,0.0,2.0,-1.0,1.0,-2.0,Split,270745,48:48,2026-06-07 12:00:00,https://www.vlr.gg/684612/leviat-n-vs-global-esports-valorant-masters-london-2026-r1,Valorant Masters London 2026
GE,PatMen,Omen,0.64,0.74,0.53,170.0,157.0,186.0,11.0,6.0,5.0,18.0,9.0,9.0,7.0,6.0,1.0,-7.0,-3.0,-4.0,0.68,0.75,0.6,139.0,119.0,164.0,0.3,0.39,0.23,3.0,2.0,1.0,5.0,3.0,2.0,-2.0,-1.0,-1.0,Split,270745,48:48,2026-06-07 12:00:00,https://www.vlr.gg/684612/leviat-n-vs-global-esports-valorant-masters-london-2026-r1,Valorant Masters London 2026
VIT,Jamppi,Kayo,1.24,1.46,1.02,291.0,357.0,226.0,23.0,15.0,8.0,19.0,10.0,9.0,13.0,7.0,6.0,4.0,5.0,-1.0,0.88,0.92,0.83,186.0,207.0,166.0,0.19,0.18,0.22,2.0,2.0,0.0,3.0,2.0,1.0,-1.0,0.0,-1.0,Pearl,270749,54:46,2026-06-08 10:00:00,https://www.vlr.gg/684614/team-vitality-vs-fut-esports-valorant-masters-london-2026-r2-1-0,Valorant Masters London 2026
VIT,Chronicle,Chamber,1.17,0.6,1.75,239.0,171.0,308.0,20.0,7.0,13.0,16.0,10.0,6.0,6.0,4.0,2.0,4.0,-3.0,7.0,0.58,0.5,0.67,163.0,127.0,199.0,0.25,0.32,0.2,4.0,1.0,3.0,4.0,3.0,1.0,0.0,-2.0,2.0,Pearl,270749,54:46,2026-06-08 10:00:00,https://www.vlr.gg/684614/team-vitality-vs-fut-esports-valorant-masters-london-2026-r2-1-0,Valorant Masters London 2026
VIT,Sayonara,Sova,1.05,0.99,1.11,192.0,158.0,227.0,17.0,7.0,10.0,16.0,7.0,9.0,7.0,4.0,3.0,1.0,0.0,1.0,0.71,0.75,0.67,118.0,111.0,124.0,0.2,0.29,0.14,2.0,1.0,1.0,3.0,1.0,2.0,-1.0,0.0,-1.0,Pearl,270749,54:46,2026-06-08 10:00:00,https://www.vlr.gg/684614/team-vitality-vs-fut-esports-valorant-masters-london-2026-r2-1-0,Valorant Masters London 2026
VIT,PROFEK,Astra,0.99,1.15,0.82,133.0,126.0,141.0,13.0,7.0,6.0,14.0,6.0,8.0,12.0,6.0,6.0,-1.0,1.0,-2.0,0.83,0.92,0.75,82.0,83.0,82.0,0.21,0.16,0.27,0.0,0.0,0.0,0.0,0.0,0.0,0.0,0.0,0.0,Pearl,270749,54:46,2026-06-08 10:00:00,https://www.vlr.gg/684614/team-vitality-vs-fut-esports-valorant-masters-london-2026-r2-1-0,Valorant Masters London 2026
VIT,Derke,Neon,0.71,1.22,0.2,171.0,261.0,81.0,13.0,10.0,3.0,19.0,9.0,10.0,6.0,5.0,1.0,-6.0,1.0,-7.0,0.58,0.75,0.42,110.0,169.0,52.0,0.35,0.45,0.13,3.0,2.0,1.0,3.0,0.0,3.0,0.0,2.0,-2.0,Pearl,270749,54:46,2026-06-08 10:00:00,https://www.vlr.gg/684614/team-vitality-vs-fut-esports-valorant-masters-london-2026-r2-1-0,Valorant Masters London 2026
FUT,s0pp,Chamber,1.37,1.07,1.68,250.0,197.0,303.0,23.0,10.0,13.0,16.0,9.0,7.0,4.0,2.0,2.0,7.0,1.0,6.0,0.75,0.67,0.83,160.0,135.0,186.0,0.21,0.43,0.11,6.0,4.0,2.0,2.0,2.0,0.0,4.0,2.0,2.0,Pearl,270749,54:46,2026-06-08 10:00:00,https://www.vlr.gg/684614/team-vitality-vs-fut-esports-valorant-masters-london-2026-r2-1-0,Valorant Masters London 2026
FUT,yetujey,Astra,1.09,0.95,1.24,236.0,192.0,280.0,20.0,8.0,12.0,16.0,7.0,9.0,5.0,1.0,4.0,4.0,1.0,3.0,0.83,0.83,0.83,135.0,114.0,155.0,0.27,0.3,0.26,2.0,1.0,1.0,1.0,1.0,0.0,1.0,0.0,1.0,Pearl,270749,54:46,2026-06-08 10:00:00,https://www.vlr.gg/684614/team-vitality-vs-fut-esports-valorant-masters-london-2026-r2-1-0,Valorant Masters London 2026
FUT,xeus,Jett,0.95,1.47,0.44,214.0,308.0,122.0,19.0,14.0,5.0,19.0,9.0,10.0,5.0,3.0,2.0,0.0,5.0,-5.0,0.63,0.75,0.5,137.0,185.0,90.0,0.43,0.5,0.31,3.0,2.0,1.0,5.0,1.0,4.0,-2.0,1.0,-3.0,Pearl,270749,54:46,2026-06-08 10:00:00,https://www.vlr.gg/684614/team-vitality-vs-fut-esports-valorant-masters-london-2026-r2-1-0,Valorant Masters London 2026
FUT,KROSTALY,Kayo,0.8,0.78,0.82,144.0,102.0,187.0,10.0,4.0,6.0,17.0,7.0,10.0,15.0,7.0,8.0,-7.0,-3.0,-4.0,0.75,0.75,0.75,94.0,62.0,127.0,0.33,0.31,0.33,1.0,0.0,1.0,1.0,0.0,1.0,0.0,0.0,0.0,Pearl,270749,54:46,2026-06-08 10:00:00,https://www.vlr.gg/684614/team-vitality-vs-fut-esports-valorant-masters-london-2026-r2-1-0,Valorant Masters London 2026
FUT,sociablEE,Fade,0.71,0.8,0.63,139.0,151.0,128.0,12.0,6.0,6.0,18.0,8.0,10.0,5.0,4.0,1.0,-6.0,-2.0,-4.0,0.67,0.75,0.58,98.0,112.0,84.0,0.22,0.15,0.33,1.0,0.0,1.0,2.0,1.0,1.0,-1.0,-1.0,0.0,Pearl,270749,54:46,2026-06-08 10:00:00,https://www.vlr.gg/684614/team-vitality-vs-fut-esports-valorant-masters-london-2026-r2-1-0,Valorant Masters London 2026
VIT,Chronicle,Chamber,1.08,0.99,1.16,211.0,187.0,245.0,48.0,20.0,28.0,43.0,18.0,25.0,17.0,8.0,9.0,5.0,2.0,3.0,0.72,0.72,0.71,149.0,134.0,161.0,0.23,0.26,0.21,8.0,2.0,6.0,9.0,5.0,4.0,-1.0,-3.0,2.0,all,all,all,2026-06-08 10:00:00,https://www.vlr.gg/684614/team-vitality-vs-fut-esports-valorant-masters-london-2026-r2-1-0,Valorant Masters London 2026
VIT,PROFEK,Astra,1.05,1.56,0.63,177.0,230.0,138.0,42.0,27.0,15.0,40.0,13.0,27.0,29.0,15.0,14.0,2.0,14.0,-12.0,0.73,0.9,0.6,117.0,145.0,93.0,0.19,0.17,0.22,3.0,3.0,0.0,2.0,2.0,0.0,1.0,1.0,0.0,all,all,all,2026-06-08 10:00:00,https://www.vlr.gg/684614/team-vitality-vs-fut-esports-valorant-masters-london-2026-r2-1-0,Valorant Masters London 2026
VIT,Sayonara,Sova,1.04,1.09,1.0,218.0,189.0,231.0,46.0,19.0,27.0,46.0,17.0,29.0,20.0,10.0,10.0,0.0,2.0,-2.0,0.73,0.79,0.69,143.0,134.0,150.0,0.21,0.25,0.19,7.0,2.0,5.0,10.0,3.0,7.0,-3.0,-1.0,-2.0,all,all,all,2026-06-08 10:00:00,https://www.vlr.gg/684614/team-vitality-vs-fut-esports-valorant-masters-london-2026-r2-1-0,Valorant Masters London 2026
VIT,Derke,Neon,0.95,1.05,0.86,204.0,234.0,184.0,45.0,22.0,23.0,49.0,23.0,26.0,13.0,8.0,5.0,-4.0,-1.0,-3.0,0.66,0.76,0.57,134.0,153.0,119.0,0.28,0.27,0.29,5.0,3.0,2.0,6.0,1.0,5.0,-1.0,2.0,-3.0,all,all,all,2026-06-08 10:00:00,https://www.vlr.gg/684614/team-vitality-vs-fut-esports-valorant-masters-london-2026-r2-1-0,Valorant Masters London 2026
VIT,Jamppi,Kayo,0.93,1.04,0.84,206.0,248.0,175.0,46.0,26.0,20.0,49.0,23.0,26.0,21.0,12.0,9.0,-3.0,3.0,-6.0,0.78,0.9,0.69,130.0,144.0,118.0,0.21,0.18,0.26,5.0,3.0,2.0,9.0,5.0,4.0,-4.0,-2.0,-2.0,all,all,all,2026-06-08 10:00:00,https://www.vlr.gg/684614/team-vitality-vs-fut-esports-valorant-masters-london-2026-r2-1-0,Valorant Masters London 2026
FUT,yetujey,Astra,1.15,1.23,1.06,216.0,209.0,227.0,51.0,28.0,23.0,40.0,18.0,22.0,11.0,5.0,6.0,11.0,10.0,1.0,0.83,0.83,0.83,139.0,138.0,140.0,0.3,0.29,0.3,5.0,3.0,2.0,5.0,4.0,1.0,0.0,-1.0,1.0,all,all,all,2026-06-08 10:00:00,https://www.vlr.gg/684614/team-vitality-vs-fut-esports-valorant-masters-london-2026-r2-1-0,Valorant Masters London 2026
FUT,s0pp,Chamber,1.07,0.99,1.17,231.0,220.0,240.0,55.0,31.0,24.0,49.0,27.0,22.0,12.0,5.0,7.0,6.0,4.0,2.0,0.73,0.69,0.79,143.0,131.0,158.0,0.22,0.23,0.2,14.0,9.0,5.0,7.0,6.0,1.0,7.0,3.0,4.0,all,all,all,2026-06-08 10:00:00,https://www.vlr.gg/684614/team-vitality-vs-fut-esports-valorant-masters-london-2026-r2-1-0,Valorant Masters London 2026
FUT,xeus,Jett,0.98,1.14,0.8,217.0,254.0,181.0,48.0,29.0,19.0,50.0,27.0,23.0,19.0,12.0,7.0,-2.0,2.0,-4.0,0.72,0.77,0.66,145.0,165.0,120.0,0.38,0.39,0.36,10.0,6.0,4.0,7.0,2.0,5.0,3.0,4.0,-1.0,all,all,all,2026-06-08 10:00:00,https://www.vlr.gg/684614/team-vitality-vs-fut-esports-valorant-masters-london-2026-r2-1-0,Valorant Masters London 2026
FUT,KROSTALY,Kayo,0.92,1.09,0.71,171.0,167.0,159.0,34.0,21.0,13.0,42.0,19.0,23.0,22.0,11.0,11.0,-8.0,2.0,-10.0,0.75,0.83,0.66,111.0,113.0,108.0,0.29,0.36,0.23,1.0,0.0,1.0,2.0,0.0,2.0,-1.0,0.0,-1.0,all,all,all,2026-06-08 10:00:00,https://www.vlr.gg/684614/team-vitality-vs-fut-esports-valorant-masters-london-2026-r2-1-0,Valorant Masters London 2026
FUT,sociablEE,Fade,0.84,0.99,0.65,171.0,187.0,146.0,39.0,24.0,15.0,46.0,22.0,24.0,21.0,14.0,7.0,-7.0,2.0,-9.0,0.67,0.8,0.52,107.0,125.0,86.0,0.23,0.28,0.18,6.0,2.0,4.0,7.0,3.0,4.0,-1.0,-1.0,0.0,all,all,all,2026-06-08 10:00:00,https://www.vlr.gg/684614/team-vitality-vs-fut-esports-valorant-masters-london-2026-r2-1-0,Valorant Masters London 2026
VIT,Sayonara,Phoenix,1.37,1.46,1.33,278.0,258.0,286.0,15.0,4.0,11.0,13.0,3.0,10.0,8.0,3.0,5.0,2.0,1.0,1.0,0.76,0.8,0.75,202.0,205.0,201.0,0.27,0.33,0.24,1.0,0.0,1.0,4.0,1.0,3.0,-3.0,-1.0,-2.0,Haven,270750,35:01,2026-06-08 10:00:00,https://www.vlr.gg/684614/team-vitality-vs-fut-esports-valorant-masters-london-2026-r2-1-0,Valorant Masters London 2026
VIT,Jamppi,Sova,0.88,0.92,0.87,198.0,194.0,200.0,12.0,4.0,8.0,15.0,5.0,10.0,3.0,2.0,1.0,-3.0,-1.0,-2.0,0.71,1.0,0.58,113.0,108.0,114.0,0.15,0.09,0.18,3.0,1.0,2.0,2.0,0.0,2.0,1.0,1.0,0.0,Haven,270750,35:01,2026-06-08 10:00:00,https://www.vlr.gg/684614/team-vitality-vs-fut-esports-valorant-masters-london-2026-r2-1-0,Valorant Masters London 2026
VIT,Derke,Jett,0.76,1.01,0.66,173.0,206.0,160.0,11.0,4.0,7.0,14.0,4.0,10.0,3.0,1.0,2.0,-3.0,0.0,-3.0,0.59,0.8,0.5,119.0,147.0,107.0,0.27,0.13,0.45,1.0,0.0,1.0,1.0,0.0,1.0,0.0,0.0,0.0,Haven,270750,35:01,2026-06-08 10:00:00,https://www.vlr.gg/684614/team-vitality-vs-fut-esports-valorant-masters-london-2026-r2-1-0,Valorant Masters London 2026
VIT,Chronicle,Cypher,0.62,1.11,0.42,134.0,167.0,121.0,7.0,3.0,4.0,13.0,3.0,10.0,7.0,2.0,5.0,-6.0,0.0,-6.0,0.76,1.0,0.67,103.0,130.0,92.0,0.15,0.15,0.15,0.0,0.0,0.0,2.0,0.0,2.0,-2.0,0.0,-2.0,Haven,270750,35:01,2026-06-08 10:00:00,https://www.vlr.gg/684614/team-vitality-vs-fut-esports-valorant-masters-london-2026-r2-1-0,Valorant Masters London 2026
VIT,PROFEK,Omen,0.57,0.82,0.47,139.0,193.0,117.0,6.0,3.0,3.0,14.0,4.0,10.0,8.0,4.0,4.0,-8.0,-1.0,-7.0,0.71,1.0,0.58,102.0,134.0,89.0,0.09,0.08,0.1,1.0,1.0,0.0,2.0,2.0,0.0,-1.0,-1.0,0.0,Haven,270750,35:01,2026-06-08 10:00:00,https://www.vlr.gg/684614/team-vitality-vs-fut-esports-valorant-masters-london-2026-r2-1-0,Valorant Masters London 2026
FUT,yetujey,Cypher,1.5,1.44,1.64,212.0,206.0,230.0,14.0,9.0,5.0,7.0,5.0,2.0,3.0,3.0,0.0,7.0,4.0,3.0,0.88,0.83,1.0,147.0,148.0,143.0,0.31,0.32,0.29,1.0,1.0,0.0,3.0,2.0,1.0,-2.0,-1.0,-1.0,Haven,270750,35:01,2026-06-08 10:00:00,https://www.vlr.gg/684614/team-vitality-vs-fut-esports-valorant-masters-london-2026-r2-1-0,Valorant Masters London 2026
FUT,KROSTALY,Sova,1.39,1.54,1.06,244.0,236.0,263.0,16.0,11.0,5.0,9.0,5.0,4.0,4.0,4.0,0.0,7.0,6.0,1.0,0.88,0.92,0.8,163.0,159.0,173.0,0.45,0.48,0.4,0.0,0.0,0.0,0.0,0.0,0.0,0.0,0.0,0.0,Haven,270750,35:01,2026-06-08 10:00:00,https://www.vlr.gg/684614/team-vitality-vs-fut-esports-valorant-masters-london-2026-r2-1-0,Valorant Masters London 2026
FUT,s0pp,Jett,1.12,1.14,1.09,262.0,269.0,246.0,16.0,13.0,3.0,13.0,9.0,4.0,5.0,2.0,3.0,3.0,4.0,-1.0,0.76,0.75,0.8,171.0,153.0,214.0,0.24,0.18,0.42,6.0,4.0,2.0,2.0,2.0,0.0,4.0,2.0,2.0,Haven,270750,35:01,2026-06-08 10:00:00,https://www.vlr.gg/684614/team-vitality-vs-fut-esports-valorant-masters-london-2026-r2-1-0,Valorant Masters London 2026
FUT,sociablEE,Omen,1.07,1.21,0.74,195.0,210.0,163.0,13.0,10.0,3.0,10.0,6.0,4.0,6.0,5.0,1.0,3.0,4.0,-1.0,0.65,0.75,0.4,125.0,143.0,82.0,0.61,0.67,0.4,3.0,2.0,1.0,1.0,0.0,1.0,2.0,2.0,0.0,Haven,270750,35:01,2026-06-08 10:00:00,https://www.vlr.gg/684614/team-vitality-vs-fut-esports-valorant-masters-london-2026-r2-1-0,Valorant Masters London 2026
FUT,xeus,Waylay,0.87,1.0,0.55,187.0,209.0,135.0,10.0,7.0,3.0,12.0,8.0,4.0,8.0,6.0,2.0,-2.0,-1.0,-1.0,0.76,0.83,0.6,139.0,158.0,92.0,0.34,0.31,0.5,1.0,1.0,0.0,0.0,0.0,0.0,1.0,1.0,0.0,Haven,270750,35:01,2026-06-08 10:00:00,https://www.vlr.gg/684614/team-vitality-vs-fut-esports-valorant-masters-london-2026-r2-1-0,Valorant Masters London 2026
VIT,PROFEK,Brimstone,1.47,2.27,0.59,259.0,351.0,160.0,23.0,17.0,6.0,12.0,3.0,9.0,9.0,5.0,4.0,11.0,14.0,-3.0,0.65,0.83,0.45,164.0,212.0,111.0,0.25,0.21,0.33,2.0,2.0,0.0,0.0,0.0,0.0,2.0,2.0,0.0,Fracture,270751,46:40,2026-06-08 10:00:00,https://www.vlr.gg/684614/team-vitality-vs-fut-esports-valorant-masters-london-2026-r2-1-0,Valorant Masters London 2026
VIT,Derke,Raze,1.33,0.91,1.79,268.0,217.0,324.0,21.0,8.0,13.0,16.0,10.0,6.0,4.0,2.0,2.0,5.0,-2.0,7.0,0.78,0.75,0.82,171.0,140.0,206.0,0.21,0.12,0.3,1.0,1.0,0.0,2.0,1.0,1.0,-1.0,0.0,-1.0,Fracture,270751,46:40,2026-06-08 10:00:00,https://www.vlr.gg/684614/team-vitality-vs-fut-esports-valorant-masters-london-2026-r2-1-0,Valorant Masters London 2026
VIT,Chronicle,Cypher,1.33,1.35,1.31,259.0,212.0,312.0,21.0,10.0,11.0,14.0,5.0,9.0,4.0,2.0,2.0,7.0,5.0,2.0,0.83,0.83,0.82,167.0,142.0,195.0,0.25,0.26,0.25,4.0,1.0,3.0,3.0,2.0,1.0,1.0,-1.0,2.0,Fracture,270751,46:40,2026-06-08 10:00:00,https://www.vlr.gg/684614/team-vitality-vs-fut-esports-valorant-masters-london-2026-r2-1-0,Valorant Masters London 2026
VIT,Sayonara,Phoenix,0.77,1.02,0.5,183.0,190.0,176.0,14.0,8.0,6.0,17.0,7.0,10.0,5.0,3.0,2.0,-3.0,1.0,-4.0,0.74,0.83,0.64,125.0,128.0,123.0,0.17,0.18,0.15,4.0,1.0,3.0,3.0,1.0,2.0,1.0,0.0,1.0,Fracture,270751,46:40,2026-06-08 10:00:00,https://www.vlr.gg/684614/team-vitality-vs-fut-esports-valorant-masters-london-2026-r2-1-0,Valorant Masters London 2026
VIT,Jamppi,Fade,0.64,0.67,0.62,128.0,163.0,92.0,11.0,7.0,4.0,15.0,8.0,7.0,5.0,3.0,2.0,-4.0,-1.0,-3.0,0.74,0.83,0.64,85.0,97.0,71.0,0.36,0.25,0.63,0.0,0.0,0.0,4.0,3.0,1.0,-4.0,-3.0,-1.0,Fracture,270751,46:40,2026-06-08 10:00:00,https://www.vlr.gg/684614/team-vitality-vs-fut-esports-valorant-masters-london-2026-r2-1-0,Valorant Masters London 2026
FUT,xeus,Raze,1.1,0.94,1.26,251.0,244.0,258.0,19.0,8.0,11.0,19.0,10.0,9.0,6.0,3.0,3.0,0.0,-2.0,2.0,0.78,0.73,0.83,157.0,151.0,163.0,0.35,0.35,0.36,6.0,3.0,3.0,2.0,1.0,1.0,4.0,2.0,2.0,Fracture,270751,46:40,2026-06-08 10:00:00,https://www.vlr.gg/684614/team-vitality-vs-fut-esports-valorant-masters-london-2026-r2-1-0,Valorant Masters London 2026
FUT,yetujey,Cypher,0.95,1.29,0.63,200.0,231.0,173.0,17.0,11.0,6.0,17.0,6.0,11.0,3.0,1.0,2.0,0.0,5.0,-5.0,0.78,0.82,0.75,137.0,153.0,123.0,0.32,0.26,0.4,2.0,1.0,1.0,1.0,1.0,0.0,1.0,0.0,1.0,Fracture,270751,46:40,2026-06-08 10:00:00,https://www.vlr.gg/684614/team-vitality-vs-fut-esports-valorant-masters-london-2026-r2-1-0,Valorant Masters London 2026
FUT,sociablEE,Brimstone,0.79,0.95,0.65,178.0,201.0,157.0,14.0,8.0,6.0,18.0,8.0,10.0,10.0,5.0,5.0,-4.0,0.0,-4.0,0.7,0.91,0.5,105.0,120.0,91.0,0.11,0.15,0.08,2.0,0.0,2.0,4.0,2.0,2.0,-2.0,-2.0,0.0,Fracture,270751,46:40,2026-06-08 10:00:00,https://www.vlr.gg/684614/team-vitality-vs-fut-esports-valorant-masters-london-2026-r2-1-0,Valorant Masters London 2026
FUT,s0pp,Jett,0.72,0.74,0.7,182.0,190.0,176.0,16.0,8.0,8.0,20.0,9.0,11.0,3.0,1.0,2.0,-4.0,-1.0,-3.0,0.7,0.64,0.75,105.0,103.0,108.0,0.17,0.14,0.2,2.0,1.0,1.0,3.0,2.0,1.0,-1.0,-1.0,0.0,Fracture,270751,46:40,2026-06-08 10:00:00,https://www.vlr.gg/684614/team-vitality-vs-fut-esports-valorant-masters-london-2026-r2-1-0,Valorant Masters London 2026
FUT,KROSTALY,Fade,0.69,0.93,0.47,124.0,164.0,88.0,8.0,6.0,2.0,16.0,7.0,9.0,3.0,0.0,3.0,-8.0,-1.0,-7.0,0.65,0.82,0.5,90.0,119.0,63.0,0.16,0.29,0.04,0.0,0.0,0.0,1.0,0.0,1.0,-1.0,0.0,-1.0,Fracture,270751,46:40,2026-06-08 10:00:00,https://www.vlr.gg/684614/team-vitality-vs-fut-esports-valorant-masters-london-2026-r2-1-0,Valorant Masters London 2026
NRG,Ethan,Astra,1.31,0.9,1.58,210.0,209.0,211.0,15.0,5.0,10.0,13.0,7.0,6.0,5.0,2.0,3.0,2.0,-2.0,4.0,0.7,0.63,0.75,160.0,175.0,150.0,0.25,0.21,0.29,1.0,1.0,0.0,1.0,1.0,0.0,0.0,0.0,0.0,Ascent,270752,46:14,2026-06-08 13:15:00,https://www.vlr.gg/684615/nrg-vs-leviat-n-valorant-masters-london-2026-r2-1-0,Valorant Masters London 2026
NRG,skuba,Vyse,1.12,1.11,1.12,221.0,244.0,206.0,16.0,7.0,9.0,15.0,7.0,8.0,7.0,3.0,4.0,1.0,0.0,1.0,0.7,0.63,0.75,140.0,151.0,133.0,0.34,0.44,0.28,2.0,1.0,1.0,1.0,0.0,1.0,1.0,1.0,0.0,Ascent,270752,46:14,2026-06-08 13:15:00,https://www.vlr.gg/684615/nrg-vs-leviat-n-valorant-masters-london-2026-r2-1-0,Valorant Masters London 2026
NRG,brawk,Sova,0.85,0.37,1.18,191.0,116.0,242.0,12.0,2.0,10.0,16.0,7.0,9.0,3.0,0.0,3.0,-4.0,-5.0,1.0,0.65,0.25,0.92,139.0,86.0,175.0,0.19,0.0,0.28,1.0,0.0,1.0,2.0,0.0,2.0,-1.0,0.0,-1.0,Ascent,270752,46:14,2026-06-08 13:15:00,https://www.vlr.gg/684615/nrg-vs-leviat-n-valorant-masters-london-2026-r2-1-0,Valorant Masters London 2026
NRG,keiko,Phoenix,0.56,0.42,0.65,156.0,119.0,182.0,10.0,3.0,7.0,17.0,7.0,10.0,4.0,2.0,2.0,-7.0,-4.0,-3.0,0.6,0.63,0.58,111.0,90.0,125.0,0.38,0.38,0.39,1.0,1.0,0.0,4.0,2.0,2.0,-3.0,-1.0,-2.0,Ascent,270752,46:14,2026-06-08 13:15:00,https://www.vlr.gg/684615/nrg-vs-leviat-n-valorant-masters-london-2026-r2-1-0,Valorant Masters London 2026
NRG,mada,Jett,0.42,0.3,0.49,155.0,126.0,176.0,10.0,3.0,7.0,19.0,8.0,11.0,5.0,3.0,2.0,-9.0,-5.0,-4.0,0.6,0.75,0.5,101.0,88.0,109.0,0.47,0.23,0.63,3.0,2.0,1.0,4.0,0.0,4.0,-1.0,2.0,-3.0,Ascent,270752,46:14,2026-06-08 13:15:00,https://www.vlr.gg/684615/nrg-vs-leviat-n-valorant-masters-london-2026-r2-1-0,Valorant Masters London 2026
LEV,Sato,Phoenix,1.66,1.41,2.04,317.0,297.0,348.0,23.0,13.0,10.0,12.0,9.0,3.0,6.0,2.0,4.0,11.0,4.0,7.0,0.8,0.75,0.88,208.0,207.0,209.0,0.31,0.37,0.22,3.0,2.0,1.0,0.0,0.0,0.0,3.0,2.0,1.0,Ascent,270752,46:14,2026-06-08 13:15:00,https://www.vlr.gg/684615/nrg-vs-leviat-n-valorant-masters-london-2026-r2-1-0,Valorant Masters London 2026
LEV,Neon,Chamber,1.3,1.37,1.2,216.0,235.0,189.0,17.0,10.0,7.0,11.0,7.0,4.0,3.0,2.0,1.0,6.0,3.0,3.0,0.9,0.83,1.0,147.0,157.0,131.0,0.15,0.2,0.09,2.0,2.0,0.0,2.0,1.0,1.0,0.0,1.0,-1.0,Ascent,270752,46:14,2026-06-08 13:15:00,https://www.vlr.gg/684615/nrg-vs-leviat-n-valorant-masters-london-2026-r2-1-0,Valorant Masters London 2026
LEV,blowz,Sova,1.12,0.52,2.01,218.0,132.0,349.0,15.0,5.0,10.0,14.0,10.0,4.0,11.0,4.0,7.0,1.0,-5.0,6.0,0.85,0.75,1.0,140.0,94.0,209.0,0.29,0.43,0.23,2.0,1.0,1.0,0.0,0.0,0.0,2.0,1.0,1.0,Ascent,270752,46:14,2026-06-08 13:15:00,https://www.vlr.gg/684615/nrg-vs-leviat-n-valorant-masters-london-2026-r2-1-0,Valorant Masters London 2026
LEV,kiNgg,Omen,0.97,1.07,0.82,132.0,171.0,75.0,10.0,8.0,2.0,10.0,7.0,3.0,9.0,5.0,4.0,0.0,1.0,-1.0,0.8,0.75,0.88,81.0,97.0,58.0,0.19,0.16,0.25,1.0,1.0,0.0,3.0,0.0,3.0,-2.0,1.0,-3.0,Ascent,270752,46:14,2026-06-08 13:15:00,https://www.vlr.gg/684615/nrg-vs-leviat-n-valorant-masters-london-2026-r2-1-0,Valorant Masters London 2026
LEV,spike,Neon,0.73,0.55,1.01,186.0,169.0,213.0,15.0,8.0,7.0,16.0,10.0,6.0,6.0,2.0,4.0,-1.0,-2.0,1.0,0.7,0.67,0.75,101.0,88.0,121.0,0.22,0.21,0.25,4.0,3.0,1.0,3.0,2.0,1.0,1.0,1.0,0.0,Ascent,270752,46:14,2026-06-08 13:15:00,https://www.vlr.gg/684615/nrg-vs-leviat-n-valorant-masters-london-2026-r2-1-0,Valorant Masters London 2026
NRG,skuba,Vyse,1.12,1.07,1.16,194.0,193.0,194.0,42.0,18.0,24.0,38.0,18.0,20.0,13.0,4.0,9.0,4.0,0.0,4.0,0.69,0.65,0.73,125.0,126.0,124.0,0.27,0.34,0.23,5.0,3.0,2.0,1.0,0.0,1.0,4.0,3.0,1.0,all,all,all,2026-06-08 13:15:00,https://www.vlr.gg/684615/nrg-vs-leviat-n-valorant-masters-london-2026-r2-1-0,Valorant Masters London 2026
NRG,Ethan,Astra,1.07,0.72,1.35,200.0,187.0,209.0,38.0,15.0,23.0,41.0,22.0,19.0,22.0,7.0,15.0,-3.0,-7.0,4.0,0.68,0.62,0.73,148.0,144.0,151.0,0.24,0.21,0.28,2.0,2.0,0.0,3.0,2.0,1.0,-1.0,0.0,-1.0,all,all,all,2026-06-08 13:15:00,https://www.vlr.gg/684615/nrg-vs-leviat-n-valorant-masters-london-2026-r2-1-0,Valorant Masters London 2026
NRG,keiko,Phoenix,0.88,0.92,0.86,181.0,196.0,172.0,39.0,19.0,20.0,46.0,21.0,25.0,24.0,9.0,15.0,-7.0,-2.0,-5.0,0.63,0.58,0.67,120.0,119.0,120.0,0.36,0.48,0.28,4.0,3.0,1.0,9.0,4.0,5.0,-5.0,-1.0,-4.0,all,all,all,2026-06-08 13:15:00,https://www.vlr.gg/684615/nrg-vs-leviat-n-valorant-masters-london-2026-r2-1-0,Valorant Masters London 2026
NRG,brawk,Sova,0.87,0.52,1.16,185.0,120.0,234.0,35.0,8.0,27.0,47.0,23.0,24.0,20.0,8.0,12.0,-12.0,-15.0,3.0,0.66,0.46,0.82,133.0,104.0,156.0,0.19,0.16,0.2,6.0,0.0,6.0,6.0,2.0,4.0,0.0,-2.0,2.0,all,all,all,2026-06-08 13:15:00,https://www.vlr.gg/684615/nrg-vs-leviat-n-valorant-masters-london-2026-r2-1-0,Valorant Masters London 2026
NRG,mada,Jett,0.65,0.74,0.57,175.0,189.0,159.0,36.0,18.0,18.0,49.0,22.0,27.0,12.0,5.0,7.0,-13.0,-4.0,-9.0,0.58,0.69,0.48,108.0,111.0,106.0,0.3,0.32,0.28,10.0,7.0,3.0,13.0,3.0,10.0,-3.0,4.0,-7.0,all,all,all,2026-06-08 13:15:00,https://www.vlr.gg/684615/nrg-vs-leviat-n-valorant-masters-london-2026-r2-1-0,Valorant Masters London 2026
LEV,spike,Neon,1.13,1.0,1.29,227.0,199.0,268.0,52.0,24.0,28.0,42.0,23.0,19.0,17.0,10.0,7.0,10.0,1.0,9.0,0.75,0.7,0.81,145.0,129.0,165.0,0.28,0.33,0.23,7.0,5.0,2.0,4.0,3.0,1.0,3.0,2.0,1.0,all,all,all,2026-06-08 13:15:00,https://www.vlr.gg/684615/nrg-vs-leviat-n-valorant-masters-london-2026-r2-1-0,Valorant Masters London 2026
LEV,Neon,Chamber,1.12,1.11,1.13,212.0,221.0,201.0,45.0,26.0,19.0,38.0,22.0,16.0,12.0,3.0,9.0,7.0,4.0,3.0,0.76,0.73,0.81,139.0,143.0,135.0,0.25,0.37,0.14,11.0,8.0,3.0,10.0,4.0,6.0,1.0,4.0,-3.0,all,all,all,2026-06-08 13:15:00,https://www.vlr.gg/684615/nrg-vs-leviat-n-valorant-masters-london-2026-r2-1-0,Valorant Masters London 2026
LEV,blowz,Sova,1.09,0.91,1.31,190.0,167.0,224.0,41.0,19.0,22.0,36.0,22.0,14.0,20.0,12.0,8.0,5.0,-3.0,8.0,0.76,0.73,0.81,132.0,121.0,146.0,0.35,0.42,0.3,5.0,2.0,3.0,2.0,2.0,0.0,3.0,0.0,3.0,all,all,all,2026-06-08 13:15:00,https://www.vlr.gg/684615/nrg-vs-leviat-n-valorant-masters-london-2026-r2-1-0,Valorant Masters London 2026
LEV,kiNgg,Omen,1.06,1.22,0.85,178.0,213.0,140.0,41.0,27.0,14.0,34.0,19.0,15.0,21.0,9.0,12.0,7.0,8.0,-1.0,0.75,0.76,0.73,116.0,128.0,99.0,0.31,0.35,0.24,3.0,3.0,0.0,6.0,0.0,6.0,-3.0,3.0,-6.0,all,all,all,2026-06-08 13:15:00,https://www.vlr.gg/684615/nrg-vs-leviat-n-valorant-masters-london-2026-r2-1-0,Valorant Masters London 2026
LEV,Sato,Phoenix,1.01,0.74,1.35,198.0,169.0,246.0,42.0,19.0,23.0,40.0,26.0,14.0,15.0,5.0,10.0,2.0,-7.0,9.0,0.66,0.61,0.73,141.0,126.0,161.0,0.26,0.25,0.27,6.0,3.0,3.0,5.0,3.0,2.0,1.0,0.0,1.0,all,all,all,2026-06-08 13:15:00,https://www.vlr.gg/684615/nrg-vs-leviat-n-valorant-masters-london-2026-r2-1-0,Valorant Masters London 2026
NRG,Ethan,Fade,1.32,1.13,1.42,222.0,212.0,227.0,14.0,5.0,9.0,9.0,3.0,6.0,7.0,2.0,5.0,5.0,2.0,3.0,0.78,0.83,0.75,156.0,145.0,161.0,0.38,0.35,0.4,0.0,0.0,0.0,1.0,0.0,1.0,-1.0,0.0,-1.0,Lotus,270753,37:40,2026-06-08 13:15:00,https://www.vlr.gg/684615/nrg-vs-leviat-n-valorant-masters-london-2026-r2-1-0,Valorant Masters London 2026
NRG,skuba,Viper,1.29,1.09,1.39,200.0,140.0,232.0,13.0,3.0,10.0,8.0,2.0,6.0,3.0,0.0,3.0,5.0,1.0,4.0,0.83,0.83,0.83,135.0,88.0,158.0,0.26,0.29,0.26,1.0,1.0,0.0,0.0,0.0,0.0,1.0,1.0,0.0,Lotus,270753,37:40,2026-06-08 13:15:00,https://www.vlr.gg/684615/nrg-vs-leviat-n-valorant-masters-london-2026-r2-1-0,Valorant Masters London 2026
NRG,mada,Raze,1.26,1.82,0.97,244.0,333.0,201.0,17.0,8.0,9.0,11.0,3.0,8.0,2.0,1.0,1.0,6.0,5.0,1.0,0.67,0.83,0.58,160.0,198.0,141.0,0.16,0.28,0.07,4.0,2.0,2.0,3.0,0.0,3.0,1.0,2.0,-1.0,Lotus,270753,37:40,2026-06-08 13:15:00,https://www.vlr.gg/684615/nrg-vs-leviat-n-valorant-masters-london-2026-r2-1-0,Valorant Masters London 2026
NRG,keiko,Omen,1.25,1.64,1.06,167.0,225.0,138.0,13.0,6.0,7.0,9.0,3.0,6.0,14.0,5.0,9.0,4.0,3.0,1.0,0.78,0.83,0.75,98.0,135.0,79.0,0.32,0.46,0.2,1.0,1.0,0.0,3.0,1.0,2.0,-2.0,0.0,-2.0,Lotus,270753,37:40,2026-06-08 13:15:00,https://www.vlr.gg/684615/nrg-vs-leviat-n-valorant-masters-london-2026-r2-1-0,Valorant Masters London 2026
NRG,brawk,Vyse,1.17,1.09,1.2,213.0,152.0,244.0,13.0,3.0,10.0,12.0,4.0,8.0,9.0,3.0,6.0,1.0,-1.0,2.0,0.83,0.83,0.83,148.0,135.0,155.0,0.15,0.31,0.11,3.0,0.0,3.0,2.0,1.0,1.0,1.0,-1.0,2.0,Lotus,270753,37:40,2026-06-08 13:15:00,https://www.vlr.gg/684615/nrg-vs-leviat-n-valorant-masters-london-2026-r2-1-0,Valorant Masters London 2026
LEV,spike,Omen,1.12,1.1,1.16,191.0,175.0,224.0,13.0,7.0,6.0,13.0,8.0,5.0,6.0,5.0,1.0,0.0,-1.0,1.0,0.67,0.58,0.83,131.0,136.0,122.0,0.24,0.27,0.2,0.0,0.0,0.0,0.0,0.0,0.0,0.0,0.0,0.0,Lotus,270753,37:40,2026-06-08 13:15:00,https://www.vlr.gg/684615/nrg-vs-leviat-n-valorant-masters-london-2026-r2-1-0,Valorant Masters London 2026
LEV,blowz,Skye,0.83,0.79,0.89,152.0,134.0,190.0,10.0,6.0,4.0,13.0,8.0,5.0,5.0,5.0,0.0,-3.0,-2.0,-1.0,0.61,0.58,0.67,103.0,92.0,124.0,0.5,0.7,0.33,3.0,1.0,2.0,2.0,2.0,0.0,1.0,-1.0,2.0,Lotus,270753,37:40,2026-06-08 13:15:00,https://www.vlr.gg/684615/nrg-vs-leviat-n-valorant-masters-london-2026-r2-1-0,Valorant Masters London 2026
LEV,Neon,Jett,0.83,1.01,0.48,214.0,258.0,128.0,13.0,11.0,2.0,15.0,10.0,5.0,2.0,0.0,2.0,-2.0,1.0,-3.0,0.61,0.67,0.5,139.0,163.0,90.0,0.5,0.6,0.25,5.0,5.0,0.0,4.0,2.0,2.0,1.0,3.0,-2.0,Lotus,270753,37:40,2026-06-08 13:15:00,https://www.vlr.gg/684615/nrg-vs-leviat-n-valorant-masters-london-2026-r2-1-0,Valorant Masters London 2026
LEV,kiNgg,Vyse,0.69,0.9,0.26,146.0,163.0,114.0,9.0,7.0,2.0,14.0,9.0,5.0,3.0,3.0,0.0,-5.0,-2.0,-3.0,0.56,0.67,0.33,105.0,109.0,97.0,0.27,0.4,0.08,1.0,1.0,0.0,2.0,0.0,2.0,-1.0,1.0,-2.0,Lotus,270753,37:40,2026-06-08 13:15:00,https://www.vlr.gg/684615/nrg-vs-leviat-n-valorant-masters-london-2026-r2-1-0,Valorant Masters London 2026
LEV,Sato,Raze,0.31,0.36,0.21,86.0,100.0,62.0,4.0,3.0,1.0,15.0,10.0,5.0,1.0,1.0,0.0,-11.0,-7.0,-4.0,0.44,0.5,0.33,75.0,90.0,45.0,0.1,0.09,0.13,0.0,0.0,0.0,1.0,1.0,0.0,-1.0,-1.0,0.0,Lotus,270753,37:40,2026-06-08 13:15:00,https://www.vlr.gg/684615/nrg-vs-leviat-n-valorant-masters-london-2026-r2-1-0,Valorant Masters London 2026
NRG,skuba,Astra,0.98,1.04,0.91,161.0,185.0,129.0,13.0,8.0,5.0,15.0,9.0,6.0,3.0,1.0,2.0,-2.0,-1.0,-1.0,0.57,0.58,0.56,102.0,128.0,67.0,0.2,0.29,0.11,2.0,1.0,1.0,0.0,0.0,0.0,2.0,1.0,1.0,Pearl,270754,46:57,2026-06-08 13:15:00,https://www.vlr.gg/684615/nrg-vs-leviat-n-valorant-masters-london-2026-r2-1-0,Valorant Masters London 2026
NRG,keiko,Vyse,0.88,0.89,0.88,220.0,232.0,205.0,16.0,10.0,6.0,20.0,11.0,9.0,6.0,2.0,4.0,-4.0,-1.0,-3.0,0.52,0.42,0.67,147.0,132.0,167.0,0.37,0.53,0.25,2.0,1.0,1.0,2.0,1.0,1.0,0.0,0.0,0.0,Pearl,270754,46:57,2026-06-08 13:15:00,https://www.vlr.gg/684615/nrg-vs-leviat-n-valorant-masters-london-2026-r2-1-0,Valorant Masters London 2026
NRG,brawk,Sova,0.65,0.33,1.07,150.0,106.0,211.0,10.0,3.0,7.0,19.0,12.0,7.0,8.0,5.0,3.0,-9.0,-9.0,0.0,0.52,0.42,0.67,114.0,100.0,133.0,0.29,0.25,0.32,2.0,0.0,2.0,2.0,1.0,1.0,0.0,-1.0,1.0,Pearl,270754,46:57,2026-06-08 13:15:00,https://www.vlr.gg/684615/nrg-vs-leviat-n-valorant-masters-london-2026-r2-1-0,Valorant Masters London 2026
NRG,Ethan,Tejo,0.64,0.41,0.95,169.0,159.0,182.0,9.0,5.0,4.0,19.0,12.0,7.0,10.0,3.0,7.0,-10.0,-7.0,-3.0,0.57,0.5,0.67,129.0,122.0,138.0,0.12,0.12,0.13,1.0,1.0,0.0,1.0,1.0,0.0,0.0,0.0,0.0,Pearl,270754,46:57,2026-06-08 13:15:00,https://www.vlr.gg/684615/nrg-vs-leviat-n-valorant-masters-london-2026-r2-1-0,Valorant Masters London 2026
NRG,mada,Waylay,0.34,0.48,0.15,126.0,160.0,82.0,9.0,7.0,2.0,19.0,11.0,8.0,5.0,1.0,4.0,-10.0,-4.0,-6.0,0.48,0.58,0.33,71.0,83.0,56.0,0.35,0.46,0.14,3.0,3.0,0.0,6.0,3.0,3.0,-3.0,0.0,-3.0,Pearl,270754,46:57,2026-06-08 13:15:00,https://www.vlr.gg/684615/nrg-vs-leviat-n-valorant-masters-london-2026-r2-1-0,Valorant Masters London 2026
LEV,spike,Neon,1.52,1.47,1.55,303.0,271.0,328.0,24.0,9.0,15.0,13.0,5.0,8.0,5.0,3.0,2.0,11.0,4.0,7.0,0.86,0.89,0.83,198.0,175.0,216.0,0.33,0.57,0.23,3.0,2.0,1.0,1.0,1.0,0.0,2.0,1.0,1.0,Pearl,270754,46:57,2026-06-08 13:15:00,https://www.vlr.gg/684615/nrg-vs-leviat-n-valorant-masters-london-2026-r2-1-0,Valorant Masters London 2026
LEV,kiNgg,Astra,1.45,1.85,1.15,256.0,335.0,197.0,22.0,12.0,10.0,10.0,3.0,7.0,9.0,1.0,8.0,12.0,9.0,3.0,0.86,0.89,0.83,157.0,195.0,128.0,0.45,0.55,0.35,1.0,1.0,0.0,1.0,0.0,1.0,0.0,1.0,-1.0,Pearl,270754,46:57,2026-06-08 13:15:00,https://www.vlr.gg/684615/nrg-vs-leviat-n-valorant-masters-london-2026-r2-1-0,Valorant Masters London 2026
LEV,blowz,Sova,1.28,1.57,1.06,200.0,258.0,157.0,16.0,8.0,8.0,9.0,4.0,5.0,4.0,3.0,1.0,7.0,4.0,3.0,0.81,0.89,0.75,149.0,194.0,114.0,0.34,0.29,0.41,0.0,0.0,0.0,0.0,0.0,0.0,0.0,0.0,0.0,Pearl,270754,46:57,2026-06-08 13:15:00,https://www.vlr.gg/684615/nrg-vs-leviat-n-valorant-masters-london-2026-r2-1-0,Valorant Masters London 2026
LEV,Neon,Chamber,1.19,0.9,1.41,205.0,150.0,246.0,15.0,5.0,10.0,12.0,5.0,7.0,7.0,1.0,6.0,3.0,0.0,3.0,0.76,0.67,0.83,133.0,96.0,160.0,0.14,0.18,0.13,4.0,1.0,3.0,4.0,1.0,3.0,0.0,0.0,0.0,Pearl,270754,46:57,2026-06-08 13:15:00,https://www.vlr.gg/684615/nrg-vs-leviat-n-valorant-masters-london-2026-r2-1-0,Valorant Masters London 2026
LEV,Sato,Phoenix,0.99,0.36,1.46,192.0,91.0,269.0,15.0,3.0,12.0,13.0,7.0,6.0,8.0,2.0,6.0,2.0,-4.0,6.0,0.71,0.56,0.83,135.0,65.0,187.0,0.32,0.2,0.35,3.0,1.0,2.0,4.0,2.0,2.0,-1.0,-1.0,0.0,Pearl,270754,46:57,2026-06-08 13:15:00,https://www.vlr.gg/684615/nrg-vs-leviat-n-valorant-masters-london-2026-r2-1-0,Valorant Masters London 2026
DRG,Nicc,Skye,1.91,1.65,2.01,278.0,157.0,330.0,18.0,4.0,14.0,6.0,1.0,5.0,10.0,4.0,6.0,12.0,3.0,9.0,0.88,0.8,0.92,177.0,77.0,218.0,0.26,0.14,0.28,2.0,0.0,2.0,0.0,0.0,0.0,2.0,0.0,2.0,Haven,270755,33:41,2026-06-09 10:00:00,https://www.vlr.gg/684616/dragon-ranger-gaming-vs-xi-lai-gaming-valorant-masters-london-2026-r2-0-1,Valorant Masters London 2026
DRG,vo0kashu,Cypher,1.71,0.78,2.09,337.0,205.0,393.0,20.0,3.0,17.0,11.0,4.0,7.0,10.0,4.0,6.0,9.0,-1.0,10.0,1.0,1.0,1.0,225.0,161.0,252.0,0.17,0.11,0.18,4.0,1.0,3.0,0.0,0.0,0.0,4.0,1.0,3.0,Haven,270755,33:41,2026-06-09 10:00:00,https://www.vlr.gg/684616/dragon-ranger-gaming-vs-xi-lai-gaming-valorant-masters-london-2026-r2-0-1,Valorant Masters London 2026
DRG,Flex1n,Omen,1.25,2.16,0.87,224.0,312.0,188.0,13.0,6.0,7.0,11.0,2.0,9.0,16.0,6.0,10.0,2.0,4.0,-2.0,0.82,1.0,0.75,129.0,152.0,119.0,0.22,0.12,0.29,3.0,1.0,2.0,1.0,0.0,1.0,2.0,1.0,1.0,Haven,270755,33:41,2026-06-09 10:00:00,https://www.vlr.gg/684616/dragon-ranger-gaming-vs-xi-lai-gaming-valorant-masters-london-2026-r2-0-1,Valorant Masters London 2026
DRG,SpiritZ1,Waylay,1.08,1.16,1.05,235.0,292.0,212.0,15.0,5.0,10.0,12.0,4.0,8.0,5.0,2.0,3.0,3.0,1.0,2.0,0.82,0.8,0.83,150.0,152.0,149.0,0.44,0.45,0.43,2.0,2.0,0.0,3.0,0.0,3.0,-1.0,2.0,-3.0,Haven,270755,33:41,2026-06-09 10:00:00,https://www.vlr.gg/684616/dragon-ranger-gaming-vs-xi-lai-gaming-valorant-masters-london-2026-r2-0-1,Valorant Masters London 2026
DRG,Life,Neon,0.77,1.05,0.65,163.0,286.0,113.0,10.0,5.0,5.0,12.0,4.0,8.0,3.0,1.0,2.0,-2.0,1.0,-3.0,0.88,1.0,0.83,113.0,208.0,73.0,0.38,0.38,0.4,1.0,1.0,0.0,1.0,0.0,1.0,0.0,1.0,-1.0,Haven,270755,33:41,2026-06-09 10:00:00,https://www.vlr.gg/684616/dragon-ranger-gaming-vs-xi-lai-gaming-valorant-masters-london-2026-r2-0-1,Valorant Masters London 2026
XLG,happywei,Cypher,0.97,0.71,1.6,180.0,139.0,280.0,11.0,6.0,5.0,14.0,10.0,4.0,2.0,2.0,0.0,-3.0,-4.0,1.0,0.71,0.67,0.8,122.0,101.0,175.0,0.48,0.37,0.75,1.0,1.0,0.0,1.0,1.0,0.0,0.0,0.0,0.0,Haven,270755,33:41,2026-06-09 10:00:00,https://www.vlr.gg/684616/dragon-ranger-gaming-vs-xi-lai-gaming-valorant-masters-london-2026-r2-0-1,Valorant Masters London 2026
XLG,WsLeo,Sova,0.84,0.79,0.95,234.0,228.0,251.0,13.0,9.0,4.0,16.0,11.0,5.0,5.0,3.0,2.0,-3.0,-2.0,-1.0,0.59,0.5,0.8,151.0,139.0,180.0,0.37,0.43,0.29,0.0,0.0,0.0,2.0,0.0,2.0,-2.0,0.0,-2.0,Haven,270755,33:41,2026-06-09 10:00:00,https://www.vlr.gg/684616/dragon-ranger-gaming-vs-xi-lai-gaming-valorant-masters-london-2026-r2-0-1,Valorant Masters London 2026
XLG,Rarga,Phoenix,0.77,0.85,0.58,196.0,173.0,254.0,11.0,7.0,4.0,15.0,10.0,5.0,3.0,2.0,1.0,-4.0,-3.0,-1.0,0.71,0.67,0.8,131.0,126.0,144.0,0.27,0.28,0.25,3.0,3.0,0.0,2.0,2.0,0.0,1.0,1.0,0.0,Haven,270755,33:41,2026-06-09 10:00:00,https://www.vlr.gg/684616/dragon-ranger-gaming-vs-xi-lai-gaming-valorant-masters-london-2026-r2-0-1,Valorant Masters London 2026
XLG,Lysoar,Omen,0.71,0.88,0.33,153.0,188.0,70.0,10.0,9.0,1.0,15.0,10.0,5.0,6.0,2.0,4.0,-5.0,-1.0,-4.0,0.76,0.75,0.8,111.0,135.0,55.0,0.32,0.33,0.25,0.0,0.0,0.0,1.0,0.0,1.0,-1.0,0.0,-1.0,Haven,270755,33:41,2026-06-09 10:00:00,https://www.vlr.gg/684616/dragon-ranger-gaming-vs-xi-lai-gaming-valorant-masters-london-2026-r2-0-1,Valorant Masters London 2026
XLG,NoMan,Jett,0.3,0.34,0.19,120.0,155.0,38.0,7.0,6.0,1.0,16.0,12.0,4.0,3.0,3.0,0.0,-9.0,-6.0,-3.0,0.53,0.5,0.6,81.0,101.0,32.0,0.23,0.19,1.0,1.0,1.0,0.0,6.0,4.0,2.0,-5.0,-3.0,-2.0,Haven,270755,33:41,2026-06-09 10:00:00,https://www.vlr.gg/684616/dragon-ranger-gaming-vs-xi-lai-gaming-valorant-masters-london-2026-r2-0-1,Valorant Masters London 2026
DRG,vo0kashu,Cypher,1.39,1.24,1.52,276.0,238.0,295.0,60.0,23.0,37.0,41.0,20.0,21.0,17.0,8.0,9.0,19.0,3.0,16.0,0.87,0.86,0.88,183.0,175.0,190.0,0.25,0.27,0.23,8.0,4.0,4.0,2.0,0.0,2.0,6.0,4.0,2.0,all,all,all,2026-06-09 10:00:00,https://www.vlr.gg/684616/dragon-ranger-gaming-vs-xi-lai-gaming-valorant-masters-london-2026-r2-0-1,Valorant Masters London 2026
DRG,Nicc,Skye,1.2,1.06,1.32,220.0,165.0,255.0,49.0,20.0,29.0,39.0,16.0,23.0,20.0,6.0,14.0,10.0,4.0,6.0,0.78,0.79,0.76,140.0,98.0,176.0,0.3,0.27,0.31,4.0,1.0,3.0,4.0,3.0,1.0,0.0,-2.0,2.0,all,all,all,2026-06-09 10:00:00,https://www.vlr.gg/684616/dragon-ranger-gaming-vs-xi-lai-gaming-valorant-masters-london-2026-r2-0-1,Valorant Masters London 2026
DRG,Flex1n,Omen,1.04,1.04,1.04,188.0,168.0,198.0,38.0,17.0,21.0,41.0,18.0,23.0,33.0,12.0,21.0,-3.0,-1.0,-2.0,0.75,0.72,0.76,112.0,105.0,118.0,0.25,0.2,0.31,8.0,3.0,5.0,6.0,3.0,3.0,2.0,0.0,2.0,all,all,all,2026-06-09 10:00:00,https://www.vlr.gg/684616/dragon-ranger-gaming-vs-xi-lai-gaming-valorant-masters-london-2026-r2-0-1,Valorant Masters London 2026
DRG,SpiritZ1,Waylay,1.01,1.08,0.94,220.0,253.0,195.0,48.0,26.0,22.0,45.0,23.0,22.0,12.0,5.0,7.0,3.0,3.0,0.0,0.68,0.69,0.68,143.0,151.0,137.0,0.34,0.35,0.33,9.0,6.0,3.0,5.0,0.0,5.0,4.0,6.0,-2.0,all,all,all,2026-06-09 10:00:00,https://www.vlr.gg/684616/dragon-ranger-gaming-vs-xi-lai-gaming-valorant-masters-london-2026-r2-0-1,Valorant Masters London 2026
DRG,Life,Neon,0.65,0.73,0.57,152.0,187.0,125.0,33.0,18.0,15.0,47.0,22.0,25.0,14.0,7.0,7.0,-14.0,-4.0,-10.0,0.71,0.76,0.68,105.0,126.0,88.0,0.42,0.38,0.48,6.0,4.0,2.0,11.0,5.0,6.0,-5.0,-1.0,-4.0,all,all,all,2026-06-09 10:00:00,https://www.vlr.gg/684616/dragon-ranger-gaming-vs-xi-lai-gaming-valorant-masters-london-2026-r2-0-1,Valorant Masters London 2026
XLG,happywei,Cypher,1.55,1.62,1.47,274.0,292.0,278.0,64.0,36.0,28.0,40.0,21.0,19.0,14.0,8.0,6.0,24.0,15.0,9.0,0.76,0.76,0.76,197.0,201.0,192.0,0.4,0.39,0.41,8.0,4.0,4.0,5.0,3.0,2.0,3.0,1.0,2.0,all,all,all,2026-06-09 10:00:00,https://www.vlr.gg/684616/dragon-ranger-gaming-vs-xi-lai-gaming-valorant-masters-london-2026-r2-0-1,Valorant Masters London 2026
XLG,Rarga,Phoenix,0.92,0.88,0.98,204.0,178.0,233.0,46.0,23.0,23.0,48.0,27.0,21.0,10.0,4.0,6.0,-2.0,-4.0,2.0,0.7,0.71,0.69,131.0,115.0,150.0,0.33,0.36,0.31,12.0,7.0,5.0,13.0,8.0,5.0,-1.0,-1.0,0.0,all,all,all,2026-06-09 10:00:00,https://www.vlr.gg/684616/dragon-ranger-gaming-vs-xi-lai-gaming-valorant-masters-london-2026-r2-0-1,Valorant Masters London 2026
XLG,Lysoar,Omen,0.92,1.01,0.82,181.0,211.0,149.0,40.0,26.0,14.0,44.0,24.0,20.0,30.0,13.0,17.0,-4.0,2.0,-6.0,0.73,0.79,0.66,121.0,129.0,111.0,0.23,0.27,0.18,2.0,1.0,1.0,2.0,1.0,1.0,0.0,0.0,0.0,all,all,all,2026-06-09 10:00:00,https://www.vlr.gg/684616/dragon-ranger-gaming-vs-xi-lai-gaming-valorant-masters-london-2026-r2-0-1,Valorant Masters London 2026
XLG,WsLeo,Sova,0.73,0.63,0.85,159.0,124.0,188.0,30.0,12.0,18.0,48.0,25.0,23.0,24.0,16.0,8.0,-18.0,-13.0,-5.0,0.7,0.68,0.72,104.0,82.0,130.0,0.28,0.35,0.24,1.0,0.0,1.0,5.0,0.0,5.0,-4.0,0.0,-4.0,all,all,all,2026-06-09 10:00:00,https://www.vlr.gg/684616/dragon-ranger-gaming-vs-xi-lai-gaming-valorant-masters-london-2026-r2-0-1,Valorant Masters London 2026
XLG,NoMan,Jett,0.72,0.65,0.8,156.0,153.0,165.0,33.0,17.0,16.0,48.0,27.0,21.0,15.0,8.0,7.0,-15.0,-10.0,-5.0,0.6,0.59,0.62,115.0,115.0,116.0,0.25,0.23,0.26,5.0,5.0,0.0,10.0,5.0,5.0,-5.0,0.0,-5.0,all,all,all,2026-06-09 10:00:00,https://www.vlr.gg/684616/dragon-ranger-gaming-vs-xi-lai-gaming-valorant-masters-london-2026-r2-0-1,Valorant Masters London 2026
DRG,vo0kashu,Cypher,1.48,1.71,1.21,286.0,319.0,247.0,24.0,14.0,10.0,15.0,8.0,7.0,3.0,2.0,1.0,9.0,6.0,3.0,0.82,0.92,0.7,193.0,234.0,144.0,0.24,0.29,0.14,2.0,2.0,0.0,1.0,0.0,1.0,1.0,2.0,-1.0,Fracture,270756,46:41,2026-06-09 10:00:00,https://www.vlr.gg/684616/dragon-ranger-gaming-vs-xi-lai-gaming-valorant-masters-london-2026-r2-0-1,Valorant Masters London 2026
DRG,Flex1n,Brimstone,1.2,1.01,1.42,212.0,188.0,243.0,15.0,8.0,7.0,16.0,9.0,7.0,12.0,3.0,9.0,-1.0,-1.0,0.0,0.82,0.75,0.9,139.0,139.0,139.0,0.32,0.28,0.4,2.0,0.0,2.0,2.0,1.0,1.0,0.0,-1.0,1.0,Fracture,270756,46:41,2026-06-09 10:00:00,https://www.vlr.gg/684616/dragon-ranger-gaming-vs-xi-lai-gaming-valorant-masters-london-2026-r2-0-1,Valorant Masters London 2026
DRG,Nicc,Fade,1.05,0.95,1.19,232.0,196.0,276.0,18.0,9.0,9.0,16.0,8.0,8.0,5.0,2.0,3.0,2.0,1.0,1.0,0.68,0.67,0.7,157.0,122.0,198.0,0.41,0.33,0.48,1.0,0.0,1.0,1.0,1.0,0.0,0.0,-1.0,1.0,Fracture,270756,46:41,2026-06-09 10:00:00,https://www.vlr.gg/684616/dragon-ranger-gaming-vs-xi-lai-gaming-valorant-masters-london-2026-r2-0-1,Valorant Masters London 2026
DRG,SpiritZ1,Waylay,0.62,0.53,0.73,146.0,136.0,160.0,11.0,6.0,5.0,17.0,10.0,7.0,5.0,2.0,3.0,-6.0,-4.0,-2.0,0.55,0.5,0.6,110.0,94.0,129.0,0.22,0.27,0.17,1.0,1.0,0.0,1.0,0.0,1.0,0.0,1.0,-1.0,Fracture,270756,46:41,2026-06-09 10:00:00,https://www.vlr.gg/684616/dragon-ranger-gaming-vs-xi-lai-gaming-valorant-masters-london-2026-r2-0-1,Valorant Masters London 2026
DRG,Life,Phoenix,0.17,0.29,0.04,80.0,107.0,50.0,6.0,4.0,2.0,20.0,11.0,9.0,4.0,3.0,1.0,-14.0,-7.0,-7.0,0.68,0.75,0.6,51.0,67.0,30.0,0.43,0.36,0.67,4.0,3.0,1.0,7.0,4.0,3.0,-3.0,-1.0,-2.0,Fracture,270756,46:41,2026-06-09 10:00:00,https://www.vlr.gg/684616/dragon-ranger-gaming-vs-xi-lai-gaming-valorant-masters-london-2026-r2-0-1,Valorant Masters London 2026
XLG,Rarga,Waylay,1.38,1.02,1.68,268.0,194.0,330.0,22.0,8.0,14.0,16.0,9.0,7.0,5.0,1.0,4.0,6.0,-1.0,7.0,0.82,0.8,0.83,176.0,132.0,213.0,0.4,0.47,0.36,5.0,2.0,3.0,2.0,1.0,1.0,3.0,1.0,2.0,Fracture,270756,46:41,2026-06-09 10:00:00,https://www.vlr.gg/684616/dragon-ranger-gaming-vs-xi-lai-gaming-valorant-masters-london-2026-r2-0-1,Valorant Masters London 2026
XLG,Lysoar,Brimstone,1.34,1.63,1.1,257.0,313.0,212.0,20.0,12.0,8.0,13.0,5.0,8.0,12.0,3.0,9.0,7.0,7.0,0.0,0.68,0.8,0.58,164.0,179.0,151.0,0.38,0.42,0.35,2.0,1.0,1.0,1.0,1.0,0.0,1.0,0.0,1.0,Fracture,270756,46:41,2026-06-09 10:00:00,https://www.vlr.gg/684616/dragon-ranger-gaming-vs-xi-lai-gaming-valorant-masters-london-2026-r2-0-1,Valorant Masters London 2026
XLG,happywei,Cypher,1.21,1.62,0.86,244.0,322.0,179.0,18.0,11.0,7.0,14.0,6.0,8.0,7.0,4.0,3.0,4.0,5.0,-1.0,0.77,0.9,0.67,177.0,229.0,134.0,0.38,0.41,0.33,3.0,1.0,2.0,3.0,2.0,1.0,0.0,-1.0,1.0,Fracture,270756,46:41,2026-06-09 10:00:00,https://www.vlr.gg/684616/dragon-ranger-gaming-vs-xi-lai-gaming-valorant-masters-london-2026-r2-0-1,Valorant Masters London 2026
XLG,NoMan,Tejo,1.13,0.87,1.35,204.0,167.0,236.0,15.0,5.0,10.0,15.0,7.0,8.0,7.0,3.0,4.0,0.0,-2.0,2.0,0.64,0.6,0.67,154.0,144.0,163.0,0.26,0.29,0.24,2.0,2.0,0.0,2.0,0.0,2.0,0.0,2.0,-2.0,Fracture,270756,46:41,2026-06-09 10:00:00,https://www.vlr.gg/684616/dragon-ranger-gaming-vs-xi-lai-gaming-valorant-masters-london-2026-r2-0-1,Valorant Masters London 2026
XLG,WsLeo,Skye,0.5,0.37,0.61,102.0,49.0,146.0,9.0,2.0,7.0,16.0,6.0,10.0,5.0,3.0,2.0,-7.0,-4.0,-3.0,0.73,0.7,0.75,63.0,31.0,90.0,0.25,0.29,0.24,0.0,0.0,0.0,2.0,0.0,2.0,-2.0,0.0,-2.0,Fracture,270756,46:41,2026-06-09 10:00:00,https://www.vlr.gg/684616/dragon-ranger-gaming-vs-xi-lai-gaming-valorant-masters-london-2026-r2-0-1,Valorant Masters London 2026
DRG,SpiritZ1,Jett,1.31,1.59,1.02,280.0,355.0,207.0,22.0,15.0,7.0,16.0,9.0,7.0,2.0,1.0,1.0,6.0,6.0,0.0,0.71,0.83,0.58,169.0,208.0,131.0,0.38,0.38,0.39,6.0,3.0,3.0,1.0,0.0,1.0,5.0,3.0,2.0,Split,270757,58:24,2026-06-09 10:00:00,https://www.vlr.gg/684616/dragon-ranger-gaming-vs-xi-lai-gaming-valorant-masters-london-2026-r2-0-1,Valorant Masters London 2026
DRG,vo0kashu,Vyse,1.09,0.96,1.22,204.0,172.0,237.0,16.0,6.0,10.0,15.0,8.0,7.0,4.0,2.0,2.0,1.0,-2.0,3.0,0.83,0.75,0.92,143.0,121.0,166.0,0.38,0.3,0.45,2.0,1.0,1.0,1.0,0.0,1.0,1.0,1.0,0.0,Split,270757,58:24,2026-06-09 10:00:00,https://www.vlr.gg/684616/dragon-ranger-gaming-vs-xi-lai-gaming-valorant-masters-london-2026-r2-0-1,Valorant Masters London 2026
DRG,Life,Phoenix,0.99,1.04,0.94,213.0,226.0,200.0,17.0,9.0,8.0,15.0,7.0,8.0,7.0,3.0,4.0,2.0,2.0,0.0,0.63,0.67,0.58,150.0,149.0,150.0,0.44,0.39,0.5,1.0,0.0,1.0,3.0,1.0,2.0,-2.0,-1.0,-1.0,Split,270757,58:24,2026-06-09 10:00:00,https://www.vlr.gg/684616/dragon-ranger-gaming-vs-xi-lai-gaming-valorant-masters-london-2026-r2-0-1,Valorant Masters London 2026
DRG,Nicc,Fade,0.83,0.92,0.73,149.0,137.0,162.0,13.0,7.0,6.0,17.0,7.0,10.0,5.0,0.0,5.0,-4.0,0.0,-4.0,0.79,0.92,0.67,98.0,82.0,114.0,0.22,0.24,0.21,1.0,1.0,0.0,3.0,2.0,1.0,-2.0,-1.0,-1.0,Split,270757,58:24,2026-06-09 10:00:00,https://www.vlr.gg/684616/dragon-ranger-gaming-vs-xi-lai-gaming-valorant-masters-london-2026-r2-0-1,Valorant Masters London 2026
DRG,Flex1n,Astra,0.75,0.6,0.9,128.0,88.0,170.0,10.0,3.0,7.0,14.0,7.0,7.0,5.0,3.0,2.0,-4.0,-4.0,0.0,0.63,0.58,0.67,76.0,51.0,100.0,0.21,0.14,0.26,3.0,2.0,1.0,3.0,2.0,1.0,0.0,0.0,0.0,Split,270757,58:24,2026-06-09 10:00:00,https://www.vlr.gg/684616/dragon-ranger-gaming-vs-xi-lai-gaming-valorant-masters-london-2026-r2-0-1,Valorant Masters London 2026
XLG,happywei,Viper,2.28,2.54,2.03,397.0,421.0,375.0,35.0,19.0,16.0,12.0,5.0,7.0,5.0,2.0,3.0,23.0,14.0,9.0,0.79,0.75,0.83,268.0,279.0,257.0,0.39,0.39,0.38,4.0,2.0,2.0,1.0,0.0,1.0,3.0,2.0,1.0,Split,270757,58:24,2026-06-09 10:00:00,https://www.vlr.gg/684616/dragon-ranger-gaming-vs-xi-lai-gaming-valorant-masters-london-2026-r2-0-1,Valorant Masters London 2026
XLG,WsLeo,Skye,0.86,0.69,1.04,142.0,81.0,205.0,8.0,1.0,7.0,16.0,8.0,8.0,14.0,10.0,4.0,-8.0,-7.0,-1.0,0.75,0.83,0.67,108.0,67.0,149.0,0.24,0.27,0.23,1.0,0.0,1.0,1.0,0.0,1.0,0.0,0.0,0.0,Split,270757,58:24,2026-06-09 10:00:00,https://www.vlr.gg/684616/dragon-ranger-gaming-vs-xi-lai-gaming-valorant-masters-london-2026-r2-0-1,Valorant Masters London 2026
XLG,Lysoar,Omen,0.69,0.64,0.74,133.0,147.0,120.0,10.0,5.0,5.0,16.0,9.0,7.0,12.0,8.0,4.0,-6.0,-4.0,-2.0,0.75,0.83,0.67,89.0,82.0,95.0,0.07,0.07,0.06,0.0,0.0,0.0,0.0,0.0,0.0,0.0,0.0,0.0,Split,270757,58:24,2026-06-09 10:00:00,https://www.vlr.gg/684616/dragon-ranger-gaming-vs-xi-lai-gaming-valorant-masters-london-2026-r2-0-1,Valorant Masters London 2026
XLG,NoMan,Raze,0.65,0.78,0.51,143.0,141.0,147.0,11.0,6.0,5.0,17.0,8.0,9.0,5.0,2.0,3.0,-6.0,-2.0,-4.0,0.63,0.67,0.58,104.0,105.0,104.0,0.24,0.23,0.26,2.0,2.0,0.0,2.0,1.0,1.0,0.0,1.0,-1.0,Split,270757,58:24,2026-06-09 10:00:00,https://www.vlr.gg/684616/dragon-ranger-gaming-vs-xi-lai-gaming-valorant-masters-london-2026-r2-0-1,Valorant Masters London 2026
XLG,Rarga,Waylay,0.61,0.79,0.44,148.0,171.0,126.0,13.0,8.0,5.0,17.0,8.0,9.0,2.0,1.0,1.0,-4.0,0.0,-4.0,0.58,0.67,0.5,90.0,89.0,90.0,0.3,0.36,0.25,4.0,2.0,2.0,9.0,5.0,4.0,-5.0,-3.0,-2.0,Split,270757,58:24,2026-06-09 10:00:00,https://www.vlr.gg/684616/dragon-ranger-gaming-vs-xi-lai-gaming-valorant-masters-london-2026-r2-0-1,Valorant Masters London 2026
GE,Kr1stal,Fade,1.04,1.17,0.88,155.0,166.0,144.0,13.0,8.0,5.0,14.0,7.0,7.0,6.0,3.0,3.0,-1.0,1.0,-2.0,0.64,0.75,0.5,100.0,96.0,105.0,0.21,0.18,0.25,2.0,0.0,2.0,1.0,1.0,0.0,1.0,-1.0,2.0,Split,270758,51:20,2026-06-09 13:20:00,https://www.vlr.gg/684617/global-esports-vs-full-sense-valorant-masters-london-2026-r2-0-1,Valorant Masters London 2026
GE,PatMen,Omen,0.91,0.62,1.26,188.0,149.0,236.0,12.0,5.0,7.0,18.0,11.0,7.0,10.0,5.0,5.0,-6.0,-6.0,0.0,0.68,0.67,0.7,121.0,90.0,158.0,0.29,0.22,0.33,2.0,2.0,0.0,0.0,0.0,0.0,2.0,2.0,0.0,Split,270758,51:20,2026-06-09 13:20:00,https://www.vlr.gg/684617/global-esports-vs-full-sense-valorant-masters-london-2026-r2-0-1,Valorant Masters London 2026
GE,xavi8k,Sage,0.84,1.04,0.61,150.0,183.0,110.0,10.0,8.0,2.0,15.0,9.0,6.0,7.0,5.0,2.0,-5.0,-1.0,-4.0,0.55,0.5,0.6,101.0,110.0,91.0,0.19,0.23,0.14,0.0,0.0,0.0,3.0,2.0,1.0,-3.0,-2.0,-1.0,Split,270758,51:20,2026-06-09 13:20:00,https://www.vlr.gg/684617/global-esports-vs-full-sense-valorant-masters-london-2026-r2-0-1,Valorant Masters London 2026
GE,UdoTan,Raze,0.74,0.91,0.54,179.0,200.0,156.0,12.0,8.0,4.0,18.0,10.0,8.0,4.0,2.0,2.0,-6.0,-2.0,-4.0,0.64,0.67,0.6,125.0,144.0,102.0,0.18,0.25,0.06,3.0,2.0,1.0,8.0,3.0,5.0,-5.0,-1.0,-4.0,Split,270758,51:20,2026-06-09 13:20:00,https://www.vlr.gg/684617/global-esports-vs-full-sense-valorant-masters-london-2026-r2-0-1,Valorant Masters London 2026
GE,Autumn,Viper,0.62,0.12,1.22,119.0,111.0,131.0,10.0,4.0,6.0,16.0,12.0,4.0,4.0,4.0,0.0,-6.0,-8.0,2.0,0.55,0.5,0.6,78.0,70.0,88.0,0.25,0.09,0.38,0.0,0.0,0.0,3.0,2.0,1.0,-3.0,-2.0,-1.0,Split,270758,51:20,2026-06-09 13:20:00,https://www.vlr.gg/684617/global-esports-vs-full-sense-valorant-masters-london-2026-r2-0-1,Valorant Masters London 2026
FS,primmie,Jett,1.69,1.32,2.0,335.0,286.0,376.0,27.0,10.0,17.0,11.0,6.0,5.0,1.0,0.0,1.0,16.0,4.0,12.0,0.86,0.7,1.0,193.0,185.0,199.0,0.4,0.53,0.29,7.0,1.0,6.0,3.0,2.0,1.0,4.0,-1.0,5.0,Split,270758,51:20,2026-06-09 13:20:00,https://www.vlr.gg/684617/global-esports-vs-full-sense-valorant-masters-london-2026-r2-0-1,Valorant Masters London 2026
FS,JitBoyS,Sage,1.28,1.41,1.18,204.0,202.0,207.0,16.0,8.0,8.0,10.0,4.0,6.0,13.0,5.0,8.0,6.0,4.0,2.0,0.86,0.9,0.83,127.0,135.0,121.0,0.3,0.33,0.27,2.0,2.0,0.0,1.0,0.0,1.0,1.0,2.0,-1.0,Split,270758,51:20,2026-06-09 13:20:00,https://www.vlr.gg/684617/global-esports-vs-full-sense-valorant-masters-london-2026-r2-0-1,Valorant Masters London 2026
FS,Killua,Fade,1.11,0.88,1.3,196.0,109.0,269.0,15.0,3.0,12.0,9.0,4.0,5.0,4.0,2.0,2.0,6.0,-1.0,7.0,0.86,0.9,0.83,132.0,84.0,172.0,0.52,0.27,0.72,2.0,1.0,1.0,0.0,0.0,0.0,2.0,1.0,1.0,Split,270758,51:20,2026-06-09 13:20:00,https://www.vlr.gg/684617/global-esports-vs-full-sense-valorant-masters-london-2026-r2-0-1,Valorant Masters London 2026
FS,Crws,Viper,0.96,1.08,0.87,198.0,228.0,174.0,14.0,7.0,7.0,15.0,6.0,9.0,10.0,4.0,6.0,-1.0,1.0,-2.0,0.82,0.9,0.75,133.0,161.0,108.0,0.24,0.21,0.3,4.0,3.0,1.0,2.0,1.0,1.0,2.0,2.0,0.0,Split,270758,51:20,2026-06-09 13:20:00,https://www.vlr.gg/684617/global-esports-vs-full-sense-valorant-masters-london-2026-r2-0-1,Valorant Masters London 2026
FS,Leviathan,Omen,0.69,0.99,0.44,117.0,111.0,123.0,9.0,4.0,5.0,12.0,4.0,8.0,9.0,5.0,4.0,-3.0,0.0,-3.0,0.73,0.8,0.67,77.0,70.0,83.0,0.47,0.44,0.5,0.0,0.0,0.0,1.0,0.0,1.0,-1.0,0.0,-1.0,Split,270758,51:20,2026-06-09 13:20:00,https://www.vlr.gg/684617/global-esports-vs-full-sense-valorant-masters-london-2026-r2-0-1,Valorant Masters London 2026
GE,Kr1stal,Fade,1.36,1.41,1.28,242.0,234.0,251.0,56.0,31.0,25.0,36.0,19.0,17.0,17.0,9.0,8.0,20.0,12.0,8.0,0.75,0.83,0.64,152.0,144.0,163.0,0.24,0.26,0.23,6.0,2.0,4.0,2.0,2.0,0.0,4.0,0.0,4.0,all,all,all,2026-06-09 13:20:00,https://www.vlr.gg/684617/global-esports-vs-full-sense-valorant-masters-london-2026-r2-0-1,Valorant Masters London 2026
GE,Autumn,Viper,1.0,0.94,1.07,191.0,220.0,154.0,46.0,30.0,16.0,42.0,27.0,15.0,10.0,8.0,2.0,4.0,3.0,1.0,0.69,0.72,0.64,126.0,139.0,109.0,0.29,0.34,0.23,5.0,4.0,1.0,9.0,5.0,4.0,-4.0,-1.0,-3.0,all,all,all,2026-06-09 13:20:00,https://www.vlr.gg/684617/global-esports-vs-full-sense-valorant-masters-london-2026-r2-0-1,Valorant Masters London 2026
GE,UdoTan,Raze,0.89,0.85,0.94,217.0,202.0,236.0,48.0,26.0,22.0,51.0,30.0,21.0,13.0,8.0,5.0,-3.0,-4.0,1.0,0.7,0.69,0.71,136.0,128.0,145.0,0.32,0.31,0.34,11.0,8.0,3.0,15.0,7.0,8.0,-4.0,1.0,-5.0,all,all,all,2026-06-09 13:20:00,https://www.vlr.gg/684617/global-esports-vs-full-sense-valorant-masters-london-2026-r2-0-1,Valorant Masters London 2026
GE,xavi8k,Sage,0.86,0.98,0.72,158.0,151.0,169.0,34.0,21.0,13.0,39.0,20.0,19.0,21.0,10.0,11.0,-5.0,1.0,-6.0,0.72,0.69,0.75,101.0,97.0,108.0,0.24,0.23,0.25,3.0,1.0,2.0,6.0,3.0,3.0,-3.0,-2.0,-1.0,all,all,all,2026-06-09 13:20:00,https://www.vlr.gg/684617/global-esports-vs-full-sense-valorant-masters-london-2026-r2-0-1,Valorant Masters London 2026
GE,PatMen,Omen,0.79,0.75,0.85,181.0,189.0,171.0,37.0,23.0,14.0,48.0,29.0,19.0,16.0,6.0,10.0,-11.0,-6.0,-5.0,0.72,0.75,0.68,119.0,127.0,109.0,0.33,0.33,0.33,5.0,4.0,1.0,2.0,0.0,2.0,3.0,4.0,-1.0,all,all,all,2026-06-09 13:20:00,https://www.vlr.gg/684617/global-esports-vs-full-sense-valorant-masters-london-2026-r2-0-1,Valorant Masters London 2026
FS,primmie,Jett,1.57,1.51,1.61,299.0,283.0,314.0,73.0,30.0,43.0,39.0,17.0,22.0,6.0,4.0,2.0,34.0,13.0,21.0,0.8,0.75,0.83,178.0,180.0,176.0,0.32,0.37,0.27,14.0,5.0,9.0,7.0,4.0,3.0,7.0,1.0,6.0,all,all,all,2026-06-09 13:20:00,https://www.vlr.gg/684617/global-esports-vs-full-sense-valorant-masters-london-2026-r2-0-1,Valorant Masters London 2026
FS,JitBoyS,Sage,0.96,1.07,0.87,196.0,195.0,198.0,41.0,18.0,23.0,44.0,18.0,26.0,32.0,17.0,15.0,-3.0,0.0,-3.0,0.77,0.82,0.72,133.0,128.0,137.0,0.31,0.35,0.29,6.0,5.0,1.0,7.0,3.0,4.0,-1.0,2.0,-3.0,all,all,all,2026-06-09 13:20:00,https://www.vlr.gg/684617/global-esports-vs-full-sense-valorant-masters-london-2026-r2-0-1,Valorant Masters London 2026
FS,Crws,Viper,0.89,0.85,0.92,178.0,189.0,171.0,37.0,16.0,21.0,46.0,20.0,26.0,19.0,9.0,10.0,-9.0,-4.0,-5.0,0.69,0.71,0.67,129.0,136.0,124.0,0.25,0.16,0.36,7.0,5.0,2.0,5.0,1.0,4.0,2.0,4.0,-2.0,all,all,all,2026-06-09 13:20:00,https://www.vlr.gg/684617/global-esports-vs-full-sense-valorant-masters-london-2026-r2-0-1,Valorant Masters London 2026
FS,Killua,Fade,0.76,0.77,0.74,149.0,108.0,183.0,32.0,10.0,22.0,43.0,17.0,26.0,12.0,7.0,5.0,-11.0,-7.0,-4.0,0.7,0.71,0.69,101.0,76.0,120.0,0.41,0.3,0.48,5.0,2.0,3.0,7.0,2.0,5.0,-2.0,0.0,-2.0,all,all,all,2026-06-09 13:20:00,https://www.vlr.gg/684617/global-esports-vs-full-sense-valorant-masters-london-2026-r2-0-1,Valorant Masters London 2026
FS,Leviathan,Omen,0.72,1.03,0.48,153.0,174.0,136.0,33.0,17.0,16.0,49.0,18.0,31.0,20.0,14.0,6.0,-16.0,-1.0,-15.0,0.67,0.75,0.61,99.0,112.0,89.0,0.38,0.37,0.38,2.0,0.0,2.0,4.0,1.0,3.0,-2.0,-1.0,-1.0,all,all,all,2026-06-09 13:20:00,https://www.vlr.gg/684617/global-esports-vs-full-sense-valorant-masters-london-2026-r2-0-1,Valorant Masters London 2026
GE,Autumn,Chamber,1.36,1.21,1.56,236.0,263.0,202.0,19.0,12.0,7.0,11.0,8.0,3.0,3.0,1.0,2.0,8.0,4.0,4.0,0.81,0.75,0.89,165.0,173.0,155.0,0.31,0.4,0.17,3.0,3.0,0.0,1.0,1.0,0.0,2.0,2.0,0.0,Breeze,270759,39:38,2026-06-09 13:20:00,https://www.vlr.gg/684617/global-esports-vs-full-sense-valorant-masters-london-2026-r2-0-1,Valorant Masters London 2026
GE,Kr1stal,Sova,1.31,1.03,1.68,238.0,158.0,346.0,18.0,7.0,11.0,12.0,7.0,5.0,9.0,5.0,4.0,6.0,0.0,6.0,0.86,0.83,0.89,152.0,97.0,225.0,0.24,0.13,0.35,1.0,0.0,1.0,1.0,1.0,0.0,0.0,-1.0,1.0,Breeze,270759,39:38,2026-06-09 13:20:00,https://www.vlr.gg/684617/global-esports-vs-full-sense-valorant-masters-london-2026-r2-0-1,Valorant Masters London 2026
GE,UdoTan,Neon,1.28,1.18,1.42,305.0,272.0,350.0,24.0,12.0,12.0,17.0,10.0,7.0,5.0,4.0,1.0,7.0,2.0,5.0,0.76,0.75,0.78,180.0,154.0,214.0,0.47,0.42,0.52,4.0,3.0,1.0,3.0,2.0,1.0,1.0,1.0,0.0,Breeze,270759,39:38,2026-06-09 13:20:00,https://www.vlr.gg/684617/global-esports-vs-full-sense-valorant-masters-london-2026-r2-0-1,Valorant Masters London 2026
GE,xavi8k,Sage,0.84,0.85,0.83,172.0,135.0,222.0,12.0,6.0,6.0,13.0,7.0,6.0,7.0,2.0,5.0,-1.0,-1.0,0.0,0.86,0.83,0.89,108.0,94.0,127.0,0.31,0.36,0.27,2.0,0.0,2.0,1.0,0.0,1.0,1.0,0.0,1.0,Breeze,270759,39:38,2026-06-09 13:20:00,https://www.vlr.gg/684617/global-esports-vs-full-sense-valorant-masters-london-2026-r2-0-1,Valorant Masters London 2026
GE,PatMen,Viper,0.66,0.77,0.51,143.0,181.0,93.0,9.0,7.0,2.0,14.0,9.0,5.0,4.0,1.0,3.0,-5.0,-2.0,-3.0,0.81,0.92,0.67,105.0,140.0,58.0,0.28,0.44,0.0,3.0,2.0,1.0,2.0,0.0,2.0,1.0,2.0,-1.0,Breeze,270759,39:38,2026-06-09 13:20:00,https://www.vlr.gg/684617/global-esports-vs-full-sense-valorant-masters-london-2026-r2-0-1,Valorant Masters London 2026
FS,primmie,Jett,1.37,0.8,1.8,250.0,177.0,305.0,20.0,5.0,15.0,14.0,8.0,6.0,3.0,3.0,0.0,6.0,-3.0,9.0,0.81,0.78,0.83,155.0,117.0,183.0,0.31,0.27,0.35,3.0,1.0,2.0,2.0,1.0,1.0,1.0,0.0,1.0,Breeze,270759,39:38,2026-06-09 13:20:00,https://www.vlr.gg/684617/global-esports-vs-full-sense-valorant-masters-london-2026-r2-0-1,Valorant Masters London 2026
FS,JitBoyS,Sage,0.92,0.81,1.01,224.0,180.0,258.0,15.0,5.0,10.0,17.0,7.0,10.0,7.0,4.0,3.0,-2.0,-2.0,0.0,0.76,0.78,0.75,154.0,112.0,186.0,0.35,0.4,0.32,1.0,0.0,1.0,4.0,2.0,2.0,-3.0,-2.0,-1.0,Breeze,270759,39:38,2026-06-09 13:20:00,https://www.vlr.gg/684617/global-esports-vs-full-sense-valorant-masters-london-2026-r2-0-1,Valorant Masters London 2026
FS,Crws,Viper,0.77,0.47,0.99,135.0,150.0,125.0,10.0,4.0,6.0,14.0,8.0,6.0,1.0,1.0,0.0,-4.0,-4.0,0.0,0.57,0.56,0.58,101.0,105.0,98.0,0.26,0.15,0.4,2.0,2.0,0.0,1.0,0.0,1.0,1.0,2.0,-1.0,Breeze,270759,39:38,2026-06-09 13:20:00,https://www.vlr.gg/684617/global-esports-vs-full-sense-valorant-masters-london-2026-r2-0-1,Valorant Masters London 2026
FS,Leviathan,Omen,0.71,0.93,0.54,177.0,198.0,162.0,13.0,6.0,7.0,20.0,8.0,12.0,3.0,3.0,0.0,-7.0,-2.0,-5.0,0.57,0.56,0.58,108.0,133.0,89.0,0.37,0.33,0.42,1.0,0.0,1.0,1.0,1.0,0.0,0.0,-1.0,1.0,Breeze,270759,39:38,2026-06-09 13:20:00,https://www.vlr.gg/684617/global-esports-vs-full-sense-valorant-masters-london-2026-r2-0-1,Valorant Masters London 2026
FS,Killua,Sova,0.59,1.06,0.24,130.0,179.0,94.0,9.0,6.0,3.0,17.0,7.0,10.0,3.0,2.0,1.0,-8.0,-1.0,-7.0,0.52,0.56,0.5,87.0,117.0,65.0,0.35,0.25,0.57,1.0,1.0,0.0,5.0,1.0,4.0,-4.0,0.0,-4.0,Breeze,270759,39:38,2026-06-09 13:20:00,https://www.vlr.gg/684617/global-esports-vs-full-sense-valorant-masters-london-2026-r2-0-1,Valorant Masters London 2026
GE,Kr1stal,Killjoy,1.74,2.04,1.33,334.0,379.0,276.0,25.0,16.0,9.0,10.0,5.0,5.0,2.0,1.0,1.0,15.0,11.0,4.0,0.76,0.92,0.56,208.0,240.0,165.0,0.26,0.41,0.12,3.0,2.0,1.0,0.0,0.0,0.0,3.0,2.0,1.0,Pearl,270760,45:21,2026-06-09 13:20:00,https://www.vlr.gg/684617/global-esports-vs-full-sense-valorant-masters-london-2026-r2-0-1,Valorant Masters London 2026
GE,Autumn,Phoenix,1.04,1.49,0.43,218.0,285.0,131.0,17.0,14.0,3.0,15.0,7.0,8.0,3.0,3.0,0.0,2.0,7.0,-5.0,0.71,0.92,0.44,137.0,174.0,88.0,0.3,0.4,0.13,2.0,1.0,1.0,5.0,2.0,3.0,-3.0,-1.0,-2.0,Pearl,270760,45:21,2026-06-09 13:20:00,https://www.vlr.gg/684617/global-esports-vs-full-sense-valorant-masters-london-2026-r2-0-1,Valorant Masters London 2026
GE,xavi8k,Astra,0.91,1.03,0.74,153.0,134.0,180.0,12.0,7.0,5.0,11.0,4.0,7.0,7.0,3.0,4.0,1.0,3.0,-2.0,0.76,0.75,0.78,94.0,85.0,106.0,0.25,0.15,0.38,1.0,1.0,0.0,2.0,1.0,1.0,-1.0,0.0,-1.0,Pearl,270760,45:21,2026-06-09 13:20:00,https://www.vlr.gg/684617/global-esports-vs-full-sense-valorant-masters-london-2026-r2-0-1,Valorant Masters London 2026
GE,PatMen,Fade,0.8,0.85,0.73,211.0,237.0,178.0,16.0,11.0,5.0,16.0,9.0,7.0,2.0,0.0,2.0,0.0,2.0,-2.0,0.67,0.67,0.67,133.0,152.0,107.0,0.43,0.33,0.64,0.0,0.0,0.0,0.0,0.0,0.0,0.0,0.0,0.0,Pearl,270760,45:21,2026-06-09 13:20:00,https://www.vlr.gg/684617/global-esports-vs-full-sense-valorant-masters-london-2026-r2-0-1,Valorant Masters London 2026
GE,UdoTan,Neon,0.65,0.46,0.9,166.0,133.0,210.0,12.0,6.0,6.0,16.0,10.0,6.0,4.0,2.0,2.0,-4.0,-4.0,0.0,0.71,0.67,0.78,103.0,87.0,124.0,0.3,0.29,0.32,4.0,3.0,1.0,4.0,2.0,2.0,0.0,1.0,-1.0,Pearl,270760,45:21,2026-06-09 13:20:00,https://www.vlr.gg/684617/global-esports-vs-full-sense-valorant-masters-london-2026-r2-0-1,Valorant Masters London 2026
FS,primmie,Jett,1.63,2.44,1.03,313.0,385.0,260.0,26.0,15.0,11.0,14.0,3.0,11.0,2.0,1.0,1.0,12.0,12.0,0.0,0.71,0.78,0.67,186.0,238.0,147.0,0.26,0.31,0.19,4.0,3.0,1.0,2.0,1.0,1.0,2.0,2.0,0.0,Pearl,270760,45:21,2026-06-09 13:20:00,https://www.vlr.gg/684617/global-esports-vs-full-sense-valorant-masters-london-2026-r2-0-1,Valorant Masters London 2026
FS,Crws,Vyse,0.94,0.97,0.91,201.0,185.0,214.0,13.0,5.0,8.0,17.0,6.0,11.0,8.0,4.0,4.0,-4.0,-1.0,-3.0,0.67,0.67,0.67,154.0,139.0,165.0,0.25,0.12,0.39,1.0,0.0,1.0,2.0,0.0,2.0,-1.0,0.0,-1.0,Pearl,270760,45:21,2026-06-09 13:20:00,https://www.vlr.gg/684617/global-esports-vs-full-sense-valorant-masters-london-2026-r2-0-1,Valorant Masters London 2026
FS,Leviathan,Astra,0.77,1.17,0.47,164.0,220.0,123.0,11.0,7.0,4.0,17.0,6.0,11.0,8.0,6.0,2.0,-6.0,1.0,-7.0,0.71,0.89,0.58,114.0,138.0,96.0,0.33,0.37,0.29,1.0,0.0,1.0,2.0,0.0,2.0,-1.0,0.0,-1.0,Pearl,270760,45:21,2026-06-09 13:20:00,https://www.vlr.gg/684617/global-esports-vs-full-sense-valorant-masters-london-2026-r2-0-1,Valorant Masters London 2026
FS,JitBoyS,Phoenix,0.65,0.97,0.42,160.0,203.0,129.0,10.0,5.0,5.0,17.0,7.0,10.0,12.0,8.0,4.0,-7.0,-2.0,-5.0,0.67,0.78,0.58,119.0,137.0,105.0,0.28,0.33,0.24,3.0,3.0,0.0,2.0,1.0,1.0,1.0,2.0,-1.0,Pearl,270760,45:21,2026-06-09 13:20:00,https://www.vlr.gg/684617/global-esports-vs-full-sense-valorant-masters-london-2026-r2-0-1,Valorant Masters London 2026
FS,Killua,Fade,0.55,0.37,0.68,120.0,35.0,185.0,8.0,1.0,7.0,17.0,6.0,11.0,5.0,3.0,2.0,-9.0,-5.0,-4.0,0.71,0.67,0.75,82.0,27.0,122.0,0.32,1.0,0.26,2.0,0.0,2.0,2.0,1.0,1.0,0.0,-1.0,1.0,Pearl,270760,45:21,2026-06-09 13:20:00,https://www.vlr.gg/684617/global-esports-vs-full-sense-valorant-masters-london-2026-r2-0-1,Valorant Masters London 2026
FUT,KROSTALY,Fade,0.97,1.0,0.95,137.0,138.0,137.0,11.0,6.0,5.0,13.0,7.0,6.0,6.0,4.0,2.0,-2.0,-1.0,-1.0,0.83,0.75,0.92,91.0,94.0,88.0,0.31,0.67,0.19,0.0,0.0,0.0,1.0,0.0,1.0,-1.0,0.0,-1.0,Lotus,270764,55:14,2026-06-10 10:00:00,https://www.vlr.gg/684619/fut-esports-vs-nrg-valorant-masters-london-2026-r3-1-1,Valorant Masters London 2026
FUT,sociablEE,Omen,0.91,0.93,0.88,174.0,162.0,186.0,14.0,7.0,7.0,18.0,8.0,10.0,11.0,3.0,8.0,-4.0,-1.0,-3.0,0.63,0.58,0.67,116.0,120.0,113.0,0.2,0.22,0.19,1.0,1.0,0.0,3.0,2.0,1.0,-2.0,-1.0,-1.0,Lotus,270764,55:14,2026-06-10 10:00:00,https://www.vlr.gg/684619/fut-esports-vs-nrg-valorant-masters-london-2026-r3-1-1,Valorant Masters London 2026
FUT,xeus,Raze,0.87,0.88,0.87,192.0,183.0,202.0,17.0,7.0,10.0,19.0,9.0,10.0,2.0,2.0,0.0,-2.0,-2.0,0.0,0.58,0.67,0.5,122.0,115.0,128.0,0.32,0.26,0.37,5.0,2.0,3.0,2.0,0.0,2.0,3.0,2.0,1.0,Lotus,270764,55:14,2026-06-10 10:00:00,https://www.vlr.gg/684619/fut-esports-vs-nrg-valorant-masters-london-2026-r3-1-1,Valorant Masters London 2026
FUT,s0pp,Neon,0.78,0.95,0.62,192.0,211.0,175.0,17.0,10.0,7.0,18.0,8.0,10.0,5.0,2.0,3.0,-1.0,2.0,-3.0,0.67,0.67,0.67,114.0,133.0,95.0,0.27,0.3,0.24,4.0,2.0,2.0,6.0,4.0,2.0,-2.0,-2.0,0.0,Lotus,270764,55:14,2026-06-10 10:00:00,https://www.vlr.gg/684619/fut-esports-vs-nrg-valorant-masters-london-2026-r3-1-1,Valorant Masters London 2026
FUT,yetujey,Vyse,0.75,0.54,0.97,176.0,167.0,186.0,13.0,6.0,7.0,19.0,11.0,8.0,4.0,1.0,3.0,-6.0,-5.0,-1.0,0.54,0.5,0.58,126.0,125.0,127.0,0.24,0.26,0.22,1.0,0.0,1.0,1.0,1.0,0.0,0.0,-1.0,1.0,Lotus,270764,55:14,2026-06-10 10:00:00,https://www.vlr.gg/684619/fut-esports-vs-nrg-valorant-masters-london-2026-r3-1-1,Valorant Masters London 2026
NRG,keiko,Omen,1.46,1.74,1.19,228.0,282.0,176.0,21.0,12.0,9.0,12.0,6.0,6.0,10.0,8.0,2.0,9.0,6.0,3.0,0.79,0.75,0.83,153.0,179.0,126.0,0.4,0.4,0.41,2.0,2.0,0.0,0.0,0.0,0.0,2.0,2.0,0.0,Lotus,270764,55:14,2026-06-10 10:00:00,https://www.vlr.gg/684619/fut-esports-vs-nrg-valorant-masters-london-2026-r3-1-1,Valorant Masters London 2026
NRG,skuba,Viper,1.24,1.79,0.69,202.0,280.0,125.0,17.0,12.0,5.0,12.0,4.0,8.0,8.0,3.0,5.0,5.0,8.0,-3.0,0.63,0.83,0.42,121.0,182.0,59.0,0.25,0.33,0.17,2.0,1.0,1.0,1.0,1.0,0.0,1.0,0.0,1.0,Lotus,270764,55:14,2026-06-10 10:00:00,https://www.vlr.gg/684619/fut-esports-vs-nrg-valorant-masters-london-2026-r3-1-1,Valorant Masters London 2026
NRG,brawk,Vyse,1.18,0.84,1.52,195.0,128.0,263.0,17.0,5.0,12.0,13.0,7.0,6.0,5.0,3.0,2.0,4.0,-2.0,6.0,0.79,0.83,0.75,127.0,85.0,169.0,0.14,0.16,0.13,0.0,0.0,0.0,2.0,1.0,1.0,-2.0,-1.0,-1.0,Lotus,270764,55:14,2026-06-10 10:00:00,https://www.vlr.gg/684619/fut-esports-vs-nrg-valorant-masters-london-2026-r3-1-1,Valorant Masters London 2026
NRG,Ethan,Fade,1.0,0.45,1.54,202.0,103.0,302.0,14.0,4.0,10.0,16.0,9.0,7.0,17.0,6.0,11.0,-2.0,-5.0,3.0,0.75,0.67,0.83,130.0,56.0,204.0,0.25,0.07,0.32,5.0,1.0,4.0,5.0,3.0,2.0,0.0,-2.0,2.0,Lotus,270764,55:14,2026-06-10 10:00:00,https://www.vlr.gg/684619/fut-esports-vs-nrg-valorant-masters-london-2026-r3-1-1,Valorant Masters London 2026
NRG,mada,Raze,0.87,0.93,0.8,203.0,245.0,162.0,18.0,11.0,7.0,19.0,10.0,9.0,4.0,3.0,1.0,-1.0,1.0,-2.0,0.83,0.83,0.83,125.0,149.0,101.0,0.2,0.24,0.11,4.0,2.0,2.0,3.0,1.0,2.0,1.0,1.0,0.0,Lotus,270764,55:14,2026-06-10 10:00:00,https://www.vlr.gg/684619/fut-esports-vs-nrg-valorant-masters-london-2026-r3-1-1,Valorant Masters London 2026
FUT,xeus,Raze,1.11,1.25,0.96,235.0,270.0,203.0,66.0,37.0,29.0,53.0,26.0,27.0,10.0,3.0,7.0,13.0,11.0,2.0,0.64,0.62,0.65,157.0,168.0,146.0,0.38,0.44,0.33,11.0,6.0,5.0,13.0,7.0,6.0,-2.0,-1.0,-1.0,all,all,all,2026-06-10 10:00:00,https://www.vlr.gg/684619/fut-esports-vs-nrg-valorant-masters-london-2026-r3-1-1,Valorant Masters London 2026
FUT,sociablEE,Omen,1.11,1.17,1.06,197.0,195.0,199.0,49.0,25.0,24.0,47.0,20.0,27.0,39.0,14.0,25.0,2.0,5.0,-3.0,0.76,0.76,0.76,126.0,132.0,120.0,0.19,0.19,0.19,5.0,2.0,3.0,5.0,3.0,2.0,0.0,-1.0,1.0,all,all,all,2026-06-10 10:00:00,https://www.vlr.gg/684619/fut-esports-vs-nrg-valorant-masters-london-2026-r3-1-1,Valorant Masters London 2026
FUT,KROSTALY,Fade,1.01,1.05,0.96,159.0,159.0,163.0,42.0,21.0,21.0,41.0,21.0,20.0,20.0,11.0,9.0,1.0,0.0,1.0,0.76,0.73,0.78,116.0,117.0,115.0,0.25,0.27,0.23,0.0,0.0,0.0,5.0,1.0,4.0,-5.0,-1.0,-4.0,all,all,all,2026-06-10 10:00:00,https://www.vlr.gg/684619/fut-esports-vs-nrg-valorant-masters-london-2026-r3-1-1,Valorant Masters London 2026
FUT,yetujey,Vyse,0.97,0.69,1.25,195.0,141.0,251.0,49.0,17.0,32.0,53.0,28.0,25.0,19.0,7.0,12.0,-4.0,-11.0,7.0,0.65,0.57,0.73,135.0,100.0,169.0,0.27,0.23,0.3,6.0,0.0,6.0,6.0,2.0,4.0,0.0,-2.0,2.0,all,all,all,2026-06-10 10:00:00,https://www.vlr.gg/684619/fut-esports-vs-nrg-valorant-masters-london-2026-r3-1-1,Valorant Masters London 2026
FUT,s0pp,Neon,0.84,0.65,1.03,189.0,172.0,207.0,48.0,23.0,25.0,56.0,30.0,26.0,15.0,5.0,10.0,-8.0,-7.0,-1.0,0.68,0.57,0.78,122.0,107.0,137.0,0.22,0.18,0.25,11.0,7.0,4.0,12.0,9.0,3.0,-1.0,-2.0,1.0,all,all,all,2026-06-10 10:00:00,https://www.vlr.gg/684619/fut-esports-vs-nrg-valorant-masters-london-2026-r3-1-1,Valorant Masters London 2026
NRG,keiko,Omen,1.15,1.31,0.98,201.0,227.0,176.0,55.0,30.0,25.0,46.0,24.0,22.0,22.0,15.0,7.0,9.0,6.0,3.0,0.69,0.68,0.7,141.0,150.0,132.0,0.38,0.37,0.39,5.0,5.0,0.0,1.0,0.0,1.0,4.0,5.0,-1.0,all,all,all,2026-06-10 10:00:00,https://www.vlr.gg/684619/fut-esports-vs-nrg-valorant-masters-london-2026-r3-1-1,Valorant Masters London 2026
NRG,skuba,Viper,1.12,1.25,0.98,197.0,212.0,183.0,52.0,30.0,22.0,45.0,21.0,24.0,24.0,7.0,17.0,7.0,9.0,-2.0,0.72,0.76,0.68,122.0,136.0,109.0,0.24,0.29,0.21,6.0,1.0,5.0,1.0,1.0,0.0,5.0,0.0,5.0,all,all,all,2026-06-10 10:00:00,https://www.vlr.gg/684619/fut-esports-vs-nrg-valorant-masters-london-2026-r3-1-1,Valorant Masters London 2026
NRG,brawk,Vyse,0.99,0.92,1.06,189.0,168.0,210.0,49.0,23.0,26.0,50.0,25.0,25.0,27.0,12.0,15.0,-1.0,-2.0,1.0,0.72,0.73,0.7,122.0,113.0,130.0,0.17,0.22,0.14,5.0,0.0,5.0,6.0,2.0,4.0,-1.0,-2.0,1.0,all,all,all,2026-06-10 10:00:00,https://www.vlr.gg/684619/fut-esports-vs-nrg-valorant-masters-london-2026-r3-1-1,Valorant Masters London 2026
NRG,mada,Raze,0.86,0.87,0.85,204.0,231.0,176.0,54.0,29.0,25.0,58.0,32.0,26.0,12.0,10.0,2.0,-4.0,-3.0,-1.0,0.8,0.81,0.78,125.0,140.0,109.0,0.23,0.24,0.22,12.0,7.0,5.0,12.0,7.0,5.0,0.0,0.0,0.0,all,all,all,2026-06-10 10:00:00,https://www.vlr.gg/684619/fut-esports-vs-nrg-valorant-masters-london-2026-r3-1-1,Valorant Masters London 2026
NRG,Ethan,Fade,0.85,0.52,1.18,179.0,116.0,243.0,40.0,13.0,27.0,55.0,29.0,26.0,32.0,13.0,19.0,-15.0,-16.0,1.0,0.7,0.65,0.76,118.0,78.0,159.0,0.2,0.18,0.21,13.0,6.0,7.0,13.0,8.0,5.0,0.0,-2.0,2.0,all,all,all,2026-06-10 10:00:00,https://www.vlr.gg/684619/fut-esports-vs-nrg-valorant-masters-london-2026-r3-1-1,Valorant Masters London 2026
FUT,KROSTALY,Sova,1.34,1.42,1.26,225.0,223.0,228.0,22.0,11.0,11.0,13.0,6.0,7.0,9.0,4.0,5.0,9.0,5.0,4.0,0.77,0.77,0.77,161.0,161.0,162.0,0.28,0.28,0.27,0.0,0.0,0.0,3.0,1.0,2.0,-3.0,-1.0,-2.0,Haven,270765,58:03,2026-06-10 10:00:00,https://www.vlr.gg/684619/fut-esports-vs-nrg-valorant-masters-london-2026-r3-1-1,Valorant Masters London 2026
FUT,yetujey,Cypher,1.27,1.24,1.29,221.0,188.0,254.0,20.0,9.0,11.0,16.0,7.0,9.0,10.0,4.0,6.0,4.0,2.0,2.0,0.77,0.77,0.77,149.0,126.0,171.0,0.33,0.28,0.38,3.0,0.0,3.0,2.0,0.0,2.0,1.0,0.0,1.0,Haven,270765,58:03,2026-06-10 10:00:00,https://www.vlr.gg/684619/fut-esports-vs-nrg-valorant-masters-london-2026-r3-1-1,Valorant Masters London 2026
FUT,xeus,Waylay,1.23,1.41,1.05,262.0,310.0,216.0,26.0,16.0,10.0,18.0,9.0,9.0,7.0,1.0,6.0,8.0,7.0,1.0,0.65,0.62,0.69,191.0,207.0,175.0,0.44,0.52,0.36,2.0,1.0,1.0,4.0,2.0,2.0,-2.0,-1.0,-1.0,Haven,270765,58:03,2026-06-10 10:00:00,https://www.vlr.gg/684619/fut-esports-vs-nrg-valorant-masters-london-2026-r3-1-1,Valorant Masters London 2026
FUT,sociablEE,Omen,1.08,1.01,1.16,198.0,170.0,226.0,18.0,8.0,10.0,17.0,7.0,10.0,16.0,6.0,10.0,1.0,1.0,0.0,0.77,0.77,0.77,123.0,109.0,137.0,0.18,0.13,0.24,3.0,1.0,2.0,1.0,1.0,0.0,2.0,0.0,2.0,Haven,270765,58:03,2026-06-10 10:00:00,https://www.vlr.gg/684619/fut-esports-vs-nrg-valorant-masters-london-2026-r3-1-1,Valorant Masters London 2026
FUT,s0pp,Jett,0.81,0.52,1.1,191.0,161.0,221.0,16.0,7.0,9.0,20.0,11.0,9.0,4.0,1.0,3.0,-4.0,-4.0,0.0,0.73,0.62,0.85,134.0,107.0,161.0,0.3,0.23,0.38,4.0,4.0,0.0,4.0,3.0,1.0,0.0,1.0,-1.0,Haven,270765,58:03,2026-06-10 10:00:00,https://www.vlr.gg/684619/fut-esports-vs-nrg-valorant-masters-london-2026-r3-1-1,Valorant Masters London 2026
NRG,skuba,Cypher,1.06,1.07,1.06,201.0,191.0,213.0,19.0,10.0,9.0,19.0,9.0,10.0,8.0,3.0,5.0,0.0,1.0,-1.0,0.77,0.77,0.77,131.0,128.0,134.0,0.24,0.29,0.21,1.0,0.0,1.0,0.0,0.0,0.0,1.0,0.0,1.0,Haven,270765,58:03,2026-06-10 10:00:00,https://www.vlr.gg/684619/fut-esports-vs-nrg-valorant-masters-london-2026-r3-1-1,Valorant Masters London 2026
NRG,brawk,Sova,0.95,1.02,0.88,191.0,190.0,192.0,17.0,10.0,7.0,19.0,9.0,10.0,6.0,2.0,4.0,-2.0,1.0,-3.0,0.65,0.69,0.62,136.0,145.0,126.0,0.21,0.27,0.17,2.0,0.0,2.0,3.0,1.0,2.0,-1.0,-1.0,0.0,Haven,270765,58:03,2026-06-10 10:00:00,https://www.vlr.gg/684619/fut-esports-vs-nrg-valorant-masters-london-2026-r3-1-1,Valorant Masters London 2026
NRG,keiko,Phoenix,0.94,1.03,0.85,178.0,179.0,177.0,17.0,9.0,8.0,20.0,10.0,10.0,6.0,3.0,3.0,-3.0,-1.0,-2.0,0.65,0.69,0.62,130.0,130.0,129.0,0.38,0.4,0.35,1.0,1.0,0.0,1.0,0.0,1.0,0.0,1.0,-1.0,Haven,270765,58:03,2026-06-10 10:00:00,https://www.vlr.gg/684619/fut-esports-vs-nrg-valorant-masters-london-2026-r3-1-1,Valorant Masters London 2026
NRG,mada,Jett,0.79,0.76,0.83,192.0,224.0,160.0,19.0,10.0,9.0,22.0,12.0,10.0,2.0,2.0,0.0,-3.0,-2.0,-1.0,0.77,0.85,0.69,112.0,131.0,93.0,0.4,0.45,0.3,5.0,3.0,2.0,3.0,2.0,1.0,2.0,1.0,1.0,Haven,270765,58:03,2026-06-10 10:00:00,https://www.vlr.gg/684619/fut-esports-vs-nrg-valorant-masters-london-2026-r3-1-1,Valorant Masters London 2026
NRG,Ethan,Omen,0.66,0.58,0.74,155.0,137.0,173.0,12.0,5.0,7.0,22.0,11.0,11.0,10.0,6.0,4.0,-10.0,-6.0,-4.0,0.62,0.62,0.62,103.0,100.0,106.0,0.26,0.33,0.19,5.0,3.0,2.0,5.0,3.0,2.0,0.0,0.0,0.0,Haven,270765,58:03,2026-06-10 10:00:00,https://www.vlr.gg/684619/fut-esports-vs-nrg-valorant-masters-london-2026-r3-1-1,Valorant Masters London 2026
FUT,sociablEE,Brimstone,1.35,1.57,1.13,218.0,254.0,182.0,17.0,10.0,7.0,12.0,5.0,7.0,12.0,5.0,7.0,5.0,5.0,0.0,0.88,0.92,0.83,140.0,170.0,110.0,0.2,0.25,0.14,1.0,0.0,1.0,1.0,0.0,1.0,0.0,0.0,0.0,Fracture,270766,52:37,2026-06-10 10:00:00,https://www.vlr.gg/684619/fut-esports-vs-nrg-valorant-masters-london-2026-r3-1-1,Valorant Masters London 2026
FUT,xeus,Raze,1.21,1.46,0.97,252.0,314.0,190.0,23.0,14.0,9.0,16.0,8.0,8.0,1.0,0.0,1.0,7.0,6.0,1.0,0.67,0.58,0.75,155.0,178.0,132.0,0.37,0.5,0.26,4.0,3.0,1.0,7.0,5.0,2.0,-3.0,-2.0,-1.0,Fracture,270766,52:37,2026-06-10 10:00:00,https://www.vlr.gg/684619/fut-esports-vs-nrg-valorant-masters-london-2026-r3-1-1,Valorant Masters London 2026
FUT,s0pp,Jett,0.92,0.48,1.36,185.0,146.0,224.0,15.0,6.0,9.0,18.0,11.0,7.0,6.0,2.0,4.0,-3.0,-5.0,2.0,0.63,0.42,0.83,116.0,80.0,152.0,0.12,0.04,0.17,3.0,1.0,2.0,2.0,2.0,0.0,1.0,-1.0,2.0,Fracture,270766,52:37,2026-06-10 10:00:00,https://www.vlr.gg/684619/fut-esports-vs-nrg-valorant-masters-london-2026-r3-1-1,Valorant Masters London 2026
FUT,yetujey,Cypher,0.87,0.25,1.5,189.0,64.0,314.0,16.0,2.0,14.0,18.0,10.0,8.0,5.0,2.0,3.0,-2.0,-8.0,6.0,0.63,0.42,0.83,128.0,47.0,209.0,0.25,0.08,0.3,2.0,0.0,2.0,3.0,1.0,2.0,-1.0,-1.0,0.0,Fracture,270766,52:37,2026-06-10 10:00:00,https://www.vlr.gg/684619/fut-esports-vs-nrg-valorant-masters-london-2026-r3-1-1,Valorant Masters London 2026
FUT,KROSTALY,Fade,0.69,0.72,0.66,116.0,112.0,120.0,9.0,4.0,5.0,15.0,8.0,7.0,5.0,3.0,2.0,-6.0,-4.0,-2.0,0.67,0.67,0.67,93.0,93.0,92.0,0.15,0.09,0.21,0.0,0.0,0.0,1.0,0.0,1.0,-1.0,0.0,-1.0,Fracture,270766,52:37,2026-06-10 10:00:00,https://www.vlr.gg/684619/fut-esports-vs-nrg-valorant-masters-london-2026-r3-1-1,Valorant Masters London 2026
NRG,skuba,Cypher,1.06,0.92,1.2,187.0,166.0,209.0,16.0,8.0,8.0,14.0,8.0,6.0,8.0,1.0,7.0,2.0,0.0,2.0,0.75,0.67,0.83,115.0,98.0,131.0,0.24,0.22,0.25,3.0,0.0,3.0,0.0,0.0,0.0,3.0,0.0,3.0,Fracture,270766,52:37,2026-06-10 10:00:00,https://www.vlr.gg/684619/fut-esports-vs-nrg-valorant-masters-london-2026-r3-1-1,Valorant Masters London 2026
NRG,keiko,Phoenix,1.06,1.19,0.93,198.0,224.0,174.0,17.0,9.0,8.0,14.0,8.0,6.0,6.0,4.0,2.0,3.0,1.0,2.0,0.63,0.58,0.67,141.0,142.0,141.0,0.35,0.3,0.4,2.0,2.0,0.0,0.0,0.0,0.0,2.0,2.0,0.0,Fracture,270766,52:37,2026-06-10 10:00:00,https://www.vlr.gg/684619/fut-esports-vs-nrg-valorant-masters-london-2026-r3-1-1,Valorant Masters London 2026
NRG,mada,Waylay,0.92,0.92,0.93,216.0,223.0,209.0,17.0,8.0,9.0,17.0,10.0,7.0,6.0,5.0,1.0,0.0,-2.0,2.0,0.79,0.75,0.83,139.0,143.0,135.0,0.17,0.08,0.28,3.0,2.0,1.0,6.0,4.0,2.0,-3.0,-2.0,-1.0,Fracture,270766,52:37,2026-06-10 10:00:00,https://www.vlr.gg/684619/fut-esports-vs-nrg-valorant-masters-london-2026-r3-1-1,Valorant Masters London 2026
NRG,Ethan,Fade,0.9,0.52,1.29,181.0,105.0,259.0,14.0,4.0,10.0,17.0,9.0,8.0,5.0,1.0,4.0,-3.0,-5.0,2.0,0.75,0.67,0.83,123.0,74.0,173.0,0.11,0.1,0.12,3.0,2.0,1.0,3.0,2.0,1.0,0.0,0.0,0.0,Fracture,270766,52:37,2026-06-10 10:00:00,https://www.vlr.gg/684619/fut-esports-vs-nrg-valorant-masters-london-2026-r3-1-1,Valorant Masters London 2026
NRG,brawk,Brimstone,0.85,0.88,0.81,180.0,185.0,176.0,15.0,8.0,7.0,18.0,9.0,9.0,16.0,7.0,9.0,-3.0,-1.0,-2.0,0.71,0.67,0.75,101.0,106.0,96.0,0.18,0.25,0.11,3.0,0.0,3.0,1.0,0.0,1.0,2.0,0.0,2.0,Fracture,270766,52:37,2026-06-10 10:00:00,https://www.vlr.gg/684619/fut-esports-vs-nrg-valorant-masters-london-2026-r3-1-1,Valorant Masters London 2026
GE,PatMen,Omen,1.23,1.44,1.05,255.0,267.0,245.0,22.0,11.0,11.0,13.0,5.0,8.0,12.0,7.0,5.0,9.0,6.0,3.0,0.7,0.82,0.58,163.0,159.0,166.0,0.37,0.4,0.33,1.0,0.0,1.0,4.0,3.0,1.0,-3.0,-3.0,0.0,Haven,270761,46:34,2026-06-10 13:40:00,https://www.vlr.gg/684618/global-esports-vs-xi-lai-gaming-valorant-masters-london-2026-r3-1-1,Valorant Masters London 2026
GE,xavi8k,Sova,1.19,1.24,1.16,243.0,241.0,246.0,19.0,9.0,10.0,15.0,6.0,9.0,6.0,3.0,3.0,4.0,3.0,1.0,0.78,1.0,0.58,177.0,177.0,177.0,0.31,0.28,0.35,2.0,0.0,2.0,1.0,0.0,1.0,1.0,0.0,1.0,Haven,270761,46:34,2026-06-10 13:40:00,https://www.vlr.gg/684618/global-esports-vs-xi-lai-gaming-valorant-masters-london-2026-r3-1-1,Valorant Masters London 2026
GE,Kr1stal,Deadlock,1.08,1.21,0.97,174.0,197.0,155.0,14.0,9.0,5.0,12.0,5.0,7.0,6.0,1.0,5.0,2.0,4.0,-2.0,0.7,0.73,0.67,128.0,143.0,114.0,0.53,0.57,0.5,3.0,1.0,2.0,1.0,1.0,0.0,2.0,0.0,2.0,Haven,270761,46:34,2026-06-10 13:40:00,https://www.vlr.gg/684618/global-esports-vs-xi-lai-gaming-valorant-masters-london-2026-r3-1-1,Valorant Masters London 2026
GE,UdoTan,Neon,0.97,0.77,1.16,189.0,135.0,241.0,15.0,5.0,10.0,14.0,7.0,7.0,2.0,0.0,2.0,1.0,-2.0,3.0,0.78,0.64,0.92,116.0,85.0,144.0,0.41,0.67,0.3,3.0,1.0,2.0,1.0,0.0,1.0,2.0,1.0,1.0,Haven,270761,46:34,2026-06-10 13:40:00,https://www.vlr.gg/684618/global-esports-vs-xi-lai-gaming-valorant-masters-london-2026-r3-1-1,Valorant Masters London 2026
GE,Autumn,Cypher,0.91,1.56,0.31,204.0,312.0,106.0,17.0,13.0,4.0,16.0,6.0,10.0,6.0,3.0,3.0,1.0,7.0,-6.0,0.65,0.73,0.58,121.0,186.0,61.0,0.38,0.41,0.27,4.0,4.0,0.0,3.0,1.0,2.0,1.0,3.0,-2.0,Haven,270761,46:34,2026-06-10 13:40:00,https://www.vlr.gg/684618/global-esports-vs-xi-lai-gaming-valorant-masters-london-2026-r3-1-1,Valorant Masters London 2026
XLG,NoMan,Jett,1.04,1.09,0.99,185.0,201.0,168.0,16.0,9.0,7.0,16.0,8.0,8.0,3.0,1.0,2.0,0.0,1.0,-1.0,0.57,0.67,0.45,136.0,145.0,127.0,0.34,0.4,0.27,3.0,1.0,2.0,3.0,2.0,1.0,0.0,-1.0,1.0,Haven,270761,46:34,2026-06-10 13:40:00,https://www.vlr.gg/684618/global-esports-vs-xi-lai-gaming-valorant-masters-london-2026-r3-1-1,Valorant Masters London 2026
XLG,happywei,Cypher,0.95,1.47,0.38,180.0,265.0,89.0,15.0,12.0,3.0,17.0,8.0,9.0,2.0,1.0,1.0,-2.0,4.0,-6.0,0.61,0.75,0.45,118.0,168.0,63.0,0.39,0.41,0.33,3.0,3.0,0.0,1.0,1.0,0.0,2.0,2.0,0.0,Haven,270761,46:34,2026-06-10 13:40:00,https://www.vlr.gg/684618/global-esports-vs-xi-lai-gaming-valorant-masters-london-2026-r3-1-1,Valorant Masters London 2026
XLG,WsLeo,Sova,0.91,1.02,0.78,160.0,180.0,139.0,10.0,5.0,5.0,16.0,7.0,9.0,10.0,7.0,3.0,-6.0,-2.0,-4.0,0.65,0.67,0.64,114.0,138.0,89.0,0.21,0.17,0.31,2.0,1.0,1.0,4.0,2.0,2.0,-2.0,-1.0,-1.0,Haven,270761,46:34,2026-06-10 13:40:00,https://www.vlr.gg/684618/global-esports-vs-xi-lai-gaming-valorant-masters-london-2026-r3-1-1,Valorant Masters London 2026
XLG,Lysoar,Omen,0.91,1.18,0.62,182.0,187.0,178.0,15.0,8.0,7.0,18.0,7.0,11.0,6.0,5.0,1.0,-3.0,1.0,-4.0,0.65,0.75,0.55,106.0,108.0,105.0,0.34,0.32,0.37,0.0,0.0,0.0,1.0,1.0,0.0,-1.0,-1.0,0.0,Haven,270761,46:34,2026-06-10 13:40:00,https://www.vlr.gg/684618/global-esports-vs-xi-lai-gaming-valorant-masters-london-2026-r3-1-1,Valorant Masters London 2026
XLG,Rarga,Phoenix,0.79,0.7,0.89,184.0,155.0,217.0,14.0,7.0,7.0,20.0,10.0,10.0,3.0,1.0,2.0,-6.0,-3.0,-3.0,0.57,0.67,0.45,124.0,85.0,167.0,0.36,0.36,0.36,2.0,0.0,2.0,4.0,1.0,3.0,-2.0,-1.0,-1.0,Haven,270761,46:34,2026-06-10 13:40:00,https://www.vlr.gg/684618/global-esports-vs-xi-lai-gaming-valorant-masters-london-2026-r3-1-1,Valorant Masters London 2026
GE,UdoTan,Neon,1.11,0.75,1.47,229.0,165.0,294.0,52.0,17.0,35.0,47.0,25.0,22.0,17.0,11.0,6.0,5.0,-8.0,13.0,0.78,0.76,0.79,145.0,113.0,176.0,0.24,0.22,0.25,9.0,5.0,4.0,7.0,3.0,4.0,2.0,2.0,0.0,all,all,all,2026-06-10 13:40:00,https://www.vlr.gg/684618/global-esports-vs-xi-lai-gaming-valorant-masters-london-2026-r3-1-1,Valorant Masters London 2026
GE,Kr1stal,Deadlock,1.07,1.3,0.84,204.0,234.0,174.0,46.0,30.0,16.0,42.0,18.0,24.0,16.0,4.0,12.0,4.0,12.0,-8.0,0.69,0.74,0.65,142.0,165.0,118.0,0.35,0.41,0.29,4.0,1.0,3.0,2.0,1.0,1.0,2.0,0.0,2.0,all,all,all,2026-06-10 13:40:00,https://www.vlr.gg/684618/global-esports-vs-xi-lai-gaming-valorant-masters-london-2026-r3-1-1,Valorant Masters London 2026
GE,Autumn,Cypher,0.88,1.09,0.66,184.0,228.0,139.0,46.0,29.0,17.0,47.0,22.0,25.0,7.0,4.0,3.0,-1.0,7.0,-8.0,0.68,0.74,0.62,109.0,132.0,86.0,0.35,0.36,0.34,12.0,7.0,5.0,11.0,5.0,6.0,1.0,2.0,-1.0,all,all,all,2026-06-10 13:40:00,https://www.vlr.gg/684618/global-esports-vs-xi-lai-gaming-valorant-masters-london-2026-r3-1-1,Valorant Masters London 2026
GE,xavi8k,Sova,0.83,1.09,0.58,173.0,209.0,139.0,42.0,26.0,16.0,50.0,23.0,27.0,20.0,10.0,10.0,-8.0,3.0,-11.0,0.71,0.85,0.56,116.0,129.0,103.0,0.26,0.21,0.34,4.0,2.0,2.0,4.0,2.0,2.0,0.0,0.0,0.0,all,all,all,2026-06-10 13:40:00,https://www.vlr.gg/684618/global-esports-vs-xi-lai-gaming-valorant-masters-london-2026-r3-1-1,Valorant Masters London 2026
GE,PatMen,Omen,0.82,1.01,0.63,201.0,238.0,166.0,48.0,28.0,20.0,50.0,23.0,27.0,22.0,13.0,9.0,-2.0,5.0,-7.0,0.63,0.74,0.53,128.0,149.0,107.0,0.32,0.34,0.28,4.0,2.0,2.0,11.0,6.0,5.0,-7.0,-4.0,-3.0,all,all,all,2026-06-10 13:40:00,https://www.vlr.gg/684618/global-esports-vs-xi-lai-gaming-valorant-masters-london-2026-r3-1-1,Valorant Masters London 2026
XLG,Lysoar,Omen,1.22,1.5,0.93,224.0,262.0,189.0,54.0,32.0,22.0,45.0,19.0,26.0,24.0,13.0,11.0,9.0,13.0,-4.0,0.79,0.85,0.74,142.0,164.0,120.0,0.3,0.28,0.32,2.0,2.0,0.0,4.0,1.0,3.0,-2.0,1.0,-3.0,all,all,all,2026-06-10 13:40:00,https://www.vlr.gg/684618/global-esports-vs-xi-lai-gaming-valorant-masters-london-2026-r3-1-1,Valorant Masters London 2026
XLG,Rarga,Phoenix,1.12,1.01,1.23,228.0,196.0,258.0,54.0,25.0,29.0,51.0,25.0,26.0,17.0,6.0,11.0,3.0,0.0,3.0,0.72,0.79,0.65,153.0,125.0,180.0,0.37,0.37,0.38,9.0,2.0,7.0,7.0,1.0,6.0,2.0,1.0,1.0,all,all,all,2026-06-10 13:40:00,https://www.vlr.gg/684618/global-esports-vs-xi-lai-gaming-valorant-masters-london-2026-r3-1-1,Valorant Masters London 2026
XLG,NoMan,Jett,1.04,1.13,0.94,207.0,224.0,190.0,50.0,27.0,23.0,48.0,22.0,26.0,13.0,7.0,6.0,2.0,5.0,-3.0,0.6,0.65,0.56,139.0,146.0,133.0,0.37,0.42,0.3,10.0,6.0,4.0,8.0,6.0,2.0,2.0,0.0,2.0,all,all,all,2026-06-10 13:40:00,https://www.vlr.gg/684618/global-esports-vs-xi-lai-gaming-valorant-masters-london-2026-r3-1-1,Valorant Masters London 2026
XLG,WsLeo,Sova,0.96,1.01,0.91,159.0,165.0,155.0,35.0,17.0,18.0,41.0,18.0,23.0,20.0,13.0,7.0,-6.0,-1.0,-5.0,0.69,0.71,0.68,112.0,115.0,109.0,0.25,0.23,0.28,5.0,3.0,2.0,7.0,3.0,4.0,-2.0,0.0,-2.0,all,all,all,2026-06-10 13:40:00,https://www.vlr.gg/684618/global-esports-vs-xi-lai-gaming-valorant-masters-london-2026-r3-1-1,Valorant Masters London 2026
XLG,happywei,Cypher,0.89,1.11,0.67,176.0,188.0,166.0,43.0,24.0,19.0,49.0,20.0,29.0,10.0,5.0,5.0,-6.0,4.0,-10.0,0.65,0.74,0.56,120.0,128.0,112.0,0.33,0.4,0.27,9.0,5.0,4.0,7.0,5.0,2.0,2.0,0.0,2.0,all,all,all,2026-06-10 13:40:00,https://www.vlr.gg/684618/global-esports-vs-xi-lai-gaming-valorant-masters-london-2026-r3-1-1,Valorant Masters London 2026
GE,Autumn,Jett,1.18,1.17,1.2,221.0,239.0,200.0,19.0,11.0,8.0,12.0,7.0,5.0,1.0,1.0,0.0,7.0,4.0,3.0,0.77,0.83,0.7,134.0,136.0,132.0,0.33,0.37,0.27,5.0,2.0,3.0,3.0,3.0,0.0,2.0,-1.0,3.0,Lotus,270762,51:51,2026-06-10 13:40:00,https://www.vlr.gg/684618/global-esports-vs-xi-lai-gaming-valorant-masters-london-2026-r3-1-1,Valorant Masters London 2026
GE,UdoTan,Raze,1.11,0.85,1.43,252.0,198.0,317.0,17.0,6.0,11.0,16.0,9.0,7.0,10.0,7.0,3.0,1.0,-3.0,4.0,0.82,0.83,0.8,163.0,151.0,177.0,0.16,0.14,0.18,5.0,3.0,2.0,2.0,0.0,2.0,3.0,3.0,0.0,Lotus,270762,51:51,2026-06-10 13:40:00,https://www.vlr.gg/684618/global-esports-vs-xi-lai-gaming-valorant-masters-london-2026-r3-1-1,Valorant Masters London 2026
GE,Kr1stal,Vyse,0.99,1.15,0.8,209.0,230.0,185.0,16.0,11.0,5.0,14.0,7.0,7.0,3.0,0.0,3.0,2.0,4.0,-2.0,0.68,0.67,0.7,142.0,163.0,116.0,0.18,0.28,0.1,0.0,0.0,0.0,1.0,0.0,1.0,-1.0,0.0,-1.0,Lotus,270762,51:51,2026-06-10 13:40:00,https://www.vlr.gg/684618/global-esports-vs-xi-lai-gaming-valorant-masters-london-2026-r3-1-1,Valorant Masters London 2026
GE,PatMen,Omen,0.61,0.9,0.26,157.0,242.0,57.0,11.0,10.0,1.0,17.0,9.0,8.0,6.0,2.0,4.0,-6.0,1.0,-7.0,0.64,0.67,0.6,105.0,158.0,42.0,0.26,0.38,0.0,0.0,0.0,0.0,2.0,1.0,1.0,-2.0,-1.0,-1.0,Lotus,270762,51:51,2026-06-10 13:40:00,https://www.vlr.gg/684618/global-esports-vs-xi-lai-gaming-valorant-masters-london-2026-r3-1-1,Valorant Masters London 2026
GE,xavi8k,Skye,0.41,0.69,0.07,118.0,183.0,41.0,9.0,8.0,1.0,19.0,11.0,8.0,4.0,2.0,2.0,-10.0,-3.0,-7.0,0.64,0.75,0.5,73.0,108.0,31.0,0.19,0.21,0.11,1.0,1.0,0.0,3.0,2.0,1.0,-2.0,-1.0,-1.0,Lotus,270762,51:51,2026-06-10 13:40:00,https://www.vlr.gg/684618/global-esports-vs-xi-lai-gaming-valorant-masters-london-2026-r3-1-1,Valorant Masters London 2026
XLG,Rarga,Sage,1.65,1.48,1.8,305.0,268.0,336.0,23.0,10.0,13.0,14.0,6.0,8.0,11.0,3.0,8.0,9.0,4.0,5.0,0.82,0.8,0.83,199.0,172.0,221.0,0.36,0.45,0.3,3.0,0.0,3.0,1.0,0.0,1.0,2.0,0.0,2.0,Lotus,270762,51:51,2026-06-10 13:40:00,https://www.vlr.gg/684618/global-esports-vs-xi-lai-gaming-valorant-masters-london-2026-r3-1-1,Valorant Masters London 2026
XLG,Lysoar,Omen,1.17,1.53,0.87,185.0,194.0,178.0,14.0,7.0,7.0,13.0,4.0,9.0,13.0,6.0,7.0,1.0,3.0,-2.0,0.82,0.9,0.75,119.0,138.0,103.0,0.32,0.29,0.35,0.0,0.0,0.0,2.0,0.0,2.0,-2.0,0.0,-2.0,Lotus,270762,51:51,2026-06-10 13:40:00,https://www.vlr.gg/684618/global-esports-vs-xi-lai-gaming-valorant-masters-london-2026-r3-1-1,Valorant Masters London 2026
XLG,NoMan,Deadlock,1.17,1.7,0.73,246.0,309.0,195.0,20.0,11.0,9.0,17.0,5.0,12.0,6.0,4.0,2.0,3.0,6.0,-3.0,0.59,0.7,0.5,152.0,180.0,128.0,0.51,0.58,0.44,3.0,2.0,1.0,2.0,1.0,1.0,1.0,1.0,0.0,Lotus,270762,51:51,2026-06-10 13:40:00,https://www.vlr.gg/684618/global-esports-vs-xi-lai-gaming-valorant-masters-london-2026-r3-1-1,Valorant Masters London 2026
XLG,WsLeo,Fade,0.91,1.04,0.81,129.0,149.0,114.0,10.0,5.0,5.0,12.0,5.0,7.0,4.0,3.0,1.0,-2.0,0.0,-2.0,0.73,0.8,0.67,99.0,100.0,98.0,0.35,0.35,0.35,2.0,2.0,0.0,3.0,1.0,2.0,-1.0,1.0,-2.0,Lotus,270762,51:51,2026-06-10 13:40:00,https://www.vlr.gg/684618/global-esports-vs-xi-lai-gaming-valorant-masters-london-2026-r3-1-1,Valorant Masters London 2026
XLG,happywei,Cypher,0.66,0.33,0.94,134.0,46.0,208.0,11.0,2.0,9.0,16.0,6.0,10.0,2.0,0.0,2.0,-5.0,-4.0,-1.0,0.64,0.6,0.67,93.0,32.0,144.0,0.46,0.5,0.45,3.0,1.0,2.0,3.0,3.0,0.0,0.0,-2.0,2.0,Lotus,270762,51:51,2026-06-10 13:40:00,https://www.vlr.gg/684618/global-esports-vs-xi-lai-gaming-valorant-masters-london-2026-r3-1-1,Valorant Masters London 2026
GE,UdoTan,Neon,1.24,0.63,1.8,247.0,160.0,329.0,20.0,6.0,14.0,17.0,9.0,8.0,5.0,4.0,1.0,3.0,-3.0,6.0,0.74,0.82,0.67,156.0,100.0,208.0,0.24,0.17,0.28,1.0,1.0,0.0,4.0,3.0,1.0,-3.0,-2.0,-1.0,Breeze,270763,47:11,2026-06-10 13:40:00,https://www.vlr.gg/684618/global-esports-vs-xi-lai-gaming-valorant-masters-london-2026-r3-1-1,Valorant Masters London 2026
GE,Kr1stal,Sova,1.13,1.55,0.74,228.0,276.0,185.0,16.0,10.0,6.0,16.0,6.0,10.0,7.0,3.0,4.0,0.0,4.0,-4.0,0.7,0.82,0.58,156.0,191.0,124.0,0.45,0.48,0.43,1.0,0.0,1.0,0.0,0.0,0.0,1.0,0.0,1.0,Breeze,270763,47:11,2026-06-10 13:40:00,https://www.vlr.gg/684618/global-esports-vs-xi-lai-gaming-valorant-masters-london-2026-r3-1-1,Valorant Masters London 2026
GE,xavi8k,Sage,0.88,1.39,0.42,158.0,205.0,115.0,14.0,9.0,5.0,16.0,6.0,10.0,10.0,5.0,5.0,-2.0,3.0,-5.0,0.7,0.82,0.58,97.0,105.0,89.0,0.25,0.13,0.5,1.0,1.0,0.0,0.0,0.0,0.0,1.0,1.0,0.0,Breeze,270763,47:11,2026-06-10 13:40:00,https://www.vlr.gg/684618/global-esports-vs-xi-lai-gaming-valorant-masters-london-2026-r3-1-1,Valorant Masters London 2026
GE,PatMen,Viper,0.61,0.7,0.53,191.0,206.0,179.0,15.0,7.0,8.0,20.0,9.0,11.0,4.0,4.0,0.0,-5.0,-2.0,-3.0,0.57,0.73,0.42,116.0,129.0,103.0,0.31,0.25,0.4,3.0,2.0,1.0,5.0,2.0,3.0,-2.0,0.0,-2.0,Breeze,270763,47:11,2026-06-10 13:40:00,https://www.vlr.gg/684618/global-esports-vs-xi-lai-gaming-valorant-masters-london-2026-r3-1-1,Valorant Masters London 2026
GE,Autumn,Chamber,0.55,0.54,0.56,126.0,133.0,121.0,10.0,5.0,5.0,19.0,9.0,10.0,0.0,0.0,0.0,-9.0,-4.0,-5.0,0.61,0.64,0.58,73.0,75.0,72.0,0.33,0.18,0.57,3.0,1.0,2.0,5.0,1.0,4.0,-2.0,0.0,-2.0,Breeze,270763,47:11,2026-06-10 13:40:00,https://www.vlr.gg/684618/global-esports-vs-xi-lai-gaming-valorant-masters-london-2026-r3-1-1,Valorant Masters London 2026
XLG,Lysoar,Omen,1.56,1.8,1.31,305.0,392.0,211.0,25.0,17.0,8.0,14.0,8.0,6.0,5.0,2.0,3.0,11.0,9.0,2.0,0.91,0.92,0.91,200.0,244.0,152.0,0.27,0.26,0.27,2.0,2.0,0.0,1.0,0.0,1.0,1.0,2.0,-1.0,Breeze,270763,47:11,2026-06-10 13:40:00,https://www.vlr.gg/684618/global-esports-vs-xi-lai-gaming-valorant-masters-london-2026-r3-1-1,Valorant Masters London 2026
XLG,WsLeo,Sova,1.06,0.99,1.14,188.0,163.0,215.0,15.0,7.0,8.0,13.0,6.0,7.0,6.0,3.0,3.0,2.0,1.0,1.0,0.7,0.67,0.73,122.0,104.0,141.0,0.23,0.25,0.21,1.0,0.0,1.0,0.0,0.0,0.0,1.0,0.0,1.0,Breeze,270763,47:11,2026-06-10 13:40:00,https://www.vlr.gg/684618/global-esports-vs-xi-lai-gaming-valorant-masters-london-2026-r3-1-1,Valorant Masters London 2026
XLG,happywei,Viper,1.05,1.39,0.67,213.0,229.0,197.0,17.0,10.0,7.0,16.0,6.0,10.0,6.0,4.0,2.0,1.0,4.0,-3.0,0.7,0.83,0.55,148.0,167.0,127.0,0.24,0.37,0.13,3.0,1.0,2.0,3.0,1.0,2.0,0.0,0.0,0.0,Breeze,270763,47:11,2026-06-10 13:40:00,https://www.vlr.gg/684618/global-esports-vs-xi-lai-gaming-valorant-masters-london-2026-r3-1-1,Valorant Masters London 2026
XLG,Rarga,Phoenix,0.94,0.93,0.96,195.0,177.0,215.0,17.0,8.0,9.0,17.0,9.0,8.0,3.0,2.0,1.0,0.0,-1.0,1.0,0.78,0.92,0.64,137.0,126.0,148.0,0.4,0.28,0.53,4.0,2.0,2.0,2.0,0.0,2.0,2.0,2.0,0.0,Breeze,270763,47:11,2026-06-10 13:40:00,https://www.vlr.gg/684618/global-esports-vs-xi-lai-gaming-valorant-masters-london-2026-r3-1-1,Valorant Masters London 2026
XLG,NoMan,Jett,0.91,0.71,1.12,190.0,176.0,205.0,14.0,7.0,7.0,15.0,9.0,6.0,4.0,2.0,2.0,-1.0,-2.0,1.0,0.65,0.58,0.73,130.0,119.0,143.0,0.23,0.28,0.15,4.0,3.0,1.0,3.0,3.0,0.0,1.0,0.0,1.0,Breeze,270763,47:11,2026-06-10 13:40:00,https://www.vlr.gg/684618/global-esports-vs-xi-lai-gaming-valorant-masters-london-2026-r3-1-1,Valorant Masters London 2026
PRX,d4v41,Vyse,2.05,3.56,1.8,273.0,499.0,236.0,16.0,5.0,11.0,1.0,0.0,1.0,3.0,0.0,3.0,15.0,5.0,10.0,0.93,1.0,0.92,197.0,343.0,173.0,0.54,0.33,0.63,1.0,1.0,0.0,0.0,0.0,0.0,1.0,1.0,0.0,Ascent,267804,29:19,2026-06-12 10:00:00,https://www.vlr.gg/670466/paper-rex-vs-leviat-n-valorant-masters-london-2026-ubqf,Valorant Masters London 2026
PRX,something,Yoru,1.53,1.58,1.52,270.0,289.0,268.0,14.0,1.0,13.0,5.0,1.0,4.0,5.0,4.0,1.0,9.0,0.0,9.0,0.93,1.0,0.92,164.0,250.0,150.0,0.16,0.14,0.17,3.0,0.0,3.0,0.0,0.0,0.0,3.0,0.0,3.0,Ascent,267804,29:19,2026-06-12 10:00:00,https://www.vlr.gg/670466/paper-rex-vs-leviat-n-valorant-masters-london-2026-ubqf,Valorant Masters London 2026
PRX,invy,Sova,1.53,0.58,1.69,329.0,135.0,362.0,16.0,1.0,15.0,8.0,2.0,6.0,4.0,1.0,3.0,8.0,-1.0,9.0,0.86,1.0,0.83,220.0,107.0,239.0,0.15,0.25,0.14,4.0,0.0,4.0,0.0,0.0,0.0,4.0,0.0,4.0,Ascent,267804,29:19,2026-06-12 10:00:00,https://www.vlr.gg/670466/paper-rex-vs-leviat-n-valorant-masters-london-2026-ubqf,Valorant Masters London 2026
PRX,Jinggg,Sage,1.24,2.51,1.03,200.0,235.0,194.0,11.0,2.0,9.0,6.0,0.0,6.0,7.0,3.0,4.0,5.0,2.0,3.0,0.86,1.0,0.83,128.0,83.0,135.0,0.28,0.33,0.28,1.0,0.0,1.0,2.0,0.0,2.0,-1.0,0.0,-1.0,Ascent,267804,29:19,2026-06-12 10:00:00,https://www.vlr.gg/670466/paper-rex-vs-leviat-n-valorant-masters-london-2026-ubqf,Valorant Masters London 2026
PRX,f0rsakeN,Omen,1.15,0.44,1.26,178.0,168.0,180.0,9.0,1.0,8.0,8.0,2.0,6.0,9.0,1.0,8.0,1.0,-1.0,2.0,0.93,1.0,0.92,102.0,83.0,106.0,0.27,0.0,0.33,2.0,1.0,1.0,1.0,0.0,1.0,1.0,1.0,0.0,Ascent,267804,29:19,2026-06-12 10:00:00,https://www.vlr.gg/670466/paper-rex-vs-leviat-n-valorant-masters-london-2026-ubqf,Valorant Masters London 2026
LEV,Sato,Phoenix,0.75,0.72,0.89,175.0,159.0,271.0,8.0,6.0,2.0,13.0,11.0,2.0,2.0,2.0,0.0,-5.0,-5.0,0.0,0.5,0.5,0.5,122.0,110.0,196.0,0.31,0.32,0.29,1.0,1.0,0.0,4.0,3.0,1.0,-3.0,-2.0,-1.0,Ascent,267804,29:19,2026-06-12 10:00:00,https://www.vlr.gg/670466/paper-rex-vs-leviat-n-valorant-masters-london-2026-ubqf,Valorant Masters London 2026
LEV,blowz,Sova,0.71,0.87,0.01,134.0,152.0,28.0,5.0,5.0,0.0,13.0,11.0,2.0,4.0,4.0,0.0,-8.0,-6.0,-2.0,0.5,0.58,0.0,109.0,123.0,28.0,0.26,0.28,0.0,0.0,0.0,0.0,0.0,0.0,0.0,0.0,0.0,0.0,Ascent,267804,29:19,2026-06-12 10:00:00,https://www.vlr.gg/670466/paper-rex-vs-leviat-n-valorant-masters-london-2026-ubqf,Valorant Masters London 2026
LEV,Neon,Chamber,0.44,0.52,0.03,119.0,133.0,41.0,6.0,6.0,0.0,13.0,11.0,2.0,2.0,2.0,0.0,-7.0,-5.0,-2.0,0.43,0.5,0.0,77.0,83.0,41.0,0.33,0.4,0.0,0.0,0.0,0.0,2.0,2.0,0.0,-2.0,-2.0,0.0,Ascent,267804,29:19,2026-06-12 10:00:00,https://www.vlr.gg/670466/paper-rex-vs-leviat-n-valorant-masters-london-2026-ubqf,Valorant Masters London 2026
LEV,spike,Neon,0.43,0.3,1.18,133.0,116.0,243.0,6.0,4.0,2.0,14.0,12.0,2.0,4.0,3.0,1.0,-8.0,-8.0,0.0,0.57,0.5,1.0,87.0,75.0,160.0,0.12,0.13,0.11,2.0,2.0,0.0,3.0,3.0,0.0,-1.0,-1.0,0.0,Ascent,267804,29:19,2026-06-12 10:00:00,https://www.vlr.gg/670466/paper-rex-vs-leviat-n-valorant-masters-london-2026-ubqf,Valorant Masters London 2026
LEV,kiNgg,Omen,0.36,0.31,0.64,102.0,84.0,215.0,3.0,2.0,1.0,13.0,11.0,2.0,5.0,2.0,3.0,-10.0,-9.0,-1.0,0.64,0.58,1.0,69.0,61.0,119.0,0.14,0.16,0.13,0.0,0.0,0.0,2.0,1.0,1.0,-2.0,-1.0,-1.0,Ascent,267804,29:19,2026-06-12 10:00:00,https://www.vlr.gg/670466/paper-rex-vs-leviat-n-valorant-masters-london-2026-ubqf,Valorant Masters London 2026
PRX,d4v41,Vyse,1.4,1.44,1.38,241.0,294.0,201.0,35.0,16.0,19.0,20.0,10.0,10.0,8.0,4.0,4.0,15.0,6.0,9.0,0.86,1.0,0.79,156.0,184.0,141.0,0.42,0.32,0.51,2.0,2.0,0.0,0.0,0.0,0.0,2.0,2.0,0.0,all,all,all,2026-06-12 10:00:00,https://www.vlr.gg/670466/paper-rex-vs-leviat-n-valorant-masters-london-2026-ubqf,Valorant Masters London 2026
PRX,invy,Sova,1.27,1.33,1.23,268.0,209.0,278.0,32.0,10.0,22.0,25.0,8.0,17.0,19.0,11.0,8.0,7.0,2.0,5.0,0.81,0.92,0.75,175.0,145.0,191.0,0.26,0.42,0.2,4.0,0.0,4.0,5.0,3.0,2.0,-1.0,-3.0,2.0,all,all,all,2026-06-12 10:00:00,https://www.vlr.gg/670466/paper-rex-vs-leviat-n-valorant-masters-london-2026-ubqf,Valorant Masters London 2026
PRX,something,Yoru,1.25,0.97,1.4,239.0,179.0,260.0,30.0,6.0,24.0,22.0,10.0,12.0,13.0,10.0,3.0,8.0,-4.0,12.0,0.89,0.92,0.88,157.0,154.0,159.0,0.21,0.17,0.23,5.0,0.0,5.0,4.0,1.0,3.0,1.0,-1.0,2.0,all,all,all,2026-06-12 10:00:00,https://www.vlr.gg/670466/paper-rex-vs-leviat-n-valorant-masters-london-2026-ubqf,Valorant Masters London 2026
PRX,Jinggg,Sage,1.05,1.49,0.82,191.0,246.0,158.0,27.0,12.0,15.0,23.0,8.0,15.0,12.0,8.0,4.0,4.0,4.0,0.0,0.73,0.85,0.67,131.0,151.0,120.0,0.19,0.15,0.22,2.0,1.0,1.0,5.0,1.0,4.0,-3.0,0.0,-3.0,all,all,all,2026-06-12 10:00:00,https://www.vlr.gg/670466/paper-rex-vs-leviat-n-valorant-masters-london-2026-ubqf,Valorant Masters London 2026
PRX,f0rsakeN,Omen,0.94,1.05,0.88,193.0,255.0,164.0,26.0,13.0,13.0,28.0,10.0,18.0,18.0,4.0,14.0,-2.0,3.0,-5.0,0.76,0.77,0.75,119.0,146.0,104.0,0.2,0.13,0.26,4.0,2.0,2.0,6.0,3.0,3.0,-2.0,-1.0,-1.0,all,all,all,2026-06-12 10:00:00,https://www.vlr.gg/670466/paper-rex-vs-leviat-n-valorant-masters-london-2026-ubqf,Valorant Masters London 2026
LEV,Neon,Chamber,1.16,1.27,0.96,224.0,271.0,210.0,34.0,25.0,9.0,29.0,18.0,11.0,6.0,5.0,1.0,5.0,7.0,-2.0,0.7,0.75,0.62,167.0,169.0,162.0,0.37,0.46,0.25,9.0,5.0,4.0,2.0,2.0,0.0,7.0,3.0,4.0,all,all,all,2026-06-12 10:00:00,https://www.vlr.gg/670466/paper-rex-vs-leviat-n-valorant-masters-london-2026-ubqf,Valorant Masters London 2026
LEV,spike,Neon,1.1,0.87,1.55,227.0,181.0,377.0,33.0,15.0,18.0,32.0,19.0,13.0,14.0,9.0,5.0,1.0,-4.0,5.0,0.78,0.67,1.0,153.0,113.0,227.0,0.26,0.21,0.31,7.0,4.0,3.0,3.0,3.0,0.0,4.0,1.0,3.0,all,all,all,2026-06-12 10:00:00,https://www.vlr.gg/670466/paper-rex-vs-leviat-n-valorant-masters-london-2026-ubqf,Valorant Masters London 2026
LEV,blowz,Sova,0.81,0.85,0.77,152.0,146.0,176.0,18.0,11.0,7.0,29.0,18.0,11.0,18.0,12.0,6.0,-11.0,-7.0,-4.0,0.65,0.71,0.54,114.0,106.0,129.0,0.24,0.24,0.23,0.0,0.0,0.0,1.0,0.0,1.0,-1.0,0.0,-1.0,all,all,all,2026-06-12 10:00:00,https://www.vlr.gg/670466/paper-rex-vs-leviat-n-valorant-masters-london-2026-ubqf,Valorant Masters London 2026
LEV,kiNgg,Omen,0.67,0.6,0.79,135.0,111.0,201.0,16.0,8.0,8.0,29.0,18.0,11.0,19.0,8.0,11.0,-13.0,-10.0,-3.0,0.78,0.71,0.92,97.0,77.0,135.0,0.16,0.19,0.14,2.0,1.0,1.0,4.0,1.0,3.0,-2.0,0.0,-2.0,all,all,all,2026-06-12 10:00:00,https://www.vlr.gg/670466/paper-rex-vs-leviat-n-valorant-masters-london-2026-ubqf,Valorant Masters London 2026
LEV,Sato,Phoenix,0.61,0.77,0.3,146.0,163.0,95.0,17.0,13.0,4.0,31.0,20.0,11.0,4.0,2.0,2.0,-14.0,-7.0,-7.0,0.62,0.63,0.62,95.0,109.0,70.0,0.3,0.34,0.21,2.0,2.0,0.0,7.0,6.0,1.0,-5.0,-4.0,-1.0,all,all,all,2026-06-12 10:00:00,https://www.vlr.gg/670466/paper-rex-vs-leviat-n-valorant-masters-london-2026-ubqf,Valorant Masters London 2026
PRX,invy,Skye,1.11,1.47,0.78,207.0,223.0,194.0,16.0,9.0,7.0,17.0,6.0,11.0,15.0,10.0,5.0,-1.0,3.0,-4.0,0.78,0.91,0.67,147.0,152.0,143.0,0.37,0.45,0.31,0.0,0.0,0.0,5.0,3.0,2.0,-5.0,-3.0,-2.0,Lotus,267805,48:54,2026-06-12 10:00:00,https://www.vlr.gg/670466/paper-rex-vs-leviat-n-valorant-masters-london-2026-ubqf,Valorant Masters London 2026
PRX,something,Jett,1.08,0.85,1.29,207.0,159.0,253.0,16.0,5.0,11.0,17.0,9.0,8.0,8.0,6.0,2.0,-1.0,-4.0,3.0,0.87,0.91,0.83,153.0,136.0,169.0,0.25,0.18,0.3,2.0,0.0,2.0,4.0,1.0,3.0,-2.0,-1.0,-1.0,Lotus,267805,48:54,2026-06-12 10:00:00,https://www.vlr.gg/670466/paper-rex-vs-leviat-n-valorant-masters-london-2026-ubqf,Valorant Masters London 2026
PRX,d4v41,Vyse,1.0,1.06,0.96,209.0,257.0,166.0,19.0,11.0,8.0,19.0,10.0,9.0,5.0,4.0,1.0,0.0,1.0,-1.0,0.83,1.0,0.67,132.0,155.0,110.0,0.34,0.32,0.38,1.0,1.0,0.0,0.0,0.0,0.0,1.0,1.0,0.0,Lotus,267805,48:54,2026-06-12 10:00:00,https://www.vlr.gg/670466/paper-rex-vs-leviat-n-valorant-masters-london-2026-ubqf,Valorant Masters London 2026
PRX,Jinggg,Raze,0.94,1.3,0.61,182.0,249.0,122.0,16.0,10.0,6.0,17.0,8.0,9.0,5.0,5.0,0.0,-1.0,2.0,-3.0,0.65,0.82,0.5,133.0,164.0,104.0,0.14,0.14,0.14,1.0,1.0,0.0,3.0,1.0,2.0,-2.0,0.0,-2.0,Lotus,267805,48:54,2026-06-12 10:00:00,https://www.vlr.gg/670466/paper-rex-vs-leviat-n-valorant-masters-london-2026-ubqf,Valorant Masters London 2026
PRX,f0rsakeN,Omen,0.82,1.16,0.5,207.0,271.0,149.0,17.0,12.0,5.0,20.0,8.0,12.0,9.0,3.0,6.0,-3.0,4.0,-7.0,0.65,0.73,0.58,129.0,158.0,103.0,0.15,0.15,0.16,2.0,1.0,1.0,5.0,3.0,2.0,-3.0,-2.0,-1.0,Lotus,267805,48:54,2026-06-12 10:00:00,https://www.vlr.gg/670466/paper-rex-vs-leviat-n-valorant-masters-london-2026-ubqf,Valorant Masters London 2026
LEV,Neon,Jett,1.6,2.02,1.13,328.0,408.0,241.0,28.0,19.0,9.0,16.0,7.0,9.0,4.0,3.0,1.0,12.0,12.0,0.0,0.87,1.0,0.73,221.0,255.0,184.0,0.38,0.48,0.27,9.0,5.0,4.0,0.0,0.0,0.0,9.0,5.0,4.0,Lotus,267805,48:54,2026-06-12 10:00:00,https://www.vlr.gg/670466/paper-rex-vs-leviat-n-valorant-masters-london-2026-ubqf,Valorant Masters London 2026
LEV,spike,Omen,1.52,1.43,1.61,320.0,246.0,401.0,27.0,11.0,16.0,18.0,7.0,11.0,10.0,6.0,4.0,9.0,4.0,5.0,0.91,0.83,1.0,193.0,151.0,239.0,0.32,0.28,0.36,5.0,2.0,3.0,0.0,0.0,0.0,5.0,2.0,3.0,Lotus,267805,48:54,2026-06-12 10:00:00,https://www.vlr.gg/670466/paper-rex-vs-leviat-n-valorant-masters-london-2026-ubqf,Valorant Masters London 2026
LEV,blowz,Skye,0.87,0.83,0.91,169.0,140.0,203.0,13.0,6.0,7.0,16.0,7.0,9.0,14.0,8.0,6.0,-3.0,-1.0,-2.0,0.74,0.83,0.64,117.0,89.0,147.0,0.22,0.2,0.24,0.0,0.0,0.0,1.0,0.0,1.0,-1.0,0.0,-1.0,Lotus,267805,48:54,2026-06-12 10:00:00,https://www.vlr.gg/670466/paper-rex-vs-leviat-n-valorant-masters-london-2026-ubqf,Valorant Masters London 2026
LEV,kiNgg,Vyse,0.86,0.89,0.82,167.0,139.0,199.0,13.0,6.0,7.0,16.0,7.0,9.0,14.0,6.0,8.0,-3.0,-1.0,-2.0,0.87,0.83,0.91,114.0,93.0,138.0,0.18,0.22,0.15,2.0,1.0,1.0,2.0,0.0,2.0,0.0,1.0,-1.0,Lotus,267805,48:54,2026-06-12 10:00:00,https://www.vlr.gg/670466/paper-rex-vs-leviat-n-valorant-masters-london-2026-ubqf,Valorant Masters London 2026
LEV,Sato,Raze,0.52,0.82,0.19,117.0,167.0,63.0,9.0,7.0,2.0,18.0,9.0,9.0,2.0,0.0,2.0,-9.0,-2.0,-7.0,0.7,0.75,0.64,79.0,109.0,47.0,0.29,0.37,0.17,1.0,1.0,0.0,3.0,3.0,0.0,-2.0,-2.0,0.0,Lotus,267805,48:54,2026-06-12 10:00:00,https://www.vlr.gg/670466/paper-rex-vs-leviat-n-valorant-masters-london-2026-ubqf,Valorant Masters London 2026
TH,Boo,Sage,0.98,0.99,0.97,187.0,216.0,171.0,13.0,5.0,8.0,14.0,6.0,8.0,2.0,1.0,1.0,-1.0,-1.0,0.0,0.68,0.57,0.75,114.0,147.0,94.0,0.56,0.67,0.5,0.0,0.0,0.0,0.0,0.0,0.0,0.0,0.0,0.0,Breeze,267807,40:32,2026-06-12 12:00:00,https://www.vlr.gg/670467/team-heretics-vs-team-vitality-valorant-masters-london-2026-ubqf,Valorant Masters London 2026
TH,Wo0t,Chamber,0.86,0.92,0.82,208.0,210.0,208.0,13.0,5.0,8.0,15.0,7.0,8.0,2.0,0.0,2.0,-2.0,-2.0,0.0,0.63,0.71,0.58,133.0,165.0,115.0,0.23,0.5,0.0,2.0,1.0,1.0,4.0,0.0,4.0,-2.0,1.0,-3.0,Breeze,267807,40:32,2026-06-12 12:00:00,https://www.vlr.gg/670467/team-heretics-vs-team-vitality-valorant-masters-london-2026-ubqf,Valorant Masters London 2026
TH,koshmaras,Neon,0.81,0.44,1.03,198.0,125.0,241.0,12.0,3.0,9.0,14.0,6.0,8.0,2.0,1.0,1.0,-2.0,-3.0,1.0,0.58,0.57,0.58,129.0,86.0,155.0,0.42,0.33,0.46,2.0,0.0,2.0,6.0,3.0,3.0,-4.0,-3.0,-1.0,Breeze,267807,40:32,2026-06-12 12:00:00,https://www.vlr.gg/670467/team-heretics-vs-team-vitality-valorant-masters-london-2026-ubqf,Valorant Masters London 2026
TH,RieNs,Sova,0.68,0.02,1.14,150.0,27.0,223.0,9.0,0.0,9.0,14.0,7.0,7.0,3.0,1.0,2.0,-5.0,-7.0,2.0,0.42,0.14,0.58,106.0,27.0,153.0,0.22,0.0,0.27,0.0,0.0,0.0,4.0,2.0,2.0,-4.0,-2.0,-2.0,Breeze,267807,40:32,2026-06-12 12:00:00,https://www.vlr.gg/670467/team-heretics-vs-team-vitality-valorant-masters-london-2026-ubqf,Valorant Masters London 2026
TH,benjyfishy,Viper,0.45,0.16,0.61,138.0,115.0,152.0,8.0,2.0,6.0,16.0,8.0,8.0,2.0,0.0,2.0,-8.0,-6.0,-2.0,0.53,0.29,0.67,91.0,75.0,100.0,0.5,0.5,0.5,0.0,0.0,0.0,1.0,1.0,0.0,-1.0,-1.0,0.0,Breeze,267807,40:32,2026-06-12 12:00:00,https://www.vlr.gg/670467/team-heretics-vs-team-vitality-valorant-masters-london-2026-ubqf,Valorant Masters London 2026
VIT,Derke,Jett,1.68,1.54,1.91,319.0,312.0,331.0,21.0,12.0,9.0,10.0,7.0,3.0,5.0,3.0,2.0,11.0,5.0,6.0,0.79,0.67,1.0,215.0,194.0,252.0,0.23,0.24,0.2,8.0,6.0,2.0,1.0,1.0,0.0,7.0,5.0,2.0,Breeze,267807,40:32,2026-06-12 12:00:00,https://www.vlr.gg/670467/team-heretics-vs-team-vitality-valorant-masters-london-2026-ubqf,Valorant Masters London 2026
VIT,Chronicle,Viper,1.2,0.82,1.86,260.0,192.0,378.0,16.0,7.0,9.0,13.0,9.0,4.0,7.0,3.0,4.0,3.0,-2.0,5.0,0.74,0.58,1.0,166.0,124.0,237.0,0.12,0.1,0.13,4.0,2.0,2.0,1.0,0.0,1.0,3.0,2.0,1.0,Breeze,267807,40:32,2026-06-12 12:00:00,https://www.vlr.gg/670467/team-heretics-vs-team-vitality-valorant-masters-london-2026-ubqf,Valorant Masters London 2026
VIT,PROFEK,Harbor,1.13,1.13,1.12,175.0,179.0,169.0,14.0,10.0,4.0,11.0,8.0,3.0,8.0,4.0,4.0,3.0,2.0,1.0,0.74,0.67,0.86,108.0,103.0,117.0,0.19,0.3,0.06,3.0,1.0,2.0,1.0,1.0,0.0,2.0,0.0,2.0,Breeze,267807,40:32,2026-06-12 12:00:00,https://www.vlr.gg/670467/team-heretics-vs-team-vitality-valorant-masters-london-2026-ubqf,Valorant Masters London 2026
VIT,Jamppi,Kayo,1.09,0.79,1.61,166.0,117.0,252.0,11.0,4.0,7.0,10.0,7.0,3.0,10.0,6.0,4.0,1.0,-3.0,4.0,0.74,0.67,0.86,112.0,75.0,174.0,0.34,0.2,0.5,0.0,0.0,0.0,1.0,1.0,0.0,-1.0,-1.0,0.0,Breeze,267807,40:32,2026-06-12 12:00:00,https://www.vlr.gg/670467/team-heretics-vs-team-vitality-valorant-masters-london-2026-ubqf,Valorant Masters London 2026
VIT,Sayonara,Sova,0.97,0.76,1.33,149.0,138.0,169.0,11.0,6.0,5.0,11.0,9.0,2.0,5.0,4.0,1.0,0.0,-3.0,3.0,0.68,0.58,0.86,114.0,101.0,137.0,0.4,0.43,0.36,0.0,0.0,0.0,0.0,0.0,0.0,0.0,0.0,0.0,Breeze,267807,40:32,2026-06-12 12:00:00,https://www.vlr.gg/670467/team-heretics-vs-team-vitality-valorant-masters-london-2026-ubqf,Valorant Masters London 2026
TH,koshmaras,Neon,1.0,0.93,1.05,222.0,223.0,223.0,28.0,10.0,18.0,30.0,13.0,17.0,7.0,5.0,2.0,-2.0,-3.0,1.0,0.64,0.73,0.58,147.0,157.0,140.0,0.29,0.24,0.32,6.0,3.0,3.0,8.0,4.0,4.0,-2.0,-1.0,-1.0,all,all,all,2026-06-12 12:00:00,https://www.vlr.gg/670467/team-heretics-vs-team-vitality-valorant-masters-london-2026-ubqf,Valorant Masters London 2026
TH,Wo0t,Chamber,0.8,0.68,0.87,193.0,174.0,204.0,26.0,9.0,17.0,31.0,14.0,17.0,3.0,1.0,2.0,-5.0,-5.0,0.0,0.64,0.67,0.63,125.0,136.0,117.0,0.21,0.21,0.2,4.0,1.0,3.0,7.0,2.0,5.0,-3.0,-1.0,-2.0,all,all,all,2026-06-12 12:00:00,https://www.vlr.gg/670467/team-heretics-vs-team-vitality-valorant-masters-london-2026-ubqf,Valorant Masters London 2026
TH,Boo,Sage,0.79,0.8,0.79,158.0,168.0,150.0,21.0,9.0,12.0,29.0,12.0,17.0,6.0,2.0,4.0,-8.0,-3.0,-5.0,0.59,0.53,0.63,101.0,114.0,92.0,0.46,0.53,0.42,0.0,0.0,0.0,1.0,1.0,0.0,-1.0,-1.0,0.0,all,all,all,2026-06-12 12:00:00,https://www.vlr.gg/670467/team-heretics-vs-team-vitality-valorant-masters-london-2026-ubqf,Valorant Masters London 2026
TH,RieNs,Sova,0.7,0.39,0.93,156.0,112.0,185.0,20.0,6.0,14.0,29.0,13.0,16.0,9.0,3.0,6.0,-9.0,-7.0,-2.0,0.51,0.4,0.58,97.0,58.0,121.0,0.32,0.46,0.28,2.0,0.0,2.0,5.0,2.0,3.0,-3.0,-2.0,-1.0,all,all,all,2026-06-12 12:00:00,https://www.vlr.gg/670467/team-heretics-vs-team-vitality-valorant-masters-london-2026-ubqf,Valorant Masters London 2026
TH,benjyfishy,Viper,0.65,0.68,0.63,156.0,161.0,155.0,20.0,8.0,12.0,32.0,13.0,19.0,6.0,1.0,5.0,-12.0,-5.0,-7.0,0.62,0.53,0.67,104.0,105.0,103.0,0.43,0.47,0.4,3.0,1.0,2.0,3.0,1.0,2.0,0.0,0.0,0.0,all,all,all,2026-06-12 12:00:00,https://www.vlr.gg/670467/team-heretics-vs-team-vitality-valorant-masters-london-2026-ubqf,Valorant Masters London 2026
VIT,Derke,Jett,1.57,1.3,1.99,329.0,283.0,404.0,44.0,22.0,22.0,26.0,16.0,10.0,12.0,7.0,5.0,18.0,6.0,12.0,0.77,0.71,0.87,214.0,173.0,279.0,0.18,0.14,0.23,11.0,8.0,3.0,4.0,4.0,0.0,7.0,4.0,3.0,all,all,all,2026-06-12 12:00:00,https://www.vlr.gg/670467/team-heretics-vs-team-vitality-valorant-masters-london-2026-ubqf,Valorant Masters London 2026
VIT,PROFEK,Harbor,1.21,1.26,1.14,177.0,186.0,164.0,27.0,17.0,10.0,22.0,14.0,8.0,20.0,14.0,6.0,5.0,3.0,2.0,0.74,0.71,0.8,116.0,116.0,115.0,0.21,0.22,0.18,5.0,2.0,3.0,2.0,1.0,1.0,3.0,1.0,2.0,all,all,all,2026-06-12 12:00:00,https://www.vlr.gg/670467/team-heretics-vs-team-vitality-valorant-masters-london-2026-ubqf,Valorant Masters London 2026
VIT,Chronicle,Viper,1.16,1.17,1.16,251.0,242.0,266.0,33.0,21.0,12.0,24.0,14.0,10.0,10.0,4.0,6.0,9.0,7.0,2.0,0.74,0.75,0.73,163.0,150.0,182.0,0.19,0.17,0.21,6.0,3.0,3.0,4.0,1.0,3.0,2.0,2.0,0.0,all,all,all,2026-06-12 12:00:00,https://www.vlr.gg/670467/team-heretics-vs-team-vitality-valorant-masters-london-2026-ubqf,Valorant Masters London 2026
VIT,Jamppi,Kayo,1.03,0.89,1.24,152.0,141.0,169.0,22.0,13.0,9.0,20.0,14.0,6.0,19.0,9.0,10.0,2.0,-1.0,3.0,0.79,0.75,0.87,98.0,85.0,119.0,0.25,0.18,0.35,0.0,0.0,0.0,3.0,3.0,0.0,-3.0,-3.0,0.0,all,all,all,2026-06-12 12:00:00,https://www.vlr.gg/670467/team-heretics-vs-team-vitality-valorant-masters-london-2026-ubqf,Valorant Masters London 2026
VIT,Sayonara,Sova,1.02,0.9,1.2,172.0,154.0,203.0,25.0,13.0,12.0,23.0,15.0,8.0,12.0,9.0,3.0,2.0,-2.0,4.0,0.67,0.63,0.73,123.0,114.0,139.0,0.31,0.32,0.3,2.0,1.0,1.0,2.0,1.0,1.0,0.0,0.0,0.0,all,all,all,2026-06-12 12:00:00,https://www.vlr.gg/670467/team-heretics-vs-team-vitality-valorant-masters-london-2026-ubqf,Valorant Masters London 2026
TH,koshmaras,Neon,1.18,1.35,1.07,246.0,308.0,206.0,16.0,7.0,9.0,16.0,7.0,9.0,5.0,4.0,1.0,0.0,0.0,0.0,0.7,0.88,0.58,163.0,219.0,126.0,0.22,0.22,0.23,4.0,3.0,1.0,2.0,1.0,1.0,2.0,2.0,0.0,Lotus,267808,45:54,2026-06-12 12:00:00,https://www.vlr.gg/670467/team-heretics-vs-team-vitality-valorant-masters-london-2026-ubqf,Valorant Masters London 2026
TH,benjyfishy,Vyse,0.84,1.13,0.64,174.0,201.0,157.0,12.0,6.0,6.0,16.0,5.0,11.0,4.0,1.0,3.0,-4.0,1.0,-5.0,0.7,0.75,0.67,116.0,131.0,106.0,0.39,0.45,0.35,3.0,1.0,2.0,2.0,0.0,2.0,1.0,1.0,0.0,Lotus,267808,45:54,2026-06-12 12:00:00,https://www.vlr.gg/670467/team-heretics-vs-team-vitality-valorant-masters-london-2026-ubqf,Valorant Masters London 2026
TH,Wo0t,Raze,0.74,0.47,0.93,177.0,143.0,200.0,13.0,4.0,9.0,16.0,7.0,9.0,1.0,1.0,0.0,-3.0,-3.0,0.0,0.65,0.63,0.67,116.0,112.0,120.0,0.2,0.06,0.3,2.0,0.0,2.0,3.0,2.0,1.0,-1.0,-2.0,1.0,Lotus,267808,45:54,2026-06-12 12:00:00,https://www.vlr.gg/670467/team-heretics-vs-team-vitality-valorant-masters-london-2026-ubqf,Valorant Masters London 2026
TH,RieNs,Fade,0.71,0.71,0.72,162.0,186.0,147.0,11.0,6.0,5.0,15.0,6.0,9.0,6.0,2.0,4.0,-4.0,0.0,-4.0,0.6,0.63,0.58,88.0,86.0,89.0,0.46,0.86,0.29,2.0,0.0,2.0,1.0,0.0,1.0,1.0,0.0,1.0,Lotus,267808,45:54,2026-06-12 12:00:00,https://www.vlr.gg/670467/team-heretics-vs-team-vitality-valorant-masters-london-2026-ubqf,Valorant Masters London 2026
TH,Boo,Omen,0.62,0.63,0.61,128.0,126.0,129.0,8.0,4.0,4.0,15.0,6.0,9.0,4.0,1.0,3.0,-7.0,-2.0,-5.0,0.5,0.5,0.5,88.0,85.0,90.0,0.36,0.38,0.35,0.0,0.0,0.0,1.0,1.0,0.0,-1.0,-1.0,0.0,Lotus,267808,45:54,2026-06-12 12:00:00,https://www.vlr.gg/670467/team-heretics-vs-team-vitality-valorant-masters-london-2026-ubqf,Valorant Masters London 2026
VIT,Derke,Raze,1.46,1.07,2.06,339.0,254.0,468.0,23.0,10.0,13.0,16.0,9.0,7.0,7.0,4.0,3.0,7.0,1.0,6.0,0.75,0.75,0.75,212.0,152.0,303.0,0.14,0.05,0.24,3.0,2.0,1.0,3.0,3.0,0.0,0.0,-1.0,1.0,Lotus,267808,45:54,2026-06-12 12:00:00,https://www.vlr.gg/670467/team-heretics-vs-team-vitality-valorant-masters-london-2026-ubqf,Valorant Masters London 2026
VIT,PROFEK,Omen,1.29,1.38,1.15,179.0,193.0,159.0,13.0,7.0,6.0,11.0,6.0,5.0,12.0,10.0,2.0,2.0,1.0,1.0,0.75,0.75,0.75,124.0,130.0,114.0,0.22,0.16,0.33,2.0,1.0,1.0,1.0,0.0,1.0,1.0,1.0,0.0,Lotus,267808,45:54,2026-06-12 12:00:00,https://www.vlr.gg/670467/team-heretics-vs-team-vitality-valorant-masters-london-2026-ubqf,Valorant Masters London 2026
VIT,Chronicle,Vyse,1.13,1.52,0.54,241.0,291.0,168.0,17.0,14.0,3.0,11.0,5.0,6.0,3.0,1.0,2.0,6.0,9.0,-3.0,0.75,0.92,0.5,159.0,176.0,134.0,0.26,0.21,0.42,2.0,1.0,1.0,3.0,1.0,2.0,-1.0,0.0,-1.0,Lotus,267808,45:54,2026-06-12 12:00:00,https://www.vlr.gg/670467/team-heretics-vs-team-vitality-valorant-masters-london-2026-ubqf,Valorant Masters London 2026
VIT,Sayonara,Viper,1.07,1.04,1.1,195.0,170.0,233.0,14.0,7.0,7.0,12.0,6.0,6.0,7.0,5.0,2.0,2.0,1.0,1.0,0.65,0.67,0.63,132.0,127.0,140.0,0.26,0.25,0.26,2.0,1.0,1.0,2.0,1.0,1.0,0.0,0.0,0.0,Lotus,267808,45:54,2026-06-12 12:00:00,https://www.vlr.gg/670467/team-heretics-vs-team-vitality-valorant-masters-london-2026-ubqf,Valorant Masters London 2026
VIT,Jamppi,Fade,0.96,0.98,0.92,137.0,165.0,97.0,11.0,9.0,2.0,10.0,7.0,3.0,9.0,3.0,6.0,1.0,2.0,-1.0,0.85,0.83,0.88,85.0,96.0,70.0,0.14,0.16,0.11,0.0,0.0,0.0,2.0,2.0,0.0,-2.0,-2.0,0.0,Lotus,267808,45:54,2026-06-12 12:00:00,https://www.vlr.gg/670467/team-heretics-vs-team-vitality-valorant-masters-london-2026-ubqf,Valorant Masters London 2026
EDG,ZmjjKK,Waylay,1.06,1.8,0.76,207.0,329.0,157.0,14.0,7.0,7.0,12.0,3.0,9.0,2.0,1.0,1.0,2.0,4.0,-2.0,0.71,1.0,0.58,123.0,171.0,103.0,0.25,0.21,0.3,1.0,0.0,1.0,1.0,0.0,1.0,0.0,0.0,0.0,Haven,267801,35:37,2026-06-13 10:00:00,https://www.vlr.gg/670465/edward-gaming-vs-fut-esports-valorant-masters-london-2026-ubqf,Valorant Masters London 2026
EDG,Smoggy,Raze,0.86,0.55,0.99,240.0,217.0,250.0,12.0,2.0,10.0,14.0,5.0,9.0,8.0,3.0,5.0,-2.0,-3.0,1.0,0.94,0.8,1.0,176.0,167.0,180.0,0.19,0.12,0.24,2.0,0.0,2.0,0.0,0.0,0.0,2.0,0.0,2.0,Haven,267801,35:37,2026-06-13 10:00:00,https://www.vlr.gg/670465/edward-gaming-vs-fut-esports-valorant-masters-london-2026-ubqf,Valorant Masters London 2026
EDG,CHICHOO,Omen,0.84,0.61,0.94,131.0,91.0,148.0,8.0,1.0,7.0,11.0,3.0,8.0,2.0,1.0,1.0,-3.0,-2.0,-1.0,0.53,0.6,0.5,93.0,63.0,106.0,0.29,0.4,0.26,2.0,0.0,2.0,2.0,2.0,0.0,0.0,-2.0,2.0,Haven,267801,35:37,2026-06-13 10:00:00,https://www.vlr.gg/670465/edward-gaming-vs-fut-esports-valorant-masters-london-2026-ubqf,Valorant Masters London 2026
EDG,nobody,Skye,0.61,1.05,0.43,149.0,255.0,105.0,9.0,5.0,4.0,13.0,4.0,9.0,2.0,2.0,0.0,-4.0,1.0,-5.0,0.59,0.6,0.58,78.0,123.0,59.0,0.38,0.67,0.2,2.0,1.0,1.0,3.0,1.0,2.0,-1.0,0.0,-1.0,Haven,267801,35:37,2026-06-13 10:00:00,https://www.vlr.gg/670465/edward-gaming-vs-fut-esports-valorant-masters-london-2026-ubqf,Valorant Masters London 2026
EDG,Jieni7,Cypher,0.38,0.53,0.33,131.0,148.0,125.0,7.0,3.0,4.0,14.0,4.0,10.0,2.0,0.0,2.0,-7.0,-1.0,-6.0,0.53,0.6,0.5,96.0,106.0,91.0,0.34,0.22,0.4,1.0,0.0,1.0,3.0,1.0,2.0,-2.0,-1.0,-1.0,Haven,267801,35:37,2026-06-13 10:00:00,https://www.vlr.gg/670465/edward-gaming-vs-fut-esports-valorant-masters-london-2026-ubqf,Valorant Masters London 2026
FUT,sociablEE,Omen,1.6,1.84,1.03,240.0,297.0,105.0,15.0,13.0,2.0,7.0,4.0,3.0,6.0,2.0,4.0,8.0,9.0,-1.0,0.94,1.0,0.8,175.0,206.0,101.0,0.33,0.42,0.08,1.0,1.0,0.0,0.0,0.0,0.0,1.0,1.0,0.0,Haven,267801,35:37,2026-06-13 10:00:00,https://www.vlr.gg/670465/edward-gaming-vs-fut-esports-valorant-masters-london-2026-ubqf,Valorant Masters London 2026
FUT,s0pp,Jett,1.41,0.96,2.49,319.0,240.0,511.0,21.0,11.0,10.0,14.0,11.0,3.0,2.0,1.0,1.0,7.0,0.0,7.0,0.82,0.75,1.0,199.0,143.0,334.0,0.5,0.5,0.5,5.0,3.0,2.0,3.0,3.0,0.0,2.0,0.0,2.0,Haven,267801,35:37,2026-06-13 10:00:00,https://www.vlr.gg/670465/edward-gaming-vs-fut-esports-valorant-masters-london-2026-ubqf,Valorant Masters London 2026
FUT,xeus,Waylay,1.12,1.07,1.23,213.0,194.0,260.0,14.0,9.0,5.0,11.0,7.0,4.0,2.0,0.0,2.0,3.0,2.0,1.0,0.71,0.67,0.8,140.0,137.0,149.0,0.61,0.56,0.71,2.0,1.0,1.0,3.0,2.0,1.0,-1.0,-1.0,0.0,Haven,267801,35:37,2026-06-13 10:00:00,https://www.vlr.gg/670465/edward-gaming-vs-fut-esports-valorant-masters-london-2026-ubqf,Valorant Masters London 2026
FUT,yetujey,Cypher,1.0,1.1,0.77,162.0,177.0,126.0,9.0,7.0,2.0,9.0,6.0,3.0,4.0,4.0,0.0,0.0,1.0,-1.0,0.71,0.75,0.6,122.0,139.0,83.0,0.27,0.24,0.4,1.0,0.0,1.0,2.0,2.0,0.0,-1.0,-2.0,1.0,Haven,267801,35:37,2026-06-13 10:00:00,https://www.vlr.gg/670465/edward-gaming-vs-fut-esports-valorant-masters-london-2026-ubqf,Valorant Masters London 2026
FUT,KROSTALY,Sova,0.86,1.11,0.25,99.0,111.0,71.0,5.0,5.0,0.0,9.0,4.0,5.0,8.0,3.0,5.0,-4.0,1.0,-5.0,0.94,1.0,0.8,72.0,76.0,61.0,0.35,0.5,0.14,0.0,0.0,0.0,0.0,0.0,0.0,0.0,0.0,0.0,Haven,267801,35:37,2026-06-13 10:00:00,https://www.vlr.gg/670465/edward-gaming-vs-fut-esports-valorant-masters-london-2026-ubqf,Valorant Masters London 2026
EDG,ZmjjKK,Waylay,1.2,1.01,1.33,274.0,262.0,285.0,60.0,22.0,38.0,43.0,20.0,23.0,15.0,3.0,12.0,17.0,2.0,15.0,0.74,0.75,0.73,166.0,147.0,179.0,0.25,0.33,0.19,11.0,1.0,10.0,11.0,7.0,4.0,0.0,-6.0,6.0,all,all,all,2026-06-13 10:00:00,https://www.vlr.gg/670465/edward-gaming-vs-fut-esports-valorant-masters-london-2026-ubqf,Valorant Masters London 2026
EDG,CHICHOO,Omen,1.11,0.98,1.2,176.0,160.0,194.0,41.0,13.0,28.0,34.0,16.0,18.0,17.0,8.0,9.0,7.0,-3.0,10.0,0.67,0.54,0.76,124.0,113.0,131.0,0.26,0.22,0.28,4.0,0.0,4.0,5.0,4.0,1.0,-1.0,-4.0,3.0,all,all,all,2026-06-13 10:00:00,https://www.vlr.gg/670465/edward-gaming-vs-fut-esports-valorant-masters-london-2026-ubqf,Valorant Masters London 2026
EDG,nobody,Skye,0.95,0.76,1.07,204.0,170.0,221.0,44.0,14.0,30.0,43.0,20.0,23.0,17.0,9.0,8.0,1.0,-6.0,7.0,0.74,0.71,0.76,124.0,100.0,140.0,0.29,0.32,0.27,5.0,1.0,4.0,8.0,4.0,4.0,-3.0,-3.0,0.0,all,all,all,2026-06-13 10:00:00,https://www.vlr.gg/670465/edward-gaming-vs-fut-esports-valorant-masters-london-2026-ubqf,Valorant Masters London 2026
EDG,Jieni7,Cypher,0.94,1.13,0.82,172.0,192.0,166.0,40.0,18.0,22.0,40.0,16.0,24.0,16.0,8.0,8.0,0.0,2.0,-2.0,0.64,0.67,0.62,117.0,131.0,107.0,0.35,0.41,0.31,3.0,1.0,2.0,5.0,2.0,3.0,-2.0,-1.0,-1.0,all,all,all,2026-06-13 10:00:00,https://www.vlr.gg/670465/edward-gaming-vs-fut-esports-valorant-masters-london-2026-ubqf,Valorant Masters London 2026
EDG,Smoggy,Raze,0.9,0.97,0.85,196.0,225.0,182.0,39.0,17.0,22.0,46.0,21.0,25.0,25.0,9.0,16.0,-7.0,-4.0,-3.0,0.87,0.79,0.92,144.0,162.0,132.0,0.31,0.31,0.31,5.0,2.0,3.0,4.0,2.0,2.0,1.0,0.0,1.0,all,all,all,2026-06-13 10:00:00,https://www.vlr.gg/670465/edward-gaming-vs-fut-esports-valorant-masters-london-2026-ubqf,Valorant Masters London 2026
FUT,xeus,Waylay,1.12,1.04,1.24,219.0,216.0,246.0,51.0,29.0,22.0,45.0,29.0,16.0,10.0,4.0,6.0,6.0,0.0,6.0,0.7,0.7,0.71,145.0,138.0,156.0,0.41,0.39,0.44,12.0,6.0,6.0,6.0,4.0,2.0,6.0,2.0,4.0,all,all,all,2026-06-13 10:00:00,https://www.vlr.gg/670465/edward-gaming-vs-fut-esports-valorant-masters-london-2026-ubqf,Valorant Masters London 2026
FUT,s0pp,Jett,1.08,0.75,1.58,235.0,170.0,321.0,47.0,22.0,25.0,49.0,33.0,16.0,14.0,5.0,9.0,-2.0,-11.0,9.0,0.7,0.65,0.79,152.0,106.0,222.0,0.3,0.29,0.3,11.0,4.0,7.0,13.0,11.0,2.0,-2.0,-7.0,5.0,all,all,all,2026-06-13 10:00:00,https://www.vlr.gg/670465/edward-gaming-vs-fut-esports-valorant-masters-london-2026-ubqf,Valorant Masters London 2026
FUT,yetujey,Cypher,0.93,0.9,0.99,181.0,175.0,205.0,38.0,21.0,17.0,44.0,28.0,16.0,16.0,6.0,10.0,-6.0,-7.0,1.0,0.72,0.68,0.79,131.0,123.0,143.0,0.23,0.22,0.24,5.0,2.0,3.0,3.0,3.0,0.0,2.0,-1.0,3.0,all,all,all,2026-06-13 10:00:00,https://www.vlr.gg/670465/edward-gaming-vs-fut-esports-valorant-masters-london-2026-ubqf,Valorant Masters London 2026
FUT,KROSTALY,Sova,0.93,1.03,0.79,157.0,168.0,159.0,33.0,21.0,12.0,44.0,25.0,19.0,33.0,15.0,18.0,-11.0,-4.0,-7.0,0.8,0.81,0.79,110.0,107.0,113.0,0.41,0.4,0.41,1.0,0.0,1.0,0.0,0.0,0.0,1.0,0.0,1.0,all,all,all,2026-06-13 10:00:00,https://www.vlr.gg/670465/edward-gaming-vs-fut-esports-valorant-masters-london-2026-ubqf,Valorant Masters London 2026
FUT,sociablEE,Omen,0.91,0.89,0.94,186.0,168.0,189.0,37.0,20.0,17.0,42.0,25.0,17.0,18.0,10.0,8.0,-5.0,-5.0,0.0,0.7,0.7,0.71,118.0,113.0,127.0,0.26,0.32,0.19,4.0,2.0,2.0,6.0,5.0,1.0,-2.0,-3.0,1.0,all,all,all,2026-06-13 10:00:00,https://www.vlr.gg/670465/edward-gaming-vs-fut-esports-valorant-masters-london-2026-ubqf,Valorant Masters London 2026
EDG,CHICHOO,Astra,1.27,1.05,1.49,204.0,191.0,217.0,19.0,8.0,11.0,14.0,9.0,5.0,12.0,5.0,7.0,5.0,-1.0,6.0,0.69,0.54,0.85,136.0,122.0,149.0,0.23,0.17,0.29,0.0,0.0,0.0,2.0,1.0,1.0,-2.0,-1.0,-1.0,Pearl,267802,53:52,2026-06-13 10:00:00,https://www.vlr.gg/670465/edward-gaming-vs-fut-esports-valorant-masters-london-2026-ubqf,Valorant Masters London 2026
EDG,ZmjjKK,Jett,1.12,0.86,1.37,275.0,247.0,303.0,24.0,10.0,14.0,20.0,11.0,9.0,8.0,2.0,6.0,4.0,-1.0,5.0,0.77,0.77,0.77,174.0,138.0,210.0,0.24,0.33,0.14,3.0,0.0,3.0,6.0,4.0,2.0,-3.0,-4.0,1.0,Pearl,267802,53:52,2026-06-13 10:00:00,https://www.vlr.gg/670465/edward-gaming-vs-fut-esports-valorant-masters-london-2026-ubqf,Valorant Masters London 2026
EDG,Smoggy,Phoenix,1.06,1.21,0.91,222.0,263.0,181.0,19.0,12.0,7.0,19.0,11.0,8.0,10.0,4.0,6.0,0.0,1.0,-1.0,0.81,0.77,0.85,159.0,184.0,134.0,0.39,0.42,0.36,2.0,2.0,0.0,2.0,1.0,1.0,0.0,1.0,-1.0,Pearl,267802,53:52,2026-06-13 10:00:00,https://www.vlr.gg/670465/edward-gaming-vs-fut-esports-valorant-masters-london-2026-ubqf,Valorant Masters London 2026
EDG,Jieni7,Vyse,0.99,1.2,0.78,197.0,227.0,168.0,20.0,12.0,8.0,18.0,9.0,9.0,6.0,2.0,4.0,2.0,3.0,-1.0,0.62,0.69,0.54,132.0,147.0,117.0,0.37,0.45,0.29,2.0,1.0,1.0,2.0,1.0,1.0,0.0,0.0,0.0,Pearl,267802,53:52,2026-06-13 10:00:00,https://www.vlr.gg/670465/edward-gaming-vs-fut-esports-valorant-masters-london-2026-ubqf,Valorant Masters London 2026
EDG,nobody,Fade,0.88,0.37,1.4,173.0,84.0,263.0,16.0,3.0,13.0,19.0,11.0,8.0,8.0,4.0,4.0,-3.0,-8.0,5.0,0.69,0.69,0.69,117.0,61.0,173.0,0.28,0.36,0.24,2.0,0.0,2.0,5.0,3.0,2.0,-3.0,-3.0,0.0,Pearl,267802,53:52,2026-06-13 10:00:00,https://www.vlr.gg/670465/edward-gaming-vs-fut-esports-valorant-masters-london-2026-ubqf,Valorant Masters London 2026
FUT,xeus,Jett,1.33,1.47,1.18,284.0,341.0,227.0,26.0,15.0,11.0,19.0,11.0,8.0,5.0,3.0,2.0,7.0,4.0,3.0,0.73,0.85,0.62,168.0,195.0,140.0,0.39,0.4,0.38,9.0,5.0,4.0,2.0,1.0,1.0,7.0,4.0,3.0,Pearl,267802,53:52,2026-06-13 10:00:00,https://www.vlr.gg/670465/edward-gaming-vs-fut-esports-valorant-masters-london-2026-ubqf,Valorant Masters London 2026
FUT,KROSTALY,Kayo,1.13,1.13,1.14,204.0,207.0,202.0,18.0,9.0,9.0,19.0,10.0,9.0,19.0,10.0,9.0,-1.0,-1.0,0.0,0.81,0.85,0.77,134.0,124.0,144.0,0.45,0.45,0.46,1.0,0.0,1.0,0.0,0.0,0.0,1.0,0.0,1.0,Pearl,267802,53:52,2026-06-13 10:00:00,https://www.vlr.gg/670465/edward-gaming-vs-fut-esports-valorant-masters-london-2026-ubqf,Valorant Masters London 2026
FUT,yetujey,Astra,1.07,0.96,1.18,221.0,190.0,254.0,20.0,8.0,12.0,19.0,10.0,9.0,7.0,0.0,7.0,1.0,-2.0,3.0,0.77,0.69,0.85,159.0,132.0,185.0,0.19,0.16,0.21,1.0,0.0,1.0,0.0,0.0,0.0,1.0,0.0,1.0,Pearl,267802,53:52,2026-06-13 10:00:00,https://www.vlr.gg/670465/edward-gaming-vs-fut-esports-valorant-masters-london-2026-ubqf,Valorant Masters London 2026
FUT,s0pp,Chamber,0.96,0.51,1.41,200.0,124.0,276.0,16.0,5.0,11.0,21.0,12.0,9.0,7.0,2.0,5.0,-5.0,-7.0,2.0,0.77,0.77,0.77,132.0,83.0,181.0,0.12,0.1,0.14,4.0,1.0,3.0,4.0,3.0,1.0,0.0,-2.0,2.0,Pearl,267802,53:52,2026-06-13 10:00:00,https://www.vlr.gg/670465/edward-gaming-vs-fut-esports-valorant-masters-london-2026-ubqf,Valorant Masters London 2026
FUT,sociablEE,Fade,0.5,0.3,0.7,113.0,50.0,177.0,10.0,2.0,8.0,20.0,10.0,10.0,8.0,5.0,3.0,-10.0,-8.0,-2.0,0.62,0.62,0.62,77.0,31.0,123.0,0.32,0.5,0.29,2.0,1.0,1.0,3.0,2.0,1.0,-1.0,-1.0,0.0,Pearl,267802,53:52,2026-06-13 10:00:00,https://www.vlr.gg/670465/edward-gaming-vs-fut-esports-valorant-masters-london-2026-ubqf,Valorant Masters London 2026
EDG,ZmjjKK,Neon,1.46,0.66,1.86,340.0,237.0,392.0,22.0,5.0,17.0,11.0,6.0,5.0,5.0,0.0,5.0,11.0,-1.0,12.0,0.72,0.5,0.83,196.0,147.0,221.0,0.27,0.45,0.19,7.0,1.0,6.0,4.0,3.0,1.0,3.0,-2.0,5.0,Fracture,267803,34:55,2026-06-13 10:00:00,https://www.vlr.gg/670465/edward-gaming-vs-fut-esports-valorant-masters-london-2026-ubqf,Valorant Masters London 2026
EDG,Jieni7,Brimstone,1.39,1.46,1.36,187.0,152.0,205.0,13.0,3.0,10.0,8.0,3.0,5.0,8.0,6.0,2.0,5.0,0.0,5.0,0.78,0.67,0.83,115.0,118.0,113.0,0.31,0.5,0.25,0.0,0.0,0.0,0.0,0.0,0.0,0.0,0.0,0.0,Fracture,267803,34:55,2026-06-13 10:00:00,https://www.vlr.gg/670465/edward-gaming-vs-fut-esports-valorant-masters-london-2026-ubqf,Valorant Masters London 2026
EDG,nobody,Fade,1.35,1.37,1.34,289.0,285.0,292.0,19.0,6.0,13.0,11.0,5.0,6.0,7.0,3.0,4.0,8.0,1.0,7.0,0.94,0.83,1.0,177.0,164.0,184.0,0.26,0.14,0.33,1.0,0.0,1.0,0.0,0.0,0.0,1.0,0.0,1.0,Fracture,267803,34:55,2026-06-13 10:00:00,https://www.vlr.gg/670465/edward-gaming-vs-fut-esports-valorant-masters-london-2026-ubqf,Valorant Masters London 2026
EDG,CHICHOO,Cypher,1.14,1.12,1.16,192.0,149.0,213.0,14.0,4.0,10.0,9.0,4.0,5.0,3.0,2.0,1.0,5.0,0.0,5.0,0.78,0.5,0.92,136.0,138.0,136.0,0.28,0.27,0.28,2.0,0.0,2.0,1.0,1.0,0.0,1.0,-1.0,2.0,Fracture,267803,34:55,2026-06-13 10:00:00,https://www.vlr.gg/670465/edward-gaming-vs-fut-esports-valorant-masters-london-2026-ubqf,Valorant Masters London 2026
EDG,Smoggy,Phoenix,0.7,0.78,0.66,126.0,148.0,115.0,8.0,3.0,5.0,13.0,5.0,8.0,7.0,2.0,5.0,-5.0,-2.0,-3.0,0.89,0.83,0.92,91.0,112.0,80.0,0.47,0.57,0.4,1.0,0.0,1.0,2.0,1.0,1.0,-1.0,-1.0,0.0,Fracture,267803,34:55,2026-06-13 10:00:00,https://www.vlr.gg/670465/edward-gaming-vs-fut-esports-valorant-masters-london-2026-ubqf,Valorant Masters London 2026
FUT,s0pp,Jett,0.92,0.79,1.19,186.0,150.0,260.0,10.0,6.0,4.0,14.0,10.0,4.0,5.0,2.0,3.0,-4.0,-4.0,0.0,0.5,0.42,0.67,134.0,94.0,215.0,0.3,0.33,0.27,2.0,0.0,2.0,6.0,5.0,1.0,-4.0,-5.0,1.0,Fracture,267803,34:55,2026-06-13 10:00:00,https://www.vlr.gg/670465/edward-gaming-vs-fut-esports-valorant-masters-london-2026-ubqf,Valorant Masters London 2026
FUT,sociablEE,Brimstone,0.87,0.6,1.41,206.0,167.0,287.0,12.0,5.0,7.0,15.0,11.0,4.0,4.0,3.0,1.0,-3.0,-6.0,3.0,0.61,0.5,0.83,124.0,108.0,157.0,0.14,0.16,0.12,1.0,0.0,1.0,3.0,3.0,0.0,-2.0,-3.0,1.0,Fracture,267803,34:55,2026-06-13 10:00:00,https://www.vlr.gg/670465/edward-gaming-vs-fut-esports-valorant-masters-london-2026-ubqf,Valorant Masters London 2026
FUT,xeus,Raze,0.82,0.55,1.37,160.0,103.0,276.0,11.0,5.0,6.0,15.0,11.0,4.0,3.0,1.0,2.0,-4.0,-6.0,2.0,0.67,0.58,0.83,117.0,77.0,195.0,0.3,0.2,0.4,1.0,0.0,1.0,1.0,1.0,0.0,0.0,-1.0,1.0,Fracture,267803,34:55,2026-06-13 10:00:00,https://www.vlr.gg/670465/edward-gaming-vs-fut-esports-valorant-masters-london-2026-ubqf,Valorant Masters London 2026
FUT,KROSTALY,Fade,0.71,0.83,0.49,167.0,182.0,140.0,10.0,7.0,3.0,16.0,11.0,5.0,6.0,2.0,4.0,-6.0,-4.0,-2.0,0.67,0.58,0.83,110.0,121.0,88.0,0.38,0.32,0.5,0.0,0.0,0.0,0.0,0.0,0.0,0.0,0.0,0.0,Fracture,267803,34:55,2026-06-13 10:00:00,https://www.vlr.gg/670465/edward-gaming-vs-fut-esports-valorant-masters-london-2026-ubqf,Valorant Masters London 2026
FUT,yetujey,Cypher,0.67,0.62,0.77,159.0,157.0,164.0,9.0,6.0,3.0,16.0,12.0,4.0,5.0,2.0,3.0,-7.0,-6.0,-1.0,0.67,0.58,0.83,99.0,97.0,103.0,0.3,0.33,0.25,3.0,2.0,1.0,1.0,1.0,0.0,2.0,1.0,1.0,Fracture,267803,34:55,2026-06-13 10:00:00,https://www.vlr.gg/670465/edward-gaming-vs-fut-esports-valorant-masters-london-2026-ubqf,Valorant Masters London 2026
G2,leaf,Viper,1.63,1.52,1.7,277.0,233.0,307.0,19.0,6.0,13.0,12.0,4.0,8.0,9.0,5.0,4.0,7.0,2.0,5.0,0.9,1.0,0.83,195.0,179.0,206.0,0.45,0.47,0.44,0.0,0.0,0.0,1.0,1.0,0.0,-1.0,-1.0,0.0,Lotus,267798,49:23,2026-06-13 13:00:00,https://www.vlr.gg/670464/g2-esports-vs-xi-lai-gaming-valorant-masters-london-2026-ubqf,Valorant Masters London 2026
G2,BABYBAY,Vyse,1.57,1.48,1.62,291.0,260.0,312.0,19.0,7.0,12.0,9.0,3.0,6.0,5.0,2.0,3.0,10.0,4.0,6.0,0.9,0.88,0.92,186.0,142.0,216.0,0.28,0.11,0.41,3.0,1.0,2.0,1.0,1.0,0.0,2.0,0.0,2.0,Lotus,267798,49:23,2026-06-13 13:00:00,https://www.vlr.gg/670464/g2-esports-vs-xi-lai-gaming-valorant-masters-london-2026-ubqf,Valorant Masters London 2026
G2,jawgemo,Raze,1.16,1.65,0.84,187.0,277.0,127.0,14.0,10.0,4.0,11.0,4.0,7.0,6.0,1.0,5.0,3.0,6.0,-3.0,0.85,1.0,0.75,134.0,185.0,100.0,0.24,0.37,0.13,1.0,0.0,1.0,2.0,0.0,2.0,-1.0,0.0,-1.0,Lotus,267798,49:23,2026-06-13 13:00:00,https://www.vlr.gg/670464/g2-esports-vs-xi-lai-gaming-valorant-masters-london-2026-ubqf,Valorant Masters London 2026
G2,trent,Fade,1.01,0.93,1.06,190.0,179.0,199.0,13.0,5.0,8.0,13.0,5.0,8.0,7.0,2.0,5.0,0.0,0.0,0.0,0.8,1.0,0.67,139.0,143.0,136.0,0.38,0.53,0.3,2.0,1.0,1.0,2.0,1.0,1.0,0.0,0.0,0.0,Lotus,267798,49:23,2026-06-13 13:00:00,https://www.vlr.gg/670464/g2-esports-vs-xi-lai-gaming-valorant-masters-london-2026-ubqf,Valorant Masters London 2026
G2,valyn,Omen,1.0,1.21,0.85,201.0,221.0,188.0,17.0,7.0,10.0,13.0,4.0,9.0,5.0,4.0,1.0,4.0,3.0,1.0,0.8,0.88,0.75,139.0,162.0,124.0,0.28,0.44,0.19,2.0,1.0,1.0,6.0,2.0,4.0,-4.0,-1.0,-3.0,Lotus,267798,49:23,2026-06-13 13:00:00,https://www.vlr.gg/670464/g2-esports-vs-xi-lai-gaming-valorant-masters-london-2026-ubqf,Valorant Masters London 2026
XLG,happywei,Cypher,0.99,1.13,0.77,221.0,246.0,184.0,15.0,10.0,5.0,16.0,9.0,7.0,5.0,4.0,1.0,-1.0,1.0,-2.0,0.7,0.67,0.75,139.0,143.0,134.0,0.37,0.42,0.29,5.0,4.0,1.0,2.0,1.0,1.0,3.0,3.0,0.0,Lotus,267798,49:23,2026-06-13 13:00:00,https://www.vlr.gg/670464/g2-esports-vs-xi-lai-gaming-valorant-masters-london-2026-ubqf,Valorant Masters London 2026
XLG,Lysoar,Omen,0.96,1.26,0.52,238.0,282.0,173.0,18.0,13.0,5.0,18.0,10.0,8.0,3.0,2.0,1.0,0.0,3.0,-3.0,0.65,0.67,0.63,162.0,182.0,131.0,0.41,0.52,0.25,2.0,1.0,1.0,0.0,0.0,0.0,2.0,1.0,1.0,Lotus,267798,49:23,2026-06-13 13:00:00,https://www.vlr.gg/670464/g2-esports-vs-xi-lai-gaming-valorant-masters-london-2026-ubqf,Valorant Masters London 2026
XLG,WsLeo,Fade,0.65,0.49,0.88,163.0,134.0,207.0,11.0,5.0,6.0,18.0,10.0,8.0,6.0,5.0,1.0,-7.0,-5.0,-2.0,0.75,0.75,0.75,110.0,96.0,131.0,0.24,0.26,0.21,2.0,0.0,2.0,3.0,2.0,1.0,-1.0,-2.0,1.0,Lotus,267798,49:23,2026-06-13 13:00:00,https://www.vlr.gg/670464/g2-esports-vs-xi-lai-gaming-valorant-masters-london-2026-ubqf,Valorant Masters London 2026
XLG,Rarga,Sage,0.59,0.4,0.87,107.0,95.0,127.0,8.0,4.0,4.0,16.0,10.0,6.0,5.0,3.0,2.0,-8.0,-6.0,-2.0,0.55,0.5,0.63,68.0,62.0,78.0,0.35,0.4,0.31,3.0,2.0,1.0,3.0,2.0,1.0,0.0,0.0,0.0,Lotus,267798,49:23,2026-06-13 13:00:00,https://www.vlr.gg/670464/g2-esports-vs-xi-lai-gaming-valorant-masters-london-2026-ubqf,Valorant Masters London 2026
XLG,NoMan,Deadlock,0.55,0.8,0.17,98.0,150.0,21.0,6.0,6.0,0.0,14.0,8.0,6.0,3.0,2.0,1.0,-8.0,-2.0,-6.0,0.55,0.67,0.38,69.0,101.0,21.0,0.27,0.35,0.0,0.0,0.0,0.0,0.0,0.0,0.0,0.0,0.0,0.0,Lotus,267798,49:23,2026-06-13 13:00:00,https://www.vlr.gg/670464/g2-esports-vs-xi-lai-gaming-valorant-masters-london-2026-ubqf,Valorant Masters London 2026
G2,leaf,Viper,1.17,1.03,1.34,223.0,174.0,274.0,43.0,18.0,25.0,43.0,22.0,21.0,18.0,11.0,7.0,0.0,-4.0,4.0,0.76,0.78,0.74,146.0,120.0,176.0,0.39,0.44,0.34,5.0,2.0,3.0,8.0,5.0,3.0,-3.0,-3.0,0.0,all,all,all,2026-06-13 13:00:00,https://www.vlr.gg/670464/g2-esports-vs-xi-lai-gaming-valorant-masters-london-2026-ubqf,Valorant Masters London 2026
G2,BABYBAY,Vyse,1.09,0.95,1.25,215.0,178.0,275.0,43.0,19.0,24.0,42.0,23.0,19.0,12.0,8.0,4.0,1.0,-4.0,5.0,0.69,0.72,0.67,145.0,113.0,182.0,0.28,0.17,0.38,7.0,4.0,3.0,7.0,5.0,2.0,0.0,-1.0,1.0,all,all,all,2026-06-13 13:00:00,https://www.vlr.gg/670464/g2-esports-vs-xi-lai-gaming-valorant-masters-london-2026-ubqf,Valorant Masters London 2026
G2,trent,Fade,1.04,1.07,1.0,196.0,185.0,208.0,38.0,20.0,18.0,43.0,22.0,21.0,19.0,10.0,9.0,-5.0,-2.0,-3.0,0.76,0.84,0.67,145.0,147.0,144.0,0.32,0.28,0.38,5.0,3.0,2.0,5.0,4.0,1.0,0.0,-1.0,1.0,all,all,all,2026-06-13 13:00:00,https://www.vlr.gg/670464/g2-esports-vs-xi-lai-gaming-valorant-masters-london-2026-ubqf,Valorant Masters London 2026
G2,jawgemo,Raze,0.92,1.1,0.73,173.0,208.0,136.0,35.0,25.0,10.0,42.0,23.0,19.0,14.0,5.0,9.0,-7.0,2.0,-9.0,0.71,0.72,0.7,122.0,139.0,103.0,0.2,0.27,0.13,4.0,1.0,3.0,8.0,5.0,3.0,-4.0,-4.0,0.0,all,all,all,2026-06-13 13:00:00,https://www.vlr.gg/670464/g2-esports-vs-xi-lai-gaming-valorant-masters-london-2026-ubqf,Valorant Masters London 2026
G2,valyn,Omen,0.91,1.11,0.68,182.0,208.0,142.0,41.0,24.0,17.0,42.0,21.0,21.0,12.0,9.0,3.0,-1.0,3.0,-4.0,0.69,0.75,0.63,119.0,140.0,94.0,0.28,0.32,0.24,3.0,1.0,2.0,7.0,2.0,5.0,-4.0,-1.0,-3.0,all,all,all,2026-06-13 13:00:00,https://www.vlr.gg/670464/g2-esports-vs-xi-lai-gaming-valorant-masters-london-2026-ubqf,Valorant Masters London 2026
XLG,happywei,Cypher,1.22,1.23,1.2,245.0,235.0,252.0,50.0,22.0,28.0,40.0,18.0,22.0,24.0,11.0,13.0,10.0,4.0,6.0,0.78,0.74,0.81,166.0,153.0,177.0,0.32,0.36,0.3,11.0,5.0,6.0,5.0,4.0,1.0,6.0,1.0,5.0,all,all,all,2026-06-13 13:00:00,https://www.vlr.gg/670464/g2-esports-vs-xi-lai-gaming-valorant-masters-london-2026-ubqf,Valorant Masters London 2026
XLG,Lysoar,Omen,1.06,1.06,1.05,218.0,217.0,223.0,52.0,23.0,29.0,40.0,19.0,21.0,11.0,7.0,4.0,12.0,4.0,8.0,0.73,0.67,0.78,137.0,125.0,147.0,0.29,0.33,0.26,5.0,1.0,4.0,1.0,1.0,0.0,4.0,0.0,4.0,all,all,all,2026-06-13 13:00:00,https://www.vlr.gg/670464/g2-esports-vs-xi-lai-gaming-valorant-masters-london-2026-ubqf,Valorant Masters London 2026
XLG,WsLeo,Fade,0.96,0.95,0.97,194.0,173.0,204.0,40.0,18.0,22.0,40.0,17.0,23.0,18.0,8.0,10.0,0.0,1.0,-1.0,0.76,0.78,0.75,125.0,117.0,131.0,0.24,0.27,0.22,7.0,3.0,4.0,4.0,3.0,1.0,3.0,0.0,3.0,all,all,all,2026-06-13 13:00:00,https://www.vlr.gg/670464/g2-esports-vs-xi-lai-gaming-valorant-masters-london-2026-ubqf,Valorant Masters London 2026
XLG,NoMan,Deadlock,0.92,1.33,0.58,177.0,278.0,91.0,36.0,25.0,11.0,38.0,19.0,19.0,12.0,8.0,4.0,-2.0,6.0,-8.0,0.71,0.81,0.63,114.0,176.0,62.0,0.25,0.3,0.13,3.0,2.0,1.0,6.0,1.0,5.0,-3.0,1.0,-4.0,all,all,all,2026-06-13 13:00:00,https://www.vlr.gg/670464/g2-esports-vs-xi-lai-gaming-valorant-masters-london-2026-ubqf,Valorant Masters London 2026
XLG,Rarga,Sage,0.72,0.47,0.94,163.0,130.0,186.0,34.0,13.0,21.0,42.0,21.0,21.0,9.0,3.0,6.0,-8.0,-8.0,0.0,0.61,0.52,0.69,107.0,87.0,124.0,0.29,0.45,0.21,9.0,3.0,6.0,8.0,4.0,4.0,1.0,-1.0,2.0,all,all,all,2026-06-13 13:00:00,https://www.vlr.gg/670464/g2-esports-vs-xi-lai-gaming-valorant-masters-london-2026-ubqf,Valorant Masters London 2026
G2,leaf,Phoenix,1.14,0.96,1.57,240.0,186.0,370.0,14.0,8.0,6.0,14.0,9.0,5.0,4.0,2.0,2.0,0.0,-1.0,1.0,0.71,0.67,0.8,147.0,120.0,213.0,0.41,0.64,0.2,3.0,1.0,2.0,4.0,4.0,0.0,-1.0,-3.0,2.0,Ascent,267799,40:42,2026-06-13 13:00:00,https://www.vlr.gg/670464/g2-esports-vs-xi-lai-gaming-valorant-masters-london-2026-ubqf,Valorant Masters London 2026
G2,trent,Sova,1.08,1.36,0.38,208.0,242.0,127.0,11.0,10.0,1.0,14.0,9.0,5.0,4.0,2.0,2.0,-3.0,1.0,-4.0,0.76,0.83,0.6,165.0,188.0,108.0,0.23,0.19,0.5,1.0,1.0,0.0,0.0,0.0,0.0,1.0,1.0,0.0,Ascent,267799,40:42,2026-06-13 13:00:00,https://www.vlr.gg/670464/g2-esports-vs-xi-lai-gaming-valorant-masters-london-2026-ubqf,Valorant Masters London 2026
G2,valyn,Omen,1.07,1.32,0.45,226.0,263.0,140.0,13.0,10.0,3.0,14.0,9.0,5.0,5.0,4.0,1.0,-1.0,1.0,-2.0,0.65,0.67,0.6,148.0,184.0,61.0,0.32,0.29,0.5,1.0,0.0,1.0,0.0,0.0,0.0,1.0,0.0,1.0,Ascent,267799,40:42,2026-06-13 13:00:00,https://www.vlr.gg/670464/g2-esports-vs-xi-lai-gaming-valorant-masters-london-2026-ubqf,Valorant Masters London 2026
G2,jawgemo,Neon,0.58,0.83,0.03,142.0,164.0,90.0,7.0,6.0,1.0,15.0,10.0,5.0,3.0,2.0,1.0,-8.0,-4.0,-4.0,0.59,0.67,0.4,100.0,113.0,66.0,0.15,0.21,0.0,1.0,0.0,1.0,3.0,2.0,1.0,-2.0,-2.0,0.0,Ascent,267799,40:42,2026-06-13 13:00:00,https://www.vlr.gg/670464/g2-esports-vs-xi-lai-gaming-valorant-masters-london-2026-ubqf,Valorant Masters London 2026
G2,BABYBAY,Vyse,0.33,0.41,0.13,103.0,105.0,100.0,5.0,4.0,1.0,16.0,11.0,5.0,1.0,1.0,0.0,-11.0,-7.0,-4.0,0.47,0.58,0.2,78.0,75.0,85.0,0.37,0.33,0.43,2.0,2.0,0.0,2.0,2.0,0.0,0.0,0.0,0.0,Ascent,267799,40:42,2026-06-13 13:00:00,https://www.vlr.gg/670464/g2-esports-vs-xi-lai-gaming-valorant-masters-london-2026-ubqf,Valorant Masters London 2026
XLG,happywei,Cypher,1.4,1.85,1.21,257.0,294.0,242.0,15.0,5.0,10.0,10.0,2.0,8.0,11.0,5.0,6.0,5.0,3.0,2.0,0.76,0.8,0.75,196.0,206.0,192.0,0.23,0.18,0.25,1.0,0.0,1.0,1.0,1.0,0.0,0.0,-1.0,1.0,Ascent,267799,40:42,2026-06-13 13:00:00,https://www.vlr.gg/670464/g2-esports-vs-xi-lai-gaming-valorant-masters-london-2026-ubqf,Valorant Masters London 2026
XLG,Lysoar,Omen,1.28,1.37,1.24,187.0,181.0,190.0,15.0,4.0,11.0,7.0,2.0,5.0,6.0,5.0,1.0,8.0,2.0,6.0,0.82,0.8,0.83,117.0,79.0,132.0,0.23,0.07,0.32,2.0,0.0,2.0,1.0,1.0,0.0,1.0,-1.0,2.0,Ascent,267799,40:42,2026-06-13 13:00:00,https://www.vlr.gg/670464/g2-esports-vs-xi-lai-gaming-valorant-masters-london-2026-ubqf,Valorant Masters London 2026
XLG,WsLeo,Sova,1.27,2.4,0.8,259.0,351.0,222.0,17.0,8.0,9.0,11.0,1.0,10.0,7.0,1.0,6.0,6.0,7.0,-1.0,0.82,1.0,0.75,163.0,218.0,140.0,0.27,0.24,0.3,2.0,1.0,1.0,0.0,0.0,0.0,2.0,1.0,1.0,Ascent,267799,40:42,2026-06-13 13:00:00,https://www.vlr.gg/670464/g2-esports-vs-xi-lai-gaming-valorant-masters-london-2026-ubqf,Valorant Masters London 2026
XLG,NoMan,Jett,1.21,1.82,0.95,223.0,335.0,177.0,13.0,5.0,8.0,10.0,3.0,7.0,5.0,3.0,2.0,3.0,2.0,1.0,0.82,1.0,0.75,163.0,248.0,128.0,0.46,0.82,0.24,1.0,0.0,1.0,4.0,1.0,3.0,-3.0,-1.0,-2.0,Ascent,267799,40:42,2026-06-13 13:00:00,https://www.vlr.gg/670464/g2-esports-vs-xi-lai-gaming-valorant-masters-london-2026-ubqf,Valorant Masters London 2026
XLG,Rarga,Phoenix,0.93,0.45,1.13,227.0,166.0,254.0,13.0,3.0,10.0,12.0,4.0,8.0,4.0,0.0,4.0,1.0,-1.0,2.0,0.65,0.4,0.75,154.0,96.0,178.0,0.27,0.57,0.22,3.0,0.0,3.0,2.0,1.0,1.0,1.0,-1.0,2.0,Ascent,267799,40:42,2026-06-13 13:00:00,https://www.vlr.gg/670464/g2-esports-vs-xi-lai-gaming-valorant-masters-london-2026-ubqf,Valorant Masters London 2026
G2,BABYBAY,Vyse,1.24,1.15,1.36,251.0,198.0,316.0,19.0,8.0,11.0,17.0,9.0,8.0,6.0,5.0,1.0,2.0,-1.0,3.0,0.68,0.75,0.6,159.0,133.0,190.0,0.25,0.17,0.33,2.0,1.0,1.0,4.0,2.0,2.0,-2.0,-1.0,-1.0,Split,267800,51:24,2026-06-13 13:00:00,https://www.vlr.gg/670464/g2-esports-vs-xi-lai-gaming-valorant-masters-london-2026-ubqf,Valorant Masters London 2026
G2,trent,Fade,1.04,0.88,1.25,189.0,132.0,259.0,14.0,5.0,9.0,16.0,8.0,8.0,8.0,6.0,2.0,-2.0,-3.0,1.0,0.73,0.75,0.7,136.0,108.0,170.0,0.35,0.23,0.48,2.0,1.0,1.0,3.0,3.0,0.0,-1.0,-2.0,1.0,Split,267800,51:24,2026-06-13 13:00:00,https://www.vlr.gg/670464/g2-esports-vs-xi-lai-gaming-valorant-masters-london-2026-ubqf,Valorant Masters London 2026
G2,jawgemo,Raze,0.97,1.0,0.94,189.0,205.0,171.0,14.0,9.0,5.0,16.0,9.0,7.0,5.0,2.0,3.0,-2.0,0.0,-2.0,0.68,0.58,0.8,129.0,133.0,125.0,0.22,0.25,0.18,2.0,1.0,1.0,3.0,3.0,0.0,-1.0,-2.0,1.0,Split,267800,51:24,2026-06-13 13:00:00,https://www.vlr.gg/670464/g2-esports-vs-xi-lai-gaming-valorant-masters-london-2026-ubqf,Valorant Masters London 2026
G2,leaf,Viper,0.79,0.78,0.79,151.0,123.0,185.0,10.0,4.0,6.0,17.0,9.0,8.0,5.0,4.0,1.0,-7.0,-5.0,-2.0,0.68,0.75,0.6,99.0,80.0,122.0,0.26,0.21,0.29,2.0,1.0,1.0,3.0,0.0,3.0,-1.0,1.0,-2.0,Split,267800,51:24,2026-06-13 13:00:00,https://www.vlr.gg/670464/g2-esports-vs-xi-lai-gaming-valorant-masters-london-2026-ubqf,Valorant Masters London 2026
G2,valyn,Astra,0.72,0.83,0.58,118.0,144.0,87.0,11.0,7.0,4.0,15.0,8.0,7.0,2.0,1.0,1.0,-4.0,-1.0,-3.0,0.64,0.75,0.5,79.0,82.0,75.0,0.24,0.27,0.21,0.0,0.0,0.0,1.0,0.0,1.0,-1.0,0.0,-1.0,Split,267800,51:24,2026-06-13 13:00:00,https://www.vlr.gg/670464/g2-esports-vs-xi-lai-gaming-valorant-masters-london-2026-ubqf,Valorant Masters London 2026
XLG,happywei,Viper,1.29,1.05,1.49,256.0,193.0,309.0,20.0,7.0,13.0,14.0,7.0,7.0,8.0,2.0,6.0,6.0,0.0,6.0,0.86,0.8,0.92,167.0,140.0,190.0,0.4,0.47,0.37,5.0,1.0,4.0,2.0,2.0,0.0,3.0,-1.0,4.0,Split,267800,51:24,2026-06-13 13:00:00,https://www.vlr.gg/670464/g2-esports-vs-xi-lai-gaming-valorant-masters-london-2026-ubqf,Valorant Masters London 2026
XLG,NoMan,Raze,1.05,1.71,0.49,210.0,402.0,51.0,17.0,14.0,3.0,14.0,8.0,6.0,4.0,3.0,1.0,3.0,6.0,-3.0,0.77,0.9,0.67,117.0,229.0,24.0,0.15,0.17,0.0,2.0,2.0,0.0,2.0,0.0,2.0,0.0,2.0,-2.0,Split,267800,51:24,2026-06-13 13:00:00,https://www.vlr.gg/670464/g2-esports-vs-xi-lai-gaming-valorant-masters-london-2026-ubqf,Valorant Masters London 2026
XLG,WsLeo,Skye,1.01,0.77,1.21,161.0,132.0,185.0,12.0,5.0,7.0,11.0,6.0,5.0,5.0,2.0,3.0,1.0,-1.0,2.0,0.73,0.7,0.75,109.0,91.0,124.0,0.22,0.3,0.16,3.0,2.0,1.0,1.0,1.0,0.0,2.0,1.0,1.0,Split,267800,51:24,2026-06-13 13:00:00,https://www.vlr.gg/670464/g2-esports-vs-xi-lai-gaming-valorant-masters-london-2026-ubqf,Valorant Masters London 2026
XLG,Lysoar,Omen,0.97,0.68,1.22,228.0,158.0,288.0,19.0,6.0,13.0,15.0,7.0,8.0,2.0,0.0,2.0,4.0,-1.0,5.0,0.73,0.6,0.83,131.0,80.0,174.0,0.23,0.25,0.22,1.0,0.0,1.0,0.0,0.0,0.0,1.0,0.0,1.0,Split,267800,51:24,2026-06-13 13:00:00,https://www.vlr.gg/670464/g2-esports-vs-xi-lai-gaming-valorant-masters-london-2026-ubqf,Valorant Masters London 2026
XLG,Rarga,Waylay,0.69,0.56,0.8,155.0,153.0,158.0,13.0,6.0,7.0,14.0,7.0,7.0,0.0,0.0,0.0,-1.0,-1.0,0.0,0.64,0.6,0.67,105.0,112.0,99.0,0.26,0.43,0.08,3.0,1.0,2.0,3.0,1.0,2.0,0.0,0.0,0.0,Split,267800,51:24,2026-06-13 13:00:00,https://www.vlr.gg/670464/g2-esports-vs-xi-lai-gaming-valorant-masters-london-2026-ubqf,Valorant Masters London 2026
LEV,spike,Neon,1.77,2.21,1.63,298.0,379.0,272.0,18.0,6.0,12.0,6.0,1.0,5.0,4.0,2.0,2.0,12.0,5.0,7.0,0.88,1.0,0.83,205.0,206.0,204.0,0.21,0.14,0.26,2.0,0.0,2.0,1.0,0.0,1.0,1.0,0.0,1.0,Split,267827,30:03,2026-06-14 10:00:00,https://www.vlr.gg/670473/leviat-n-vs-team-heretics-valorant-masters-london-2026-lr1,Valorant Masters London 2026
LEV,blowz,Fade,1.59,2.55,1.27,211.0,292.0,185.0,12.0,4.0,8.0,4.0,0.0,4.0,7.0,5.0,2.0,8.0,4.0,4.0,0.94,1.0,0.92,132.0,220.0,102.0,0.26,0.33,0.22,3.0,0.0,3.0,1.0,0.0,1.0,2.0,0.0,2.0,Split,267827,30:03,2026-06-14 10:00:00,https://www.vlr.gg/670473/leviat-n-vs-team-heretics-valorant-masters-london-2026-lr1,Valorant Masters London 2026
LEV,Sato,Phoenix,1.43,1.65,1.36,273.0,296.0,266.0,18.0,5.0,13.0,7.0,1.0,6.0,6.0,1.0,5.0,11.0,4.0,7.0,0.81,0.75,0.83,180.0,208.0,171.0,0.34,0.33,0.34,1.0,1.0,0.0,1.0,1.0,0.0,0.0,0.0,0.0,Split,267827,30:03,2026-06-14 10:00:00,https://www.vlr.gg/670473/leviat-n-vs-team-heretics-valorant-masters-london-2026-lr1,Valorant Masters London 2026
LEV,Neon,Omen,1.35,1.37,1.35,186.0,134.0,204.0,11.0,2.0,9.0,4.0,1.0,3.0,7.0,3.0,4.0,7.0,1.0,6.0,0.94,1.0,0.92,114.0,59.0,132.0,0.57,0.2,0.69,3.0,1.0,2.0,0.0,0.0,0.0,3.0,1.0,2.0,Split,267827,30:03,2026-06-14 10:00:00,https://www.vlr.gg/670473/leviat-n-vs-team-heretics-valorant-masters-london-2026-lr1,Valorant Masters London 2026
LEV,kiNgg,Viper,1.18,1.3,1.14,224.0,200.0,233.0,12.0,3.0,9.0,7.0,1.0,6.0,6.0,1.0,5.0,5.0,2.0,3.0,0.81,0.75,0.83,150.0,157.0,148.0,0.19,0.57,0.1,2.0,0.0,2.0,2.0,1.0,1.0,0.0,-1.0,1.0,Split,267827,30:03,2026-06-14 10:00:00,https://www.vlr.gg/670473/leviat-n-vs-team-heretics-valorant-masters-london-2026-lr1,Valorant Masters London 2026
TH,benjyfishy,Vyse,1.07,1.46,0.02,225.0,295.0,15.0,11.0,11.0,0.0,13.0,9.0,4.0,2.0,2.0,0.0,-2.0,2.0,-4.0,0.5,0.67,0.0,158.0,205.0,15.0,0.27,0.29,0.0,0.0,0.0,0.0,1.0,1.0,0.0,-1.0,-1.0,0.0,Split,267827,30:03,2026-06-14 10:00:00,https://www.vlr.gg/670473/leviat-n-vs-team-heretics-valorant-masters-london-2026-lr1,Valorant Masters London 2026
TH,koshmaras,Neon,0.46,0.37,0.72,117.0,99.0,171.0,5.0,3.0,2.0,15.0,11.0,4.0,3.0,3.0,0.0,-10.0,-8.0,-2.0,0.38,0.42,0.25,74.0,65.0,101.0,0.14,0.15,0.11,3.0,2.0,1.0,4.0,4.0,0.0,-1.0,-2.0,1.0,Split,267827,30:03,2026-06-14 10:00:00,https://www.vlr.gg/670473/leviat-n-vs-team-heretics-valorant-masters-london-2026-lr1,Valorant Masters London 2026
TH,RieNs,Fade,0.45,0.55,0.14,106.0,108.0,102.0,5.0,4.0,1.0,15.0,11.0,4.0,3.0,3.0,0.0,-10.0,-7.0,-3.0,0.5,0.58,0.25,68.0,66.0,74.0,0.35,0.45,0.17,0.0,0.0,0.0,1.0,0.0,1.0,-1.0,0.0,-1.0,Split,267827,30:03,2026-06-14 10:00:00,https://www.vlr.gg/670473/leviat-n-vs-team-heretics-valorant-masters-london-2026-lr1,Valorant Masters London 2026
TH,Boo,Astra,0.44,0.61,0.02,73.0,78.0,62.0,3.0,3.0,0.0,13.0,9.0,4.0,3.0,3.0,0.0,-10.0,-6.0,-4.0,0.38,0.5,0.0,52.0,49.0,62.0,0.13,0.25,0.0,0.0,0.0,0.0,2.0,1.0,1.0,-2.0,-1.0,-1.0,Split,267827,30:03,2026-06-14 10:00:00,https://www.vlr.gg/670473/leviat-n-vs-team-heretics-valorant-masters-london-2026-lr1,Valorant Masters London 2026
TH,Wo0t,Raze,0.27,0.26,0.3,92.0,94.0,90.0,4.0,3.0,1.0,15.0,11.0,4.0,0.0,0.0,0.0,-11.0,-8.0,-3.0,0.31,0.33,0.25,76.0,82.0,56.0,0.26,0.26,0.25,2.0,1.0,1.0,3.0,3.0,0.0,-1.0,-2.0,1.0,Split,267827,30:03,2026-06-14 10:00:00,https://www.vlr.gg/670473/leviat-n-vs-team-heretics-valorant-masters-london-2026-lr1,Valorant Masters London 2026
LEV,Neon,Omen,1.36,1.02,1.57,234.0,215.0,257.0,50.0,17.0,33.0,30.0,16.0,14.0,17.0,7.0,10.0,20.0,1.0,19.0,0.75,0.7,0.78,151.0,134.0,161.0,0.32,0.34,0.31,11.0,5.0,6.0,6.0,2.0,4.0,5.0,3.0,2.0,all,all,all,2026-06-14 10:00:00,https://www.vlr.gg/670473/leviat-n-vs-team-heretics-valorant-masters-london-2026-lr1,Valorant Masters London 2026
LEV,Sato,Phoenix,1.34,1.44,1.29,273.0,266.0,271.0,60.0,24.0,36.0,36.0,13.0,23.0,15.0,4.0,11.0,24.0,11.0,13.0,0.76,0.74,0.78,174.0,182.0,169.0,0.25,0.32,0.21,11.0,5.0,6.0,5.0,2.0,3.0,6.0,3.0,3.0,all,all,all,2026-06-14 10:00:00,https://www.vlr.gg/670473/leviat-n-vs-team-heretics-valorant-masters-london-2026-lr1,Valorant Masters London 2026
LEV,spike,Neon,1.16,1.15,1.16,230.0,221.0,225.0,48.0,18.0,30.0,36.0,13.0,23.0,17.0,9.0,8.0,12.0,5.0,7.0,0.71,0.7,0.72,146.0,130.0,155.0,0.2,0.21,0.19,5.0,2.0,3.0,5.0,3.0,2.0,0.0,-1.0,1.0,all,all,all,2026-06-14 10:00:00,https://www.vlr.gg/670473/leviat-n-vs-team-heretics-valorant-masters-london-2026-lr1,Valorant Masters London 2026
LEV,blowz,Fade,1.07,1.1,1.05,178.0,145.0,190.0,35.0,11.0,24.0,31.0,12.0,19.0,25.0,13.0,12.0,4.0,-1.0,5.0,0.8,0.78,0.81,106.0,102.0,109.0,0.29,0.24,0.32,5.0,1.0,4.0,4.0,1.0,3.0,1.0,0.0,1.0,all,all,all,2026-06-14 10:00:00,https://www.vlr.gg/670473/leviat-n-vs-team-heretics-valorant-masters-london-2026-lr1,Valorant Masters London 2026
LEV,kiNgg,Viper,0.94,1.12,0.83,166.0,156.0,161.0,33.0,15.0,18.0,34.0,11.0,23.0,20.0,5.0,15.0,-1.0,4.0,-5.0,0.78,0.74,0.81,104.0,109.0,100.0,0.23,0.37,0.16,4.0,1.0,3.0,3.0,1.0,2.0,1.0,0.0,1.0,all,all,all,2026-06-14 10:00:00,https://www.vlr.gg/670473/leviat-n-vs-team-heretics-valorant-masters-london-2026-lr1,Valorant Masters London 2026
TH,benjyfishy,Vyse,1.05,1.12,0.96,198.0,203.0,189.0,39.0,25.0,14.0,41.0,25.0,16.0,13.0,8.0,5.0,-2.0,0.0,-2.0,0.71,0.72,0.7,130.0,135.0,123.0,0.35,0.35,0.34,2.0,0.0,2.0,3.0,2.0,1.0,-1.0,-2.0,1.0,all,all,all,2026-06-14 10:00:00,https://www.vlr.gg/670473/leviat-n-vs-team-heretics-valorant-masters-london-2026-lr1,Valorant Masters London 2026
TH,RieNs,Fade,0.93,0.97,0.86,186.0,218.0,154.0,39.0,26.0,13.0,46.0,30.0,16.0,14.0,11.0,3.0,-7.0,-4.0,-3.0,0.68,0.72,0.61,121.0,142.0,90.0,0.37,0.39,0.33,4.0,3.0,1.0,3.0,1.0,2.0,1.0,2.0,-1.0,all,all,all,2026-06-14 10:00:00,https://www.vlr.gg/670473/leviat-n-vs-team-heretics-valorant-masters-london-2026-lr1,Valorant Masters London 2026
TH,koshmaras,Neon,0.9,0.83,1.01,187.0,180.0,218.0,37.0,22.0,15.0,46.0,29.0,17.0,10.0,5.0,5.0,-9.0,-7.0,-2.0,0.63,0.58,0.7,132.0,119.0,153.0,0.21,0.19,0.24,12.0,7.0,5.0,11.0,9.0,2.0,1.0,-2.0,3.0,all,all,all,2026-06-14 10:00:00,https://www.vlr.gg/670473/leviat-n-vs-team-heretics-valorant-masters-london-2026-lr1,Valorant Masters London 2026
TH,Boo,Astra,0.65,0.67,0.64,115.0,109.0,145.0,25.0,13.0,12.0,45.0,26.0,19.0,23.0,16.0,7.0,-20.0,-13.0,-7.0,0.63,0.69,0.52,76.0,71.0,85.0,0.23,0.29,0.18,1.0,1.0,0.0,8.0,2.0,6.0,-7.0,-1.0,-6.0,all,all,all,2026-06-14 10:00:00,https://www.vlr.gg/670473/leviat-n-vs-team-heretics-valorant-masters-london-2026-lr1,Valorant Masters London 2026
TH,Wo0t,Raze,0.59,0.5,0.72,136.0,139.0,152.0,27.0,16.0,11.0,48.0,31.0,17.0,9.0,4.0,5.0,-21.0,-15.0,-6.0,0.53,0.53,0.52,104.0,101.0,108.0,0.23,0.26,0.2,4.0,3.0,1.0,11.0,8.0,3.0,-7.0,-5.0,-2.0,all,all,all,2026-06-14 10:00:00,https://www.vlr.gg/670473/leviat-n-vs-team-heretics-valorant-masters-london-2026-lr1,Valorant Masters London 2026
LEV,Neon,Jett,1.27,1.0,1.54,276.0,264.0,290.0,23.0,10.0,13.0,18.0,10.0,8.0,3.0,2.0,1.0,5.0,0.0,5.0,0.63,0.58,0.67,170.0,163.0,177.0,0.37,0.5,0.25,5.0,3.0,2.0,4.0,2.0,2.0,1.0,1.0,0.0,Lotus,267828,50:15,2026-06-14 10:00:00,https://www.vlr.gg/670473/leviat-n-vs-team-heretics-valorant-masters-london-2026-lr1,Valorant Masters London 2026
LEV,Sato,Raze,1.01,0.93,1.09,220.0,184.0,258.0,19.0,8.0,11.0,19.0,8.0,11.0,3.0,2.0,1.0,0.0,0.0,0.0,0.71,0.58,0.83,146.0,129.0,164.0,0.22,0.37,0.13,6.0,2.0,4.0,2.0,1.0,1.0,4.0,1.0,3.0,Lotus,267828,50:15,2026-06-14 10:00:00,https://www.vlr.gg/670473/leviat-n-vs-team-heretics-valorant-masters-london-2026-lr1,Valorant Masters London 2026
LEV,spike,Omen,0.97,1.07,0.87,192.0,221.0,165.0,16.0,9.0,7.0,17.0,8.0,9.0,9.0,5.0,4.0,-1.0,1.0,-2.0,0.58,0.58,0.58,116.0,125.0,106.0,0.21,0.32,0.11,1.0,1.0,0.0,2.0,2.0,0.0,-1.0,-1.0,0.0,Lotus,267828,50:15,2026-06-14 10:00:00,https://www.vlr.gg/670473/leviat-n-vs-team-heretics-valorant-masters-london-2026-lr1,Valorant Masters London 2026
LEV,blowz,Skye,0.75,0.65,0.85,131.0,79.0,184.0,10.0,3.0,7.0,17.0,8.0,9.0,11.0,5.0,6.0,-7.0,-5.0,-2.0,0.75,0.67,0.83,94.0,58.0,130.0,0.38,0.33,0.41,0.0,0.0,0.0,2.0,1.0,1.0,-2.0,-1.0,-1.0,Lotus,267828,50:15,2026-06-14 10:00:00,https://www.vlr.gg/670473/leviat-n-vs-team-heretics-valorant-masters-london-2026-lr1,Valorant Masters London 2026
LEV,kiNgg,Vyse,0.71,0.73,0.69,114.0,88.0,142.0,9.0,4.0,5.0,17.0,7.0,10.0,5.0,2.0,3.0,-8.0,-3.0,-5.0,0.75,0.75,0.75,82.0,65.0,99.0,0.25,0.33,0.21,1.0,0.0,1.0,1.0,0.0,1.0,0.0,0.0,0.0,Lotus,267828,50:15,2026-06-14 10:00:00,https://www.vlr.gg/670473/leviat-n-vs-team-heretics-valorant-masters-london-2026-lr1,Valorant Masters London 2026
TH,koshmaras,Neon,1.25,1.12,1.39,234.0,216.0,253.0,20.0,10.0,10.0,14.0,8.0,6.0,2.0,1.0,1.0,6.0,2.0,4.0,0.79,0.75,0.83,163.0,150.0,176.0,0.24,0.18,0.31,5.0,2.0,3.0,4.0,2.0,2.0,1.0,0.0,1.0,Lotus,267828,50:15,2026-06-14 10:00:00,https://www.vlr.gg/670473/leviat-n-vs-team-heretics-valorant-masters-london-2026-lr1,Valorant Masters London 2026
TH,benjyfishy,Vyse,1.16,0.81,1.51,204.0,134.0,274.0,17.0,6.0,11.0,14.0,8.0,6.0,8.0,5.0,3.0,3.0,-2.0,5.0,0.88,0.92,0.83,131.0,88.0,174.0,0.32,0.26,0.36,2.0,0.0,2.0,1.0,1.0,0.0,1.0,-1.0,2.0,Lotus,267828,50:15,2026-06-14 10:00:00,https://www.vlr.gg/670473/leviat-n-vs-team-heretics-valorant-masters-london-2026-lr1,Valorant Masters London 2026
TH,RieNs,Fade,1.05,1.18,0.92,209.0,295.0,123.0,19.0,13.0,6.0,16.0,10.0,6.0,8.0,6.0,2.0,3.0,3.0,0.0,0.79,0.83,0.75,128.0,186.0,70.0,0.4,0.45,0.29,2.0,1.0,1.0,0.0,0.0,0.0,2.0,1.0,1.0,Lotus,267828,50:15,2026-06-14 10:00:00,https://www.vlr.gg/670473/leviat-n-vs-team-heretics-valorant-masters-london-2026-lr1,Valorant Masters London 2026
TH,Boo,Omen,0.97,1.04,0.89,177.0,176.0,179.0,15.0,7.0,8.0,16.0,7.0,9.0,13.0,8.0,5.0,-1.0,0.0,-1.0,0.79,0.83,0.75,113.0,123.0,102.0,0.3,0.32,0.29,1.0,1.0,0.0,3.0,0.0,3.0,-2.0,1.0,-3.0,Lotus,267828,50:15,2026-06-14 10:00:00,https://www.vlr.gg/670473/leviat-n-vs-team-heretics-valorant-masters-london-2026-lr1,Valorant Masters London 2026
TH,Wo0t,Raze,0.89,0.93,0.85,200.0,245.0,157.0,17.0,11.0,6.0,17.0,10.0,7.0,4.0,1.0,3.0,0.0,1.0,-1.0,0.63,0.67,0.58,140.0,154.0,126.0,0.26,0.33,0.19,1.0,1.0,0.0,5.0,4.0,1.0,-4.0,-3.0,-1.0,Lotus,267828,50:15,2026-06-14 10:00:00,https://www.vlr.gg/670473/leviat-n-vs-team-heretics-valorant-masters-london-2026-lr1,Valorant Masters London 2026
LEV,Sato,Phoenix,1.7,2.19,1.41,326.0,390.0,290.0,23.0,11.0,12.0,10.0,4.0,6.0,6.0,1.0,5.0,13.0,7.0,6.0,0.79,1.0,0.67,204.0,259.0,171.0,0.22,0.29,0.17,4.0,2.0,2.0,2.0,0.0,2.0,2.0,2.0,0.0,Ascent,273204,41:49,2026-06-14 10:00:00,https://www.vlr.gg/670473/leviat-n-vs-team-heretics-valorant-masters-london-2026-lr1,Valorant Masters London 2026
LEV,Neon,Chamber,1.48,0.87,1.84,240.0,177.0,278.0,16.0,5.0,11.0,8.0,5.0,3.0,7.0,2.0,5.0,8.0,0.0,8.0,0.74,0.71,0.75,157.0,127.0,175.0,0.09,0.14,0.06,3.0,1.0,2.0,2.0,0.0,2.0,1.0,1.0,0.0,Ascent,273204,41:49,2026-06-14 10:00:00,https://www.vlr.gg/670473/leviat-n-vs-team-heretics-valorant-masters-london-2026-lr1,Valorant Masters London 2026
LEV,blowz,Sova,1.04,1.03,1.04,191.0,176.0,201.0,13.0,4.0,9.0,10.0,4.0,6.0,7.0,3.0,4.0,3.0,0.0,3.0,0.74,0.86,0.67,100.0,112.0,94.0,0.23,0.08,0.33,2.0,1.0,1.0,1.0,0.0,1.0,1.0,1.0,0.0,Ascent,273204,41:49,2026-06-14 10:00:00,https://www.vlr.gg/670473/leviat-n-vs-team-heretics-valorant-masters-london-2026-lr1,Valorant Masters London 2026
LEV,kiNgg,Omen,1.03,1.68,0.65,160.0,248.0,109.0,12.0,8.0,4.0,10.0,3.0,7.0,9.0,2.0,7.0,2.0,5.0,-3.0,0.79,0.71,0.83,93.0,158.0,55.0,0.26,0.32,0.2,1.0,1.0,0.0,0.0,0.0,0.0,1.0,1.0,0.0,Ascent,273204,41:49,2026-06-14 10:00:00,https://www.vlr.gg/670473/leviat-n-vs-team-heretics-valorant-masters-london-2026-lr1,Valorant Masters London 2026
LEV,spike,Neon,0.88,0.69,0.98,199.0,131.0,239.0,14.0,3.0,11.0,13.0,4.0,9.0,4.0,2.0,2.0,1.0,-1.0,2.0,0.74,0.71,0.75,133.0,96.0,156.0,0.17,0.14,0.18,2.0,1.0,1.0,2.0,1.0,1.0,0.0,0.0,0.0,Ascent,273204,41:49,2026-06-14 10:00:00,https://www.vlr.gg/670473/leviat-n-vs-team-heretics-valorant-masters-london-2026-lr1,Valorant Masters London 2026
TH,RieNs,Sova,1.19,1.19,1.18,244.0,251.0,235.0,15.0,9.0,6.0,15.0,9.0,6.0,3.0,2.0,1.0,0.0,0.0,0.0,0.68,0.75,0.57,158.0,173.0,132.0,0.34,0.27,0.44,2.0,2.0,0.0,2.0,1.0,1.0,0.0,1.0,-1.0,Ascent,273204,41:49,2026-06-14 10:00:00,https://www.vlr.gg/670473/leviat-n-vs-team-heretics-valorant-masters-london-2026-lr1,Valorant Masters London 2026
TH,benjyfishy,Cypher,0.9,1.1,0.56,164.0,179.0,141.0,11.0,8.0,3.0,14.0,8.0,6.0,3.0,1.0,2.0,-3.0,0.0,-3.0,0.68,0.58,0.86,107.0,112.0,98.0,0.5,0.62,0.36,0.0,0.0,0.0,1.0,0.0,1.0,-1.0,0.0,-1.0,Ascent,273204,41:49,2026-06-14 10:00:00,https://www.vlr.gg/670473/leviat-n-vs-team-heretics-valorant-masters-london-2026-lr1,Valorant Masters London 2026
TH,koshmaras,Neon,0.82,0.99,0.52,210.0,224.0,186.0,12.0,9.0,3.0,17.0,10.0,7.0,5.0,1.0,4.0,-5.0,-1.0,-4.0,0.63,0.58,0.71,143.0,142.0,144.0,0.2,0.22,0.19,4.0,3.0,1.0,3.0,3.0,0.0,1.0,0.0,1.0,Ascent,273204,41:49,2026-06-14 10:00:00,https://www.vlr.gg/670473/leviat-n-vs-team-heretics-valorant-masters-london-2026-lr1,Valorant Masters London 2026
TH,Wo0t,Jett,0.48,0.32,0.75,115.0,80.0,177.0,6.0,2.0,4.0,16.0,10.0,6.0,5.0,3.0,2.0,-10.0,-8.0,-2.0,0.58,0.58,0.57,81.0,66.0,107.0,0.15,0.13,0.2,1.0,1.0,0.0,3.0,1.0,2.0,-2.0,0.0,-2.0,Ascent,273204,41:49,2026-06-14 10:00:00,https://www.vlr.gg/670473/leviat-n-vs-team-heretics-valorant-masters-london-2026-lr1,Valorant Masters London 2026
TH,Boo,Omen,0.43,0.37,0.54,95.0,73.0,135.0,7.0,3.0,4.0,16.0,10.0,6.0,7.0,5.0,2.0,-9.0,-7.0,-2.0,0.63,0.75,0.43,50.0,39.0,68.0,0.15,0.25,0.08,0.0,0.0,0.0,3.0,1.0,2.0,-3.0,-1.0,-2.0,Ascent,273204,41:49,2026-06-14 10:00:00,https://www.vlr.gg/670473/leviat-n-vs-team-heretics-valorant-masters-london-2026-lr1,Valorant Masters London 2026
G2,trent,Sova,1.19,0.98,1.31,228.0,154.0,272.0,14.0,4.0,10.0,14.0,5.0,9.0,6.0,2.0,4.0,0.0,-1.0,1.0,0.79,0.71,0.83,148.0,110.0,171.0,0.21,0.22,0.21,1.0,0.0,1.0,0.0,0.0,0.0,1.0,0.0,1.0,Ascent,267824,45:06,2026-06-14 13:00:00,https://www.vlr.gg/670472/g2-esports-vs-fut-esports-valorant-masters-london-2026-lr1,Valorant Masters London 2026
G2,BABYBAY,Vyse,1.05,1.23,0.94,244.0,293.0,217.0,16.0,6.0,10.0,13.0,6.0,7.0,6.0,4.0,2.0,3.0,0.0,3.0,0.84,0.86,0.83,144.0,190.0,116.0,0.18,0.15,0.21,3.0,3.0,0.0,2.0,2.0,0.0,1.0,1.0,0.0,Ascent,267824,45:06,2026-06-14 13:00:00,https://www.vlr.gg/670472/g2-esports-vs-fut-esports-valorant-masters-london-2026-lr1,Valorant Masters London 2026
G2,leaf,Phoenix,0.95,0.41,1.26,234.0,105.0,310.0,14.0,3.0,11.0,17.0,7.0,10.0,8.0,2.0,6.0,-3.0,-4.0,1.0,0.79,0.71,0.83,155.0,79.0,199.0,0.38,0.5,0.35,2.0,1.0,1.0,1.0,0.0,1.0,1.0,1.0,0.0,Ascent,267824,45:06,2026-06-14 13:00:00,https://www.vlr.gg/670472/g2-esports-vs-fut-esports-valorant-masters-london-2026-lr1,Valorant Masters London 2026
G2,valyn,Omen,0.66,0.83,0.56,142.0,145.0,141.0,10.0,4.0,6.0,15.0,6.0,9.0,4.0,2.0,2.0,-5.0,-2.0,-3.0,0.58,0.71,0.5,101.0,114.0,93.0,0.35,0.56,0.27,2.0,0.0,2.0,4.0,0.0,4.0,-2.0,0.0,-2.0,Ascent,267824,45:06,2026-06-14 13:00:00,https://www.vlr.gg/670472/g2-esports-vs-fut-esports-valorant-masters-london-2026-lr1,Valorant Masters London 2026
G2,jawgemo,Waylay,0.6,1.08,0.32,136.0,227.0,84.0,10.0,7.0,3.0,16.0,5.0,11.0,2.0,0.0,2.0,-6.0,2.0,-8.0,0.47,0.57,0.42,83.0,124.0,60.0,0.35,0.54,0.15,3.0,1.0,2.0,1.0,0.0,1.0,2.0,1.0,1.0,Ascent,267824,45:06,2026-06-14 13:00:00,https://www.vlr.gg/670472/g2-esports-vs-fut-esports-valorant-masters-london-2026-lr1,Valorant Masters London 2026
FUT,yetujey,Cypher,1.56,1.21,2.16,332.0,296.0,395.0,24.0,14.0,10.0,14.0,10.0,4.0,4.0,2.0,2.0,10.0,4.0,6.0,0.79,0.75,0.86,221.0,184.0,283.0,0.3,0.36,0.24,2.0,2.0,0.0,1.0,1.0,0.0,1.0,1.0,0.0,Ascent,267824,45:06,2026-06-14 13:00:00,https://www.vlr.gg/670472/g2-esports-vs-fut-esports-valorant-masters-london-2026-lr1,Valorant Masters London 2026
FUT,sociablEE,Omen,1.36,1.6,0.93,250.0,278.0,204.0,18.0,13.0,5.0,11.0,6.0,5.0,6.0,4.0,2.0,7.0,7.0,0.0,0.84,0.92,0.71,153.0,172.0,121.0,0.33,0.28,0.43,3.0,1.0,2.0,2.0,0.0,2.0,1.0,1.0,0.0,Ascent,267824,45:06,2026-06-14 13:00:00,https://www.vlr.gg/670472/g2-esports-vs-fut-esports-valorant-masters-london-2026-lr1,Valorant Masters London 2026
FUT,KROSTALY,Sova,1.1,1.02,1.23,210.0,152.0,311.0,14.0,6.0,8.0,10.0,5.0,5.0,4.0,2.0,2.0,4.0,1.0,3.0,0.63,0.58,0.71,125.0,99.0,169.0,0.14,0.2,0.1,1.0,1.0,0.0,1.0,1.0,0.0,0.0,0.0,0.0,Ascent,267824,45:06,2026-06-14 13:00:00,https://www.vlr.gg/670472/g2-esports-vs-fut-esports-valorant-masters-london-2026-lr1,Valorant Masters London 2026
FUT,xeus,Sage,0.7,0.84,0.46,151.0,191.0,83.0,10.0,8.0,2.0,15.0,10.0,5.0,5.0,5.0,0.0,-5.0,-2.0,-3.0,0.63,0.67,0.57,101.0,126.0,57.0,0.31,0.36,0.14,1.0,1.0,0.0,2.0,1.0,1.0,-1.0,0.0,-1.0,Ascent,267824,45:06,2026-06-14 13:00:00,https://www.vlr.gg/670472/g2-esports-vs-fut-esports-valorant-masters-london-2026-lr1,Valorant Masters London 2026
FUT,s0pp,Jett,0.63,0.58,0.7,146.0,138.0,160.0,9.0,5.0,4.0,14.0,9.0,5.0,6.0,3.0,3.0,-5.0,-4.0,-1.0,0.63,0.58,0.71,116.0,108.0,129.0,0.2,0.18,0.25,1.0,1.0,0.0,5.0,3.0,2.0,-4.0,-2.0,-2.0,Ascent,267824,45:06,2026-06-14 13:00:00,https://www.vlr.gg/670472/g2-esports-vs-fut-esports-valorant-masters-london-2026-lr1,Valorant Masters London 2026
G2,trent,Sova,1.06,0.87,1.21,211.0,186.0,226.0,32.0,13.0,19.0,34.0,16.0,18.0,24.0,15.0,9.0,-2.0,-3.0,1.0,0.79,0.81,0.77,136.0,120.0,150.0,0.27,0.25,0.29,1.0,0.0,1.0,0.0,0.0,0.0,1.0,0.0,1.0,all,all,all,2026-06-14 13:00:00,https://www.vlr.gg/670472/g2-esports-vs-fut-esports-valorant-masters-london-2026-lr1,Valorant Masters London 2026
G2,leaf,Phoenix,1.03,1.0,1.05,220.0,205.0,228.0,34.0,16.0,18.0,36.0,15.0,21.0,13.0,3.0,10.0,-2.0,1.0,-3.0,0.7,0.57,0.81,143.0,128.0,156.0,0.27,0.26,0.28,6.0,2.0,4.0,7.0,4.0,3.0,-1.0,-2.0,1.0,all,all,all,2026-06-14 13:00:00,https://www.vlr.gg/670472/g2-esports-vs-fut-esports-valorant-masters-london-2026-lr1,Valorant Masters London 2026
G2,jawgemo,Waylay,0.96,1.11,0.84,189.0,237.0,169.0,33.0,19.0,14.0,35.0,15.0,20.0,10.0,3.0,7.0,-2.0,4.0,-6.0,0.64,0.76,0.54,127.0,144.0,114.0,0.26,0.33,0.2,7.0,2.0,5.0,4.0,3.0,1.0,3.0,-1.0,4.0,all,all,all,2026-06-14 13:00:00,https://www.vlr.gg/670472/g2-esports-vs-fut-esports-valorant-masters-london-2026-lr1,Valorant Masters London 2026
G2,valyn,Omen,0.9,0.9,0.9,181.0,197.0,182.0,31.0,15.0,16.0,36.0,18.0,18.0,14.0,8.0,6.0,-5.0,-3.0,-2.0,0.72,0.81,0.65,132.0,134.0,131.0,0.29,0.29,0.3,5.0,0.0,5.0,6.0,2.0,4.0,-1.0,-2.0,1.0,all,all,all,2026-06-14 13:00:00,https://www.vlr.gg/670472/g2-esports-vs-fut-esports-valorant-masters-london-2026-lr1,Valorant Masters London 2026
G2,BABYBAY,Vyse,0.77,0.79,0.75,207.0,223.0,183.0,31.0,15.0,16.0,36.0,18.0,18.0,15.0,8.0,7.0,-5.0,-3.0,-2.0,0.83,0.9,0.77,129.0,145.0,116.0,0.18,0.14,0.23,5.0,4.0,1.0,6.0,4.0,2.0,-1.0,0.0,-1.0,all,all,all,2026-06-14 13:00:00,https://www.vlr.gg/670472/g2-esports-vs-fut-esports-valorant-masters-london-2026-lr1,Valorant Masters London 2026
FUT,sociablEE,Omen,1.22,1.36,1.05,226.0,237.0,202.0,37.0,22.0,15.0,28.0,13.0,15.0,21.0,11.0,10.0,9.0,9.0,0.0,0.77,0.77,0.76,135.0,147.0,122.0,0.3,0.29,0.31,6.0,1.0,5.0,6.0,3.0,3.0,0.0,-2.0,2.0,all,all,all,2026-06-14 13:00:00,https://www.vlr.gg/670472/g2-esports-vs-fut-esports-valorant-masters-london-2026-lr1,Valorant Masters London 2026
FUT,yetujey,Cypher,1.12,1.02,1.24,233.0,224.0,201.0,37.0,20.0,17.0,32.0,19.0,13.0,11.0,7.0,4.0,5.0,1.0,4.0,0.77,0.73,0.81,152.0,152.0,151.0,0.3,0.32,0.27,2.0,2.0,0.0,2.0,1.0,1.0,0.0,1.0,-1.0,all,all,all,2026-06-14 13:00:00,https://www.vlr.gg/670472/g2-esports-vs-fut-esports-valorant-masters-london-2026-lr1,Valorant Masters London 2026
FUT,xeus,Sage,1.05,1.11,0.99,211.0,257.0,181.0,34.0,24.0,10.0,35.0,20.0,15.0,14.0,7.0,7.0,-1.0,4.0,-5.0,0.66,0.65,0.67,157.0,168.0,143.0,0.34,0.4,0.27,4.0,4.0,0.0,7.0,5.0,2.0,-3.0,-1.0,-2.0,all,all,all,2026-06-14 13:00:00,https://www.vlr.gg/670472/g2-esports-vs-fut-esports-valorant-masters-london-2026-lr1,Valorant Masters London 2026
FUT,s0pp,Jett,1.01,0.89,1.17,200.0,183.0,244.0,36.0,17.0,19.0,35.0,18.0,17.0,11.0,6.0,5.0,1.0,-1.0,2.0,0.68,0.62,0.76,137.0,120.0,158.0,0.27,0.25,0.28,6.0,2.0,4.0,8.0,6.0,2.0,-2.0,-4.0,2.0,all,all,all,2026-06-14 13:00:00,https://www.vlr.gg/670472/g2-esports-vs-fut-esports-valorant-masters-london-2026-lr1,Valorant Masters London 2026
FUT,KROSTALY,Sova,0.95,0.82,1.12,195.0,119.0,283.0,33.0,12.0,21.0,31.0,13.0,18.0,13.0,4.0,9.0,2.0,-1.0,3.0,0.64,0.58,0.71,120.0,83.0,166.0,0.21,0.2,0.23,5.0,1.0,4.0,1.0,1.0,0.0,4.0,0.0,4.0,all,all,all,2026-06-14 13:00:00,https://www.vlr.gg/670472/g2-esports-vs-fut-esports-valorant-masters-london-2026-lr1,Valorant Masters London 2026
G2,jawgemo,Raze,1.21,1.13,1.29,241.0,242.0,242.0,23.0,12.0,11.0,19.0,10.0,9.0,8.0,3.0,5.0,4.0,2.0,2.0,0.75,0.86,0.64,157.0,154.0,161.0,0.23,0.24,0.22,4.0,1.0,3.0,3.0,3.0,0.0,1.0,-2.0,3.0,Lotus,267825,1:16:29,2026-06-14 13:00:00,https://www.vlr.gg/670472/g2-esports-vs-fut-esports-valorant-masters-london-2026-lr1,Valorant Masters London 2026
G2,leaf,Viper,1.08,1.3,0.86,206.0,255.0,158.0,20.0,13.0,7.0,19.0,8.0,11.0,5.0,1.0,4.0,1.0,5.0,-4.0,0.64,0.5,0.79,135.0,152.0,118.0,0.2,0.2,0.21,4.0,1.0,3.0,6.0,4.0,2.0,-2.0,-3.0,1.0,Lotus,267825,1:16:29,2026-06-14 13:00:00,https://www.vlr.gg/670472/g2-esports-vs-fut-esports-valorant-masters-london-2026-lr1,Valorant Masters London 2026
G2,valyn,Omen,1.06,0.93,1.18,219.0,223.0,216.0,21.0,11.0,10.0,21.0,12.0,9.0,10.0,6.0,4.0,0.0,-1.0,1.0,0.82,0.86,0.79,153.0,143.0,162.0,0.26,0.21,0.31,3.0,0.0,3.0,2.0,2.0,0.0,1.0,-2.0,3.0,Lotus,267825,1:16:29,2026-06-14 13:00:00,https://www.vlr.gg/670472/g2-esports-vs-fut-esports-valorant-masters-london-2026-lr1,Valorant Masters London 2026
G2,trent,Fade,0.98,0.82,1.13,194.0,202.0,186.0,18.0,9.0,9.0,20.0,11.0,9.0,18.0,13.0,5.0,-2.0,-2.0,0.0,0.79,0.86,0.71,128.0,125.0,131.0,0.33,0.26,0.43,0.0,0.0,0.0,0.0,0.0,0.0,0.0,0.0,0.0,Lotus,267825,1:16:29,2026-06-14 13:00:00,https://www.vlr.gg/670472/g2-esports-vs-fut-esports-valorant-masters-london-2026-lr1,Valorant Masters London 2026
G2,BABYBAY,Vyse,0.57,0.57,0.58,170.0,187.0,154.0,15.0,9.0,6.0,23.0,12.0,11.0,9.0,4.0,5.0,-8.0,-3.0,-5.0,0.82,0.93,0.71,119.0,122.0,116.0,0.18,0.13,0.26,2.0,1.0,1.0,4.0,2.0,2.0,-2.0,-1.0,-1.0,Lotus,267825,1:16:29,2026-06-14 13:00:00,https://www.vlr.gg/670472/g2-esports-vs-fut-esports-valorant-masters-london-2026-lr1,Valorant Masters London 2026
FUT,xeus,Raze,1.29,1.34,1.25,270.0,313.0,229.0,24.0,16.0,8.0,20.0,10.0,10.0,9.0,2.0,7.0,4.0,6.0,-2.0,0.68,0.64,0.71,194.0,203.0,186.0,0.35,0.43,0.3,3.0,3.0,0.0,5.0,4.0,1.0,-2.0,-1.0,-1.0,Lotus,267825,1:16:29,2026-06-14 13:00:00,https://www.vlr.gg/670472/g2-esports-vs-fut-esports-valorant-masters-london-2026-lr1,Valorant Masters London 2026
FUT,s0pp,Neon,1.28,1.15,1.4,254.0,222.0,286.0,27.0,12.0,15.0,21.0,9.0,12.0,5.0,3.0,2.0,6.0,3.0,3.0,0.71,0.64,0.79,151.0,130.0,173.0,0.29,0.3,0.29,5.0,1.0,4.0,3.0,3.0,0.0,2.0,-2.0,4.0,Lotus,267825,1:16:29,2026-06-14 13:00:00,https://www.vlr.gg/670472/g2-esports-vs-fut-esports-valorant-masters-london-2026-lr1,Valorant Masters London 2026
FUT,sociablEE,Omen,1.13,1.15,1.11,201.0,202.0,202.0,19.0,9.0,10.0,17.0,7.0,10.0,15.0,7.0,8.0,2.0,2.0,0.0,0.71,0.64,0.79,124.0,125.0,122.0,0.28,0.3,0.25,3.0,0.0,3.0,4.0,3.0,1.0,-1.0,-3.0,2.0,Lotus,267825,1:16:29,2026-06-14 13:00:00,https://www.vlr.gg/670472/g2-esports-vs-fut-esports-valorant-masters-london-2026-lr1,Valorant Masters London 2026
FUT,KROSTALY,Fade,0.86,0.65,1.06,179.0,91.0,268.0,19.0,6.0,13.0,21.0,8.0,13.0,9.0,2.0,7.0,-2.0,-2.0,0.0,0.64,0.57,0.71,117.0,70.0,164.0,0.28,0.19,0.33,4.0,0.0,4.0,0.0,0.0,0.0,4.0,0.0,4.0,Lotus,267825,1:16:29,2026-06-14 13:00:00,https://www.vlr.gg/670472/g2-esports-vs-fut-esports-valorant-masters-london-2026-lr1,Valorant Masters London 2026
FUT,yetujey,Vyse,0.82,0.85,0.79,133.0,162.0,104.0,13.0,6.0,7.0,18.0,9.0,9.0,7.0,5.0,2.0,-5.0,-3.0,-2.0,0.75,0.71,0.79,105.0,125.0,85.0,0.29,0.27,0.33,0.0,0.0,0.0,1.0,0.0,1.0,-1.0,0.0,-1.0,Lotus,267825,1:16:29,2026-06-14 13:00:00,https://www.vlr.gg/670472/g2-esports-vs-fut-esports-valorant-masters-london-2026-lr1,Valorant Masters London 2026
XLG,happywei,Cypher,1.25,1.62,0.92,261.0,313.0,215.0,20.0,12.0,8.0,16.0,6.0,10.0,4.0,2.0,2.0,4.0,6.0,-2.0,0.78,0.82,0.75,163.0,196.0,132.0,0.45,0.48,0.42,2.0,0.0,2.0,1.0,0.0,1.0,1.0,0.0,1.0,Lotus,267810,52:19,2026-06-15 10:00:00,https://www.vlr.gg/670468/xi-lai-gaming-vs-edward-gaming-valorant-masters-london-2026-ubsf,Valorant Masters London 2026
XLG,Rarga,Sage,1.05,0.87,1.22,199.0,172.0,224.0,17.0,7.0,10.0,14.0,7.0,7.0,3.0,2.0,1.0,3.0,0.0,3.0,0.7,0.64,0.75,108.0,93.0,122.0,0.26,0.2,0.3,4.0,3.0,1.0,6.0,3.0,3.0,-2.0,0.0,-2.0,Lotus,267810,52:19,2026-06-15 10:00:00,https://www.vlr.gg/670468/xi-lai-gaming-vs-edward-gaming-valorant-masters-london-2026-ubsf,Valorant Masters London 2026
XLG,Lysoar,Omen,0.91,1.37,0.49,155.0,208.0,107.0,12.0,9.0,3.0,15.0,5.0,10.0,11.0,5.0,6.0,-3.0,4.0,-7.0,0.78,0.91,0.67,103.0,134.0,75.0,0.18,0.21,0.12,0.0,0.0,0.0,2.0,0.0,2.0,-2.0,0.0,-2.0,Lotus,267810,52:19,2026-06-15 10:00:00,https://www.vlr.gg/670468/xi-lai-gaming-vs-edward-gaming-valorant-masters-london-2026-ubsf,Valorant Masters London 2026
XLG,WsLeo,Fade,0.88,0.48,1.24,197.0,136.0,255.0,14.0,4.0,10.0,18.0,9.0,9.0,7.0,4.0,3.0,-4.0,-5.0,1.0,0.61,0.64,0.58,134.0,87.0,176.0,0.3,0.19,0.35,0.0,0.0,0.0,3.0,2.0,1.0,-3.0,-2.0,-1.0,Lotus,267810,52:19,2026-06-15 10:00:00,https://www.vlr.gg/670468/xi-lai-gaming-vs-edward-gaming-valorant-masters-london-2026-ubsf,Valorant Masters London 2026
XLG,NoMan,Deadlock,0.59,0.43,0.73,133.0,103.0,162.0,10.0,4.0,6.0,18.0,8.0,10.0,8.0,1.0,7.0,-8.0,-4.0,-4.0,0.74,0.73,0.75,84.0,64.0,102.0,0.43,0.67,0.35,2.0,1.0,1.0,3.0,2.0,1.0,-1.0,-1.0,0.0,Lotus,267810,52:19,2026-06-15 10:00:00,https://www.vlr.gg/670468/xi-lai-gaming-vs-edward-gaming-valorant-masters-london-2026-ubsf,Valorant Masters London 2026
EDG,CHICHOO,Omen,1.29,1.24,1.33,198.0,211.0,184.0,15.0,8.0,7.0,12.0,6.0,6.0,15.0,9.0,6.0,3.0,2.0,1.0,0.87,0.92,0.82,119.0,124.0,115.0,0.36,0.38,0.33,0.0,0.0,0.0,0.0,0.0,0.0,0.0,0.0,0.0,Lotus,267810,52:19,2026-06-15 10:00:00,https://www.vlr.gg/670468/xi-lai-gaming-vs-edward-gaming-valorant-masters-london-2026-ubsf,Valorant Masters London 2026
EDG,Jieni7,Vyse,1.26,1.68,0.8,283.0,386.0,171.0,23.0,16.0,7.0,16.0,8.0,8.0,5.0,3.0,2.0,7.0,8.0,-1.0,0.7,0.75,0.64,179.0,225.0,130.0,0.29,0.33,0.22,3.0,3.0,0.0,1.0,0.0,1.0,2.0,3.0,-1.0,Lotus,267810,52:19,2026-06-15 10:00:00,https://www.vlr.gg/670468/xi-lai-gaming-vs-edward-gaming-valorant-masters-london-2026-ubsf,Valorant Masters London 2026
EDG,Smoggy,Raze,1.05,1.14,0.96,185.0,231.0,136.0,17.0,11.0,6.0,13.0,7.0,6.0,0.0,0.0,0.0,4.0,4.0,0.0,0.7,0.92,0.45,132.0,163.0,98.0,0.39,0.42,0.36,4.0,3.0,1.0,2.0,2.0,0.0,2.0,1.0,1.0,Lotus,267810,52:19,2026-06-15 10:00:00,https://www.vlr.gg/670468/xi-lai-gaming-vs-edward-gaming-valorant-masters-london-2026-ubsf,Valorant Masters London 2026
EDG,ZmjjKK,Jett,0.95,0.64,1.28,220.0,151.0,296.0,16.0,6.0,10.0,16.0,8.0,8.0,4.0,2.0,2.0,0.0,-2.0,2.0,0.7,0.67,0.73,139.0,98.0,183.0,0.19,0.23,0.17,7.0,2.0,5.0,3.0,1.0,2.0,4.0,1.0,3.0,Lotus,267810,52:19,2026-06-15 10:00:00,https://www.vlr.gg/670468/xi-lai-gaming-vs-edward-gaming-valorant-masters-london-2026-ubsf,Valorant Masters London 2026
EDG,nobody,Skye,0.77,0.74,0.8,117.0,89.0,148.0,10.0,5.0,5.0,16.0,8.0,8.0,14.0,8.0,6.0,-6.0,-3.0,-3.0,0.74,0.75,0.73,67.0,52.0,84.0,0.5,0.44,0.56,1.0,0.0,1.0,2.0,1.0,1.0,-1.0,-1.0,0.0,Lotus,267810,52:19,2026-06-15 10:00:00,https://www.vlr.gg/670468/xi-lai-gaming-vs-edward-gaming-valorant-masters-london-2026-ubsf,Valorant Masters London 2026
XLG,happywei,Cypher,1.11,1.12,1.1,213.0,221.0,212.0,45.0,21.0,24.0,42.0,18.0,24.0,15.0,5.0,10.0,3.0,3.0,0.0,0.69,0.67,0.71,142.0,145.0,140.0,0.32,0.34,0.31,8.0,2.0,6.0,5.0,4.0,1.0,3.0,-2.0,5.0,all,all,all,2026-06-15 10:00:00,https://www.vlr.gg/670468/xi-lai-gaming-vs-edward-gaming-valorant-masters-london-2026-ubsf,Valorant Masters London 2026
XLG,Rarga,Sage,1.0,1.0,1.01,187.0,205.0,186.0,42.0,18.0,24.0,39.0,18.0,21.0,6.0,3.0,3.0,3.0,0.0,3.0,0.68,0.63,0.71,128.0,133.0,124.0,0.23,0.22,0.24,7.0,5.0,2.0,12.0,7.0,5.0,-5.0,-2.0,-3.0,all,all,all,2026-06-15 10:00:00,https://www.vlr.gg/670468/xi-lai-gaming-vs-edward-gaming-valorant-masters-london-2026-ubsf,Valorant Masters London 2026
XLG,WsLeo,Fade,0.81,0.57,0.99,151.0,110.0,199.0,32.0,9.0,23.0,43.0,20.0,23.0,15.0,10.0,5.0,-11.0,-11.0,0.0,0.61,0.63,0.6,103.0,63.0,135.0,0.24,0.19,0.27,1.0,0.0,1.0,7.0,2.0,5.0,-6.0,-2.0,-4.0,all,all,all,2026-06-15 10:00:00,https://www.vlr.gg/670468/xi-lai-gaming-vs-edward-gaming-valorant-masters-london-2026-ubsf,Valorant Masters London 2026
XLG,NoMan,Deadlock,0.8,0.71,0.87,166.0,170.0,169.0,36.0,15.0,21.0,44.0,21.0,23.0,12.0,4.0,8.0,-8.0,-6.0,-2.0,0.76,0.74,0.77,103.0,109.0,98.0,0.27,0.33,0.21,8.0,2.0,6.0,6.0,3.0,3.0,2.0,-1.0,3.0,all,all,all,2026-06-15 10:00:00,https://www.vlr.gg/670468/xi-lai-gaming-vs-edward-gaming-valorant-masters-london-2026-ubsf,Valorant Masters London 2026
XLG,Lysoar,Omen,0.76,0.91,0.64,145.0,157.0,135.0,29.0,16.0,13.0,44.0,18.0,26.0,24.0,10.0,14.0,-15.0,-2.0,-13.0,0.73,0.78,0.69,91.0,91.0,92.0,0.22,0.25,0.21,2.0,0.0,2.0,6.0,2.0,4.0,-4.0,-2.0,-2.0,all,all,all,2026-06-15 10:00:00,https://www.vlr.gg/670468/xi-lai-gaming-vs-edward-gaming-valorant-masters-london-2026-ubsf,Valorant Masters London 2026
EDG,Jieni7,Vyse,1.21,1.31,1.08,222.0,245.0,201.0,50.0,30.0,20.0,37.0,21.0,16.0,19.0,10.0,9.0,13.0,9.0,4.0,0.71,0.71,0.7,149.0,147.0,152.0,0.3,0.35,0.25,4.0,4.0,0.0,3.0,1.0,2.0,1.0,3.0,-2.0,all,all,all,2026-06-15 10:00:00,https://www.vlr.gg/670468/xi-lai-gaming-vs-edward-gaming-valorant-masters-london-2026-ubsf,Valorant Masters London 2026
EDG,CHICHOO,Omen,1.2,1.38,0.99,193.0,224.0,167.0,43.0,27.0,16.0,34.0,18.0,16.0,20.0,13.0,7.0,9.0,9.0,0.0,0.79,0.83,0.74,131.0,152.0,104.0,0.26,0.31,0.2,5.0,2.0,3.0,2.0,1.0,1.0,3.0,1.0,2.0,all,all,all,2026-06-15 10:00:00,https://www.vlr.gg/670468/xi-lai-gaming-vs-edward-gaming-valorant-masters-london-2026-ubsf,Valorant Masters London 2026
EDG,ZmjjKK,Jett,1.07,0.82,1.39,219.0,180.0,252.0,45.0,21.0,24.0,39.0,24.0,15.0,10.0,6.0,4.0,6.0,-3.0,9.0,0.71,0.69,0.74,142.0,127.0,162.0,0.25,0.31,0.19,15.0,8.0,7.0,13.0,9.0,4.0,2.0,-1.0,3.0,all,all,all,2026-06-15 10:00:00,https://www.vlr.gg/670468/xi-lai-gaming-vs-edward-gaming-valorant-masters-london-2026-ubsf,Valorant Masters London 2026
EDG,nobody,Skye,1.01,0.75,1.35,175.0,104.0,273.0,36.0,13.0,23.0,38.0,21.0,17.0,28.0,17.0,11.0,-2.0,-8.0,6.0,0.76,0.74,0.78,116.0,59.0,189.0,0.3,0.24,0.32,6.0,0.0,6.0,2.0,1.0,1.0,4.0,-1.0,5.0,all,all,all,2026-06-15 10:00:00,https://www.vlr.gg/670468/xi-lai-gaming-vs-edward-gaming-valorant-masters-london-2026-ubsf,Valorant Masters London 2026
EDG,Smoggy,Raze,1.0,1.07,0.9,177.0,201.0,131.0,38.0,26.0,12.0,36.0,21.0,15.0,15.0,5.0,10.0,2.0,5.0,-3.0,0.71,0.69,0.74,111.0,131.0,86.0,0.31,0.33,0.27,6.0,4.0,2.0,6.0,5.0,1.0,0.0,-1.0,1.0,all,all,all,2026-06-15 10:00:00,https://www.vlr.gg/670468/xi-lai-gaming-vs-edward-gaming-valorant-masters-london-2026-ubsf,Valorant Masters London 2026
XLG,Rarga,Phoenix,1.28,1.35,1.2,239.0,261.0,216.0,19.0,10.0,9.0,13.0,7.0,6.0,2.0,0.0,2.0,6.0,3.0,3.0,0.78,0.67,0.91,170.0,178.0,160.0,0.22,0.25,0.19,2.0,2.0,0.0,3.0,2.0,1.0,-1.0,0.0,-1.0,Breeze,267811,52:00,2026-06-15 10:00:00,https://www.vlr.gg/670468/xi-lai-gaming-vs-edward-gaming-valorant-masters-london-2026-ubsf,Valorant Masters London 2026
XLG,happywei,Viper,1.17,0.96,1.4,191.0,179.0,206.0,17.0,8.0,9.0,13.0,8.0,5.0,5.0,2.0,3.0,4.0,0.0,4.0,0.7,0.58,0.82,125.0,121.0,131.0,0.28,0.21,0.33,2.0,2.0,0.0,2.0,2.0,0.0,0.0,0.0,0.0,Breeze,267811,52:00,2026-06-15 10:00:00,https://www.vlr.gg/670468/xi-lai-gaming-vs-edward-gaming-valorant-masters-london-2026-ubsf,Valorant Masters London 2026
XLG,NoMan,Jett,1.05,0.88,1.24,224.0,198.0,253.0,18.0,8.0,10.0,16.0,9.0,7.0,2.0,1.0,1.0,2.0,-1.0,3.0,0.74,0.67,0.82,130.0,120.0,140.0,0.22,0.33,0.11,6.0,1.0,5.0,1.0,1.0,0.0,5.0,0.0,5.0,Breeze,267811,52:00,2026-06-15 10:00:00,https://www.vlr.gg/670468/xi-lai-gaming-vs-edward-gaming-valorant-masters-london-2026-ubsf,Valorant Masters London 2026
XLG,WsLeo,Sova,1.02,0.71,1.36,177.0,100.0,263.0,14.0,4.0,10.0,13.0,7.0,6.0,5.0,4.0,1.0,1.0,-3.0,4.0,0.74,0.67,0.82,116.0,55.0,183.0,0.16,0.25,0.12,1.0,0.0,1.0,0.0,0.0,0.0,1.0,0.0,1.0,Breeze,267811,52:00,2026-06-15 10:00:00,https://www.vlr.gg/670468/xi-lai-gaming-vs-edward-gaming-valorant-masters-london-2026-ubsf,Valorant Masters London 2026
XLG,Lysoar,Omen,0.57,0.44,0.72,128.0,78.0,183.0,9.0,3.0,6.0,17.0,9.0,8.0,9.0,3.0,6.0,-8.0,-6.0,-2.0,0.65,0.58,0.73,79.0,40.0,122.0,0.21,0.33,0.19,2.0,0.0,2.0,4.0,2.0,2.0,-2.0,-2.0,0.0,Breeze,267811,52:00,2026-06-15 10:00:00,https://www.vlr.gg/670468/xi-lai-gaming-vs-edward-gaming-valorant-masters-london-2026-ubsf,Valorant Masters London 2026
EDG,CHICHOO,Viper,1.24,1.51,1.0,241.0,294.0,193.0,19.0,11.0,8.0,14.0,8.0,6.0,4.0,3.0,1.0,5.0,3.0,2.0,0.78,0.82,0.75,163.0,206.0,123.0,0.2,0.28,0.13,4.0,1.0,3.0,2.0,1.0,1.0,2.0,0.0,2.0,Breeze,267811,52:00,2026-06-15 10:00:00,https://www.vlr.gg/670468/xi-lai-gaming-vs-edward-gaming-valorant-masters-london-2026-ubsf,Valorant Masters London 2026
EDG,nobody,Sova,1.18,0.44,1.86,252.0,100.0,392.0,18.0,3.0,15.0,15.0,8.0,7.0,5.0,2.0,3.0,3.0,-5.0,8.0,0.7,0.64,0.75,181.0,64.0,288.0,0.27,0.13,0.32,3.0,0.0,3.0,0.0,0.0,0.0,3.0,0.0,3.0,Breeze,267811,52:00,2026-06-15 10:00:00,https://www.vlr.gg/670468/xi-lai-gaming-vs-edward-gaming-valorant-masters-london-2026-ubsf,Valorant Masters London 2026
EDG,Jieni7,Kayo,1.11,1.06,1.16,189.0,204.0,176.0,16.0,8.0,8.0,15.0,9.0,6.0,7.0,3.0,4.0,1.0,-1.0,2.0,0.65,0.64,0.67,132.0,123.0,140.0,0.27,0.21,0.32,0.0,0.0,0.0,1.0,0.0,1.0,-1.0,0.0,-1.0,Breeze,267811,52:00,2026-06-15 10:00:00,https://www.vlr.gg/670468/xi-lai-gaming-vs-edward-gaming-valorant-masters-london-2026-ubsf,Valorant Masters London 2026
EDG,ZmjjKK,Jett,0.66,0.4,0.91,151.0,138.0,163.0,11.0,4.0,7.0,17.0,10.0,7.0,4.0,3.0,1.0,-6.0,-6.0,0.0,0.57,0.45,0.67,108.0,109.0,108.0,0.23,0.38,0.08,3.0,2.0,1.0,8.0,6.0,2.0,-5.0,-4.0,-1.0,Breeze,267811,52:00,2026-06-15 10:00:00,https://www.vlr.gg/670468/xi-lai-gaming-vs-edward-gaming-valorant-masters-london-2026-ubsf,Valorant Masters London 2026
EDG,Smoggy,Harbor,0.66,0.65,0.68,110.0,138.0,85.0,8.0,6.0,2.0,16.0,9.0,7.0,12.0,2.0,10.0,-8.0,-3.0,-5.0,0.65,0.36,0.92,62.0,71.0,53.0,0.2,0.25,0.15,0.0,0.0,0.0,2.0,1.0,1.0,-2.0,-1.0,-1.0,Breeze,267811,52:00,2026-06-15 10:00:00,https://www.vlr.gg/670468/xi-lai-gaming-vs-edward-gaming-valorant-masters-london-2026-ubsf,Valorant Masters London 2026
XLG,happywei,Viper,0.81,0.22,1.01,186.0,97.0,216.0,8.0,1.0,7.0,13.0,4.0,9.0,6.0,1.0,5.0,-5.0,-3.0,-2.0,0.56,0.5,0.58,138.0,80.0,157.0,0.21,0.17,0.22,4.0,0.0,4.0,2.0,2.0,0.0,2.0,-2.0,4.0,Split,267812,32:41,2026-06-15 10:00:00,https://www.vlr.gg/670468/xi-lai-gaming-vs-edward-gaming-valorant-masters-london-2026-ubsf,Valorant Masters London 2026
XLG,Lysoar,Omen,0.79,1.03,0.72,153.0,256.0,120.0,8.0,4.0,4.0,12.0,4.0,8.0,4.0,2.0,2.0,-4.0,0.0,-4.0,0.75,1.0,0.67,92.0,126.0,81.0,0.31,0.3,0.32,0.0,0.0,0.0,0.0,0.0,0.0,0.0,0.0,0.0,Split,267812,32:41,2026-06-15 10:00:00,https://www.vlr.gg/670468/xi-lai-gaming-vs-edward-gaming-valorant-masters-london-2026-ubsf,Valorant Masters London 2026
XLG,NoMan,Raze,0.72,0.92,0.66,141.0,269.0,98.0,8.0,3.0,5.0,10.0,4.0,6.0,2.0,2.0,0.0,-2.0,-1.0,-1.0,0.81,1.0,0.75,90.0,198.0,54.0,0.21,0.24,0.17,0.0,0.0,0.0,2.0,0.0,2.0,-2.0,0.0,-2.0,Split,267812,32:41,2026-06-15 10:00:00,https://www.vlr.gg/670468/xi-lai-gaming-vs-edward-gaming-valorant-masters-london-2026-ubsf,Valorant Masters London 2026
XLG,Rarga,Waylay,0.54,0.27,0.64,122.0,130.0,121.0,6.0,1.0,5.0,12.0,4.0,8.0,1.0,1.0,0.0,-6.0,-3.0,-3.0,0.5,0.5,0.5,97.0,106.0,94.0,0.22,0.17,0.27,1.0,0.0,1.0,3.0,2.0,1.0,-2.0,-2.0,0.0,Split,267812,32:41,2026-06-15 10:00:00,https://www.vlr.gg/670468/xi-lai-gaming-vs-edward-gaming-valorant-masters-london-2026-ubsf,Valorant Masters London 2026
XLG,WsLeo,Skye,0.4,0.41,0.4,79.0,66.0,84.0,4.0,1.0,3.0,12.0,4.0,8.0,3.0,2.0,1.0,-8.0,-3.0,-5.0,0.44,0.5,0.42,42.0,20.0,49.0,0.22,0.0,0.27,0.0,0.0,0.0,4.0,0.0,4.0,-4.0,0.0,-4.0,Split,267812,32:41,2026-06-15 10:00:00,https://www.vlr.gg/670468/xi-lai-gaming-vs-edward-gaming-valorant-masters-london-2026-ubsf,Valorant Masters London 2026
EDG,ZmjjKK,Jett,1.82,1.39,3.13,285.0,247.0,398.0,18.0,11.0,7.0,6.0,6.0,0.0,2.0,1.0,1.0,12.0,5.0,7.0,0.94,0.92,1.0,196.0,172.0,268.0,0.3,0.31,0.29,5.0,4.0,1.0,2.0,2.0,0.0,3.0,2.0,1.0,Split,267812,32:41,2026-06-15 10:00:00,https://www.vlr.gg/670468/xi-lai-gaming-vs-edward-gaming-valorant-masters-london-2026-ubsf,Valorant Masters London 2026
EDG,Smoggy,Raze,1.39,1.39,1.38,235.0,228.0,258.0,13.0,9.0,4.0,7.0,5.0,2.0,3.0,3.0,0.0,6.0,4.0,2.0,0.81,0.75,1.0,153.0,154.0,150.0,0.29,0.3,0.29,2.0,1.0,1.0,2.0,2.0,0.0,0.0,-1.0,1.0,Split,267812,32:41,2026-06-15 10:00:00,https://www.vlr.gg/670468/xi-lai-gaming-vs-edward-gaming-valorant-masters-london-2026-ubsf,Valorant Masters London 2026
EDG,Jieni7,Omen,1.3,1.18,1.65,195.0,141.0,360.0,11.0,6.0,5.0,6.0,4.0,2.0,7.0,4.0,3.0,5.0,2.0,3.0,0.81,0.75,1.0,130.0,90.0,250.0,0.35,0.78,0.21,1.0,1.0,0.0,1.0,1.0,0.0,0.0,0.0,0.0,Split,267812,32:41,2026-06-15 10:00:00,https://www.vlr.gg/670468/xi-lai-gaming-vs-edward-gaming-valorant-masters-london-2026-ubsf,Valorant Masters London 2026
EDG,nobody,Skye,1.12,1.04,1.38,157.0,123.0,262.0,8.0,5.0,3.0,7.0,5.0,2.0,9.0,7.0,2.0,1.0,0.0,1.0,0.88,0.83,1.0,92.0,62.0,184.0,0.22,0.25,0.2,2.0,0.0,2.0,0.0,0.0,0.0,2.0,0.0,2.0,Split,267812,32:41,2026-06-15 10:00:00,https://www.vlr.gg/670468/xi-lai-gaming-vs-edward-gaming-valorant-masters-london-2026-ubsf,Valorant Masters London 2026
EDG,CHICHOO,Viper,1.02,1.4,0.02,139.0,173.0,40.0,9.0,8.0,1.0,8.0,4.0,4.0,1.0,1.0,0.0,1.0,4.0,-3.0,0.69,0.75,0.5,102.0,130.0,18.0,0.26,0.29,0.0,1.0,1.0,0.0,0.0,0.0,0.0,1.0,1.0,0.0,Split,267812,32:41,2026-06-15 10:00:00,https://www.vlr.gg/670468/xi-lai-gaming-vs-edward-gaming-valorant-masters-london-2026-ubsf,Valorant Masters London 2026
PRX,d4v41,Viper,1.91,2.42,1.74,312.0,295.0,318.0,21.0,6.0,15.0,8.0,1.0,7.0,2.0,0.0,2.0,13.0,5.0,8.0,0.81,1.0,0.75,207.0,195.0,211.0,0.42,0.43,0.42,3.0,0.0,3.0,0.0,0.0,0.0,3.0,0.0,3.0,Breeze,267813,31:00,2026-06-15 13:15:00,https://www.vlr.gg/670469/paper-rex-vs-team-vitality-valorant-masters-london-2026-ubsf,Valorant Masters London 2026
PRX,invy,Sova,1.56,1.07,1.73,272.0,159.0,310.0,16.0,2.0,14.0,8.0,2.0,6.0,5.0,2.0,3.0,8.0,0.0,8.0,0.88,1.0,0.83,183.0,93.0,213.0,0.5,0.67,0.48,2.0,0.0,2.0,0.0,0.0,0.0,2.0,0.0,2.0,Breeze,267813,31:00,2026-06-15 13:15:00,https://www.vlr.gg/670469/paper-rex-vs-team-vitality-valorant-masters-london-2026-ubsf,Valorant Masters London 2026
PRX,something,Jett,1.34,1.72,1.22,223.0,290.0,202.0,15.0,5.0,10.0,9.0,2.0,7.0,4.0,1.0,3.0,6.0,3.0,3.0,0.94,1.0,0.92,153.0,185.0,143.0,0.25,0.5,0.15,2.0,0.0,2.0,1.0,1.0,0.0,1.0,-1.0,2.0,Breeze,267813,31:00,2026-06-15 13:15:00,https://www.vlr.gg/670469/paper-rex-vs-team-vitality-valorant-masters-london-2026-ubsf,Valorant Masters London 2026
PRX,f0rsakeN,Neon,0.97,2.19,0.56,199.0,346.0,151.0,9.0,4.0,5.0,12.0,1.0,11.0,8.0,2.0,6.0,-3.0,3.0,-6.0,0.88,1.0,0.83,155.0,256.0,121.0,0.28,0.43,0.19,2.0,1.0,1.0,2.0,0.0,2.0,0.0,1.0,-1.0,Breeze,267813,31:00,2026-06-15 13:15:00,https://www.vlr.gg/670469/paper-rex-vs-team-vitality-valorant-masters-london-2026-ubsf,Valorant Masters London 2026
PRX,Jinggg,Omen,0.76,0.58,0.82,176.0,165.0,180.0,12.0,3.0,9.0,11.0,3.0,8.0,4.0,0.0,4.0,1.0,0.0,1.0,0.81,1.0,0.75,123.0,102.0,130.0,0.37,0.22,0.44,2.0,1.0,1.0,2.0,1.0,1.0,0.0,0.0,0.0,Breeze,267813,31:00,2026-06-15 13:15:00,https://www.vlr.gg/670469/paper-rex-vs-team-vitality-valorant-masters-london-2026-ubsf,Valorant Masters London 2026
VIT,Derke,Jett,1.13,1.28,0.67,275.0,299.0,206.0,15.0,12.0,3.0,14.0,10.0,4.0,1.0,1.0,0.0,1.0,2.0,-1.0,0.63,0.58,0.75,175.0,194.0,117.0,0.33,0.43,0.17,4.0,3.0,1.0,2.0,2.0,0.0,2.0,1.0,1.0,Breeze,267813,31:00,2026-06-15 13:15:00,https://www.vlr.gg/670469/paper-rex-vs-team-vitality-valorant-masters-london-2026-ubsf,Valorant Masters London 2026
VIT,Chronicle,Viper,0.83,1.05,0.18,204.0,253.0,58.0,11.0,10.0,1.0,15.0,11.0,4.0,2.0,2.0,0.0,-4.0,-1.0,-3.0,0.44,0.5,0.25,132.0,167.0,24.0,0.28,0.31,0.0,0.0,0.0,0.0,2.0,2.0,0.0,-2.0,-2.0,0.0,Breeze,267813,31:00,2026-06-15 13:15:00,https://www.vlr.gg/670469/paper-rex-vs-team-vitality-valorant-masters-london-2026-ubsf,Valorant Masters London 2026
VIT,PROFEK,Harbor,0.55,0.82,0.01,144.0,181.0,35.0,7.0,7.0,0.0,15.0,11.0,4.0,9.0,8.0,1.0,-8.0,-4.0,-4.0,0.63,0.75,0.25,97.0,118.0,35.0,0.2,0.18,0.33,0.0,0.0,0.0,2.0,1.0,1.0,-2.0,-1.0,-1.0,Breeze,267813,31:00,2026-06-15 13:15:00,https://www.vlr.gg/670469/paper-rex-vs-team-vitality-valorant-masters-london-2026-ubsf,Valorant Masters London 2026
VIT,Jamppi,Kayo,0.47,0.46,0.49,139.0,112.0,221.0,8.0,5.0,3.0,14.0,10.0,4.0,0.0,0.0,0.0,-6.0,-5.0,-1.0,0.44,0.42,0.5,92.0,81.0,124.0,0.39,0.45,0.29,1.0,0.0,1.0,3.0,2.0,1.0,-2.0,-2.0,0.0,Breeze,267813,31:00,2026-06-15 13:15:00,https://www.vlr.gg/670469/paper-rex-vs-team-vitality-valorant-masters-london-2026-ubsf,Valorant Masters London 2026
VIT,Sayonara,Sova,0.43,0.41,0.5,122.0,111.0,158.0,7.0,5.0,2.0,15.0,11.0,4.0,2.0,1.0,1.0,-8.0,-6.0,-2.0,0.63,0.75,0.25,86.0,80.0,103.0,0.4,0.56,0.17,0.0,0.0,0.0,2.0,2.0,0.0,-2.0,-2.0,0.0,Breeze,267813,31:00,2026-06-15 13:15:00,https://www.vlr.gg/670469/paper-rex-vs-team-vitality-valorant-masters-london-2026-ubsf,Valorant Masters London 2026
PRX,invy,Sova,1.22,0.88,1.39,201.0,136.0,228.0,38.0,8.0,30.0,29.0,11.0,18.0,25.0,10.0,15.0,9.0,-3.0,12.0,0.78,0.83,0.75,133.0,99.0,150.0,0.37,0.4,0.36,2.0,0.0,2.0,2.0,1.0,1.0,0.0,-1.0,1.0,all,all,all,2026-06-15 13:15:00,https://www.vlr.gg/670469/paper-rex-vs-team-vitality-valorant-masters-london-2026-ubsf,Valorant Masters London 2026
PRX,d4v41,Viper,1.21,1.65,0.98,225.0,286.0,188.0,47.0,21.0,26.0,36.0,11.0,25.0,7.0,3.0,4.0,11.0,10.0,1.0,0.76,0.83,0.72,157.0,194.0,139.0,0.35,0.27,0.41,5.0,1.0,4.0,2.0,0.0,2.0,3.0,1.0,2.0,all,all,all,2026-06-15 13:15:00,https://www.vlr.gg/670469/paper-rex-vs-team-vitality-valorant-masters-london-2026-ubsf,Valorant Masters London 2026
PRX,Jinggg,Omen,1.17,0.88,1.31,243.0,211.0,266.0,49.0,14.0,35.0,37.0,14.0,23.0,12.0,2.0,10.0,12.0,0.0,12.0,0.76,0.67,0.81,164.0,137.0,178.0,0.32,0.28,0.34,11.0,4.0,7.0,6.0,5.0,1.0,5.0,-1.0,6.0,all,all,all,2026-06-15 13:15:00,https://www.vlr.gg/670469/paper-rex-vs-team-vitality-valorant-masters-london-2026-ubsf,Valorant Masters London 2026
PRX,something,Jett,1.12,1.39,0.98,206.0,228.0,195.0,42.0,15.0,27.0,34.0,11.0,23.0,17.0,11.0,6.0,8.0,4.0,4.0,0.76,0.78,0.75,143.0,169.0,130.0,0.29,0.32,0.26,8.0,0.0,8.0,6.0,3.0,3.0,2.0,-3.0,5.0,all,all,all,2026-06-15 13:15:00,https://www.vlr.gg/670469/paper-rex-vs-team-vitality-valorant-masters-london-2026-ubsf,Valorant Masters London 2026
PRX,f0rsakeN,Neon,0.94,0.86,0.99,204.0,190.0,213.0,35.0,10.0,25.0,42.0,14.0,28.0,23.0,9.0,14.0,-7.0,-4.0,-3.0,0.78,0.61,0.86,144.0,126.0,153.0,0.27,0.26,0.27,5.0,1.0,4.0,7.0,3.0,4.0,-2.0,-2.0,0.0,all,all,all,2026-06-15 13:15:00,https://www.vlr.gg/670469/paper-rex-vs-team-vitality-valorant-masters-london-2026-ubsf,Valorant Masters London 2026
VIT,Derke,Jett,1.07,0.89,1.41,244.0,225.0,277.0,46.0,26.0,20.0,44.0,31.0,13.0,5.0,4.0,1.0,2.0,-5.0,7.0,0.67,0.61,0.78,169.0,159.0,190.0,0.29,0.29,0.29,8.0,5.0,3.0,9.0,8.0,1.0,-1.0,-3.0,2.0,all,all,all,2026-06-15 13:15:00,https://www.vlr.gg/670469/paper-rex-vs-team-vitality-valorant-masters-london-2026-ubsf,Valorant Masters London 2026
VIT,Chronicle,Viper,0.98,1.0,0.94,191.0,185.0,202.0,36.0,24.0,12.0,38.0,25.0,13.0,9.0,5.0,4.0,-2.0,-1.0,-1.0,0.63,0.61,0.67,126.0,122.0,135.0,0.3,0.35,0.24,2.0,1.0,1.0,6.0,5.0,1.0,-4.0,-4.0,0.0,all,all,all,2026-06-15 13:15:00,https://www.vlr.gg/670469/paper-rex-vs-team-vitality-valorant-masters-london-2026-ubsf,Valorant Masters London 2026
VIT,PROFEK,Harbor,0.97,1.16,0.65,196.0,234.0,131.0,36.0,28.0,8.0,40.0,27.0,13.0,20.0,15.0,5.0,-4.0,1.0,-5.0,0.67,0.67,0.67,126.0,150.0,77.0,0.28,0.28,0.32,6.0,2.0,4.0,4.0,3.0,1.0,2.0,-1.0,3.0,all,all,all,2026-06-15 13:15:00,https://www.vlr.gg/670469/paper-rex-vs-team-vitality-valorant-masters-london-2026-ubsf,Valorant Masters London 2026
VIT,Sayonara,Sova,0.68,0.57,0.91,157.0,146.0,188.0,30.0,18.0,12.0,45.0,31.0,14.0,7.0,4.0,3.0,-15.0,-13.0,-2.0,0.63,0.69,0.5,105.0,97.0,120.0,0.31,0.35,0.25,4.0,2.0,2.0,8.0,7.0,1.0,-4.0,-5.0,1.0,all,all,all,2026-06-15 13:15:00,https://www.vlr.gg/670469/paper-rex-vs-team-vitality-valorant-masters-london-2026-ubsf,Valorant Masters London 2026
VIT,Jamppi,Kayo,0.66,0.68,0.6,152.0,151.0,159.0,30.0,21.0,9.0,44.0,29.0,15.0,7.0,2.0,5.0,-14.0,-8.0,-6.0,0.61,0.61,0.61,95.0,93.0,99.0,0.27,0.34,0.17,3.0,1.0,2.0,4.0,2.0,2.0,-1.0,-1.0,0.0,all,all,all,2026-06-15 13:15:00,https://www.vlr.gg/670469/paper-rex-vs-team-vitality-valorant-masters-london-2026-ubsf,Valorant Masters London 2026
PRX,Jinggg,Raze,1.46,1.51,1.43,301.0,305.0,300.0,20.0,8.0,12.0,13.0,5.0,8.0,5.0,1.0,4.0,7.0,3.0,4.0,0.74,0.71,0.75,190.0,191.0,190.0,0.31,0.5,0.23,4.0,2.0,2.0,1.0,1.0,0.0,3.0,1.0,2.0,Split,267814,50:09,2026-06-15 13:15:00,https://www.vlr.gg/670469/paper-rex-vs-team-vitality-valorant-masters-london-2026-ubsf,Valorant Masters London 2026
PRX,f0rsakeN,Omen,0.82,0.24,1.16,189.0,105.0,238.0,12.0,2.0,10.0,16.0,7.0,9.0,5.0,3.0,2.0,-4.0,-5.0,1.0,0.63,0.43,0.75,124.0,57.0,162.0,0.34,0.18,0.41,1.0,0.0,1.0,3.0,2.0,1.0,-2.0,-2.0,0.0,Split,267814,50:09,2026-06-15 13:15:00,https://www.vlr.gg/670469/paper-rex-vs-team-vitality-valorant-masters-london-2026-ubsf,Valorant Masters London 2026
PRX,invy,Skye,0.67,0.59,0.71,134.0,102.0,153.0,8.0,2.0,6.0,14.0,5.0,9.0,12.0,6.0,6.0,-6.0,-3.0,-3.0,0.58,0.71,0.5,77.0,64.0,85.0,0.16,0.11,0.18,0.0,0.0,0.0,2.0,1.0,1.0,-2.0,-1.0,-1.0,Split,267814,50:09,2026-06-15 13:15:00,https://www.vlr.gg/670469/paper-rex-vs-team-vitality-valorant-masters-london-2026-ubsf,Valorant Masters London 2026
PRX,d4v41,Viper,0.6,0.93,0.41,158.0,217.0,124.0,10.0,5.0,5.0,17.0,6.0,11.0,2.0,2.0,0.0,-7.0,-1.0,-6.0,0.63,0.71,0.58,124.0,152.0,108.0,0.26,0.2,0.31,0.0,0.0,0.0,1.0,0.0,1.0,-1.0,0.0,-1.0,Split,267814,50:09,2026-06-15 13:15:00,https://www.vlr.gg/670469/paper-rex-vs-team-vitality-valorant-masters-london-2026-ubsf,Valorant Masters London 2026
PRX,something,Jett,0.53,0.57,0.51,138.0,133.0,142.0,9.0,3.0,6.0,16.0,6.0,10.0,3.0,2.0,1.0,-7.0,-3.0,-4.0,0.53,0.57,0.5,86.0,94.0,82.0,0.19,0.13,0.25,4.0,0.0,4.0,3.0,1.0,2.0,1.0,-1.0,2.0,Split,267814,50:09,2026-06-15 13:15:00,https://www.vlr.gg/670469/paper-rex-vs-team-vitality-valorant-masters-london-2026-ubsf,Valorant Masters London 2026
VIT,Derke,Jett,1.49,1.28,1.86,290.0,280.0,309.0,21.0,12.0,9.0,13.0,9.0,4.0,2.0,1.0,1.0,8.0,3.0,5.0,0.79,0.75,0.86,203.0,193.0,220.0,0.28,0.27,0.29,4.0,2.0,2.0,4.0,3.0,1.0,0.0,-1.0,1.0,Split,267814,50:09,2026-06-15 13:15:00,https://www.vlr.gg/670469/paper-rex-vs-team-vitality-valorant-masters-london-2026-ubsf,Valorant Masters London 2026
VIT,Chronicle,Viper,1.31,1.15,1.58,220.0,180.0,290.0,14.0,7.0,7.0,9.0,6.0,3.0,5.0,3.0,2.0,5.0,1.0,4.0,0.84,0.75,1.0,148.0,121.0,193.0,0.33,0.41,0.26,2.0,1.0,1.0,1.0,1.0,0.0,1.0,0.0,1.0,Split,267814,50:09,2026-06-15 13:15:00,https://www.vlr.gg/670469/paper-rex-vs-team-vitality-valorant-masters-london-2026-ubsf,Valorant Masters London 2026
VIT,Sayonara,Raze,1.22,0.91,1.75,229.0,182.0,310.0,16.0,8.0,8.0,13.0,9.0,4.0,1.0,0.0,1.0,3.0,-1.0,4.0,0.79,0.83,0.71,146.0,116.0,197.0,0.31,0.38,0.25,2.0,1.0,1.0,2.0,2.0,0.0,0.0,-1.0,1.0,Split,267814,50:09,2026-06-15 13:15:00,https://www.vlr.gg/670469/paper-rex-vs-team-vitality-valorant-masters-london-2026-ubsf,Valorant Masters London 2026
VIT,PROFEK,Omen,1.0,1.31,0.45,160.0,215.0,68.0,12.0,10.0,2.0,10.0,6.0,4.0,4.0,3.0,1.0,2.0,4.0,-2.0,0.63,0.58,0.71,107.0,144.0,42.0,0.25,0.27,0.17,1.0,0.0,1.0,1.0,1.0,0.0,0.0,-1.0,1.0,Split,267814,50:09,2026-06-15 13:15:00,https://www.vlr.gg/670469/paper-rex-vs-team-vitality-valorant-masters-london-2026-ubsf,Valorant Masters London 2026
VIT,Jamppi,Skye,0.83,0.93,0.66,186.0,215.0,138.0,13.0,10.0,3.0,14.0,9.0,5.0,4.0,1.0,3.0,-1.0,1.0,-2.0,0.63,0.67,0.57,121.0,132.0,102.0,0.22,0.29,0.12,1.0,1.0,0.0,1.0,0.0,1.0,0.0,1.0,-1.0,Split,267814,50:09,2026-06-15 13:15:00,https://www.vlr.gg/670469/paper-rex-vs-team-vitality-valorant-masters-london-2026-ubsf,Valorant Masters London 2026
PRX,something,Brimstone,1.51,2.01,1.22,257.0,288.0,240.0,18.0,7.0,11.0,9.0,3.0,6.0,10.0,8.0,2.0,9.0,4.0,5.0,0.84,0.86,0.83,190.0,235.0,164.0,0.38,0.43,0.36,2.0,0.0,2.0,2.0,1.0,1.0,0.0,-1.0,1.0,Fracture,267815,39:16,2026-06-15 13:15:00,https://www.vlr.gg/670469/paper-rex-vs-team-vitality-valorant-masters-london-2026-ubsf,Valorant Masters London 2026
PRX,invy,Breach,1.49,1.06,1.74,197.0,158.0,221.0,14.0,4.0,10.0,7.0,4.0,3.0,8.0,2.0,6.0,7.0,0.0,7.0,0.89,0.86,0.92,148.0,139.0,153.0,0.47,0.63,0.42,0.0,0.0,0.0,0.0,0.0,0.0,0.0,0.0,0.0,Fracture,267815,39:16,2026-06-15 13:15:00,https://www.vlr.gg/670469/paper-rex-vs-team-vitality-valorant-masters-london-2026-ubsf,Valorant Masters London 2026
PRX,Jinggg,Raze,1.22,0.43,1.68,253.0,142.0,319.0,17.0,3.0,14.0,13.0,6.0,7.0,3.0,1.0,2.0,4.0,-3.0,7.0,0.74,0.43,0.92,172.0,102.0,213.0,0.31,0.13,0.41,5.0,1.0,4.0,3.0,3.0,0.0,2.0,-2.0,4.0,Fracture,267815,39:16,2026-06-15 13:15:00,https://www.vlr.gg/670469/paper-rex-vs-team-vitality-valorant-masters-london-2026-ubsf,Valorant Masters London 2026
PRX,d4v41,Killjoy,1.21,1.93,0.8,204.0,350.0,120.0,16.0,10.0,6.0,11.0,4.0,7.0,3.0,1.0,2.0,5.0,6.0,-1.0,0.84,0.86,0.83,149.0,236.0,98.0,0.35,0.27,0.5,2.0,1.0,1.0,1.0,0.0,1.0,1.0,1.0,0.0,Fracture,267815,39:16,2026-06-15 13:15:00,https://www.vlr.gg/670469/paper-rex-vs-team-vitality-valorant-masters-london-2026-ubsf,Valorant Masters London 2026
PRX,f0rsakeN,Skye,1.05,0.71,1.25,225.0,186.0,249.0,14.0,4.0,10.0,14.0,6.0,8.0,10.0,4.0,6.0,0.0,-2.0,2.0,0.84,0.57,1.0,154.0,119.0,174.0,0.2,0.18,0.21,2.0,0.0,2.0,2.0,1.0,1.0,0.0,-1.0,1.0,Fracture,267815,39:16,2026-06-15 13:15:00,https://www.vlr.gg/670469/paper-rex-vs-team-vitality-valorant-masters-london-2026-ubsf,Valorant Masters London 2026
VIT,PROFEK,Brimstone,1.3,1.34,1.22,284.0,305.0,249.0,17.0,11.0,6.0,15.0,10.0,5.0,7.0,4.0,3.0,2.0,1.0,1.0,0.74,0.67,0.86,169.0,188.0,135.0,0.36,0.34,0.38,5.0,2.0,3.0,1.0,1.0,0.0,4.0,1.0,3.0,Fracture,267815,39:16,2026-06-15 13:15:00,https://www.vlr.gg/670469/paper-rex-vs-team-vitality-valorant-masters-london-2026-ubsf,Valorant Masters London 2026
VIT,Chronicle,Cypher,0.78,0.81,0.74,149.0,122.0,196.0,11.0,7.0,4.0,14.0,8.0,6.0,2.0,0.0,2.0,-3.0,-1.0,-2.0,0.58,0.58,0.57,100.0,77.0,140.0,0.29,0.36,0.25,0.0,0.0,0.0,3.0,2.0,1.0,-3.0,-2.0,-1.0,Fracture,267815,39:16,2026-06-15 13:15:00,https://www.vlr.gg/670469/paper-rex-vs-team-vitality-valorant-masters-london-2026-ubsf,Valorant Masters London 2026
VIT,Jamppi,Fade,0.64,0.66,0.62,132.0,126.0,144.0,9.0,6.0,3.0,16.0,10.0,6.0,3.0,1.0,2.0,-7.0,-4.0,-3.0,0.74,0.75,0.71,73.0,68.0,81.0,0.26,0.36,0.17,1.0,0.0,1.0,0.0,0.0,0.0,1.0,0.0,1.0,Fracture,267815,39:16,2026-06-15 13:15:00,https://www.vlr.gg/670469/paper-rex-vs-team-vitality-valorant-masters-london-2026-ubsf,Valorant Masters London 2026
VIT,Derke,Raze,0.59,0.13,1.37,166.0,96.0,286.0,10.0,2.0,8.0,17.0,12.0,5.0,2.0,2.0,0.0,-7.0,-10.0,3.0,0.58,0.5,0.71,131.0,91.0,200.0,0.28,0.17,0.36,0.0,0.0,0.0,3.0,3.0,0.0,-3.0,-3.0,0.0,Fracture,267815,39:16,2026-06-15 13:15:00,https://www.vlr.gg/670469/paper-rex-vs-team-vitality-valorant-masters-london-2026-ubsf,Valorant Masters London 2026
VIT,Sayonara,Phoenix,0.36,0.39,0.3,121.0,144.0,82.0,7.0,5.0,2.0,17.0,11.0,6.0,4.0,3.0,1.0,-10.0,-6.0,-4.0,0.47,0.5,0.43,79.0,94.0,54.0,0.25,0.22,0.33,2.0,1.0,1.0,4.0,3.0,1.0,-2.0,-2.0,0.0,Fracture,267815,39:16,2026-06-15 13:15:00,https://www.vlr.gg/670469/paper-rex-vs-team-vitality-valorant-masters-london-2026-ubsf,Valorant Masters London 2026
XLG,NoMan,Jett,1.02,0.88,1.24,180.0,162.0,208.0,14.0,7.0,7.0,14.0,10.0,4.0,2.0,2.0,0.0,0.0,-3.0,3.0,0.75,0.75,0.75,122.0,122.0,121.0,0.24,0.23,0.29,2.0,1.0,1.0,2.0,2.0,0.0,0.0,-1.0,1.0,Haven,267833,40:52,2026-06-16 10:00:00,https://www.vlr.gg/670475/xi-lai-gaming-vs-leviat-n-valorant-masters-london-2026-lr2,Valorant Masters London 2026
XLG,WsLeo,Sova,0.88,0.92,0.81,181.0,186.0,174.0,12.0,8.0,4.0,15.0,9.0,6.0,7.0,3.0,4.0,-3.0,-1.0,-2.0,0.8,0.83,0.75,115.0,112.0,119.0,0.25,0.21,0.33,2.0,0.0,2.0,3.0,1.0,2.0,-1.0,-1.0,0.0,Haven,267833,40:52,2026-06-16 10:00:00,https://www.vlr.gg/670475/xi-lai-gaming-vs-leviat-n-valorant-masters-london-2026-lr2,Valorant Masters London 2026
XLG,Rarga,Phoenix,0.79,0.96,0.53,174.0,207.0,126.0,13.0,9.0,4.0,16.0,10.0,6.0,7.0,5.0,2.0,-3.0,-1.0,-2.0,0.75,0.75,0.75,111.0,128.0,86.0,0.37,0.35,0.4,2.0,1.0,1.0,3.0,2.0,1.0,-1.0,-1.0,0.0,Haven,267833,40:52,2026-06-16 10:00:00,https://www.vlr.gg/670475/xi-lai-gaming-vs-leviat-n-valorant-masters-london-2026-lr2,Valorant Masters London 2026
XLG,happywei,Cypher,0.72,0.81,0.59,165.0,167.0,163.0,11.0,6.0,5.0,16.0,9.0,7.0,4.0,4.0,0.0,-5.0,-3.0,-2.0,0.55,0.67,0.38,113.0,121.0,100.0,0.36,0.35,0.38,1.0,1.0,0.0,3.0,2.0,1.0,-2.0,-1.0,-1.0,Haven,267833,40:52,2026-06-16 10:00:00,https://www.vlr.gg/670475/xi-lai-gaming-vs-leviat-n-valorant-masters-london-2026-lr2,Valorant Masters London 2026
XLG,Lysoar,Omen,0.57,0.44,0.76,116.0,103.0,136.0,6.0,3.0,3.0,17.0,11.0,6.0,13.0,11.0,2.0,-11.0,-8.0,-3.0,0.75,0.83,0.63,80.0,59.0,110.0,0.24,0.18,0.33,0.0,0.0,0.0,2.0,2.0,0.0,-2.0,-2.0,0.0,Haven,267833,40:52,2026-06-16 10:00:00,https://www.vlr.gg/670475/xi-lai-gaming-vs-leviat-n-valorant-masters-london-2026-lr2,Valorant Masters London 2026
LEV,spike,Neon,1.71,1.57,1.81,366.0,313.0,403.0,26.0,9.0,17.0,13.0,5.0,8.0,8.0,4.0,4.0,13.0,4.0,9.0,0.8,0.75,0.83,231.0,212.0,243.0,0.28,0.36,0.25,4.0,0.0,4.0,3.0,1.0,2.0,1.0,-1.0,2.0,Haven,267833,40:52,2026-06-16 10:00:00,https://www.vlr.gg/670475/xi-lai-gaming-vs-leviat-n-valorant-masters-london-2026-lr2,Valorant Masters London 2026
LEV,Sato,Phoenix,1.34,1.77,1.05,244.0,312.0,199.0,16.0,9.0,7.0,13.0,5.0,8.0,13.0,1.0,12.0,3.0,4.0,-1.0,0.85,0.88,0.83,174.0,194.0,160.0,0.29,0.42,0.19,1.0,1.0,0.0,1.0,1.0,0.0,0.0,0.0,0.0,Haven,267833,40:52,2026-06-16 10:00:00,https://www.vlr.gg/670475/xi-lai-gaming-vs-leviat-n-valorant-masters-london-2026-lr2,Valorant Masters London 2026
LEV,blowz,Sova,1.32,1.02,1.51,192.0,131.0,234.0,13.0,4.0,9.0,10.0,4.0,6.0,11.0,1.0,10.0,3.0,0.0,3.0,0.9,0.88,0.92,130.0,78.0,165.0,0.43,0.38,0.45,1.0,0.0,1.0,0.0,0.0,0.0,1.0,0.0,1.0,Haven,267833,40:52,2026-06-16 10:00:00,https://www.vlr.gg/670475/xi-lai-gaming-vs-leviat-n-valorant-masters-london-2026-lr2,Valorant Masters London 2026
LEV,kiNgg,Astra,1.19,1.21,1.17,155.0,127.0,175.0,11.0,3.0,8.0,8.0,3.0,5.0,10.0,6.0,4.0,3.0,0.0,3.0,0.9,0.88,0.92,104.0,88.0,115.0,0.43,0.5,0.41,2.0,1.0,1.0,2.0,1.0,1.0,0.0,0.0,0.0,Haven,267833,40:52,2026-06-16 10:00:00,https://www.vlr.gg/670475/xi-lai-gaming-vs-leviat-n-valorant-masters-london-2026-lr2,Valorant Masters London 2026
LEV,Neon,Chamber,0.87,0.47,1.13,161.0,149.0,170.0,12.0,4.0,8.0,12.0,6.0,6.0,4.0,2.0,2.0,0.0,-2.0,2.0,0.7,0.63,0.75,114.0,98.0,124.0,0.23,0.18,0.27,5.0,2.0,3.0,1.0,1.0,0.0,4.0,1.0,3.0,Haven,267833,40:52,2026-06-16 10:00:00,https://www.vlr.gg/670475/xi-lai-gaming-vs-leviat-n-valorant-masters-london-2026-lr2,Valorant Masters London 2026
XLG,Rarga,Phoenix,0.89,1.08,0.73,196.0,208.0,181.0,24.0,12.0,12.0,29.0,12.0,17.0,8.0,5.0,3.0,-5.0,0.0,-5.0,0.72,0.75,0.7,119.0,134.0,106.0,0.36,0.4,0.32,4.0,2.0,2.0,7.0,3.0,4.0,-3.0,-1.0,-2.0,all,all,all,2026-06-16 10:00:00,https://www.vlr.gg/670475/xi-lai-gaming-vs-leviat-n-valorant-masters-london-2026-lr2,Valorant Masters London 2026
XLG,NoMan,Jett,0.69,0.75,0.64,122.0,141.0,120.0,17.0,8.0,9.0,28.0,13.0,15.0,4.0,3.0,1.0,-11.0,-5.0,-6.0,0.61,0.75,0.5,93.0,109.0,79.0,0.23,0.24,0.21,2.0,1.0,1.0,4.0,2.0,2.0,-2.0,-1.0,-1.0,all,all,all,2026-06-16 10:00:00,https://www.vlr.gg/670475/xi-lai-gaming-vs-leviat-n-valorant-masters-london-2026-lr2,Valorant Masters London 2026
XLG,WsLeo,Sova,0.67,1.05,0.37,161.0,228.0,111.0,20.0,13.0,7.0,31.0,12.0,19.0,8.0,4.0,4.0,-11.0,1.0,-12.0,0.64,0.88,0.45,100.0,133.0,73.0,0.33,0.29,0.44,3.0,1.0,2.0,5.0,1.0,4.0,-2.0,0.0,-2.0,all,all,all,2026-06-16 10:00:00,https://www.vlr.gg/670475/xi-lai-gaming-vs-leviat-n-valorant-masters-london-2026-lr2,Valorant Masters London 2026
XLG,happywei,Cypher,0.56,0.7,0.45,138.0,154.0,130.0,16.0,8.0,8.0,31.0,12.0,19.0,6.0,5.0,1.0,-15.0,-4.0,-11.0,0.5,0.69,0.35,96.0,107.0,88.0,0.28,0.32,0.24,4.0,1.0,3.0,4.0,2.0,2.0,0.0,-1.0,1.0,all,all,all,2026-06-16 10:00:00,https://www.vlr.gg/670475/xi-lai-gaming-vs-leviat-n-valorant-masters-london-2026-lr2,Valorant Masters London 2026
XLG,Lysoar,Omen,0.55,0.33,0.79,141.0,88.0,179.0,14.0,4.0,10.0,34.0,16.0,18.0,15.0,11.0,4.0,-20.0,-12.0,-8.0,0.64,0.75,0.55,94.0,53.0,127.0,0.26,0.19,0.29,0.0,0.0,0.0,3.0,3.0,0.0,-3.0,-3.0,0.0,all,all,all,2026-06-16 10:00:00,https://www.vlr.gg/670475/xi-lai-gaming-vs-leviat-n-valorant-masters-london-2026-lr2,Valorant Masters London 2026
LEV,spike,Neon,1.65,1.82,1.44,326.0,330.0,332.0,43.0,24.0,19.0,21.0,9.0,12.0,17.0,13.0,4.0,22.0,15.0,7.0,0.78,0.8,0.75,213.0,224.0,199.0,0.32,0.43,0.22,7.0,2.0,5.0,5.0,2.0,3.0,2.0,0.0,2.0,all,all,all,2026-06-16 10:00:00,https://www.vlr.gg/670475/xi-lai-gaming-vs-leviat-n-valorant-masters-london-2026-lr2,Valorant Masters London 2026
LEV,blowz,Sova,1.35,1.34,1.37,181.0,163.0,207.0,24.0,13.0,11.0,14.0,6.0,8.0,20.0,10.0,10.0,10.0,7.0,3.0,0.92,0.95,0.88,131.0,125.0,138.0,0.41,0.42,0.4,1.0,0.0,1.0,1.0,1.0,0.0,0.0,-1.0,1.0,all,all,all,2026-06-16 10:00:00,https://www.vlr.gg/670475/xi-lai-gaming-vs-leviat-n-valorant-masters-london-2026-lr2,Valorant Masters London 2026
LEV,Sato,Phoenix,1.27,1.56,0.92,257.0,318.0,178.0,31.0,22.0,9.0,23.0,12.0,11.0,20.0,8.0,12.0,8.0,10.0,-2.0,0.81,0.85,0.75,173.0,202.0,137.0,0.26,0.33,0.15,3.0,2.0,1.0,3.0,2.0,1.0,0.0,0.0,0.0,all,all,all,2026-06-16 10:00:00,https://www.vlr.gg/670475/xi-lai-gaming-vs-leviat-n-valorant-masters-london-2026-lr2,Valorant Masters London 2026
LEV,Neon,Chamber,1.26,1.18,1.36,239.0,231.0,230.0,32.0,18.0,14.0,18.0,10.0,8.0,5.0,2.0,3.0,14.0,8.0,6.0,0.78,0.75,0.81,153.0,150.0,157.0,0.3,0.28,0.33,9.0,6.0,3.0,2.0,2.0,0.0,7.0,4.0,3.0,all,all,all,2026-06-16 10:00:00,https://www.vlr.gg/670475/xi-lai-gaming-vs-leviat-n-valorant-masters-london-2026-lr2,Valorant Masters London 2026
LEV,kiNgg,Astra,1.18,1.09,1.29,178.0,154.0,203.0,23.0,11.0,12.0,15.0,9.0,6.0,13.0,8.0,5.0,8.0,2.0,6.0,0.83,0.75,0.94,116.0,108.0,127.0,0.39,0.35,0.41,3.0,2.0,1.0,2.0,1.0,1.0,1.0,1.0,0.0,all,all,all,2026-06-16 10:00:00,https://www.vlr.gg/670475/xi-lai-gaming-vs-leviat-n-valorant-masters-london-2026-lr2,Valorant Masters London 2026
XLG,Rarga,Sage,1.01,1.43,0.87,217.0,213.0,219.0,11.0,3.0,8.0,13.0,2.0,11.0,1.0,0.0,1.0,-2.0,1.0,-3.0,0.69,0.75,0.67,128.0,152.0,120.0,0.35,0.6,0.27,2.0,1.0,1.0,4.0,1.0,3.0,-2.0,0.0,-2.0,Lotus,267834,34:50,2026-06-16 10:00:00,https://www.vlr.gg/670475/xi-lai-gaming-vs-leviat-n-valorant-masters-london-2026-lr2,Valorant Masters London 2026
XLG,Lysoar,Omen,0.54,0.01,0.81,166.0,43.0,207.0,8.0,1.0,7.0,17.0,5.0,12.0,2.0,0.0,2.0,-9.0,-4.0,-5.0,0.5,0.5,0.5,112.0,33.0,139.0,0.27,0.25,0.27,0.0,0.0,0.0,1.0,1.0,0.0,-1.0,-1.0,0.0,Lotus,267834,34:50,2026-06-16 10:00:00,https://www.vlr.gg/670475/xi-lai-gaming-vs-leviat-n-valorant-masters-london-2026-lr2,Valorant Masters London 2026
XLG,WsLeo,Fade,0.42,1.41,0.07,140.0,355.0,69.0,8.0,5.0,3.0,16.0,3.0,13.0,1.0,1.0,0.0,-8.0,2.0,-10.0,0.44,1.0,0.25,82.0,197.0,43.0,0.5,0.43,0.75,1.0,1.0,0.0,2.0,0.0,2.0,-1.0,1.0,-2.0,Lotus,267834,34:50,2026-06-16 10:00:00,https://www.vlr.gg/670475/xi-lai-gaming-vs-leviat-n-valorant-masters-london-2026-lr2,Valorant Masters London 2026
XLG,happywei,Cypher,0.36,0.39,0.35,110.0,118.0,107.0,5.0,2.0,3.0,15.0,3.0,12.0,2.0,1.0,1.0,-10.0,-1.0,-9.0,0.44,0.75,0.33,76.0,63.0,81.0,0.14,0.2,0.13,3.0,0.0,3.0,1.0,0.0,1.0,2.0,0.0,2.0,Lotus,267834,34:50,2026-06-16 10:00:00,https://www.vlr.gg/670475/xi-lai-gaming-vs-leviat-n-valorant-masters-london-2026-lr2,Valorant Masters London 2026
XLG,NoMan,Deadlock,0.28,0.39,0.24,64.0,76.0,61.0,3.0,1.0,2.0,14.0,3.0,11.0,2.0,1.0,1.0,-11.0,-2.0,-9.0,0.44,0.75,0.33,56.0,71.0,51.0,0.2,0.33,0.17,0.0,0.0,0.0,2.0,0.0,2.0,-2.0,0.0,-2.0,Lotus,267834,34:50,2026-06-16 10:00:00,https://www.vlr.gg/670475/xi-lai-gaming-vs-leviat-n-valorant-masters-london-2026-lr2,Valorant Masters London 2026
LEV,Neon,Jett,1.75,1.65,2.04,316.0,285.0,412.0,20.0,14.0,6.0,6.0,4.0,2.0,1.0,0.0,1.0,14.0,10.0,4.0,0.88,0.83,1.0,203.0,185.0,256.0,0.33,0.31,0.4,4.0,4.0,0.0,1.0,1.0,0.0,3.0,3.0,0.0,Lotus,267834,34:50,2026-06-16 10:00:00,https://www.vlr.gg/670475/xi-lai-gaming-vs-leviat-n-valorant-masters-london-2026-lr2,Valorant Masters London 2026
LEV,spike,Omen,1.58,2.0,0.33,285.0,341.0,121.0,17.0,15.0,2.0,8.0,4.0,4.0,9.0,9.0,0.0,9.0,11.0,-2.0,0.75,0.83,0.5,191.0,232.0,67.0,0.39,0.5,0.0,3.0,2.0,1.0,2.0,1.0,1.0,1.0,1.0,0.0,Lotus,267834,34:50,2026-06-16 10:00:00,https://www.vlr.gg/670475/xi-lai-gaming-vs-leviat-n-valorant-masters-london-2026-lr2,Valorant Masters London 2026
LEV,blowz,Skye,1.4,1.56,0.93,169.0,184.0,125.0,11.0,9.0,2.0,4.0,2.0,2.0,9.0,9.0,0.0,7.0,7.0,0.0,0.94,1.0,0.75,132.0,156.0,58.0,0.4,0.44,0.2,0.0,0.0,0.0,1.0,1.0,0.0,-1.0,-1.0,0.0,Lotus,267834,34:50,2026-06-16 10:00:00,https://www.vlr.gg/670475/xi-lai-gaming-vs-leviat-n-valorant-masters-london-2026-lr2,Valorant Masters London 2026
LEV,Sato,Raze,1.19,1.42,0.52,269.0,321.0,114.0,15.0,13.0,2.0,10.0,7.0,3.0,7.0,7.0,0.0,5.0,6.0,-1.0,0.75,0.83,0.5,173.0,208.0,67.0,0.22,0.27,0.0,2.0,1.0,1.0,2.0,1.0,1.0,0.0,0.0,0.0,Lotus,267834,34:50,2026-06-16 10:00:00,https://www.vlr.gg/670475/xi-lai-gaming-vs-leviat-n-valorant-masters-london-2026-lr2,Valorant Masters London 2026
LEV,kiNgg,Vyse,1.16,1.01,1.62,201.0,172.0,289.0,12.0,8.0,4.0,7.0,6.0,1.0,3.0,2.0,1.0,5.0,2.0,3.0,0.75,0.67,1.0,132.0,121.0,164.0,0.34,0.28,0.43,1.0,1.0,0.0,0.0,0.0,0.0,1.0,1.0,0.0,Lotus,267834,34:50,2026-06-16 10:00:00,https://www.vlr.gg/670475/xi-lai-gaming-vs-leviat-n-valorant-masters-london-2026-lr2,Valorant Masters London 2026
VIT,Derke,Raze,1.58,1.64,1.48,316.0,339.0,283.0,20.0,14.0,6.0,11.0,6.0,5.0,12.0,5.0,7.0,9.0,8.0,1.0,1.0,1.0,1.0,243.0,246.0,238.0,0.14,0.14,0.13,2.0,0.0,2.0,1.0,0.0,1.0,1.0,0.0,1.0,Lotus,267830,45:44,2026-06-16 12:05:00,https://www.vlr.gg/670474/team-vitality-vs-fut-esports-valorant-masters-london-2026-lr2,Valorant Masters London 2026
VIT,PROFEK,Omen,1.35,1.13,1.68,197.0,135.0,291.0,15.0,5.0,10.0,9.0,4.0,5.0,10.0,7.0,3.0,6.0,1.0,5.0,0.9,0.92,0.88,122.0,78.0,188.0,0.3,0.36,0.26,1.0,1.0,0.0,0.0,0.0,0.0,1.0,1.0,0.0,Lotus,267830,45:44,2026-06-16 12:05:00,https://www.vlr.gg/670474/team-vitality-vs-fut-esports-valorant-masters-london-2026-lr2,Valorant Masters London 2026
VIT,Jamppi,Fade,1.25,1.18,1.35,224.0,242.0,198.0,19.0,11.0,8.0,13.0,9.0,4.0,3.0,3.0,0.0,6.0,2.0,4.0,0.85,0.92,0.75,136.0,146.0,121.0,0.24,0.24,0.24,2.0,2.0,0.0,2.0,1.0,1.0,0.0,1.0,-1.0,Lotus,267830,45:44,2026-06-16 12:05:00,https://www.vlr.gg/670474/team-vitality-vs-fut-esports-valorant-masters-london-2026-lr2,Valorant Masters London 2026
VIT,Chronicle,Vyse,0.99,0.73,1.39,178.0,73.0,338.0,14.0,4.0,10.0,12.0,5.0,7.0,4.0,2.0,2.0,2.0,-1.0,3.0,0.9,0.92,0.88,121.0,58.0,214.0,0.31,0.33,0.31,2.0,0.0,2.0,1.0,1.0,0.0,1.0,-1.0,2.0,Lotus,267830,45:44,2026-06-16 12:05:00,https://www.vlr.gg/670474/team-vitality-vs-fut-esports-valorant-masters-london-2026-lr2,Valorant Masters London 2026
VIT,Sayonara,Viper,0.96,1.36,0.35,200.0,277.0,86.0,16.0,13.0,3.0,13.0,7.0,6.0,2.0,2.0,0.0,3.0,6.0,-3.0,0.8,0.92,0.63,121.0,166.0,54.0,0.37,0.34,0.5,6.0,4.0,2.0,3.0,3.0,0.0,3.0,1.0,2.0,Lotus,267830,45:44,2026-06-16 12:05:00,https://www.vlr.gg/670474/team-vitality-vs-fut-esports-valorant-masters-london-2026-lr2,Valorant Masters London 2026
FUT,s0pp,Neon,0.99,1.14,0.89,187.0,263.0,137.0,14.0,8.0,6.0,15.0,7.0,8.0,1.0,0.0,1.0,-1.0,1.0,-2.0,0.6,0.75,0.5,132.0,182.0,98.0,0.44,0.45,0.43,1.0,0.0,1.0,3.0,2.0,1.0,-2.0,-2.0,0.0,Lotus,267830,45:44,2026-06-16 12:05:00,https://www.vlr.gg/670474/team-vitality-vs-fut-esports-valorant-masters-london-2026-lr2,Valorant Masters London 2026
FUT,yetujey,Vyse,0.87,1.01,0.77,196.0,201.0,193.0,12.0,5.0,7.0,17.0,6.0,11.0,5.0,2.0,3.0,-5.0,-1.0,-4.0,0.65,0.75,0.58,146.0,148.0,145.0,0.17,0.18,0.16,1.0,0.0,1.0,1.0,1.0,0.0,0.0,-1.0,1.0,Lotus,267830,45:44,2026-06-16 12:05:00,https://www.vlr.gg/670474/team-vitality-vs-fut-esports-valorant-masters-london-2026-lr2,Valorant Masters London 2026
FUT,KROSTALY,Fade,0.78,0.73,0.82,176.0,205.0,158.0,11.0,4.0,7.0,17.0,8.0,9.0,6.0,4.0,2.0,-6.0,-4.0,-2.0,0.55,0.63,0.5,117.0,137.0,104.0,0.4,0.45,0.37,3.0,1.0,2.0,2.0,0.0,2.0,1.0,1.0,0.0,Lotus,267830,45:44,2026-06-16 12:05:00,https://www.vlr.gg/670474/team-vitality-vs-fut-esports-valorant-masters-london-2026-lr2,Valorant Masters London 2026
FUT,xeus,Raze,0.65,1.02,0.41,179.0,316.0,89.0,13.0,9.0,4.0,18.0,8.0,10.0,0.0,0.0,0.0,-5.0,1.0,-6.0,0.55,0.63,0.5,108.0,184.0,57.0,0.35,0.45,0.21,1.0,1.0,0.0,3.0,2.0,1.0,-2.0,-1.0,-1.0,Lotus,267830,45:44,2026-06-16 12:05:00,https://www.vlr.gg/670474/team-vitality-vs-fut-esports-valorant-masters-london-2026-lr2,Valorant Masters London 2026
FUT,sociablEE,Omen,0.44,0.03,0.75,127.0,41.0,185.0,8.0,1.0,7.0,17.0,8.0,9.0,7.0,4.0,3.0,-9.0,-7.0,-2.0,0.65,0.63,0.67,77.0,18.0,116.0,0.3,0.5,0.28,1.0,0.0,1.0,4.0,1.0,3.0,-3.0,-1.0,-2.0,Lotus,267830,45:44,2026-06-16 12:05:00,https://www.vlr.gg/670474/team-vitality-vs-fut-esports-valorant-masters-london-2026-lr2,Valorant Masters London 2026
VIT,Derke,Raze,1.71,2.24,1.32,318.0,416.0,244.0,40.0,24.0,16.0,17.0,6.0,11.0,15.0,5.0,10.0,23.0,18.0,5.0,0.91,1.0,0.85,215.0,274.0,171.0,0.18,0.19,0.17,5.0,1.0,4.0,3.0,0.0,3.0,2.0,1.0,1.0,all,all,all,2026-06-16 12:05:00,https://www.vlr.gg/670474/team-vitality-vs-fut-esports-valorant-masters-london-2026-lr2,Valorant Masters London 2026
VIT,PROFEK,Omen,1.43,1.12,1.66,240.0,129.0,314.0,32.0,6.0,26.0,15.0,5.0,10.0,17.0,8.0,9.0,17.0,1.0,16.0,0.91,0.93,0.9,143.0,71.0,197.0,0.25,0.38,0.22,2.0,2.0,0.0,2.0,0.0,2.0,0.0,2.0,-2.0,all,all,all,2026-06-16 12:05:00,https://www.vlr.gg/670474/team-vitality-vs-fut-esports-valorant-masters-london-2026-lr2,Valorant Masters London 2026
VIT,Chronicle,Vyse,1.17,1.0,1.31,240.0,131.0,308.0,30.0,8.0,22.0,22.0,7.0,15.0,15.0,5.0,10.0,8.0,1.0,7.0,0.91,0.93,0.9,161.0,101.0,205.0,0.23,0.23,0.24,4.0,1.0,3.0,1.0,1.0,0.0,3.0,0.0,3.0,all,all,all,2026-06-16 12:05:00,https://www.vlr.gg/670474/team-vitality-vs-fut-esports-valorant-masters-london-2026-lr2,Valorant Masters London 2026
VIT,Sayonara,Viper,1.09,1.15,1.05,203.0,233.0,180.0,27.0,13.0,14.0,19.0,9.0,10.0,8.0,5.0,3.0,8.0,4.0,4.0,0.83,0.93,0.75,122.0,142.0,107.0,0.24,0.29,0.2,7.0,4.0,3.0,4.0,3.0,1.0,3.0,1.0,2.0,all,all,all,2026-06-16 12:05:00,https://www.vlr.gg/670474/team-vitality-vs-fut-esports-valorant-masters-london-2026-lr2,Valorant Masters London 2026
VIT,Jamppi,Fade,1.09,0.97,1.18,194.0,211.0,189.0,26.0,11.0,15.0,21.0,12.0,9.0,11.0,6.0,5.0,5.0,-1.0,6.0,0.86,0.87,0.85,127.0,134.0,122.0,0.21,0.2,0.22,3.0,2.0,1.0,3.0,1.0,2.0,0.0,1.0,-1.0,all,all,all,2026-06-16 12:05:00,https://www.vlr.gg/670474/team-vitality-vs-fut-esports-valorant-masters-london-2026-lr2,Valorant Masters London 2026
FUT,KROSTALY,Fade,0.86,0.86,0.85,214.0,225.0,187.0,24.0,15.0,9.0,31.0,19.0,12.0,8.0,6.0,2.0,-7.0,-4.0,-3.0,0.63,0.7,0.53,143.0,160.0,121.0,0.41,0.39,0.43,6.0,4.0,2.0,4.0,0.0,4.0,2.0,4.0,-2.0,all,all,all,2026-06-16 12:05:00,https://www.vlr.gg/670474/team-vitality-vs-fut-esports-valorant-masters-london-2026-lr2,Valorant Masters London 2026
FUT,s0pp,Neon,0.77,0.82,0.72,170.0,207.0,126.0,21.0,14.0,7.0,31.0,19.0,12.0,1.0,0.0,1.0,-10.0,-5.0,-5.0,0.54,0.6,0.47,116.0,139.0,85.0,0.44,0.43,0.47,5.0,4.0,1.0,7.0,5.0,2.0,-2.0,-1.0,-1.0,all,all,all,2026-06-16 12:05:00,https://www.vlr.gg/670474/team-vitality-vs-fut-esports-valorant-masters-london-2026-lr2,Valorant Masters London 2026
FUT,yetujey,Vyse,0.71,0.78,0.63,163.0,166.0,170.0,17.0,10.0,7.0,31.0,17.0,14.0,6.0,2.0,4.0,-14.0,-7.0,-7.0,0.54,0.55,0.53,126.0,122.0,131.0,0.25,0.32,0.17,1.0,0.0,1.0,2.0,2.0,0.0,-1.0,-2.0,1.0,all,all,all,2026-06-16 12:05:00,https://www.vlr.gg/670474/team-vitality-vs-fut-esports-valorant-masters-london-2026-lr2,Valorant Masters London 2026
FUT,xeus,Raze,0.5,0.56,0.42,144.0,187.0,99.0,17.0,11.0,6.0,33.0,20.0,13.0,5.0,5.0,0.0,-16.0,-9.0,-7.0,0.57,0.6,0.53,93.0,118.0,59.0,0.39,0.43,0.32,1.0,1.0,0.0,3.0,2.0,1.0,-2.0,-1.0,-1.0,all,all,all,2026-06-16 12:05:00,https://www.vlr.gg/670474/team-vitality-vs-fut-esports-valorant-masters-london-2026-lr2,Valorant Masters London 2026
FUT,sociablEE,Omen,0.5,0.31,0.78,137.0,89.0,198.0,15.0,6.0,9.0,30.0,18.0,12.0,13.0,8.0,5.0,-15.0,-12.0,-3.0,0.63,0.55,0.73,80.0,49.0,122.0,0.2,0.22,0.19,1.0,0.0,1.0,6.0,2.0,4.0,-5.0,-2.0,-3.0,all,all,all,2026-06-16 12:05:00,https://www.vlr.gg/670474/team-vitality-vs-fut-esports-valorant-masters-london-2026-lr2,Valorant Masters London 2026
VIT,Derke,Jett,1.9,4.61,1.22,319.0,726.0,217.0,20.0,10.0,10.0,6.0,0.0,6.0,3.0,0.0,3.0,14.0,10.0,4.0,0.8,1.0,0.75,179.0,389.0,126.0,0.28,0.29,0.25,3.0,1.0,2.0,2.0,0.0,2.0,1.0,1.0,0.0,Ascent,267831,31:13,2026-06-16 12:05:00,https://www.vlr.gg/670474/team-vitality-vs-fut-esports-valorant-masters-london-2026-lr2,Valorant Masters London 2026
VIT,PROFEK,Omen,1.53,1.06,1.65,283.0,102.0,329.0,17.0,1.0,16.0,6.0,1.0,5.0,7.0,1.0,6.0,11.0,0.0,11.0,0.93,1.0,0.92,171.0,45.0,203.0,0.21,0.5,0.2,1.0,1.0,0.0,2.0,0.0,2.0,-1.0,1.0,-2.0,Ascent,267831,31:13,2026-06-16 12:05:00,https://www.vlr.gg/670474/team-vitality-vs-fut-esports-valorant-masters-london-2026-lr2,Valorant Masters London 2026
VIT,Chronicle,Vyse,1.42,2.08,1.25,302.0,362.0,287.0,16.0,4.0,12.0,10.0,2.0,8.0,11.0,3.0,8.0,6.0,2.0,4.0,0.93,1.0,0.92,214.0,271.0,200.0,0.19,0.18,0.2,2.0,1.0,1.0,0.0,0.0,0.0,2.0,1.0,1.0,Ascent,267831,31:13,2026-06-16 12:05:00,https://www.vlr.gg/670474/team-vitality-vs-fut-esports-valorant-masters-london-2026-lr2,Valorant Masters London 2026
VIT,Sayonara,Phoenix,1.27,0.29,1.52,205.0,58.0,242.0,11.0,0.0,11.0,6.0,2.0,4.0,6.0,3.0,3.0,5.0,-2.0,7.0,0.87,1.0,0.83,124.0,50.0,143.0,0.14,0.0,0.16,1.0,0.0,1.0,1.0,0.0,1.0,0.0,0.0,0.0,Ascent,267831,31:13,2026-06-16 12:05:00,https://www.vlr.gg/670474/team-vitality-vs-fut-esports-valorant-masters-london-2026-lr2,Valorant Masters London 2026
VIT,Jamppi,Sova,0.88,0.15,1.07,163.0,85.0,183.0,7.0,0.0,7.0,8.0,3.0,5.0,8.0,3.0,5.0,-1.0,-3.0,2.0,0.87,0.67,0.92,115.0,85.0,123.0,0.17,0.0,0.21,1.0,0.0,1.0,1.0,0.0,1.0,0.0,0.0,0.0,Ascent,267831,31:13,2026-06-16 12:05:00,https://www.vlr.gg/670474/team-vitality-vs-fut-esports-valorant-masters-london-2026-lr2,Valorant Masters London 2026
FUT,KROSTALY,Sova,0.96,0.95,0.98,251.0,239.0,303.0,13.0,11.0,2.0,14.0,11.0,3.0,2.0,2.0,0.0,-1.0,0.0,-1.0,0.73,0.75,0.67,177.0,175.0,187.0,0.42,0.36,0.75,3.0,3.0,0.0,2.0,0.0,2.0,1.0,3.0,-2.0,Ascent,267831,31:13,2026-06-16 12:05:00,https://www.vlr.gg/670474/team-vitality-vs-fut-esports-valorant-masters-london-2026-lr2,Valorant Masters London 2026
FUT,sociablEE,Omen,0.58,0.5,0.89,146.0,121.0,252.0,7.0,5.0,2.0,13.0,10.0,3.0,6.0,4.0,2.0,-6.0,-5.0,-1.0,0.6,0.5,1.0,85.0,70.0,145.0,0.15,0.19,0.08,0.0,0.0,0.0,2.0,1.0,1.0,-2.0,-1.0,-1.0,Ascent,267831,31:13,2026-06-16 12:05:00,https://www.vlr.gg/670474/team-vitality-vs-fut-esports-valorant-masters-london-2026-lr2,Valorant Masters London 2026
FUT,yetujey,Cypher,0.5,0.62,0.04,129.0,143.0,77.0,5.0,5.0,0.0,14.0,11.0,3.0,1.0,0.0,1.0,-9.0,-6.0,-3.0,0.4,0.42,0.33,99.0,105.0,77.0,0.45,0.53,0.2,0.0,0.0,0.0,1.0,1.0,0.0,-1.0,-1.0,0.0,Ascent,267831,31:13,2026-06-16 12:05:00,https://www.vlr.gg/670474/team-vitality-vs-fut-esports-valorant-masters-london-2026-lr2,Valorant Masters London 2026
FUT,s0pp,Jett,0.47,0.61,0.02,153.0,170.0,83.0,7.0,6.0,1.0,16.0,12.0,4.0,0.0,0.0,0.0,-9.0,-6.0,-3.0,0.47,0.5,0.33,96.0,111.0,35.0,0.44,0.4,1.0,4.0,4.0,0.0,4.0,3.0,1.0,0.0,1.0,-1.0,Ascent,267831,31:13,2026-06-16 12:05:00,https://www.vlr.gg/670474/team-vitality-vs-fut-esports-valorant-masters-london-2026-lr2,Valorant Masters London 2026
FUT,xeus,Sage,0.3,0.26,0.44,108.0,102.0,138.0,4.0,2.0,2.0,15.0,12.0,3.0,5.0,5.0,0.0,-11.0,-10.0,-1.0,0.6,0.58,0.67,72.0,74.0,68.0,0.45,0.4,0.6,0.0,0.0,0.0,0.0,0.0,0.0,0.0,0.0,0.0,Ascent,267831,31:13,2026-06-16 12:05:00,https://www.vlr.gg/670474/team-vitality-vs-fut-esports-valorant-masters-london-2026-lr2,Valorant Masters London 2026
EDG,CHICHOO,Viper,1.15,1.08,1.23,241.0,262.0,221.0,24.0,13.0,11.0,21.0,11.0,10.0,3.0,2.0,1.0,3.0,2.0,1.0,0.54,0.64,0.43,166.0,172.0,160.0,0.31,0.3,0.32,5.0,3.0,2.0,5.0,3.0,2.0,0.0,0.0,0.0,Breeze,267816,55:40,2026-06-19 09:00:00,https://www.vlr.gg/670470/edward-gaming-vs-paper-rex-valorant-masters-london-2026-ubf,Valorant Masters London 2026
EDG,ZmjjKK,Jett,0.97,1.18,0.76,201.0,255.0,149.0,19.0,13.0,6.0,21.0,11.0,10.0,4.0,1.0,3.0,-2.0,2.0,-4.0,0.64,0.79,0.5,133.0,162.0,103.0,0.23,0.32,0.13,3.0,1.0,2.0,5.0,3.0,2.0,-2.0,-2.0,0.0,Breeze,267816,55:40,2026-06-19 09:00:00,https://www.vlr.gg/670470/edward-gaming-vs-paper-rex-valorant-masters-london-2026-ubf,Valorant Masters London 2026
EDG,Jieni7,Kayo,0.87,0.76,0.98,188.0,170.0,206.0,17.0,8.0,9.0,23.0,12.0,11.0,12.0,7.0,5.0,-6.0,-4.0,-2.0,0.61,0.64,0.57,130.0,117.0,143.0,0.24,0.21,0.28,1.0,0.0,1.0,2.0,0.0,2.0,-1.0,0.0,-1.0,Breeze,267816,55:40,2026-06-19 09:00:00,https://www.vlr.gg/670470/edward-gaming-vs-paper-rex-valorant-masters-london-2026-ubf,Valorant Masters London 2026
EDG,nobody,Sova,0.75,0.88,0.62,146.0,153.0,140.0,15.0,8.0,7.0,20.0,9.0,11.0,3.0,2.0,1.0,-5.0,-1.0,-4.0,0.5,0.5,0.5,96.0,111.0,81.0,0.5,0.47,0.55,1.0,1.0,0.0,2.0,2.0,0.0,-1.0,-1.0,0.0,Breeze,267816,55:40,2026-06-19 09:00:00,https://www.vlr.gg/670470/edward-gaming-vs-paper-rex-valorant-masters-london-2026-ubf,Valorant Masters London 2026
EDG,Smoggy,Harbor,0.65,0.29,1.0,166.0,105.0,229.0,15.0,4.0,11.0,24.0,13.0,11.0,8.0,3.0,5.0,-9.0,-9.0,0.0,0.71,0.57,0.86,115.0,77.0,153.0,0.36,0.31,0.39,1.0,1.0,0.0,3.0,0.0,3.0,-2.0,1.0,-3.0,Breeze,267816,55:40,2026-06-19 09:00:00,https://www.vlr.gg/670470/edward-gaming-vs-paper-rex-valorant-masters-london-2026-ubf,Valorant Masters London 2026
PRX,Jinggg,Omen,1.55,1.27,1.84,280.0,240.0,320.0,30.0,14.0,16.0,16.0,8.0,8.0,12.0,3.0,9.0,14.0,6.0,8.0,0.82,0.71,0.93,183.0,150.0,217.0,0.35,0.34,0.36,2.0,1.0,1.0,2.0,2.0,0.0,0.0,-1.0,1.0,Breeze,267816,55:40,2026-06-19 09:00:00,https://www.vlr.gg/670470/edward-gaming-vs-paper-rex-valorant-masters-london-2026-ubf,Valorant Masters London 2026
PRX,something,Jett,1.2,0.96,1.44,255.0,236.0,275.0,25.0,12.0,13.0,19.0,10.0,9.0,4.0,2.0,2.0,6.0,2.0,4.0,0.82,0.79,0.86,162.0,144.0,180.0,0.24,0.25,0.23,5.0,2.0,3.0,2.0,1.0,1.0,3.0,1.0,2.0,Breeze,267816,55:40,2026-06-19 09:00:00,https://www.vlr.gg/670470/edward-gaming-vs-paper-rex-valorant-masters-london-2026-ubf,Valorant Masters London 2026
PRX,invy,Sova,1.04,0.78,1.3,179.0,102.0,258.0,19.0,5.0,14.0,17.0,8.0,9.0,6.0,3.0,3.0,2.0,-3.0,5.0,0.79,0.71,0.86,134.0,78.0,190.0,0.28,0.25,0.3,1.0,0.0,1.0,0.0,0.0,0.0,1.0,0.0,1.0,Breeze,267816,55:40,2026-06-19 09:00:00,https://www.vlr.gg/670470/edward-gaming-vs-paper-rex-valorant-masters-london-2026-ubf,Valorant Masters London 2026
PRX,d4v41,Viper,0.95,1.34,0.57,148.0,205.0,92.0,15.0,11.0,4.0,16.0,7.0,9.0,7.0,3.0,4.0,-1.0,4.0,-5.0,0.79,0.86,0.71,100.0,132.0,69.0,0.26,0.36,0.13,0.0,0.0,0.0,0.0,0.0,0.0,0.0,0.0,0.0,Breeze,267816,55:40,2026-06-19 09:00:00,https://www.vlr.gg/670470/edward-gaming-vs-paper-rex-valorant-masters-london-2026-ubf,Valorant Masters London 2026
PRX,f0rsakeN,Neon,0.9,0.93,0.87,220.0,230.0,211.0,20.0,11.0,9.0,22.0,11.0,11.0,10.0,5.0,5.0,-2.0,0.0,-2.0,0.82,0.79,0.86,141.0,137.0,145.0,0.3,0.29,0.32,9.0,6.0,3.0,7.0,2.0,5.0,2.0,4.0,-2.0,Breeze,267816,55:40,2026-06-19 09:00:00,https://www.vlr.gg/670470/edward-gaming-vs-paper-rex-valorant-masters-london-2026-ubf,Valorant Masters London 2026
EDG,Smoggy,Harbor,1.03,0.94,1.15,225.0,210.0,245.0,56.0,27.0,29.0,57.0,30.0,27.0,15.0,7.0,8.0,-1.0,-3.0,2.0,0.7,0.64,0.76,151.0,146.0,158.0,0.28,0.33,0.24,10.0,5.0,5.0,5.0,2.0,3.0,5.0,3.0,2.0,all,all,all,2026-06-19 09:00:00,https://www.vlr.gg/670470/edward-gaming-vs-paper-rex-valorant-masters-london-2026-ubf,Valorant Masters London 2026
EDG,CHICHOO,Viper,1.02,0.95,1.1,207.0,211.0,211.0,53.0,28.0,25.0,57.0,30.0,27.0,13.0,9.0,4.0,-4.0,-2.0,-2.0,0.58,0.59,0.56,145.0,134.0,158.0,0.3,0.32,0.28,7.0,5.0,2.0,9.0,5.0,4.0,-2.0,0.0,-2.0,all,all,all,2026-06-19 09:00:00,https://www.vlr.gg/670470/edward-gaming-vs-paper-rex-valorant-masters-london-2026-ubf,Valorant Masters London 2026
EDG,Jieni7,Kayo,0.84,0.88,0.8,182.0,199.0,165.0,46.0,28.0,18.0,56.0,31.0,25.0,22.0,10.0,12.0,-10.0,-3.0,-7.0,0.53,0.54,0.53,121.0,133.0,107.0,0.26,0.26,0.27,2.0,0.0,2.0,7.0,3.0,4.0,-5.0,-3.0,-2.0,all,all,all,2026-06-19 09:00:00,https://www.vlr.gg/670470/edward-gaming-vs-paper-rex-valorant-masters-london-2026-ubf,Valorant Masters London 2026
EDG,nobody,Sova,0.76,0.68,0.85,151.0,136.0,170.0,38.0,18.0,20.0,55.0,29.0,26.0,17.0,9.0,8.0,-17.0,-11.0,-6.0,0.59,0.54,0.65,103.0,99.0,107.0,0.37,0.34,0.4,4.0,2.0,2.0,7.0,6.0,1.0,-3.0,-4.0,1.0,all,all,all,2026-06-19 09:00:00,https://www.vlr.gg/670470/edward-gaming-vs-paper-rex-valorant-masters-london-2026-ubf,Valorant Masters London 2026
EDG,ZmjjKK,Jett,0.73,0.75,0.7,170.0,187.0,153.0,39.0,23.0,16.0,60.0,34.0,26.0,17.0,11.0,6.0,-21.0,-11.0,-10.0,0.62,0.67,0.56,115.0,128.0,100.0,0.21,0.23,0.18,9.0,3.0,6.0,13.0,8.0,5.0,-4.0,-5.0,1.0,all,all,all,2026-06-19 09:00:00,https://www.vlr.gg/670470/edward-gaming-vs-paper-rex-valorant-masters-london-2026-ubf,Valorant Masters London 2026
PRX,Jinggg,Omen,1.32,1.07,1.54,256.0,220.0,295.0,68.0,29.0,39.0,48.0,23.0,25.0,28.0,7.0,21.0,20.0,6.0,14.0,0.79,0.71,0.87,175.0,148.0,199.0,0.22,0.28,0.18,11.0,4.0,7.0,8.0,6.0,2.0,3.0,-2.0,5.0,all,all,all,2026-06-19 09:00:00,https://www.vlr.gg/670470/edward-gaming-vs-paper-rex-valorant-masters-london-2026-ubf,Valorant Masters London 2026
PRX,invy,Sova,1.23,1.11,1.34,218.0,187.0,234.0,58.0,22.0,36.0,43.0,20.0,23.0,31.0,14.0,17.0,15.0,2.0,13.0,0.84,0.85,0.82,145.0,129.0,158.0,0.25,0.29,0.22,4.0,1.0,3.0,2.0,1.0,1.0,2.0,0.0,2.0,all,all,all,2026-06-19 09:00:00,https://www.vlr.gg/670470/edward-gaming-vs-paper-rex-valorant-masters-london-2026-ubf,Valorant Masters London 2026
PRX,something,Jett,1.16,0.94,1.35,228.0,210.0,242.0,58.0,25.0,33.0,45.0,23.0,22.0,21.0,13.0,8.0,13.0,2.0,11.0,0.82,0.85,0.79,146.0,128.0,161.0,0.24,0.23,0.26,6.0,2.0,4.0,3.0,2.0,1.0,3.0,0.0,3.0,all,all,all,2026-06-19 09:00:00,https://www.vlr.gg/670470/edward-gaming-vs-paper-rex-valorant-masters-london-2026-ubf,Valorant Masters London 2026
PRX,d4v41,Viper,1.11,1.45,0.82,193.0,246.0,137.0,49.0,31.0,18.0,40.0,16.0,24.0,14.0,6.0,8.0,9.0,15.0,-6.0,0.74,0.79,0.69,132.0,174.0,94.0,0.32,0.42,0.21,5.0,3.0,2.0,4.0,2.0,2.0,1.0,1.0,0.0,all,all,all,2026-06-19 09:00:00,https://www.vlr.gg/670470/edward-gaming-vs-paper-rex-valorant-masters-london-2026-ubf,Valorant Masters London 2026
PRX,f0rsakeN,Neon,0.97,0.92,1.01,215.0,203.0,228.0,52.0,24.0,28.0,56.0,26.0,30.0,36.0,16.0,20.0,-4.0,-2.0,-2.0,0.82,0.79,0.85,139.0,123.0,154.0,0.27,0.28,0.26,15.0,7.0,8.0,15.0,6.0,9.0,0.0,1.0,-1.0,all,all,all,2026-06-19 09:00:00,https://www.vlr.gg/670470/edward-gaming-vs-paper-rex-valorant-masters-london-2026-ubf,Valorant Masters London 2026
EDG,Smoggy,Phoenix,1.63,1.66,1.59,302.0,316.0,289.0,29.0,16.0,13.0,17.0,7.0,10.0,4.0,1.0,3.0,12.0,9.0,3.0,0.77,0.77,0.77,197.0,213.0,180.0,0.32,0.37,0.27,5.0,2.0,3.0,1.0,1.0,0.0,4.0,1.0,3.0,Fracture,267817,57:34,2026-06-19 09:00:00,https://www.vlr.gg/670470/edward-gaming-vs-paper-rex-valorant-masters-london-2026-ubf,Valorant Masters London 2026
EDG,CHICHOO,Cypher,1.02,1.02,1.01,202.0,207.0,197.0,18.0,9.0,9.0,21.0,10.0,11.0,7.0,5.0,2.0,-3.0,-1.0,-2.0,0.62,0.62,0.62,137.0,128.0,146.0,0.33,0.47,0.24,2.0,2.0,0.0,2.0,1.0,1.0,0.0,1.0,-1.0,Fracture,267817,57:34,2026-06-19 09:00:00,https://www.vlr.gg/670470/edward-gaming-vs-paper-rex-valorant-masters-london-2026-ubf,Valorant Masters London 2026
EDG,Jieni7,Brimstone,0.89,1.21,0.57,175.0,233.0,119.0,16.0,12.0,4.0,17.0,8.0,9.0,8.0,2.0,6.0,-1.0,4.0,-5.0,0.54,0.62,0.46,111.0,146.0,76.0,0.27,0.24,0.33,0.0,0.0,0.0,2.0,0.0,2.0,-2.0,0.0,-2.0,Fracture,267817,57:34,2026-06-19 09:00:00,https://www.vlr.gg/670470/edward-gaming-vs-paper-rex-valorant-masters-london-2026-ubf,Valorant Masters London 2026
EDG,nobody,Fade,0.67,0.64,0.7,156.0,167.0,146.0,13.0,7.0,6.0,21.0,10.0,11.0,6.0,2.0,4.0,-8.0,-3.0,-5.0,0.58,0.54,0.62,103.0,120.0,86.0,0.33,0.27,0.38,3.0,1.0,2.0,3.0,3.0,0.0,0.0,-2.0,2.0,Fracture,267817,57:34,2026-06-19 09:00:00,https://www.vlr.gg/670470/edward-gaming-vs-paper-rex-valorant-masters-london-2026-ubf,Valorant Masters London 2026
EDG,ZmjjKK,Neon,0.55,0.36,0.74,135.0,114.0,157.0,10.0,3.0,7.0,21.0,11.0,10.0,10.0,8.0,2.0,-11.0,-8.0,-3.0,0.69,0.69,0.69,93.0,86.0,100.0,0.22,0.19,0.29,3.0,0.0,3.0,5.0,3.0,2.0,-2.0,-3.0,1.0,Fracture,267817,57:34,2026-06-19 09:00:00,https://www.vlr.gg/670470/edward-gaming-vs-paper-rex-valorant-masters-london-2026-ubf,Valorant Masters London 2026
PRX,Jinggg,Raze,1.36,1.27,1.45,262.0,242.0,283.0,25.0,13.0,12.0,17.0,8.0,9.0,8.0,2.0,6.0,8.0,5.0,3.0,0.77,0.77,0.77,175.0,162.0,188.0,0.19,0.32,0.13,6.0,2.0,4.0,4.0,3.0,1.0,2.0,-1.0,3.0,Fracture,267817,57:34,2026-06-19 09:00:00,https://www.vlr.gg/670470/edward-gaming-vs-paper-rex-valorant-masters-london-2026-ubf,Valorant Masters London 2026
PRX,invy,Breach,1.09,1.12,1.06,200.0,216.0,186.0,19.0,9.0,10.0,16.0,8.0,8.0,8.0,6.0,2.0,3.0,1.0,2.0,0.81,1.0,0.62,138.0,149.0,127.0,0.26,0.33,0.19,1.0,1.0,0.0,1.0,0.0,1.0,0.0,1.0,-1.0,Fracture,267817,57:34,2026-06-19 09:00:00,https://www.vlr.gg/670470/edward-gaming-vs-paper-rex-valorant-masters-london-2026-ubf,Valorant Masters London 2026
PRX,d4v41,Killjoy,1.02,1.26,0.78,192.0,246.0,139.0,18.0,12.0,6.0,15.0,6.0,9.0,2.0,1.0,1.0,3.0,6.0,-3.0,0.65,0.77,0.54,137.0,182.0,92.0,0.41,0.44,0.38,4.0,2.0,2.0,3.0,2.0,1.0,1.0,0.0,1.0,Fracture,267817,57:34,2026-06-19 09:00:00,https://www.vlr.gg/670470/edward-gaming-vs-paper-rex-valorant-masters-london-2026-ubf,Valorant Masters London 2026
PRX,f0rsakeN,Skye,0.99,0.96,1.03,222.0,177.0,268.0,19.0,8.0,11.0,21.0,9.0,12.0,15.0,8.0,7.0,-2.0,-1.0,-1.0,0.81,0.77,0.85,153.0,118.0,189.0,0.23,0.26,0.21,2.0,0.0,2.0,5.0,3.0,2.0,-3.0,-3.0,0.0,Fracture,267817,57:34,2026-06-19 09:00:00,https://www.vlr.gg/670470/edward-gaming-vs-paper-rex-valorant-masters-london-2026-ubf,Valorant Masters London 2026
PRX,something,Brimstone,0.98,1.04,0.92,184.0,215.0,154.0,16.0,9.0,7.0,17.0,8.0,9.0,13.0,9.0,4.0,-1.0,1.0,-2.0,0.77,0.92,0.62,127.0,134.0,120.0,0.31,0.24,0.41,0.0,0.0,0.0,0.0,0.0,0.0,0.0,0.0,0.0,Fracture,267817,57:34,2026-06-19 09:00:00,https://www.vlr.gg/670470/edward-gaming-vs-paper-rex-valorant-masters-london-2026-ubf,Valorant Masters London 2026
EDG,nobody,Skye,0.88,0.47,1.59,150.0,80.0,272.0,10.0,3.0,7.0,14.0,10.0,4.0,8.0,5.0,3.0,-4.0,-7.0,3.0,0.74,0.58,1.0,114.0,63.0,201.0,0.32,0.27,0.35,0.0,0.0,0.0,2.0,1.0,1.0,-2.0,-1.0,-1.0,Split,267818,43:18,2026-06-19 09:00:00,https://www.vlr.gg/670470/edward-gaming-vs-paper-rex-valorant-masters-london-2026-ubf,Valorant Masters London 2026
EDG,CHICHOO,Viper,0.82,0.7,1.02,178.0,156.0,216.0,11.0,6.0,5.0,15.0,9.0,6.0,3.0,2.0,1.0,-4.0,-3.0,-1.0,0.58,0.5,0.71,124.0,95.0,175.0,0.24,0.21,0.27,0.0,0.0,0.0,2.0,1.0,1.0,-2.0,-1.0,-1.0,Split,267818,43:18,2026-06-19 09:00:00,https://www.vlr.gg/670470/edward-gaming-vs-paper-rex-valorant-masters-london-2026-ubf,Valorant Masters London 2026
EDG,Smoggy,Raze,0.8,0.91,0.61,208.0,216.0,195.0,12.0,7.0,5.0,16.0,10.0,6.0,3.0,3.0,0.0,-4.0,-3.0,-1.0,0.58,0.58,0.57,144.0,154.0,127.0,0.19,0.29,0.09,4.0,2.0,2.0,1.0,1.0,0.0,3.0,1.0,2.0,Split,267818,43:18,2026-06-19 09:00:00,https://www.vlr.gg/670470/edward-gaming-vs-paper-rex-valorant-masters-london-2026-ubf,Valorant Masters London 2026
EDG,Jieni7,Omen,0.73,0.66,0.85,184.0,196.0,166.0,13.0,8.0,5.0,16.0,11.0,5.0,2.0,1.0,1.0,-3.0,-3.0,0.0,0.42,0.33,0.57,122.0,138.0,94.0,0.29,0.35,0.22,1.0,0.0,1.0,3.0,3.0,0.0,-2.0,-3.0,1.0,Split,267818,43:18,2026-06-19 09:00:00,https://www.vlr.gg/670470/edward-gaming-vs-paper-rex-valorant-masters-london-2026-ubf,Valorant Masters London 2026
EDG,ZmjjKK,Jett,0.6,0.67,0.48,175.0,187.0,155.0,10.0,7.0,3.0,18.0,12.0,6.0,3.0,2.0,1.0,-8.0,-5.0,-3.0,0.47,0.5,0.43,119.0,136.0,92.0,0.18,0.19,0.14,3.0,2.0,1.0,3.0,2.0,1.0,0.0,0.0,0.0,Split,267818,43:18,2026-06-19 09:00:00,https://www.vlr.gg/670470/edward-gaming-vs-paper-rex-valorant-masters-london-2026-ubf,Valorant Masters London 2026
PRX,invy,Skye,1.71,1.77,1.68,275.0,305.0,258.0,20.0,8.0,12.0,10.0,4.0,6.0,17.0,5.0,12.0,10.0,4.0,6.0,0.95,0.86,1.0,169.0,193.0,155.0,0.21,0.27,0.17,2.0,0.0,2.0,1.0,1.0,0.0,1.0,-1.0,2.0,Split,267818,43:18,2026-06-19 09:00:00,https://www.vlr.gg/670470/edward-gaming-vs-paper-rex-valorant-masters-london-2026-ubf,Valorant Masters London 2026
PRX,d4v41,Viper,1.48,2.03,1.16,240.0,329.0,189.0,16.0,8.0,8.0,9.0,3.0,6.0,5.0,2.0,3.0,7.0,5.0,2.0,0.79,0.71,0.83,170.0,244.0,127.0,0.27,0.44,0.15,1.0,1.0,0.0,1.0,0.0,1.0,0.0,1.0,-1.0,Split,267818,43:18,2026-06-19 09:00:00,https://www.vlr.gg/670470/edward-gaming-vs-paper-rex-valorant-masters-london-2026-ubf,Valorant Masters London 2026
PRX,something,Jett,1.34,0.71,1.71,244.0,149.0,299.0,17.0,4.0,13.0,9.0,5.0,4.0,4.0,2.0,2.0,8.0,-1.0,9.0,0.89,0.86,0.92,147.0,85.0,183.0,0.18,0.13,0.19,1.0,0.0,1.0,1.0,1.0,0.0,0.0,-1.0,1.0,Split,267818,43:18,2026-06-19 09:00:00,https://www.vlr.gg/670470/edward-gaming-vs-paper-rex-valorant-masters-london-2026-ubf,Valorant Masters London 2026
PRX,f0rsakeN,Omen,1.04,0.85,1.15,202.0,200.0,203.0,13.0,5.0,8.0,13.0,6.0,7.0,11.0,3.0,8.0,0.0,-1.0,1.0,0.84,0.86,0.83,118.0,104.0,126.0,0.29,0.31,0.28,4.0,1.0,3.0,3.0,1.0,2.0,1.0,0.0,1.0,Split,267818,43:18,2026-06-19 09:00:00,https://www.vlr.gg/670470/edward-gaming-vs-paper-rex-valorant-masters-london-2026-ubf,Valorant Masters London 2026
PRX,Jinggg,Raze,0.93,0.3,1.3,226.0,136.0,279.0,13.0,2.0,11.0,15.0,7.0,8.0,8.0,2.0,6.0,-2.0,-5.0,3.0,0.79,0.57,0.92,165.0,121.0,190.0,0.11,0.13,0.11,3.0,1.0,2.0,2.0,1.0,1.0,1.0,0.0,1.0,Split,267818,43:18,2026-06-19 09:00:00,https://www.vlr.gg/670470/edward-gaming-vs-paper-rex-valorant-masters-london-2026-ubf,Valorant Masters London 2026
VIT,Derke,Raze,1.19,0.27,1.57,224.0,100.0,276.0,12.0,1.0,11.0,13.0,5.0,8.0,4.0,1.0,3.0,-1.0,-4.0,3.0,0.65,0.6,0.67,156.0,101.0,179.0,0.18,0.18,0.17,2.0,0.0,2.0,4.0,1.0,3.0,-2.0,-1.0,-1.0,Lotus,267836,41:04,2026-06-19 12:35:00,https://www.vlr.gg/670476/team-vitality-vs-leviat-n-valorant-masters-london-2026-lr3,Valorant Masters London 2026
VIT,Sayonara,Viper,1.1,0.59,1.31,232.0,185.0,252.0,15.0,3.0,12.0,13.0,5.0,8.0,5.0,2.0,3.0,2.0,-2.0,4.0,0.88,0.8,0.92,140.0,128.0,145.0,0.33,0.17,0.42,2.0,1.0,1.0,2.0,2.0,0.0,0.0,-1.0,1.0,Lotus,267836,41:04,2026-06-19 12:35:00,https://www.vlr.gg/670476/team-vitality-vs-leviat-n-valorant-masters-london-2026-lr3,Valorant Masters London 2026
VIT,Jamppi,Fade,0.59,0.26,0.73,132.0,101.0,145.0,8.0,2.0,6.0,14.0,5.0,9.0,3.0,0.0,3.0,-6.0,-3.0,-3.0,0.59,0.4,0.67,75.0,64.0,80.0,0.24,0.22,0.25,0.0,0.0,0.0,1.0,0.0,1.0,-1.0,0.0,-1.0,Lotus,267836,41:04,2026-06-19 12:35:00,https://www.vlr.gg/670476/team-vitality-vs-leviat-n-valorant-masters-london-2026-lr3,Valorant Masters London 2026
VIT,Chronicle,Vyse,0.32,0.63,0.19,142.0,218.0,112.0,7.0,4.0,3.0,15.0,5.0,10.0,3.0,0.0,3.0,-8.0,-1.0,-7.0,0.59,0.6,0.58,93.0,125.0,79.0,0.19,0.8,0.05,1.0,0.0,1.0,5.0,1.0,4.0,-4.0,-1.0,-3.0,Lotus,267836,41:04,2026-06-19 12:35:00,https://www.vlr.gg/670476/team-vitality-vs-leviat-n-valorant-masters-london-2026-lr3,Valorant Masters London 2026
VIT,PROFEK,Omen,0.27,0.34,0.25,101.0,100.0,102.0,6.0,2.0,4.0,16.0,5.0,11.0,7.0,1.0,6.0,-10.0,-3.0,-7.0,0.59,0.4,0.67,59.0,55.0,61.0,0.1,0.0,0.14,0.0,0.0,0.0,0.0,0.0,0.0,0.0,0.0,0.0,Lotus,267836,41:04,2026-06-19 12:35:00,https://www.vlr.gg/670476/team-vitality-vs-leviat-n-valorant-masters-london-2026-lr3,Valorant Masters London 2026
LEV,Neon,Jett,1.77,1.65,2.08,292.0,272.0,342.0,19.0,13.0,6.0,8.0,6.0,2.0,4.0,2.0,2.0,11.0,7.0,4.0,0.94,0.92,1.0,201.0,197.0,212.0,0.5,0.56,0.33,2.0,0.0,2.0,1.0,1.0,0.0,1.0,-1.0,2.0,Lotus,267836,41:04,2026-06-19 12:35:00,https://www.vlr.gg/670476/team-vitality-vs-leviat-n-valorant-masters-london-2026-lr3,Valorant Masters London 2026
LEV,blowz,Skye,1.49,1.28,2.01,272.0,222.0,394.0,18.0,11.0,7.0,10.0,7.0,3.0,6.0,3.0,3.0,8.0,4.0,4.0,0.82,0.83,0.8,156.0,129.0,221.0,0.27,0.28,0.25,2.0,1.0,1.0,2.0,1.0,1.0,0.0,0.0,0.0,Lotus,267836,41:04,2026-06-19 12:35:00,https://www.vlr.gg/670476/team-vitality-vs-leviat-n-valorant-masters-london-2026-lr3,Valorant Masters London 2026
LEV,Sato,Raze,1.07,0.97,1.32,262.0,229.0,343.0,16.0,9.0,7.0,12.0,8.0,4.0,3.0,3.0,0.0,4.0,1.0,3.0,0.82,0.83,0.8,173.0,145.0,241.0,0.26,0.28,0.24,4.0,3.0,1.0,2.0,2.0,0.0,2.0,1.0,1.0,Lotus,267836,41:04,2026-06-19 12:35:00,https://www.vlr.gg/670476/team-vitality-vs-leviat-n-valorant-masters-london-2026-lr3,Valorant Masters London 2026
LEV,spike,Omen,0.98,1.1,0.69,151.0,192.0,54.0,9.0,8.0,1.0,9.0,7.0,2.0,8.0,6.0,2.0,0.0,1.0,-1.0,0.82,0.83,0.8,89.0,115.0,26.0,0.16,0.14,0.33,2.0,2.0,0.0,0.0,0.0,0.0,2.0,2.0,0.0,Lotus,267836,41:04,2026-06-19 12:35:00,https://www.vlr.gg/670476/team-vitality-vs-leviat-n-valorant-masters-london-2026-lr3,Valorant Masters London 2026
LEV,kiNgg,Vyse,0.91,0.62,1.61,142.0,123.0,191.0,9.0,5.0,4.0,9.0,8.0,1.0,4.0,3.0,1.0,0.0,-3.0,3.0,0.65,0.58,0.8,98.0,90.0,116.0,0.32,0.27,0.38,2.0,2.0,0.0,0.0,0.0,0.0,2.0,2.0,0.0,Lotus,267836,41:04,2026-06-19 12:35:00,https://www.vlr.gg/670476/team-vitality-vs-leviat-n-valorant-masters-london-2026-lr3,Valorant Masters London 2026
VIT,Derke,Raze,0.83,0.31,1.34,176.0,120.0,231.0,20.0,6.0,14.0,27.0,16.0,11.0,5.0,2.0,3.0,-7.0,-10.0,3.0,0.56,0.47,0.65,120.0,87.0,152.0,0.22,0.26,0.2,4.0,1.0,3.0,5.0,2.0,3.0,-1.0,-1.0,0.0,all,all,all,2026-06-19 12:35:00,https://www.vlr.gg/670476/team-vitality-vs-leviat-n-valorant-masters-london-2026-lr3,Valorant Masters London 2026
VIT,Sayonara,Viper,0.82,0.55,1.09,202.0,179.0,225.0,23.0,9.0,14.0,28.0,16.0,12.0,7.0,3.0,4.0,-5.0,-7.0,2.0,0.62,0.47,0.76,134.0,131.0,137.0,0.34,0.32,0.35,3.0,1.0,2.0,7.0,5.0,2.0,-4.0,-4.0,0.0,all,all,all,2026-06-19 12:35:00,https://www.vlr.gg/670476/team-vitality-vs-leviat-n-valorant-masters-london-2026-lr3,Valorant Masters London 2026
VIT,Chronicle,Vyse,0.79,1.09,0.49,202.0,252.0,153.0,23.0,15.0,8.0,26.0,12.0,14.0,4.0,0.0,4.0,-3.0,3.0,-6.0,0.65,0.65,0.65,128.0,161.0,95.0,0.24,0.33,0.15,1.0,0.0,1.0,7.0,3.0,4.0,-6.0,-3.0,-3.0,all,all,all,2026-06-19 12:35:00,https://www.vlr.gg/670476/team-vitality-vs-leviat-n-valorant-masters-london-2026-lr3,Valorant Masters London 2026
VIT,Jamppi,Fade,0.61,0.49,0.74,132.0,94.0,169.0,15.0,5.0,10.0,28.0,14.0,14.0,5.0,2.0,3.0,-13.0,-9.0,-4.0,0.56,0.41,0.71,77.0,61.0,93.0,0.28,0.24,0.32,1.0,1.0,0.0,3.0,2.0,1.0,-2.0,-1.0,-1.0,all,all,all,2026-06-19 12:35:00,https://www.vlr.gg/670476/team-vitality-vs-leviat-n-valorant-masters-london-2026-lr3,Valorant Masters London 2026
VIT,PROFEK,Omen,0.45,0.7,0.19,118.0,142.0,94.0,13.0,8.0,5.0,31.0,15.0,16.0,17.0,9.0,8.0,-18.0,-7.0,-11.0,0.56,0.53,0.59,74.0,87.0,61.0,0.14,0.19,0.09,1.0,1.0,0.0,2.0,1.0,1.0,-1.0,0.0,-1.0,all,all,all,2026-06-19 12:35:00,https://www.vlr.gg/670476/team-vitality-vs-leviat-n-valorant-masters-london-2026-lr3,Valorant Masters London 2026
LEV,blowz,Skye,1.42,1.57,1.28,247.0,256.0,238.0,32.0,18.0,14.0,20.0,9.0,11.0,10.0,4.0,6.0,12.0,9.0,3.0,0.79,0.88,0.71,148.0,154.0,141.0,0.28,0.33,0.22,6.0,2.0,4.0,2.0,1.0,1.0,4.0,1.0,3.0,all,all,all,2026-06-19 12:35:00,https://www.vlr.gg/670476/team-vitality-vs-leviat-n-valorant-masters-london-2026-lr3,Valorant Masters London 2026
LEV,Sato,Raze,1.36,0.94,1.78,274.0,202.0,347.0,34.0,11.0,23.0,19.0,11.0,8.0,7.0,5.0,2.0,15.0,0.0,15.0,0.85,0.88,0.82,179.0,128.0,230.0,0.26,0.3,0.25,7.0,4.0,3.0,3.0,3.0,0.0,4.0,1.0,3.0,all,all,all,2026-06-19 12:35:00,https://www.vlr.gg/670476/team-vitality-vs-leviat-n-valorant-masters-london-2026-lr3,Valorant Masters London 2026
LEV,spike,Omen,1.3,1.47,1.14,230.0,261.0,200.0,30.0,16.0,14.0,18.0,9.0,9.0,12.0,8.0,4.0,12.0,7.0,5.0,0.82,0.88,0.76,143.0,163.0,123.0,0.16,0.21,0.11,4.0,2.0,2.0,2.0,0.0,2.0,2.0,2.0,0.0,all,all,all,2026-06-19 12:35:00,https://www.vlr.gg/670476/team-vitality-vs-leviat-n-valorant-masters-london-2026-lr3,Valorant Masters London 2026
LEV,Neon,Jett,1.28,1.22,1.34,205.0,206.0,205.0,26.0,14.0,12.0,17.0,10.0,7.0,10.0,4.0,6.0,9.0,4.0,5.0,0.88,0.94,0.82,135.0,145.0,124.0,0.35,0.5,0.22,3.0,0.0,3.0,2.0,1.0,1.0,1.0,-1.0,2.0,all,all,all,2026-06-19 12:35:00,https://www.vlr.gg/670476/team-vitality-vs-leviat-n-valorant-masters-london-2026-lr3,Valorant Masters London 2026
LEV,kiNgg,Vyse,0.92,0.66,1.18,153.0,147.0,159.0,18.0,8.0,10.0,20.0,12.0,8.0,9.0,5.0,4.0,-2.0,-4.0,2.0,0.74,0.65,0.82,106.0,101.0,110.0,0.3,0.33,0.28,4.0,3.0,1.0,1.0,1.0,0.0,3.0,2.0,1.0,all,all,all,2026-06-19 12:35:00,https://www.vlr.gg/670476/team-vitality-vs-leviat-n-valorant-masters-london-2026-lr3,Valorant Masters London 2026
VIT,Chronicle,Viper,1.26,1.28,1.19,262.0,266.0,253.0,16.0,11.0,5.0,11.0,7.0,4.0,1.0,0.0,1.0,5.0,4.0,1.0,0.71,0.67,0.8,163.0,177.0,131.0,0.27,0.26,0.31,0.0,0.0,0.0,2.0,2.0,0.0,-2.0,-2.0,0.0,Split,267837,36:54,2026-06-19 12:35:00,https://www.vlr.gg/670476/team-vitality-vs-leviat-n-valorant-masters-london-2026-lr3,Valorant Masters London 2026
VIT,Jamppi,Skye,0.64,0.58,0.79,131.0,91.0,228.0,7.0,3.0,4.0,14.0,9.0,5.0,2.0,2.0,0.0,-7.0,-6.0,-1.0,0.53,0.42,0.8,80.0,61.0,127.0,0.36,0.25,0.5,1.0,1.0,0.0,2.0,2.0,0.0,-1.0,-1.0,0.0,Split,267837,36:54,2026-06-19 12:35:00,https://www.vlr.gg/670476/team-vitality-vs-leviat-n-valorant-masters-london-2026-lr3,Valorant Masters London 2026
VIT,PROFEK,Omen,0.62,0.86,0.06,134.0,159.0,75.0,7.0,6.0,1.0,15.0,10.0,5.0,10.0,8.0,2.0,-8.0,-4.0,-4.0,0.53,0.58,0.4,89.0,100.0,61.0,0.18,0.26,0.0,1.0,1.0,0.0,2.0,1.0,1.0,-1.0,0.0,-1.0,Split,267837,36:54,2026-06-19 12:35:00,https://www.vlr.gg/670476/team-vitality-vs-leviat-n-valorant-masters-london-2026-lr3,Valorant Masters London 2026
VIT,Sayonara,Raze,0.54,0.53,0.56,171.0,177.0,161.0,8.0,6.0,2.0,15.0,11.0,4.0,2.0,1.0,1.0,-7.0,-5.0,-2.0,0.35,0.33,0.4,127.0,132.0,116.0,0.34,0.42,0.2,1.0,0.0,1.0,5.0,3.0,2.0,-4.0,-3.0,-1.0,Split,267837,36:54,2026-06-19 12:35:00,https://www.vlr.gg/670476/team-vitality-vs-leviat-n-valorant-masters-london-2026-lr3,Valorant Masters London 2026
VIT,Derke,Jett,0.46,0.33,0.79,127.0,129.0,124.0,8.0,5.0,3.0,14.0,11.0,3.0,1.0,1.0,0.0,-6.0,-6.0,0.0,0.47,0.42,0.6,84.0,81.0,90.0,0.33,0.33,0.33,2.0,1.0,1.0,1.0,1.0,0.0,1.0,0.0,1.0,Split,267837,36:54,2026-06-19 12:35:00,https://www.vlr.gg/670476/team-vitality-vs-leviat-n-valorant-masters-london-2026-lr3,Valorant Masters London 2026
LEV,Sato,Phoenix,1.64,0.86,1.97,285.0,137.0,348.0,18.0,2.0,16.0,7.0,3.0,4.0,4.0,2.0,2.0,11.0,-1.0,12.0,0.88,1.0,0.83,186.0,89.0,226.0,0.27,0.4,0.25,3.0,1.0,2.0,1.0,1.0,0.0,2.0,0.0,2.0,Split,267837,36:54,2026-06-19 12:35:00,https://www.vlr.gg/670476/team-vitality-vs-leviat-n-valorant-masters-london-2026-lr3,Valorant Masters London 2026
LEV,spike,Neon,1.63,2.35,1.34,309.0,427.0,261.0,21.0,8.0,13.0,9.0,2.0,7.0,4.0,2.0,2.0,12.0,6.0,6.0,0.82,1.0,0.75,197.0,278.0,164.0,0.16,0.29,0.1,2.0,0.0,2.0,2.0,0.0,2.0,0.0,0.0,0.0,Split,267837,36:54,2026-06-19 12:35:00,https://www.vlr.gg/670476/team-vitality-vs-leviat-n-valorant-masters-london-2026-lr3,Valorant Masters London 2026
LEV,blowz,Fade,1.36,2.29,0.97,221.0,337.0,173.0,14.0,7.0,7.0,10.0,2.0,8.0,4.0,1.0,3.0,4.0,5.0,-1.0,0.76,1.0,0.67,139.0,215.0,108.0,0.29,0.41,0.19,4.0,1.0,3.0,0.0,0.0,0.0,4.0,1.0,3.0,Split,267837,36:54,2026-06-19 12:35:00,https://www.vlr.gg/670476/team-vitality-vs-leviat-n-valorant-masters-london-2026-lr3,Valorant Masters London 2026
LEV,kiNgg,Viper,0.93,0.74,1.0,163.0,205.0,145.0,9.0,3.0,6.0,11.0,4.0,7.0,5.0,2.0,3.0,-2.0,-1.0,-1.0,0.82,0.8,0.83,113.0,129.0,107.0,0.29,0.43,0.24,2.0,1.0,1.0,1.0,1.0,0.0,1.0,0.0,1.0,Split,267837,36:54,2026-06-19 12:35:00,https://www.vlr.gg/670476/team-vitality-vs-leviat-n-valorant-masters-london-2026-lr3,Valorant Masters London 2026
LEV,Neon,Omen,0.79,0.21,1.03,118.0,46.0,148.0,7.0,1.0,6.0,9.0,4.0,5.0,6.0,2.0,4.0,-2.0,-3.0,1.0,0.82,1.0,0.75,68.0,22.0,88.0,0.17,0.0,0.19,1.0,0.0,1.0,1.0,0.0,1.0,0.0,0.0,0.0,Split,267837,36:54,2026-06-19 12:35:00,https://www.vlr.gg/670476/team-vitality-vs-leviat-n-valorant-masters-london-2026-lr3,Valorant Masters London 2026
EDG,ZmjjKK,Neon,0.87,0.75,1.11,193.0,167.0,246.0,13.0,7.0,6.0,14.0,10.0,4.0,3.0,3.0,0.0,-1.0,-3.0,2.0,0.72,0.75,0.67,121.0,105.0,154.0,0.2,0.25,0.13,3.0,1.0,2.0,3.0,2.0,1.0,0.0,-1.0,1.0,Haven,267839,34:20,2026-06-20 09:00:00,https://www.vlr.gg/670477/edward-gaming-vs-leviat-n-valorant-masters-london-2026-lbf,Valorant Masters London 2026
EDG,Jieni7,Cypher,0.66,0.64,0.71,150.0,138.0,176.0,10.0,6.0,4.0,15.0,10.0,5.0,3.0,3.0,0.0,-5.0,-4.0,-1.0,0.61,0.58,0.67,99.0,91.0,115.0,0.36,0.36,0.36,1.0,1.0,0.0,2.0,2.0,0.0,-1.0,-1.0,0.0,Haven,267839,34:20,2026-06-20 09:00:00,https://www.vlr.gg/670477/edward-gaming-vs-leviat-n-valorant-masters-london-2026-lbf,Valorant Masters London 2026
EDG,Smoggy,Raze,0.59,0.41,0.97,187.0,153.0,257.0,11.0,6.0,5.0,16.0,12.0,4.0,2.0,1.0,1.0,-5.0,-6.0,1.0,0.67,0.5,1.0,134.0,106.0,191.0,0.27,0.27,0.26,3.0,2.0,1.0,1.0,1.0,0.0,2.0,1.0,1.0,Haven,267839,34:20,2026-06-20 09:00:00,https://www.vlr.gg/670477/edward-gaming-vs-leviat-n-valorant-masters-london-2026-lbf,Valorant Masters London 2026
EDG,nobody,Skye,0.57,0.35,1.01,161.0,140.0,203.0,10.0,5.0,5.0,15.0,12.0,3.0,5.0,3.0,2.0,-5.0,-7.0,2.0,0.67,0.58,0.83,97.0,84.0,121.0,0.28,0.32,0.23,1.0,0.0,1.0,3.0,2.0,1.0,-2.0,-2.0,0.0,Haven,267839,34:20,2026-06-20 09:00:00,https://www.vlr.gg/670477/edward-gaming-vs-leviat-n-valorant-masters-london-2026-lbf,Valorant Masters London 2026
EDG,CHICHOO,Omen,0.49,0.44,0.59,71.0,80.0,56.0,3.0,2.0,1.0,12.0,10.0,2.0,7.0,6.0,1.0,-9.0,-8.0,-1.0,0.61,0.58,0.67,63.0,61.0,66.0,0.13,0.14,0.11,0.0,0.0,0.0,1.0,1.0,0.0,-1.0,-1.0,0.0,Haven,267839,34:20,2026-06-20 09:00:00,https://www.vlr.gg/670477/edward-gaming-vs-leviat-n-valorant-masters-london-2026-lbf,Valorant Masters London 2026
LEV,kiNgg,Astra,1.46,1.34,1.51,177.0,177.0,177.0,12.0,4.0,8.0,5.0,3.0,2.0,11.0,2.0,9.0,7.0,1.0,6.0,0.78,0.5,0.92,113.0,107.0,117.0,0.41,0.4,0.42,2.0,1.0,1.0,2.0,0.0,2.0,0.0,1.0,-1.0,Haven,267839,34:20,2026-06-20 09:00:00,https://www.vlr.gg/670477/edward-gaming-vs-leviat-n-valorant-masters-london-2026-lbf,Valorant Masters London 2026
LEV,Sato,Phoenix,1.37,0.89,1.61,279.0,216.0,311.0,18.0,4.0,14.0,13.0,5.0,8.0,7.0,1.0,6.0,5.0,-1.0,6.0,0.72,0.67,0.75,178.0,157.0,189.0,0.45,0.46,0.44,1.0,0.0,1.0,1.0,0.0,1.0,0.0,0.0,0.0,Haven,267839,34:20,2026-06-20 09:00:00,https://www.vlr.gg/670477/edward-gaming-vs-leviat-n-valorant-masters-london-2026-lbf,Valorant Masters London 2026
LEV,Neon,Chamber,1.33,1.36,1.32,194.0,228.0,178.0,14.0,5.0,9.0,7.0,3.0,4.0,3.0,2.0,1.0,7.0,2.0,5.0,0.72,0.67,0.75,117.0,138.0,107.0,0.39,0.44,0.36,2.0,1.0,1.0,3.0,2.0,1.0,-1.0,-1.0,0.0,Haven,267839,34:20,2026-06-20 09:00:00,https://www.vlr.gg/670477/edward-gaming-vs-leviat-n-valorant-masters-london-2026-lbf,Valorant Masters London 2026
LEV,spike,Neon,1.3,0.2,1.86,303.0,75.0,417.0,18.0,1.0,17.0,14.0,5.0,9.0,10.0,3.0,7.0,4.0,-4.0,8.0,0.78,0.5,0.92,175.0,44.0,241.0,0.2,0.0,0.21,5.0,0.0,5.0,2.0,2.0,0.0,3.0,-2.0,5.0,Haven,267839,34:20,2026-06-20 09:00:00,https://www.vlr.gg/670477/edward-gaming-vs-leviat-n-valorant-masters-london-2026-lbf,Valorant Masters London 2026
LEV,blowz,Sova,1.21,0.96,1.34,158.0,177.0,149.0,10.0,4.0,6.0,8.0,5.0,3.0,9.0,2.0,7.0,2.0,-1.0,3.0,0.89,0.83,0.92,109.0,92.0,118.0,0.12,0.0,0.3,0.0,0.0,0.0,0.0,0.0,0.0,0.0,0.0,0.0,Haven,267839,34:20,2026-06-20 09:00:00,https://www.vlr.gg/670477/edward-gaming-vs-leviat-n-valorant-masters-london-2026-lbf,Valorant Masters London 2026
EDG,nobody,Skye,0.94,0.91,0.99,204.0,186.0,234.0,46.0,25.0,21.0,50.0,27.0,23.0,18.0,10.0,8.0,-4.0,-2.0,-2.0,0.73,0.72,0.75,128.0,110.0,152.0,0.34,0.37,0.32,7.0,2.0,5.0,8.0,4.0,4.0,-1.0,-2.0,1.0,all,all,all,2026-06-20 09:00:00,https://www.vlr.gg/670477/edward-gaming-vs-leviat-n-valorant-masters-london-2026-lbf,Valorant Masters London 2026
EDG,ZmjjKK,Neon,0.92,0.94,0.89,211.0,207.0,218.0,49.0,28.0,21.0,50.0,26.0,24.0,11.0,9.0,2.0,-1.0,2.0,-3.0,0.69,0.75,0.61,133.0,125.0,143.0,0.21,0.19,0.24,7.0,2.0,5.0,10.0,7.0,3.0,-3.0,-5.0,2.0,all,all,all,2026-06-20 09:00:00,https://www.vlr.gg/670477/edward-gaming-vs-leviat-n-valorant-masters-london-2026-lbf,Valorant Masters London 2026
EDG,CHICHOO,Omen,0.77,0.88,0.62,138.0,146.0,142.0,29.0,16.0,13.0,46.0,24.0,22.0,24.0,16.0,8.0,-17.0,-8.0,-9.0,0.67,0.72,0.61,108.0,112.0,103.0,0.21,0.2,0.21,1.0,0.0,1.0,3.0,2.0,1.0,-2.0,-2.0,0.0,all,all,all,2026-06-20 09:00:00,https://www.vlr.gg/670477/edward-gaming-vs-leviat-n-valorant-masters-london-2026-lbf,Valorant Masters London 2026
EDG,Smoggy,Raze,0.72,0.58,0.89,189.0,171.0,213.0,38.0,19.0,19.0,55.0,33.0,22.0,17.0,10.0,7.0,-17.0,-14.0,-3.0,0.66,0.64,0.68,131.0,115.0,152.0,0.23,0.2,0.28,8.0,6.0,2.0,9.0,8.0,1.0,-1.0,-2.0,1.0,all,all,all,2026-06-20 09:00:00,https://www.vlr.gg/670477/edward-gaming-vs-leviat-n-valorant-masters-london-2026-lbf,Valorant Masters London 2026
EDG,Jieni7,Cypher,0.69,0.73,0.63,139.0,137.0,143.0,34.0,19.0,15.0,50.0,27.0,23.0,18.0,13.0,5.0,-16.0,-8.0,-8.0,0.64,0.64,0.64,90.0,86.0,96.0,0.3,0.3,0.3,3.0,1.0,2.0,8.0,4.0,4.0,-5.0,-3.0,-2.0,all,all,all,2026-06-20 09:00:00,https://www.vlr.gg/670477/edward-gaming-vs-leviat-n-valorant-masters-london-2026-lbf,Valorant Masters London 2026
LEV,kiNgg,Astra,1.43,1.33,1.5,219.0,227.0,221.0,51.0,24.0,27.0,27.0,14.0,13.0,26.0,7.0,19.0,24.0,10.0,14.0,0.81,0.79,0.83,151.0,148.0,153.0,0.27,0.19,0.34,5.0,2.0,3.0,3.0,0.0,3.0,2.0,2.0,0.0,all,all,all,2026-06-20 09:00:00,https://www.vlr.gg/670477/edward-gaming-vs-leviat-n-valorant-masters-london-2026-lbf,Valorant Masters London 2026
LEV,Neon,Chamber,1.25,1.34,1.19,228.0,259.0,211.0,53.0,26.0,27.0,37.0,17.0,20.0,15.0,8.0,7.0,16.0,9.0,7.0,0.77,0.79,0.75,148.0,162.0,137.0,0.32,0.29,0.36,15.0,6.0,9.0,9.0,4.0,5.0,6.0,2.0,4.0,all,all,all,2026-06-20 09:00:00,https://www.vlr.gg/670477/edward-gaming-vs-leviat-n-valorant-masters-london-2026-lbf,Valorant Masters London 2026
LEV,spike,Neon,1.18,0.94,1.36,268.0,224.0,299.0,57.0,21.0,36.0,49.0,22.0,27.0,27.0,11.0,16.0,8.0,-1.0,9.0,0.78,0.71,0.83,171.0,141.0,194.0,0.21,0.25,0.19,13.0,4.0,9.0,8.0,7.0,1.0,5.0,-3.0,8.0,all,all,all,2026-06-20 09:00:00,https://www.vlr.gg/670477/edward-gaming-vs-leviat-n-valorant-masters-london-2026-lbf,Valorant Masters London 2026
LEV,Sato,Phoenix,1.12,1.2,1.06,236.0,246.0,218.0,53.0,25.0,28.0,46.0,20.0,26.0,24.0,9.0,15.0,7.0,5.0,2.0,0.83,0.86,0.81,149.0,167.0,135.0,0.35,0.35,0.34,4.0,1.0,3.0,4.0,2.0,2.0,0.0,-1.0,1.0,all,all,all,2026-06-20 09:00:00,https://www.vlr.gg/670477/edward-gaming-vs-leviat-n-valorant-masters-london-2026-lbf,Valorant Masters London 2026
LEV,blowz,Sova,1.07,1.11,1.04,165.0,170.0,163.0,37.0,18.0,19.0,37.0,16.0,21.0,24.0,11.0,13.0,0.0,2.0,-2.0,0.81,0.82,0.81,113.0,106.0,119.0,0.29,0.24,0.36,1.0,0.0,1.0,2.0,2.0,0.0,-1.0,-2.0,1.0,all,all,all,2026-06-20 09:00:00,https://www.vlr.gg/670477/edward-gaming-vs-leviat-n-valorant-masters-london-2026-lbf,Valorant Masters London 2026
EDG,nobody,Fade,1.16,1.6,0.62,251.0,288.0,208.0,20.0,14.0,6.0,17.0,7.0,10.0,6.0,3.0,3.0,3.0,7.0,-4.0,0.73,0.75,0.7,157.0,165.0,147.0,0.45,0.38,0.56,3.0,1.0,2.0,2.0,1.0,1.0,1.0,0.0,1.0,Pearl,267840,46:57,2026-06-20 09:00:00,https://www.vlr.gg/670477/edward-gaming-vs-leviat-n-valorant-masters-london-2026-lbf,Valorant Masters London 2026
EDG,ZmjjKK,Jett,0.98,1.36,0.51,246.0,293.0,191.0,19.0,13.0,6.0,18.0,8.0,10.0,6.0,5.0,1.0,1.0,5.0,-4.0,0.68,0.83,0.5,157.0,174.0,136.0,0.18,0.18,0.2,3.0,1.0,2.0,4.0,2.0,2.0,-1.0,-1.0,0.0,Pearl,267840,46:57,2026-06-20 09:00:00,https://www.vlr.gg/670477/edward-gaming-vs-leviat-n-valorant-masters-london-2026-lbf,Valorant Masters London 2026
EDG,Smoggy,Phoenix,0.89,0.72,1.1,194.0,149.0,248.0,13.0,5.0,8.0,18.0,10.0,8.0,9.0,7.0,2.0,-5.0,-5.0,0.0,0.73,0.83,0.6,136.0,117.0,159.0,0.27,0.12,0.47,1.0,0.0,1.0,5.0,5.0,0.0,-4.0,-5.0,1.0,Pearl,267840,46:57,2026-06-20 09:00:00,https://www.vlr.gg/670477/edward-gaming-vs-leviat-n-valorant-masters-london-2026-lbf,Valorant Masters London 2026
EDG,CHICHOO,Astra,0.75,1.03,0.41,146.0,138.0,156.0,11.0,6.0,5.0,16.0,6.0,10.0,6.0,5.0,1.0,-5.0,0.0,-5.0,0.64,0.75,0.5,100.0,106.0,94.0,0.21,0.2,0.22,0.0,0.0,0.0,0.0,0.0,0.0,0.0,0.0,0.0,Pearl,267840,46:57,2026-06-20 09:00:00,https://www.vlr.gg/670477/edward-gaming-vs-leviat-n-valorant-masters-london-2026-lbf,Valorant Masters London 2026
EDG,Jieni7,Vyse,0.54,0.57,0.51,112.0,122.0,102.0,10.0,6.0,4.0,18.0,10.0,8.0,3.0,2.0,1.0,-8.0,-4.0,-4.0,0.45,0.5,0.4,76.0,80.0,71.0,0.3,0.31,0.29,1.0,0.0,1.0,3.0,2.0,1.0,-2.0,-2.0,0.0,Pearl,267840,46:57,2026-06-20 09:00:00,https://www.vlr.gg/670477/edward-gaming-vs-leviat-n-valorant-masters-london-2026-lbf,Valorant Masters London 2026
LEV,Sato,Phoenix,1.66,2.22,1.19,315.0,431.0,219.0,26.0,16.0,10.0,14.0,6.0,8.0,9.0,6.0,3.0,12.0,10.0,2.0,0.86,0.9,0.83,204.0,287.0,136.0,0.32,0.33,0.3,2.0,0.0,2.0,0.0,0.0,0.0,2.0,0.0,2.0,Pearl,267840,46:57,2026-06-20 09:00:00,https://www.vlr.gg/670477/edward-gaming-vs-leviat-n-valorant-masters-london-2026-lbf,Valorant Masters London 2026
LEV,kiNgg,Astra,1.17,1.47,0.92,180.0,212.0,153.0,15.0,9.0,6.0,11.0,4.0,7.0,5.0,2.0,3.0,4.0,5.0,-1.0,0.68,0.8,0.58,127.0,150.0,108.0,0.28,0.32,0.25,1.0,1.0,0.0,0.0,0.0,0.0,1.0,1.0,0.0,Pearl,267840,46:57,2026-06-20 09:00:00,https://www.vlr.gg/670477/edward-gaming-vs-leviat-n-valorant-masters-london-2026-lbf,Valorant Masters London 2026
LEV,Neon,Chamber,1.07,1.3,0.88,232.0,264.0,206.0,17.0,9.0,8.0,16.0,6.0,10.0,6.0,3.0,3.0,1.0,3.0,-2.0,0.77,0.9,0.67,148.0,159.0,139.0,0.24,0.15,0.36,8.0,3.0,5.0,3.0,2.0,1.0,5.0,1.0,4.0,Pearl,267840,46:57,2026-06-20 09:00:00,https://www.vlr.gg/670477/edward-gaming-vs-leviat-n-valorant-masters-london-2026-lbf,Valorant Masters London 2026
LEV,spike,Neon,1.04,1.1,1.0,236.0,229.0,243.0,17.0,8.0,9.0,18.0,8.0,10.0,10.0,4.0,6.0,-1.0,0.0,-1.0,0.77,0.8,0.75,166.0,149.0,181.0,0.23,0.32,0.16,3.0,0.0,3.0,3.0,2.0,1.0,0.0,-2.0,2.0,Pearl,267840,46:57,2026-06-20 09:00:00,https://www.vlr.gg/670477/edward-gaming-vs-leviat-n-valorant-masters-london-2026-lbf,Valorant Masters London 2026
LEV,blowz,Sova,0.96,0.9,1.01,172.0,130.0,208.0,12.0,4.0,8.0,14.0,5.0,9.0,6.0,3.0,3.0,-2.0,-1.0,-1.0,0.68,0.7,0.67,128.0,90.0,160.0,0.3,0.2,0.36,0.0,0.0,0.0,2.0,2.0,0.0,-2.0,-2.0,0.0,Pearl,267840,46:57,2026-06-20 09:00:00,https://www.vlr.gg/670477/edward-gaming-vs-leviat-n-valorant-masters-london-2026-lbf,Valorant Masters London 2026
EDG,nobody,Skye,1.03,0.76,1.29,200.0,129.0,271.0,16.0,6.0,10.0,18.0,8.0,10.0,7.0,4.0,3.0,-2.0,-2.0,0.0,0.79,0.83,0.75,126.0,80.0,171.0,0.29,0.4,0.26,3.0,1.0,2.0,3.0,1.0,2.0,0.0,0.0,0.0,Split,267841,52:34,2026-06-20 09:00:00,https://www.vlr.gg/670477/edward-gaming-vs-leviat-n-valorant-masters-london-2026-lbf,Valorant Masters London 2026
EDG,CHICHOO,Viper,0.99,1.17,0.8,197.0,221.0,174.0,15.0,8.0,7.0,18.0,8.0,10.0,11.0,5.0,6.0,-3.0,0.0,-3.0,0.75,0.83,0.67,148.0,168.0,128.0,0.24,0.23,0.25,1.0,0.0,1.0,2.0,1.0,1.0,-1.0,-1.0,0.0,Split,267841,52:34,2026-06-20 09:00:00,https://www.vlr.gg/670477/edward-gaming-vs-leviat-n-valorant-masters-london-2026-lbf,Valorant Masters London 2026
EDG,ZmjjKK,Jett,0.9,0.7,1.09,194.0,162.0,227.0,17.0,8.0,9.0,18.0,8.0,10.0,2.0,1.0,1.0,-1.0,0.0,-1.0,0.67,0.67,0.67,119.0,95.0,142.0,0.26,0.17,0.38,1.0,0.0,1.0,3.0,3.0,0.0,-2.0,-3.0,1.0,Split,267841,52:34,2026-06-20 09:00:00,https://www.vlr.gg/670477/edward-gaming-vs-leviat-n-valorant-masters-london-2026-lbf,Valorant Masters London 2026
EDG,Jieni7,Omen,0.84,0.98,0.7,155.0,151.0,160.0,14.0,7.0,7.0,17.0,7.0,10.0,12.0,8.0,4.0,-3.0,0.0,-3.0,0.83,0.83,0.83,97.0,86.0,107.0,0.25,0.24,0.26,1.0,0.0,1.0,3.0,0.0,3.0,-2.0,0.0,-2.0,Split,267841,52:34,2026-06-20 09:00:00,https://www.vlr.gg/670477/edward-gaming-vs-leviat-n-valorant-masters-london-2026-lbf,Valorant Masters London 2026
EDG,Smoggy,Raze,0.65,0.62,0.67,186.0,211.0,163.0,14.0,8.0,6.0,21.0,11.0,10.0,6.0,2.0,4.0,-7.0,-3.0,-4.0,0.58,0.58,0.58,125.0,124.0,126.0,0.19,0.21,0.17,4.0,4.0,0.0,3.0,2.0,1.0,1.0,2.0,-1.0,Split,267841,52:34,2026-06-20 09:00:00,https://www.vlr.gg/670477/edward-gaming-vs-leviat-n-valorant-masters-london-2026-lbf,Valorant Masters London 2026
LEV,kiNgg,Viper,1.64,1.22,2.07,299.0,265.0,333.0,24.0,11.0,13.0,11.0,7.0,4.0,10.0,3.0,7.0,13.0,4.0,9.0,0.96,0.92,1.0,200.0,166.0,235.0,0.21,0.06,0.35,2.0,0.0,2.0,1.0,0.0,1.0,1.0,0.0,1.0,Split,267841,52:34,2026-06-20 09:00:00,https://www.vlr.gg/670477/edward-gaming-vs-leviat-n-valorant-masters-london-2026-lbf,Valorant Masters London 2026
LEV,Neon,Omen,1.36,1.36,1.36,258.0,269.0,249.0,22.0,12.0,10.0,14.0,8.0,6.0,6.0,3.0,3.0,8.0,4.0,4.0,0.79,0.75,0.83,170.0,176.0,164.0,0.34,0.32,0.36,5.0,2.0,3.0,3.0,0.0,3.0,2.0,2.0,0.0,Split,267841,52:34,2026-06-20 09:00:00,https://www.vlr.gg/670477/edward-gaming-vs-leviat-n-valorant-masters-london-2026-lbf,Valorant Masters London 2026
LEV,spike,Neon,1.2,1.17,1.23,266.0,294.0,238.0,22.0,12.0,10.0,17.0,9.0,8.0,7.0,4.0,3.0,5.0,3.0,2.0,0.79,0.75,0.83,171.0,183.0,159.0,0.21,0.23,0.19,5.0,4.0,1.0,3.0,3.0,0.0,2.0,1.0,1.0,Split,267841,52:34,2026-06-20 09:00:00,https://www.vlr.gg/670477/edward-gaming-vs-leviat-n-valorant-masters-london-2026-lbf,Valorant Masters London 2026
LEV,blowz,Fade,1.07,1.36,0.77,166.0,200.0,133.0,15.0,10.0,5.0,15.0,6.0,9.0,9.0,6.0,3.0,0.0,4.0,-4.0,0.88,0.92,0.83,103.0,126.0,81.0,0.44,0.45,0.42,1.0,0.0,1.0,0.0,0.0,0.0,1.0,0.0,1.0,Split,267841,52:34,2026-06-20 09:00:00,https://www.vlr.gg/670477/edward-gaming-vs-leviat-n-valorant-masters-london-2026-lbf,Valorant Masters London 2026
LEV,Sato,Phoenix,0.44,0.5,0.39,114.0,107.0,123.0,9.0,5.0,4.0,19.0,9.0,10.0,8.0,2.0,6.0,-10.0,-4.0,-6.0,0.88,0.92,0.83,77.0,72.0,81.0,0.27,0.33,0.21,1.0,1.0,0.0,3.0,2.0,1.0,-2.0,-1.0,-1.0,Split,267841,52:34,2026-06-20 09:00:00,https://www.vlr.gg/670477/edward-gaming-vs-leviat-n-valorant-masters-london-2026-lbf,Valorant Masters London 2026
PRX,Jinggg,Raze,1.85,2.1,1.78,343.0,344.0,344.0,19.0,5.0,14.0,9.0,2.0,7.0,5.0,0.0,5.0,10.0,3.0,7.0,0.93,1.0,0.92,225.0,227.0,225.0,0.2,0.15,0.21,1.0,0.0,1.0,0.0,0.0,0.0,1.0,0.0,1.0,Fracture,267819,31:58,2026-06-21 10:20:00,https://www.vlr.gg/670471/paper-rex-vs-leviat-n-valorant-masters-london-2026-gf,Valorant Masters London 2026
PRX,something,Brimstone,1.65,2.84,1.35,251.0,478.0,194.0,15.0,5.0,10.0,6.0,1.0,5.0,6.0,4.0,2.0,9.0,4.0,5.0,0.87,1.0,0.83,138.0,275.0,104.0,0.17,0.07,0.27,2.0,1.0,1.0,1.0,0.0,1.0,1.0,1.0,0.0,Fracture,267819,31:58,2026-06-21 10:20:00,https://www.vlr.gg/670471/paper-rex-vs-leviat-n-valorant-masters-london-2026-gf,Valorant Masters London 2026
PRX,f0rsakeN,Skye,1.33,2.06,1.14,251.0,290.0,242.0,15.0,4.0,11.0,9.0,1.0,8.0,4.0,1.0,3.0,6.0,3.0,3.0,0.8,1.0,0.75,178.0,224.0,167.0,0.24,1.0,0.14,3.0,2.0,1.0,3.0,0.0,3.0,0.0,2.0,-2.0,Fracture,267819,31:58,2026-06-21 10:20:00,https://www.vlr.gg/670471/paper-rex-vs-leviat-n-valorant-masters-london-2026-gf,Valorant Masters London 2026
PRX,invy,Breach,1.23,0.58,1.39,169.0,27.0,205.0,9.0,0.0,9.0,7.0,1.0,6.0,16.0,2.0,14.0,2.0,-1.0,3.0,0.93,1.0,0.92,109.0,18.0,131.0,0.5,0.0,0.53,1.0,0.0,1.0,0.0,0.0,0.0,1.0,0.0,1.0,Fracture,267819,31:58,2026-06-21 10:20:00,https://www.vlr.gg/670471/paper-rex-vs-leviat-n-valorant-masters-london-2026-gf,Valorant Masters London 2026
PRX,d4v41,Killjoy,1.0,0.62,1.09,196.0,143.0,210.0,10.0,1.0,9.0,9.0,2.0,7.0,3.0,2.0,1.0,1.0,-1.0,2.0,0.87,1.0,0.83,150.0,131.0,154.0,0.31,0.17,0.34,4.0,0.0,4.0,0.0,0.0,0.0,4.0,0.0,4.0,Fracture,267819,31:58,2026-06-21 10:20:00,https://www.vlr.gg/670471/paper-rex-vs-leviat-n-valorant-masters-london-2026-gf,Valorant Masters London 2026
LEV,Neon,Brimstone,0.88,1.1,0.04,186.0,225.0,32.0,9.0,9.0,0.0,13.0,10.0,3.0,7.0,5.0,2.0,-4.0,-1.0,-3.0,0.8,0.83,0.67,110.0,133.0,16.0,0.28,0.29,0.0,1.0,1.0,0.0,3.0,1.0,2.0,-2.0,0.0,-2.0,Fracture,267819,31:58,2026-06-21 10:20:00,https://www.vlr.gg/670471/paper-rex-vs-leviat-n-valorant-masters-london-2026-gf,Valorant Masters London 2026
LEV,kiNgg,Breach,0.86,0.71,1.46,235.0,201.0,374.0,13.0,9.0,4.0,14.0,11.0,3.0,0.0,0.0,0.0,-1.0,-2.0,1.0,0.67,0.58,1.0,132.0,107.0,233.0,0.34,0.29,0.43,1.0,1.0,0.0,0.0,0.0,0.0,1.0,1.0,0.0,Fracture,267819,31:58,2026-06-21 10:20:00,https://www.vlr.gg/670471/paper-rex-vs-leviat-n-valorant-masters-london-2026-gf,Valorant Masters London 2026
LEV,Sato,Waylay,0.48,0.54,0.24,141.0,144.0,134.0,5.0,4.0,1.0,15.0,12.0,3.0,7.0,7.0,0.0,-10.0,-8.0,-2.0,0.6,0.58,0.67,107.0,112.0,87.0,0.21,0.24,0.11,0.0,0.0,0.0,1.0,1.0,0.0,-1.0,-1.0,0.0,Fracture,267819,31:58,2026-06-21 10:20:00,https://www.vlr.gg/670471/paper-rex-vs-leviat-n-valorant-masters-london-2026-gf,Valorant Masters London 2026
LEV,blowz,Tejo,0.45,0.52,0.15,133.0,147.0,81.0,7.0,6.0,1.0,13.0,10.0,3.0,1.0,1.0,0.0,-6.0,-4.0,-2.0,0.53,0.58,0.33,94.0,105.0,48.0,0.35,0.32,1.0,0.0,0.0,0.0,3.0,2.0,1.0,-3.0,-2.0,-1.0,Fracture,267819,31:58,2026-06-21 10:20:00,https://www.vlr.gg/670471/paper-rex-vs-leviat-n-valorant-masters-london-2026-gf,Valorant Masters London 2026
LEV,spike,Neon,0.44,0.51,0.18,117.0,117.0,121.0,6.0,5.0,1.0,13.0,10.0,3.0,1.0,1.0,0.0,-7.0,-5.0,-2.0,0.53,0.58,0.33,80.0,79.0,85.0,0.17,0.21,0.1,2.0,2.0,0.0,4.0,4.0,0.0,-2.0,-2.0,0.0,Fracture,267819,31:58,2026-06-21 10:20:00,https://www.vlr.gg/670471/paper-rex-vs-leviat-n-valorant-masters-london-2026-gf,Valorant Masters London 2026
PRX,invy,Breach,1.28,1.04,1.43,217.0,180.0,246.0,78.0,25.0,53.0,63.0,27.0,36.0,37.0,15.0,22.0,15.0,-2.0,17.0,0.76,0.69,0.8,150.0,118.0,171.0,0.31,0.23,0.35,2.0,0.0,2.0,3.0,0.0,3.0,-1.0,0.0,-1.0,all,all,all,2026-06-21 10:20:00,https://www.vlr.gg/670471/paper-rex-vs-leviat-n-valorant-masters-london-2026-gf,Valorant Masters London 2026
PRX,something,Brimstone,1.13,0.95,1.25,233.0,221.0,238.0,80.0,29.0,51.0,70.0,30.0,40.0,14.0,7.0,7.0,10.0,-1.0,11.0,0.7,0.64,0.73,142.0,148.0,139.0,0.23,0.24,0.22,20.0,4.0,16.0,13.0,8.0,5.0,7.0,-4.0,11.0,all,all,all,2026-06-21 10:20:00,https://www.vlr.gg/670471/paper-rex-vs-leviat-n-valorant-masters-london-2026-gf,Valorant Masters London 2026
PRX,Jinggg,Raze,1.04,1.13,0.99,211.0,211.0,199.0,68.0,30.0,38.0,70.0,26.0,44.0,32.0,10.0,22.0,-2.0,4.0,-6.0,0.74,0.72,0.75,141.0,141.0,141.0,0.21,0.23,0.2,5.0,1.0,4.0,7.0,6.0,1.0,-2.0,-5.0,3.0,all,all,all,2026-06-21 10:20:00,https://www.vlr.gg/670471/paper-rex-vs-leviat-n-valorant-masters-london-2026-gf,Valorant Masters London 2026
PRX,f0rsakeN,Skye,0.81,0.8,0.82,178.0,158.0,185.0,59.0,21.0,38.0,77.0,29.0,48.0,42.0,15.0,27.0,-18.0,-8.0,-10.0,0.66,0.67,0.65,120.0,107.0,128.0,0.23,0.32,0.18,14.0,5.0,9.0,16.0,7.0,9.0,-2.0,-2.0,0.0,all,all,all,2026-06-21 10:20:00,https://www.vlr.gg/670471/paper-rex-vs-leviat-n-valorant-masters-london-2026-gf,Valorant Masters London 2026
PRX,d4v41,Killjoy,0.73,0.72,0.74,146.0,145.0,146.0,50.0,20.0,30.0,70.0,28.0,42.0,22.0,10.0,12.0,-20.0,-8.0,-12.0,0.67,0.67,0.67,104.0,99.0,107.0,0.27,0.24,0.3,13.0,4.0,9.0,6.0,4.0,2.0,7.0,0.0,7.0,all,all,all,2026-06-21 10:20:00,https://www.vlr.gg/670471/paper-rex-vs-leviat-n-valorant-masters-london-2026-gf,Valorant Masters London 2026
LEV,blowz,Tejo,1.16,1.2,1.09,210.0,214.0,222.0,75.0,48.0,27.0,63.0,36.0,27.0,34.0,20.0,14.0,12.0,12.0,0.0,0.79,0.82,0.74,147.0,148.0,145.0,0.38,0.41,0.35,6.0,2.0,4.0,7.0,5.0,2.0,-1.0,-3.0,2.0,all,all,all,2026-06-21 10:20:00,https://www.vlr.gg/670471/paper-rex-vs-leviat-n-valorant-masters-london-2026-gf,Valorant Masters London 2026
LEV,Neon,Brimstone,1.14,1.05,1.28,221.0,215.0,237.0,79.0,46.0,33.0,64.0,41.0,23.0,24.0,14.0,10.0,15.0,5.0,10.0,0.73,0.7,0.77,142.0,140.0,145.0,0.23,0.25,0.2,15.0,5.0,10.0,14.0,8.0,6.0,1.0,-3.0,4.0,all,all,all,2026-06-21 10:20:00,https://www.vlr.gg/670471/paper-rex-vs-leviat-n-valorant-masters-london-2026-gf,Valorant Masters London 2026
LEV,spike,Neon,1.08,1.13,1.0,213.0,238.0,191.0,76.0,49.0,27.0,68.0,41.0,27.0,20.0,13.0,7.0,8.0,8.0,0.0,0.73,0.7,0.77,141.0,150.0,128.0,0.25,0.23,0.27,19.0,11.0,8.0,18.0,14.0,4.0,1.0,-3.0,4.0,all,all,all,2026-06-21 10:20:00,https://www.vlr.gg/670471/paper-rex-vs-leviat-n-valorant-masters-london-2026-gf,Valorant Masters London 2026
LEV,Sato,Waylay,0.94,0.78,1.18,214.0,202.0,234.0,71.0,39.0,32.0,73.0,50.0,23.0,34.0,20.0,14.0,-2.0,-11.0,9.0,0.71,0.67,0.77,141.0,137.0,147.0,0.33,0.33,0.33,4.0,1.0,3.0,12.0,11.0,1.0,-8.0,-10.0,2.0,all,all,all,2026-06-21 10:20:00,https://www.vlr.gg/670471/paper-rex-vs-leviat-n-valorant-masters-london-2026-gf,Valorant Masters London 2026
LEV,kiNgg,Breach,0.75,0.72,0.79,144.0,133.0,143.0,49.0,29.0,20.0,68.0,42.0,26.0,28.0,13.0,15.0,-19.0,-13.0,-6.0,0.71,0.67,0.77,90.0,86.0,98.0,0.29,0.31,0.28,1.0,1.0,0.0,3.0,2.0,1.0,-2.0,-1.0,-1.0,all,all,all,2026-06-21 10:20:00,https://www.vlr.gg/670471/paper-rex-vs-leviat-n-valorant-masters-london-2026-gf,Valorant Masters London 2026
PRX,something,Jett,1.21,0.46,1.65,251.0,162.0,304.0,16.0,3.0,13.0,14.0,7.0,7.0,2.0,1.0,1.0,2.0,-4.0,6.0,0.68,0.71,0.67,156.0,120.0,178.0,0.32,0.31,0.32,5.0,1.0,4.0,2.0,0.0,2.0,3.0,1.0,2.0,Split,267820,36:56,2026-06-21 10:20:00,https://www.vlr.gg/670471/paper-rex-vs-leviat-n-valorant-masters-london-2026-gf,Valorant Masters London 2026
PRX,invy,Skye,1.06,0.28,1.52,179.0,86.0,233.0,12.0,2.0,10.0,13.0,7.0,6.0,3.0,2.0,1.0,-1.0,-5.0,4.0,0.63,0.43,0.75,124.0,44.0,171.0,0.43,0.4,0.44,1.0,0.0,1.0,0.0,0.0,0.0,1.0,0.0,1.0,Split,267820,36:56,2026-06-21 10:20:00,https://www.vlr.gg/670471/paper-rex-vs-leviat-n-valorant-masters-london-2026-gf,Valorant Masters London 2026
PRX,Jinggg,Raze,0.61,0.5,0.67,166.0,174.0,162.0,11.0,4.0,7.0,17.0,7.0,10.0,1.0,0.0,1.0,-6.0,-3.0,-3.0,0.68,0.43,0.83,110.0,134.0,96.0,0.19,0.33,0.12,1.0,0.0,1.0,2.0,1.0,1.0,-1.0,-1.0,0.0,Split,267820,36:56,2026-06-21 10:20:00,https://www.vlr.gg/670471/paper-rex-vs-leviat-n-valorant-masters-london-2026-gf,Valorant Masters London 2026
PRX,f0rsakeN,Omen,0.58,0.5,0.62,175.0,179.0,174.0,10.0,4.0,6.0,17.0,7.0,10.0,5.0,1.0,4.0,-7.0,-3.0,-4.0,0.53,0.57,0.5,125.0,116.0,130.0,0.2,0.24,0.17,2.0,1.0,1.0,1.0,1.0,0.0,1.0,0.0,1.0,Split,267820,36:56,2026-06-21 10:20:00,https://www.vlr.gg/670471/paper-rex-vs-leviat-n-valorant-masters-london-2026-gf,Valorant Masters London 2026
PRX,d4v41,Viper,0.5,0.09,0.73,104.0,73.0,124.0,6.0,1.0,5.0,15.0,7.0,8.0,5.0,1.0,4.0,-9.0,-6.0,-3.0,0.58,0.29,0.75,81.0,60.0,94.0,0.27,0.14,0.33,2.0,1.0,1.0,3.0,2.0,1.0,-1.0,-1.0,0.0,Split,267820,36:56,2026-06-21 10:20:00,https://www.vlr.gg/670471/paper-rex-vs-leviat-n-valorant-masters-london-2026-gf,Valorant Masters London 2026
LEV,Sato,Phoenix,1.58,1.27,2.11,345.0,314.0,399.0,23.0,13.0,10.0,12.0,9.0,3.0,9.0,5.0,4.0,11.0,4.0,7.0,0.89,0.83,1.0,205.0,182.0,246.0,0.43,0.52,0.33,1.0,0.0,1.0,3.0,2.0,1.0,-2.0,-2.0,0.0,Split,267820,36:56,2026-06-21 10:20:00,https://www.vlr.gg/670471/paper-rex-vs-leviat-n-valorant-masters-london-2026-gf,Valorant Masters London 2026
LEV,Neon,Omen,1.42,1.02,2.1,205.0,171.0,265.0,16.0,8.0,8.0,7.0,7.0,0.0,5.0,1.0,4.0,9.0,1.0,8.0,0.89,0.83,1.0,141.0,131.0,158.0,0.23,0.24,0.23,1.0,0.0,1.0,0.0,0.0,0.0,1.0,0.0,1.0,Split,267820,36:56,2026-06-21 10:20:00,https://www.vlr.gg/670471/paper-rex-vs-leviat-n-valorant-masters-london-2026-gf,Valorant Masters London 2026
LEV,blowz,Fade,1.18,0.88,1.69,191.0,149.0,266.0,14.0,7.0,7.0,10.0,7.0,3.0,6.0,3.0,3.0,4.0,0.0,4.0,0.84,0.83,0.86,131.0,101.0,181.0,0.35,0.33,0.38,1.0,0.0,1.0,2.0,1.0,1.0,-1.0,-1.0,0.0,Split,267820,36:56,2026-06-21 10:20:00,https://www.vlr.gg/670471/paper-rex-vs-leviat-n-valorant-masters-london-2026-gf,Valorant Masters London 2026
LEV,spike,Neon,0.95,0.77,1.25,212.0,221.0,199.0,14.0,9.0,5.0,14.0,10.0,4.0,3.0,1.0,2.0,0.0,-1.0,1.0,0.79,0.67,1.0,123.0,119.0,129.0,0.12,0.07,0.19,5.0,4.0,1.0,4.0,4.0,0.0,1.0,0.0,1.0,Split,267820,36:56,2026-06-21 10:20:00,https://www.vlr.gg/670471/paper-rex-vs-leviat-n-valorant-masters-london-2026-gf,Valorant Masters London 2026
LEV,kiNgg,Viper,0.74,0.54,1.1,127.0,100.0,174.0,9.0,4.0,5.0,12.0,8.0,4.0,4.0,1.0,3.0,-3.0,-4.0,1.0,0.63,0.5,0.86,84.0,71.0,107.0,0.3,0.63,0.16,0.0,0.0,0.0,2.0,1.0,1.0,-2.0,-1.0,-1.0,Split,267820,36:56,2026-06-21 10:20:00,https://www.vlr.gg/670471/paper-rex-vs-leviat-n-valorant-masters-london-2026-gf,Valorant Masters London 2026
PRX,invy,Sova,1.36,1.5,1.21,244.0,238.0,251.0,22.0,12.0,10.0,14.0,6.0,8.0,3.0,3.0,0.0,8.0,6.0,2.0,0.79,0.83,0.75,159.0,154.0,165.0,0.38,0.27,0.5,0.0,0.0,0.0,0.0,0.0,0.0,0.0,0.0,0.0,Breeze,267821,48:35,2026-06-21 10:20:00,https://www.vlr.gg/670471/paper-rex-vs-leviat-n-valorant-masters-london-2026-gf,Valorant Masters London 2026
PRX,something,Jett,1.16,1.29,1.03,251.0,289.0,213.0,22.0,13.0,9.0,17.0,8.0,9.0,2.0,1.0,1.0,5.0,5.0,0.0,0.71,0.83,0.58,153.0,179.0,127.0,0.19,0.24,0.13,2.0,1.0,1.0,2.0,2.0,0.0,0.0,-1.0,1.0,Breeze,267821,48:35,2026-06-21 10:20:00,https://www.vlr.gg/670471/paper-rex-vs-leviat-n-valorant-masters-london-2026-gf,Valorant Masters London 2026
PRX,d4v41,Viper,0.91,1.14,0.69,163.0,196.0,132.0,14.0,9.0,5.0,15.0,7.0,8.0,5.0,4.0,1.0,-1.0,2.0,-3.0,0.75,0.92,0.58,113.0,137.0,88.0,0.27,0.27,0.27,4.0,1.0,3.0,2.0,1.0,1.0,2.0,0.0,2.0,Breeze,267821,48:35,2026-06-21 10:20:00,https://www.vlr.gg/670471/paper-rex-vs-leviat-n-valorant-masters-london-2026-gf,Valorant Masters London 2026
PRX,Jinggg,Omen,0.87,1.33,0.41,154.0,239.0,71.0,13.0,11.0,2.0,15.0,6.0,9.0,9.0,5.0,4.0,-2.0,5.0,-7.0,0.58,0.75,0.42,109.0,147.0,71.0,0.23,0.29,0.13,1.0,1.0,0.0,2.0,2.0,0.0,-1.0,-1.0,0.0,Breeze,267821,48:35,2026-06-21 10:20:00,https://www.vlr.gg/670471/paper-rex-vs-leviat-n-valorant-masters-london-2026-gf,Valorant Masters London 2026
PRX,f0rsakeN,Neon,0.6,0.71,0.49,139.0,145.0,135.0,10.0,5.0,5.0,18.0,8.0,10.0,8.0,4.0,4.0,-8.0,-3.0,-5.0,0.54,0.67,0.42,91.0,100.0,82.0,0.12,0.16,0.07,3.0,1.0,2.0,8.0,3.0,5.0,-5.0,-2.0,-3.0,Breeze,267821,48:35,2026-06-21 10:20:00,https://www.vlr.gg/670471/paper-rex-vs-leviat-n-valorant-masters-london-2026-gf,Valorant Masters London 2026
LEV,blowz,Sova,1.35,1.82,0.87,256.0,306.0,208.0,22.0,15.0,7.0,15.0,4.0,11.0,5.0,3.0,2.0,7.0,11.0,-4.0,0.75,0.92,0.58,182.0,224.0,140.0,0.47,0.48,0.44,3.0,2.0,1.0,0.0,0.0,0.0,3.0,2.0,1.0,Breeze,267821,48:35,2026-06-21 10:20:00,https://www.vlr.gg/670471/paper-rex-vs-leviat-n-valorant-masters-london-2026-gf,Valorant Masters London 2026
LEV,Neon,Jett,1.14,1.26,1.02,250.0,273.0,229.0,20.0,11.0,9.0,18.0,8.0,10.0,4.0,3.0,1.0,2.0,3.0,-1.0,0.67,0.67,0.67,156.0,172.0,139.0,0.32,0.28,0.39,6.0,3.0,3.0,5.0,4.0,1.0,1.0,-1.0,2.0,Breeze,267821,48:35,2026-06-21 10:20:00,https://www.vlr.gg/670471/paper-rex-vs-leviat-n-valorant-masters-london-2026-gf,Valorant Masters London 2026
LEV,spike,Neon,1.05,1.6,0.49,200.0,263.0,137.0,16.0,11.0,5.0,16.0,5.0,11.0,4.0,3.0,1.0,0.0,6.0,-6.0,0.71,0.75,0.67,152.0,198.0,105.0,0.31,0.28,0.39,4.0,1.0,3.0,4.0,1.0,3.0,0.0,0.0,0.0,Breeze,267821,48:35,2026-06-21 10:20:00,https://www.vlr.gg/670471/paper-rex-vs-leviat-n-valorant-masters-london-2026-gf,Valorant Masters London 2026
LEV,Sato,Omen,0.97,0.78,1.16,188.0,136.0,240.0,16.0,6.0,10.0,15.0,7.0,8.0,4.0,2.0,2.0,1.0,-1.0,2.0,0.67,0.75,0.58,130.0,109.0,150.0,0.33,0.35,0.32,1.0,0.0,1.0,1.0,1.0,0.0,0.0,-1.0,1.0,Breeze,267821,48:35,2026-06-21 10:20:00,https://www.vlr.gg/670471/paper-rex-vs-leviat-n-valorant-masters-london-2026-gf,Valorant Masters London 2026
LEV,kiNgg,Harbor,0.44,0.65,0.24,68.0,59.0,78.0,5.0,2.0,3.0,18.0,7.0,11.0,8.0,7.0,1.0,-13.0,-5.0,-8.0,0.58,0.75,0.42,51.0,35.0,67.0,0.35,0.4,0.33,0.0,0.0,0.0,0.0,0.0,0.0,0.0,0.0,0.0,Breeze,267821,48:35,2026-06-21 10:20:00,https://www.vlr.gg/670471/paper-rex-vs-leviat-n-valorant-masters-london-2026-gf,Valorant Masters London 2026
PRX,Jinggg,Sage,1.26,0.96,1.52,213.0,167.0,257.0,16.0,6.0,10.0,14.0,8.0,6.0,10.0,3.0,7.0,2.0,-2.0,4.0,0.78,0.64,0.92,150.0,111.0,186.0,0.4,0.38,0.41,1.0,0.0,1.0,3.0,3.0,0.0,-2.0,-3.0,1.0,Ascent,267822,54:54,2026-06-21 10:20:00,https://www.vlr.gg/670471/paper-rex-vs-leviat-n-valorant-masters-london-2026-gf,Valorant Masters London 2026
PRX,invy,Sova,1.24,0.96,1.49,226.0,199.0,252.0,18.0,7.0,11.0,16.0,10.0,6.0,8.0,3.0,5.0,2.0,-3.0,5.0,0.74,0.64,0.83,168.0,144.0,190.0,0.16,0.25,0.12,0.0,0.0,0.0,2.0,0.0,2.0,-2.0,0.0,-2.0,Ascent,267822,54:54,2026-06-21 10:20:00,https://www.vlr.gg/670471/paper-rex-vs-leviat-n-valorant-masters-london-2026-gf,Valorant Masters London 2026
PRX,f0rsakeN,Omen,1.14,0.99,1.28,201.0,167.0,233.0,17.0,6.0,11.0,18.0,9.0,9.0,16.0,8.0,8.0,-1.0,-3.0,2.0,0.74,0.64,0.83,135.0,119.0,150.0,0.34,0.41,0.29,4.0,1.0,3.0,1.0,1.0,0.0,3.0,0.0,3.0,Ascent,267822,54:54,2026-06-21 10:20:00,https://www.vlr.gg/670471/paper-rex-vs-leviat-n-valorant-masters-london-2026-gf,Valorant Masters London 2026
PRX,something,Yoru,0.75,0.47,1.01,180.0,162.0,197.0,14.0,5.0,9.0,18.0,10.0,8.0,1.0,1.0,0.0,-4.0,-5.0,1.0,0.61,0.45,0.75,118.0,123.0,113.0,0.16,0.23,0.05,4.0,0.0,4.0,5.0,4.0,1.0,-1.0,-4.0,3.0,Ascent,267822,54:54,2026-06-21 10:20:00,https://www.vlr.gg/670471/paper-rex-vs-leviat-n-valorant-masters-london-2026-gf,Valorant Masters London 2026
PRX,d4v41,Vyse,0.64,0.45,0.81,149.0,118.0,179.0,13.0,5.0,8.0,18.0,9.0,9.0,7.0,2.0,5.0,-5.0,-4.0,-1.0,0.61,0.45,0.75,93.0,64.0,120.0,0.22,0.18,0.24,2.0,1.0,1.0,1.0,1.0,0.0,1.0,0.0,1.0,Ascent,267822,54:54,2026-06-21 10:20:00,https://www.vlr.gg/670471/paper-rex-vs-leviat-n-valorant-masters-london-2026-gf,Valorant Masters London 2026
LEV,spike,Neon,1.39,1.29,1.5,278.0,289.0,266.0,23.0,11.0,12.0,15.0,9.0,6.0,3.0,1.0,2.0,8.0,2.0,6.0,0.65,0.58,0.73,173.0,172.0,173.0,0.29,0.34,0.24,5.0,2.0,3.0,5.0,4.0,1.0,0.0,-2.0,2.0,Ascent,267822,54:54,2026-06-21 10:20:00,https://www.vlr.gg/670471/paper-rex-vs-leviat-n-valorant-masters-london-2026-gf,Valorant Masters London 2026
LEV,blowz,Sova,1.13,0.9,1.38,238.0,190.0,292.0,18.0,8.0,10.0,16.0,10.0,6.0,10.0,5.0,5.0,2.0,-2.0,4.0,0.83,0.75,0.91,154.0,125.0,185.0,0.32,0.47,0.25,2.0,0.0,2.0,1.0,1.0,0.0,1.0,-1.0,2.0,Ascent,267822,54:54,2026-06-21 10:20:00,https://www.vlr.gg/670471/paper-rex-vs-leviat-n-valorant-masters-london-2026-gf,Valorant Masters London 2026
LEV,Neon,Chamber,1.04,0.63,1.5,219.0,179.0,264.0,19.0,8.0,11.0,15.0,10.0,5.0,2.0,0.0,2.0,4.0,-2.0,6.0,0.61,0.42,0.82,130.0,107.0,156.0,0.26,0.36,0.2,3.0,0.0,3.0,2.0,1.0,1.0,1.0,-1.0,2.0,Ascent,267822,54:54,2026-06-21 10:20:00,https://www.vlr.gg/670471/paper-rex-vs-leviat-n-valorant-masters-london-2026-gf,Valorant Masters London 2026
LEV,kiNgg,Omen,0.88,0.79,0.98,144.0,154.0,133.0,11.0,6.0,5.0,15.0,9.0,6.0,15.0,5.0,10.0,-4.0,-3.0,-1.0,0.87,0.75,1.0,106.0,114.0,97.0,0.27,0.32,0.21,0.0,0.0,0.0,0.0,0.0,0.0,0.0,0.0,0.0,Ascent,267822,54:54,2026-06-21 10:20:00,https://www.vlr.gg/670471/paper-rex-vs-leviat-n-valorant-masters-london-2026-gf,Valorant Masters London 2026
LEV,Sato,Phoenix,0.86,0.59,1.16,180.0,158.0,204.0,13.0,5.0,8.0,17.0,11.0,6.0,13.0,6.0,7.0,-4.0,-6.0,2.0,0.78,0.67,0.91,115.0,106.0,125.0,0.3,0.26,0.37,2.0,1.0,1.0,3.0,3.0,0.0,-1.0,-2.0,1.0,Ascent,267822,54:54,2026-06-21 10:20:00,https://www.vlr.gg/670471/paper-rex-vs-leviat-n-valorant-masters-london-2026-gf,Valorant Masters London 2026
PRX,invy,Skye,1.48,1.4,1.52,265.0,217.0,289.0,17.0,4.0,13.0,13.0,3.0,10.0,7.0,5.0,2.0,4.0,1.0,3.0,0.72,0.67,0.75,177.0,135.0,198.0,0.3,0.13,0.39,0.0,0.0,0.0,1.0,0.0,1.0,-1.0,0.0,-1.0,Lotus,267823,38:24,2026-06-21 10:20:00,https://www.vlr.gg/670471/paper-rex-vs-leviat-n-valorant-masters-london-2026-gf,Valorant Masters London 2026
PRX,something,Jett,1.05,0.74,1.2,233.0,134.0,283.0,13.0,3.0,10.0,15.0,4.0,11.0,3.0,0.0,3.0,-2.0,-1.0,-1.0,0.67,0.33,0.83,149.0,101.0,173.0,0.34,0.6,0.3,7.0,1.0,6.0,3.0,2.0,1.0,4.0,-1.0,5.0,Lotus,267823,38:24,2026-06-21 10:20:00,https://www.vlr.gg/670471/paper-rex-vs-leviat-n-valorant-masters-london-2026-gf,Valorant Masters London 2026
PRX,Jinggg,Raze,0.8,1.26,0.58,180.0,216.0,162.0,9.0,4.0,5.0,15.0,3.0,12.0,7.0,2.0,5.0,-6.0,1.0,-7.0,0.78,1.0,0.67,134.0,147.0,127.0,0.07,0.05,0.09,1.0,0.0,1.0,0.0,0.0,0.0,1.0,0.0,1.0,Lotus,267823,38:24,2026-06-21 10:20:00,https://www.vlr.gg/670471/paper-rex-vs-leviat-n-valorant-masters-london-2026-gf,Valorant Masters London 2026
PRX,d4v41,Vyse,0.63,1.15,0.38,116.0,176.0,87.0,7.0,4.0,3.0,13.0,3.0,10.0,2.0,1.0,1.0,-6.0,1.0,-7.0,0.56,0.83,0.42,92.0,115.0,81.0,0.29,0.33,0.25,1.0,1.0,0.0,0.0,0.0,0.0,1.0,1.0,0.0,Lotus,267823,38:24,2026-06-21 10:20:00,https://www.vlr.gg/670471/paper-rex-vs-leviat-n-valorant-masters-london-2026-gf,Valorant Masters London 2026
PRX,f0rsakeN,Omen,0.48,0.33,0.55,122.0,80.0,144.0,7.0,2.0,5.0,15.0,4.0,11.0,9.0,1.0,8.0,-8.0,-2.0,-6.0,0.72,0.67,0.75,84.0,26.0,113.0,0.33,1.0,0.25,2.0,0.0,2.0,3.0,2.0,1.0,-1.0,-2.0,1.0,Lotus,267823,38:24,2026-06-21 10:20:00,https://www.vlr.gg/670471/paper-rex-vs-leviat-n-valorant-masters-london-2026-gf,Valorant Masters London 2026
LEV,blowz,Skye,1.51,1.88,0.78,231.0,278.0,139.0,14.0,12.0,2.0,9.0,5.0,4.0,12.0,8.0,4.0,5.0,7.0,-2.0,0.94,1.0,0.83,151.0,182.0,88.0,0.44,0.41,0.57,0.0,0.0,0.0,1.0,1.0,0.0,-1.0,-1.0,0.0,Lotus,267823,38:24,2026-06-21 10:20:00,https://www.vlr.gg/670471/paper-rex-vs-leviat-n-valorant-masters-london-2026-gf,Valorant Masters London 2026
LEV,spike,Omen,1.38,1.47,1.2,260.0,299.0,183.0,17.0,13.0,4.0,10.0,7.0,3.0,9.0,7.0,2.0,7.0,6.0,1.0,0.94,0.92,1.0,159.0,181.0,115.0,0.31,0.25,0.56,3.0,2.0,1.0,1.0,1.0,0.0,2.0,1.0,1.0,Lotus,267823,38:24,2026-06-21 10:20:00,https://www.vlr.gg/670471/paper-rex-vs-leviat-n-valorant-masters-london-2026-gf,Valorant Masters London 2026
LEV,Neon,Jett,1.18,1.23,1.08,243.0,229.0,274.0,15.0,10.0,5.0,11.0,6.0,5.0,6.0,5.0,1.0,4.0,4.0,0.0,0.72,0.75,0.67,166.0,154.0,189.0,0.1,0.14,0.04,4.0,1.0,3.0,4.0,2.0,2.0,0.0,-1.0,1.0,Lotus,267823,38:24,2026-06-21 10:20:00,https://www.vlr.gg/670471/paper-rex-vs-leviat-n-valorant-masters-london-2026-gf,Valorant Masters London 2026
LEV,kiNgg,Vyse,0.89,0.89,0.87,146.0,151.0,137.0,11.0,8.0,3.0,9.0,7.0,2.0,1.0,0.0,1.0,2.0,1.0,1.0,0.78,0.75,0.83,96.0,102.0,83.0,0.22,0.16,0.38,0.0,0.0,0.0,1.0,1.0,0.0,-1.0,-1.0,0.0,Lotus,267823,38:24,2026-06-21 10:20:00,https://www.vlr.gg/670471/paper-rex-vs-leviat-n-valorant-masters-london-2026-gf,Valorant Masters London 2026
LEV,Sato,Raze,0.68,0.7,0.65,217.0,259.0,136.0,14.0,11.0,3.0,14.0,11.0,3.0,1.0,0.0,1.0,0.0,0.0,0.0,0.56,0.5,0.67,149.0,176.0,95.0,0.34,0.31,0.44,0.0,0.0,0.0,4.0,4.0,0.0,-4.0,-4.0,0.0,Lotus,267823,38:24,2026-06-21 10:20:00,https://www.vlr.gg/670471/paper-rex-vs-leviat-n-valorant-masters-london-2026-gf,Valorant Masters London 2026
