teamA,map,side,teamB,rndA,rndB,round,winCon,date,map_order,event,source_url
XLG,Pearl,atk,NRG,0,1,13,elim,2026-06-06 10:00:00,0,Valorant Masters London 2026,https://www.vlr.gg/684613/xi-lai-gaming-vs-nrg-valorant-masters-london-2026-r1
XLG,Pearl,atk,NRG,0,1,14,defus,2026-06-06 10:00:00,0,Valorant Masters London 2026,https://www.vlr.gg/684613/xi-lai-gaming-vs-nrg-valorant-masters-london-2026-r1
XLG,Pearl,atk,NRG,0,1,15,defus,2026-06-06 10:00:00,0,Valorant Masters London 2026,https://www.vlr.gg/684613/xi-lai-gaming-vs-nrg-valorant-masters-london-2026-r1
XLG,Pearl,atk,NRG,0,1,16,defus,2026-06-06 10:00:00,0,Valorant Masters London 2026,https://www.vlr.gg/684613/xi-lai-gaming-vs-nrg-valorant-masters-london-2026-r1
XLG,Pearl,atk,NRG,1,0,17,elim,2026-06-06 10:00:00,0,Valorant Masters London 2026,https://www.vlr.gg/684613/xi-lai-gaming-vs-nrg-valorant-masters-london-2026-r1
XLG,Pearl,atk,NRG,0,1,18,tim,2026-06-06 10:00:00,0,Valorant Masters London 2026,https://www.vlr.gg/684613/xi-lai-gaming-vs-nrg-valorant-masters-london-2026-r1
XLG,Pearl,atk,NRG,0,1,19,defus,2026-06-06 10:00:00,0,Valorant Masters London 2026,https://www.vlr.gg/684613/xi-lai-gaming-vs-nrg-valorant-masters-london-2026-r1
XLG,Pearl,def,NRG,0,1,1,elim,2026-06-06 10:00:00,0,Valorant Masters London 2026,https://www.vlr.gg/684613/xi-lai-gaming-vs-nrg-valorant-masters-london-2026-r1
XLG,Pearl,def,NRG,1,0,2,elim,2026-06-06 10:00:00,0,Valorant Masters London 2026,https://www.vlr.gg/684613/xi-lai-gaming-vs-nrg-valorant-masters-london-2026-r1
XLG,Pearl,def,NRG,0,1,3,elim,2026-06-06 10:00:00,0,Valorant Masters London 2026,https://www.vlr.gg/684613/xi-lai-gaming-vs-nrg-valorant-masters-london-2026-r1
XLG,Pearl,def,NRG,0,1,4,elim,2026-06-06 10:00:00,0,Valorant Masters London 2026,https://www.vlr.gg/684613/xi-lai-gaming-vs-nrg-valorant-masters-london-2026-r1
XLG,Pearl,def,NRG,0,1,5,boom,2026-06-06 10:00:00,0,Valorant Masters London 2026,https://www.vlr.gg/684613/xi-lai-gaming-vs-nrg-valorant-masters-london-2026-r1
XLG,Pearl,def,NRG,1,0,6,defus,2026-06-06 10:00:00,0,Valorant Masters London 2026,https://www.vlr.gg/684613/xi-lai-gaming-vs-nrg-valorant-masters-london-2026-r1
XLG,Pearl,def,NRG,1,0,7,defus,2026-06-06 10:00:00,0,Valorant Masters London 2026,https://www.vlr.gg/684613/xi-lai-gaming-vs-nrg-valorant-masters-london-2026-r1
XLG,Pearl,def,NRG,0,1,8,boom,2026-06-06 10:00:00,0,Valorant Masters London 2026,https://www.vlr.gg/684613/xi-lai-gaming-vs-nrg-valorant-masters-london-2026-r1
XLG,Pearl,def,NRG,0,1,9,elim,2026-06-06 10:00:00,0,Valorant Masters London 2026,https://www.vlr.gg/684613/xi-lai-gaming-vs-nrg-valorant-masters-london-2026-r1
XLG,Pearl,def,NRG,0,1,10,elim,2026-06-06 10:00:00,0,Valorant Masters London 2026,https://www.vlr.gg/684613/xi-lai-gaming-vs-nrg-valorant-masters-london-2026-r1
XLG,Pearl,def,NRG,1,0,11,elim,2026-06-06 10:00:00,0,Valorant Masters London 2026,https://www.vlr.gg/684613/xi-lai-gaming-vs-nrg-valorant-masters-london-2026-r1
XLG,Pearl,def,NRG,1,0,12,defus,2026-06-06 10:00:00,0,Valorant Masters London 2026,https://www.vlr.gg/684613/xi-lai-gaming-vs-nrg-valorant-masters-london-2026-r1
XLG,Lotus,atk,NRG,1,0,13,elim,2026-06-06 10:00:00,1,Valorant Masters London 2026,https://www.vlr.gg/684613/xi-lai-gaming-vs-nrg-valorant-masters-london-2026-r1
XLG,Lotus,atk,NRG,1,0,14,boom,2026-06-06 10:00:00,1,Valorant Masters London 2026,https://www.vlr.gg/684613/xi-lai-gaming-vs-nrg-valorant-masters-london-2026-r1
XLG,Lotus,atk,NRG,1,0,15,elim,2026-06-06 10:00:00,1,Valorant Masters London 2026,https://www.vlr.gg/684613/xi-lai-gaming-vs-nrg-valorant-masters-london-2026-r1
XLG,Lotus,atk,NRG,1,0,16,elim,2026-06-06 10:00:00,1,Valorant Masters London 2026,https://www.vlr.gg/684613/xi-lai-gaming-vs-nrg-valorant-masters-london-2026-r1
XLG,Lotus,atk,NRG,0,1,17,defus,2026-06-06 10:00:00,1,Valorant Masters London 2026,https://www.vlr.gg/684613/xi-lai-gaming-vs-nrg-valorant-masters-london-2026-r1
XLG,Lotus,atk,NRG,0,1,18,elim,2026-06-06 10:00:00,1,Valorant Masters London 2026,https://www.vlr.gg/684613/xi-lai-gaming-vs-nrg-valorant-masters-london-2026-r1
XLG,Lotus,atk,NRG,0,1,19,elim,2026-06-06 10:00:00,1,Valorant Masters London 2026,https://www.vlr.gg/684613/xi-lai-gaming-vs-nrg-valorant-masters-london-2026-r1
XLG,Lotus,atk,NRG,0,1,20,elim,2026-06-06 10:00:00,1,Valorant Masters London 2026,https://www.vlr.gg/684613/xi-lai-gaming-vs-nrg-valorant-masters-london-2026-r1
XLG,Lotus,atk,NRG,0,1,21,defus,2026-06-06 10:00:00,1,Valorant Masters London 2026,https://www.vlr.gg/684613/xi-lai-gaming-vs-nrg-valorant-masters-london-2026-r1
XLG,Lotus,atk,NRG,0,1,22,defus,2026-06-06 10:00:00,1,Valorant Masters London 2026,https://www.vlr.gg/684613/xi-lai-gaming-vs-nrg-valorant-masters-london-2026-r1
XLG,Lotus,atk,NRG,0,1,23,elim,2026-06-06 10:00:00,1,Valorant Masters London 2026,https://www.vlr.gg/684613/xi-lai-gaming-vs-nrg-valorant-masters-london-2026-r1
XLG,Lotus,atk,NRG,0,1,24,defus,2026-06-06 10:00:00,1,Valorant Masters London 2026,https://www.vlr.gg/684613/xi-lai-gaming-vs-nrg-valorant-masters-london-2026-r1
XLG,Lotus,def,NRG,1,0,1,elim,2026-06-06 10:00:00,1,Valorant Masters London 2026,https://www.vlr.gg/684613/xi-lai-gaming-vs-nrg-valorant-masters-london-2026-r1
XLG,Lotus,def,NRG,1,0,2,elim,2026-06-06 10:00:00,1,Valorant Masters London 2026,https://www.vlr.gg/684613/xi-lai-gaming-vs-nrg-valorant-masters-london-2026-r1
XLG,Lotus,def,NRG,1,0,3,tim,2026-06-06 10:00:00,1,Valorant Masters London 2026,https://www.vlr.gg/684613/xi-lai-gaming-vs-nrg-valorant-masters-london-2026-r1
XLG,Lotus,def,NRG,1,0,4,elim,2026-06-06 10:00:00,1,Valorant Masters London 2026,https://www.vlr.gg/684613/xi-lai-gaming-vs-nrg-valorant-masters-london-2026-r1
XLG,Lotus,def,NRG,1,0,5,elim,2026-06-06 10:00:00,1,Valorant Masters London 2026,https://www.vlr.gg/684613/xi-lai-gaming-vs-nrg-valorant-masters-london-2026-r1
XLG,Lotus,def,NRG,1,0,6,elim,2026-06-06 10:00:00,1,Valorant Masters London 2026,https://www.vlr.gg/684613/xi-lai-gaming-vs-nrg-valorant-masters-london-2026-r1
XLG,Lotus,def,NRG,0,1,7,elim,2026-06-06 10:00:00,1,Valorant Masters London 2026,https://www.vlr.gg/684613/xi-lai-gaming-vs-nrg-valorant-masters-london-2026-r1
XLG,Lotus,def,NRG,0,1,8,elim,2026-06-06 10:00:00,1,Valorant Masters London 2026,https://www.vlr.gg/684613/xi-lai-gaming-vs-nrg-valorant-masters-london-2026-r1
XLG,Lotus,def,NRG,0,1,9,elim,2026-06-06 10:00:00,1,Valorant Masters London 2026,https://www.vlr.gg/684613/xi-lai-gaming-vs-nrg-valorant-masters-london-2026-r1
XLG,Lotus,def,NRG,0,1,10,boom,2026-06-06 10:00:00,1,Valorant Masters London 2026,https://www.vlr.gg/684613/xi-lai-gaming-vs-nrg-valorant-masters-london-2026-r1
XLG,Lotus,def,NRG,0,1,11,boom,2026-06-06 10:00:00,1,Valorant Masters London 2026,https://www.vlr.gg/684613/xi-lai-gaming-vs-nrg-valorant-masters-london-2026-r1
XLG,Lotus,def,NRG,1,0,12,defus,2026-06-06 10:00:00,1,Valorant Masters London 2026,https://www.vlr.gg/684613/xi-lai-gaming-vs-nrg-valorant-masters-london-2026-r1
VIT,Lotus,atk,DRG,1,0,13,elim,2026-06-06 12:30:00,0,Valorant Masters London 2026,https://www.vlr.gg/684610/team-vitality-vs-dragon-ranger-gaming-valorant-masters-london-2026-r1
VIT,Lotus,atk,DRG,1,0,14,boom,2026-06-06 12:30:00,0,Valorant Masters London 2026,https://www.vlr.gg/684610/team-vitality-vs-dragon-ranger-gaming-valorant-masters-london-2026-r1
VIT,Lotus,atk,DRG,1,0,15,elim,2026-06-06 12:30:00,0,Valorant Masters London 2026,https://www.vlr.gg/684610/team-vitality-vs-dragon-ranger-gaming-valorant-masters-london-2026-r1
VIT,Lotus,atk,DRG,0,1,16,defus,2026-06-06 12:30:00,0,Valorant Masters London 2026,https://www.vlr.gg/684610/team-vitality-vs-dragon-ranger-gaming-valorant-masters-london-2026-r1
VIT,Lotus,atk,DRG,1,0,17,elim,2026-06-06 12:30:00,0,Valorant Masters London 2026,https://www.vlr.gg/684610/team-vitality-vs-dragon-ranger-gaming-valorant-masters-london-2026-r1
VIT,Lotus,atk,DRG,1,0,18,elim,2026-06-06 12:30:00,0,Valorant Masters London 2026,https://www.vlr.gg/684610/team-vitality-vs-dragon-ranger-gaming-valorant-masters-london-2026-r1
VIT,Lotus,def,DRG,1,0,1,defus,2026-06-06 12:30:00,0,Valorant Masters London 2026,https://www.vlr.gg/684610/team-vitality-vs-dragon-ranger-gaming-valorant-masters-london-2026-r1
VIT,Lotus,def,DRG,1,0,2,elim,2026-06-06 12:30:00,0,Valorant Masters London 2026,https://www.vlr.gg/684610/team-vitality-vs-dragon-ranger-gaming-valorant-masters-london-2026-r1
VIT,Lotus,def,DRG,1,0,3,elim,2026-06-06 12:30:00,0,Valorant Masters London 2026,https://www.vlr.gg/684610/team-vitality-vs-dragon-ranger-gaming-valorant-masters-london-2026-r1
VIT,Lotus,def,DRG,1,0,4,defus,2026-06-06 12:30:00,0,Valorant Masters London 2026,https://www.vlr.gg/684610/team-vitality-vs-dragon-ranger-gaming-valorant-masters-london-2026-r1
VIT,Lotus,def,DRG,0,1,5,elim,2026-06-06 12:30:00,0,Valorant Masters London 2026,https://www.vlr.gg/684610/team-vitality-vs-dragon-ranger-gaming-valorant-masters-london-2026-r1
VIT,Lotus,def,DRG,0,1,6,elim,2026-06-06 12:30:00,0,Valorant Masters London 2026,https://www.vlr.gg/684610/team-vitality-vs-dragon-ranger-gaming-valorant-masters-london-2026-r1
VIT,Lotus,def,DRG,0,1,7,boom,2026-06-06 12:30:00,0,Valorant Masters London 2026,https://www.vlr.gg/684610/team-vitality-vs-dragon-ranger-gaming-valorant-masters-london-2026-r1
VIT,Lotus,def,DRG,1,0,8,elim,2026-06-06 12:30:00,0,Valorant Masters London 2026,https://www.vlr.gg/684610/team-vitality-vs-dragon-ranger-gaming-valorant-masters-london-2026-r1
VIT,Lotus,def,DRG,1,0,9,tim,2026-06-06 12:30:00,0,Valorant Masters London 2026,https://www.vlr.gg/684610/team-vitality-vs-dragon-ranger-gaming-valorant-masters-london-2026-r1
VIT,Lotus,def,DRG,1,0,10,elim,2026-06-06 12:30:00,0,Valorant Masters London 2026,https://www.vlr.gg/684610/team-vitality-vs-dragon-ranger-gaming-valorant-masters-london-2026-r1
VIT,Lotus,def,DRG,0,1,11,elim,2026-06-06 12:30:00,0,Valorant Masters London 2026,https://www.vlr.gg/684610/team-vitality-vs-dragon-ranger-gaming-valorant-masters-london-2026-r1
VIT,Lotus,def,DRG,1,0,12,elim,2026-06-06 12:30:00,0,Valorant Masters London 2026,https://www.vlr.gg/684610/team-vitality-vs-dragon-ranger-gaming-valorant-masters-london-2026-r1
VIT,Breeze,atk,DRG,1,0,1,elim,2026-06-06 12:30:00,1,Valorant Masters London 2026,https://www.vlr.gg/684610/team-vitality-vs-dragon-ranger-gaming-valorant-masters-london-2026-r1
VIT,Breeze,atk,DRG,1,0,2,elim,2026-06-06 12:30:00,1,Valorant Masters London 2026,https://www.vlr.gg/684610/team-vitality-vs-dragon-ranger-gaming-valorant-masters-london-2026-r1
VIT,Breeze,atk,DRG,1,0,3,elim,2026-06-06 12:30:00,1,Valorant Masters London 2026,https://www.vlr.gg/684610/team-vitality-vs-dragon-ranger-gaming-valorant-masters-london-2026-r1
VIT,Breeze,atk,DRG,1,0,4,elim,2026-06-06 12:30:00,1,Valorant Masters London 2026,https://www.vlr.gg/684610/team-vitality-vs-dragon-ranger-gaming-valorant-masters-london-2026-r1
VIT,Breeze,atk,DRG,1,0,5,elim,2026-06-06 12:30:00,1,Valorant Masters London 2026,https://www.vlr.gg/684610/team-vitality-vs-dragon-ranger-gaming-valorant-masters-london-2026-r1
VIT,Breeze,atk,DRG,1,0,6,elim,2026-06-06 12:30:00,1,Valorant Masters London 2026,https://www.vlr.gg/684610/team-vitality-vs-dragon-ranger-gaming-valorant-masters-london-2026-r1
VIT,Breeze,atk,DRG,1,0,7,boom,2026-06-06 12:30:00,1,Valorant Masters London 2026,https://www.vlr.gg/684610/team-vitality-vs-dragon-ranger-gaming-valorant-masters-london-2026-r1
VIT,Breeze,atk,DRG,1,0,8,elim,2026-06-06 12:30:00,1,Valorant Masters London 2026,https://www.vlr.gg/684610/team-vitality-vs-dragon-ranger-gaming-valorant-masters-london-2026-r1
VIT,Breeze,atk,DRG,1,0,9,elim,2026-06-06 12:30:00,1,Valorant Masters London 2026,https://www.vlr.gg/684610/team-vitality-vs-dragon-ranger-gaming-valorant-masters-london-2026-r1
VIT,Breeze,atk,DRG,0,1,10,tim,2026-06-06 12:30:00,1,Valorant Masters London 2026,https://www.vlr.gg/684610/team-vitality-vs-dragon-ranger-gaming-valorant-masters-london-2026-r1
VIT,Breeze,atk,DRG,0,1,11,elim,2026-06-06 12:30:00,1,Valorant Masters London 2026,https://www.vlr.gg/684610/team-vitality-vs-dragon-ranger-gaming-valorant-masters-london-2026-r1
VIT,Breeze,atk,DRG,0,1,12,elim,2026-06-06 12:30:00,1,Valorant Masters London 2026,https://www.vlr.gg/684610/team-vitality-vs-dragon-ranger-gaming-valorant-masters-london-2026-r1
VIT,Breeze,def,DRG,1,0,13,defus,2026-06-06 12:30:00,1,Valorant Masters London 2026,https://www.vlr.gg/684610/team-vitality-vs-dragon-ranger-gaming-valorant-masters-london-2026-r1
VIT,Breeze,def,DRG,1,0,14,defus,2026-06-06 12:30:00,1,Valorant Masters London 2026,https://www.vlr.gg/684610/team-vitality-vs-dragon-ranger-gaming-valorant-masters-london-2026-r1
VIT,Breeze,def,DRG,1,0,15,elim,2026-06-06 12:30:00,1,Valorant Masters London 2026,https://www.vlr.gg/684610/team-vitality-vs-dragon-ranger-gaming-valorant-masters-london-2026-r1
VIT,Breeze,def,DRG,1,0,16,elim,2026-06-06 12:30:00,1,Valorant Masters London 2026,https://www.vlr.gg/684610/team-vitality-vs-dragon-ranger-gaming-valorant-masters-london-2026-r1
FS,Fracture,atk,FUT,0,1,1,elim,2026-06-07 10:00:00,0,Valorant Masters London 2026,https://www.vlr.gg/684611/full-sense-vs-fut-esports-valorant-masters-london-2026-r1
FS,Fracture,atk,FUT,0,1,2,defus,2026-06-07 10:00:00,0,Valorant Masters London 2026,https://www.vlr.gg/684611/full-sense-vs-fut-esports-valorant-masters-london-2026-r1
FS,Fracture,atk,FUT,1,0,3,elim,2026-06-07 10:00:00,0,Valorant Masters London 2026,https://www.vlr.gg/684611/full-sense-vs-fut-esports-valorant-masters-london-2026-r1
FS,Fracture,atk,FUT,1,0,4,elim,2026-06-07 10:00:00,0,Valorant Masters London 2026,https://www.vlr.gg/684611/full-sense-vs-fut-esports-valorant-masters-london-2026-r1
FS,Fracture,atk,FUT,0,1,5,defus,2026-06-07 10:00:00,0,Valorant Masters London 2026,https://www.vlr.gg/684611/full-sense-vs-fut-esports-valorant-masters-london-2026-r1
FS,Fracture,atk,FUT,1,0,6,elim,2026-06-07 10:00:00,0,Valorant Masters London 2026,https://www.vlr.gg/684611/full-sense-vs-fut-esports-valorant-masters-london-2026-r1
FS,Fracture,atk,FUT,0,1,7,elim,2026-06-07 10:00:00,0,Valorant Masters London 2026,https://www.vlr.gg/684611/full-sense-vs-fut-esports-valorant-masters-london-2026-r1
FS,Fracture,atk,FUT,0,1,8,elim,2026-06-07 10:00:00,0,Valorant Masters London 2026,https://www.vlr.gg/684611/full-sense-vs-fut-esports-valorant-masters-london-2026-r1
FS,Fracture,atk,FUT,0,1,9,defus,2026-06-07 10:00:00,0,Valorant Masters London 2026,https://www.vlr.gg/684611/full-sense-vs-fut-esports-valorant-masters-london-2026-r1
FS,Fracture,atk,FUT,0,1,10,elim,2026-06-07 10:00:00,0,Valorant Masters London 2026,https://www.vlr.gg/684611/full-sense-vs-fut-esports-valorant-masters-london-2026-r1
FS,Fracture,atk,FUT,0,1,11,elim,2026-06-07 10:00:00,0,Valorant Masters London 2026,https://www.vlr.gg/684611/full-sense-vs-fut-esports-valorant-masters-london-2026-r1
FS,Fracture,atk,FUT,0,1,12,defus,2026-06-07 10:00:00,0,Valorant Masters London 2026,https://www.vlr.gg/684611/full-sense-vs-fut-esports-valorant-masters-london-2026-r1
FS,Fracture,def,FUT,0,1,13,elim,2026-06-07 10:00:00,0,Valorant Masters London 2026,https://www.vlr.gg/684611/full-sense-vs-fut-esports-valorant-masters-london-2026-r1
FS,Fracture,def,FUT,0,1,14,elim,2026-06-07 10:00:00,0,Valorant Masters London 2026,https://www.vlr.gg/684611/full-sense-vs-fut-esports-valorant-masters-london-2026-r1
FS,Fracture,def,FUT,0,1,15,elim,2026-06-07 10:00:00,0,Valorant Masters London 2026,https://www.vlr.gg/684611/full-sense-vs-fut-esports-valorant-masters-london-2026-r1
FS,Fracture,def,FUT,0,1,16,elim,2026-06-07 10:00:00,0,Valorant Masters London 2026,https://www.vlr.gg/684611/full-sense-vs-fut-esports-valorant-masters-london-2026-r1
FS,Haven,atk,FUT,0,1,1,elim,2026-06-07 10:00:00,1,Valorant Masters London 2026,https://www.vlr.gg/684611/full-sense-vs-fut-esports-valorant-masters-london-2026-r1
FS,Haven,atk,FUT,1,0,2,elim,2026-06-07 10:00:00,1,Valorant Masters London 2026,https://www.vlr.gg/684611/full-sense-vs-fut-esports-valorant-masters-london-2026-r1
FS,Haven,atk,FUT,1,0,3,elim,2026-06-07 10:00:00,1,Valorant Masters London 2026,https://www.vlr.gg/684611/full-sense-vs-fut-esports-valorant-masters-london-2026-r1
FS,Haven,atk,FUT,0,1,4,defus,2026-06-07 10:00:00,1,Valorant Masters London 2026,https://www.vlr.gg/684611/full-sense-vs-fut-esports-valorant-masters-london-2026-r1
FS,Haven,atk,FUT,0,1,5,elim,2026-06-07 10:00:00,1,Valorant Masters London 2026,https://www.vlr.gg/684611/full-sense-vs-fut-esports-valorant-masters-london-2026-r1
FS,Haven,atk,FUT,0,1,6,elim,2026-06-07 10:00:00,1,Valorant Masters London 2026,https://www.vlr.gg/684611/full-sense-vs-fut-esports-valorant-masters-london-2026-r1
FS,Haven,atk,FUT,0,1,7,defus,2026-06-07 10:00:00,1,Valorant Masters London 2026,https://www.vlr.gg/684611/full-sense-vs-fut-esports-valorant-masters-london-2026-r1
FS,Haven,atk,FUT,0,1,8,elim,2026-06-07 10:00:00,1,Valorant Masters London 2026,https://www.vlr.gg/684611/full-sense-vs-fut-esports-valorant-masters-london-2026-r1
FS,Haven,atk,FUT,0,1,9,defus,2026-06-07 10:00:00,1,Valorant Masters London 2026,https://www.vlr.gg/684611/full-sense-vs-fut-esports-valorant-masters-london-2026-r1
FS,Haven,atk,FUT,0,1,10,tim,2026-06-07 10:00:00,1,Valorant Masters London 2026,https://www.vlr.gg/684611/full-sense-vs-fut-esports-valorant-masters-london-2026-r1
FS,Haven,atk,FUT,0,1,11,elim,2026-06-07 10:00:00,1,Valorant Masters London 2026,https://www.vlr.gg/684611/full-sense-vs-fut-esports-valorant-masters-london-2026-r1
FS,Haven,atk,FUT,0,1,12,elim,2026-06-07 10:00:00,1,Valorant Masters London 2026,https://www.vlr.gg/684611/full-sense-vs-fut-esports-valorant-masters-london-2026-r1
FS,Haven,def,FUT,1,0,13,defus,2026-06-07 10:00:00,1,Valorant Masters London 2026,https://www.vlr.gg/684611/full-sense-vs-fut-esports-valorant-masters-london-2026-r1
FS,Haven,def,FUT,1,0,14,defus,2026-06-07 10:00:00,1,Valorant Masters London 2026,https://www.vlr.gg/684611/full-sense-vs-fut-esports-valorant-masters-london-2026-r1
FS,Haven,def,FUT,0,1,15,elim,2026-06-07 10:00:00,1,Valorant Masters London 2026,https://www.vlr.gg/684611/full-sense-vs-fut-esports-valorant-masters-london-2026-r1
FS,Haven,def,FUT,1,0,16,elim,2026-06-07 10:00:00,1,Valorant Masters London 2026,https://www.vlr.gg/684611/full-sense-vs-fut-esports-valorant-masters-london-2026-r1
FS,Haven,def,FUT,0,1,17,elim,2026-06-07 10:00:00,1,Valorant Masters London 2026,https://www.vlr.gg/684611/full-sense-vs-fut-esports-valorant-masters-london-2026-r1
FS,Haven,def,FUT,1,0,18,defus,2026-06-07 10:00:00,1,Valorant Masters London 2026,https://www.vlr.gg/684611/full-sense-vs-fut-esports-valorant-masters-london-2026-r1
FS,Haven,def,FUT,1,0,19,elim,2026-06-07 10:00:00,1,Valorant Masters London 2026,https://www.vlr.gg/684611/full-sense-vs-fut-esports-valorant-masters-london-2026-r1
FS,Haven,def,FUT,0,1,20,elim,2026-06-07 10:00:00,1,Valorant Masters London 2026,https://www.vlr.gg/684611/full-sense-vs-fut-esports-valorant-masters-london-2026-r1
LEV,Pearl,atk,GE,0,1,13,defus,2026-06-07 12:00:00,0,Valorant Masters London 2026,https://www.vlr.gg/684612/leviat-n-vs-global-esports-valorant-masters-london-2026-r1
LEV,Pearl,atk,GE,0,1,14,elim,2026-06-07 12:00:00,0,Valorant Masters London 2026,https://www.vlr.gg/684612/leviat-n-vs-global-esports-valorant-masters-london-2026-r1
LEV,Pearl,atk,GE,1,0,15,boom,2026-06-07 12:00:00,0,Valorant Masters London 2026,https://www.vlr.gg/684612/leviat-n-vs-global-esports-valorant-masters-london-2026-r1
LEV,Pearl,atk,GE,0,1,16,defus,2026-06-07 12:00:00,0,Valorant Masters London 2026,https://www.vlr.gg/684612/leviat-n-vs-global-esports-valorant-masters-london-2026-r1
LEV,Pearl,atk,GE,0,1,17,defus,2026-06-07 12:00:00,0,Valorant Masters London 2026,https://www.vlr.gg/684612/leviat-n-vs-global-esports-valorant-masters-london-2026-r1
LEV,Pearl,def,GE,0,1,1,elim,2026-06-07 12:00:00,0,Valorant Masters London 2026,https://www.vlr.gg/684612/leviat-n-vs-global-esports-valorant-masters-london-2026-r1
LEV,Pearl,def,GE,0,1,2,elim,2026-06-07 12:00:00,0,Valorant Masters London 2026,https://www.vlr.gg/684612/leviat-n-vs-global-esports-valorant-masters-london-2026-r1
LEV,Pearl,def,GE,0,1,3,boom,2026-06-07 12:00:00,0,Valorant Masters London 2026,https://www.vlr.gg/684612/leviat-n-vs-global-esports-valorant-masters-london-2026-r1
LEV,Pearl,def,GE,0,1,4,elim,2026-06-07 12:00:00,0,Valorant Masters London 2026,https://www.vlr.gg/684612/leviat-n-vs-global-esports-valorant-masters-london-2026-r1
LEV,Pearl,def,GE,0,1,5,boom,2026-06-07 12:00:00,0,Valorant Masters London 2026,https://www.vlr.gg/684612/leviat-n-vs-global-esports-valorant-masters-london-2026-r1
LEV,Pearl,def,GE,0,1,6,elim,2026-06-07 12:00:00,0,Valorant Masters London 2026,https://www.vlr.gg/684612/leviat-n-vs-global-esports-valorant-masters-london-2026-r1
LEV,Pearl,def,GE,0,1,7,boom,2026-06-07 12:00:00,0,Valorant Masters London 2026,https://www.vlr.gg/684612/leviat-n-vs-global-esports-valorant-masters-london-2026-r1
LEV,Pearl,def,GE,1,0,8,defus,2026-06-07 12:00:00,0,Valorant Masters London 2026,https://www.vlr.gg/684612/leviat-n-vs-global-esports-valorant-masters-london-2026-r1
LEV,Pearl,def,GE,1,0,9,defus,2026-06-07 12:00:00,0,Valorant Masters London 2026,https://www.vlr.gg/684612/leviat-n-vs-global-esports-valorant-masters-london-2026-r1
LEV,Pearl,def,GE,0,1,10,elim,2026-06-07 12:00:00,0,Valorant Masters London 2026,https://www.vlr.gg/684612/leviat-n-vs-global-esports-valorant-masters-london-2026-r1
LEV,Pearl,def,GE,0,1,11,boom,2026-06-07 12:00:00,0,Valorant Masters London 2026,https://www.vlr.gg/684612/leviat-n-vs-global-esports-valorant-masters-london-2026-r1
LEV,Pearl,def,GE,1,0,12,defus,2026-06-07 12:00:00,0,Valorant Masters London 2026,https://www.vlr.gg/684612/leviat-n-vs-global-esports-valorant-masters-london-2026-r1
LEV,Fracture,atk,GE,1,0,13,elim,2026-06-07 12:00:00,1,Valorant Masters London 2026,https://www.vlr.gg/684612/leviat-n-vs-global-esports-valorant-masters-london-2026-r1
LEV,Fracture,atk,GE,1,0,14,elim,2026-06-07 12:00:00,1,Valorant Masters London 2026,https://www.vlr.gg/684612/leviat-n-vs-global-esports-valorant-masters-london-2026-r1
LEV,Fracture,atk,GE,0,1,15,elim,2026-06-07 12:00:00,1,Valorant Masters London 2026,https://www.vlr.gg/684612/leviat-n-vs-global-esports-valorant-masters-london-2026-r1
LEV,Fracture,atk,GE,0,1,16,elim,2026-06-07 12:00:00,1,Valorant Masters London 2026,https://www.vlr.gg/684612/leviat-n-vs-global-esports-valorant-masters-london-2026-r1
LEV,Fracture,atk,GE,1,0,17,elim,2026-06-07 12:00:00,1,Valorant Masters London 2026,https://www.vlr.gg/684612/leviat-n-vs-global-esports-valorant-masters-london-2026-r1
LEV,Fracture,atk,GE,1,0,18,elim,2026-06-07 12:00:00,1,Valorant Masters London 2026,https://www.vlr.gg/684612/leviat-n-vs-global-esports-valorant-masters-london-2026-r1
LEV,Fracture,atk,GE,0,1,19,elim,2026-06-07 12:00:00,1,Valorant Masters London 2026,https://www.vlr.gg/684612/leviat-n-vs-global-esports-valorant-masters-london-2026-r1
LEV,Fracture,atk,GE,1,0,20,elim,2026-06-07 12:00:00,1,Valorant Masters London 2026,https://www.vlr.gg/684612/leviat-n-vs-global-esports-valorant-masters-london-2026-r1
LEV,Fracture,atk,GE,0,1,21,elim,2026-06-07 12:00:00,1,Valorant Masters London 2026,https://www.vlr.gg/684612/leviat-n-vs-global-esports-valorant-masters-london-2026-r1
LEV,Fracture,atk,GE,0,1,22,elim,2026-06-07 12:00:00,1,Valorant Masters London 2026,https://www.vlr.gg/684612/leviat-n-vs-global-esports-valorant-masters-london-2026-r1
LEV,Fracture,atk,GE,1,0,23,elim,2026-06-07 12:00:00,1,Valorant Masters London 2026,https://www.vlr.gg/684612/leviat-n-vs-global-esports-valorant-masters-london-2026-r1
LEV,Fracture,atk,GE,1,0,24,elim,2026-06-07 12:00:00,1,Valorant Masters London 2026,https://www.vlr.gg/684612/leviat-n-vs-global-esports-valorant-masters-london-2026-r1
LEV,Fracture,def,GE,1,0,1,defus,2026-06-07 12:00:00,1,Valorant Masters London 2026,https://www.vlr.gg/684612/leviat-n-vs-global-esports-valorant-masters-london-2026-r1
LEV,Fracture,def,GE,1,0,2,defus,2026-06-07 12:00:00,1,Valorant Masters London 2026,https://www.vlr.gg/684612/leviat-n-vs-global-esports-valorant-masters-london-2026-r1
LEV,Fracture,def,GE,0,1,3,boom,2026-06-07 12:00:00,1,Valorant Masters London 2026,https://www.vlr.gg/684612/leviat-n-vs-global-esports-valorant-masters-london-2026-r1
LEV,Fracture,def,GE,1,0,4,elim,2026-06-07 12:00:00,1,Valorant Masters London 2026,https://www.vlr.gg/684612/leviat-n-vs-global-esports-valorant-masters-london-2026-r1
LEV,Fracture,def,GE,1,0,5,defus,2026-06-07 12:00:00,1,Valorant Masters London 2026,https://www.vlr.gg/684612/leviat-n-vs-global-esports-valorant-masters-london-2026-r1
LEV,Fracture,def,GE,1,0,6,tim,2026-06-07 12:00:00,1,Valorant Masters London 2026,https://www.vlr.gg/684612/leviat-n-vs-global-esports-valorant-masters-london-2026-r1
LEV,Fracture,def,GE,0,1,7,elim,2026-06-07 12:00:00,1,Valorant Masters London 2026,https://www.vlr.gg/684612/leviat-n-vs-global-esports-valorant-masters-london-2026-r1
LEV,Fracture,def,GE,0,1,8,boom,2026-06-07 12:00:00,1,Valorant Masters London 2026,https://www.vlr.gg/684612/leviat-n-vs-global-esports-valorant-masters-london-2026-r1
LEV,Fracture,def,GE,0,1,9,boom,2026-06-07 12:00:00,1,Valorant Masters London 2026,https://www.vlr.gg/684612/leviat-n-vs-global-esports-valorant-masters-london-2026-r1
LEV,Fracture,def,GE,0,1,10,elim,2026-06-07 12:00:00,1,Valorant Masters London 2026,https://www.vlr.gg/684612/leviat-n-vs-global-esports-valorant-masters-london-2026-r1
LEV,Fracture,def,GE,1,0,11,defus,2026-06-07 12:00:00,1,Valorant Masters London 2026,https://www.vlr.gg/684612/leviat-n-vs-global-esports-valorant-masters-london-2026-r1
LEV,Fracture,def,GE,0,1,12,elim,2026-06-07 12:00:00,1,Valorant Masters London 2026,https://www.vlr.gg/684612/leviat-n-vs-global-esports-valorant-masters-london-2026-r1
LEV,Split,atk,GE,1,0,13,elim,2026-06-07 12:00:00,2,Valorant Masters London 2026,https://www.vlr.gg/684612/leviat-n-vs-global-esports-valorant-masters-london-2026-r1
LEV,Split,atk,GE,1,0,14,boom,2026-06-07 12:00:00,2,Valorant Masters London 2026,https://www.vlr.gg/684612/leviat-n-vs-global-esports-valorant-masters-london-2026-r1
LEV,Split,atk,GE,1,0,15,boom,2026-06-07 12:00:00,2,Valorant Masters London 2026,https://www.vlr.gg/684612/leviat-n-vs-global-esports-valorant-masters-london-2026-r1
LEV,Split,atk,GE,1,0,16,boom,2026-06-07 12:00:00,2,Valorant Masters London 2026,https://www.vlr.gg/684612/leviat-n-vs-global-esports-valorant-masters-london-2026-r1
LEV,Split,atk,GE,1,0,17,boom,2026-06-07 12:00:00,2,Valorant Masters London 2026,https://www.vlr.gg/684612/leviat-n-vs-global-esports-valorant-masters-london-2026-r1
LEV,Split,atk,GE,1,0,18,elim,2026-06-07 12:00:00,2,Valorant Masters London 2026,https://www.vlr.gg/684612/leviat-n-vs-global-esports-valorant-masters-london-2026-r1
LEV,Split,atk,GE,0,1,19,elim,2026-06-07 12:00:00,2,Valorant Masters London 2026,https://www.vlr.gg/684612/leviat-n-vs-global-esports-valorant-masters-london-2026-r1
LEV,Split,atk,GE,1,0,20,elim,2026-06-07 12:00:00,2,Valorant Masters London 2026,https://www.vlr.gg/684612/leviat-n-vs-global-esports-valorant-masters-london-2026-r1
LEV,Split,atk,GE,1,0,21,boom,2026-06-07 12:00:00,2,Valorant Masters London 2026,https://www.vlr.gg/684612/leviat-n-vs-global-esports-valorant-masters-london-2026-r1
LEV,Split,atk,GE,1,0,22,elim,2026-06-07 12:00:00,2,Valorant Masters London 2026,https://www.vlr.gg/684612/leviat-n-vs-global-esports-valorant-masters-london-2026-r1
LEV,Split,def,GE,1,0,1,elim,2026-06-07 12:00:00,2,Valorant Masters London 2026,https://www.vlr.gg/684612/leviat-n-vs-global-esports-valorant-masters-london-2026-r1
LEV,Split,def,GE,1,0,2,elim,2026-06-07 12:00:00,2,Valorant Masters London 2026,https://www.vlr.gg/684612/leviat-n-vs-global-esports-valorant-masters-london-2026-r1
LEV,Split,def,GE,0,1,3,elim,2026-06-07 12:00:00,2,Valorant Masters London 2026,https://www.vlr.gg/684612/leviat-n-vs-global-esports-valorant-masters-london-2026-r1
LEV,Split,def,GE,0,1,4,boom,2026-06-07 12:00:00,2,Valorant Masters London 2026,https://www.vlr.gg/684612/leviat-n-vs-global-esports-valorant-masters-london-2026-r1
LEV,Split,def,GE,0,1,5,elim,2026-06-07 12:00:00,2,Valorant Masters London 2026,https://www.vlr.gg/684612/leviat-n-vs-global-esports-valorant-masters-london-2026-r1
LEV,Split,def,GE,0,1,6,boom,2026-06-07 12:00:00,2,Valorant Masters London 2026,https://www.vlr.gg/684612/leviat-n-vs-global-esports-valorant-masters-london-2026-r1
LEV,Split,def,GE,1,0,7,elim,2026-06-07 12:00:00,2,Valorant Masters London 2026,https://www.vlr.gg/684612/leviat-n-vs-global-esports-valorant-masters-london-2026-r1
LEV,Split,def,GE,0,1,8,elim,2026-06-07 12:00:00,2,Valorant Masters London 2026,https://www.vlr.gg/684612/leviat-n-vs-global-esports-valorant-masters-london-2026-r1
LEV,Split,def,GE,0,1,9,elim,2026-06-07 12:00:00,2,Valorant Masters London 2026,https://www.vlr.gg/684612/leviat-n-vs-global-esports-valorant-masters-london-2026-r1
LEV,Split,def,GE,0,1,10,elim,2026-06-07 12:00:00,2,Valorant Masters London 2026,https://www.vlr.gg/684612/leviat-n-vs-global-esports-valorant-masters-london-2026-r1
LEV,Split,def,GE,1,0,11,defus,2026-06-07 12:00:00,2,Valorant Masters London 2026,https://www.vlr.gg/684612/leviat-n-vs-global-esports-valorant-masters-london-2026-r1
LEV,Split,def,GE,0,1,12,elim,2026-06-07 12:00:00,2,Valorant Masters London 2026,https://www.vlr.gg/684612/leviat-n-vs-global-esports-valorant-masters-london-2026-r1
VIT,Pearl,atk,FUT,0,1,1,defus,2026-06-08 10:00:00,0,Valorant Masters London 2026,https://www.vlr.gg/684614/team-vitality-vs-fut-esports-valorant-masters-london-2026-r2-1-0
VIT,Pearl,atk,FUT,1,0,2,elim,2026-06-08 10:00:00,0,Valorant Masters London 2026,https://www.vlr.gg/684614/team-vitality-vs-fut-esports-valorant-masters-london-2026-r2-1-0
VIT,Pearl,atk,FUT,1,0,3,boom,2026-06-08 10:00:00,0,Valorant Masters London 2026,https://www.vlr.gg/684614/team-vitality-vs-fut-esports-valorant-masters-london-2026-r2-1-0
VIT,Pearl,atk,FUT,0,1,4,elim,2026-06-08 10:00:00,0,Valorant Masters London 2026,https://www.vlr.gg/684614/team-vitality-vs-fut-esports-valorant-masters-london-2026-r2-1-0
VIT,Pearl,atk,FUT,1,0,5,elim,2026-06-08 10:00:00,0,Valorant Masters London 2026,https://www.vlr.gg/684614/team-vitality-vs-fut-esports-valorant-masters-london-2026-r2-1-0
VIT,Pearl,atk,FUT,0,1,6,elim,2026-06-08 10:00:00,0,Valorant Masters London 2026,https://www.vlr.gg/684614/team-vitality-vs-fut-esports-valorant-masters-london-2026-r2-1-0
VIT,Pearl,atk,FUT,1,0,7,boom,2026-06-08 10:00:00,0,Valorant Masters London 2026,https://www.vlr.gg/684614/team-vitality-vs-fut-esports-valorant-masters-london-2026-r2-1-0
VIT,Pearl,atk,FUT,0,1,8,elim,2026-06-08 10:00:00,0,Valorant Masters London 2026,https://www.vlr.gg/684614/team-vitality-vs-fut-esports-valorant-masters-london-2026-r2-1-0
VIT,Pearl,atk,FUT,1,0,9,elim,2026-06-08 10:00:00,0,Valorant Masters London 2026,https://www.vlr.gg/684614/team-vitality-vs-fut-esports-valorant-masters-london-2026-r2-1-0
VIT,Pearl,atk,FUT,1,0,10,elim,2026-06-08 10:00:00,0,Valorant Masters London 2026,https://www.vlr.gg/684614/team-vitality-vs-fut-esports-valorant-masters-london-2026-r2-1-0
VIT,Pearl,atk,FUT,0,1,11,defus,2026-06-08 10:00:00,0,Valorant Masters London 2026,https://www.vlr.gg/684614/team-vitality-vs-fut-esports-valorant-masters-london-2026-r2-1-0
VIT,Pearl,atk,FUT,1,0,12,elim,2026-06-08 10:00:00,0,Valorant Masters London 2026,https://www.vlr.gg/684614/team-vitality-vs-fut-esports-valorant-masters-london-2026-r2-1-0
VIT,Pearl,def,FUT,0,1,13,elim,2026-06-08 10:00:00,0,Valorant Masters London 2026,https://www.vlr.gg/684614/team-vitality-vs-fut-esports-valorant-masters-london-2026-r2-1-0
VIT,Pearl,def,FUT,0,1,14,elim,2026-06-08 10:00:00,0,Valorant Masters London 2026,https://www.vlr.gg/684614/team-vitality-vs-fut-esports-valorant-masters-london-2026-r2-1-0
VIT,Pearl,def,FUT,0,1,15,elim,2026-06-08 10:00:00,0,Valorant Masters London 2026,https://www.vlr.gg/684614/team-vitality-vs-fut-esports-valorant-masters-london-2026-r2-1-0
VIT,Pearl,def,FUT,0,1,16,elim,2026-06-08 10:00:00,0,Valorant Masters London 2026,https://www.vlr.gg/684614/team-vitality-vs-fut-esports-valorant-masters-london-2026-r2-1-0
VIT,Pearl,def,FUT,0,1,17,boom,2026-06-08 10:00:00,0,Valorant Masters London 2026,https://www.vlr.gg/684614/team-vitality-vs-fut-esports-valorant-masters-london-2026-r2-1-0
VIT,Pearl,def,FUT,1,0,18,defus,2026-06-08 10:00:00,0,Valorant Masters London 2026,https://www.vlr.gg/684614/team-vitality-vs-fut-esports-valorant-masters-london-2026-r2-1-0
VIT,Pearl,def,FUT,1,0,19,defus,2026-06-08 10:00:00,0,Valorant Masters London 2026,https://www.vlr.gg/684614/team-vitality-vs-fut-esports-valorant-masters-london-2026-r2-1-0
VIT,Pearl,def,FUT,1,0,20,elim,2026-06-08 10:00:00,0,Valorant Masters London 2026,https://www.vlr.gg/684614/team-vitality-vs-fut-esports-valorant-masters-london-2026-r2-1-0
VIT,Pearl,def,FUT,0,1,21,elim,2026-06-08 10:00:00,0,Valorant Masters London 2026,https://www.vlr.gg/684614/team-vitality-vs-fut-esports-valorant-masters-london-2026-r2-1-0
VIT,Pearl,def,FUT,1,0,22,defus,2026-06-08 10:00:00,0,Valorant Masters London 2026,https://www.vlr.gg/684614/team-vitality-vs-fut-esports-valorant-masters-london-2026-r2-1-0
VIT,Pearl,def,FUT,1,0,23,elim,2026-06-08 10:00:00,0,Valorant Masters London 2026,https://www.vlr.gg/684614/team-vitality-vs-fut-esports-valorant-masters-london-2026-r2-1-0
VIT,Pearl,def,FUT,1,0,24,defus,2026-06-08 10:00:00,0,Valorant Masters London 2026,https://www.vlr.gg/684614/team-vitality-vs-fut-esports-valorant-masters-london-2026-r2-1-0
VIT,Haven,atk,FUT,1,0,13,elim,2026-06-08 10:00:00,1,Valorant Masters London 2026,https://www.vlr.gg/684614/team-vitality-vs-fut-esports-valorant-masters-london-2026-r2-1-0
VIT,Haven,atk,FUT,1,0,14,elim,2026-06-08 10:00:00,1,Valorant Masters London 2026,https://www.vlr.gg/684614/team-vitality-vs-fut-esports-valorant-masters-london-2026-r2-1-0
VIT,Haven,atk,FUT,0,1,15,defus,2026-06-08 10:00:00,1,Valorant Masters London 2026,https://www.vlr.gg/684614/team-vitality-vs-fut-esports-valorant-masters-london-2026-r2-1-0
VIT,Haven,atk,FUT,0,1,16,elim,2026-06-08 10:00:00,1,Valorant Masters London 2026,https://www.vlr.gg/684614/team-vitality-vs-fut-esports-valorant-masters-london-2026-r2-1-0
VIT,Haven,atk,FUT,0,1,17,defus,2026-06-08 10:00:00,1,Valorant Masters London 2026,https://www.vlr.gg/684614/team-vitality-vs-fut-esports-valorant-masters-london-2026-r2-1-0
VIT,Haven,def,FUT,0,1,1,elim,2026-06-08 10:00:00,1,Valorant Masters London 2026,https://www.vlr.gg/684614/team-vitality-vs-fut-esports-valorant-masters-london-2026-r2-1-0
VIT,Haven,def,FUT,0,1,2,elim,2026-06-08 10:00:00,1,Valorant Masters London 2026,https://www.vlr.gg/684614/team-vitality-vs-fut-esports-valorant-masters-london-2026-r2-1-0
VIT,Haven,def,FUT,0,1,3,elim,2026-06-08 10:00:00,1,Valorant Masters London 2026,https://www.vlr.gg/684614/team-vitality-vs-fut-esports-valorant-masters-london-2026-r2-1-0
VIT,Haven,def,FUT,0,1,4,elim,2026-06-08 10:00:00,1,Valorant Masters London 2026,https://www.vlr.gg/684614/team-vitality-vs-fut-esports-valorant-masters-london-2026-r2-1-0
VIT,Haven,def,FUT,1,0,5,elim,2026-06-08 10:00:00,1,Valorant Masters London 2026,https://www.vlr.gg/684614/team-vitality-vs-fut-esports-valorant-masters-london-2026-r2-1-0
VIT,Haven,def,FUT,0,1,6,boom,2026-06-08 10:00:00,1,Valorant Masters London 2026,https://www.vlr.gg/684614/team-vitality-vs-fut-esports-valorant-masters-london-2026-r2-1-0
VIT,Haven,def,FUT,0,1,7,elim,2026-06-08 10:00:00,1,Valorant Masters London 2026,https://www.vlr.gg/684614/team-vitality-vs-fut-esports-valorant-masters-london-2026-r2-1-0
VIT,Haven,def,FUT,0,1,8,boom,2026-06-08 10:00:00,1,Valorant Masters London 2026,https://www.vlr.gg/684614/team-vitality-vs-fut-esports-valorant-masters-london-2026-r2-1-0
VIT,Haven,def,FUT,0,1,9,boom,2026-06-08 10:00:00,1,Valorant Masters London 2026,https://www.vlr.gg/684614/team-vitality-vs-fut-esports-valorant-masters-london-2026-r2-1-0
VIT,Haven,def,FUT,1,0,10,elim,2026-06-08 10:00:00,1,Valorant Masters London 2026,https://www.vlr.gg/684614/team-vitality-vs-fut-esports-valorant-masters-london-2026-r2-1-0
VIT,Haven,def,FUT,0,1,11,elim,2026-06-08 10:00:00,1,Valorant Masters London 2026,https://www.vlr.gg/684614/team-vitality-vs-fut-esports-valorant-masters-london-2026-r2-1-0
VIT,Haven,def,FUT,0,1,12,elim,2026-06-08 10:00:00,1,Valorant Masters London 2026,https://www.vlr.gg/684614/team-vitality-vs-fut-esports-valorant-masters-london-2026-r2-1-0
VIT,Fracture,atk,FUT,0,1,1,defus,2026-06-08 10:00:00,2,Valorant Masters London 2026,https://www.vlr.gg/684614/team-vitality-vs-fut-esports-valorant-masters-london-2026-r2-1-0
VIT,Fracture,atk,FUT,0,1,2,elim,2026-06-08 10:00:00,2,Valorant Masters London 2026,https://www.vlr.gg/684614/team-vitality-vs-fut-esports-valorant-masters-london-2026-r2-1-0
VIT,Fracture,atk,FUT,0,1,3,elim,2026-06-08 10:00:00,2,Valorant Masters London 2026,https://www.vlr.gg/684614/team-vitality-vs-fut-esports-valorant-masters-london-2026-r2-1-0
VIT,Fracture,atk,FUT,1,0,4,elim,2026-06-08 10:00:00,2,Valorant Masters London 2026,https://www.vlr.gg/684614/team-vitality-vs-fut-esports-valorant-masters-london-2026-r2-1-0
VIT,Fracture,atk,FUT,1,0,5,elim,2026-06-08 10:00:00,2,Valorant Masters London 2026,https://www.vlr.gg/684614/team-vitality-vs-fut-esports-valorant-masters-london-2026-r2-1-0
VIT,Fracture,atk,FUT,0,1,6,defus,2026-06-08 10:00:00,2,Valorant Masters London 2026,https://www.vlr.gg/684614/team-vitality-vs-fut-esports-valorant-masters-london-2026-r2-1-0
VIT,Fracture,atk,FUT,1,0,7,elim,2026-06-08 10:00:00,2,Valorant Masters London 2026,https://www.vlr.gg/684614/team-vitality-vs-fut-esports-valorant-masters-london-2026-r2-1-0
VIT,Fracture,atk,FUT,1,0,8,elim,2026-06-08 10:00:00,2,Valorant Masters London 2026,https://www.vlr.gg/684614/team-vitality-vs-fut-esports-valorant-masters-london-2026-r2-1-0
VIT,Fracture,atk,FUT,1,0,9,elim,2026-06-08 10:00:00,2,Valorant Masters London 2026,https://www.vlr.gg/684614/team-vitality-vs-fut-esports-valorant-masters-london-2026-r2-1-0
VIT,Fracture,atk,FUT,1,0,10,elim,2026-06-08 10:00:00,2,Valorant Masters London 2026,https://www.vlr.gg/684614/team-vitality-vs-fut-esports-valorant-masters-london-2026-r2-1-0
VIT,Fracture,atk,FUT,1,0,11,boom,2026-06-08 10:00:00,2,Valorant Masters London 2026,https://www.vlr.gg/684614/team-vitality-vs-fut-esports-valorant-masters-london-2026-r2-1-0
VIT,Fracture,atk,FUT,1,0,12,elim,2026-06-08 10:00:00,2,Valorant Masters London 2026,https://www.vlr.gg/684614/team-vitality-vs-fut-esports-valorant-masters-london-2026-r2-1-0
VIT,Fracture,def,FUT,0,1,13,elim,2026-06-08 10:00:00,2,Valorant Masters London 2026,https://www.vlr.gg/684614/team-vitality-vs-fut-esports-valorant-masters-london-2026-r2-1-0
VIT,Fracture,def,FUT,0,1,14,elim,2026-06-08 10:00:00,2,Valorant Masters London 2026,https://www.vlr.gg/684614/team-vitality-vs-fut-esports-valorant-masters-london-2026-r2-1-0
VIT,Fracture,def,FUT,0,1,15,elim,2026-06-08 10:00:00,2,Valorant Masters London 2026,https://www.vlr.gg/684614/team-vitality-vs-fut-esports-valorant-masters-london-2026-r2-1-0
VIT,Fracture,def,FUT,0,1,16,elim,2026-06-08 10:00:00,2,Valorant Masters London 2026,https://www.vlr.gg/684614/team-vitality-vs-fut-esports-valorant-masters-london-2026-r2-1-0
VIT,Fracture,def,FUT,1,0,17,elim,2026-06-08 10:00:00,2,Valorant Masters London 2026,https://www.vlr.gg/684614/team-vitality-vs-fut-esports-valorant-masters-london-2026-r2-1-0
VIT,Fracture,def,FUT,0,1,18,elim,2026-06-08 10:00:00,2,Valorant Masters London 2026,https://www.vlr.gg/684614/team-vitality-vs-fut-esports-valorant-masters-london-2026-r2-1-0
VIT,Fracture,def,FUT,1,0,19,defus,2026-06-08 10:00:00,2,Valorant Masters London 2026,https://www.vlr.gg/684614/team-vitality-vs-fut-esports-valorant-masters-london-2026-r2-1-0
VIT,Fracture,def,FUT,1,0,20,defus,2026-06-08 10:00:00,2,Valorant Masters London 2026,https://www.vlr.gg/684614/team-vitality-vs-fut-esports-valorant-masters-london-2026-r2-1-0
VIT,Fracture,def,FUT,0,1,21,boom,2026-06-08 10:00:00,2,Valorant Masters London 2026,https://www.vlr.gg/684614/team-vitality-vs-fut-esports-valorant-masters-london-2026-r2-1-0
VIT,Fracture,def,FUT,1,0,22,elim,2026-06-08 10:00:00,2,Valorant Masters London 2026,https://www.vlr.gg/684614/team-vitality-vs-fut-esports-valorant-masters-london-2026-r2-1-0
VIT,Fracture,def,FUT,1,0,23,defus,2026-06-08 10:00:00,2,Valorant Masters London 2026,https://www.vlr.gg/684614/team-vitality-vs-fut-esports-valorant-masters-london-2026-r2-1-0
NRG,Ascent,atk,LEV,0,1,13,elim,2026-06-08 13:15:00,0,Valorant Masters London 2026,https://www.vlr.gg/684615/nrg-vs-leviat-n-valorant-masters-london-2026-r2-1-0
NRG,Ascent,atk,LEV,0,1,14,elim,2026-06-08 13:15:00,0,Valorant Masters London 2026,https://www.vlr.gg/684615/nrg-vs-leviat-n-valorant-masters-london-2026-r2-1-0
NRG,Ascent,atk,LEV,1,0,15,boom,2026-06-08 13:15:00,0,Valorant Masters London 2026,https://www.vlr.gg/684615/nrg-vs-leviat-n-valorant-masters-london-2026-r2-1-0
NRG,Ascent,atk,LEV,0,1,16,elim,2026-06-08 13:15:00,0,Valorant Masters London 2026,https://www.vlr.gg/684615/nrg-vs-leviat-n-valorant-masters-london-2026-r2-1-0
NRG,Ascent,atk,LEV,0,1,17,elim,2026-06-08 13:15:00,0,Valorant Masters London 2026,https://www.vlr.gg/684615/nrg-vs-leviat-n-valorant-masters-london-2026-r2-1-0
NRG,Ascent,atk,LEV,0,1,18,elim,2026-06-08 13:15:00,0,Valorant Masters London 2026,https://www.vlr.gg/684615/nrg-vs-leviat-n-valorant-masters-london-2026-r2-1-0
NRG,Ascent,atk,LEV,1,0,19,boom,2026-06-08 13:15:00,0,Valorant Masters London 2026,https://www.vlr.gg/684615/nrg-vs-leviat-n-valorant-masters-london-2026-r2-1-0
NRG,Ascent,atk,LEV,0,1,20,defus,2026-06-08 13:15:00,0,Valorant Masters London 2026,https://www.vlr.gg/684615/nrg-vs-leviat-n-valorant-masters-london-2026-r2-1-0
NRG,Ascent,def,LEV,0,1,1,elim,2026-06-08 13:15:00,0,Valorant Masters London 2026,https://www.vlr.gg/684615/nrg-vs-leviat-n-valorant-masters-london-2026-r2-1-0
NRG,Ascent,def,LEV,0,1,2,elim,2026-06-08 13:15:00,0,Valorant Masters London 2026,https://www.vlr.gg/684615/nrg-vs-leviat-n-valorant-masters-london-2026-r2-1-0
NRG,Ascent,def,LEV,0,1,3,elim,2026-06-08 13:15:00,0,Valorant Masters London 2026,https://www.vlr.gg/684615/nrg-vs-leviat-n-valorant-masters-london-2026-r2-1-0
NRG,Ascent,def,LEV,0,1,4,elim,2026-06-08 13:15:00,0,Valorant Masters London 2026,https://www.vlr.gg/684615/nrg-vs-leviat-n-valorant-masters-london-2026-r2-1-0
NRG,Ascent,def,LEV,1,0,5,defus,2026-06-08 13:15:00,0,Valorant Masters London 2026,https://www.vlr.gg/684615/nrg-vs-leviat-n-valorant-masters-london-2026-r2-1-0
NRG,Ascent,def,LEV,0,1,6,elim,2026-06-08 13:15:00,0,Valorant Masters London 2026,https://www.vlr.gg/684615/nrg-vs-leviat-n-valorant-masters-london-2026-r2-1-0
NRG,Ascent,def,LEV,1,0,7,elim,2026-06-08 13:15:00,0,Valorant Masters London 2026,https://www.vlr.gg/684615/nrg-vs-leviat-n-valorant-masters-london-2026-r2-1-0
NRG,Ascent,def,LEV,1,0,8,tim,2026-06-08 13:15:00,0,Valorant Masters London 2026,https://www.vlr.gg/684615/nrg-vs-leviat-n-valorant-masters-london-2026-r2-1-0
NRG,Ascent,def,LEV,1,0,9,elim,2026-06-08 13:15:00,0,Valorant Masters London 2026,https://www.vlr.gg/684615/nrg-vs-leviat-n-valorant-masters-london-2026-r2-1-0
NRG,Ascent,def,LEV,0,1,10,elim,2026-06-08 13:15:00,0,Valorant Masters London 2026,https://www.vlr.gg/684615/nrg-vs-leviat-n-valorant-masters-london-2026-r2-1-0
NRG,Ascent,def,LEV,0,1,11,boom,2026-06-08 13:15:00,0,Valorant Masters London 2026,https://www.vlr.gg/684615/nrg-vs-leviat-n-valorant-masters-london-2026-r2-1-0
NRG,Ascent,def,LEV,1,0,12,tim,2026-06-08 13:15:00,0,Valorant Masters London 2026,https://www.vlr.gg/684615/nrg-vs-leviat-n-valorant-masters-london-2026-r2-1-0
NRG,Lotus,atk,LEV,1,0,13,elim,2026-06-08 13:15:00,1,Valorant Masters London 2026,https://www.vlr.gg/684615/nrg-vs-leviat-n-valorant-masters-london-2026-r2-1-0
NRG,Lotus,atk,LEV,1,0,14,elim,2026-06-08 13:15:00,1,Valorant Masters London 2026,https://www.vlr.gg/684615/nrg-vs-leviat-n-valorant-masters-london-2026-r2-1-0
NRG,Lotus,atk,LEV,0,1,15,defus,2026-06-08 13:15:00,1,Valorant Masters London 2026,https://www.vlr.gg/684615/nrg-vs-leviat-n-valorant-masters-london-2026-r2-1-0
NRG,Lotus,atk,LEV,1,0,16,elim,2026-06-08 13:15:00,1,Valorant Masters London 2026,https://www.vlr.gg/684615/nrg-vs-leviat-n-valorant-masters-london-2026-r2-1-0
NRG,Lotus,atk,LEV,1,0,17,elim,2026-06-08 13:15:00,1,Valorant Masters London 2026,https://www.vlr.gg/684615/nrg-vs-leviat-n-valorant-masters-london-2026-r2-1-0
NRG,Lotus,atk,LEV,1,0,18,elim,2026-06-08 13:15:00,1,Valorant Masters London 2026,https://www.vlr.gg/684615/nrg-vs-leviat-n-valorant-masters-london-2026-r2-1-0
NRG,Lotus,def,LEV,1,0,1,defus,2026-06-08 13:15:00,1,Valorant Masters London 2026,https://www.vlr.gg/684615/nrg-vs-leviat-n-valorant-masters-london-2026-r2-1-0
NRG,Lotus,def,LEV,1,0,2,defus,2026-06-08 13:15:00,1,Valorant Masters London 2026,https://www.vlr.gg/684615/nrg-vs-leviat-n-valorant-masters-london-2026-r2-1-0
NRG,Lotus,def,LEV,0,1,3,elim,2026-06-08 13:15:00,1,Valorant Masters London 2026,https://www.vlr.gg/684615/nrg-vs-leviat-n-valorant-masters-london-2026-r2-1-0
NRG,Lotus,def,LEV,0,1,4,elim,2026-06-08 13:15:00,1,Valorant Masters London 2026,https://www.vlr.gg/684615/nrg-vs-leviat-n-valorant-masters-london-2026-r2-1-0
NRG,Lotus,def,LEV,0,1,5,elim,2026-06-08 13:15:00,1,Valorant Masters London 2026,https://www.vlr.gg/684615/nrg-vs-leviat-n-valorant-masters-london-2026-r2-1-0
NRG,Lotus,def,LEV,1,0,6,elim,2026-06-08 13:15:00,1,Valorant Masters London 2026,https://www.vlr.gg/684615/nrg-vs-leviat-n-valorant-masters-london-2026-r2-1-0
NRG,Lotus,def,LEV,1,0,7,elim,2026-06-08 13:15:00,1,Valorant Masters London 2026,https://www.vlr.gg/684615/nrg-vs-leviat-n-valorant-masters-london-2026-r2-1-0
NRG,Lotus,def,LEV,1,0,8,defus,2026-06-08 13:15:00,1,Valorant Masters London 2026,https://www.vlr.gg/684615/nrg-vs-leviat-n-valorant-masters-london-2026-r2-1-0
NRG,Lotus,def,LEV,0,1,9,elim,2026-06-08 13:15:00,1,Valorant Masters London 2026,https://www.vlr.gg/684615/nrg-vs-leviat-n-valorant-masters-london-2026-r2-1-0
NRG,Lotus,def,LEV,1,0,10,elim,2026-06-08 13:15:00,1,Valorant Masters London 2026,https://www.vlr.gg/684615/nrg-vs-leviat-n-valorant-masters-london-2026-r2-1-0
NRG,Lotus,def,LEV,1,0,11,elim,2026-06-08 13:15:00,1,Valorant Masters London 2026,https://www.vlr.gg/684615/nrg-vs-leviat-n-valorant-masters-london-2026-r2-1-0
NRG,Lotus,def,LEV,1,0,12,elim,2026-06-08 13:15:00,1,Valorant Masters London 2026,https://www.vlr.gg/684615/nrg-vs-leviat-n-valorant-masters-london-2026-r2-1-0
NRG,Pearl,atk,LEV,1,0,1,boom,2026-06-08 13:15:00,2,Valorant Masters London 2026,https://www.vlr.gg/684615/nrg-vs-leviat-n-valorant-masters-london-2026-r2-1-0
NRG,Pearl,atk,LEV,1,0,2,elim,2026-06-08 13:15:00,2,Valorant Masters London 2026,https://www.vlr.gg/684615/nrg-vs-leviat-n-valorant-masters-london-2026-r2-1-0
NRG,Pearl,atk,LEV,0,1,3,tim,2026-06-08 13:15:00,2,Valorant Masters London 2026,https://www.vlr.gg/684615/nrg-vs-leviat-n-valorant-masters-london-2026-r2-1-0
NRG,Pearl,atk,LEV,0,1,4,elim,2026-06-08 13:15:00,2,Valorant Masters London 2026,https://www.vlr.gg/684615/nrg-vs-leviat-n-valorant-masters-london-2026-r2-1-0
NRG,Pearl,atk,LEV,0,1,5,defus,2026-06-08 13:15:00,2,Valorant Masters London 2026,https://www.vlr.gg/684615/nrg-vs-leviat-n-valorant-masters-london-2026-r2-1-0
NRG,Pearl,atk,LEV,0,1,6,elim,2026-06-08 13:15:00,2,Valorant Masters London 2026,https://www.vlr.gg/684615/nrg-vs-leviat-n-valorant-masters-london-2026-r2-1-0
NRG,Pearl,atk,LEV,1,0,7,boom,2026-06-08 13:15:00,2,Valorant Masters London 2026,https://www.vlr.gg/684615/nrg-vs-leviat-n-valorant-masters-london-2026-r2-1-0
NRG,Pearl,atk,LEV,1,0,8,elim,2026-06-08 13:15:00,2,Valorant Masters London 2026,https://www.vlr.gg/684615/nrg-vs-leviat-n-valorant-masters-london-2026-r2-1-0
NRG,Pearl,atk,LEV,0,1,9,defus,2026-06-08 13:15:00,2,Valorant Masters London 2026,https://www.vlr.gg/684615/nrg-vs-leviat-n-valorant-masters-london-2026-r2-1-0
NRG,Pearl,atk,LEV,0,1,10,defus,2026-06-08 13:15:00,2,Valorant Masters London 2026,https://www.vlr.gg/684615/nrg-vs-leviat-n-valorant-masters-london-2026-r2-1-0
NRG,Pearl,atk,LEV,0,1,11,defus,2026-06-08 13:15:00,2,Valorant Masters London 2026,https://www.vlr.gg/684615/nrg-vs-leviat-n-valorant-masters-london-2026-r2-1-0
NRG,Pearl,atk,LEV,1,0,12,elim,2026-06-08 13:15:00,2,Valorant Masters London 2026,https://www.vlr.gg/684615/nrg-vs-leviat-n-valorant-masters-london-2026-r2-1-0
NRG,Pearl,def,LEV,0,1,13,elim,2026-06-08 13:15:00,2,Valorant Masters London 2026,https://www.vlr.gg/684615/nrg-vs-leviat-n-valorant-masters-london-2026-r2-1-0
NRG,Pearl,def,LEV,0,1,14,elim,2026-06-08 13:15:00,2,Valorant Masters London 2026,https://www.vlr.gg/684615/nrg-vs-leviat-n-valorant-masters-london-2026-r2-1-0
NRG,Pearl,def,LEV,1,0,15,elim,2026-06-08 13:15:00,2,Valorant Masters London 2026,https://www.vlr.gg/684615/nrg-vs-leviat-n-valorant-masters-london-2026-r2-1-0
NRG,Pearl,def,LEV,0,1,16,elim,2026-06-08 13:15:00,2,Valorant Masters London 2026,https://www.vlr.gg/684615/nrg-vs-leviat-n-valorant-masters-london-2026-r2-1-0
NRG,Pearl,def,LEV,0,1,17,elim,2026-06-08 13:15:00,2,Valorant Masters London 2026,https://www.vlr.gg/684615/nrg-vs-leviat-n-valorant-masters-london-2026-r2-1-0
NRG,Pearl,def,LEV,1,0,18,elim,2026-06-08 13:15:00,2,Valorant Masters London 2026,https://www.vlr.gg/684615/nrg-vs-leviat-n-valorant-masters-london-2026-r2-1-0
NRG,Pearl,def,LEV,1,0,19,defus,2026-06-08 13:15:00,2,Valorant Masters London 2026,https://www.vlr.gg/684615/nrg-vs-leviat-n-valorant-masters-london-2026-r2-1-0
NRG,Pearl,def,LEV,0,1,20,elim,2026-06-08 13:15:00,2,Valorant Masters London 2026,https://www.vlr.gg/684615/nrg-vs-leviat-n-valorant-masters-london-2026-r2-1-0
NRG,Pearl,def,LEV,0,1,21,elim,2026-06-08 13:15:00,2,Valorant Masters London 2026,https://www.vlr.gg/684615/nrg-vs-leviat-n-valorant-masters-london-2026-r2-1-0
DRG,Haven,atk,XLG,1,0,13,elim,2026-06-09 10:00:00,0,Valorant Masters London 2026,https://www.vlr.gg/684616/dragon-ranger-gaming-vs-xi-lai-gaming-valorant-masters-london-2026-r2-0-1
DRG,Haven,atk,XLG,1,0,14,elim,2026-06-09 10:00:00,0,Valorant Masters London 2026,https://www.vlr.gg/684616/dragon-ranger-gaming-vs-xi-lai-gaming-valorant-masters-london-2026-r2-0-1
DRG,Haven,atk,XLG,1,0,15,elim,2026-06-09 10:00:00,0,Valorant Masters London 2026,https://www.vlr.gg/684616/dragon-ranger-gaming-vs-xi-lai-gaming-valorant-masters-london-2026-r2-0-1
DRG,Haven,atk,XLG,0,1,16,elim,2026-06-09 10:00:00,0,Valorant Masters London 2026,https://www.vlr.gg/684616/dragon-ranger-gaming-vs-xi-lai-gaming-valorant-masters-london-2026-r2-0-1
DRG,Haven,atk,XLG,1,0,17,elim,2026-06-09 10:00:00,0,Valorant Masters London 2026,https://www.vlr.gg/684616/dragon-ranger-gaming-vs-xi-lai-gaming-valorant-masters-london-2026-r2-0-1
DRG,Haven,def,XLG,1,0,1,defus,2026-06-09 10:00:00,0,Valorant Masters London 2026,https://www.vlr.gg/684616/dragon-ranger-gaming-vs-xi-lai-gaming-valorant-masters-london-2026-r2-0-1
DRG,Haven,def,XLG,0,1,2,elim,2026-06-09 10:00:00,0,Valorant Masters London 2026,https://www.vlr.gg/684616/dragon-ranger-gaming-vs-xi-lai-gaming-valorant-masters-london-2026-r2-0-1
DRG,Haven,def,XLG,0,1,3,elim,2026-06-09 10:00:00,0,Valorant Masters London 2026,https://www.vlr.gg/684616/dragon-ranger-gaming-vs-xi-lai-gaming-valorant-masters-london-2026-r2-0-1
DRG,Haven,def,XLG,1,0,4,defus,2026-06-09 10:00:00,0,Valorant Masters London 2026,https://www.vlr.gg/684616/dragon-ranger-gaming-vs-xi-lai-gaming-valorant-masters-london-2026-r2-0-1
DRG,Haven,def,XLG,1,0,5,defus,2026-06-09 10:00:00,0,Valorant Masters London 2026,https://www.vlr.gg/684616/dragon-ranger-gaming-vs-xi-lai-gaming-valorant-masters-london-2026-r2-0-1
DRG,Haven,def,XLG,1,0,6,defus,2026-06-09 10:00:00,0,Valorant Masters London 2026,https://www.vlr.gg/684616/dragon-ranger-gaming-vs-xi-lai-gaming-valorant-masters-london-2026-r2-0-1
DRG,Haven,def,XLG,1,0,7,defus,2026-06-09 10:00:00,0,Valorant Masters London 2026,https://www.vlr.gg/684616/dragon-ranger-gaming-vs-xi-lai-gaming-valorant-masters-london-2026-r2-0-1
DRG,Haven,def,XLG,1,0,8,tim,2026-06-09 10:00:00,0,Valorant Masters London 2026,https://www.vlr.gg/684616/dragon-ranger-gaming-vs-xi-lai-gaming-valorant-masters-london-2026-r2-0-1
DRG,Haven,def,XLG,0,1,9,elim,2026-06-09 10:00:00,0,Valorant Masters London 2026,https://www.vlr.gg/684616/dragon-ranger-gaming-vs-xi-lai-gaming-valorant-masters-london-2026-r2-0-1
DRG,Haven,def,XLG,1,0,10,elim,2026-06-09 10:00:00,0,Valorant Masters London 2026,https://www.vlr.gg/684616/dragon-ranger-gaming-vs-xi-lai-gaming-valorant-masters-london-2026-r2-0-1
DRG,Haven,def,XLG,1,0,11,elim,2026-06-09 10:00:00,0,Valorant Masters London 2026,https://www.vlr.gg/684616/dragon-ranger-gaming-vs-xi-lai-gaming-valorant-masters-london-2026-r2-0-1
DRG,Haven,def,XLG,1,0,12,defus,2026-06-09 10:00:00,0,Valorant Masters London 2026,https://www.vlr.gg/684616/dragon-ranger-gaming-vs-xi-lai-gaming-valorant-masters-london-2026-r2-0-1
DRG,Fracture,atk,XLG,1,0,1,elim,2026-06-09 10:00:00,1,Valorant Masters London 2026,https://www.vlr.gg/684616/dragon-ranger-gaming-vs-xi-lai-gaming-valorant-masters-london-2026-r2-0-1
DRG,Fracture,atk,XLG,1,0,2,elim,2026-06-09 10:00:00,1,Valorant Masters London 2026,https://www.vlr.gg/684616/dragon-ranger-gaming-vs-xi-lai-gaming-valorant-masters-london-2026-r2-0-1
DRG,Fracture,atk,XLG,1,0,3,elim,2026-06-09 10:00:00,1,Valorant Masters London 2026,https://www.vlr.gg/684616/dragon-ranger-gaming-vs-xi-lai-gaming-valorant-masters-london-2026-r2-0-1
DRG,Fracture,atk,XLG,0,1,4,elim,2026-06-09 10:00:00,1,Valorant Masters London 2026,https://www.vlr.gg/684616/dragon-ranger-gaming-vs-xi-lai-gaming-valorant-masters-london-2026-r2-0-1
DRG,Fracture,atk,XLG,0,1,5,defus,2026-06-09 10:00:00,1,Valorant Masters London 2026,https://www.vlr.gg/684616/dragon-ranger-gaming-vs-xi-lai-gaming-valorant-masters-london-2026-r2-0-1
DRG,Fracture,atk,XLG,0,1,6,elim,2026-06-09 10:00:00,1,Valorant Masters London 2026,https://www.vlr.gg/684616/dragon-ranger-gaming-vs-xi-lai-gaming-valorant-masters-london-2026-r2-0-1
DRG,Fracture,atk,XLG,1,0,7,boom,2026-06-09 10:00:00,1,Valorant Masters London 2026,https://www.vlr.gg/684616/dragon-ranger-gaming-vs-xi-lai-gaming-valorant-masters-london-2026-r2-0-1
DRG,Fracture,atk,XLG,1,0,8,elim,2026-06-09 10:00:00,1,Valorant Masters London 2026,https://www.vlr.gg/684616/dragon-ranger-gaming-vs-xi-lai-gaming-valorant-masters-london-2026-r2-0-1
DRG,Fracture,atk,XLG,0,1,9,elim,2026-06-09 10:00:00,1,Valorant Masters London 2026,https://www.vlr.gg/684616/dragon-ranger-gaming-vs-xi-lai-gaming-valorant-masters-london-2026-r2-0-1
DRG,Fracture,atk,XLG,0,1,10,elim,2026-06-09 10:00:00,1,Valorant Masters London 2026,https://www.vlr.gg/684616/dragon-ranger-gaming-vs-xi-lai-gaming-valorant-masters-london-2026-r2-0-1
DRG,Fracture,atk,XLG,0,1,11,elim,2026-06-09 10:00:00,1,Valorant Masters London 2026,https://www.vlr.gg/684616/dragon-ranger-gaming-vs-xi-lai-gaming-valorant-masters-london-2026-r2-0-1
DRG,Fracture,atk,XLG,0,1,12,defus,2026-06-09 10:00:00,1,Valorant Masters London 2026,https://www.vlr.gg/684616/dragon-ranger-gaming-vs-xi-lai-gaming-valorant-masters-london-2026-r2-0-1
DRG,Fracture,def,XLG,1,0,13,defus,2026-06-09 10:00:00,1,Valorant Masters London 2026,https://www.vlr.gg/684616/dragon-ranger-gaming-vs-xi-lai-gaming-valorant-masters-london-2026-r2-0-1
DRG,Fracture,def,XLG,1,0,14,elim,2026-06-09 10:00:00,1,Valorant Masters London 2026,https://www.vlr.gg/684616/dragon-ranger-gaming-vs-xi-lai-gaming-valorant-masters-london-2026-r2-0-1
DRG,Fracture,def,XLG,0,1,15,elim,2026-06-09 10:00:00,1,Valorant Masters London 2026,https://www.vlr.gg/684616/dragon-ranger-gaming-vs-xi-lai-gaming-valorant-masters-london-2026-r2-0-1
DRG,Fracture,def,XLG,0,1,16,elim,2026-06-09 10:00:00,1,Valorant Masters London 2026,https://www.vlr.gg/684616/dragon-ranger-gaming-vs-xi-lai-gaming-valorant-masters-london-2026-r2-0-1
DRG,Fracture,def,XLG,0,1,17,elim,2026-06-09 10:00:00,1,Valorant Masters London 2026,https://www.vlr.gg/684616/dragon-ranger-gaming-vs-xi-lai-gaming-valorant-masters-london-2026-r2-0-1
DRG,Fracture,def,XLG,0,1,18,elim,2026-06-09 10:00:00,1,Valorant Masters London 2026,https://www.vlr.gg/684616/dragon-ranger-gaming-vs-xi-lai-gaming-valorant-masters-london-2026-r2-0-1
DRG,Fracture,def,XLG,0,1,19,elim,2026-06-09 10:00:00,1,Valorant Masters London 2026,https://www.vlr.gg/684616/dragon-ranger-gaming-vs-xi-lai-gaming-valorant-masters-london-2026-r2-0-1
DRG,Fracture,def,XLG,1,0,20,elim,2026-06-09 10:00:00,1,Valorant Masters London 2026,https://www.vlr.gg/684616/dragon-ranger-gaming-vs-xi-lai-gaming-valorant-masters-london-2026-r2-0-1
DRG,Fracture,def,XLG,1,0,21,elim,2026-06-09 10:00:00,1,Valorant Masters London 2026,https://www.vlr.gg/684616/dragon-ranger-gaming-vs-xi-lai-gaming-valorant-masters-london-2026-r2-0-1
DRG,Fracture,def,XLG,0,1,22,elim,2026-06-09 10:00:00,1,Valorant Masters London 2026,https://www.vlr.gg/684616/dragon-ranger-gaming-vs-xi-lai-gaming-valorant-masters-london-2026-r2-0-1
DRG,Split,atk,XLG,1,0,13,elim,2026-06-09 10:00:00,2,Valorant Masters London 2026,https://www.vlr.gg/684616/dragon-ranger-gaming-vs-xi-lai-gaming-valorant-masters-london-2026-r2-0-1
DRG,Split,atk,XLG,1,0,14,elim,2026-06-09 10:00:00,2,Valorant Masters London 2026,https://www.vlr.gg/684616/dragon-ranger-gaming-vs-xi-lai-gaming-valorant-masters-london-2026-r2-0-1
DRG,Split,atk,XLG,0,1,15,defus,2026-06-09 10:00:00,2,Valorant Masters London 2026,https://www.vlr.gg/684616/dragon-ranger-gaming-vs-xi-lai-gaming-valorant-masters-london-2026-r2-0-1
DRG,Split,atk,XLG,0,1,16,defus,2026-06-09 10:00:00,2,Valorant Masters London 2026,https://www.vlr.gg/684616/dragon-ranger-gaming-vs-xi-lai-gaming-valorant-masters-london-2026-r2-0-1
DRG,Split,atk,XLG,1,0,17,boom,2026-06-09 10:00:00,2,Valorant Masters London 2026,https://www.vlr.gg/684616/dragon-ranger-gaming-vs-xi-lai-gaming-valorant-masters-london-2026-r2-0-1
DRG,Split,atk,XLG,0,1,18,elim,2026-06-09 10:00:00,2,Valorant Masters London 2026,https://www.vlr.gg/684616/dragon-ranger-gaming-vs-xi-lai-gaming-valorant-masters-london-2026-r2-0-1
DRG,Split,atk,XLG,0,1,19,elim,2026-06-09 10:00:00,2,Valorant Masters London 2026,https://www.vlr.gg/684616/dragon-ranger-gaming-vs-xi-lai-gaming-valorant-masters-london-2026-r2-0-1
DRG,Split,atk,XLG,1,0,20,boom,2026-06-09 10:00:00,2,Valorant Masters London 2026,https://www.vlr.gg/684616/dragon-ranger-gaming-vs-xi-lai-gaming-valorant-masters-london-2026-r2-0-1
DRG,Split,atk,XLG,1,0,21,boom,2026-06-09 10:00:00,2,Valorant Masters London 2026,https://www.vlr.gg/684616/dragon-ranger-gaming-vs-xi-lai-gaming-valorant-masters-london-2026-r2-0-1
DRG,Split,atk,XLG,1,0,22,elim,2026-06-09 10:00:00,2,Valorant Masters London 2026,https://www.vlr.gg/684616/dragon-ranger-gaming-vs-xi-lai-gaming-valorant-masters-london-2026-r2-0-1
DRG,Split,atk,XLG,1,0,23,elim,2026-06-09 10:00:00,2,Valorant Masters London 2026,https://www.vlr.gg/684616/dragon-ranger-gaming-vs-xi-lai-gaming-valorant-masters-london-2026-r2-0-1
DRG,Split,atk,XLG,0,1,24,defus,2026-06-09 10:00:00,2,Valorant Masters London 2026,https://www.vlr.gg/684616/dragon-ranger-gaming-vs-xi-lai-gaming-valorant-masters-london-2026-r2-0-1
DRG,Split,def,XLG,0,1,1,elim,2026-06-09 10:00:00,2,Valorant Masters London 2026,https://www.vlr.gg/684616/dragon-ranger-gaming-vs-xi-lai-gaming-valorant-masters-london-2026-r2-0-1
DRG,Split,def,XLG,0,1,2,elim,2026-06-09 10:00:00,2,Valorant Masters London 2026,https://www.vlr.gg/684616/dragon-ranger-gaming-vs-xi-lai-gaming-valorant-masters-london-2026-r2-0-1
DRG,Split,def,XLG,0,1,3,boom,2026-06-09 10:00:00,2,Valorant Masters London 2026,https://www.vlr.gg/684616/dragon-ranger-gaming-vs-xi-lai-gaming-valorant-masters-london-2026-r2-0-1
DRG,Split,def,XLG,1,0,4,elim,2026-06-09 10:00:00,2,Valorant Masters London 2026,https://www.vlr.gg/684616/dragon-ranger-gaming-vs-xi-lai-gaming-valorant-masters-london-2026-r2-0-1
DRG,Split,def,XLG,0,1,5,boom,2026-06-09 10:00:00,2,Valorant Masters London 2026,https://www.vlr.gg/684616/dragon-ranger-gaming-vs-xi-lai-gaming-valorant-masters-london-2026-r2-0-1
DRG,Split,def,XLG,0,1,6,boom,2026-06-09 10:00:00,2,Valorant Masters London 2026,https://www.vlr.gg/684616/dragon-ranger-gaming-vs-xi-lai-gaming-valorant-masters-london-2026-r2-0-1
DRG,Split,def,XLG,0,1,7,elim,2026-06-09 10:00:00,2,Valorant Masters London 2026,https://www.vlr.gg/684616/dragon-ranger-gaming-vs-xi-lai-gaming-valorant-masters-london-2026-r2-0-1
DRG,Split,def,XLG,1,0,8,elim,2026-06-09 10:00:00,2,Valorant Masters London 2026,https://www.vlr.gg/684616/dragon-ranger-gaming-vs-xi-lai-gaming-valorant-masters-london-2026-r2-0-1
DRG,Split,def,XLG,1,0,9,elim,2026-06-09 10:00:00,2,Valorant Masters London 2026,https://www.vlr.gg/684616/dragon-ranger-gaming-vs-xi-lai-gaming-valorant-masters-london-2026-r2-0-1
DRG,Split,def,XLG,0,1,10,elim,2026-06-09 10:00:00,2,Valorant Masters London 2026,https://www.vlr.gg/684616/dragon-ranger-gaming-vs-xi-lai-gaming-valorant-masters-london-2026-r2-0-1
DRG,Split,def,XLG,0,1,11,elim,2026-06-09 10:00:00,2,Valorant Masters London 2026,https://www.vlr.gg/684616/dragon-ranger-gaming-vs-xi-lai-gaming-valorant-masters-london-2026-r2-0-1
DRG,Split,def,XLG,1,0,12,defus,2026-06-09 10:00:00,2,Valorant Masters London 2026,https://www.vlr.gg/684616/dragon-ranger-gaming-vs-xi-lai-gaming-valorant-masters-london-2026-r2-0-1
GE,Split,atk,FS,1,0,1,elim,2026-06-09 13:20:00,0,Valorant Masters London 2026,https://www.vlr.gg/684617/global-esports-vs-full-sense-valorant-masters-london-2026-r2-0-1
GE,Split,atk,FS,1,0,2,boom,2026-06-09 13:20:00,0,Valorant Masters London 2026,https://www.vlr.gg/684617/global-esports-vs-full-sense-valorant-masters-london-2026-r2-0-1
GE,Split,atk,FS,1,0,3,boom,2026-06-09 13:20:00,0,Valorant Masters London 2026,https://www.vlr.gg/684617/global-esports-vs-full-sense-valorant-masters-london-2026-r2-0-1
GE,Split,atk,FS,1,0,4,elim,2026-06-09 13:20:00,0,Valorant Masters London 2026,https://www.vlr.gg/684617/global-esports-vs-full-sense-valorant-masters-london-2026-r2-0-1
GE,Split,atk,FS,0,1,5,defus,2026-06-09 13:20:00,0,Valorant Masters London 2026,https://www.vlr.gg/684617/global-esports-vs-full-sense-valorant-masters-london-2026-r2-0-1
GE,Split,atk,FS,0,1,6,tim,2026-06-09 13:20:00,0,Valorant Masters London 2026,https://www.vlr.gg/684617/global-esports-vs-full-sense-valorant-masters-london-2026-r2-0-1
GE,Split,atk,FS,0,1,7,elim,2026-06-09 13:20:00,0,Valorant Masters London 2026,https://www.vlr.gg/684617/global-esports-vs-full-sense-valorant-masters-london-2026-r2-0-1
GE,Split,atk,FS,0,1,8,elim,2026-06-09 13:20:00,0,Valorant Masters London 2026,https://www.vlr.gg/684617/global-esports-vs-full-sense-valorant-masters-london-2026-r2-0-1
GE,Split,atk,FS,0,1,9,defus,2026-06-09 13:20:00,0,Valorant Masters London 2026,https://www.vlr.gg/684617/global-esports-vs-full-sense-valorant-masters-london-2026-r2-0-1
GE,Split,atk,FS,1,0,10,elim,2026-06-09 13:20:00,0,Valorant Masters London 2026,https://www.vlr.gg/684617/global-esports-vs-full-sense-valorant-masters-london-2026-r2-0-1
GE,Split,atk,FS,0,1,11,defus,2026-06-09 13:20:00,0,Valorant Masters London 2026,https://www.vlr.gg/684617/global-esports-vs-full-sense-valorant-masters-london-2026-r2-0-1
GE,Split,atk,FS,0,1,12,defus,2026-06-09 13:20:00,0,Valorant Masters London 2026,https://www.vlr.gg/684617/global-esports-vs-full-sense-valorant-masters-london-2026-r2-0-1
GE,Split,def,FS,1,0,13,defus,2026-06-09 13:20:00,0,Valorant Masters London 2026,https://www.vlr.gg/684617/global-esports-vs-full-sense-valorant-masters-london-2026-r2-0-1
GE,Split,def,FS,1,0,14,elim,2026-06-09 13:20:00,0,Valorant Masters London 2026,https://www.vlr.gg/684617/global-esports-vs-full-sense-valorant-masters-london-2026-r2-0-1
GE,Split,def,FS,0,1,15,elim,2026-06-09 13:20:00,0,Valorant Masters London 2026,https://www.vlr.gg/684617/global-esports-vs-full-sense-valorant-masters-london-2026-r2-0-1
GE,Split,def,FS,0,1,16,boom,2026-06-09 13:20:00,0,Valorant Masters London 2026,https://www.vlr.gg/684617/global-esports-vs-full-sense-valorant-masters-london-2026-r2-0-1
GE,Split,def,FS,0,1,17,elim,2026-06-09 13:20:00,0,Valorant Masters London 2026,https://www.vlr.gg/684617/global-esports-vs-full-sense-valorant-masters-london-2026-r2-0-1
GE,Split,def,FS,0,1,18,boom,2026-06-09 13:20:00,0,Valorant Masters London 2026,https://www.vlr.gg/684617/global-esports-vs-full-sense-valorant-masters-london-2026-r2-0-1
GE,Split,def,FS,0,1,19,boom,2026-06-09 13:20:00,0,Valorant Masters London 2026,https://www.vlr.gg/684617/global-esports-vs-full-sense-valorant-masters-london-2026-r2-0-1
GE,Split,def,FS,1,0,20,defus,2026-06-09 13:20:00,0,Valorant Masters London 2026,https://www.vlr.gg/684617/global-esports-vs-full-sense-valorant-masters-london-2026-r2-0-1
GE,Split,def,FS,1,0,21,defus,2026-06-09 13:20:00,0,Valorant Masters London 2026,https://www.vlr.gg/684617/global-esports-vs-full-sense-valorant-masters-london-2026-r2-0-1
GE,Split,def,FS,0,1,22,elim,2026-06-09 13:20:00,0,Valorant Masters London 2026,https://www.vlr.gg/684617/global-esports-vs-full-sense-valorant-masters-london-2026-r2-0-1
GE,Breeze,atk,FS,0,1,1,defus,2026-06-09 13:20:00,1,Valorant Masters London 2026,https://www.vlr.gg/684617/global-esports-vs-full-sense-valorant-masters-london-2026-r2-0-1
GE,Breeze,atk,FS,0,1,2,elim,2026-06-09 13:20:00,1,Valorant Masters London 2026,https://www.vlr.gg/684617/global-esports-vs-full-sense-valorant-masters-london-2026-r2-0-1
GE,Breeze,atk,FS,1,0,3,elim,2026-06-09 13:20:00,1,Valorant Masters London 2026,https://www.vlr.gg/684617/global-esports-vs-full-sense-valorant-masters-london-2026-r2-0-1
GE,Breeze,atk,FS,1,0,4,boom,2026-06-09 13:20:00,1,Valorant Masters London 2026,https://www.vlr.gg/684617/global-esports-vs-full-sense-valorant-masters-london-2026-r2-0-1
GE,Breeze,atk,FS,1,0,5,elim,2026-06-09 13:20:00,1,Valorant Masters London 2026,https://www.vlr.gg/684617/global-esports-vs-full-sense-valorant-masters-london-2026-r2-0-1
GE,Breeze,atk,FS,0,1,6,defus,2026-06-09 13:20:00,1,Valorant Masters London 2026,https://www.vlr.gg/684617/global-esports-vs-full-sense-valorant-masters-london-2026-r2-0-1
GE,Breeze,atk,FS,1,0,7,boom,2026-06-09 13:20:00,1,Valorant Masters London 2026,https://www.vlr.gg/684617/global-esports-vs-full-sense-valorant-masters-london-2026-r2-0-1
GE,Breeze,atk,FS,0,1,8,elim,2026-06-09 13:20:00,1,Valorant Masters London 2026,https://www.vlr.gg/684617/global-esports-vs-full-sense-valorant-masters-london-2026-r2-0-1
GE,Breeze,atk,FS,0,1,9,defus,2026-06-09 13:20:00,1,Valorant Masters London 2026,https://www.vlr.gg/684617/global-esports-vs-full-sense-valorant-masters-london-2026-r2-0-1
GE,Breeze,atk,FS,1,0,10,elim,2026-06-09 13:20:00,1,Valorant Masters London 2026,https://www.vlr.gg/684617/global-esports-vs-full-sense-valorant-masters-london-2026-r2-0-1
GE,Breeze,atk,FS,1,0,11,elim,2026-06-09 13:20:00,1,Valorant Masters London 2026,https://www.vlr.gg/684617/global-esports-vs-full-sense-valorant-masters-london-2026-r2-0-1
GE,Breeze,atk,FS,1,0,12,elim,2026-06-09 13:20:00,1,Valorant Masters London 2026,https://www.vlr.gg/684617/global-esports-vs-full-sense-valorant-masters-london-2026-r2-0-1
GE,Breeze,def,FS,1,0,13,defus,2026-06-09 13:20:00,1,Valorant Masters London 2026,https://www.vlr.gg/684617/global-esports-vs-full-sense-valorant-masters-london-2026-r2-0-1
GE,Breeze,def,FS,1,0,14,defus,2026-06-09 13:20:00,1,Valorant Masters London 2026,https://www.vlr.gg/684617/global-esports-vs-full-sense-valorant-masters-london-2026-r2-0-1
GE,Breeze,def,FS,0,1,15,boom,2026-06-09 13:20:00,1,Valorant Masters London 2026,https://www.vlr.gg/684617/global-esports-vs-full-sense-valorant-masters-london-2026-r2-0-1
GE,Breeze,def,FS,0,1,16,boom,2026-06-09 13:20:00,1,Valorant Masters London 2026,https://www.vlr.gg/684617/global-esports-vs-full-sense-valorant-masters-london-2026-r2-0-1
GE,Breeze,def,FS,0,1,17,elim,2026-06-09 13:20:00,1,Valorant Masters London 2026,https://www.vlr.gg/684617/global-esports-vs-full-sense-valorant-masters-london-2026-r2-0-1
GE,Breeze,def,FS,1,0,18,elim,2026-06-09 13:20:00,1,Valorant Masters London 2026,https://www.vlr.gg/684617/global-esports-vs-full-sense-valorant-masters-london-2026-r2-0-1
GE,Breeze,def,FS,1,0,19,elim,2026-06-09 13:20:00,1,Valorant Masters London 2026,https://www.vlr.gg/684617/global-esports-vs-full-sense-valorant-masters-london-2026-r2-0-1
GE,Breeze,def,FS,1,0,20,defus,2026-06-09 13:20:00,1,Valorant Masters London 2026,https://www.vlr.gg/684617/global-esports-vs-full-sense-valorant-masters-london-2026-r2-0-1
GE,Breeze,def,FS,1,0,21,elim,2026-06-09 13:20:00,1,Valorant Masters London 2026,https://www.vlr.gg/684617/global-esports-vs-full-sense-valorant-masters-london-2026-r2-0-1
GE,Pearl,atk,FS,1,0,1,elim,2026-06-09 13:20:00,2,Valorant Masters London 2026,https://www.vlr.gg/684617/global-esports-vs-full-sense-valorant-masters-london-2026-r2-0-1
GE,Pearl,atk,FS,1,0,2,boom,2026-06-09 13:20:00,2,Valorant Masters London 2026,https://www.vlr.gg/684617/global-esports-vs-full-sense-valorant-masters-london-2026-r2-0-1
GE,Pearl,atk,FS,1,0,3,elim,2026-06-09 13:20:00,2,Valorant Masters London 2026,https://www.vlr.gg/684617/global-esports-vs-full-sense-valorant-masters-london-2026-r2-0-1
GE,Pearl,atk,FS,1,0,4,elim,2026-06-09 13:20:00,2,Valorant Masters London 2026,https://www.vlr.gg/684617/global-esports-vs-full-sense-valorant-masters-london-2026-r2-0-1
GE,Pearl,atk,FS,1,0,5,elim,2026-06-09 13:20:00,2,Valorant Masters London 2026,https://www.vlr.gg/684617/global-esports-vs-full-sense-valorant-masters-london-2026-r2-0-1
GE,Pearl,atk,FS,0,1,6,elim,2026-06-09 13:20:00,2,Valorant Masters London 2026,https://www.vlr.gg/684617/global-esports-vs-full-sense-valorant-masters-london-2026-r2-0-1
GE,Pearl,atk,FS,1,0,7,boom,2026-06-09 13:20:00,2,Valorant Masters London 2026,https://www.vlr.gg/684617/global-esports-vs-full-sense-valorant-masters-london-2026-r2-0-1
GE,Pearl,atk,FS,1,0,8,elim,2026-06-09 13:20:00,2,Valorant Masters London 2026,https://www.vlr.gg/684617/global-esports-vs-full-sense-valorant-masters-london-2026-r2-0-1
GE,Pearl,atk,FS,1,0,9,elim,2026-06-09 13:20:00,2,Valorant Masters London 2026,https://www.vlr.gg/684617/global-esports-vs-full-sense-valorant-masters-london-2026-r2-0-1
GE,Pearl,atk,FS,1,0,10,elim,2026-06-09 13:20:00,2,Valorant Masters London 2026,https://www.vlr.gg/684617/global-esports-vs-full-sense-valorant-masters-london-2026-r2-0-1
GE,Pearl,atk,FS,1,0,11,elim,2026-06-09 13:20:00,2,Valorant Masters London 2026,https://www.vlr.gg/684617/global-esports-vs-full-sense-valorant-masters-london-2026-r2-0-1
GE,Pearl,atk,FS,0,1,12,defus,2026-06-09 13:20:00,2,Valorant Masters London 2026,https://www.vlr.gg/684617/global-esports-vs-full-sense-valorant-masters-london-2026-r2-0-1
GE,Pearl,def,FS,1,0,13,defus,2026-06-09 13:20:00,2,Valorant Masters London 2026,https://www.vlr.gg/684617/global-esports-vs-full-sense-valorant-masters-london-2026-r2-0-1
GE,Pearl,def,FS,0,1,14,boom,2026-06-09 13:20:00,2,Valorant Masters London 2026,https://www.vlr.gg/684617/global-esports-vs-full-sense-valorant-masters-london-2026-r2-0-1
GE,Pearl,def,FS,0,1,15,boom,2026-06-09 13:20:00,2,Valorant Masters London 2026,https://www.vlr.gg/684617/global-esports-vs-full-sense-valorant-masters-london-2026-r2-0-1
GE,Pearl,def,FS,1,0,16,defus,2026-06-09 13:20:00,2,Valorant Masters London 2026,https://www.vlr.gg/684617/global-esports-vs-full-sense-valorant-masters-london-2026-r2-0-1
GE,Pearl,def,FS,0,1,17,elim,2026-06-09 13:20:00,2,Valorant Masters London 2026,https://www.vlr.gg/684617/global-esports-vs-full-sense-valorant-masters-london-2026-r2-0-1
GE,Pearl,def,FS,0,1,18,elim,2026-06-09 13:20:00,2,Valorant Masters London 2026,https://www.vlr.gg/684617/global-esports-vs-full-sense-valorant-masters-london-2026-r2-0-1
GE,Pearl,def,FS,0,1,19,elim,2026-06-09 13:20:00,2,Valorant Masters London 2026,https://www.vlr.gg/684617/global-esports-vs-full-sense-valorant-masters-london-2026-r2-0-1
GE,Pearl,def,FS,0,1,20,elim,2026-06-09 13:20:00,2,Valorant Masters London 2026,https://www.vlr.gg/684617/global-esports-vs-full-sense-valorant-masters-london-2026-r2-0-1
GE,Pearl,def,FS,1,0,21,elim,2026-06-09 13:20:00,2,Valorant Masters London 2026,https://www.vlr.gg/684617/global-esports-vs-full-sense-valorant-masters-london-2026-r2-0-1
FUT,Lotus,atk,NRG,0,1,1,elim,2026-06-10 10:00:00,0,Valorant Masters London 2026,https://www.vlr.gg/684619/fut-esports-vs-nrg-valorant-masters-london-2026-r3-1-1
FUT,Lotus,atk,NRG,0,1,2,elim,2026-06-10 10:00:00,0,Valorant Masters London 2026,https://www.vlr.gg/684619/fut-esports-vs-nrg-valorant-masters-london-2026-r3-1-1
FUT,Lotus,atk,NRG,1,0,3,elim,2026-06-10 10:00:00,0,Valorant Masters London 2026,https://www.vlr.gg/684619/fut-esports-vs-nrg-valorant-masters-london-2026-r3-1-1
FUT,Lotus,atk,NRG,1,0,4,elim,2026-06-10 10:00:00,0,Valorant Masters London 2026,https://www.vlr.gg/684619/fut-esports-vs-nrg-valorant-masters-london-2026-r3-1-1
FUT,Lotus,atk,NRG,1,0,5,elim,2026-06-10 10:00:00,0,Valorant Masters London 2026,https://www.vlr.gg/684619/fut-esports-vs-nrg-valorant-masters-london-2026-r3-1-1
FUT,Lotus,atk,NRG,1,0,6,boom,2026-06-10 10:00:00,0,Valorant Masters London 2026,https://www.vlr.gg/684619/fut-esports-vs-nrg-valorant-masters-london-2026-r3-1-1
FUT,Lotus,atk,NRG,1,0,7,elim,2026-06-10 10:00:00,0,Valorant Masters London 2026,https://www.vlr.gg/684619/fut-esports-vs-nrg-valorant-masters-london-2026-r3-1-1
FUT,Lotus,atk,NRG,1,0,8,elim,2026-06-10 10:00:00,0,Valorant Masters London 2026,https://www.vlr.gg/684619/fut-esports-vs-nrg-valorant-masters-london-2026-r3-1-1
FUT,Lotus,atk,NRG,0,1,9,elim,2026-06-10 10:00:00,0,Valorant Masters London 2026,https://www.vlr.gg/684619/fut-esports-vs-nrg-valorant-masters-london-2026-r3-1-1
FUT,Lotus,atk,NRG,0,1,10,elim,2026-06-10 10:00:00,0,Valorant Masters London 2026,https://www.vlr.gg/684619/fut-esports-vs-nrg-valorant-masters-london-2026-r3-1-1
FUT,Lotus,atk,NRG,0,1,11,elim,2026-06-10 10:00:00,0,Valorant Masters London 2026,https://www.vlr.gg/684619/fut-esports-vs-nrg-valorant-masters-london-2026-r3-1-1
FUT,Lotus,atk,NRG,0,1,12,defus,2026-06-10 10:00:00,0,Valorant Masters London 2026,https://www.vlr.gg/684619/fut-esports-vs-nrg-valorant-masters-london-2026-r3-1-1
FUT,Lotus,def,NRG,1,0,13,elim,2026-06-10 10:00:00,0,Valorant Masters London 2026,https://www.vlr.gg/684619/fut-esports-vs-nrg-valorant-masters-london-2026-r3-1-1
FUT,Lotus,def,NRG,1,0,14,elim,2026-06-10 10:00:00,0,Valorant Masters London 2026,https://www.vlr.gg/684619/fut-esports-vs-nrg-valorant-masters-london-2026-r3-1-1
FUT,Lotus,def,NRG,0,1,15,elim,2026-06-10 10:00:00,0,Valorant Masters London 2026,https://www.vlr.gg/684619/fut-esports-vs-nrg-valorant-masters-london-2026-r3-1-1
FUT,Lotus,def,NRG,0,1,16,boom,2026-06-10 10:00:00,0,Valorant Masters London 2026,https://www.vlr.gg/684619/fut-esports-vs-nrg-valorant-masters-london-2026-r3-1-1
FUT,Lotus,def,NRG,0,1,17,elim,2026-06-10 10:00:00,0,Valorant Masters London 2026,https://www.vlr.gg/684619/fut-esports-vs-nrg-valorant-masters-london-2026-r3-1-1
FUT,Lotus,def,NRG,1,0,18,defus,2026-06-10 10:00:00,0,Valorant Masters London 2026,https://www.vlr.gg/684619/fut-esports-vs-nrg-valorant-masters-london-2026-r3-1-1
FUT,Lotus,def,NRG,0,1,19,elim,2026-06-10 10:00:00,0,Valorant Masters London 2026,https://www.vlr.gg/684619/fut-esports-vs-nrg-valorant-masters-london-2026-r3-1-1
FUT,Lotus,def,NRG,0,1,20,elim,2026-06-10 10:00:00,0,Valorant Masters London 2026,https://www.vlr.gg/684619/fut-esports-vs-nrg-valorant-masters-london-2026-r3-1-1
FUT,Lotus,def,NRG,1,0,21,elim,2026-06-10 10:00:00,0,Valorant Masters London 2026,https://www.vlr.gg/684619/fut-esports-vs-nrg-valorant-masters-london-2026-r3-1-1
FUT,Lotus,def,NRG,1,0,22,tim,2026-06-10 10:00:00,0,Valorant Masters London 2026,https://www.vlr.gg/684619/fut-esports-vs-nrg-valorant-masters-london-2026-r3-1-1
FUT,Lotus,def,NRG,0,1,23,boom,2026-06-10 10:00:00,0,Valorant Masters London 2026,https://www.vlr.gg/684619/fut-esports-vs-nrg-valorant-masters-london-2026-r3-1-1
FUT,Lotus,def,NRG,0,1,24,elim,2026-06-10 10:00:00,0,Valorant Masters London 2026,https://www.vlr.gg/684619/fut-esports-vs-nrg-valorant-masters-london-2026-r3-1-1
FUT,Haven,atk,NRG,1,0,1,elim,2026-06-10 10:00:00,1,Valorant Masters London 2026,https://www.vlr.gg/684619/fut-esports-vs-nrg-valorant-masters-london-2026-r3-1-1
FUT,Haven,atk,NRG,1,0,2,elim,2026-06-10 10:00:00,1,Valorant Masters London 2026,https://www.vlr.gg/684619/fut-esports-vs-nrg-valorant-masters-london-2026-r3-1-1
FUT,Haven,atk,NRG,0,1,3,defus,2026-06-10 10:00:00,1,Valorant Masters London 2026,https://www.vlr.gg/684619/fut-esports-vs-nrg-valorant-masters-london-2026-r3-1-1
FUT,Haven,atk,NRG,1,0,4,boom,2026-06-10 10:00:00,1,Valorant Masters London 2026,https://www.vlr.gg/684619/fut-esports-vs-nrg-valorant-masters-london-2026-r3-1-1
FUT,Haven,atk,NRG,0,1,5,defus,2026-06-10 10:00:00,1,Valorant Masters London 2026,https://www.vlr.gg/684619/fut-esports-vs-nrg-valorant-masters-london-2026-r3-1-1
FUT,Haven,atk,NRG,1,0,6,elim,2026-06-10 10:00:00,1,Valorant Masters London 2026,https://www.vlr.gg/684619/fut-esports-vs-nrg-valorant-masters-london-2026-r3-1-1
FUT,Haven,atk,NRG,1,0,7,elim,2026-06-10 10:00:00,1,Valorant Masters London 2026,https://www.vlr.gg/684619/fut-esports-vs-nrg-valorant-masters-london-2026-r3-1-1
FUT,Haven,atk,NRG,0,1,8,defus,2026-06-10 10:00:00,1,Valorant Masters London 2026,https://www.vlr.gg/684619/fut-esports-vs-nrg-valorant-masters-london-2026-r3-1-1
FUT,Haven,atk,NRG,1,0,9,elim,2026-06-10 10:00:00,1,Valorant Masters London 2026,https://www.vlr.gg/684619/fut-esports-vs-nrg-valorant-masters-london-2026-r3-1-1
FUT,Haven,atk,NRG,1,0,10,elim,2026-06-10 10:00:00,1,Valorant Masters London 2026,https://www.vlr.gg/684619/fut-esports-vs-nrg-valorant-masters-london-2026-r3-1-1
FUT,Haven,atk,NRG,0,1,11,elim,2026-06-10 10:00:00,1,Valorant Masters London 2026,https://www.vlr.gg/684619/fut-esports-vs-nrg-valorant-masters-london-2026-r3-1-1
FUT,Haven,atk,NRG,0,1,12,defus,2026-06-10 10:00:00,1,Valorant Masters London 2026,https://www.vlr.gg/684619/fut-esports-vs-nrg-valorant-masters-london-2026-r3-1-1
FUT,Haven,atk,NRG,1,0,25,elim,2026-06-10 10:00:00,1,Valorant Masters London 2026,https://www.vlr.gg/684619/fut-esports-vs-nrg-valorant-masters-london-2026-r3-1-1
FUT,Haven,def,NRG,0,1,13,elim,2026-06-10 10:00:00,1,Valorant Masters London 2026,https://www.vlr.gg/684619/fut-esports-vs-nrg-valorant-masters-london-2026-r3-1-1
FUT,Haven,def,NRG,1,0,14,defus,2026-06-10 10:00:00,1,Valorant Masters London 2026,https://www.vlr.gg/684619/fut-esports-vs-nrg-valorant-masters-london-2026-r3-1-1
FUT,Haven,def,NRG,0,1,15,elim,2026-06-10 10:00:00,1,Valorant Masters London 2026,https://www.vlr.gg/684619/fut-esports-vs-nrg-valorant-masters-london-2026-r3-1-1
FUT,Haven,def,NRG,0,1,16,boom,2026-06-10 10:00:00,1,Valorant Masters London 2026,https://www.vlr.gg/684619/fut-esports-vs-nrg-valorant-masters-london-2026-r3-1-1
FUT,Haven,def,NRG,1,0,17,elim,2026-06-10 10:00:00,1,Valorant Masters London 2026,https://www.vlr.gg/684619/fut-esports-vs-nrg-valorant-masters-london-2026-r3-1-1
FUT,Haven,def,NRG,0,1,18,elim,2026-06-10 10:00:00,1,Valorant Masters London 2026,https://www.vlr.gg/684619/fut-esports-vs-nrg-valorant-masters-london-2026-r3-1-1
FUT,Haven,def,NRG,0,1,19,boom,2026-06-10 10:00:00,1,Valorant Masters London 2026,https://www.vlr.gg/684619/fut-esports-vs-nrg-valorant-masters-london-2026-r3-1-1
FUT,Haven,def,NRG,1,0,20,elim,2026-06-10 10:00:00,1,Valorant Masters London 2026,https://www.vlr.gg/684619/fut-esports-vs-nrg-valorant-masters-london-2026-r3-1-1
FUT,Haven,def,NRG,0,1,21,boom,2026-06-10 10:00:00,1,Valorant Masters London 2026,https://www.vlr.gg/684619/fut-esports-vs-nrg-valorant-masters-london-2026-r3-1-1
FUT,Haven,def,NRG,1,0,22,defus,2026-06-10 10:00:00,1,Valorant Masters London 2026,https://www.vlr.gg/684619/fut-esports-vs-nrg-valorant-masters-london-2026-r3-1-1
FUT,Haven,def,NRG,0,1,23,elim,2026-06-10 10:00:00,1,Valorant Masters London 2026,https://www.vlr.gg/684619/fut-esports-vs-nrg-valorant-masters-london-2026-r3-1-1
FUT,Haven,def,NRG,1,0,24,elim,2026-06-10 10:00:00,1,Valorant Masters London 2026,https://www.vlr.gg/684619/fut-esports-vs-nrg-valorant-masters-london-2026-r3-1-1
FUT,Haven,def,NRG,1,0,26,elim,2026-06-10 10:00:00,1,Valorant Masters London 2026,https://www.vlr.gg/684619/fut-esports-vs-nrg-valorant-masters-london-2026-r3-1-1
FUT,Fracture,atk,NRG,1,0,13,elim,2026-06-10 10:00:00,2,Valorant Masters London 2026,https://www.vlr.gg/684619/fut-esports-vs-nrg-valorant-masters-london-2026-r3-1-1
FUT,Fracture,atk,NRG,1,0,14,boom,2026-06-10 10:00:00,2,Valorant Masters London 2026,https://www.vlr.gg/684619/fut-esports-vs-nrg-valorant-masters-london-2026-r3-1-1
FUT,Fracture,atk,NRG,1,0,15,elim,2026-06-10 10:00:00,2,Valorant Masters London 2026,https://www.vlr.gg/684619/fut-esports-vs-nrg-valorant-masters-london-2026-r3-1-1
FUT,Fracture,atk,NRG,1,0,16,elim,2026-06-10 10:00:00,2,Valorant Masters London 2026,https://www.vlr.gg/684619/fut-esports-vs-nrg-valorant-masters-london-2026-r3-1-1
FUT,Fracture,atk,NRG,1,0,17,boom,2026-06-10 10:00:00,2,Valorant Masters London 2026,https://www.vlr.gg/684619/fut-esports-vs-nrg-valorant-masters-london-2026-r3-1-1
FUT,Fracture,atk,NRG,0,1,18,defus,2026-06-10 10:00:00,2,Valorant Masters London 2026,https://www.vlr.gg/684619/fut-esports-vs-nrg-valorant-masters-london-2026-r3-1-1
FUT,Fracture,atk,NRG,0,1,19,tim,2026-06-10 10:00:00,2,Valorant Masters London 2026,https://www.vlr.gg/684619/fut-esports-vs-nrg-valorant-masters-london-2026-r3-1-1
FUT,Fracture,atk,NRG,0,1,20,tim,2026-06-10 10:00:00,2,Valorant Masters London 2026,https://www.vlr.gg/684619/fut-esports-vs-nrg-valorant-masters-london-2026-r3-1-1
FUT,Fracture,atk,NRG,0,1,21,elim,2026-06-10 10:00:00,2,Valorant Masters London 2026,https://www.vlr.gg/684619/fut-esports-vs-nrg-valorant-masters-london-2026-r3-1-1
FUT,Fracture,atk,NRG,0,1,22,tim,2026-06-10 10:00:00,2,Valorant Masters London 2026,https://www.vlr.gg/684619/fut-esports-vs-nrg-valorant-masters-london-2026-r3-1-1
FUT,Fracture,atk,NRG,0,1,23,defus,2026-06-10 10:00:00,2,Valorant Masters London 2026,https://www.vlr.gg/684619/fut-esports-vs-nrg-valorant-masters-london-2026-r3-1-1
FUT,Fracture,atk,NRG,1,0,24,elim,2026-06-10 10:00:00,2,Valorant Masters London 2026,https://www.vlr.gg/684619/fut-esports-vs-nrg-valorant-masters-london-2026-r3-1-1
FUT,Fracture,def,NRG,1,0,1,elim,2026-06-10 10:00:00,2,Valorant Masters London 2026,https://www.vlr.gg/684619/fut-esports-vs-nrg-valorant-masters-london-2026-r3-1-1
FUT,Fracture,def,NRG,1,0,2,elim,2026-06-10 10:00:00,2,Valorant Masters London 2026,https://www.vlr.gg/684619/fut-esports-vs-nrg-valorant-masters-london-2026-r3-1-1
FUT,Fracture,def,NRG,1,0,3,elim,2026-06-10 10:00:00,2,Valorant Masters London 2026,https://www.vlr.gg/684619/fut-esports-vs-nrg-valorant-masters-london-2026-r3-1-1
FUT,Fracture,def,NRG,1,0,4,defus,2026-06-10 10:00:00,2,Valorant Masters London 2026,https://www.vlr.gg/684619/fut-esports-vs-nrg-valorant-masters-london-2026-r3-1-1
FUT,Fracture,def,NRG,0,1,5,elim,2026-06-10 10:00:00,2,Valorant Masters London 2026,https://www.vlr.gg/684619/fut-esports-vs-nrg-valorant-masters-london-2026-r3-1-1
FUT,Fracture,def,NRG,0,1,6,boom,2026-06-10 10:00:00,2,Valorant Masters London 2026,https://www.vlr.gg/684619/fut-esports-vs-nrg-valorant-masters-london-2026-r3-1-1
FUT,Fracture,def,NRG,0,1,7,elim,2026-06-10 10:00:00,2,Valorant Masters London 2026,https://www.vlr.gg/684619/fut-esports-vs-nrg-valorant-masters-london-2026-r3-1-1
FUT,Fracture,def,NRG,1,0,8,elim,2026-06-10 10:00:00,2,Valorant Masters London 2026,https://www.vlr.gg/684619/fut-esports-vs-nrg-valorant-masters-london-2026-r3-1-1
FUT,Fracture,def,NRG,0,1,9,elim,2026-06-10 10:00:00,2,Valorant Masters London 2026,https://www.vlr.gg/684619/fut-esports-vs-nrg-valorant-masters-london-2026-r3-1-1
FUT,Fracture,def,NRG,1,0,10,defus,2026-06-10 10:00:00,2,Valorant Masters London 2026,https://www.vlr.gg/684619/fut-esports-vs-nrg-valorant-masters-london-2026-r3-1-1
FUT,Fracture,def,NRG,1,0,11,elim,2026-06-10 10:00:00,2,Valorant Masters London 2026,https://www.vlr.gg/684619/fut-esports-vs-nrg-valorant-masters-london-2026-r3-1-1
FUT,Fracture,def,NRG,0,1,12,elim,2026-06-10 10:00:00,2,Valorant Masters London 2026,https://www.vlr.gg/684619/fut-esports-vs-nrg-valorant-masters-london-2026-r3-1-1
GE,Haven,atk,XLG,1,0,13,elim,2026-06-10 13:40:00,0,Valorant Masters London 2026,https://www.vlr.gg/684618/global-esports-vs-xi-lai-gaming-valorant-masters-london-2026-r3-1-1
GE,Haven,atk,XLG,1,0,14,elim,2026-06-10 13:40:00,0,Valorant Masters London 2026,https://www.vlr.gg/684618/global-esports-vs-xi-lai-gaming-valorant-masters-london-2026-r3-1-1
GE,Haven,atk,XLG,0,1,15,defus,2026-06-10 13:40:00,0,Valorant Masters London 2026,https://www.vlr.gg/684618/global-esports-vs-xi-lai-gaming-valorant-masters-london-2026-r3-1-1
GE,Haven,atk,XLG,1,0,16,elim,2026-06-10 13:40:00,0,Valorant Masters London 2026,https://www.vlr.gg/684618/global-esports-vs-xi-lai-gaming-valorant-masters-london-2026-r3-1-1
GE,Haven,atk,XLG,1,0,17,elim,2026-06-10 13:40:00,0,Valorant Masters London 2026,https://www.vlr.gg/684618/global-esports-vs-xi-lai-gaming-valorant-masters-london-2026-r3-1-1
GE,Haven,atk,XLG,1,0,18,boom,2026-06-10 13:40:00,0,Valorant Masters London 2026,https://www.vlr.gg/684618/global-esports-vs-xi-lai-gaming-valorant-masters-london-2026-r3-1-1
GE,Haven,atk,XLG,1,0,19,elim,2026-06-10 13:40:00,0,Valorant Masters London 2026,https://www.vlr.gg/684618/global-esports-vs-xi-lai-gaming-valorant-masters-london-2026-r3-1-1
GE,Haven,atk,XLG,0,1,20,elim,2026-06-10 13:40:00,0,Valorant Masters London 2026,https://www.vlr.gg/684618/global-esports-vs-xi-lai-gaming-valorant-masters-london-2026-r3-1-1
GE,Haven,atk,XLG,1,0,21,elim,2026-06-10 13:40:00,0,Valorant Masters London 2026,https://www.vlr.gg/684618/global-esports-vs-xi-lai-gaming-valorant-masters-london-2026-r3-1-1
GE,Haven,atk,XLG,0,1,22,defus,2026-06-10 13:40:00,0,Valorant Masters London 2026,https://www.vlr.gg/684618/global-esports-vs-xi-lai-gaming-valorant-masters-london-2026-r3-1-1
GE,Haven,atk,XLG,1,0,23,elim,2026-06-10 13:40:00,0,Valorant Masters London 2026,https://www.vlr.gg/684618/global-esports-vs-xi-lai-gaming-valorant-masters-london-2026-r3-1-1
GE,Haven,def,XLG,0,1,1,elim,2026-06-10 13:40:00,0,Valorant Masters London 2026,https://www.vlr.gg/684618/global-esports-vs-xi-lai-gaming-valorant-masters-london-2026-r3-1-1
GE,Haven,def,XLG,0,1,2,elim,2026-06-10 13:40:00,0,Valorant Masters London 2026,https://www.vlr.gg/684618/global-esports-vs-xi-lai-gaming-valorant-masters-london-2026-r3-1-1
GE,Haven,def,XLG,1,0,3,defus,2026-06-10 13:40:00,0,Valorant Masters London 2026,https://www.vlr.gg/684618/global-esports-vs-xi-lai-gaming-valorant-masters-london-2026-r3-1-1
GE,Haven,def,XLG,1,0,4,elim,2026-06-10 13:40:00,0,Valorant Masters London 2026,https://www.vlr.gg/684618/global-esports-vs-xi-lai-gaming-valorant-masters-london-2026-r3-1-1
GE,Haven,def,XLG,1,0,5,elim,2026-06-10 13:40:00,0,Valorant Masters London 2026,https://www.vlr.gg/684618/global-esports-vs-xi-lai-gaming-valorant-masters-london-2026-r3-1-1
GE,Haven,def,XLG,1,0,6,defus,2026-06-10 13:40:00,0,Valorant Masters London 2026,https://www.vlr.gg/684618/global-esports-vs-xi-lai-gaming-valorant-masters-london-2026-r3-1-1
GE,Haven,def,XLG,1,0,7,defus,2026-06-10 13:40:00,0,Valorant Masters London 2026,https://www.vlr.gg/684618/global-esports-vs-xi-lai-gaming-valorant-masters-london-2026-r3-1-1
GE,Haven,def,XLG,0,1,8,elim,2026-06-10 13:40:00,0,Valorant Masters London 2026,https://www.vlr.gg/684618/global-esports-vs-xi-lai-gaming-valorant-masters-london-2026-r3-1-1
GE,Haven,def,XLG,0,1,9,boom,2026-06-10 13:40:00,0,Valorant Masters London 2026,https://www.vlr.gg/684618/global-esports-vs-xi-lai-gaming-valorant-masters-london-2026-r3-1-1
GE,Haven,def,XLG,0,1,10,boom,2026-06-10 13:40:00,0,Valorant Masters London 2026,https://www.vlr.gg/684618/global-esports-vs-xi-lai-gaming-valorant-masters-london-2026-r3-1-1
GE,Haven,def,XLG,0,1,11,elim,2026-06-10 13:40:00,0,Valorant Masters London 2026,https://www.vlr.gg/684618/global-esports-vs-xi-lai-gaming-valorant-masters-london-2026-r3-1-1
GE,Haven,def,XLG,0,1,12,elim,2026-06-10 13:40:00,0,Valorant Masters London 2026,https://www.vlr.gg/684618/global-esports-vs-xi-lai-gaming-valorant-masters-london-2026-r3-1-1
GE,Lotus,atk,XLG,0,1,1,defus,2026-06-10 13:40:00,1,Valorant Masters London 2026,https://www.vlr.gg/684618/global-esports-vs-xi-lai-gaming-valorant-masters-london-2026-r3-1-1
GE,Lotus,atk,XLG,0,1,2,elim,2026-06-10 13:40:00,1,Valorant Masters London 2026,https://www.vlr.gg/684618/global-esports-vs-xi-lai-gaming-valorant-masters-london-2026-r3-1-1
GE,Lotus,atk,XLG,1,0,3,elim,2026-06-10 13:40:00,1,Valorant Masters London 2026,https://www.vlr.gg/684618/global-esports-vs-xi-lai-gaming-valorant-masters-london-2026-r3-1-1
GE,Lotus,atk,XLG,1,0,4,elim,2026-06-10 13:40:00,1,Valorant Masters London 2026,https://www.vlr.gg/684618/global-esports-vs-xi-lai-gaming-valorant-masters-london-2026-r3-1-1
GE,Lotus,atk,XLG,1,0,5,elim,2026-06-10 13:40:00,1,Valorant Masters London 2026,https://www.vlr.gg/684618/global-esports-vs-xi-lai-gaming-valorant-masters-london-2026-r3-1-1
GE,Lotus,atk,XLG,1,0,6,elim,2026-06-10 13:40:00,1,Valorant Masters London 2026,https://www.vlr.gg/684618/global-esports-vs-xi-lai-gaming-valorant-masters-london-2026-r3-1-1
GE,Lotus,atk,XLG,1,0,7,elim,2026-06-10 13:40:00,1,Valorant Masters London 2026,https://www.vlr.gg/684618/global-esports-vs-xi-lai-gaming-valorant-masters-london-2026-r3-1-1
GE,Lotus,atk,XLG,0,1,8,elim,2026-06-10 13:40:00,1,Valorant Masters London 2026,https://www.vlr.gg/684618/global-esports-vs-xi-lai-gaming-valorant-masters-london-2026-r3-1-1
GE,Lotus,atk,XLG,0,1,9,defus,2026-06-10 13:40:00,1,Valorant Masters London 2026,https://www.vlr.gg/684618/global-esports-vs-xi-lai-gaming-valorant-masters-london-2026-r3-1-1
GE,Lotus,atk,XLG,1,0,10,boom,2026-06-10 13:40:00,1,Valorant Masters London 2026,https://www.vlr.gg/684618/global-esports-vs-xi-lai-gaming-valorant-masters-london-2026-r3-1-1
GE,Lotus,atk,XLG,0,1,11,defus,2026-06-10 13:40:00,1,Valorant Masters London 2026,https://www.vlr.gg/684618/global-esports-vs-xi-lai-gaming-valorant-masters-london-2026-r3-1-1
GE,Lotus,atk,XLG,1,0,12,elim,2026-06-10 13:40:00,1,Valorant Masters London 2026,https://www.vlr.gg/684618/global-esports-vs-xi-lai-gaming-valorant-masters-london-2026-r3-1-1
GE,Lotus,def,XLG,1,0,13,defus,2026-06-10 13:40:00,1,Valorant Masters London 2026,https://www.vlr.gg/684618/global-esports-vs-xi-lai-gaming-valorant-masters-london-2026-r3-1-1
GE,Lotus,def,XLG,1,0,14,elim,2026-06-10 13:40:00,1,Valorant Masters London 2026,https://www.vlr.gg/684618/global-esports-vs-xi-lai-gaming-valorant-masters-london-2026-r3-1-1
GE,Lotus,def,XLG,0,1,15,elim,2026-06-10 13:40:00,1,Valorant Masters London 2026,https://www.vlr.gg/684618/global-esports-vs-xi-lai-gaming-valorant-masters-london-2026-r3-1-1
GE,Lotus,def,XLG,0,1,16,boom,2026-06-10 13:40:00,1,Valorant Masters London 2026,https://www.vlr.gg/684618/global-esports-vs-xi-lai-gaming-valorant-masters-london-2026-r3-1-1
GE,Lotus,def,XLG,0,1,17,boom,2026-06-10 13:40:00,1,Valorant Masters London 2026,https://www.vlr.gg/684618/global-esports-vs-xi-lai-gaming-valorant-masters-london-2026-r3-1-1
GE,Lotus,def,XLG,0,1,18,boom,2026-06-10 13:40:00,1,Valorant Masters London 2026,https://www.vlr.gg/684618/global-esports-vs-xi-lai-gaming-valorant-masters-london-2026-r3-1-1
GE,Lotus,def,XLG,0,1,19,boom,2026-06-10 13:40:00,1,Valorant Masters London 2026,https://www.vlr.gg/684618/global-esports-vs-xi-lai-gaming-valorant-masters-london-2026-r3-1-1
GE,Lotus,def,XLG,0,1,20,elim,2026-06-10 13:40:00,1,Valorant Masters London 2026,https://www.vlr.gg/684618/global-esports-vs-xi-lai-gaming-valorant-masters-london-2026-r3-1-1
GE,Lotus,def,XLG,0,1,21,elim,2026-06-10 13:40:00,1,Valorant Masters London 2026,https://www.vlr.gg/684618/global-esports-vs-xi-lai-gaming-valorant-masters-london-2026-r3-1-1
GE,Lotus,def,XLG,0,1,22,elim,2026-06-10 13:40:00,1,Valorant Masters London 2026,https://www.vlr.gg/684618/global-esports-vs-xi-lai-gaming-valorant-masters-london-2026-r3-1-1
GE,Breeze,atk,XLG,1,0,13,elim,2026-06-10 13:40:00,2,Valorant Masters London 2026,https://www.vlr.gg/684618/global-esports-vs-xi-lai-gaming-valorant-masters-london-2026-r3-1-1
GE,Breeze,atk,XLG,1,0,14,elim,2026-06-10 13:40:00,2,Valorant Masters London 2026,https://www.vlr.gg/684618/global-esports-vs-xi-lai-gaming-valorant-masters-london-2026-r3-1-1
GE,Breeze,atk,XLG,0,1,15,elim,2026-06-10 13:40:00,2,Valorant Masters London 2026,https://www.vlr.gg/684618/global-esports-vs-xi-lai-gaming-valorant-masters-london-2026-r3-1-1
GE,Breeze,atk,XLG,1,0,16,elim,2026-06-10 13:40:00,2,Valorant Masters London 2026,https://www.vlr.gg/684618/global-esports-vs-xi-lai-gaming-valorant-masters-london-2026-r3-1-1
GE,Breeze,atk,XLG,1,0,17,boom,2026-06-10 13:40:00,2,Valorant Masters London 2026,https://www.vlr.gg/684618/global-esports-vs-xi-lai-gaming-valorant-masters-london-2026-r3-1-1
GE,Breeze,atk,XLG,1,0,18,elim,2026-06-10 13:40:00,2,Valorant Masters London 2026,https://www.vlr.gg/684618/global-esports-vs-xi-lai-gaming-valorant-masters-london-2026-r3-1-1
GE,Breeze,atk,XLG,0,1,19,elim,2026-06-10 13:40:00,2,Valorant Masters London 2026,https://www.vlr.gg/684618/global-esports-vs-xi-lai-gaming-valorant-masters-london-2026-r3-1-1
GE,Breeze,atk,XLG,1,0,20,elim,2026-06-10 13:40:00,2,Valorant Masters London 2026,https://www.vlr.gg/684618/global-esports-vs-xi-lai-gaming-valorant-masters-london-2026-r3-1-1
GE,Breeze,atk,XLG,0,1,21,defus,2026-06-10 13:40:00,2,Valorant Masters London 2026,https://www.vlr.gg/684618/global-esports-vs-xi-lai-gaming-valorant-masters-london-2026-r3-1-1
GE,Breeze,atk,XLG,0,1,22,elim,2026-06-10 13:40:00,2,Valorant Masters London 2026,https://www.vlr.gg/684618/global-esports-vs-xi-lai-gaming-valorant-masters-london-2026-r3-1-1
GE,Breeze,atk,XLG,0,1,23,elim,2026-06-10 13:40:00,2,Valorant Masters London 2026,https://www.vlr.gg/684618/global-esports-vs-xi-lai-gaming-valorant-masters-london-2026-r3-1-1
GE,Breeze,def,XLG,1,0,1,elim,2026-06-10 13:40:00,2,Valorant Masters London 2026,https://www.vlr.gg/684618/global-esports-vs-xi-lai-gaming-valorant-masters-london-2026-r3-1-1
GE,Breeze,def,XLG,1,0,2,elim,2026-06-10 13:40:00,2,Valorant Masters London 2026,https://www.vlr.gg/684618/global-esports-vs-xi-lai-gaming-valorant-masters-london-2026-r3-1-1
GE,Breeze,def,XLG,1,0,3,defus,2026-06-10 13:40:00,2,Valorant Masters London 2026,https://www.vlr.gg/684618/global-esports-vs-xi-lai-gaming-valorant-masters-london-2026-r3-1-1
GE,Breeze,def,XLG,0,1,4,elim,2026-06-10 13:40:00,2,Valorant Masters London 2026,https://www.vlr.gg/684618/global-esports-vs-xi-lai-gaming-valorant-masters-london-2026-r3-1-1
GE,Breeze,def,XLG,0,1,5,elim,2026-06-10 13:40:00,2,Valorant Masters London 2026,https://www.vlr.gg/684618/global-esports-vs-xi-lai-gaming-valorant-masters-london-2026-r3-1-1
GE,Breeze,def,XLG,0,1,6,elim,2026-06-10 13:40:00,2,Valorant Masters London 2026,https://www.vlr.gg/684618/global-esports-vs-xi-lai-gaming-valorant-masters-london-2026-r3-1-1
GE,Breeze,def,XLG,1,0,7,defus,2026-06-10 13:40:00,2,Valorant Masters London 2026,https://www.vlr.gg/684618/global-esports-vs-xi-lai-gaming-valorant-masters-london-2026-r3-1-1
GE,Breeze,def,XLG,0,1,8,elim,2026-06-10 13:40:00,2,Valorant Masters London 2026,https://www.vlr.gg/684618/global-esports-vs-xi-lai-gaming-valorant-masters-london-2026-r3-1-1
GE,Breeze,def,XLG,0,1,9,elim,2026-06-10 13:40:00,2,Valorant Masters London 2026,https://www.vlr.gg/684618/global-esports-vs-xi-lai-gaming-valorant-masters-london-2026-r3-1-1
GE,Breeze,def,XLG,0,1,10,elim,2026-06-10 13:40:00,2,Valorant Masters London 2026,https://www.vlr.gg/684618/global-esports-vs-xi-lai-gaming-valorant-masters-london-2026-r3-1-1
GE,Breeze,def,XLG,0,1,11,elim,2026-06-10 13:40:00,2,Valorant Masters London 2026,https://www.vlr.gg/684618/global-esports-vs-xi-lai-gaming-valorant-masters-london-2026-r3-1-1
GE,Breeze,def,XLG,0,1,12,elim,2026-06-10 13:40:00,2,Valorant Masters London 2026,https://www.vlr.gg/684618/global-esports-vs-xi-lai-gaming-valorant-masters-london-2026-r3-1-1
PRX,Ascent,atk,LEV,1,0,13,elim,2026-06-12 10:00:00,0,Valorant Masters London 2026,https://www.vlr.gg/670466/paper-rex-vs-leviat-n-valorant-masters-london-2026-ubqf
PRX,Ascent,atk,LEV,1,0,14,elim,2026-06-12 10:00:00,0,Valorant Masters London 2026,https://www.vlr.gg/670466/paper-rex-vs-leviat-n-valorant-masters-london-2026-ubqf
PRX,Ascent,def,LEV,1,0,1,defus,2026-06-12 10:00:00,0,Valorant Masters London 2026,https://www.vlr.gg/670466/paper-rex-vs-leviat-n-valorant-masters-london-2026-ubqf
PRX,Ascent,def,LEV,1,0,2,elim,2026-06-12 10:00:00,0,Valorant Masters London 2026,https://www.vlr.gg/670466/paper-rex-vs-leviat-n-valorant-masters-london-2026-ubqf
PRX,Ascent,def,LEV,0,1,3,elim,2026-06-12 10:00:00,0,Valorant Masters London 2026,https://www.vlr.gg/670466/paper-rex-vs-leviat-n-valorant-masters-london-2026-ubqf
PRX,Ascent,def,LEV,1,0,4,defus,2026-06-12 10:00:00,0,Valorant Masters London 2026,https://www.vlr.gg/670466/paper-rex-vs-leviat-n-valorant-masters-london-2026-ubqf
PRX,Ascent,def,LEV,1,0,5,elim,2026-06-12 10:00:00,0,Valorant Masters London 2026,https://www.vlr.gg/670466/paper-rex-vs-leviat-n-valorant-masters-london-2026-ubqf
PRX,Ascent,def,LEV,1,0,6,elim,2026-06-12 10:00:00,0,Valorant Masters London 2026,https://www.vlr.gg/670466/paper-rex-vs-leviat-n-valorant-masters-london-2026-ubqf
PRX,Ascent,def,LEV,1,0,7,elim,2026-06-12 10:00:00,0,Valorant Masters London 2026,https://www.vlr.gg/670466/paper-rex-vs-leviat-n-valorant-masters-london-2026-ubqf
PRX,Ascent,def,LEV,1,0,8,elim,2026-06-12 10:00:00,0,Valorant Masters London 2026,https://www.vlr.gg/670466/paper-rex-vs-leviat-n-valorant-masters-london-2026-ubqf
PRX,Ascent,def,LEV,1,0,9,elim,2026-06-12 10:00:00,0,Valorant Masters London 2026,https://www.vlr.gg/670466/paper-rex-vs-leviat-n-valorant-masters-london-2026-ubqf
PRX,Ascent,def,LEV,1,0,10,elim,2026-06-12 10:00:00,0,Valorant Masters London 2026,https://www.vlr.gg/670466/paper-rex-vs-leviat-n-valorant-masters-london-2026-ubqf
PRX,Ascent,def,LEV,1,0,11,elim,2026-06-12 10:00:00,0,Valorant Masters London 2026,https://www.vlr.gg/670466/paper-rex-vs-leviat-n-valorant-masters-london-2026-ubqf
PRX,Ascent,def,LEV,1,0,12,elim,2026-06-12 10:00:00,0,Valorant Masters London 2026,https://www.vlr.gg/670466/paper-rex-vs-leviat-n-valorant-masters-london-2026-ubqf
PRX,Lotus,atk,LEV,1,0,13,elim,2026-06-12 10:00:00,1,Valorant Masters London 2026,https://www.vlr.gg/670466/paper-rex-vs-leviat-n-valorant-masters-london-2026-ubqf
PRX,Lotus,atk,LEV,1,0,14,elim,2026-06-12 10:00:00,1,Valorant Masters London 2026,https://www.vlr.gg/670466/paper-rex-vs-leviat-n-valorant-masters-london-2026-ubqf
PRX,Lotus,atk,LEV,0,1,15,defus,2026-06-12 10:00:00,1,Valorant Masters London 2026,https://www.vlr.gg/670466/paper-rex-vs-leviat-n-valorant-masters-london-2026-ubqf
PRX,Lotus,atk,LEV,1,0,16,elim,2026-06-12 10:00:00,1,Valorant Masters London 2026,https://www.vlr.gg/670466/paper-rex-vs-leviat-n-valorant-masters-london-2026-ubqf
PRX,Lotus,atk,LEV,1,0,17,elim,2026-06-12 10:00:00,1,Valorant Masters London 2026,https://www.vlr.gg/670466/paper-rex-vs-leviat-n-valorant-masters-london-2026-ubqf
PRX,Lotus,atk,LEV,1,0,18,elim,2026-06-12 10:00:00,1,Valorant Masters London 2026,https://www.vlr.gg/670466/paper-rex-vs-leviat-n-valorant-masters-london-2026-ubqf
PRX,Lotus,atk,LEV,0,1,19,elim,2026-06-12 10:00:00,1,Valorant Masters London 2026,https://www.vlr.gg/670466/paper-rex-vs-leviat-n-valorant-masters-london-2026-ubqf
PRX,Lotus,atk,LEV,0,1,20,elim,2026-06-12 10:00:00,1,Valorant Masters London 2026,https://www.vlr.gg/670466/paper-rex-vs-leviat-n-valorant-masters-london-2026-ubqf
PRX,Lotus,atk,LEV,1,0,21,elim,2026-06-12 10:00:00,1,Valorant Masters London 2026,https://www.vlr.gg/670466/paper-rex-vs-leviat-n-valorant-masters-london-2026-ubqf
PRX,Lotus,atk,LEV,1,0,22,elim,2026-06-12 10:00:00,1,Valorant Masters London 2026,https://www.vlr.gg/670466/paper-rex-vs-leviat-n-valorant-masters-london-2026-ubqf
PRX,Lotus,atk,LEV,1,0,23,elim,2026-06-12 10:00:00,1,Valorant Masters London 2026,https://www.vlr.gg/670466/paper-rex-vs-leviat-n-valorant-masters-london-2026-ubqf
PRX,Lotus,def,LEV,0,1,1,elim,2026-06-12 10:00:00,1,Valorant Masters London 2026,https://www.vlr.gg/670466/paper-rex-vs-leviat-n-valorant-masters-london-2026-ubqf
PRX,Lotus,def,LEV,0,1,2,elim,2026-06-12 10:00:00,1,Valorant Masters London 2026,https://www.vlr.gg/670466/paper-rex-vs-leviat-n-valorant-masters-london-2026-ubqf
PRX,Lotus,def,LEV,1,0,3,elim,2026-06-12 10:00:00,1,Valorant Masters London 2026,https://www.vlr.gg/670466/paper-rex-vs-leviat-n-valorant-masters-london-2026-ubqf
PRX,Lotus,def,LEV,0,1,4,elim,2026-06-12 10:00:00,1,Valorant Masters London 2026,https://www.vlr.gg/670466/paper-rex-vs-leviat-n-valorant-masters-london-2026-ubqf
PRX,Lotus,def,LEV,1,0,5,elim,2026-06-12 10:00:00,1,Valorant Masters London 2026,https://www.vlr.gg/670466/paper-rex-vs-leviat-n-valorant-masters-london-2026-ubqf
PRX,Lotus,def,LEV,1,0,6,defus,2026-06-12 10:00:00,1,Valorant Masters London 2026,https://www.vlr.gg/670466/paper-rex-vs-leviat-n-valorant-masters-london-2026-ubqf
PRX,Lotus,def,LEV,1,0,7,defus,2026-06-12 10:00:00,1,Valorant Masters London 2026,https://www.vlr.gg/670466/paper-rex-vs-leviat-n-valorant-masters-london-2026-ubqf
PRX,Lotus,def,LEV,0,1,8,boom,2026-06-12 10:00:00,1,Valorant Masters London 2026,https://www.vlr.gg/670466/paper-rex-vs-leviat-n-valorant-masters-london-2026-ubqf
PRX,Lotus,def,LEV,0,1,9,boom,2026-06-12 10:00:00,1,Valorant Masters London 2026,https://www.vlr.gg/670466/paper-rex-vs-leviat-n-valorant-masters-london-2026-ubqf
PRX,Lotus,def,LEV,0,1,10,elim,2026-06-12 10:00:00,1,Valorant Masters London 2026,https://www.vlr.gg/670466/paper-rex-vs-leviat-n-valorant-masters-london-2026-ubqf
PRX,Lotus,def,LEV,0,1,11,elim,2026-06-12 10:00:00,1,Valorant Masters London 2026,https://www.vlr.gg/670466/paper-rex-vs-leviat-n-valorant-masters-london-2026-ubqf
PRX,Lotus,def,LEV,1,0,12,defus,2026-06-12 10:00:00,1,Valorant Masters London 2026,https://www.vlr.gg/670466/paper-rex-vs-leviat-n-valorant-masters-london-2026-ubqf
TH,Breeze,atk,VIT,0,1,13,elim,2026-06-12 12:00:00,0,Valorant Masters London 2026,https://www.vlr.gg/670467/team-heretics-vs-team-vitality-valorant-masters-london-2026-ubqf
TH,Breeze,atk,VIT,0,1,14,elim,2026-06-12 12:00:00,0,Valorant Masters London 2026,https://www.vlr.gg/670467/team-heretics-vs-team-vitality-valorant-masters-london-2026-ubqf
TH,Breeze,atk,VIT,1,0,15,boom,2026-06-12 12:00:00,0,Valorant Masters London 2026,https://www.vlr.gg/670467/team-heretics-vs-team-vitality-valorant-masters-london-2026-ubqf
TH,Breeze,atk,VIT,0,1,16,defus,2026-06-12 12:00:00,0,Valorant Masters London 2026,https://www.vlr.gg/670467/team-heretics-vs-team-vitality-valorant-masters-london-2026-ubqf
TH,Breeze,atk,VIT,0,1,17,elim,2026-06-12 12:00:00,0,Valorant Masters London 2026,https://www.vlr.gg/670467/team-heretics-vs-team-vitality-valorant-masters-london-2026-ubqf
TH,Breeze,atk,VIT,1,0,18,elim,2026-06-12 12:00:00,0,Valorant Masters London 2026,https://www.vlr.gg/670467/team-heretics-vs-team-vitality-valorant-masters-london-2026-ubqf
TH,Breeze,atk,VIT,0,1,19,defus,2026-06-12 12:00:00,0,Valorant Masters London 2026,https://www.vlr.gg/670467/team-heretics-vs-team-vitality-valorant-masters-london-2026-ubqf
TH,Breeze,def,VIT,0,1,1,elim,2026-06-12 12:00:00,0,Valorant Masters London 2026,https://www.vlr.gg/670467/team-heretics-vs-team-vitality-valorant-masters-london-2026-ubqf
TH,Breeze,def,VIT,0,1,2,boom,2026-06-12 12:00:00,0,Valorant Masters London 2026,https://www.vlr.gg/670467/team-heretics-vs-team-vitality-valorant-masters-london-2026-ubqf
TH,Breeze,def,VIT,0,1,3,elim,2026-06-12 12:00:00,0,Valorant Masters London 2026,https://www.vlr.gg/670467/team-heretics-vs-team-vitality-valorant-masters-london-2026-ubqf
TH,Breeze,def,VIT,0,1,4,boom,2026-06-12 12:00:00,0,Valorant Masters London 2026,https://www.vlr.gg/670467/team-heretics-vs-team-vitality-valorant-masters-london-2026-ubqf
TH,Breeze,def,VIT,1,0,5,elim,2026-06-12 12:00:00,0,Valorant Masters London 2026,https://www.vlr.gg/670467/team-heretics-vs-team-vitality-valorant-masters-london-2026-ubqf
TH,Breeze,def,VIT,0,1,6,boom,2026-06-12 12:00:00,0,Valorant Masters London 2026,https://www.vlr.gg/670467/team-heretics-vs-team-vitality-valorant-masters-london-2026-ubqf
TH,Breeze,def,VIT,1,0,7,defus,2026-06-12 12:00:00,0,Valorant Masters London 2026,https://www.vlr.gg/670467/team-heretics-vs-team-vitality-valorant-masters-london-2026-ubqf
TH,Breeze,def,VIT,0,1,8,elim,2026-06-12 12:00:00,0,Valorant Masters London 2026,https://www.vlr.gg/670467/team-heretics-vs-team-vitality-valorant-masters-london-2026-ubqf
TH,Breeze,def,VIT,1,0,9,tim,2026-06-12 12:00:00,0,Valorant Masters London 2026,https://www.vlr.gg/670467/team-heretics-vs-team-vitality-valorant-masters-london-2026-ubqf
TH,Breeze,def,VIT,0,1,10,elim,2026-06-12 12:00:00,0,Valorant Masters London 2026,https://www.vlr.gg/670467/team-heretics-vs-team-vitality-valorant-masters-london-2026-ubqf
TH,Breeze,def,VIT,0,1,11,elim,2026-06-12 12:00:00,0,Valorant Masters London 2026,https://www.vlr.gg/670467/team-heretics-vs-team-vitality-valorant-masters-london-2026-ubqf
TH,Breeze,def,VIT,1,0,12,elim,2026-06-12 12:00:00,0,Valorant Masters London 2026,https://www.vlr.gg/670467/team-heretics-vs-team-vitality-valorant-masters-london-2026-ubqf
TH,Lotus,atk,VIT,0,1,13,defus,2026-06-12 12:00:00,1,Valorant Masters London 2026,https://www.vlr.gg/670467/team-heretics-vs-team-vitality-valorant-masters-london-2026-ubqf
TH,Lotus,atk,VIT,0,1,14,elim,2026-06-12 12:00:00,1,Valorant Masters London 2026,https://www.vlr.gg/670467/team-heretics-vs-team-vitality-valorant-masters-london-2026-ubqf
TH,Lotus,atk,VIT,1,0,15,boom,2026-06-12 12:00:00,1,Valorant Masters London 2026,https://www.vlr.gg/670467/team-heretics-vs-team-vitality-valorant-masters-london-2026-ubqf
TH,Lotus,atk,VIT,1,0,16,elim,2026-06-12 12:00:00,1,Valorant Masters London 2026,https://www.vlr.gg/670467/team-heretics-vs-team-vitality-valorant-masters-london-2026-ubqf
TH,Lotus,atk,VIT,0,1,17,elim,2026-06-12 12:00:00,1,Valorant Masters London 2026,https://www.vlr.gg/670467/team-heretics-vs-team-vitality-valorant-masters-london-2026-ubqf
TH,Lotus,atk,VIT,1,0,18,elim,2026-06-12 12:00:00,1,Valorant Masters London 2026,https://www.vlr.gg/670467/team-heretics-vs-team-vitality-valorant-masters-london-2026-ubqf
TH,Lotus,atk,VIT,0,1,19,elim,2026-06-12 12:00:00,1,Valorant Masters London 2026,https://www.vlr.gg/670467/team-heretics-vs-team-vitality-valorant-masters-london-2026-ubqf
TH,Lotus,atk,VIT,0,1,20,defus,2026-06-12 12:00:00,1,Valorant Masters London 2026,https://www.vlr.gg/670467/team-heretics-vs-team-vitality-valorant-masters-london-2026-ubqf
TH,Lotus,def,VIT,0,1,1,elim,2026-06-12 12:00:00,1,Valorant Masters London 2026,https://www.vlr.gg/670467/team-heretics-vs-team-vitality-valorant-masters-london-2026-ubqf
TH,Lotus,def,VIT,0,1,2,elim,2026-06-12 12:00:00,1,Valorant Masters London 2026,https://www.vlr.gg/670467/team-heretics-vs-team-vitality-valorant-masters-london-2026-ubqf
TH,Lotus,def,VIT,0,1,3,elim,2026-06-12 12:00:00,1,Valorant Masters London 2026,https://www.vlr.gg/670467/team-heretics-vs-team-vitality-valorant-masters-london-2026-ubqf
TH,Lotus,def,VIT,0,1,4,elim,2026-06-12 12:00:00,1,Valorant Masters London 2026,https://www.vlr.gg/670467/team-heretics-vs-team-vitality-valorant-masters-london-2026-ubqf
TH,Lotus,def,VIT,1,0,5,defus,2026-06-12 12:00:00,1,Valorant Masters London 2026,https://www.vlr.gg/670467/team-heretics-vs-team-vitality-valorant-masters-london-2026-ubqf
TH,Lotus,def,VIT,1,0,6,defus,2026-06-12 12:00:00,1,Valorant Masters London 2026,https://www.vlr.gg/670467/team-heretics-vs-team-vitality-valorant-masters-london-2026-ubqf
TH,Lotus,def,VIT,1,0,7,elim,2026-06-12 12:00:00,1,Valorant Masters London 2026,https://www.vlr.gg/670467/team-heretics-vs-team-vitality-valorant-masters-london-2026-ubqf
TH,Lotus,def,VIT,0,1,8,elim,2026-06-12 12:00:00,1,Valorant Masters London 2026,https://www.vlr.gg/670467/team-heretics-vs-team-vitality-valorant-masters-london-2026-ubqf
TH,Lotus,def,VIT,0,1,9,elim,2026-06-12 12:00:00,1,Valorant Masters London 2026,https://www.vlr.gg/670467/team-heretics-vs-team-vitality-valorant-masters-london-2026-ubqf
TH,Lotus,def,VIT,0,1,10,elim,2026-06-12 12:00:00,1,Valorant Masters London 2026,https://www.vlr.gg/670467/team-heretics-vs-team-vitality-valorant-masters-london-2026-ubqf
TH,Lotus,def,VIT,0,1,11,boom,2026-06-12 12:00:00,1,Valorant Masters London 2026,https://www.vlr.gg/670467/team-heretics-vs-team-vitality-valorant-masters-london-2026-ubqf
TH,Lotus,def,VIT,1,0,12,defus,2026-06-12 12:00:00,1,Valorant Masters London 2026,https://www.vlr.gg/670467/team-heretics-vs-team-vitality-valorant-masters-london-2026-ubqf
EDG,Haven,atk,FUT,1,0,13,elim,2026-06-13 10:00:00,0,Valorant Masters London 2026,https://www.vlr.gg/670465/edward-gaming-vs-fut-esports-valorant-masters-london-2026-ubqf
EDG,Haven,atk,FUT,1,0,14,elim,2026-06-13 10:00:00,0,Valorant Masters London 2026,https://www.vlr.gg/670465/edward-gaming-vs-fut-esports-valorant-masters-london-2026-ubqf
EDG,Haven,atk,FUT,0,1,15,defus,2026-06-13 10:00:00,0,Valorant Masters London 2026,https://www.vlr.gg/670465/edward-gaming-vs-fut-esports-valorant-masters-london-2026-ubqf
EDG,Haven,atk,FUT,0,1,16,elim,2026-06-13 10:00:00,0,Valorant Masters London 2026,https://www.vlr.gg/670465/edward-gaming-vs-fut-esports-valorant-masters-london-2026-ubqf
EDG,Haven,atk,FUT,0,1,17,defus,2026-06-13 10:00:00,0,Valorant Masters London 2026,https://www.vlr.gg/670465/edward-gaming-vs-fut-esports-valorant-masters-london-2026-ubqf
EDG,Haven,def,FUT,0,1,1,elim,2026-06-13 10:00:00,0,Valorant Masters London 2026,https://www.vlr.gg/670465/edward-gaming-vs-fut-esports-valorant-masters-london-2026-ubqf
EDG,Haven,def,FUT,0,1,2,boom,2026-06-13 10:00:00,0,Valorant Masters London 2026,https://www.vlr.gg/670465/edward-gaming-vs-fut-esports-valorant-masters-london-2026-ubqf
EDG,Haven,def,FUT,1,0,3,elim,2026-06-13 10:00:00,0,Valorant Masters London 2026,https://www.vlr.gg/670465/edward-gaming-vs-fut-esports-valorant-masters-london-2026-ubqf
EDG,Haven,def,FUT,0,1,4,elim,2026-06-13 10:00:00,0,Valorant Masters London 2026,https://www.vlr.gg/670465/edward-gaming-vs-fut-esports-valorant-masters-london-2026-ubqf
EDG,Haven,def,FUT,0,1,5,boom,2026-06-13 10:00:00,0,Valorant Masters London 2026,https://www.vlr.gg/670465/edward-gaming-vs-fut-esports-valorant-masters-london-2026-ubqf
EDG,Haven,def,FUT,0,1,6,boom,2026-06-13 10:00:00,0,Valorant Masters London 2026,https://www.vlr.gg/670465/edward-gaming-vs-fut-esports-valorant-masters-london-2026-ubqf
EDG,Haven,def,FUT,0,1,7,elim,2026-06-13 10:00:00,0,Valorant Masters London 2026,https://www.vlr.gg/670465/edward-gaming-vs-fut-esports-valorant-masters-london-2026-ubqf
EDG,Haven,def,FUT,0,1,8,elim,2026-06-13 10:00:00,0,Valorant Masters London 2026,https://www.vlr.gg/670465/edward-gaming-vs-fut-esports-valorant-masters-london-2026-ubqf
EDG,Haven,def,FUT,0,1,9,elim,2026-06-13 10:00:00,0,Valorant Masters London 2026,https://www.vlr.gg/670465/edward-gaming-vs-fut-esports-valorant-masters-london-2026-ubqf
EDG,Haven,def,FUT,1,0,10,elim,2026-06-13 10:00:00,0,Valorant Masters London 2026,https://www.vlr.gg/670465/edward-gaming-vs-fut-esports-valorant-masters-london-2026-ubqf
EDG,Haven,def,FUT,0,1,11,boom,2026-06-13 10:00:00,0,Valorant Masters London 2026,https://www.vlr.gg/670465/edward-gaming-vs-fut-esports-valorant-masters-london-2026-ubqf
EDG,Haven,def,FUT,0,1,12,elim,2026-06-13 10:00:00,0,Valorant Masters London 2026,https://www.vlr.gg/670465/edward-gaming-vs-fut-esports-valorant-masters-london-2026-ubqf
EDG,Pearl,atk,FUT,0,1,1,elim,2026-06-13 10:00:00,1,Valorant Masters London 2026,https://www.vlr.gg/670465/edward-gaming-vs-fut-esports-valorant-masters-london-2026-ubqf
EDG,Pearl,atk,FUT,0,1,2,defus,2026-06-13 10:00:00,1,Valorant Masters London 2026,https://www.vlr.gg/670465/edward-gaming-vs-fut-esports-valorant-masters-london-2026-ubqf
EDG,Pearl,atk,FUT,1,0,3,elim,2026-06-13 10:00:00,1,Valorant Masters London 2026,https://www.vlr.gg/670465/edward-gaming-vs-fut-esports-valorant-masters-london-2026-ubqf
EDG,Pearl,atk,FUT,0,1,4,defus,2026-06-13 10:00:00,1,Valorant Masters London 2026,https://www.vlr.gg/670465/edward-gaming-vs-fut-esports-valorant-masters-london-2026-ubqf
EDG,Pearl,atk,FUT,0,1,5,elim,2026-06-13 10:00:00,1,Valorant Masters London 2026,https://www.vlr.gg/670465/edward-gaming-vs-fut-esports-valorant-masters-london-2026-ubqf
EDG,Pearl,atk,FUT,0,1,6,elim,2026-06-13 10:00:00,1,Valorant Masters London 2026,https://www.vlr.gg/670465/edward-gaming-vs-fut-esports-valorant-masters-london-2026-ubqf
EDG,Pearl,atk,FUT,1,0,7,elim,2026-06-13 10:00:00,1,Valorant Masters London 2026,https://www.vlr.gg/670465/edward-gaming-vs-fut-esports-valorant-masters-london-2026-ubqf
EDG,Pearl,atk,FUT,0,1,8,defus,2026-06-13 10:00:00,1,Valorant Masters London 2026,https://www.vlr.gg/670465/edward-gaming-vs-fut-esports-valorant-masters-london-2026-ubqf
EDG,Pearl,atk,FUT,1,0,9,elim,2026-06-13 10:00:00,1,Valorant Masters London 2026,https://www.vlr.gg/670465/edward-gaming-vs-fut-esports-valorant-masters-london-2026-ubqf
EDG,Pearl,atk,FUT,1,0,10,elim,2026-06-13 10:00:00,1,Valorant Masters London 2026,https://www.vlr.gg/670465/edward-gaming-vs-fut-esports-valorant-masters-london-2026-ubqf
EDG,Pearl,atk,FUT,0,1,11,defus,2026-06-13 10:00:00,1,Valorant Masters London 2026,https://www.vlr.gg/670465/edward-gaming-vs-fut-esports-valorant-masters-london-2026-ubqf
EDG,Pearl,atk,FUT,0,1,12,elim,2026-06-13 10:00:00,1,Valorant Masters London 2026,https://www.vlr.gg/670465/edward-gaming-vs-fut-esports-valorant-masters-london-2026-ubqf
EDG,Pearl,atk,FUT,1,0,25,elim,2026-06-13 10:00:00,1,Valorant Masters London 2026,https://www.vlr.gg/670465/edward-gaming-vs-fut-esports-valorant-masters-london-2026-ubqf
EDG,Pearl,def,FUT,1,0,13,elim,2026-06-13 10:00:00,1,Valorant Masters London 2026,https://www.vlr.gg/670465/edward-gaming-vs-fut-esports-valorant-masters-london-2026-ubqf
EDG,Pearl,def,FUT,1,0,14,tim,2026-06-13 10:00:00,1,Valorant Masters London 2026,https://www.vlr.gg/670465/edward-gaming-vs-fut-esports-valorant-masters-london-2026-ubqf
EDG,Pearl,def,FUT,0,1,15,elim,2026-06-13 10:00:00,1,Valorant Masters London 2026,https://www.vlr.gg/670465/edward-gaming-vs-fut-esports-valorant-masters-london-2026-ubqf
EDG,Pearl,def,FUT,1,0,16,elim,2026-06-13 10:00:00,1,Valorant Masters London 2026,https://www.vlr.gg/670465/edward-gaming-vs-fut-esports-valorant-masters-london-2026-ubqf
EDG,Pearl,def,FUT,1,0,17,elim,2026-06-13 10:00:00,1,Valorant Masters London 2026,https://www.vlr.gg/670465/edward-gaming-vs-fut-esports-valorant-masters-london-2026-ubqf
EDG,Pearl,def,FUT,0,1,18,elim,2026-06-13 10:00:00,1,Valorant Masters London 2026,https://www.vlr.gg/670465/edward-gaming-vs-fut-esports-valorant-masters-london-2026-ubqf
EDG,Pearl,def,FUT,1,0,19,defus,2026-06-13 10:00:00,1,Valorant Masters London 2026,https://www.vlr.gg/670465/edward-gaming-vs-fut-esports-valorant-masters-london-2026-ubqf
EDG,Pearl,def,FUT,1,0,20,elim,2026-06-13 10:00:00,1,Valorant Masters London 2026,https://www.vlr.gg/670465/edward-gaming-vs-fut-esports-valorant-masters-london-2026-ubqf
EDG,Pearl,def,FUT,1,0,21,elim,2026-06-13 10:00:00,1,Valorant Masters London 2026,https://www.vlr.gg/670465/edward-gaming-vs-fut-esports-valorant-masters-london-2026-ubqf
EDG,Pearl,def,FUT,1,0,22,elim,2026-06-13 10:00:00,1,Valorant Masters London 2026,https://www.vlr.gg/670465/edward-gaming-vs-fut-esports-valorant-masters-london-2026-ubqf
EDG,Pearl,def,FUT,0,1,23,elim,2026-06-13 10:00:00,1,Valorant Masters London 2026,https://www.vlr.gg/670465/edward-gaming-vs-fut-esports-valorant-masters-london-2026-ubqf
EDG,Pearl,def,FUT,0,1,24,elim,2026-06-13 10:00:00,1,Valorant Masters London 2026,https://www.vlr.gg/670465/edward-gaming-vs-fut-esports-valorant-masters-london-2026-ubqf
EDG,Pearl,def,FUT,1,0,26,defus,2026-06-13 10:00:00,1,Valorant Masters London 2026,https://www.vlr.gg/670465/edward-gaming-vs-fut-esports-valorant-masters-london-2026-ubqf
EDG,Fracture,atk,FUT,0,1,13,elim,2026-06-13 10:00:00,2,Valorant Masters London 2026,https://www.vlr.gg/670465/edward-gaming-vs-fut-esports-valorant-masters-london-2026-ubqf
EDG,Fracture,atk,FUT,0,1,14,elim,2026-06-13 10:00:00,2,Valorant Masters London 2026,https://www.vlr.gg/670465/edward-gaming-vs-fut-esports-valorant-masters-london-2026-ubqf
EDG,Fracture,atk,FUT,1,0,15,elim,2026-06-13 10:00:00,2,Valorant Masters London 2026,https://www.vlr.gg/670465/edward-gaming-vs-fut-esports-valorant-masters-london-2026-ubqf
EDG,Fracture,atk,FUT,1,0,16,elim,2026-06-13 10:00:00,2,Valorant Masters London 2026,https://www.vlr.gg/670465/edward-gaming-vs-fut-esports-valorant-masters-london-2026-ubqf
EDG,Fracture,atk,FUT,1,0,17,elim,2026-06-13 10:00:00,2,Valorant Masters London 2026,https://www.vlr.gg/670465/edward-gaming-vs-fut-esports-valorant-masters-london-2026-ubqf
EDG,Fracture,atk,FUT,1,0,18,elim,2026-06-13 10:00:00,2,Valorant Masters London 2026,https://www.vlr.gg/670465/edward-gaming-vs-fut-esports-valorant-masters-london-2026-ubqf
EDG,Fracture,def,FUT,1,0,1,elim,2026-06-13 10:00:00,2,Valorant Masters London 2026,https://www.vlr.gg/670465/edward-gaming-vs-fut-esports-valorant-masters-london-2026-ubqf
EDG,Fracture,def,FUT,1,0,2,elim,2026-06-13 10:00:00,2,Valorant Masters London 2026,https://www.vlr.gg/670465/edward-gaming-vs-fut-esports-valorant-masters-london-2026-ubqf
EDG,Fracture,def,FUT,1,0,3,elim,2026-06-13 10:00:00,2,Valorant Masters London 2026,https://www.vlr.gg/670465/edward-gaming-vs-fut-esports-valorant-masters-london-2026-ubqf
EDG,Fracture,def,FUT,1,0,4,defus,2026-06-13 10:00:00,2,Valorant Masters London 2026,https://www.vlr.gg/670465/edward-gaming-vs-fut-esports-valorant-masters-london-2026-ubqf
EDG,Fracture,def,FUT,1,0,5,elim,2026-06-13 10:00:00,2,Valorant Masters London 2026,https://www.vlr.gg/670465/edward-gaming-vs-fut-esports-valorant-masters-london-2026-ubqf
EDG,Fracture,def,FUT,0,1,6,elim,2026-06-13 10:00:00,2,Valorant Masters London 2026,https://www.vlr.gg/670465/edward-gaming-vs-fut-esports-valorant-masters-london-2026-ubqf
EDG,Fracture,def,FUT,1,0,7,elim,2026-06-13 10:00:00,2,Valorant Masters London 2026,https://www.vlr.gg/670465/edward-gaming-vs-fut-esports-valorant-masters-london-2026-ubqf
EDG,Fracture,def,FUT,1,0,8,elim,2026-06-13 10:00:00,2,Valorant Masters London 2026,https://www.vlr.gg/670465/edward-gaming-vs-fut-esports-valorant-masters-london-2026-ubqf
EDG,Fracture,def,FUT,1,0,9,elim,2026-06-13 10:00:00,2,Valorant Masters London 2026,https://www.vlr.gg/670465/edward-gaming-vs-fut-esports-valorant-masters-london-2026-ubqf
EDG,Fracture,def,FUT,1,0,10,elim,2026-06-13 10:00:00,2,Valorant Masters London 2026,https://www.vlr.gg/670465/edward-gaming-vs-fut-esports-valorant-masters-london-2026-ubqf
EDG,Fracture,def,FUT,0,1,11,elim,2026-06-13 10:00:00,2,Valorant Masters London 2026,https://www.vlr.gg/670465/edward-gaming-vs-fut-esports-valorant-masters-london-2026-ubqf
EDG,Fracture,def,FUT,0,1,12,elim,2026-06-13 10:00:00,2,Valorant Masters London 2026,https://www.vlr.gg/670465/edward-gaming-vs-fut-esports-valorant-masters-london-2026-ubqf
G2,Lotus,atk,XLG,0,1,13,defus,2026-06-13 13:00:00,0,Valorant Masters London 2026,https://www.vlr.gg/670464/g2-esports-vs-xi-lai-gaming-valorant-masters-london-2026-ubqf
G2,Lotus,atk,XLG,1,0,14,elim,2026-06-13 13:00:00,0,Valorant Masters London 2026,https://www.vlr.gg/670464/g2-esports-vs-xi-lai-gaming-valorant-masters-london-2026-ubqf
G2,Lotus,atk,XLG,1,0,15,elim,2026-06-13 13:00:00,0,Valorant Masters London 2026,https://www.vlr.gg/670464/g2-esports-vs-xi-lai-gaming-valorant-masters-london-2026-ubqf
G2,Lotus,atk,XLG,0,1,16,defus,2026-06-13 13:00:00,0,Valorant Masters London 2026,https://www.vlr.gg/670464/g2-esports-vs-xi-lai-gaming-valorant-masters-london-2026-ubqf
G2,Lotus,atk,XLG,1,0,17,boom,2026-06-13 13:00:00,0,Valorant Masters London 2026,https://www.vlr.gg/670464/g2-esports-vs-xi-lai-gaming-valorant-masters-london-2026-ubqf
G2,Lotus,atk,XLG,1,0,18,boom,2026-06-13 13:00:00,0,Valorant Masters London 2026,https://www.vlr.gg/670464/g2-esports-vs-xi-lai-gaming-valorant-masters-london-2026-ubqf
G2,Lotus,atk,XLG,1,0,19,elim,2026-06-13 13:00:00,0,Valorant Masters London 2026,https://www.vlr.gg/670464/g2-esports-vs-xi-lai-gaming-valorant-masters-london-2026-ubqf
G2,Lotus,atk,XLG,1,0,20,elim,2026-06-13 13:00:00,0,Valorant Masters London 2026,https://www.vlr.gg/670464/g2-esports-vs-xi-lai-gaming-valorant-masters-london-2026-ubqf
G2,Lotus,def,XLG,0,1,1,elim,2026-06-13 13:00:00,0,Valorant Masters London 2026,https://www.vlr.gg/670464/g2-esports-vs-xi-lai-gaming-valorant-masters-london-2026-ubqf
G2,Lotus,def,XLG,0,1,2,elim,2026-06-13 13:00:00,0,Valorant Masters London 2026,https://www.vlr.gg/670464/g2-esports-vs-xi-lai-gaming-valorant-masters-london-2026-ubqf
G2,Lotus,def,XLG,0,1,3,elim,2026-06-13 13:00:00,0,Valorant Masters London 2026,https://www.vlr.gg/670464/g2-esports-vs-xi-lai-gaming-valorant-masters-london-2026-ubqf
G2,Lotus,def,XLG,1,0,4,elim,2026-06-13 13:00:00,0,Valorant Masters London 2026,https://www.vlr.gg/670464/g2-esports-vs-xi-lai-gaming-valorant-masters-london-2026-ubqf
G2,Lotus,def,XLG,0,1,5,elim,2026-06-13 13:00:00,0,Valorant Masters London 2026,https://www.vlr.gg/670464/g2-esports-vs-xi-lai-gaming-valorant-masters-london-2026-ubqf
G2,Lotus,def,XLG,0,1,6,boom,2026-06-13 13:00:00,0,Valorant Masters London 2026,https://www.vlr.gg/670464/g2-esports-vs-xi-lai-gaming-valorant-masters-london-2026-ubqf
G2,Lotus,def,XLG,1,0,7,elim,2026-06-13 13:00:00,0,Valorant Masters London 2026,https://www.vlr.gg/670464/g2-esports-vs-xi-lai-gaming-valorant-masters-london-2026-ubqf
G2,Lotus,def,XLG,1,0,8,defus,2026-06-13 13:00:00,0,Valorant Masters London 2026,https://www.vlr.gg/670464/g2-esports-vs-xi-lai-gaming-valorant-masters-london-2026-ubqf
G2,Lotus,def,XLG,1,0,9,defus,2026-06-13 13:00:00,0,Valorant Masters London 2026,https://www.vlr.gg/670464/g2-esports-vs-xi-lai-gaming-valorant-masters-london-2026-ubqf
G2,Lotus,def,XLG,1,0,10,defus,2026-06-13 13:00:00,0,Valorant Masters London 2026,https://www.vlr.gg/670464/g2-esports-vs-xi-lai-gaming-valorant-masters-london-2026-ubqf
G2,Lotus,def,XLG,1,0,11,elim,2026-06-13 13:00:00,0,Valorant Masters London 2026,https://www.vlr.gg/670464/g2-esports-vs-xi-lai-gaming-valorant-masters-london-2026-ubqf
G2,Lotus,def,XLG,1,0,12,defus,2026-06-13 13:00:00,0,Valorant Masters London 2026,https://www.vlr.gg/670464/g2-esports-vs-xi-lai-gaming-valorant-masters-london-2026-ubqf
G2,Ascent,atk,XLG,0,1,1,elim,2026-06-13 13:00:00,1,Valorant Masters London 2026,https://www.vlr.gg/670464/g2-esports-vs-xi-lai-gaming-valorant-masters-london-2026-ubqf
G2,Ascent,atk,XLG,0,1,2,elim,2026-06-13 13:00:00,1,Valorant Masters London 2026,https://www.vlr.gg/670464/g2-esports-vs-xi-lai-gaming-valorant-masters-london-2026-ubqf
G2,Ascent,atk,XLG,0,1,3,defus,2026-06-13 13:00:00,1,Valorant Masters London 2026,https://www.vlr.gg/670464/g2-esports-vs-xi-lai-gaming-valorant-masters-london-2026-ubqf
G2,Ascent,atk,XLG,1,0,4,elim,2026-06-13 13:00:00,1,Valorant Masters London 2026,https://www.vlr.gg/670464/g2-esports-vs-xi-lai-gaming-valorant-masters-london-2026-ubqf
G2,Ascent,atk,XLG,0,1,5,elim,2026-06-13 13:00:00,1,Valorant Masters London 2026,https://www.vlr.gg/670464/g2-esports-vs-xi-lai-gaming-valorant-masters-london-2026-ubqf
G2,Ascent,atk,XLG,0,1,6,elim,2026-06-13 13:00:00,1,Valorant Masters London 2026,https://www.vlr.gg/670464/g2-esports-vs-xi-lai-gaming-valorant-masters-london-2026-ubqf
G2,Ascent,atk,XLG,1,0,7,elim,2026-06-13 13:00:00,1,Valorant Masters London 2026,https://www.vlr.gg/670464/g2-esports-vs-xi-lai-gaming-valorant-masters-london-2026-ubqf
G2,Ascent,atk,XLG,0,1,8,defus,2026-06-13 13:00:00,1,Valorant Masters London 2026,https://www.vlr.gg/670464/g2-esports-vs-xi-lai-gaming-valorant-masters-london-2026-ubqf
G2,Ascent,atk,XLG,0,1,9,elim,2026-06-13 13:00:00,1,Valorant Masters London 2026,https://www.vlr.gg/670464/g2-esports-vs-xi-lai-gaming-valorant-masters-london-2026-ubqf
G2,Ascent,atk,XLG,0,1,10,defus,2026-06-13 13:00:00,1,Valorant Masters London 2026,https://www.vlr.gg/670464/g2-esports-vs-xi-lai-gaming-valorant-masters-london-2026-ubqf
G2,Ascent,atk,XLG,1,0,11,elim,2026-06-13 13:00:00,1,Valorant Masters London 2026,https://www.vlr.gg/670464/g2-esports-vs-xi-lai-gaming-valorant-masters-london-2026-ubqf
G2,Ascent,atk,XLG,1,0,12,elim,2026-06-13 13:00:00,1,Valorant Masters London 2026,https://www.vlr.gg/670464/g2-esports-vs-xi-lai-gaming-valorant-masters-london-2026-ubqf
G2,Ascent,def,XLG,0,1,13,elim,2026-06-13 13:00:00,1,Valorant Masters London 2026,https://www.vlr.gg/670464/g2-esports-vs-xi-lai-gaming-valorant-masters-london-2026-ubqf
G2,Ascent,def,XLG,0,1,14,elim,2026-06-13 13:00:00,1,Valorant Masters London 2026,https://www.vlr.gg/670464/g2-esports-vs-xi-lai-gaming-valorant-masters-london-2026-ubqf
G2,Ascent,def,XLG,0,1,15,elim,2026-06-13 13:00:00,1,Valorant Masters London 2026,https://www.vlr.gg/670464/g2-esports-vs-xi-lai-gaming-valorant-masters-london-2026-ubqf
G2,Ascent,def,XLG,0,1,16,elim,2026-06-13 13:00:00,1,Valorant Masters London 2026,https://www.vlr.gg/670464/g2-esports-vs-xi-lai-gaming-valorant-masters-london-2026-ubqf
G2,Ascent,def,XLG,0,1,17,elim,2026-06-13 13:00:00,1,Valorant Masters London 2026,https://www.vlr.gg/670464/g2-esports-vs-xi-lai-gaming-valorant-masters-london-2026-ubqf
G2,Split,atk,XLG,0,1,1,elim,2026-06-13 13:00:00,2,Valorant Masters London 2026,https://www.vlr.gg/670464/g2-esports-vs-xi-lai-gaming-valorant-masters-london-2026-ubqf
G2,Split,atk,XLG,0,1,2,elim,2026-06-13 13:00:00,2,Valorant Masters London 2026,https://www.vlr.gg/670464/g2-esports-vs-xi-lai-gaming-valorant-masters-london-2026-ubqf
G2,Split,atk,XLG,1,0,3,boom,2026-06-13 13:00:00,2,Valorant Masters London 2026,https://www.vlr.gg/670464/g2-esports-vs-xi-lai-gaming-valorant-masters-london-2026-ubqf
G2,Split,atk,XLG,0,1,4,tim,2026-06-13 13:00:00,2,Valorant Masters London 2026,https://www.vlr.gg/670464/g2-esports-vs-xi-lai-gaming-valorant-masters-london-2026-ubqf
G2,Split,atk,XLG,1,0,5,elim,2026-06-13 13:00:00,2,Valorant Masters London 2026,https://www.vlr.gg/670464/g2-esports-vs-xi-lai-gaming-valorant-masters-london-2026-ubqf
G2,Split,atk,XLG,1,0,6,elim,2026-06-13 13:00:00,2,Valorant Masters London 2026,https://www.vlr.gg/670464/g2-esports-vs-xi-lai-gaming-valorant-masters-london-2026-ubqf
G2,Split,atk,XLG,1,0,7,elim,2026-06-13 13:00:00,2,Valorant Masters London 2026,https://www.vlr.gg/670464/g2-esports-vs-xi-lai-gaming-valorant-masters-london-2026-ubqf
G2,Split,atk,XLG,0,1,8,elim,2026-06-13 13:00:00,2,Valorant Masters London 2026,https://www.vlr.gg/670464/g2-esports-vs-xi-lai-gaming-valorant-masters-london-2026-ubqf
G2,Split,atk,XLG,1,0,9,boom,2026-06-13 13:00:00,2,Valorant Masters London 2026,https://www.vlr.gg/670464/g2-esports-vs-xi-lai-gaming-valorant-masters-london-2026-ubqf
G2,Split,atk,XLG,0,1,10,defus,2026-06-13 13:00:00,2,Valorant Masters London 2026,https://www.vlr.gg/670464/g2-esports-vs-xi-lai-gaming-valorant-masters-london-2026-ubqf
G2,Split,atk,XLG,0,1,11,elim,2026-06-13 13:00:00,2,Valorant Masters London 2026,https://www.vlr.gg/670464/g2-esports-vs-xi-lai-gaming-valorant-masters-london-2026-ubqf
G2,Split,atk,XLG,0,1,12,elim,2026-06-13 13:00:00,2,Valorant Masters London 2026,https://www.vlr.gg/670464/g2-esports-vs-xi-lai-gaming-valorant-masters-london-2026-ubqf
G2,Split,def,XLG,0,1,13,elim,2026-06-13 13:00:00,2,Valorant Masters London 2026,https://www.vlr.gg/670464/g2-esports-vs-xi-lai-gaming-valorant-masters-london-2026-ubqf
G2,Split,def,XLG,0,1,14,elim,2026-06-13 13:00:00,2,Valorant Masters London 2026,https://www.vlr.gg/670464/g2-esports-vs-xi-lai-gaming-valorant-masters-london-2026-ubqf
G2,Split,def,XLG,1,0,15,defus,2026-06-13 13:00:00,2,Valorant Masters London 2026,https://www.vlr.gg/670464/g2-esports-vs-xi-lai-gaming-valorant-masters-london-2026-ubqf
G2,Split,def,XLG,1,0,16,defus,2026-06-13 13:00:00,2,Valorant Masters London 2026,https://www.vlr.gg/670464/g2-esports-vs-xi-lai-gaming-valorant-masters-london-2026-ubqf
G2,Split,def,XLG,0,1,17,boom,2026-06-13 13:00:00,2,Valorant Masters London 2026,https://www.vlr.gg/670464/g2-esports-vs-xi-lai-gaming-valorant-masters-london-2026-ubqf
G2,Split,def,XLG,0,1,18,elim,2026-06-13 13:00:00,2,Valorant Masters London 2026,https://www.vlr.gg/670464/g2-esports-vs-xi-lai-gaming-valorant-masters-london-2026-ubqf
G2,Split,def,XLG,1,0,19,defus,2026-06-13 13:00:00,2,Valorant Masters London 2026,https://www.vlr.gg/670464/g2-esports-vs-xi-lai-gaming-valorant-masters-london-2026-ubqf
G2,Split,def,XLG,1,0,20,defus,2026-06-13 13:00:00,2,Valorant Masters London 2026,https://www.vlr.gg/670464/g2-esports-vs-xi-lai-gaming-valorant-masters-london-2026-ubqf
G2,Split,def,XLG,0,1,21,elim,2026-06-13 13:00:00,2,Valorant Masters London 2026,https://www.vlr.gg/670464/g2-esports-vs-xi-lai-gaming-valorant-masters-london-2026-ubqf
G2,Split,def,XLG,0,1,22,elim,2026-06-13 13:00:00,2,Valorant Masters London 2026,https://www.vlr.gg/670464/g2-esports-vs-xi-lai-gaming-valorant-masters-london-2026-ubqf
LEV,Split,atk,TH,1,0,13,elim,2026-06-14 10:00:00,0,Valorant Masters London 2026,https://www.vlr.gg/670473/leviat-n-vs-team-heretics-valorant-masters-london-2026-lr1
LEV,Split,atk,TH,1,0,14,elim,2026-06-14 10:00:00,0,Valorant Masters London 2026,https://www.vlr.gg/670473/leviat-n-vs-team-heretics-valorant-masters-london-2026-lr1
LEV,Split,atk,TH,1,0,15,elim,2026-06-14 10:00:00,0,Valorant Masters London 2026,https://www.vlr.gg/670473/leviat-n-vs-team-heretics-valorant-masters-london-2026-lr1
LEV,Split,atk,TH,1,0,16,elim,2026-06-14 10:00:00,0,Valorant Masters London 2026,https://www.vlr.gg/670473/leviat-n-vs-team-heretics-valorant-masters-london-2026-lr1
LEV,Split,def,TH,1,0,1,defus,2026-06-14 10:00:00,0,Valorant Masters London 2026,https://www.vlr.gg/670473/leviat-n-vs-team-heretics-valorant-masters-london-2026-lr1
LEV,Split,def,TH,1,0,2,elim,2026-06-14 10:00:00,0,Valorant Masters London 2026,https://www.vlr.gg/670473/leviat-n-vs-team-heretics-valorant-masters-london-2026-lr1
LEV,Split,def,TH,0,1,3,boom,2026-06-14 10:00:00,0,Valorant Masters London 2026,https://www.vlr.gg/670473/leviat-n-vs-team-heretics-valorant-masters-london-2026-lr1
LEV,Split,def,TH,1,0,4,elim,2026-06-14 10:00:00,0,Valorant Masters London 2026,https://www.vlr.gg/670473/leviat-n-vs-team-heretics-valorant-masters-london-2026-lr1
LEV,Split,def,TH,0,1,5,elim,2026-06-14 10:00:00,0,Valorant Masters London 2026,https://www.vlr.gg/670473/leviat-n-vs-team-heretics-valorant-masters-london-2026-lr1
LEV,Split,def,TH,1,0,6,elim,2026-06-14 10:00:00,0,Valorant Masters London 2026,https://www.vlr.gg/670473/leviat-n-vs-team-heretics-valorant-masters-london-2026-lr1
LEV,Split,def,TH,1,0,7,defus,2026-06-14 10:00:00,0,Valorant Masters London 2026,https://www.vlr.gg/670473/leviat-n-vs-team-heretics-valorant-masters-london-2026-lr1
LEV,Split,def,TH,1,0,8,defus,2026-06-14 10:00:00,0,Valorant Masters London 2026,https://www.vlr.gg/670473/leviat-n-vs-team-heretics-valorant-masters-london-2026-lr1
LEV,Split,def,TH,1,0,9,defus,2026-06-14 10:00:00,0,Valorant Masters London 2026,https://www.vlr.gg/670473/leviat-n-vs-team-heretics-valorant-masters-london-2026-lr1
LEV,Split,def,TH,1,0,10,elim,2026-06-14 10:00:00,0,Valorant Masters London 2026,https://www.vlr.gg/670473/leviat-n-vs-team-heretics-valorant-masters-london-2026-lr1
LEV,Split,def,TH,1,0,11,elim,2026-06-14 10:00:00,0,Valorant Masters London 2026,https://www.vlr.gg/670473/leviat-n-vs-team-heretics-valorant-masters-london-2026-lr1
LEV,Split,def,TH,0,1,12,elim,2026-06-14 10:00:00,0,Valorant Masters London 2026,https://www.vlr.gg/670473/leviat-n-vs-team-heretics-valorant-masters-london-2026-lr1
LEV,Lotus,atk,TH,0,1,1,elim,2026-06-14 10:00:00,1,Valorant Masters London 2026,https://www.vlr.gg/670473/leviat-n-vs-team-heretics-valorant-masters-london-2026-lr1
LEV,Lotus,atk,TH,0,1,2,elim,2026-06-14 10:00:00,1,Valorant Masters London 2026,https://www.vlr.gg/670473/leviat-n-vs-team-heretics-valorant-masters-london-2026-lr1
LEV,Lotus,atk,TH,1,0,3,elim,2026-06-14 10:00:00,1,Valorant Masters London 2026,https://www.vlr.gg/670473/leviat-n-vs-team-heretics-valorant-masters-london-2026-lr1
LEV,Lotus,atk,TH,1,0,4,elim,2026-06-14 10:00:00,1,Valorant Masters London 2026,https://www.vlr.gg/670473/leviat-n-vs-team-heretics-valorant-masters-london-2026-lr1
LEV,Lotus,atk,TH,1,0,5,elim,2026-06-14 10:00:00,1,Valorant Masters London 2026,https://www.vlr.gg/670473/leviat-n-vs-team-heretics-valorant-masters-london-2026-lr1
LEV,Lotus,atk,TH,0,1,6,tim,2026-06-14 10:00:00,1,Valorant Masters London 2026,https://www.vlr.gg/670473/leviat-n-vs-team-heretics-valorant-masters-london-2026-lr1
LEV,Lotus,atk,TH,1,0,7,boom,2026-06-14 10:00:00,1,Valorant Masters London 2026,https://www.vlr.gg/670473/leviat-n-vs-team-heretics-valorant-masters-london-2026-lr1
LEV,Lotus,atk,TH,1,0,8,elim,2026-06-14 10:00:00,1,Valorant Masters London 2026,https://www.vlr.gg/670473/leviat-n-vs-team-heretics-valorant-masters-london-2026-lr1
LEV,Lotus,atk,TH,0,1,9,defus,2026-06-14 10:00:00,1,Valorant Masters London 2026,https://www.vlr.gg/670473/leviat-n-vs-team-heretics-valorant-masters-london-2026-lr1
LEV,Lotus,atk,TH,0,1,10,elim,2026-06-14 10:00:00,1,Valorant Masters London 2026,https://www.vlr.gg/670473/leviat-n-vs-team-heretics-valorant-masters-london-2026-lr1
LEV,Lotus,atk,TH,0,1,11,elim,2026-06-14 10:00:00,1,Valorant Masters London 2026,https://www.vlr.gg/670473/leviat-n-vs-team-heretics-valorant-masters-london-2026-lr1
LEV,Lotus,atk,TH,0,1,12,elim,2026-06-14 10:00:00,1,Valorant Masters London 2026,https://www.vlr.gg/670473/leviat-n-vs-team-heretics-valorant-masters-london-2026-lr1
LEV,Lotus,def,TH,1,0,13,defus,2026-06-14 10:00:00,1,Valorant Masters London 2026,https://www.vlr.gg/670473/leviat-n-vs-team-heretics-valorant-masters-london-2026-lr1
LEV,Lotus,def,TH,1,0,14,defus,2026-06-14 10:00:00,1,Valorant Masters London 2026,https://www.vlr.gg/670473/leviat-n-vs-team-heretics-valorant-masters-london-2026-lr1
LEV,Lotus,def,TH,0,1,15,elim,2026-06-14 10:00:00,1,Valorant Masters London 2026,https://www.vlr.gg/670473/leviat-n-vs-team-heretics-valorant-masters-london-2026-lr1
LEV,Lotus,def,TH,0,1,16,elim,2026-06-14 10:00:00,1,Valorant Masters London 2026,https://www.vlr.gg/670473/leviat-n-vs-team-heretics-valorant-masters-london-2026-lr1
LEV,Lotus,def,TH,1,0,17,defus,2026-06-14 10:00:00,1,Valorant Masters London 2026,https://www.vlr.gg/670473/leviat-n-vs-team-heretics-valorant-masters-london-2026-lr1
LEV,Lotus,def,TH,0,1,18,elim,2026-06-14 10:00:00,1,Valorant Masters London 2026,https://www.vlr.gg/670473/leviat-n-vs-team-heretics-valorant-masters-london-2026-lr1
LEV,Lotus,def,TH,0,1,19,elim,2026-06-14 10:00:00,1,Valorant Masters London 2026,https://www.vlr.gg/670473/leviat-n-vs-team-heretics-valorant-masters-london-2026-lr1
LEV,Lotus,def,TH,0,1,20,elim,2026-06-14 10:00:00,1,Valorant Masters London 2026,https://www.vlr.gg/670473/leviat-n-vs-team-heretics-valorant-masters-london-2026-lr1
LEV,Lotus,def,TH,1,0,21,elim,2026-06-14 10:00:00,1,Valorant Masters London 2026,https://www.vlr.gg/670473/leviat-n-vs-team-heretics-valorant-masters-london-2026-lr1
LEV,Lotus,def,TH,1,0,22,defus,2026-06-14 10:00:00,1,Valorant Masters London 2026,https://www.vlr.gg/670473/leviat-n-vs-team-heretics-valorant-masters-london-2026-lr1
LEV,Lotus,def,TH,1,0,23,elim,2026-06-14 10:00:00,1,Valorant Masters London 2026,https://www.vlr.gg/670473/leviat-n-vs-team-heretics-valorant-masters-london-2026-lr1
LEV,Lotus,def,TH,0,1,24,elim,2026-06-14 10:00:00,1,Valorant Masters London 2026,https://www.vlr.gg/670473/leviat-n-vs-team-heretics-valorant-masters-london-2026-lr1
LEV,Ascent,atk,TH,1,0,13,elim,2026-06-14 10:00:00,2,Valorant Masters London 2026,https://www.vlr.gg/670473/leviat-n-vs-team-heretics-valorant-masters-london-2026-lr1
LEV,Ascent,atk,TH,1,0,14,elim,2026-06-14 10:00:00,2,Valorant Masters London 2026,https://www.vlr.gg/670473/leviat-n-vs-team-heretics-valorant-masters-london-2026-lr1
LEV,Ascent,atk,TH,0,1,15,elim,2026-06-14 10:00:00,2,Valorant Masters London 2026,https://www.vlr.gg/670473/leviat-n-vs-team-heretics-valorant-masters-london-2026-lr1
LEV,Ascent,atk,TH,1,0,16,elim,2026-06-14 10:00:00,2,Valorant Masters London 2026,https://www.vlr.gg/670473/leviat-n-vs-team-heretics-valorant-masters-london-2026-lr1
LEV,Ascent,atk,TH,1,0,17,elim,2026-06-14 10:00:00,2,Valorant Masters London 2026,https://www.vlr.gg/670473/leviat-n-vs-team-heretics-valorant-masters-london-2026-lr1
LEV,Ascent,atk,TH,0,1,18,tim,2026-06-14 10:00:00,2,Valorant Masters London 2026,https://www.vlr.gg/670473/leviat-n-vs-team-heretics-valorant-masters-london-2026-lr1
LEV,Ascent,atk,TH,1,0,19,elim,2026-06-14 10:00:00,2,Valorant Masters London 2026,https://www.vlr.gg/670473/leviat-n-vs-team-heretics-valorant-masters-london-2026-lr1
LEV,Ascent,def,TH,1,0,1,defus,2026-06-14 10:00:00,2,Valorant Masters London 2026,https://www.vlr.gg/670473/leviat-n-vs-team-heretics-valorant-masters-london-2026-lr1
LEV,Ascent,def,TH,1,0,2,elim,2026-06-14 10:00:00,2,Valorant Masters London 2026,https://www.vlr.gg/670473/leviat-n-vs-team-heretics-valorant-masters-london-2026-lr1
LEV,Ascent,def,TH,0,1,3,boom,2026-06-14 10:00:00,2,Valorant Masters London 2026,https://www.vlr.gg/670473/leviat-n-vs-team-heretics-valorant-masters-london-2026-lr1
LEV,Ascent,def,TH,1,0,4,defus,2026-06-14 10:00:00,2,Valorant Masters London 2026,https://www.vlr.gg/670473/leviat-n-vs-team-heretics-valorant-masters-london-2026-lr1
LEV,Ascent,def,TH,1,0,5,elim,2026-06-14 10:00:00,2,Valorant Masters London 2026,https://www.vlr.gg/670473/leviat-n-vs-team-heretics-valorant-masters-london-2026-lr1
LEV,Ascent,def,TH,0,1,6,boom,2026-06-14 10:00:00,2,Valorant Masters London 2026,https://www.vlr.gg/670473/leviat-n-vs-team-heretics-valorant-masters-london-2026-lr1
LEV,Ascent,def,TH,1,0,7,elim,2026-06-14 10:00:00,2,Valorant Masters London 2026,https://www.vlr.gg/670473/leviat-n-vs-team-heretics-valorant-masters-london-2026-lr1
LEV,Ascent,def,TH,1,0,8,elim,2026-06-14 10:00:00,2,Valorant Masters London 2026,https://www.vlr.gg/670473/leviat-n-vs-team-heretics-valorant-masters-london-2026-lr1
LEV,Ascent,def,TH,0,1,9,boom,2026-06-14 10:00:00,2,Valorant Masters London 2026,https://www.vlr.gg/670473/leviat-n-vs-team-heretics-valorant-masters-london-2026-lr1
LEV,Ascent,def,TH,0,1,10,elim,2026-06-14 10:00:00,2,Valorant Masters London 2026,https://www.vlr.gg/670473/leviat-n-vs-team-heretics-valorant-masters-london-2026-lr1
LEV,Ascent,def,TH,1,0,11,defus,2026-06-14 10:00:00,2,Valorant Masters London 2026,https://www.vlr.gg/670473/leviat-n-vs-team-heretics-valorant-masters-london-2026-lr1
LEV,Ascent,def,TH,1,0,12,tim,2026-06-14 10:00:00,2,Valorant Masters London 2026,https://www.vlr.gg/670473/leviat-n-vs-team-heretics-valorant-masters-london-2026-lr1
G2,Ascent,atk,FUT,1,0,13,elim,2026-06-14 13:00:00,0,Valorant Masters London 2026,https://www.vlr.gg/670472/g2-esports-vs-fut-esports-valorant-masters-london-2026-lr1
G2,Ascent,atk,FUT,1,0,14,elim,2026-06-14 13:00:00,0,Valorant Masters London 2026,https://www.vlr.gg/670472/g2-esports-vs-fut-esports-valorant-masters-london-2026-lr1
G2,Ascent,atk,FUT,0,1,15,elim,2026-06-14 13:00:00,0,Valorant Masters London 2026,https://www.vlr.gg/670472/g2-esports-vs-fut-esports-valorant-masters-london-2026-lr1
G2,Ascent,atk,FUT,1,0,16,elim,2026-06-14 13:00:00,0,Valorant Masters London 2026,https://www.vlr.gg/670472/g2-esports-vs-fut-esports-valorant-masters-london-2026-lr1
G2,Ascent,atk,FUT,0,1,17,defus,2026-06-14 13:00:00,0,Valorant Masters London 2026,https://www.vlr.gg/670472/g2-esports-vs-fut-esports-valorant-masters-london-2026-lr1
G2,Ascent,atk,FUT,0,1,18,elim,2026-06-14 13:00:00,0,Valorant Masters London 2026,https://www.vlr.gg/670472/g2-esports-vs-fut-esports-valorant-masters-london-2026-lr1
G2,Ascent,atk,FUT,0,1,19,elim,2026-06-14 13:00:00,0,Valorant Masters London 2026,https://www.vlr.gg/670472/g2-esports-vs-fut-esports-valorant-masters-london-2026-lr1
G2,Ascent,def,FUT,0,1,1,boom,2026-06-14 13:00:00,0,Valorant Masters London 2026,https://www.vlr.gg/670472/g2-esports-vs-fut-esports-valorant-masters-london-2026-lr1
G2,Ascent,def,FUT,0,1,2,elim,2026-06-14 13:00:00,0,Valorant Masters London 2026,https://www.vlr.gg/670472/g2-esports-vs-fut-esports-valorant-masters-london-2026-lr1
G2,Ascent,def,FUT,0,1,3,elim,2026-06-14 13:00:00,0,Valorant Masters London 2026,https://www.vlr.gg/670472/g2-esports-vs-fut-esports-valorant-masters-london-2026-lr1
G2,Ascent,def,FUT,0,1,4,elim,2026-06-14 13:00:00,0,Valorant Masters London 2026,https://www.vlr.gg/670472/g2-esports-vs-fut-esports-valorant-masters-london-2026-lr1
G2,Ascent,def,FUT,0,1,5,elim,2026-06-14 13:00:00,0,Valorant Masters London 2026,https://www.vlr.gg/670472/g2-esports-vs-fut-esports-valorant-masters-london-2026-lr1
G2,Ascent,def,FUT,0,1,6,boom,2026-06-14 13:00:00,0,Valorant Masters London 2026,https://www.vlr.gg/670472/g2-esports-vs-fut-esports-valorant-masters-london-2026-lr1
G2,Ascent,def,FUT,1,0,7,elim,2026-06-14 13:00:00,0,Valorant Masters London 2026,https://www.vlr.gg/670472/g2-esports-vs-fut-esports-valorant-masters-london-2026-lr1
G2,Ascent,def,FUT,0,1,8,elim,2026-06-14 13:00:00,0,Valorant Masters London 2026,https://www.vlr.gg/670472/g2-esports-vs-fut-esports-valorant-masters-london-2026-lr1
G2,Ascent,def,FUT,0,1,9,elim,2026-06-14 13:00:00,0,Valorant Masters London 2026,https://www.vlr.gg/670472/g2-esports-vs-fut-esports-valorant-masters-london-2026-lr1
G2,Ascent,def,FUT,1,0,10,defus,2026-06-14 13:00:00,0,Valorant Masters London 2026,https://www.vlr.gg/670472/g2-esports-vs-fut-esports-valorant-masters-london-2026-lr1
G2,Ascent,def,FUT,1,0,11,tim,2026-06-14 13:00:00,0,Valorant Masters London 2026,https://www.vlr.gg/670472/g2-esports-vs-fut-esports-valorant-masters-london-2026-lr1
G2,Ascent,def,FUT,0,1,12,elim,2026-06-14 13:00:00,0,Valorant Masters London 2026,https://www.vlr.gg/670472/g2-esports-vs-fut-esports-valorant-masters-london-2026-lr1
G2,Lotus,atk,FUT,0,1,1,elim,2026-06-14 13:00:00,1,Valorant Masters London 2026,https://www.vlr.gg/670472/g2-esports-vs-fut-esports-valorant-masters-london-2026-lr1
G2,Lotus,atk,FUT,0,1,2,elim,2026-06-14 13:00:00,1,Valorant Masters London 2026,https://www.vlr.gg/670472/g2-esports-vs-fut-esports-valorant-masters-london-2026-lr1
G2,Lotus,atk,FUT,1,0,3,elim,2026-06-14 13:00:00,1,Valorant Masters London 2026,https://www.vlr.gg/670472/g2-esports-vs-fut-esports-valorant-masters-london-2026-lr1
G2,Lotus,atk,FUT,1,0,4,elim,2026-06-14 13:00:00,1,Valorant Masters London 2026,https://www.vlr.gg/670472/g2-esports-vs-fut-esports-valorant-masters-london-2026-lr1
G2,Lotus,atk,FUT,1,0,5,elim,2026-06-14 13:00:00,1,Valorant Masters London 2026,https://www.vlr.gg/670472/g2-esports-vs-fut-esports-valorant-masters-london-2026-lr1
G2,Lotus,atk,FUT,1,0,6,elim,2026-06-14 13:00:00,1,Valorant Masters London 2026,https://www.vlr.gg/670472/g2-esports-vs-fut-esports-valorant-masters-london-2026-lr1
G2,Lotus,atk,FUT,0,1,7,defus,2026-06-14 13:00:00,1,Valorant Masters London 2026,https://www.vlr.gg/670472/g2-esports-vs-fut-esports-valorant-masters-london-2026-lr1
G2,Lotus,atk,FUT,1,0,8,elim,2026-06-14 13:00:00,1,Valorant Masters London 2026,https://www.vlr.gg/670472/g2-esports-vs-fut-esports-valorant-masters-london-2026-lr1
G2,Lotus,atk,FUT,0,1,9,defus,2026-06-14 13:00:00,1,Valorant Masters London 2026,https://www.vlr.gg/670472/g2-esports-vs-fut-esports-valorant-masters-london-2026-lr1
G2,Lotus,atk,FUT,1,0,10,elim,2026-06-14 13:00:00,1,Valorant Masters London 2026,https://www.vlr.gg/670472/g2-esports-vs-fut-esports-valorant-masters-london-2026-lr1
G2,Lotus,atk,FUT,1,0,11,boom,2026-06-14 13:00:00,1,Valorant Masters London 2026,https://www.vlr.gg/670472/g2-esports-vs-fut-esports-valorant-masters-london-2026-lr1
G2,Lotus,atk,FUT,0,1,12,defus,2026-06-14 13:00:00,1,Valorant Masters London 2026,https://www.vlr.gg/670472/g2-esports-vs-fut-esports-valorant-masters-london-2026-lr1
G2,Lotus,atk,FUT,0,1,25,defus,2026-06-14 13:00:00,1,Valorant Masters London 2026,https://www.vlr.gg/670472/g2-esports-vs-fut-esports-valorant-masters-london-2026-lr1
G2,Lotus,atk,FUT,0,1,27,defus,2026-06-14 13:00:00,1,Valorant Masters London 2026,https://www.vlr.gg/670472/g2-esports-vs-fut-esports-valorant-masters-london-2026-lr1
G2,Lotus,def,FUT,0,1,13,elim,2026-06-14 13:00:00,1,Valorant Masters London 2026,https://www.vlr.gg/670472/g2-esports-vs-fut-esports-valorant-masters-london-2026-lr1
G2,Lotus,def,FUT,1,0,14,defus,2026-06-14 13:00:00,1,Valorant Masters London 2026,https://www.vlr.gg/670472/g2-esports-vs-fut-esports-valorant-masters-london-2026-lr1
G2,Lotus,def,FUT,1,0,15,elim,2026-06-14 13:00:00,1,Valorant Masters London 2026,https://www.vlr.gg/670472/g2-esports-vs-fut-esports-valorant-masters-london-2026-lr1
G2,Lotus,def,FUT,0,1,16,elim,2026-06-14 13:00:00,1,Valorant Masters London 2026,https://www.vlr.gg/670472/g2-esports-vs-fut-esports-valorant-masters-london-2026-lr1
G2,Lotus,def,FUT,0,1,17,elim,2026-06-14 13:00:00,1,Valorant Masters London 2026,https://www.vlr.gg/670472/g2-esports-vs-fut-esports-valorant-masters-london-2026-lr1
G2,Lotus,def,FUT,0,1,18,elim,2026-06-14 13:00:00,1,Valorant Masters London 2026,https://www.vlr.gg/670472/g2-esports-vs-fut-esports-valorant-masters-london-2026-lr1
G2,Lotus,def,FUT,1,0,19,tim,2026-06-14 13:00:00,1,Valorant Masters London 2026,https://www.vlr.gg/670472/g2-esports-vs-fut-esports-valorant-masters-london-2026-lr1
G2,Lotus,def,FUT,0,1,20,elim,2026-06-14 13:00:00,1,Valorant Masters London 2026,https://www.vlr.gg/670472/g2-esports-vs-fut-esports-valorant-masters-london-2026-lr1
G2,Lotus,def,FUT,0,1,21,elim,2026-06-14 13:00:00,1,Valorant Masters London 2026,https://www.vlr.gg/670472/g2-esports-vs-fut-esports-valorant-masters-london-2026-lr1
G2,Lotus,def,FUT,1,0,22,defus,2026-06-14 13:00:00,1,Valorant Masters London 2026,https://www.vlr.gg/670472/g2-esports-vs-fut-esports-valorant-masters-london-2026-lr1
G2,Lotus,def,FUT,1,0,23,elim,2026-06-14 13:00:00,1,Valorant Masters London 2026,https://www.vlr.gg/670472/g2-esports-vs-fut-esports-valorant-masters-london-2026-lr1
G2,Lotus,def,FUT,0,1,24,elim,2026-06-14 13:00:00,1,Valorant Masters London 2026,https://www.vlr.gg/670472/g2-esports-vs-fut-esports-valorant-masters-london-2026-lr1
G2,Lotus,def,FUT,1,0,26,defus,2026-06-14 13:00:00,1,Valorant Masters London 2026,https://www.vlr.gg/670472/g2-esports-vs-fut-esports-valorant-masters-london-2026-lr1
G2,Lotus,def,FUT,0,1,28,elim,2026-06-14 13:00:00,1,Valorant Masters London 2026,https://www.vlr.gg/670472/g2-esports-vs-fut-esports-valorant-masters-london-2026-lr1
XLG,Lotus,atk,EDG,1,0,13,elim,2026-06-15 10:00:00,0,Valorant Masters London 2026,https://www.vlr.gg/670468/xi-lai-gaming-vs-edward-gaming-valorant-masters-london-2026-ubsf
XLG,Lotus,atk,EDG,1,0,14,elim,2026-06-15 10:00:00,0,Valorant Masters London 2026,https://www.vlr.gg/670468/xi-lai-gaming-vs-edward-gaming-valorant-masters-london-2026-ubsf
XLG,Lotus,atk,EDG,1,0,15,elim,2026-06-15 10:00:00,0,Valorant Masters London 2026,https://www.vlr.gg/670468/xi-lai-gaming-vs-edward-gaming-valorant-masters-london-2026-ubsf
XLG,Lotus,atk,EDG,1,0,16,elim,2026-06-15 10:00:00,0,Valorant Masters London 2026,https://www.vlr.gg/670468/xi-lai-gaming-vs-edward-gaming-valorant-masters-london-2026-ubsf
XLG,Lotus,atk,EDG,0,1,17,elim,2026-06-15 10:00:00,0,Valorant Masters London 2026,https://www.vlr.gg/670468/xi-lai-gaming-vs-edward-gaming-valorant-masters-london-2026-ubsf
XLG,Lotus,atk,EDG,0,1,18,defus,2026-06-15 10:00:00,0,Valorant Masters London 2026,https://www.vlr.gg/670468/xi-lai-gaming-vs-edward-gaming-valorant-masters-london-2026-ubsf
XLG,Lotus,atk,EDG,0,1,19,defus,2026-06-15 10:00:00,0,Valorant Masters London 2026,https://www.vlr.gg/670468/xi-lai-gaming-vs-edward-gaming-valorant-masters-london-2026-ubsf
XLG,Lotus,atk,EDG,1,0,20,boom,2026-06-15 10:00:00,0,Valorant Masters London 2026,https://www.vlr.gg/670468/xi-lai-gaming-vs-edward-gaming-valorant-masters-london-2026-ubsf
XLG,Lotus,atk,EDG,1,0,21,boom,2026-06-15 10:00:00,0,Valorant Masters London 2026,https://www.vlr.gg/670468/xi-lai-gaming-vs-edward-gaming-valorant-masters-london-2026-ubsf
XLG,Lotus,atk,EDG,0,1,22,defus,2026-06-15 10:00:00,0,Valorant Masters London 2026,https://www.vlr.gg/670468/xi-lai-gaming-vs-edward-gaming-valorant-masters-london-2026-ubsf
XLG,Lotus,atk,EDG,0,1,23,elim,2026-06-15 10:00:00,0,Valorant Masters London 2026,https://www.vlr.gg/670468/xi-lai-gaming-vs-edward-gaming-valorant-masters-london-2026-ubsf
XLG,Lotus,def,EDG,1,0,1,elim,2026-06-15 10:00:00,0,Valorant Masters London 2026,https://www.vlr.gg/670468/xi-lai-gaming-vs-edward-gaming-valorant-masters-london-2026-ubsf
XLG,Lotus,def,EDG,0,1,2,elim,2026-06-15 10:00:00,0,Valorant Masters London 2026,https://www.vlr.gg/670468/xi-lai-gaming-vs-edward-gaming-valorant-masters-london-2026-ubsf
XLG,Lotus,def,EDG,0,1,3,elim,2026-06-15 10:00:00,0,Valorant Masters London 2026,https://www.vlr.gg/670468/xi-lai-gaming-vs-edward-gaming-valorant-masters-london-2026-ubsf
XLG,Lotus,def,EDG,0,1,4,boom,2026-06-15 10:00:00,0,Valorant Masters London 2026,https://www.vlr.gg/670468/xi-lai-gaming-vs-edward-gaming-valorant-masters-london-2026-ubsf
XLG,Lotus,def,EDG,0,1,5,elim,2026-06-15 10:00:00,0,Valorant Masters London 2026,https://www.vlr.gg/670468/xi-lai-gaming-vs-edward-gaming-valorant-masters-london-2026-ubsf
XLG,Lotus,def,EDG,0,1,6,boom,2026-06-15 10:00:00,0,Valorant Masters London 2026,https://www.vlr.gg/670468/xi-lai-gaming-vs-edward-gaming-valorant-masters-london-2026-ubsf
XLG,Lotus,def,EDG,0,1,7,boom,2026-06-15 10:00:00,0,Valorant Masters London 2026,https://www.vlr.gg/670468/xi-lai-gaming-vs-edward-gaming-valorant-masters-london-2026-ubsf
XLG,Lotus,def,EDG,1,0,8,elim,2026-06-15 10:00:00,0,Valorant Masters London 2026,https://www.vlr.gg/670468/xi-lai-gaming-vs-edward-gaming-valorant-masters-london-2026-ubsf
XLG,Lotus,def,EDG,0,1,9,elim,2026-06-15 10:00:00,0,Valorant Masters London 2026,https://www.vlr.gg/670468/xi-lai-gaming-vs-edward-gaming-valorant-masters-london-2026-ubsf
XLG,Lotus,def,EDG,1,0,10,defus,2026-06-15 10:00:00,0,Valorant Masters London 2026,https://www.vlr.gg/670468/xi-lai-gaming-vs-edward-gaming-valorant-masters-london-2026-ubsf
XLG,Lotus,def,EDG,1,0,11,elim,2026-06-15 10:00:00,0,Valorant Masters London 2026,https://www.vlr.gg/670468/xi-lai-gaming-vs-edward-gaming-valorant-masters-london-2026-ubsf
XLG,Lotus,def,EDG,0,1,12,elim,2026-06-15 10:00:00,0,Valorant Masters London 2026,https://www.vlr.gg/670468/xi-lai-gaming-vs-edward-gaming-valorant-masters-london-2026-ubsf
XLG,Breeze,atk,EDG,1,0,1,elim,2026-06-15 10:00:00,1,Valorant Masters London 2026,https://www.vlr.gg/670468/xi-lai-gaming-vs-edward-gaming-valorant-masters-london-2026-ubsf
XLG,Breeze,atk,EDG,1,0,2,boom,2026-06-15 10:00:00,1,Valorant Masters London 2026,https://www.vlr.gg/670468/xi-lai-gaming-vs-edward-gaming-valorant-masters-london-2026-ubsf
XLG,Breeze,atk,EDG,0,1,3,elim,2026-06-15 10:00:00,1,Valorant Masters London 2026,https://www.vlr.gg/670468/xi-lai-gaming-vs-edward-gaming-valorant-masters-london-2026-ubsf
XLG,Breeze,atk,EDG,1,0,4,boom,2026-06-15 10:00:00,1,Valorant Masters London 2026,https://www.vlr.gg/670468/xi-lai-gaming-vs-edward-gaming-valorant-masters-london-2026-ubsf
XLG,Breeze,atk,EDG,0,1,5,defus,2026-06-15 10:00:00,1,Valorant Masters London 2026,https://www.vlr.gg/670468/xi-lai-gaming-vs-edward-gaming-valorant-masters-london-2026-ubsf
XLG,Breeze,atk,EDG,1,0,6,boom,2026-06-15 10:00:00,1,Valorant Masters London 2026,https://www.vlr.gg/670468/xi-lai-gaming-vs-edward-gaming-valorant-masters-london-2026-ubsf
XLG,Breeze,atk,EDG,0,1,7,defus,2026-06-15 10:00:00,1,Valorant Masters London 2026,https://www.vlr.gg/670468/xi-lai-gaming-vs-edward-gaming-valorant-masters-london-2026-ubsf
XLG,Breeze,atk,EDG,0,1,8,defus,2026-06-15 10:00:00,1,Valorant Masters London 2026,https://www.vlr.gg/670468/xi-lai-gaming-vs-edward-gaming-valorant-masters-london-2026-ubsf
XLG,Breeze,atk,EDG,0,1,9,defus,2026-06-15 10:00:00,1,Valorant Masters London 2026,https://www.vlr.gg/670468/xi-lai-gaming-vs-edward-gaming-valorant-masters-london-2026-ubsf
XLG,Breeze,atk,EDG,0,1,10,elim,2026-06-15 10:00:00,1,Valorant Masters London 2026,https://www.vlr.gg/670468/xi-lai-gaming-vs-edward-gaming-valorant-masters-london-2026-ubsf
XLG,Breeze,atk,EDG,0,1,11,elim,2026-06-15 10:00:00,1,Valorant Masters London 2026,https://www.vlr.gg/670468/xi-lai-gaming-vs-edward-gaming-valorant-masters-london-2026-ubsf
XLG,Breeze,atk,EDG,1,0,12,elim,2026-06-15 10:00:00,1,Valorant Masters London 2026,https://www.vlr.gg/670468/xi-lai-gaming-vs-edward-gaming-valorant-masters-london-2026-ubsf
XLG,Breeze,def,EDG,1,0,13,defus,2026-06-15 10:00:00,1,Valorant Masters London 2026,https://www.vlr.gg/670468/xi-lai-gaming-vs-edward-gaming-valorant-masters-london-2026-ubsf
XLG,Breeze,def,EDG,1,0,14,defus,2026-06-15 10:00:00,1,Valorant Masters London 2026,https://www.vlr.gg/670468/xi-lai-gaming-vs-edward-gaming-valorant-masters-london-2026-ubsf
XLG,Breeze,def,EDG,0,1,15,elim,2026-06-15 10:00:00,1,Valorant Masters London 2026,https://www.vlr.gg/670468/xi-lai-gaming-vs-edward-gaming-valorant-masters-london-2026-ubsf
XLG,Breeze,def,EDG,1,0,16,defus,2026-06-15 10:00:00,1,Valorant Masters London 2026,https://www.vlr.gg/670468/xi-lai-gaming-vs-edward-gaming-valorant-masters-london-2026-ubsf
XLG,Breeze,def,EDG,1,0,17,tim,2026-06-15 10:00:00,1,Valorant Masters London 2026,https://www.vlr.gg/670468/xi-lai-gaming-vs-edward-gaming-valorant-masters-london-2026-ubsf
XLG,Breeze,def,EDG,1,0,18,defus,2026-06-15 10:00:00,1,Valorant Masters London 2026,https://www.vlr.gg/670468/xi-lai-gaming-vs-edward-gaming-valorant-masters-london-2026-ubsf
XLG,Breeze,def,EDG,1,0,19,elim,2026-06-15 10:00:00,1,Valorant Masters London 2026,https://www.vlr.gg/670468/xi-lai-gaming-vs-edward-gaming-valorant-masters-london-2026-ubsf
XLG,Breeze,def,EDG,0,1,20,elim,2026-06-15 10:00:00,1,Valorant Masters London 2026,https://www.vlr.gg/670468/xi-lai-gaming-vs-edward-gaming-valorant-masters-london-2026-ubsf
XLG,Breeze,def,EDG,0,1,21,elim,2026-06-15 10:00:00,1,Valorant Masters London 2026,https://www.vlr.gg/670468/xi-lai-gaming-vs-edward-gaming-valorant-masters-london-2026-ubsf
XLG,Breeze,def,EDG,1,0,22,defus,2026-06-15 10:00:00,1,Valorant Masters London 2026,https://www.vlr.gg/670468/xi-lai-gaming-vs-edward-gaming-valorant-masters-london-2026-ubsf
XLG,Breeze,def,EDG,1,0,23,elim,2026-06-15 10:00:00,1,Valorant Masters London 2026,https://www.vlr.gg/670468/xi-lai-gaming-vs-edward-gaming-valorant-masters-london-2026-ubsf
XLG,Split,atk,EDG,0,1,13,defus,2026-06-15 10:00:00,2,Valorant Masters London 2026,https://www.vlr.gg/670468/xi-lai-gaming-vs-edward-gaming-valorant-masters-london-2026-ubsf
XLG,Split,atk,EDG,0,1,14,elim,2026-06-15 10:00:00,2,Valorant Masters London 2026,https://www.vlr.gg/670468/xi-lai-gaming-vs-edward-gaming-valorant-masters-london-2026-ubsf
XLG,Split,atk,EDG,0,1,15,elim,2026-06-15 10:00:00,2,Valorant Masters London 2026,https://www.vlr.gg/670468/xi-lai-gaming-vs-edward-gaming-valorant-masters-london-2026-ubsf
XLG,Split,atk,EDG,0,1,16,elim,2026-06-15 10:00:00,2,Valorant Masters London 2026,https://www.vlr.gg/670468/xi-lai-gaming-vs-edward-gaming-valorant-masters-london-2026-ubsf
XLG,Split,def,EDG,1,0,1,elim,2026-06-15 10:00:00,2,Valorant Masters London 2026,https://www.vlr.gg/670468/xi-lai-gaming-vs-edward-gaming-valorant-masters-london-2026-ubsf
XLG,Split,def,EDG,1,0,2,elim,2026-06-15 10:00:00,2,Valorant Masters London 2026,https://www.vlr.gg/670468/xi-lai-gaming-vs-edward-gaming-valorant-masters-london-2026-ubsf
XLG,Split,def,EDG,0,1,3,elim,2026-06-15 10:00:00,2,Valorant Masters London 2026,https://www.vlr.gg/670468/xi-lai-gaming-vs-edward-gaming-valorant-masters-london-2026-ubsf
XLG,Split,def,EDG,0,1,4,boom,2026-06-15 10:00:00,2,Valorant Masters London 2026,https://www.vlr.gg/670468/xi-lai-gaming-vs-edward-gaming-valorant-masters-london-2026-ubsf
XLG,Split,def,EDG,0,1,5,elim,2026-06-15 10:00:00,2,Valorant Masters London 2026,https://www.vlr.gg/670468/xi-lai-gaming-vs-edward-gaming-valorant-masters-london-2026-ubsf
XLG,Split,def,EDG,0,1,6,boom,2026-06-15 10:00:00,2,Valorant Masters London 2026,https://www.vlr.gg/670468/xi-lai-gaming-vs-edward-gaming-valorant-masters-london-2026-ubsf
XLG,Split,def,EDG,0,1,7,boom,2026-06-15 10:00:00,2,Valorant Masters London 2026,https://www.vlr.gg/670468/xi-lai-gaming-vs-edward-gaming-valorant-masters-london-2026-ubsf
XLG,Split,def,EDG,0,1,8,elim,2026-06-15 10:00:00,2,Valorant Masters London 2026,https://www.vlr.gg/670468/xi-lai-gaming-vs-edward-gaming-valorant-masters-london-2026-ubsf
XLG,Split,def,EDG,1,0,9,elim,2026-06-15 10:00:00,2,Valorant Masters London 2026,https://www.vlr.gg/670468/xi-lai-gaming-vs-edward-gaming-valorant-masters-london-2026-ubsf
XLG,Split,def,EDG,0,1,10,elim,2026-06-15 10:00:00,2,Valorant Masters London 2026,https://www.vlr.gg/670468/xi-lai-gaming-vs-edward-gaming-valorant-masters-london-2026-ubsf
XLG,Split,def,EDG,0,1,11,elim,2026-06-15 10:00:00,2,Valorant Masters London 2026,https://www.vlr.gg/670468/xi-lai-gaming-vs-edward-gaming-valorant-masters-london-2026-ubsf
XLG,Split,def,EDG,0,1,12,elim,2026-06-15 10:00:00,2,Valorant Masters London 2026,https://www.vlr.gg/670468/xi-lai-gaming-vs-edward-gaming-valorant-masters-london-2026-ubsf
PRX,Breeze,atk,VIT,1,0,13,elim,2026-06-15 13:15:00,0,Valorant Masters London 2026,https://www.vlr.gg/670469/paper-rex-vs-team-vitality-valorant-masters-london-2026-ubsf
PRX,Breeze,atk,VIT,1,0,14,elim,2026-06-15 13:15:00,0,Valorant Masters London 2026,https://www.vlr.gg/670469/paper-rex-vs-team-vitality-valorant-masters-london-2026-ubsf
PRX,Breeze,atk,VIT,1,0,15,elim,2026-06-15 13:15:00,0,Valorant Masters London 2026,https://www.vlr.gg/670469/paper-rex-vs-team-vitality-valorant-masters-london-2026-ubsf
PRX,Breeze,atk,VIT,1,0,16,elim,2026-06-15 13:15:00,0,Valorant Masters London 2026,https://www.vlr.gg/670469/paper-rex-vs-team-vitality-valorant-masters-london-2026-ubsf
PRX,Breeze,def,VIT,1,0,1,elim,2026-06-15 13:15:00,0,Valorant Masters London 2026,https://www.vlr.gg/670469/paper-rex-vs-team-vitality-valorant-masters-london-2026-ubsf
PRX,Breeze,def,VIT,1,0,2,elim,2026-06-15 13:15:00,0,Valorant Masters London 2026,https://www.vlr.gg/670469/paper-rex-vs-team-vitality-valorant-masters-london-2026-ubsf
PRX,Breeze,def,VIT,0,1,3,elim,2026-06-15 13:15:00,0,Valorant Masters London 2026,https://www.vlr.gg/670469/paper-rex-vs-team-vitality-valorant-masters-london-2026-ubsf
PRX,Breeze,def,VIT,1,0,4,elim,2026-06-15 13:15:00,0,Valorant Masters London 2026,https://www.vlr.gg/670469/paper-rex-vs-team-vitality-valorant-masters-london-2026-ubsf
PRX,Breeze,def,VIT,1,0,5,defus,2026-06-15 13:15:00,0,Valorant Masters London 2026,https://www.vlr.gg/670469/paper-rex-vs-team-vitality-valorant-masters-london-2026-ubsf
PRX,Breeze,def,VIT,1,0,6,elim,2026-06-15 13:15:00,0,Valorant Masters London 2026,https://www.vlr.gg/670469/paper-rex-vs-team-vitality-valorant-masters-london-2026-ubsf
PRX,Breeze,def,VIT,1,0,7,defus,2026-06-15 13:15:00,0,Valorant Masters London 2026,https://www.vlr.gg/670469/paper-rex-vs-team-vitality-valorant-masters-london-2026-ubsf
PRX,Breeze,def,VIT,1,0,8,defus,2026-06-15 13:15:00,0,Valorant Masters London 2026,https://www.vlr.gg/670469/paper-rex-vs-team-vitality-valorant-masters-london-2026-ubsf
PRX,Breeze,def,VIT,1,0,9,elim,2026-06-15 13:15:00,0,Valorant Masters London 2026,https://www.vlr.gg/670469/paper-rex-vs-team-vitality-valorant-masters-london-2026-ubsf
PRX,Breeze,def,VIT,0,1,10,elim,2026-06-15 13:15:00,0,Valorant Masters London 2026,https://www.vlr.gg/670469/paper-rex-vs-team-vitality-valorant-masters-london-2026-ubsf
PRX,Breeze,def,VIT,0,1,11,elim,2026-06-15 13:15:00,0,Valorant Masters London 2026,https://www.vlr.gg/670469/paper-rex-vs-team-vitality-valorant-masters-london-2026-ubsf
PRX,Breeze,def,VIT,1,0,12,defus,2026-06-15 13:15:00,0,Valorant Masters London 2026,https://www.vlr.gg/670469/paper-rex-vs-team-vitality-valorant-masters-london-2026-ubsf
PRX,Split,atk,VIT,0,1,13,defus,2026-06-15 13:15:00,1,Valorant Masters London 2026,https://www.vlr.gg/670469/paper-rex-vs-team-vitality-valorant-masters-london-2026-ubsf
PRX,Split,atk,VIT,0,1,14,elim,2026-06-15 13:15:00,1,Valorant Masters London 2026,https://www.vlr.gg/670469/paper-rex-vs-team-vitality-valorant-masters-london-2026-ubsf
PRX,Split,atk,VIT,1,0,15,elim,2026-06-15 13:15:00,1,Valorant Masters London 2026,https://www.vlr.gg/670469/paper-rex-vs-team-vitality-valorant-masters-london-2026-ubsf
PRX,Split,atk,VIT,0,1,16,tim,2026-06-15 13:15:00,1,Valorant Masters London 2026,https://www.vlr.gg/670469/paper-rex-vs-team-vitality-valorant-masters-london-2026-ubsf
PRX,Split,atk,VIT,0,1,17,defus,2026-06-15 13:15:00,1,Valorant Masters London 2026,https://www.vlr.gg/670469/paper-rex-vs-team-vitality-valorant-masters-london-2026-ubsf
PRX,Split,atk,VIT,1,0,18,elim,2026-06-15 13:15:00,1,Valorant Masters London 2026,https://www.vlr.gg/670469/paper-rex-vs-team-vitality-valorant-masters-london-2026-ubsf
PRX,Split,atk,VIT,0,1,19,defus,2026-06-15 13:15:00,1,Valorant Masters London 2026,https://www.vlr.gg/670469/paper-rex-vs-team-vitality-valorant-masters-london-2026-ubsf
PRX,Split,def,VIT,1,0,1,defus,2026-06-15 13:15:00,1,Valorant Masters London 2026,https://www.vlr.gg/670469/paper-rex-vs-team-vitality-valorant-masters-london-2026-ubsf
PRX,Split,def,VIT,1,0,2,elim,2026-06-15 13:15:00,1,Valorant Masters London 2026,https://www.vlr.gg/670469/paper-rex-vs-team-vitality-valorant-masters-london-2026-ubsf
PRX,Split,def,VIT,0,1,3,elim,2026-06-15 13:15:00,1,Valorant Masters London 2026,https://www.vlr.gg/670469/paper-rex-vs-team-vitality-valorant-masters-london-2026-ubsf
PRX,Split,def,VIT,0,1,4,elim,2026-06-15 13:15:00,1,Valorant Masters London 2026,https://www.vlr.gg/670469/paper-rex-vs-team-vitality-valorant-masters-london-2026-ubsf
PRX,Split,def,VIT,0,1,5,elim,2026-06-15 13:15:00,1,Valorant Masters London 2026,https://www.vlr.gg/670469/paper-rex-vs-team-vitality-valorant-masters-london-2026-ubsf
PRX,Split,def,VIT,1,0,6,elim,2026-06-15 13:15:00,1,Valorant Masters London 2026,https://www.vlr.gg/670469/paper-rex-vs-team-vitality-valorant-masters-london-2026-ubsf
PRX,Split,def,VIT,0,1,7,boom,2026-06-15 13:15:00,1,Valorant Masters London 2026,https://www.vlr.gg/670469/paper-rex-vs-team-vitality-valorant-masters-london-2026-ubsf
PRX,Split,def,VIT,0,1,8,elim,2026-06-15 13:15:00,1,Valorant Masters London 2026,https://www.vlr.gg/670469/paper-rex-vs-team-vitality-valorant-masters-london-2026-ubsf
PRX,Split,def,VIT,0,1,9,elim,2026-06-15 13:15:00,1,Valorant Masters London 2026,https://www.vlr.gg/670469/paper-rex-vs-team-vitality-valorant-masters-london-2026-ubsf
PRX,Split,def,VIT,0,1,10,boom,2026-06-15 13:15:00,1,Valorant Masters London 2026,https://www.vlr.gg/670469/paper-rex-vs-team-vitality-valorant-masters-london-2026-ubsf
PRX,Split,def,VIT,0,1,11,elim,2026-06-15 13:15:00,1,Valorant Masters London 2026,https://www.vlr.gg/670469/paper-rex-vs-team-vitality-valorant-masters-london-2026-ubsf
PRX,Split,def,VIT,1,0,12,defus,2026-06-15 13:15:00,1,Valorant Masters London 2026,https://www.vlr.gg/670469/paper-rex-vs-team-vitality-valorant-masters-london-2026-ubsf
PRX,Fracture,atk,VIT,1,0,13,elim,2026-06-15 13:15:00,2,Valorant Masters London 2026,https://www.vlr.gg/670469/paper-rex-vs-team-vitality-valorant-masters-london-2026-ubsf
PRX,Fracture,atk,VIT,0,1,14,defus,2026-06-15 13:15:00,2,Valorant Masters London 2026,https://www.vlr.gg/670469/paper-rex-vs-team-vitality-valorant-masters-london-2026-ubsf
PRX,Fracture,atk,VIT,1,0,15,elim,2026-06-15 13:15:00,2,Valorant Masters London 2026,https://www.vlr.gg/670469/paper-rex-vs-team-vitality-valorant-masters-london-2026-ubsf
PRX,Fracture,atk,VIT,1,0,16,elim,2026-06-15 13:15:00,2,Valorant Masters London 2026,https://www.vlr.gg/670469/paper-rex-vs-team-vitality-valorant-masters-london-2026-ubsf
PRX,Fracture,atk,VIT,1,0,17,elim,2026-06-15 13:15:00,2,Valorant Masters London 2026,https://www.vlr.gg/670469/paper-rex-vs-team-vitality-valorant-masters-london-2026-ubsf
PRX,Fracture,atk,VIT,0,1,18,elim,2026-06-15 13:15:00,2,Valorant Masters London 2026,https://www.vlr.gg/670469/paper-rex-vs-team-vitality-valorant-masters-london-2026-ubsf
PRX,Fracture,atk,VIT,1,0,19,elim,2026-06-15 13:15:00,2,Valorant Masters London 2026,https://www.vlr.gg/670469/paper-rex-vs-team-vitality-valorant-masters-london-2026-ubsf
PRX,Fracture,def,VIT,0,1,1,elim,2026-06-15 13:15:00,2,Valorant Masters London 2026,https://www.vlr.gg/670469/paper-rex-vs-team-vitality-valorant-masters-london-2026-ubsf
PRX,Fracture,def,VIT,0,1,2,boom,2026-06-15 13:15:00,2,Valorant Masters London 2026,https://www.vlr.gg/670469/paper-rex-vs-team-vitality-valorant-masters-london-2026-ubsf
PRX,Fracture,def,VIT,1,0,3,defus,2026-06-15 13:15:00,2,Valorant Masters London 2026,https://www.vlr.gg/670469/paper-rex-vs-team-vitality-valorant-masters-london-2026-ubsf
PRX,Fracture,def,VIT,1,0,4,tim,2026-06-15 13:15:00,2,Valorant Masters London 2026,https://www.vlr.gg/670469/paper-rex-vs-team-vitality-valorant-masters-london-2026-ubsf
PRX,Fracture,def,VIT,1,0,5,elim,2026-06-15 13:15:00,2,Valorant Masters London 2026,https://www.vlr.gg/670469/paper-rex-vs-team-vitality-valorant-masters-london-2026-ubsf
PRX,Fracture,def,VIT,0,1,6,boom,2026-06-15 13:15:00,2,Valorant Masters London 2026,https://www.vlr.gg/670469/paper-rex-vs-team-vitality-valorant-masters-london-2026-ubsf
PRX,Fracture,def,VIT,1,0,7,elim,2026-06-15 13:15:00,2,Valorant Masters London 2026,https://www.vlr.gg/670469/paper-rex-vs-team-vitality-valorant-masters-london-2026-ubsf
PRX,Fracture,def,VIT,1,0,8,defus,2026-06-15 13:15:00,2,Valorant Masters London 2026,https://www.vlr.gg/670469/paper-rex-vs-team-vitality-valorant-masters-london-2026-ubsf
PRX,Fracture,def,VIT,1,0,9,elim,2026-06-15 13:15:00,2,Valorant Masters London 2026,https://www.vlr.gg/670469/paper-rex-vs-team-vitality-valorant-masters-london-2026-ubsf
PRX,Fracture,def,VIT,0,1,10,boom,2026-06-15 13:15:00,2,Valorant Masters London 2026,https://www.vlr.gg/670469/paper-rex-vs-team-vitality-valorant-masters-london-2026-ubsf
PRX,Fracture,def,VIT,1,0,11,defus,2026-06-15 13:15:00,2,Valorant Masters London 2026,https://www.vlr.gg/670469/paper-rex-vs-team-vitality-valorant-masters-london-2026-ubsf
PRX,Fracture,def,VIT,1,0,12,elim,2026-06-15 13:15:00,2,Valorant Masters London 2026,https://www.vlr.gg/670469/paper-rex-vs-team-vitality-valorant-masters-london-2026-ubsf
XLG,Haven,atk,LEV,1,0,1,elim,2026-06-16 10:00:00,0,Valorant Masters London 2026,https://www.vlr.gg/670475/xi-lai-gaming-vs-leviat-n-valorant-masters-london-2026-lr2
XLG,Haven,atk,LEV,1,0,2,elim,2026-06-16 10:00:00,0,Valorant Masters London 2026,https://www.vlr.gg/670475/xi-lai-gaming-vs-leviat-n-valorant-masters-london-2026-lr2
XLG,Haven,atk,LEV,0,1,3,elim,2026-06-16 10:00:00,0,Valorant Masters London 2026,https://www.vlr.gg/670475/xi-lai-gaming-vs-leviat-n-valorant-masters-london-2026-lr2
XLG,Haven,atk,LEV,0,1,4,defus,2026-06-16 10:00:00,0,Valorant Masters London 2026,https://www.vlr.gg/670475/xi-lai-gaming-vs-leviat-n-valorant-masters-london-2026-lr2
XLG,Haven,atk,LEV,0,1,5,elim,2026-06-16 10:00:00,0,Valorant Masters London 2026,https://www.vlr.gg/670475/xi-lai-gaming-vs-leviat-n-valorant-masters-london-2026-lr2
XLG,Haven,atk,LEV,0,1,6,defus,2026-06-16 10:00:00,0,Valorant Masters London 2026,https://www.vlr.gg/670475/xi-lai-gaming-vs-leviat-n-valorant-masters-london-2026-lr2
XLG,Haven,atk,LEV,0,1,7,defus,2026-06-16 10:00:00,0,Valorant Masters London 2026,https://www.vlr.gg/670475/xi-lai-gaming-vs-leviat-n-valorant-masters-london-2026-lr2
XLG,Haven,atk,LEV,1,0,8,boom,2026-06-16 10:00:00,0,Valorant Masters London 2026,https://www.vlr.gg/670475/xi-lai-gaming-vs-leviat-n-valorant-masters-london-2026-lr2
XLG,Haven,atk,LEV,1,0,9,boom,2026-06-16 10:00:00,0,Valorant Masters London 2026,https://www.vlr.gg/670475/xi-lai-gaming-vs-leviat-n-valorant-masters-london-2026-lr2
XLG,Haven,atk,LEV,0,1,10,elim,2026-06-16 10:00:00,0,Valorant Masters London 2026,https://www.vlr.gg/670475/xi-lai-gaming-vs-leviat-n-valorant-masters-london-2026-lr2
XLG,Haven,atk,LEV,0,1,11,defus,2026-06-16 10:00:00,0,Valorant Masters London 2026,https://www.vlr.gg/670475/xi-lai-gaming-vs-leviat-n-valorant-masters-london-2026-lr2
XLG,Haven,atk,LEV,0,1,12,elim,2026-06-16 10:00:00,0,Valorant Masters London 2026,https://www.vlr.gg/670475/xi-lai-gaming-vs-leviat-n-valorant-masters-london-2026-lr2
XLG,Haven,def,LEV,1,0,13,elim,2026-06-16 10:00:00,0,Valorant Masters London 2026,https://www.vlr.gg/670475/xi-lai-gaming-vs-leviat-n-valorant-masters-london-2026-lr2
XLG,Haven,def,LEV,1,0,14,defus,2026-06-16 10:00:00,0,Valorant Masters London 2026,https://www.vlr.gg/670475/xi-lai-gaming-vs-leviat-n-valorant-masters-london-2026-lr2
XLG,Haven,def,LEV,0,1,15,elim,2026-06-16 10:00:00,0,Valorant Masters London 2026,https://www.vlr.gg/670475/xi-lai-gaming-vs-leviat-n-valorant-masters-london-2026-lr2
XLG,Haven,def,LEV,0,1,16,boom,2026-06-16 10:00:00,0,Valorant Masters London 2026,https://www.vlr.gg/670475/xi-lai-gaming-vs-leviat-n-valorant-masters-london-2026-lr2
XLG,Haven,def,LEV,0,1,17,boom,2026-06-16 10:00:00,0,Valorant Masters London 2026,https://www.vlr.gg/670475/xi-lai-gaming-vs-leviat-n-valorant-masters-london-2026-lr2
XLG,Haven,def,LEV,1,0,18,tim,2026-06-16 10:00:00,0,Valorant Masters London 2026,https://www.vlr.gg/670475/xi-lai-gaming-vs-leviat-n-valorant-masters-london-2026-lr2
XLG,Haven,def,LEV,0,1,19,elim,2026-06-16 10:00:00,0,Valorant Masters London 2026,https://www.vlr.gg/670475/xi-lai-gaming-vs-leviat-n-valorant-masters-london-2026-lr2
XLG,Haven,def,LEV,0,1,20,elim,2026-06-16 10:00:00,0,Valorant Masters London 2026,https://www.vlr.gg/670475/xi-lai-gaming-vs-leviat-n-valorant-masters-london-2026-lr2
XLG,Lotus,atk,LEV,0,1,13,defus,2026-06-16 10:00:00,1,Valorant Masters London 2026,https://www.vlr.gg/670475/xi-lai-gaming-vs-leviat-n-valorant-masters-london-2026-lr2
XLG,Lotus,atk,LEV,1,0,14,boom,2026-06-16 10:00:00,1,Valorant Masters London 2026,https://www.vlr.gg/670475/xi-lai-gaming-vs-leviat-n-valorant-masters-london-2026-lr2
XLG,Lotus,atk,LEV,1,0,15,boom,2026-06-16 10:00:00,1,Valorant Masters London 2026,https://www.vlr.gg/670475/xi-lai-gaming-vs-leviat-n-valorant-masters-london-2026-lr2
XLG,Lotus,atk,LEV,0,1,16,defus,2026-06-16 10:00:00,1,Valorant Masters London 2026,https://www.vlr.gg/670475/xi-lai-gaming-vs-leviat-n-valorant-masters-london-2026-lr2
XLG,Lotus,def,LEV,0,1,1,elim,2026-06-16 10:00:00,1,Valorant Masters London 2026,https://www.vlr.gg/670475/xi-lai-gaming-vs-leviat-n-valorant-masters-london-2026-lr2
XLG,Lotus,def,LEV,0,1,2,elim,2026-06-16 10:00:00,1,Valorant Masters London 2026,https://www.vlr.gg/670475/xi-lai-gaming-vs-leviat-n-valorant-masters-london-2026-lr2
XLG,Lotus,def,LEV,0,1,3,elim,2026-06-16 10:00:00,1,Valorant Masters London 2026,https://www.vlr.gg/670475/xi-lai-gaming-vs-leviat-n-valorant-masters-london-2026-lr2
XLG,Lotus,def,LEV,0,1,4,elim,2026-06-16 10:00:00,1,Valorant Masters London 2026,https://www.vlr.gg/670475/xi-lai-gaming-vs-leviat-n-valorant-masters-london-2026-lr2
XLG,Lotus,def,LEV,0,1,5,boom,2026-06-16 10:00:00,1,Valorant Masters London 2026,https://www.vlr.gg/670475/xi-lai-gaming-vs-leviat-n-valorant-masters-london-2026-lr2
XLG,Lotus,def,LEV,0,1,6,elim,2026-06-16 10:00:00,1,Valorant Masters London 2026,https://www.vlr.gg/670475/xi-lai-gaming-vs-leviat-n-valorant-masters-london-2026-lr2
XLG,Lotus,def,LEV,0,1,7,elim,2026-06-16 10:00:00,1,Valorant Masters London 2026,https://www.vlr.gg/670475/xi-lai-gaming-vs-leviat-n-valorant-masters-london-2026-lr2
XLG,Lotus,def,LEV,0,1,8,elim,2026-06-16 10:00:00,1,Valorant Masters London 2026,https://www.vlr.gg/670475/xi-lai-gaming-vs-leviat-n-valorant-masters-london-2026-lr2
XLG,Lotus,def,LEV,0,1,9,elim,2026-06-16 10:00:00,1,Valorant Masters London 2026,https://www.vlr.gg/670475/xi-lai-gaming-vs-leviat-n-valorant-masters-london-2026-lr2
XLG,Lotus,def,LEV,0,1,10,elim,2026-06-16 10:00:00,1,Valorant Masters London 2026,https://www.vlr.gg/670475/xi-lai-gaming-vs-leviat-n-valorant-masters-london-2026-lr2
XLG,Lotus,def,LEV,1,0,11,defus,2026-06-16 10:00:00,1,Valorant Masters London 2026,https://www.vlr.gg/670475/xi-lai-gaming-vs-leviat-n-valorant-masters-london-2026-lr2
XLG,Lotus,def,LEV,0,1,12,elim,2026-06-16 10:00:00,1,Valorant Masters London 2026,https://www.vlr.gg/670475/xi-lai-gaming-vs-leviat-n-valorant-masters-london-2026-lr2
VIT,Lotus,atk,FUT,0,1,1,elim,2026-06-16 12:05:00,0,Valorant Masters London 2026,https://www.vlr.gg/670474/team-vitality-vs-fut-esports-valorant-masters-london-2026-lr2
VIT,Lotus,atk,FUT,0,1,2,elim,2026-06-16 12:05:00,0,Valorant Masters London 2026,https://www.vlr.gg/670474/team-vitality-vs-fut-esports-valorant-masters-london-2026-lr2
VIT,Lotus,atk,FUT,1,0,3,elim,2026-06-16 12:05:00,0,Valorant Masters London 2026,https://www.vlr.gg/670474/team-vitality-vs-fut-esports-valorant-masters-london-2026-lr2
VIT,Lotus,atk,FUT,0,1,4,tim,2026-06-16 12:05:00,0,Valorant Masters London 2026,https://www.vlr.gg/670474/team-vitality-vs-fut-esports-valorant-masters-london-2026-lr2
VIT,Lotus,atk,FUT,1,0,5,boom,2026-06-16 12:05:00,0,Valorant Masters London 2026,https://www.vlr.gg/670474/team-vitality-vs-fut-esports-valorant-masters-london-2026-lr2
VIT,Lotus,atk,FUT,1,0,6,elim,2026-06-16 12:05:00,0,Valorant Masters London 2026,https://www.vlr.gg/670474/team-vitality-vs-fut-esports-valorant-masters-london-2026-lr2
VIT,Lotus,atk,FUT,1,0,7,elim,2026-06-16 12:05:00,0,Valorant Masters London 2026,https://www.vlr.gg/670474/team-vitality-vs-fut-esports-valorant-masters-london-2026-lr2
VIT,Lotus,atk,FUT,0,1,8,elim,2026-06-16 12:05:00,0,Valorant Masters London 2026,https://www.vlr.gg/670474/team-vitality-vs-fut-esports-valorant-masters-london-2026-lr2
VIT,Lotus,atk,FUT,0,1,9,defus,2026-06-16 12:05:00,0,Valorant Masters London 2026,https://www.vlr.gg/670474/team-vitality-vs-fut-esports-valorant-masters-london-2026-lr2
VIT,Lotus,atk,FUT,1,0,10,elim,2026-06-16 12:05:00,0,Valorant Masters London 2026,https://www.vlr.gg/670474/team-vitality-vs-fut-esports-valorant-masters-london-2026-lr2
VIT,Lotus,atk,FUT,1,0,11,elim,2026-06-16 12:05:00,0,Valorant Masters London 2026,https://www.vlr.gg/670474/team-vitality-vs-fut-esports-valorant-masters-london-2026-lr2
VIT,Lotus,atk,FUT,1,0,12,elim,2026-06-16 12:05:00,0,Valorant Masters London 2026,https://www.vlr.gg/670474/team-vitality-vs-fut-esports-valorant-masters-london-2026-lr2
VIT,Lotus,def,FUT,1,0,13,defus,2026-06-16 12:05:00,0,Valorant Masters London 2026,https://www.vlr.gg/670474/team-vitality-vs-fut-esports-valorant-masters-london-2026-lr2
VIT,Lotus,def,FUT,1,0,14,defus,2026-06-16 12:05:00,0,Valorant Masters London 2026,https://www.vlr.gg/670474/team-vitality-vs-fut-esports-valorant-masters-london-2026-lr2
VIT,Lotus,def,FUT,0,1,15,elim,2026-06-16 12:05:00,0,Valorant Masters London 2026,https://www.vlr.gg/670474/team-vitality-vs-fut-esports-valorant-masters-london-2026-lr2
VIT,Lotus,def,FUT,1,0,16,defus,2026-06-16 12:05:00,0,Valorant Masters London 2026,https://www.vlr.gg/670474/team-vitality-vs-fut-esports-valorant-masters-london-2026-lr2
VIT,Lotus,def,FUT,1,0,17,defus,2026-06-16 12:05:00,0,Valorant Masters London 2026,https://www.vlr.gg/670474/team-vitality-vs-fut-esports-valorant-masters-london-2026-lr2
VIT,Lotus,def,FUT,0,1,18,elim,2026-06-16 12:05:00,0,Valorant Masters London 2026,https://www.vlr.gg/670474/team-vitality-vs-fut-esports-valorant-masters-london-2026-lr2
VIT,Lotus,def,FUT,1,0,19,defus,2026-06-16 12:05:00,0,Valorant Masters London 2026,https://www.vlr.gg/670474/team-vitality-vs-fut-esports-valorant-masters-london-2026-lr2
VIT,Lotus,def,FUT,1,0,20,defus,2026-06-16 12:05:00,0,Valorant Masters London 2026,https://www.vlr.gg/670474/team-vitality-vs-fut-esports-valorant-masters-london-2026-lr2
VIT,Ascent,atk,FUT,1,0,13,elim,2026-06-16 12:05:00,1,Valorant Masters London 2026,https://www.vlr.gg/670474/team-vitality-vs-fut-esports-valorant-masters-london-2026-lr2
VIT,Ascent,atk,FUT,1,0,14,elim,2026-06-16 12:05:00,1,Valorant Masters London 2026,https://www.vlr.gg/670474/team-vitality-vs-fut-esports-valorant-masters-london-2026-lr2
VIT,Ascent,atk,FUT,1,0,15,elim,2026-06-16 12:05:00,1,Valorant Masters London 2026,https://www.vlr.gg/670474/team-vitality-vs-fut-esports-valorant-masters-london-2026-lr2
VIT,Ascent,def,FUT,1,0,1,defus,2026-06-16 12:05:00,1,Valorant Masters London 2026,https://www.vlr.gg/670474/team-vitality-vs-fut-esports-valorant-masters-london-2026-lr2
VIT,Ascent,def,FUT,1,0,2,elim,2026-06-16 12:05:00,1,Valorant Masters London 2026,https://www.vlr.gg/670474/team-vitality-vs-fut-esports-valorant-masters-london-2026-lr2
VIT,Ascent,def,FUT,1,0,3,elim,2026-06-16 12:05:00,1,Valorant Masters London 2026,https://www.vlr.gg/670474/team-vitality-vs-fut-esports-valorant-masters-london-2026-lr2
VIT,Ascent,def,FUT,1,0,4,elim,2026-06-16 12:05:00,1,Valorant Masters London 2026,https://www.vlr.gg/670474/team-vitality-vs-fut-esports-valorant-masters-london-2026-lr2
VIT,Ascent,def,FUT,1,0,5,tim,2026-06-16 12:05:00,1,Valorant Masters London 2026,https://www.vlr.gg/670474/team-vitality-vs-fut-esports-valorant-masters-london-2026-lr2
VIT,Ascent,def,FUT,0,1,6,boom,2026-06-16 12:05:00,1,Valorant Masters London 2026,https://www.vlr.gg/670474/team-vitality-vs-fut-esports-valorant-masters-london-2026-lr2
VIT,Ascent,def,FUT,0,1,7,elim,2026-06-16 12:05:00,1,Valorant Masters London 2026,https://www.vlr.gg/670474/team-vitality-vs-fut-esports-valorant-masters-london-2026-lr2
VIT,Ascent,def,FUT,1,0,8,elim,2026-06-16 12:05:00,1,Valorant Masters London 2026,https://www.vlr.gg/670474/team-vitality-vs-fut-esports-valorant-masters-london-2026-lr2
VIT,Ascent,def,FUT,1,0,9,elim,2026-06-16 12:05:00,1,Valorant Masters London 2026,https://www.vlr.gg/670474/team-vitality-vs-fut-esports-valorant-masters-london-2026-lr2
VIT,Ascent,def,FUT,1,0,10,elim,2026-06-16 12:05:00,1,Valorant Masters London 2026,https://www.vlr.gg/670474/team-vitality-vs-fut-esports-valorant-masters-london-2026-lr2
VIT,Ascent,def,FUT,1,0,11,elim,2026-06-16 12:05:00,1,Valorant Masters London 2026,https://www.vlr.gg/670474/team-vitality-vs-fut-esports-valorant-masters-london-2026-lr2
VIT,Ascent,def,FUT,1,0,12,defus,2026-06-16 12:05:00,1,Valorant Masters London 2026,https://www.vlr.gg/670474/team-vitality-vs-fut-esports-valorant-masters-london-2026-lr2
EDG,Breeze,atk,PRX,0,1,1,elim,2026-06-19 09:00:00,0,Valorant Masters London 2026,https://www.vlr.gg/670470/edward-gaming-vs-paper-rex-valorant-masters-london-2026-ubf
EDG,Breeze,atk,PRX,0,1,2,elim,2026-06-19 09:00:00,0,Valorant Masters London 2026,https://www.vlr.gg/670470/edward-gaming-vs-paper-rex-valorant-masters-london-2026-ubf
EDG,Breeze,atk,PRX,1,0,3,elim,2026-06-19 09:00:00,0,Valorant Masters London 2026,https://www.vlr.gg/670470/edward-gaming-vs-paper-rex-valorant-masters-london-2026-ubf
EDG,Breeze,atk,PRX,1,0,4,boom,2026-06-19 09:00:00,0,Valorant Masters London 2026,https://www.vlr.gg/670470/edward-gaming-vs-paper-rex-valorant-masters-london-2026-ubf
EDG,Breeze,atk,PRX,0,1,5,elim,2026-06-19 09:00:00,0,Valorant Masters London 2026,https://www.vlr.gg/670470/edward-gaming-vs-paper-rex-valorant-masters-london-2026-ubf
EDG,Breeze,atk,PRX,1,0,6,elim,2026-06-19 09:00:00,0,Valorant Masters London 2026,https://www.vlr.gg/670470/edward-gaming-vs-paper-rex-valorant-masters-london-2026-ubf
EDG,Breeze,atk,PRX,1,0,7,elim,2026-06-19 09:00:00,0,Valorant Masters London 2026,https://www.vlr.gg/670470/edward-gaming-vs-paper-rex-valorant-masters-london-2026-ubf
EDG,Breeze,atk,PRX,1,0,8,elim,2026-06-19 09:00:00,0,Valorant Masters London 2026,https://www.vlr.gg/670470/edward-gaming-vs-paper-rex-valorant-masters-london-2026-ubf
EDG,Breeze,atk,PRX,1,0,9,boom,2026-06-19 09:00:00,0,Valorant Masters London 2026,https://www.vlr.gg/670470/edward-gaming-vs-paper-rex-valorant-masters-london-2026-ubf
EDG,Breeze,atk,PRX,1,0,10,elim,2026-06-19 09:00:00,0,Valorant Masters London 2026,https://www.vlr.gg/670470/edward-gaming-vs-paper-rex-valorant-masters-london-2026-ubf
EDG,Breeze,atk,PRX,0,1,11,defus,2026-06-19 09:00:00,0,Valorant Masters London 2026,https://www.vlr.gg/670470/edward-gaming-vs-paper-rex-valorant-masters-london-2026-ubf
EDG,Breeze,atk,PRX,0,1,12,elim,2026-06-19 09:00:00,0,Valorant Masters London 2026,https://www.vlr.gg/670470/edward-gaming-vs-paper-rex-valorant-masters-london-2026-ubf
EDG,Breeze,atk,PRX,0,1,25,elim,2026-06-19 09:00:00,0,Valorant Masters London 2026,https://www.vlr.gg/670470/edward-gaming-vs-paper-rex-valorant-masters-london-2026-ubf
EDG,Breeze,atk,PRX,1,0,27,elim,2026-06-19 09:00:00,0,Valorant Masters London 2026,https://www.vlr.gg/670470/edward-gaming-vs-paper-rex-valorant-masters-london-2026-ubf
EDG,Breeze,def,PRX,0,1,13,elim,2026-06-19 09:00:00,0,Valorant Masters London 2026,https://www.vlr.gg/670470/edward-gaming-vs-paper-rex-valorant-masters-london-2026-ubf
EDG,Breeze,def,PRX,0,1,14,elim,2026-06-19 09:00:00,0,Valorant Masters London 2026,https://www.vlr.gg/670470/edward-gaming-vs-paper-rex-valorant-masters-london-2026-ubf
EDG,Breeze,def,PRX,1,0,15,elim,2026-06-19 09:00:00,0,Valorant Masters London 2026,https://www.vlr.gg/670470/edward-gaming-vs-paper-rex-valorant-masters-london-2026-ubf
EDG,Breeze,def,PRX,0,1,16,boom,2026-06-19 09:00:00,0,Valorant Masters London 2026,https://www.vlr.gg/670470/edward-gaming-vs-paper-rex-valorant-masters-london-2026-ubf
EDG,Breeze,def,PRX,0,1,17,elim,2026-06-19 09:00:00,0,Valorant Masters London 2026,https://www.vlr.gg/670470/edward-gaming-vs-paper-rex-valorant-masters-london-2026-ubf
EDG,Breeze,def,PRX,0,1,18,elim,2026-06-19 09:00:00,0,Valorant Masters London 2026,https://www.vlr.gg/670470/edward-gaming-vs-paper-rex-valorant-masters-london-2026-ubf
EDG,Breeze,def,PRX,0,1,19,elim,2026-06-19 09:00:00,0,Valorant Masters London 2026,https://www.vlr.gg/670470/edward-gaming-vs-paper-rex-valorant-masters-london-2026-ubf
EDG,Breeze,def,PRX,1,0,20,defus,2026-06-19 09:00:00,0,Valorant Masters London 2026,https://www.vlr.gg/670470/edward-gaming-vs-paper-rex-valorant-masters-london-2026-ubf
EDG,Breeze,def,PRX,0,1,21,boom,2026-06-19 09:00:00,0,Valorant Masters London 2026,https://www.vlr.gg/670470/edward-gaming-vs-paper-rex-valorant-masters-london-2026-ubf
EDG,Breeze,def,PRX,1,0,22,elim,2026-06-19 09:00:00,0,Valorant Masters London 2026,https://www.vlr.gg/670470/edward-gaming-vs-paper-rex-valorant-masters-london-2026-ubf
EDG,Breeze,def,PRX,1,0,23,defus,2026-06-19 09:00:00,0,Valorant Masters London 2026,https://www.vlr.gg/670470/edward-gaming-vs-paper-rex-valorant-masters-london-2026-ubf
EDG,Breeze,def,PRX,1,0,24,elim,2026-06-19 09:00:00,0,Valorant Masters London 2026,https://www.vlr.gg/670470/edward-gaming-vs-paper-rex-valorant-masters-london-2026-ubf
EDG,Breeze,def,PRX,1,0,26,elim,2026-06-19 09:00:00,0,Valorant Masters London 2026,https://www.vlr.gg/670470/edward-gaming-vs-paper-rex-valorant-masters-london-2026-ubf
EDG,Breeze,def,PRX,1,0,28,defus,2026-06-19 09:00:00,0,Valorant Masters London 2026,https://www.vlr.gg/670470/edward-gaming-vs-paper-rex-valorant-masters-london-2026-ubf
EDG,Fracture,atk,PRX,0,1,1,defus,2026-06-19 09:00:00,1,Valorant Masters London 2026,https://www.vlr.gg/670470/edward-gaming-vs-paper-rex-valorant-masters-london-2026-ubf
EDG,Fracture,atk,PRX,0,1,2,elim,2026-06-19 09:00:00,1,Valorant Masters London 2026,https://www.vlr.gg/670470/edward-gaming-vs-paper-rex-valorant-masters-london-2026-ubf
EDG,Fracture,atk,PRX,1,0,3,elim,2026-06-19 09:00:00,1,Valorant Masters London 2026,https://www.vlr.gg/670470/edward-gaming-vs-paper-rex-valorant-masters-london-2026-ubf
EDG,Fracture,atk,PRX,0,1,4,defus,2026-06-19 09:00:00,1,Valorant Masters London 2026,https://www.vlr.gg/670470/edward-gaming-vs-paper-rex-valorant-masters-london-2026-ubf
EDG,Fracture,atk,PRX,0,1,5,elim,2026-06-19 09:00:00,1,Valorant Masters London 2026,https://www.vlr.gg/670470/edward-gaming-vs-paper-rex-valorant-masters-london-2026-ubf
EDG,Fracture,atk,PRX,0,1,6,defus,2026-06-19 09:00:00,1,Valorant Masters London 2026,https://www.vlr.gg/670470/edward-gaming-vs-paper-rex-valorant-masters-london-2026-ubf
EDG,Fracture,atk,PRX,1,0,7,elim,2026-06-19 09:00:00,1,Valorant Masters London 2026,https://www.vlr.gg/670470/edward-gaming-vs-paper-rex-valorant-masters-london-2026-ubf
EDG,Fracture,atk,PRX,1,0,8,elim,2026-06-19 09:00:00,1,Valorant Masters London 2026,https://www.vlr.gg/670470/edward-gaming-vs-paper-rex-valorant-masters-london-2026-ubf
EDG,Fracture,atk,PRX,1,0,9,elim,2026-06-19 09:00:00,1,Valorant Masters London 2026,https://www.vlr.gg/670470/edward-gaming-vs-paper-rex-valorant-masters-london-2026-ubf
EDG,Fracture,atk,PRX,1,0,10,boom,2026-06-19 09:00:00,1,Valorant Masters London 2026,https://www.vlr.gg/670470/edward-gaming-vs-paper-rex-valorant-masters-london-2026-ubf
EDG,Fracture,atk,PRX,1,0,11,elim,2026-06-19 09:00:00,1,Valorant Masters London 2026,https://www.vlr.gg/670470/edward-gaming-vs-paper-rex-valorant-masters-london-2026-ubf
EDG,Fracture,atk,PRX,1,0,12,boom,2026-06-19 09:00:00,1,Valorant Masters London 2026,https://www.vlr.gg/670470/edward-gaming-vs-paper-rex-valorant-masters-london-2026-ubf
EDG,Fracture,atk,PRX,0,1,25,elim,2026-06-19 09:00:00,1,Valorant Masters London 2026,https://www.vlr.gg/670470/edward-gaming-vs-paper-rex-valorant-masters-london-2026-ubf
EDG,Fracture,def,PRX,0,1,13,elim,2026-06-19 09:00:00,1,Valorant Masters London 2026,https://www.vlr.gg/670470/edward-gaming-vs-paper-rex-valorant-masters-london-2026-ubf
EDG,Fracture,def,PRX,0,1,14,elim,2026-06-19 09:00:00,1,Valorant Masters London 2026,https://www.vlr.gg/670470/edward-gaming-vs-paper-rex-valorant-masters-london-2026-ubf
EDG,Fracture,def,PRX,0,1,15,boom,2026-06-19 09:00:00,1,Valorant Masters London 2026,https://www.vlr.gg/670470/edward-gaming-vs-paper-rex-valorant-masters-london-2026-ubf
EDG,Fracture,def,PRX,0,1,16,elim,2026-06-19 09:00:00,1,Valorant Masters London 2026,https://www.vlr.gg/670470/edward-gaming-vs-paper-rex-valorant-masters-london-2026-ubf
EDG,Fracture,def,PRX,0,1,17,elim,2026-06-19 09:00:00,1,Valorant Masters London 2026,https://www.vlr.gg/670470/edward-gaming-vs-paper-rex-valorant-masters-london-2026-ubf
EDG,Fracture,def,PRX,0,1,18,boom,2026-06-19 09:00:00,1,Valorant Masters London 2026,https://www.vlr.gg/670470/edward-gaming-vs-paper-rex-valorant-masters-london-2026-ubf
EDG,Fracture,def,PRX,1,0,19,defus,2026-06-19 09:00:00,1,Valorant Masters London 2026,https://www.vlr.gg/670470/edward-gaming-vs-paper-rex-valorant-masters-london-2026-ubf
EDG,Fracture,def,PRX,1,0,20,defus,2026-06-19 09:00:00,1,Valorant Masters London 2026,https://www.vlr.gg/670470/edward-gaming-vs-paper-rex-valorant-masters-london-2026-ubf
EDG,Fracture,def,PRX,0,1,21,elim,2026-06-19 09:00:00,1,Valorant Masters London 2026,https://www.vlr.gg/670470/edward-gaming-vs-paper-rex-valorant-masters-london-2026-ubf
EDG,Fracture,def,PRX,1,0,22,tim,2026-06-19 09:00:00,1,Valorant Masters London 2026,https://www.vlr.gg/670470/edward-gaming-vs-paper-rex-valorant-masters-london-2026-ubf
EDG,Fracture,def,PRX,1,0,23,elim,2026-06-19 09:00:00,1,Valorant Masters London 2026,https://www.vlr.gg/670470/edward-gaming-vs-paper-rex-valorant-masters-london-2026-ubf
EDG,Fracture,def,PRX,1,0,24,elim,2026-06-19 09:00:00,1,Valorant Masters London 2026,https://www.vlr.gg/670470/edward-gaming-vs-paper-rex-valorant-masters-london-2026-ubf
EDG,Fracture,def,PRX,0,1,26,elim,2026-06-19 09:00:00,1,Valorant Masters London 2026,https://www.vlr.gg/670470/edward-gaming-vs-paper-rex-valorant-masters-london-2026-ubf
EDG,Split,atk,PRX,0,1,1,elim,2026-06-19 09:00:00,2,Valorant Masters London 2026,https://www.vlr.gg/670470/edward-gaming-vs-paper-rex-valorant-masters-london-2026-ubf
EDG,Split,atk,PRX,0,1,2,elim,2026-06-19 09:00:00,2,Valorant Masters London 2026,https://www.vlr.gg/670470/edward-gaming-vs-paper-rex-valorant-masters-london-2026-ubf
EDG,Split,atk,PRX,1,0,3,elim,2026-06-19 09:00:00,2,Valorant Masters London 2026,https://www.vlr.gg/670470/edward-gaming-vs-paper-rex-valorant-masters-london-2026-ubf
EDG,Split,atk,PRX,1,0,4,boom,2026-06-19 09:00:00,2,Valorant Masters London 2026,https://www.vlr.gg/670470/edward-gaming-vs-paper-rex-valorant-masters-london-2026-ubf
EDG,Split,atk,PRX,1,0,5,boom,2026-06-19 09:00:00,2,Valorant Masters London 2026,https://www.vlr.gg/670470/edward-gaming-vs-paper-rex-valorant-masters-london-2026-ubf
EDG,Split,atk,PRX,0,1,6,defus,2026-06-19 09:00:00,2,Valorant Masters London 2026,https://www.vlr.gg/670470/edward-gaming-vs-paper-rex-valorant-masters-london-2026-ubf
EDG,Split,atk,PRX,0,1,7,defus,2026-06-19 09:00:00,2,Valorant Masters London 2026,https://www.vlr.gg/670470/edward-gaming-vs-paper-rex-valorant-masters-london-2026-ubf
EDG,Split,atk,PRX,0,1,8,defus,2026-06-19 09:00:00,2,Valorant Masters London 2026,https://www.vlr.gg/670470/edward-gaming-vs-paper-rex-valorant-masters-london-2026-ubf
EDG,Split,atk,PRX,0,1,9,tim,2026-06-19 09:00:00,2,Valorant Masters London 2026,https://www.vlr.gg/670470/edward-gaming-vs-paper-rex-valorant-masters-london-2026-ubf
EDG,Split,atk,PRX,0,1,10,elim,2026-06-19 09:00:00,2,Valorant Masters London 2026,https://www.vlr.gg/670470/edward-gaming-vs-paper-rex-valorant-masters-london-2026-ubf
EDG,Split,atk,PRX,0,1,11,defus,2026-06-19 09:00:00,2,Valorant Masters London 2026,https://www.vlr.gg/670470/edward-gaming-vs-paper-rex-valorant-masters-london-2026-ubf
EDG,Split,atk,PRX,1,0,12,elim,2026-06-19 09:00:00,2,Valorant Masters London 2026,https://www.vlr.gg/670470/edward-gaming-vs-paper-rex-valorant-masters-london-2026-ubf
EDG,Split,def,PRX,1,0,13,elim,2026-06-19 09:00:00,2,Valorant Masters London 2026,https://www.vlr.gg/670470/edward-gaming-vs-paper-rex-valorant-masters-london-2026-ubf
EDG,Split,def,PRX,1,0,14,elim,2026-06-19 09:00:00,2,Valorant Masters London 2026,https://www.vlr.gg/670470/edward-gaming-vs-paper-rex-valorant-masters-london-2026-ubf
EDG,Split,def,PRX,0,1,15,elim,2026-06-19 09:00:00,2,Valorant Masters London 2026,https://www.vlr.gg/670470/edward-gaming-vs-paper-rex-valorant-masters-london-2026-ubf
EDG,Split,def,PRX,0,1,16,boom,2026-06-19 09:00:00,2,Valorant Masters London 2026,https://www.vlr.gg/670470/edward-gaming-vs-paper-rex-valorant-masters-london-2026-ubf
EDG,Split,def,PRX,0,1,17,elim,2026-06-19 09:00:00,2,Valorant Masters London 2026,https://www.vlr.gg/670470/edward-gaming-vs-paper-rex-valorant-masters-london-2026-ubf
EDG,Split,def,PRX,0,1,18,elim,2026-06-19 09:00:00,2,Valorant Masters London 2026,https://www.vlr.gg/670470/edward-gaming-vs-paper-rex-valorant-masters-london-2026-ubf
EDG,Split,def,PRX,0,1,19,elim,2026-06-19 09:00:00,2,Valorant Masters London 2026,https://www.vlr.gg/670470/edward-gaming-vs-paper-rex-valorant-masters-london-2026-ubf
VIT,Lotus,atk,LEV,0,1,13,defus,2026-06-19 12:35:00,0,Valorant Masters London 2026,https://www.vlr.gg/670476/team-vitality-vs-leviat-n-valorant-masters-london-2026-lr3
VIT,Lotus,atk,LEV,0,1,14,defus,2026-06-19 12:35:00,0,Valorant Masters London 2026,https://www.vlr.gg/670476/team-vitality-vs-leviat-n-valorant-masters-london-2026-lr3
VIT,Lotus,atk,LEV,0,1,15,defus,2026-06-19 12:35:00,0,Valorant Masters London 2026,https://www.vlr.gg/670476/team-vitality-vs-leviat-n-valorant-masters-london-2026-lr3
VIT,Lotus,atk,LEV,0,1,16,elim,2026-06-19 12:35:00,0,Valorant Masters London 2026,https://www.vlr.gg/670476/team-vitality-vs-leviat-n-valorant-masters-london-2026-lr3
VIT,Lotus,atk,LEV,0,1,17,elim,2026-06-19 12:35:00,0,Valorant Masters London 2026,https://www.vlr.gg/670476/team-vitality-vs-leviat-n-valorant-masters-london-2026-lr3
VIT,Lotus,def,LEV,1,0,1,defus,2026-06-19 12:35:00,0,Valorant Masters London 2026,https://www.vlr.gg/670476/team-vitality-vs-leviat-n-valorant-masters-london-2026-lr3
VIT,Lotus,def,LEV,1,0,2,defus,2026-06-19 12:35:00,0,Valorant Masters London 2026,https://www.vlr.gg/670476/team-vitality-vs-leviat-n-valorant-masters-london-2026-lr3
VIT,Lotus,def,LEV,1,0,3,tim,2026-06-19 12:35:00,0,Valorant Masters London 2026,https://www.vlr.gg/670476/team-vitality-vs-leviat-n-valorant-masters-london-2026-lr3
VIT,Lotus,def,LEV,0,1,4,elim,2026-06-19 12:35:00,0,Valorant Masters London 2026,https://www.vlr.gg/670476/team-vitality-vs-leviat-n-valorant-masters-london-2026-lr3
VIT,Lotus,def,LEV,0,1,5,elim,2026-06-19 12:35:00,0,Valorant Masters London 2026,https://www.vlr.gg/670476/team-vitality-vs-leviat-n-valorant-masters-london-2026-lr3
VIT,Lotus,def,LEV,1,0,6,elim,2026-06-19 12:35:00,0,Valorant Masters London 2026,https://www.vlr.gg/670476/team-vitality-vs-leviat-n-valorant-masters-london-2026-lr3
VIT,Lotus,def,LEV,0,1,7,elim,2026-06-19 12:35:00,0,Valorant Masters London 2026,https://www.vlr.gg/670476/team-vitality-vs-leviat-n-valorant-masters-london-2026-lr3
VIT,Lotus,def,LEV,0,1,8,boom,2026-06-19 12:35:00,0,Valorant Masters London 2026,https://www.vlr.gg/670476/team-vitality-vs-leviat-n-valorant-masters-london-2026-lr3
VIT,Lotus,def,LEV,0,1,9,boom,2026-06-19 12:35:00,0,Valorant Masters London 2026,https://www.vlr.gg/670476/team-vitality-vs-leviat-n-valorant-masters-london-2026-lr3
VIT,Lotus,def,LEV,0,1,10,boom,2026-06-19 12:35:00,0,Valorant Masters London 2026,https://www.vlr.gg/670476/team-vitality-vs-leviat-n-valorant-masters-london-2026-lr3
VIT,Lotus,def,LEV,0,1,11,elim,2026-06-19 12:35:00,0,Valorant Masters London 2026,https://www.vlr.gg/670476/team-vitality-vs-leviat-n-valorant-masters-london-2026-lr3
VIT,Lotus,def,LEV,0,1,12,elim,2026-06-19 12:35:00,0,Valorant Masters London 2026,https://www.vlr.gg/670476/team-vitality-vs-leviat-n-valorant-masters-london-2026-lr3
VIT,Split,atk,LEV,0,1,1,defus,2026-06-19 12:35:00,1,Valorant Masters London 2026,https://www.vlr.gg/670476/team-vitality-vs-leviat-n-valorant-masters-london-2026-lr3
VIT,Split,atk,LEV,0,1,2,elim,2026-06-19 12:35:00,1,Valorant Masters London 2026,https://www.vlr.gg/670476/team-vitality-vs-leviat-n-valorant-masters-london-2026-lr3
VIT,Split,atk,LEV,0,1,3,tim,2026-06-19 12:35:00,1,Valorant Masters London 2026,https://www.vlr.gg/670476/team-vitality-vs-leviat-n-valorant-masters-london-2026-lr3
VIT,Split,atk,LEV,0,1,4,defus,2026-06-19 12:35:00,1,Valorant Masters London 2026,https://www.vlr.gg/670476/team-vitality-vs-leviat-n-valorant-masters-london-2026-lr3
VIT,Split,atk,LEV,0,1,5,elim,2026-06-19 12:35:00,1,Valorant Masters London 2026,https://www.vlr.gg/670476/team-vitality-vs-leviat-n-valorant-masters-london-2026-lr3
VIT,Split,atk,LEV,0,1,6,defus,2026-06-19 12:35:00,1,Valorant Masters London 2026,https://www.vlr.gg/670476/team-vitality-vs-leviat-n-valorant-masters-london-2026-lr3
VIT,Split,atk,LEV,0,1,7,defus,2026-06-19 12:35:00,1,Valorant Masters London 2026,https://www.vlr.gg/670476/team-vitality-vs-leviat-n-valorant-masters-london-2026-lr3
VIT,Split,atk,LEV,0,1,8,defus,2026-06-19 12:35:00,1,Valorant Masters London 2026,https://www.vlr.gg/670476/team-vitality-vs-leviat-n-valorant-masters-london-2026-lr3
VIT,Split,atk,LEV,1,0,9,elim,2026-06-19 12:35:00,1,Valorant Masters London 2026,https://www.vlr.gg/670476/team-vitality-vs-leviat-n-valorant-masters-london-2026-lr3
VIT,Split,atk,LEV,1,0,10,elim,2026-06-19 12:35:00,1,Valorant Masters London 2026,https://www.vlr.gg/670476/team-vitality-vs-leviat-n-valorant-masters-london-2026-lr3
VIT,Split,atk,LEV,0,1,11,defus,2026-06-19 12:35:00,1,Valorant Masters London 2026,https://www.vlr.gg/670476/team-vitality-vs-leviat-n-valorant-masters-london-2026-lr3
VIT,Split,atk,LEV,1,0,12,elim,2026-06-19 12:35:00,1,Valorant Masters London 2026,https://www.vlr.gg/670476/team-vitality-vs-leviat-n-valorant-masters-london-2026-lr3
VIT,Split,def,LEV,0,1,13,elim,2026-06-19 12:35:00,1,Valorant Masters London 2026,https://www.vlr.gg/670476/team-vitality-vs-leviat-n-valorant-masters-london-2026-lr3
VIT,Split,def,LEV,0,1,14,elim,2026-06-19 12:35:00,1,Valorant Masters London 2026,https://www.vlr.gg/670476/team-vitality-vs-leviat-n-valorant-masters-london-2026-lr3
VIT,Split,def,LEV,1,0,15,defus,2026-06-19 12:35:00,1,Valorant Masters London 2026,https://www.vlr.gg/670476/team-vitality-vs-leviat-n-valorant-masters-london-2026-lr3
VIT,Split,def,LEV,0,1,16,boom,2026-06-19 12:35:00,1,Valorant Masters London 2026,https://www.vlr.gg/670476/team-vitality-vs-leviat-n-valorant-masters-london-2026-lr3
VIT,Split,def,LEV,0,1,17,elim,2026-06-19 12:35:00,1,Valorant Masters London 2026,https://www.vlr.gg/670476/team-vitality-vs-leviat-n-valorant-masters-london-2026-lr3
EDG,Haven,atk,LEV,0,1,1,elim,2026-06-20 09:00:00,0,Valorant Masters London 2026,https://www.vlr.gg/670477/edward-gaming-vs-leviat-n-valorant-masters-london-2026-lbf
EDG,Haven,atk,LEV,0,1,2,elim,2026-06-20 09:00:00,0,Valorant Masters London 2026,https://www.vlr.gg/670477/edward-gaming-vs-leviat-n-valorant-masters-london-2026-lbf
EDG,Haven,atk,LEV,1,0,3,elim,2026-06-20 09:00:00,0,Valorant Masters London 2026,https://www.vlr.gg/670477/edward-gaming-vs-leviat-n-valorant-masters-london-2026-lbf
EDG,Haven,atk,LEV,1,0,4,boom,2026-06-20 09:00:00,0,Valorant Masters London 2026,https://www.vlr.gg/670477/edward-gaming-vs-leviat-n-valorant-masters-london-2026-lbf
EDG,Haven,atk,LEV,0,1,5,defus,2026-06-20 09:00:00,0,Valorant Masters London 2026,https://www.vlr.gg/670477/edward-gaming-vs-leviat-n-valorant-masters-london-2026-lbf
EDG,Haven,atk,LEV,0,1,6,defus,2026-06-20 09:00:00,0,Valorant Masters London 2026,https://www.vlr.gg/670477/edward-gaming-vs-leviat-n-valorant-masters-london-2026-lbf
EDG,Haven,atk,LEV,0,1,7,elim,2026-06-20 09:00:00,0,Valorant Masters London 2026,https://www.vlr.gg/670477/edward-gaming-vs-leviat-n-valorant-masters-london-2026-lbf
EDG,Haven,atk,LEV,0,1,8,defus,2026-06-20 09:00:00,0,Valorant Masters London 2026,https://www.vlr.gg/670477/edward-gaming-vs-leviat-n-valorant-masters-london-2026-lbf
EDG,Haven,atk,LEV,0,1,9,elim,2026-06-20 09:00:00,0,Valorant Masters London 2026,https://www.vlr.gg/670477/edward-gaming-vs-leviat-n-valorant-masters-london-2026-lbf
EDG,Haven,atk,LEV,0,1,10,defus,2026-06-20 09:00:00,0,Valorant Masters London 2026,https://www.vlr.gg/670477/edward-gaming-vs-leviat-n-valorant-masters-london-2026-lbf
EDG,Haven,atk,LEV,0,1,11,elim,2026-06-20 09:00:00,0,Valorant Masters London 2026,https://www.vlr.gg/670477/edward-gaming-vs-leviat-n-valorant-masters-london-2026-lbf
EDG,Haven,atk,LEV,0,1,12,defus,2026-06-20 09:00:00,0,Valorant Masters London 2026,https://www.vlr.gg/670477/edward-gaming-vs-leviat-n-valorant-masters-london-2026-lbf
EDG,Haven,def,LEV,0,1,13,elim,2026-06-20 09:00:00,0,Valorant Masters London 2026,https://www.vlr.gg/670477/edward-gaming-vs-leviat-n-valorant-masters-london-2026-lbf
EDG,Haven,def,LEV,0,1,14,boom,2026-06-20 09:00:00,0,Valorant Masters London 2026,https://www.vlr.gg/670477/edward-gaming-vs-leviat-n-valorant-masters-london-2026-lbf
EDG,Haven,def,LEV,1,0,15,defus,2026-06-20 09:00:00,0,Valorant Masters London 2026,https://www.vlr.gg/670477/edward-gaming-vs-leviat-n-valorant-masters-london-2026-lbf
EDG,Haven,def,LEV,1,0,16,elim,2026-06-20 09:00:00,0,Valorant Masters London 2026,https://www.vlr.gg/670477/edward-gaming-vs-leviat-n-valorant-masters-london-2026-lbf
EDG,Haven,def,LEV,1,0,17,elim,2026-06-20 09:00:00,0,Valorant Masters London 2026,https://www.vlr.gg/670477/edward-gaming-vs-leviat-n-valorant-masters-london-2026-lbf
EDG,Haven,def,LEV,0,1,18,elim,2026-06-20 09:00:00,0,Valorant Masters London 2026,https://www.vlr.gg/670477/edward-gaming-vs-leviat-n-valorant-masters-london-2026-lbf
EDG,Pearl,atk,LEV,1,0,1,elim,2026-06-20 09:00:00,1,Valorant Masters London 2026,https://www.vlr.gg/670477/edward-gaming-vs-leviat-n-valorant-masters-london-2026-lbf
EDG,Pearl,atk,LEV,1,0,2,elim,2026-06-20 09:00:00,1,Valorant Masters London 2026,https://www.vlr.gg/670477/edward-gaming-vs-leviat-n-valorant-masters-london-2026-lbf
EDG,Pearl,atk,LEV,0,1,3,defus,2026-06-20 09:00:00,1,Valorant Masters London 2026,https://www.vlr.gg/670477/edward-gaming-vs-leviat-n-valorant-masters-london-2026-lbf
EDG,Pearl,atk,LEV,1,0,4,elim,2026-06-20 09:00:00,1,Valorant Masters London 2026,https://www.vlr.gg/670477/edward-gaming-vs-leviat-n-valorant-masters-london-2026-lbf
EDG,Pearl,atk,LEV,1,0,5,elim,2026-06-20 09:00:00,1,Valorant Masters London 2026,https://www.vlr.gg/670477/edward-gaming-vs-leviat-n-valorant-masters-london-2026-lbf
EDG,Pearl,atk,LEV,1,0,6,elim,2026-06-20 09:00:00,1,Valorant Masters London 2026,https://www.vlr.gg/670477/edward-gaming-vs-leviat-n-valorant-masters-london-2026-lbf
EDG,Pearl,atk,LEV,1,0,7,elim,2026-06-20 09:00:00,1,Valorant Masters London 2026,https://www.vlr.gg/670477/edward-gaming-vs-leviat-n-valorant-masters-london-2026-lbf
EDG,Pearl,atk,LEV,0,1,8,elim,2026-06-20 09:00:00,1,Valorant Masters London 2026,https://www.vlr.gg/670477/edward-gaming-vs-leviat-n-valorant-masters-london-2026-lbf
EDG,Pearl,atk,LEV,0,1,9,defus,2026-06-20 09:00:00,1,Valorant Masters London 2026,https://www.vlr.gg/670477/edward-gaming-vs-leviat-n-valorant-masters-london-2026-lbf
EDG,Pearl,atk,LEV,0,1,10,elim,2026-06-20 09:00:00,1,Valorant Masters London 2026,https://www.vlr.gg/670477/edward-gaming-vs-leviat-n-valorant-masters-london-2026-lbf
EDG,Pearl,atk,LEV,1,0,11,elim,2026-06-20 09:00:00,1,Valorant Masters London 2026,https://www.vlr.gg/670477/edward-gaming-vs-leviat-n-valorant-masters-london-2026-lbf
EDG,Pearl,atk,LEV,0,1,12,elim,2026-06-20 09:00:00,1,Valorant Masters London 2026,https://www.vlr.gg/670477/edward-gaming-vs-leviat-n-valorant-masters-london-2026-lbf
EDG,Pearl,def,LEV,0,1,13,elim,2026-06-20 09:00:00,1,Valorant Masters London 2026,https://www.vlr.gg/670477/edward-gaming-vs-leviat-n-valorant-masters-london-2026-lbf
EDG,Pearl,def,LEV,1,0,14,defus,2026-06-20 09:00:00,1,Valorant Masters London 2026,https://www.vlr.gg/670477/edward-gaming-vs-leviat-n-valorant-masters-london-2026-lbf
EDG,Pearl,def,LEV,0,1,15,elim,2026-06-20 09:00:00,1,Valorant Masters London 2026,https://www.vlr.gg/670477/edward-gaming-vs-leviat-n-valorant-masters-london-2026-lbf
EDG,Pearl,def,LEV,1,0,16,elim,2026-06-20 09:00:00,1,Valorant Masters London 2026,https://www.vlr.gg/670477/edward-gaming-vs-leviat-n-valorant-masters-london-2026-lbf
EDG,Pearl,def,LEV,0,1,17,elim,2026-06-20 09:00:00,1,Valorant Masters London 2026,https://www.vlr.gg/670477/edward-gaming-vs-leviat-n-valorant-masters-london-2026-lbf
EDG,Pearl,def,LEV,0,1,18,boom,2026-06-20 09:00:00,1,Valorant Masters London 2026,https://www.vlr.gg/670477/edward-gaming-vs-leviat-n-valorant-masters-london-2026-lbf
EDG,Pearl,def,LEV,0,1,19,elim,2026-06-20 09:00:00,1,Valorant Masters London 2026,https://www.vlr.gg/670477/edward-gaming-vs-leviat-n-valorant-masters-london-2026-lbf
EDG,Pearl,def,LEV,0,1,20,elim,2026-06-20 09:00:00,1,Valorant Masters London 2026,https://www.vlr.gg/670477/edward-gaming-vs-leviat-n-valorant-masters-london-2026-lbf
EDG,Pearl,def,LEV,0,1,21,elim,2026-06-20 09:00:00,1,Valorant Masters London 2026,https://www.vlr.gg/670477/edward-gaming-vs-leviat-n-valorant-masters-london-2026-lbf
EDG,Pearl,def,LEV,0,1,22,elim,2026-06-20 09:00:00,1,Valorant Masters London 2026,https://www.vlr.gg/670477/edward-gaming-vs-leviat-n-valorant-masters-london-2026-lbf
EDG,Split,atk,LEV,1,0,13,elim,2026-06-20 09:00:00,2,Valorant Masters London 2026,https://www.vlr.gg/670477/edward-gaming-vs-leviat-n-valorant-masters-london-2026-lbf
EDG,Split,atk,LEV,1,0,14,boom,2026-06-20 09:00:00,2,Valorant Masters London 2026,https://www.vlr.gg/670477/edward-gaming-vs-leviat-n-valorant-masters-london-2026-lbf
EDG,Split,atk,LEV,1,0,15,boom,2026-06-20 09:00:00,2,Valorant Masters London 2026,https://www.vlr.gg/670477/edward-gaming-vs-leviat-n-valorant-masters-london-2026-lbf
EDG,Split,atk,LEV,1,0,16,elim,2026-06-20 09:00:00,2,Valorant Masters London 2026,https://www.vlr.gg/670477/edward-gaming-vs-leviat-n-valorant-masters-london-2026-lbf
EDG,Split,atk,LEV,1,0,17,boom,2026-06-20 09:00:00,2,Valorant Masters London 2026,https://www.vlr.gg/670477/edward-gaming-vs-leviat-n-valorant-masters-london-2026-lbf
EDG,Split,atk,LEV,0,1,18,elim,2026-06-20 09:00:00,2,Valorant Masters London 2026,https://www.vlr.gg/670477/edward-gaming-vs-leviat-n-valorant-masters-london-2026-lbf
EDG,Split,atk,LEV,1,0,19,boom,2026-06-20 09:00:00,2,Valorant Masters London 2026,https://www.vlr.gg/670477/edward-gaming-vs-leviat-n-valorant-masters-london-2026-lbf
EDG,Split,atk,LEV,0,1,20,tim,2026-06-20 09:00:00,2,Valorant Masters London 2026,https://www.vlr.gg/670477/edward-gaming-vs-leviat-n-valorant-masters-london-2026-lbf
EDG,Split,atk,LEV,0,1,21,tim,2026-06-20 09:00:00,2,Valorant Masters London 2026,https://www.vlr.gg/670477/edward-gaming-vs-leviat-n-valorant-masters-london-2026-lbf
EDG,Split,atk,LEV,0,1,22,elim,2026-06-20 09:00:00,2,Valorant Masters London 2026,https://www.vlr.gg/670477/edward-gaming-vs-leviat-n-valorant-masters-london-2026-lbf
EDG,Split,atk,LEV,0,1,23,elim,2026-06-20 09:00:00,2,Valorant Masters London 2026,https://www.vlr.gg/670477/edward-gaming-vs-leviat-n-valorant-masters-london-2026-lbf
EDG,Split,atk,LEV,0,1,24,elim,2026-06-20 09:00:00,2,Valorant Masters London 2026,https://www.vlr.gg/670477/edward-gaming-vs-leviat-n-valorant-masters-london-2026-lbf
EDG,Split,def,LEV,0,1,1,elim,2026-06-20 09:00:00,2,Valorant Masters London 2026,https://www.vlr.gg/670477/edward-gaming-vs-leviat-n-valorant-masters-london-2026-lbf
EDG,Split,def,LEV,0,1,2,boom,2026-06-20 09:00:00,2,Valorant Masters London 2026,https://www.vlr.gg/670477/edward-gaming-vs-leviat-n-valorant-masters-london-2026-lbf
EDG,Split,def,LEV,0,1,3,elim,2026-06-20 09:00:00,2,Valorant Masters London 2026,https://www.vlr.gg/670477/edward-gaming-vs-leviat-n-valorant-masters-london-2026-lbf
EDG,Split,def,LEV,1,0,4,defus,2026-06-20 09:00:00,2,Valorant Masters London 2026,https://www.vlr.gg/670477/edward-gaming-vs-leviat-n-valorant-masters-london-2026-lbf
EDG,Split,def,LEV,0,1,5,elim,2026-06-20 09:00:00,2,Valorant Masters London 2026,https://www.vlr.gg/670477/edward-gaming-vs-leviat-n-valorant-masters-london-2026-lbf
EDG,Split,def,LEV,0,1,6,elim,2026-06-20 09:00:00,2,Valorant Masters London 2026,https://www.vlr.gg/670477/edward-gaming-vs-leviat-n-valorant-masters-london-2026-lbf
EDG,Split,def,LEV,0,1,7,elim,2026-06-20 09:00:00,2,Valorant Masters London 2026,https://www.vlr.gg/670477/edward-gaming-vs-leviat-n-valorant-masters-london-2026-lbf
EDG,Split,def,LEV,1,0,8,elim,2026-06-20 09:00:00,2,Valorant Masters London 2026,https://www.vlr.gg/670477/edward-gaming-vs-leviat-n-valorant-masters-london-2026-lbf
EDG,Split,def,LEV,1,0,9,tim,2026-06-20 09:00:00,2,Valorant Masters London 2026,https://www.vlr.gg/670477/edward-gaming-vs-leviat-n-valorant-masters-london-2026-lbf
EDG,Split,def,LEV,1,0,10,elim,2026-06-20 09:00:00,2,Valorant Masters London 2026,https://www.vlr.gg/670477/edward-gaming-vs-leviat-n-valorant-masters-london-2026-lbf
EDG,Split,def,LEV,0,1,11,boom,2026-06-20 09:00:00,2,Valorant Masters London 2026,https://www.vlr.gg/670477/edward-gaming-vs-leviat-n-valorant-masters-london-2026-lbf
EDG,Split,def,LEV,1,0,12,elim,2026-06-20 09:00:00,2,Valorant Masters London 2026,https://www.vlr.gg/670477/edward-gaming-vs-leviat-n-valorant-masters-london-2026-lbf
PRX,Fracture,atk,LEV,1,0,13,elim,2026-06-21 10:20:00,0,Valorant Masters London 2026,https://www.vlr.gg/670471/paper-rex-vs-leviat-n-valorant-masters-london-2026-gf
PRX,Fracture,atk,LEV,1,0,14,elim,2026-06-21 10:20:00,0,Valorant Masters London 2026,https://www.vlr.gg/670471/paper-rex-vs-leviat-n-valorant-masters-london-2026-gf
PRX,Fracture,atk,LEV,1,0,15,elim,2026-06-21 10:20:00,0,Valorant Masters London 2026,https://www.vlr.gg/670471/paper-rex-vs-leviat-n-valorant-masters-london-2026-gf
PRX,Fracture,def,LEV,1,0,1,defus,2026-06-21 10:20:00,0,Valorant Masters London 2026,https://www.vlr.gg/670471/paper-rex-vs-leviat-n-valorant-masters-london-2026-gf
PRX,Fracture,def,LEV,1,0,2,elim,2026-06-21 10:20:00,0,Valorant Masters London 2026,https://www.vlr.gg/670471/paper-rex-vs-leviat-n-valorant-masters-london-2026-gf
PRX,Fracture,def,LEV,1,0,3,defus,2026-06-21 10:20:00,0,Valorant Masters London 2026,https://www.vlr.gg/670471/paper-rex-vs-leviat-n-valorant-masters-london-2026-gf
PRX,Fracture,def,LEV,1,0,4,defus,2026-06-21 10:20:00,0,Valorant Masters London 2026,https://www.vlr.gg/670471/paper-rex-vs-leviat-n-valorant-masters-london-2026-gf
PRX,Fracture,def,LEV,1,0,5,defus,2026-06-21 10:20:00,0,Valorant Masters London 2026,https://www.vlr.gg/670471/paper-rex-vs-leviat-n-valorant-masters-london-2026-gf
PRX,Fracture,def,LEV,1,0,6,elim,2026-06-21 10:20:00,0,Valorant Masters London 2026,https://www.vlr.gg/670471/paper-rex-vs-leviat-n-valorant-masters-london-2026-gf
PRX,Fracture,def,LEV,0,1,7,elim,2026-06-21 10:20:00,0,Valorant Masters London 2026,https://www.vlr.gg/670471/paper-rex-vs-leviat-n-valorant-masters-london-2026-gf
PRX,Fracture,def,LEV,0,1,8,elim,2026-06-21 10:20:00,0,Valorant Masters London 2026,https://www.vlr.gg/670471/paper-rex-vs-leviat-n-valorant-masters-london-2026-gf
PRX,Fracture,def,LEV,1,0,9,elim,2026-06-21 10:20:00,0,Valorant Masters London 2026,https://www.vlr.gg/670471/paper-rex-vs-leviat-n-valorant-masters-london-2026-gf
PRX,Fracture,def,LEV,1,0,10,defus,2026-06-21 10:20:00,0,Valorant Masters London 2026,https://www.vlr.gg/670471/paper-rex-vs-leviat-n-valorant-masters-london-2026-gf
PRX,Fracture,def,LEV,1,0,11,elim,2026-06-21 10:20:00,0,Valorant Masters London 2026,https://www.vlr.gg/670471/paper-rex-vs-leviat-n-valorant-masters-london-2026-gf
PRX,Fracture,def,LEV,1,0,12,elim,2026-06-21 10:20:00,0,Valorant Masters London 2026,https://www.vlr.gg/670471/paper-rex-vs-leviat-n-valorant-masters-london-2026-gf
PRX,Split,atk,LEV,0,1,13,elim,2026-06-21 10:20:00,1,Valorant Masters London 2026,https://www.vlr.gg/670471/paper-rex-vs-leviat-n-valorant-masters-london-2026-gf
PRX,Split,atk,LEV,0,1,14,elim,2026-06-21 10:20:00,1,Valorant Masters London 2026,https://www.vlr.gg/670471/paper-rex-vs-leviat-n-valorant-masters-london-2026-gf
PRX,Split,atk,LEV,0,1,15,elim,2026-06-21 10:20:00,1,Valorant Masters London 2026,https://www.vlr.gg/670471/paper-rex-vs-leviat-n-valorant-masters-london-2026-gf
PRX,Split,atk,LEV,0,1,16,defus,2026-06-21 10:20:00,1,Valorant Masters London 2026,https://www.vlr.gg/670471/paper-rex-vs-leviat-n-valorant-masters-london-2026-gf
PRX,Split,atk,LEV,0,1,17,defus,2026-06-21 10:20:00,1,Valorant Masters London 2026,https://www.vlr.gg/670471/paper-rex-vs-leviat-n-valorant-masters-london-2026-gf
PRX,Split,atk,LEV,0,1,18,defus,2026-06-21 10:20:00,1,Valorant Masters London 2026,https://www.vlr.gg/670471/paper-rex-vs-leviat-n-valorant-masters-london-2026-gf
PRX,Split,atk,LEV,0,1,19,defus,2026-06-21 10:20:00,1,Valorant Masters London 2026,https://www.vlr.gg/670471/paper-rex-vs-leviat-n-valorant-masters-london-2026-gf
PRX,Split,def,LEV,1,0,1,elim,2026-06-21 10:20:00,1,Valorant Masters London 2026,https://www.vlr.gg/670471/paper-rex-vs-leviat-n-valorant-masters-london-2026-gf
PRX,Split,def,LEV,1,0,2,elim,2026-06-21 10:20:00,1,Valorant Masters London 2026,https://www.vlr.gg/670471/paper-rex-vs-leviat-n-valorant-masters-london-2026-gf
PRX,Split,def,LEV,0,1,3,elim,2026-06-21 10:20:00,1,Valorant Masters London 2026,https://www.vlr.gg/670471/paper-rex-vs-leviat-n-valorant-masters-london-2026-gf
PRX,Split,def,LEV,1,0,4,defus,2026-06-21 10:20:00,1,Valorant Masters London 2026,https://www.vlr.gg/670471/paper-rex-vs-leviat-n-valorant-masters-london-2026-gf
PRX,Split,def,LEV,0,1,5,elim,2026-06-21 10:20:00,1,Valorant Masters London 2026,https://www.vlr.gg/670471/paper-rex-vs-leviat-n-valorant-masters-london-2026-gf
PRX,Split,def,LEV,0,1,6,elim,2026-06-21 10:20:00,1,Valorant Masters London 2026,https://www.vlr.gg/670471/paper-rex-vs-leviat-n-valorant-masters-london-2026-gf
PRX,Split,def,LEV,0,1,7,boom,2026-06-21 10:20:00,1,Valorant Masters London 2026,https://www.vlr.gg/670471/paper-rex-vs-leviat-n-valorant-masters-london-2026-gf
PRX,Split,def,LEV,1,0,8,defus,2026-06-21 10:20:00,1,Valorant Masters London 2026,https://www.vlr.gg/670471/paper-rex-vs-leviat-n-valorant-masters-london-2026-gf
PRX,Split,def,LEV,0,1,9,elim,2026-06-21 10:20:00,1,Valorant Masters London 2026,https://www.vlr.gg/670471/paper-rex-vs-leviat-n-valorant-masters-london-2026-gf
PRX,Split,def,LEV,1,0,10,elim,2026-06-21 10:20:00,1,Valorant Masters London 2026,https://www.vlr.gg/670471/paper-rex-vs-leviat-n-valorant-masters-london-2026-gf
PRX,Split,def,LEV,0,1,11,boom,2026-06-21 10:20:00,1,Valorant Masters London 2026,https://www.vlr.gg/670471/paper-rex-vs-leviat-n-valorant-masters-london-2026-gf
PRX,Split,def,LEV,1,0,12,defus,2026-06-21 10:20:00,1,Valorant Masters London 2026,https://www.vlr.gg/670471/paper-rex-vs-leviat-n-valorant-masters-london-2026-gf
PRX,Breeze,atk,LEV,1,0,13,elim,2026-06-21 10:20:00,2,Valorant Masters London 2026,https://www.vlr.gg/670471/paper-rex-vs-leviat-n-valorant-masters-london-2026-gf
PRX,Breeze,atk,LEV,1,0,14,elim,2026-06-21 10:20:00,2,Valorant Masters London 2026,https://www.vlr.gg/670471/paper-rex-vs-leviat-n-valorant-masters-london-2026-gf
PRX,Breeze,atk,LEV,0,1,15,elim,2026-06-21 10:20:00,2,Valorant Masters London 2026,https://www.vlr.gg/670471/paper-rex-vs-leviat-n-valorant-masters-london-2026-gf
PRX,Breeze,atk,LEV,1,0,16,elim,2026-06-21 10:20:00,2,Valorant Masters London 2026,https://www.vlr.gg/670471/paper-rex-vs-leviat-n-valorant-masters-london-2026-gf
PRX,Breeze,atk,LEV,1,0,17,elim,2026-06-21 10:20:00,2,Valorant Masters London 2026,https://www.vlr.gg/670471/paper-rex-vs-leviat-n-valorant-masters-london-2026-gf
PRX,Breeze,atk,LEV,1,0,18,elim,2026-06-21 10:20:00,2,Valorant Masters London 2026,https://www.vlr.gg/670471/paper-rex-vs-leviat-n-valorant-masters-london-2026-gf
PRX,Breeze,atk,LEV,1,0,19,elim,2026-06-21 10:20:00,2,Valorant Masters London 2026,https://www.vlr.gg/670471/paper-rex-vs-leviat-n-valorant-masters-london-2026-gf
PRX,Breeze,atk,LEV,1,0,20,elim,2026-06-21 10:20:00,2,Valorant Masters London 2026,https://www.vlr.gg/670471/paper-rex-vs-leviat-n-valorant-masters-london-2026-gf
PRX,Breeze,atk,LEV,1,0,21,boom,2026-06-21 10:20:00,2,Valorant Masters London 2026,https://www.vlr.gg/670471/paper-rex-vs-leviat-n-valorant-masters-london-2026-gf
PRX,Breeze,atk,LEV,0,1,22,elim,2026-06-21 10:20:00,2,Valorant Masters London 2026,https://www.vlr.gg/670471/paper-rex-vs-leviat-n-valorant-masters-london-2026-gf
PRX,Breeze,atk,LEV,0,1,23,elim,2026-06-21 10:20:00,2,Valorant Masters London 2026,https://www.vlr.gg/670471/paper-rex-vs-leviat-n-valorant-masters-london-2026-gf
PRX,Breeze,atk,LEV,1,0,24,elim,2026-06-21 10:20:00,2,Valorant Masters London 2026,https://www.vlr.gg/670471/paper-rex-vs-leviat-n-valorant-masters-london-2026-gf
PRX,Breeze,def,LEV,1,0,1,elim,2026-06-21 10:20:00,2,Valorant Masters London 2026,https://www.vlr.gg/670471/paper-rex-vs-leviat-n-valorant-masters-london-2026-gf
PRX,Breeze,def,LEV,1,0,2,elim,2026-06-21 10:20:00,2,Valorant Masters London 2026,https://www.vlr.gg/670471/paper-rex-vs-leviat-n-valorant-masters-london-2026-gf
PRX,Breeze,def,LEV,0,1,3,boom,2026-06-21 10:20:00,2,Valorant Masters London 2026,https://www.vlr.gg/670471/paper-rex-vs-leviat-n-valorant-masters-london-2026-gf
PRX,Breeze,def,LEV,0,1,4,boom,2026-06-21 10:20:00,2,Valorant Masters London 2026,https://www.vlr.gg/670471/paper-rex-vs-leviat-n-valorant-masters-london-2026-gf
PRX,Breeze,def,LEV,0,1,5,boom,2026-06-21 10:20:00,2,Valorant Masters London 2026,https://www.vlr.gg/670471/paper-rex-vs-leviat-n-valorant-masters-london-2026-gf
PRX,Breeze,def,LEV,0,1,6,elim,2026-06-21 10:20:00,2,Valorant Masters London 2026,https://www.vlr.gg/670471/paper-rex-vs-leviat-n-valorant-masters-london-2026-gf
PRX,Breeze,def,LEV,0,1,7,boom,2026-06-21 10:20:00,2,Valorant Masters London 2026,https://www.vlr.gg/670471/paper-rex-vs-leviat-n-valorant-masters-london-2026-gf
PRX,Breeze,def,LEV,1,0,8,elim,2026-06-21 10:20:00,2,Valorant Masters London 2026,https://www.vlr.gg/670471/paper-rex-vs-leviat-n-valorant-masters-london-2026-gf
PRX,Breeze,def,LEV,0,1,9,elim,2026-06-21 10:20:00,2,Valorant Masters London 2026,https://www.vlr.gg/670471/paper-rex-vs-leviat-n-valorant-masters-london-2026-gf
PRX,Breeze,def,LEV,1,0,10,elim,2026-06-21 10:20:00,2,Valorant Masters London 2026,https://www.vlr.gg/670471/paper-rex-vs-leviat-n-valorant-masters-london-2026-gf
PRX,Breeze,def,LEV,0,1,11,elim,2026-06-21 10:20:00,2,Valorant Masters London 2026,https://www.vlr.gg/670471/paper-rex-vs-leviat-n-valorant-masters-london-2026-gf
PRX,Breeze,def,LEV,0,1,12,elim,2026-06-21 10:20:00,2,Valorant Masters London 2026,https://www.vlr.gg/670471/paper-rex-vs-leviat-n-valorant-masters-london-2026-gf
PRX,Ascent,atk,LEV,1,0,13,elim,2026-06-21 10:20:00,3,Valorant Masters London 2026,https://www.vlr.gg/670471/paper-rex-vs-leviat-n-valorant-masters-london-2026-gf
PRX,Ascent,atk,LEV,1,0,14,elim,2026-06-21 10:20:00,3,Valorant Masters London 2026,https://www.vlr.gg/670471/paper-rex-vs-leviat-n-valorant-masters-london-2026-gf
PRX,Ascent,atk,LEV,0,1,15,elim,2026-06-21 10:20:00,3,Valorant Masters London 2026,https://www.vlr.gg/670471/paper-rex-vs-leviat-n-valorant-masters-london-2026-gf
PRX,Ascent,atk,LEV,0,1,16,tim,2026-06-21 10:20:00,3,Valorant Masters London 2026,https://www.vlr.gg/670471/paper-rex-vs-leviat-n-valorant-masters-london-2026-gf
PRX,Ascent,atk,LEV,0,1,17,defus,2026-06-21 10:20:00,3,Valorant Masters London 2026,https://www.vlr.gg/670471/paper-rex-vs-leviat-n-valorant-masters-london-2026-gf
PRX,Ascent,atk,LEV,1,0,18,elim,2026-06-21 10:20:00,3,Valorant Masters London 2026,https://www.vlr.gg/670471/paper-rex-vs-leviat-n-valorant-masters-london-2026-gf
PRX,Ascent,atk,LEV,0,1,19,defus,2026-06-21 10:20:00,3,Valorant Masters London 2026,https://www.vlr.gg/670471/paper-rex-vs-leviat-n-valorant-masters-london-2026-gf
PRX,Ascent,atk,LEV,0,1,20,elim,2026-06-21 10:20:00,3,Valorant Masters London 2026,https://www.vlr.gg/670471/paper-rex-vs-leviat-n-valorant-masters-london-2026-gf
PRX,Ascent,atk,LEV,0,1,21,elim,2026-06-21 10:20:00,3,Valorant Masters London 2026,https://www.vlr.gg/670471/paper-rex-vs-leviat-n-valorant-masters-london-2026-gf
PRX,Ascent,atk,LEV,0,1,22,defus,2026-06-21 10:20:00,3,Valorant Masters London 2026,https://www.vlr.gg/670471/paper-rex-vs-leviat-n-valorant-masters-london-2026-gf
PRX,Ascent,atk,LEV,0,1,23,elim,2026-06-21 10:20:00,3,Valorant Masters London 2026,https://www.vlr.gg/670471/paper-rex-vs-leviat-n-valorant-masters-london-2026-gf
PRX,Ascent,def,LEV,0,1,1,elim,2026-06-21 10:20:00,3,Valorant Masters London 2026,https://www.vlr.gg/670471/paper-rex-vs-leviat-n-valorant-masters-london-2026-gf
PRX,Ascent,def,LEV,1,0,2,elim,2026-06-21 10:20:00,3,Valorant Masters London 2026,https://www.vlr.gg/670471/paper-rex-vs-leviat-n-valorant-masters-london-2026-gf
PRX,Ascent,def,LEV,1,0,3,defus,2026-06-21 10:20:00,3,Valorant Masters London 2026,https://www.vlr.gg/670471/paper-rex-vs-leviat-n-valorant-masters-london-2026-gf
PRX,Ascent,def,LEV,1,0,4,elim,2026-06-21 10:20:00,3,Valorant Masters London 2026,https://www.vlr.gg/670471/paper-rex-vs-leviat-n-valorant-masters-london-2026-gf
PRX,Ascent,def,LEV,1,0,5,elim,2026-06-21 10:20:00,3,Valorant Masters London 2026,https://www.vlr.gg/670471/paper-rex-vs-leviat-n-valorant-masters-london-2026-gf
PRX,Ascent,def,LEV,0,1,6,elim,2026-06-21 10:20:00,3,Valorant Masters London 2026,https://www.vlr.gg/670471/paper-rex-vs-leviat-n-valorant-masters-london-2026-gf
PRX,Ascent,def,LEV,0,1,7,boom,2026-06-21 10:20:00,3,Valorant Masters London 2026,https://www.vlr.gg/670471/paper-rex-vs-leviat-n-valorant-masters-london-2026-gf
PRX,Ascent,def,LEV,1,0,8,tim,2026-06-21 10:20:00,3,Valorant Masters London 2026,https://www.vlr.gg/670471/paper-rex-vs-leviat-n-valorant-masters-london-2026-gf
PRX,Ascent,def,LEV,0,1,9,boom,2026-06-21 10:20:00,3,Valorant Masters London 2026,https://www.vlr.gg/670471/paper-rex-vs-leviat-n-valorant-masters-london-2026-gf
PRX,Ascent,def,LEV,0,1,10,elim,2026-06-21 10:20:00,3,Valorant Masters London 2026,https://www.vlr.gg/670471/paper-rex-vs-leviat-n-valorant-masters-london-2026-gf
PRX,Ascent,def,LEV,1,0,11,elim,2026-06-21 10:20:00,3,Valorant Masters London 2026,https://www.vlr.gg/670471/paper-rex-vs-leviat-n-valorant-masters-london-2026-gf
PRX,Ascent,def,LEV,1,0,12,defus,2026-06-21 10:20:00,3,Valorant Masters London 2026,https://www.vlr.gg/670471/paper-rex-vs-leviat-n-valorant-masters-london-2026-gf
PRX,Lotus,atk,LEV,0,1,13,elim,2026-06-21 10:20:00,4,Valorant Masters London 2026,https://www.vlr.gg/670471/paper-rex-vs-leviat-n-valorant-masters-london-2026-gf
PRX,Lotus,atk,LEV,1,0,14,elim,2026-06-21 10:20:00,4,Valorant Masters London 2026,https://www.vlr.gg/670471/paper-rex-vs-leviat-n-valorant-masters-london-2026-gf
PRX,Lotus,atk,LEV,1,0,15,boom,2026-06-21 10:20:00,4,Valorant Masters London 2026,https://www.vlr.gg/670471/paper-rex-vs-leviat-n-valorant-masters-london-2026-gf
PRX,Lotus,atk,LEV,1,0,16,boom,2026-06-21 10:20:00,4,Valorant Masters London 2026,https://www.vlr.gg/670471/paper-rex-vs-leviat-n-valorant-masters-london-2026-gf
PRX,Lotus,atk,LEV,1,0,17,boom,2026-06-21 10:20:00,4,Valorant Masters London 2026,https://www.vlr.gg/670471/paper-rex-vs-leviat-n-valorant-masters-london-2026-gf
PRX,Lotus,atk,LEV,0,1,18,defus,2026-06-21 10:20:00,4,Valorant Masters London 2026,https://www.vlr.gg/670471/paper-rex-vs-leviat-n-valorant-masters-london-2026-gf
PRX,Lotus,def,LEV,0,1,1,elim,2026-06-21 10:20:00,4,Valorant Masters London 2026,https://www.vlr.gg/670471/paper-rex-vs-leviat-n-valorant-masters-london-2026-gf
PRX,Lotus,def,LEV,0,1,2,elim,2026-06-21 10:20:00,4,Valorant Masters London 2026,https://www.vlr.gg/670471/paper-rex-vs-leviat-n-valorant-masters-london-2026-gf
PRX,Lotus,def,LEV,1,0,3,elim,2026-06-21 10:20:00,4,Valorant Masters London 2026,https://www.vlr.gg/670471/paper-rex-vs-leviat-n-valorant-masters-london-2026-gf
PRX,Lotus,def,LEV,0,1,4,boom,2026-06-21 10:20:00,4,Valorant Masters London 2026,https://www.vlr.gg/670471/paper-rex-vs-leviat-n-valorant-masters-london-2026-gf
PRX,Lotus,def,LEV,0,1,5,elim,2026-06-21 10:20:00,4,Valorant Masters London 2026,https://www.vlr.gg/670471/paper-rex-vs-leviat-n-valorant-masters-london-2026-gf
PRX,Lotus,def,LEV,0,1,6,boom,2026-06-21 10:20:00,4,Valorant Masters London 2026,https://www.vlr.gg/670471/paper-rex-vs-leviat-n-valorant-masters-london-2026-gf
PRX,Lotus,def,LEV,0,1,7,elim,2026-06-21 10:20:00,4,Valorant Masters London 2026,https://www.vlr.gg/670471/paper-rex-vs-leviat-n-valorant-masters-london-2026-gf
PRX,Lotus,def,LEV,0,1,8,elim,2026-06-21 10:20:00,4,Valorant Masters London 2026,https://www.vlr.gg/670471/paper-rex-vs-leviat-n-valorant-masters-london-2026-gf
PRX,Lotus,def,LEV,0,1,9,boom,2026-06-21 10:20:00,4,Valorant Masters London 2026,https://www.vlr.gg/670471/paper-rex-vs-leviat-n-valorant-masters-london-2026-gf
PRX,Lotus,def,LEV,0,1,10,elim,2026-06-21 10:20:00,4,Valorant Masters London 2026,https://www.vlr.gg/670471/paper-rex-vs-leviat-n-valorant-masters-london-2026-gf
PRX,Lotus,def,LEV,0,1,11,elim,2026-06-21 10:20:00,4,Valorant Masters London 2026,https://www.vlr.gg/670471/paper-rex-vs-leviat-n-valorant-masters-london-2026-gf
PRX,Lotus,def,LEV,0,1,12,elim,2026-06-21 10:20:00,4,Valorant Masters London 2026,https://www.vlr.gg/670471/paper-rex-vs-leviat-n-valorant-masters-london-2026-gf
