player,team,2K,3K,4K,5K,1v1,1v2,1v3,1v4,1v5,ECON,PL,DE,map,date,source_url,event
Inspire,ENVY,11,3,1,0,2,0,0,0,0,56,3,2,all,2026-01-15 17:00:00,https://www.vlr.gg/596399/envy-vs-evil-geniuses-vct-2026-americas-kickoff-ur1,VCT 2026: Americas Kickoff
Rossy,ENVY,9,5,0,0,1,0,0,0,0,53,2,1,all,2026-01-15 17:00:00,https://www.vlr.gg/596399/envy-vs-evil-geniuses-vct-2026-americas-kickoff-ur1,VCT 2026: Americas Kickoff
keznit,ENVY,8,0,0,0,1,0,0,0,0,45,0,0,all,2026-01-15 17:00:00,https://www.vlr.gg/596399/envy-vs-evil-geniuses-vct-2026-americas-kickoff-ur1,VCT 2026: Americas Kickoff
P0PPIN,ENVY,4,0,0,0,0,0,0,0,0,35,17,0,all,2026-01-15 17:00:00,https://www.vlr.gg/596399/envy-vs-evil-geniuses-vct-2026-americas-kickoff-ur1,VCT 2026: Americas Kickoff
Eggsterr,ENVY,10,6,1,0,0,0,0,0,0,54,2,3,all,2026-01-15 17:00:00,https://www.vlr.gg/596399/envy-vs-evil-geniuses-vct-2026-americas-kickoff-ur1,VCT 2026: Americas Kickoff
C0M,EG,4,2,0,0,0,1,0,0,0,47,10,2,all,2026-01-15 17:00:00,https://www.vlr.gg/596399/envy-vs-evil-geniuses-vct-2026-americas-kickoff-ur1,VCT 2026: Americas Kickoff
supamen,EG,7,2,0,0,0,0,0,0,0,52,0,1,all,2026-01-15 17:00:00,https://www.vlr.gg/596399/envy-vs-evil-geniuses-vct-2026-americas-kickoff-ur1,VCT 2026: Americas Kickoff
Okeanos,EG,10,4,1,0,0,0,0,0,0,51,1,1,all,2026-01-15 17:00:00,https://www.vlr.gg/596399/envy-vs-evil-geniuses-vct-2026-americas-kickoff-ur1,VCT 2026: Americas Kickoff
dgzin,EG,13,1,0,0,0,0,0,0,0,48,1,6,all,2026-01-15 17:00:00,https://www.vlr.gg/596399/envy-vs-evil-geniuses-vct-2026-americas-kickoff-ur1,VCT 2026: Americas Kickoff
bao,EG,10,1,1,0,0,0,0,0,0,49,7,1,all,2026-01-15 17:00:00,https://www.vlr.gg/596399/envy-vs-evil-geniuses-vct-2026-americas-kickoff-ur1,VCT 2026: Americas Kickoff
Inspire,ENVY,4,0,1,0,0,0,0,0,0,57,1,0,Abyss,2026-01-15 17:00:00,https://www.vlr.gg/596399/envy-vs-evil-geniuses-vct-2026-americas-kickoff-ur1,VCT 2026: Americas Kickoff
Rossy,ENVY,3,2,0,0,0,0,0,0,0,55,0,0,Abyss,2026-01-15 17:00:00,https://www.vlr.gg/596399/envy-vs-evil-geniuses-vct-2026-americas-kickoff-ur1,VCT 2026: Americas Kickoff
keznit,ENVY,2,0,0,0,0,0,0,0,0,40,0,0,Abyss,2026-01-15 17:00:00,https://www.vlr.gg/596399/envy-vs-evil-geniuses-vct-2026-americas-kickoff-ur1,VCT 2026: Americas Kickoff
P0PPIN,ENVY,0,0,0,0,0,0,0,0,0,22,6,0,Abyss,2026-01-15 17:00:00,https://www.vlr.gg/596399/envy-vs-evil-geniuses-vct-2026-americas-kickoff-ur1,VCT 2026: Americas Kickoff
Eggsterr,ENVY,1,2,0,0,0,0,0,0,0,46,0,3,Abyss,2026-01-15 17:00:00,https://www.vlr.gg/596399/envy-vs-evil-geniuses-vct-2026-americas-kickoff-ur1,VCT 2026: Americas Kickoff
C0M,EG,2,0,0,0,0,0,0,0,0,58,3,1,Abyss,2026-01-15 17:00:00,https://www.vlr.gg/596399/envy-vs-evil-geniuses-vct-2026-americas-kickoff-ur1,VCT 2026: Americas Kickoff
supamen,EG,1,0,0,0,0,0,0,0,0,32,0,0,Abyss,2026-01-15 17:00:00,https://www.vlr.gg/596399/envy-vs-evil-geniuses-vct-2026-americas-kickoff-ur1,VCT 2026: Americas Kickoff
Okeanos,EG,4,1,0,0,0,0,0,0,0,47,1,0,Abyss,2026-01-15 17:00:00,https://www.vlr.gg/596399/envy-vs-evil-geniuses-vct-2026-americas-kickoff-ur1,VCT 2026: Americas Kickoff
dgzin,EG,6,1,0,0,0,0,0,0,0,57,1,3,Abyss,2026-01-15 17:00:00,https://www.vlr.gg/596399/envy-vs-evil-geniuses-vct-2026-americas-kickoff-ur1,VCT 2026: Americas Kickoff
bao,EG,4,1,1,0,0,0,0,0,0,67,1,1,Abyss,2026-01-15 17:00:00,https://www.vlr.gg/596399/envy-vs-evil-geniuses-vct-2026-americas-kickoff-ur1,VCT 2026: Americas Kickoff
Inspire,ENVY,5,0,0,0,1,0,0,0,0,56,0,1,Corrode,2026-01-15 17:00:00,https://www.vlr.gg/596399/envy-vs-evil-geniuses-vct-2026-americas-kickoff-ur1,VCT 2026: Americas Kickoff
Rossy,ENVY,4,2,0,0,1,0,0,0,0,53,1,1,Corrode,2026-01-15 17:00:00,https://www.vlr.gg/596399/envy-vs-evil-geniuses-vct-2026-americas-kickoff-ur1,VCT 2026: Americas Kickoff
keznit,ENVY,2,0,0,0,1,0,0,0,0,42,0,0,Corrode,2026-01-15 17:00:00,https://www.vlr.gg/596399/envy-vs-evil-geniuses-vct-2026-americas-kickoff-ur1,VCT 2026: Americas Kickoff
P0PPIN,ENVY,3,0,0,0,0,0,0,0,0,53,6,0,Corrode,2026-01-15 17:00:00,https://www.vlr.gg/596399/envy-vs-evil-geniuses-vct-2026-americas-kickoff-ur1,VCT 2026: Americas Kickoff
Eggsterr,ENVY,5,1,0,0,0,0,0,0,0,48,2,0,Corrode,2026-01-15 17:00:00,https://www.vlr.gg/596399/envy-vs-evil-geniuses-vct-2026-americas-kickoff-ur1,VCT 2026: Americas Kickoff
C0M,EG,0,2,0,0,0,0,0,0,0,44,5,1,Corrode,2026-01-15 17:00:00,https://www.vlr.gg/596399/envy-vs-evil-geniuses-vct-2026-americas-kickoff-ur1,VCT 2026: Americas Kickoff
supamen,EG,3,1,0,0,0,0,0,0,0,52,0,0,Corrode,2026-01-15 17:00:00,https://www.vlr.gg/596399/envy-vs-evil-geniuses-vct-2026-americas-kickoff-ur1,VCT 2026: Americas Kickoff
Okeanos,EG,3,2,1,0,0,0,0,0,0,65,0,1,Corrode,2026-01-15 17:00:00,https://www.vlr.gg/596399/envy-vs-evil-geniuses-vct-2026-americas-kickoff-ur1,VCT 2026: Americas Kickoff
dgzin,EG,5,0,0,0,0,0,0,0,0,52,0,1,Corrode,2026-01-15 17:00:00,https://www.vlr.gg/596399/envy-vs-evil-geniuses-vct-2026-americas-kickoff-ur1,VCT 2026: Americas Kickoff
bao,EG,2,0,0,0,0,0,0,0,0,23,2,0,Corrode,2026-01-15 17:00:00,https://www.vlr.gg/596399/envy-vs-evil-geniuses-vct-2026-americas-kickoff-ur1,VCT 2026: Americas Kickoff
Inspire,ENVY,2,3,0,0,1,0,0,0,0,55,2,1,Bind,2026-01-15 17:00:00,https://www.vlr.gg/596399/envy-vs-evil-geniuses-vct-2026-americas-kickoff-ur1,VCT 2026: Americas Kickoff
Rossy,ENVY,2,1,0,0,0,0,0,0,0,50,1,0,Bind,2026-01-15 17:00:00,https://www.vlr.gg/596399/envy-vs-evil-geniuses-vct-2026-americas-kickoff-ur1,VCT 2026: Americas Kickoff
keznit,ENVY,4,0,0,0,0,0,0,0,0,54,0,0,Bind,2026-01-15 17:00:00,https://www.vlr.gg/596399/envy-vs-evil-geniuses-vct-2026-americas-kickoff-ur1,VCT 2026: Americas Kickoff
P0PPIN,ENVY,1,0,0,0,0,0,0,0,0,31,5,0,Bind,2026-01-15 17:00:00,https://www.vlr.gg/596399/envy-vs-evil-geniuses-vct-2026-americas-kickoff-ur1,VCT 2026: Americas Kickoff
Eggsterr,ENVY,4,3,1,0,0,0,0,0,0,67,0,0,Bind,2026-01-15 17:00:00,https://www.vlr.gg/596399/envy-vs-evil-geniuses-vct-2026-americas-kickoff-ur1,VCT 2026: Americas Kickoff
C0M,EG,2,0,0,0,0,1,0,0,0,38,2,0,Bind,2026-01-15 17:00:00,https://www.vlr.gg/596399/envy-vs-evil-geniuses-vct-2026-americas-kickoff-ur1,VCT 2026: Americas Kickoff
supamen,EG,3,1,0,0,0,0,0,0,0,72,0,1,Bind,2026-01-15 17:00:00,https://www.vlr.gg/596399/envy-vs-evil-geniuses-vct-2026-americas-kickoff-ur1,VCT 2026: Americas Kickoff
Okeanos,EG,3,1,0,0,0,0,0,0,0,40,0,0,Bind,2026-01-15 17:00:00,https://www.vlr.gg/596399/envy-vs-evil-geniuses-vct-2026-americas-kickoff-ur1,VCT 2026: Americas Kickoff
dgzin,EG,2,0,0,0,0,0,0,0,0,35,0,2,Bind,2026-01-15 17:00:00,https://www.vlr.gg/596399/envy-vs-evil-geniuses-vct-2026-americas-kickoff-ur1,VCT 2026: Americas Kickoff
bao,EG,4,0,0,0,0,0,0,0,0,56,4,0,Bind,2026-01-15 17:00:00,https://www.vlr.gg/596399/envy-vs-evil-geniuses-vct-2026-americas-kickoff-ur1,VCT 2026: Americas Kickoff
pANcada,LOUD,5,0,0,0,1,0,0,0,0,37,1,1,all,2026-01-15 20:10:00,https://www.vlr.gg/596398/loud-vs-cloud9-vct-2026-americas-kickoff-ur1,VCT 2026: Americas Kickoff
Virtyy,LOUD,6,1,0,0,0,0,0,0,0,36,1,0,all,2026-01-15 20:10:00,https://www.vlr.gg/596398/loud-vs-cloud9-vct-2026-americas-kickoff-ur1,VCT 2026: Americas Kickoff
cauanzin,LOUD,5,1,0,0,0,0,0,0,0,61,6,0,all,2026-01-15 20:10:00,https://www.vlr.gg/596398/loud-vs-cloud9-vct-2026-americas-kickoff-ur1,VCT 2026: Americas Kickoff
Darker,LOUD,6,3,0,0,2,0,0,0,0,53,5,1,all,2026-01-15 20:10:00,https://www.vlr.gg/596398/loud-vs-cloud9-vct-2026-americas-kickoff-ur1,VCT 2026: Americas Kickoff
lukxo,LOUD,2,8,0,0,0,0,1,0,0,65,2,1,all,2026-01-15 20:10:00,https://www.vlr.gg/596398/loud-vs-cloud9-vct-2026-americas-kickoff-ur1,VCT 2026: Americas Kickoff
Zellsis,C9,1,1,0,0,1,0,0,0,0,46,5,3,all,2026-01-15 20:10:00,https://www.vlr.gg/596398/loud-vs-cloud9-vct-2026-americas-kickoff-ur1,VCT 2026: Americas Kickoff
penny,C9,5,4,1,0,1,0,0,0,0,62,3,0,all,2026-01-15 20:10:00,https://www.vlr.gg/596398/loud-vs-cloud9-vct-2026-americas-kickoff-ur1,VCT 2026: Americas Kickoff
Xeppaa,C9,7,2,0,0,0,0,0,0,0,52,5,1,all,2026-01-15 20:10:00,https://www.vlr.gg/596398/loud-vs-cloud9-vct-2026-americas-kickoff-ur1,VCT 2026: Americas Kickoff
v1c,C9,6,2,0,0,0,1,0,0,0,54,4,0,all,2026-01-15 20:10:00,https://www.vlr.gg/596398/loud-vs-cloud9-vct-2026-americas-kickoff-ur1,VCT 2026: Americas Kickoff
OXY,C9,6,3,1,0,1,0,0,0,0,53,0,0,all,2026-01-15 20:10:00,https://www.vlr.gg/596398/loud-vs-cloud9-vct-2026-americas-kickoff-ur1,VCT 2026: Americas Kickoff
pANcada,LOUD,3,0,0,0,1,0,0,0,0,42,1,0,Haven,2026-01-15 20:10:00,https://www.vlr.gg/596398/loud-vs-cloud9-vct-2026-americas-kickoff-ur1,VCT 2026: Americas Kickoff
Virtyy,LOUD,2,1,0,0,0,0,0,0,0,33,1,0,Haven,2026-01-15 20:10:00,https://www.vlr.gg/596398/loud-vs-cloud9-vct-2026-americas-kickoff-ur1,VCT 2026: Americas Kickoff
cauanzin,LOUD,4,0,0,0,0,0,0,0,0,76,1,0,Haven,2026-01-15 20:10:00,https://www.vlr.gg/596398/loud-vs-cloud9-vct-2026-americas-kickoff-ur1,VCT 2026: Americas Kickoff
Darker,LOUD,4,1,0,0,1,0,0,0,0,66,4,0,Haven,2026-01-15 20:10:00,https://www.vlr.gg/596398/loud-vs-cloud9-vct-2026-americas-kickoff-ur1,VCT 2026: Americas Kickoff
lukxo,LOUD,1,2,0,0,0,0,0,0,0,48,1,1,Haven,2026-01-15 20:10:00,https://www.vlr.gg/596398/loud-vs-cloud9-vct-2026-americas-kickoff-ur1,VCT 2026: Americas Kickoff
Zellsis,C9,0,0,0,0,1,0,0,0,0,53,1,2,Haven,2026-01-15 20:10:00,https://www.vlr.gg/596398/loud-vs-cloud9-vct-2026-americas-kickoff-ur1,VCT 2026: Americas Kickoff
penny,C9,3,2,0,0,1,0,0,0,0,59,3,0,Haven,2026-01-15 20:10:00,https://www.vlr.gg/596398/loud-vs-cloud9-vct-2026-americas-kickoff-ur1,VCT 2026: Americas Kickoff
Xeppaa,C9,4,0,0,0,0,0,0,0,0,46,1,1,Haven,2026-01-15 20:10:00,https://www.vlr.gg/596398/loud-vs-cloud9-vct-2026-americas-kickoff-ur1,VCT 2026: Americas Kickoff
v1c,C9,3,1,0,0,0,1,0,0,0,60,2,0,Haven,2026-01-15 20:10:00,https://www.vlr.gg/596398/loud-vs-cloud9-vct-2026-americas-kickoff-ur1,VCT 2026: Americas Kickoff
OXY,C9,4,1,1,0,1,0,0,0,0,62,0,0,Haven,2026-01-15 20:10:00,https://www.vlr.gg/596398/loud-vs-cloud9-vct-2026-americas-kickoff-ur1,VCT 2026: Americas Kickoff
pANcada,LOUD,2,0,0,0,0,0,0,0,0,31,0,1,Abyss,2026-01-15 20:10:00,https://www.vlr.gg/596398/loud-vs-cloud9-vct-2026-americas-kickoff-ur1,VCT 2026: Americas Kickoff
Virtyy,LOUD,4,0,0,0,0,0,0,0,0,39,0,0,Abyss,2026-01-15 20:10:00,https://www.vlr.gg/596398/loud-vs-cloud9-vct-2026-americas-kickoff-ur1,VCT 2026: Americas Kickoff
cauanzin,LOUD,1,1,0,0,0,0,0,0,0,46,5,0,Abyss,2026-01-15 20:10:00,https://www.vlr.gg/596398/loud-vs-cloud9-vct-2026-americas-kickoff-ur1,VCT 2026: Americas Kickoff
Darker,LOUD,2,2,0,0,1,0,0,0,0,40,1,1,Abyss,2026-01-15 20:10:00,https://www.vlr.gg/596398/loud-vs-cloud9-vct-2026-americas-kickoff-ur1,VCT 2026: Americas Kickoff
lukxo,LOUD,1,6,0,0,0,0,1,0,0,82,1,0,Abyss,2026-01-15 20:10:00,https://www.vlr.gg/596398/loud-vs-cloud9-vct-2026-americas-kickoff-ur1,VCT 2026: Americas Kickoff
Zellsis,C9,1,1,0,0,0,0,0,0,0,38,4,1,Abyss,2026-01-15 20:10:00,https://www.vlr.gg/596398/loud-vs-cloud9-vct-2026-americas-kickoff-ur1,VCT 2026: Americas Kickoff
penny,C9,2,2,1,0,0,0,0,0,0,65,0,0,Abyss,2026-01-15 20:10:00,https://www.vlr.gg/596398/loud-vs-cloud9-vct-2026-americas-kickoff-ur1,VCT 2026: Americas Kickoff
Xeppaa,C9,3,2,0,0,0,0,0,0,0,58,4,0,Abyss,2026-01-15 20:10:00,https://www.vlr.gg/596398/loud-vs-cloud9-vct-2026-americas-kickoff-ur1,VCT 2026: Americas Kickoff
v1c,C9,3,1,0,0,0,0,0,0,0,47,2,0,Abyss,2026-01-15 20:10:00,https://www.vlr.gg/596398/loud-vs-cloud9-vct-2026-americas-kickoff-ur1,VCT 2026: Americas Kickoff
OXY,C9,2,2,0,0,0,0,0,0,0,44,0,0,Abyss,2026-01-15 20:10:00,https://www.vlr.gg/596398/loud-vs-cloud9-vct-2026-americas-kickoff-ur1,VCT 2026: Americas Kickoff
NagZ,KRÜ,5,2,0,0,1,0,0,0,0,55,2,2,all,2026-01-16 17:00:00,https://www.vlr.gg/596400/kr-esports-vs-furia-vct-2026-americas-kickoff-ur1,VCT 2026: Americas Kickoff
Governor,KRÜ,5,0,1,0,0,0,0,0,0,39,11,0,all,2026-01-16 17:00:00,https://www.vlr.gg/596400/kr-esports-vs-furia-vct-2026-americas-kickoff-ur1,VCT 2026: Americas Kickoff
infiltrator,KRÜ,6,3,1,0,0,0,0,0,0,50,1,1,all,2026-01-16 17:00:00,https://www.vlr.gg/596400/kr-esports-vs-furia-vct-2026-americas-kickoff-ur1,VCT 2026: Americas Kickoff
mta,KRÜ,2,4,0,0,0,0,0,0,0,46,6,2,all,2026-01-16 17:00:00,https://www.vlr.gg/596400/kr-esports-vs-furia-vct-2026-americas-kickoff-ur1,VCT 2026: Americas Kickoff
benG,KRÜ,6,1,0,0,1,0,1,0,0,39,4,0,all,2026-01-16 17:00:00,https://www.vlr.gg/596400/kr-esports-vs-furia-vct-2026-americas-kickoff-ur1,VCT 2026: Americas Kickoff
nerve,FUR,5,1,0,0,0,0,0,0,0,44,7,0,all,2026-01-16 17:00:00,https://www.vlr.gg/596400/kr-esports-vs-furia-vct-2026-americas-kickoff-ur1,VCT 2026: Americas Kickoff
eeiu,FUR,7,3,0,0,0,0,0,1,0,44,4,1,all,2026-01-16 17:00:00,https://www.vlr.gg/596400/kr-esports-vs-furia-vct-2026-americas-kickoff-ur1,VCT 2026: Americas Kickoff
koalanoob,FUR,11,5,0,0,0,1,0,0,0,72,1,0,all,2026-01-16 17:00:00,https://www.vlr.gg/596400/kr-esports-vs-furia-vct-2026-americas-kickoff-ur1,VCT 2026: Americas Kickoff
artzin,FUR,8,5,0,0,0,2,1,0,0,54,7,5,all,2026-01-16 17:00:00,https://www.vlr.gg/596400/kr-esports-vs-furia-vct-2026-americas-kickoff-ur1,VCT 2026: Americas Kickoff
alym,FUR,9,2,0,1,1,0,0,0,0,49,2,0,all,2026-01-16 17:00:00,https://www.vlr.gg/596400/kr-esports-vs-furia-vct-2026-americas-kickoff-ur1,VCT 2026: Americas Kickoff
NagZ,KRÜ,3,0,0,0,0,0,0,0,0,43,1,1,Pearl,2026-01-16 17:00:00,https://www.vlr.gg/596400/kr-esports-vs-furia-vct-2026-americas-kickoff-ur1,VCT 2026: Americas Kickoff
Governor,KRÜ,2,0,1,0,0,0,0,0,0,41,4,0,Pearl,2026-01-16 17:00:00,https://www.vlr.gg/596400/kr-esports-vs-furia-vct-2026-americas-kickoff-ur1,VCT 2026: Americas Kickoff
infiltrator,KRÜ,1,1,0,0,0,0,0,0,0,46,0,1,Pearl,2026-01-16 17:00:00,https://www.vlr.gg/596400/kr-esports-vs-furia-vct-2026-americas-kickoff-ur1,VCT 2026: Americas Kickoff
mta,KRÜ,0,2,0,0,0,0,0,0,0,41,1,1,Pearl,2026-01-16 17:00:00,https://www.vlr.gg/596400/kr-esports-vs-furia-vct-2026-americas-kickoff-ur1,VCT 2026: Americas Kickoff
benG,KRÜ,3,1,0,0,1,0,1,0,0,53,3,0,Pearl,2026-01-16 17:00:00,https://www.vlr.gg/596400/kr-esports-vs-furia-vct-2026-americas-kickoff-ur1,VCT 2026: Americas Kickoff
nerve,FUR,1,0,0,0,0,0,0,0,0,40,1,0,Pearl,2026-01-16 17:00:00,https://www.vlr.gg/596400/kr-esports-vs-furia-vct-2026-americas-kickoff-ur1,VCT 2026: Americas Kickoff
eeiu,FUR,3,0,0,0,0,0,0,0,0,45,1,1,Pearl,2026-01-16 17:00:00,https://www.vlr.gg/596400/kr-esports-vs-furia-vct-2026-americas-kickoff-ur1,VCT 2026: Americas Kickoff
koalanoob,FUR,6,2,0,0,0,1,0,0,0,83,1,0,Pearl,2026-01-16 17:00:00,https://www.vlr.gg/596400/kr-esports-vs-furia-vct-2026-americas-kickoff-ur1,VCT 2026: Americas Kickoff
artzin,FUR,3,1,0,0,0,0,0,0,0,55,3,1,Pearl,2026-01-16 17:00:00,https://www.vlr.gg/596400/kr-esports-vs-furia-vct-2026-americas-kickoff-ur1,VCT 2026: Americas Kickoff
alym,FUR,0,0,0,1,1,0,0,0,0,31,1,0,Pearl,2026-01-16 17:00:00,https://www.vlr.gg/596400/kr-esports-vs-furia-vct-2026-americas-kickoff-ur1,VCT 2026: Americas Kickoff
NagZ,KRÜ,1,2,0,0,1,0,0,0,0,82,1,1,Breeze,2026-01-16 17:00:00,https://www.vlr.gg/596400/kr-esports-vs-furia-vct-2026-americas-kickoff-ur1,VCT 2026: Americas Kickoff
Governor,KRÜ,2,0,0,0,0,0,0,0,0,42,3,0,Breeze,2026-01-16 17:00:00,https://www.vlr.gg/596400/kr-esports-vs-furia-vct-2026-americas-kickoff-ur1,VCT 2026: Americas Kickoff
infiltrator,KRÜ,3,1,0,0,0,0,0,0,0,42,1,0,Breeze,2026-01-16 17:00:00,https://www.vlr.gg/596400/kr-esports-vs-furia-vct-2026-americas-kickoff-ur1,VCT 2026: Americas Kickoff
mta,KRÜ,2,1,0,0,0,0,0,0,0,52,4,0,Breeze,2026-01-16 17:00:00,https://www.vlr.gg/596400/kr-esports-vs-furia-vct-2026-americas-kickoff-ur1,VCT 2026: Americas Kickoff
benG,KRÜ,2,0,0,0,0,0,0,0,0,33,0,0,Breeze,2026-01-16 17:00:00,https://www.vlr.gg/596400/kr-esports-vs-furia-vct-2026-americas-kickoff-ur1,VCT 2026: Americas Kickoff
nerve,FUR,2,0,0,0,0,0,0,0,0,41,3,0,Breeze,2026-01-16 17:00:00,https://www.vlr.gg/596400/kr-esports-vs-furia-vct-2026-americas-kickoff-ur1,VCT 2026: Americas Kickoff
eeiu,FUR,1,1,0,0,0,0,0,0,0,43,2,0,Breeze,2026-01-16 17:00:00,https://www.vlr.gg/596400/kr-esports-vs-furia-vct-2026-americas-kickoff-ur1,VCT 2026: Americas Kickoff
koalanoob,FUR,3,1,0,0,0,0,0,0,0,57,0,0,Breeze,2026-01-16 17:00:00,https://www.vlr.gg/596400/kr-esports-vs-furia-vct-2026-americas-kickoff-ur1,VCT 2026: Americas Kickoff
artzin,FUR,3,3,0,0,0,1,1,0,0,57,2,2,Breeze,2026-01-16 17:00:00,https://www.vlr.gg/596400/kr-esports-vs-furia-vct-2026-americas-kickoff-ur1,VCT 2026: Americas Kickoff
alym,FUR,7,0,0,0,0,0,0,0,0,58,1,0,Breeze,2026-01-16 17:00:00,https://www.vlr.gg/596400/kr-esports-vs-furia-vct-2026-americas-kickoff-ur1,VCT 2026: Americas Kickoff
NagZ,KRÜ,1,0,0,0,0,0,0,0,0,40,0,0,Abyss,2026-01-16 17:00:00,https://www.vlr.gg/596400/kr-esports-vs-furia-vct-2026-americas-kickoff-ur1,VCT 2026: Americas Kickoff
Governor,KRÜ,1,0,0,0,0,0,0,0,0,35,4,0,Abyss,2026-01-16 17:00:00,https://www.vlr.gg/596400/kr-esports-vs-furia-vct-2026-americas-kickoff-ur1,VCT 2026: Americas Kickoff
infiltrator,KRÜ,2,1,1,0,0,0,0,0,0,62,0,0,Abyss,2026-01-16 17:00:00,https://www.vlr.gg/596400/kr-esports-vs-furia-vct-2026-americas-kickoff-ur1,VCT 2026: Americas Kickoff
mta,KRÜ,0,1,0,0,0,0,0,0,0,46,1,1,Abyss,2026-01-16 17:00:00,https://www.vlr.gg/596400/kr-esports-vs-furia-vct-2026-americas-kickoff-ur1,VCT 2026: Americas Kickoff
benG,KRÜ,1,0,0,0,0,0,0,0,0,31,1,0,Abyss,2026-01-16 17:00:00,https://www.vlr.gg/596400/kr-esports-vs-furia-vct-2026-americas-kickoff-ur1,VCT 2026: Americas Kickoff
nerve,FUR,2,1,0,0,0,0,0,0,0,52,3,0,Abyss,2026-01-16 17:00:00,https://www.vlr.gg/596400/kr-esports-vs-furia-vct-2026-americas-kickoff-ur1,VCT 2026: Americas Kickoff
eeiu,FUR,3,2,0,0,0,0,0,1,0,45,1,0,Abyss,2026-01-16 17:00:00,https://www.vlr.gg/596400/kr-esports-vs-furia-vct-2026-americas-kickoff-ur1,VCT 2026: Americas Kickoff
koalanoob,FUR,2,2,0,0,0,0,0,0,0,75,0,0,Abyss,2026-01-16 17:00:00,https://www.vlr.gg/596400/kr-esports-vs-furia-vct-2026-americas-kickoff-ur1,VCT 2026: Americas Kickoff
artzin,FUR,2,1,0,0,0,1,0,0,0,50,2,2,Abyss,2026-01-16 17:00:00,https://www.vlr.gg/596400/kr-esports-vs-furia-vct-2026-americas-kickoff-ur1,VCT 2026: Americas Kickoff
alym,FUR,2,2,0,0,0,0,0,0,0,59,0,0,Abyss,2026-01-16 17:00:00,https://www.vlr.gg/596400/kr-esports-vs-furia-vct-2026-americas-kickoff-ur1,VCT 2026: Americas Kickoff
Asuna,100T,6,3,0,0,0,0,0,0,0,48,18,2,all,2026-01-16 20:05:00,https://www.vlr.gg/596401/100-thieves-vs-leviat-n-vct-2026-americas-kickoff-ur1,VCT 2026: Americas Kickoff
bang,100T,9,2,1,0,0,0,0,0,0,51,1,1,all,2026-01-16 20:05:00,https://www.vlr.gg/596401/100-thieves-vs-leviat-n-vct-2026-americas-kickoff-ur1,VCT 2026: Americas Kickoff
Cryocells,100T,12,3,0,0,0,0,0,0,0,60,1,0,all,2026-01-16 20:05:00,https://www.vlr.gg/596401/100-thieves-vs-leviat-n-vct-2026-americas-kickoff-ur1,VCT 2026: Americas Kickoff
vora,100T,9,1,1,0,0,0,1,0,0,57,5,2,all,2026-01-16 20:05:00,https://www.vlr.gg/596401/100-thieves-vs-leviat-n-vct-2026-americas-kickoff-ur1,VCT 2026: Americas Kickoff
Timotino,100T,8,1,1,1,1,1,0,0,0,51,5,0,all,2026-01-16 20:05:00,https://www.vlr.gg/596401/100-thieves-vs-leviat-n-vct-2026-americas-kickoff-ur1,VCT 2026: Americas Kickoff
kiNgg,LEV,7,4,0,0,0,1,1,0,0,53,3,0,all,2026-01-16 20:05:00,https://www.vlr.gg/596401/100-thieves-vs-leviat-n-vct-2026-americas-kickoff-ur1,VCT 2026: Americas Kickoff
PxS,LEV,7,1,1,0,1,0,0,0,0,55,3,1,all,2026-01-16 20:05:00,https://www.vlr.gg/596401/100-thieves-vs-leviat-n-vct-2026-americas-kickoff-ur1,VCT 2026: Americas Kickoff
blowz,LEV,5,2,0,0,0,0,0,0,0,40,9,2,all,2026-01-16 20:05:00,https://www.vlr.gg/596401/100-thieves-vs-leviat-n-vct-2026-americas-kickoff-ur1,VCT 2026: Americas Kickoff
Sato,LEV,10,3,1,1,0,1,0,0,0,73,3,3,all,2026-01-16 20:05:00,https://www.vlr.gg/596401/100-thieves-vs-leviat-n-vct-2026-americas-kickoff-ur1,VCT 2026: Americas Kickoff
spike,LEV,7,2,0,0,0,0,0,0,0,39,4,2,all,2026-01-16 20:05:00,https://www.vlr.gg/596401/100-thieves-vs-leviat-n-vct-2026-americas-kickoff-ur1,VCT 2026: Americas Kickoff
Asuna,100T,3,1,0,0,0,0,0,0,0,52,7,1,Bind,2026-01-16 20:05:00,https://www.vlr.gg/596401/100-thieves-vs-leviat-n-vct-2026-americas-kickoff-ur1,VCT 2026: Americas Kickoff
bang,100T,3,0,1,0,0,0,0,0,0,57,0,0,Bind,2026-01-16 20:05:00,https://www.vlr.gg/596401/100-thieves-vs-leviat-n-vct-2026-americas-kickoff-ur1,VCT 2026: Americas Kickoff
Cryocells,100T,6,2,0,0,0,0,0,0,0,86,0,0,Bind,2026-01-16 20:05:00,https://www.vlr.gg/596401/100-thieves-vs-leviat-n-vct-2026-americas-kickoff-ur1,VCT 2026: Americas Kickoff
vora,100T,3,0,0,0,0,0,0,0,0,56,2,0,Bind,2026-01-16 20:05:00,https://www.vlr.gg/596401/100-thieves-vs-leviat-n-vct-2026-americas-kickoff-ur1,VCT 2026: Americas Kickoff
Timotino,100T,3,0,0,0,0,0,0,0,0,45,1,0,Bind,2026-01-16 20:05:00,https://www.vlr.gg/596401/100-thieves-vs-leviat-n-vct-2026-americas-kickoff-ur1,VCT 2026: Americas Kickoff
kiNgg,LEV,4,1,0,0,0,0,0,0,0,52,1,0,Bind,2026-01-16 20:05:00,https://www.vlr.gg/596401/100-thieves-vs-leviat-n-vct-2026-americas-kickoff-ur1,VCT 2026: Americas Kickoff
PxS,LEV,3,1,0,0,1,0,0,0,0,61,0,0,Bind,2026-01-16 20:05:00,https://www.vlr.gg/596401/100-thieves-vs-leviat-n-vct-2026-americas-kickoff-ur1,VCT 2026: Americas Kickoff
blowz,LEV,2,0,0,0,0,0,0,0,0,27,5,1,Bind,2026-01-16 20:05:00,https://www.vlr.gg/596401/100-thieves-vs-leviat-n-vct-2026-americas-kickoff-ur1,VCT 2026: Americas Kickoff
Sato,LEV,2,0,1,0,0,0,0,0,0,76,1,0,Bind,2026-01-16 20:05:00,https://www.vlr.gg/596401/100-thieves-vs-leviat-n-vct-2026-americas-kickoff-ur1,VCT 2026: Americas Kickoff
spike,LEV,3,0,0,0,0,0,0,0,0,33,0,0,Bind,2026-01-16 20:05:00,https://www.vlr.gg/596401/100-thieves-vs-leviat-n-vct-2026-americas-kickoff-ur1,VCT 2026: Americas Kickoff
Asuna,100T,3,2,0,0,0,0,0,0,0,58,4,0,Pearl,2026-01-16 20:05:00,https://www.vlr.gg/596401/100-thieves-vs-leviat-n-vct-2026-americas-kickoff-ur1,VCT 2026: Americas Kickoff
bang,100T,2,1,0,0,0,0,0,0,0,43,1,0,Pearl,2026-01-16 20:05:00,https://www.vlr.gg/596401/100-thieves-vs-leviat-n-vct-2026-americas-kickoff-ur1,VCT 2026: Americas Kickoff
Cryocells,100T,2,1,0,0,0,0,0,0,0,43,1,0,Pearl,2026-01-16 20:05:00,https://www.vlr.gg/596401/100-thieves-vs-leviat-n-vct-2026-americas-kickoff-ur1,VCT 2026: Americas Kickoff
vora,100T,4,0,0,0,0,0,0,0,0,51,2,1,Pearl,2026-01-16 20:05:00,https://www.vlr.gg/596401/100-thieves-vs-leviat-n-vct-2026-americas-kickoff-ur1,VCT 2026: Americas Kickoff
Timotino,100T,1,1,0,1,1,0,0,0,0,50,1,0,Pearl,2026-01-16 20:05:00,https://www.vlr.gg/596401/100-thieves-vs-leviat-n-vct-2026-americas-kickoff-ur1,VCT 2026: Americas Kickoff
kiNgg,LEV,3,1,0,0,0,1,1,0,0,56,1,0,Pearl,2026-01-16 20:05:00,https://www.vlr.gg/596401/100-thieves-vs-leviat-n-vct-2026-americas-kickoff-ur1,VCT 2026: Americas Kickoff
PxS,LEV,1,0,0,0,0,0,0,0,0,42,1,0,Pearl,2026-01-16 20:05:00,https://www.vlr.gg/596401/100-thieves-vs-leviat-n-vct-2026-americas-kickoff-ur1,VCT 2026: Americas Kickoff
blowz,LEV,3,2,0,0,0,0,0,0,0,52,2,0,Pearl,2026-01-16 20:05:00,https://www.vlr.gg/596401/100-thieves-vs-leviat-n-vct-2026-americas-kickoff-ur1,VCT 2026: Americas Kickoff
Sato,LEV,4,0,0,1,0,0,0,0,0,65,2,1,Pearl,2026-01-16 20:05:00,https://www.vlr.gg/596401/100-thieves-vs-leviat-n-vct-2026-americas-kickoff-ur1,VCT 2026: Americas Kickoff
spike,LEV,3,2,0,0,0,0,0,0,0,42,3,1,Pearl,2026-01-16 20:05:00,https://www.vlr.gg/596401/100-thieves-vs-leviat-n-vct-2026-americas-kickoff-ur1,VCT 2026: Americas Kickoff
Asuna,100T,0,0,0,0,0,0,0,0,0,33,7,1,Split,2026-01-16 20:05:00,https://www.vlr.gg/596401/100-thieves-vs-leviat-n-vct-2026-americas-kickoff-ur1,VCT 2026: Americas Kickoff
bang,100T,4,1,0,0,0,0,0,0,0,54,0,1,Split,2026-01-16 20:05:00,https://www.vlr.gg/596401/100-thieves-vs-leviat-n-vct-2026-americas-kickoff-ur1,VCT 2026: Americas Kickoff
Cryocells,100T,4,0,0,0,0,0,0,0,0,50,0,0,Split,2026-01-16 20:05:00,https://www.vlr.gg/596401/100-thieves-vs-leviat-n-vct-2026-americas-kickoff-ur1,VCT 2026: Americas Kickoff
vora,100T,2,1,1,0,0,0,1,0,0,65,1,1,Split,2026-01-16 20:05:00,https://www.vlr.gg/596401/100-thieves-vs-leviat-n-vct-2026-americas-kickoff-ur1,VCT 2026: Americas Kickoff
Timotino,100T,4,0,1,0,0,1,0,0,0,58,3,0,Split,2026-01-16 20:05:00,https://www.vlr.gg/596401/100-thieves-vs-leviat-n-vct-2026-americas-kickoff-ur1,VCT 2026: Americas Kickoff
kiNgg,LEV,0,2,0,0,0,0,0,0,0,52,1,0,Split,2026-01-16 20:05:00,https://www.vlr.gg/596401/100-thieves-vs-leviat-n-vct-2026-americas-kickoff-ur1,VCT 2026: Americas Kickoff
PxS,LEV,3,0,1,0,0,0,0,0,0,63,2,1,Split,2026-01-16 20:05:00,https://www.vlr.gg/596401/100-thieves-vs-leviat-n-vct-2026-americas-kickoff-ur1,VCT 2026: Americas Kickoff
blowz,LEV,0,0,0,0,0,0,0,0,0,41,2,1,Split,2026-01-16 20:05:00,https://www.vlr.gg/596401/100-thieves-vs-leviat-n-vct-2026-americas-kickoff-ur1,VCT 2026: Americas Kickoff
Sato,LEV,4,3,0,0,0,1,0,0,0,77,0,2,Split,2026-01-16 20:05:00,https://www.vlr.gg/596401/100-thieves-vs-leviat-n-vct-2026-americas-kickoff-ur1,VCT 2026: Americas Kickoff
spike,LEV,1,0,0,0,0,0,0,0,0,41,1,1,Split,2026-01-16 20:05:00,https://www.vlr.gg/596401/100-thieves-vs-leviat-n-vct-2026-americas-kickoff-ur1,VCT 2026: Americas Kickoff
brawk,NRG,5,2,1,0,1,0,0,0,0,68,5,0,all,2026-01-17 17:00:00,https://www.vlr.gg/596402/nrg-vs-cloud9-vct-2026-americas-kickoff-ur2,VCT 2026: Americas Kickoff
mada,NRG,7,0,0,0,1,0,0,0,0,50,1,3,all,2026-01-17 17:00:00,https://www.vlr.gg/596402/nrg-vs-cloud9-vct-2026-americas-kickoff-ur2,VCT 2026: Americas Kickoff
skuba,NRG,2,1,1,0,1,0,1,0,0,46,2,0,all,2026-01-17 17:00:00,https://www.vlr.gg/596402/nrg-vs-cloud9-vct-2026-americas-kickoff-ur2,VCT 2026: Americas Kickoff
Ethan,NRG,4,0,1,0,0,0,0,0,0,47,8,0,all,2026-01-17 17:00:00,https://www.vlr.gg/596402/nrg-vs-cloud9-vct-2026-americas-kickoff-ur2,VCT 2026: Americas Kickoff
keiko,NRG,10,2,0,0,0,0,0,0,0,63,1,2,all,2026-01-17 17:00:00,https://www.vlr.gg/596402/nrg-vs-cloud9-vct-2026-americas-kickoff-ur2,VCT 2026: Americas Kickoff
Zellsis,C9,0,1,0,0,0,0,0,0,0,29,4,0,all,2026-01-17 17:00:00,https://www.vlr.gg/596402/nrg-vs-cloud9-vct-2026-americas-kickoff-ur2,VCT 2026: Americas Kickoff
penny,C9,4,2,0,0,0,0,0,0,0,44,0,0,all,2026-01-17 17:00:00,https://www.vlr.gg/596402/nrg-vs-cloud9-vct-2026-americas-kickoff-ur2,VCT 2026: Americas Kickoff
Xeppaa,C9,1,4,0,0,0,0,0,0,0,67,3,0,all,2026-01-17 17:00:00,https://www.vlr.gg/596402/nrg-vs-cloud9-vct-2026-americas-kickoff-ur2,VCT 2026: Americas Kickoff
v1c,C9,2,1,2,0,2,0,0,0,0,52,0,4,all,2026-01-17 17:00:00,https://www.vlr.gg/596402/nrg-vs-cloud9-vct-2026-americas-kickoff-ur2,VCT 2026: Americas Kickoff
OXY,C9,1,3,1,0,0,0,0,0,0,36,0,0,all,2026-01-17 17:00:00,https://www.vlr.gg/596402/nrg-vs-cloud9-vct-2026-americas-kickoff-ur2,VCT 2026: Americas Kickoff
brawk,NRG,3,2,1,0,1,0,0,0,0,91,2,0,Pearl,2026-01-17 17:00:00,https://www.vlr.gg/596402/nrg-vs-cloud9-vct-2026-americas-kickoff-ur2,VCT 2026: Americas Kickoff
mada,NRG,4,0,0,0,1,0,0,0,0,56,1,0,Pearl,2026-01-17 17:00:00,https://www.vlr.gg/596402/nrg-vs-cloud9-vct-2026-americas-kickoff-ur2,VCT 2026: Americas Kickoff
skuba,NRG,0,0,0,0,0,0,0,0,0,30,1,0,Pearl,2026-01-17 17:00:00,https://www.vlr.gg/596402/nrg-vs-cloud9-vct-2026-americas-kickoff-ur2,VCT 2026: Americas Kickoff
Ethan,NRG,3,0,0,0,0,0,0,0,0,53,5,0,Pearl,2026-01-17 17:00:00,https://www.vlr.gg/596402/nrg-vs-cloud9-vct-2026-americas-kickoff-ur2,VCT 2026: Americas Kickoff
keiko,NRG,5,0,0,0,0,0,0,0,0,58,1,0,Pearl,2026-01-17 17:00:00,https://www.vlr.gg/596402/nrg-vs-cloud9-vct-2026-americas-kickoff-ur2,VCT 2026: Americas Kickoff
Zellsis,C9,0,1,0,0,0,0,0,0,0,41,0,0,Pearl,2026-01-17 17:00:00,https://www.vlr.gg/596402/nrg-vs-cloud9-vct-2026-americas-kickoff-ur2,VCT 2026: Americas Kickoff
penny,C9,0,0,0,0,0,0,0,0,0,31,0,0,Pearl,2026-01-17 17:00:00,https://www.vlr.gg/596402/nrg-vs-cloud9-vct-2026-americas-kickoff-ur2,VCT 2026: Americas Kickoff
Xeppaa,C9,1,4,0,0,0,0,0,0,0,99,0,0,Pearl,2026-01-17 17:00:00,https://www.vlr.gg/596402/nrg-vs-cloud9-vct-2026-americas-kickoff-ur2,VCT 2026: Americas Kickoff
v1c,C9,1,0,1,0,0,0,0,0,0,41,0,0,Pearl,2026-01-17 17:00:00,https://www.vlr.gg/596402/nrg-vs-cloud9-vct-2026-americas-kickoff-ur2,VCT 2026: Americas Kickoff
OXY,C9,0,0,0,0,0,0,0,0,0,11,0,0,Pearl,2026-01-17 17:00:00,https://www.vlr.gg/596402/nrg-vs-cloud9-vct-2026-americas-kickoff-ur2,VCT 2026: Americas Kickoff
brawk,NRG,2,0,0,0,0,0,0,0,0,44,3,0,Breeze,2026-01-17 17:00:00,https://www.vlr.gg/596402/nrg-vs-cloud9-vct-2026-americas-kickoff-ur2,VCT 2026: Americas Kickoff
mada,NRG,3,0,0,0,0,0,0,0,0,43,0,3,Breeze,2026-01-17 17:00:00,https://www.vlr.gg/596402/nrg-vs-cloud9-vct-2026-americas-kickoff-ur2,VCT 2026: Americas Kickoff
skuba,NRG,2,1,1,0,1,0,1,0,0,61,1,0,Breeze,2026-01-17 17:00:00,https://www.vlr.gg/596402/nrg-vs-cloud9-vct-2026-americas-kickoff-ur2,VCT 2026: Americas Kickoff
Ethan,NRG,1,0,1,0,0,0,0,0,0,40,3,0,Breeze,2026-01-17 17:00:00,https://www.vlr.gg/596402/nrg-vs-cloud9-vct-2026-americas-kickoff-ur2,VCT 2026: Americas Kickoff
keiko,NRG,5,2,0,0,0,0,0,0,0,67,0,2,Breeze,2026-01-17 17:00:00,https://www.vlr.gg/596402/nrg-vs-cloud9-vct-2026-americas-kickoff-ur2,VCT 2026: Americas Kickoff
Zellsis,C9,0,0,0,0,0,0,0,0,0,17,4,0,Breeze,2026-01-17 17:00:00,https://www.vlr.gg/596402/nrg-vs-cloud9-vct-2026-americas-kickoff-ur2,VCT 2026: Americas Kickoff
penny,C9,4,2,0,0,0,0,0,0,0,57,0,0,Breeze,2026-01-17 17:00:00,https://www.vlr.gg/596402/nrg-vs-cloud9-vct-2026-americas-kickoff-ur2,VCT 2026: Americas Kickoff
Xeppaa,C9,0,0,0,0,0,0,0,0,0,34,3,0,Breeze,2026-01-17 17:00:00,https://www.vlr.gg/596402/nrg-vs-cloud9-vct-2026-americas-kickoff-ur2,VCT 2026: Americas Kickoff
v1c,C9,1,1,1,0,2,0,0,0,0,62,0,4,Breeze,2026-01-17 17:00:00,https://www.vlr.gg/596402/nrg-vs-cloud9-vct-2026-americas-kickoff-ur2,VCT 2026: Americas Kickoff
OXY,C9,1,3,1,0,0,0,0,0,0,61,0,0,Breeze,2026-01-17 17:00:00,https://www.vlr.gg/596402/nrg-vs-cloud9-vct-2026-americas-kickoff-ur2,VCT 2026: Americas Kickoff
tex,MIBR,6,1,2,0,0,1,0,0,0,56,1,0,all,2026-01-17 19:00:00,https://www.vlr.gg/596403/mibr-vs-envy-vct-2026-americas-kickoff-ur2,VCT 2026: Americas Kickoff
zekken,MIBR,4,1,0,0,1,0,0,0,0,43,4,1,all,2026-01-17 19:00:00,https://www.vlr.gg/596403/mibr-vs-envy-vct-2026-americas-kickoff-ur2,VCT 2026: Americas Kickoff
Mazino,MIBR,5,2,1,0,0,0,0,0,0,57,3,1,all,2026-01-17 19:00:00,https://www.vlr.gg/596403/mibr-vs-envy-vct-2026-americas-kickoff-ur2,VCT 2026: Americas Kickoff
aspas,MIBR,15,2,0,0,1,0,0,0,0,71,1,3,all,2026-01-17 19:00:00,https://www.vlr.gg/596403/mibr-vs-envy-vct-2026-americas-kickoff-ur2,VCT 2026: Americas Kickoff
Verno,MIBR,5,0,1,0,0,0,0,1,0,79,4,1,all,2026-01-17 19:00:00,https://www.vlr.gg/596403/mibr-vs-envy-vct-2026-americas-kickoff-ur2,VCT 2026: Americas Kickoff
Inspire,ENVY,6,1,0,0,0,1,1,0,0,47,1,0,all,2026-01-17 19:00:00,https://www.vlr.gg/596403/mibr-vs-envy-vct-2026-americas-kickoff-ur2,VCT 2026: Americas Kickoff
Rossy,ENVY,9,0,1,0,1,1,0,0,0,58,6,0,all,2026-01-17 19:00:00,https://www.vlr.gg/596403/mibr-vs-envy-vct-2026-americas-kickoff-ur2,VCT 2026: Americas Kickoff
keznit,ENVY,5,4,0,0,0,0,1,0,0,50,1,0,all,2026-01-17 19:00:00,https://www.vlr.gg/596403/mibr-vs-envy-vct-2026-americas-kickoff-ur2,VCT 2026: Americas Kickoff
P0PPIN,ENVY,6,0,0,0,0,0,0,0,0,48,9,0,all,2026-01-17 19:00:00,https://www.vlr.gg/596403/mibr-vs-envy-vct-2026-americas-kickoff-ur2,VCT 2026: Americas Kickoff
Eggsterr,ENVY,2,0,0,0,0,0,0,0,0,31,1,0,all,2026-01-17 19:00:00,https://www.vlr.gg/596403/mibr-vs-envy-vct-2026-americas-kickoff-ur2,VCT 2026: Americas Kickoff
tex,MIBR,2,0,1,0,0,0,0,0,0,40,0,0,Abyss,2026-01-17 19:00:00,https://www.vlr.gg/596403/mibr-vs-envy-vct-2026-americas-kickoff-ur2,VCT 2026: Americas Kickoff
zekken,MIBR,0,1,0,0,1,0,0,0,0,32,0,1,Abyss,2026-01-17 19:00:00,https://www.vlr.gg/596403/mibr-vs-envy-vct-2026-americas-kickoff-ur2,VCT 2026: Americas Kickoff
Mazino,MIBR,2,2,1,0,0,0,0,0,0,74,2,1,Abyss,2026-01-17 19:00:00,https://www.vlr.gg/596403/mibr-vs-envy-vct-2026-americas-kickoff-ur2,VCT 2026: Americas Kickoff
aspas,MIBR,6,2,0,0,0,0,0,0,0,86,0,2,Abyss,2026-01-17 19:00:00,https://www.vlr.gg/596403/mibr-vs-envy-vct-2026-americas-kickoff-ur2,VCT 2026: Americas Kickoff
Verno,MIBR,3,0,0,0,0,0,0,0,0,64,1,1,Abyss,2026-01-17 19:00:00,https://www.vlr.gg/596403/mibr-vs-envy-vct-2026-americas-kickoff-ur2,VCT 2026: Americas Kickoff
Inspire,ENVY,2,1,0,0,0,0,0,0,0,47,0,0,Abyss,2026-01-17 19:00:00,https://www.vlr.gg/596403/mibr-vs-envy-vct-2026-americas-kickoff-ur2,VCT 2026: Americas Kickoff
Rossy,ENVY,6,0,1,0,0,1,0,0,0,75,2,0,Abyss,2026-01-17 19:00:00,https://www.vlr.gg/596403/mibr-vs-envy-vct-2026-americas-kickoff-ur2,VCT 2026: Americas Kickoff
keznit,ENVY,0,1,0,0,0,0,0,0,0,32,0,0,Abyss,2026-01-17 19:00:00,https://www.vlr.gg/596403/mibr-vs-envy-vct-2026-americas-kickoff-ur2,VCT 2026: Americas Kickoff
P0PPIN,ENVY,3,0,0,0,0,0,0,0,0,56,5,0,Abyss,2026-01-17 19:00:00,https://www.vlr.gg/596403/mibr-vs-envy-vct-2026-americas-kickoff-ur2,VCT 2026: Americas Kickoff
Eggsterr,ENVY,0,0,0,0,0,0,0,0,0,21,1,0,Abyss,2026-01-17 19:00:00,https://www.vlr.gg/596403/mibr-vs-envy-vct-2026-americas-kickoff-ur2,VCT 2026: Americas Kickoff
tex,MIBR,4,1,1,0,0,1,0,0,0,71,1,0,Corrode,2026-01-17 19:00:00,https://www.vlr.gg/596403/mibr-vs-envy-vct-2026-americas-kickoff-ur2,VCT 2026: Americas Kickoff
zekken,MIBR,4,0,0,0,0,0,0,0,0,54,4,0,Corrode,2026-01-17 19:00:00,https://www.vlr.gg/596403/mibr-vs-envy-vct-2026-americas-kickoff-ur2,VCT 2026: Americas Kickoff
Mazino,MIBR,3,0,0,0,0,0,0,0,0,40,1,0,Corrode,2026-01-17 19:00:00,https://www.vlr.gg/596403/mibr-vs-envy-vct-2026-americas-kickoff-ur2,VCT 2026: Americas Kickoff
aspas,MIBR,9,0,0,0,1,0,0,0,0,56,1,1,Corrode,2026-01-17 19:00:00,https://www.vlr.gg/596403/mibr-vs-envy-vct-2026-americas-kickoff-ur2,VCT 2026: Americas Kickoff
Verno,MIBR,2,0,1,0,0,0,0,1,0,94,3,0,Corrode,2026-01-17 19:00:00,https://www.vlr.gg/596403/mibr-vs-envy-vct-2026-americas-kickoff-ur2,VCT 2026: Americas Kickoff
Inspire,ENVY,4,0,0,0,0,1,1,0,0,47,1,0,Corrode,2026-01-17 19:00:00,https://www.vlr.gg/596403/mibr-vs-envy-vct-2026-americas-kickoff-ur2,VCT 2026: Americas Kickoff
Rossy,ENVY,3,0,0,0,1,0,0,0,0,41,4,0,Corrode,2026-01-17 19:00:00,https://www.vlr.gg/596403/mibr-vs-envy-vct-2026-americas-kickoff-ur2,VCT 2026: Americas Kickoff
keznit,ENVY,5,3,0,0,0,0,1,0,0,67,1,0,Corrode,2026-01-17 19:00:00,https://www.vlr.gg/596403/mibr-vs-envy-vct-2026-americas-kickoff-ur2,VCT 2026: Americas Kickoff
P0PPIN,ENVY,3,0,0,0,0,0,0,0,0,40,4,0,Corrode,2026-01-17 19:00:00,https://www.vlr.gg/596403/mibr-vs-envy-vct-2026-americas-kickoff-ur2,VCT 2026: Americas Kickoff
Eggsterr,ENVY,2,0,0,0,0,0,0,0,0,41,0,0,Corrode,2026-01-17 19:00:00,https://www.vlr.gg/596403/mibr-vs-envy-vct-2026-americas-kickoff-ur2,VCT 2026: Americas Kickoff
johnqt,SEN,7,2,1,0,1,1,0,0,0,68,3,1,all,2026-01-18 17:00:00,https://www.vlr.gg/596404/sentinels-vs-furia-vct-2026-americas-kickoff-ur2,VCT 2026: Americas Kickoff
cortezia,SEN,3,2,0,0,1,0,0,0,0,52,1,0,all,2026-01-18 17:00:00,https://www.vlr.gg/596404/sentinels-vs-furia-vct-2026-americas-kickoff-ur2,VCT 2026: Americas Kickoff
Reduxx,SEN,2,0,0,0,0,0,0,0,0,29,1,0,all,2026-01-18 17:00:00,https://www.vlr.gg/596404/sentinels-vs-furia-vct-2026-americas-kickoff-ur2,VCT 2026: Americas Kickoff
Kyu,SEN,4,2,0,0,0,0,1,0,0,48,8,0,all,2026-01-18 17:00:00,https://www.vlr.gg/596404/sentinels-vs-furia-vct-2026-americas-kickoff-ur2,VCT 2026: Americas Kickoff
N4RRATE,SEN,4,4,0,0,0,0,0,0,0,47,0,1,all,2026-01-18 17:00:00,https://www.vlr.gg/596404/sentinels-vs-furia-vct-2026-americas-kickoff-ur2,VCT 2026: Americas Kickoff
nerve,FUR,7,1,0,0,0,1,0,0,0,53,2,0,all,2026-01-18 17:00:00,https://www.vlr.gg/596404/sentinels-vs-furia-vct-2026-americas-kickoff-ur2,VCT 2026: Americas Kickoff
eeiu,FUR,4,1,1,0,0,0,1,0,0,54,3,0,all,2026-01-18 17:00:00,https://www.vlr.gg/596404/sentinels-vs-furia-vct-2026-americas-kickoff-ur2,VCT 2026: Americas Kickoff
koalanoob,FUR,5,4,1,0,1,0,0,0,0,60,0,1,all,2026-01-18 17:00:00,https://www.vlr.gg/596404/sentinels-vs-furia-vct-2026-americas-kickoff-ur2,VCT 2026: Americas Kickoff
artzin,FUR,5,5,0,0,1,0,0,0,0,55,8,1,all,2026-01-18 17:00:00,https://www.vlr.gg/596404/sentinels-vs-furia-vct-2026-americas-kickoff-ur2,VCT 2026: Americas Kickoff
alym,FUR,6,0,0,0,1,0,0,0,0,43,0,2,all,2026-01-18 17:00:00,https://www.vlr.gg/596404/sentinels-vs-furia-vct-2026-americas-kickoff-ur2,VCT 2026: Americas Kickoff
johnqt,SEN,2,1,0,0,0,0,0,0,0,56,1,0,Split,2026-01-18 17:00:00,https://www.vlr.gg/596404/sentinels-vs-furia-vct-2026-americas-kickoff-ur2,VCT 2026: Americas Kickoff
cortezia,SEN,2,1,0,0,1,0,0,0,0,60,1,0,Split,2026-01-18 17:00:00,https://www.vlr.gg/596404/sentinels-vs-furia-vct-2026-americas-kickoff-ur2,VCT 2026: Americas Kickoff
Reduxx,SEN,2,0,0,0,0,0,0,0,0,36,0,0,Split,2026-01-18 17:00:00,https://www.vlr.gg/596404/sentinels-vs-furia-vct-2026-americas-kickoff-ur2,VCT 2026: Americas Kickoff
Kyu,SEN,1,1,0,0,0,0,1,0,0,41,3,0,Split,2026-01-18 17:00:00,https://www.vlr.gg/596404/sentinels-vs-furia-vct-2026-americas-kickoff-ur2,VCT 2026: Americas Kickoff
N4RRATE,SEN,2,1,0,0,0,0,0,0,0,38,0,0,Split,2026-01-18 17:00:00,https://www.vlr.gg/596404/sentinels-vs-furia-vct-2026-americas-kickoff-ur2,VCT 2026: Americas Kickoff
nerve,FUR,4,0,0,0,0,0,0,0,0,55,0,0,Split,2026-01-18 17:00:00,https://www.vlr.gg/596404/sentinels-vs-furia-vct-2026-americas-kickoff-ur2,VCT 2026: Americas Kickoff
eeiu,FUR,3,1,1,0,0,0,1,0,0,68,0,0,Split,2026-01-18 17:00:00,https://www.vlr.gg/596404/sentinels-vs-furia-vct-2026-americas-kickoff-ur2,VCT 2026: Americas Kickoff
koalanoob,FUR,2,2,1,0,1,0,0,0,0,67,0,1,Split,2026-01-18 17:00:00,https://www.vlr.gg/596404/sentinels-vs-furia-vct-2026-americas-kickoff-ur2,VCT 2026: Americas Kickoff
artzin,FUR,4,1,0,0,0,0,0,0,0,55,4,0,Split,2026-01-18 17:00:00,https://www.vlr.gg/596404/sentinels-vs-furia-vct-2026-americas-kickoff-ur2,VCT 2026: Americas Kickoff
alym,FUR,1,0,0,0,0,0,0,0,0,42,0,1,Split,2026-01-18 17:00:00,https://www.vlr.gg/596404/sentinels-vs-furia-vct-2026-americas-kickoff-ur2,VCT 2026: Americas Kickoff
johnqt,SEN,5,1,1,0,1,1,0,0,0,80,2,1,Breeze,2026-01-18 17:00:00,https://www.vlr.gg/596404/sentinels-vs-furia-vct-2026-americas-kickoff-ur2,VCT 2026: Americas Kickoff
cortezia,SEN,1,1,0,0,0,0,0,0,0,43,0,0,Breeze,2026-01-18 17:00:00,https://www.vlr.gg/596404/sentinels-vs-furia-vct-2026-americas-kickoff-ur2,VCT 2026: Americas Kickoff
Reduxx,SEN,0,0,0,0,0,0,0,0,0,22,1,0,Breeze,2026-01-18 17:00:00,https://www.vlr.gg/596404/sentinels-vs-furia-vct-2026-americas-kickoff-ur2,VCT 2026: Americas Kickoff
Kyu,SEN,3,1,0,0,0,0,0,0,0,54,5,0,Breeze,2026-01-18 17:00:00,https://www.vlr.gg/596404/sentinels-vs-furia-vct-2026-americas-kickoff-ur2,VCT 2026: Americas Kickoff
N4RRATE,SEN,2,3,0,0,0,0,0,0,0,55,0,1,Breeze,2026-01-18 17:00:00,https://www.vlr.gg/596404/sentinels-vs-furia-vct-2026-americas-kickoff-ur2,VCT 2026: Americas Kickoff
nerve,FUR,3,1,0,0,0,1,0,0,0,50,2,0,Breeze,2026-01-18 17:00:00,https://www.vlr.gg/596404/sentinels-vs-furia-vct-2026-americas-kickoff-ur2,VCT 2026: Americas Kickoff
eeiu,FUR,1,0,0,0,0,0,0,0,0,39,3,0,Breeze,2026-01-18 17:00:00,https://www.vlr.gg/596404/sentinels-vs-furia-vct-2026-americas-kickoff-ur2,VCT 2026: Americas Kickoff
koalanoob,FUR,3,2,0,0,0,0,0,0,0,52,0,0,Breeze,2026-01-18 17:00:00,https://www.vlr.gg/596404/sentinels-vs-furia-vct-2026-americas-kickoff-ur2,VCT 2026: Americas Kickoff
artzin,FUR,1,4,0,0,1,0,0,0,0,54,4,1,Breeze,2026-01-18 17:00:00,https://www.vlr.gg/596404/sentinels-vs-furia-vct-2026-americas-kickoff-ur2,VCT 2026: Americas Kickoff
alym,FUR,5,0,0,0,1,0,0,0,0,44,0,1,Breeze,2026-01-18 17:00:00,https://www.vlr.gg/596404/sentinels-vs-furia-vct-2026-americas-kickoff-ur2,VCT 2026: Americas Kickoff
BABYBAY,G2,4,5,0,0,1,0,0,0,0,53,1,1,all,2026-01-18 19:20:00,https://www.vlr.gg/596405/g2-esports-vs-100-thieves-vct-2026-americas-kickoff-ur2,VCT 2026: Americas Kickoff
valyn,G2,6,2,1,0,0,0,0,0,0,49,6,0,all,2026-01-18 19:20:00,https://www.vlr.gg/596405/g2-esports-vs-100-thieves-vct-2026-americas-kickoff-ur2,VCT 2026: Americas Kickoff
jawgemo,G2,5,2,1,0,0,0,0,0,0,37,2,1,all,2026-01-18 19:20:00,https://www.vlr.gg/596405/g2-esports-vs-100-thieves-vct-2026-americas-kickoff-ur2,VCT 2026: Americas Kickoff
leaf,G2,9,3,2,1,1,0,0,0,0,66,3,0,all,2026-01-18 19:20:00,https://www.vlr.gg/596405/g2-esports-vs-100-thieves-vct-2026-americas-kickoff-ur2,VCT 2026: Americas Kickoff
trent,G2,8,1,0,0,0,1,0,0,0,46,10,2,all,2026-01-18 19:20:00,https://www.vlr.gg/596405/g2-esports-vs-100-thieves-vct-2026-americas-kickoff-ur2,VCT 2026: Americas Kickoff
Asuna,100T,10,1,0,0,0,0,0,0,0,53,10,0,all,2026-01-18 19:20:00,https://www.vlr.gg/596405/g2-esports-vs-100-thieves-vct-2026-americas-kickoff-ur2,VCT 2026: Americas Kickoff
bang,100T,6,3,0,0,0,0,0,0,0,58,2,0,all,2026-01-18 19:20:00,https://www.vlr.gg/596405/g2-esports-vs-100-thieves-vct-2026-americas-kickoff-ur2,VCT 2026: Americas Kickoff
Cryocells,100T,17,3,0,0,3,0,0,0,0,70,2,3,all,2026-01-18 19:20:00,https://www.vlr.gg/596405/g2-esports-vs-100-thieves-vct-2026-americas-kickoff-ur2,VCT 2026: Americas Kickoff
vora,100T,5,2,1,0,0,0,0,0,0,68,5,0,all,2026-01-18 19:20:00,https://www.vlr.gg/596405/g2-esports-vs-100-thieves-vct-2026-americas-kickoff-ur2,VCT 2026: Americas Kickoff
Timotino,100T,4,4,0,0,0,0,0,0,0,44,1,1,all,2026-01-18 19:20:00,https://www.vlr.gg/596405/g2-esports-vs-100-thieves-vct-2026-americas-kickoff-ur2,VCT 2026: Americas Kickoff
BABYBAY,G2,2,4,0,0,1,0,0,0,0,88,0,1,Bind,2026-01-18 19:20:00,https://www.vlr.gg/596405/g2-esports-vs-100-thieves-vct-2026-americas-kickoff-ur2,VCT 2026: Americas Kickoff
valyn,G2,2,1,0,0,0,0,0,0,0,53,6,0,Bind,2026-01-18 19:20:00,https://www.vlr.gg/596405/g2-esports-vs-100-thieves-vct-2026-americas-kickoff-ur2,VCT 2026: Americas Kickoff
jawgemo,G2,1,0,1,0,0,0,0,0,0,33,1,0,Bind,2026-01-18 19:20:00,https://www.vlr.gg/596405/g2-esports-vs-100-thieves-vct-2026-americas-kickoff-ur2,VCT 2026: Americas Kickoff
leaf,G2,3,1,0,0,0,0,0,0,0,47,0,0,Bind,2026-01-18 19:20:00,https://www.vlr.gg/596405/g2-esports-vs-100-thieves-vct-2026-americas-kickoff-ur2,VCT 2026: Americas Kickoff
trent,G2,4,0,0,0,0,0,0,0,0,47,4,1,Bind,2026-01-18 19:20:00,https://www.vlr.gg/596405/g2-esports-vs-100-thieves-vct-2026-americas-kickoff-ur2,VCT 2026: Americas Kickoff
Asuna,100T,4,0,0,0,0,0,0,0,0,47,5,0,Bind,2026-01-18 19:20:00,https://www.vlr.gg/596405/g2-esports-vs-100-thieves-vct-2026-americas-kickoff-ur2,VCT 2026: Americas Kickoff
bang,100T,5,0,0,0,0,0,0,0,0,59,0,0,Bind,2026-01-18 19:20:00,https://www.vlr.gg/596405/g2-esports-vs-100-thieves-vct-2026-americas-kickoff-ur2,VCT 2026: Americas Kickoff
Cryocells,100T,7,1,0,0,1,0,0,0,0,68,2,2,Bind,2026-01-18 19:20:00,https://www.vlr.gg/596405/g2-esports-vs-100-thieves-vct-2026-americas-kickoff-ur2,VCT 2026: Americas Kickoff
vora,100T,1,0,0,0,0,0,0,0,0,37,2,0,Bind,2026-01-18 19:20:00,https://www.vlr.gg/596405/g2-esports-vs-100-thieves-vct-2026-americas-kickoff-ur2,VCT 2026: Americas Kickoff
Timotino,100T,2,1,0,0,0,0,0,0,0,49,1,1,Bind,2026-01-18 19:20:00,https://www.vlr.gg/596405/g2-esports-vs-100-thieves-vct-2026-americas-kickoff-ur2,VCT 2026: Americas Kickoff
BABYBAY,G2,0,0,0,0,0,0,0,0,0,31,0,0,Corrode,2026-01-18 19:20:00,https://www.vlr.gg/596405/g2-esports-vs-100-thieves-vct-2026-americas-kickoff-ur2,VCT 2026: Americas Kickoff
valyn,G2,2,0,1,0,0,0,0,0,0,50,0,0,Corrode,2026-01-18 19:20:00,https://www.vlr.gg/596405/g2-esports-vs-100-thieves-vct-2026-americas-kickoff-ur2,VCT 2026: Americas Kickoff
jawgemo,G2,1,0,0,0,0,0,0,0,0,25,0,0,Corrode,2026-01-18 19:20:00,https://www.vlr.gg/596405/g2-esports-vs-100-thieves-vct-2026-americas-kickoff-ur2,VCT 2026: Americas Kickoff
leaf,G2,2,1,1,0,0,0,0,0,0,63,0,0,Corrode,2026-01-18 19:20:00,https://www.vlr.gg/596405/g2-esports-vs-100-thieves-vct-2026-americas-kickoff-ur2,VCT 2026: Americas Kickoff
trent,G2,0,0,0,0,0,0,0,0,0,35,2,0,Corrode,2026-01-18 19:20:00,https://www.vlr.gg/596405/g2-esports-vs-100-thieves-vct-2026-americas-kickoff-ur2,VCT 2026: Americas Kickoff
Asuna,100T,2,1,0,0,0,0,0,0,0,68,1,0,Corrode,2026-01-18 19:20:00,https://www.vlr.gg/596405/g2-esports-vs-100-thieves-vct-2026-americas-kickoff-ur2,VCT 2026: Americas Kickoff
bang,100T,0,1,0,0,0,0,0,0,0,49,1,0,Corrode,2026-01-18 19:20:00,https://www.vlr.gg/596405/g2-esports-vs-100-thieves-vct-2026-americas-kickoff-ur2,VCT 2026: Americas Kickoff
Cryocells,100T,6,0,0,0,1,0,0,0,0,65,0,1,Corrode,2026-01-18 19:20:00,https://www.vlr.gg/596405/g2-esports-vs-100-thieves-vct-2026-americas-kickoff-ur2,VCT 2026: Americas Kickoff
vora,100T,2,1,1,0,0,0,0,0,0,88,0,0,Corrode,2026-01-18 19:20:00,https://www.vlr.gg/596405/g2-esports-vs-100-thieves-vct-2026-americas-kickoff-ur2,VCT 2026: Americas Kickoff
Timotino,100T,2,2,0,0,0,0,0,0,0,50,0,0,Corrode,2026-01-18 19:20:00,https://www.vlr.gg/596405/g2-esports-vs-100-thieves-vct-2026-americas-kickoff-ur2,VCT 2026: Americas Kickoff
BABYBAY,G2,2,1,0,0,0,0,0,0,0,40,1,0,Split,2026-01-18 19:20:00,https://www.vlr.gg/596405/g2-esports-vs-100-thieves-vct-2026-americas-kickoff-ur2,VCT 2026: Americas Kickoff
valyn,G2,2,1,0,0,0,0,0,0,0,45,0,0,Split,2026-01-18 19:20:00,https://www.vlr.gg/596405/g2-esports-vs-100-thieves-vct-2026-americas-kickoff-ur2,VCT 2026: Americas Kickoff
jawgemo,G2,3,2,0,0,0,0,0,0,0,54,1,1,Split,2026-01-18 19:20:00,https://www.vlr.gg/596405/g2-esports-vs-100-thieves-vct-2026-americas-kickoff-ur2,VCT 2026: Americas Kickoff
leaf,G2,4,1,1,1,1,0,0,0,0,89,3,0,Split,2026-01-18 19:20:00,https://www.vlr.gg/596405/g2-esports-vs-100-thieves-vct-2026-americas-kickoff-ur2,VCT 2026: Americas Kickoff
trent,G2,4,1,0,0,0,1,0,0,0,56,4,1,Split,2026-01-18 19:20:00,https://www.vlr.gg/596405/g2-esports-vs-100-thieves-vct-2026-americas-kickoff-ur2,VCT 2026: Americas Kickoff
Asuna,100T,4,0,0,0,0,0,0,0,0,44,4,0,Split,2026-01-18 19:20:00,https://www.vlr.gg/596405/g2-esports-vs-100-thieves-vct-2026-americas-kickoff-ur2,VCT 2026: Americas Kickoff
bang,100T,1,2,0,0,0,0,0,0,0,67,1,0,Split,2026-01-18 19:20:00,https://www.vlr.gg/596405/g2-esports-vs-100-thieves-vct-2026-americas-kickoff-ur2,VCT 2026: Americas Kickoff
Cryocells,100T,4,2,0,0,1,0,0,0,0,76,0,0,Split,2026-01-18 19:20:00,https://www.vlr.gg/596405/g2-esports-vs-100-thieves-vct-2026-americas-kickoff-ur2,VCT 2026: Americas Kickoff
vora,100T,2,1,0,0,0,0,0,0,0,78,3,0,Split,2026-01-18 19:20:00,https://www.vlr.gg/596405/g2-esports-vs-100-thieves-vct-2026-americas-kickoff-ur2,VCT 2026: Americas Kickoff
Timotino,100T,0,1,0,0,0,0,0,0,0,32,0,0,Split,2026-01-18 19:20:00,https://www.vlr.gg/596405/g2-esports-vs-100-thieves-vct-2026-americas-kickoff-ur2,VCT 2026: Americas Kickoff
pANcada,LOUD,7,1,0,0,2,0,0,0,0,47,2,2,all,2026-01-23 17:00:00,https://www.vlr.gg/596409/loud-vs-100-thieves-vct-2026-americas-kickoff-mr1,VCT 2026: Americas Kickoff
Virtyy,LOUD,9,4,0,0,2,0,0,0,0,46,1,1,all,2026-01-23 17:00:00,https://www.vlr.gg/596409/loud-vs-100-thieves-vct-2026-americas-kickoff-mr1,VCT 2026: Americas Kickoff
cauanzin,LOUD,6,0,0,0,0,0,0,0,0,35,12,0,all,2026-01-23 17:00:00,https://www.vlr.gg/596409/loud-vs-100-thieves-vct-2026-americas-kickoff-mr1,VCT 2026: Americas Kickoff
Darker,LOUD,6,2,0,0,1,0,0,0,0,38,7,1,all,2026-01-23 17:00:00,https://www.vlr.gg/596409/loud-vs-100-thieves-vct-2026-americas-kickoff-mr1,VCT 2026: Americas Kickoff
lukxo,LOUD,7,5,0,0,0,0,0,0,0,55,0,1,all,2026-01-23 17:00:00,https://www.vlr.gg/596409/loud-vs-100-thieves-vct-2026-americas-kickoff-mr1,VCT 2026: Americas Kickoff
Asuna,100T,5,2,0,0,0,0,0,0,0,57,8,5,all,2026-01-23 17:00:00,https://www.vlr.gg/596409/loud-vs-100-thieves-vct-2026-americas-kickoff-mr1,VCT 2026: Americas Kickoff
bang,100T,9,2,0,0,1,0,0,0,0,75,0,2,all,2026-01-23 17:00:00,https://www.vlr.gg/596409/loud-vs-100-thieves-vct-2026-americas-kickoff-mr1,VCT 2026: Americas Kickoff
Cryocells,100T,11,0,2,0,1,1,0,0,0,69,2,1,all,2026-01-23 17:00:00,https://www.vlr.gg/596409/loud-vs-100-thieves-vct-2026-americas-kickoff-mr1,VCT 2026: Americas Kickoff
vora,100T,7,3,0,0,1,0,0,0,0,54,6,2,all,2026-01-23 17:00:00,https://www.vlr.gg/596409/loud-vs-100-thieves-vct-2026-americas-kickoff-mr1,VCT 2026: Americas Kickoff
Timotino,100T,11,5,0,0,0,0,1,0,0,68,1,1,all,2026-01-23 17:00:00,https://www.vlr.gg/596409/loud-vs-100-thieves-vct-2026-americas-kickoff-mr1,VCT 2026: Americas Kickoff
pANcada,LOUD,4,1,0,0,2,0,0,0,0,48,0,2,Breeze,2026-01-23 17:00:00,https://www.vlr.gg/596409/loud-vs-100-thieves-vct-2026-americas-kickoff-mr1,VCT 2026: Americas Kickoff
Virtyy,LOUD,4,3,0,0,1,0,0,0,0,55,0,0,Breeze,2026-01-23 17:00:00,https://www.vlr.gg/596409/loud-vs-100-thieves-vct-2026-americas-kickoff-mr1,VCT 2026: Americas Kickoff
cauanzin,LOUD,4,0,0,0,0,0,0,0,0,46,7,0,Breeze,2026-01-23 17:00:00,https://www.vlr.gg/596409/loud-vs-100-thieves-vct-2026-americas-kickoff-mr1,VCT 2026: Americas Kickoff
Darker,LOUD,4,1,0,0,0,0,0,0,0,52,3,0,Breeze,2026-01-23 17:00:00,https://www.vlr.gg/596409/loud-vs-100-thieves-vct-2026-americas-kickoff-mr1,VCT 2026: Americas Kickoff
lukxo,LOUD,4,0,0,0,0,0,0,0,0,49,0,1,Breeze,2026-01-23 17:00:00,https://www.vlr.gg/596409/loud-vs-100-thieves-vct-2026-americas-kickoff-mr1,VCT 2026: Americas Kickoff
Asuna,100T,1,1,0,0,0,0,0,0,0,39,3,2,Breeze,2026-01-23 17:00:00,https://www.vlr.gg/596409/loud-vs-100-thieves-vct-2026-americas-kickoff-mr1,VCT 2026: Americas Kickoff
bang,100T,2,1,0,0,0,0,0,0,0,53,0,0,Breeze,2026-01-23 17:00:00,https://www.vlr.gg/596409/loud-vs-100-thieves-vct-2026-americas-kickoff-mr1,VCT 2026: Americas Kickoff
Cryocells,100T,1,0,2,0,1,1,0,0,0,61,1,0,Breeze,2026-01-23 17:00:00,https://www.vlr.gg/596409/loud-vs-100-thieves-vct-2026-americas-kickoff-mr1,VCT 2026: Americas Kickoff
vora,100T,3,1,0,0,0,0,0,0,0,49,3,2,Breeze,2026-01-23 17:00:00,https://www.vlr.gg/596409/loud-vs-100-thieves-vct-2026-americas-kickoff-mr1,VCT 2026: Americas Kickoff
Timotino,100T,7,1,0,0,0,0,0,0,0,60,1,0,Breeze,2026-01-23 17:00:00,https://www.vlr.gg/596409/loud-vs-100-thieves-vct-2026-americas-kickoff-mr1,VCT 2026: Americas Kickoff
pANcada,LOUD,1,0,0,0,0,0,0,0,0,46,2,0,Pearl,2026-01-23 17:00:00,https://www.vlr.gg/596409/loud-vs-100-thieves-vct-2026-americas-kickoff-mr1,VCT 2026: Americas Kickoff
Virtyy,LOUD,3,0,0,0,0,0,0,0,0,35,0,0,Pearl,2026-01-23 17:00:00,https://www.vlr.gg/596409/loud-vs-100-thieves-vct-2026-americas-kickoff-mr1,VCT 2026: Americas Kickoff
cauanzin,LOUD,0,0,0,0,0,0,0,0,0,26,3,0,Pearl,2026-01-23 17:00:00,https://www.vlr.gg/596409/loud-vs-100-thieves-vct-2026-americas-kickoff-mr1,VCT 2026: Americas Kickoff
Darker,LOUD,0,0,0,0,0,0,0,0,0,22,1,0,Pearl,2026-01-23 17:00:00,https://www.vlr.gg/596409/loud-vs-100-thieves-vct-2026-americas-kickoff-mr1,VCT 2026: Americas Kickoff
lukxo,LOUD,1,2,0,0,0,0,0,0,0,50,0,0,Pearl,2026-01-23 17:00:00,https://www.vlr.gg/596409/loud-vs-100-thieves-vct-2026-americas-kickoff-mr1,VCT 2026: Americas Kickoff
Asuna,100T,2,1,0,0,0,0,0,0,0,75,1,2,Pearl,2026-01-23 17:00:00,https://www.vlr.gg/596409/loud-vs-100-thieves-vct-2026-americas-kickoff-mr1,VCT 2026: Americas Kickoff
bang,100T,4,1,0,0,1,0,0,0,0,86,0,1,Pearl,2026-01-23 17:00:00,https://www.vlr.gg/596409/loud-vs-100-thieves-vct-2026-americas-kickoff-mr1,VCT 2026: Americas Kickoff
Cryocells,100T,3,0,0,0,0,0,0,0,0,76,1,1,Pearl,2026-01-23 17:00:00,https://www.vlr.gg/596409/loud-vs-100-thieves-vct-2026-americas-kickoff-mr1,VCT 2026: Americas Kickoff
vora,100T,2,0,0,0,1,0,0,0,0,67,1,0,Pearl,2026-01-23 17:00:00,https://www.vlr.gg/596409/loud-vs-100-thieves-vct-2026-americas-kickoff-mr1,VCT 2026: Americas Kickoff
Timotino,100T,1,2,0,0,0,0,0,0,0,81,0,0,Pearl,2026-01-23 17:00:00,https://www.vlr.gg/596409/loud-vs-100-thieves-vct-2026-americas-kickoff-mr1,VCT 2026: Americas Kickoff
pANcada,LOUD,2,0,0,0,0,0,0,0,0,48,0,0,Bind,2026-01-23 17:00:00,https://www.vlr.gg/596409/loud-vs-100-thieves-vct-2026-americas-kickoff-mr1,VCT 2026: Americas Kickoff
Virtyy,LOUD,2,1,0,0,1,0,0,0,0,48,1,1,Bind,2026-01-23 17:00:00,https://www.vlr.gg/596409/loud-vs-100-thieves-vct-2026-americas-kickoff-mr1,VCT 2026: Americas Kickoff
cauanzin,LOUD,2,0,0,0,0,0,0,0,0,34,2,0,Bind,2026-01-23 17:00:00,https://www.vlr.gg/596409/loud-vs-100-thieves-vct-2026-americas-kickoff-mr1,VCT 2026: Americas Kickoff
Darker,LOUD,2,1,0,0,1,0,0,0,0,39,3,1,Bind,2026-01-23 17:00:00,https://www.vlr.gg/596409/loud-vs-100-thieves-vct-2026-americas-kickoff-mr1,VCT 2026: Americas Kickoff
lukxo,LOUD,2,3,0,0,0,0,0,0,0,65,0,0,Bind,2026-01-23 17:00:00,https://www.vlr.gg/596409/loud-vs-100-thieves-vct-2026-americas-kickoff-mr1,VCT 2026: Americas Kickoff
Asuna,100T,2,0,0,0,0,0,0,0,0,56,4,1,Bind,2026-01-23 17:00:00,https://www.vlr.gg/596409/loud-vs-100-thieves-vct-2026-americas-kickoff-mr1,VCT 2026: Americas Kickoff
bang,100T,3,0,0,0,0,0,0,0,0,85,0,1,Bind,2026-01-23 17:00:00,https://www.vlr.gg/596409/loud-vs-100-thieves-vct-2026-americas-kickoff-mr1,VCT 2026: Americas Kickoff
Cryocells,100T,7,0,0,0,0,0,0,0,0,69,0,0,Bind,2026-01-23 17:00:00,https://www.vlr.gg/596409/loud-vs-100-thieves-vct-2026-americas-kickoff-mr1,VCT 2026: Americas Kickoff
vora,100T,2,2,0,0,0,0,0,0,0,47,2,0,Bind,2026-01-23 17:00:00,https://www.vlr.gg/596409/loud-vs-100-thieves-vct-2026-americas-kickoff-mr1,VCT 2026: Americas Kickoff
Timotino,100T,3,2,0,0,0,0,1,0,0,63,0,1,Bind,2026-01-23 17:00:00,https://www.vlr.gg/596409/loud-vs-100-thieves-vct-2026-americas-kickoff-mr1,VCT 2026: Americas Kickoff
C0M,EG,4,1,0,0,0,1,0,0,0,47,6,3,all,2026-01-23 20:10:00,https://www.vlr.gg/596410/evil-geniuses-vs-sentinels-vct-2026-americas-kickoff-mr1,VCT 2026: Americas Kickoff
supamen,EG,4,0,0,0,0,0,0,0,0,30,2,0,all,2026-01-23 20:10:00,https://www.vlr.gg/596410/evil-geniuses-vs-sentinels-vct-2026-americas-kickoff-mr1,VCT 2026: Americas Kickoff
Okeanos,EG,6,1,0,0,2,0,0,0,0,41,5,1,all,2026-01-23 20:10:00,https://www.vlr.gg/596410/evil-geniuses-vs-sentinels-vct-2026-americas-kickoff-mr1,VCT 2026: Americas Kickoff
dgzin,EG,8,1,0,0,1,0,0,0,0,36,1,2,all,2026-01-23 20:10:00,https://www.vlr.gg/596410/evil-geniuses-vs-sentinels-vct-2026-americas-kickoff-mr1,VCT 2026: Americas Kickoff
bao,EG,4,4,0,0,0,1,0,0,0,52,2,1,all,2026-01-23 20:10:00,https://www.vlr.gg/596410/evil-geniuses-vs-sentinels-vct-2026-americas-kickoff-mr1,VCT 2026: Americas Kickoff
johnqt,SEN,12,1,1,0,0,0,0,1,0,84,4,1,all,2026-01-23 20:10:00,https://www.vlr.gg/596410/evil-geniuses-vs-sentinels-vct-2026-americas-kickoff-mr1,VCT 2026: Americas Kickoff
cortezia,SEN,2,0,1,0,0,0,1,0,0,47,1,2,all,2026-01-23 20:10:00,https://www.vlr.gg/596410/evil-geniuses-vs-sentinels-vct-2026-americas-kickoff-mr1,VCT 2026: Americas Kickoff
Reduxx,SEN,5,2,0,1,0,0,0,0,0,59,0,1,all,2026-01-23 20:10:00,https://www.vlr.gg/596410/evil-geniuses-vs-sentinels-vct-2026-americas-kickoff-mr1,VCT 2026: Americas Kickoff
Kyu,SEN,6,0,0,0,0,0,0,0,0,49,14,2,all,2026-01-23 20:10:00,https://www.vlr.gg/596410/evil-geniuses-vs-sentinels-vct-2026-americas-kickoff-mr1,VCT 2026: Americas Kickoff
N4RRATE,SEN,6,0,0,0,0,0,0,0,0,45,2,0,all,2026-01-23 20:10:00,https://www.vlr.gg/596410/evil-geniuses-vs-sentinels-vct-2026-americas-kickoff-mr1,VCT 2026: Americas Kickoff
C0M,EG,2,0,0,0,0,0,0,0,0,49,2,1,Abyss,2026-01-23 20:10:00,https://www.vlr.gg/596410/evil-geniuses-vs-sentinels-vct-2026-americas-kickoff-mr1,VCT 2026: Americas Kickoff
supamen,EG,0,0,0,0,0,0,0,0,0,16,1,0,Abyss,2026-01-23 20:10:00,https://www.vlr.gg/596410/evil-geniuses-vs-sentinels-vct-2026-americas-kickoff-mr1,VCT 2026: Americas Kickoff
Okeanos,EG,3,0,0,0,2,0,0,0,0,43,4,1,Abyss,2026-01-23 20:10:00,https://www.vlr.gg/596410/evil-geniuses-vs-sentinels-vct-2026-americas-kickoff-mr1,VCT 2026: Americas Kickoff
dgzin,EG,4,0,0,0,0,0,0,0,0,30,0,0,Abyss,2026-01-23 20:10:00,https://www.vlr.gg/596410/evil-geniuses-vs-sentinels-vct-2026-americas-kickoff-mr1,VCT 2026: Americas Kickoff
bao,EG,2,3,0,0,0,1,0,0,0,48,1,1,Abyss,2026-01-23 20:10:00,https://www.vlr.gg/596410/evil-geniuses-vs-sentinels-vct-2026-americas-kickoff-mr1,VCT 2026: Americas Kickoff
johnqt,SEN,8,0,1,0,0,0,0,0,0,110,1,1,Abyss,2026-01-23 20:10:00,https://www.vlr.gg/596410/evil-geniuses-vs-sentinels-vct-2026-americas-kickoff-mr1,VCT 2026: Americas Kickoff
cortezia,SEN,2,0,0,0,0,0,0,0,0,37,1,0,Abyss,2026-01-23 20:10:00,https://www.vlr.gg/596410/evil-geniuses-vs-sentinels-vct-2026-americas-kickoff-mr1,VCT 2026: Americas Kickoff
Reduxx,SEN,4,1,0,0,0,0,0,0,0,67,0,1,Abyss,2026-01-23 20:10:00,https://www.vlr.gg/596410/evil-geniuses-vs-sentinels-vct-2026-americas-kickoff-mr1,VCT 2026: Americas Kickoff
Kyu,SEN,2,0,0,0,0,0,0,0,0,32,10,1,Abyss,2026-01-23 20:10:00,https://www.vlr.gg/596410/evil-geniuses-vs-sentinels-vct-2026-americas-kickoff-mr1,VCT 2026: Americas Kickoff
N4RRATE,SEN,3,0,0,0,0,0,0,0,0,56,0,0,Abyss,2026-01-23 20:10:00,https://www.vlr.gg/596410/evil-geniuses-vs-sentinels-vct-2026-americas-kickoff-mr1,VCT 2026: Americas Kickoff
C0M,EG,2,1,0,0,0,1,0,0,0,45,4,2,Pearl,2026-01-23 20:10:00,https://www.vlr.gg/596410/evil-geniuses-vs-sentinels-vct-2026-americas-kickoff-mr1,VCT 2026: Americas Kickoff
supamen,EG,4,0,0,0,0,0,0,0,0,43,1,0,Pearl,2026-01-23 20:10:00,https://www.vlr.gg/596410/evil-geniuses-vs-sentinels-vct-2026-americas-kickoff-mr1,VCT 2026: Americas Kickoff
Okeanos,EG,3,1,0,0,0,0,0,0,0,39,1,0,Pearl,2026-01-23 20:10:00,https://www.vlr.gg/596410/evil-geniuses-vs-sentinels-vct-2026-americas-kickoff-mr1,VCT 2026: Americas Kickoff
dgzin,EG,4,1,0,0,1,0,0,0,0,42,1,2,Pearl,2026-01-23 20:10:00,https://www.vlr.gg/596410/evil-geniuses-vs-sentinels-vct-2026-americas-kickoff-mr1,VCT 2026: Americas Kickoff
bao,EG,2,1,0,0,0,0,0,0,0,56,1,0,Pearl,2026-01-23 20:10:00,https://www.vlr.gg/596410/evil-geniuses-vs-sentinels-vct-2026-americas-kickoff-mr1,VCT 2026: Americas Kickoff
johnqt,SEN,4,1,0,0,0,0,0,1,0,58,3,0,Pearl,2026-01-23 20:10:00,https://www.vlr.gg/596410/evil-geniuses-vs-sentinels-vct-2026-americas-kickoff-mr1,VCT 2026: Americas Kickoff
cortezia,SEN,0,0,1,0,0,0,1,0,0,57,0,2,Pearl,2026-01-23 20:10:00,https://www.vlr.gg/596410/evil-geniuses-vs-sentinels-vct-2026-americas-kickoff-mr1,VCT 2026: Americas Kickoff
Reduxx,SEN,1,1,0,1,0,0,0,0,0,50,0,0,Pearl,2026-01-23 20:10:00,https://www.vlr.gg/596410/evil-geniuses-vs-sentinels-vct-2026-americas-kickoff-mr1,VCT 2026: Americas Kickoff
Kyu,SEN,4,0,0,0,0,0,0,0,0,65,4,1,Pearl,2026-01-23 20:10:00,https://www.vlr.gg/596410/evil-geniuses-vs-sentinels-vct-2026-americas-kickoff-mr1,VCT 2026: Americas Kickoff
N4RRATE,SEN,3,0,0,0,0,0,0,0,0,34,2,0,Pearl,2026-01-23 20:10:00,https://www.vlr.gg/596410/evil-geniuses-vs-sentinels-vct-2026-americas-kickoff-mr1,VCT 2026: Americas Kickoff
NagZ,KRÜ,6,1,0,0,2,1,0,0,0,47,5,1,all,2026-01-24 17:00:00,https://www.vlr.gg/596411/kr-esports-vs-envy-vct-2026-americas-kickoff-mr1,VCT 2026: Americas Kickoff
Governor,KRÜ,5,1,1,0,1,0,0,0,0,39,8,1,all,2026-01-24 17:00:00,https://www.vlr.gg/596411/kr-esports-vs-envy-vct-2026-americas-kickoff-mr1,VCT 2026: Americas Kickoff
infiltrator,KRÜ,5,4,2,0,0,0,0,0,0,48,1,0,all,2026-01-24 17:00:00,https://www.vlr.gg/596411/kr-esports-vs-envy-vct-2026-americas-kickoff-mr1,VCT 2026: Americas Kickoff
mta,KRÜ,7,3,1,1,1,0,0,0,0,52,2,3,all,2026-01-24 17:00:00,https://www.vlr.gg/596411/kr-esports-vs-envy-vct-2026-americas-kickoff-mr1,VCT 2026: Americas Kickoff
benG,KRÜ,10,1,0,0,2,0,0,0,0,45,2,1,all,2026-01-24 17:00:00,https://www.vlr.gg/596411/kr-esports-vs-envy-vct-2026-americas-kickoff-mr1,VCT 2026: Americas Kickoff
Inspire,ENVY,7,6,0,0,1,0,1,0,0,52,0,1,all,2026-01-24 17:00:00,https://www.vlr.gg/596411/kr-esports-vs-envy-vct-2026-americas-kickoff-mr1,VCT 2026: Americas Kickoff
Rossy,ENVY,12,2,0,0,0,0,0,0,0,58,1,1,all,2026-01-24 17:00:00,https://www.vlr.gg/596411/kr-esports-vs-envy-vct-2026-americas-kickoff-mr1,VCT 2026: Americas Kickoff
keznit,ENVY,11,3,0,0,0,1,0,0,0,59,1,2,all,2026-01-24 17:00:00,https://www.vlr.gg/596411/kr-esports-vs-envy-vct-2026-americas-kickoff-mr1,VCT 2026: Americas Kickoff
P0PPIN,ENVY,8,3,0,0,0,0,0,0,0,59,14,2,all,2026-01-24 17:00:00,https://www.vlr.gg/596411/kr-esports-vs-envy-vct-2026-americas-kickoff-mr1,VCT 2026: Americas Kickoff
Eggsterr,ENVY,7,2,0,0,0,0,0,0,0,43,2,1,all,2026-01-24 17:00:00,https://www.vlr.gg/596411/kr-esports-vs-envy-vct-2026-americas-kickoff-mr1,VCT 2026: Americas Kickoff
NagZ,KRÜ,4,1,0,0,0,1,0,0,0,53,4,0,Abyss,2026-01-24 17:00:00,https://www.vlr.gg/596411/kr-esports-vs-envy-vct-2026-americas-kickoff-mr1,VCT 2026: Americas Kickoff
Governor,KRÜ,2,0,0,0,1,0,0,0,0,38,2,1,Abyss,2026-01-24 17:00:00,https://www.vlr.gg/596411/kr-esports-vs-envy-vct-2026-americas-kickoff-mr1,VCT 2026: Americas Kickoff
infiltrator,KRÜ,2,3,1,0,0,0,0,0,0,62,1,0,Abyss,2026-01-24 17:00:00,https://www.vlr.gg/596411/kr-esports-vs-envy-vct-2026-americas-kickoff-mr1,VCT 2026: Americas Kickoff
mta,KRÜ,4,1,0,0,0,0,0,0,0,63,2,1,Abyss,2026-01-24 17:00:00,https://www.vlr.gg/596411/kr-esports-vs-envy-vct-2026-americas-kickoff-mr1,VCT 2026: Americas Kickoff
benG,KRÜ,4,0,0,0,0,0,0,0,0,41,1,0,Abyss,2026-01-24 17:00:00,https://www.vlr.gg/596411/kr-esports-vs-envy-vct-2026-americas-kickoff-mr1,VCT 2026: Americas Kickoff
Inspire,ENVY,1,2,0,0,0,0,1,0,0,34,0,0,Abyss,2026-01-24 17:00:00,https://www.vlr.gg/596411/kr-esports-vs-envy-vct-2026-americas-kickoff-mr1,VCT 2026: Americas Kickoff
Rossy,ENVY,3,1,0,0,0,0,0,0,0,45,0,0,Abyss,2026-01-24 17:00:00,https://www.vlr.gg/596411/kr-esports-vs-envy-vct-2026-americas-kickoff-mr1,VCT 2026: Americas Kickoff
keznit,ENVY,3,0,0,0,0,0,0,0,0,47,1,2,Abyss,2026-01-24 17:00:00,https://www.vlr.gg/596411/kr-esports-vs-envy-vct-2026-americas-kickoff-mr1,VCT 2026: Americas Kickoff
P0PPIN,ENVY,3,1,0,0,0,0,0,0,0,55,5,0,Abyss,2026-01-24 17:00:00,https://www.vlr.gg/596411/kr-esports-vs-envy-vct-2026-americas-kickoff-mr1,VCT 2026: Americas Kickoff
Eggsterr,ENVY,2,1,0,0,0,0,0,0,0,36,1,0,Abyss,2026-01-24 17:00:00,https://www.vlr.gg/596411/kr-esports-vs-envy-vct-2026-americas-kickoff-mr1,VCT 2026: Americas Kickoff
NagZ,KRÜ,1,0,0,0,1,0,0,0,0,61,1,0,Pearl,2026-01-24 17:00:00,https://www.vlr.gg/596411/kr-esports-vs-envy-vct-2026-americas-kickoff-mr1,VCT 2026: Americas Kickoff
Governor,KRÜ,2,0,0,0,0,0,0,0,0,30,1,0,Pearl,2026-01-24 17:00:00,https://www.vlr.gg/596411/kr-esports-vs-envy-vct-2026-americas-kickoff-mr1,VCT 2026: Americas Kickoff
infiltrator,KRÜ,1,0,0,0,0,0,0,0,0,30,0,0,Pearl,2026-01-24 17:00:00,https://www.vlr.gg/596411/kr-esports-vs-envy-vct-2026-americas-kickoff-mr1,VCT 2026: Americas Kickoff
mta,KRÜ,2,2,1,0,1,0,0,0,0,55,0,2,Pearl,2026-01-24 17:00:00,https://www.vlr.gg/596411/kr-esports-vs-envy-vct-2026-americas-kickoff-mr1,VCT 2026: Americas Kickoff
benG,KRÜ,1,0,0,0,1,0,0,0,0,46,1,1,Pearl,2026-01-24 17:00:00,https://www.vlr.gg/596411/kr-esports-vs-envy-vct-2026-americas-kickoff-mr1,VCT 2026: Americas Kickoff
Inspire,ENVY,1,1,0,0,1,0,0,0,0,49,0,1,Pearl,2026-01-24 17:00:00,https://www.vlr.gg/596411/kr-esports-vs-envy-vct-2026-americas-kickoff-mr1,VCT 2026: Americas Kickoff
Rossy,ENVY,6,0,0,0,0,0,0,0,0,71,0,1,Pearl,2026-01-24 17:00:00,https://www.vlr.gg/596411/kr-esports-vs-envy-vct-2026-americas-kickoff-mr1,VCT 2026: Americas Kickoff
keznit,ENVY,4,1,0,0,0,0,0,0,0,56,0,0,Pearl,2026-01-24 17:00:00,https://www.vlr.gg/596411/kr-esports-vs-envy-vct-2026-americas-kickoff-mr1,VCT 2026: Americas Kickoff
P0PPIN,ENVY,3,1,0,0,0,0,0,0,0,78,5,0,Pearl,2026-01-24 17:00:00,https://www.vlr.gg/596411/kr-esports-vs-envy-vct-2026-americas-kickoff-mr1,VCT 2026: Americas Kickoff
Eggsterr,ENVY,5,0,0,0,0,0,0,0,0,59,0,0,Pearl,2026-01-24 17:00:00,https://www.vlr.gg/596411/kr-esports-vs-envy-vct-2026-americas-kickoff-mr1,VCT 2026: Americas Kickoff
NagZ,KRÜ,1,0,0,0,1,0,0,0,0,28,0,1,Breeze,2026-01-24 17:00:00,https://www.vlr.gg/596411/kr-esports-vs-envy-vct-2026-americas-kickoff-mr1,VCT 2026: Americas Kickoff
Governor,KRÜ,1,1,1,0,0,0,0,0,0,50,5,0,Breeze,2026-01-24 17:00:00,https://www.vlr.gg/596411/kr-esports-vs-envy-vct-2026-americas-kickoff-mr1,VCT 2026: Americas Kickoff
infiltrator,KRÜ,2,1,1,0,0,0,0,0,0,51,0,0,Breeze,2026-01-24 17:00:00,https://www.vlr.gg/596411/kr-esports-vs-envy-vct-2026-americas-kickoff-mr1,VCT 2026: Americas Kickoff
mta,KRÜ,1,0,0,1,0,0,0,0,0,39,0,0,Breeze,2026-01-24 17:00:00,https://www.vlr.gg/596411/kr-esports-vs-envy-vct-2026-americas-kickoff-mr1,VCT 2026: Americas Kickoff
benG,KRÜ,5,1,0,0,1,0,0,0,0,48,0,0,Breeze,2026-01-24 17:00:00,https://www.vlr.gg/596411/kr-esports-vs-envy-vct-2026-americas-kickoff-mr1,VCT 2026: Americas Kickoff
Inspire,ENVY,5,3,0,0,0,0,0,0,0,73,0,0,Breeze,2026-01-24 17:00:00,https://www.vlr.gg/596411/kr-esports-vs-envy-vct-2026-americas-kickoff-mr1,VCT 2026: Americas Kickoff
Rossy,ENVY,3,1,0,0,0,0,0,0,0,58,1,0,Breeze,2026-01-24 17:00:00,https://www.vlr.gg/596411/kr-esports-vs-envy-vct-2026-americas-kickoff-mr1,VCT 2026: Americas Kickoff
keznit,ENVY,4,2,0,0,0,1,0,0,0,73,0,0,Breeze,2026-01-24 17:00:00,https://www.vlr.gg/596411/kr-esports-vs-envy-vct-2026-americas-kickoff-mr1,VCT 2026: Americas Kickoff
P0PPIN,ENVY,2,1,0,0,0,0,0,0,0,45,4,2,Breeze,2026-01-24 17:00:00,https://www.vlr.gg/596411/kr-esports-vs-envy-vct-2026-americas-kickoff-mr1,VCT 2026: Americas Kickoff
Eggsterr,ENVY,0,1,0,0,0,0,0,0,0,35,1,1,Breeze,2026-01-24 17:00:00,https://www.vlr.gg/596411/kr-esports-vs-envy-vct-2026-americas-kickoff-mr1,VCT 2026: Americas Kickoff
kiNgg,LEV,2,1,0,0,0,0,0,0,0,34,0,1,all,2026-01-24 20:05:00,https://www.vlr.gg/596412/leviat-n-vs-cloud9-vct-2026-americas-kickoff-mr1,VCT 2026: Americas Kickoff
PxS,LEV,4,1,0,0,2,0,0,0,0,37,0,2,all,2026-01-24 20:05:00,https://www.vlr.gg/596412/leviat-n-vs-cloud9-vct-2026-americas-kickoff-mr1,VCT 2026: Americas Kickoff
blowz,LEV,5,1,0,0,1,0,0,0,0,54,6,2,all,2026-01-24 20:05:00,https://www.vlr.gg/596412/leviat-n-vs-cloud9-vct-2026-americas-kickoff-mr1,VCT 2026: Americas Kickoff
Sato,LEV,4,1,0,0,0,0,0,0,0,55,2,0,all,2026-01-24 20:05:00,https://www.vlr.gg/596412/leviat-n-vs-cloud9-vct-2026-americas-kickoff-mr1,VCT 2026: Americas Kickoff
spike,LEV,4,0,0,0,0,0,0,0,0,27,4,0,all,2026-01-24 20:05:00,https://www.vlr.gg/596412/leviat-n-vs-cloud9-vct-2026-americas-kickoff-mr1,VCT 2026: Americas Kickoff
Zellsis,C9,2,2,0,0,0,0,0,0,0,55,3,2,all,2026-01-24 20:05:00,https://www.vlr.gg/596412/leviat-n-vs-cloud9-vct-2026-americas-kickoff-mr1,VCT 2026: Americas Kickoff
penny,C9,4,3,0,0,0,0,0,0,0,53,1,0,all,2026-01-24 20:05:00,https://www.vlr.gg/596412/leviat-n-vs-cloud9-vct-2026-americas-kickoff-mr1,VCT 2026: Americas Kickoff
Xeppaa,C9,6,3,0,1,1,0,0,0,1,79,7,2,all,2026-01-24 20:05:00,https://www.vlr.gg/596412/leviat-n-vs-cloud9-vct-2026-americas-kickoff-mr1,VCT 2026: Americas Kickoff
v1c,C9,3,0,0,0,0,0,0,0,0,41,3,2,all,2026-01-24 20:05:00,https://www.vlr.gg/596412/leviat-n-vs-cloud9-vct-2026-americas-kickoff-mr1,VCT 2026: Americas Kickoff
Demon1,C9,8,2,1,0,1,0,0,0,0,95,0,1,all,2026-01-24 20:05:00,https://www.vlr.gg/596412/leviat-n-vs-cloud9-vct-2026-americas-kickoff-mr1,VCT 2026: Americas Kickoff
kiNgg,LEV,0,0,0,0,0,0,0,0,0,19,0,0,Pearl,2026-01-24 20:05:00,https://www.vlr.gg/596412/leviat-n-vs-cloud9-vct-2026-americas-kickoff-mr1,VCT 2026: Americas Kickoff
PxS,LEV,2,1,0,0,1,0,0,0,0,46,0,1,Pearl,2026-01-24 20:05:00,https://www.vlr.gg/596412/leviat-n-vs-cloud9-vct-2026-americas-kickoff-mr1,VCT 2026: Americas Kickoff
blowz,LEV,1,0,0,0,0,0,0,0,0,48,1,0,Pearl,2026-01-24 20:05:00,https://www.vlr.gg/596412/leviat-n-vs-cloud9-vct-2026-americas-kickoff-mr1,VCT 2026: Americas Kickoff
Sato,LEV,2,0,0,0,0,0,0,0,0,49,1,0,Pearl,2026-01-24 20:05:00,https://www.vlr.gg/596412/leviat-n-vs-cloud9-vct-2026-americas-kickoff-mr1,VCT 2026: Americas Kickoff
spike,LEV,2,0,0,0,0,0,0,0,0,32,4,0,Pearl,2026-01-24 20:05:00,https://www.vlr.gg/596412/leviat-n-vs-cloud9-vct-2026-americas-kickoff-mr1,VCT 2026: Americas Kickoff
Zellsis,C9,1,0,0,0,0,0,0,0,0,48,0,2,Pearl,2026-01-24 20:05:00,https://www.vlr.gg/596412/leviat-n-vs-cloud9-vct-2026-americas-kickoff-mr1,VCT 2026: Americas Kickoff
penny,C9,3,1,0,0,0,0,0,0,0,59,0,0,Pearl,2026-01-24 20:05:00,https://www.vlr.gg/596412/leviat-n-vs-cloud9-vct-2026-americas-kickoff-mr1,VCT 2026: Americas Kickoff
Xeppaa,C9,4,1,0,1,1,0,0,0,1,84,3,1,Pearl,2026-01-24 20:05:00,https://www.vlr.gg/596412/leviat-n-vs-cloud9-vct-2026-americas-kickoff-mr1,VCT 2026: Americas Kickoff
v1c,C9,3,0,0,0,0,0,0,0,0,49,0,1,Pearl,2026-01-24 20:05:00,https://www.vlr.gg/596412/leviat-n-vs-cloud9-vct-2026-americas-kickoff-mr1,VCT 2026: Americas Kickoff
Demon1,C9,2,1,1,0,0,0,0,0,0,115,0,0,Pearl,2026-01-24 20:05:00,https://www.vlr.gg/596412/leviat-n-vs-cloud9-vct-2026-americas-kickoff-mr1,VCT 2026: Americas Kickoff
kiNgg,LEV,2,1,0,0,0,0,0,0,0,48,0,1,Split,2026-01-24 20:05:00,https://www.vlr.gg/596412/leviat-n-vs-cloud9-vct-2026-americas-kickoff-mr1,VCT 2026: Americas Kickoff
PxS,LEV,2,0,0,0,1,0,0,0,0,28,0,1,Split,2026-01-24 20:05:00,https://www.vlr.gg/596412/leviat-n-vs-cloud9-vct-2026-americas-kickoff-mr1,VCT 2026: Americas Kickoff
blowz,LEV,4,1,0,0,1,0,0,0,0,59,5,2,Split,2026-01-24 20:05:00,https://www.vlr.gg/596412/leviat-n-vs-cloud9-vct-2026-americas-kickoff-mr1,VCT 2026: Americas Kickoff
Sato,LEV,2,1,0,0,0,0,0,0,0,60,1,0,Split,2026-01-24 20:05:00,https://www.vlr.gg/596412/leviat-n-vs-cloud9-vct-2026-americas-kickoff-mr1,VCT 2026: Americas Kickoff
spike,LEV,2,0,0,0,0,0,0,0,0,22,0,0,Split,2026-01-24 20:05:00,https://www.vlr.gg/596412/leviat-n-vs-cloud9-vct-2026-americas-kickoff-mr1,VCT 2026: Americas Kickoff
Zellsis,C9,1,2,0,0,0,0,0,0,0,61,3,0,Split,2026-01-24 20:05:00,https://www.vlr.gg/596412/leviat-n-vs-cloud9-vct-2026-americas-kickoff-mr1,VCT 2026: Americas Kickoff
penny,C9,1,2,0,0,0,0,0,0,0,46,1,0,Split,2026-01-24 20:05:00,https://www.vlr.gg/596412/leviat-n-vs-cloud9-vct-2026-americas-kickoff-mr1,VCT 2026: Americas Kickoff
Xeppaa,C9,2,2,0,0,0,0,0,0,0,73,4,1,Split,2026-01-24 20:05:00,https://www.vlr.gg/596412/leviat-n-vs-cloud9-vct-2026-americas-kickoff-mr1,VCT 2026: Americas Kickoff
v1c,C9,0,0,0,0,0,0,0,0,0,33,3,1,Split,2026-01-24 20:05:00,https://www.vlr.gg/596412/leviat-n-vs-cloud9-vct-2026-americas-kickoff-mr1,VCT 2026: Americas Kickoff
Demon1,C9,6,1,0,0,1,0,0,0,0,74,0,1,Split,2026-01-24 20:05:00,https://www.vlr.gg/596412/leviat-n-vs-cloud9-vct-2026-americas-kickoff-mr1,VCT 2026: Americas Kickoff
Asuna,100T,4,1,0,0,1,0,0,0,0,37,14,0,all,2026-01-25 17:00:00,https://www.vlr.gg/596413/100-thieves-vs-sentinels-vct-2026-americas-kickoff-mr2,VCT 2026: Americas Kickoff
bang,100T,8,1,0,0,1,0,0,0,0,46,3,0,all,2026-01-25 17:00:00,https://www.vlr.gg/596413/100-thieves-vs-sentinels-vct-2026-americas-kickoff-mr2,VCT 2026: Americas Kickoff
Cryocells,100T,12,2,0,0,0,0,0,0,0,48,1,2,all,2026-01-25 17:00:00,https://www.vlr.gg/596413/100-thieves-vs-sentinels-vct-2026-americas-kickoff-mr2,VCT 2026: Americas Kickoff
vora,100T,4,2,0,0,0,0,0,0,0,50,6,2,all,2026-01-25 17:00:00,https://www.vlr.gg/596413/100-thieves-vs-sentinels-vct-2026-americas-kickoff-mr2,VCT 2026: Americas Kickoff
Timotino,100T,4,6,3,0,1,0,0,0,0,60,1,1,all,2026-01-25 17:00:00,https://www.vlr.gg/596413/100-thieves-vs-sentinels-vct-2026-americas-kickoff-mr2,VCT 2026: Americas Kickoff
johnqt,SEN,5,3,2,2,4,1,0,0,0,70,3,3,all,2026-01-25 17:00:00,https://www.vlr.gg/596413/100-thieves-vs-sentinels-vct-2026-americas-kickoff-mr2,VCT 2026: Americas Kickoff
cortezia,SEN,6,2,0,0,1,0,0,0,0,56,2,1,all,2026-01-25 17:00:00,https://www.vlr.gg/596413/100-thieves-vs-sentinels-vct-2026-americas-kickoff-mr2,VCT 2026: Americas Kickoff
Reduxx,SEN,10,3,0,0,0,0,0,0,0,46,0,2,all,2026-01-25 17:00:00,https://www.vlr.gg/596413/100-thieves-vs-sentinels-vct-2026-americas-kickoff-mr2,VCT 2026: Americas Kickoff
Kyu,SEN,6,1,0,0,1,0,0,0,0,42,11,2,all,2026-01-25 17:00:00,https://www.vlr.gg/596413/100-thieves-vs-sentinels-vct-2026-americas-kickoff-mr2,VCT 2026: Americas Kickoff
N4RRATE,SEN,5,1,0,0,0,0,0,0,0,34,1,1,all,2026-01-25 17:00:00,https://www.vlr.gg/596413/100-thieves-vs-sentinels-vct-2026-americas-kickoff-mr2,VCT 2026: Americas Kickoff
Asuna,100T,1,1,0,0,1,0,0,0,0,42,8,0,Corrode,2026-01-25 17:00:00,https://www.vlr.gg/596413/100-thieves-vs-sentinels-vct-2026-americas-kickoff-mr2,VCT 2026: Americas Kickoff
bang,100T,4,0,0,0,1,0,0,0,0,47,0,0,Corrode,2026-01-25 17:00:00,https://www.vlr.gg/596413/100-thieves-vs-sentinels-vct-2026-americas-kickoff-mr2,VCT 2026: Americas Kickoff
Cryocells,100T,5,1,0,0,0,0,0,0,0,47,1,1,Corrode,2026-01-25 17:00:00,https://www.vlr.gg/596413/100-thieves-vs-sentinels-vct-2026-americas-kickoff-mr2,VCT 2026: Americas Kickoff
vora,100T,2,0,0,0,0,0,0,0,0,50,1,1,Corrode,2026-01-25 17:00:00,https://www.vlr.gg/596413/100-thieves-vs-sentinels-vct-2026-americas-kickoff-mr2,VCT 2026: Americas Kickoff
Timotino,100T,3,2,1,0,0,0,0,0,0,67,0,0,Corrode,2026-01-25 17:00:00,https://www.vlr.gg/596413/100-thieves-vs-sentinels-vct-2026-americas-kickoff-mr2,VCT 2026: Americas Kickoff
johnqt,SEN,2,2,2,1,3,0,0,0,0,79,1,2,Corrode,2026-01-25 17:00:00,https://www.vlr.gg/596413/100-thieves-vs-sentinels-vct-2026-americas-kickoff-mr2,VCT 2026: Americas Kickoff
cortezia,SEN,4,1,0,0,0,0,0,0,0,68,0,0,Corrode,2026-01-25 17:00:00,https://www.vlr.gg/596413/100-thieves-vs-sentinels-vct-2026-americas-kickoff-mr2,VCT 2026: Americas Kickoff
Reduxx,SEN,2,0,0,0,0,0,0,0,0,29,0,0,Corrode,2026-01-25 17:00:00,https://www.vlr.gg/596413/100-thieves-vs-sentinels-vct-2026-americas-kickoff-mr2,VCT 2026: Americas Kickoff
Kyu,SEN,5,0,0,0,1,0,0,0,0,54,3,2,Corrode,2026-01-25 17:00:00,https://www.vlr.gg/596413/100-thieves-vs-sentinels-vct-2026-americas-kickoff-mr2,VCT 2026: Americas Kickoff
N4RRATE,SEN,2,1,0,0,0,0,0,0,0,37,0,1,Corrode,2026-01-25 17:00:00,https://www.vlr.gg/596413/100-thieves-vs-sentinels-vct-2026-americas-kickoff-mr2,VCT 2026: Americas Kickoff
Asuna,100T,3,0,0,0,0,0,0,0,0,31,6,0,Split,2026-01-25 17:00:00,https://www.vlr.gg/596413/100-thieves-vs-sentinels-vct-2026-americas-kickoff-mr2,VCT 2026: Americas Kickoff
bang,100T,4,1,0,0,0,0,0,0,0,45,3,0,Split,2026-01-25 17:00:00,https://www.vlr.gg/596413/100-thieves-vs-sentinels-vct-2026-americas-kickoff-mr2,VCT 2026: Americas Kickoff
Cryocells,100T,7,1,0,0,0,0,0,0,0,49,0,1,Split,2026-01-25 17:00:00,https://www.vlr.gg/596413/100-thieves-vs-sentinels-vct-2026-americas-kickoff-mr2,VCT 2026: Americas Kickoff
vora,100T,2,2,0,0,0,0,0,0,0,50,5,1,Split,2026-01-25 17:00:00,https://www.vlr.gg/596413/100-thieves-vs-sentinels-vct-2026-americas-kickoff-mr2,VCT 2026: Americas Kickoff
Timotino,100T,1,4,2,0,1,0,0,0,0,53,1,1,Split,2026-01-25 17:00:00,https://www.vlr.gg/596413/100-thieves-vs-sentinels-vct-2026-americas-kickoff-mr2,VCT 2026: Americas Kickoff
johnqt,SEN,3,1,0,1,1,1,0,0,0,60,2,1,Split,2026-01-25 17:00:00,https://www.vlr.gg/596413/100-thieves-vs-sentinels-vct-2026-americas-kickoff-mr2,VCT 2026: Americas Kickoff
cortezia,SEN,2,1,0,0,1,0,0,0,0,43,2,1,Split,2026-01-25 17:00:00,https://www.vlr.gg/596413/100-thieves-vs-sentinels-vct-2026-americas-kickoff-mr2,VCT 2026: Americas Kickoff
Reduxx,SEN,8,3,0,0,0,0,0,0,0,63,0,2,Split,2026-01-25 17:00:00,https://www.vlr.gg/596413/100-thieves-vs-sentinels-vct-2026-americas-kickoff-mr2,VCT 2026: Americas Kickoff
Kyu,SEN,1,1,0,0,0,0,0,0,0,30,8,0,Split,2026-01-25 17:00:00,https://www.vlr.gg/596413/100-thieves-vs-sentinels-vct-2026-americas-kickoff-mr2,VCT 2026: Americas Kickoff
N4RRATE,SEN,3,0,0,0,0,0,0,0,0,31,1,0,Split,2026-01-25 17:00:00,https://www.vlr.gg/596413/100-thieves-vs-sentinels-vct-2026-americas-kickoff-mr2,VCT 2026: Americas Kickoff
Inspire,ENVY,10,5,0,0,0,0,0,0,0,48,4,1,all,2026-01-25 20:00:00,https://www.vlr.gg/596414/envy-vs-cloud9-vct-2026-americas-kickoff-mr2,VCT 2026: Americas Kickoff
Rossy,ENVY,9,3,1,0,0,0,0,0,0,46,6,2,all,2026-01-25 20:00:00,https://www.vlr.gg/596414/envy-vs-cloud9-vct-2026-americas-kickoff-mr2,VCT 2026: Americas Kickoff
keznit,ENVY,16,5,1,0,0,0,0,0,0,59,2,2,all,2026-01-25 20:00:00,https://www.vlr.gg/596414/envy-vs-cloud9-vct-2026-americas-kickoff-mr2,VCT 2026: Americas Kickoff
P0PPIN,ENVY,10,5,0,0,0,0,0,0,0,47,16,1,all,2026-01-25 20:00:00,https://www.vlr.gg/596414/envy-vs-cloud9-vct-2026-americas-kickoff-mr2,VCT 2026: Americas Kickoff
Eggsterr,ENVY,14,0,0,0,1,0,0,0,0,33,3,0,all,2026-01-25 20:00:00,https://www.vlr.gg/596414/envy-vs-cloud9-vct-2026-americas-kickoff-mr2,VCT 2026: Americas Kickoff
Zellsis,C9,6,1,1,0,1,0,0,0,0,35,3,3,all,2026-01-25 20:00:00,https://www.vlr.gg/596414/envy-vs-cloud9-vct-2026-americas-kickoff-mr2,VCT 2026: Americas Kickoff
penny,C9,12,6,1,0,1,0,0,0,0,51,0,2,all,2026-01-25 20:00:00,https://www.vlr.gg/596414/envy-vs-cloud9-vct-2026-americas-kickoff-mr2,VCT 2026: Americas Kickoff
Xeppaa,C9,14,0,1,0,0,2,0,0,0,48,13,2,all,2026-01-25 20:00:00,https://www.vlr.gg/596414/envy-vs-cloud9-vct-2026-americas-kickoff-mr2,VCT 2026: Americas Kickoff
v1c,C9,11,2,1,0,1,1,1,0,0,41,7,2,all,2026-01-25 20:00:00,https://www.vlr.gg/596414/envy-vs-cloud9-vct-2026-americas-kickoff-mr2,VCT 2026: Americas Kickoff
Demon1,C9,14,5,1,1,0,0,0,0,0,65,1,1,all,2026-01-25 20:00:00,https://www.vlr.gg/596414/envy-vs-cloud9-vct-2026-americas-kickoff-mr2,VCT 2026: Americas Kickoff
Inspire,ENVY,6,3,0,0,0,0,0,0,0,48,2,1,Pearl,2026-01-25 20:00:00,https://www.vlr.gg/596414/envy-vs-cloud9-vct-2026-americas-kickoff-mr2,VCT 2026: Americas Kickoff
Rossy,ENVY,3,1,1,0,0,0,0,0,0,29,3,1,Pearl,2026-01-25 20:00:00,https://www.vlr.gg/596414/envy-vs-cloud9-vct-2026-americas-kickoff-mr2,VCT 2026: Americas Kickoff
keznit,ENVY,7,2,0,0,0,0,0,0,0,39,1,1,Pearl,2026-01-25 20:00:00,https://www.vlr.gg/596414/envy-vs-cloud9-vct-2026-americas-kickoff-mr2,VCT 2026: Americas Kickoff
P0PPIN,ENVY,5,2,0,0,0,0,0,0,0,46,6,1,Pearl,2026-01-25 20:00:00,https://www.vlr.gg/596414/envy-vs-cloud9-vct-2026-americas-kickoff-mr2,VCT 2026: Americas Kickoff
Eggsterr,ENVY,6,0,0,0,1,0,0,0,0,34,2,0,Pearl,2026-01-25 20:00:00,https://www.vlr.gg/596414/envy-vs-cloud9-vct-2026-americas-kickoff-mr2,VCT 2026: Americas Kickoff
Zellsis,C9,2,1,0,0,0,0,0,0,0,22,3,2,Pearl,2026-01-25 20:00:00,https://www.vlr.gg/596414/envy-vs-cloud9-vct-2026-americas-kickoff-mr2,VCT 2026: Americas Kickoff
penny,C9,4,3,1,0,0,0,0,0,0,48,0,1,Pearl,2026-01-25 20:00:00,https://www.vlr.gg/596414/envy-vs-cloud9-vct-2026-americas-kickoff-mr2,VCT 2026: Americas Kickoff
Xeppaa,C9,5,0,1,0,0,2,0,0,0,41,4,2,Pearl,2026-01-25 20:00:00,https://www.vlr.gg/596414/envy-vs-cloud9-vct-2026-americas-kickoff-mr2,VCT 2026: Americas Kickoff
v1c,C9,6,0,1,0,0,1,1,0,0,37,5,2,Pearl,2026-01-25 20:00:00,https://www.vlr.gg/596414/envy-vs-cloud9-vct-2026-americas-kickoff-mr2,VCT 2026: Americas Kickoff
Demon1,C9,8,2,0,1,0,0,0,0,0,53,1,0,Pearl,2026-01-25 20:00:00,https://www.vlr.gg/596414/envy-vs-cloud9-vct-2026-americas-kickoff-mr2,VCT 2026: Americas Kickoff
Inspire,ENVY,1,1,0,0,0,0,0,0,0,37,2,0,Breeze,2026-01-25 20:00:00,https://www.vlr.gg/596414/envy-vs-cloud9-vct-2026-americas-kickoff-mr2,VCT 2026: Americas Kickoff
Rossy,ENVY,3,2,0,0,0,0,0,0,0,71,1,1,Breeze,2026-01-25 20:00:00,https://www.vlr.gg/596414/envy-vs-cloud9-vct-2026-americas-kickoff-mr2,VCT 2026: Americas Kickoff
keznit,ENVY,6,0,1,0,0,0,0,0,0,64,0,0,Breeze,2026-01-25 20:00:00,https://www.vlr.gg/596414/envy-vs-cloud9-vct-2026-americas-kickoff-mr2,VCT 2026: Americas Kickoff
P0PPIN,ENVY,4,1,0,0,0,0,0,0,0,54,4,0,Breeze,2026-01-25 20:00:00,https://www.vlr.gg/596414/envy-vs-cloud9-vct-2026-americas-kickoff-mr2,VCT 2026: Americas Kickoff
Eggsterr,ENVY,3,0,0,0,0,0,0,0,0,32,1,0,Breeze,2026-01-25 20:00:00,https://www.vlr.gg/596414/envy-vs-cloud9-vct-2026-americas-kickoff-mr2,VCT 2026: Americas Kickoff
Zellsis,C9,1,0,0,0,0,0,0,0,0,27,0,0,Breeze,2026-01-25 20:00:00,https://www.vlr.gg/596414/envy-vs-cloud9-vct-2026-americas-kickoff-mr2,VCT 2026: Americas Kickoff
penny,C9,1,2,0,0,0,0,0,0,0,40,0,0,Breeze,2026-01-25 20:00:00,https://www.vlr.gg/596414/envy-vs-cloud9-vct-2026-americas-kickoff-mr2,VCT 2026: Americas Kickoff
Xeppaa,C9,3,0,0,0,0,0,0,0,0,48,3,0,Breeze,2026-01-25 20:00:00,https://www.vlr.gg/596414/envy-vs-cloud9-vct-2026-americas-kickoff-mr2,VCT 2026: Americas Kickoff
v1c,C9,3,2,0,0,1,0,0,0,0,53,1,0,Breeze,2026-01-25 20:00:00,https://www.vlr.gg/596414/envy-vs-cloud9-vct-2026-americas-kickoff-mr2,VCT 2026: Americas Kickoff
Demon1,C9,3,2,0,0,0,0,0,0,0,75,0,1,Breeze,2026-01-25 20:00:00,https://www.vlr.gg/596414/envy-vs-cloud9-vct-2026-americas-kickoff-mr2,VCT 2026: Americas Kickoff
Inspire,ENVY,3,1,0,0,0,0,0,0,0,58,0,0,Split,2026-01-25 20:00:00,https://www.vlr.gg/596414/envy-vs-cloud9-vct-2026-americas-kickoff-mr2,VCT 2026: Americas Kickoff
Rossy,ENVY,3,0,0,0,0,0,0,0,0,39,2,0,Split,2026-01-25 20:00:00,https://www.vlr.gg/596414/envy-vs-cloud9-vct-2026-americas-kickoff-mr2,VCT 2026: Americas Kickoff
keznit,ENVY,3,3,0,0,0,0,0,0,0,73,1,1,Split,2026-01-25 20:00:00,https://www.vlr.gg/596414/envy-vs-cloud9-vct-2026-americas-kickoff-mr2,VCT 2026: Americas Kickoff
P0PPIN,ENVY,1,2,0,0,0,0,0,0,0,41,6,0,Split,2026-01-25 20:00:00,https://www.vlr.gg/596414/envy-vs-cloud9-vct-2026-americas-kickoff-mr2,VCT 2026: Americas Kickoff
Eggsterr,ENVY,5,0,0,0,0,0,0,0,0,33,0,0,Split,2026-01-25 20:00:00,https://www.vlr.gg/596414/envy-vs-cloud9-vct-2026-americas-kickoff-mr2,VCT 2026: Americas Kickoff
Zellsis,C9,3,0,1,0,1,0,0,0,0,56,0,1,Split,2026-01-25 20:00:00,https://www.vlr.gg/596414/envy-vs-cloud9-vct-2026-americas-kickoff-mr2,VCT 2026: Americas Kickoff
penny,C9,7,1,0,0,1,0,0,0,0,64,0,1,Split,2026-01-25 20:00:00,https://www.vlr.gg/596414/envy-vs-cloud9-vct-2026-americas-kickoff-mr2,VCT 2026: Americas Kickoff
Xeppaa,C9,6,0,0,0,0,0,0,0,0,54,6,0,Split,2026-01-25 20:00:00,https://www.vlr.gg/596414/envy-vs-cloud9-vct-2026-americas-kickoff-mr2,VCT 2026: Americas Kickoff
v1c,C9,2,0,0,0,0,0,0,0,0,33,1,0,Split,2026-01-25 20:00:00,https://www.vlr.gg/596414/envy-vs-cloud9-vct-2026-americas-kickoff-mr2,VCT 2026: Americas Kickoff
Demon1,C9,3,1,1,0,0,0,0,0,0,67,0,0,Split,2026-01-25 20:00:00,https://www.vlr.gg/596414/envy-vs-cloud9-vct-2026-americas-kickoff-mr2,VCT 2026: Americas Kickoff
brawk,NRG,10,2,0,0,0,0,0,0,0,53,16,1,all,2026-01-30 17:00:00,https://www.vlr.gg/596406/nrg-vs-mibr-vct-2026-americas-kickoff-ur3,VCT 2026: Americas Kickoff
mada,NRG,10,5,1,0,1,0,0,0,0,63,0,2,all,2026-01-30 17:00:00,https://www.vlr.gg/596406/nrg-vs-mibr-vct-2026-americas-kickoff-ur3,VCT 2026: Americas Kickoff
skuba,NRG,6,1,0,1,1,1,0,0,0,57,1,0,all,2026-01-30 17:00:00,https://www.vlr.gg/596406/nrg-vs-mibr-vct-2026-americas-kickoff-ur3,VCT 2026: Americas Kickoff
Ethan,NRG,9,2,0,0,0,1,0,0,0,48,10,1,all,2026-01-30 17:00:00,https://www.vlr.gg/596406/nrg-vs-mibr-vct-2026-americas-kickoff-ur3,VCT 2026: Americas Kickoff
keiko,NRG,10,0,0,0,0,0,0,0,0,44,1,0,all,2026-01-30 17:00:00,https://www.vlr.gg/596406/nrg-vs-mibr-vct-2026-americas-kickoff-ur3,VCT 2026: Americas Kickoff
tex,MIBR,7,0,0,0,0,1,0,0,0,32,1,1,all,2026-01-30 17:00:00,https://www.vlr.gg/596406/nrg-vs-mibr-vct-2026-americas-kickoff-ur3,VCT 2026: Americas Kickoff
zekken,MIBR,11,3,1,0,1,1,0,0,0,53,2,1,all,2026-01-30 17:00:00,https://www.vlr.gg/596406/nrg-vs-mibr-vct-2026-americas-kickoff-ur3,VCT 2026: Americas Kickoff
Mazino,MIBR,7,4,1,0,1,0,0,0,0,54,6,2,all,2026-01-30 17:00:00,https://www.vlr.gg/596406/nrg-vs-mibr-vct-2026-americas-kickoff-ur3,VCT 2026: Americas Kickoff
aspas,MIBR,7,2,0,0,0,0,0,0,0,42,0,2,all,2026-01-30 17:00:00,https://www.vlr.gg/596406/nrg-vs-mibr-vct-2026-americas-kickoff-ur3,VCT 2026: Americas Kickoff
Verno,MIBR,11,0,0,0,1,0,0,0,0,65,12,2,all,2026-01-30 17:00:00,https://www.vlr.gg/596406/nrg-vs-mibr-vct-2026-americas-kickoff-ur3,VCT 2026: Americas Kickoff
brawk,NRG,3,1,0,0,0,0,0,0,0,56,7,0,Abyss,2026-01-30 17:00:00,https://www.vlr.gg/596406/nrg-vs-mibr-vct-2026-americas-kickoff-ur3,VCT 2026: Americas Kickoff
mada,NRG,3,1,0,0,1,0,0,0,0,44,0,0,Abyss,2026-01-30 17:00:00,https://www.vlr.gg/596406/nrg-vs-mibr-vct-2026-americas-kickoff-ur3,VCT 2026: Americas Kickoff
skuba,NRG,1,1,0,1,1,0,0,0,0,70,0,0,Abyss,2026-01-30 17:00:00,https://www.vlr.gg/596406/nrg-vs-mibr-vct-2026-americas-kickoff-ur3,VCT 2026: Americas Kickoff
Ethan,NRG,1,1,0,0,0,1,0,0,0,53,4,0,Abyss,2026-01-30 17:00:00,https://www.vlr.gg/596406/nrg-vs-mibr-vct-2026-americas-kickoff-ur3,VCT 2026: Americas Kickoff
keiko,NRG,5,0,0,0,0,0,0,0,0,62,1,0,Abyss,2026-01-30 17:00:00,https://www.vlr.gg/596406/nrg-vs-mibr-vct-2026-americas-kickoff-ur3,VCT 2026: Americas Kickoff
tex,MIBR,2,0,0,0,0,0,0,0,0,30,0,0,Abyss,2026-01-30 17:00:00,https://www.vlr.gg/596406/nrg-vs-mibr-vct-2026-americas-kickoff-ur3,VCT 2026: Americas Kickoff
zekken,MIBR,3,0,0,0,0,0,0,0,0,51,1,0,Abyss,2026-01-30 17:00:00,https://www.vlr.gg/596406/nrg-vs-mibr-vct-2026-americas-kickoff-ur3,VCT 2026: Americas Kickoff
Mazino,MIBR,2,2,0,0,0,0,0,0,0,52,2,1,Abyss,2026-01-30 17:00:00,https://www.vlr.gg/596406/nrg-vs-mibr-vct-2026-americas-kickoff-ur3,VCT 2026: Americas Kickoff
aspas,MIBR,2,0,0,0,0,0,0,0,0,28,0,0,Abyss,2026-01-30 17:00:00,https://www.vlr.gg/596406/nrg-vs-mibr-vct-2026-americas-kickoff-ur3,VCT 2026: Americas Kickoff
Verno,MIBR,6,0,0,0,0,0,0,0,0,76,1,0,Abyss,2026-01-30 17:00:00,https://www.vlr.gg/596406/nrg-vs-mibr-vct-2026-americas-kickoff-ur3,VCT 2026: Americas Kickoff
brawk,NRG,2,1,0,0,0,0,0,0,0,38,4,1,Split,2026-01-30 17:00:00,https://www.vlr.gg/596406/nrg-vs-mibr-vct-2026-americas-kickoff-ur3,VCT 2026: Americas Kickoff
mada,NRG,3,3,0,0,0,0,0,0,0,89,0,1,Split,2026-01-30 17:00:00,https://www.vlr.gg/596406/nrg-vs-mibr-vct-2026-americas-kickoff-ur3,VCT 2026: Americas Kickoff
skuba,NRG,3,0,0,0,0,0,0,0,0,48,1,0,Split,2026-01-30 17:00:00,https://www.vlr.gg/596406/nrg-vs-mibr-vct-2026-americas-kickoff-ur3,VCT 2026: Americas Kickoff
Ethan,NRG,4,1,0,0,0,0,0,0,0,43,3,1,Split,2026-01-30 17:00:00,https://www.vlr.gg/596406/nrg-vs-mibr-vct-2026-americas-kickoff-ur3,VCT 2026: Americas Kickoff
keiko,NRG,2,0,0,0,0,0,0,0,0,31,0,0,Split,2026-01-30 17:00:00,https://www.vlr.gg/596406/nrg-vs-mibr-vct-2026-americas-kickoff-ur3,VCT 2026: Americas Kickoff
tex,MIBR,3,0,0,0,0,0,0,0,0,31,0,1,Split,2026-01-30 17:00:00,https://www.vlr.gg/596406/nrg-vs-mibr-vct-2026-americas-kickoff-ur3,VCT 2026: Americas Kickoff
zekken,MIBR,4,2,0,0,0,0,0,0,0,49,1,0,Split,2026-01-30 17:00:00,https://www.vlr.gg/596406/nrg-vs-mibr-vct-2026-americas-kickoff-ur3,VCT 2026: Americas Kickoff
Mazino,MIBR,1,1,1,0,1,0,0,0,0,58,0,1,Split,2026-01-30 17:00:00,https://www.vlr.gg/596406/nrg-vs-mibr-vct-2026-americas-kickoff-ur3,VCT 2026: Americas Kickoff
aspas,MIBR,2,0,0,0,0,0,0,0,0,30,0,1,Split,2026-01-30 17:00:00,https://www.vlr.gg/596406/nrg-vs-mibr-vct-2026-americas-kickoff-ur3,VCT 2026: Americas Kickoff
Verno,MIBR,2,0,0,0,0,0,0,0,0,59,6,1,Split,2026-01-30 17:00:00,https://www.vlr.gg/596406/nrg-vs-mibr-vct-2026-americas-kickoff-ur3,VCT 2026: Americas Kickoff
brawk,NRG,5,0,0,0,0,0,0,0,0,65,5,0,Breeze,2026-01-30 17:00:00,https://www.vlr.gg/596406/nrg-vs-mibr-vct-2026-americas-kickoff-ur3,VCT 2026: Americas Kickoff
mada,NRG,4,1,1,0,0,0,0,0,0,57,0,1,Breeze,2026-01-30 17:00:00,https://www.vlr.gg/596406/nrg-vs-mibr-vct-2026-americas-kickoff-ur3,VCT 2026: Americas Kickoff
skuba,NRG,2,0,0,0,0,1,0,0,0,53,0,0,Breeze,2026-01-30 17:00:00,https://www.vlr.gg/596406/nrg-vs-mibr-vct-2026-americas-kickoff-ur3,VCT 2026: Americas Kickoff
Ethan,NRG,4,0,0,0,0,0,0,0,0,48,3,0,Breeze,2026-01-30 17:00:00,https://www.vlr.gg/596406/nrg-vs-mibr-vct-2026-americas-kickoff-ur3,VCT 2026: Americas Kickoff
keiko,NRG,3,0,0,0,0,0,0,0,0,40,0,0,Breeze,2026-01-30 17:00:00,https://www.vlr.gg/596406/nrg-vs-mibr-vct-2026-americas-kickoff-ur3,VCT 2026: Americas Kickoff
tex,MIBR,2,0,0,0,0,1,0,0,0,36,1,0,Breeze,2026-01-30 17:00:00,https://www.vlr.gg/596406/nrg-vs-mibr-vct-2026-americas-kickoff-ur3,VCT 2026: Americas Kickoff
zekken,MIBR,4,1,1,0,1,1,0,0,0,60,0,1,Breeze,2026-01-30 17:00:00,https://www.vlr.gg/596406/nrg-vs-mibr-vct-2026-americas-kickoff-ur3,VCT 2026: Americas Kickoff
Mazino,MIBR,4,1,0,0,0,0,0,0,0,52,4,0,Breeze,2026-01-30 17:00:00,https://www.vlr.gg/596406/nrg-vs-mibr-vct-2026-americas-kickoff-ur3,VCT 2026: Americas Kickoff
aspas,MIBR,3,2,0,0,0,0,0,0,0,67,0,1,Breeze,2026-01-30 17:00:00,https://www.vlr.gg/596406/nrg-vs-mibr-vct-2026-americas-kickoff-ur3,VCT 2026: Americas Kickoff
Verno,MIBR,3,0,0,0,1,0,0,0,0,59,5,1,Breeze,2026-01-30 17:00:00,https://www.vlr.gg/596406/nrg-vs-mibr-vct-2026-americas-kickoff-ur3,VCT 2026: Americas Kickoff
nerve,FUR,6,2,0,0,0,1,0,0,0,43,5,3,all,2026-01-30 20:55:00,https://www.vlr.gg/596407/furia-vs-g2-esports-vct-2026-americas-kickoff-ur3,VCT 2026: Americas Kickoff
eeiu,FUR,12,0,0,0,0,1,0,0,0,52,5,2,all,2026-01-30 20:55:00,https://www.vlr.gg/596407/furia-vs-g2-esports-vct-2026-americas-kickoff-ur3,VCT 2026: Americas Kickoff
koalanoob,FUR,7,3,1,0,0,0,0,0,0,60,0,1,all,2026-01-30 20:55:00,https://www.vlr.gg/596407/furia-vs-g2-esports-vct-2026-americas-kickoff-ur3,VCT 2026: Americas Kickoff
artzin,FUR,6,1,0,0,1,0,0,0,0,48,9,1,all,2026-01-30 20:55:00,https://www.vlr.gg/596407/furia-vs-g2-esports-vct-2026-americas-kickoff-ur3,VCT 2026: Americas Kickoff
alym,FUR,9,1,1,0,0,0,0,0,0,47,0,3,all,2026-01-30 20:55:00,https://www.vlr.gg/596407/furia-vs-g2-esports-vct-2026-americas-kickoff-ur3,VCT 2026: Americas Kickoff
BABYBAY,G2,7,3,0,0,0,0,0,0,0,50,1,1,all,2026-01-30 20:55:00,https://www.vlr.gg/596407/furia-vs-g2-esports-vct-2026-americas-kickoff-ur3,VCT 2026: Americas Kickoff
valyn,G2,6,2,0,0,0,0,0,0,0,55,4,1,all,2026-01-30 20:55:00,https://www.vlr.gg/596407/furia-vs-g2-esports-vct-2026-americas-kickoff-ur3,VCT 2026: Americas Kickoff
jawgemo,G2,4,0,0,0,1,0,0,0,0,43,1,2,all,2026-01-30 20:55:00,https://www.vlr.gg/596407/furia-vs-g2-esports-vct-2026-americas-kickoff-ur3,VCT 2026: Americas Kickoff
leaf,G2,7,1,1,0,0,0,0,0,0,52,6,1,all,2026-01-30 20:55:00,https://www.vlr.gg/596407/furia-vs-g2-esports-vct-2026-americas-kickoff-ur3,VCT 2026: Americas Kickoff
trent,G2,7,3,0,1,0,1,0,0,0,56,9,0,all,2026-01-30 20:55:00,https://www.vlr.gg/596407/furia-vs-g2-esports-vct-2026-americas-kickoff-ur3,VCT 2026: Americas Kickoff
nerve,FUR,3,1,0,0,0,1,0,0,0,58,2,3,Abyss,2026-01-30 20:55:00,https://www.vlr.gg/596407/furia-vs-g2-esports-vct-2026-americas-kickoff-ur3,VCT 2026: Americas Kickoff
eeiu,FUR,1,0,0,0,0,0,0,0,0,39,2,0,Abyss,2026-01-30 20:55:00,https://www.vlr.gg/596407/furia-vs-g2-esports-vct-2026-americas-kickoff-ur3,VCT 2026: Americas Kickoff
koalanoob,FUR,1,2,1,0,0,0,0,0,0,57,0,0,Abyss,2026-01-30 20:55:00,https://www.vlr.gg/596407/furia-vs-g2-esports-vct-2026-americas-kickoff-ur3,VCT 2026: Americas Kickoff
artzin,FUR,2,1,0,0,1,0,0,0,0,63,1,1,Abyss,2026-01-30 20:55:00,https://www.vlr.gg/596407/furia-vs-g2-esports-vct-2026-americas-kickoff-ur3,VCT 2026: Americas Kickoff
alym,FUR,4,0,1,0,0,0,0,0,0,58,0,2,Abyss,2026-01-30 20:55:00,https://www.vlr.gg/596407/furia-vs-g2-esports-vct-2026-americas-kickoff-ur3,VCT 2026: Americas Kickoff
BABYBAY,G2,4,1,0,0,0,0,0,0,0,62,1,0,Abyss,2026-01-30 20:55:00,https://www.vlr.gg/596407/furia-vs-g2-esports-vct-2026-americas-kickoff-ur3,VCT 2026: Americas Kickoff
valyn,G2,0,0,0,0,0,0,0,0,0,23,2,0,Abyss,2026-01-30 20:55:00,https://www.vlr.gg/596407/furia-vs-g2-esports-vct-2026-americas-kickoff-ur3,VCT 2026: Americas Kickoff
jawgemo,G2,1,0,0,0,0,0,0,0,0,32,0,0,Abyss,2026-01-30 20:55:00,https://www.vlr.gg/596407/furia-vs-g2-esports-vct-2026-americas-kickoff-ur3,VCT 2026: Americas Kickoff
leaf,G2,2,0,0,0,0,0,0,0,0,33,2,1,Abyss,2026-01-30 20:55:00,https://www.vlr.gg/596407/furia-vs-g2-esports-vct-2026-americas-kickoff-ur3,VCT 2026: Americas Kickoff
trent,G2,4,2,0,0,0,0,0,0,0,71,5,0,Abyss,2026-01-30 20:55:00,https://www.vlr.gg/596407/furia-vs-g2-esports-vct-2026-americas-kickoff-ur3,VCT 2026: Americas Kickoff
nerve,FUR,1,0,0,0,0,0,0,0,0,35,0,0,Bind,2026-01-30 20:55:00,https://www.vlr.gg/596407/furia-vs-g2-esports-vct-2026-americas-kickoff-ur3,VCT 2026: Americas Kickoff
eeiu,FUR,5,0,0,0,0,0,0,0,0,60,2,2,Bind,2026-01-30 20:55:00,https://www.vlr.gg/596407/furia-vs-g2-esports-vct-2026-americas-kickoff-ur3,VCT 2026: Americas Kickoff
koalanoob,FUR,3,1,0,0,0,0,0,0,0,69,0,0,Bind,2026-01-30 20:55:00,https://www.vlr.gg/596407/furia-vs-g2-esports-vct-2026-americas-kickoff-ur3,VCT 2026: Americas Kickoff
artzin,FUR,1,0,0,0,0,0,0,0,0,35,1,0,Bind,2026-01-30 20:55:00,https://www.vlr.gg/596407/furia-vs-g2-esports-vct-2026-americas-kickoff-ur3,VCT 2026: Americas Kickoff
alym,FUR,2,0,0,0,0,0,0,0,0,24,0,1,Bind,2026-01-30 20:55:00,https://www.vlr.gg/596407/furia-vs-g2-esports-vct-2026-americas-kickoff-ur3,VCT 2026: Americas Kickoff
BABYBAY,G2,1,2,0,0,0,0,0,0,0,42,0,0,Bind,2026-01-30 20:55:00,https://www.vlr.gg/596407/furia-vs-g2-esports-vct-2026-americas-kickoff-ur3,VCT 2026: Americas Kickoff
valyn,G2,3,2,0,0,0,0,0,0,0,79,2,1,Bind,2026-01-30 20:55:00,https://www.vlr.gg/596407/furia-vs-g2-esports-vct-2026-americas-kickoff-ur3,VCT 2026: Americas Kickoff
jawgemo,G2,0,0,0,0,0,0,0,0,0,26,1,1,Bind,2026-01-30 20:55:00,https://www.vlr.gg/596407/furia-vs-g2-esports-vct-2026-americas-kickoff-ur3,VCT 2026: Americas Kickoff
leaf,G2,2,1,1,0,0,0,0,0,0,72,4,0,Bind,2026-01-30 20:55:00,https://www.vlr.gg/596407/furia-vs-g2-esports-vct-2026-americas-kickoff-ur3,VCT 2026: Americas Kickoff
trent,G2,3,1,0,1,0,1,0,0,0,58,3,0,Bind,2026-01-30 20:55:00,https://www.vlr.gg/596407/furia-vs-g2-esports-vct-2026-americas-kickoff-ur3,VCT 2026: Americas Kickoff
nerve,FUR,2,1,0,0,0,0,0,0,0,37,3,0,Split,2026-01-30 20:55:00,https://www.vlr.gg/596407/furia-vs-g2-esports-vct-2026-americas-kickoff-ur3,VCT 2026: Americas Kickoff
eeiu,FUR,6,0,0,0,0,1,0,0,0,57,1,0,Split,2026-01-30 20:55:00,https://www.vlr.gg/596407/furia-vs-g2-esports-vct-2026-americas-kickoff-ur3,VCT 2026: Americas Kickoff
koalanoob,FUR,3,0,0,0,0,0,0,0,0,53,0,1,Split,2026-01-30 20:55:00,https://www.vlr.gg/596407/furia-vs-g2-esports-vct-2026-americas-kickoff-ur3,VCT 2026: Americas Kickoff
artzin,FUR,3,0,0,0,0,0,0,0,0,47,7,0,Split,2026-01-30 20:55:00,https://www.vlr.gg/596407/furia-vs-g2-esports-vct-2026-americas-kickoff-ur3,VCT 2026: Americas Kickoff
alym,FUR,3,1,0,0,0,0,0,0,0,58,0,0,Split,2026-01-30 20:55:00,https://www.vlr.gg/596407/furia-vs-g2-esports-vct-2026-americas-kickoff-ur3,VCT 2026: Americas Kickoff
BABYBAY,G2,2,0,0,0,0,0,0,0,0,45,0,1,Split,2026-01-30 20:55:00,https://www.vlr.gg/596407/furia-vs-g2-esports-vct-2026-americas-kickoff-ur3,VCT 2026: Americas Kickoff
valyn,G2,3,0,0,0,0,0,0,0,0,63,0,0,Split,2026-01-30 20:55:00,https://www.vlr.gg/596407/furia-vs-g2-esports-vct-2026-americas-kickoff-ur3,VCT 2026: Americas Kickoff
jawgemo,G2,3,0,0,0,1,0,0,0,0,70,0,1,Split,2026-01-30 20:55:00,https://www.vlr.gg/596407/furia-vs-g2-esports-vct-2026-americas-kickoff-ur3,VCT 2026: Americas Kickoff
leaf,G2,3,0,0,0,0,0,0,0,0,52,0,0,Split,2026-01-30 20:55:00,https://www.vlr.gg/596407/furia-vs-g2-esports-vct-2026-americas-kickoff-ur3,VCT 2026: Americas Kickoff
trent,G2,0,0,0,0,0,0,0,0,0,39,1,0,Split,2026-01-30 20:55:00,https://www.vlr.gg/596407/furia-vs-g2-esports-vct-2026-americas-kickoff-ur3,VCT 2026: Americas Kickoff
pANcada,LOUD,4,0,0,0,0,0,0,0,0,46,2,0,all,2026-01-31 17:00:00,https://www.vlr.gg/596419/loud-vs-evil-geniuses-vct-2026-americas-kickoff-lr1,VCT 2026: Americas Kickoff
Virtyy,LOUD,2,3,0,0,0,0,0,0,0,32,1,0,all,2026-01-31 17:00:00,https://www.vlr.gg/596419/loud-vs-evil-geniuses-vct-2026-americas-kickoff-lr1,VCT 2026: Americas Kickoff
cauanzin,LOUD,3,1,0,0,0,0,0,0,0,39,10,1,all,2026-01-31 17:00:00,https://www.vlr.gg/596419/loud-vs-evil-geniuses-vct-2026-americas-kickoff-lr1,VCT 2026: Americas Kickoff
Darker,LOUD,9,2,0,0,1,0,0,0,0,53,5,4,all,2026-01-31 17:00:00,https://www.vlr.gg/596419/loud-vs-evil-geniuses-vct-2026-americas-kickoff-lr1,VCT 2026: Americas Kickoff
lukxo,LOUD,9,2,0,0,0,0,0,0,0,79,1,0,all,2026-01-31 17:00:00,https://www.vlr.gg/596419/loud-vs-evil-geniuses-vct-2026-americas-kickoff-lr1,VCT 2026: Americas Kickoff
C0M,EG,5,0,1,0,0,1,0,1,0,57,3,2,all,2026-01-31 17:00:00,https://www.vlr.gg/596419/loud-vs-evil-geniuses-vct-2026-americas-kickoff-lr1,VCT 2026: Americas Kickoff
supamen,EG,6,2,2,0,1,0,0,0,0,61,3,3,all,2026-01-31 17:00:00,https://www.vlr.gg/596419/loud-vs-evil-geniuses-vct-2026-americas-kickoff-lr1,VCT 2026: Americas Kickoff
Okeanos,EG,3,2,1,0,0,1,0,0,0,37,8,2,all,2026-01-31 17:00:00,https://www.vlr.gg/596419/loud-vs-evil-geniuses-vct-2026-americas-kickoff-lr1,VCT 2026: Americas Kickoff
dgzin,EG,6,4,0,0,0,0,0,0,0,54,0,4,all,2026-01-31 17:00:00,https://www.vlr.gg/596419/loud-vs-evil-geniuses-vct-2026-americas-kickoff-lr1,VCT 2026: Americas Kickoff
bao,EG,5,2,0,0,1,0,0,0,0,43,1,0,all,2026-01-31 17:00:00,https://www.vlr.gg/596419/loud-vs-evil-geniuses-vct-2026-americas-kickoff-lr1,VCT 2026: Americas Kickoff
pANcada,LOUD,1,0,0,0,0,0,0,0,0,46,1,0,Haven,2026-01-31 17:00:00,https://www.vlr.gg/596419/loud-vs-evil-geniuses-vct-2026-americas-kickoff-lr1,VCT 2026: Americas Kickoff
Virtyy,LOUD,1,0,0,0,0,0,0,0,0,24,0,0,Haven,2026-01-31 17:00:00,https://www.vlr.gg/596419/loud-vs-evil-geniuses-vct-2026-americas-kickoff-lr1,VCT 2026: Americas Kickoff
cauanzin,LOUD,0,0,0,0,0,0,0,0,0,34,7,0,Haven,2026-01-31 17:00:00,https://www.vlr.gg/596419/loud-vs-evil-geniuses-vct-2026-americas-kickoff-lr1,VCT 2026: Americas Kickoff
Darker,LOUD,5,1,0,0,0,0,0,0,0,64,1,0,Haven,2026-01-31 17:00:00,https://www.vlr.gg/596419/loud-vs-evil-geniuses-vct-2026-americas-kickoff-lr1,VCT 2026: Americas Kickoff
lukxo,LOUD,3,0,0,0,0,0,0,0,0,59,0,0,Haven,2026-01-31 17:00:00,https://www.vlr.gg/596419/loud-vs-evil-geniuses-vct-2026-americas-kickoff-lr1,VCT 2026: Americas Kickoff
C0M,EG,3,0,1,0,0,0,0,1,0,85,2,1,Haven,2026-01-31 17:00:00,https://www.vlr.gg/596419/loud-vs-evil-geniuses-vct-2026-americas-kickoff-lr1,VCT 2026: Americas Kickoff
supamen,EG,2,1,1,0,0,0,0,0,0,62,0,2,Haven,2026-01-31 17:00:00,https://www.vlr.gg/596419/loud-vs-evil-geniuses-vct-2026-americas-kickoff-lr1,VCT 2026: Americas Kickoff
Okeanos,EG,2,2,0,0,0,1,0,0,0,45,1,1,Haven,2026-01-31 17:00:00,https://www.vlr.gg/596419/loud-vs-evil-geniuses-vct-2026-americas-kickoff-lr1,VCT 2026: Americas Kickoff
dgzin,EG,2,1,0,0,0,0,0,0,0,58,0,2,Haven,2026-01-31 17:00:00,https://www.vlr.gg/596419/loud-vs-evil-geniuses-vct-2026-americas-kickoff-lr1,VCT 2026: Americas Kickoff
bao,EG,2,1,0,0,1,0,0,0,0,45,1,0,Haven,2026-01-31 17:00:00,https://www.vlr.gg/596419/loud-vs-evil-geniuses-vct-2026-americas-kickoff-lr1,VCT 2026: Americas Kickoff
pANcada,LOUD,3,0,0,0,0,0,0,0,0,46,1,0,Abyss,2026-01-31 17:00:00,https://www.vlr.gg/596419/loud-vs-evil-geniuses-vct-2026-americas-kickoff-lr1,VCT 2026: Americas Kickoff
Virtyy,LOUD,1,3,0,0,0,0,0,0,0,39,1,0,Abyss,2026-01-31 17:00:00,https://www.vlr.gg/596419/loud-vs-evil-geniuses-vct-2026-americas-kickoff-lr1,VCT 2026: Americas Kickoff
cauanzin,LOUD,3,1,0,0,0,0,0,0,0,43,3,1,Abyss,2026-01-31 17:00:00,https://www.vlr.gg/596419/loud-vs-evil-geniuses-vct-2026-americas-kickoff-lr1,VCT 2026: Americas Kickoff
Darker,LOUD,4,1,0,0,1,0,0,0,0,42,4,4,Abyss,2026-01-31 17:00:00,https://www.vlr.gg/596419/loud-vs-evil-geniuses-vct-2026-americas-kickoff-lr1,VCT 2026: Americas Kickoff
lukxo,LOUD,6,2,0,0,0,0,0,0,0,98,1,0,Abyss,2026-01-31 17:00:00,https://www.vlr.gg/596419/loud-vs-evil-geniuses-vct-2026-americas-kickoff-lr1,VCT 2026: Americas Kickoff
C0M,EG,2,0,0,0,0,1,0,0,0,29,1,1,Abyss,2026-01-31 17:00:00,https://www.vlr.gg/596419/loud-vs-evil-geniuses-vct-2026-americas-kickoff-lr1,VCT 2026: Americas Kickoff
supamen,EG,4,1,1,0,1,0,0,0,0,59,3,1,Abyss,2026-01-31 17:00:00,https://www.vlr.gg/596419/loud-vs-evil-geniuses-vct-2026-americas-kickoff-lr1,VCT 2026: Americas Kickoff
Okeanos,EG,1,0,1,0,0,0,0,0,0,29,7,1,Abyss,2026-01-31 17:00:00,https://www.vlr.gg/596419/loud-vs-evil-geniuses-vct-2026-americas-kickoff-lr1,VCT 2026: Americas Kickoff
dgzin,EG,4,3,0,0,0,0,0,0,0,49,0,2,Abyss,2026-01-31 17:00:00,https://www.vlr.gg/596419/loud-vs-evil-geniuses-vct-2026-americas-kickoff-lr1,VCT 2026: Americas Kickoff
bao,EG,3,1,0,0,0,0,0,0,0,40,0,0,Abyss,2026-01-31 17:00:00,https://www.vlr.gg/596419/loud-vs-evil-geniuses-vct-2026-americas-kickoff-lr1,VCT 2026: Americas Kickoff
NagZ,KRÜ,8,1,0,0,0,1,0,0,0,54,3,0,all,2026-01-31 19:45:00,https://www.vlr.gg/596420/kr-esports-vs-leviat-n-vct-2026-americas-kickoff-lr1,VCT 2026: Americas Kickoff
Governor,KRÜ,4,0,0,0,1,0,0,0,0,46,7,1,all,2026-01-31 19:45:00,https://www.vlr.gg/596420/kr-esports-vs-leviat-n-vct-2026-americas-kickoff-lr1,VCT 2026: Americas Kickoff
infiltrator,KRÜ,5,1,0,0,1,0,0,0,0,42,0,0,all,2026-01-31 19:45:00,https://www.vlr.gg/596420/kr-esports-vs-leviat-n-vct-2026-americas-kickoff-lr1,VCT 2026: Americas Kickoff
mta,KRÜ,4,1,0,0,2,0,0,0,0,37,1,1,all,2026-01-31 19:45:00,https://www.vlr.gg/596420/kr-esports-vs-leviat-n-vct-2026-americas-kickoff-lr1,VCT 2026: Americas Kickoff
benG,KRÜ,2,1,0,0,0,0,0,0,0,37,3,0,all,2026-01-31 19:45:00,https://www.vlr.gg/596420/kr-esports-vs-leviat-n-vct-2026-americas-kickoff-lr1,VCT 2026: Americas Kickoff
kiNgg,LEV,5,3,0,0,1,0,0,0,0,68,2,3,all,2026-01-31 19:45:00,https://www.vlr.gg/596420/kr-esports-vs-leviat-n-vct-2026-americas-kickoff-lr1,VCT 2026: Americas Kickoff
blowz,LEV,3,2,0,0,0,0,0,0,0,53,8,2,all,2026-01-31 19:45:00,https://www.vlr.gg/596420/kr-esports-vs-leviat-n-vct-2026-americas-kickoff-lr1,VCT 2026: Americas Kickoff
Sato,LEV,3,3,0,0,1,0,0,0,0,50,1,0,all,2026-01-31 19:45:00,https://www.vlr.gg/596420/kr-esports-vs-leviat-n-vct-2026-americas-kickoff-lr1,VCT 2026: Americas Kickoff
spike,LEV,4,2,0,0,1,0,0,0,0,51,1,0,all,2026-01-31 19:45:00,https://www.vlr.gg/596420/kr-esports-vs-leviat-n-vct-2026-americas-kickoff-lr1,VCT 2026: Americas Kickoff
Neon,LEV,11,2,0,0,1,0,0,0,0,68,0,1,all,2026-01-31 19:45:00,https://www.vlr.gg/596420/kr-esports-vs-leviat-n-vct-2026-americas-kickoff-lr1,VCT 2026: Americas Kickoff
NagZ,KRÜ,3,1,0,0,0,0,0,0,0,50,1,0,Bind,2026-01-31 19:45:00,https://www.vlr.gg/596420/kr-esports-vs-leviat-n-vct-2026-americas-kickoff-lr1,VCT 2026: Americas Kickoff
Governor,KRÜ,1,0,0,0,0,0,0,0,0,42,2,0,Bind,2026-01-31 19:45:00,https://www.vlr.gg/596420/kr-esports-vs-leviat-n-vct-2026-americas-kickoff-lr1,VCT 2026: Americas Kickoff
infiltrator,KRÜ,2,0,0,0,0,0,0,0,0,38,0,0,Bind,2026-01-31 19:45:00,https://www.vlr.gg/596420/kr-esports-vs-leviat-n-vct-2026-americas-kickoff-lr1,VCT 2026: Americas Kickoff
mta,KRÜ,1,0,0,0,0,0,0,0,0,21,0,0,Bind,2026-01-31 19:45:00,https://www.vlr.gg/596420/kr-esports-vs-leviat-n-vct-2026-americas-kickoff-lr1,VCT 2026: Americas Kickoff
benG,KRÜ,1,0,0,0,0,0,0,0,0,29,3,0,Bind,2026-01-31 19:45:00,https://www.vlr.gg/596420/kr-esports-vs-leviat-n-vct-2026-americas-kickoff-lr1,VCT 2026: Americas Kickoff
kiNgg,LEV,3,3,0,0,0,0,0,0,0,92,0,2,Bind,2026-01-31 19:45:00,https://www.vlr.gg/596420/kr-esports-vs-leviat-n-vct-2026-americas-kickoff-lr1,VCT 2026: Americas Kickoff
blowz,LEV,1,1,0,0,0,0,0,0,0,60,3,1,Bind,2026-01-31 19:45:00,https://www.vlr.gg/596420/kr-esports-vs-leviat-n-vct-2026-americas-kickoff-lr1,VCT 2026: Americas Kickoff
Sato,LEV,2,1,0,0,0,0,0,0,0,55,1,0,Bind,2026-01-31 19:45:00,https://www.vlr.gg/596420/kr-esports-vs-leviat-n-vct-2026-americas-kickoff-lr1,VCT 2026: Americas Kickoff
spike,LEV,0,0,0,0,0,0,0,0,0,37,0,0,Bind,2026-01-31 19:45:00,https://www.vlr.gg/596420/kr-esports-vs-leviat-n-vct-2026-americas-kickoff-lr1,VCT 2026: Americas Kickoff
Neon,LEV,5,1,0,0,0,0,0,0,0,99,0,0,Bind,2026-01-31 19:45:00,https://www.vlr.gg/596420/kr-esports-vs-leviat-n-vct-2026-americas-kickoff-lr1,VCT 2026: Americas Kickoff
NagZ,KRÜ,5,0,0,0,0,1,0,0,0,58,2,0,Split,2026-01-31 19:45:00,https://www.vlr.gg/596420/kr-esports-vs-leviat-n-vct-2026-americas-kickoff-lr1,VCT 2026: Americas Kickoff
Governor,KRÜ,3,0,0,0,1,0,0,0,0,49,5,1,Split,2026-01-31 19:45:00,https://www.vlr.gg/596420/kr-esports-vs-leviat-n-vct-2026-americas-kickoff-lr1,VCT 2026: Americas Kickoff
infiltrator,KRÜ,3,1,0,0,1,0,0,0,0,46,0,0,Split,2026-01-31 19:45:00,https://www.vlr.gg/596420/kr-esports-vs-leviat-n-vct-2026-americas-kickoff-lr1,VCT 2026: Americas Kickoff
mta,KRÜ,3,1,0,0,2,0,0,0,0,52,1,1,Split,2026-01-31 19:45:00,https://www.vlr.gg/596420/kr-esports-vs-leviat-n-vct-2026-americas-kickoff-lr1,VCT 2026: Americas Kickoff
benG,KRÜ,1,1,0,0,0,0,0,0,0,45,0,0,Split,2026-01-31 19:45:00,https://www.vlr.gg/596420/kr-esports-vs-leviat-n-vct-2026-americas-kickoff-lr1,VCT 2026: Americas Kickoff
kiNgg,LEV,2,0,0,0,1,0,0,0,0,44,2,1,Split,2026-01-31 19:45:00,https://www.vlr.gg/596420/kr-esports-vs-leviat-n-vct-2026-americas-kickoff-lr1,VCT 2026: Americas Kickoff
blowz,LEV,2,1,0,0,0,0,0,0,0,45,5,1,Split,2026-01-31 19:45:00,https://www.vlr.gg/596420/kr-esports-vs-leviat-n-vct-2026-americas-kickoff-lr1,VCT 2026: Americas Kickoff
Sato,LEV,1,2,0,0,1,0,0,0,0,45,0,0,Split,2026-01-31 19:45:00,https://www.vlr.gg/596420/kr-esports-vs-leviat-n-vct-2026-americas-kickoff-lr1,VCT 2026: Americas Kickoff
spike,LEV,4,2,0,0,1,0,0,0,0,65,1,0,Split,2026-01-31 19:45:00,https://www.vlr.gg/596420/kr-esports-vs-leviat-n-vct-2026-americas-kickoff-lr1,VCT 2026: Americas Kickoff
Neon,LEV,6,1,0,0,1,0,0,0,0,37,0,1,Split,2026-01-31 19:45:00,https://www.vlr.gg/596420/kr-esports-vs-leviat-n-vct-2026-americas-kickoff-lr1,VCT 2026: Americas Kickoff
brawk,NRG,7,3,0,0,2,1,0,0,0,55,2,1,all,2026-02-01 17:00:00,https://www.vlr.gg/596415/nrg-vs-100-thieves-vct-2026-americas-kickoff-mr3,VCT 2026: Americas Kickoff
mada,NRG,7,2,0,0,0,0,0,0,0,54,1,0,all,2026-02-01 17:00:00,https://www.vlr.gg/596415/nrg-vs-100-thieves-vct-2026-americas-kickoff-mr3,VCT 2026: Americas Kickoff
skuba,NRG,6,0,0,0,1,0,0,0,0,57,1,3,all,2026-02-01 17:00:00,https://www.vlr.gg/596415/nrg-vs-100-thieves-vct-2026-americas-kickoff-mr3,VCT 2026: Americas Kickoff
Ethan,NRG,0,1,0,0,0,0,0,0,0,41,9,0,all,2026-02-01 17:00:00,https://www.vlr.gg/596415/nrg-vs-100-thieves-vct-2026-americas-kickoff-mr3,VCT 2026: Americas Kickoff
keiko,NRG,4,4,0,0,0,0,0,0,0,48,1,1,all,2026-02-01 17:00:00,https://www.vlr.gg/596415/nrg-vs-100-thieves-vct-2026-americas-kickoff-mr3,VCT 2026: Americas Kickoff
Asuna,100T,4,1,1,0,0,0,0,0,0,41,7,0,all,2026-02-01 17:00:00,https://www.vlr.gg/596415/nrg-vs-100-thieves-vct-2026-americas-kickoff-mr3,VCT 2026: Americas Kickoff
bang,100T,5,2,0,0,0,0,0,0,0,49,2,0,all,2026-02-01 17:00:00,https://www.vlr.gg/596415/nrg-vs-100-thieves-vct-2026-americas-kickoff-mr3,VCT 2026: Americas Kickoff
Cryocells,100T,6,4,0,0,0,0,0,0,0,58,0,0,all,2026-02-01 17:00:00,https://www.vlr.gg/596415/nrg-vs-100-thieves-vct-2026-americas-kickoff-mr3,VCT 2026: Americas Kickoff
vora,100T,4,1,0,0,0,0,0,0,0,32,5,0,all,2026-02-01 17:00:00,https://www.vlr.gg/596415/nrg-vs-100-thieves-vct-2026-americas-kickoff-mr3,VCT 2026: Americas Kickoff
Timotino,100T,4,2,1,0,0,0,0,0,0,42,0,1,all,2026-02-01 17:00:00,https://www.vlr.gg/596415/nrg-vs-100-thieves-vct-2026-americas-kickoff-mr3,VCT 2026: Americas Kickoff
brawk,NRG,3,0,0,0,0,0,0,0,0,41,1,0,Haven,2026-02-01 17:00:00,https://www.vlr.gg/596415/nrg-vs-100-thieves-vct-2026-americas-kickoff-mr3,VCT 2026: Americas Kickoff
mada,NRG,3,2,0,0,0,0,0,0,0,52,0,0,Haven,2026-02-01 17:00:00,https://www.vlr.gg/596415/nrg-vs-100-thieves-vct-2026-americas-kickoff-mr3,VCT 2026: Americas Kickoff
skuba,NRG,3,0,0,0,0,0,0,0,0,59,1,2,Haven,2026-02-01 17:00:00,https://www.vlr.gg/596415/nrg-vs-100-thieves-vct-2026-americas-kickoff-mr3,VCT 2026: Americas Kickoff
Ethan,NRG,0,0,0,0,0,0,0,0,0,46,6,0,Haven,2026-02-01 17:00:00,https://www.vlr.gg/596415/nrg-vs-100-thieves-vct-2026-americas-kickoff-mr3,VCT 2026: Americas Kickoff
keiko,NRG,1,2,0,0,0,0,0,0,0,47,0,1,Haven,2026-02-01 17:00:00,https://www.vlr.gg/596415/nrg-vs-100-thieves-vct-2026-americas-kickoff-mr3,VCT 2026: Americas Kickoff
Asuna,100T,3,0,0,0,0,0,0,0,0,30,3,0,Haven,2026-02-01 17:00:00,https://www.vlr.gg/596415/nrg-vs-100-thieves-vct-2026-americas-kickoff-mr3,VCT 2026: Americas Kickoff
bang,100T,0,0,0,0,0,0,0,0,0,32,1,0,Haven,2026-02-01 17:00:00,https://www.vlr.gg/596415/nrg-vs-100-thieves-vct-2026-americas-kickoff-mr3,VCT 2026: Americas Kickoff
Cryocells,100T,2,4,0,0,0,0,0,0,0,66,0,0,Haven,2026-02-01 17:00:00,https://www.vlr.gg/596415/nrg-vs-100-thieves-vct-2026-americas-kickoff-mr3,VCT 2026: Americas Kickoff
vora,100T,1,1,0,0,0,0,0,0,0,31,3,0,Haven,2026-02-01 17:00:00,https://www.vlr.gg/596415/nrg-vs-100-thieves-vct-2026-americas-kickoff-mr3,VCT 2026: Americas Kickoff
Timotino,100T,2,1,1,0,0,0,0,0,0,53,0,1,Haven,2026-02-01 17:00:00,https://www.vlr.gg/596415/nrg-vs-100-thieves-vct-2026-americas-kickoff-mr3,VCT 2026: Americas Kickoff
brawk,NRG,4,3,0,0,2,1,0,0,0,68,1,1,Corrode,2026-02-01 17:00:00,https://www.vlr.gg/596415/nrg-vs-100-thieves-vct-2026-americas-kickoff-mr3,VCT 2026: Americas Kickoff
mada,NRG,4,0,0,0,0,0,0,0,0,55,1,0,Corrode,2026-02-01 17:00:00,https://www.vlr.gg/596415/nrg-vs-100-thieves-vct-2026-americas-kickoff-mr3,VCT 2026: Americas Kickoff
skuba,NRG,3,0,0,0,1,0,0,0,0,54,0,1,Corrode,2026-02-01 17:00:00,https://www.vlr.gg/596415/nrg-vs-100-thieves-vct-2026-americas-kickoff-mr3,VCT 2026: Americas Kickoff
Ethan,NRG,0,1,0,0,0,0,0,0,0,35,3,0,Corrode,2026-02-01 17:00:00,https://www.vlr.gg/596415/nrg-vs-100-thieves-vct-2026-americas-kickoff-mr3,VCT 2026: Americas Kickoff
keiko,NRG,3,2,0,0,0,0,0,0,0,48,1,0,Corrode,2026-02-01 17:00:00,https://www.vlr.gg/596415/nrg-vs-100-thieves-vct-2026-americas-kickoff-mr3,VCT 2026: Americas Kickoff
Asuna,100T,1,1,1,0,0,0,0,0,0,51,4,0,Corrode,2026-02-01 17:00:00,https://www.vlr.gg/596415/nrg-vs-100-thieves-vct-2026-americas-kickoff-mr3,VCT 2026: Americas Kickoff
bang,100T,5,2,0,0,0,0,0,0,0,65,1,0,Corrode,2026-02-01 17:00:00,https://www.vlr.gg/596415/nrg-vs-100-thieves-vct-2026-americas-kickoff-mr3,VCT 2026: Americas Kickoff
Cryocells,100T,4,0,0,0,0,0,0,0,0,49,0,0,Corrode,2026-02-01 17:00:00,https://www.vlr.gg/596415/nrg-vs-100-thieves-vct-2026-americas-kickoff-mr3,VCT 2026: Americas Kickoff
vora,100T,3,0,0,0,0,0,0,0,0,33,2,0,Corrode,2026-02-01 17:00:00,https://www.vlr.gg/596415/nrg-vs-100-thieves-vct-2026-americas-kickoff-mr3,VCT 2026: Americas Kickoff
Timotino,100T,2,1,0,0,0,0,0,0,0,31,0,0,Corrode,2026-02-01 17:00:00,https://www.vlr.gg/596415/nrg-vs-100-thieves-vct-2026-americas-kickoff-mr3,VCT 2026: Americas Kickoff
BABYBAY,G2,7,3,1,0,0,1,0,0,0,62,0,0,all,2026-02-01 19:25:00,https://www.vlr.gg/596416/g2-esports-vs-cloud9-vct-2026-americas-kickoff-mr3,VCT 2026: Americas Kickoff
valyn,G2,5,3,0,0,0,0,1,0,0,55,6,0,all,2026-02-01 19:25:00,https://www.vlr.gg/596416/g2-esports-vs-cloud9-vct-2026-americas-kickoff-mr3,VCT 2026: Americas Kickoff
jawgemo,G2,4,2,1,0,1,0,0,0,0,49,3,1,all,2026-02-01 19:25:00,https://www.vlr.gg/596416/g2-esports-vs-cloud9-vct-2026-americas-kickoff-mr3,VCT 2026: Americas Kickoff
leaf,G2,8,2,1,0,0,0,0,0,0,71,1,1,all,2026-02-01 19:25:00,https://www.vlr.gg/596416/g2-esports-vs-cloud9-vct-2026-americas-kickoff-mr3,VCT 2026: Americas Kickoff
trent,G2,5,1,0,0,0,0,0,0,0,45,8,0,all,2026-02-01 19:25:00,https://www.vlr.gg/596416/g2-esports-vs-cloud9-vct-2026-americas-kickoff-mr3,VCT 2026: Americas Kickoff
Zellsis,C9,1,2,0,0,0,0,0,0,0,36,6,1,all,2026-02-01 19:25:00,https://www.vlr.gg/596416/g2-esports-vs-cloud9-vct-2026-americas-kickoff-mr3,VCT 2026: Americas Kickoff
penny,C9,8,2,1,0,0,0,0,0,0,51,1,2,all,2026-02-01 19:25:00,https://www.vlr.gg/596416/g2-esports-vs-cloud9-vct-2026-americas-kickoff-mr3,VCT 2026: Americas Kickoff
Xeppaa,C9,2,0,0,1,0,0,0,0,0,36,3,0,all,2026-02-01 19:25:00,https://www.vlr.gg/596416/g2-esports-vs-cloud9-vct-2026-americas-kickoff-mr3,VCT 2026: Americas Kickoff
v1c,C9,8,2,0,0,1,0,0,0,0,48,0,1,all,2026-02-01 19:25:00,https://www.vlr.gg/596416/g2-esports-vs-cloud9-vct-2026-americas-kickoff-mr3,VCT 2026: Americas Kickoff
OXY,C9,11,1,0,0,0,0,0,0,0,53,2,1,all,2026-02-01 19:25:00,https://www.vlr.gg/596416/g2-esports-vs-cloud9-vct-2026-americas-kickoff-mr3,VCT 2026: Americas Kickoff
BABYBAY,G2,4,1,1,0,0,0,0,0,0,55,0,0,Corrode,2026-02-01 19:25:00,https://www.vlr.gg/596416/g2-esports-vs-cloud9-vct-2026-americas-kickoff-mr3,VCT 2026: Americas Kickoff
valyn,G2,3,1,0,0,0,0,1,0,0,38,0,0,Corrode,2026-02-01 19:25:00,https://www.vlr.gg/596416/g2-esports-vs-cloud9-vct-2026-americas-kickoff-mr3,VCT 2026: Americas Kickoff
jawgemo,G2,3,0,1,0,1,0,0,0,0,49,2,0,Corrode,2026-02-01 19:25:00,https://www.vlr.gg/596416/g2-esports-vs-cloud9-vct-2026-americas-kickoff-mr3,VCT 2026: Americas Kickoff
leaf,G2,4,0,1,0,0,0,0,0,0,66,0,0,Corrode,2026-02-01 19:25:00,https://www.vlr.gg/596416/g2-esports-vs-cloud9-vct-2026-americas-kickoff-mr3,VCT 2026: Americas Kickoff
trent,G2,3,1,0,0,0,0,0,0,0,55,8,0,Corrode,2026-02-01 19:25:00,https://www.vlr.gg/596416/g2-esports-vs-cloud9-vct-2026-americas-kickoff-mr3,VCT 2026: Americas Kickoff
Zellsis,C9,1,2,0,0,0,0,0,0,0,41,5,0,Corrode,2026-02-01 19:25:00,https://www.vlr.gg/596416/g2-esports-vs-cloud9-vct-2026-americas-kickoff-mr3,VCT 2026: Americas Kickoff
penny,C9,5,1,1,0,0,0,0,0,0,60,1,1,Corrode,2026-02-01 19:25:00,https://www.vlr.gg/596416/g2-esports-vs-cloud9-vct-2026-americas-kickoff-mr3,VCT 2026: Americas Kickoff
Xeppaa,C9,2,0,0,0,0,0,0,0,0,32,0,0,Corrode,2026-02-01 19:25:00,https://www.vlr.gg/596416/g2-esports-vs-cloud9-vct-2026-americas-kickoff-mr3,VCT 2026: Americas Kickoff
v1c,C9,1,2,0,0,0,0,0,0,0,39,0,0,Corrode,2026-02-01 19:25:00,https://www.vlr.gg/596416/g2-esports-vs-cloud9-vct-2026-americas-kickoff-mr3,VCT 2026: Americas Kickoff
OXY,C9,6,0,0,0,0,0,0,0,0,47,1,1,Corrode,2026-02-01 19:25:00,https://www.vlr.gg/596416/g2-esports-vs-cloud9-vct-2026-americas-kickoff-mr3,VCT 2026: Americas Kickoff
BABYBAY,G2,3,2,0,0,0,1,0,0,0,69,0,0,Bind,2026-02-01 19:25:00,https://www.vlr.gg/596416/g2-esports-vs-cloud9-vct-2026-americas-kickoff-mr3,VCT 2026: Americas Kickoff
valyn,G2,2,2,0,0,0,0,0,0,0,71,6,0,Bind,2026-02-01 19:25:00,https://www.vlr.gg/596416/g2-esports-vs-cloud9-vct-2026-americas-kickoff-mr3,VCT 2026: Americas Kickoff
jawgemo,G2,1,2,0,0,0,0,0,0,0,49,1,1,Bind,2026-02-01 19:25:00,https://www.vlr.gg/596416/g2-esports-vs-cloud9-vct-2026-americas-kickoff-mr3,VCT 2026: Americas Kickoff
leaf,G2,4,2,0,0,0,0,0,0,0,76,1,1,Bind,2026-02-01 19:25:00,https://www.vlr.gg/596416/g2-esports-vs-cloud9-vct-2026-americas-kickoff-mr3,VCT 2026: Americas Kickoff
trent,G2,2,0,0,0,0,0,0,0,0,34,0,0,Bind,2026-02-01 19:25:00,https://www.vlr.gg/596416/g2-esports-vs-cloud9-vct-2026-americas-kickoff-mr3,VCT 2026: Americas Kickoff
Zellsis,C9,0,0,0,0,0,0,0,0,0,31,1,1,Bind,2026-02-01 19:25:00,https://www.vlr.gg/596416/g2-esports-vs-cloud9-vct-2026-americas-kickoff-mr3,VCT 2026: Americas Kickoff
penny,C9,3,1,0,0,0,0,0,0,0,42,0,1,Bind,2026-02-01 19:25:00,https://www.vlr.gg/596416/g2-esports-vs-cloud9-vct-2026-americas-kickoff-mr3,VCT 2026: Americas Kickoff
Xeppaa,C9,0,0,0,1,0,0,0,0,0,39,3,0,Bind,2026-02-01 19:25:00,https://www.vlr.gg/596416/g2-esports-vs-cloud9-vct-2026-americas-kickoff-mr3,VCT 2026: Americas Kickoff
v1c,C9,7,0,0,0,1,0,0,0,0,57,0,1,Bind,2026-02-01 19:25:00,https://www.vlr.gg/596416/g2-esports-vs-cloud9-vct-2026-americas-kickoff-mr3,VCT 2026: Americas Kickoff
OXY,C9,5,1,0,0,0,0,0,0,0,58,1,0,Bind,2026-02-01 19:25:00,https://www.vlr.gg/596416/g2-esports-vs-cloud9-vct-2026-americas-kickoff-mr3,VCT 2026: Americas Kickoff
Rossy,ENVY,4,0,0,1,0,0,0,0,0,35,3,1,all,2026-02-06 17:00:00,https://www.vlr.gg/596421/envy-vs-evil-geniuses-vct-2026-americas-kickoff-lr2,VCT 2026: Americas Kickoff
keznit,ENVY,1,5,0,0,0,1,0,0,0,40,1,1,all,2026-02-06 17:00:00,https://www.vlr.gg/596421/envy-vs-evil-geniuses-vct-2026-americas-kickoff-lr2,VCT 2026: Americas Kickoff
P0PPIN,ENVY,5,1,0,0,0,0,0,0,0,33,10,0,all,2026-02-06 17:00:00,https://www.vlr.gg/596421/envy-vs-evil-geniuses-vct-2026-americas-kickoff-lr2,VCT 2026: Americas Kickoff
Demon1,ENVY,6,2,0,0,0,0,0,0,0,46,1,0,all,2026-02-06 17:00:00,https://www.vlr.gg/596421/envy-vs-evil-geniuses-vct-2026-americas-kickoff-lr2,VCT 2026: Americas Kickoff
Eggsterr,ENVY,4,1,1,0,2,0,0,0,0,45,2,1,all,2026-02-06 17:00:00,https://www.vlr.gg/596421/envy-vs-evil-geniuses-vct-2026-americas-kickoff-lr2,VCT 2026: Americas Kickoff
C0M,EG,8,0,0,0,0,0,0,0,0,56,7,0,all,2026-02-06 17:00:00,https://www.vlr.gg/596421/envy-vs-evil-geniuses-vct-2026-americas-kickoff-lr2,VCT 2026: Americas Kickoff
supamen,EG,3,3,1,0,0,0,0,0,0,82,1,0,all,2026-02-06 17:00:00,https://www.vlr.gg/596421/envy-vs-evil-geniuses-vct-2026-americas-kickoff-lr2,VCT 2026: Americas Kickoff
Okeanos,EG,5,1,0,0,0,0,0,0,0,25,1,2,all,2026-02-06 17:00:00,https://www.vlr.gg/596421/envy-vs-evil-geniuses-vct-2026-americas-kickoff-lr2,VCT 2026: Americas Kickoff
dgzin,EG,9,6,2,0,1,0,0,0,0,71,2,2,all,2026-02-06 17:00:00,https://www.vlr.gg/596421/envy-vs-evil-geniuses-vct-2026-americas-kickoff-lr2,VCT 2026: Americas Kickoff
bao,EG,9,2,0,0,0,0,0,0,0,43,1,5,all,2026-02-06 17:00:00,https://www.vlr.gg/596421/envy-vs-evil-geniuses-vct-2026-americas-kickoff-lr2,VCT 2026: Americas Kickoff
Rossy,ENVY,2,0,0,1,0,0,0,0,0,36,2,1,Pearl,2026-02-06 17:00:00,https://www.vlr.gg/596421/envy-vs-evil-geniuses-vct-2026-americas-kickoff-lr2,VCT 2026: Americas Kickoff
keznit,ENVY,1,2,0,0,0,0,0,0,0,32,1,1,Pearl,2026-02-06 17:00:00,https://www.vlr.gg/596421/envy-vs-evil-geniuses-vct-2026-americas-kickoff-lr2,VCT 2026: Americas Kickoff
P0PPIN,ENVY,3,1,0,0,0,0,0,0,0,35,5,0,Pearl,2026-02-06 17:00:00,https://www.vlr.gg/596421/envy-vs-evil-geniuses-vct-2026-americas-kickoff-lr2,VCT 2026: Americas Kickoff
Demon1,ENVY,5,2,0,0,0,0,0,0,0,50,0,0,Pearl,2026-02-06 17:00:00,https://www.vlr.gg/596421/envy-vs-evil-geniuses-vct-2026-americas-kickoff-lr2,VCT 2026: Americas Kickoff
Eggsterr,ENVY,1,1,1,0,2,0,0,0,0,49,2,1,Pearl,2026-02-06 17:00:00,https://www.vlr.gg/596421/envy-vs-evil-geniuses-vct-2026-americas-kickoff-lr2,VCT 2026: Americas Kickoff
C0M,EG,5,0,0,0,0,0,0,0,0,41,5,0,Pearl,2026-02-06 17:00:00,https://www.vlr.gg/596421/envy-vs-evil-geniuses-vct-2026-americas-kickoff-lr2,VCT 2026: Americas Kickoff
supamen,EG,1,0,0,0,0,0,0,0,0,28,1,0,Pearl,2026-02-06 17:00:00,https://www.vlr.gg/596421/envy-vs-evil-geniuses-vct-2026-americas-kickoff-lr2,VCT 2026: Americas Kickoff
Okeanos,EG,3,1,0,0,0,0,0,0,0,25,1,0,Pearl,2026-02-06 17:00:00,https://www.vlr.gg/596421/envy-vs-evil-geniuses-vct-2026-americas-kickoff-lr2,VCT 2026: Americas Kickoff
dgzin,EG,5,3,0,0,0,0,0,0,0,53,0,1,Pearl,2026-02-06 17:00:00,https://www.vlr.gg/596421/envy-vs-evil-geniuses-vct-2026-americas-kickoff-lr2,VCT 2026: Americas Kickoff
bao,EG,9,2,0,0,0,0,0,0,0,63,0,5,Pearl,2026-02-06 17:00:00,https://www.vlr.gg/596421/envy-vs-evil-geniuses-vct-2026-americas-kickoff-lr2,VCT 2026: Americas Kickoff
Rossy,ENVY,2,0,0,0,0,0,0,0,0,34,1,0,Corrode,2026-02-06 17:00:00,https://www.vlr.gg/596421/envy-vs-evil-geniuses-vct-2026-americas-kickoff-lr2,VCT 2026: Americas Kickoff
keznit,ENVY,0,3,0,0,0,1,0,0,0,47,0,0,Corrode,2026-02-06 17:00:00,https://www.vlr.gg/596421/envy-vs-evil-geniuses-vct-2026-americas-kickoff-lr2,VCT 2026: Americas Kickoff
P0PPIN,ENVY,2,0,0,0,0,0,0,0,0,31,5,0,Corrode,2026-02-06 17:00:00,https://www.vlr.gg/596421/envy-vs-evil-geniuses-vct-2026-americas-kickoff-lr2,VCT 2026: Americas Kickoff
Demon1,ENVY,1,0,0,0,0,0,0,0,0,42,1,0,Corrode,2026-02-06 17:00:00,https://www.vlr.gg/596421/envy-vs-evil-geniuses-vct-2026-americas-kickoff-lr2,VCT 2026: Americas Kickoff
Eggsterr,ENVY,3,0,0,0,0,0,0,0,0,41,0,0,Corrode,2026-02-06 17:00:00,https://www.vlr.gg/596421/envy-vs-evil-geniuses-vct-2026-americas-kickoff-lr2,VCT 2026: Americas Kickoff
C0M,EG,3,0,0,0,0,0,0,0,0,71,2,0,Corrode,2026-02-06 17:00:00,https://www.vlr.gg/596421/envy-vs-evil-geniuses-vct-2026-americas-kickoff-lr2,VCT 2026: Americas Kickoff
supamen,EG,2,3,1,0,0,0,0,0,0,135,0,0,Corrode,2026-02-06 17:00:00,https://www.vlr.gg/596421/envy-vs-evil-geniuses-vct-2026-americas-kickoff-lr2,VCT 2026: Americas Kickoff
Okeanos,EG,2,0,0,0,0,0,0,0,0,25,0,2,Corrode,2026-02-06 17:00:00,https://www.vlr.gg/596421/envy-vs-evil-geniuses-vct-2026-americas-kickoff-lr2,VCT 2026: Americas Kickoff
dgzin,EG,4,3,2,0,1,0,0,0,0,89,2,1,Corrode,2026-02-06 17:00:00,https://www.vlr.gg/596421/envy-vs-evil-geniuses-vct-2026-americas-kickoff-lr2,VCT 2026: Americas Kickoff
bao,EG,0,0,0,0,0,0,0,0,0,22,1,0,Corrode,2026-02-06 17:00:00,https://www.vlr.gg/596421/envy-vs-evil-geniuses-vct-2026-americas-kickoff-lr2,VCT 2026: Americas Kickoff
johnqt,SEN,3,0,0,0,0,0,1,0,0,29,5,0,all,2026-02-06 19:30:00,https://www.vlr.gg/596422/sentinels-vs-leviat-n-vct-2026-americas-kickoff-lr2,VCT 2026: Americas Kickoff
cortezia,SEN,6,2,0,0,0,0,0,0,0,44,1,2,all,2026-02-06 19:30:00,https://www.vlr.gg/596422/sentinels-vs-leviat-n-vct-2026-americas-kickoff-lr2,VCT 2026: Americas Kickoff
Reduxx,SEN,7,0,1,0,0,0,0,0,0,49,1,2,all,2026-02-06 19:30:00,https://www.vlr.gg/596422/sentinels-vs-leviat-n-vct-2026-americas-kickoff-lr2,VCT 2026: Americas Kickoff
Kyu,SEN,4,2,0,0,0,0,0,0,0,44,10,1,all,2026-02-06 19:30:00,https://www.vlr.gg/596422/sentinels-vs-leviat-n-vct-2026-americas-kickoff-lr2,VCT 2026: Americas Kickoff
N4RRATE,SEN,4,2,1,0,0,0,0,0,0,56,0,0,all,2026-02-06 19:30:00,https://www.vlr.gg/596422/sentinels-vs-leviat-n-vct-2026-americas-kickoff-lr2,VCT 2026: Americas Kickoff
kiNgg,LEV,3,2,1,1,0,0,0,0,0,48,1,2,all,2026-02-06 19:30:00,https://www.vlr.gg/596422/sentinels-vs-leviat-n-vct-2026-americas-kickoff-lr2,VCT 2026: Americas Kickoff
blowz,LEV,4,1,1,0,0,1,0,0,0,45,14,4,all,2026-02-06 19:30:00,https://www.vlr.gg/596422/sentinels-vs-leviat-n-vct-2026-americas-kickoff-lr2,VCT 2026: Americas Kickoff
Sato,LEV,7,4,0,0,0,0,0,0,0,51,1,0,all,2026-02-06 19:30:00,https://www.vlr.gg/596422/sentinels-vs-leviat-n-vct-2026-americas-kickoff-lr2,VCT 2026: Americas Kickoff
spike,LEV,9,1,0,0,1,0,0,0,0,59,0,1,all,2026-02-06 19:30:00,https://www.vlr.gg/596422/sentinels-vs-leviat-n-vct-2026-americas-kickoff-lr2,VCT 2026: Americas Kickoff
Neon,LEV,7,1,0,0,1,1,0,0,0,54,0,1,all,2026-02-06 19:30:00,https://www.vlr.gg/596422/sentinels-vs-leviat-n-vct-2026-americas-kickoff-lr2,VCT 2026: Americas Kickoff
johnqt,SEN,3,0,0,0,0,0,0,0,0,33,4,0,Corrode,2026-02-06 19:30:00,https://www.vlr.gg/596422/sentinels-vs-leviat-n-vct-2026-americas-kickoff-lr2,VCT 2026: Americas Kickoff
cortezia,SEN,0,1,0,0,0,0,0,0,0,35,1,1,Corrode,2026-02-06 19:30:00,https://www.vlr.gg/596422/sentinels-vs-leviat-n-vct-2026-americas-kickoff-lr2,VCT 2026: Americas Kickoff
Reduxx,SEN,4,0,0,0,0,0,0,0,0,58,0,1,Corrode,2026-02-06 19:30:00,https://www.vlr.gg/596422/sentinels-vs-leviat-n-vct-2026-americas-kickoff-lr2,VCT 2026: Americas Kickoff
Kyu,SEN,2,2,0,0,0,0,0,0,0,60,5,1,Corrode,2026-02-06 19:30:00,https://www.vlr.gg/596422/sentinels-vs-leviat-n-vct-2026-americas-kickoff-lr2,VCT 2026: Americas Kickoff
N4RRATE,SEN,1,2,0,0,0,0,0,0,0,59,0,0,Corrode,2026-02-06 19:30:00,https://www.vlr.gg/596422/sentinels-vs-leviat-n-vct-2026-americas-kickoff-lr2,VCT 2026: Americas Kickoff
kiNgg,LEV,1,0,0,1,0,0,0,0,0,33,0,1,Corrode,2026-02-06 19:30:00,https://www.vlr.gg/596422/sentinels-vs-leviat-n-vct-2026-americas-kickoff-lr2,VCT 2026: Americas Kickoff
blowz,LEV,3,0,1,0,0,1,0,0,0,50,8,3,Corrode,2026-02-06 19:30:00,https://www.vlr.gg/596422/sentinels-vs-leviat-n-vct-2026-americas-kickoff-lr2,VCT 2026: Americas Kickoff
Sato,LEV,4,3,0,0,0,0,0,0,0,56,1,0,Corrode,2026-02-06 19:30:00,https://www.vlr.gg/596422/sentinels-vs-leviat-n-vct-2026-americas-kickoff-lr2,VCT 2026: Americas Kickoff
spike,LEV,3,1,0,0,0,0,0,0,0,67,0,1,Corrode,2026-02-06 19:30:00,https://www.vlr.gg/596422/sentinels-vs-leviat-n-vct-2026-americas-kickoff-lr2,VCT 2026: Americas Kickoff
Neon,LEV,3,1,0,0,0,1,0,0,0,53,0,0,Corrode,2026-02-06 19:30:00,https://www.vlr.gg/596422/sentinels-vs-leviat-n-vct-2026-americas-kickoff-lr2,VCT 2026: Americas Kickoff
johnqt,SEN,0,0,0,0,0,0,1,0,0,24,1,0,Bind,2026-02-06 19:30:00,https://www.vlr.gg/596422/sentinels-vs-leviat-n-vct-2026-americas-kickoff-lr2,VCT 2026: Americas Kickoff
cortezia,SEN,6,1,0,0,0,0,0,0,0,52,0,1,Bind,2026-02-06 19:30:00,https://www.vlr.gg/596422/sentinels-vs-leviat-n-vct-2026-americas-kickoff-lr2,VCT 2026: Americas Kickoff
Reduxx,SEN,3,0,1,0,0,0,0,0,0,40,1,1,Bind,2026-02-06 19:30:00,https://www.vlr.gg/596422/sentinels-vs-leviat-n-vct-2026-americas-kickoff-lr2,VCT 2026: Americas Kickoff
Kyu,SEN,2,0,0,0,0,0,0,0,0,28,5,0,Bind,2026-02-06 19:30:00,https://www.vlr.gg/596422/sentinels-vs-leviat-n-vct-2026-americas-kickoff-lr2,VCT 2026: Americas Kickoff
N4RRATE,SEN,3,0,1,0,0,0,0,0,0,53,0,0,Bind,2026-02-06 19:30:00,https://www.vlr.gg/596422/sentinels-vs-leviat-n-vct-2026-americas-kickoff-lr2,VCT 2026: Americas Kickoff
kiNgg,LEV,2,2,1,0,0,0,0,0,0,62,1,1,Bind,2026-02-06 19:30:00,https://www.vlr.gg/596422/sentinels-vs-leviat-n-vct-2026-americas-kickoff-lr2,VCT 2026: Americas Kickoff
blowz,LEV,1,1,0,0,0,0,0,0,0,39,6,1,Bind,2026-02-06 19:30:00,https://www.vlr.gg/596422/sentinels-vs-leviat-n-vct-2026-americas-kickoff-lr2,VCT 2026: Americas Kickoff
Sato,LEV,3,1,0,0,0,0,0,0,0,45,0,0,Bind,2026-02-06 19:30:00,https://www.vlr.gg/596422/sentinels-vs-leviat-n-vct-2026-americas-kickoff-lr2,VCT 2026: Americas Kickoff
spike,LEV,6,0,0,0,1,0,0,0,0,51,0,0,Bind,2026-02-06 19:30:00,https://www.vlr.gg/596422/sentinels-vs-leviat-n-vct-2026-americas-kickoff-lr2,VCT 2026: Americas Kickoff
Neon,LEV,4,0,0,0,1,0,0,0,0,55,0,1,Bind,2026-02-06 19:30:00,https://www.vlr.gg/596422/sentinels-vs-leviat-n-vct-2026-americas-kickoff-lr2,VCT 2026: Americas Kickoff
Asuna,100T,5,1,0,0,1,0,0,0,0,41,11,1,all,2026-02-07 15:00:00,https://www.vlr.gg/596423/100-thieves-vs-evil-geniuses-vct-2026-americas-kickoff-lr3,VCT 2026: Americas Kickoff
bang,100T,5,0,0,0,1,0,1,0,0,36,2,1,all,2026-02-07 15:00:00,https://www.vlr.gg/596423/100-thieves-vs-evil-geniuses-vct-2026-americas-kickoff-lr3,VCT 2026: Americas Kickoff
Cryocells,100T,10,3,0,0,1,0,0,0,0,55,3,1,all,2026-02-07 15:00:00,https://www.vlr.gg/596423/100-thieves-vs-evil-geniuses-vct-2026-americas-kickoff-lr3,VCT 2026: Americas Kickoff
vora,100T,6,2,0,0,0,0,0,0,0,44,5,1,all,2026-02-07 15:00:00,https://www.vlr.gg/596423/100-thieves-vs-evil-geniuses-vct-2026-americas-kickoff-lr3,VCT 2026: Americas Kickoff
Timotino,100T,6,3,1,0,0,0,0,0,0,44,0,1,all,2026-02-07 15:00:00,https://www.vlr.gg/596423/100-thieves-vs-evil-geniuses-vct-2026-americas-kickoff-lr3,VCT 2026: Americas Kickoff
C0M,EG,6,2,0,0,0,0,0,0,0,43,11,0,all,2026-02-07 15:00:00,https://www.vlr.gg/596423/100-thieves-vs-evil-geniuses-vct-2026-americas-kickoff-lr3,VCT 2026: Americas Kickoff
supamen,EG,7,0,1,0,0,0,0,0,0,51,4,4,all,2026-02-07 15:00:00,https://www.vlr.gg/596423/100-thieves-vs-evil-geniuses-vct-2026-americas-kickoff-lr3,VCT 2026: Americas Kickoff
Okeanos,EG,5,2,1,0,0,0,0,0,0,43,1,0,all,2026-02-07 15:00:00,https://www.vlr.gg/596423/100-thieves-vs-evil-geniuses-vct-2026-americas-kickoff-lr3,VCT 2026: Americas Kickoff
dgzin,EG,11,3,1,0,0,0,0,0,0,55,0,2,all,2026-02-07 15:00:00,https://www.vlr.gg/596423/100-thieves-vs-evil-geniuses-vct-2026-americas-kickoff-lr3,VCT 2026: Americas Kickoff
bao,EG,6,0,1,0,0,1,0,0,0,49,3,0,all,2026-02-07 15:00:00,https://www.vlr.gg/596423/100-thieves-vs-evil-geniuses-vct-2026-americas-kickoff-lr3,VCT 2026: Americas Kickoff
Asuna,100T,2,0,0,0,0,0,0,0,0,30,5,0,Haven,2026-02-07 15:00:00,https://www.vlr.gg/596423/100-thieves-vs-evil-geniuses-vct-2026-americas-kickoff-lr3,VCT 2026: Americas Kickoff
bang,100T,4,0,0,0,1,0,1,0,0,42,1,1,Haven,2026-02-07 15:00:00,https://www.vlr.gg/596423/100-thieves-vs-evil-geniuses-vct-2026-americas-kickoff-lr3,VCT 2026: Americas Kickoff
Cryocells,100T,3,2,0,0,0,0,0,0,0,57,3,0,Haven,2026-02-07 15:00:00,https://www.vlr.gg/596423/100-thieves-vs-evil-geniuses-vct-2026-americas-kickoff-lr3,VCT 2026: Americas Kickoff
vora,100T,2,1,0,0,0,0,0,0,0,54,2,0,Haven,2026-02-07 15:00:00,https://www.vlr.gg/596423/100-thieves-vs-evil-geniuses-vct-2026-americas-kickoff-lr3,VCT 2026: Americas Kickoff
Timotino,100T,2,2,0,0,0,0,0,0,0,43,0,0,Haven,2026-02-07 15:00:00,https://www.vlr.gg/596423/100-thieves-vs-evil-geniuses-vct-2026-americas-kickoff-lr3,VCT 2026: Americas Kickoff
C0M,EG,4,2,0,0,0,0,0,0,0,53,5,0,Haven,2026-02-07 15:00:00,https://www.vlr.gg/596423/100-thieves-vs-evil-geniuses-vct-2026-americas-kickoff-lr3,VCT 2026: Americas Kickoff
supamen,EG,2,0,1,0,0,0,0,0,0,62,3,1,Haven,2026-02-07 15:00:00,https://www.vlr.gg/596423/100-thieves-vs-evil-geniuses-vct-2026-americas-kickoff-lr3,VCT 2026: Americas Kickoff
Okeanos,EG,3,1,0,0,0,0,0,0,0,43,0,0,Haven,2026-02-07 15:00:00,https://www.vlr.gg/596423/100-thieves-vs-evil-geniuses-vct-2026-americas-kickoff-lr3,VCT 2026: Americas Kickoff
dgzin,EG,4,1,1,0,0,0,0,0,0,50,0,0,Haven,2026-02-07 15:00:00,https://www.vlr.gg/596423/100-thieves-vs-evil-geniuses-vct-2026-americas-kickoff-lr3,VCT 2026: Americas Kickoff
bao,EG,1,0,1,0,0,1,0,0,0,52,2,0,Haven,2026-02-07 15:00:00,https://www.vlr.gg/596423/100-thieves-vs-evil-geniuses-vct-2026-americas-kickoff-lr3,VCT 2026: Americas Kickoff
Asuna,100T,3,1,0,0,1,0,0,0,0,52,6,1,Bind,2026-02-07 15:00:00,https://www.vlr.gg/596423/100-thieves-vs-evil-geniuses-vct-2026-americas-kickoff-lr3,VCT 2026: Americas Kickoff
bang,100T,1,0,0,0,0,0,0,0,0,29,1,0,Bind,2026-02-07 15:00:00,https://www.vlr.gg/596423/100-thieves-vs-evil-geniuses-vct-2026-americas-kickoff-lr3,VCT 2026: Americas Kickoff
Cryocells,100T,7,1,0,0,1,0,0,0,0,53,0,1,Bind,2026-02-07 15:00:00,https://www.vlr.gg/596423/100-thieves-vs-evil-geniuses-vct-2026-americas-kickoff-lr3,VCT 2026: Americas Kickoff
vora,100T,4,1,0,0,0,0,0,0,0,34,3,1,Bind,2026-02-07 15:00:00,https://www.vlr.gg/596423/100-thieves-vs-evil-geniuses-vct-2026-americas-kickoff-lr3,VCT 2026: Americas Kickoff
Timotino,100T,4,1,1,0,0,0,0,0,0,45,0,1,Bind,2026-02-07 15:00:00,https://www.vlr.gg/596423/100-thieves-vs-evil-geniuses-vct-2026-americas-kickoff-lr3,VCT 2026: Americas Kickoff
C0M,EG,2,0,0,0,0,0,0,0,0,32,6,0,Bind,2026-02-07 15:00:00,https://www.vlr.gg/596423/100-thieves-vs-evil-geniuses-vct-2026-americas-kickoff-lr3,VCT 2026: Americas Kickoff
supamen,EG,5,0,0,0,0,0,0,0,0,40,1,3,Bind,2026-02-07 15:00:00,https://www.vlr.gg/596423/100-thieves-vs-evil-geniuses-vct-2026-americas-kickoff-lr3,VCT 2026: Americas Kickoff
Okeanos,EG,2,1,1,0,0,0,0,0,0,42,1,0,Bind,2026-02-07 15:00:00,https://www.vlr.gg/596423/100-thieves-vs-evil-geniuses-vct-2026-americas-kickoff-lr3,VCT 2026: Americas Kickoff
dgzin,EG,7,2,0,0,0,0,0,0,0,59,0,2,Bind,2026-02-07 15:00:00,https://www.vlr.gg/596423/100-thieves-vs-evil-geniuses-vct-2026-americas-kickoff-lr3,VCT 2026: Americas Kickoff
bao,EG,5,0,0,0,0,0,0,0,0,46,1,0,Bind,2026-02-07 15:00:00,https://www.vlr.gg/596423/100-thieves-vs-evil-geniuses-vct-2026-americas-kickoff-lr3,VCT 2026: Americas Kickoff
Zellsis,C9,7,2,1,0,0,0,0,0,0,53,4,1,all,2026-02-07 18:20:00,https://www.vlr.gg/596424/cloud9-vs-leviat-n-vct-2026-americas-kickoff-lr3,VCT 2026: Americas Kickoff
penny,C9,6,0,0,0,0,0,0,0,0,55,1,1,all,2026-02-07 18:20:00,https://www.vlr.gg/596424/cloud9-vs-leviat-n-vct-2026-americas-kickoff-lr3,VCT 2026: Americas Kickoff
Xeppaa,C9,2,1,0,0,0,0,0,0,0,42,1,1,all,2026-02-07 18:20:00,https://www.vlr.gg/596424/cloud9-vs-leviat-n-vct-2026-americas-kickoff-lr3,VCT 2026: Americas Kickoff
v1c,C9,6,2,2,0,1,0,0,1,0,87,5,0,all,2026-02-07 18:20:00,https://www.vlr.gg/596424/cloud9-vs-leviat-n-vct-2026-americas-kickoff-lr3,VCT 2026: Americas Kickoff
OXY,C9,8,2,0,0,0,0,0,0,0,57,1,1,all,2026-02-07 18:20:00,https://www.vlr.gg/596424/cloud9-vs-leviat-n-vct-2026-americas-kickoff-lr3,VCT 2026: Americas Kickoff
kiNgg,LEV,5,1,1,0,0,0,1,0,0,58,2,0,all,2026-02-07 18:20:00,https://www.vlr.gg/596424/cloud9-vs-leviat-n-vct-2026-americas-kickoff-lr3,VCT 2026: Americas Kickoff
blowz,LEV,7,1,0,0,0,0,0,0,0,44,8,1,all,2026-02-07 18:20:00,https://www.vlr.gg/596424/cloud9-vs-leviat-n-vct-2026-americas-kickoff-lr3,VCT 2026: Americas Kickoff
Sato,LEV,2,0,0,0,1,0,0,0,0,22,0,0,all,2026-02-07 18:20:00,https://www.vlr.gg/596424/cloud9-vs-leviat-n-vct-2026-americas-kickoff-lr3,VCT 2026: Americas Kickoff
spike,LEV,3,0,0,0,0,0,0,0,0,44,2,0,all,2026-02-07 18:20:00,https://www.vlr.gg/596424/cloud9-vs-leviat-n-vct-2026-americas-kickoff-lr3,VCT 2026: Americas Kickoff
Neon,LEV,1,3,0,0,0,0,0,0,0,53,0,1,all,2026-02-07 18:20:00,https://www.vlr.gg/596424/cloud9-vs-leviat-n-vct-2026-americas-kickoff-lr3,VCT 2026: Americas Kickoff
Zellsis,C9,4,1,1,0,0,0,0,0,0,65,2,1,Bind,2026-02-07 18:20:00,https://www.vlr.gg/596424/cloud9-vs-leviat-n-vct-2026-americas-kickoff-lr3,VCT 2026: Americas Kickoff
penny,C9,4,0,0,0,0,0,0,0,0,59,0,1,Bind,2026-02-07 18:20:00,https://www.vlr.gg/596424/cloud9-vs-leviat-n-vct-2026-americas-kickoff-lr3,VCT 2026: Americas Kickoff
Xeppaa,C9,1,0,0,0,0,0,0,0,0,28,0,0,Bind,2026-02-07 18:20:00,https://www.vlr.gg/596424/cloud9-vs-leviat-n-vct-2026-americas-kickoff-lr3,VCT 2026: Americas Kickoff
v1c,C9,3,1,2,0,0,0,0,1,0,99,3,0,Bind,2026-02-07 18:20:00,https://www.vlr.gg/596424/cloud9-vs-leviat-n-vct-2026-americas-kickoff-lr3,VCT 2026: Americas Kickoff
OXY,C9,3,1,0,0,0,0,0,0,0,48,0,1,Bind,2026-02-07 18:20:00,https://www.vlr.gg/596424/cloud9-vs-leviat-n-vct-2026-americas-kickoff-lr3,VCT 2026: Americas Kickoff
kiNgg,LEV,3,0,0,0,0,0,0,0,0,52,1,0,Bind,2026-02-07 18:20:00,https://www.vlr.gg/596424/cloud9-vs-leviat-n-vct-2026-americas-kickoff-lr3,VCT 2026: Americas Kickoff
blowz,LEV,3,1,0,0,0,0,0,0,0,49,5,0,Bind,2026-02-07 18:20:00,https://www.vlr.gg/596424/cloud9-vs-leviat-n-vct-2026-americas-kickoff-lr3,VCT 2026: Americas Kickoff
Sato,LEV,1,0,0,0,1,0,0,0,0,18,0,0,Bind,2026-02-07 18:20:00,https://www.vlr.gg/596424/cloud9-vs-leviat-n-vct-2026-americas-kickoff-lr3,VCT 2026: Americas Kickoff
spike,LEV,2,0,0,0,0,0,0,0,0,55,0,0,Bind,2026-02-07 18:20:00,https://www.vlr.gg/596424/cloud9-vs-leviat-n-vct-2026-americas-kickoff-lr3,VCT 2026: Americas Kickoff
Neon,LEV,0,0,0,0,0,0,0,0,0,43,0,1,Bind,2026-02-07 18:20:00,https://www.vlr.gg/596424/cloud9-vs-leviat-n-vct-2026-americas-kickoff-lr3,VCT 2026: Americas Kickoff
Zellsis,C9,3,1,0,0,0,0,0,0,0,40,2,0,Breeze,2026-02-07 18:20:00,https://www.vlr.gg/596424/cloud9-vs-leviat-n-vct-2026-americas-kickoff-lr3,VCT 2026: Americas Kickoff
penny,C9,2,0,0,0,0,0,0,0,0,50,1,0,Breeze,2026-02-07 18:20:00,https://www.vlr.gg/596424/cloud9-vs-leviat-n-vct-2026-americas-kickoff-lr3,VCT 2026: Americas Kickoff
Xeppaa,C9,1,1,0,0,0,0,0,0,0,55,1,1,Breeze,2026-02-07 18:20:00,https://www.vlr.gg/596424/cloud9-vs-leviat-n-vct-2026-americas-kickoff-lr3,VCT 2026: Americas Kickoff
v1c,C9,3,1,0,0,1,0,0,0,0,74,2,0,Breeze,2026-02-07 18:20:00,https://www.vlr.gg/596424/cloud9-vs-leviat-n-vct-2026-americas-kickoff-lr3,VCT 2026: Americas Kickoff
OXY,C9,5,1,0,0,0,0,0,0,0,65,1,0,Breeze,2026-02-07 18:20:00,https://www.vlr.gg/596424/cloud9-vs-leviat-n-vct-2026-americas-kickoff-lr3,VCT 2026: Americas Kickoff
kiNgg,LEV,2,1,1,0,0,0,1,0,0,63,1,0,Breeze,2026-02-07 18:20:00,https://www.vlr.gg/596424/cloud9-vs-leviat-n-vct-2026-americas-kickoff-lr3,VCT 2026: Americas Kickoff
blowz,LEV,4,0,0,0,0,0,0,0,0,38,3,1,Breeze,2026-02-07 18:20:00,https://www.vlr.gg/596424/cloud9-vs-leviat-n-vct-2026-americas-kickoff-lr3,VCT 2026: Americas Kickoff
Sato,LEV,1,0,0,0,0,0,0,0,0,26,0,0,Breeze,2026-02-07 18:20:00,https://www.vlr.gg/596424/cloud9-vs-leviat-n-vct-2026-americas-kickoff-lr3,VCT 2026: Americas Kickoff
spike,LEV,1,0,0,0,0,0,0,0,0,32,2,0,Breeze,2026-02-07 18:20:00,https://www.vlr.gg/596424/cloud9-vs-leviat-n-vct-2026-americas-kickoff-lr3,VCT 2026: Americas Kickoff
Neon,LEV,1,3,0,0,0,0,0,0,0,62,0,0,Breeze,2026-02-07 18:20:00,https://www.vlr.gg/596424/cloud9-vs-leviat-n-vct-2026-americas-kickoff-lr3,VCT 2026: Americas Kickoff
brawk,NRG,2,1,0,0,0,1,0,0,0,38,6,1,all,2026-02-07 20:25:00,https://www.vlr.gg/596417/nrg-vs-g2-esports-vct-2026-americas-kickoff-mr4,VCT 2026: Americas Kickoff
mada,NRG,6,1,0,0,0,0,0,0,0,43,0,1,all,2026-02-07 20:25:00,https://www.vlr.gg/596417/nrg-vs-g2-esports-vct-2026-americas-kickoff-mr4,VCT 2026: Americas Kickoff
skuba,NRG,5,1,0,0,1,0,0,0,0,53,1,0,all,2026-02-07 20:25:00,https://www.vlr.gg/596417/nrg-vs-g2-esports-vct-2026-americas-kickoff-mr4,VCT 2026: Americas Kickoff
Ethan,NRG,3,0,0,0,1,0,0,0,0,37,3,0,all,2026-02-07 20:25:00,https://www.vlr.gg/596417/nrg-vs-g2-esports-vct-2026-americas-kickoff-mr4,VCT 2026: Americas Kickoff
keiko,NRG,4,2,0,0,1,0,0,0,0,61,0,0,all,2026-02-07 20:25:00,https://www.vlr.gg/596417/nrg-vs-g2-esports-vct-2026-americas-kickoff-mr4,VCT 2026: Americas Kickoff
BABYBAY,G2,7,2,1,0,0,0,0,0,0,61,1,1,all,2026-02-07 20:25:00,https://www.vlr.gg/596417/nrg-vs-g2-esports-vct-2026-americas-kickoff-mr4,VCT 2026: Americas Kickoff
valyn,G2,8,1,1,0,1,0,0,0,0,66,3,0,all,2026-02-07 20:25:00,https://www.vlr.gg/596417/nrg-vs-g2-esports-vct-2026-americas-kickoff-mr4,VCT 2026: Americas Kickoff
jawgemo,G2,6,1,0,2,0,0,0,0,0,63,0,0,all,2026-02-07 20:25:00,https://www.vlr.gg/596417/nrg-vs-g2-esports-vct-2026-americas-kickoff-mr4,VCT 2026: Americas Kickoff
leaf,G2,4,1,0,0,0,0,0,0,0,47,0,0,all,2026-02-07 20:25:00,https://www.vlr.gg/596417/nrg-vs-g2-esports-vct-2026-americas-kickoff-mr4,VCT 2026: Americas Kickoff
trent,G2,6,2,0,0,0,1,0,0,0,71,6,2,all,2026-02-07 20:25:00,https://www.vlr.gg/596417/nrg-vs-g2-esports-vct-2026-americas-kickoff-mr4,VCT 2026: Americas Kickoff
brawk,NRG,0,0,0,0,0,0,0,0,0,28,3,0,Pearl,2026-02-07 20:25:00,https://www.vlr.gg/596417/nrg-vs-g2-esports-vct-2026-americas-kickoff-mr4,VCT 2026: Americas Kickoff
mada,NRG,2,1,0,0,0,0,0,0,0,39,0,0,Pearl,2026-02-07 20:25:00,https://www.vlr.gg/596417/nrg-vs-g2-esports-vct-2026-americas-kickoff-mr4,VCT 2026: Americas Kickoff
skuba,NRG,4,0,0,0,1,0,0,0,0,57,1,0,Pearl,2026-02-07 20:25:00,https://www.vlr.gg/596417/nrg-vs-g2-esports-vct-2026-americas-kickoff-mr4,VCT 2026: Americas Kickoff
Ethan,NRG,2,0,0,0,0,0,0,0,0,47,1,0,Pearl,2026-02-07 20:25:00,https://www.vlr.gg/596417/nrg-vs-g2-esports-vct-2026-americas-kickoff-mr4,VCT 2026: Americas Kickoff
keiko,NRG,2,1,0,0,1,0,0,0,0,77,0,0,Pearl,2026-02-07 20:25:00,https://www.vlr.gg/596417/nrg-vs-g2-esports-vct-2026-americas-kickoff-mr4,VCT 2026: Americas Kickoff
BABYBAY,G2,5,0,0,0,0,0,0,0,0,71,0,1,Pearl,2026-02-07 20:25:00,https://www.vlr.gg/596417/nrg-vs-g2-esports-vct-2026-americas-kickoff-mr4,VCT 2026: Americas Kickoff
valyn,G2,3,1,0,0,0,0,0,0,0,60,0,0,Pearl,2026-02-07 20:25:00,https://www.vlr.gg/596417/nrg-vs-g2-esports-vct-2026-americas-kickoff-mr4,VCT 2026: Americas Kickoff
jawgemo,G2,3,0,0,1,0,0,0,0,0,62,0,0,Pearl,2026-02-07 20:25:00,https://www.vlr.gg/596417/nrg-vs-g2-esports-vct-2026-americas-kickoff-mr4,VCT 2026: Americas Kickoff
leaf,G2,3,0,0,0,0,0,0,0,0,54,0,0,Pearl,2026-02-07 20:25:00,https://www.vlr.gg/596417/nrg-vs-g2-esports-vct-2026-americas-kickoff-mr4,VCT 2026: Americas Kickoff
trent,G2,5,1,0,0,0,1,0,0,0,92,2,2,Pearl,2026-02-07 20:25:00,https://www.vlr.gg/596417/nrg-vs-g2-esports-vct-2026-americas-kickoff-mr4,VCT 2026: Americas Kickoff
brawk,NRG,2,1,0,0,0,1,0,0,0,47,3,1,Split,2026-02-07 20:25:00,https://www.vlr.gg/596417/nrg-vs-g2-esports-vct-2026-americas-kickoff-mr4,VCT 2026: Americas Kickoff
mada,NRG,4,0,0,0,0,0,0,0,0,46,0,1,Split,2026-02-07 20:25:00,https://www.vlr.gg/596417/nrg-vs-g2-esports-vct-2026-americas-kickoff-mr4,VCT 2026: Americas Kickoff
skuba,NRG,1,1,0,0,0,0,0,0,0,48,0,0,Split,2026-02-07 20:25:00,https://www.vlr.gg/596417/nrg-vs-g2-esports-vct-2026-americas-kickoff-mr4,VCT 2026: Americas Kickoff
Ethan,NRG,1,0,0,0,1,0,0,0,0,26,2,0,Split,2026-02-07 20:25:00,https://www.vlr.gg/596417/nrg-vs-g2-esports-vct-2026-americas-kickoff-mr4,VCT 2026: Americas Kickoff
keiko,NRG,2,1,0,0,0,0,0,0,0,45,0,0,Split,2026-02-07 20:25:00,https://www.vlr.gg/596417/nrg-vs-g2-esports-vct-2026-americas-kickoff-mr4,VCT 2026: Americas Kickoff
BABYBAY,G2,2,2,1,0,0,0,0,0,0,50,1,0,Split,2026-02-07 20:25:00,https://www.vlr.gg/596417/nrg-vs-g2-esports-vct-2026-americas-kickoff-mr4,VCT 2026: Americas Kickoff
valyn,G2,5,0,1,0,1,0,0,0,0,72,3,0,Split,2026-02-07 20:25:00,https://www.vlr.gg/596417/nrg-vs-g2-esports-vct-2026-americas-kickoff-mr4,VCT 2026: Americas Kickoff
jawgemo,G2,3,1,0,1,0,0,0,0,0,63,0,0,Split,2026-02-07 20:25:00,https://www.vlr.gg/596417/nrg-vs-g2-esports-vct-2026-americas-kickoff-mr4,VCT 2026: Americas Kickoff
leaf,G2,1,1,0,0,0,0,0,0,0,39,0,0,Split,2026-02-07 20:25:00,https://www.vlr.gg/596417/nrg-vs-g2-esports-vct-2026-americas-kickoff-mr4,VCT 2026: Americas Kickoff
trent,G2,1,1,0,0,0,0,0,0,0,50,4,0,Split,2026-02-07 20:25:00,https://www.vlr.gg/596417/nrg-vs-g2-esports-vct-2026-americas-kickoff-mr4,VCT 2026: Americas Kickoff
Asuna,100T,7,0,0,0,1,0,0,0,0,45,14,2,all,2026-02-13 15:00:00,https://www.vlr.gg/596425/100-thieves-vs-cloud9-vct-2026-americas-kickoff-lr4,VCT 2026: Americas Kickoff
bang,100T,11,2,0,0,1,0,1,0,0,67,3,3,all,2026-02-13 15:00:00,https://www.vlr.gg/596425/100-thieves-vs-cloud9-vct-2026-americas-kickoff-lr4,VCT 2026: Americas Kickoff
Cryocells,100T,7,2,0,0,1,0,0,0,0,47,1,3,all,2026-02-13 15:00:00,https://www.vlr.gg/596425/100-thieves-vs-cloud9-vct-2026-americas-kickoff-lr4,VCT 2026: Americas Kickoff
vora,100T,6,6,0,0,0,0,1,0,0,70,9,0,all,2026-02-13 15:00:00,https://www.vlr.gg/596425/100-thieves-vs-cloud9-vct-2026-americas-kickoff-lr4,VCT 2026: Americas Kickoff
Timotino,100T,10,2,0,0,0,0,0,0,0,55,2,1,all,2026-02-13 15:00:00,https://www.vlr.gg/596425/100-thieves-vs-cloud9-vct-2026-americas-kickoff-lr4,VCT 2026: Americas Kickoff
Zellsis,C9,7,0,1,0,0,1,1,0,0,31,9,2,all,2026-02-13 15:00:00,https://www.vlr.gg/596425/100-thieves-vs-cloud9-vct-2026-americas-kickoff-lr4,VCT 2026: Americas Kickoff
penny,C9,1,0,1,0,0,0,0,0,0,32,3,1,all,2026-02-13 15:00:00,https://www.vlr.gg/596425/100-thieves-vs-cloud9-vct-2026-americas-kickoff-lr4,VCT 2026: Americas Kickoff
Xeppaa,C9,6,3,1,0,0,0,0,0,0,50,6,1,all,2026-02-13 15:00:00,https://www.vlr.gg/596425/100-thieves-vs-cloud9-vct-2026-americas-kickoff-lr4,VCT 2026: Americas Kickoff
v1c,C9,9,1,2,0,3,1,0,0,0,54,4,2,all,2026-02-13 15:00:00,https://www.vlr.gg/596425/100-thieves-vs-cloud9-vct-2026-americas-kickoff-lr4,VCT 2026: Americas Kickoff
OXY,C9,13,4,1,0,1,0,0,0,0,61,1,0,all,2026-02-13 15:00:00,https://www.vlr.gg/596425/100-thieves-vs-cloud9-vct-2026-americas-kickoff-lr4,VCT 2026: Americas Kickoff
Asuna,100T,4,0,0,0,1,0,0,0,0,40,5,2,Pearl,2026-02-13 15:00:00,https://www.vlr.gg/596425/100-thieves-vs-cloud9-vct-2026-americas-kickoff-lr4,VCT 2026: Americas Kickoff
bang,100T,4,2,0,0,1,0,1,0,0,71,1,1,Pearl,2026-02-13 15:00:00,https://www.vlr.gg/596425/100-thieves-vs-cloud9-vct-2026-americas-kickoff-lr4,VCT 2026: Americas Kickoff
Cryocells,100T,3,1,0,0,1,0,0,0,0,46,0,3,Pearl,2026-02-13 15:00:00,https://www.vlr.gg/596425/100-thieves-vs-cloud9-vct-2026-americas-kickoff-lr4,VCT 2026: Americas Kickoff
vora,100T,3,1,0,0,0,0,0,0,0,46,4,0,Pearl,2026-02-13 15:00:00,https://www.vlr.gg/596425/100-thieves-vs-cloud9-vct-2026-americas-kickoff-lr4,VCT 2026: Americas Kickoff
Timotino,100T,5,0,0,0,0,0,0,0,0,47,1,0,Pearl,2026-02-13 15:00:00,https://www.vlr.gg/596425/100-thieves-vs-cloud9-vct-2026-americas-kickoff-lr4,VCT 2026: Americas Kickoff
Zellsis,C9,3,0,0,0,0,1,0,0,0,30,6,2,Pearl,2026-02-13 15:00:00,https://www.vlr.gg/596425/100-thieves-vs-cloud9-vct-2026-americas-kickoff-lr4,VCT 2026: Americas Kickoff
penny,C9,1,0,0,0,0,0,0,0,0,36,0,0,Pearl,2026-02-13 15:00:00,https://www.vlr.gg/596425/100-thieves-vs-cloud9-vct-2026-americas-kickoff-lr4,VCT 2026: Americas Kickoff
Xeppaa,C9,2,2,0,0,0,0,0,0,0,50,3,1,Pearl,2026-02-13 15:00:00,https://www.vlr.gg/596425/100-thieves-vs-cloud9-vct-2026-americas-kickoff-lr4,VCT 2026: Americas Kickoff
v1c,C9,2,0,1,0,2,0,0,0,0,42,3,1,Pearl,2026-02-13 15:00:00,https://www.vlr.gg/596425/100-thieves-vs-cloud9-vct-2026-americas-kickoff-lr4,VCT 2026: Americas Kickoff
OXY,C9,6,3,0,0,0,0,0,0,0,67,1,0,Pearl,2026-02-13 15:00:00,https://www.vlr.gg/596425/100-thieves-vs-cloud9-vct-2026-americas-kickoff-lr4,VCT 2026: Americas Kickoff
Asuna,100T,2,0,0,0,0,0,0,0,0,44,3,0,Split,2026-02-13 15:00:00,https://www.vlr.gg/596425/100-thieves-vs-cloud9-vct-2026-americas-kickoff-lr4,VCT 2026: Americas Kickoff
bang,100T,5,0,0,0,0,0,0,0,0,73,2,1,Split,2026-02-13 15:00:00,https://www.vlr.gg/596425/100-thieves-vs-cloud9-vct-2026-americas-kickoff-lr4,VCT 2026: Americas Kickoff
Cryocells,100T,2,1,0,0,0,0,0,0,0,35,0,0,Split,2026-02-13 15:00:00,https://www.vlr.gg/596425/100-thieves-vs-cloud9-vct-2026-americas-kickoff-lr4,VCT 2026: Americas Kickoff
vora,100T,1,2,0,0,0,0,0,0,0,47,2,0,Split,2026-02-13 15:00:00,https://www.vlr.gg/596425/100-thieves-vs-cloud9-vct-2026-americas-kickoff-lr4,VCT 2026: Americas Kickoff
Timotino,100T,2,1,0,0,0,0,0,0,0,62,1,1,Split,2026-02-13 15:00:00,https://www.vlr.gg/596425/100-thieves-vs-cloud9-vct-2026-americas-kickoff-lr4,VCT 2026: Americas Kickoff
Zellsis,C9,3,0,1,0,0,0,1,0,0,39,2,0,Split,2026-02-13 15:00:00,https://www.vlr.gg/596425/100-thieves-vs-cloud9-vct-2026-americas-kickoff-lr4,VCT 2026: Americas Kickoff
penny,C9,0,0,1,0,0,0,0,0,0,34,3,1,Split,2026-02-13 15:00:00,https://www.vlr.gg/596425/100-thieves-vs-cloud9-vct-2026-americas-kickoff-lr4,VCT 2026: Americas Kickoff
Xeppaa,C9,3,1,1,0,0,0,0,0,0,49,3,0,Split,2026-02-13 15:00:00,https://www.vlr.gg/596425/100-thieves-vs-cloud9-vct-2026-americas-kickoff-lr4,VCT 2026: Americas Kickoff
v1c,C9,5,1,1,0,0,1,0,0,0,77,1,1,Split,2026-02-13 15:00:00,https://www.vlr.gg/596425/100-thieves-vs-cloud9-vct-2026-americas-kickoff-lr4,VCT 2026: Americas Kickoff
OXY,C9,7,1,0,0,1,0,0,0,0,59,0,0,Split,2026-02-13 15:00:00,https://www.vlr.gg/596425/100-thieves-vs-cloud9-vct-2026-americas-kickoff-lr4,VCT 2026: Americas Kickoff
Asuna,100T,1,0,0,0,0,0,0,0,0,52,6,0,Abyss,2026-02-13 15:00:00,https://www.vlr.gg/596425/100-thieves-vs-cloud9-vct-2026-americas-kickoff-lr4,VCT 2026: Americas Kickoff
bang,100T,2,0,0,0,0,0,0,0,0,56,0,1,Abyss,2026-02-13 15:00:00,https://www.vlr.gg/596425/100-thieves-vs-cloud9-vct-2026-americas-kickoff-lr4,VCT 2026: Americas Kickoff
Cryocells,100T,2,0,0,0,0,0,0,0,0,59,1,0,Abyss,2026-02-13 15:00:00,https://www.vlr.gg/596425/100-thieves-vs-cloud9-vct-2026-americas-kickoff-lr4,VCT 2026: Americas Kickoff
vora,100T,2,3,0,0,0,0,1,0,0,117,3,0,Abyss,2026-02-13 15:00:00,https://www.vlr.gg/596425/100-thieves-vs-cloud9-vct-2026-americas-kickoff-lr4,VCT 2026: Americas Kickoff
Timotino,100T,3,1,0,0,0,0,0,0,0,57,0,0,Abyss,2026-02-13 15:00:00,https://www.vlr.gg/596425/100-thieves-vs-cloud9-vct-2026-americas-kickoff-lr4,VCT 2026: Americas Kickoff
Zellsis,C9,1,0,0,0,0,0,0,0,0,24,1,0,Abyss,2026-02-13 15:00:00,https://www.vlr.gg/596425/100-thieves-vs-cloud9-vct-2026-americas-kickoff-lr4,VCT 2026: Americas Kickoff
penny,C9,0,0,0,0,0,0,0,0,0,25,0,0,Abyss,2026-02-13 15:00:00,https://www.vlr.gg/596425/100-thieves-vs-cloud9-vct-2026-americas-kickoff-lr4,VCT 2026: Americas Kickoff
Xeppaa,C9,1,0,0,0,0,0,0,0,0,50,0,0,Abyss,2026-02-13 15:00:00,https://www.vlr.gg/596425/100-thieves-vs-cloud9-vct-2026-americas-kickoff-lr4,VCT 2026: Americas Kickoff
v1c,C9,2,0,0,0,1,0,0,0,0,43,0,0,Abyss,2026-02-13 15:00:00,https://www.vlr.gg/596425/100-thieves-vs-cloud9-vct-2026-americas-kickoff-lr4,VCT 2026: Americas Kickoff
OXY,C9,0,0,1,0,0,0,0,0,0,57,0,0,Abyss,2026-02-13 15:00:00,https://www.vlr.gg/596425/100-thieves-vs-cloud9-vct-2026-americas-kickoff-lr4,VCT 2026: Americas Kickoff
tex,MIBR,9,4,0,0,0,0,0,0,0,54,3,1,all,2026-02-13 18:30:00,https://www.vlr.gg/596408/mibr-vs-furia-vct-2026-americas-kickoff-ubf,VCT 2026: Americas Kickoff
zekken,MIBR,13,6,0,0,2,0,0,0,0,58,5,2,all,2026-02-13 18:30:00,https://www.vlr.gg/596408/mibr-vs-furia-vct-2026-americas-kickoff-ubf,VCT 2026: Americas Kickoff
Mazino,MIBR,16,4,1,0,0,1,0,0,0,61,13,5,all,2026-02-13 18:30:00,https://www.vlr.gg/596408/mibr-vs-furia-vct-2026-americas-kickoff-ubf,VCT 2026: Americas Kickoff
aspas,MIBR,11,5,0,0,0,1,0,0,0,53,2,4,all,2026-02-13 18:30:00,https://www.vlr.gg/596408/mibr-vs-furia-vct-2026-americas-kickoff-ubf,VCT 2026: Americas Kickoff
Verno,MIBR,10,0,0,0,0,1,0,0,0,57,11,3,all,2026-02-13 18:30:00,https://www.vlr.gg/596408/mibr-vs-furia-vct-2026-americas-kickoff-ubf,VCT 2026: Americas Kickoff
nerve,FUR,14,3,0,0,1,0,0,0,0,42,10,2,all,2026-02-13 18:30:00,https://www.vlr.gg/596408/mibr-vs-furia-vct-2026-americas-kickoff-ubf,VCT 2026: Americas Kickoff
eeiu,FUR,13,2,0,0,1,0,0,0,0,41,6,1,all,2026-02-13 18:30:00,https://www.vlr.gg/596408/mibr-vs-furia-vct-2026-americas-kickoff-ubf,VCT 2026: Americas Kickoff
koalanoob,FUR,13,4,2,1,2,0,0,0,0,52,3,1,all,2026-02-13 18:30:00,https://www.vlr.gg/596408/mibr-vs-furia-vct-2026-americas-kickoff-ubf,VCT 2026: Americas Kickoff
artzin,FUR,8,2,0,1,2,2,0,0,0,48,23,4,all,2026-02-13 18:30:00,https://www.vlr.gg/596408/mibr-vs-furia-vct-2026-americas-kickoff-ubf,VCT 2026: Americas Kickoff
alym,FUR,14,3,0,0,2,0,0,0,0,44,1,0,all,2026-02-13 18:30:00,https://www.vlr.gg/596408/mibr-vs-furia-vct-2026-americas-kickoff-ubf,VCT 2026: Americas Kickoff
tex,MIBR,2,1,0,0,0,0,0,0,0,63,0,0,Bind,2026-02-13 18:30:00,https://www.vlr.gg/596408/mibr-vs-furia-vct-2026-americas-kickoff-ubf,VCT 2026: Americas Kickoff
zekken,MIBR,0,2,0,0,1,0,0,0,0,53,0,0,Bind,2026-02-13 18:30:00,https://www.vlr.gg/596408/mibr-vs-furia-vct-2026-americas-kickoff-ubf,VCT 2026: Americas Kickoff
Mazino,MIBR,3,1,0,0,0,0,0,0,0,63,4,1,Bind,2026-02-13 18:30:00,https://www.vlr.gg/596408/mibr-vs-furia-vct-2026-americas-kickoff-ubf,VCT 2026: Americas Kickoff
aspas,MIBR,0,1,0,0,0,0,0,0,0,47,1,1,Bind,2026-02-13 18:30:00,https://www.vlr.gg/596408/mibr-vs-furia-vct-2026-americas-kickoff-ubf,VCT 2026: Americas Kickoff
Verno,MIBR,4,0,0,0,0,0,0,0,0,49,4,0,Bind,2026-02-13 18:30:00,https://www.vlr.gg/596408/mibr-vs-furia-vct-2026-americas-kickoff-ubf,VCT 2026: Americas Kickoff
nerve,FUR,3,0,0,0,0,0,0,0,0,49,2,1,Bind,2026-02-13 18:30:00,https://www.vlr.gg/596408/mibr-vs-furia-vct-2026-americas-kickoff-ubf,VCT 2026: Americas Kickoff
eeiu,FUR,5,1,0,0,0,0,0,0,0,62,0,0,Bind,2026-02-13 18:30:00,https://www.vlr.gg/596408/mibr-vs-furia-vct-2026-americas-kickoff-ubf,VCT 2026: Americas Kickoff
koalanoob,FUR,2,0,0,1,0,0,0,0,0,40,0,0,Bind,2026-02-13 18:30:00,https://www.vlr.gg/596408/mibr-vs-furia-vct-2026-americas-kickoff-ubf,VCT 2026: Americas Kickoff
artzin,FUR,1,0,0,0,0,0,0,0,0,36,6,0,Bind,2026-02-13 18:30:00,https://www.vlr.gg/596408/mibr-vs-furia-vct-2026-americas-kickoff-ubf,VCT 2026: Americas Kickoff
alym,FUR,4,0,0,0,0,0,0,0,0,35,0,0,Bind,2026-02-13 18:30:00,https://www.vlr.gg/596408/mibr-vs-furia-vct-2026-americas-kickoff-ubf,VCT 2026: Americas Kickoff
tex,MIBR,2,1,0,0,0,0,0,0,0,48,1,0,Abyss,2026-02-13 18:30:00,https://www.vlr.gg/596408/mibr-vs-furia-vct-2026-americas-kickoff-ubf,VCT 2026: Americas Kickoff
zekken,MIBR,2,0,0,0,0,0,0,0,0,51,0,0,Abyss,2026-02-13 18:30:00,https://www.vlr.gg/596408/mibr-vs-furia-vct-2026-americas-kickoff-ubf,VCT 2026: Americas Kickoff
Mazino,MIBR,2,1,0,0,0,0,0,0,0,56,6,1,Abyss,2026-02-13 18:30:00,https://www.vlr.gg/596408/mibr-vs-furia-vct-2026-americas-kickoff-ubf,VCT 2026: Americas Kickoff
aspas,MIBR,2,1,0,0,0,0,0,0,0,45,0,0,Abyss,2026-02-13 18:30:00,https://www.vlr.gg/596408/mibr-vs-furia-vct-2026-americas-kickoff-ubf,VCT 2026: Americas Kickoff
Verno,MIBR,1,0,0,0,0,0,0,0,0,57,0,1,Abyss,2026-02-13 18:30:00,https://www.vlr.gg/596408/mibr-vs-furia-vct-2026-americas-kickoff-ubf,VCT 2026: Americas Kickoff
nerve,FUR,5,1,0,0,0,0,0,0,0,48,4,0,Abyss,2026-02-13 18:30:00,https://www.vlr.gg/596408/mibr-vs-furia-vct-2026-americas-kickoff-ubf,VCT 2026: Americas Kickoff
eeiu,FUR,0,0,0,0,0,0,0,0,0,30,3,0,Abyss,2026-02-13 18:30:00,https://www.vlr.gg/596408/mibr-vs-furia-vct-2026-americas-kickoff-ubf,VCT 2026: Americas Kickoff
koalanoob,FUR,3,1,1,0,0,0,0,0,0,74,0,0,Abyss,2026-02-13 18:30:00,https://www.vlr.gg/596408/mibr-vs-furia-vct-2026-americas-kickoff-ubf,VCT 2026: Americas Kickoff
artzin,FUR,1,0,0,1,1,0,0,0,0,45,5,1,Abyss,2026-02-13 18:30:00,https://www.vlr.gg/596408/mibr-vs-furia-vct-2026-americas-kickoff-ubf,VCT 2026: Americas Kickoff
alym,FUR,3,0,0,0,1,0,0,0,0,51,0,0,Abyss,2026-02-13 18:30:00,https://www.vlr.gg/596408/mibr-vs-furia-vct-2026-americas-kickoff-ubf,VCT 2026: Americas Kickoff
tex,MIBR,1,1,0,0,0,0,0,0,0,50,0,0,Haven,2026-02-13 18:30:00,https://www.vlr.gg/596408/mibr-vs-furia-vct-2026-americas-kickoff-ubf,VCT 2026: Americas Kickoff
zekken,MIBR,5,0,0,0,0,0,0,0,0,57,3,0,Haven,2026-02-13 18:30:00,https://www.vlr.gg/596408/mibr-vs-furia-vct-2026-americas-kickoff-ubf,VCT 2026: Americas Kickoff
Mazino,MIBR,5,1,0,0,0,0,0,0,0,59,1,1,Haven,2026-02-13 18:30:00,https://www.vlr.gg/596408/mibr-vs-furia-vct-2026-americas-kickoff-ubf,VCT 2026: Americas Kickoff
aspas,MIBR,3,0,0,0,0,0,0,0,0,30,1,1,Haven,2026-02-13 18:30:00,https://www.vlr.gg/596408/mibr-vs-furia-vct-2026-americas-kickoff-ubf,VCT 2026: Americas Kickoff
Verno,MIBR,1,0,0,0,0,1,0,0,0,45,4,1,Haven,2026-02-13 18:30:00,https://www.vlr.gg/596408/mibr-vs-furia-vct-2026-americas-kickoff-ubf,VCT 2026: Americas Kickoff
nerve,FUR,2,1,0,0,0,0,0,0,0,43,2,1,Haven,2026-02-13 18:30:00,https://www.vlr.gg/596408/mibr-vs-furia-vct-2026-americas-kickoff-ubf,VCT 2026: Americas Kickoff
eeiu,FUR,4,1,0,0,0,0,0,0,0,37,2,0,Haven,2026-02-13 18:30:00,https://www.vlr.gg/596408/mibr-vs-furia-vct-2026-americas-kickoff-ubf,VCT 2026: Americas Kickoff
koalanoob,FUR,1,2,0,0,0,0,0,0,0,43,2,0,Haven,2026-02-13 18:30:00,https://www.vlr.gg/596408/mibr-vs-furia-vct-2026-americas-kickoff-ubf,VCT 2026: Americas Kickoff
artzin,FUR,2,1,0,0,1,1,0,0,0,66,2,3,Haven,2026-02-13 18:30:00,https://www.vlr.gg/596408/mibr-vs-furia-vct-2026-americas-kickoff-ubf,VCT 2026: Americas Kickoff
alym,FUR,2,2,0,0,0,0,0,0,0,54,1,0,Haven,2026-02-13 18:30:00,https://www.vlr.gg/596408/mibr-vs-furia-vct-2026-americas-kickoff-ubf,VCT 2026: Americas Kickoff
tex,MIBR,3,0,0,0,0,0,0,0,0,66,0,1,Breeze,2026-02-13 18:30:00,https://www.vlr.gg/596408/mibr-vs-furia-vct-2026-americas-kickoff-ubf,VCT 2026: Americas Kickoff
zekken,MIBR,3,2,0,0,1,0,0,0,0,67,0,2,Breeze,2026-02-13 18:30:00,https://www.vlr.gg/596408/mibr-vs-furia-vct-2026-americas-kickoff-ubf,VCT 2026: Americas Kickoff
Mazino,MIBR,2,0,1,0,0,0,0,0,0,70,1,1,Breeze,2026-02-13 18:30:00,https://www.vlr.gg/596408/mibr-vs-furia-vct-2026-americas-kickoff-ubf,VCT 2026: Americas Kickoff
aspas,MIBR,2,3,0,0,0,1,0,0,0,88,0,1,Breeze,2026-02-13 18:30:00,https://www.vlr.gg/596408/mibr-vs-furia-vct-2026-americas-kickoff-ubf,VCT 2026: Americas Kickoff
Verno,MIBR,2,0,0,0,0,0,0,0,0,92,0,1,Breeze,2026-02-13 18:30:00,https://www.vlr.gg/596408/mibr-vs-furia-vct-2026-americas-kickoff-ubf,VCT 2026: Americas Kickoff
nerve,FUR,1,0,0,0,0,0,0,0,0,28,1,0,Breeze,2026-02-13 18:30:00,https://www.vlr.gg/596408/mibr-vs-furia-vct-2026-americas-kickoff-ubf,VCT 2026: Americas Kickoff
eeiu,FUR,0,0,0,0,0,0,0,0,0,32,0,0,Breeze,2026-02-13 18:30:00,https://www.vlr.gg/596408/mibr-vs-furia-vct-2026-americas-kickoff-ubf,VCT 2026: Americas Kickoff
koalanoob,FUR,2,0,1,0,0,0,0,0,0,45,0,0,Breeze,2026-02-13 18:30:00,https://www.vlr.gg/596408/mibr-vs-furia-vct-2026-americas-kickoff-ubf,VCT 2026: Americas Kickoff
artzin,FUR,1,0,0,0,0,0,0,0,0,38,5,0,Breeze,2026-02-13 18:30:00,https://www.vlr.gg/596408/mibr-vs-furia-vct-2026-americas-kickoff-ubf,VCT 2026: Americas Kickoff
alym,FUR,0,1,0,0,0,0,0,0,0,30,0,0,Breeze,2026-02-13 18:30:00,https://www.vlr.gg/596408/mibr-vs-furia-vct-2026-americas-kickoff-ubf,VCT 2026: Americas Kickoff
tex,MIBR,1,1,0,0,0,0,0,0,0,42,2,0,Split,2026-02-13 18:30:00,https://www.vlr.gg/596408/mibr-vs-furia-vct-2026-americas-kickoff-ubf,VCT 2026: Americas Kickoff
zekken,MIBR,3,2,0,0,0,0,0,0,0,60,2,0,Split,2026-02-13 18:30:00,https://www.vlr.gg/596408/mibr-vs-furia-vct-2026-americas-kickoff-ubf,VCT 2026: Americas Kickoff
Mazino,MIBR,4,1,0,0,0,1,0,0,0,58,1,1,Split,2026-02-13 18:30:00,https://www.vlr.gg/596408/mibr-vs-furia-vct-2026-americas-kickoff-ubf,VCT 2026: Americas Kickoff
aspas,MIBR,4,0,0,0,0,0,0,0,0,54,0,1,Split,2026-02-13 18:30:00,https://www.vlr.gg/596408/mibr-vs-furia-vct-2026-americas-kickoff-ubf,VCT 2026: Americas Kickoff
Verno,MIBR,2,0,0,0,0,0,0,0,0,43,3,0,Split,2026-02-13 18:30:00,https://www.vlr.gg/596408/mibr-vs-furia-vct-2026-americas-kickoff-ubf,VCT 2026: Americas Kickoff
nerve,FUR,3,1,0,0,1,0,0,0,0,40,1,0,Split,2026-02-13 18:30:00,https://www.vlr.gg/596408/mibr-vs-furia-vct-2026-americas-kickoff-ubf,VCT 2026: Americas Kickoff
eeiu,FUR,4,0,0,0,1,0,0,0,0,45,1,1,Split,2026-02-13 18:30:00,https://www.vlr.gg/596408/mibr-vs-furia-vct-2026-americas-kickoff-ubf,VCT 2026: Americas Kickoff
koalanoob,FUR,5,1,0,0,2,0,0,0,0,57,1,1,Split,2026-02-13 18:30:00,https://www.vlr.gg/596408/mibr-vs-furia-vct-2026-americas-kickoff-ubf,VCT 2026: Americas Kickoff
artzin,FUR,3,1,0,0,0,1,0,0,0,55,5,0,Split,2026-02-13 18:30:00,https://www.vlr.gg/596408/mibr-vs-furia-vct-2026-americas-kickoff-ubf,VCT 2026: Americas Kickoff
alym,FUR,5,0,0,0,1,0,0,0,0,48,0,0,Split,2026-02-13 18:30:00,https://www.vlr.gg/596408/mibr-vs-furia-vct-2026-americas-kickoff-ubf,VCT 2026: Americas Kickoff
brawk,NRG,5,3,0,0,0,0,0,0,0,68,8,1,all,2026-02-14 15:00:00,https://www.vlr.gg/596426/nrg-vs-100-thieves-vct-2026-americas-kickoff-lr5,VCT 2026: Americas Kickoff
mada,NRG,8,3,1,0,0,0,0,0,0,63,1,0,all,2026-02-14 15:00:00,https://www.vlr.gg/596426/nrg-vs-100-thieves-vct-2026-americas-kickoff-lr5,VCT 2026: Americas Kickoff
skuba,NRG,2,3,0,0,1,0,0,0,0,65,0,0,all,2026-02-14 15:00:00,https://www.vlr.gg/596426/nrg-vs-100-thieves-vct-2026-americas-kickoff-lr5,VCT 2026: Americas Kickoff
Ethan,NRG,9,1,0,0,1,1,0,0,0,59,5,2,all,2026-02-14 15:00:00,https://www.vlr.gg/596426/nrg-vs-100-thieves-vct-2026-americas-kickoff-lr5,VCT 2026: Americas Kickoff
keiko,NRG,6,0,1,0,0,0,0,0,0,66,2,0,all,2026-02-14 15:00:00,https://www.vlr.gg/596426/nrg-vs-100-thieves-vct-2026-americas-kickoff-lr5,VCT 2026: Americas Kickoff
Asuna,100T,2,1,0,0,0,0,0,0,0,35,6,0,all,2026-02-14 15:00:00,https://www.vlr.gg/596426/nrg-vs-100-thieves-vct-2026-americas-kickoff-lr5,VCT 2026: Americas Kickoff
bang,100T,2,0,1,0,1,0,0,0,0,38,0,0,all,2026-02-14 15:00:00,https://www.vlr.gg/596426/nrg-vs-100-thieves-vct-2026-americas-kickoff-lr5,VCT 2026: Americas Kickoff
Cryocells,100T,3,2,0,0,0,1,1,0,0,50,1,1,all,2026-02-14 15:00:00,https://www.vlr.gg/596426/nrg-vs-100-thieves-vct-2026-americas-kickoff-lr5,VCT 2026: Americas Kickoff
vora,100T,1,1,2,0,0,0,0,0,0,47,1,0,all,2026-02-14 15:00:00,https://www.vlr.gg/596426/nrg-vs-100-thieves-vct-2026-americas-kickoff-lr5,VCT 2026: Americas Kickoff
Timotino,100T,2,2,0,0,0,1,0,0,0,35,0,0,all,2026-02-14 15:00:00,https://www.vlr.gg/596426/nrg-vs-100-thieves-vct-2026-americas-kickoff-lr5,VCT 2026: Americas Kickoff
brawk,NRG,4,2,0,0,0,0,0,0,0,92,3,1,Pearl,2026-02-14 15:00:00,https://www.vlr.gg/596426/nrg-vs-100-thieves-vct-2026-americas-kickoff-lr5,VCT 2026: Americas Kickoff
mada,NRG,4,1,1,0,0,0,0,0,0,61,1,0,Pearl,2026-02-14 15:00:00,https://www.vlr.gg/596426/nrg-vs-100-thieves-vct-2026-americas-kickoff-lr5,VCT 2026: Americas Kickoff
skuba,NRG,1,0,0,0,1,0,0,0,0,48,0,0,Pearl,2026-02-14 15:00:00,https://www.vlr.gg/596426/nrg-vs-100-thieves-vct-2026-americas-kickoff-lr5,VCT 2026: Americas Kickoff
Ethan,NRG,4,0,0,0,0,1,0,0,0,54,4,1,Pearl,2026-02-14 15:00:00,https://www.vlr.gg/596426/nrg-vs-100-thieves-vct-2026-americas-kickoff-lr5,VCT 2026: Americas Kickoff
keiko,NRG,2,0,1,0,0,0,0,0,0,75,1,0,Pearl,2026-02-14 15:00:00,https://www.vlr.gg/596426/nrg-vs-100-thieves-vct-2026-americas-kickoff-lr5,VCT 2026: Americas Kickoff
Asuna,100T,0,0,0,0,0,0,0,0,0,19,0,0,Pearl,2026-02-14 15:00:00,https://www.vlr.gg/596426/nrg-vs-100-thieves-vct-2026-americas-kickoff-lr5,VCT 2026: Americas Kickoff
bang,100T,0,0,1,0,1,0,0,0,0,44,0,0,Pearl,2026-02-14 15:00:00,https://www.vlr.gg/596426/nrg-vs-100-thieves-vct-2026-americas-kickoff-lr5,VCT 2026: Americas Kickoff
Cryocells,100T,1,2,0,0,0,0,1,0,0,56,1,1,Pearl,2026-02-14 15:00:00,https://www.vlr.gg/596426/nrg-vs-100-thieves-vct-2026-americas-kickoff-lr5,VCT 2026: Americas Kickoff
vora,100T,1,0,1,0,0,0,0,0,0,49,1,0,Pearl,2026-02-14 15:00:00,https://www.vlr.gg/596426/nrg-vs-100-thieves-vct-2026-americas-kickoff-lr5,VCT 2026: Americas Kickoff
Timotino,100T,0,0,0,0,0,0,0,0,0,28,0,0,Pearl,2026-02-14 15:00:00,https://www.vlr.gg/596426/nrg-vs-100-thieves-vct-2026-americas-kickoff-lr5,VCT 2026: Americas Kickoff
brawk,NRG,1,1,0,0,0,0,0,0,0,43,5,0,Abyss,2026-02-14 15:00:00,https://www.vlr.gg/596426/nrg-vs-100-thieves-vct-2026-americas-kickoff-lr5,VCT 2026: Americas Kickoff
mada,NRG,4,2,0,0,0,0,0,0,0,65,0,0,Abyss,2026-02-14 15:00:00,https://www.vlr.gg/596426/nrg-vs-100-thieves-vct-2026-americas-kickoff-lr5,VCT 2026: Americas Kickoff
skuba,NRG,1,3,0,0,0,0,0,0,0,82,0,0,Abyss,2026-02-14 15:00:00,https://www.vlr.gg/596426/nrg-vs-100-thieves-vct-2026-americas-kickoff-lr5,VCT 2026: Americas Kickoff
Ethan,NRG,5,1,0,0,1,0,0,0,0,64,1,1,Abyss,2026-02-14 15:00:00,https://www.vlr.gg/596426/nrg-vs-100-thieves-vct-2026-americas-kickoff-lr5,VCT 2026: Americas Kickoff
keiko,NRG,4,0,0,0,0,0,0,0,0,56,1,0,Abyss,2026-02-14 15:00:00,https://www.vlr.gg/596426/nrg-vs-100-thieves-vct-2026-americas-kickoff-lr5,VCT 2026: Americas Kickoff
Asuna,100T,2,1,0,0,0,0,0,0,0,50,6,0,Abyss,2026-02-14 15:00:00,https://www.vlr.gg/596426/nrg-vs-100-thieves-vct-2026-americas-kickoff-lr5,VCT 2026: Americas Kickoff
bang,100T,2,0,0,0,0,0,0,0,0,31,0,0,Abyss,2026-02-14 15:00:00,https://www.vlr.gg/596426/nrg-vs-100-thieves-vct-2026-americas-kickoff-lr5,VCT 2026: Americas Kickoff
Cryocells,100T,2,0,0,0,0,1,0,0,0,43,0,0,Abyss,2026-02-14 15:00:00,https://www.vlr.gg/596426/nrg-vs-100-thieves-vct-2026-americas-kickoff-lr5,VCT 2026: Americas Kickoff
vora,100T,0,1,1,0,0,0,0,0,0,45,0,0,Abyss,2026-02-14 15:00:00,https://www.vlr.gg/596426/nrg-vs-100-thieves-vct-2026-americas-kickoff-lr5,VCT 2026: Americas Kickoff
Timotino,100T,2,2,0,0,0,1,0,0,0,41,0,0,Abyss,2026-02-14 15:00:00,https://www.vlr.gg/596426/nrg-vs-100-thieves-vct-2026-americas-kickoff-lr5,VCT 2026: Americas Kickoff
tex,MIBR,4,1,0,0,0,0,0,0,0,37,1,1,all,2026-02-14 17:20:00,https://www.vlr.gg/596418/mibr-vs-g2-esports-vct-2026-americas-kickoff-mbf,VCT 2026: Americas Kickoff
zekken,MIBR,7,2,0,0,1,0,0,0,0,59,6,1,all,2026-02-14 17:20:00,https://www.vlr.gg/596418/mibr-vs-g2-esports-vct-2026-americas-kickoff-mbf,VCT 2026: Americas Kickoff
Mazino,MIBR,4,4,1,0,0,0,0,0,0,49,6,0,all,2026-02-14 17:20:00,https://www.vlr.gg/596418/mibr-vs-g2-esports-vct-2026-americas-kickoff-mbf,VCT 2026: Americas Kickoff
aspas,MIBR,6,0,0,0,0,0,0,0,0,38,1,0,all,2026-02-14 17:20:00,https://www.vlr.gg/596418/mibr-vs-g2-esports-vct-2026-americas-kickoff-mbf,VCT 2026: Americas Kickoff
Verno,MIBR,7,3,0,0,1,1,0,0,0,67,2,2,all,2026-02-14 17:20:00,https://www.vlr.gg/596418/mibr-vs-g2-esports-vct-2026-americas-kickoff-mbf,VCT 2026: Americas Kickoff
BABYBAY,G2,7,3,0,0,0,1,0,0,0,56,2,3,all,2026-02-14 17:20:00,https://www.vlr.gg/596418/mibr-vs-g2-esports-vct-2026-americas-kickoff-mbf,VCT 2026: Americas Kickoff
valyn,G2,10,6,2,0,1,1,0,1,0,86,5,0,all,2026-02-14 17:20:00,https://www.vlr.gg/596418/mibr-vs-g2-esports-vct-2026-americas-kickoff-mbf,VCT 2026: Americas Kickoff
jawgemo,G2,8,1,1,0,0,0,0,0,0,47,4,1,all,2026-02-14 17:20:00,https://www.vlr.gg/596418/mibr-vs-g2-esports-vct-2026-americas-kickoff-mbf,VCT 2026: Americas Kickoff
leaf,G2,9,0,1,0,2,0,0,0,0,49,4,1,all,2026-02-14 17:20:00,https://www.vlr.gg/596418/mibr-vs-g2-esports-vct-2026-americas-kickoff-mbf,VCT 2026: Americas Kickoff
trent,G2,8,2,0,0,1,1,0,0,0,52,11,2,all,2026-02-14 17:20:00,https://www.vlr.gg/596418/mibr-vs-g2-esports-vct-2026-americas-kickoff-mbf,VCT 2026: Americas Kickoff
tex,MIBR,1,1,0,0,0,0,0,0,0,42,1,0,Breeze,2026-02-14 17:20:00,https://www.vlr.gg/596418/mibr-vs-g2-esports-vct-2026-americas-kickoff-mbf,VCT 2026: Americas Kickoff
zekken,MIBR,1,0,0,0,0,0,0,0,0,46,2,0,Breeze,2026-02-14 17:20:00,https://www.vlr.gg/596418/mibr-vs-g2-esports-vct-2026-americas-kickoff-mbf,VCT 2026: Americas Kickoff
Mazino,MIBR,4,0,0,0,0,0,0,0,0,39,3,0,Breeze,2026-02-14 17:20:00,https://www.vlr.gg/596418/mibr-vs-g2-esports-vct-2026-americas-kickoff-mbf,VCT 2026: Americas Kickoff
aspas,MIBR,2,0,0,0,0,0,0,0,0,31,0,0,Breeze,2026-02-14 17:20:00,https://www.vlr.gg/596418/mibr-vs-g2-esports-vct-2026-americas-kickoff-mbf,VCT 2026: Americas Kickoff
Verno,MIBR,3,1,0,0,0,1,0,0,0,73,0,0,Breeze,2026-02-14 17:20:00,https://www.vlr.gg/596418/mibr-vs-g2-esports-vct-2026-americas-kickoff-mbf,VCT 2026: Americas Kickoff
BABYBAY,G2,1,1,0,0,0,0,0,0,0,45,0,0,Breeze,2026-02-14 17:20:00,https://www.vlr.gg/596418/mibr-vs-g2-esports-vct-2026-americas-kickoff-mbf,VCT 2026: Americas Kickoff
valyn,G2,6,3,0,0,1,0,0,1,0,117,2,0,Breeze,2026-02-14 17:20:00,https://www.vlr.gg/596418/mibr-vs-g2-esports-vct-2026-americas-kickoff-mbf,VCT 2026: Americas Kickoff
jawgemo,G2,4,1,0,0,0,0,0,0,0,55,0,0,Breeze,2026-02-14 17:20:00,https://www.vlr.gg/596418/mibr-vs-g2-esports-vct-2026-americas-kickoff-mbf,VCT 2026: Americas Kickoff
leaf,G2,1,0,1,0,0,0,0,0,0,34,0,0,Breeze,2026-02-14 17:20:00,https://www.vlr.gg/596418/mibr-vs-g2-esports-vct-2026-americas-kickoff-mbf,VCT 2026: Americas Kickoff
trent,G2,1,1,0,0,0,0,0,0,0,46,3,1,Breeze,2026-02-14 17:20:00,https://www.vlr.gg/596418/mibr-vs-g2-esports-vct-2026-americas-kickoff-mbf,VCT 2026: Americas Kickoff
tex,MIBR,1,0,0,0,0,0,0,0,0,35,0,0,Haven,2026-02-14 17:20:00,https://www.vlr.gg/596418/mibr-vs-g2-esports-vct-2026-americas-kickoff-mbf,VCT 2026: Americas Kickoff
zekken,MIBR,3,1,0,0,1,0,0,0,0,65,3,1,Haven,2026-02-14 17:20:00,https://www.vlr.gg/596418/mibr-vs-g2-esports-vct-2026-americas-kickoff-mbf,VCT 2026: Americas Kickoff
Mazino,MIBR,0,0,0,0,0,0,0,0,0,31,0,0,Haven,2026-02-14 17:20:00,https://www.vlr.gg/596418/mibr-vs-g2-esports-vct-2026-americas-kickoff-mbf,VCT 2026: Americas Kickoff
aspas,MIBR,2,0,0,0,0,0,0,0,0,55,0,0,Haven,2026-02-14 17:20:00,https://www.vlr.gg/596418/mibr-vs-g2-esports-vct-2026-americas-kickoff-mbf,VCT 2026: Americas Kickoff
Verno,MIBR,3,1,0,0,0,0,0,0,0,77,0,1,Haven,2026-02-14 17:20:00,https://www.vlr.gg/596418/mibr-vs-g2-esports-vct-2026-americas-kickoff-mbf,VCT 2026: Americas Kickoff
BABYBAY,G2,4,1,0,0,0,0,0,0,0,68,1,2,Haven,2026-02-14 17:20:00,https://www.vlr.gg/596418/mibr-vs-g2-esports-vct-2026-americas-kickoff-mbf,VCT 2026: Americas Kickoff
valyn,G2,3,2,1,0,0,1,0,0,0,85,2,0,Haven,2026-02-14 17:20:00,https://www.vlr.gg/596418/mibr-vs-g2-esports-vct-2026-americas-kickoff-mbf,VCT 2026: Americas Kickoff
jawgemo,G2,2,0,0,0,0,0,0,0,0,31,2,1,Haven,2026-02-14 17:20:00,https://www.vlr.gg/596418/mibr-vs-g2-esports-vct-2026-americas-kickoff-mbf,VCT 2026: Americas Kickoff
leaf,G2,2,0,0,0,1,0,0,0,0,44,2,0,Haven,2026-02-14 17:20:00,https://www.vlr.gg/596418/mibr-vs-g2-esports-vct-2026-americas-kickoff-mbf,VCT 2026: Americas Kickoff
trent,G2,3,1,0,0,0,0,0,0,0,56,3,0,Haven,2026-02-14 17:20:00,https://www.vlr.gg/596418/mibr-vs-g2-esports-vct-2026-americas-kickoff-mbf,VCT 2026: Americas Kickoff
tex,MIBR,2,0,0,0,0,0,0,0,0,34,0,1,Corrode,2026-02-14 17:20:00,https://www.vlr.gg/596418/mibr-vs-g2-esports-vct-2026-americas-kickoff-mbf,VCT 2026: Americas Kickoff
zekken,MIBR,3,1,0,0,0,0,0,0,0,67,1,0,Corrode,2026-02-14 17:20:00,https://www.vlr.gg/596418/mibr-vs-g2-esports-vct-2026-americas-kickoff-mbf,VCT 2026: Americas Kickoff
Mazino,MIBR,0,4,1,0,0,0,0,0,0,77,3,0,Corrode,2026-02-14 17:20:00,https://www.vlr.gg/596418/mibr-vs-g2-esports-vct-2026-americas-kickoff-mbf,VCT 2026: Americas Kickoff
aspas,MIBR,2,0,0,0,0,0,0,0,0,29,1,0,Corrode,2026-02-14 17:20:00,https://www.vlr.gg/596418/mibr-vs-g2-esports-vct-2026-americas-kickoff-mbf,VCT 2026: Americas Kickoff
Verno,MIBR,1,1,0,0,1,0,0,0,0,52,2,1,Corrode,2026-02-14 17:20:00,https://www.vlr.gg/596418/mibr-vs-g2-esports-vct-2026-americas-kickoff-mbf,VCT 2026: Americas Kickoff
BABYBAY,G2,2,1,0,0,0,1,0,0,0,54,1,1,Corrode,2026-02-14 17:20:00,https://www.vlr.gg/596418/mibr-vs-g2-esports-vct-2026-americas-kickoff-mbf,VCT 2026: Americas Kickoff
valyn,G2,1,1,1,0,0,0,0,0,0,56,1,0,Corrode,2026-02-14 17:20:00,https://www.vlr.gg/596418/mibr-vs-g2-esports-vct-2026-americas-kickoff-mbf,VCT 2026: Americas Kickoff
jawgemo,G2,2,0,1,0,0,0,0,0,0,55,2,0,Corrode,2026-02-14 17:20:00,https://www.vlr.gg/596418/mibr-vs-g2-esports-vct-2026-americas-kickoff-mbf,VCT 2026: Americas Kickoff
leaf,G2,6,0,0,0,1,0,0,0,0,69,2,1,Corrode,2026-02-14 17:20:00,https://www.vlr.gg/596418/mibr-vs-g2-esports-vct-2026-americas-kickoff-mbf,VCT 2026: Americas Kickoff
trent,G2,4,0,0,0,1,1,0,0,0,53,5,1,Corrode,2026-02-14 17:20:00,https://www.vlr.gg/596418/mibr-vs-g2-esports-vct-2026-americas-kickoff-mbf,VCT 2026: Americas Kickoff
tex,MIBR,10,2,1,0,1,0,0,0,0,43,0,1,all,2026-02-15 17:00:00,https://www.vlr.gg/596427/mibr-vs-nrg-vct-2026-americas-kickoff-lbf,VCT 2026: Americas Kickoff
zekken,MIBR,11,3,2,0,0,3,0,0,0,43,3,1,all,2026-02-15 17:00:00,https://www.vlr.gg/596427/mibr-vs-nrg-vct-2026-americas-kickoff-lbf,VCT 2026: Americas Kickoff
Mazino,MIBR,9,2,1,0,0,0,0,0,0,41,12,0,all,2026-02-15 17:00:00,https://www.vlr.gg/596427/mibr-vs-nrg-vct-2026-americas-kickoff-lbf,VCT 2026: Americas Kickoff
aspas,MIBR,19,4,0,0,0,0,1,0,0,60,4,3,all,2026-02-15 17:00:00,https://www.vlr.gg/596427/mibr-vs-nrg-vct-2026-americas-kickoff-lbf,VCT 2026: Americas Kickoff
Verno,MIBR,15,6,1,0,0,0,0,0,0,59,19,1,all,2026-02-15 17:00:00,https://www.vlr.gg/596427/mibr-vs-nrg-vct-2026-americas-kickoff-lbf,VCT 2026: Americas Kickoff
brawk,NRG,12,3,1,0,0,1,0,0,0,60,10,1,all,2026-02-15 17:00:00,https://www.vlr.gg/596427/mibr-vs-nrg-vct-2026-americas-kickoff-lbf,VCT 2026: Americas Kickoff
mada,NRG,17,3,0,1,1,0,0,0,0,53,2,4,all,2026-02-15 17:00:00,https://www.vlr.gg/596427/mibr-vs-nrg-vct-2026-americas-kickoff-lbf,VCT 2026: Americas Kickoff
skuba,NRG,12,4,0,0,3,2,0,0,0,62,5,3,all,2026-02-15 17:00:00,https://www.vlr.gg/596427/mibr-vs-nrg-vct-2026-americas-kickoff-lbf,VCT 2026: Americas Kickoff
Ethan,NRG,13,3,0,0,0,0,0,0,0,53,8,1,all,2026-02-15 17:00:00,https://www.vlr.gg/596427/mibr-vs-nrg-vct-2026-americas-kickoff-lbf,VCT 2026: Americas Kickoff
keiko,NRG,11,6,0,0,2,0,0,0,0,52,4,1,all,2026-02-15 17:00:00,https://www.vlr.gg/596427/mibr-vs-nrg-vct-2026-americas-kickoff-lbf,VCT 2026: Americas Kickoff
tex,MIBR,3,0,0,0,0,0,0,0,0,57,0,0,Bind,2026-02-15 17:00:00,https://www.vlr.gg/596427/mibr-vs-nrg-vct-2026-americas-kickoff-lbf,VCT 2026: Americas Kickoff
zekken,MIBR,4,1,0,0,0,0,0,0,0,39,0,0,Bind,2026-02-15 17:00:00,https://www.vlr.gg/596427/mibr-vs-nrg-vct-2026-americas-kickoff-lbf,VCT 2026: Americas Kickoff
Mazino,MIBR,4,0,0,0,0,0,0,0,0,32,3,0,Bind,2026-02-15 17:00:00,https://www.vlr.gg/596427/mibr-vs-nrg-vct-2026-americas-kickoff-lbf,VCT 2026: Americas Kickoff
aspas,MIBR,4,3,0,0,0,0,1,0,0,87,2,1,Bind,2026-02-15 17:00:00,https://www.vlr.gg/596427/mibr-vs-nrg-vct-2026-americas-kickoff-lbf,VCT 2026: Americas Kickoff
Verno,MIBR,3,3,0,0,0,0,0,0,0,74,3,0,Bind,2026-02-15 17:00:00,https://www.vlr.gg/596427/mibr-vs-nrg-vct-2026-americas-kickoff-lbf,VCT 2026: Americas Kickoff
brawk,NRG,2,0,0,0,0,0,0,0,0,42,3,0,Bind,2026-02-15 17:00:00,https://www.vlr.gg/596427/mibr-vs-nrg-vct-2026-americas-kickoff-lbf,VCT 2026: Americas Kickoff
mada,NRG,3,2,0,0,0,0,0,0,0,46,0,0,Bind,2026-02-15 17:00:00,https://www.vlr.gg/596427/mibr-vs-nrg-vct-2026-americas-kickoff-lbf,VCT 2026: Americas Kickoff
skuba,NRG,4,1,0,0,3,0,0,0,0,76,0,1,Bind,2026-02-15 17:00:00,https://www.vlr.gg/596427/mibr-vs-nrg-vct-2026-americas-kickoff-lbf,VCT 2026: Americas Kickoff
Ethan,NRG,1,0,0,0,0,0,0,0,0,25,3,0,Bind,2026-02-15 17:00:00,https://www.vlr.gg/596427/mibr-vs-nrg-vct-2026-americas-kickoff-lbf,VCT 2026: Americas Kickoff
keiko,NRG,3,1,0,0,1,0,0,0,0,41,1,0,Bind,2026-02-15 17:00:00,https://www.vlr.gg/596427/mibr-vs-nrg-vct-2026-americas-kickoff-lbf,VCT 2026: Americas Kickoff
tex,MIBR,3,0,1,0,1,0,0,0,0,48,0,1,Corrode,2026-02-15 17:00:00,https://www.vlr.gg/596427/mibr-vs-nrg-vct-2026-americas-kickoff-lbf,VCT 2026: Americas Kickoff
zekken,MIBR,2,1,0,0,0,1,0,0,0,36,1,0,Corrode,2026-02-15 17:00:00,https://www.vlr.gg/596427/mibr-vs-nrg-vct-2026-americas-kickoff-lbf,VCT 2026: Americas Kickoff
Mazino,MIBR,4,2,1,0,0,0,0,0,0,85,1,0,Corrode,2026-02-15 17:00:00,https://www.vlr.gg/596427/mibr-vs-nrg-vct-2026-americas-kickoff-lbf,VCT 2026: Americas Kickoff
aspas,MIBR,5,0,0,0,0,0,0,0,0,63,1,2,Corrode,2026-02-15 17:00:00,https://www.vlr.gg/596427/mibr-vs-nrg-vct-2026-americas-kickoff-lbf,VCT 2026: Americas Kickoff
Verno,MIBR,3,0,0,0,0,0,0,0,0,57,6,0,Corrode,2026-02-15 17:00:00,https://www.vlr.gg/596427/mibr-vs-nrg-vct-2026-americas-kickoff-lbf,VCT 2026: Americas Kickoff
brawk,NRG,2,0,0,0,0,0,0,0,0,41,1,0,Corrode,2026-02-15 17:00:00,https://www.vlr.gg/596427/mibr-vs-nrg-vct-2026-americas-kickoff-lbf,VCT 2026: Americas Kickoff
mada,NRG,2,0,0,1,0,0,0,0,0,45,0,1,Corrode,2026-02-15 17:00:00,https://www.vlr.gg/596427/mibr-vs-nrg-vct-2026-americas-kickoff-lbf,VCT 2026: Americas Kickoff
skuba,NRG,0,0,0,0,0,0,0,0,0,50,1,0,Corrode,2026-02-15 17:00:00,https://www.vlr.gg/596427/mibr-vs-nrg-vct-2026-americas-kickoff-lbf,VCT 2026: Americas Kickoff
Ethan,NRG,2,2,0,0,0,0,0,0,0,67,2,0,Corrode,2026-02-15 17:00:00,https://www.vlr.gg/596427/mibr-vs-nrg-vct-2026-americas-kickoff-lbf,VCT 2026: Americas Kickoff
keiko,NRG,0,0,0,0,0,0,0,0,0,27,0,0,Corrode,2026-02-15 17:00:00,https://www.vlr.gg/596427/mibr-vs-nrg-vct-2026-americas-kickoff-lbf,VCT 2026: Americas Kickoff
tex,MIBR,3,0,0,0,0,0,0,0,0,49,0,0,Split,2026-02-15 17:00:00,https://www.vlr.gg/596427/mibr-vs-nrg-vct-2026-americas-kickoff-lbf,VCT 2026: Americas Kickoff
zekken,MIBR,3,0,1,0,0,2,0,0,0,47,0,1,Split,2026-02-15 17:00:00,https://www.vlr.gg/596427/mibr-vs-nrg-vct-2026-americas-kickoff-lbf,VCT 2026: Americas Kickoff
Mazino,MIBR,0,0,0,0,0,0,0,0,0,29,4,0,Split,2026-02-15 17:00:00,https://www.vlr.gg/596427/mibr-vs-nrg-vct-2026-americas-kickoff-lbf,VCT 2026: Americas Kickoff
aspas,MIBR,4,1,0,0,0,0,0,0,0,62,0,0,Split,2026-02-15 17:00:00,https://www.vlr.gg/596427/mibr-vs-nrg-vct-2026-americas-kickoff-lbf,VCT 2026: Americas Kickoff
Verno,MIBR,2,2,0,0,0,0,0,0,0,45,7,0,Split,2026-02-15 17:00:00,https://www.vlr.gg/596427/mibr-vs-nrg-vct-2026-americas-kickoff-lbf,VCT 2026: Americas Kickoff
brawk,NRG,3,2,0,0,0,0,0,0,0,78,3,0,Split,2026-02-15 17:00:00,https://www.vlr.gg/596427/mibr-vs-nrg-vct-2026-americas-kickoff-lbf,VCT 2026: Americas Kickoff
mada,NRG,2,0,0,0,0,0,0,0,0,47,1,0,Split,2026-02-15 17:00:00,https://www.vlr.gg/596427/mibr-vs-nrg-vct-2026-americas-kickoff-lbf,VCT 2026: Americas Kickoff
skuba,NRG,4,1,0,0,0,1,0,0,0,55,3,1,Split,2026-02-15 17:00:00,https://www.vlr.gg/596427/mibr-vs-nrg-vct-2026-americas-kickoff-lbf,VCT 2026: Americas Kickoff
Ethan,NRG,3,0,0,0,0,0,0,0,0,50,3,1,Split,2026-02-15 17:00:00,https://www.vlr.gg/596427/mibr-vs-nrg-vct-2026-americas-kickoff-lbf,VCT 2026: Americas Kickoff
keiko,NRG,4,0,0,0,0,0,0,0,0,43,1,0,Split,2026-02-15 17:00:00,https://www.vlr.gg/596427/mibr-vs-nrg-vct-2026-americas-kickoff-lbf,VCT 2026: Americas Kickoff
tex,MIBR,1,0,0,0,0,0,0,0,0,19,0,0,Abyss,2026-02-15 17:00:00,https://www.vlr.gg/596427/mibr-vs-nrg-vct-2026-americas-kickoff-lbf,VCT 2026: Americas Kickoff
zekken,MIBR,1,1,1,0,0,0,0,0,0,58,0,0,Abyss,2026-02-15 17:00:00,https://www.vlr.gg/596427/mibr-vs-nrg-vct-2026-americas-kickoff-lbf,VCT 2026: Americas Kickoff
Mazino,MIBR,0,0,0,0,0,0,0,0,0,24,3,0,Abyss,2026-02-15 17:00:00,https://www.vlr.gg/596427/mibr-vs-nrg-vct-2026-americas-kickoff-lbf,VCT 2026: Americas Kickoff
aspas,MIBR,3,0,0,0,0,0,0,0,0,47,1,0,Abyss,2026-02-15 17:00:00,https://www.vlr.gg/596427/mibr-vs-nrg-vct-2026-americas-kickoff-lbf,VCT 2026: Americas Kickoff
Verno,MIBR,4,1,1,0,0,0,0,0,0,66,1,0,Abyss,2026-02-15 17:00:00,https://www.vlr.gg/596427/mibr-vs-nrg-vct-2026-americas-kickoff-lbf,VCT 2026: Americas Kickoff
brawk,NRG,2,0,1,0,0,1,0,0,0,65,3,1,Abyss,2026-02-15 17:00:00,https://www.vlr.gg/596427/mibr-vs-nrg-vct-2026-americas-kickoff-lbf,VCT 2026: Americas Kickoff
mada,NRG,4,1,0,0,1,0,0,0,0,64,0,1,Abyss,2026-02-15 17:00:00,https://www.vlr.gg/596427/mibr-vs-nrg-vct-2026-americas-kickoff-lbf,VCT 2026: Americas Kickoff
skuba,NRG,2,1,0,0,0,1,0,0,0,55,1,0,Abyss,2026-02-15 17:00:00,https://www.vlr.gg/596427/mibr-vs-nrg-vct-2026-americas-kickoff-lbf,VCT 2026: Americas Kickoff
Ethan,NRG,4,1,0,0,0,0,0,0,0,79,0,0,Abyss,2026-02-15 17:00:00,https://www.vlr.gg/596427/mibr-vs-nrg-vct-2026-americas-kickoff-lbf,VCT 2026: Americas Kickoff
keiko,NRG,0,4,0,0,0,0,0,0,0,60,0,0,Abyss,2026-02-15 17:00:00,https://www.vlr.gg/596427/mibr-vs-nrg-vct-2026-americas-kickoff-lbf,VCT 2026: Americas Kickoff
tex,MIBR,0,2,0,0,0,0,0,0,0,42,0,0,Haven,2026-02-15 17:00:00,https://www.vlr.gg/596427/mibr-vs-nrg-vct-2026-americas-kickoff-lbf,VCT 2026: Americas Kickoff
zekken,MIBR,1,0,0,0,0,0,0,0,0,33,2,0,Haven,2026-02-15 17:00:00,https://www.vlr.gg/596427/mibr-vs-nrg-vct-2026-americas-kickoff-lbf,VCT 2026: Americas Kickoff
Mazino,MIBR,1,0,0,0,0,0,0,0,0,37,1,0,Haven,2026-02-15 17:00:00,https://www.vlr.gg/596427/mibr-vs-nrg-vct-2026-americas-kickoff-lbf,VCT 2026: Americas Kickoff
aspas,MIBR,3,0,0,0,0,0,0,0,0,41,0,0,Haven,2026-02-15 17:00:00,https://www.vlr.gg/596427/mibr-vs-nrg-vct-2026-americas-kickoff-lbf,VCT 2026: Americas Kickoff
Verno,MIBR,3,0,0,0,0,0,0,0,0,51,2,1,Haven,2026-02-15 17:00:00,https://www.vlr.gg/596427/mibr-vs-nrg-vct-2026-americas-kickoff-lbf,VCT 2026: Americas Kickoff
brawk,NRG,3,1,0,0,0,0,0,0,0,73,0,0,Haven,2026-02-15 17:00:00,https://www.vlr.gg/596427/mibr-vs-nrg-vct-2026-americas-kickoff-lbf,VCT 2026: Americas Kickoff
mada,NRG,6,0,0,0,0,0,0,0,0,61,1,2,Haven,2026-02-15 17:00:00,https://www.vlr.gg/596427/mibr-vs-nrg-vct-2026-americas-kickoff-lbf,VCT 2026: Americas Kickoff
skuba,NRG,2,1,0,0,0,0,0,0,0,74,0,1,Haven,2026-02-15 17:00:00,https://www.vlr.gg/596427/mibr-vs-nrg-vct-2026-americas-kickoff-lbf,VCT 2026: Americas Kickoff
Ethan,NRG,3,0,0,0,0,0,0,0,0,44,0,0,Haven,2026-02-15 17:00:00,https://www.vlr.gg/596427/mibr-vs-nrg-vct-2026-americas-kickoff-lbf,VCT 2026: Americas Kickoff
keiko,NRG,4,1,0,0,1,0,0,0,0,90,2,1,Haven,2026-02-15 17:00:00,https://www.vlr.gg/596427/mibr-vs-nrg-vct-2026-americas-kickoff-lbf,VCT 2026: Americas Kickoff
