teamA,map,side,teamB,rndA,rndB,round,winCon,date,map_order,event,source_url
NAVI,Split,atk,KC,1,0,13,elim,2026-01-20 11:00:00,0,VCT 2026: EMEA Kickoff,https://www.vlr.gg/594740/natus-vincere-vs-karmine-corp-vct-2026-emea-kickoff-ur1
NAVI,Split,atk,KC,1,0,14,boom,2026-01-20 11:00:00,0,VCT 2026: EMEA Kickoff,https://www.vlr.gg/594740/natus-vincere-vs-karmine-corp-vct-2026-emea-kickoff-ur1
NAVI,Split,atk,KC,0,1,15,elim,2026-01-20 11:00:00,0,VCT 2026: EMEA Kickoff,https://www.vlr.gg/594740/natus-vincere-vs-karmine-corp-vct-2026-emea-kickoff-ur1
NAVI,Split,atk,KC,1,0,16,elim,2026-01-20 11:00:00,0,VCT 2026: EMEA Kickoff,https://www.vlr.gg/594740/natus-vincere-vs-karmine-corp-vct-2026-emea-kickoff-ur1
NAVI,Split,atk,KC,0,1,17,tim,2026-01-20 11:00:00,0,VCT 2026: EMEA Kickoff,https://www.vlr.gg/594740/natus-vincere-vs-karmine-corp-vct-2026-emea-kickoff-ur1
NAVI,Split,atk,KC,1,0,18,boom,2026-01-20 11:00:00,0,VCT 2026: EMEA Kickoff,https://www.vlr.gg/594740/natus-vincere-vs-karmine-corp-vct-2026-emea-kickoff-ur1
NAVI,Split,atk,KC,1,0,19,elim,2026-01-20 11:00:00,0,VCT 2026: EMEA Kickoff,https://www.vlr.gg/594740/natus-vincere-vs-karmine-corp-vct-2026-emea-kickoff-ur1
NAVI,Split,atk,KC,0,1,20,defus,2026-01-20 11:00:00,0,VCT 2026: EMEA Kickoff,https://www.vlr.gg/594740/natus-vincere-vs-karmine-corp-vct-2026-emea-kickoff-ur1
NAVI,Split,atk,KC,0,1,21,tim,2026-01-20 11:00:00,0,VCT 2026: EMEA Kickoff,https://www.vlr.gg/594740/natus-vincere-vs-karmine-corp-vct-2026-emea-kickoff-ur1
NAVI,Split,atk,KC,0,1,22,elim,2026-01-20 11:00:00,0,VCT 2026: EMEA Kickoff,https://www.vlr.gg/594740/natus-vincere-vs-karmine-corp-vct-2026-emea-kickoff-ur1
NAVI,Split,atk,KC,0,1,23,elim,2026-01-20 11:00:00,0,VCT 2026: EMEA Kickoff,https://www.vlr.gg/594740/natus-vincere-vs-karmine-corp-vct-2026-emea-kickoff-ur1
NAVI,Split,atk,KC,1,0,24,elim,2026-01-20 11:00:00,0,VCT 2026: EMEA Kickoff,https://www.vlr.gg/594740/natus-vincere-vs-karmine-corp-vct-2026-emea-kickoff-ur1
NAVI,Split,def,KC,1,0,1,elim,2026-01-20 11:00:00,0,VCT 2026: EMEA Kickoff,https://www.vlr.gg/594740/natus-vincere-vs-karmine-corp-vct-2026-emea-kickoff-ur1
NAVI,Split,def,KC,1,0,2,elim,2026-01-20 11:00:00,0,VCT 2026: EMEA Kickoff,https://www.vlr.gg/594740/natus-vincere-vs-karmine-corp-vct-2026-emea-kickoff-ur1
NAVI,Split,def,KC,0,1,3,elim,2026-01-20 11:00:00,0,VCT 2026: EMEA Kickoff,https://www.vlr.gg/594740/natus-vincere-vs-karmine-corp-vct-2026-emea-kickoff-ur1
NAVI,Split,def,KC,1,0,4,elim,2026-01-20 11:00:00,0,VCT 2026: EMEA Kickoff,https://www.vlr.gg/594740/natus-vincere-vs-karmine-corp-vct-2026-emea-kickoff-ur1
NAVI,Split,def,KC,1,0,5,defus,2026-01-20 11:00:00,0,VCT 2026: EMEA Kickoff,https://www.vlr.gg/594740/natus-vincere-vs-karmine-corp-vct-2026-emea-kickoff-ur1
NAVI,Split,def,KC,1,0,6,elim,2026-01-20 11:00:00,0,VCT 2026: EMEA Kickoff,https://www.vlr.gg/594740/natus-vincere-vs-karmine-corp-vct-2026-emea-kickoff-ur1
NAVI,Split,def,KC,0,1,7,elim,2026-01-20 11:00:00,0,VCT 2026: EMEA Kickoff,https://www.vlr.gg/594740/natus-vincere-vs-karmine-corp-vct-2026-emea-kickoff-ur1
NAVI,Split,def,KC,1,0,8,elim,2026-01-20 11:00:00,0,VCT 2026: EMEA Kickoff,https://www.vlr.gg/594740/natus-vincere-vs-karmine-corp-vct-2026-emea-kickoff-ur1
NAVI,Split,def,KC,1,0,9,elim,2026-01-20 11:00:00,0,VCT 2026: EMEA Kickoff,https://www.vlr.gg/594740/natus-vincere-vs-karmine-corp-vct-2026-emea-kickoff-ur1
NAVI,Split,def,KC,0,1,10,elim,2026-01-20 11:00:00,0,VCT 2026: EMEA Kickoff,https://www.vlr.gg/594740/natus-vincere-vs-karmine-corp-vct-2026-emea-kickoff-ur1
NAVI,Split,def,KC,0,1,11,elim,2026-01-20 11:00:00,0,VCT 2026: EMEA Kickoff,https://www.vlr.gg/594740/natus-vincere-vs-karmine-corp-vct-2026-emea-kickoff-ur1
NAVI,Split,def,KC,0,1,12,elim,2026-01-20 11:00:00,0,VCT 2026: EMEA Kickoff,https://www.vlr.gg/594740/natus-vincere-vs-karmine-corp-vct-2026-emea-kickoff-ur1
NAVI,Haven,atk,KC,0,1,13,defus,2026-01-20 11:00:00,1,VCT 2026: EMEA Kickoff,https://www.vlr.gg/594740/natus-vincere-vs-karmine-corp-vct-2026-emea-kickoff-ur1
NAVI,Haven,atk,KC,0,1,14,elim,2026-01-20 11:00:00,1,VCT 2026: EMEA Kickoff,https://www.vlr.gg/594740/natus-vincere-vs-karmine-corp-vct-2026-emea-kickoff-ur1
NAVI,Haven,atk,KC,1,0,15,elim,2026-01-20 11:00:00,1,VCT 2026: EMEA Kickoff,https://www.vlr.gg/594740/natus-vincere-vs-karmine-corp-vct-2026-emea-kickoff-ur1
NAVI,Haven,atk,KC,0,1,16,tim,2026-01-20 11:00:00,1,VCT 2026: EMEA Kickoff,https://www.vlr.gg/594740/natus-vincere-vs-karmine-corp-vct-2026-emea-kickoff-ur1
NAVI,Haven,atk,KC,0,1,17,elim,2026-01-20 11:00:00,1,VCT 2026: EMEA Kickoff,https://www.vlr.gg/594740/natus-vincere-vs-karmine-corp-vct-2026-emea-kickoff-ur1
NAVI,Haven,atk,KC,0,1,18,defus,2026-01-20 11:00:00,1,VCT 2026: EMEA Kickoff,https://www.vlr.gg/594740/natus-vincere-vs-karmine-corp-vct-2026-emea-kickoff-ur1
NAVI,Haven,atk,KC,1,0,19,elim,2026-01-20 11:00:00,1,VCT 2026: EMEA Kickoff,https://www.vlr.gg/594740/natus-vincere-vs-karmine-corp-vct-2026-emea-kickoff-ur1
NAVI,Haven,atk,KC,1,0,20,elim,2026-01-20 11:00:00,1,VCT 2026: EMEA Kickoff,https://www.vlr.gg/594740/natus-vincere-vs-karmine-corp-vct-2026-emea-kickoff-ur1
NAVI,Haven,def,KC,1,0,1,elim,2026-01-20 11:00:00,1,VCT 2026: EMEA Kickoff,https://www.vlr.gg/594740/natus-vincere-vs-karmine-corp-vct-2026-emea-kickoff-ur1
NAVI,Haven,def,KC,1,0,2,elim,2026-01-20 11:00:00,1,VCT 2026: EMEA Kickoff,https://www.vlr.gg/594740/natus-vincere-vs-karmine-corp-vct-2026-emea-kickoff-ur1
NAVI,Haven,def,KC,1,0,3,tim,2026-01-20 11:00:00,1,VCT 2026: EMEA Kickoff,https://www.vlr.gg/594740/natus-vincere-vs-karmine-corp-vct-2026-emea-kickoff-ur1
NAVI,Haven,def,KC,0,1,4,elim,2026-01-20 11:00:00,1,VCT 2026: EMEA Kickoff,https://www.vlr.gg/594740/natus-vincere-vs-karmine-corp-vct-2026-emea-kickoff-ur1
NAVI,Haven,def,KC,1,0,5,elim,2026-01-20 11:00:00,1,VCT 2026: EMEA Kickoff,https://www.vlr.gg/594740/natus-vincere-vs-karmine-corp-vct-2026-emea-kickoff-ur1
NAVI,Haven,def,KC,1,0,6,elim,2026-01-20 11:00:00,1,VCT 2026: EMEA Kickoff,https://www.vlr.gg/594740/natus-vincere-vs-karmine-corp-vct-2026-emea-kickoff-ur1
NAVI,Haven,def,KC,1,0,7,defus,2026-01-20 11:00:00,1,VCT 2026: EMEA Kickoff,https://www.vlr.gg/594740/natus-vincere-vs-karmine-corp-vct-2026-emea-kickoff-ur1
NAVI,Haven,def,KC,1,0,8,defus,2026-01-20 11:00:00,1,VCT 2026: EMEA Kickoff,https://www.vlr.gg/594740/natus-vincere-vs-karmine-corp-vct-2026-emea-kickoff-ur1
NAVI,Haven,def,KC,0,1,9,elim,2026-01-20 11:00:00,1,VCT 2026: EMEA Kickoff,https://www.vlr.gg/594740/natus-vincere-vs-karmine-corp-vct-2026-emea-kickoff-ur1
NAVI,Haven,def,KC,1,0,10,elim,2026-01-20 11:00:00,1,VCT 2026: EMEA Kickoff,https://www.vlr.gg/594740/natus-vincere-vs-karmine-corp-vct-2026-emea-kickoff-ur1
NAVI,Haven,def,KC,1,0,11,defus,2026-01-20 11:00:00,1,VCT 2026: EMEA Kickoff,https://www.vlr.gg/594740/natus-vincere-vs-karmine-corp-vct-2026-emea-kickoff-ur1
NAVI,Haven,def,KC,1,0,12,elim,2026-01-20 11:00:00,1,VCT 2026: EMEA Kickoff,https://www.vlr.gg/594740/natus-vincere-vs-karmine-corp-vct-2026-emea-kickoff-ur1
FUT,Abyss,atk,M8,1,0,13,elim,2026-01-20 13:35:00,0,VCT 2026: EMEA Kickoff,https://www.vlr.gg/594741/fut-esports-vs-gentle-mates-vct-2026-emea-kickoff-ur1
FUT,Abyss,atk,M8,1,0,14,elim,2026-01-20 13:35:00,0,VCT 2026: EMEA Kickoff,https://www.vlr.gg/594741/fut-esports-vs-gentle-mates-vct-2026-emea-kickoff-ur1
FUT,Abyss,atk,M8,0,1,15,elim,2026-01-20 13:35:00,0,VCT 2026: EMEA Kickoff,https://www.vlr.gg/594741/fut-esports-vs-gentle-mates-vct-2026-emea-kickoff-ur1
FUT,Abyss,atk,M8,0,1,16,elim,2026-01-20 13:35:00,0,VCT 2026: EMEA Kickoff,https://www.vlr.gg/594741/fut-esports-vs-gentle-mates-vct-2026-emea-kickoff-ur1
FUT,Abyss,atk,M8,0,1,17,elim,2026-01-20 13:35:00,0,VCT 2026: EMEA Kickoff,https://www.vlr.gg/594741/fut-esports-vs-gentle-mates-vct-2026-emea-kickoff-ur1
FUT,Abyss,atk,M8,0,1,18,defus,2026-01-20 13:35:00,0,VCT 2026: EMEA Kickoff,https://www.vlr.gg/594741/fut-esports-vs-gentle-mates-vct-2026-emea-kickoff-ur1
FUT,Abyss,atk,M8,0,1,19,defus,2026-01-20 13:35:00,0,VCT 2026: EMEA Kickoff,https://www.vlr.gg/594741/fut-esports-vs-gentle-mates-vct-2026-emea-kickoff-ur1
FUT,Abyss,atk,M8,1,0,20,elim,2026-01-20 13:35:00,0,VCT 2026: EMEA Kickoff,https://www.vlr.gg/594741/fut-esports-vs-gentle-mates-vct-2026-emea-kickoff-ur1
FUT,Abyss,atk,M8,0,1,21,defus,2026-01-20 13:35:00,0,VCT 2026: EMEA Kickoff,https://www.vlr.gg/594741/fut-esports-vs-gentle-mates-vct-2026-emea-kickoff-ur1
FUT,Abyss,def,M8,0,1,1,elim,2026-01-20 13:35:00,0,VCT 2026: EMEA Kickoff,https://www.vlr.gg/594741/fut-esports-vs-gentle-mates-vct-2026-emea-kickoff-ur1
FUT,Abyss,def,M8,0,1,2,elim,2026-01-20 13:35:00,0,VCT 2026: EMEA Kickoff,https://www.vlr.gg/594741/fut-esports-vs-gentle-mates-vct-2026-emea-kickoff-ur1
FUT,Abyss,def,M8,0,1,3,boom,2026-01-20 13:35:00,0,VCT 2026: EMEA Kickoff,https://www.vlr.gg/594741/fut-esports-vs-gentle-mates-vct-2026-emea-kickoff-ur1
FUT,Abyss,def,M8,0,1,4,boom,2026-01-20 13:35:00,0,VCT 2026: EMEA Kickoff,https://www.vlr.gg/594741/fut-esports-vs-gentle-mates-vct-2026-emea-kickoff-ur1
FUT,Abyss,def,M8,1,0,5,defus,2026-01-20 13:35:00,0,VCT 2026: EMEA Kickoff,https://www.vlr.gg/594741/fut-esports-vs-gentle-mates-vct-2026-emea-kickoff-ur1
FUT,Abyss,def,M8,1,0,6,defus,2026-01-20 13:35:00,0,VCT 2026: EMEA Kickoff,https://www.vlr.gg/594741/fut-esports-vs-gentle-mates-vct-2026-emea-kickoff-ur1
FUT,Abyss,def,M8,1,0,7,defus,2026-01-20 13:35:00,0,VCT 2026: EMEA Kickoff,https://www.vlr.gg/594741/fut-esports-vs-gentle-mates-vct-2026-emea-kickoff-ur1
FUT,Abyss,def,M8,1,0,8,defus,2026-01-20 13:35:00,0,VCT 2026: EMEA Kickoff,https://www.vlr.gg/594741/fut-esports-vs-gentle-mates-vct-2026-emea-kickoff-ur1
FUT,Abyss,def,M8,0,1,9,boom,2026-01-20 13:35:00,0,VCT 2026: EMEA Kickoff,https://www.vlr.gg/594741/fut-esports-vs-gentle-mates-vct-2026-emea-kickoff-ur1
FUT,Abyss,def,M8,0,1,10,boom,2026-01-20 13:35:00,0,VCT 2026: EMEA Kickoff,https://www.vlr.gg/594741/fut-esports-vs-gentle-mates-vct-2026-emea-kickoff-ur1
FUT,Abyss,def,M8,0,1,11,elim,2026-01-20 13:35:00,0,VCT 2026: EMEA Kickoff,https://www.vlr.gg/594741/fut-esports-vs-gentle-mates-vct-2026-emea-kickoff-ur1
FUT,Abyss,def,M8,1,0,12,elim,2026-01-20 13:35:00,0,VCT 2026: EMEA Kickoff,https://www.vlr.gg/594741/fut-esports-vs-gentle-mates-vct-2026-emea-kickoff-ur1
FUT,Split,atk,M8,0,1,1,elim,2026-01-20 13:35:00,1,VCT 2026: EMEA Kickoff,https://www.vlr.gg/594741/fut-esports-vs-gentle-mates-vct-2026-emea-kickoff-ur1
FUT,Split,atk,M8,0,1,2,defus,2026-01-20 13:35:00,1,VCT 2026: EMEA Kickoff,https://www.vlr.gg/594741/fut-esports-vs-gentle-mates-vct-2026-emea-kickoff-ur1
FUT,Split,atk,M8,1,0,3,elim,2026-01-20 13:35:00,1,VCT 2026: EMEA Kickoff,https://www.vlr.gg/594741/fut-esports-vs-gentle-mates-vct-2026-emea-kickoff-ur1
FUT,Split,atk,M8,0,1,4,elim,2026-01-20 13:35:00,1,VCT 2026: EMEA Kickoff,https://www.vlr.gg/594741/fut-esports-vs-gentle-mates-vct-2026-emea-kickoff-ur1
FUT,Split,atk,M8,0,1,5,elim,2026-01-20 13:35:00,1,VCT 2026: EMEA Kickoff,https://www.vlr.gg/594741/fut-esports-vs-gentle-mates-vct-2026-emea-kickoff-ur1
FUT,Split,atk,M8,0,1,6,elim,2026-01-20 13:35:00,1,VCT 2026: EMEA Kickoff,https://www.vlr.gg/594741/fut-esports-vs-gentle-mates-vct-2026-emea-kickoff-ur1
FUT,Split,atk,M8,1,0,7,elim,2026-01-20 13:35:00,1,VCT 2026: EMEA Kickoff,https://www.vlr.gg/594741/fut-esports-vs-gentle-mates-vct-2026-emea-kickoff-ur1
FUT,Split,atk,M8,1,0,8,elim,2026-01-20 13:35:00,1,VCT 2026: EMEA Kickoff,https://www.vlr.gg/594741/fut-esports-vs-gentle-mates-vct-2026-emea-kickoff-ur1
FUT,Split,atk,M8,0,1,9,elim,2026-01-20 13:35:00,1,VCT 2026: EMEA Kickoff,https://www.vlr.gg/594741/fut-esports-vs-gentle-mates-vct-2026-emea-kickoff-ur1
FUT,Split,atk,M8,0,1,10,defus,2026-01-20 13:35:00,1,VCT 2026: EMEA Kickoff,https://www.vlr.gg/594741/fut-esports-vs-gentle-mates-vct-2026-emea-kickoff-ur1
FUT,Split,atk,M8,0,1,11,elim,2026-01-20 13:35:00,1,VCT 2026: EMEA Kickoff,https://www.vlr.gg/594741/fut-esports-vs-gentle-mates-vct-2026-emea-kickoff-ur1
FUT,Split,atk,M8,1,0,12,elim,2026-01-20 13:35:00,1,VCT 2026: EMEA Kickoff,https://www.vlr.gg/594741/fut-esports-vs-gentle-mates-vct-2026-emea-kickoff-ur1
FUT,Split,def,M8,0,1,13,elim,2026-01-20 13:35:00,1,VCT 2026: EMEA Kickoff,https://www.vlr.gg/594741/fut-esports-vs-gentle-mates-vct-2026-emea-kickoff-ur1
FUT,Split,def,M8,0,1,14,elim,2026-01-20 13:35:00,1,VCT 2026: EMEA Kickoff,https://www.vlr.gg/594741/fut-esports-vs-gentle-mates-vct-2026-emea-kickoff-ur1
FUT,Split,def,M8,1,0,15,defus,2026-01-20 13:35:00,1,VCT 2026: EMEA Kickoff,https://www.vlr.gg/594741/fut-esports-vs-gentle-mates-vct-2026-emea-kickoff-ur1
FUT,Split,def,M8,0,1,16,elim,2026-01-20 13:35:00,1,VCT 2026: EMEA Kickoff,https://www.vlr.gg/594741/fut-esports-vs-gentle-mates-vct-2026-emea-kickoff-ur1
FUT,Split,def,M8,1,0,17,elim,2026-01-20 13:35:00,1,VCT 2026: EMEA Kickoff,https://www.vlr.gg/594741/fut-esports-vs-gentle-mates-vct-2026-emea-kickoff-ur1
FUT,Split,def,M8,0,1,18,boom,2026-01-20 13:35:00,1,VCT 2026: EMEA Kickoff,https://www.vlr.gg/594741/fut-esports-vs-gentle-mates-vct-2026-emea-kickoff-ur1
FUT,Split,def,M8,0,1,19,elim,2026-01-20 13:35:00,1,VCT 2026: EMEA Kickoff,https://www.vlr.gg/594741/fut-esports-vs-gentle-mates-vct-2026-emea-kickoff-ur1
PCF,Breeze,atk,BBL,1,0,13,elim,2026-01-21 11:00:00,0,VCT 2026: EMEA Kickoff,https://www.vlr.gg/594742/pcific-esports-vs-bbl-esports-vct-2026-emea-kickoff-ur1
PCF,Breeze,atk,BBL,1,0,14,elim,2026-01-21 11:00:00,0,VCT 2026: EMEA Kickoff,https://www.vlr.gg/594742/pcific-esports-vs-bbl-esports-vct-2026-emea-kickoff-ur1
PCF,Breeze,atk,BBL,0,1,15,elim,2026-01-21 11:00:00,0,VCT 2026: EMEA Kickoff,https://www.vlr.gg/594742/pcific-esports-vs-bbl-esports-vct-2026-emea-kickoff-ur1
PCF,Breeze,atk,BBL,0,1,16,defus,2026-01-21 11:00:00,0,VCT 2026: EMEA Kickoff,https://www.vlr.gg/594742/pcific-esports-vs-bbl-esports-vct-2026-emea-kickoff-ur1
PCF,Breeze,atk,BBL,1,0,17,elim,2026-01-21 11:00:00,0,VCT 2026: EMEA Kickoff,https://www.vlr.gg/594742/pcific-esports-vs-bbl-esports-vct-2026-emea-kickoff-ur1
PCF,Breeze,atk,BBL,1,0,18,elim,2026-01-21 11:00:00,0,VCT 2026: EMEA Kickoff,https://www.vlr.gg/594742/pcific-esports-vs-bbl-esports-vct-2026-emea-kickoff-ur1
PCF,Breeze,atk,BBL,1,0,19,elim,2026-01-21 11:00:00,0,VCT 2026: EMEA Kickoff,https://www.vlr.gg/594742/pcific-esports-vs-bbl-esports-vct-2026-emea-kickoff-ur1
PCF,Breeze,atk,BBL,1,0,20,elim,2026-01-21 11:00:00,0,VCT 2026: EMEA Kickoff,https://www.vlr.gg/594742/pcific-esports-vs-bbl-esports-vct-2026-emea-kickoff-ur1
PCF,Breeze,atk,BBL,0,1,21,defus,2026-01-21 11:00:00,0,VCT 2026: EMEA Kickoff,https://www.vlr.gg/594742/pcific-esports-vs-bbl-esports-vct-2026-emea-kickoff-ur1
PCF,Breeze,atk,BBL,1,0,22,boom,2026-01-21 11:00:00,0,VCT 2026: EMEA Kickoff,https://www.vlr.gg/594742/pcific-esports-vs-bbl-esports-vct-2026-emea-kickoff-ur1
PCF,Breeze,atk,BBL,0,1,23,elim,2026-01-21 11:00:00,0,VCT 2026: EMEA Kickoff,https://www.vlr.gg/594742/pcific-esports-vs-bbl-esports-vct-2026-emea-kickoff-ur1
PCF,Breeze,def,BBL,0,1,1,elim,2026-01-21 11:00:00,0,VCT 2026: EMEA Kickoff,https://www.vlr.gg/594742/pcific-esports-vs-bbl-esports-vct-2026-emea-kickoff-ur1
PCF,Breeze,def,BBL,0,1,2,boom,2026-01-21 11:00:00,0,VCT 2026: EMEA Kickoff,https://www.vlr.gg/594742/pcific-esports-vs-bbl-esports-vct-2026-emea-kickoff-ur1
PCF,Breeze,def,BBL,0,1,3,elim,2026-01-21 11:00:00,0,VCT 2026: EMEA Kickoff,https://www.vlr.gg/594742/pcific-esports-vs-bbl-esports-vct-2026-emea-kickoff-ur1
PCF,Breeze,def,BBL,0,1,4,elim,2026-01-21 11:00:00,0,VCT 2026: EMEA Kickoff,https://www.vlr.gg/594742/pcific-esports-vs-bbl-esports-vct-2026-emea-kickoff-ur1
PCF,Breeze,def,BBL,1,0,5,defus,2026-01-21 11:00:00,0,VCT 2026: EMEA Kickoff,https://www.vlr.gg/594742/pcific-esports-vs-bbl-esports-vct-2026-emea-kickoff-ur1
PCF,Breeze,def,BBL,0,1,6,boom,2026-01-21 11:00:00,0,VCT 2026: EMEA Kickoff,https://www.vlr.gg/594742/pcific-esports-vs-bbl-esports-vct-2026-emea-kickoff-ur1
PCF,Breeze,def,BBL,0,1,7,elim,2026-01-21 11:00:00,0,VCT 2026: EMEA Kickoff,https://www.vlr.gg/594742/pcific-esports-vs-bbl-esports-vct-2026-emea-kickoff-ur1
PCF,Breeze,def,BBL,1,0,8,defus,2026-01-21 11:00:00,0,VCT 2026: EMEA Kickoff,https://www.vlr.gg/594742/pcific-esports-vs-bbl-esports-vct-2026-emea-kickoff-ur1
PCF,Breeze,def,BBL,0,1,9,elim,2026-01-21 11:00:00,0,VCT 2026: EMEA Kickoff,https://www.vlr.gg/594742/pcific-esports-vs-bbl-esports-vct-2026-emea-kickoff-ur1
PCF,Breeze,def,BBL,0,1,10,elim,2026-01-21 11:00:00,0,VCT 2026: EMEA Kickoff,https://www.vlr.gg/594742/pcific-esports-vs-bbl-esports-vct-2026-emea-kickoff-ur1
PCF,Breeze,def,BBL,0,1,11,elim,2026-01-21 11:00:00,0,VCT 2026: EMEA Kickoff,https://www.vlr.gg/594742/pcific-esports-vs-bbl-esports-vct-2026-emea-kickoff-ur1
PCF,Breeze,def,BBL,1,0,12,defus,2026-01-21 11:00:00,0,VCT 2026: EMEA Kickoff,https://www.vlr.gg/594742/pcific-esports-vs-bbl-esports-vct-2026-emea-kickoff-ur1
PCF,Abyss,atk,BBL,0,1,1,elim,2026-01-21 11:00:00,1,VCT 2026: EMEA Kickoff,https://www.vlr.gg/594742/pcific-esports-vs-bbl-esports-vct-2026-emea-kickoff-ur1
PCF,Abyss,atk,BBL,0,1,2,elim,2026-01-21 11:00:00,1,VCT 2026: EMEA Kickoff,https://www.vlr.gg/594742/pcific-esports-vs-bbl-esports-vct-2026-emea-kickoff-ur1
PCF,Abyss,atk,BBL,0,1,3,elim,2026-01-21 11:00:00,1,VCT 2026: EMEA Kickoff,https://www.vlr.gg/594742/pcific-esports-vs-bbl-esports-vct-2026-emea-kickoff-ur1
PCF,Abyss,atk,BBL,0,1,4,elim,2026-01-21 11:00:00,1,VCT 2026: EMEA Kickoff,https://www.vlr.gg/594742/pcific-esports-vs-bbl-esports-vct-2026-emea-kickoff-ur1
PCF,Abyss,atk,BBL,1,0,5,elim,2026-01-21 11:00:00,1,VCT 2026: EMEA Kickoff,https://www.vlr.gg/594742/pcific-esports-vs-bbl-esports-vct-2026-emea-kickoff-ur1
PCF,Abyss,atk,BBL,1,0,6,elim,2026-01-21 11:00:00,1,VCT 2026: EMEA Kickoff,https://www.vlr.gg/594742/pcific-esports-vs-bbl-esports-vct-2026-emea-kickoff-ur1
PCF,Abyss,atk,BBL,1,0,7,elim,2026-01-21 11:00:00,1,VCT 2026: EMEA Kickoff,https://www.vlr.gg/594742/pcific-esports-vs-bbl-esports-vct-2026-emea-kickoff-ur1
PCF,Abyss,atk,BBL,1,0,8,elim,2026-01-21 11:00:00,1,VCT 2026: EMEA Kickoff,https://www.vlr.gg/594742/pcific-esports-vs-bbl-esports-vct-2026-emea-kickoff-ur1
PCF,Abyss,atk,BBL,1,0,9,elim,2026-01-21 11:00:00,1,VCT 2026: EMEA Kickoff,https://www.vlr.gg/594742/pcific-esports-vs-bbl-esports-vct-2026-emea-kickoff-ur1
PCF,Abyss,atk,BBL,1,0,10,elim,2026-01-21 11:00:00,1,VCT 2026: EMEA Kickoff,https://www.vlr.gg/594742/pcific-esports-vs-bbl-esports-vct-2026-emea-kickoff-ur1
PCF,Abyss,atk,BBL,0,1,11,tim,2026-01-21 11:00:00,1,VCT 2026: EMEA Kickoff,https://www.vlr.gg/594742/pcific-esports-vs-bbl-esports-vct-2026-emea-kickoff-ur1
PCF,Abyss,atk,BBL,1,0,12,elim,2026-01-21 11:00:00,1,VCT 2026: EMEA Kickoff,https://www.vlr.gg/594742/pcific-esports-vs-bbl-esports-vct-2026-emea-kickoff-ur1
PCF,Abyss,def,BBL,1,0,13,elim,2026-01-21 11:00:00,1,VCT 2026: EMEA Kickoff,https://www.vlr.gg/594742/pcific-esports-vs-bbl-esports-vct-2026-emea-kickoff-ur1
PCF,Abyss,def,BBL,1,0,14,elim,2026-01-21 11:00:00,1,VCT 2026: EMEA Kickoff,https://www.vlr.gg/594742/pcific-esports-vs-bbl-esports-vct-2026-emea-kickoff-ur1
PCF,Abyss,def,BBL,0,1,15,boom,2026-01-21 11:00:00,1,VCT 2026: EMEA Kickoff,https://www.vlr.gg/594742/pcific-esports-vs-bbl-esports-vct-2026-emea-kickoff-ur1
PCF,Abyss,def,BBL,0,1,16,boom,2026-01-21 11:00:00,1,VCT 2026: EMEA Kickoff,https://www.vlr.gg/594742/pcific-esports-vs-bbl-esports-vct-2026-emea-kickoff-ur1
PCF,Abyss,def,BBL,1,0,17,defus,2026-01-21 11:00:00,1,VCT 2026: EMEA Kickoff,https://www.vlr.gg/594742/pcific-esports-vs-bbl-esports-vct-2026-emea-kickoff-ur1
PCF,Abyss,def,BBL,1,0,18,defus,2026-01-21 11:00:00,1,VCT 2026: EMEA Kickoff,https://www.vlr.gg/594742/pcific-esports-vs-bbl-esports-vct-2026-emea-kickoff-ur1
PCF,Abyss,def,BBL,1,0,19,elim,2026-01-21 11:00:00,1,VCT 2026: EMEA Kickoff,https://www.vlr.gg/594742/pcific-esports-vs-bbl-esports-vct-2026-emea-kickoff-ur1
PCF,Abyss,def,BBL,1,0,20,elim,2026-01-21 11:00:00,1,VCT 2026: EMEA Kickoff,https://www.vlr.gg/594742/pcific-esports-vs-bbl-esports-vct-2026-emea-kickoff-ur1
PCF,Pearl,atk,BBL,1,0,1,elim,2026-01-21 11:00:00,2,VCT 2026: EMEA Kickoff,https://www.vlr.gg/594742/pcific-esports-vs-bbl-esports-vct-2026-emea-kickoff-ur1
PCF,Pearl,atk,BBL,1,0,2,elim,2026-01-21 11:00:00,2,VCT 2026: EMEA Kickoff,https://www.vlr.gg/594742/pcific-esports-vs-bbl-esports-vct-2026-emea-kickoff-ur1
PCF,Pearl,atk,BBL,0,1,3,elim,2026-01-21 11:00:00,2,VCT 2026: EMEA Kickoff,https://www.vlr.gg/594742/pcific-esports-vs-bbl-esports-vct-2026-emea-kickoff-ur1
PCF,Pearl,atk,BBL,0,1,4,elim,2026-01-21 11:00:00,2,VCT 2026: EMEA Kickoff,https://www.vlr.gg/594742/pcific-esports-vs-bbl-esports-vct-2026-emea-kickoff-ur1
PCF,Pearl,atk,BBL,0,1,5,defus,2026-01-21 11:00:00,2,VCT 2026: EMEA Kickoff,https://www.vlr.gg/594742/pcific-esports-vs-bbl-esports-vct-2026-emea-kickoff-ur1
PCF,Pearl,atk,BBL,0,1,6,tim,2026-01-21 11:00:00,2,VCT 2026: EMEA Kickoff,https://www.vlr.gg/594742/pcific-esports-vs-bbl-esports-vct-2026-emea-kickoff-ur1
PCF,Pearl,atk,BBL,0,1,7,defus,2026-01-21 11:00:00,2,VCT 2026: EMEA Kickoff,https://www.vlr.gg/594742/pcific-esports-vs-bbl-esports-vct-2026-emea-kickoff-ur1
PCF,Pearl,atk,BBL,0,1,8,elim,2026-01-21 11:00:00,2,VCT 2026: EMEA Kickoff,https://www.vlr.gg/594742/pcific-esports-vs-bbl-esports-vct-2026-emea-kickoff-ur1
PCF,Pearl,atk,BBL,0,1,9,elim,2026-01-21 11:00:00,2,VCT 2026: EMEA Kickoff,https://www.vlr.gg/594742/pcific-esports-vs-bbl-esports-vct-2026-emea-kickoff-ur1
PCF,Pearl,atk,BBL,0,1,10,elim,2026-01-21 11:00:00,2,VCT 2026: EMEA Kickoff,https://www.vlr.gg/594742/pcific-esports-vs-bbl-esports-vct-2026-emea-kickoff-ur1
PCF,Pearl,atk,BBL,0,1,11,defus,2026-01-21 11:00:00,2,VCT 2026: EMEA Kickoff,https://www.vlr.gg/594742/pcific-esports-vs-bbl-esports-vct-2026-emea-kickoff-ur1
PCF,Pearl,atk,BBL,0,1,12,elim,2026-01-21 11:00:00,2,VCT 2026: EMEA Kickoff,https://www.vlr.gg/594742/pcific-esports-vs-bbl-esports-vct-2026-emea-kickoff-ur1
PCF,Pearl,def,BBL,1,0,13,elim,2026-01-21 11:00:00,2,VCT 2026: EMEA Kickoff,https://www.vlr.gg/594742/pcific-esports-vs-bbl-esports-vct-2026-emea-kickoff-ur1
PCF,Pearl,def,BBL,1,0,14,elim,2026-01-21 11:00:00,2,VCT 2026: EMEA Kickoff,https://www.vlr.gg/594742/pcific-esports-vs-bbl-esports-vct-2026-emea-kickoff-ur1
PCF,Pearl,def,BBL,0,1,15,elim,2026-01-21 11:00:00,2,VCT 2026: EMEA Kickoff,https://www.vlr.gg/594742/pcific-esports-vs-bbl-esports-vct-2026-emea-kickoff-ur1
PCF,Pearl,def,BBL,0,1,16,boom,2026-01-21 11:00:00,2,VCT 2026: EMEA Kickoff,https://www.vlr.gg/594742/pcific-esports-vs-bbl-esports-vct-2026-emea-kickoff-ur1
PCF,Pearl,def,BBL,0,1,17,elim,2026-01-21 11:00:00,2,VCT 2026: EMEA Kickoff,https://www.vlr.gg/594742/pcific-esports-vs-bbl-esports-vct-2026-emea-kickoff-ur1
ULF,Breeze,atk,VIT,0,1,1,defus,2026-01-21 14:20:00,0,VCT 2026: EMEA Kickoff,https://www.vlr.gg/594743/ulf-esports-vs-team-vitality-vct-2026-emea-kickoff-ur1
ULF,Breeze,atk,VIT,0,1,2,elim,2026-01-21 14:20:00,0,VCT 2026: EMEA Kickoff,https://www.vlr.gg/594743/ulf-esports-vs-team-vitality-vct-2026-emea-kickoff-ur1
ULF,Breeze,atk,VIT,0,1,3,elim,2026-01-21 14:20:00,0,VCT 2026: EMEA Kickoff,https://www.vlr.gg/594743/ulf-esports-vs-team-vitality-vct-2026-emea-kickoff-ur1
ULF,Breeze,atk,VIT,0,1,4,elim,2026-01-21 14:20:00,0,VCT 2026: EMEA Kickoff,https://www.vlr.gg/594743/ulf-esports-vs-team-vitality-vct-2026-emea-kickoff-ur1
ULF,Breeze,atk,VIT,0,1,5,elim,2026-01-21 14:20:00,0,VCT 2026: EMEA Kickoff,https://www.vlr.gg/594743/ulf-esports-vs-team-vitality-vct-2026-emea-kickoff-ur1
ULF,Breeze,atk,VIT,1,0,6,elim,2026-01-21 14:20:00,0,VCT 2026: EMEA Kickoff,https://www.vlr.gg/594743/ulf-esports-vs-team-vitality-vct-2026-emea-kickoff-ur1
ULF,Breeze,atk,VIT,0,1,7,elim,2026-01-21 14:20:00,0,VCT 2026: EMEA Kickoff,https://www.vlr.gg/594743/ulf-esports-vs-team-vitality-vct-2026-emea-kickoff-ur1
ULF,Breeze,atk,VIT,0,1,8,elim,2026-01-21 14:20:00,0,VCT 2026: EMEA Kickoff,https://www.vlr.gg/594743/ulf-esports-vs-team-vitality-vct-2026-emea-kickoff-ur1
ULF,Breeze,atk,VIT,0,1,9,defus,2026-01-21 14:20:00,0,VCT 2026: EMEA Kickoff,https://www.vlr.gg/594743/ulf-esports-vs-team-vitality-vct-2026-emea-kickoff-ur1
ULF,Breeze,atk,VIT,0,1,10,defus,2026-01-21 14:20:00,0,VCT 2026: EMEA Kickoff,https://www.vlr.gg/594743/ulf-esports-vs-team-vitality-vct-2026-emea-kickoff-ur1
ULF,Breeze,atk,VIT,1,0,11,elim,2026-01-21 14:20:00,0,VCT 2026: EMEA Kickoff,https://www.vlr.gg/594743/ulf-esports-vs-team-vitality-vct-2026-emea-kickoff-ur1
ULF,Breeze,atk,VIT,0,1,12,elim,2026-01-21 14:20:00,0,VCT 2026: EMEA Kickoff,https://www.vlr.gg/594743/ulf-esports-vs-team-vitality-vct-2026-emea-kickoff-ur1
ULF,Breeze,def,VIT,0,1,13,elim,2026-01-21 14:20:00,0,VCT 2026: EMEA Kickoff,https://www.vlr.gg/594743/ulf-esports-vs-team-vitality-vct-2026-emea-kickoff-ur1
ULF,Breeze,def,VIT,0,1,14,elim,2026-01-21 14:20:00,0,VCT 2026: EMEA Kickoff,https://www.vlr.gg/594743/ulf-esports-vs-team-vitality-vct-2026-emea-kickoff-ur1
ULF,Breeze,def,VIT,1,0,15,elim,2026-01-21 14:20:00,0,VCT 2026: EMEA Kickoff,https://www.vlr.gg/594743/ulf-esports-vs-team-vitality-vct-2026-emea-kickoff-ur1
ULF,Breeze,def,VIT,0,1,16,elim,2026-01-21 14:20:00,0,VCT 2026: EMEA Kickoff,https://www.vlr.gg/594743/ulf-esports-vs-team-vitality-vct-2026-emea-kickoff-ur1
ULF,Corrode,atk,VIT,0,1,1,elim,2026-01-21 14:20:00,1,VCT 2026: EMEA Kickoff,https://www.vlr.gg/594743/ulf-esports-vs-team-vitality-vct-2026-emea-kickoff-ur1
ULF,Corrode,atk,VIT,0,1,2,elim,2026-01-21 14:20:00,1,VCT 2026: EMEA Kickoff,https://www.vlr.gg/594743/ulf-esports-vs-team-vitality-vct-2026-emea-kickoff-ur1
ULF,Corrode,atk,VIT,0,1,3,defus,2026-01-21 14:20:00,1,VCT 2026: EMEA Kickoff,https://www.vlr.gg/594743/ulf-esports-vs-team-vitality-vct-2026-emea-kickoff-ur1
ULF,Corrode,atk,VIT,0,1,4,elim,2026-01-21 14:20:00,1,VCT 2026: EMEA Kickoff,https://www.vlr.gg/594743/ulf-esports-vs-team-vitality-vct-2026-emea-kickoff-ur1
ULF,Corrode,atk,VIT,0,1,5,defus,2026-01-21 14:20:00,1,VCT 2026: EMEA Kickoff,https://www.vlr.gg/594743/ulf-esports-vs-team-vitality-vct-2026-emea-kickoff-ur1
ULF,Corrode,atk,VIT,0,1,6,defus,2026-01-21 14:20:00,1,VCT 2026: EMEA Kickoff,https://www.vlr.gg/594743/ulf-esports-vs-team-vitality-vct-2026-emea-kickoff-ur1
ULF,Corrode,atk,VIT,0,1,7,elim,2026-01-21 14:20:00,1,VCT 2026: EMEA Kickoff,https://www.vlr.gg/594743/ulf-esports-vs-team-vitality-vct-2026-emea-kickoff-ur1
ULF,Corrode,atk,VIT,0,1,8,defus,2026-01-21 14:20:00,1,VCT 2026: EMEA Kickoff,https://www.vlr.gg/594743/ulf-esports-vs-team-vitality-vct-2026-emea-kickoff-ur1
ULF,Corrode,atk,VIT,0,1,9,elim,2026-01-21 14:20:00,1,VCT 2026: EMEA Kickoff,https://www.vlr.gg/594743/ulf-esports-vs-team-vitality-vct-2026-emea-kickoff-ur1
ULF,Corrode,atk,VIT,0,1,10,elim,2026-01-21 14:20:00,1,VCT 2026: EMEA Kickoff,https://www.vlr.gg/594743/ulf-esports-vs-team-vitality-vct-2026-emea-kickoff-ur1
ULF,Corrode,atk,VIT,1,0,11,elim,2026-01-21 14:20:00,1,VCT 2026: EMEA Kickoff,https://www.vlr.gg/594743/ulf-esports-vs-team-vitality-vct-2026-emea-kickoff-ur1
ULF,Corrode,atk,VIT,0,1,12,elim,2026-01-21 14:20:00,1,VCT 2026: EMEA Kickoff,https://www.vlr.gg/594743/ulf-esports-vs-team-vitality-vct-2026-emea-kickoff-ur1
ULF,Corrode,def,VIT,0,1,13,elim,2026-01-21 14:20:00,1,VCT 2026: EMEA Kickoff,https://www.vlr.gg/594743/ulf-esports-vs-team-vitality-vct-2026-emea-kickoff-ur1
ULF,Corrode,def,VIT,0,1,14,elim,2026-01-21 14:20:00,1,VCT 2026: EMEA Kickoff,https://www.vlr.gg/594743/ulf-esports-vs-team-vitality-vct-2026-emea-kickoff-ur1
TH,Bind,atk,NAVI,0,1,1,elim,2026-01-22 11:00:00,0,VCT 2026: EMEA Kickoff,https://www.vlr.gg/594744/team-heretics-vs-natus-vincere-vct-2026-emea-kickoff-ur2
TH,Bind,atk,NAVI,0,1,2,elim,2026-01-22 11:00:00,0,VCT 2026: EMEA Kickoff,https://www.vlr.gg/594744/team-heretics-vs-natus-vincere-vct-2026-emea-kickoff-ur2
TH,Bind,atk,NAVI,1,0,3,elim,2026-01-22 11:00:00,0,VCT 2026: EMEA Kickoff,https://www.vlr.gg/594744/team-heretics-vs-natus-vincere-vct-2026-emea-kickoff-ur2
TH,Bind,atk,NAVI,0,1,4,elim,2026-01-22 11:00:00,0,VCT 2026: EMEA Kickoff,https://www.vlr.gg/594744/team-heretics-vs-natus-vincere-vct-2026-emea-kickoff-ur2
TH,Bind,atk,NAVI,1,0,5,boom,2026-01-22 11:00:00,0,VCT 2026: EMEA Kickoff,https://www.vlr.gg/594744/team-heretics-vs-natus-vincere-vct-2026-emea-kickoff-ur2
TH,Bind,atk,NAVI,0,1,6,elim,2026-01-22 11:00:00,0,VCT 2026: EMEA Kickoff,https://www.vlr.gg/594744/team-heretics-vs-natus-vincere-vct-2026-emea-kickoff-ur2
TH,Bind,atk,NAVI,0,1,7,defus,2026-01-22 11:00:00,0,VCT 2026: EMEA Kickoff,https://www.vlr.gg/594744/team-heretics-vs-natus-vincere-vct-2026-emea-kickoff-ur2
TH,Bind,atk,NAVI,0,1,8,elim,2026-01-22 11:00:00,0,VCT 2026: EMEA Kickoff,https://www.vlr.gg/594744/team-heretics-vs-natus-vincere-vct-2026-emea-kickoff-ur2
TH,Bind,atk,NAVI,1,0,9,elim,2026-01-22 11:00:00,0,VCT 2026: EMEA Kickoff,https://www.vlr.gg/594744/team-heretics-vs-natus-vincere-vct-2026-emea-kickoff-ur2
TH,Bind,atk,NAVI,0,1,10,defus,2026-01-22 11:00:00,0,VCT 2026: EMEA Kickoff,https://www.vlr.gg/594744/team-heretics-vs-natus-vincere-vct-2026-emea-kickoff-ur2
TH,Bind,atk,NAVI,0,1,11,elim,2026-01-22 11:00:00,0,VCT 2026: EMEA Kickoff,https://www.vlr.gg/594744/team-heretics-vs-natus-vincere-vct-2026-emea-kickoff-ur2
TH,Bind,atk,NAVI,1,0,12,elim,2026-01-22 11:00:00,0,VCT 2026: EMEA Kickoff,https://www.vlr.gg/594744/team-heretics-vs-natus-vincere-vct-2026-emea-kickoff-ur2
TH,Bind,def,NAVI,0,1,13,elim,2026-01-22 11:00:00,0,VCT 2026: EMEA Kickoff,https://www.vlr.gg/594744/team-heretics-vs-natus-vincere-vct-2026-emea-kickoff-ur2
TH,Bind,def,NAVI,0,1,14,elim,2026-01-22 11:00:00,0,VCT 2026: EMEA Kickoff,https://www.vlr.gg/594744/team-heretics-vs-natus-vincere-vct-2026-emea-kickoff-ur2
TH,Bind,def,NAVI,0,1,15,elim,2026-01-22 11:00:00,0,VCT 2026: EMEA Kickoff,https://www.vlr.gg/594744/team-heretics-vs-natus-vincere-vct-2026-emea-kickoff-ur2
TH,Bind,def,NAVI,1,0,16,elim,2026-01-22 11:00:00,0,VCT 2026: EMEA Kickoff,https://www.vlr.gg/594744/team-heretics-vs-natus-vincere-vct-2026-emea-kickoff-ur2
TH,Bind,def,NAVI,1,0,17,defus,2026-01-22 11:00:00,0,VCT 2026: EMEA Kickoff,https://www.vlr.gg/594744/team-heretics-vs-natus-vincere-vct-2026-emea-kickoff-ur2
TH,Bind,def,NAVI,0,1,18,elim,2026-01-22 11:00:00,0,VCT 2026: EMEA Kickoff,https://www.vlr.gg/594744/team-heretics-vs-natus-vincere-vct-2026-emea-kickoff-ur2
TH,Bind,def,NAVI,1,0,19,elim,2026-01-22 11:00:00,0,VCT 2026: EMEA Kickoff,https://www.vlr.gg/594744/team-heretics-vs-natus-vincere-vct-2026-emea-kickoff-ur2
TH,Bind,def,NAVI,1,0,20,elim,2026-01-22 11:00:00,0,VCT 2026: EMEA Kickoff,https://www.vlr.gg/594744/team-heretics-vs-natus-vincere-vct-2026-emea-kickoff-ur2
TH,Bind,def,NAVI,1,0,21,defus,2026-01-22 11:00:00,0,VCT 2026: EMEA Kickoff,https://www.vlr.gg/594744/team-heretics-vs-natus-vincere-vct-2026-emea-kickoff-ur2
TH,Bind,def,NAVI,1,0,22,defus,2026-01-22 11:00:00,0,VCT 2026: EMEA Kickoff,https://www.vlr.gg/594744/team-heretics-vs-natus-vincere-vct-2026-emea-kickoff-ur2
TH,Bind,def,NAVI,0,1,23,elim,2026-01-22 11:00:00,0,VCT 2026: EMEA Kickoff,https://www.vlr.gg/594744/team-heretics-vs-natus-vincere-vct-2026-emea-kickoff-ur2
TH,Haven,atk,NAVI,1,0,1,elim,2026-01-22 11:00:00,1,VCT 2026: EMEA Kickoff,https://www.vlr.gg/594744/team-heretics-vs-natus-vincere-vct-2026-emea-kickoff-ur2
TH,Haven,atk,NAVI,1,0,2,elim,2026-01-22 11:00:00,1,VCT 2026: EMEA Kickoff,https://www.vlr.gg/594744/team-heretics-vs-natus-vincere-vct-2026-emea-kickoff-ur2
TH,Haven,atk,NAVI,0,1,3,defus,2026-01-22 11:00:00,1,VCT 2026: EMEA Kickoff,https://www.vlr.gg/594744/team-heretics-vs-natus-vincere-vct-2026-emea-kickoff-ur2
TH,Haven,atk,NAVI,1,0,4,boom,2026-01-22 11:00:00,1,VCT 2026: EMEA Kickoff,https://www.vlr.gg/594744/team-heretics-vs-natus-vincere-vct-2026-emea-kickoff-ur2
TH,Haven,atk,NAVI,1,0,5,elim,2026-01-22 11:00:00,1,VCT 2026: EMEA Kickoff,https://www.vlr.gg/594744/team-heretics-vs-natus-vincere-vct-2026-emea-kickoff-ur2
TH,Haven,atk,NAVI,1,0,6,elim,2026-01-22 11:00:00,1,VCT 2026: EMEA Kickoff,https://www.vlr.gg/594744/team-heretics-vs-natus-vincere-vct-2026-emea-kickoff-ur2
TH,Haven,atk,NAVI,1,0,7,boom,2026-01-22 11:00:00,1,VCT 2026: EMEA Kickoff,https://www.vlr.gg/594744/team-heretics-vs-natus-vincere-vct-2026-emea-kickoff-ur2
TH,Haven,atk,NAVI,0,1,8,defus,2026-01-22 11:00:00,1,VCT 2026: EMEA Kickoff,https://www.vlr.gg/594744/team-heretics-vs-natus-vincere-vct-2026-emea-kickoff-ur2
TH,Haven,atk,NAVI,1,0,9,elim,2026-01-22 11:00:00,1,VCT 2026: EMEA Kickoff,https://www.vlr.gg/594744/team-heretics-vs-natus-vincere-vct-2026-emea-kickoff-ur2
TH,Haven,atk,NAVI,1,0,10,elim,2026-01-22 11:00:00,1,VCT 2026: EMEA Kickoff,https://www.vlr.gg/594744/team-heretics-vs-natus-vincere-vct-2026-emea-kickoff-ur2
TH,Haven,atk,NAVI,0,1,11,elim,2026-01-22 11:00:00,1,VCT 2026: EMEA Kickoff,https://www.vlr.gg/594744/team-heretics-vs-natus-vincere-vct-2026-emea-kickoff-ur2
TH,Haven,atk,NAVI,1,0,12,elim,2026-01-22 11:00:00,1,VCT 2026: EMEA Kickoff,https://www.vlr.gg/594744/team-heretics-vs-natus-vincere-vct-2026-emea-kickoff-ur2
TH,Haven,def,NAVI,0,1,13,elim,2026-01-22 11:00:00,1,VCT 2026: EMEA Kickoff,https://www.vlr.gg/594744/team-heretics-vs-natus-vincere-vct-2026-emea-kickoff-ur2
TH,Haven,def,NAVI,0,1,14,elim,2026-01-22 11:00:00,1,VCT 2026: EMEA Kickoff,https://www.vlr.gg/594744/team-heretics-vs-natus-vincere-vct-2026-emea-kickoff-ur2
TH,Haven,def,NAVI,0,1,15,elim,2026-01-22 11:00:00,1,VCT 2026: EMEA Kickoff,https://www.vlr.gg/594744/team-heretics-vs-natus-vincere-vct-2026-emea-kickoff-ur2
TH,Haven,def,NAVI,0,1,16,elim,2026-01-22 11:00:00,1,VCT 2026: EMEA Kickoff,https://www.vlr.gg/594744/team-heretics-vs-natus-vincere-vct-2026-emea-kickoff-ur2
TH,Haven,def,NAVI,0,1,17,boom,2026-01-22 11:00:00,1,VCT 2026: EMEA Kickoff,https://www.vlr.gg/594744/team-heretics-vs-natus-vincere-vct-2026-emea-kickoff-ur2
TH,Haven,def,NAVI,1,0,18,elim,2026-01-22 11:00:00,1,VCT 2026: EMEA Kickoff,https://www.vlr.gg/594744/team-heretics-vs-natus-vincere-vct-2026-emea-kickoff-ur2
TH,Haven,def,NAVI,1,0,19,elim,2026-01-22 11:00:00,1,VCT 2026: EMEA Kickoff,https://www.vlr.gg/594744/team-heretics-vs-natus-vincere-vct-2026-emea-kickoff-ur2
TH,Haven,def,NAVI,0,1,20,elim,2026-01-22 11:00:00,1,VCT 2026: EMEA Kickoff,https://www.vlr.gg/594744/team-heretics-vs-natus-vincere-vct-2026-emea-kickoff-ur2
TH,Haven,def,NAVI,1,0,21,defus,2026-01-22 11:00:00,1,VCT 2026: EMEA Kickoff,https://www.vlr.gg/594744/team-heretics-vs-natus-vincere-vct-2026-emea-kickoff-ur2
TH,Haven,def,NAVI,0,1,22,elim,2026-01-22 11:00:00,1,VCT 2026: EMEA Kickoff,https://www.vlr.gg/594744/team-heretics-vs-natus-vincere-vct-2026-emea-kickoff-ur2
TH,Haven,def,NAVI,0,1,23,boom,2026-01-22 11:00:00,1,VCT 2026: EMEA Kickoff,https://www.vlr.gg/594744/team-heretics-vs-natus-vincere-vct-2026-emea-kickoff-ur2
TH,Haven,def,NAVI,1,0,24,elim,2026-01-22 11:00:00,1,VCT 2026: EMEA Kickoff,https://www.vlr.gg/594744/team-heretics-vs-natus-vincere-vct-2026-emea-kickoff-ur2
TH,Split,atk,NAVI,0,1,1,elim,2026-01-22 11:00:00,2,VCT 2026: EMEA Kickoff,https://www.vlr.gg/594744/team-heretics-vs-natus-vincere-vct-2026-emea-kickoff-ur2
TH,Split,atk,NAVI,0,1,2,elim,2026-01-22 11:00:00,2,VCT 2026: EMEA Kickoff,https://www.vlr.gg/594744/team-heretics-vs-natus-vincere-vct-2026-emea-kickoff-ur2
TH,Split,atk,NAVI,1,0,3,boom,2026-01-22 11:00:00,2,VCT 2026: EMEA Kickoff,https://www.vlr.gg/594744/team-heretics-vs-natus-vincere-vct-2026-emea-kickoff-ur2
TH,Split,atk,NAVI,0,1,4,tim,2026-01-22 11:00:00,2,VCT 2026: EMEA Kickoff,https://www.vlr.gg/594744/team-heretics-vs-natus-vincere-vct-2026-emea-kickoff-ur2
TH,Split,atk,NAVI,0,1,5,elim,2026-01-22 11:00:00,2,VCT 2026: EMEA Kickoff,https://www.vlr.gg/594744/team-heretics-vs-natus-vincere-vct-2026-emea-kickoff-ur2
TH,Split,atk,NAVI,0,1,6,elim,2026-01-22 11:00:00,2,VCT 2026: EMEA Kickoff,https://www.vlr.gg/594744/team-heretics-vs-natus-vincere-vct-2026-emea-kickoff-ur2
TH,Split,atk,NAVI,0,1,7,defus,2026-01-22 11:00:00,2,VCT 2026: EMEA Kickoff,https://www.vlr.gg/594744/team-heretics-vs-natus-vincere-vct-2026-emea-kickoff-ur2
TH,Split,atk,NAVI,0,1,8,elim,2026-01-22 11:00:00,2,VCT 2026: EMEA Kickoff,https://www.vlr.gg/594744/team-heretics-vs-natus-vincere-vct-2026-emea-kickoff-ur2
TH,Split,atk,NAVI,0,1,9,defus,2026-01-22 11:00:00,2,VCT 2026: EMEA Kickoff,https://www.vlr.gg/594744/team-heretics-vs-natus-vincere-vct-2026-emea-kickoff-ur2
TH,Split,atk,NAVI,1,0,10,elim,2026-01-22 11:00:00,2,VCT 2026: EMEA Kickoff,https://www.vlr.gg/594744/team-heretics-vs-natus-vincere-vct-2026-emea-kickoff-ur2
TH,Split,atk,NAVI,0,1,11,defus,2026-01-22 11:00:00,2,VCT 2026: EMEA Kickoff,https://www.vlr.gg/594744/team-heretics-vs-natus-vincere-vct-2026-emea-kickoff-ur2
TH,Split,atk,NAVI,1,0,12,elim,2026-01-22 11:00:00,2,VCT 2026: EMEA Kickoff,https://www.vlr.gg/594744/team-heretics-vs-natus-vincere-vct-2026-emea-kickoff-ur2
TH,Split,def,NAVI,0,1,13,elim,2026-01-22 11:00:00,2,VCT 2026: EMEA Kickoff,https://www.vlr.gg/594744/team-heretics-vs-natus-vincere-vct-2026-emea-kickoff-ur2
TH,Split,def,NAVI,0,1,14,elim,2026-01-22 11:00:00,2,VCT 2026: EMEA Kickoff,https://www.vlr.gg/594744/team-heretics-vs-natus-vincere-vct-2026-emea-kickoff-ur2
TH,Split,def,NAVI,1,0,15,elim,2026-01-22 11:00:00,2,VCT 2026: EMEA Kickoff,https://www.vlr.gg/594744/team-heretics-vs-natus-vincere-vct-2026-emea-kickoff-ur2
TH,Split,def,NAVI,0,1,16,elim,2026-01-22 11:00:00,2,VCT 2026: EMEA Kickoff,https://www.vlr.gg/594744/team-heretics-vs-natus-vincere-vct-2026-emea-kickoff-ur2
TH,Split,def,NAVI,1,0,17,defus,2026-01-22 11:00:00,2,VCT 2026: EMEA Kickoff,https://www.vlr.gg/594744/team-heretics-vs-natus-vincere-vct-2026-emea-kickoff-ur2
TH,Split,def,NAVI,1,0,18,defus,2026-01-22 11:00:00,2,VCT 2026: EMEA Kickoff,https://www.vlr.gg/594744/team-heretics-vs-natus-vincere-vct-2026-emea-kickoff-ur2
TH,Split,def,NAVI,0,1,19,elim,2026-01-22 11:00:00,2,VCT 2026: EMEA Kickoff,https://www.vlr.gg/594744/team-heretics-vs-natus-vincere-vct-2026-emea-kickoff-ur2
GX,Pearl,atk,M8,0,1,13,defus,2026-01-22 14:30:00,0,VCT 2026: EMEA Kickoff,https://www.vlr.gg/594745/giantx-vs-gentle-mates-vct-2026-emea-kickoff-ur2
GX,Pearl,atk,M8,1,0,14,elim,2026-01-22 14:30:00,0,VCT 2026: EMEA Kickoff,https://www.vlr.gg/594745/giantx-vs-gentle-mates-vct-2026-emea-kickoff-ur2
GX,Pearl,atk,M8,1,0,15,elim,2026-01-22 14:30:00,0,VCT 2026: EMEA Kickoff,https://www.vlr.gg/594745/giantx-vs-gentle-mates-vct-2026-emea-kickoff-ur2
GX,Pearl,atk,M8,0,1,16,defus,2026-01-22 14:30:00,0,VCT 2026: EMEA Kickoff,https://www.vlr.gg/594745/giantx-vs-gentle-mates-vct-2026-emea-kickoff-ur2
GX,Pearl,atk,M8,1,0,17,boom,2026-01-22 14:30:00,0,VCT 2026: EMEA Kickoff,https://www.vlr.gg/594745/giantx-vs-gentle-mates-vct-2026-emea-kickoff-ur2
GX,Pearl,atk,M8,0,1,18,defus,2026-01-22 14:30:00,0,VCT 2026: EMEA Kickoff,https://www.vlr.gg/594745/giantx-vs-gentle-mates-vct-2026-emea-kickoff-ur2
GX,Pearl,atk,M8,1,0,19,elim,2026-01-22 14:30:00,0,VCT 2026: EMEA Kickoff,https://www.vlr.gg/594745/giantx-vs-gentle-mates-vct-2026-emea-kickoff-ur2
GX,Pearl,atk,M8,1,0,20,elim,2026-01-22 14:30:00,0,VCT 2026: EMEA Kickoff,https://www.vlr.gg/594745/giantx-vs-gentle-mates-vct-2026-emea-kickoff-ur2
GX,Pearl,atk,M8,0,1,21,defus,2026-01-22 14:30:00,0,VCT 2026: EMEA Kickoff,https://www.vlr.gg/594745/giantx-vs-gentle-mates-vct-2026-emea-kickoff-ur2
GX,Pearl,atk,M8,0,1,22,elim,2026-01-22 14:30:00,0,VCT 2026: EMEA Kickoff,https://www.vlr.gg/594745/giantx-vs-gentle-mates-vct-2026-emea-kickoff-ur2
GX,Pearl,atk,M8,0,1,23,defus,2026-01-22 14:30:00,0,VCT 2026: EMEA Kickoff,https://www.vlr.gg/594745/giantx-vs-gentle-mates-vct-2026-emea-kickoff-ur2
GX,Pearl,def,M8,1,0,1,elim,2026-01-22 14:30:00,0,VCT 2026: EMEA Kickoff,https://www.vlr.gg/594745/giantx-vs-gentle-mates-vct-2026-emea-kickoff-ur2
GX,Pearl,def,M8,1,0,2,elim,2026-01-22 14:30:00,0,VCT 2026: EMEA Kickoff,https://www.vlr.gg/594745/giantx-vs-gentle-mates-vct-2026-emea-kickoff-ur2
GX,Pearl,def,M8,1,0,3,elim,2026-01-22 14:30:00,0,VCT 2026: EMEA Kickoff,https://www.vlr.gg/594745/giantx-vs-gentle-mates-vct-2026-emea-kickoff-ur2
GX,Pearl,def,M8,1,0,4,elim,2026-01-22 14:30:00,0,VCT 2026: EMEA Kickoff,https://www.vlr.gg/594745/giantx-vs-gentle-mates-vct-2026-emea-kickoff-ur2
GX,Pearl,def,M8,0,1,5,boom,2026-01-22 14:30:00,0,VCT 2026: EMEA Kickoff,https://www.vlr.gg/594745/giantx-vs-gentle-mates-vct-2026-emea-kickoff-ur2
GX,Pearl,def,M8,0,1,6,elim,2026-01-22 14:30:00,0,VCT 2026: EMEA Kickoff,https://www.vlr.gg/594745/giantx-vs-gentle-mates-vct-2026-emea-kickoff-ur2
GX,Pearl,def,M8,0,1,7,boom,2026-01-22 14:30:00,0,VCT 2026: EMEA Kickoff,https://www.vlr.gg/594745/giantx-vs-gentle-mates-vct-2026-emea-kickoff-ur2
GX,Pearl,def,M8,0,1,8,boom,2026-01-22 14:30:00,0,VCT 2026: EMEA Kickoff,https://www.vlr.gg/594745/giantx-vs-gentle-mates-vct-2026-emea-kickoff-ur2
GX,Pearl,def,M8,1,0,9,defus,2026-01-22 14:30:00,0,VCT 2026: EMEA Kickoff,https://www.vlr.gg/594745/giantx-vs-gentle-mates-vct-2026-emea-kickoff-ur2
GX,Pearl,def,M8,0,1,10,boom,2026-01-22 14:30:00,0,VCT 2026: EMEA Kickoff,https://www.vlr.gg/594745/giantx-vs-gentle-mates-vct-2026-emea-kickoff-ur2
GX,Pearl,def,M8,0,1,11,elim,2026-01-22 14:30:00,0,VCT 2026: EMEA Kickoff,https://www.vlr.gg/594745/giantx-vs-gentle-mates-vct-2026-emea-kickoff-ur2
GX,Pearl,def,M8,0,1,12,elim,2026-01-22 14:30:00,0,VCT 2026: EMEA Kickoff,https://www.vlr.gg/594745/giantx-vs-gentle-mates-vct-2026-emea-kickoff-ur2
GX,Bind,atk,M8,1,0,1,elim,2026-01-22 14:30:00,1,VCT 2026: EMEA Kickoff,https://www.vlr.gg/594745/giantx-vs-gentle-mates-vct-2026-emea-kickoff-ur2
GX,Bind,atk,M8,1,0,2,elim,2026-01-22 14:30:00,1,VCT 2026: EMEA Kickoff,https://www.vlr.gg/594745/giantx-vs-gentle-mates-vct-2026-emea-kickoff-ur2
GX,Bind,atk,M8,1,0,3,boom,2026-01-22 14:30:00,1,VCT 2026: EMEA Kickoff,https://www.vlr.gg/594745/giantx-vs-gentle-mates-vct-2026-emea-kickoff-ur2
GX,Bind,atk,M8,1,0,4,elim,2026-01-22 14:30:00,1,VCT 2026: EMEA Kickoff,https://www.vlr.gg/594745/giantx-vs-gentle-mates-vct-2026-emea-kickoff-ur2
GX,Bind,atk,M8,0,1,5,defus,2026-01-22 14:30:00,1,VCT 2026: EMEA Kickoff,https://www.vlr.gg/594745/giantx-vs-gentle-mates-vct-2026-emea-kickoff-ur2
GX,Bind,atk,M8,1,0,6,elim,2026-01-22 14:30:00,1,VCT 2026: EMEA Kickoff,https://www.vlr.gg/594745/giantx-vs-gentle-mates-vct-2026-emea-kickoff-ur2
GX,Bind,atk,M8,1,0,7,elim,2026-01-22 14:30:00,1,VCT 2026: EMEA Kickoff,https://www.vlr.gg/594745/giantx-vs-gentle-mates-vct-2026-emea-kickoff-ur2
GX,Bind,atk,M8,0,1,8,defus,2026-01-22 14:30:00,1,VCT 2026: EMEA Kickoff,https://www.vlr.gg/594745/giantx-vs-gentle-mates-vct-2026-emea-kickoff-ur2
GX,Bind,atk,M8,1,0,9,boom,2026-01-22 14:30:00,1,VCT 2026: EMEA Kickoff,https://www.vlr.gg/594745/giantx-vs-gentle-mates-vct-2026-emea-kickoff-ur2
GX,Bind,atk,M8,1,0,10,elim,2026-01-22 14:30:00,1,VCT 2026: EMEA Kickoff,https://www.vlr.gg/594745/giantx-vs-gentle-mates-vct-2026-emea-kickoff-ur2
GX,Bind,atk,M8,1,0,11,elim,2026-01-22 14:30:00,1,VCT 2026: EMEA Kickoff,https://www.vlr.gg/594745/giantx-vs-gentle-mates-vct-2026-emea-kickoff-ur2
GX,Bind,atk,M8,1,0,12,boom,2026-01-22 14:30:00,1,VCT 2026: EMEA Kickoff,https://www.vlr.gg/594745/giantx-vs-gentle-mates-vct-2026-emea-kickoff-ur2
GX,Bind,def,M8,0,1,13,elim,2026-01-22 14:30:00,1,VCT 2026: EMEA Kickoff,https://www.vlr.gg/594745/giantx-vs-gentle-mates-vct-2026-emea-kickoff-ur2
GX,Bind,def,M8,0,1,14,elim,2026-01-22 14:30:00,1,VCT 2026: EMEA Kickoff,https://www.vlr.gg/594745/giantx-vs-gentle-mates-vct-2026-emea-kickoff-ur2
GX,Bind,def,M8,0,1,15,elim,2026-01-22 14:30:00,1,VCT 2026: EMEA Kickoff,https://www.vlr.gg/594745/giantx-vs-gentle-mates-vct-2026-emea-kickoff-ur2
GX,Bind,def,M8,0,1,16,elim,2026-01-22 14:30:00,1,VCT 2026: EMEA Kickoff,https://www.vlr.gg/594745/giantx-vs-gentle-mates-vct-2026-emea-kickoff-ur2
GX,Bind,def,M8,0,1,17,elim,2026-01-22 14:30:00,1,VCT 2026: EMEA Kickoff,https://www.vlr.gg/594745/giantx-vs-gentle-mates-vct-2026-emea-kickoff-ur2
GX,Bind,def,M8,0,1,18,elim,2026-01-22 14:30:00,1,VCT 2026: EMEA Kickoff,https://www.vlr.gg/594745/giantx-vs-gentle-mates-vct-2026-emea-kickoff-ur2
GX,Bind,def,M8,0,1,19,boom,2026-01-22 14:30:00,1,VCT 2026: EMEA Kickoff,https://www.vlr.gg/594745/giantx-vs-gentle-mates-vct-2026-emea-kickoff-ur2
GX,Bind,def,M8,0,1,20,elim,2026-01-22 14:30:00,1,VCT 2026: EMEA Kickoff,https://www.vlr.gg/594745/giantx-vs-gentle-mates-vct-2026-emea-kickoff-ur2
GX,Bind,def,M8,0,1,21,boom,2026-01-22 14:30:00,1,VCT 2026: EMEA Kickoff,https://www.vlr.gg/594745/giantx-vs-gentle-mates-vct-2026-emea-kickoff-ur2
GX,Bind,def,M8,0,1,22,elim,2026-01-22 14:30:00,1,VCT 2026: EMEA Kickoff,https://www.vlr.gg/594745/giantx-vs-gentle-mates-vct-2026-emea-kickoff-ur2
GX,Bind,def,M8,0,1,23,elim,2026-01-22 14:30:00,1,VCT 2026: EMEA Kickoff,https://www.vlr.gg/594745/giantx-vs-gentle-mates-vct-2026-emea-kickoff-ur2
FNC,Breeze,atk,BBL,0,1,13,elim,2026-01-23 11:00:00,0,VCT 2026: EMEA Kickoff,https://www.vlr.gg/594746/fnatic-vs-bbl-esports-vct-2026-emea-kickoff-ur2
FNC,Breeze,atk,BBL,0,1,14,elim,2026-01-23 11:00:00,0,VCT 2026: EMEA Kickoff,https://www.vlr.gg/594746/fnatic-vs-bbl-esports-vct-2026-emea-kickoff-ur2
FNC,Breeze,atk,BBL,0,1,15,tim,2026-01-23 11:00:00,0,VCT 2026: EMEA Kickoff,https://www.vlr.gg/594746/fnatic-vs-bbl-esports-vct-2026-emea-kickoff-ur2
FNC,Breeze,atk,BBL,0,1,16,defus,2026-01-23 11:00:00,0,VCT 2026: EMEA Kickoff,https://www.vlr.gg/594746/fnatic-vs-bbl-esports-vct-2026-emea-kickoff-ur2
FNC,Breeze,atk,BBL,0,1,17,elim,2026-01-23 11:00:00,0,VCT 2026: EMEA Kickoff,https://www.vlr.gg/594746/fnatic-vs-bbl-esports-vct-2026-emea-kickoff-ur2
FNC,Breeze,atk,BBL,0,1,18,elim,2026-01-23 11:00:00,0,VCT 2026: EMEA Kickoff,https://www.vlr.gg/594746/fnatic-vs-bbl-esports-vct-2026-emea-kickoff-ur2
FNC,Breeze,atk,BBL,0,1,19,defus,2026-01-23 11:00:00,0,VCT 2026: EMEA Kickoff,https://www.vlr.gg/594746/fnatic-vs-bbl-esports-vct-2026-emea-kickoff-ur2
FNC,Breeze,atk,BBL,0,1,20,defus,2026-01-23 11:00:00,0,VCT 2026: EMEA Kickoff,https://www.vlr.gg/594746/fnatic-vs-bbl-esports-vct-2026-emea-kickoff-ur2
FNC,Breeze,atk,BBL,0,1,21,elim,2026-01-23 11:00:00,0,VCT 2026: EMEA Kickoff,https://www.vlr.gg/594746/fnatic-vs-bbl-esports-vct-2026-emea-kickoff-ur2
FNC,Breeze,atk,BBL,1,0,22,elim,2026-01-23 11:00:00,0,VCT 2026: EMEA Kickoff,https://www.vlr.gg/594746/fnatic-vs-bbl-esports-vct-2026-emea-kickoff-ur2
FNC,Breeze,atk,BBL,1,0,23,boom,2026-01-23 11:00:00,0,VCT 2026: EMEA Kickoff,https://www.vlr.gg/594746/fnatic-vs-bbl-esports-vct-2026-emea-kickoff-ur2
FNC,Breeze,atk,BBL,0,1,24,elim,2026-01-23 11:00:00,0,VCT 2026: EMEA Kickoff,https://www.vlr.gg/594746/fnatic-vs-bbl-esports-vct-2026-emea-kickoff-ur2
FNC,Breeze,def,BBL,1,0,1,defus,2026-01-23 11:00:00,0,VCT 2026: EMEA Kickoff,https://www.vlr.gg/594746/fnatic-vs-bbl-esports-vct-2026-emea-kickoff-ur2
FNC,Breeze,def,BBL,1,0,2,defus,2026-01-23 11:00:00,0,VCT 2026: EMEA Kickoff,https://www.vlr.gg/594746/fnatic-vs-bbl-esports-vct-2026-emea-kickoff-ur2
FNC,Breeze,def,BBL,1,0,3,elim,2026-01-23 11:00:00,0,VCT 2026: EMEA Kickoff,https://www.vlr.gg/594746/fnatic-vs-bbl-esports-vct-2026-emea-kickoff-ur2
FNC,Breeze,def,BBL,1,0,4,defus,2026-01-23 11:00:00,0,VCT 2026: EMEA Kickoff,https://www.vlr.gg/594746/fnatic-vs-bbl-esports-vct-2026-emea-kickoff-ur2
FNC,Breeze,def,BBL,1,0,5,defus,2026-01-23 11:00:00,0,VCT 2026: EMEA Kickoff,https://www.vlr.gg/594746/fnatic-vs-bbl-esports-vct-2026-emea-kickoff-ur2
FNC,Breeze,def,BBL,1,0,6,elim,2026-01-23 11:00:00,0,VCT 2026: EMEA Kickoff,https://www.vlr.gg/594746/fnatic-vs-bbl-esports-vct-2026-emea-kickoff-ur2
FNC,Breeze,def,BBL,1,0,7,elim,2026-01-23 11:00:00,0,VCT 2026: EMEA Kickoff,https://www.vlr.gg/594746/fnatic-vs-bbl-esports-vct-2026-emea-kickoff-ur2
FNC,Breeze,def,BBL,0,1,8,elim,2026-01-23 11:00:00,0,VCT 2026: EMEA Kickoff,https://www.vlr.gg/594746/fnatic-vs-bbl-esports-vct-2026-emea-kickoff-ur2
FNC,Breeze,def,BBL,1,0,9,defus,2026-01-23 11:00:00,0,VCT 2026: EMEA Kickoff,https://www.vlr.gg/594746/fnatic-vs-bbl-esports-vct-2026-emea-kickoff-ur2
FNC,Breeze,def,BBL,0,1,10,boom,2026-01-23 11:00:00,0,VCT 2026: EMEA Kickoff,https://www.vlr.gg/594746/fnatic-vs-bbl-esports-vct-2026-emea-kickoff-ur2
FNC,Breeze,def,BBL,0,1,11,boom,2026-01-23 11:00:00,0,VCT 2026: EMEA Kickoff,https://www.vlr.gg/594746/fnatic-vs-bbl-esports-vct-2026-emea-kickoff-ur2
FNC,Breeze,def,BBL,1,0,12,elim,2026-01-23 11:00:00,0,VCT 2026: EMEA Kickoff,https://www.vlr.gg/594746/fnatic-vs-bbl-esports-vct-2026-emea-kickoff-ur2
FNC,Haven,atk,BBL,0,1,1,defus,2026-01-23 11:00:00,1,VCT 2026: EMEA Kickoff,https://www.vlr.gg/594746/fnatic-vs-bbl-esports-vct-2026-emea-kickoff-ur2
FNC,Haven,atk,BBL,0,1,2,elim,2026-01-23 11:00:00,1,VCT 2026: EMEA Kickoff,https://www.vlr.gg/594746/fnatic-vs-bbl-esports-vct-2026-emea-kickoff-ur2
FNC,Haven,atk,BBL,1,0,3,elim,2026-01-23 11:00:00,1,VCT 2026: EMEA Kickoff,https://www.vlr.gg/594746/fnatic-vs-bbl-esports-vct-2026-emea-kickoff-ur2
FNC,Haven,atk,BBL,1,0,4,elim,2026-01-23 11:00:00,1,VCT 2026: EMEA Kickoff,https://www.vlr.gg/594746/fnatic-vs-bbl-esports-vct-2026-emea-kickoff-ur2
FNC,Haven,atk,BBL,1,0,5,boom,2026-01-23 11:00:00,1,VCT 2026: EMEA Kickoff,https://www.vlr.gg/594746/fnatic-vs-bbl-esports-vct-2026-emea-kickoff-ur2
FNC,Haven,atk,BBL,0,1,6,defus,2026-01-23 11:00:00,1,VCT 2026: EMEA Kickoff,https://www.vlr.gg/594746/fnatic-vs-bbl-esports-vct-2026-emea-kickoff-ur2
FNC,Haven,atk,BBL,0,1,7,elim,2026-01-23 11:00:00,1,VCT 2026: EMEA Kickoff,https://www.vlr.gg/594746/fnatic-vs-bbl-esports-vct-2026-emea-kickoff-ur2
FNC,Haven,atk,BBL,0,1,8,elim,2026-01-23 11:00:00,1,VCT 2026: EMEA Kickoff,https://www.vlr.gg/594746/fnatic-vs-bbl-esports-vct-2026-emea-kickoff-ur2
FNC,Haven,atk,BBL,1,0,9,boom,2026-01-23 11:00:00,1,VCT 2026: EMEA Kickoff,https://www.vlr.gg/594746/fnatic-vs-bbl-esports-vct-2026-emea-kickoff-ur2
FNC,Haven,atk,BBL,0,1,10,defus,2026-01-23 11:00:00,1,VCT 2026: EMEA Kickoff,https://www.vlr.gg/594746/fnatic-vs-bbl-esports-vct-2026-emea-kickoff-ur2
FNC,Haven,atk,BBL,0,1,11,defus,2026-01-23 11:00:00,1,VCT 2026: EMEA Kickoff,https://www.vlr.gg/594746/fnatic-vs-bbl-esports-vct-2026-emea-kickoff-ur2
FNC,Haven,atk,BBL,0,1,12,tim,2026-01-23 11:00:00,1,VCT 2026: EMEA Kickoff,https://www.vlr.gg/594746/fnatic-vs-bbl-esports-vct-2026-emea-kickoff-ur2
FNC,Haven,def,BBL,0,1,13,elim,2026-01-23 11:00:00,1,VCT 2026: EMEA Kickoff,https://www.vlr.gg/594746/fnatic-vs-bbl-esports-vct-2026-emea-kickoff-ur2
FNC,Haven,def,BBL,0,1,14,boom,2026-01-23 11:00:00,1,VCT 2026: EMEA Kickoff,https://www.vlr.gg/594746/fnatic-vs-bbl-esports-vct-2026-emea-kickoff-ur2
FNC,Haven,def,BBL,0,1,15,boom,2026-01-23 11:00:00,1,VCT 2026: EMEA Kickoff,https://www.vlr.gg/594746/fnatic-vs-bbl-esports-vct-2026-emea-kickoff-ur2
FNC,Haven,def,BBL,0,1,16,elim,2026-01-23 11:00:00,1,VCT 2026: EMEA Kickoff,https://www.vlr.gg/594746/fnatic-vs-bbl-esports-vct-2026-emea-kickoff-ur2
FNC,Haven,def,BBL,0,1,17,elim,2026-01-23 11:00:00,1,VCT 2026: EMEA Kickoff,https://www.vlr.gg/594746/fnatic-vs-bbl-esports-vct-2026-emea-kickoff-ur2
TL,Breeze,atk,VIT,1,0,1,elim,2026-01-23 13:25:00,0,VCT 2026: EMEA Kickoff,https://www.vlr.gg/594747/team-liquid-vs-team-vitality-vct-2026-emea-kickoff-ur2
TL,Breeze,atk,VIT,1,0,2,boom,2026-01-23 13:25:00,0,VCT 2026: EMEA Kickoff,https://www.vlr.gg/594747/team-liquid-vs-team-vitality-vct-2026-emea-kickoff-ur2
TL,Breeze,atk,VIT,0,1,3,elim,2026-01-23 13:25:00,0,VCT 2026: EMEA Kickoff,https://www.vlr.gg/594747/team-liquid-vs-team-vitality-vct-2026-emea-kickoff-ur2
TL,Breeze,atk,VIT,0,1,4,tim,2026-01-23 13:25:00,0,VCT 2026: EMEA Kickoff,https://www.vlr.gg/594747/team-liquid-vs-team-vitality-vct-2026-emea-kickoff-ur2
TL,Breeze,atk,VIT,0,1,5,elim,2026-01-23 13:25:00,0,VCT 2026: EMEA Kickoff,https://www.vlr.gg/594747/team-liquid-vs-team-vitality-vct-2026-emea-kickoff-ur2
TL,Breeze,atk,VIT,0,1,6,defus,2026-01-23 13:25:00,0,VCT 2026: EMEA Kickoff,https://www.vlr.gg/594747/team-liquid-vs-team-vitality-vct-2026-emea-kickoff-ur2
TL,Breeze,atk,VIT,0,1,7,elim,2026-01-23 13:25:00,0,VCT 2026: EMEA Kickoff,https://www.vlr.gg/594747/team-liquid-vs-team-vitality-vct-2026-emea-kickoff-ur2
TL,Breeze,atk,VIT,1,0,8,elim,2026-01-23 13:25:00,0,VCT 2026: EMEA Kickoff,https://www.vlr.gg/594747/team-liquid-vs-team-vitality-vct-2026-emea-kickoff-ur2
TL,Breeze,atk,VIT,1,0,9,elim,2026-01-23 13:25:00,0,VCT 2026: EMEA Kickoff,https://www.vlr.gg/594747/team-liquid-vs-team-vitality-vct-2026-emea-kickoff-ur2
TL,Breeze,atk,VIT,0,1,10,elim,2026-01-23 13:25:00,0,VCT 2026: EMEA Kickoff,https://www.vlr.gg/594747/team-liquid-vs-team-vitality-vct-2026-emea-kickoff-ur2
TL,Breeze,atk,VIT,1,0,11,boom,2026-01-23 13:25:00,0,VCT 2026: EMEA Kickoff,https://www.vlr.gg/594747/team-liquid-vs-team-vitality-vct-2026-emea-kickoff-ur2
TL,Breeze,atk,VIT,1,0,12,elim,2026-01-23 13:25:00,0,VCT 2026: EMEA Kickoff,https://www.vlr.gg/594747/team-liquid-vs-team-vitality-vct-2026-emea-kickoff-ur2
TL,Breeze,def,VIT,1,0,13,elim,2026-01-23 13:25:00,0,VCT 2026: EMEA Kickoff,https://www.vlr.gg/594747/team-liquid-vs-team-vitality-vct-2026-emea-kickoff-ur2
TL,Breeze,def,VIT,0,1,14,elim,2026-01-23 13:25:00,0,VCT 2026: EMEA Kickoff,https://www.vlr.gg/594747/team-liquid-vs-team-vitality-vct-2026-emea-kickoff-ur2
TL,Breeze,def,VIT,0,1,15,elim,2026-01-23 13:25:00,0,VCT 2026: EMEA Kickoff,https://www.vlr.gg/594747/team-liquid-vs-team-vitality-vct-2026-emea-kickoff-ur2
TL,Breeze,def,VIT,0,1,16,boom,2026-01-23 13:25:00,0,VCT 2026: EMEA Kickoff,https://www.vlr.gg/594747/team-liquid-vs-team-vitality-vct-2026-emea-kickoff-ur2
TL,Breeze,def,VIT,0,1,17,boom,2026-01-23 13:25:00,0,VCT 2026: EMEA Kickoff,https://www.vlr.gg/594747/team-liquid-vs-team-vitality-vct-2026-emea-kickoff-ur2
TL,Breeze,def,VIT,1,0,18,defus,2026-01-23 13:25:00,0,VCT 2026: EMEA Kickoff,https://www.vlr.gg/594747/team-liquid-vs-team-vitality-vct-2026-emea-kickoff-ur2
TL,Breeze,def,VIT,0,1,19,elim,2026-01-23 13:25:00,0,VCT 2026: EMEA Kickoff,https://www.vlr.gg/594747/team-liquid-vs-team-vitality-vct-2026-emea-kickoff-ur2
TL,Breeze,def,VIT,1,0,20,tim,2026-01-23 13:25:00,0,VCT 2026: EMEA Kickoff,https://www.vlr.gg/594747/team-liquid-vs-team-vitality-vct-2026-emea-kickoff-ur2
TL,Breeze,def,VIT,0,1,21,boom,2026-01-23 13:25:00,0,VCT 2026: EMEA Kickoff,https://www.vlr.gg/594747/team-liquid-vs-team-vitality-vct-2026-emea-kickoff-ur2
TL,Breeze,def,VIT,1,0,22,defus,2026-01-23 13:25:00,0,VCT 2026: EMEA Kickoff,https://www.vlr.gg/594747/team-liquid-vs-team-vitality-vct-2026-emea-kickoff-ur2
TL,Breeze,def,VIT,1,0,23,elim,2026-01-23 13:25:00,0,VCT 2026: EMEA Kickoff,https://www.vlr.gg/594747/team-liquid-vs-team-vitality-vct-2026-emea-kickoff-ur2
TL,Breeze,def,VIT,0,1,24,elim,2026-01-23 13:25:00,0,VCT 2026: EMEA Kickoff,https://www.vlr.gg/594747/team-liquid-vs-team-vitality-vct-2026-emea-kickoff-ur2
TL,Pearl,atk,VIT,1,0,1,elim,2026-01-23 13:25:00,1,VCT 2026: EMEA Kickoff,https://www.vlr.gg/594747/team-liquid-vs-team-vitality-vct-2026-emea-kickoff-ur2
TL,Pearl,atk,VIT,1,0,2,elim,2026-01-23 13:25:00,1,VCT 2026: EMEA Kickoff,https://www.vlr.gg/594747/team-liquid-vs-team-vitality-vct-2026-emea-kickoff-ur2
TL,Pearl,atk,VIT,1,0,3,boom,2026-01-23 13:25:00,1,VCT 2026: EMEA Kickoff,https://www.vlr.gg/594747/team-liquid-vs-team-vitality-vct-2026-emea-kickoff-ur2
TL,Pearl,atk,VIT,1,0,4,elim,2026-01-23 13:25:00,1,VCT 2026: EMEA Kickoff,https://www.vlr.gg/594747/team-liquid-vs-team-vitality-vct-2026-emea-kickoff-ur2
TL,Pearl,atk,VIT,0,1,5,defus,2026-01-23 13:25:00,1,VCT 2026: EMEA Kickoff,https://www.vlr.gg/594747/team-liquid-vs-team-vitality-vct-2026-emea-kickoff-ur2
TL,Pearl,atk,VIT,0,1,6,defus,2026-01-23 13:25:00,1,VCT 2026: EMEA Kickoff,https://www.vlr.gg/594747/team-liquid-vs-team-vitality-vct-2026-emea-kickoff-ur2
TL,Pearl,atk,VIT,0,1,7,elim,2026-01-23 13:25:00,1,VCT 2026: EMEA Kickoff,https://www.vlr.gg/594747/team-liquid-vs-team-vitality-vct-2026-emea-kickoff-ur2
TL,Pearl,atk,VIT,0,1,8,elim,2026-01-23 13:25:00,1,VCT 2026: EMEA Kickoff,https://www.vlr.gg/594747/team-liquid-vs-team-vitality-vct-2026-emea-kickoff-ur2
TL,Pearl,atk,VIT,1,0,9,elim,2026-01-23 13:25:00,1,VCT 2026: EMEA Kickoff,https://www.vlr.gg/594747/team-liquid-vs-team-vitality-vct-2026-emea-kickoff-ur2
TL,Pearl,atk,VIT,1,0,10,elim,2026-01-23 13:25:00,1,VCT 2026: EMEA Kickoff,https://www.vlr.gg/594747/team-liquid-vs-team-vitality-vct-2026-emea-kickoff-ur2
TL,Pearl,atk,VIT,1,0,11,elim,2026-01-23 13:25:00,1,VCT 2026: EMEA Kickoff,https://www.vlr.gg/594747/team-liquid-vs-team-vitality-vct-2026-emea-kickoff-ur2
TL,Pearl,atk,VIT,1,0,12,elim,2026-01-23 13:25:00,1,VCT 2026: EMEA Kickoff,https://www.vlr.gg/594747/team-liquid-vs-team-vitality-vct-2026-emea-kickoff-ur2
TL,Pearl,atk,VIT,1,0,25,elim,2026-01-23 13:25:00,1,VCT 2026: EMEA Kickoff,https://www.vlr.gg/594747/team-liquid-vs-team-vitality-vct-2026-emea-kickoff-ur2
TL,Pearl,def,VIT,0,1,13,elim,2026-01-23 13:25:00,1,VCT 2026: EMEA Kickoff,https://www.vlr.gg/594747/team-liquid-vs-team-vitality-vct-2026-emea-kickoff-ur2
TL,Pearl,def,VIT,0,1,14,boom,2026-01-23 13:25:00,1,VCT 2026: EMEA Kickoff,https://www.vlr.gg/594747/team-liquid-vs-team-vitality-vct-2026-emea-kickoff-ur2
TL,Pearl,def,VIT,0,1,15,elim,2026-01-23 13:25:00,1,VCT 2026: EMEA Kickoff,https://www.vlr.gg/594747/team-liquid-vs-team-vitality-vct-2026-emea-kickoff-ur2
TL,Pearl,def,VIT,0,1,16,boom,2026-01-23 13:25:00,1,VCT 2026: EMEA Kickoff,https://www.vlr.gg/594747/team-liquid-vs-team-vitality-vct-2026-emea-kickoff-ur2
TL,Pearl,def,VIT,1,0,17,defus,2026-01-23 13:25:00,1,VCT 2026: EMEA Kickoff,https://www.vlr.gg/594747/team-liquid-vs-team-vitality-vct-2026-emea-kickoff-ur2
TL,Pearl,def,VIT,0,1,18,elim,2026-01-23 13:25:00,1,VCT 2026: EMEA Kickoff,https://www.vlr.gg/594747/team-liquid-vs-team-vitality-vct-2026-emea-kickoff-ur2
TL,Pearl,def,VIT,0,1,19,elim,2026-01-23 13:25:00,1,VCT 2026: EMEA Kickoff,https://www.vlr.gg/594747/team-liquid-vs-team-vitality-vct-2026-emea-kickoff-ur2
TL,Pearl,def,VIT,1,0,20,tim,2026-01-23 13:25:00,1,VCT 2026: EMEA Kickoff,https://www.vlr.gg/594747/team-liquid-vs-team-vitality-vct-2026-emea-kickoff-ur2
TL,Pearl,def,VIT,1,0,21,elim,2026-01-23 13:25:00,1,VCT 2026: EMEA Kickoff,https://www.vlr.gg/594747/team-liquid-vs-team-vitality-vct-2026-emea-kickoff-ur2
TL,Pearl,def,VIT,0,1,22,elim,2026-01-23 13:25:00,1,VCT 2026: EMEA Kickoff,https://www.vlr.gg/594747/team-liquid-vs-team-vitality-vct-2026-emea-kickoff-ur2
TL,Pearl,def,VIT,1,0,23,defus,2026-01-23 13:25:00,1,VCT 2026: EMEA Kickoff,https://www.vlr.gg/594747/team-liquid-vs-team-vitality-vct-2026-emea-kickoff-ur2
TL,Pearl,def,VIT,0,1,24,elim,2026-01-23 13:25:00,1,VCT 2026: EMEA Kickoff,https://www.vlr.gg/594747/team-liquid-vs-team-vitality-vct-2026-emea-kickoff-ur2
TL,Pearl,def,VIT,1,0,26,elim,2026-01-23 13:25:00,1,VCT 2026: EMEA Kickoff,https://www.vlr.gg/594747/team-liquid-vs-team-vitality-vct-2026-emea-kickoff-ur2
TL,Corrode,atk,VIT,1,0,1,elim,2026-01-23 13:25:00,2,VCT 2026: EMEA Kickoff,https://www.vlr.gg/594747/team-liquid-vs-team-vitality-vct-2026-emea-kickoff-ur2
TL,Corrode,atk,VIT,0,1,2,elim,2026-01-23 13:25:00,2,VCT 2026: EMEA Kickoff,https://www.vlr.gg/594747/team-liquid-vs-team-vitality-vct-2026-emea-kickoff-ur2
TL,Corrode,atk,VIT,0,1,3,defus,2026-01-23 13:25:00,2,VCT 2026: EMEA Kickoff,https://www.vlr.gg/594747/team-liquid-vs-team-vitality-vct-2026-emea-kickoff-ur2
TL,Corrode,atk,VIT,0,1,4,defus,2026-01-23 13:25:00,2,VCT 2026: EMEA Kickoff,https://www.vlr.gg/594747/team-liquid-vs-team-vitality-vct-2026-emea-kickoff-ur2
TL,Corrode,atk,VIT,1,0,5,boom,2026-01-23 13:25:00,2,VCT 2026: EMEA Kickoff,https://www.vlr.gg/594747/team-liquid-vs-team-vitality-vct-2026-emea-kickoff-ur2
TL,Corrode,atk,VIT,1,0,6,elim,2026-01-23 13:25:00,2,VCT 2026: EMEA Kickoff,https://www.vlr.gg/594747/team-liquid-vs-team-vitality-vct-2026-emea-kickoff-ur2
TL,Corrode,atk,VIT,0,1,7,elim,2026-01-23 13:25:00,2,VCT 2026: EMEA Kickoff,https://www.vlr.gg/594747/team-liquid-vs-team-vitality-vct-2026-emea-kickoff-ur2
TL,Corrode,atk,VIT,0,1,8,elim,2026-01-23 13:25:00,2,VCT 2026: EMEA Kickoff,https://www.vlr.gg/594747/team-liquid-vs-team-vitality-vct-2026-emea-kickoff-ur2
TL,Corrode,atk,VIT,0,1,9,elim,2026-01-23 13:25:00,2,VCT 2026: EMEA Kickoff,https://www.vlr.gg/594747/team-liquid-vs-team-vitality-vct-2026-emea-kickoff-ur2
TL,Corrode,atk,VIT,0,1,10,tim,2026-01-23 13:25:00,2,VCT 2026: EMEA Kickoff,https://www.vlr.gg/594747/team-liquid-vs-team-vitality-vct-2026-emea-kickoff-ur2
TL,Corrode,atk,VIT,0,1,11,defus,2026-01-23 13:25:00,2,VCT 2026: EMEA Kickoff,https://www.vlr.gg/594747/team-liquid-vs-team-vitality-vct-2026-emea-kickoff-ur2
TL,Corrode,atk,VIT,1,0,12,elim,2026-01-23 13:25:00,2,VCT 2026: EMEA Kickoff,https://www.vlr.gg/594747/team-liquid-vs-team-vitality-vct-2026-emea-kickoff-ur2
TL,Corrode,def,VIT,0,1,13,elim,2026-01-23 13:25:00,2,VCT 2026: EMEA Kickoff,https://www.vlr.gg/594747/team-liquid-vs-team-vitality-vct-2026-emea-kickoff-ur2
TL,Corrode,def,VIT,1,0,14,elim,2026-01-23 13:25:00,2,VCT 2026: EMEA Kickoff,https://www.vlr.gg/594747/team-liquid-vs-team-vitality-vct-2026-emea-kickoff-ur2
TL,Corrode,def,VIT,1,0,15,elim,2026-01-23 13:25:00,2,VCT 2026: EMEA Kickoff,https://www.vlr.gg/594747/team-liquid-vs-team-vitality-vct-2026-emea-kickoff-ur2
TL,Corrode,def,VIT,0,1,16,elim,2026-01-23 13:25:00,2,VCT 2026: EMEA Kickoff,https://www.vlr.gg/594747/team-liquid-vs-team-vitality-vct-2026-emea-kickoff-ur2
TL,Corrode,def,VIT,1,0,17,defus,2026-01-23 13:25:00,2,VCT 2026: EMEA Kickoff,https://www.vlr.gg/594747/team-liquid-vs-team-vitality-vct-2026-emea-kickoff-ur2
TL,Corrode,def,VIT,0,1,18,elim,2026-01-23 13:25:00,2,VCT 2026: EMEA Kickoff,https://www.vlr.gg/594747/team-liquid-vs-team-vitality-vct-2026-emea-kickoff-ur2
TL,Corrode,def,VIT,0,1,19,boom,2026-01-23 13:25:00,2,VCT 2026: EMEA Kickoff,https://www.vlr.gg/594747/team-liquid-vs-team-vitality-vct-2026-emea-kickoff-ur2
TL,Corrode,def,VIT,1,0,20,tim,2026-01-23 13:25:00,2,VCT 2026: EMEA Kickoff,https://www.vlr.gg/594747/team-liquid-vs-team-vitality-vct-2026-emea-kickoff-ur2
TL,Corrode,def,VIT,1,0,21,tim,2026-01-23 13:25:00,2,VCT 2026: EMEA Kickoff,https://www.vlr.gg/594747/team-liquid-vs-team-vitality-vct-2026-emea-kickoff-ur2
TL,Corrode,def,VIT,0,1,22,elim,2026-01-23 13:25:00,2,VCT 2026: EMEA Kickoff,https://www.vlr.gg/594747/team-liquid-vs-team-vitality-vct-2026-emea-kickoff-ur2
KC,Abyss,atk,TL,0,1,13,defus,2026-01-27 11:00:00,0,VCT 2026: EMEA Kickoff,https://www.vlr.gg/594751/karmine-corp-vs-team-liquid-vct-2026-emea-kickoff-mr1
KC,Abyss,atk,TL,1,0,14,elim,2026-01-27 11:00:00,0,VCT 2026: EMEA Kickoff,https://www.vlr.gg/594751/karmine-corp-vs-team-liquid-vct-2026-emea-kickoff-mr1
KC,Abyss,atk,TL,1,0,15,elim,2026-01-27 11:00:00,0,VCT 2026: EMEA Kickoff,https://www.vlr.gg/594751/karmine-corp-vs-team-liquid-vct-2026-emea-kickoff-mr1
KC,Abyss,def,TL,1,0,1,defus,2026-01-27 11:00:00,0,VCT 2026: EMEA Kickoff,https://www.vlr.gg/594751/karmine-corp-vs-team-liquid-vct-2026-emea-kickoff-mr1
KC,Abyss,def,TL,1,0,2,defus,2026-01-27 11:00:00,0,VCT 2026: EMEA Kickoff,https://www.vlr.gg/594751/karmine-corp-vs-team-liquid-vct-2026-emea-kickoff-mr1
KC,Abyss,def,TL,1,0,3,elim,2026-01-27 11:00:00,0,VCT 2026: EMEA Kickoff,https://www.vlr.gg/594751/karmine-corp-vs-team-liquid-vct-2026-emea-kickoff-mr1
KC,Abyss,def,TL,0,1,4,elim,2026-01-27 11:00:00,0,VCT 2026: EMEA Kickoff,https://www.vlr.gg/594751/karmine-corp-vs-team-liquid-vct-2026-emea-kickoff-mr1
KC,Abyss,def,TL,1,0,5,defus,2026-01-27 11:00:00,0,VCT 2026: EMEA Kickoff,https://www.vlr.gg/594751/karmine-corp-vs-team-liquid-vct-2026-emea-kickoff-mr1
KC,Abyss,def,TL,1,0,6,tim,2026-01-27 11:00:00,0,VCT 2026: EMEA Kickoff,https://www.vlr.gg/594751/karmine-corp-vs-team-liquid-vct-2026-emea-kickoff-mr1
KC,Abyss,def,TL,1,0,7,elim,2026-01-27 11:00:00,0,VCT 2026: EMEA Kickoff,https://www.vlr.gg/594751/karmine-corp-vs-team-liquid-vct-2026-emea-kickoff-mr1
KC,Abyss,def,TL,1,0,8,defus,2026-01-27 11:00:00,0,VCT 2026: EMEA Kickoff,https://www.vlr.gg/594751/karmine-corp-vs-team-liquid-vct-2026-emea-kickoff-mr1
KC,Abyss,def,TL,1,0,9,defus,2026-01-27 11:00:00,0,VCT 2026: EMEA Kickoff,https://www.vlr.gg/594751/karmine-corp-vs-team-liquid-vct-2026-emea-kickoff-mr1
KC,Abyss,def,TL,1,0,10,elim,2026-01-27 11:00:00,0,VCT 2026: EMEA Kickoff,https://www.vlr.gg/594751/karmine-corp-vs-team-liquid-vct-2026-emea-kickoff-mr1
KC,Abyss,def,TL,1,0,11,elim,2026-01-27 11:00:00,0,VCT 2026: EMEA Kickoff,https://www.vlr.gg/594751/karmine-corp-vs-team-liquid-vct-2026-emea-kickoff-mr1
KC,Abyss,def,TL,1,0,12,elim,2026-01-27 11:00:00,0,VCT 2026: EMEA Kickoff,https://www.vlr.gg/594751/karmine-corp-vs-team-liquid-vct-2026-emea-kickoff-mr1
KC,Split,atk,TL,1,0,13,elim,2026-01-27 11:00:00,1,VCT 2026: EMEA Kickoff,https://www.vlr.gg/594751/karmine-corp-vs-team-liquid-vct-2026-emea-kickoff-mr1
KC,Split,atk,TL,1,0,14,elim,2026-01-27 11:00:00,1,VCT 2026: EMEA Kickoff,https://www.vlr.gg/594751/karmine-corp-vs-team-liquid-vct-2026-emea-kickoff-mr1
KC,Split,atk,TL,0,1,15,elim,2026-01-27 11:00:00,1,VCT 2026: EMEA Kickoff,https://www.vlr.gg/594751/karmine-corp-vs-team-liquid-vct-2026-emea-kickoff-mr1
KC,Split,atk,TL,0,1,16,tim,2026-01-27 11:00:00,1,VCT 2026: EMEA Kickoff,https://www.vlr.gg/594751/karmine-corp-vs-team-liquid-vct-2026-emea-kickoff-mr1
KC,Split,atk,TL,1,0,17,boom,2026-01-27 11:00:00,1,VCT 2026: EMEA Kickoff,https://www.vlr.gg/594751/karmine-corp-vs-team-liquid-vct-2026-emea-kickoff-mr1
KC,Split,atk,TL,0,1,18,defus,2026-01-27 11:00:00,1,VCT 2026: EMEA Kickoff,https://www.vlr.gg/594751/karmine-corp-vs-team-liquid-vct-2026-emea-kickoff-mr1
KC,Split,atk,TL,0,1,19,elim,2026-01-27 11:00:00,1,VCT 2026: EMEA Kickoff,https://www.vlr.gg/594751/karmine-corp-vs-team-liquid-vct-2026-emea-kickoff-mr1
KC,Split,atk,TL,0,1,20,elim,2026-01-27 11:00:00,1,VCT 2026: EMEA Kickoff,https://www.vlr.gg/594751/karmine-corp-vs-team-liquid-vct-2026-emea-kickoff-mr1
KC,Split,atk,TL,0,1,21,tim,2026-01-27 11:00:00,1,VCT 2026: EMEA Kickoff,https://www.vlr.gg/594751/karmine-corp-vs-team-liquid-vct-2026-emea-kickoff-mr1
KC,Split,def,TL,0,1,1,elim,2026-01-27 11:00:00,1,VCT 2026: EMEA Kickoff,https://www.vlr.gg/594751/karmine-corp-vs-team-liquid-vct-2026-emea-kickoff-mr1
KC,Split,def,TL,0,1,2,boom,2026-01-27 11:00:00,1,VCT 2026: EMEA Kickoff,https://www.vlr.gg/594751/karmine-corp-vs-team-liquid-vct-2026-emea-kickoff-mr1
KC,Split,def,TL,0,1,3,boom,2026-01-27 11:00:00,1,VCT 2026: EMEA Kickoff,https://www.vlr.gg/594751/karmine-corp-vs-team-liquid-vct-2026-emea-kickoff-mr1
KC,Split,def,TL,0,1,4,elim,2026-01-27 11:00:00,1,VCT 2026: EMEA Kickoff,https://www.vlr.gg/594751/karmine-corp-vs-team-liquid-vct-2026-emea-kickoff-mr1
KC,Split,def,TL,1,0,5,elim,2026-01-27 11:00:00,1,VCT 2026: EMEA Kickoff,https://www.vlr.gg/594751/karmine-corp-vs-team-liquid-vct-2026-emea-kickoff-mr1
KC,Split,def,TL,1,0,6,defus,2026-01-27 11:00:00,1,VCT 2026: EMEA Kickoff,https://www.vlr.gg/594751/karmine-corp-vs-team-liquid-vct-2026-emea-kickoff-mr1
KC,Split,def,TL,1,0,7,defus,2026-01-27 11:00:00,1,VCT 2026: EMEA Kickoff,https://www.vlr.gg/594751/karmine-corp-vs-team-liquid-vct-2026-emea-kickoff-mr1
KC,Split,def,TL,0,1,8,elim,2026-01-27 11:00:00,1,VCT 2026: EMEA Kickoff,https://www.vlr.gg/594751/karmine-corp-vs-team-liquid-vct-2026-emea-kickoff-mr1
KC,Split,def,TL,0,1,9,boom,2026-01-27 11:00:00,1,VCT 2026: EMEA Kickoff,https://www.vlr.gg/594751/karmine-corp-vs-team-liquid-vct-2026-emea-kickoff-mr1
KC,Split,def,TL,1,0,10,elim,2026-01-27 11:00:00,1,VCT 2026: EMEA Kickoff,https://www.vlr.gg/594751/karmine-corp-vs-team-liquid-vct-2026-emea-kickoff-mr1
KC,Split,def,TL,0,1,11,elim,2026-01-27 11:00:00,1,VCT 2026: EMEA Kickoff,https://www.vlr.gg/594751/karmine-corp-vs-team-liquid-vct-2026-emea-kickoff-mr1
KC,Split,def,TL,1,0,12,defus,2026-01-27 11:00:00,1,VCT 2026: EMEA Kickoff,https://www.vlr.gg/594751/karmine-corp-vs-team-liquid-vct-2026-emea-kickoff-mr1
KC,Breeze,atk,TL,1,0,1,elim,2026-01-27 11:00:00,2,VCT 2026: EMEA Kickoff,https://www.vlr.gg/594751/karmine-corp-vs-team-liquid-vct-2026-emea-kickoff-mr1
KC,Breeze,atk,TL,0,1,2,elim,2026-01-27 11:00:00,2,VCT 2026: EMEA Kickoff,https://www.vlr.gg/594751/karmine-corp-vs-team-liquid-vct-2026-emea-kickoff-mr1
KC,Breeze,atk,TL,1,0,3,elim,2026-01-27 11:00:00,2,VCT 2026: EMEA Kickoff,https://www.vlr.gg/594751/karmine-corp-vs-team-liquid-vct-2026-emea-kickoff-mr1
KC,Breeze,atk,TL,1,0,4,boom,2026-01-27 11:00:00,2,VCT 2026: EMEA Kickoff,https://www.vlr.gg/594751/karmine-corp-vs-team-liquid-vct-2026-emea-kickoff-mr1
KC,Breeze,atk,TL,1,0,5,elim,2026-01-27 11:00:00,2,VCT 2026: EMEA Kickoff,https://www.vlr.gg/594751/karmine-corp-vs-team-liquid-vct-2026-emea-kickoff-mr1
KC,Breeze,atk,TL,1,0,6,boom,2026-01-27 11:00:00,2,VCT 2026: EMEA Kickoff,https://www.vlr.gg/594751/karmine-corp-vs-team-liquid-vct-2026-emea-kickoff-mr1
KC,Breeze,atk,TL,1,0,7,boom,2026-01-27 11:00:00,2,VCT 2026: EMEA Kickoff,https://www.vlr.gg/594751/karmine-corp-vs-team-liquid-vct-2026-emea-kickoff-mr1
KC,Breeze,atk,TL,1,0,8,boom,2026-01-27 11:00:00,2,VCT 2026: EMEA Kickoff,https://www.vlr.gg/594751/karmine-corp-vs-team-liquid-vct-2026-emea-kickoff-mr1
KC,Breeze,atk,TL,0,1,9,elim,2026-01-27 11:00:00,2,VCT 2026: EMEA Kickoff,https://www.vlr.gg/594751/karmine-corp-vs-team-liquid-vct-2026-emea-kickoff-mr1
KC,Breeze,atk,TL,1,0,10,boom,2026-01-27 11:00:00,2,VCT 2026: EMEA Kickoff,https://www.vlr.gg/594751/karmine-corp-vs-team-liquid-vct-2026-emea-kickoff-mr1
KC,Breeze,atk,TL,0,1,11,defus,2026-01-27 11:00:00,2,VCT 2026: EMEA Kickoff,https://www.vlr.gg/594751/karmine-corp-vs-team-liquid-vct-2026-emea-kickoff-mr1
KC,Breeze,atk,TL,0,1,12,elim,2026-01-27 11:00:00,2,VCT 2026: EMEA Kickoff,https://www.vlr.gg/594751/karmine-corp-vs-team-liquid-vct-2026-emea-kickoff-mr1
KC,Breeze,def,TL,0,1,13,elim,2026-01-27 11:00:00,2,VCT 2026: EMEA Kickoff,https://www.vlr.gg/594751/karmine-corp-vs-team-liquid-vct-2026-emea-kickoff-mr1
KC,Breeze,def,TL,0,1,14,elim,2026-01-27 11:00:00,2,VCT 2026: EMEA Kickoff,https://www.vlr.gg/594751/karmine-corp-vs-team-liquid-vct-2026-emea-kickoff-mr1
KC,Breeze,def,TL,0,1,15,boom,2026-01-27 11:00:00,2,VCT 2026: EMEA Kickoff,https://www.vlr.gg/594751/karmine-corp-vs-team-liquid-vct-2026-emea-kickoff-mr1
KC,Breeze,def,TL,1,0,16,defus,2026-01-27 11:00:00,2,VCT 2026: EMEA Kickoff,https://www.vlr.gg/594751/karmine-corp-vs-team-liquid-vct-2026-emea-kickoff-mr1
KC,Breeze,def,TL,0,1,17,elim,2026-01-27 11:00:00,2,VCT 2026: EMEA Kickoff,https://www.vlr.gg/594751/karmine-corp-vs-team-liquid-vct-2026-emea-kickoff-mr1
KC,Breeze,def,TL,0,1,18,elim,2026-01-27 11:00:00,2,VCT 2026: EMEA Kickoff,https://www.vlr.gg/594751/karmine-corp-vs-team-liquid-vct-2026-emea-kickoff-mr1
KC,Breeze,def,TL,0,1,19,elim,2026-01-27 11:00:00,2,VCT 2026: EMEA Kickoff,https://www.vlr.gg/594751/karmine-corp-vs-team-liquid-vct-2026-emea-kickoff-mr1
KC,Breeze,def,TL,1,0,20,elim,2026-01-27 11:00:00,2,VCT 2026: EMEA Kickoff,https://www.vlr.gg/594751/karmine-corp-vs-team-liquid-vct-2026-emea-kickoff-mr1
KC,Breeze,def,TL,0,1,21,elim,2026-01-27 11:00:00,2,VCT 2026: EMEA Kickoff,https://www.vlr.gg/594751/karmine-corp-vs-team-liquid-vct-2026-emea-kickoff-mr1
KC,Breeze,def,TL,0,1,22,elim,2026-01-27 11:00:00,2,VCT 2026: EMEA Kickoff,https://www.vlr.gg/594751/karmine-corp-vs-team-liquid-vct-2026-emea-kickoff-mr1
KC,Breeze,def,TL,0,1,23,boom,2026-01-27 11:00:00,2,VCT 2026: EMEA Kickoff,https://www.vlr.gg/594751/karmine-corp-vs-team-liquid-vct-2026-emea-kickoff-mr1
FUT,Abyss,atk,FNC,0,1,13,elim,2026-01-27 14:20:00,0,VCT 2026: EMEA Kickoff,https://www.vlr.gg/594752/fut-esports-vs-fnatic-vct-2026-emea-kickoff-mr1
FUT,Abyss,atk,FNC,0,1,14,elim,2026-01-27 14:20:00,0,VCT 2026: EMEA Kickoff,https://www.vlr.gg/594752/fut-esports-vs-fnatic-vct-2026-emea-kickoff-mr1
FUT,Abyss,atk,FNC,1,0,15,boom,2026-01-27 14:20:00,0,VCT 2026: EMEA Kickoff,https://www.vlr.gg/594752/fut-esports-vs-fnatic-vct-2026-emea-kickoff-mr1
FUT,Abyss,atk,FNC,0,1,16,elim,2026-01-27 14:20:00,0,VCT 2026: EMEA Kickoff,https://www.vlr.gg/594752/fut-esports-vs-fnatic-vct-2026-emea-kickoff-mr1
FUT,Abyss,def,FNC,0,1,1,elim,2026-01-27 14:20:00,0,VCT 2026: EMEA Kickoff,https://www.vlr.gg/594752/fut-esports-vs-fnatic-vct-2026-emea-kickoff-mr1
FUT,Abyss,def,FNC,0,1,2,elim,2026-01-27 14:20:00,0,VCT 2026: EMEA Kickoff,https://www.vlr.gg/594752/fut-esports-vs-fnatic-vct-2026-emea-kickoff-mr1
FUT,Abyss,def,FNC,0,1,3,elim,2026-01-27 14:20:00,0,VCT 2026: EMEA Kickoff,https://www.vlr.gg/594752/fut-esports-vs-fnatic-vct-2026-emea-kickoff-mr1
FUT,Abyss,def,FNC,0,1,4,elim,2026-01-27 14:20:00,0,VCT 2026: EMEA Kickoff,https://www.vlr.gg/594752/fut-esports-vs-fnatic-vct-2026-emea-kickoff-mr1
FUT,Abyss,def,FNC,0,1,5,elim,2026-01-27 14:20:00,0,VCT 2026: EMEA Kickoff,https://www.vlr.gg/594752/fut-esports-vs-fnatic-vct-2026-emea-kickoff-mr1
FUT,Abyss,def,FNC,0,1,6,boom,2026-01-27 14:20:00,0,VCT 2026: EMEA Kickoff,https://www.vlr.gg/594752/fut-esports-vs-fnatic-vct-2026-emea-kickoff-mr1
FUT,Abyss,def,FNC,1,0,7,defus,2026-01-27 14:20:00,0,VCT 2026: EMEA Kickoff,https://www.vlr.gg/594752/fut-esports-vs-fnatic-vct-2026-emea-kickoff-mr1
FUT,Abyss,def,FNC,0,1,8,elim,2026-01-27 14:20:00,0,VCT 2026: EMEA Kickoff,https://www.vlr.gg/594752/fut-esports-vs-fnatic-vct-2026-emea-kickoff-mr1
FUT,Abyss,def,FNC,0,1,9,elim,2026-01-27 14:20:00,0,VCT 2026: EMEA Kickoff,https://www.vlr.gg/594752/fut-esports-vs-fnatic-vct-2026-emea-kickoff-mr1
FUT,Abyss,def,FNC,1,0,10,defus,2026-01-27 14:20:00,0,VCT 2026: EMEA Kickoff,https://www.vlr.gg/594752/fut-esports-vs-fnatic-vct-2026-emea-kickoff-mr1
FUT,Abyss,def,FNC,0,1,11,elim,2026-01-27 14:20:00,0,VCT 2026: EMEA Kickoff,https://www.vlr.gg/594752/fut-esports-vs-fnatic-vct-2026-emea-kickoff-mr1
FUT,Abyss,def,FNC,0,1,12,elim,2026-01-27 14:20:00,0,VCT 2026: EMEA Kickoff,https://www.vlr.gg/594752/fut-esports-vs-fnatic-vct-2026-emea-kickoff-mr1
FUT,Corrode,atk,FNC,0,1,1,elim,2026-01-27 14:20:00,1,VCT 2026: EMEA Kickoff,https://www.vlr.gg/594752/fut-esports-vs-fnatic-vct-2026-emea-kickoff-mr1
FUT,Corrode,atk,FNC,0,1,2,elim,2026-01-27 14:20:00,1,VCT 2026: EMEA Kickoff,https://www.vlr.gg/594752/fut-esports-vs-fnatic-vct-2026-emea-kickoff-mr1
FUT,Corrode,atk,FNC,1,0,3,elim,2026-01-27 14:20:00,1,VCT 2026: EMEA Kickoff,https://www.vlr.gg/594752/fut-esports-vs-fnatic-vct-2026-emea-kickoff-mr1
FUT,Corrode,atk,FNC,0,1,4,defus,2026-01-27 14:20:00,1,VCT 2026: EMEA Kickoff,https://www.vlr.gg/594752/fut-esports-vs-fnatic-vct-2026-emea-kickoff-mr1
FUT,Corrode,atk,FNC,0,1,5,defus,2026-01-27 14:20:00,1,VCT 2026: EMEA Kickoff,https://www.vlr.gg/594752/fut-esports-vs-fnatic-vct-2026-emea-kickoff-mr1
FUT,Corrode,atk,FNC,0,1,6,defus,2026-01-27 14:20:00,1,VCT 2026: EMEA Kickoff,https://www.vlr.gg/594752/fut-esports-vs-fnatic-vct-2026-emea-kickoff-mr1
FUT,Corrode,atk,FNC,1,0,7,elim,2026-01-27 14:20:00,1,VCT 2026: EMEA Kickoff,https://www.vlr.gg/594752/fut-esports-vs-fnatic-vct-2026-emea-kickoff-mr1
FUT,Corrode,atk,FNC,0,1,8,defus,2026-01-27 14:20:00,1,VCT 2026: EMEA Kickoff,https://www.vlr.gg/594752/fut-esports-vs-fnatic-vct-2026-emea-kickoff-mr1
FUT,Corrode,atk,FNC,0,1,9,elim,2026-01-27 14:20:00,1,VCT 2026: EMEA Kickoff,https://www.vlr.gg/594752/fut-esports-vs-fnatic-vct-2026-emea-kickoff-mr1
FUT,Corrode,atk,FNC,0,1,10,tim,2026-01-27 14:20:00,1,VCT 2026: EMEA Kickoff,https://www.vlr.gg/594752/fut-esports-vs-fnatic-vct-2026-emea-kickoff-mr1
FUT,Corrode,atk,FNC,0,1,11,defus,2026-01-27 14:20:00,1,VCT 2026: EMEA Kickoff,https://www.vlr.gg/594752/fut-esports-vs-fnatic-vct-2026-emea-kickoff-mr1
FUT,Corrode,atk,FNC,0,1,12,elim,2026-01-27 14:20:00,1,VCT 2026: EMEA Kickoff,https://www.vlr.gg/594752/fut-esports-vs-fnatic-vct-2026-emea-kickoff-mr1
FUT,Corrode,atk,FNC,0,1,25,elim,2026-01-27 14:20:00,1,VCT 2026: EMEA Kickoff,https://www.vlr.gg/594752/fut-esports-vs-fnatic-vct-2026-emea-kickoff-mr1
FUT,Corrode,atk,FNC,1,0,27,elim,2026-01-27 14:20:00,1,VCT 2026: EMEA Kickoff,https://www.vlr.gg/594752/fut-esports-vs-fnatic-vct-2026-emea-kickoff-mr1
FUT,Corrode,atk,FNC,0,1,29,elim,2026-01-27 14:20:00,1,VCT 2026: EMEA Kickoff,https://www.vlr.gg/594752/fut-esports-vs-fnatic-vct-2026-emea-kickoff-mr1
FUT,Corrode,atk,FNC,0,1,31,elim,2026-01-27 14:20:00,1,VCT 2026: EMEA Kickoff,https://www.vlr.gg/594752/fut-esports-vs-fnatic-vct-2026-emea-kickoff-mr1
FUT,Corrode,atk,FNC,1,0,33,elim,2026-01-27 14:20:00,1,VCT 2026: EMEA Kickoff,https://www.vlr.gg/594752/fut-esports-vs-fnatic-vct-2026-emea-kickoff-mr1
FUT,Corrode,def,FNC,1,0,13,defus,2026-01-27 14:20:00,1,VCT 2026: EMEA Kickoff,https://www.vlr.gg/594752/fut-esports-vs-fnatic-vct-2026-emea-kickoff-mr1
FUT,Corrode,def,FNC,1,0,14,defus,2026-01-27 14:20:00,1,VCT 2026: EMEA Kickoff,https://www.vlr.gg/594752/fut-esports-vs-fnatic-vct-2026-emea-kickoff-mr1
FUT,Corrode,def,FNC,1,0,15,defus,2026-01-27 14:20:00,1,VCT 2026: EMEA Kickoff,https://www.vlr.gg/594752/fut-esports-vs-fnatic-vct-2026-emea-kickoff-mr1
FUT,Corrode,def,FNC,1,0,16,elim,2026-01-27 14:20:00,1,VCT 2026: EMEA Kickoff,https://www.vlr.gg/594752/fut-esports-vs-fnatic-vct-2026-emea-kickoff-mr1
FUT,Corrode,def,FNC,1,0,17,defus,2026-01-27 14:20:00,1,VCT 2026: EMEA Kickoff,https://www.vlr.gg/594752/fut-esports-vs-fnatic-vct-2026-emea-kickoff-mr1
FUT,Corrode,def,FNC,0,1,18,elim,2026-01-27 14:20:00,1,VCT 2026: EMEA Kickoff,https://www.vlr.gg/594752/fut-esports-vs-fnatic-vct-2026-emea-kickoff-mr1
FUT,Corrode,def,FNC,1,0,19,tim,2026-01-27 14:20:00,1,VCT 2026: EMEA Kickoff,https://www.vlr.gg/594752/fut-esports-vs-fnatic-vct-2026-emea-kickoff-mr1
FUT,Corrode,def,FNC,1,0,20,elim,2026-01-27 14:20:00,1,VCT 2026: EMEA Kickoff,https://www.vlr.gg/594752/fut-esports-vs-fnatic-vct-2026-emea-kickoff-mr1
FUT,Corrode,def,FNC,1,0,21,elim,2026-01-27 14:20:00,1,VCT 2026: EMEA Kickoff,https://www.vlr.gg/594752/fut-esports-vs-fnatic-vct-2026-emea-kickoff-mr1
FUT,Corrode,def,FNC,0,1,22,elim,2026-01-27 14:20:00,1,VCT 2026: EMEA Kickoff,https://www.vlr.gg/594752/fut-esports-vs-fnatic-vct-2026-emea-kickoff-mr1
FUT,Corrode,def,FNC,1,0,23,elim,2026-01-27 14:20:00,1,VCT 2026: EMEA Kickoff,https://www.vlr.gg/594752/fut-esports-vs-fnatic-vct-2026-emea-kickoff-mr1
FUT,Corrode,def,FNC,1,0,24,tim,2026-01-27 14:20:00,1,VCT 2026: EMEA Kickoff,https://www.vlr.gg/594752/fut-esports-vs-fnatic-vct-2026-emea-kickoff-mr1
FUT,Corrode,def,FNC,1,0,26,elim,2026-01-27 14:20:00,1,VCT 2026: EMEA Kickoff,https://www.vlr.gg/594752/fut-esports-vs-fnatic-vct-2026-emea-kickoff-mr1
FUT,Corrode,def,FNC,0,1,28,elim,2026-01-27 14:20:00,1,VCT 2026: EMEA Kickoff,https://www.vlr.gg/594752/fut-esports-vs-fnatic-vct-2026-emea-kickoff-mr1
FUT,Corrode,def,FNC,1,0,30,defus,2026-01-27 14:20:00,1,VCT 2026: EMEA Kickoff,https://www.vlr.gg/594752/fut-esports-vs-fnatic-vct-2026-emea-kickoff-mr1
FUT,Corrode,def,FNC,1,0,32,elim,2026-01-27 14:20:00,1,VCT 2026: EMEA Kickoff,https://www.vlr.gg/594752/fut-esports-vs-fnatic-vct-2026-emea-kickoff-mr1
FUT,Corrode,def,FNC,1,0,34,defus,2026-01-27 14:20:00,1,VCT 2026: EMEA Kickoff,https://www.vlr.gg/594752/fut-esports-vs-fnatic-vct-2026-emea-kickoff-mr1
FUT,Split,atk,FNC,1,0,13,elim,2026-01-27 14:20:00,2,VCT 2026: EMEA Kickoff,https://www.vlr.gg/594752/fut-esports-vs-fnatic-vct-2026-emea-kickoff-mr1
FUT,Split,atk,FNC,1,0,14,elim,2026-01-27 14:20:00,2,VCT 2026: EMEA Kickoff,https://www.vlr.gg/594752/fut-esports-vs-fnatic-vct-2026-emea-kickoff-mr1
FUT,Split,atk,FNC,1,0,15,elim,2026-01-27 14:20:00,2,VCT 2026: EMEA Kickoff,https://www.vlr.gg/594752/fut-esports-vs-fnatic-vct-2026-emea-kickoff-mr1
FUT,Split,atk,FNC,1,0,16,elim,2026-01-27 14:20:00,2,VCT 2026: EMEA Kickoff,https://www.vlr.gg/594752/fut-esports-vs-fnatic-vct-2026-emea-kickoff-mr1
FUT,Split,atk,FNC,0,1,17,defus,2026-01-27 14:20:00,2,VCT 2026: EMEA Kickoff,https://www.vlr.gg/594752/fut-esports-vs-fnatic-vct-2026-emea-kickoff-mr1
FUT,Split,atk,FNC,0,1,18,elim,2026-01-27 14:20:00,2,VCT 2026: EMEA Kickoff,https://www.vlr.gg/594752/fut-esports-vs-fnatic-vct-2026-emea-kickoff-mr1
FUT,Split,atk,FNC,1,0,19,elim,2026-01-27 14:20:00,2,VCT 2026: EMEA Kickoff,https://www.vlr.gg/594752/fut-esports-vs-fnatic-vct-2026-emea-kickoff-mr1
FUT,Split,atk,FNC,1,0,20,elim,2026-01-27 14:20:00,2,VCT 2026: EMEA Kickoff,https://www.vlr.gg/594752/fut-esports-vs-fnatic-vct-2026-emea-kickoff-mr1
FUT,Split,atk,FNC,0,1,21,elim,2026-01-27 14:20:00,2,VCT 2026: EMEA Kickoff,https://www.vlr.gg/594752/fut-esports-vs-fnatic-vct-2026-emea-kickoff-mr1
FUT,Split,atk,FNC,0,1,22,elim,2026-01-27 14:20:00,2,VCT 2026: EMEA Kickoff,https://www.vlr.gg/594752/fut-esports-vs-fnatic-vct-2026-emea-kickoff-mr1
FUT,Split,atk,FNC,1,0,23,boom,2026-01-27 14:20:00,2,VCT 2026: EMEA Kickoff,https://www.vlr.gg/594752/fut-esports-vs-fnatic-vct-2026-emea-kickoff-mr1
FUT,Split,atk,FNC,0,1,24,elim,2026-01-27 14:20:00,2,VCT 2026: EMEA Kickoff,https://www.vlr.gg/594752/fut-esports-vs-fnatic-vct-2026-emea-kickoff-mr1
FUT,Split,atk,FNC,0,1,26,elim,2026-01-27 14:20:00,2,VCT 2026: EMEA Kickoff,https://www.vlr.gg/594752/fut-esports-vs-fnatic-vct-2026-emea-kickoff-mr1
FUT,Split,atk,FNC,1,0,28,elim,2026-01-27 14:20:00,2,VCT 2026: EMEA Kickoff,https://www.vlr.gg/594752/fut-esports-vs-fnatic-vct-2026-emea-kickoff-mr1
FUT,Split,atk,FNC,0,1,30,defus,2026-01-27 14:20:00,2,VCT 2026: EMEA Kickoff,https://www.vlr.gg/594752/fut-esports-vs-fnatic-vct-2026-emea-kickoff-mr1
FUT,Split,def,FNC,0,1,1,elim,2026-01-27 14:20:00,2,VCT 2026: EMEA Kickoff,https://www.vlr.gg/594752/fut-esports-vs-fnatic-vct-2026-emea-kickoff-mr1
FUT,Split,def,FNC,1,0,2,elim,2026-01-27 14:20:00,2,VCT 2026: EMEA Kickoff,https://www.vlr.gg/594752/fut-esports-vs-fnatic-vct-2026-emea-kickoff-mr1
FUT,Split,def,FNC,1,0,3,defus,2026-01-27 14:20:00,2,VCT 2026: EMEA Kickoff,https://www.vlr.gg/594752/fut-esports-vs-fnatic-vct-2026-emea-kickoff-mr1
FUT,Split,def,FNC,1,0,4,defus,2026-01-27 14:20:00,2,VCT 2026: EMEA Kickoff,https://www.vlr.gg/594752/fut-esports-vs-fnatic-vct-2026-emea-kickoff-mr1
FUT,Split,def,FNC,1,0,5,elim,2026-01-27 14:20:00,2,VCT 2026: EMEA Kickoff,https://www.vlr.gg/594752/fut-esports-vs-fnatic-vct-2026-emea-kickoff-mr1
FUT,Split,def,FNC,0,1,6,boom,2026-01-27 14:20:00,2,VCT 2026: EMEA Kickoff,https://www.vlr.gg/594752/fut-esports-vs-fnatic-vct-2026-emea-kickoff-mr1
FUT,Split,def,FNC,0,1,7,elim,2026-01-27 14:20:00,2,VCT 2026: EMEA Kickoff,https://www.vlr.gg/594752/fut-esports-vs-fnatic-vct-2026-emea-kickoff-mr1
FUT,Split,def,FNC,0,1,8,elim,2026-01-27 14:20:00,2,VCT 2026: EMEA Kickoff,https://www.vlr.gg/594752/fut-esports-vs-fnatic-vct-2026-emea-kickoff-mr1
FUT,Split,def,FNC,0,1,9,elim,2026-01-27 14:20:00,2,VCT 2026: EMEA Kickoff,https://www.vlr.gg/594752/fut-esports-vs-fnatic-vct-2026-emea-kickoff-mr1
FUT,Split,def,FNC,0,1,10,elim,2026-01-27 14:20:00,2,VCT 2026: EMEA Kickoff,https://www.vlr.gg/594752/fut-esports-vs-fnatic-vct-2026-emea-kickoff-mr1
FUT,Split,def,FNC,1,0,11,elim,2026-01-27 14:20:00,2,VCT 2026: EMEA Kickoff,https://www.vlr.gg/594752/fut-esports-vs-fnatic-vct-2026-emea-kickoff-mr1
FUT,Split,def,FNC,0,1,12,elim,2026-01-27 14:20:00,2,VCT 2026: EMEA Kickoff,https://www.vlr.gg/594752/fut-esports-vs-fnatic-vct-2026-emea-kickoff-mr1
FUT,Split,def,FNC,1,0,25,elim,2026-01-27 14:20:00,2,VCT 2026: EMEA Kickoff,https://www.vlr.gg/594752/fut-esports-vs-fnatic-vct-2026-emea-kickoff-mr1
FUT,Split,def,FNC,0,1,27,elim,2026-01-27 14:20:00,2,VCT 2026: EMEA Kickoff,https://www.vlr.gg/594752/fut-esports-vs-fnatic-vct-2026-emea-kickoff-mr1
FUT,Split,def,FNC,0,1,29,elim,2026-01-27 14:20:00,2,VCT 2026: EMEA Kickoff,https://www.vlr.gg/594752/fut-esports-vs-fnatic-vct-2026-emea-kickoff-mr1
PCF,Abyss,atk,GX,0,1,1,defus,2026-01-28 11:00:00,0,VCT 2026: EMEA Kickoff,https://www.vlr.gg/594753/pcific-esports-vs-giantx-vct-2026-emea-kickoff-mr1
PCF,Abyss,atk,GX,0,1,2,defus,2026-01-28 11:00:00,0,VCT 2026: EMEA Kickoff,https://www.vlr.gg/594753/pcific-esports-vs-giantx-vct-2026-emea-kickoff-mr1
PCF,Abyss,atk,GX,0,1,3,defus,2026-01-28 11:00:00,0,VCT 2026: EMEA Kickoff,https://www.vlr.gg/594753/pcific-esports-vs-giantx-vct-2026-emea-kickoff-mr1
PCF,Abyss,atk,GX,0,1,4,defus,2026-01-28 11:00:00,0,VCT 2026: EMEA Kickoff,https://www.vlr.gg/594753/pcific-esports-vs-giantx-vct-2026-emea-kickoff-mr1
PCF,Abyss,atk,GX,1,0,5,boom,2026-01-28 11:00:00,0,VCT 2026: EMEA Kickoff,https://www.vlr.gg/594753/pcific-esports-vs-giantx-vct-2026-emea-kickoff-mr1
PCF,Abyss,atk,GX,0,1,6,elim,2026-01-28 11:00:00,0,VCT 2026: EMEA Kickoff,https://www.vlr.gg/594753/pcific-esports-vs-giantx-vct-2026-emea-kickoff-mr1
PCF,Abyss,atk,GX,0,1,7,defus,2026-01-28 11:00:00,0,VCT 2026: EMEA Kickoff,https://www.vlr.gg/594753/pcific-esports-vs-giantx-vct-2026-emea-kickoff-mr1
PCF,Abyss,atk,GX,1,0,8,boom,2026-01-28 11:00:00,0,VCT 2026: EMEA Kickoff,https://www.vlr.gg/594753/pcific-esports-vs-giantx-vct-2026-emea-kickoff-mr1
PCF,Abyss,atk,GX,0,1,9,defus,2026-01-28 11:00:00,0,VCT 2026: EMEA Kickoff,https://www.vlr.gg/594753/pcific-esports-vs-giantx-vct-2026-emea-kickoff-mr1
PCF,Abyss,atk,GX,0,1,10,defus,2026-01-28 11:00:00,0,VCT 2026: EMEA Kickoff,https://www.vlr.gg/594753/pcific-esports-vs-giantx-vct-2026-emea-kickoff-mr1
PCF,Abyss,atk,GX,1,0,11,boom,2026-01-28 11:00:00,0,VCT 2026: EMEA Kickoff,https://www.vlr.gg/594753/pcific-esports-vs-giantx-vct-2026-emea-kickoff-mr1
PCF,Abyss,atk,GX,0,1,12,elim,2026-01-28 11:00:00,0,VCT 2026: EMEA Kickoff,https://www.vlr.gg/594753/pcific-esports-vs-giantx-vct-2026-emea-kickoff-mr1
PCF,Abyss,def,GX,1,0,13,elim,2026-01-28 11:00:00,0,VCT 2026: EMEA Kickoff,https://www.vlr.gg/594753/pcific-esports-vs-giantx-vct-2026-emea-kickoff-mr1
PCF,Abyss,def,GX,0,1,14,boom,2026-01-28 11:00:00,0,VCT 2026: EMEA Kickoff,https://www.vlr.gg/594753/pcific-esports-vs-giantx-vct-2026-emea-kickoff-mr1
PCF,Abyss,def,GX,0,1,15,elim,2026-01-28 11:00:00,0,VCT 2026: EMEA Kickoff,https://www.vlr.gg/594753/pcific-esports-vs-giantx-vct-2026-emea-kickoff-mr1
PCF,Abyss,def,GX,0,1,16,boom,2026-01-28 11:00:00,0,VCT 2026: EMEA Kickoff,https://www.vlr.gg/594753/pcific-esports-vs-giantx-vct-2026-emea-kickoff-mr1
PCF,Abyss,def,GX,1,0,17,elim,2026-01-28 11:00:00,0,VCT 2026: EMEA Kickoff,https://www.vlr.gg/594753/pcific-esports-vs-giantx-vct-2026-emea-kickoff-mr1
PCF,Abyss,def,GX,1,0,18,defus,2026-01-28 11:00:00,0,VCT 2026: EMEA Kickoff,https://www.vlr.gg/594753/pcific-esports-vs-giantx-vct-2026-emea-kickoff-mr1
PCF,Abyss,def,GX,1,0,19,defus,2026-01-28 11:00:00,0,VCT 2026: EMEA Kickoff,https://www.vlr.gg/594753/pcific-esports-vs-giantx-vct-2026-emea-kickoff-mr1
PCF,Abyss,def,GX,1,0,20,elim,2026-01-28 11:00:00,0,VCT 2026: EMEA Kickoff,https://www.vlr.gg/594753/pcific-esports-vs-giantx-vct-2026-emea-kickoff-mr1
PCF,Abyss,def,GX,0,1,21,elim,2026-01-28 11:00:00,0,VCT 2026: EMEA Kickoff,https://www.vlr.gg/594753/pcific-esports-vs-giantx-vct-2026-emea-kickoff-mr1
PCF,Bind,atk,GX,0,1,13,defus,2026-01-28 11:00:00,1,VCT 2026: EMEA Kickoff,https://www.vlr.gg/594753/pcific-esports-vs-giantx-vct-2026-emea-kickoff-mr1
PCF,Bind,atk,GX,0,1,14,elim,2026-01-28 11:00:00,1,VCT 2026: EMEA Kickoff,https://www.vlr.gg/594753/pcific-esports-vs-giantx-vct-2026-emea-kickoff-mr1
PCF,Bind,atk,GX,1,0,15,elim,2026-01-28 11:00:00,1,VCT 2026: EMEA Kickoff,https://www.vlr.gg/594753/pcific-esports-vs-giantx-vct-2026-emea-kickoff-mr1
PCF,Bind,atk,GX,0,1,16,defus,2026-01-28 11:00:00,1,VCT 2026: EMEA Kickoff,https://www.vlr.gg/594753/pcific-esports-vs-giantx-vct-2026-emea-kickoff-mr1
PCF,Bind,atk,GX,0,1,17,elim,2026-01-28 11:00:00,1,VCT 2026: EMEA Kickoff,https://www.vlr.gg/594753/pcific-esports-vs-giantx-vct-2026-emea-kickoff-mr1
PCF,Bind,atk,GX,0,1,18,elim,2026-01-28 11:00:00,1,VCT 2026: EMEA Kickoff,https://www.vlr.gg/594753/pcific-esports-vs-giantx-vct-2026-emea-kickoff-mr1
PCF,Bind,atk,GX,0,1,19,elim,2026-01-28 11:00:00,1,VCT 2026: EMEA Kickoff,https://www.vlr.gg/594753/pcific-esports-vs-giantx-vct-2026-emea-kickoff-mr1
PCF,Bind,atk,GX,0,1,20,defus,2026-01-28 11:00:00,1,VCT 2026: EMEA Kickoff,https://www.vlr.gg/594753/pcific-esports-vs-giantx-vct-2026-emea-kickoff-mr1
PCF,Bind,atk,GX,1,0,21,elim,2026-01-28 11:00:00,1,VCT 2026: EMEA Kickoff,https://www.vlr.gg/594753/pcific-esports-vs-giantx-vct-2026-emea-kickoff-mr1
PCF,Bind,atk,GX,1,0,22,boom,2026-01-28 11:00:00,1,VCT 2026: EMEA Kickoff,https://www.vlr.gg/594753/pcific-esports-vs-giantx-vct-2026-emea-kickoff-mr1
PCF,Bind,atk,GX,1,0,23,elim,2026-01-28 11:00:00,1,VCT 2026: EMEA Kickoff,https://www.vlr.gg/594753/pcific-esports-vs-giantx-vct-2026-emea-kickoff-mr1
PCF,Bind,atk,GX,1,0,24,elim,2026-01-28 11:00:00,1,VCT 2026: EMEA Kickoff,https://www.vlr.gg/594753/pcific-esports-vs-giantx-vct-2026-emea-kickoff-mr1
PCF,Bind,atk,GX,1,0,26,elim,2026-01-28 11:00:00,1,VCT 2026: EMEA Kickoff,https://www.vlr.gg/594753/pcific-esports-vs-giantx-vct-2026-emea-kickoff-mr1
PCF,Bind,def,GX,0,1,1,elim,2026-01-28 11:00:00,1,VCT 2026: EMEA Kickoff,https://www.vlr.gg/594753/pcific-esports-vs-giantx-vct-2026-emea-kickoff-mr1
PCF,Bind,def,GX,0,1,2,boom,2026-01-28 11:00:00,1,VCT 2026: EMEA Kickoff,https://www.vlr.gg/594753/pcific-esports-vs-giantx-vct-2026-emea-kickoff-mr1
PCF,Bind,def,GX,1,0,3,elim,2026-01-28 11:00:00,1,VCT 2026: EMEA Kickoff,https://www.vlr.gg/594753/pcific-esports-vs-giantx-vct-2026-emea-kickoff-mr1
PCF,Bind,def,GX,1,0,4,elim,2026-01-28 11:00:00,1,VCT 2026: EMEA Kickoff,https://www.vlr.gg/594753/pcific-esports-vs-giantx-vct-2026-emea-kickoff-mr1
PCF,Bind,def,GX,1,0,5,elim,2026-01-28 11:00:00,1,VCT 2026: EMEA Kickoff,https://www.vlr.gg/594753/pcific-esports-vs-giantx-vct-2026-emea-kickoff-mr1
PCF,Bind,def,GX,1,0,6,defus,2026-01-28 11:00:00,1,VCT 2026: EMEA Kickoff,https://www.vlr.gg/594753/pcific-esports-vs-giantx-vct-2026-emea-kickoff-mr1
PCF,Bind,def,GX,0,1,7,elim,2026-01-28 11:00:00,1,VCT 2026: EMEA Kickoff,https://www.vlr.gg/594753/pcific-esports-vs-giantx-vct-2026-emea-kickoff-mr1
PCF,Bind,def,GX,1,0,8,elim,2026-01-28 11:00:00,1,VCT 2026: EMEA Kickoff,https://www.vlr.gg/594753/pcific-esports-vs-giantx-vct-2026-emea-kickoff-mr1
PCF,Bind,def,GX,0,1,9,elim,2026-01-28 11:00:00,1,VCT 2026: EMEA Kickoff,https://www.vlr.gg/594753/pcific-esports-vs-giantx-vct-2026-emea-kickoff-mr1
PCF,Bind,def,GX,0,1,10,elim,2026-01-28 11:00:00,1,VCT 2026: EMEA Kickoff,https://www.vlr.gg/594753/pcific-esports-vs-giantx-vct-2026-emea-kickoff-mr1
PCF,Bind,def,GX,1,0,11,tim,2026-01-28 11:00:00,1,VCT 2026: EMEA Kickoff,https://www.vlr.gg/594753/pcific-esports-vs-giantx-vct-2026-emea-kickoff-mr1
PCF,Bind,def,GX,1,0,12,elim,2026-01-28 11:00:00,1,VCT 2026: EMEA Kickoff,https://www.vlr.gg/594753/pcific-esports-vs-giantx-vct-2026-emea-kickoff-mr1
PCF,Bind,def,GX,1,0,25,elim,2026-01-28 11:00:00,1,VCT 2026: EMEA Kickoff,https://www.vlr.gg/594753/pcific-esports-vs-giantx-vct-2026-emea-kickoff-mr1
PCF,Split,atk,GX,1,0,13,elim,2026-01-28 11:00:00,2,VCT 2026: EMEA Kickoff,https://www.vlr.gg/594753/pcific-esports-vs-giantx-vct-2026-emea-kickoff-mr1
PCF,Split,atk,GX,1,0,14,elim,2026-01-28 11:00:00,2,VCT 2026: EMEA Kickoff,https://www.vlr.gg/594753/pcific-esports-vs-giantx-vct-2026-emea-kickoff-mr1
PCF,Split,atk,GX,1,0,15,elim,2026-01-28 11:00:00,2,VCT 2026: EMEA Kickoff,https://www.vlr.gg/594753/pcific-esports-vs-giantx-vct-2026-emea-kickoff-mr1
PCF,Split,atk,GX,1,0,16,elim,2026-01-28 11:00:00,2,VCT 2026: EMEA Kickoff,https://www.vlr.gg/594753/pcific-esports-vs-giantx-vct-2026-emea-kickoff-mr1
PCF,Split,atk,GX,0,1,17,elim,2026-01-28 11:00:00,2,VCT 2026: EMEA Kickoff,https://www.vlr.gg/594753/pcific-esports-vs-giantx-vct-2026-emea-kickoff-mr1
PCF,Split,atk,GX,0,1,18,elim,2026-01-28 11:00:00,2,VCT 2026: EMEA Kickoff,https://www.vlr.gg/594753/pcific-esports-vs-giantx-vct-2026-emea-kickoff-mr1
PCF,Split,atk,GX,0,1,19,elim,2026-01-28 11:00:00,2,VCT 2026: EMEA Kickoff,https://www.vlr.gg/594753/pcific-esports-vs-giantx-vct-2026-emea-kickoff-mr1
PCF,Split,atk,GX,0,1,20,defus,2026-01-28 11:00:00,2,VCT 2026: EMEA Kickoff,https://www.vlr.gg/594753/pcific-esports-vs-giantx-vct-2026-emea-kickoff-mr1
PCF,Split,atk,GX,0,1,21,elim,2026-01-28 11:00:00,2,VCT 2026: EMEA Kickoff,https://www.vlr.gg/594753/pcific-esports-vs-giantx-vct-2026-emea-kickoff-mr1
PCF,Split,atk,GX,0,1,22,defus,2026-01-28 11:00:00,2,VCT 2026: EMEA Kickoff,https://www.vlr.gg/594753/pcific-esports-vs-giantx-vct-2026-emea-kickoff-mr1
PCF,Split,atk,GX,0,1,23,elim,2026-01-28 11:00:00,2,VCT 2026: EMEA Kickoff,https://www.vlr.gg/594753/pcific-esports-vs-giantx-vct-2026-emea-kickoff-mr1
PCF,Split,def,GX,0,1,1,elim,2026-01-28 11:00:00,2,VCT 2026: EMEA Kickoff,https://www.vlr.gg/594753/pcific-esports-vs-giantx-vct-2026-emea-kickoff-mr1
PCF,Split,def,GX,0,1,2,elim,2026-01-28 11:00:00,2,VCT 2026: EMEA Kickoff,https://www.vlr.gg/594753/pcific-esports-vs-giantx-vct-2026-emea-kickoff-mr1
PCF,Split,def,GX,0,1,3,elim,2026-01-28 11:00:00,2,VCT 2026: EMEA Kickoff,https://www.vlr.gg/594753/pcific-esports-vs-giantx-vct-2026-emea-kickoff-mr1
PCF,Split,def,GX,0,1,4,elim,2026-01-28 11:00:00,2,VCT 2026: EMEA Kickoff,https://www.vlr.gg/594753/pcific-esports-vs-giantx-vct-2026-emea-kickoff-mr1
PCF,Split,def,GX,1,0,5,tim,2026-01-28 11:00:00,2,VCT 2026: EMEA Kickoff,https://www.vlr.gg/594753/pcific-esports-vs-giantx-vct-2026-emea-kickoff-mr1
PCF,Split,def,GX,0,1,6,boom,2026-01-28 11:00:00,2,VCT 2026: EMEA Kickoff,https://www.vlr.gg/594753/pcific-esports-vs-giantx-vct-2026-emea-kickoff-mr1
PCF,Split,def,GX,1,0,7,elim,2026-01-28 11:00:00,2,VCT 2026: EMEA Kickoff,https://www.vlr.gg/594753/pcific-esports-vs-giantx-vct-2026-emea-kickoff-mr1
PCF,Split,def,GX,1,0,8,elim,2026-01-28 11:00:00,2,VCT 2026: EMEA Kickoff,https://www.vlr.gg/594753/pcific-esports-vs-giantx-vct-2026-emea-kickoff-mr1
PCF,Split,def,GX,0,1,9,elim,2026-01-28 11:00:00,2,VCT 2026: EMEA Kickoff,https://www.vlr.gg/594753/pcific-esports-vs-giantx-vct-2026-emea-kickoff-mr1
PCF,Split,def,GX,1,0,10,defus,2026-01-28 11:00:00,2,VCT 2026: EMEA Kickoff,https://www.vlr.gg/594753/pcific-esports-vs-giantx-vct-2026-emea-kickoff-mr1
PCF,Split,def,GX,1,0,11,elim,2026-01-28 11:00:00,2,VCT 2026: EMEA Kickoff,https://www.vlr.gg/594753/pcific-esports-vs-giantx-vct-2026-emea-kickoff-mr1
PCF,Split,def,GX,1,0,12,defus,2026-01-28 11:00:00,2,VCT 2026: EMEA Kickoff,https://www.vlr.gg/594753/pcific-esports-vs-giantx-vct-2026-emea-kickoff-mr1
ULF,Haven,atk,TH,1,0,13,elim,2026-01-28 14:35:00,0,VCT 2026: EMEA Kickoff,https://www.vlr.gg/594754/ulf-esports-vs-team-heretics-vct-2026-emea-kickoff-mr1
ULF,Haven,atk,TH,1,0,14,elim,2026-01-28 14:35:00,0,VCT 2026: EMEA Kickoff,https://www.vlr.gg/594754/ulf-esports-vs-team-heretics-vct-2026-emea-kickoff-mr1
ULF,Haven,atk,TH,1,0,15,elim,2026-01-28 14:35:00,0,VCT 2026: EMEA Kickoff,https://www.vlr.gg/594754/ulf-esports-vs-team-heretics-vct-2026-emea-kickoff-mr1
ULF,Haven,atk,TH,1,0,16,elim,2026-01-28 14:35:00,0,VCT 2026: EMEA Kickoff,https://www.vlr.gg/594754/ulf-esports-vs-team-heretics-vct-2026-emea-kickoff-mr1
ULF,Haven,atk,TH,0,1,17,elim,2026-01-28 14:35:00,0,VCT 2026: EMEA Kickoff,https://www.vlr.gg/594754/ulf-esports-vs-team-heretics-vct-2026-emea-kickoff-mr1
ULF,Haven,atk,TH,0,1,18,defus,2026-01-28 14:35:00,0,VCT 2026: EMEA Kickoff,https://www.vlr.gg/594754/ulf-esports-vs-team-heretics-vct-2026-emea-kickoff-mr1
ULF,Haven,atk,TH,0,1,19,elim,2026-01-28 14:35:00,0,VCT 2026: EMEA Kickoff,https://www.vlr.gg/594754/ulf-esports-vs-team-heretics-vct-2026-emea-kickoff-mr1
ULF,Haven,atk,TH,0,1,20,elim,2026-01-28 14:35:00,0,VCT 2026: EMEA Kickoff,https://www.vlr.gg/594754/ulf-esports-vs-team-heretics-vct-2026-emea-kickoff-mr1
ULF,Haven,def,TH,0,1,1,elim,2026-01-28 14:35:00,0,VCT 2026: EMEA Kickoff,https://www.vlr.gg/594754/ulf-esports-vs-team-heretics-vct-2026-emea-kickoff-mr1
ULF,Haven,def,TH,0,1,2,boom,2026-01-28 14:35:00,0,VCT 2026: EMEA Kickoff,https://www.vlr.gg/594754/ulf-esports-vs-team-heretics-vct-2026-emea-kickoff-mr1
ULF,Haven,def,TH,0,1,3,elim,2026-01-28 14:35:00,0,VCT 2026: EMEA Kickoff,https://www.vlr.gg/594754/ulf-esports-vs-team-heretics-vct-2026-emea-kickoff-mr1
ULF,Haven,def,TH,0,1,4,elim,2026-01-28 14:35:00,0,VCT 2026: EMEA Kickoff,https://www.vlr.gg/594754/ulf-esports-vs-team-heretics-vct-2026-emea-kickoff-mr1
ULF,Haven,def,TH,0,1,5,elim,2026-01-28 14:35:00,0,VCT 2026: EMEA Kickoff,https://www.vlr.gg/594754/ulf-esports-vs-team-heretics-vct-2026-emea-kickoff-mr1
ULF,Haven,def,TH,0,1,6,elim,2026-01-28 14:35:00,0,VCT 2026: EMEA Kickoff,https://www.vlr.gg/594754/ulf-esports-vs-team-heretics-vct-2026-emea-kickoff-mr1
ULF,Haven,def,TH,0,1,7,elim,2026-01-28 14:35:00,0,VCT 2026: EMEA Kickoff,https://www.vlr.gg/594754/ulf-esports-vs-team-heretics-vct-2026-emea-kickoff-mr1
ULF,Haven,def,TH,0,1,8,elim,2026-01-28 14:35:00,0,VCT 2026: EMEA Kickoff,https://www.vlr.gg/594754/ulf-esports-vs-team-heretics-vct-2026-emea-kickoff-mr1
ULF,Haven,def,TH,0,1,9,elim,2026-01-28 14:35:00,0,VCT 2026: EMEA Kickoff,https://www.vlr.gg/594754/ulf-esports-vs-team-heretics-vct-2026-emea-kickoff-mr1
ULF,Haven,def,TH,1,0,10,defus,2026-01-28 14:35:00,0,VCT 2026: EMEA Kickoff,https://www.vlr.gg/594754/ulf-esports-vs-team-heretics-vct-2026-emea-kickoff-mr1
ULF,Haven,def,TH,1,0,11,elim,2026-01-28 14:35:00,0,VCT 2026: EMEA Kickoff,https://www.vlr.gg/594754/ulf-esports-vs-team-heretics-vct-2026-emea-kickoff-mr1
ULF,Haven,def,TH,1,0,12,elim,2026-01-28 14:35:00,0,VCT 2026: EMEA Kickoff,https://www.vlr.gg/594754/ulf-esports-vs-team-heretics-vct-2026-emea-kickoff-mr1
ULF,Bind,atk,TH,1,0,13,elim,2026-01-28 14:35:00,1,VCT 2026: EMEA Kickoff,https://www.vlr.gg/594754/ulf-esports-vs-team-heretics-vct-2026-emea-kickoff-mr1
ULF,Bind,atk,TH,1,0,14,elim,2026-01-28 14:35:00,1,VCT 2026: EMEA Kickoff,https://www.vlr.gg/594754/ulf-esports-vs-team-heretics-vct-2026-emea-kickoff-mr1
ULF,Bind,atk,TH,0,1,15,defus,2026-01-28 14:35:00,1,VCT 2026: EMEA Kickoff,https://www.vlr.gg/594754/ulf-esports-vs-team-heretics-vct-2026-emea-kickoff-mr1
ULF,Bind,atk,TH,0,1,16,defus,2026-01-28 14:35:00,1,VCT 2026: EMEA Kickoff,https://www.vlr.gg/594754/ulf-esports-vs-team-heretics-vct-2026-emea-kickoff-mr1
ULF,Bind,atk,TH,0,1,17,elim,2026-01-28 14:35:00,1,VCT 2026: EMEA Kickoff,https://www.vlr.gg/594754/ulf-esports-vs-team-heretics-vct-2026-emea-kickoff-mr1
ULF,Bind,atk,TH,0,1,18,defus,2026-01-28 14:35:00,1,VCT 2026: EMEA Kickoff,https://www.vlr.gg/594754/ulf-esports-vs-team-heretics-vct-2026-emea-kickoff-mr1
ULF,Bind,atk,TH,0,1,19,defus,2026-01-28 14:35:00,1,VCT 2026: EMEA Kickoff,https://www.vlr.gg/594754/ulf-esports-vs-team-heretics-vct-2026-emea-kickoff-mr1
ULF,Bind,atk,TH,0,1,20,defus,2026-01-28 14:35:00,1,VCT 2026: EMEA Kickoff,https://www.vlr.gg/594754/ulf-esports-vs-team-heretics-vct-2026-emea-kickoff-mr1
ULF,Bind,atk,TH,0,1,21,elim,2026-01-28 14:35:00,1,VCT 2026: EMEA Kickoff,https://www.vlr.gg/594754/ulf-esports-vs-team-heretics-vct-2026-emea-kickoff-mr1
ULF,Bind,def,TH,1,0,1,defus,2026-01-28 14:35:00,1,VCT 2026: EMEA Kickoff,https://www.vlr.gg/594754/ulf-esports-vs-team-heretics-vct-2026-emea-kickoff-mr1
ULF,Bind,def,TH,1,0,2,elim,2026-01-28 14:35:00,1,VCT 2026: EMEA Kickoff,https://www.vlr.gg/594754/ulf-esports-vs-team-heretics-vct-2026-emea-kickoff-mr1
ULF,Bind,def,TH,0,1,3,boom,2026-01-28 14:35:00,1,VCT 2026: EMEA Kickoff,https://www.vlr.gg/594754/ulf-esports-vs-team-heretics-vct-2026-emea-kickoff-mr1
ULF,Bind,def,TH,1,0,4,defus,2026-01-28 14:35:00,1,VCT 2026: EMEA Kickoff,https://www.vlr.gg/594754/ulf-esports-vs-team-heretics-vct-2026-emea-kickoff-mr1
ULF,Bind,def,TH,1,0,5,defus,2026-01-28 14:35:00,1,VCT 2026: EMEA Kickoff,https://www.vlr.gg/594754/ulf-esports-vs-team-heretics-vct-2026-emea-kickoff-mr1
ULF,Bind,def,TH,1,0,6,defus,2026-01-28 14:35:00,1,VCT 2026: EMEA Kickoff,https://www.vlr.gg/594754/ulf-esports-vs-team-heretics-vct-2026-emea-kickoff-mr1
ULF,Bind,def,TH,0,1,7,elim,2026-01-28 14:35:00,1,VCT 2026: EMEA Kickoff,https://www.vlr.gg/594754/ulf-esports-vs-team-heretics-vct-2026-emea-kickoff-mr1
ULF,Bind,def,TH,0,1,8,elim,2026-01-28 14:35:00,1,VCT 2026: EMEA Kickoff,https://www.vlr.gg/594754/ulf-esports-vs-team-heretics-vct-2026-emea-kickoff-mr1
ULF,Bind,def,TH,1,0,9,defus,2026-01-28 14:35:00,1,VCT 2026: EMEA Kickoff,https://www.vlr.gg/594754/ulf-esports-vs-team-heretics-vct-2026-emea-kickoff-mr1
ULF,Bind,def,TH,0,1,10,elim,2026-01-28 14:35:00,1,VCT 2026: EMEA Kickoff,https://www.vlr.gg/594754/ulf-esports-vs-team-heretics-vct-2026-emea-kickoff-mr1
ULF,Bind,def,TH,0,1,11,elim,2026-01-28 14:35:00,1,VCT 2026: EMEA Kickoff,https://www.vlr.gg/594754/ulf-esports-vs-team-heretics-vct-2026-emea-kickoff-mr1
ULF,Bind,def,TH,0,1,12,elim,2026-01-28 14:35:00,1,VCT 2026: EMEA Kickoff,https://www.vlr.gg/594754/ulf-esports-vs-team-heretics-vct-2026-emea-kickoff-mr1
NAVI,Abyss,atk,M8,0,1,13,elim,2026-01-29 11:00:00,0,VCT 2026: EMEA Kickoff,https://www.vlr.gg/594748/natus-vincere-vs-gentle-mates-vct-2026-emea-kickoff-ur3
NAVI,Abyss,atk,M8,1,0,14,elim,2026-01-29 11:00:00,0,VCT 2026: EMEA Kickoff,https://www.vlr.gg/594748/natus-vincere-vs-gentle-mates-vct-2026-emea-kickoff-ur3
NAVI,Abyss,atk,M8,1,0,15,elim,2026-01-29 11:00:00,0,VCT 2026: EMEA Kickoff,https://www.vlr.gg/594748/natus-vincere-vs-gentle-mates-vct-2026-emea-kickoff-ur3
NAVI,Abyss,atk,M8,0,1,16,defus,2026-01-29 11:00:00,0,VCT 2026: EMEA Kickoff,https://www.vlr.gg/594748/natus-vincere-vs-gentle-mates-vct-2026-emea-kickoff-ur3
NAVI,Abyss,atk,M8,0,1,17,defus,2026-01-29 11:00:00,0,VCT 2026: EMEA Kickoff,https://www.vlr.gg/594748/natus-vincere-vs-gentle-mates-vct-2026-emea-kickoff-ur3
NAVI,Abyss,atk,M8,0,1,18,defus,2026-01-29 11:00:00,0,VCT 2026: EMEA Kickoff,https://www.vlr.gg/594748/natus-vincere-vs-gentle-mates-vct-2026-emea-kickoff-ur3
NAVI,Abyss,atk,M8,0,1,19,elim,2026-01-29 11:00:00,0,VCT 2026: EMEA Kickoff,https://www.vlr.gg/594748/natus-vincere-vs-gentle-mates-vct-2026-emea-kickoff-ur3
NAVI,Abyss,atk,M8,0,1,20,defus,2026-01-29 11:00:00,0,VCT 2026: EMEA Kickoff,https://www.vlr.gg/594748/natus-vincere-vs-gentle-mates-vct-2026-emea-kickoff-ur3
NAVI,Abyss,def,M8,0,1,1,elim,2026-01-29 11:00:00,0,VCT 2026: EMEA Kickoff,https://www.vlr.gg/594748/natus-vincere-vs-gentle-mates-vct-2026-emea-kickoff-ur3
NAVI,Abyss,def,M8,0,1,2,boom,2026-01-29 11:00:00,0,VCT 2026: EMEA Kickoff,https://www.vlr.gg/594748/natus-vincere-vs-gentle-mates-vct-2026-emea-kickoff-ur3
NAVI,Abyss,def,M8,0,1,3,elim,2026-01-29 11:00:00,0,VCT 2026: EMEA Kickoff,https://www.vlr.gg/594748/natus-vincere-vs-gentle-mates-vct-2026-emea-kickoff-ur3
NAVI,Abyss,def,M8,0,1,4,elim,2026-01-29 11:00:00,0,VCT 2026: EMEA Kickoff,https://www.vlr.gg/594748/natus-vincere-vs-gentle-mates-vct-2026-emea-kickoff-ur3
NAVI,Abyss,def,M8,1,0,5,defus,2026-01-29 11:00:00,0,VCT 2026: EMEA Kickoff,https://www.vlr.gg/594748/natus-vincere-vs-gentle-mates-vct-2026-emea-kickoff-ur3
NAVI,Abyss,def,M8,1,0,6,elim,2026-01-29 11:00:00,0,VCT 2026: EMEA Kickoff,https://www.vlr.gg/594748/natus-vincere-vs-gentle-mates-vct-2026-emea-kickoff-ur3
NAVI,Abyss,def,M8,1,0,7,elim,2026-01-29 11:00:00,0,VCT 2026: EMEA Kickoff,https://www.vlr.gg/594748/natus-vincere-vs-gentle-mates-vct-2026-emea-kickoff-ur3
NAVI,Abyss,def,M8,0,1,8,elim,2026-01-29 11:00:00,0,VCT 2026: EMEA Kickoff,https://www.vlr.gg/594748/natus-vincere-vs-gentle-mates-vct-2026-emea-kickoff-ur3
NAVI,Abyss,def,M8,0,1,9,boom,2026-01-29 11:00:00,0,VCT 2026: EMEA Kickoff,https://www.vlr.gg/594748/natus-vincere-vs-gentle-mates-vct-2026-emea-kickoff-ur3
NAVI,Abyss,def,M8,0,1,10,elim,2026-01-29 11:00:00,0,VCT 2026: EMEA Kickoff,https://www.vlr.gg/594748/natus-vincere-vs-gentle-mates-vct-2026-emea-kickoff-ur3
NAVI,Abyss,def,M8,1,0,11,defus,2026-01-29 11:00:00,0,VCT 2026: EMEA Kickoff,https://www.vlr.gg/594748/natus-vincere-vs-gentle-mates-vct-2026-emea-kickoff-ur3
NAVI,Abyss,def,M8,1,0,12,defus,2026-01-29 11:00:00,0,VCT 2026: EMEA Kickoff,https://www.vlr.gg/594748/natus-vincere-vs-gentle-mates-vct-2026-emea-kickoff-ur3
NAVI,Bind,atk,M8,0,1,1,elim,2026-01-29 11:00:00,1,VCT 2026: EMEA Kickoff,https://www.vlr.gg/594748/natus-vincere-vs-gentle-mates-vct-2026-emea-kickoff-ur3
NAVI,Bind,atk,M8,0,1,2,defus,2026-01-29 11:00:00,1,VCT 2026: EMEA Kickoff,https://www.vlr.gg/594748/natus-vincere-vs-gentle-mates-vct-2026-emea-kickoff-ur3
NAVI,Bind,atk,M8,0,1,3,defus,2026-01-29 11:00:00,1,VCT 2026: EMEA Kickoff,https://www.vlr.gg/594748/natus-vincere-vs-gentle-mates-vct-2026-emea-kickoff-ur3
NAVI,Bind,atk,M8,0,1,4,elim,2026-01-29 11:00:00,1,VCT 2026: EMEA Kickoff,https://www.vlr.gg/594748/natus-vincere-vs-gentle-mates-vct-2026-emea-kickoff-ur3
NAVI,Bind,atk,M8,1,0,5,elim,2026-01-29 11:00:00,1,VCT 2026: EMEA Kickoff,https://www.vlr.gg/594748/natus-vincere-vs-gentle-mates-vct-2026-emea-kickoff-ur3
NAVI,Bind,atk,M8,0,1,6,elim,2026-01-29 11:00:00,1,VCT 2026: EMEA Kickoff,https://www.vlr.gg/594748/natus-vincere-vs-gentle-mates-vct-2026-emea-kickoff-ur3
NAVI,Bind,atk,M8,0,1,7,elim,2026-01-29 11:00:00,1,VCT 2026: EMEA Kickoff,https://www.vlr.gg/594748/natus-vincere-vs-gentle-mates-vct-2026-emea-kickoff-ur3
NAVI,Bind,atk,M8,0,1,8,defus,2026-01-29 11:00:00,1,VCT 2026: EMEA Kickoff,https://www.vlr.gg/594748/natus-vincere-vs-gentle-mates-vct-2026-emea-kickoff-ur3
NAVI,Bind,atk,M8,0,1,9,elim,2026-01-29 11:00:00,1,VCT 2026: EMEA Kickoff,https://www.vlr.gg/594748/natus-vincere-vs-gentle-mates-vct-2026-emea-kickoff-ur3
NAVI,Bind,atk,M8,1,0,10,elim,2026-01-29 11:00:00,1,VCT 2026: EMEA Kickoff,https://www.vlr.gg/594748/natus-vincere-vs-gentle-mates-vct-2026-emea-kickoff-ur3
NAVI,Bind,atk,M8,1,0,11,elim,2026-01-29 11:00:00,1,VCT 2026: EMEA Kickoff,https://www.vlr.gg/594748/natus-vincere-vs-gentle-mates-vct-2026-emea-kickoff-ur3
NAVI,Bind,atk,M8,1,0,12,elim,2026-01-29 11:00:00,1,VCT 2026: EMEA Kickoff,https://www.vlr.gg/594748/natus-vincere-vs-gentle-mates-vct-2026-emea-kickoff-ur3
NAVI,Bind,def,M8,1,0,13,elim,2026-01-29 11:00:00,1,VCT 2026: EMEA Kickoff,https://www.vlr.gg/594748/natus-vincere-vs-gentle-mates-vct-2026-emea-kickoff-ur3
NAVI,Bind,def,M8,1,0,14,elim,2026-01-29 11:00:00,1,VCT 2026: EMEA Kickoff,https://www.vlr.gg/594748/natus-vincere-vs-gentle-mates-vct-2026-emea-kickoff-ur3
NAVI,Bind,def,M8,0,1,15,elim,2026-01-29 11:00:00,1,VCT 2026: EMEA Kickoff,https://www.vlr.gg/594748/natus-vincere-vs-gentle-mates-vct-2026-emea-kickoff-ur3
NAVI,Bind,def,M8,0,1,16,boom,2026-01-29 11:00:00,1,VCT 2026: EMEA Kickoff,https://www.vlr.gg/594748/natus-vincere-vs-gentle-mates-vct-2026-emea-kickoff-ur3
NAVI,Bind,def,M8,0,1,17,elim,2026-01-29 11:00:00,1,VCT 2026: EMEA Kickoff,https://www.vlr.gg/594748/natus-vincere-vs-gentle-mates-vct-2026-emea-kickoff-ur3
NAVI,Bind,def,M8,1,0,18,defus,2026-01-29 11:00:00,1,VCT 2026: EMEA Kickoff,https://www.vlr.gg/594748/natus-vincere-vs-gentle-mates-vct-2026-emea-kickoff-ur3
NAVI,Bind,def,M8,0,1,19,boom,2026-01-29 11:00:00,1,VCT 2026: EMEA Kickoff,https://www.vlr.gg/594748/natus-vincere-vs-gentle-mates-vct-2026-emea-kickoff-ur3
NAVI,Bind,def,M8,1,0,20,elim,2026-01-29 11:00:00,1,VCT 2026: EMEA Kickoff,https://www.vlr.gg/594748/natus-vincere-vs-gentle-mates-vct-2026-emea-kickoff-ur3
NAVI,Bind,def,M8,1,0,21,elim,2026-01-29 11:00:00,1,VCT 2026: EMEA Kickoff,https://www.vlr.gg/594748/natus-vincere-vs-gentle-mates-vct-2026-emea-kickoff-ur3
NAVI,Bind,def,M8,0,1,22,boom,2026-01-29 11:00:00,1,VCT 2026: EMEA Kickoff,https://www.vlr.gg/594748/natus-vincere-vs-gentle-mates-vct-2026-emea-kickoff-ur3
BBL,Haven,atk,VIT,1,0,1,elim,2026-01-29 13:20:00,0,VCT 2026: EMEA Kickoff,https://www.vlr.gg/594749/bbl-esports-vs-team-vitality-vct-2026-emea-kickoff-ur3
BBL,Haven,atk,VIT,1,0,2,boom,2026-01-29 13:20:00,0,VCT 2026: EMEA Kickoff,https://www.vlr.gg/594749/bbl-esports-vs-team-vitality-vct-2026-emea-kickoff-ur3
BBL,Haven,atk,VIT,1,0,3,elim,2026-01-29 13:20:00,0,VCT 2026: EMEA Kickoff,https://www.vlr.gg/594749/bbl-esports-vs-team-vitality-vct-2026-emea-kickoff-ur3
BBL,Haven,atk,VIT,1,0,4,elim,2026-01-29 13:20:00,0,VCT 2026: EMEA Kickoff,https://www.vlr.gg/594749/bbl-esports-vs-team-vitality-vct-2026-emea-kickoff-ur3
BBL,Haven,atk,VIT,0,1,5,defus,2026-01-29 13:20:00,0,VCT 2026: EMEA Kickoff,https://www.vlr.gg/594749/bbl-esports-vs-team-vitality-vct-2026-emea-kickoff-ur3
BBL,Haven,atk,VIT,0,1,6,defus,2026-01-29 13:20:00,0,VCT 2026: EMEA Kickoff,https://www.vlr.gg/594749/bbl-esports-vs-team-vitality-vct-2026-emea-kickoff-ur3
BBL,Haven,atk,VIT,0,1,7,elim,2026-01-29 13:20:00,0,VCT 2026: EMEA Kickoff,https://www.vlr.gg/594749/bbl-esports-vs-team-vitality-vct-2026-emea-kickoff-ur3
BBL,Haven,atk,VIT,0,1,8,defus,2026-01-29 13:20:00,0,VCT 2026: EMEA Kickoff,https://www.vlr.gg/594749/bbl-esports-vs-team-vitality-vct-2026-emea-kickoff-ur3
BBL,Haven,atk,VIT,0,1,9,defus,2026-01-29 13:20:00,0,VCT 2026: EMEA Kickoff,https://www.vlr.gg/594749/bbl-esports-vs-team-vitality-vct-2026-emea-kickoff-ur3
BBL,Haven,atk,VIT,1,0,10,elim,2026-01-29 13:20:00,0,VCT 2026: EMEA Kickoff,https://www.vlr.gg/594749/bbl-esports-vs-team-vitality-vct-2026-emea-kickoff-ur3
BBL,Haven,atk,VIT,0,1,11,defus,2026-01-29 13:20:00,0,VCT 2026: EMEA Kickoff,https://www.vlr.gg/594749/bbl-esports-vs-team-vitality-vct-2026-emea-kickoff-ur3
BBL,Haven,atk,VIT,1,0,12,boom,2026-01-29 13:20:00,0,VCT 2026: EMEA Kickoff,https://www.vlr.gg/594749/bbl-esports-vs-team-vitality-vct-2026-emea-kickoff-ur3
BBL,Haven,def,VIT,0,1,13,elim,2026-01-29 13:20:00,0,VCT 2026: EMEA Kickoff,https://www.vlr.gg/594749/bbl-esports-vs-team-vitality-vct-2026-emea-kickoff-ur3
BBL,Haven,def,VIT,1,0,14,defus,2026-01-29 13:20:00,0,VCT 2026: EMEA Kickoff,https://www.vlr.gg/594749/bbl-esports-vs-team-vitality-vct-2026-emea-kickoff-ur3
BBL,Haven,def,VIT,1,0,15,defus,2026-01-29 13:20:00,0,VCT 2026: EMEA Kickoff,https://www.vlr.gg/594749/bbl-esports-vs-team-vitality-vct-2026-emea-kickoff-ur3
BBL,Haven,def,VIT,1,0,16,elim,2026-01-29 13:20:00,0,VCT 2026: EMEA Kickoff,https://www.vlr.gg/594749/bbl-esports-vs-team-vitality-vct-2026-emea-kickoff-ur3
BBL,Haven,def,VIT,1,0,17,elim,2026-01-29 13:20:00,0,VCT 2026: EMEA Kickoff,https://www.vlr.gg/594749/bbl-esports-vs-team-vitality-vct-2026-emea-kickoff-ur3
BBL,Haven,def,VIT,1,0,18,tim,2026-01-29 13:20:00,0,VCT 2026: EMEA Kickoff,https://www.vlr.gg/594749/bbl-esports-vs-team-vitality-vct-2026-emea-kickoff-ur3
BBL,Haven,def,VIT,1,0,19,defus,2026-01-29 13:20:00,0,VCT 2026: EMEA Kickoff,https://www.vlr.gg/594749/bbl-esports-vs-team-vitality-vct-2026-emea-kickoff-ur3
BBL,Haven,def,VIT,0,1,20,elim,2026-01-29 13:20:00,0,VCT 2026: EMEA Kickoff,https://www.vlr.gg/594749/bbl-esports-vs-team-vitality-vct-2026-emea-kickoff-ur3
BBL,Haven,def,VIT,0,1,21,elim,2026-01-29 13:20:00,0,VCT 2026: EMEA Kickoff,https://www.vlr.gg/594749/bbl-esports-vs-team-vitality-vct-2026-emea-kickoff-ur3
BBL,Haven,def,VIT,1,0,22,elim,2026-01-29 13:20:00,0,VCT 2026: EMEA Kickoff,https://www.vlr.gg/594749/bbl-esports-vs-team-vitality-vct-2026-emea-kickoff-ur3
BBL,Abyss,atk,VIT,1,0,1,elim,2026-01-29 13:20:00,1,VCT 2026: EMEA Kickoff,https://www.vlr.gg/594749/bbl-esports-vs-team-vitality-vct-2026-emea-kickoff-ur3
BBL,Abyss,atk,VIT,1,0,2,elim,2026-01-29 13:20:00,1,VCT 2026: EMEA Kickoff,https://www.vlr.gg/594749/bbl-esports-vs-team-vitality-vct-2026-emea-kickoff-ur3
BBL,Abyss,atk,VIT,1,0,3,boom,2026-01-29 13:20:00,1,VCT 2026: EMEA Kickoff,https://www.vlr.gg/594749/bbl-esports-vs-team-vitality-vct-2026-emea-kickoff-ur3
BBL,Abyss,atk,VIT,0,1,4,defus,2026-01-29 13:20:00,1,VCT 2026: EMEA Kickoff,https://www.vlr.gg/594749/bbl-esports-vs-team-vitality-vct-2026-emea-kickoff-ur3
BBL,Abyss,atk,VIT,1,0,5,boom,2026-01-29 13:20:00,1,VCT 2026: EMEA Kickoff,https://www.vlr.gg/594749/bbl-esports-vs-team-vitality-vct-2026-emea-kickoff-ur3
BBL,Abyss,atk,VIT,0,1,6,defus,2026-01-29 13:20:00,1,VCT 2026: EMEA Kickoff,https://www.vlr.gg/594749/bbl-esports-vs-team-vitality-vct-2026-emea-kickoff-ur3
BBL,Abyss,atk,VIT,1,0,7,boom,2026-01-29 13:20:00,1,VCT 2026: EMEA Kickoff,https://www.vlr.gg/594749/bbl-esports-vs-team-vitality-vct-2026-emea-kickoff-ur3
BBL,Abyss,atk,VIT,1,0,8,boom,2026-01-29 13:20:00,1,VCT 2026: EMEA Kickoff,https://www.vlr.gg/594749/bbl-esports-vs-team-vitality-vct-2026-emea-kickoff-ur3
BBL,Abyss,atk,VIT,1,0,9,boom,2026-01-29 13:20:00,1,VCT 2026: EMEA Kickoff,https://www.vlr.gg/594749/bbl-esports-vs-team-vitality-vct-2026-emea-kickoff-ur3
BBL,Abyss,atk,VIT,0,1,10,defus,2026-01-29 13:20:00,1,VCT 2026: EMEA Kickoff,https://www.vlr.gg/594749/bbl-esports-vs-team-vitality-vct-2026-emea-kickoff-ur3
BBL,Abyss,atk,VIT,0,1,11,defus,2026-01-29 13:20:00,1,VCT 2026: EMEA Kickoff,https://www.vlr.gg/594749/bbl-esports-vs-team-vitality-vct-2026-emea-kickoff-ur3
BBL,Abyss,atk,VIT,1,0,12,elim,2026-01-29 13:20:00,1,VCT 2026: EMEA Kickoff,https://www.vlr.gg/594749/bbl-esports-vs-team-vitality-vct-2026-emea-kickoff-ur3
BBL,Abyss,def,VIT,1,0,13,elim,2026-01-29 13:20:00,1,VCT 2026: EMEA Kickoff,https://www.vlr.gg/594749/bbl-esports-vs-team-vitality-vct-2026-emea-kickoff-ur3
BBL,Abyss,def,VIT,1,0,14,defus,2026-01-29 13:20:00,1,VCT 2026: EMEA Kickoff,https://www.vlr.gg/594749/bbl-esports-vs-team-vitality-vct-2026-emea-kickoff-ur3
BBL,Abyss,def,VIT,0,1,15,elim,2026-01-29 13:20:00,1,VCT 2026: EMEA Kickoff,https://www.vlr.gg/594749/bbl-esports-vs-team-vitality-vct-2026-emea-kickoff-ur3
BBL,Abyss,def,VIT,0,1,16,boom,2026-01-29 13:20:00,1,VCT 2026: EMEA Kickoff,https://www.vlr.gg/594749/bbl-esports-vs-team-vitality-vct-2026-emea-kickoff-ur3
BBL,Abyss,def,VIT,1,0,17,defus,2026-01-29 13:20:00,1,VCT 2026: EMEA Kickoff,https://www.vlr.gg/594749/bbl-esports-vs-team-vitality-vct-2026-emea-kickoff-ur3
BBL,Abyss,def,VIT,0,1,18,boom,2026-01-29 13:20:00,1,VCT 2026: EMEA Kickoff,https://www.vlr.gg/594749/bbl-esports-vs-team-vitality-vct-2026-emea-kickoff-ur3
BBL,Abyss,def,VIT,0,1,19,boom,2026-01-29 13:20:00,1,VCT 2026: EMEA Kickoff,https://www.vlr.gg/594749/bbl-esports-vs-team-vitality-vct-2026-emea-kickoff-ur3
BBL,Abyss,def,VIT,1,0,20,elim,2026-01-29 13:20:00,1,VCT 2026: EMEA Kickoff,https://www.vlr.gg/594749/bbl-esports-vs-team-vitality-vct-2026-emea-kickoff-ur3
BBL,Abyss,def,VIT,1,0,21,elim,2026-01-29 13:20:00,1,VCT 2026: EMEA Kickoff,https://www.vlr.gg/594749/bbl-esports-vs-team-vitality-vct-2026-emea-kickoff-ur3
TL,Corrode,atk,FNC,0,1,13,elim,2026-01-30 11:00:00,0,VCT 2026: EMEA Kickoff,https://www.vlr.gg/594755/team-liquid-vs-fnatic-vct-2026-emea-kickoff-mr2
TL,Corrode,atk,FNC,0,1,14,defus,2026-01-30 11:00:00,0,VCT 2026: EMEA Kickoff,https://www.vlr.gg/594755/team-liquid-vs-fnatic-vct-2026-emea-kickoff-mr2
TL,Corrode,atk,FNC,0,1,15,elim,2026-01-30 11:00:00,0,VCT 2026: EMEA Kickoff,https://www.vlr.gg/594755/team-liquid-vs-fnatic-vct-2026-emea-kickoff-mr2
TL,Corrode,atk,FNC,0,1,16,defus,2026-01-30 11:00:00,0,VCT 2026: EMEA Kickoff,https://www.vlr.gg/594755/team-liquid-vs-fnatic-vct-2026-emea-kickoff-mr2
TL,Corrode,atk,FNC,0,1,17,defus,2026-01-30 11:00:00,0,VCT 2026: EMEA Kickoff,https://www.vlr.gg/594755/team-liquid-vs-fnatic-vct-2026-emea-kickoff-mr2
TL,Corrode,atk,FNC,0,1,18,elim,2026-01-30 11:00:00,0,VCT 2026: EMEA Kickoff,https://www.vlr.gg/594755/team-liquid-vs-fnatic-vct-2026-emea-kickoff-mr2
TL,Corrode,def,FNC,0,1,1,elim,2026-01-30 11:00:00,0,VCT 2026: EMEA Kickoff,https://www.vlr.gg/594755/team-liquid-vs-fnatic-vct-2026-emea-kickoff-mr2
TL,Corrode,def,FNC,0,1,2,elim,2026-01-30 11:00:00,0,VCT 2026: EMEA Kickoff,https://www.vlr.gg/594755/team-liquid-vs-fnatic-vct-2026-emea-kickoff-mr2
TL,Corrode,def,FNC,1,0,3,elim,2026-01-30 11:00:00,0,VCT 2026: EMEA Kickoff,https://www.vlr.gg/594755/team-liquid-vs-fnatic-vct-2026-emea-kickoff-mr2
TL,Corrode,def,FNC,0,1,4,elim,2026-01-30 11:00:00,0,VCT 2026: EMEA Kickoff,https://www.vlr.gg/594755/team-liquid-vs-fnatic-vct-2026-emea-kickoff-mr2
TL,Corrode,def,FNC,1,0,5,defus,2026-01-30 11:00:00,0,VCT 2026: EMEA Kickoff,https://www.vlr.gg/594755/team-liquid-vs-fnatic-vct-2026-emea-kickoff-mr2
TL,Corrode,def,FNC,1,0,6,elim,2026-01-30 11:00:00,0,VCT 2026: EMEA Kickoff,https://www.vlr.gg/594755/team-liquid-vs-fnatic-vct-2026-emea-kickoff-mr2
TL,Corrode,def,FNC,0,1,7,elim,2026-01-30 11:00:00,0,VCT 2026: EMEA Kickoff,https://www.vlr.gg/594755/team-liquid-vs-fnatic-vct-2026-emea-kickoff-mr2
TL,Corrode,def,FNC,0,1,8,elim,2026-01-30 11:00:00,0,VCT 2026: EMEA Kickoff,https://www.vlr.gg/594755/team-liquid-vs-fnatic-vct-2026-emea-kickoff-mr2
TL,Corrode,def,FNC,1,0,9,elim,2026-01-30 11:00:00,0,VCT 2026: EMEA Kickoff,https://www.vlr.gg/594755/team-liquid-vs-fnatic-vct-2026-emea-kickoff-mr2
TL,Corrode,def,FNC,0,1,10,boom,2026-01-30 11:00:00,0,VCT 2026: EMEA Kickoff,https://www.vlr.gg/594755/team-liquid-vs-fnatic-vct-2026-emea-kickoff-mr2
TL,Corrode,def,FNC,0,1,11,boom,2026-01-30 11:00:00,0,VCT 2026: EMEA Kickoff,https://www.vlr.gg/594755/team-liquid-vs-fnatic-vct-2026-emea-kickoff-mr2
TL,Corrode,def,FNC,1,0,12,elim,2026-01-30 11:00:00,0,VCT 2026: EMEA Kickoff,https://www.vlr.gg/594755/team-liquid-vs-fnatic-vct-2026-emea-kickoff-mr2
TL,Split,atk,FNC,1,0,13,elim,2026-01-30 11:00:00,1,VCT 2026: EMEA Kickoff,https://www.vlr.gg/594755/team-liquid-vs-fnatic-vct-2026-emea-kickoff-mr2
TL,Split,atk,FNC,1,0,14,elim,2026-01-30 11:00:00,1,VCT 2026: EMEA Kickoff,https://www.vlr.gg/594755/team-liquid-vs-fnatic-vct-2026-emea-kickoff-mr2
TL,Split,atk,FNC,0,1,15,elim,2026-01-30 11:00:00,1,VCT 2026: EMEA Kickoff,https://www.vlr.gg/594755/team-liquid-vs-fnatic-vct-2026-emea-kickoff-mr2
TL,Split,atk,FNC,1,0,16,elim,2026-01-30 11:00:00,1,VCT 2026: EMEA Kickoff,https://www.vlr.gg/594755/team-liquid-vs-fnatic-vct-2026-emea-kickoff-mr2
TL,Split,atk,FNC,1,0,17,elim,2026-01-30 11:00:00,1,VCT 2026: EMEA Kickoff,https://www.vlr.gg/594755/team-liquid-vs-fnatic-vct-2026-emea-kickoff-mr2
TL,Split,atk,FNC,0,1,18,defus,2026-01-30 11:00:00,1,VCT 2026: EMEA Kickoff,https://www.vlr.gg/594755/team-liquid-vs-fnatic-vct-2026-emea-kickoff-mr2
TL,Split,atk,FNC,1,0,19,boom,2026-01-30 11:00:00,1,VCT 2026: EMEA Kickoff,https://www.vlr.gg/594755/team-liquid-vs-fnatic-vct-2026-emea-kickoff-mr2
TL,Split,atk,FNC,1,0,20,elim,2026-01-30 11:00:00,1,VCT 2026: EMEA Kickoff,https://www.vlr.gg/594755/team-liquid-vs-fnatic-vct-2026-emea-kickoff-mr2
TL,Split,atk,FNC,0,1,21,elim,2026-01-30 11:00:00,1,VCT 2026: EMEA Kickoff,https://www.vlr.gg/594755/team-liquid-vs-fnatic-vct-2026-emea-kickoff-mr2
TL,Split,atk,FNC,0,1,22,elim,2026-01-30 11:00:00,1,VCT 2026: EMEA Kickoff,https://www.vlr.gg/594755/team-liquid-vs-fnatic-vct-2026-emea-kickoff-mr2
TL,Split,def,FNC,0,1,1,elim,2026-01-30 11:00:00,1,VCT 2026: EMEA Kickoff,https://www.vlr.gg/594755/team-liquid-vs-fnatic-vct-2026-emea-kickoff-mr2
TL,Split,def,FNC,0,1,2,elim,2026-01-30 11:00:00,1,VCT 2026: EMEA Kickoff,https://www.vlr.gg/594755/team-liquid-vs-fnatic-vct-2026-emea-kickoff-mr2
TL,Split,def,FNC,0,1,3,boom,2026-01-30 11:00:00,1,VCT 2026: EMEA Kickoff,https://www.vlr.gg/594755/team-liquid-vs-fnatic-vct-2026-emea-kickoff-mr2
TL,Split,def,FNC,1,0,4,defus,2026-01-30 11:00:00,1,VCT 2026: EMEA Kickoff,https://www.vlr.gg/594755/team-liquid-vs-fnatic-vct-2026-emea-kickoff-mr2
TL,Split,def,FNC,0,1,5,boom,2026-01-30 11:00:00,1,VCT 2026: EMEA Kickoff,https://www.vlr.gg/594755/team-liquid-vs-fnatic-vct-2026-emea-kickoff-mr2
TL,Split,def,FNC,0,1,6,boom,2026-01-30 11:00:00,1,VCT 2026: EMEA Kickoff,https://www.vlr.gg/594755/team-liquid-vs-fnatic-vct-2026-emea-kickoff-mr2
TL,Split,def,FNC,0,1,7,elim,2026-01-30 11:00:00,1,VCT 2026: EMEA Kickoff,https://www.vlr.gg/594755/team-liquid-vs-fnatic-vct-2026-emea-kickoff-mr2
TL,Split,def,FNC,1,0,8,defus,2026-01-30 11:00:00,1,VCT 2026: EMEA Kickoff,https://www.vlr.gg/594755/team-liquid-vs-fnatic-vct-2026-emea-kickoff-mr2
TL,Split,def,FNC,0,1,9,elim,2026-01-30 11:00:00,1,VCT 2026: EMEA Kickoff,https://www.vlr.gg/594755/team-liquid-vs-fnatic-vct-2026-emea-kickoff-mr2
TL,Split,def,FNC,1,0,10,defus,2026-01-30 11:00:00,1,VCT 2026: EMEA Kickoff,https://www.vlr.gg/594755/team-liquid-vs-fnatic-vct-2026-emea-kickoff-mr2
TL,Split,def,FNC,0,1,11,boom,2026-01-30 11:00:00,1,VCT 2026: EMEA Kickoff,https://www.vlr.gg/594755/team-liquid-vs-fnatic-vct-2026-emea-kickoff-mr2
TL,Split,def,FNC,0,1,12,elim,2026-01-30 11:00:00,1,VCT 2026: EMEA Kickoff,https://www.vlr.gg/594755/team-liquid-vs-fnatic-vct-2026-emea-kickoff-mr2
GX,Abyss,atk,TH,0,1,13,defus,2026-01-30 13:20:00,0,VCT 2026: EMEA Kickoff,https://www.vlr.gg/594756/giantx-vs-team-heretics-vct-2026-emea-kickoff-mr2
GX,Abyss,atk,TH,0,1,14,defus,2026-01-30 13:20:00,0,VCT 2026: EMEA Kickoff,https://www.vlr.gg/594756/giantx-vs-team-heretics-vct-2026-emea-kickoff-mr2
GX,Abyss,atk,TH,0,1,15,elim,2026-01-30 13:20:00,0,VCT 2026: EMEA Kickoff,https://www.vlr.gg/594756/giantx-vs-team-heretics-vct-2026-emea-kickoff-mr2
GX,Abyss,atk,TH,1,0,16,elim,2026-01-30 13:20:00,0,VCT 2026: EMEA Kickoff,https://www.vlr.gg/594756/giantx-vs-team-heretics-vct-2026-emea-kickoff-mr2
GX,Abyss,atk,TH,0,1,17,defus,2026-01-30 13:20:00,0,VCT 2026: EMEA Kickoff,https://www.vlr.gg/594756/giantx-vs-team-heretics-vct-2026-emea-kickoff-mr2
GX,Abyss,atk,TH,1,0,18,boom,2026-01-30 13:20:00,0,VCT 2026: EMEA Kickoff,https://www.vlr.gg/594756/giantx-vs-team-heretics-vct-2026-emea-kickoff-mr2
GX,Abyss,atk,TH,1,0,19,elim,2026-01-30 13:20:00,0,VCT 2026: EMEA Kickoff,https://www.vlr.gg/594756/giantx-vs-team-heretics-vct-2026-emea-kickoff-mr2
GX,Abyss,atk,TH,1,0,20,elim,2026-01-30 13:20:00,0,VCT 2026: EMEA Kickoff,https://www.vlr.gg/594756/giantx-vs-team-heretics-vct-2026-emea-kickoff-mr2
GX,Abyss,atk,TH,1,0,21,elim,2026-01-30 13:20:00,0,VCT 2026: EMEA Kickoff,https://www.vlr.gg/594756/giantx-vs-team-heretics-vct-2026-emea-kickoff-mr2
GX,Abyss,atk,TH,1,0,22,elim,2026-01-30 13:20:00,0,VCT 2026: EMEA Kickoff,https://www.vlr.gg/594756/giantx-vs-team-heretics-vct-2026-emea-kickoff-mr2
GX,Abyss,atk,TH,1,0,23,elim,2026-01-30 13:20:00,0,VCT 2026: EMEA Kickoff,https://www.vlr.gg/594756/giantx-vs-team-heretics-vct-2026-emea-kickoff-mr2
GX,Abyss,def,TH,1,0,1,defus,2026-01-30 13:20:00,0,VCT 2026: EMEA Kickoff,https://www.vlr.gg/594756/giantx-vs-team-heretics-vct-2026-emea-kickoff-mr2
GX,Abyss,def,TH,1,0,2,defus,2026-01-30 13:20:00,0,VCT 2026: EMEA Kickoff,https://www.vlr.gg/594756/giantx-vs-team-heretics-vct-2026-emea-kickoff-mr2
GX,Abyss,def,TH,1,0,3,elim,2026-01-30 13:20:00,0,VCT 2026: EMEA Kickoff,https://www.vlr.gg/594756/giantx-vs-team-heretics-vct-2026-emea-kickoff-mr2
GX,Abyss,def,TH,0,1,4,elim,2026-01-30 13:20:00,0,VCT 2026: EMEA Kickoff,https://www.vlr.gg/594756/giantx-vs-team-heretics-vct-2026-emea-kickoff-mr2
GX,Abyss,def,TH,1,0,5,elim,2026-01-30 13:20:00,0,VCT 2026: EMEA Kickoff,https://www.vlr.gg/594756/giantx-vs-team-heretics-vct-2026-emea-kickoff-mr2
GX,Abyss,def,TH,0,1,6,elim,2026-01-30 13:20:00,0,VCT 2026: EMEA Kickoff,https://www.vlr.gg/594756/giantx-vs-team-heretics-vct-2026-emea-kickoff-mr2
GX,Abyss,def,TH,0,1,7,elim,2026-01-30 13:20:00,0,VCT 2026: EMEA Kickoff,https://www.vlr.gg/594756/giantx-vs-team-heretics-vct-2026-emea-kickoff-mr2
GX,Abyss,def,TH,0,1,8,boom,2026-01-30 13:20:00,0,VCT 2026: EMEA Kickoff,https://www.vlr.gg/594756/giantx-vs-team-heretics-vct-2026-emea-kickoff-mr2
GX,Abyss,def,TH,1,0,9,defus,2026-01-30 13:20:00,0,VCT 2026: EMEA Kickoff,https://www.vlr.gg/594756/giantx-vs-team-heretics-vct-2026-emea-kickoff-mr2
GX,Abyss,def,TH,1,0,10,elim,2026-01-30 13:20:00,0,VCT 2026: EMEA Kickoff,https://www.vlr.gg/594756/giantx-vs-team-heretics-vct-2026-emea-kickoff-mr2
GX,Abyss,def,TH,0,1,11,elim,2026-01-30 13:20:00,0,VCT 2026: EMEA Kickoff,https://www.vlr.gg/594756/giantx-vs-team-heretics-vct-2026-emea-kickoff-mr2
GX,Abyss,def,TH,0,1,12,elim,2026-01-30 13:20:00,0,VCT 2026: EMEA Kickoff,https://www.vlr.gg/594756/giantx-vs-team-heretics-vct-2026-emea-kickoff-mr2
GX,Haven,atk,TH,1,0,13,elim,2026-01-30 13:20:00,1,VCT 2026: EMEA Kickoff,https://www.vlr.gg/594756/giantx-vs-team-heretics-vct-2026-emea-kickoff-mr2
GX,Haven,atk,TH,1,0,14,elim,2026-01-30 13:20:00,1,VCT 2026: EMEA Kickoff,https://www.vlr.gg/594756/giantx-vs-team-heretics-vct-2026-emea-kickoff-mr2
GX,Haven,atk,TH,0,1,15,defus,2026-01-30 13:20:00,1,VCT 2026: EMEA Kickoff,https://www.vlr.gg/594756/giantx-vs-team-heretics-vct-2026-emea-kickoff-mr2
GX,Haven,atk,TH,1,0,16,elim,2026-01-30 13:20:00,1,VCT 2026: EMEA Kickoff,https://www.vlr.gg/594756/giantx-vs-team-heretics-vct-2026-emea-kickoff-mr2
GX,Haven,atk,TH,1,0,17,elim,2026-01-30 13:20:00,1,VCT 2026: EMEA Kickoff,https://www.vlr.gg/594756/giantx-vs-team-heretics-vct-2026-emea-kickoff-mr2
GX,Haven,atk,TH,1,0,18,boom,2026-01-30 13:20:00,1,VCT 2026: EMEA Kickoff,https://www.vlr.gg/594756/giantx-vs-team-heretics-vct-2026-emea-kickoff-mr2
GX,Haven,atk,TH,0,1,19,defus,2026-01-30 13:20:00,1,VCT 2026: EMEA Kickoff,https://www.vlr.gg/594756/giantx-vs-team-heretics-vct-2026-emea-kickoff-mr2
GX,Haven,atk,TH,1,0,20,elim,2026-01-30 13:20:00,1,VCT 2026: EMEA Kickoff,https://www.vlr.gg/594756/giantx-vs-team-heretics-vct-2026-emea-kickoff-mr2
GX,Haven,def,TH,0,1,1,elim,2026-01-30 13:20:00,1,VCT 2026: EMEA Kickoff,https://www.vlr.gg/594756/giantx-vs-team-heretics-vct-2026-emea-kickoff-mr2
GX,Haven,def,TH,1,0,2,defus,2026-01-30 13:20:00,1,VCT 2026: EMEA Kickoff,https://www.vlr.gg/594756/giantx-vs-team-heretics-vct-2026-emea-kickoff-mr2
GX,Haven,def,TH,1,0,3,elim,2026-01-30 13:20:00,1,VCT 2026: EMEA Kickoff,https://www.vlr.gg/594756/giantx-vs-team-heretics-vct-2026-emea-kickoff-mr2
GX,Haven,def,TH,1,0,4,defus,2026-01-30 13:20:00,1,VCT 2026: EMEA Kickoff,https://www.vlr.gg/594756/giantx-vs-team-heretics-vct-2026-emea-kickoff-mr2
GX,Haven,def,TH,1,0,5,elim,2026-01-30 13:20:00,1,VCT 2026: EMEA Kickoff,https://www.vlr.gg/594756/giantx-vs-team-heretics-vct-2026-emea-kickoff-mr2
GX,Haven,def,TH,1,0,6,elim,2026-01-30 13:20:00,1,VCT 2026: EMEA Kickoff,https://www.vlr.gg/594756/giantx-vs-team-heretics-vct-2026-emea-kickoff-mr2
GX,Haven,def,TH,0,1,7,elim,2026-01-30 13:20:00,1,VCT 2026: EMEA Kickoff,https://www.vlr.gg/594756/giantx-vs-team-heretics-vct-2026-emea-kickoff-mr2
GX,Haven,def,TH,0,1,8,boom,2026-01-30 13:20:00,1,VCT 2026: EMEA Kickoff,https://www.vlr.gg/594756/giantx-vs-team-heretics-vct-2026-emea-kickoff-mr2
GX,Haven,def,TH,1,0,9,defus,2026-01-30 13:20:00,1,VCT 2026: EMEA Kickoff,https://www.vlr.gg/594756/giantx-vs-team-heretics-vct-2026-emea-kickoff-mr2
GX,Haven,def,TH,0,1,10,elim,2026-01-30 13:20:00,1,VCT 2026: EMEA Kickoff,https://www.vlr.gg/594756/giantx-vs-team-heretics-vct-2026-emea-kickoff-mr2
GX,Haven,def,TH,1,0,11,elim,2026-01-30 13:20:00,1,VCT 2026: EMEA Kickoff,https://www.vlr.gg/594756/giantx-vs-team-heretics-vct-2026-emea-kickoff-mr2
GX,Haven,def,TH,0,1,12,elim,2026-01-30 13:20:00,1,VCT 2026: EMEA Kickoff,https://www.vlr.gg/594756/giantx-vs-team-heretics-vct-2026-emea-kickoff-mr2
KC,Haven,atk,FUT,0,1,13,elim,2026-02-03 11:00:00,0,VCT 2026: EMEA Kickoff,https://www.vlr.gg/594761/karmine-corp-vs-fut-esports-vct-2026-emea-kickoff-lr1
KC,Haven,atk,FUT,0,1,14,elim,2026-02-03 11:00:00,0,VCT 2026: EMEA Kickoff,https://www.vlr.gg/594761/karmine-corp-vs-fut-esports-vct-2026-emea-kickoff-lr1
KC,Haven,atk,FUT,1,0,15,elim,2026-02-03 11:00:00,0,VCT 2026: EMEA Kickoff,https://www.vlr.gg/594761/karmine-corp-vs-fut-esports-vct-2026-emea-kickoff-lr1
KC,Haven,atk,FUT,1,0,16,boom,2026-02-03 11:00:00,0,VCT 2026: EMEA Kickoff,https://www.vlr.gg/594761/karmine-corp-vs-fut-esports-vct-2026-emea-kickoff-lr1
KC,Haven,atk,FUT,0,1,17,defus,2026-02-03 11:00:00,0,VCT 2026: EMEA Kickoff,https://www.vlr.gg/594761/karmine-corp-vs-fut-esports-vct-2026-emea-kickoff-lr1
KC,Haven,atk,FUT,0,1,18,elim,2026-02-03 11:00:00,0,VCT 2026: EMEA Kickoff,https://www.vlr.gg/594761/karmine-corp-vs-fut-esports-vct-2026-emea-kickoff-lr1
KC,Haven,atk,FUT,1,0,19,elim,2026-02-03 11:00:00,0,VCT 2026: EMEA Kickoff,https://www.vlr.gg/594761/karmine-corp-vs-fut-esports-vct-2026-emea-kickoff-lr1
KC,Haven,atk,FUT,1,0,20,elim,2026-02-03 11:00:00,0,VCT 2026: EMEA Kickoff,https://www.vlr.gg/594761/karmine-corp-vs-fut-esports-vct-2026-emea-kickoff-lr1
KC,Haven,atk,FUT,1,0,21,elim,2026-02-03 11:00:00,0,VCT 2026: EMEA Kickoff,https://www.vlr.gg/594761/karmine-corp-vs-fut-esports-vct-2026-emea-kickoff-lr1
KC,Haven,atk,FUT,0,1,22,defus,2026-02-03 11:00:00,0,VCT 2026: EMEA Kickoff,https://www.vlr.gg/594761/karmine-corp-vs-fut-esports-vct-2026-emea-kickoff-lr1
KC,Haven,atk,FUT,0,1,23,tim,2026-02-03 11:00:00,0,VCT 2026: EMEA Kickoff,https://www.vlr.gg/594761/karmine-corp-vs-fut-esports-vct-2026-emea-kickoff-lr1
KC,Haven,atk,FUT,0,1,24,defus,2026-02-03 11:00:00,0,VCT 2026: EMEA Kickoff,https://www.vlr.gg/594761/karmine-corp-vs-fut-esports-vct-2026-emea-kickoff-lr1
KC,Haven,atk,FUT,1,0,26,elim,2026-02-03 11:00:00,0,VCT 2026: EMEA Kickoff,https://www.vlr.gg/594761/karmine-corp-vs-fut-esports-vct-2026-emea-kickoff-lr1
KC,Haven,def,FUT,1,0,1,elim,2026-02-03 11:00:00,0,VCT 2026: EMEA Kickoff,https://www.vlr.gg/594761/karmine-corp-vs-fut-esports-vct-2026-emea-kickoff-lr1
KC,Haven,def,FUT,1,0,2,defus,2026-02-03 11:00:00,0,VCT 2026: EMEA Kickoff,https://www.vlr.gg/594761/karmine-corp-vs-fut-esports-vct-2026-emea-kickoff-lr1
KC,Haven,def,FUT,1,0,3,defus,2026-02-03 11:00:00,0,VCT 2026: EMEA Kickoff,https://www.vlr.gg/594761/karmine-corp-vs-fut-esports-vct-2026-emea-kickoff-lr1
KC,Haven,def,FUT,0,1,4,elim,2026-02-03 11:00:00,0,VCT 2026: EMEA Kickoff,https://www.vlr.gg/594761/karmine-corp-vs-fut-esports-vct-2026-emea-kickoff-lr1
KC,Haven,def,FUT,1,0,5,tim,2026-02-03 11:00:00,0,VCT 2026: EMEA Kickoff,https://www.vlr.gg/594761/karmine-corp-vs-fut-esports-vct-2026-emea-kickoff-lr1
KC,Haven,def,FUT,1,0,6,elim,2026-02-03 11:00:00,0,VCT 2026: EMEA Kickoff,https://www.vlr.gg/594761/karmine-corp-vs-fut-esports-vct-2026-emea-kickoff-lr1
KC,Haven,def,FUT,1,0,7,defus,2026-02-03 11:00:00,0,VCT 2026: EMEA Kickoff,https://www.vlr.gg/594761/karmine-corp-vs-fut-esports-vct-2026-emea-kickoff-lr1
KC,Haven,def,FUT,0,1,8,elim,2026-02-03 11:00:00,0,VCT 2026: EMEA Kickoff,https://www.vlr.gg/594761/karmine-corp-vs-fut-esports-vct-2026-emea-kickoff-lr1
KC,Haven,def,FUT,0,1,9,boom,2026-02-03 11:00:00,0,VCT 2026: EMEA Kickoff,https://www.vlr.gg/594761/karmine-corp-vs-fut-esports-vct-2026-emea-kickoff-lr1
KC,Haven,def,FUT,0,1,10,elim,2026-02-03 11:00:00,0,VCT 2026: EMEA Kickoff,https://www.vlr.gg/594761/karmine-corp-vs-fut-esports-vct-2026-emea-kickoff-lr1
KC,Haven,def,FUT,0,1,11,elim,2026-02-03 11:00:00,0,VCT 2026: EMEA Kickoff,https://www.vlr.gg/594761/karmine-corp-vs-fut-esports-vct-2026-emea-kickoff-lr1
KC,Haven,def,FUT,1,0,12,defus,2026-02-03 11:00:00,0,VCT 2026: EMEA Kickoff,https://www.vlr.gg/594761/karmine-corp-vs-fut-esports-vct-2026-emea-kickoff-lr1
KC,Haven,def,FUT,1,0,25,defus,2026-02-03 11:00:00,0,VCT 2026: EMEA Kickoff,https://www.vlr.gg/594761/karmine-corp-vs-fut-esports-vct-2026-emea-kickoff-lr1
KC,Split,atk,FUT,0,1,1,elim,2026-02-03 11:00:00,1,VCT 2026: EMEA Kickoff,https://www.vlr.gg/594761/karmine-corp-vs-fut-esports-vct-2026-emea-kickoff-lr1
KC,Split,atk,FUT,0,1,2,elim,2026-02-03 11:00:00,1,VCT 2026: EMEA Kickoff,https://www.vlr.gg/594761/karmine-corp-vs-fut-esports-vct-2026-emea-kickoff-lr1
KC,Split,atk,FUT,1,0,3,elim,2026-02-03 11:00:00,1,VCT 2026: EMEA Kickoff,https://www.vlr.gg/594761/karmine-corp-vs-fut-esports-vct-2026-emea-kickoff-lr1
KC,Split,atk,FUT,0,1,4,tim,2026-02-03 11:00:00,1,VCT 2026: EMEA Kickoff,https://www.vlr.gg/594761/karmine-corp-vs-fut-esports-vct-2026-emea-kickoff-lr1
KC,Split,atk,FUT,0,1,5,defus,2026-02-03 11:00:00,1,VCT 2026: EMEA Kickoff,https://www.vlr.gg/594761/karmine-corp-vs-fut-esports-vct-2026-emea-kickoff-lr1
KC,Split,atk,FUT,0,1,6,elim,2026-02-03 11:00:00,1,VCT 2026: EMEA Kickoff,https://www.vlr.gg/594761/karmine-corp-vs-fut-esports-vct-2026-emea-kickoff-lr1
KC,Split,atk,FUT,1,0,7,elim,2026-02-03 11:00:00,1,VCT 2026: EMEA Kickoff,https://www.vlr.gg/594761/karmine-corp-vs-fut-esports-vct-2026-emea-kickoff-lr1
KC,Split,atk,FUT,1,0,8,boom,2026-02-03 11:00:00,1,VCT 2026: EMEA Kickoff,https://www.vlr.gg/594761/karmine-corp-vs-fut-esports-vct-2026-emea-kickoff-lr1
KC,Split,atk,FUT,1,0,9,elim,2026-02-03 11:00:00,1,VCT 2026: EMEA Kickoff,https://www.vlr.gg/594761/karmine-corp-vs-fut-esports-vct-2026-emea-kickoff-lr1
KC,Split,atk,FUT,1,0,10,boom,2026-02-03 11:00:00,1,VCT 2026: EMEA Kickoff,https://www.vlr.gg/594761/karmine-corp-vs-fut-esports-vct-2026-emea-kickoff-lr1
KC,Split,atk,FUT,0,1,11,elim,2026-02-03 11:00:00,1,VCT 2026: EMEA Kickoff,https://www.vlr.gg/594761/karmine-corp-vs-fut-esports-vct-2026-emea-kickoff-lr1
KC,Split,atk,FUT,0,1,12,tim,2026-02-03 11:00:00,1,VCT 2026: EMEA Kickoff,https://www.vlr.gg/594761/karmine-corp-vs-fut-esports-vct-2026-emea-kickoff-lr1
KC,Split,def,FUT,0,1,13,elim,2026-02-03 11:00:00,1,VCT 2026: EMEA Kickoff,https://www.vlr.gg/594761/karmine-corp-vs-fut-esports-vct-2026-emea-kickoff-lr1
KC,Split,def,FUT,0,1,14,elim,2026-02-03 11:00:00,1,VCT 2026: EMEA Kickoff,https://www.vlr.gg/594761/karmine-corp-vs-fut-esports-vct-2026-emea-kickoff-lr1
KC,Split,def,FUT,1,0,15,elim,2026-02-03 11:00:00,1,VCT 2026: EMEA Kickoff,https://www.vlr.gg/594761/karmine-corp-vs-fut-esports-vct-2026-emea-kickoff-lr1
KC,Split,def,FUT,1,0,16,defus,2026-02-03 11:00:00,1,VCT 2026: EMEA Kickoff,https://www.vlr.gg/594761/karmine-corp-vs-fut-esports-vct-2026-emea-kickoff-lr1
KC,Split,def,FUT,1,0,17,elim,2026-02-03 11:00:00,1,VCT 2026: EMEA Kickoff,https://www.vlr.gg/594761/karmine-corp-vs-fut-esports-vct-2026-emea-kickoff-lr1
KC,Split,def,FUT,0,1,18,boom,2026-02-03 11:00:00,1,VCT 2026: EMEA Kickoff,https://www.vlr.gg/594761/karmine-corp-vs-fut-esports-vct-2026-emea-kickoff-lr1
KC,Split,def,FUT,0,1,19,elim,2026-02-03 11:00:00,1,VCT 2026: EMEA Kickoff,https://www.vlr.gg/594761/karmine-corp-vs-fut-esports-vct-2026-emea-kickoff-lr1
KC,Split,def,FUT,0,1,20,elim,2026-02-03 11:00:00,1,VCT 2026: EMEA Kickoff,https://www.vlr.gg/594761/karmine-corp-vs-fut-esports-vct-2026-emea-kickoff-lr1
KC,Split,def,FUT,0,1,21,elim,2026-02-03 11:00:00,1,VCT 2026: EMEA Kickoff,https://www.vlr.gg/594761/karmine-corp-vs-fut-esports-vct-2026-emea-kickoff-lr1
KC,Pearl,atk,FUT,1,0,13,elim,2026-02-03 11:00:00,2,VCT 2026: EMEA Kickoff,https://www.vlr.gg/594761/karmine-corp-vs-fut-esports-vct-2026-emea-kickoff-lr1
KC,Pearl,atk,FUT,1,0,14,boom,2026-02-03 11:00:00,2,VCT 2026: EMEA Kickoff,https://www.vlr.gg/594761/karmine-corp-vs-fut-esports-vct-2026-emea-kickoff-lr1
KC,Pearl,atk,FUT,1,0,15,boom,2026-02-03 11:00:00,2,VCT 2026: EMEA Kickoff,https://www.vlr.gg/594761/karmine-corp-vs-fut-esports-vct-2026-emea-kickoff-lr1
KC,Pearl,atk,FUT,0,1,16,elim,2026-02-03 11:00:00,2,VCT 2026: EMEA Kickoff,https://www.vlr.gg/594761/karmine-corp-vs-fut-esports-vct-2026-emea-kickoff-lr1
KC,Pearl,atk,FUT,0,1,17,elim,2026-02-03 11:00:00,2,VCT 2026: EMEA Kickoff,https://www.vlr.gg/594761/karmine-corp-vs-fut-esports-vct-2026-emea-kickoff-lr1
KC,Pearl,atk,FUT,1,0,18,elim,2026-02-03 11:00:00,2,VCT 2026: EMEA Kickoff,https://www.vlr.gg/594761/karmine-corp-vs-fut-esports-vct-2026-emea-kickoff-lr1
KC,Pearl,atk,FUT,1,0,19,boom,2026-02-03 11:00:00,2,VCT 2026: EMEA Kickoff,https://www.vlr.gg/594761/karmine-corp-vs-fut-esports-vct-2026-emea-kickoff-lr1
KC,Pearl,atk,FUT,1,0,20,elim,2026-02-03 11:00:00,2,VCT 2026: EMEA Kickoff,https://www.vlr.gg/594761/karmine-corp-vs-fut-esports-vct-2026-emea-kickoff-lr1
KC,Pearl,def,FUT,1,0,1,defus,2026-02-03 11:00:00,2,VCT 2026: EMEA Kickoff,https://www.vlr.gg/594761/karmine-corp-vs-fut-esports-vct-2026-emea-kickoff-lr1
KC,Pearl,def,FUT,1,0,2,elim,2026-02-03 11:00:00,2,VCT 2026: EMEA Kickoff,https://www.vlr.gg/594761/karmine-corp-vs-fut-esports-vct-2026-emea-kickoff-lr1
KC,Pearl,def,FUT,0,1,3,elim,2026-02-03 11:00:00,2,VCT 2026: EMEA Kickoff,https://www.vlr.gg/594761/karmine-corp-vs-fut-esports-vct-2026-emea-kickoff-lr1
KC,Pearl,def,FUT,1,0,4,elim,2026-02-03 11:00:00,2,VCT 2026: EMEA Kickoff,https://www.vlr.gg/594761/karmine-corp-vs-fut-esports-vct-2026-emea-kickoff-lr1
KC,Pearl,def,FUT,1,0,5,elim,2026-02-03 11:00:00,2,VCT 2026: EMEA Kickoff,https://www.vlr.gg/594761/karmine-corp-vs-fut-esports-vct-2026-emea-kickoff-lr1
KC,Pearl,def,FUT,1,0,6,defus,2026-02-03 11:00:00,2,VCT 2026: EMEA Kickoff,https://www.vlr.gg/594761/karmine-corp-vs-fut-esports-vct-2026-emea-kickoff-lr1
KC,Pearl,def,FUT,0,1,7,elim,2026-02-03 11:00:00,2,VCT 2026: EMEA Kickoff,https://www.vlr.gg/594761/karmine-corp-vs-fut-esports-vct-2026-emea-kickoff-lr1
KC,Pearl,def,FUT,1,0,8,elim,2026-02-03 11:00:00,2,VCT 2026: EMEA Kickoff,https://www.vlr.gg/594761/karmine-corp-vs-fut-esports-vct-2026-emea-kickoff-lr1
KC,Pearl,def,FUT,1,0,9,elim,2026-02-03 11:00:00,2,VCT 2026: EMEA Kickoff,https://www.vlr.gg/594761/karmine-corp-vs-fut-esports-vct-2026-emea-kickoff-lr1
KC,Pearl,def,FUT,0,1,10,elim,2026-02-03 11:00:00,2,VCT 2026: EMEA Kickoff,https://www.vlr.gg/594761/karmine-corp-vs-fut-esports-vct-2026-emea-kickoff-lr1
KC,Pearl,def,FUT,0,1,11,elim,2026-02-03 11:00:00,2,VCT 2026: EMEA Kickoff,https://www.vlr.gg/594761/karmine-corp-vs-fut-esports-vct-2026-emea-kickoff-lr1
KC,Pearl,def,FUT,0,1,12,elim,2026-02-03 11:00:00,2,VCT 2026: EMEA Kickoff,https://www.vlr.gg/594761/karmine-corp-vs-fut-esports-vct-2026-emea-kickoff-lr1
PCF,Split,atk,ULF,1,0,13,elim,2026-02-03 14:35:00,0,VCT 2026: EMEA Kickoff,https://www.vlr.gg/594762/pcific-esports-vs-ulf-esports-vct-2026-emea-kickoff-lr1
PCF,Split,atk,ULF,1,0,14,boom,2026-02-03 14:35:00,0,VCT 2026: EMEA Kickoff,https://www.vlr.gg/594762/pcific-esports-vs-ulf-esports-vct-2026-emea-kickoff-lr1
PCF,Split,atk,ULF,0,1,15,elim,2026-02-03 14:35:00,0,VCT 2026: EMEA Kickoff,https://www.vlr.gg/594762/pcific-esports-vs-ulf-esports-vct-2026-emea-kickoff-lr1
PCF,Split,atk,ULF,0,1,16,elim,2026-02-03 14:35:00,0,VCT 2026: EMEA Kickoff,https://www.vlr.gg/594762/pcific-esports-vs-ulf-esports-vct-2026-emea-kickoff-lr1
PCF,Split,atk,ULF,0,1,17,elim,2026-02-03 14:35:00,0,VCT 2026: EMEA Kickoff,https://www.vlr.gg/594762/pcific-esports-vs-ulf-esports-vct-2026-emea-kickoff-lr1
PCF,Split,atk,ULF,0,1,18,defus,2026-02-03 14:35:00,0,VCT 2026: EMEA Kickoff,https://www.vlr.gg/594762/pcific-esports-vs-ulf-esports-vct-2026-emea-kickoff-lr1
PCF,Split,def,ULF,0,1,1,elim,2026-02-03 14:35:00,0,VCT 2026: EMEA Kickoff,https://www.vlr.gg/594762/pcific-esports-vs-ulf-esports-vct-2026-emea-kickoff-lr1
PCF,Split,def,ULF,0,1,2,elim,2026-02-03 14:35:00,0,VCT 2026: EMEA Kickoff,https://www.vlr.gg/594762/pcific-esports-vs-ulf-esports-vct-2026-emea-kickoff-lr1
PCF,Split,def,ULF,0,1,3,elim,2026-02-03 14:35:00,0,VCT 2026: EMEA Kickoff,https://www.vlr.gg/594762/pcific-esports-vs-ulf-esports-vct-2026-emea-kickoff-lr1
PCF,Split,def,ULF,0,1,4,elim,2026-02-03 14:35:00,0,VCT 2026: EMEA Kickoff,https://www.vlr.gg/594762/pcific-esports-vs-ulf-esports-vct-2026-emea-kickoff-lr1
PCF,Split,def,ULF,1,0,5,defus,2026-02-03 14:35:00,0,VCT 2026: EMEA Kickoff,https://www.vlr.gg/594762/pcific-esports-vs-ulf-esports-vct-2026-emea-kickoff-lr1
PCF,Split,def,ULF,0,1,6,elim,2026-02-03 14:35:00,0,VCT 2026: EMEA Kickoff,https://www.vlr.gg/594762/pcific-esports-vs-ulf-esports-vct-2026-emea-kickoff-lr1
PCF,Split,def,ULF,0,1,7,boom,2026-02-03 14:35:00,0,VCT 2026: EMEA Kickoff,https://www.vlr.gg/594762/pcific-esports-vs-ulf-esports-vct-2026-emea-kickoff-lr1
PCF,Split,def,ULF,0,1,8,elim,2026-02-03 14:35:00,0,VCT 2026: EMEA Kickoff,https://www.vlr.gg/594762/pcific-esports-vs-ulf-esports-vct-2026-emea-kickoff-lr1
PCF,Split,def,ULF,0,1,9,elim,2026-02-03 14:35:00,0,VCT 2026: EMEA Kickoff,https://www.vlr.gg/594762/pcific-esports-vs-ulf-esports-vct-2026-emea-kickoff-lr1
PCF,Split,def,ULF,1,0,10,defus,2026-02-03 14:35:00,0,VCT 2026: EMEA Kickoff,https://www.vlr.gg/594762/pcific-esports-vs-ulf-esports-vct-2026-emea-kickoff-lr1
PCF,Split,def,ULF,0,1,11,boom,2026-02-03 14:35:00,0,VCT 2026: EMEA Kickoff,https://www.vlr.gg/594762/pcific-esports-vs-ulf-esports-vct-2026-emea-kickoff-lr1
PCF,Split,def,ULF,1,0,12,elim,2026-02-03 14:35:00,0,VCT 2026: EMEA Kickoff,https://www.vlr.gg/594762/pcific-esports-vs-ulf-esports-vct-2026-emea-kickoff-lr1
PCF,Abyss,atk,ULF,1,0,13,elim,2026-02-03 14:35:00,1,VCT 2026: EMEA Kickoff,https://www.vlr.gg/594762/pcific-esports-vs-ulf-esports-vct-2026-emea-kickoff-lr1
PCF,Abyss,atk,ULF,1,0,14,elim,2026-02-03 14:35:00,1,VCT 2026: EMEA Kickoff,https://www.vlr.gg/594762/pcific-esports-vs-ulf-esports-vct-2026-emea-kickoff-lr1
PCF,Abyss,atk,ULF,1,0,15,elim,2026-02-03 14:35:00,1,VCT 2026: EMEA Kickoff,https://www.vlr.gg/594762/pcific-esports-vs-ulf-esports-vct-2026-emea-kickoff-lr1
PCF,Abyss,atk,ULF,1,0,16,elim,2026-02-03 14:35:00,1,VCT 2026: EMEA Kickoff,https://www.vlr.gg/594762/pcific-esports-vs-ulf-esports-vct-2026-emea-kickoff-lr1
PCF,Abyss,atk,ULF,1,0,17,elim,2026-02-03 14:35:00,1,VCT 2026: EMEA Kickoff,https://www.vlr.gg/594762/pcific-esports-vs-ulf-esports-vct-2026-emea-kickoff-lr1
PCF,Abyss,atk,ULF,0,1,18,defus,2026-02-03 14:35:00,1,VCT 2026: EMEA Kickoff,https://www.vlr.gg/594762/pcific-esports-vs-ulf-esports-vct-2026-emea-kickoff-lr1
PCF,Abyss,atk,ULF,0,1,19,elim,2026-02-03 14:35:00,1,VCT 2026: EMEA Kickoff,https://www.vlr.gg/594762/pcific-esports-vs-ulf-esports-vct-2026-emea-kickoff-lr1
PCF,Abyss,atk,ULF,0,1,20,defus,2026-02-03 14:35:00,1,VCT 2026: EMEA Kickoff,https://www.vlr.gg/594762/pcific-esports-vs-ulf-esports-vct-2026-emea-kickoff-lr1
PCF,Abyss,atk,ULF,0,1,21,elim,2026-02-03 14:35:00,1,VCT 2026: EMEA Kickoff,https://www.vlr.gg/594762/pcific-esports-vs-ulf-esports-vct-2026-emea-kickoff-lr1
PCF,Abyss,def,ULF,0,1,1,elim,2026-02-03 14:35:00,1,VCT 2026: EMEA Kickoff,https://www.vlr.gg/594762/pcific-esports-vs-ulf-esports-vct-2026-emea-kickoff-lr1
PCF,Abyss,def,ULF,0,1,2,elim,2026-02-03 14:35:00,1,VCT 2026: EMEA Kickoff,https://www.vlr.gg/594762/pcific-esports-vs-ulf-esports-vct-2026-emea-kickoff-lr1
PCF,Abyss,def,ULF,1,0,3,elim,2026-02-03 14:35:00,1,VCT 2026: EMEA Kickoff,https://www.vlr.gg/594762/pcific-esports-vs-ulf-esports-vct-2026-emea-kickoff-lr1
PCF,Abyss,def,ULF,0,1,4,elim,2026-02-03 14:35:00,1,VCT 2026: EMEA Kickoff,https://www.vlr.gg/594762/pcific-esports-vs-ulf-esports-vct-2026-emea-kickoff-lr1
PCF,Abyss,def,ULF,0,1,5,elim,2026-02-03 14:35:00,1,VCT 2026: EMEA Kickoff,https://www.vlr.gg/594762/pcific-esports-vs-ulf-esports-vct-2026-emea-kickoff-lr1
PCF,Abyss,def,ULF,1,0,6,defus,2026-02-03 14:35:00,1,VCT 2026: EMEA Kickoff,https://www.vlr.gg/594762/pcific-esports-vs-ulf-esports-vct-2026-emea-kickoff-lr1
PCF,Abyss,def,ULF,0,1,7,boom,2026-02-03 14:35:00,1,VCT 2026: EMEA Kickoff,https://www.vlr.gg/594762/pcific-esports-vs-ulf-esports-vct-2026-emea-kickoff-lr1
PCF,Abyss,def,ULF,0,1,8,boom,2026-02-03 14:35:00,1,VCT 2026: EMEA Kickoff,https://www.vlr.gg/594762/pcific-esports-vs-ulf-esports-vct-2026-emea-kickoff-lr1
PCF,Abyss,def,ULF,0,1,9,elim,2026-02-03 14:35:00,1,VCT 2026: EMEA Kickoff,https://www.vlr.gg/594762/pcific-esports-vs-ulf-esports-vct-2026-emea-kickoff-lr1
PCF,Abyss,def,ULF,0,1,10,boom,2026-02-03 14:35:00,1,VCT 2026: EMEA Kickoff,https://www.vlr.gg/594762/pcific-esports-vs-ulf-esports-vct-2026-emea-kickoff-lr1
PCF,Abyss,def,ULF,0,1,11,elim,2026-02-03 14:35:00,1,VCT 2026: EMEA Kickoff,https://www.vlr.gg/594762/pcific-esports-vs-ulf-esports-vct-2026-emea-kickoff-lr1
PCF,Abyss,def,ULF,1,0,12,defus,2026-02-03 14:35:00,1,VCT 2026: EMEA Kickoff,https://www.vlr.gg/594762/pcific-esports-vs-ulf-esports-vct-2026-emea-kickoff-lr1
NAVI,Split,atk,FNC,0,1,1,defus,2026-02-04 11:00:00,0,VCT 2026: EMEA Kickoff,https://www.vlr.gg/594757/natus-vincere-vs-fnatic-vct-2026-emea-kickoff-mr3
NAVI,Split,atk,FNC,0,1,2,defus,2026-02-04 11:00:00,0,VCT 2026: EMEA Kickoff,https://www.vlr.gg/594757/natus-vincere-vs-fnatic-vct-2026-emea-kickoff-mr3
NAVI,Split,atk,FNC,1,0,3,elim,2026-02-04 11:00:00,0,VCT 2026: EMEA Kickoff,https://www.vlr.gg/594757/natus-vincere-vs-fnatic-vct-2026-emea-kickoff-mr3
NAVI,Split,atk,FNC,0,1,4,elim,2026-02-04 11:00:00,0,VCT 2026: EMEA Kickoff,https://www.vlr.gg/594757/natus-vincere-vs-fnatic-vct-2026-emea-kickoff-mr3
NAVI,Split,atk,FNC,0,1,5,elim,2026-02-04 11:00:00,0,VCT 2026: EMEA Kickoff,https://www.vlr.gg/594757/natus-vincere-vs-fnatic-vct-2026-emea-kickoff-mr3
NAVI,Split,atk,FNC,1,0,6,elim,2026-02-04 11:00:00,0,VCT 2026: EMEA Kickoff,https://www.vlr.gg/594757/natus-vincere-vs-fnatic-vct-2026-emea-kickoff-mr3
NAVI,Split,atk,FNC,0,1,7,tim,2026-02-04 11:00:00,0,VCT 2026: EMEA Kickoff,https://www.vlr.gg/594757/natus-vincere-vs-fnatic-vct-2026-emea-kickoff-mr3
NAVI,Split,atk,FNC,0,1,8,elim,2026-02-04 11:00:00,0,VCT 2026: EMEA Kickoff,https://www.vlr.gg/594757/natus-vincere-vs-fnatic-vct-2026-emea-kickoff-mr3
NAVI,Split,atk,FNC,0,1,9,tim,2026-02-04 11:00:00,0,VCT 2026: EMEA Kickoff,https://www.vlr.gg/594757/natus-vincere-vs-fnatic-vct-2026-emea-kickoff-mr3
NAVI,Split,atk,FNC,1,0,10,elim,2026-02-04 11:00:00,0,VCT 2026: EMEA Kickoff,https://www.vlr.gg/594757/natus-vincere-vs-fnatic-vct-2026-emea-kickoff-mr3
NAVI,Split,atk,FNC,0,1,11,defus,2026-02-04 11:00:00,0,VCT 2026: EMEA Kickoff,https://www.vlr.gg/594757/natus-vincere-vs-fnatic-vct-2026-emea-kickoff-mr3
NAVI,Split,atk,FNC,0,1,12,defus,2026-02-04 11:00:00,0,VCT 2026: EMEA Kickoff,https://www.vlr.gg/594757/natus-vincere-vs-fnatic-vct-2026-emea-kickoff-mr3
NAVI,Split,def,FNC,0,1,13,elim,2026-02-04 11:00:00,0,VCT 2026: EMEA Kickoff,https://www.vlr.gg/594757/natus-vincere-vs-fnatic-vct-2026-emea-kickoff-mr3
NAVI,Split,def,FNC,0,1,14,elim,2026-02-04 11:00:00,0,VCT 2026: EMEA Kickoff,https://www.vlr.gg/594757/natus-vincere-vs-fnatic-vct-2026-emea-kickoff-mr3
NAVI,Split,def,FNC,1,0,15,defus,2026-02-04 11:00:00,0,VCT 2026: EMEA Kickoff,https://www.vlr.gg/594757/natus-vincere-vs-fnatic-vct-2026-emea-kickoff-mr3
NAVI,Split,def,FNC,1,0,16,elim,2026-02-04 11:00:00,0,VCT 2026: EMEA Kickoff,https://www.vlr.gg/594757/natus-vincere-vs-fnatic-vct-2026-emea-kickoff-mr3
NAVI,Split,def,FNC,1,0,17,elim,2026-02-04 11:00:00,0,VCT 2026: EMEA Kickoff,https://www.vlr.gg/594757/natus-vincere-vs-fnatic-vct-2026-emea-kickoff-mr3
NAVI,Split,def,FNC,1,0,18,elim,2026-02-04 11:00:00,0,VCT 2026: EMEA Kickoff,https://www.vlr.gg/594757/natus-vincere-vs-fnatic-vct-2026-emea-kickoff-mr3
NAVI,Split,def,FNC,1,0,19,defus,2026-02-04 11:00:00,0,VCT 2026: EMEA Kickoff,https://www.vlr.gg/594757/natus-vincere-vs-fnatic-vct-2026-emea-kickoff-mr3
NAVI,Split,def,FNC,1,0,20,elim,2026-02-04 11:00:00,0,VCT 2026: EMEA Kickoff,https://www.vlr.gg/594757/natus-vincere-vs-fnatic-vct-2026-emea-kickoff-mr3
NAVI,Split,def,FNC,1,0,21,elim,2026-02-04 11:00:00,0,VCT 2026: EMEA Kickoff,https://www.vlr.gg/594757/natus-vincere-vs-fnatic-vct-2026-emea-kickoff-mr3
NAVI,Split,def,FNC,0,1,22,boom,2026-02-04 11:00:00,0,VCT 2026: EMEA Kickoff,https://www.vlr.gg/594757/natus-vincere-vs-fnatic-vct-2026-emea-kickoff-mr3
NAVI,Split,def,FNC,0,1,23,elim,2026-02-04 11:00:00,0,VCT 2026: EMEA Kickoff,https://www.vlr.gg/594757/natus-vincere-vs-fnatic-vct-2026-emea-kickoff-mr3
NAVI,Breeze,atk,FNC,0,1,13,elim,2026-02-04 11:00:00,1,VCT 2026: EMEA Kickoff,https://www.vlr.gg/594757/natus-vincere-vs-fnatic-vct-2026-emea-kickoff-mr3
NAVI,Breeze,atk,FNC,0,1,14,defus,2026-02-04 11:00:00,1,VCT 2026: EMEA Kickoff,https://www.vlr.gg/594757/natus-vincere-vs-fnatic-vct-2026-emea-kickoff-mr3
NAVI,Breeze,atk,FNC,1,0,15,elim,2026-02-04 11:00:00,1,VCT 2026: EMEA Kickoff,https://www.vlr.gg/594757/natus-vincere-vs-fnatic-vct-2026-emea-kickoff-mr3
NAVI,Breeze,atk,FNC,1,0,16,elim,2026-02-04 11:00:00,1,VCT 2026: EMEA Kickoff,https://www.vlr.gg/594757/natus-vincere-vs-fnatic-vct-2026-emea-kickoff-mr3
NAVI,Breeze,atk,FNC,1,0,17,elim,2026-02-04 11:00:00,1,VCT 2026: EMEA Kickoff,https://www.vlr.gg/594757/natus-vincere-vs-fnatic-vct-2026-emea-kickoff-mr3
NAVI,Breeze,atk,FNC,1,0,18,boom,2026-02-04 11:00:00,1,VCT 2026: EMEA Kickoff,https://www.vlr.gg/594757/natus-vincere-vs-fnatic-vct-2026-emea-kickoff-mr3
NAVI,Breeze,atk,FNC,1,0,19,elim,2026-02-04 11:00:00,1,VCT 2026: EMEA Kickoff,https://www.vlr.gg/594757/natus-vincere-vs-fnatic-vct-2026-emea-kickoff-mr3
NAVI,Breeze,def,FNC,1,0,1,elim,2026-02-04 11:00:00,1,VCT 2026: EMEA Kickoff,https://www.vlr.gg/594757/natus-vincere-vs-fnatic-vct-2026-emea-kickoff-mr3
NAVI,Breeze,def,FNC,1,0,2,elim,2026-02-04 11:00:00,1,VCT 2026: EMEA Kickoff,https://www.vlr.gg/594757/natus-vincere-vs-fnatic-vct-2026-emea-kickoff-mr3
NAVI,Breeze,def,FNC,1,0,3,elim,2026-02-04 11:00:00,1,VCT 2026: EMEA Kickoff,https://www.vlr.gg/594757/natus-vincere-vs-fnatic-vct-2026-emea-kickoff-mr3
NAVI,Breeze,def,FNC,0,1,4,elim,2026-02-04 11:00:00,1,VCT 2026: EMEA Kickoff,https://www.vlr.gg/594757/natus-vincere-vs-fnatic-vct-2026-emea-kickoff-mr3
NAVI,Breeze,def,FNC,0,1,5,elim,2026-02-04 11:00:00,1,VCT 2026: EMEA Kickoff,https://www.vlr.gg/594757/natus-vincere-vs-fnatic-vct-2026-emea-kickoff-mr3
NAVI,Breeze,def,FNC,0,1,6,boom,2026-02-04 11:00:00,1,VCT 2026: EMEA Kickoff,https://www.vlr.gg/594757/natus-vincere-vs-fnatic-vct-2026-emea-kickoff-mr3
NAVI,Breeze,def,FNC,1,0,7,defus,2026-02-04 11:00:00,1,VCT 2026: EMEA Kickoff,https://www.vlr.gg/594757/natus-vincere-vs-fnatic-vct-2026-emea-kickoff-mr3
NAVI,Breeze,def,FNC,0,1,8,boom,2026-02-04 11:00:00,1,VCT 2026: EMEA Kickoff,https://www.vlr.gg/594757/natus-vincere-vs-fnatic-vct-2026-emea-kickoff-mr3
NAVI,Breeze,def,FNC,1,0,9,tim,2026-02-04 11:00:00,1,VCT 2026: EMEA Kickoff,https://www.vlr.gg/594757/natus-vincere-vs-fnatic-vct-2026-emea-kickoff-mr3
NAVI,Breeze,def,FNC,1,0,10,elim,2026-02-04 11:00:00,1,VCT 2026: EMEA Kickoff,https://www.vlr.gg/594757/natus-vincere-vs-fnatic-vct-2026-emea-kickoff-mr3
NAVI,Breeze,def,FNC,1,0,11,defus,2026-02-04 11:00:00,1,VCT 2026: EMEA Kickoff,https://www.vlr.gg/594757/natus-vincere-vs-fnatic-vct-2026-emea-kickoff-mr3
NAVI,Breeze,def,FNC,1,0,12,elim,2026-02-04 11:00:00,1,VCT 2026: EMEA Kickoff,https://www.vlr.gg/594757/natus-vincere-vs-fnatic-vct-2026-emea-kickoff-mr3
NAVI,Bind,atk,FNC,1,0,13,elim,2026-02-04 11:00:00,2,VCT 2026: EMEA Kickoff,https://www.vlr.gg/594757/natus-vincere-vs-fnatic-vct-2026-emea-kickoff-mr3
NAVI,Bind,atk,FNC,1,0,14,elim,2026-02-04 11:00:00,2,VCT 2026: EMEA Kickoff,https://www.vlr.gg/594757/natus-vincere-vs-fnatic-vct-2026-emea-kickoff-mr3
NAVI,Bind,atk,FNC,1,0,15,boom,2026-02-04 11:00:00,2,VCT 2026: EMEA Kickoff,https://www.vlr.gg/594757/natus-vincere-vs-fnatic-vct-2026-emea-kickoff-mr3
NAVI,Bind,atk,FNC,1,0,16,elim,2026-02-04 11:00:00,2,VCT 2026: EMEA Kickoff,https://www.vlr.gg/594757/natus-vincere-vs-fnatic-vct-2026-emea-kickoff-mr3
NAVI,Bind,atk,FNC,1,0,17,elim,2026-02-04 11:00:00,2,VCT 2026: EMEA Kickoff,https://www.vlr.gg/594757/natus-vincere-vs-fnatic-vct-2026-emea-kickoff-mr3
NAVI,Bind,atk,FNC,1,0,18,elim,2026-02-04 11:00:00,2,VCT 2026: EMEA Kickoff,https://www.vlr.gg/594757/natus-vincere-vs-fnatic-vct-2026-emea-kickoff-mr3
NAVI,Bind,atk,FNC,0,1,19,elim,2026-02-04 11:00:00,2,VCT 2026: EMEA Kickoff,https://www.vlr.gg/594757/natus-vincere-vs-fnatic-vct-2026-emea-kickoff-mr3
NAVI,Bind,atk,FNC,1,0,20,boom,2026-02-04 11:00:00,2,VCT 2026: EMEA Kickoff,https://www.vlr.gg/594757/natus-vincere-vs-fnatic-vct-2026-emea-kickoff-mr3
NAVI,Bind,atk,FNC,1,0,21,elim,2026-02-04 11:00:00,2,VCT 2026: EMEA Kickoff,https://www.vlr.gg/594757/natus-vincere-vs-fnatic-vct-2026-emea-kickoff-mr3
NAVI,Bind,atk,FNC,1,0,22,elim,2026-02-04 11:00:00,2,VCT 2026: EMEA Kickoff,https://www.vlr.gg/594757/natus-vincere-vs-fnatic-vct-2026-emea-kickoff-mr3
NAVI,Bind,atk,FNC,0,1,23,elim,2026-02-04 11:00:00,2,VCT 2026: EMEA Kickoff,https://www.vlr.gg/594757/natus-vincere-vs-fnatic-vct-2026-emea-kickoff-mr3
NAVI,Bind,atk,FNC,0,1,24,defus,2026-02-04 11:00:00,2,VCT 2026: EMEA Kickoff,https://www.vlr.gg/594757/natus-vincere-vs-fnatic-vct-2026-emea-kickoff-mr3
NAVI,Bind,atk,FNC,1,0,26,elim,2026-02-04 11:00:00,2,VCT 2026: EMEA Kickoff,https://www.vlr.gg/594757/natus-vincere-vs-fnatic-vct-2026-emea-kickoff-mr3
NAVI,Bind,atk,FNC,0,1,28,defus,2026-02-04 11:00:00,2,VCT 2026: EMEA Kickoff,https://www.vlr.gg/594757/natus-vincere-vs-fnatic-vct-2026-emea-kickoff-mr3
NAVI,Bind,atk,FNC,0,1,30,elim,2026-02-04 11:00:00,2,VCT 2026: EMEA Kickoff,https://www.vlr.gg/594757/natus-vincere-vs-fnatic-vct-2026-emea-kickoff-mr3
NAVI,Bind,atk,FNC,0,1,32,defus,2026-02-04 11:00:00,2,VCT 2026: EMEA Kickoff,https://www.vlr.gg/594757/natus-vincere-vs-fnatic-vct-2026-emea-kickoff-mr3
NAVI,Bind,def,FNC,0,1,1,elim,2026-02-04 11:00:00,2,VCT 2026: EMEA Kickoff,https://www.vlr.gg/594757/natus-vincere-vs-fnatic-vct-2026-emea-kickoff-mr3
NAVI,Bind,def,FNC,0,1,2,elim,2026-02-04 11:00:00,2,VCT 2026: EMEA Kickoff,https://www.vlr.gg/594757/natus-vincere-vs-fnatic-vct-2026-emea-kickoff-mr3
NAVI,Bind,def,FNC,0,1,3,elim,2026-02-04 11:00:00,2,VCT 2026: EMEA Kickoff,https://www.vlr.gg/594757/natus-vincere-vs-fnatic-vct-2026-emea-kickoff-mr3
NAVI,Bind,def,FNC,0,1,4,elim,2026-02-04 11:00:00,2,VCT 2026: EMEA Kickoff,https://www.vlr.gg/594757/natus-vincere-vs-fnatic-vct-2026-emea-kickoff-mr3
NAVI,Bind,def,FNC,0,1,5,boom,2026-02-04 11:00:00,2,VCT 2026: EMEA Kickoff,https://www.vlr.gg/594757/natus-vincere-vs-fnatic-vct-2026-emea-kickoff-mr3
NAVI,Bind,def,FNC,0,1,6,elim,2026-02-04 11:00:00,2,VCT 2026: EMEA Kickoff,https://www.vlr.gg/594757/natus-vincere-vs-fnatic-vct-2026-emea-kickoff-mr3
NAVI,Bind,def,FNC,0,1,7,elim,2026-02-04 11:00:00,2,VCT 2026: EMEA Kickoff,https://www.vlr.gg/594757/natus-vincere-vs-fnatic-vct-2026-emea-kickoff-mr3
NAVI,Bind,def,FNC,1,0,8,defus,2026-02-04 11:00:00,2,VCT 2026: EMEA Kickoff,https://www.vlr.gg/594757/natus-vincere-vs-fnatic-vct-2026-emea-kickoff-mr3
NAVI,Bind,def,FNC,0,1,9,boom,2026-02-04 11:00:00,2,VCT 2026: EMEA Kickoff,https://www.vlr.gg/594757/natus-vincere-vs-fnatic-vct-2026-emea-kickoff-mr3
NAVI,Bind,def,FNC,1,0,10,defus,2026-02-04 11:00:00,2,VCT 2026: EMEA Kickoff,https://www.vlr.gg/594757/natus-vincere-vs-fnatic-vct-2026-emea-kickoff-mr3
NAVI,Bind,def,FNC,1,0,11,elim,2026-02-04 11:00:00,2,VCT 2026: EMEA Kickoff,https://www.vlr.gg/594757/natus-vincere-vs-fnatic-vct-2026-emea-kickoff-mr3
NAVI,Bind,def,FNC,0,1,12,elim,2026-02-04 11:00:00,2,VCT 2026: EMEA Kickoff,https://www.vlr.gg/594757/natus-vincere-vs-fnatic-vct-2026-emea-kickoff-mr3
NAVI,Bind,def,FNC,0,1,25,elim,2026-02-04 11:00:00,2,VCT 2026: EMEA Kickoff,https://www.vlr.gg/594757/natus-vincere-vs-fnatic-vct-2026-emea-kickoff-mr3
NAVI,Bind,def,FNC,1,0,27,elim,2026-02-04 11:00:00,2,VCT 2026: EMEA Kickoff,https://www.vlr.gg/594757/natus-vincere-vs-fnatic-vct-2026-emea-kickoff-mr3
NAVI,Bind,def,FNC,1,0,29,defus,2026-02-04 11:00:00,2,VCT 2026: EMEA Kickoff,https://www.vlr.gg/594757/natus-vincere-vs-fnatic-vct-2026-emea-kickoff-mr3
NAVI,Bind,def,FNC,0,1,31,elim,2026-02-04 11:00:00,2,VCT 2026: EMEA Kickoff,https://www.vlr.gg/594757/natus-vincere-vs-fnatic-vct-2026-emea-kickoff-mr3
VIT,Abyss,atk,GX,1,0,1,elim,2026-02-04 15:00:00,0,VCT 2026: EMEA Kickoff,https://www.vlr.gg/594758/team-vitality-vs-giantx-vct-2026-emea-kickoff-mr3
VIT,Abyss,atk,GX,1,0,2,elim,2026-02-04 15:00:00,0,VCT 2026: EMEA Kickoff,https://www.vlr.gg/594758/team-vitality-vs-giantx-vct-2026-emea-kickoff-mr3
VIT,Abyss,atk,GX,1,0,3,boom,2026-02-04 15:00:00,0,VCT 2026: EMEA Kickoff,https://www.vlr.gg/594758/team-vitality-vs-giantx-vct-2026-emea-kickoff-mr3
VIT,Abyss,atk,GX,1,0,4,elim,2026-02-04 15:00:00,0,VCT 2026: EMEA Kickoff,https://www.vlr.gg/594758/team-vitality-vs-giantx-vct-2026-emea-kickoff-mr3
VIT,Abyss,atk,GX,1,0,5,boom,2026-02-04 15:00:00,0,VCT 2026: EMEA Kickoff,https://www.vlr.gg/594758/team-vitality-vs-giantx-vct-2026-emea-kickoff-mr3
VIT,Abyss,atk,GX,1,0,6,elim,2026-02-04 15:00:00,0,VCT 2026: EMEA Kickoff,https://www.vlr.gg/594758/team-vitality-vs-giantx-vct-2026-emea-kickoff-mr3
VIT,Abyss,atk,GX,1,0,7,elim,2026-02-04 15:00:00,0,VCT 2026: EMEA Kickoff,https://www.vlr.gg/594758/team-vitality-vs-giantx-vct-2026-emea-kickoff-mr3
VIT,Abyss,atk,GX,1,0,8,elim,2026-02-04 15:00:00,0,VCT 2026: EMEA Kickoff,https://www.vlr.gg/594758/team-vitality-vs-giantx-vct-2026-emea-kickoff-mr3
VIT,Abyss,atk,GX,1,0,9,boom,2026-02-04 15:00:00,0,VCT 2026: EMEA Kickoff,https://www.vlr.gg/594758/team-vitality-vs-giantx-vct-2026-emea-kickoff-mr3
VIT,Abyss,atk,GX,1,0,10,elim,2026-02-04 15:00:00,0,VCT 2026: EMEA Kickoff,https://www.vlr.gg/594758/team-vitality-vs-giantx-vct-2026-emea-kickoff-mr3
VIT,Abyss,atk,GX,1,0,11,elim,2026-02-04 15:00:00,0,VCT 2026: EMEA Kickoff,https://www.vlr.gg/594758/team-vitality-vs-giantx-vct-2026-emea-kickoff-mr3
VIT,Abyss,atk,GX,1,0,12,elim,2026-02-04 15:00:00,0,VCT 2026: EMEA Kickoff,https://www.vlr.gg/594758/team-vitality-vs-giantx-vct-2026-emea-kickoff-mr3
VIT,Abyss,def,GX,1,0,13,defus,2026-02-04 15:00:00,0,VCT 2026: EMEA Kickoff,https://www.vlr.gg/594758/team-vitality-vs-giantx-vct-2026-emea-kickoff-mr3
VIT,Breeze,atk,GX,0,1,1,defus,2026-02-04 15:00:00,1,VCT 2026: EMEA Kickoff,https://www.vlr.gg/594758/team-vitality-vs-giantx-vct-2026-emea-kickoff-mr3
VIT,Breeze,atk,GX,0,1,2,elim,2026-02-04 15:00:00,1,VCT 2026: EMEA Kickoff,https://www.vlr.gg/594758/team-vitality-vs-giantx-vct-2026-emea-kickoff-mr3
VIT,Breeze,atk,GX,0,1,3,tim,2026-02-04 15:00:00,1,VCT 2026: EMEA Kickoff,https://www.vlr.gg/594758/team-vitality-vs-giantx-vct-2026-emea-kickoff-mr3
VIT,Breeze,atk,GX,0,1,4,elim,2026-02-04 15:00:00,1,VCT 2026: EMEA Kickoff,https://www.vlr.gg/594758/team-vitality-vs-giantx-vct-2026-emea-kickoff-mr3
VIT,Breeze,atk,GX,1,0,5,boom,2026-02-04 15:00:00,1,VCT 2026: EMEA Kickoff,https://www.vlr.gg/594758/team-vitality-vs-giantx-vct-2026-emea-kickoff-mr3
VIT,Breeze,atk,GX,1,0,6,boom,2026-02-04 15:00:00,1,VCT 2026: EMEA Kickoff,https://www.vlr.gg/594758/team-vitality-vs-giantx-vct-2026-emea-kickoff-mr3
VIT,Breeze,atk,GX,1,0,7,elim,2026-02-04 15:00:00,1,VCT 2026: EMEA Kickoff,https://www.vlr.gg/594758/team-vitality-vs-giantx-vct-2026-emea-kickoff-mr3
VIT,Breeze,atk,GX,1,0,8,elim,2026-02-04 15:00:00,1,VCT 2026: EMEA Kickoff,https://www.vlr.gg/594758/team-vitality-vs-giantx-vct-2026-emea-kickoff-mr3
VIT,Breeze,atk,GX,1,0,9,boom,2026-02-04 15:00:00,1,VCT 2026: EMEA Kickoff,https://www.vlr.gg/594758/team-vitality-vs-giantx-vct-2026-emea-kickoff-mr3
VIT,Breeze,atk,GX,1,0,10,elim,2026-02-04 15:00:00,1,VCT 2026: EMEA Kickoff,https://www.vlr.gg/594758/team-vitality-vs-giantx-vct-2026-emea-kickoff-mr3
VIT,Breeze,atk,GX,0,1,11,defus,2026-02-04 15:00:00,1,VCT 2026: EMEA Kickoff,https://www.vlr.gg/594758/team-vitality-vs-giantx-vct-2026-emea-kickoff-mr3
VIT,Breeze,atk,GX,1,0,12,elim,2026-02-04 15:00:00,1,VCT 2026: EMEA Kickoff,https://www.vlr.gg/594758/team-vitality-vs-giantx-vct-2026-emea-kickoff-mr3
VIT,Breeze,def,GX,1,0,13,elim,2026-02-04 15:00:00,1,VCT 2026: EMEA Kickoff,https://www.vlr.gg/594758/team-vitality-vs-giantx-vct-2026-emea-kickoff-mr3
VIT,Breeze,def,GX,1,0,14,elim,2026-02-04 15:00:00,1,VCT 2026: EMEA Kickoff,https://www.vlr.gg/594758/team-vitality-vs-giantx-vct-2026-emea-kickoff-mr3
VIT,Breeze,def,GX,0,1,15,elim,2026-02-04 15:00:00,1,VCT 2026: EMEA Kickoff,https://www.vlr.gg/594758/team-vitality-vs-giantx-vct-2026-emea-kickoff-mr3
VIT,Breeze,def,GX,1,0,16,elim,2026-02-04 15:00:00,1,VCT 2026: EMEA Kickoff,https://www.vlr.gg/594758/team-vitality-vs-giantx-vct-2026-emea-kickoff-mr3
VIT,Breeze,def,GX,0,1,17,elim,2026-02-04 15:00:00,1,VCT 2026: EMEA Kickoff,https://www.vlr.gg/594758/team-vitality-vs-giantx-vct-2026-emea-kickoff-mr3
VIT,Breeze,def,GX,0,1,18,elim,2026-02-04 15:00:00,1,VCT 2026: EMEA Kickoff,https://www.vlr.gg/594758/team-vitality-vs-giantx-vct-2026-emea-kickoff-mr3
VIT,Breeze,def,GX,1,0,19,tim,2026-02-04 15:00:00,1,VCT 2026: EMEA Kickoff,https://www.vlr.gg/594758/team-vitality-vs-giantx-vct-2026-emea-kickoff-mr3
VIT,Breeze,def,GX,0,1,20,elim,2026-02-04 15:00:00,1,VCT 2026: EMEA Kickoff,https://www.vlr.gg/594758/team-vitality-vs-giantx-vct-2026-emea-kickoff-mr3
VIT,Breeze,def,GX,0,1,21,elim,2026-02-04 15:00:00,1,VCT 2026: EMEA Kickoff,https://www.vlr.gg/594758/team-vitality-vs-giantx-vct-2026-emea-kickoff-mr3
VIT,Breeze,def,GX,0,1,22,elim,2026-02-04 15:00:00,1,VCT 2026: EMEA Kickoff,https://www.vlr.gg/594758/team-vitality-vs-giantx-vct-2026-emea-kickoff-mr3
VIT,Breeze,def,GX,1,0,23,elim,2026-02-04 15:00:00,1,VCT 2026: EMEA Kickoff,https://www.vlr.gg/594758/team-vitality-vs-giantx-vct-2026-emea-kickoff-mr3
VIT,Breeze,def,GX,1,0,24,defus,2026-02-04 15:00:00,1,VCT 2026: EMEA Kickoff,https://www.vlr.gg/594758/team-vitality-vs-giantx-vct-2026-emea-kickoff-mr3
TH,Haven,atk,KC,1,0,13,elim,2026-02-05 11:00:00,0,VCT 2026: EMEA Kickoff,https://www.vlr.gg/594763/team-heretics-vs-karmine-corp-vct-2026-emea-kickoff-lr2
TH,Haven,atk,KC,1,0,14,elim,2026-02-05 11:00:00,0,VCT 2026: EMEA Kickoff,https://www.vlr.gg/594763/team-heretics-vs-karmine-corp-vct-2026-emea-kickoff-lr2
TH,Haven,atk,KC,0,1,15,elim,2026-02-05 11:00:00,0,VCT 2026: EMEA Kickoff,https://www.vlr.gg/594763/team-heretics-vs-karmine-corp-vct-2026-emea-kickoff-lr2
TH,Haven,atk,KC,1,0,16,boom,2026-02-05 11:00:00,0,VCT 2026: EMEA Kickoff,https://www.vlr.gg/594763/team-heretics-vs-karmine-corp-vct-2026-emea-kickoff-lr2
TH,Haven,atk,KC,1,0,17,elim,2026-02-05 11:00:00,0,VCT 2026: EMEA Kickoff,https://www.vlr.gg/594763/team-heretics-vs-karmine-corp-vct-2026-emea-kickoff-lr2
TH,Haven,atk,KC,1,0,18,elim,2026-02-05 11:00:00,0,VCT 2026: EMEA Kickoff,https://www.vlr.gg/594763/team-heretics-vs-karmine-corp-vct-2026-emea-kickoff-lr2
TH,Haven,atk,KC,1,0,19,elim,2026-02-05 11:00:00,0,VCT 2026: EMEA Kickoff,https://www.vlr.gg/594763/team-heretics-vs-karmine-corp-vct-2026-emea-kickoff-lr2
TH,Haven,atk,KC,0,1,20,defus,2026-02-05 11:00:00,0,VCT 2026: EMEA Kickoff,https://www.vlr.gg/594763/team-heretics-vs-karmine-corp-vct-2026-emea-kickoff-lr2
TH,Haven,atk,KC,1,0,21,elim,2026-02-05 11:00:00,0,VCT 2026: EMEA Kickoff,https://www.vlr.gg/594763/team-heretics-vs-karmine-corp-vct-2026-emea-kickoff-lr2
TH,Haven,def,KC,0,1,1,elim,2026-02-05 11:00:00,0,VCT 2026: EMEA Kickoff,https://www.vlr.gg/594763/team-heretics-vs-karmine-corp-vct-2026-emea-kickoff-lr2
TH,Haven,def,KC,0,1,2,boom,2026-02-05 11:00:00,0,VCT 2026: EMEA Kickoff,https://www.vlr.gg/594763/team-heretics-vs-karmine-corp-vct-2026-emea-kickoff-lr2
TH,Haven,def,KC,1,0,3,defus,2026-02-05 11:00:00,0,VCT 2026: EMEA Kickoff,https://www.vlr.gg/594763/team-heretics-vs-karmine-corp-vct-2026-emea-kickoff-lr2
TH,Haven,def,KC,1,0,4,tim,2026-02-05 11:00:00,0,VCT 2026: EMEA Kickoff,https://www.vlr.gg/594763/team-heretics-vs-karmine-corp-vct-2026-emea-kickoff-lr2
TH,Haven,def,KC,1,0,5,defus,2026-02-05 11:00:00,0,VCT 2026: EMEA Kickoff,https://www.vlr.gg/594763/team-heretics-vs-karmine-corp-vct-2026-emea-kickoff-lr2
TH,Haven,def,KC,0,1,6,boom,2026-02-05 11:00:00,0,VCT 2026: EMEA Kickoff,https://www.vlr.gg/594763/team-heretics-vs-karmine-corp-vct-2026-emea-kickoff-lr2
TH,Haven,def,KC,0,1,7,elim,2026-02-05 11:00:00,0,VCT 2026: EMEA Kickoff,https://www.vlr.gg/594763/team-heretics-vs-karmine-corp-vct-2026-emea-kickoff-lr2
TH,Haven,def,KC,1,0,8,defus,2026-02-05 11:00:00,0,VCT 2026: EMEA Kickoff,https://www.vlr.gg/594763/team-heretics-vs-karmine-corp-vct-2026-emea-kickoff-lr2
TH,Haven,def,KC,1,0,9,defus,2026-02-05 11:00:00,0,VCT 2026: EMEA Kickoff,https://www.vlr.gg/594763/team-heretics-vs-karmine-corp-vct-2026-emea-kickoff-lr2
TH,Haven,def,KC,1,0,10,defus,2026-02-05 11:00:00,0,VCT 2026: EMEA Kickoff,https://www.vlr.gg/594763/team-heretics-vs-karmine-corp-vct-2026-emea-kickoff-lr2
TH,Haven,def,KC,0,1,11,elim,2026-02-05 11:00:00,0,VCT 2026: EMEA Kickoff,https://www.vlr.gg/594763/team-heretics-vs-karmine-corp-vct-2026-emea-kickoff-lr2
TH,Haven,def,KC,0,1,12,elim,2026-02-05 11:00:00,0,VCT 2026: EMEA Kickoff,https://www.vlr.gg/594763/team-heretics-vs-karmine-corp-vct-2026-emea-kickoff-lr2
TH,Corrode,atk,KC,0,1,13,defus,2026-02-05 11:00:00,1,VCT 2026: EMEA Kickoff,https://www.vlr.gg/594763/team-heretics-vs-karmine-corp-vct-2026-emea-kickoff-lr2
TH,Corrode,atk,KC,1,0,14,elim,2026-02-05 11:00:00,1,VCT 2026: EMEA Kickoff,https://www.vlr.gg/594763/team-heretics-vs-karmine-corp-vct-2026-emea-kickoff-lr2
TH,Corrode,atk,KC,1,0,15,elim,2026-02-05 11:00:00,1,VCT 2026: EMEA Kickoff,https://www.vlr.gg/594763/team-heretics-vs-karmine-corp-vct-2026-emea-kickoff-lr2
TH,Corrode,atk,KC,0,1,16,defus,2026-02-05 11:00:00,1,VCT 2026: EMEA Kickoff,https://www.vlr.gg/594763/team-heretics-vs-karmine-corp-vct-2026-emea-kickoff-lr2
TH,Corrode,atk,KC,1,0,17,boom,2026-02-05 11:00:00,1,VCT 2026: EMEA Kickoff,https://www.vlr.gg/594763/team-heretics-vs-karmine-corp-vct-2026-emea-kickoff-lr2
TH,Corrode,atk,KC,1,0,18,elim,2026-02-05 11:00:00,1,VCT 2026: EMEA Kickoff,https://www.vlr.gg/594763/team-heretics-vs-karmine-corp-vct-2026-emea-kickoff-lr2
TH,Corrode,atk,KC,1,0,19,elim,2026-02-05 11:00:00,1,VCT 2026: EMEA Kickoff,https://www.vlr.gg/594763/team-heretics-vs-karmine-corp-vct-2026-emea-kickoff-lr2
TH,Corrode,atk,KC,0,1,20,defus,2026-02-05 11:00:00,1,VCT 2026: EMEA Kickoff,https://www.vlr.gg/594763/team-heretics-vs-karmine-corp-vct-2026-emea-kickoff-lr2
TH,Corrode,atk,KC,0,1,21,defus,2026-02-05 11:00:00,1,VCT 2026: EMEA Kickoff,https://www.vlr.gg/594763/team-heretics-vs-karmine-corp-vct-2026-emea-kickoff-lr2
TH,Corrode,atk,KC,0,1,22,elim,2026-02-05 11:00:00,1,VCT 2026: EMEA Kickoff,https://www.vlr.gg/594763/team-heretics-vs-karmine-corp-vct-2026-emea-kickoff-lr2
TH,Corrode,atk,KC,1,0,23,elim,2026-02-05 11:00:00,1,VCT 2026: EMEA Kickoff,https://www.vlr.gg/594763/team-heretics-vs-karmine-corp-vct-2026-emea-kickoff-lr2
TH,Corrode,atk,KC,1,0,24,elim,2026-02-05 11:00:00,1,VCT 2026: EMEA Kickoff,https://www.vlr.gg/594763/team-heretics-vs-karmine-corp-vct-2026-emea-kickoff-lr2
TH,Corrode,def,KC,1,0,1,elim,2026-02-05 11:00:00,1,VCT 2026: EMEA Kickoff,https://www.vlr.gg/594763/team-heretics-vs-karmine-corp-vct-2026-emea-kickoff-lr2
TH,Corrode,def,KC,1,0,2,elim,2026-02-05 11:00:00,1,VCT 2026: EMEA Kickoff,https://www.vlr.gg/594763/team-heretics-vs-karmine-corp-vct-2026-emea-kickoff-lr2
TH,Corrode,def,KC,1,0,3,tim,2026-02-05 11:00:00,1,VCT 2026: EMEA Kickoff,https://www.vlr.gg/594763/team-heretics-vs-karmine-corp-vct-2026-emea-kickoff-lr2
TH,Corrode,def,KC,1,0,4,elim,2026-02-05 11:00:00,1,VCT 2026: EMEA Kickoff,https://www.vlr.gg/594763/team-heretics-vs-karmine-corp-vct-2026-emea-kickoff-lr2
TH,Corrode,def,KC,0,1,5,boom,2026-02-05 11:00:00,1,VCT 2026: EMEA Kickoff,https://www.vlr.gg/594763/team-heretics-vs-karmine-corp-vct-2026-emea-kickoff-lr2
TH,Corrode,def,KC,0,1,6,elim,2026-02-05 11:00:00,1,VCT 2026: EMEA Kickoff,https://www.vlr.gg/594763/team-heretics-vs-karmine-corp-vct-2026-emea-kickoff-lr2
TH,Corrode,def,KC,0,1,7,elim,2026-02-05 11:00:00,1,VCT 2026: EMEA Kickoff,https://www.vlr.gg/594763/team-heretics-vs-karmine-corp-vct-2026-emea-kickoff-lr2
TH,Corrode,def,KC,0,1,8,elim,2026-02-05 11:00:00,1,VCT 2026: EMEA Kickoff,https://www.vlr.gg/594763/team-heretics-vs-karmine-corp-vct-2026-emea-kickoff-lr2
TH,Corrode,def,KC,0,1,9,boom,2026-02-05 11:00:00,1,VCT 2026: EMEA Kickoff,https://www.vlr.gg/594763/team-heretics-vs-karmine-corp-vct-2026-emea-kickoff-lr2
TH,Corrode,def,KC,1,0,10,defus,2026-02-05 11:00:00,1,VCT 2026: EMEA Kickoff,https://www.vlr.gg/594763/team-heretics-vs-karmine-corp-vct-2026-emea-kickoff-lr2
TH,Corrode,def,KC,1,0,11,defus,2026-02-05 11:00:00,1,VCT 2026: EMEA Kickoff,https://www.vlr.gg/594763/team-heretics-vs-karmine-corp-vct-2026-emea-kickoff-lr2
TH,Corrode,def,KC,0,1,12,elim,2026-02-05 11:00:00,1,VCT 2026: EMEA Kickoff,https://www.vlr.gg/594763/team-heretics-vs-karmine-corp-vct-2026-emea-kickoff-lr2
TH,Abyss,atk,KC,0,1,13,defus,2026-02-05 11:00:00,2,VCT 2026: EMEA Kickoff,https://www.vlr.gg/594763/team-heretics-vs-karmine-corp-vct-2026-emea-kickoff-lr2
TH,Abyss,atk,KC,0,1,14,elim,2026-02-05 11:00:00,2,VCT 2026: EMEA Kickoff,https://www.vlr.gg/594763/team-heretics-vs-karmine-corp-vct-2026-emea-kickoff-lr2
TH,Abyss,atk,KC,0,1,15,elim,2026-02-05 11:00:00,2,VCT 2026: EMEA Kickoff,https://www.vlr.gg/594763/team-heretics-vs-karmine-corp-vct-2026-emea-kickoff-lr2
TH,Abyss,def,KC,0,1,1,elim,2026-02-05 11:00:00,2,VCT 2026: EMEA Kickoff,https://www.vlr.gg/594763/team-heretics-vs-karmine-corp-vct-2026-emea-kickoff-lr2
TH,Abyss,def,KC,0,1,2,elim,2026-02-05 11:00:00,2,VCT 2026: EMEA Kickoff,https://www.vlr.gg/594763/team-heretics-vs-karmine-corp-vct-2026-emea-kickoff-lr2
TH,Abyss,def,KC,1,0,3,elim,2026-02-05 11:00:00,2,VCT 2026: EMEA Kickoff,https://www.vlr.gg/594763/team-heretics-vs-karmine-corp-vct-2026-emea-kickoff-lr2
TH,Abyss,def,KC,0,1,4,elim,2026-02-05 11:00:00,2,VCT 2026: EMEA Kickoff,https://www.vlr.gg/594763/team-heretics-vs-karmine-corp-vct-2026-emea-kickoff-lr2
TH,Abyss,def,KC,0,1,5,elim,2026-02-05 11:00:00,2,VCT 2026: EMEA Kickoff,https://www.vlr.gg/594763/team-heretics-vs-karmine-corp-vct-2026-emea-kickoff-lr2
TH,Abyss,def,KC,0,1,6,elim,2026-02-05 11:00:00,2,VCT 2026: EMEA Kickoff,https://www.vlr.gg/594763/team-heretics-vs-karmine-corp-vct-2026-emea-kickoff-lr2
TH,Abyss,def,KC,0,1,7,elim,2026-02-05 11:00:00,2,VCT 2026: EMEA Kickoff,https://www.vlr.gg/594763/team-heretics-vs-karmine-corp-vct-2026-emea-kickoff-lr2
TH,Abyss,def,KC,1,0,8,defus,2026-02-05 11:00:00,2,VCT 2026: EMEA Kickoff,https://www.vlr.gg/594763/team-heretics-vs-karmine-corp-vct-2026-emea-kickoff-lr2
TH,Abyss,def,KC,0,1,9,elim,2026-02-05 11:00:00,2,VCT 2026: EMEA Kickoff,https://www.vlr.gg/594763/team-heretics-vs-karmine-corp-vct-2026-emea-kickoff-lr2
TH,Abyss,def,KC,0,1,10,elim,2026-02-05 11:00:00,2,VCT 2026: EMEA Kickoff,https://www.vlr.gg/594763/team-heretics-vs-karmine-corp-vct-2026-emea-kickoff-lr2
TH,Abyss,def,KC,0,1,11,elim,2026-02-05 11:00:00,2,VCT 2026: EMEA Kickoff,https://www.vlr.gg/594763/team-heretics-vs-karmine-corp-vct-2026-emea-kickoff-lr2
TH,Abyss,def,KC,0,1,12,elim,2026-02-05 11:00:00,2,VCT 2026: EMEA Kickoff,https://www.vlr.gg/594763/team-heretics-vs-karmine-corp-vct-2026-emea-kickoff-lr2
TL,Split,atk,ULF,0,1,1,defus,2026-02-05 14:00:00,0,VCT 2026: EMEA Kickoff,https://www.vlr.gg/594764/team-liquid-vs-ulf-esports-vct-2026-emea-kickoff-lr2
TL,Split,atk,ULF,0,1,2,tim,2026-02-05 14:00:00,0,VCT 2026: EMEA Kickoff,https://www.vlr.gg/594764/team-liquid-vs-ulf-esports-vct-2026-emea-kickoff-lr2
TL,Split,atk,ULF,0,1,3,defus,2026-02-05 14:00:00,0,VCT 2026: EMEA Kickoff,https://www.vlr.gg/594764/team-liquid-vs-ulf-esports-vct-2026-emea-kickoff-lr2
TL,Split,atk,ULF,1,0,4,elim,2026-02-05 14:00:00,0,VCT 2026: EMEA Kickoff,https://www.vlr.gg/594764/team-liquid-vs-ulf-esports-vct-2026-emea-kickoff-lr2
TL,Split,atk,ULF,1,0,5,elim,2026-02-05 14:00:00,0,VCT 2026: EMEA Kickoff,https://www.vlr.gg/594764/team-liquid-vs-ulf-esports-vct-2026-emea-kickoff-lr2
TL,Split,atk,ULF,1,0,6,elim,2026-02-05 14:00:00,0,VCT 2026: EMEA Kickoff,https://www.vlr.gg/594764/team-liquid-vs-ulf-esports-vct-2026-emea-kickoff-lr2
TL,Split,atk,ULF,1,0,7,boom,2026-02-05 14:00:00,0,VCT 2026: EMEA Kickoff,https://www.vlr.gg/594764/team-liquid-vs-ulf-esports-vct-2026-emea-kickoff-lr2
TL,Split,atk,ULF,0,1,8,defus,2026-02-05 14:00:00,0,VCT 2026: EMEA Kickoff,https://www.vlr.gg/594764/team-liquid-vs-ulf-esports-vct-2026-emea-kickoff-lr2
TL,Split,atk,ULF,0,1,9,elim,2026-02-05 14:00:00,0,VCT 2026: EMEA Kickoff,https://www.vlr.gg/594764/team-liquid-vs-ulf-esports-vct-2026-emea-kickoff-lr2
TL,Split,atk,ULF,1,0,10,boom,2026-02-05 14:00:00,0,VCT 2026: EMEA Kickoff,https://www.vlr.gg/594764/team-liquid-vs-ulf-esports-vct-2026-emea-kickoff-lr2
TL,Split,atk,ULF,1,0,11,boom,2026-02-05 14:00:00,0,VCT 2026: EMEA Kickoff,https://www.vlr.gg/594764/team-liquid-vs-ulf-esports-vct-2026-emea-kickoff-lr2
TL,Split,atk,ULF,0,1,12,elim,2026-02-05 14:00:00,0,VCT 2026: EMEA Kickoff,https://www.vlr.gg/594764/team-liquid-vs-ulf-esports-vct-2026-emea-kickoff-lr2
TL,Split,def,ULF,0,1,13,elim,2026-02-05 14:00:00,0,VCT 2026: EMEA Kickoff,https://www.vlr.gg/594764/team-liquid-vs-ulf-esports-vct-2026-emea-kickoff-lr2
TL,Split,def,ULF,0,1,14,elim,2026-02-05 14:00:00,0,VCT 2026: EMEA Kickoff,https://www.vlr.gg/594764/team-liquid-vs-ulf-esports-vct-2026-emea-kickoff-lr2
TL,Split,def,ULF,1,0,15,elim,2026-02-05 14:00:00,0,VCT 2026: EMEA Kickoff,https://www.vlr.gg/594764/team-liquid-vs-ulf-esports-vct-2026-emea-kickoff-lr2
TL,Split,def,ULF,0,1,16,boom,2026-02-05 14:00:00,0,VCT 2026: EMEA Kickoff,https://www.vlr.gg/594764/team-liquid-vs-ulf-esports-vct-2026-emea-kickoff-lr2
TL,Split,def,ULF,0,1,17,boom,2026-02-05 14:00:00,0,VCT 2026: EMEA Kickoff,https://www.vlr.gg/594764/team-liquid-vs-ulf-esports-vct-2026-emea-kickoff-lr2
TL,Split,def,ULF,1,0,18,defus,2026-02-05 14:00:00,0,VCT 2026: EMEA Kickoff,https://www.vlr.gg/594764/team-liquid-vs-ulf-esports-vct-2026-emea-kickoff-lr2
TL,Split,def,ULF,0,1,19,elim,2026-02-05 14:00:00,0,VCT 2026: EMEA Kickoff,https://www.vlr.gg/594764/team-liquid-vs-ulf-esports-vct-2026-emea-kickoff-lr2
TL,Split,def,ULF,0,1,20,elim,2026-02-05 14:00:00,0,VCT 2026: EMEA Kickoff,https://www.vlr.gg/594764/team-liquid-vs-ulf-esports-vct-2026-emea-kickoff-lr2
TL,Split,def,ULF,0,1,21,elim,2026-02-05 14:00:00,0,VCT 2026: EMEA Kickoff,https://www.vlr.gg/594764/team-liquid-vs-ulf-esports-vct-2026-emea-kickoff-lr2
TL,Pearl,atk,ULF,1,0,13,elim,2026-02-05 14:00:00,1,VCT 2026: EMEA Kickoff,https://www.vlr.gg/594764/team-liquid-vs-ulf-esports-vct-2026-emea-kickoff-lr2
TL,Pearl,atk,ULF,1,0,14,elim,2026-02-05 14:00:00,1,VCT 2026: EMEA Kickoff,https://www.vlr.gg/594764/team-liquid-vs-ulf-esports-vct-2026-emea-kickoff-lr2
TL,Pearl,atk,ULF,0,1,15,elim,2026-02-05 14:00:00,1,VCT 2026: EMEA Kickoff,https://www.vlr.gg/594764/team-liquid-vs-ulf-esports-vct-2026-emea-kickoff-lr2
TL,Pearl,atk,ULF,1,0,16,boom,2026-02-05 14:00:00,1,VCT 2026: EMEA Kickoff,https://www.vlr.gg/594764/team-liquid-vs-ulf-esports-vct-2026-emea-kickoff-lr2
TL,Pearl,atk,ULF,0,1,17,elim,2026-02-05 14:00:00,1,VCT 2026: EMEA Kickoff,https://www.vlr.gg/594764/team-liquid-vs-ulf-esports-vct-2026-emea-kickoff-lr2
TL,Pearl,atk,ULF,1,0,18,elim,2026-02-05 14:00:00,1,VCT 2026: EMEA Kickoff,https://www.vlr.gg/594764/team-liquid-vs-ulf-esports-vct-2026-emea-kickoff-lr2
TL,Pearl,atk,ULF,0,1,19,tim,2026-02-05 14:00:00,1,VCT 2026: EMEA Kickoff,https://www.vlr.gg/594764/team-liquid-vs-ulf-esports-vct-2026-emea-kickoff-lr2
TL,Pearl,atk,ULF,0,1,20,elim,2026-02-05 14:00:00,1,VCT 2026: EMEA Kickoff,https://www.vlr.gg/594764/team-liquid-vs-ulf-esports-vct-2026-emea-kickoff-lr2
TL,Pearl,atk,ULF,0,1,21,elim,2026-02-05 14:00:00,1,VCT 2026: EMEA Kickoff,https://www.vlr.gg/594764/team-liquid-vs-ulf-esports-vct-2026-emea-kickoff-lr2
TL,Pearl,atk,ULF,1,0,22,elim,2026-02-05 14:00:00,1,VCT 2026: EMEA Kickoff,https://www.vlr.gg/594764/team-liquid-vs-ulf-esports-vct-2026-emea-kickoff-lr2
TL,Pearl,atk,ULF,0,1,23,defus,2026-02-05 14:00:00,1,VCT 2026: EMEA Kickoff,https://www.vlr.gg/594764/team-liquid-vs-ulf-esports-vct-2026-emea-kickoff-lr2
TL,Pearl,atk,ULF,1,0,24,elim,2026-02-05 14:00:00,1,VCT 2026: EMEA Kickoff,https://www.vlr.gg/594764/team-liquid-vs-ulf-esports-vct-2026-emea-kickoff-lr2
TL,Pearl,atk,ULF,1,0,26,elim,2026-02-05 14:00:00,1,VCT 2026: EMEA Kickoff,https://www.vlr.gg/594764/team-liquid-vs-ulf-esports-vct-2026-emea-kickoff-lr2
TL,Pearl,def,ULF,1,0,1,elim,2026-02-05 14:00:00,1,VCT 2026: EMEA Kickoff,https://www.vlr.gg/594764/team-liquid-vs-ulf-esports-vct-2026-emea-kickoff-lr2
TL,Pearl,def,ULF,1,0,2,elim,2026-02-05 14:00:00,1,VCT 2026: EMEA Kickoff,https://www.vlr.gg/594764/team-liquid-vs-ulf-esports-vct-2026-emea-kickoff-lr2
TL,Pearl,def,ULF,0,1,3,elim,2026-02-05 14:00:00,1,VCT 2026: EMEA Kickoff,https://www.vlr.gg/594764/team-liquid-vs-ulf-esports-vct-2026-emea-kickoff-lr2
TL,Pearl,def,ULF,0,1,4,boom,2026-02-05 14:00:00,1,VCT 2026: EMEA Kickoff,https://www.vlr.gg/594764/team-liquid-vs-ulf-esports-vct-2026-emea-kickoff-lr2
TL,Pearl,def,ULF,1,0,5,elim,2026-02-05 14:00:00,1,VCT 2026: EMEA Kickoff,https://www.vlr.gg/594764/team-liquid-vs-ulf-esports-vct-2026-emea-kickoff-lr2
TL,Pearl,def,ULF,1,0,6,tim,2026-02-05 14:00:00,1,VCT 2026: EMEA Kickoff,https://www.vlr.gg/594764/team-liquid-vs-ulf-esports-vct-2026-emea-kickoff-lr2
TL,Pearl,def,ULF,0,1,7,boom,2026-02-05 14:00:00,1,VCT 2026: EMEA Kickoff,https://www.vlr.gg/594764/team-liquid-vs-ulf-esports-vct-2026-emea-kickoff-lr2
TL,Pearl,def,ULF,0,1,8,elim,2026-02-05 14:00:00,1,VCT 2026: EMEA Kickoff,https://www.vlr.gg/594764/team-liquid-vs-ulf-esports-vct-2026-emea-kickoff-lr2
TL,Pearl,def,ULF,0,1,9,elim,2026-02-05 14:00:00,1,VCT 2026: EMEA Kickoff,https://www.vlr.gg/594764/team-liquid-vs-ulf-esports-vct-2026-emea-kickoff-lr2
TL,Pearl,def,ULF,0,1,10,elim,2026-02-05 14:00:00,1,VCT 2026: EMEA Kickoff,https://www.vlr.gg/594764/team-liquid-vs-ulf-esports-vct-2026-emea-kickoff-lr2
TL,Pearl,def,ULF,1,0,11,elim,2026-02-05 14:00:00,1,VCT 2026: EMEA Kickoff,https://www.vlr.gg/594764/team-liquid-vs-ulf-esports-vct-2026-emea-kickoff-lr2
TL,Pearl,def,ULF,1,0,12,elim,2026-02-05 14:00:00,1,VCT 2026: EMEA Kickoff,https://www.vlr.gg/594764/team-liquid-vs-ulf-esports-vct-2026-emea-kickoff-lr2
TL,Pearl,def,ULF,1,0,25,defus,2026-02-05 14:00:00,1,VCT 2026: EMEA Kickoff,https://www.vlr.gg/594764/team-liquid-vs-ulf-esports-vct-2026-emea-kickoff-lr2
TL,Breeze,atk,ULF,1,0,13,elim,2026-02-05 14:00:00,2,VCT 2026: EMEA Kickoff,https://www.vlr.gg/594764/team-liquid-vs-ulf-esports-vct-2026-emea-kickoff-lr2
TL,Breeze,atk,ULF,1,0,14,elim,2026-02-05 14:00:00,2,VCT 2026: EMEA Kickoff,https://www.vlr.gg/594764/team-liquid-vs-ulf-esports-vct-2026-emea-kickoff-lr2
TL,Breeze,atk,ULF,1,0,15,elim,2026-02-05 14:00:00,2,VCT 2026: EMEA Kickoff,https://www.vlr.gg/594764/team-liquid-vs-ulf-esports-vct-2026-emea-kickoff-lr2
TL,Breeze,atk,ULF,1,0,16,elim,2026-02-05 14:00:00,2,VCT 2026: EMEA Kickoff,https://www.vlr.gg/594764/team-liquid-vs-ulf-esports-vct-2026-emea-kickoff-lr2
TL,Breeze,atk,ULF,1,0,17,boom,2026-02-05 14:00:00,2,VCT 2026: EMEA Kickoff,https://www.vlr.gg/594764/team-liquid-vs-ulf-esports-vct-2026-emea-kickoff-lr2
TL,Breeze,atk,ULF,1,0,18,elim,2026-02-05 14:00:00,2,VCT 2026: EMEA Kickoff,https://www.vlr.gg/594764/team-liquid-vs-ulf-esports-vct-2026-emea-kickoff-lr2
TL,Breeze,def,ULF,1,0,1,elim,2026-02-05 14:00:00,2,VCT 2026: EMEA Kickoff,https://www.vlr.gg/594764/team-liquid-vs-ulf-esports-vct-2026-emea-kickoff-lr2
TL,Breeze,def,ULF,1,0,2,elim,2026-02-05 14:00:00,2,VCT 2026: EMEA Kickoff,https://www.vlr.gg/594764/team-liquid-vs-ulf-esports-vct-2026-emea-kickoff-lr2
TL,Breeze,def,ULF,1,0,3,tim,2026-02-05 14:00:00,2,VCT 2026: EMEA Kickoff,https://www.vlr.gg/594764/team-liquid-vs-ulf-esports-vct-2026-emea-kickoff-lr2
TL,Breeze,def,ULF,1,0,4,elim,2026-02-05 14:00:00,2,VCT 2026: EMEA Kickoff,https://www.vlr.gg/594764/team-liquid-vs-ulf-esports-vct-2026-emea-kickoff-lr2
TL,Breeze,def,ULF,1,0,5,elim,2026-02-05 14:00:00,2,VCT 2026: EMEA Kickoff,https://www.vlr.gg/594764/team-liquid-vs-ulf-esports-vct-2026-emea-kickoff-lr2
TL,Breeze,def,ULF,1,0,6,defus,2026-02-05 14:00:00,2,VCT 2026: EMEA Kickoff,https://www.vlr.gg/594764/team-liquid-vs-ulf-esports-vct-2026-emea-kickoff-lr2
TL,Breeze,def,ULF,0,1,7,elim,2026-02-05 14:00:00,2,VCT 2026: EMEA Kickoff,https://www.vlr.gg/594764/team-liquid-vs-ulf-esports-vct-2026-emea-kickoff-lr2
TL,Breeze,def,ULF,0,1,8,elim,2026-02-05 14:00:00,2,VCT 2026: EMEA Kickoff,https://www.vlr.gg/594764/team-liquid-vs-ulf-esports-vct-2026-emea-kickoff-lr2
TL,Breeze,def,ULF,0,1,9,boom,2026-02-05 14:00:00,2,VCT 2026: EMEA Kickoff,https://www.vlr.gg/594764/team-liquid-vs-ulf-esports-vct-2026-emea-kickoff-lr2
TL,Breeze,def,ULF,0,1,10,boom,2026-02-05 14:00:00,2,VCT 2026: EMEA Kickoff,https://www.vlr.gg/594764/team-liquid-vs-ulf-esports-vct-2026-emea-kickoff-lr2
TL,Breeze,def,ULF,0,1,11,elim,2026-02-05 14:00:00,2,VCT 2026: EMEA Kickoff,https://www.vlr.gg/594764/team-liquid-vs-ulf-esports-vct-2026-emea-kickoff-lr2
TL,Breeze,def,ULF,1,0,12,elim,2026-02-05 14:00:00,2,VCT 2026: EMEA Kickoff,https://www.vlr.gg/594764/team-liquid-vs-ulf-esports-vct-2026-emea-kickoff-lr2
NAVI,Haven,atk,TH,1,0,1,elim,2026-02-06 11:00:00,0,VCT 2026: EMEA Kickoff,https://www.vlr.gg/594765/natus-vincere-vs-team-heretics-vct-2026-emea-kickoff-lr3
NAVI,Haven,atk,TH,1,0,2,elim,2026-02-06 11:00:00,0,VCT 2026: EMEA Kickoff,https://www.vlr.gg/594765/natus-vincere-vs-team-heretics-vct-2026-emea-kickoff-lr3
NAVI,Haven,atk,TH,1,0,3,elim,2026-02-06 11:00:00,0,VCT 2026: EMEA Kickoff,https://www.vlr.gg/594765/natus-vincere-vs-team-heretics-vct-2026-emea-kickoff-lr3
NAVI,Haven,atk,TH,0,1,4,elim,2026-02-06 11:00:00,0,VCT 2026: EMEA Kickoff,https://www.vlr.gg/594765/natus-vincere-vs-team-heretics-vct-2026-emea-kickoff-lr3
NAVI,Haven,atk,TH,0,1,5,elim,2026-02-06 11:00:00,0,VCT 2026: EMEA Kickoff,https://www.vlr.gg/594765/natus-vincere-vs-team-heretics-vct-2026-emea-kickoff-lr3
NAVI,Haven,atk,TH,0,1,6,elim,2026-02-06 11:00:00,0,VCT 2026: EMEA Kickoff,https://www.vlr.gg/594765/natus-vincere-vs-team-heretics-vct-2026-emea-kickoff-lr3
NAVI,Haven,atk,TH,1,0,7,elim,2026-02-06 11:00:00,0,VCT 2026: EMEA Kickoff,https://www.vlr.gg/594765/natus-vincere-vs-team-heretics-vct-2026-emea-kickoff-lr3
NAVI,Haven,atk,TH,0,1,8,defus,2026-02-06 11:00:00,0,VCT 2026: EMEA Kickoff,https://www.vlr.gg/594765/natus-vincere-vs-team-heretics-vct-2026-emea-kickoff-lr3
NAVI,Haven,atk,TH,0,1,9,tim,2026-02-06 11:00:00,0,VCT 2026: EMEA Kickoff,https://www.vlr.gg/594765/natus-vincere-vs-team-heretics-vct-2026-emea-kickoff-lr3
NAVI,Haven,atk,TH,0,1,10,defus,2026-02-06 11:00:00,0,VCT 2026: EMEA Kickoff,https://www.vlr.gg/594765/natus-vincere-vs-team-heretics-vct-2026-emea-kickoff-lr3
NAVI,Haven,atk,TH,0,1,11,defus,2026-02-06 11:00:00,0,VCT 2026: EMEA Kickoff,https://www.vlr.gg/594765/natus-vincere-vs-team-heretics-vct-2026-emea-kickoff-lr3
NAVI,Haven,atk,TH,0,1,12,elim,2026-02-06 11:00:00,0,VCT 2026: EMEA Kickoff,https://www.vlr.gg/594765/natus-vincere-vs-team-heretics-vct-2026-emea-kickoff-lr3
NAVI,Haven,def,TH,0,1,13,elim,2026-02-06 11:00:00,0,VCT 2026: EMEA Kickoff,https://www.vlr.gg/594765/natus-vincere-vs-team-heretics-vct-2026-emea-kickoff-lr3
NAVI,Haven,def,TH,0,1,14,elim,2026-02-06 11:00:00,0,VCT 2026: EMEA Kickoff,https://www.vlr.gg/594765/natus-vincere-vs-team-heretics-vct-2026-emea-kickoff-lr3
NAVI,Haven,def,TH,1,0,15,elim,2026-02-06 11:00:00,0,VCT 2026: EMEA Kickoff,https://www.vlr.gg/594765/natus-vincere-vs-team-heretics-vct-2026-emea-kickoff-lr3
NAVI,Haven,def,TH,0,1,16,elim,2026-02-06 11:00:00,0,VCT 2026: EMEA Kickoff,https://www.vlr.gg/594765/natus-vincere-vs-team-heretics-vct-2026-emea-kickoff-lr3
NAVI,Haven,def,TH,0,1,17,elim,2026-02-06 11:00:00,0,VCT 2026: EMEA Kickoff,https://www.vlr.gg/594765/natus-vincere-vs-team-heretics-vct-2026-emea-kickoff-lr3
NAVI,Haven,def,TH,0,1,18,elim,2026-02-06 11:00:00,0,VCT 2026: EMEA Kickoff,https://www.vlr.gg/594765/natus-vincere-vs-team-heretics-vct-2026-emea-kickoff-lr3
NAVI,Breeze,atk,TH,0,1,1,defus,2026-02-06 11:00:00,1,VCT 2026: EMEA Kickoff,https://www.vlr.gg/594765/natus-vincere-vs-team-heretics-vct-2026-emea-kickoff-lr3
NAVI,Breeze,atk,TH,0,1,2,elim,2026-02-06 11:00:00,1,VCT 2026: EMEA Kickoff,https://www.vlr.gg/594765/natus-vincere-vs-team-heretics-vct-2026-emea-kickoff-lr3
NAVI,Breeze,atk,TH,1,0,3,elim,2026-02-06 11:00:00,1,VCT 2026: EMEA Kickoff,https://www.vlr.gg/594765/natus-vincere-vs-team-heretics-vct-2026-emea-kickoff-lr3
NAVI,Breeze,atk,TH,0,1,4,defus,2026-02-06 11:00:00,1,VCT 2026: EMEA Kickoff,https://www.vlr.gg/594765/natus-vincere-vs-team-heretics-vct-2026-emea-kickoff-lr3
NAVI,Breeze,atk,TH,0,1,5,elim,2026-02-06 11:00:00,1,VCT 2026: EMEA Kickoff,https://www.vlr.gg/594765/natus-vincere-vs-team-heretics-vct-2026-emea-kickoff-lr3
NAVI,Breeze,atk,TH,1,0,6,elim,2026-02-06 11:00:00,1,VCT 2026: EMEA Kickoff,https://www.vlr.gg/594765/natus-vincere-vs-team-heretics-vct-2026-emea-kickoff-lr3
NAVI,Breeze,atk,TH,1,0,7,elim,2026-02-06 11:00:00,1,VCT 2026: EMEA Kickoff,https://www.vlr.gg/594765/natus-vincere-vs-team-heretics-vct-2026-emea-kickoff-lr3
NAVI,Breeze,atk,TH,1,0,8,elim,2026-02-06 11:00:00,1,VCT 2026: EMEA Kickoff,https://www.vlr.gg/594765/natus-vincere-vs-team-heretics-vct-2026-emea-kickoff-lr3
NAVI,Breeze,atk,TH,0,1,9,elim,2026-02-06 11:00:00,1,VCT 2026: EMEA Kickoff,https://www.vlr.gg/594765/natus-vincere-vs-team-heretics-vct-2026-emea-kickoff-lr3
NAVI,Breeze,atk,TH,0,1,10,defus,2026-02-06 11:00:00,1,VCT 2026: EMEA Kickoff,https://www.vlr.gg/594765/natus-vincere-vs-team-heretics-vct-2026-emea-kickoff-lr3
NAVI,Breeze,atk,TH,0,1,11,elim,2026-02-06 11:00:00,1,VCT 2026: EMEA Kickoff,https://www.vlr.gg/594765/natus-vincere-vs-team-heretics-vct-2026-emea-kickoff-lr3
NAVI,Breeze,atk,TH,0,1,12,elim,2026-02-06 11:00:00,1,VCT 2026: EMEA Kickoff,https://www.vlr.gg/594765/natus-vincere-vs-team-heretics-vct-2026-emea-kickoff-lr3
NAVI,Breeze,def,TH,0,1,13,elim,2026-02-06 11:00:00,1,VCT 2026: EMEA Kickoff,https://www.vlr.gg/594765/natus-vincere-vs-team-heretics-vct-2026-emea-kickoff-lr3
NAVI,Breeze,def,TH,0,1,14,elim,2026-02-06 11:00:00,1,VCT 2026: EMEA Kickoff,https://www.vlr.gg/594765/natus-vincere-vs-team-heretics-vct-2026-emea-kickoff-lr3
NAVI,Breeze,def,TH,0,1,15,elim,2026-02-06 11:00:00,1,VCT 2026: EMEA Kickoff,https://www.vlr.gg/594765/natus-vincere-vs-team-heretics-vct-2026-emea-kickoff-lr3
NAVI,Breeze,def,TH,0,1,16,elim,2026-02-06 11:00:00,1,VCT 2026: EMEA Kickoff,https://www.vlr.gg/594765/natus-vincere-vs-team-heretics-vct-2026-emea-kickoff-lr3
NAVI,Breeze,def,TH,0,1,17,elim,2026-02-06 11:00:00,1,VCT 2026: EMEA Kickoff,https://www.vlr.gg/594765/natus-vincere-vs-team-heretics-vct-2026-emea-kickoff-lr3
GX,Breeze,atk,TL,0,1,13,defus,2026-02-06 13:00:00,0,VCT 2026: EMEA Kickoff,https://www.vlr.gg/594766/giantx-vs-team-liquid-vct-2026-emea-kickoff-lr3
GX,Breeze,atk,TL,0,1,14,elim,2026-02-06 13:00:00,0,VCT 2026: EMEA Kickoff,https://www.vlr.gg/594766/giantx-vs-team-liquid-vct-2026-emea-kickoff-lr3
GX,Breeze,atk,TL,0,1,15,elim,2026-02-06 13:00:00,0,VCT 2026: EMEA Kickoff,https://www.vlr.gg/594766/giantx-vs-team-liquid-vct-2026-emea-kickoff-lr3
GX,Breeze,atk,TL,1,0,16,elim,2026-02-06 13:00:00,0,VCT 2026: EMEA Kickoff,https://www.vlr.gg/594766/giantx-vs-team-liquid-vct-2026-emea-kickoff-lr3
GX,Breeze,atk,TL,0,1,17,elim,2026-02-06 13:00:00,0,VCT 2026: EMEA Kickoff,https://www.vlr.gg/594766/giantx-vs-team-liquid-vct-2026-emea-kickoff-lr3
GX,Breeze,def,TL,1,0,1,defus,2026-02-06 13:00:00,0,VCT 2026: EMEA Kickoff,https://www.vlr.gg/594766/giantx-vs-team-liquid-vct-2026-emea-kickoff-lr3
GX,Breeze,def,TL,0,1,2,elim,2026-02-06 13:00:00,0,VCT 2026: EMEA Kickoff,https://www.vlr.gg/594766/giantx-vs-team-liquid-vct-2026-emea-kickoff-lr3
GX,Breeze,def,TL,0,1,3,boom,2026-02-06 13:00:00,0,VCT 2026: EMEA Kickoff,https://www.vlr.gg/594766/giantx-vs-team-liquid-vct-2026-emea-kickoff-lr3
GX,Breeze,def,TL,0,1,4,boom,2026-02-06 13:00:00,0,VCT 2026: EMEA Kickoff,https://www.vlr.gg/594766/giantx-vs-team-liquid-vct-2026-emea-kickoff-lr3
GX,Breeze,def,TL,0,1,5,boom,2026-02-06 13:00:00,0,VCT 2026: EMEA Kickoff,https://www.vlr.gg/594766/giantx-vs-team-liquid-vct-2026-emea-kickoff-lr3
GX,Breeze,def,TL,0,1,6,elim,2026-02-06 13:00:00,0,VCT 2026: EMEA Kickoff,https://www.vlr.gg/594766/giantx-vs-team-liquid-vct-2026-emea-kickoff-lr3
GX,Breeze,def,TL,1,0,7,elim,2026-02-06 13:00:00,0,VCT 2026: EMEA Kickoff,https://www.vlr.gg/594766/giantx-vs-team-liquid-vct-2026-emea-kickoff-lr3
GX,Breeze,def,TL,0,1,8,elim,2026-02-06 13:00:00,0,VCT 2026: EMEA Kickoff,https://www.vlr.gg/594766/giantx-vs-team-liquid-vct-2026-emea-kickoff-lr3
GX,Breeze,def,TL,0,1,9,elim,2026-02-06 13:00:00,0,VCT 2026: EMEA Kickoff,https://www.vlr.gg/594766/giantx-vs-team-liquid-vct-2026-emea-kickoff-lr3
GX,Breeze,def,TL,1,0,10,tim,2026-02-06 13:00:00,0,VCT 2026: EMEA Kickoff,https://www.vlr.gg/594766/giantx-vs-team-liquid-vct-2026-emea-kickoff-lr3
GX,Breeze,def,TL,0,1,11,boom,2026-02-06 13:00:00,0,VCT 2026: EMEA Kickoff,https://www.vlr.gg/594766/giantx-vs-team-liquid-vct-2026-emea-kickoff-lr3
GX,Breeze,def,TL,0,1,12,elim,2026-02-06 13:00:00,0,VCT 2026: EMEA Kickoff,https://www.vlr.gg/594766/giantx-vs-team-liquid-vct-2026-emea-kickoff-lr3
GX,Pearl,atk,TL,1,0,13,elim,2026-02-06 13:00:00,1,VCT 2026: EMEA Kickoff,https://www.vlr.gg/594766/giantx-vs-team-liquid-vct-2026-emea-kickoff-lr3
GX,Pearl,atk,TL,0,1,14,defus,2026-02-06 13:00:00,1,VCT 2026: EMEA Kickoff,https://www.vlr.gg/594766/giantx-vs-team-liquid-vct-2026-emea-kickoff-lr3
GX,Pearl,atk,TL,0,1,15,elim,2026-02-06 13:00:00,1,VCT 2026: EMEA Kickoff,https://www.vlr.gg/594766/giantx-vs-team-liquid-vct-2026-emea-kickoff-lr3
GX,Pearl,atk,TL,0,1,16,elim,2026-02-06 13:00:00,1,VCT 2026: EMEA Kickoff,https://www.vlr.gg/594766/giantx-vs-team-liquid-vct-2026-emea-kickoff-lr3
GX,Pearl,atk,TL,0,1,17,elim,2026-02-06 13:00:00,1,VCT 2026: EMEA Kickoff,https://www.vlr.gg/594766/giantx-vs-team-liquid-vct-2026-emea-kickoff-lr3
GX,Pearl,atk,TL,0,1,18,tim,2026-02-06 13:00:00,1,VCT 2026: EMEA Kickoff,https://www.vlr.gg/594766/giantx-vs-team-liquid-vct-2026-emea-kickoff-lr3
GX,Pearl,atk,TL,1,0,19,elim,2026-02-06 13:00:00,1,VCT 2026: EMEA Kickoff,https://www.vlr.gg/594766/giantx-vs-team-liquid-vct-2026-emea-kickoff-lr3
GX,Pearl,def,TL,1,0,1,elim,2026-02-06 13:00:00,1,VCT 2026: EMEA Kickoff,https://www.vlr.gg/594766/giantx-vs-team-liquid-vct-2026-emea-kickoff-lr3
GX,Pearl,def,TL,1,0,2,elim,2026-02-06 13:00:00,1,VCT 2026: EMEA Kickoff,https://www.vlr.gg/594766/giantx-vs-team-liquid-vct-2026-emea-kickoff-lr3
GX,Pearl,def,TL,1,0,3,tim,2026-02-06 13:00:00,1,VCT 2026: EMEA Kickoff,https://www.vlr.gg/594766/giantx-vs-team-liquid-vct-2026-emea-kickoff-lr3
GX,Pearl,def,TL,1,0,4,elim,2026-02-06 13:00:00,1,VCT 2026: EMEA Kickoff,https://www.vlr.gg/594766/giantx-vs-team-liquid-vct-2026-emea-kickoff-lr3
GX,Pearl,def,TL,1,0,5,elim,2026-02-06 13:00:00,1,VCT 2026: EMEA Kickoff,https://www.vlr.gg/594766/giantx-vs-team-liquid-vct-2026-emea-kickoff-lr3
GX,Pearl,def,TL,1,0,6,elim,2026-02-06 13:00:00,1,VCT 2026: EMEA Kickoff,https://www.vlr.gg/594766/giantx-vs-team-liquid-vct-2026-emea-kickoff-lr3
GX,Pearl,def,TL,1,0,7,elim,2026-02-06 13:00:00,1,VCT 2026: EMEA Kickoff,https://www.vlr.gg/594766/giantx-vs-team-liquid-vct-2026-emea-kickoff-lr3
GX,Pearl,def,TL,1,0,8,defus,2026-02-06 13:00:00,1,VCT 2026: EMEA Kickoff,https://www.vlr.gg/594766/giantx-vs-team-liquid-vct-2026-emea-kickoff-lr3
GX,Pearl,def,TL,1,0,9,elim,2026-02-06 13:00:00,1,VCT 2026: EMEA Kickoff,https://www.vlr.gg/594766/giantx-vs-team-liquid-vct-2026-emea-kickoff-lr3
GX,Pearl,def,TL,1,0,10,defus,2026-02-06 13:00:00,1,VCT 2026: EMEA Kickoff,https://www.vlr.gg/594766/giantx-vs-team-liquid-vct-2026-emea-kickoff-lr3
GX,Pearl,def,TL,0,1,11,elim,2026-02-06 13:00:00,1,VCT 2026: EMEA Kickoff,https://www.vlr.gg/594766/giantx-vs-team-liquid-vct-2026-emea-kickoff-lr3
GX,Pearl,def,TL,1,0,12,elim,2026-02-06 13:00:00,1,VCT 2026: EMEA Kickoff,https://www.vlr.gg/594766/giantx-vs-team-liquid-vct-2026-emea-kickoff-lr3
GX,Bind,atk,TL,1,0,1,elim,2026-02-06 13:00:00,2,VCT 2026: EMEA Kickoff,https://www.vlr.gg/594766/giantx-vs-team-liquid-vct-2026-emea-kickoff-lr3
GX,Bind,atk,TL,1,0,2,elim,2026-02-06 13:00:00,2,VCT 2026: EMEA Kickoff,https://www.vlr.gg/594766/giantx-vs-team-liquid-vct-2026-emea-kickoff-lr3
GX,Bind,atk,TL,0,1,3,elim,2026-02-06 13:00:00,2,VCT 2026: EMEA Kickoff,https://www.vlr.gg/594766/giantx-vs-team-liquid-vct-2026-emea-kickoff-lr3
GX,Bind,atk,TL,0,1,4,defus,2026-02-06 13:00:00,2,VCT 2026: EMEA Kickoff,https://www.vlr.gg/594766/giantx-vs-team-liquid-vct-2026-emea-kickoff-lr3
GX,Bind,atk,TL,1,0,5,elim,2026-02-06 13:00:00,2,VCT 2026: EMEA Kickoff,https://www.vlr.gg/594766/giantx-vs-team-liquid-vct-2026-emea-kickoff-lr3
GX,Bind,atk,TL,0,1,6,defus,2026-02-06 13:00:00,2,VCT 2026: EMEA Kickoff,https://www.vlr.gg/594766/giantx-vs-team-liquid-vct-2026-emea-kickoff-lr3
GX,Bind,atk,TL,0,1,7,elim,2026-02-06 13:00:00,2,VCT 2026: EMEA Kickoff,https://www.vlr.gg/594766/giantx-vs-team-liquid-vct-2026-emea-kickoff-lr3
GX,Bind,atk,TL,0,1,8,elim,2026-02-06 13:00:00,2,VCT 2026: EMEA Kickoff,https://www.vlr.gg/594766/giantx-vs-team-liquid-vct-2026-emea-kickoff-lr3
GX,Bind,atk,TL,0,1,9,elim,2026-02-06 13:00:00,2,VCT 2026: EMEA Kickoff,https://www.vlr.gg/594766/giantx-vs-team-liquid-vct-2026-emea-kickoff-lr3
GX,Bind,atk,TL,0,1,10,defus,2026-02-06 13:00:00,2,VCT 2026: EMEA Kickoff,https://www.vlr.gg/594766/giantx-vs-team-liquid-vct-2026-emea-kickoff-lr3
GX,Bind,atk,TL,0,1,11,tim,2026-02-06 13:00:00,2,VCT 2026: EMEA Kickoff,https://www.vlr.gg/594766/giantx-vs-team-liquid-vct-2026-emea-kickoff-lr3
GX,Bind,atk,TL,1,0,12,elim,2026-02-06 13:00:00,2,VCT 2026: EMEA Kickoff,https://www.vlr.gg/594766/giantx-vs-team-liquid-vct-2026-emea-kickoff-lr3
GX,Bind,atk,TL,0,1,25,defus,2026-02-06 13:00:00,2,VCT 2026: EMEA Kickoff,https://www.vlr.gg/594766/giantx-vs-team-liquid-vct-2026-emea-kickoff-lr3
GX,Bind,atk,TL,0,1,27,defus,2026-02-06 13:00:00,2,VCT 2026: EMEA Kickoff,https://www.vlr.gg/594766/giantx-vs-team-liquid-vct-2026-emea-kickoff-lr3
GX,Bind,atk,TL,0,1,29,elim,2026-02-06 13:00:00,2,VCT 2026: EMEA Kickoff,https://www.vlr.gg/594766/giantx-vs-team-liquid-vct-2026-emea-kickoff-lr3
GX,Bind,def,TL,1,0,13,elim,2026-02-06 13:00:00,2,VCT 2026: EMEA Kickoff,https://www.vlr.gg/594766/giantx-vs-team-liquid-vct-2026-emea-kickoff-lr3
GX,Bind,def,TL,1,0,14,elim,2026-02-06 13:00:00,2,VCT 2026: EMEA Kickoff,https://www.vlr.gg/594766/giantx-vs-team-liquid-vct-2026-emea-kickoff-lr3
GX,Bind,def,TL,1,0,15,defus,2026-02-06 13:00:00,2,VCT 2026: EMEA Kickoff,https://www.vlr.gg/594766/giantx-vs-team-liquid-vct-2026-emea-kickoff-lr3
GX,Bind,def,TL,1,0,16,defus,2026-02-06 13:00:00,2,VCT 2026: EMEA Kickoff,https://www.vlr.gg/594766/giantx-vs-team-liquid-vct-2026-emea-kickoff-lr3
GX,Bind,def,TL,0,1,17,elim,2026-02-06 13:00:00,2,VCT 2026: EMEA Kickoff,https://www.vlr.gg/594766/giantx-vs-team-liquid-vct-2026-emea-kickoff-lr3
GX,Bind,def,TL,0,1,18,boom,2026-02-06 13:00:00,2,VCT 2026: EMEA Kickoff,https://www.vlr.gg/594766/giantx-vs-team-liquid-vct-2026-emea-kickoff-lr3
GX,Bind,def,TL,0,1,19,elim,2026-02-06 13:00:00,2,VCT 2026: EMEA Kickoff,https://www.vlr.gg/594766/giantx-vs-team-liquid-vct-2026-emea-kickoff-lr3
GX,Bind,def,TL,1,0,20,elim,2026-02-06 13:00:00,2,VCT 2026: EMEA Kickoff,https://www.vlr.gg/594766/giantx-vs-team-liquid-vct-2026-emea-kickoff-lr3
GX,Bind,def,TL,1,0,21,elim,2026-02-06 13:00:00,2,VCT 2026: EMEA Kickoff,https://www.vlr.gg/594766/giantx-vs-team-liquid-vct-2026-emea-kickoff-lr3
GX,Bind,def,TL,1,0,22,defus,2026-02-06 13:00:00,2,VCT 2026: EMEA Kickoff,https://www.vlr.gg/594766/giantx-vs-team-liquid-vct-2026-emea-kickoff-lr3
GX,Bind,def,TL,0,1,23,boom,2026-02-06 13:00:00,2,VCT 2026: EMEA Kickoff,https://www.vlr.gg/594766/giantx-vs-team-liquid-vct-2026-emea-kickoff-lr3
GX,Bind,def,TL,1,0,24,defus,2026-02-06 13:00:00,2,VCT 2026: EMEA Kickoff,https://www.vlr.gg/594766/giantx-vs-team-liquid-vct-2026-emea-kickoff-lr3
GX,Bind,def,TL,1,0,26,defus,2026-02-06 13:00:00,2,VCT 2026: EMEA Kickoff,https://www.vlr.gg/594766/giantx-vs-team-liquid-vct-2026-emea-kickoff-lr3
GX,Bind,def,TL,1,0,28,defus,2026-02-06 13:00:00,2,VCT 2026: EMEA Kickoff,https://www.vlr.gg/594766/giantx-vs-team-liquid-vct-2026-emea-kickoff-lr3
GX,Bind,def,TL,0,1,30,elim,2026-02-06 13:00:00,2,VCT 2026: EMEA Kickoff,https://www.vlr.gg/594766/giantx-vs-team-liquid-vct-2026-emea-kickoff-lr3
TH,Abyss,atk,TL,1,0,1,elim,2026-02-12 12:00:00,0,VCT 2026: EMEA Kickoff,https://www.vlr.gg/594767/team-heretics-vs-team-liquid-vct-2026-emea-kickoff-lr4
TH,Abyss,atk,TL,1,0,2,elim,2026-02-12 12:00:00,0,VCT 2026: EMEA Kickoff,https://www.vlr.gg/594767/team-heretics-vs-team-liquid-vct-2026-emea-kickoff-lr4
TH,Abyss,atk,TL,1,0,3,elim,2026-02-12 12:00:00,0,VCT 2026: EMEA Kickoff,https://www.vlr.gg/594767/team-heretics-vs-team-liquid-vct-2026-emea-kickoff-lr4
TH,Abyss,atk,TL,0,1,4,defus,2026-02-12 12:00:00,0,VCT 2026: EMEA Kickoff,https://www.vlr.gg/594767/team-heretics-vs-team-liquid-vct-2026-emea-kickoff-lr4
TH,Abyss,atk,TL,1,0,5,boom,2026-02-12 12:00:00,0,VCT 2026: EMEA Kickoff,https://www.vlr.gg/594767/team-heretics-vs-team-liquid-vct-2026-emea-kickoff-lr4
TH,Abyss,atk,TL,1,0,6,elim,2026-02-12 12:00:00,0,VCT 2026: EMEA Kickoff,https://www.vlr.gg/594767/team-heretics-vs-team-liquid-vct-2026-emea-kickoff-lr4
TH,Abyss,atk,TL,0,1,7,defus,2026-02-12 12:00:00,0,VCT 2026: EMEA Kickoff,https://www.vlr.gg/594767/team-heretics-vs-team-liquid-vct-2026-emea-kickoff-lr4
TH,Abyss,atk,TL,0,1,8,defus,2026-02-12 12:00:00,0,VCT 2026: EMEA Kickoff,https://www.vlr.gg/594767/team-heretics-vs-team-liquid-vct-2026-emea-kickoff-lr4
TH,Abyss,atk,TL,0,1,9,defus,2026-02-12 12:00:00,0,VCT 2026: EMEA Kickoff,https://www.vlr.gg/594767/team-heretics-vs-team-liquid-vct-2026-emea-kickoff-lr4
TH,Abyss,atk,TL,0,1,10,elim,2026-02-12 12:00:00,0,VCT 2026: EMEA Kickoff,https://www.vlr.gg/594767/team-heretics-vs-team-liquid-vct-2026-emea-kickoff-lr4
TH,Abyss,atk,TL,0,1,11,defus,2026-02-12 12:00:00,0,VCT 2026: EMEA Kickoff,https://www.vlr.gg/594767/team-heretics-vs-team-liquid-vct-2026-emea-kickoff-lr4
TH,Abyss,atk,TL,1,0,12,elim,2026-02-12 12:00:00,0,VCT 2026: EMEA Kickoff,https://www.vlr.gg/594767/team-heretics-vs-team-liquid-vct-2026-emea-kickoff-lr4
TH,Abyss,def,TL,1,0,13,elim,2026-02-12 12:00:00,0,VCT 2026: EMEA Kickoff,https://www.vlr.gg/594767/team-heretics-vs-team-liquid-vct-2026-emea-kickoff-lr4
TH,Abyss,def,TL,1,0,14,elim,2026-02-12 12:00:00,0,VCT 2026: EMEA Kickoff,https://www.vlr.gg/594767/team-heretics-vs-team-liquid-vct-2026-emea-kickoff-lr4
TH,Abyss,def,TL,0,1,15,boom,2026-02-12 12:00:00,0,VCT 2026: EMEA Kickoff,https://www.vlr.gg/594767/team-heretics-vs-team-liquid-vct-2026-emea-kickoff-lr4
TH,Abyss,def,TL,1,0,16,defus,2026-02-12 12:00:00,0,VCT 2026: EMEA Kickoff,https://www.vlr.gg/594767/team-heretics-vs-team-liquid-vct-2026-emea-kickoff-lr4
TH,Abyss,def,TL,0,1,17,elim,2026-02-12 12:00:00,0,VCT 2026: EMEA Kickoff,https://www.vlr.gg/594767/team-heretics-vs-team-liquid-vct-2026-emea-kickoff-lr4
TH,Abyss,def,TL,0,1,18,elim,2026-02-12 12:00:00,0,VCT 2026: EMEA Kickoff,https://www.vlr.gg/594767/team-heretics-vs-team-liquid-vct-2026-emea-kickoff-lr4
TH,Abyss,def,TL,0,1,19,elim,2026-02-12 12:00:00,0,VCT 2026: EMEA Kickoff,https://www.vlr.gg/594767/team-heretics-vs-team-liquid-vct-2026-emea-kickoff-lr4
TH,Abyss,def,TL,0,1,20,elim,2026-02-12 12:00:00,0,VCT 2026: EMEA Kickoff,https://www.vlr.gg/594767/team-heretics-vs-team-liquid-vct-2026-emea-kickoff-lr4
TH,Abyss,def,TL,1,0,21,defus,2026-02-12 12:00:00,0,VCT 2026: EMEA Kickoff,https://www.vlr.gg/594767/team-heretics-vs-team-liquid-vct-2026-emea-kickoff-lr4
TH,Abyss,def,TL,1,0,22,defus,2026-02-12 12:00:00,0,VCT 2026: EMEA Kickoff,https://www.vlr.gg/594767/team-heretics-vs-team-liquid-vct-2026-emea-kickoff-lr4
TH,Abyss,def,TL,0,1,23,elim,2026-02-12 12:00:00,0,VCT 2026: EMEA Kickoff,https://www.vlr.gg/594767/team-heretics-vs-team-liquid-vct-2026-emea-kickoff-lr4
TH,Abyss,def,TL,0,1,24,elim,2026-02-12 12:00:00,0,VCT 2026: EMEA Kickoff,https://www.vlr.gg/594767/team-heretics-vs-team-liquid-vct-2026-emea-kickoff-lr4
TH,Bind,atk,TL,1,0,13,elim,2026-02-12 12:00:00,1,VCT 2026: EMEA Kickoff,https://www.vlr.gg/594767/team-heretics-vs-team-liquid-vct-2026-emea-kickoff-lr4
TH,Bind,atk,TL,1,0,14,boom,2026-02-12 12:00:00,1,VCT 2026: EMEA Kickoff,https://www.vlr.gg/594767/team-heretics-vs-team-liquid-vct-2026-emea-kickoff-lr4
TH,Bind,atk,TL,0,1,15,elim,2026-02-12 12:00:00,1,VCT 2026: EMEA Kickoff,https://www.vlr.gg/594767/team-heretics-vs-team-liquid-vct-2026-emea-kickoff-lr4
TH,Bind,atk,TL,0,1,16,elim,2026-02-12 12:00:00,1,VCT 2026: EMEA Kickoff,https://www.vlr.gg/594767/team-heretics-vs-team-liquid-vct-2026-emea-kickoff-lr4
TH,Bind,def,TL,0,1,1,elim,2026-02-12 12:00:00,1,VCT 2026: EMEA Kickoff,https://www.vlr.gg/594767/team-heretics-vs-team-liquid-vct-2026-emea-kickoff-lr4
TH,Bind,def,TL,0,1,2,elim,2026-02-12 12:00:00,1,VCT 2026: EMEA Kickoff,https://www.vlr.gg/594767/team-heretics-vs-team-liquid-vct-2026-emea-kickoff-lr4
TH,Bind,def,TL,0,1,3,boom,2026-02-12 12:00:00,1,VCT 2026: EMEA Kickoff,https://www.vlr.gg/594767/team-heretics-vs-team-liquid-vct-2026-emea-kickoff-lr4
TH,Bind,def,TL,0,1,4,elim,2026-02-12 12:00:00,1,VCT 2026: EMEA Kickoff,https://www.vlr.gg/594767/team-heretics-vs-team-liquid-vct-2026-emea-kickoff-lr4
TH,Bind,def,TL,0,1,5,boom,2026-02-12 12:00:00,1,VCT 2026: EMEA Kickoff,https://www.vlr.gg/594767/team-heretics-vs-team-liquid-vct-2026-emea-kickoff-lr4
TH,Bind,def,TL,0,1,6,elim,2026-02-12 12:00:00,1,VCT 2026: EMEA Kickoff,https://www.vlr.gg/594767/team-heretics-vs-team-liquid-vct-2026-emea-kickoff-lr4
TH,Bind,def,TL,0,1,7,elim,2026-02-12 12:00:00,1,VCT 2026: EMEA Kickoff,https://www.vlr.gg/594767/team-heretics-vs-team-liquid-vct-2026-emea-kickoff-lr4
TH,Bind,def,TL,0,1,8,elim,2026-02-12 12:00:00,1,VCT 2026: EMEA Kickoff,https://www.vlr.gg/594767/team-heretics-vs-team-liquid-vct-2026-emea-kickoff-lr4
TH,Bind,def,TL,0,1,9,boom,2026-02-12 12:00:00,1,VCT 2026: EMEA Kickoff,https://www.vlr.gg/594767/team-heretics-vs-team-liquid-vct-2026-emea-kickoff-lr4
TH,Bind,def,TL,0,1,10,elim,2026-02-12 12:00:00,1,VCT 2026: EMEA Kickoff,https://www.vlr.gg/594767/team-heretics-vs-team-liquid-vct-2026-emea-kickoff-lr4
TH,Bind,def,TL,1,0,11,defus,2026-02-12 12:00:00,1,VCT 2026: EMEA Kickoff,https://www.vlr.gg/594767/team-heretics-vs-team-liquid-vct-2026-emea-kickoff-lr4
TH,Bind,def,TL,0,1,12,elim,2026-02-12 12:00:00,1,VCT 2026: EMEA Kickoff,https://www.vlr.gg/594767/team-heretics-vs-team-liquid-vct-2026-emea-kickoff-lr4
FNC,Abyss,atk,VIT,1,0,1,elim,2026-02-13 08:00:00,0,VCT 2026: EMEA Kickoff,https://www.vlr.gg/594759/fnatic-vs-team-vitality-vct-2026-emea-kickoff-mr4
FNC,Abyss,atk,VIT,1,0,2,elim,2026-02-13 08:00:00,0,VCT 2026: EMEA Kickoff,https://www.vlr.gg/594759/fnatic-vs-team-vitality-vct-2026-emea-kickoff-mr4
FNC,Abyss,atk,VIT,1,0,3,elim,2026-02-13 08:00:00,0,VCT 2026: EMEA Kickoff,https://www.vlr.gg/594759/fnatic-vs-team-vitality-vct-2026-emea-kickoff-mr4
FNC,Abyss,atk,VIT,1,0,4,elim,2026-02-13 08:00:00,0,VCT 2026: EMEA Kickoff,https://www.vlr.gg/594759/fnatic-vs-team-vitality-vct-2026-emea-kickoff-mr4
FNC,Abyss,atk,VIT,0,1,5,elim,2026-02-13 08:00:00,0,VCT 2026: EMEA Kickoff,https://www.vlr.gg/594759/fnatic-vs-team-vitality-vct-2026-emea-kickoff-mr4
FNC,Abyss,atk,VIT,0,1,6,defus,2026-02-13 08:00:00,0,VCT 2026: EMEA Kickoff,https://www.vlr.gg/594759/fnatic-vs-team-vitality-vct-2026-emea-kickoff-mr4
FNC,Abyss,atk,VIT,1,0,7,elim,2026-02-13 08:00:00,0,VCT 2026: EMEA Kickoff,https://www.vlr.gg/594759/fnatic-vs-team-vitality-vct-2026-emea-kickoff-mr4
FNC,Abyss,atk,VIT,1,0,8,elim,2026-02-13 08:00:00,0,VCT 2026: EMEA Kickoff,https://www.vlr.gg/594759/fnatic-vs-team-vitality-vct-2026-emea-kickoff-mr4
FNC,Abyss,atk,VIT,1,0,9,elim,2026-02-13 08:00:00,0,VCT 2026: EMEA Kickoff,https://www.vlr.gg/594759/fnatic-vs-team-vitality-vct-2026-emea-kickoff-mr4
FNC,Abyss,atk,VIT,1,0,10,boom,2026-02-13 08:00:00,0,VCT 2026: EMEA Kickoff,https://www.vlr.gg/594759/fnatic-vs-team-vitality-vct-2026-emea-kickoff-mr4
FNC,Abyss,atk,VIT,0,1,11,elim,2026-02-13 08:00:00,0,VCT 2026: EMEA Kickoff,https://www.vlr.gg/594759/fnatic-vs-team-vitality-vct-2026-emea-kickoff-mr4
FNC,Abyss,atk,VIT,1,0,12,elim,2026-02-13 08:00:00,0,VCT 2026: EMEA Kickoff,https://www.vlr.gg/594759/fnatic-vs-team-vitality-vct-2026-emea-kickoff-mr4
FNC,Abyss,def,VIT,1,0,13,defus,2026-02-13 08:00:00,0,VCT 2026: EMEA Kickoff,https://www.vlr.gg/594759/fnatic-vs-team-vitality-vct-2026-emea-kickoff-mr4
FNC,Abyss,def,VIT,1,0,14,elim,2026-02-13 08:00:00,0,VCT 2026: EMEA Kickoff,https://www.vlr.gg/594759/fnatic-vs-team-vitality-vct-2026-emea-kickoff-mr4
FNC,Abyss,def,VIT,0,1,15,boom,2026-02-13 08:00:00,0,VCT 2026: EMEA Kickoff,https://www.vlr.gg/594759/fnatic-vs-team-vitality-vct-2026-emea-kickoff-mr4
FNC,Abyss,def,VIT,1,0,16,elim,2026-02-13 08:00:00,0,VCT 2026: EMEA Kickoff,https://www.vlr.gg/594759/fnatic-vs-team-vitality-vct-2026-emea-kickoff-mr4
FNC,Abyss,def,VIT,0,1,17,boom,2026-02-13 08:00:00,0,VCT 2026: EMEA Kickoff,https://www.vlr.gg/594759/fnatic-vs-team-vitality-vct-2026-emea-kickoff-mr4
FNC,Abyss,def,VIT,1,0,18,elim,2026-02-13 08:00:00,0,VCT 2026: EMEA Kickoff,https://www.vlr.gg/594759/fnatic-vs-team-vitality-vct-2026-emea-kickoff-mr4
FNC,Bind,atk,VIT,1,0,1,elim,2026-02-13 08:00:00,1,VCT 2026: EMEA Kickoff,https://www.vlr.gg/594759/fnatic-vs-team-vitality-vct-2026-emea-kickoff-mr4
FNC,Bind,atk,VIT,1,0,2,boom,2026-02-13 08:00:00,1,VCT 2026: EMEA Kickoff,https://www.vlr.gg/594759/fnatic-vs-team-vitality-vct-2026-emea-kickoff-mr4
FNC,Bind,atk,VIT,0,1,3,elim,2026-02-13 08:00:00,1,VCT 2026: EMEA Kickoff,https://www.vlr.gg/594759/fnatic-vs-team-vitality-vct-2026-emea-kickoff-mr4
FNC,Bind,atk,VIT,1,0,4,elim,2026-02-13 08:00:00,1,VCT 2026: EMEA Kickoff,https://www.vlr.gg/594759/fnatic-vs-team-vitality-vct-2026-emea-kickoff-mr4
FNC,Bind,atk,VIT,0,1,5,elim,2026-02-13 08:00:00,1,VCT 2026: EMEA Kickoff,https://www.vlr.gg/594759/fnatic-vs-team-vitality-vct-2026-emea-kickoff-mr4
FNC,Bind,atk,VIT,1,0,6,elim,2026-02-13 08:00:00,1,VCT 2026: EMEA Kickoff,https://www.vlr.gg/594759/fnatic-vs-team-vitality-vct-2026-emea-kickoff-mr4
FNC,Bind,atk,VIT,1,0,7,boom,2026-02-13 08:00:00,1,VCT 2026: EMEA Kickoff,https://www.vlr.gg/594759/fnatic-vs-team-vitality-vct-2026-emea-kickoff-mr4
FNC,Bind,atk,VIT,0,1,8,defus,2026-02-13 08:00:00,1,VCT 2026: EMEA Kickoff,https://www.vlr.gg/594759/fnatic-vs-team-vitality-vct-2026-emea-kickoff-mr4
FNC,Bind,atk,VIT,0,1,9,defus,2026-02-13 08:00:00,1,VCT 2026: EMEA Kickoff,https://www.vlr.gg/594759/fnatic-vs-team-vitality-vct-2026-emea-kickoff-mr4
FNC,Bind,atk,VIT,1,0,10,boom,2026-02-13 08:00:00,1,VCT 2026: EMEA Kickoff,https://www.vlr.gg/594759/fnatic-vs-team-vitality-vct-2026-emea-kickoff-mr4
FNC,Bind,atk,VIT,0,1,11,defus,2026-02-13 08:00:00,1,VCT 2026: EMEA Kickoff,https://www.vlr.gg/594759/fnatic-vs-team-vitality-vct-2026-emea-kickoff-mr4
FNC,Bind,atk,VIT,0,1,12,defus,2026-02-13 08:00:00,1,VCT 2026: EMEA Kickoff,https://www.vlr.gg/594759/fnatic-vs-team-vitality-vct-2026-emea-kickoff-mr4
FNC,Bind,def,VIT,1,0,13,defus,2026-02-13 08:00:00,1,VCT 2026: EMEA Kickoff,https://www.vlr.gg/594759/fnatic-vs-team-vitality-vct-2026-emea-kickoff-mr4
FNC,Bind,def,VIT,1,0,14,elim,2026-02-13 08:00:00,1,VCT 2026: EMEA Kickoff,https://www.vlr.gg/594759/fnatic-vs-team-vitality-vct-2026-emea-kickoff-mr4
FNC,Bind,def,VIT,0,1,15,elim,2026-02-13 08:00:00,1,VCT 2026: EMEA Kickoff,https://www.vlr.gg/594759/fnatic-vs-team-vitality-vct-2026-emea-kickoff-mr4
FNC,Bind,def,VIT,1,0,16,defus,2026-02-13 08:00:00,1,VCT 2026: EMEA Kickoff,https://www.vlr.gg/594759/fnatic-vs-team-vitality-vct-2026-emea-kickoff-mr4
FNC,Bind,def,VIT,1,0,17,elim,2026-02-13 08:00:00,1,VCT 2026: EMEA Kickoff,https://www.vlr.gg/594759/fnatic-vs-team-vitality-vct-2026-emea-kickoff-mr4
FNC,Bind,def,VIT,1,0,18,tim,2026-02-13 08:00:00,1,VCT 2026: EMEA Kickoff,https://www.vlr.gg/594759/fnatic-vs-team-vitality-vct-2026-emea-kickoff-mr4
FNC,Bind,def,VIT,1,0,19,elim,2026-02-13 08:00:00,1,VCT 2026: EMEA Kickoff,https://www.vlr.gg/594759/fnatic-vs-team-vitality-vct-2026-emea-kickoff-mr4
FNC,Bind,def,VIT,0,1,20,boom,2026-02-13 08:00:00,1,VCT 2026: EMEA Kickoff,https://www.vlr.gg/594759/fnatic-vs-team-vitality-vct-2026-emea-kickoff-mr4
FNC,Bind,def,VIT,1,0,21,elim,2026-02-13 08:00:00,1,VCT 2026: EMEA Kickoff,https://www.vlr.gg/594759/fnatic-vs-team-vitality-vct-2026-emea-kickoff-mr4
M8,Haven,atk,BBL,0,1,1,elim,2026-02-13 10:15:00,0,VCT 2026: EMEA Kickoff,https://www.vlr.gg/594750/gentle-mates-vs-bbl-esports-vct-2026-emea-kickoff-ubf
M8,Haven,atk,BBL,0,1,2,elim,2026-02-13 10:15:00,0,VCT 2026: EMEA Kickoff,https://www.vlr.gg/594750/gentle-mates-vs-bbl-esports-vct-2026-emea-kickoff-ubf
M8,Haven,atk,BBL,0,1,3,elim,2026-02-13 10:15:00,0,VCT 2026: EMEA Kickoff,https://www.vlr.gg/594750/gentle-mates-vs-bbl-esports-vct-2026-emea-kickoff-ubf
M8,Haven,atk,BBL,0,1,4,defus,2026-02-13 10:15:00,0,VCT 2026: EMEA Kickoff,https://www.vlr.gg/594750/gentle-mates-vs-bbl-esports-vct-2026-emea-kickoff-ubf
M8,Haven,atk,BBL,1,0,5,elim,2026-02-13 10:15:00,0,VCT 2026: EMEA Kickoff,https://www.vlr.gg/594750/gentle-mates-vs-bbl-esports-vct-2026-emea-kickoff-ubf
M8,Haven,atk,BBL,1,0,6,elim,2026-02-13 10:15:00,0,VCT 2026: EMEA Kickoff,https://www.vlr.gg/594750/gentle-mates-vs-bbl-esports-vct-2026-emea-kickoff-ubf
M8,Haven,atk,BBL,1,0,7,elim,2026-02-13 10:15:00,0,VCT 2026: EMEA Kickoff,https://www.vlr.gg/594750/gentle-mates-vs-bbl-esports-vct-2026-emea-kickoff-ubf
M8,Haven,atk,BBL,1,0,8,elim,2026-02-13 10:15:00,0,VCT 2026: EMEA Kickoff,https://www.vlr.gg/594750/gentle-mates-vs-bbl-esports-vct-2026-emea-kickoff-ubf
M8,Haven,atk,BBL,1,0,9,elim,2026-02-13 10:15:00,0,VCT 2026: EMEA Kickoff,https://www.vlr.gg/594750/gentle-mates-vs-bbl-esports-vct-2026-emea-kickoff-ubf
M8,Haven,atk,BBL,1,0,10,elim,2026-02-13 10:15:00,0,VCT 2026: EMEA Kickoff,https://www.vlr.gg/594750/gentle-mates-vs-bbl-esports-vct-2026-emea-kickoff-ubf
M8,Haven,atk,BBL,0,1,11,elim,2026-02-13 10:15:00,0,VCT 2026: EMEA Kickoff,https://www.vlr.gg/594750/gentle-mates-vs-bbl-esports-vct-2026-emea-kickoff-ubf
M8,Haven,atk,BBL,0,1,12,defus,2026-02-13 10:15:00,0,VCT 2026: EMEA Kickoff,https://www.vlr.gg/594750/gentle-mates-vs-bbl-esports-vct-2026-emea-kickoff-ubf
M8,Haven,def,BBL,0,1,13,elim,2026-02-13 10:15:00,0,VCT 2026: EMEA Kickoff,https://www.vlr.gg/594750/gentle-mates-vs-bbl-esports-vct-2026-emea-kickoff-ubf
M8,Haven,def,BBL,0,1,14,elim,2026-02-13 10:15:00,0,VCT 2026: EMEA Kickoff,https://www.vlr.gg/594750/gentle-mates-vs-bbl-esports-vct-2026-emea-kickoff-ubf
M8,Haven,def,BBL,1,0,15,defus,2026-02-13 10:15:00,0,VCT 2026: EMEA Kickoff,https://www.vlr.gg/594750/gentle-mates-vs-bbl-esports-vct-2026-emea-kickoff-ubf
M8,Haven,def,BBL,1,0,16,defus,2026-02-13 10:15:00,0,VCT 2026: EMEA Kickoff,https://www.vlr.gg/594750/gentle-mates-vs-bbl-esports-vct-2026-emea-kickoff-ubf
M8,Haven,def,BBL,0,1,17,elim,2026-02-13 10:15:00,0,VCT 2026: EMEA Kickoff,https://www.vlr.gg/594750/gentle-mates-vs-bbl-esports-vct-2026-emea-kickoff-ubf
M8,Haven,def,BBL,0,1,18,elim,2026-02-13 10:15:00,0,VCT 2026: EMEA Kickoff,https://www.vlr.gg/594750/gentle-mates-vs-bbl-esports-vct-2026-emea-kickoff-ubf
M8,Haven,def,BBL,1,0,19,defus,2026-02-13 10:15:00,0,VCT 2026: EMEA Kickoff,https://www.vlr.gg/594750/gentle-mates-vs-bbl-esports-vct-2026-emea-kickoff-ubf
M8,Haven,def,BBL,1,0,20,defus,2026-02-13 10:15:00,0,VCT 2026: EMEA Kickoff,https://www.vlr.gg/594750/gentle-mates-vs-bbl-esports-vct-2026-emea-kickoff-ubf
M8,Haven,def,BBL,0,1,21,boom,2026-02-13 10:15:00,0,VCT 2026: EMEA Kickoff,https://www.vlr.gg/594750/gentle-mates-vs-bbl-esports-vct-2026-emea-kickoff-ubf
M8,Haven,def,BBL,1,0,22,defus,2026-02-13 10:15:00,0,VCT 2026: EMEA Kickoff,https://www.vlr.gg/594750/gentle-mates-vs-bbl-esports-vct-2026-emea-kickoff-ubf
M8,Haven,def,BBL,1,0,23,defus,2026-02-13 10:15:00,0,VCT 2026: EMEA Kickoff,https://www.vlr.gg/594750/gentle-mates-vs-bbl-esports-vct-2026-emea-kickoff-ubf
M8,Haven,def,BBL,1,0,24,defus,2026-02-13 10:15:00,0,VCT 2026: EMEA Kickoff,https://www.vlr.gg/594750/gentle-mates-vs-bbl-esports-vct-2026-emea-kickoff-ubf
M8,Abyss,atk,BBL,1,0,1,elim,2026-02-13 10:15:00,1,VCT 2026: EMEA Kickoff,https://www.vlr.gg/594750/gentle-mates-vs-bbl-esports-vct-2026-emea-kickoff-ubf
M8,Abyss,atk,BBL,1,0,2,elim,2026-02-13 10:15:00,1,VCT 2026: EMEA Kickoff,https://www.vlr.gg/594750/gentle-mates-vs-bbl-esports-vct-2026-emea-kickoff-ubf
M8,Abyss,atk,BBL,0,1,3,defus,2026-02-13 10:15:00,1,VCT 2026: EMEA Kickoff,https://www.vlr.gg/594750/gentle-mates-vs-bbl-esports-vct-2026-emea-kickoff-ubf
M8,Abyss,atk,BBL,1,0,4,boom,2026-02-13 10:15:00,1,VCT 2026: EMEA Kickoff,https://www.vlr.gg/594750/gentle-mates-vs-bbl-esports-vct-2026-emea-kickoff-ubf
M8,Abyss,atk,BBL,1,0,5,elim,2026-02-13 10:15:00,1,VCT 2026: EMEA Kickoff,https://www.vlr.gg/594750/gentle-mates-vs-bbl-esports-vct-2026-emea-kickoff-ubf
M8,Abyss,atk,BBL,0,1,6,elim,2026-02-13 10:15:00,1,VCT 2026: EMEA Kickoff,https://www.vlr.gg/594750/gentle-mates-vs-bbl-esports-vct-2026-emea-kickoff-ubf
M8,Abyss,atk,BBL,1,0,7,elim,2026-02-13 10:15:00,1,VCT 2026: EMEA Kickoff,https://www.vlr.gg/594750/gentle-mates-vs-bbl-esports-vct-2026-emea-kickoff-ubf
M8,Abyss,atk,BBL,1,0,8,elim,2026-02-13 10:15:00,1,VCT 2026: EMEA Kickoff,https://www.vlr.gg/594750/gentle-mates-vs-bbl-esports-vct-2026-emea-kickoff-ubf
M8,Abyss,atk,BBL,1,0,9,elim,2026-02-13 10:15:00,1,VCT 2026: EMEA Kickoff,https://www.vlr.gg/594750/gentle-mates-vs-bbl-esports-vct-2026-emea-kickoff-ubf
M8,Abyss,atk,BBL,0,1,10,tim,2026-02-13 10:15:00,1,VCT 2026: EMEA Kickoff,https://www.vlr.gg/594750/gentle-mates-vs-bbl-esports-vct-2026-emea-kickoff-ubf
M8,Abyss,atk,BBL,0,1,11,tim,2026-02-13 10:15:00,1,VCT 2026: EMEA Kickoff,https://www.vlr.gg/594750/gentle-mates-vs-bbl-esports-vct-2026-emea-kickoff-ubf
M8,Abyss,atk,BBL,0,1,12,elim,2026-02-13 10:15:00,1,VCT 2026: EMEA Kickoff,https://www.vlr.gg/594750/gentle-mates-vs-bbl-esports-vct-2026-emea-kickoff-ubf
M8,Abyss,atk,BBL,1,0,25,elim,2026-02-13 10:15:00,1,VCT 2026: EMEA Kickoff,https://www.vlr.gg/594750/gentle-mates-vs-bbl-esports-vct-2026-emea-kickoff-ubf
M8,Abyss,atk,BBL,0,1,27,elim,2026-02-13 10:15:00,1,VCT 2026: EMEA Kickoff,https://www.vlr.gg/594750/gentle-mates-vs-bbl-esports-vct-2026-emea-kickoff-ubf
M8,Abyss,def,BBL,1,0,13,defus,2026-02-13 10:15:00,1,VCT 2026: EMEA Kickoff,https://www.vlr.gg/594750/gentle-mates-vs-bbl-esports-vct-2026-emea-kickoff-ubf
M8,Abyss,def,BBL,1,0,14,elim,2026-02-13 10:15:00,1,VCT 2026: EMEA Kickoff,https://www.vlr.gg/594750/gentle-mates-vs-bbl-esports-vct-2026-emea-kickoff-ubf
M8,Abyss,def,BBL,1,0,15,tim,2026-02-13 10:15:00,1,VCT 2026: EMEA Kickoff,https://www.vlr.gg/594750/gentle-mates-vs-bbl-esports-vct-2026-emea-kickoff-ubf
M8,Abyss,def,BBL,0,1,16,elim,2026-02-13 10:15:00,1,VCT 2026: EMEA Kickoff,https://www.vlr.gg/594750/gentle-mates-vs-bbl-esports-vct-2026-emea-kickoff-ubf
M8,Abyss,def,BBL,0,1,17,boom,2026-02-13 10:15:00,1,VCT 2026: EMEA Kickoff,https://www.vlr.gg/594750/gentle-mates-vs-bbl-esports-vct-2026-emea-kickoff-ubf
M8,Abyss,def,BBL,0,1,18,boom,2026-02-13 10:15:00,1,VCT 2026: EMEA Kickoff,https://www.vlr.gg/594750/gentle-mates-vs-bbl-esports-vct-2026-emea-kickoff-ubf
M8,Abyss,def,BBL,0,1,19,boom,2026-02-13 10:15:00,1,VCT 2026: EMEA Kickoff,https://www.vlr.gg/594750/gentle-mates-vs-bbl-esports-vct-2026-emea-kickoff-ubf
M8,Abyss,def,BBL,0,1,20,boom,2026-02-13 10:15:00,1,VCT 2026: EMEA Kickoff,https://www.vlr.gg/594750/gentle-mates-vs-bbl-esports-vct-2026-emea-kickoff-ubf
M8,Abyss,def,BBL,0,1,21,elim,2026-02-13 10:15:00,1,VCT 2026: EMEA Kickoff,https://www.vlr.gg/594750/gentle-mates-vs-bbl-esports-vct-2026-emea-kickoff-ubf
M8,Abyss,def,BBL,1,0,22,defus,2026-02-13 10:15:00,1,VCT 2026: EMEA Kickoff,https://www.vlr.gg/594750/gentle-mates-vs-bbl-esports-vct-2026-emea-kickoff-ubf
M8,Abyss,def,BBL,1,0,23,defus,2026-02-13 10:15:00,1,VCT 2026: EMEA Kickoff,https://www.vlr.gg/594750/gentle-mates-vs-bbl-esports-vct-2026-emea-kickoff-ubf
M8,Abyss,def,BBL,0,1,24,elim,2026-02-13 10:15:00,1,VCT 2026: EMEA Kickoff,https://www.vlr.gg/594750/gentle-mates-vs-bbl-esports-vct-2026-emea-kickoff-ubf
M8,Abyss,def,BBL,0,1,26,elim,2026-02-13 10:15:00,1,VCT 2026: EMEA Kickoff,https://www.vlr.gg/594750/gentle-mates-vs-bbl-esports-vct-2026-emea-kickoff-ubf
M8,Abyss,def,BBL,0,1,28,elim,2026-02-13 10:15:00,1,VCT 2026: EMEA Kickoff,https://www.vlr.gg/594750/gentle-mates-vs-bbl-esports-vct-2026-emea-kickoff-ubf
M8,Pearl,atk,BBL,1,0,13,elim,2026-02-13 10:15:00,2,VCT 2026: EMEA Kickoff,https://www.vlr.gg/594750/gentle-mates-vs-bbl-esports-vct-2026-emea-kickoff-ubf
M8,Pearl,atk,BBL,0,1,14,defus,2026-02-13 10:15:00,2,VCT 2026: EMEA Kickoff,https://www.vlr.gg/594750/gentle-mates-vs-bbl-esports-vct-2026-emea-kickoff-ubf
M8,Pearl,atk,BBL,0,1,15,elim,2026-02-13 10:15:00,2,VCT 2026: EMEA Kickoff,https://www.vlr.gg/594750/gentle-mates-vs-bbl-esports-vct-2026-emea-kickoff-ubf
M8,Pearl,atk,BBL,1,0,16,boom,2026-02-13 10:15:00,2,VCT 2026: EMEA Kickoff,https://www.vlr.gg/594750/gentle-mates-vs-bbl-esports-vct-2026-emea-kickoff-ubf
M8,Pearl,atk,BBL,0,1,17,tim,2026-02-13 10:15:00,2,VCT 2026: EMEA Kickoff,https://www.vlr.gg/594750/gentle-mates-vs-bbl-esports-vct-2026-emea-kickoff-ubf
M8,Pearl,atk,BBL,1,0,18,boom,2026-02-13 10:15:00,2,VCT 2026: EMEA Kickoff,https://www.vlr.gg/594750/gentle-mates-vs-bbl-esports-vct-2026-emea-kickoff-ubf
M8,Pearl,atk,BBL,0,1,19,defus,2026-02-13 10:15:00,2,VCT 2026: EMEA Kickoff,https://www.vlr.gg/594750/gentle-mates-vs-bbl-esports-vct-2026-emea-kickoff-ubf
M8,Pearl,atk,BBL,0,1,20,elim,2026-02-13 10:15:00,2,VCT 2026: EMEA Kickoff,https://www.vlr.gg/594750/gentle-mates-vs-bbl-esports-vct-2026-emea-kickoff-ubf
M8,Pearl,atk,BBL,0,1,21,elim,2026-02-13 10:15:00,2,VCT 2026: EMEA Kickoff,https://www.vlr.gg/594750/gentle-mates-vs-bbl-esports-vct-2026-emea-kickoff-ubf
M8,Pearl,atk,BBL,1,0,22,boom,2026-02-13 10:15:00,2,VCT 2026: EMEA Kickoff,https://www.vlr.gg/594750/gentle-mates-vs-bbl-esports-vct-2026-emea-kickoff-ubf
M8,Pearl,atk,BBL,1,0,23,elim,2026-02-13 10:15:00,2,VCT 2026: EMEA Kickoff,https://www.vlr.gg/594750/gentle-mates-vs-bbl-esports-vct-2026-emea-kickoff-ubf
M8,Pearl,atk,BBL,1,0,24,elim,2026-02-13 10:15:00,2,VCT 2026: EMEA Kickoff,https://www.vlr.gg/594750/gentle-mates-vs-bbl-esports-vct-2026-emea-kickoff-ubf
M8,Pearl,atk,BBL,0,1,26,elim,2026-02-13 10:15:00,2,VCT 2026: EMEA Kickoff,https://www.vlr.gg/594750/gentle-mates-vs-bbl-esports-vct-2026-emea-kickoff-ubf
M8,Pearl,atk,BBL,1,0,28,elim,2026-02-13 10:15:00,2,VCT 2026: EMEA Kickoff,https://www.vlr.gg/594750/gentle-mates-vs-bbl-esports-vct-2026-emea-kickoff-ubf
M8,Pearl,atk,BBL,0,1,30,elim,2026-02-13 10:15:00,2,VCT 2026: EMEA Kickoff,https://www.vlr.gg/594750/gentle-mates-vs-bbl-esports-vct-2026-emea-kickoff-ubf
M8,Pearl,def,BBL,0,1,1,elim,2026-02-13 10:15:00,2,VCT 2026: EMEA Kickoff,https://www.vlr.gg/594750/gentle-mates-vs-bbl-esports-vct-2026-emea-kickoff-ubf
M8,Pearl,def,BBL,0,1,2,elim,2026-02-13 10:15:00,2,VCT 2026: EMEA Kickoff,https://www.vlr.gg/594750/gentle-mates-vs-bbl-esports-vct-2026-emea-kickoff-ubf
M8,Pearl,def,BBL,0,1,3,elim,2026-02-13 10:15:00,2,VCT 2026: EMEA Kickoff,https://www.vlr.gg/594750/gentle-mates-vs-bbl-esports-vct-2026-emea-kickoff-ubf
M8,Pearl,def,BBL,0,1,4,elim,2026-02-13 10:15:00,2,VCT 2026: EMEA Kickoff,https://www.vlr.gg/594750/gentle-mates-vs-bbl-esports-vct-2026-emea-kickoff-ubf
M8,Pearl,def,BBL,1,0,5,elim,2026-02-13 10:15:00,2,VCT 2026: EMEA Kickoff,https://www.vlr.gg/594750/gentle-mates-vs-bbl-esports-vct-2026-emea-kickoff-ubf
M8,Pearl,def,BBL,0,1,6,elim,2026-02-13 10:15:00,2,VCT 2026: EMEA Kickoff,https://www.vlr.gg/594750/gentle-mates-vs-bbl-esports-vct-2026-emea-kickoff-ubf
M8,Pearl,def,BBL,0,1,7,elim,2026-02-13 10:15:00,2,VCT 2026: EMEA Kickoff,https://www.vlr.gg/594750/gentle-mates-vs-bbl-esports-vct-2026-emea-kickoff-ubf
M8,Pearl,def,BBL,1,0,8,elim,2026-02-13 10:15:00,2,VCT 2026: EMEA Kickoff,https://www.vlr.gg/594750/gentle-mates-vs-bbl-esports-vct-2026-emea-kickoff-ubf
M8,Pearl,def,BBL,1,0,9,elim,2026-02-13 10:15:00,2,VCT 2026: EMEA Kickoff,https://www.vlr.gg/594750/gentle-mates-vs-bbl-esports-vct-2026-emea-kickoff-ubf
M8,Pearl,def,BBL,1,0,10,defus,2026-02-13 10:15:00,2,VCT 2026: EMEA Kickoff,https://www.vlr.gg/594750/gentle-mates-vs-bbl-esports-vct-2026-emea-kickoff-ubf
M8,Pearl,def,BBL,1,0,11,defus,2026-02-13 10:15:00,2,VCT 2026: EMEA Kickoff,https://www.vlr.gg/594750/gentle-mates-vs-bbl-esports-vct-2026-emea-kickoff-ubf
M8,Pearl,def,BBL,1,0,12,elim,2026-02-13 10:15:00,2,VCT 2026: EMEA Kickoff,https://www.vlr.gg/594750/gentle-mates-vs-bbl-esports-vct-2026-emea-kickoff-ubf
M8,Pearl,def,BBL,1,0,25,defus,2026-02-13 10:15:00,2,VCT 2026: EMEA Kickoff,https://www.vlr.gg/594750/gentle-mates-vs-bbl-esports-vct-2026-emea-kickoff-ubf
M8,Pearl,def,BBL,0,1,27,elim,2026-02-13 10:15:00,2,VCT 2026: EMEA Kickoff,https://www.vlr.gg/594750/gentle-mates-vs-bbl-esports-vct-2026-emea-kickoff-ubf
M8,Pearl,def,BBL,0,1,29,elim,2026-02-13 10:15:00,2,VCT 2026: EMEA Kickoff,https://www.vlr.gg/594750/gentle-mates-vs-bbl-esports-vct-2026-emea-kickoff-ubf
M8,Split,atk,BBL,1,0,1,elim,2026-02-13 10:15:00,3,VCT 2026: EMEA Kickoff,https://www.vlr.gg/594750/gentle-mates-vs-bbl-esports-vct-2026-emea-kickoff-ubf
M8,Split,atk,BBL,1,0,2,elim,2026-02-13 10:15:00,3,VCT 2026: EMEA Kickoff,https://www.vlr.gg/594750/gentle-mates-vs-bbl-esports-vct-2026-emea-kickoff-ubf
M8,Split,atk,BBL,1,0,3,elim,2026-02-13 10:15:00,3,VCT 2026: EMEA Kickoff,https://www.vlr.gg/594750/gentle-mates-vs-bbl-esports-vct-2026-emea-kickoff-ubf
M8,Split,atk,BBL,1,0,4,elim,2026-02-13 10:15:00,3,VCT 2026: EMEA Kickoff,https://www.vlr.gg/594750/gentle-mates-vs-bbl-esports-vct-2026-emea-kickoff-ubf
M8,Split,atk,BBL,1,0,5,elim,2026-02-13 10:15:00,3,VCT 2026: EMEA Kickoff,https://www.vlr.gg/594750/gentle-mates-vs-bbl-esports-vct-2026-emea-kickoff-ubf
M8,Split,atk,BBL,1,0,6,elim,2026-02-13 10:15:00,3,VCT 2026: EMEA Kickoff,https://www.vlr.gg/594750/gentle-mates-vs-bbl-esports-vct-2026-emea-kickoff-ubf
M8,Split,atk,BBL,0,1,7,defus,2026-02-13 10:15:00,3,VCT 2026: EMEA Kickoff,https://www.vlr.gg/594750/gentle-mates-vs-bbl-esports-vct-2026-emea-kickoff-ubf
M8,Split,atk,BBL,0,1,8,elim,2026-02-13 10:15:00,3,VCT 2026: EMEA Kickoff,https://www.vlr.gg/594750/gentle-mates-vs-bbl-esports-vct-2026-emea-kickoff-ubf
M8,Split,atk,BBL,1,0,9,elim,2026-02-13 10:15:00,3,VCT 2026: EMEA Kickoff,https://www.vlr.gg/594750/gentle-mates-vs-bbl-esports-vct-2026-emea-kickoff-ubf
M8,Split,atk,BBL,1,0,10,elim,2026-02-13 10:15:00,3,VCT 2026: EMEA Kickoff,https://www.vlr.gg/594750/gentle-mates-vs-bbl-esports-vct-2026-emea-kickoff-ubf
M8,Split,atk,BBL,1,0,11,elim,2026-02-13 10:15:00,3,VCT 2026: EMEA Kickoff,https://www.vlr.gg/594750/gentle-mates-vs-bbl-esports-vct-2026-emea-kickoff-ubf
M8,Split,atk,BBL,0,1,12,elim,2026-02-13 10:15:00,3,VCT 2026: EMEA Kickoff,https://www.vlr.gg/594750/gentle-mates-vs-bbl-esports-vct-2026-emea-kickoff-ubf
M8,Split,def,BBL,1,0,13,defus,2026-02-13 10:15:00,3,VCT 2026: EMEA Kickoff,https://www.vlr.gg/594750/gentle-mates-vs-bbl-esports-vct-2026-emea-kickoff-ubf
M8,Split,def,BBL,1,0,14,defus,2026-02-13 10:15:00,3,VCT 2026: EMEA Kickoff,https://www.vlr.gg/594750/gentle-mates-vs-bbl-esports-vct-2026-emea-kickoff-ubf
M8,Split,def,BBL,1,0,15,elim,2026-02-13 10:15:00,3,VCT 2026: EMEA Kickoff,https://www.vlr.gg/594750/gentle-mates-vs-bbl-esports-vct-2026-emea-kickoff-ubf
M8,Split,def,BBL,0,1,16,boom,2026-02-13 10:15:00,3,VCT 2026: EMEA Kickoff,https://www.vlr.gg/594750/gentle-mates-vs-bbl-esports-vct-2026-emea-kickoff-ubf
M8,Split,def,BBL,1,0,17,elim,2026-02-13 10:15:00,3,VCT 2026: EMEA Kickoff,https://www.vlr.gg/594750/gentle-mates-vs-bbl-esports-vct-2026-emea-kickoff-ubf
M8,Corrode,atk,BBL,0,1,13,elim,2026-02-13 10:15:00,4,VCT 2026: EMEA Kickoff,https://www.vlr.gg/594750/gentle-mates-vs-bbl-esports-vct-2026-emea-kickoff-ubf
M8,Corrode,atk,BBL,0,1,14,elim,2026-02-13 10:15:00,4,VCT 2026: EMEA Kickoff,https://www.vlr.gg/594750/gentle-mates-vs-bbl-esports-vct-2026-emea-kickoff-ubf
M8,Corrode,atk,BBL,1,0,15,elim,2026-02-13 10:15:00,4,VCT 2026: EMEA Kickoff,https://www.vlr.gg/594750/gentle-mates-vs-bbl-esports-vct-2026-emea-kickoff-ubf
M8,Corrode,atk,BBL,0,1,16,defus,2026-02-13 10:15:00,4,VCT 2026: EMEA Kickoff,https://www.vlr.gg/594750/gentle-mates-vs-bbl-esports-vct-2026-emea-kickoff-ubf
M8,Corrode,atk,BBL,0,1,17,elim,2026-02-13 10:15:00,4,VCT 2026: EMEA Kickoff,https://www.vlr.gg/594750/gentle-mates-vs-bbl-esports-vct-2026-emea-kickoff-ubf
M8,Corrode,atk,BBL,0,1,18,elim,2026-02-13 10:15:00,4,VCT 2026: EMEA Kickoff,https://www.vlr.gg/594750/gentle-mates-vs-bbl-esports-vct-2026-emea-kickoff-ubf
M8,Corrode,atk,BBL,0,1,19,defus,2026-02-13 10:15:00,4,VCT 2026: EMEA Kickoff,https://www.vlr.gg/594750/gentle-mates-vs-bbl-esports-vct-2026-emea-kickoff-ubf
M8,Corrode,def,BBL,1,0,1,elim,2026-02-13 10:15:00,4,VCT 2026: EMEA Kickoff,https://www.vlr.gg/594750/gentle-mates-vs-bbl-esports-vct-2026-emea-kickoff-ubf
M8,Corrode,def,BBL,1,0,2,defus,2026-02-13 10:15:00,4,VCT 2026: EMEA Kickoff,https://www.vlr.gg/594750/gentle-mates-vs-bbl-esports-vct-2026-emea-kickoff-ubf
M8,Corrode,def,BBL,0,1,3,boom,2026-02-13 10:15:00,4,VCT 2026: EMEA Kickoff,https://www.vlr.gg/594750/gentle-mates-vs-bbl-esports-vct-2026-emea-kickoff-ubf
M8,Corrode,def,BBL,0,1,4,elim,2026-02-13 10:15:00,4,VCT 2026: EMEA Kickoff,https://www.vlr.gg/594750/gentle-mates-vs-bbl-esports-vct-2026-emea-kickoff-ubf
M8,Corrode,def,BBL,0,1,5,elim,2026-02-13 10:15:00,4,VCT 2026: EMEA Kickoff,https://www.vlr.gg/594750/gentle-mates-vs-bbl-esports-vct-2026-emea-kickoff-ubf
M8,Corrode,def,BBL,0,1,6,boom,2026-02-13 10:15:00,4,VCT 2026: EMEA Kickoff,https://www.vlr.gg/594750/gentle-mates-vs-bbl-esports-vct-2026-emea-kickoff-ubf
M8,Corrode,def,BBL,1,0,7,defus,2026-02-13 10:15:00,4,VCT 2026: EMEA Kickoff,https://www.vlr.gg/594750/gentle-mates-vs-bbl-esports-vct-2026-emea-kickoff-ubf
M8,Corrode,def,BBL,1,0,8,elim,2026-02-13 10:15:00,4,VCT 2026: EMEA Kickoff,https://www.vlr.gg/594750/gentle-mates-vs-bbl-esports-vct-2026-emea-kickoff-ubf
M8,Corrode,def,BBL,1,0,9,defus,2026-02-13 10:15:00,4,VCT 2026: EMEA Kickoff,https://www.vlr.gg/594750/gentle-mates-vs-bbl-esports-vct-2026-emea-kickoff-ubf
M8,Corrode,def,BBL,0,1,10,boom,2026-02-13 10:15:00,4,VCT 2026: EMEA Kickoff,https://www.vlr.gg/594750/gentle-mates-vs-bbl-esports-vct-2026-emea-kickoff-ubf
M8,Corrode,def,BBL,0,1,11,elim,2026-02-13 10:15:00,4,VCT 2026: EMEA Kickoff,https://www.vlr.gg/594750/gentle-mates-vs-bbl-esports-vct-2026-emea-kickoff-ubf
M8,Corrode,def,BBL,0,1,12,elim,2026-02-13 10:15:00,4,VCT 2026: EMEA Kickoff,https://www.vlr.gg/594750/gentle-mates-vs-bbl-esports-vct-2026-emea-kickoff-ubf
VIT,Corrode,atk,TL,1,0,1,elim,2026-02-14 08:00:00,0,VCT 2026: EMEA Kickoff,https://www.vlr.gg/594768/team-vitality-vs-team-liquid-vct-2026-emea-kickoff-lr5
VIT,Corrode,atk,TL,1,0,2,elim,2026-02-14 08:00:00,0,VCT 2026: EMEA Kickoff,https://www.vlr.gg/594768/team-vitality-vs-team-liquid-vct-2026-emea-kickoff-lr5
VIT,Corrode,atk,TL,1,0,3,elim,2026-02-14 08:00:00,0,VCT 2026: EMEA Kickoff,https://www.vlr.gg/594768/team-vitality-vs-team-liquid-vct-2026-emea-kickoff-lr5
VIT,Corrode,atk,TL,1,0,4,elim,2026-02-14 08:00:00,0,VCT 2026: EMEA Kickoff,https://www.vlr.gg/594768/team-vitality-vs-team-liquid-vct-2026-emea-kickoff-lr5
VIT,Corrode,atk,TL,1,0,5,boom,2026-02-14 08:00:00,0,VCT 2026: EMEA Kickoff,https://www.vlr.gg/594768/team-vitality-vs-team-liquid-vct-2026-emea-kickoff-lr5
VIT,Corrode,atk,TL,1,0,6,elim,2026-02-14 08:00:00,0,VCT 2026: EMEA Kickoff,https://www.vlr.gg/594768/team-vitality-vs-team-liquid-vct-2026-emea-kickoff-lr5
VIT,Corrode,atk,TL,0,1,7,elim,2026-02-14 08:00:00,0,VCT 2026: EMEA Kickoff,https://www.vlr.gg/594768/team-vitality-vs-team-liquid-vct-2026-emea-kickoff-lr5
VIT,Corrode,atk,TL,0,1,8,tim,2026-02-14 08:00:00,0,VCT 2026: EMEA Kickoff,https://www.vlr.gg/594768/team-vitality-vs-team-liquid-vct-2026-emea-kickoff-lr5
VIT,Corrode,atk,TL,1,0,9,elim,2026-02-14 08:00:00,0,VCT 2026: EMEA Kickoff,https://www.vlr.gg/594768/team-vitality-vs-team-liquid-vct-2026-emea-kickoff-lr5
VIT,Corrode,atk,TL,1,0,10,boom,2026-02-14 08:00:00,0,VCT 2026: EMEA Kickoff,https://www.vlr.gg/594768/team-vitality-vs-team-liquid-vct-2026-emea-kickoff-lr5
VIT,Corrode,atk,TL,1,0,11,elim,2026-02-14 08:00:00,0,VCT 2026: EMEA Kickoff,https://www.vlr.gg/594768/team-vitality-vs-team-liquid-vct-2026-emea-kickoff-lr5
VIT,Corrode,atk,TL,1,0,12,elim,2026-02-14 08:00:00,0,VCT 2026: EMEA Kickoff,https://www.vlr.gg/594768/team-vitality-vs-team-liquid-vct-2026-emea-kickoff-lr5
VIT,Corrode,def,TL,0,1,13,elim,2026-02-14 08:00:00,0,VCT 2026: EMEA Kickoff,https://www.vlr.gg/594768/team-vitality-vs-team-liquid-vct-2026-emea-kickoff-lr5
VIT,Corrode,def,TL,0,1,14,elim,2026-02-14 08:00:00,0,VCT 2026: EMEA Kickoff,https://www.vlr.gg/594768/team-vitality-vs-team-liquid-vct-2026-emea-kickoff-lr5
VIT,Corrode,def,TL,1,0,15,elim,2026-02-14 08:00:00,0,VCT 2026: EMEA Kickoff,https://www.vlr.gg/594768/team-vitality-vs-team-liquid-vct-2026-emea-kickoff-lr5
VIT,Corrode,def,TL,0,1,16,elim,2026-02-14 08:00:00,0,VCT 2026: EMEA Kickoff,https://www.vlr.gg/594768/team-vitality-vs-team-liquid-vct-2026-emea-kickoff-lr5
VIT,Corrode,def,TL,0,1,17,boom,2026-02-14 08:00:00,0,VCT 2026: EMEA Kickoff,https://www.vlr.gg/594768/team-vitality-vs-team-liquid-vct-2026-emea-kickoff-lr5
VIT,Corrode,def,TL,1,0,18,elim,2026-02-14 08:00:00,0,VCT 2026: EMEA Kickoff,https://www.vlr.gg/594768/team-vitality-vs-team-liquid-vct-2026-emea-kickoff-lr5
VIT,Corrode,def,TL,0,1,19,elim,2026-02-14 08:00:00,0,VCT 2026: EMEA Kickoff,https://www.vlr.gg/594768/team-vitality-vs-team-liquid-vct-2026-emea-kickoff-lr5
VIT,Corrode,def,TL,0,1,20,boom,2026-02-14 08:00:00,0,VCT 2026: EMEA Kickoff,https://www.vlr.gg/594768/team-vitality-vs-team-liquid-vct-2026-emea-kickoff-lr5
VIT,Corrode,def,TL,1,0,21,elim,2026-02-14 08:00:00,0,VCT 2026: EMEA Kickoff,https://www.vlr.gg/594768/team-vitality-vs-team-liquid-vct-2026-emea-kickoff-lr5
VIT,Bind,atk,TL,0,1,1,defus,2026-02-14 08:00:00,1,VCT 2026: EMEA Kickoff,https://www.vlr.gg/594768/team-vitality-vs-team-liquid-vct-2026-emea-kickoff-lr5
VIT,Bind,atk,TL,0,1,2,tim,2026-02-14 08:00:00,1,VCT 2026: EMEA Kickoff,https://www.vlr.gg/594768/team-vitality-vs-team-liquid-vct-2026-emea-kickoff-lr5
VIT,Bind,atk,TL,1,0,3,elim,2026-02-14 08:00:00,1,VCT 2026: EMEA Kickoff,https://www.vlr.gg/594768/team-vitality-vs-team-liquid-vct-2026-emea-kickoff-lr5
VIT,Bind,atk,TL,0,1,4,elim,2026-02-14 08:00:00,1,VCT 2026: EMEA Kickoff,https://www.vlr.gg/594768/team-vitality-vs-team-liquid-vct-2026-emea-kickoff-lr5
VIT,Bind,atk,TL,0,1,5,elim,2026-02-14 08:00:00,1,VCT 2026: EMEA Kickoff,https://www.vlr.gg/594768/team-vitality-vs-team-liquid-vct-2026-emea-kickoff-lr5
VIT,Bind,atk,TL,1,0,6,boom,2026-02-14 08:00:00,1,VCT 2026: EMEA Kickoff,https://www.vlr.gg/594768/team-vitality-vs-team-liquid-vct-2026-emea-kickoff-lr5
VIT,Bind,atk,TL,0,1,7,defus,2026-02-14 08:00:00,1,VCT 2026: EMEA Kickoff,https://www.vlr.gg/594768/team-vitality-vs-team-liquid-vct-2026-emea-kickoff-lr5
VIT,Bind,atk,TL,0,1,8,elim,2026-02-14 08:00:00,1,VCT 2026: EMEA Kickoff,https://www.vlr.gg/594768/team-vitality-vs-team-liquid-vct-2026-emea-kickoff-lr5
VIT,Bind,atk,TL,0,1,9,elim,2026-02-14 08:00:00,1,VCT 2026: EMEA Kickoff,https://www.vlr.gg/594768/team-vitality-vs-team-liquid-vct-2026-emea-kickoff-lr5
VIT,Bind,atk,TL,0,1,10,elim,2026-02-14 08:00:00,1,VCT 2026: EMEA Kickoff,https://www.vlr.gg/594768/team-vitality-vs-team-liquid-vct-2026-emea-kickoff-lr5
VIT,Bind,atk,TL,0,1,11,elim,2026-02-14 08:00:00,1,VCT 2026: EMEA Kickoff,https://www.vlr.gg/594768/team-vitality-vs-team-liquid-vct-2026-emea-kickoff-lr5
VIT,Bind,atk,TL,1,0,12,elim,2026-02-14 08:00:00,1,VCT 2026: EMEA Kickoff,https://www.vlr.gg/594768/team-vitality-vs-team-liquid-vct-2026-emea-kickoff-lr5
VIT,Bind,def,TL,0,1,13,elim,2026-02-14 08:00:00,1,VCT 2026: EMEA Kickoff,https://www.vlr.gg/594768/team-vitality-vs-team-liquid-vct-2026-emea-kickoff-lr5
VIT,Bind,def,TL,0,1,14,elim,2026-02-14 08:00:00,1,VCT 2026: EMEA Kickoff,https://www.vlr.gg/594768/team-vitality-vs-team-liquid-vct-2026-emea-kickoff-lr5
VIT,Bind,def,TL,0,1,15,elim,2026-02-14 08:00:00,1,VCT 2026: EMEA Kickoff,https://www.vlr.gg/594768/team-vitality-vs-team-liquid-vct-2026-emea-kickoff-lr5
VIT,Bind,def,TL,0,1,16,boom,2026-02-14 08:00:00,1,VCT 2026: EMEA Kickoff,https://www.vlr.gg/594768/team-vitality-vs-team-liquid-vct-2026-emea-kickoff-lr5
VIT,Breeze,atk,TL,0,1,1,defus,2026-02-14 08:00:00,2,VCT 2026: EMEA Kickoff,https://www.vlr.gg/594768/team-vitality-vs-team-liquid-vct-2026-emea-kickoff-lr5
VIT,Breeze,atk,TL,0,1,2,defus,2026-02-14 08:00:00,2,VCT 2026: EMEA Kickoff,https://www.vlr.gg/594768/team-vitality-vs-team-liquid-vct-2026-emea-kickoff-lr5
VIT,Breeze,atk,TL,1,0,3,elim,2026-02-14 08:00:00,2,VCT 2026: EMEA Kickoff,https://www.vlr.gg/594768/team-vitality-vs-team-liquid-vct-2026-emea-kickoff-lr5
VIT,Breeze,atk,TL,0,1,4,defus,2026-02-14 08:00:00,2,VCT 2026: EMEA Kickoff,https://www.vlr.gg/594768/team-vitality-vs-team-liquid-vct-2026-emea-kickoff-lr5
VIT,Breeze,atk,TL,0,1,5,elim,2026-02-14 08:00:00,2,VCT 2026: EMEA Kickoff,https://www.vlr.gg/594768/team-vitality-vs-team-liquid-vct-2026-emea-kickoff-lr5
VIT,Breeze,atk,TL,0,1,6,elim,2026-02-14 08:00:00,2,VCT 2026: EMEA Kickoff,https://www.vlr.gg/594768/team-vitality-vs-team-liquid-vct-2026-emea-kickoff-lr5
VIT,Breeze,atk,TL,1,0,7,elim,2026-02-14 08:00:00,2,VCT 2026: EMEA Kickoff,https://www.vlr.gg/594768/team-vitality-vs-team-liquid-vct-2026-emea-kickoff-lr5
VIT,Breeze,atk,TL,0,1,8,defus,2026-02-14 08:00:00,2,VCT 2026: EMEA Kickoff,https://www.vlr.gg/594768/team-vitality-vs-team-liquid-vct-2026-emea-kickoff-lr5
VIT,Breeze,atk,TL,0,1,9,elim,2026-02-14 08:00:00,2,VCT 2026: EMEA Kickoff,https://www.vlr.gg/594768/team-vitality-vs-team-liquid-vct-2026-emea-kickoff-lr5
VIT,Breeze,atk,TL,0,1,10,elim,2026-02-14 08:00:00,2,VCT 2026: EMEA Kickoff,https://www.vlr.gg/594768/team-vitality-vs-team-liquid-vct-2026-emea-kickoff-lr5
VIT,Breeze,atk,TL,1,0,11,elim,2026-02-14 08:00:00,2,VCT 2026: EMEA Kickoff,https://www.vlr.gg/594768/team-vitality-vs-team-liquid-vct-2026-emea-kickoff-lr5
VIT,Breeze,atk,TL,0,1,12,elim,2026-02-14 08:00:00,2,VCT 2026: EMEA Kickoff,https://www.vlr.gg/594768/team-vitality-vs-team-liquid-vct-2026-emea-kickoff-lr5
VIT,Breeze,def,TL,0,1,13,elim,2026-02-14 08:00:00,2,VCT 2026: EMEA Kickoff,https://www.vlr.gg/594768/team-vitality-vs-team-liquid-vct-2026-emea-kickoff-lr5
VIT,Breeze,def,TL,0,1,14,elim,2026-02-14 08:00:00,2,VCT 2026: EMEA Kickoff,https://www.vlr.gg/594768/team-vitality-vs-team-liquid-vct-2026-emea-kickoff-lr5
VIT,Breeze,def,TL,0,1,15,boom,2026-02-14 08:00:00,2,VCT 2026: EMEA Kickoff,https://www.vlr.gg/594768/team-vitality-vs-team-liquid-vct-2026-emea-kickoff-lr5
VIT,Breeze,def,TL,1,0,16,defus,2026-02-14 08:00:00,2,VCT 2026: EMEA Kickoff,https://www.vlr.gg/594768/team-vitality-vs-team-liquid-vct-2026-emea-kickoff-lr5
VIT,Breeze,def,TL,1,0,17,defus,2026-02-14 08:00:00,2,VCT 2026: EMEA Kickoff,https://www.vlr.gg/594768/team-vitality-vs-team-liquid-vct-2026-emea-kickoff-lr5
VIT,Breeze,def,TL,1,0,18,elim,2026-02-14 08:00:00,2,VCT 2026: EMEA Kickoff,https://www.vlr.gg/594768/team-vitality-vs-team-liquid-vct-2026-emea-kickoff-lr5
VIT,Breeze,def,TL,1,0,19,elim,2026-02-14 08:00:00,2,VCT 2026: EMEA Kickoff,https://www.vlr.gg/594768/team-vitality-vs-team-liquid-vct-2026-emea-kickoff-lr5
VIT,Breeze,def,TL,1,0,20,tim,2026-02-14 08:00:00,2,VCT 2026: EMEA Kickoff,https://www.vlr.gg/594768/team-vitality-vs-team-liquid-vct-2026-emea-kickoff-lr5
VIT,Breeze,def,TL,1,0,21,elim,2026-02-14 08:00:00,2,VCT 2026: EMEA Kickoff,https://www.vlr.gg/594768/team-vitality-vs-team-liquid-vct-2026-emea-kickoff-lr5
VIT,Breeze,def,TL,0,1,22,elim,2026-02-14 08:00:00,2,VCT 2026: EMEA Kickoff,https://www.vlr.gg/594768/team-vitality-vs-team-liquid-vct-2026-emea-kickoff-lr5
M8,Abyss,atk,FNC,0,1,13,elim,2026-02-14 11:10:00,0,VCT 2026: EMEA Kickoff,https://www.vlr.gg/594760/gentle-mates-vs-fnatic-vct-2026-emea-kickoff-mbf
M8,Abyss,atk,FNC,0,1,14,elim,2026-02-14 11:10:00,0,VCT 2026: EMEA Kickoff,https://www.vlr.gg/594760/gentle-mates-vs-fnatic-vct-2026-emea-kickoff-mbf
M8,Abyss,atk,FNC,0,1,15,defus,2026-02-14 11:10:00,0,VCT 2026: EMEA Kickoff,https://www.vlr.gg/594760/gentle-mates-vs-fnatic-vct-2026-emea-kickoff-mbf
M8,Abyss,atk,FNC,0,1,16,defus,2026-02-14 11:10:00,0,VCT 2026: EMEA Kickoff,https://www.vlr.gg/594760/gentle-mates-vs-fnatic-vct-2026-emea-kickoff-mbf
M8,Abyss,atk,FNC,0,1,17,elim,2026-02-14 11:10:00,0,VCT 2026: EMEA Kickoff,https://www.vlr.gg/594760/gentle-mates-vs-fnatic-vct-2026-emea-kickoff-mbf
M8,Abyss,atk,FNC,1,0,18,boom,2026-02-14 11:10:00,0,VCT 2026: EMEA Kickoff,https://www.vlr.gg/594760/gentle-mates-vs-fnatic-vct-2026-emea-kickoff-mbf
M8,Abyss,atk,FNC,0,1,19,elim,2026-02-14 11:10:00,0,VCT 2026: EMEA Kickoff,https://www.vlr.gg/594760/gentle-mates-vs-fnatic-vct-2026-emea-kickoff-mbf
M8,Abyss,atk,FNC,1,0,20,elim,2026-02-14 11:10:00,0,VCT 2026: EMEA Kickoff,https://www.vlr.gg/594760/gentle-mates-vs-fnatic-vct-2026-emea-kickoff-mbf
M8,Abyss,atk,FNC,1,0,21,boom,2026-02-14 11:10:00,0,VCT 2026: EMEA Kickoff,https://www.vlr.gg/594760/gentle-mates-vs-fnatic-vct-2026-emea-kickoff-mbf
M8,Abyss,atk,FNC,1,0,22,elim,2026-02-14 11:10:00,0,VCT 2026: EMEA Kickoff,https://www.vlr.gg/594760/gentle-mates-vs-fnatic-vct-2026-emea-kickoff-mbf
M8,Abyss,atk,FNC,0,1,23,defus,2026-02-14 11:10:00,0,VCT 2026: EMEA Kickoff,https://www.vlr.gg/594760/gentle-mates-vs-fnatic-vct-2026-emea-kickoff-mbf
M8,Abyss,def,FNC,1,0,1,defus,2026-02-14 11:10:00,0,VCT 2026: EMEA Kickoff,https://www.vlr.gg/594760/gentle-mates-vs-fnatic-vct-2026-emea-kickoff-mbf
M8,Abyss,def,FNC,1,0,2,elim,2026-02-14 11:10:00,0,VCT 2026: EMEA Kickoff,https://www.vlr.gg/594760/gentle-mates-vs-fnatic-vct-2026-emea-kickoff-mbf
M8,Abyss,def,FNC,0,1,3,elim,2026-02-14 11:10:00,0,VCT 2026: EMEA Kickoff,https://www.vlr.gg/594760/gentle-mates-vs-fnatic-vct-2026-emea-kickoff-mbf
M8,Abyss,def,FNC,1,0,4,defus,2026-02-14 11:10:00,0,VCT 2026: EMEA Kickoff,https://www.vlr.gg/594760/gentle-mates-vs-fnatic-vct-2026-emea-kickoff-mbf
M8,Abyss,def,FNC,1,0,5,defus,2026-02-14 11:10:00,0,VCT 2026: EMEA Kickoff,https://www.vlr.gg/594760/gentle-mates-vs-fnatic-vct-2026-emea-kickoff-mbf
M8,Abyss,def,FNC,1,0,6,elim,2026-02-14 11:10:00,0,VCT 2026: EMEA Kickoff,https://www.vlr.gg/594760/gentle-mates-vs-fnatic-vct-2026-emea-kickoff-mbf
M8,Abyss,def,FNC,0,1,7,boom,2026-02-14 11:10:00,0,VCT 2026: EMEA Kickoff,https://www.vlr.gg/594760/gentle-mates-vs-fnatic-vct-2026-emea-kickoff-mbf
M8,Abyss,def,FNC,1,0,8,defus,2026-02-14 11:10:00,0,VCT 2026: EMEA Kickoff,https://www.vlr.gg/594760/gentle-mates-vs-fnatic-vct-2026-emea-kickoff-mbf
M8,Abyss,def,FNC,0,1,9,boom,2026-02-14 11:10:00,0,VCT 2026: EMEA Kickoff,https://www.vlr.gg/594760/gentle-mates-vs-fnatic-vct-2026-emea-kickoff-mbf
M8,Abyss,def,FNC,0,1,10,elim,2026-02-14 11:10:00,0,VCT 2026: EMEA Kickoff,https://www.vlr.gg/594760/gentle-mates-vs-fnatic-vct-2026-emea-kickoff-mbf
M8,Abyss,def,FNC,0,1,11,elim,2026-02-14 11:10:00,0,VCT 2026: EMEA Kickoff,https://www.vlr.gg/594760/gentle-mates-vs-fnatic-vct-2026-emea-kickoff-mbf
M8,Abyss,def,FNC,0,1,12,elim,2026-02-14 11:10:00,0,VCT 2026: EMEA Kickoff,https://www.vlr.gg/594760/gentle-mates-vs-fnatic-vct-2026-emea-kickoff-mbf
M8,Corrode,atk,FNC,1,0,13,elim,2026-02-14 11:10:00,1,VCT 2026: EMEA Kickoff,https://www.vlr.gg/594760/gentle-mates-vs-fnatic-vct-2026-emea-kickoff-mbf
M8,Corrode,atk,FNC,1,0,14,elim,2026-02-14 11:10:00,1,VCT 2026: EMEA Kickoff,https://www.vlr.gg/594760/gentle-mates-vs-fnatic-vct-2026-emea-kickoff-mbf
M8,Corrode,atk,FNC,0,1,15,elim,2026-02-14 11:10:00,1,VCT 2026: EMEA Kickoff,https://www.vlr.gg/594760/gentle-mates-vs-fnatic-vct-2026-emea-kickoff-mbf
M8,Corrode,atk,FNC,0,1,16,elim,2026-02-14 11:10:00,1,VCT 2026: EMEA Kickoff,https://www.vlr.gg/594760/gentle-mates-vs-fnatic-vct-2026-emea-kickoff-mbf
M8,Corrode,atk,FNC,0,1,17,defus,2026-02-14 11:10:00,1,VCT 2026: EMEA Kickoff,https://www.vlr.gg/594760/gentle-mates-vs-fnatic-vct-2026-emea-kickoff-mbf
M8,Corrode,atk,FNC,0,1,18,defus,2026-02-14 11:10:00,1,VCT 2026: EMEA Kickoff,https://www.vlr.gg/594760/gentle-mates-vs-fnatic-vct-2026-emea-kickoff-mbf
M8,Corrode,atk,FNC,0,1,19,elim,2026-02-14 11:10:00,1,VCT 2026: EMEA Kickoff,https://www.vlr.gg/594760/gentle-mates-vs-fnatic-vct-2026-emea-kickoff-mbf
M8,Corrode,atk,FNC,0,1,20,defus,2026-02-14 11:10:00,1,VCT 2026: EMEA Kickoff,https://www.vlr.gg/594760/gentle-mates-vs-fnatic-vct-2026-emea-kickoff-mbf
M8,Corrode,atk,FNC,1,0,21,elim,2026-02-14 11:10:00,1,VCT 2026: EMEA Kickoff,https://www.vlr.gg/594760/gentle-mates-vs-fnatic-vct-2026-emea-kickoff-mbf
M8,Corrode,atk,FNC,0,1,22,defus,2026-02-14 11:10:00,1,VCT 2026: EMEA Kickoff,https://www.vlr.gg/594760/gentle-mates-vs-fnatic-vct-2026-emea-kickoff-mbf
M8,Corrode,atk,FNC,0,1,23,defus,2026-02-14 11:10:00,1,VCT 2026: EMEA Kickoff,https://www.vlr.gg/594760/gentle-mates-vs-fnatic-vct-2026-emea-kickoff-mbf
M8,Corrode,atk,FNC,1,0,24,elim,2026-02-14 11:10:00,1,VCT 2026: EMEA Kickoff,https://www.vlr.gg/594760/gentle-mates-vs-fnatic-vct-2026-emea-kickoff-mbf
M8,Corrode,atk,FNC,1,0,26,elim,2026-02-14 11:10:00,1,VCT 2026: EMEA Kickoff,https://www.vlr.gg/594760/gentle-mates-vs-fnatic-vct-2026-emea-kickoff-mbf
M8,Corrode,atk,FNC,1,0,28,elim,2026-02-14 11:10:00,1,VCT 2026: EMEA Kickoff,https://www.vlr.gg/594760/gentle-mates-vs-fnatic-vct-2026-emea-kickoff-mbf
M8,Corrode,atk,FNC,0,1,30,elim,2026-02-14 11:10:00,1,VCT 2026: EMEA Kickoff,https://www.vlr.gg/594760/gentle-mates-vs-fnatic-vct-2026-emea-kickoff-mbf
M8,Corrode,def,FNC,1,0,1,defus,2026-02-14 11:10:00,1,VCT 2026: EMEA Kickoff,https://www.vlr.gg/594760/gentle-mates-vs-fnatic-vct-2026-emea-kickoff-mbf
M8,Corrode,def,FNC,1,0,2,defus,2026-02-14 11:10:00,1,VCT 2026: EMEA Kickoff,https://www.vlr.gg/594760/gentle-mates-vs-fnatic-vct-2026-emea-kickoff-mbf
M8,Corrode,def,FNC,1,0,3,elim,2026-02-14 11:10:00,1,VCT 2026: EMEA Kickoff,https://www.vlr.gg/594760/gentle-mates-vs-fnatic-vct-2026-emea-kickoff-mbf
M8,Corrode,def,FNC,0,1,4,elim,2026-02-14 11:10:00,1,VCT 2026: EMEA Kickoff,https://www.vlr.gg/594760/gentle-mates-vs-fnatic-vct-2026-emea-kickoff-mbf
M8,Corrode,def,FNC,1,0,5,elim,2026-02-14 11:10:00,1,VCT 2026: EMEA Kickoff,https://www.vlr.gg/594760/gentle-mates-vs-fnatic-vct-2026-emea-kickoff-mbf
M8,Corrode,def,FNC,1,0,6,elim,2026-02-14 11:10:00,1,VCT 2026: EMEA Kickoff,https://www.vlr.gg/594760/gentle-mates-vs-fnatic-vct-2026-emea-kickoff-mbf
M8,Corrode,def,FNC,1,0,7,defus,2026-02-14 11:10:00,1,VCT 2026: EMEA Kickoff,https://www.vlr.gg/594760/gentle-mates-vs-fnatic-vct-2026-emea-kickoff-mbf
M8,Corrode,def,FNC,0,1,8,elim,2026-02-14 11:10:00,1,VCT 2026: EMEA Kickoff,https://www.vlr.gg/594760/gentle-mates-vs-fnatic-vct-2026-emea-kickoff-mbf
M8,Corrode,def,FNC,0,1,9,boom,2026-02-14 11:10:00,1,VCT 2026: EMEA Kickoff,https://www.vlr.gg/594760/gentle-mates-vs-fnatic-vct-2026-emea-kickoff-mbf
M8,Corrode,def,FNC,0,1,10,elim,2026-02-14 11:10:00,1,VCT 2026: EMEA Kickoff,https://www.vlr.gg/594760/gentle-mates-vs-fnatic-vct-2026-emea-kickoff-mbf
M8,Corrode,def,FNC,1,0,11,defus,2026-02-14 11:10:00,1,VCT 2026: EMEA Kickoff,https://www.vlr.gg/594760/gentle-mates-vs-fnatic-vct-2026-emea-kickoff-mbf
M8,Corrode,def,FNC,1,0,12,defus,2026-02-14 11:10:00,1,VCT 2026: EMEA Kickoff,https://www.vlr.gg/594760/gentle-mates-vs-fnatic-vct-2026-emea-kickoff-mbf
M8,Corrode,def,FNC,0,1,25,elim,2026-02-14 11:10:00,1,VCT 2026: EMEA Kickoff,https://www.vlr.gg/594760/gentle-mates-vs-fnatic-vct-2026-emea-kickoff-mbf
M8,Corrode,def,FNC,0,1,27,elim,2026-02-14 11:10:00,1,VCT 2026: EMEA Kickoff,https://www.vlr.gg/594760/gentle-mates-vs-fnatic-vct-2026-emea-kickoff-mbf
M8,Corrode,def,FNC,0,1,29,elim,2026-02-14 11:10:00,1,VCT 2026: EMEA Kickoff,https://www.vlr.gg/594760/gentle-mates-vs-fnatic-vct-2026-emea-kickoff-mbf
M8,Split,atk,FNC,1,0,1,elim,2026-02-14 11:10:00,2,VCT 2026: EMEA Kickoff,https://www.vlr.gg/594760/gentle-mates-vs-fnatic-vct-2026-emea-kickoff-mbf
M8,Split,atk,FNC,0,1,2,defus,2026-02-14 11:10:00,2,VCT 2026: EMEA Kickoff,https://www.vlr.gg/594760/gentle-mates-vs-fnatic-vct-2026-emea-kickoff-mbf
M8,Split,atk,FNC,1,0,3,boom,2026-02-14 11:10:00,2,VCT 2026: EMEA Kickoff,https://www.vlr.gg/594760/gentle-mates-vs-fnatic-vct-2026-emea-kickoff-mbf
M8,Split,atk,FNC,0,1,4,defus,2026-02-14 11:10:00,2,VCT 2026: EMEA Kickoff,https://www.vlr.gg/594760/gentle-mates-vs-fnatic-vct-2026-emea-kickoff-mbf
M8,Split,atk,FNC,0,1,5,elim,2026-02-14 11:10:00,2,VCT 2026: EMEA Kickoff,https://www.vlr.gg/594760/gentle-mates-vs-fnatic-vct-2026-emea-kickoff-mbf
M8,Split,atk,FNC,0,1,6,elim,2026-02-14 11:10:00,2,VCT 2026: EMEA Kickoff,https://www.vlr.gg/594760/gentle-mates-vs-fnatic-vct-2026-emea-kickoff-mbf
M8,Split,atk,FNC,1,0,7,boom,2026-02-14 11:10:00,2,VCT 2026: EMEA Kickoff,https://www.vlr.gg/594760/gentle-mates-vs-fnatic-vct-2026-emea-kickoff-mbf
M8,Split,atk,FNC,1,0,8,boom,2026-02-14 11:10:00,2,VCT 2026: EMEA Kickoff,https://www.vlr.gg/594760/gentle-mates-vs-fnatic-vct-2026-emea-kickoff-mbf
M8,Split,atk,FNC,1,0,9,boom,2026-02-14 11:10:00,2,VCT 2026: EMEA Kickoff,https://www.vlr.gg/594760/gentle-mates-vs-fnatic-vct-2026-emea-kickoff-mbf
M8,Split,atk,FNC,1,0,10,boom,2026-02-14 11:10:00,2,VCT 2026: EMEA Kickoff,https://www.vlr.gg/594760/gentle-mates-vs-fnatic-vct-2026-emea-kickoff-mbf
M8,Split,atk,FNC,1,0,11,elim,2026-02-14 11:10:00,2,VCT 2026: EMEA Kickoff,https://www.vlr.gg/594760/gentle-mates-vs-fnatic-vct-2026-emea-kickoff-mbf
M8,Split,atk,FNC,1,0,12,elim,2026-02-14 11:10:00,2,VCT 2026: EMEA Kickoff,https://www.vlr.gg/594760/gentle-mates-vs-fnatic-vct-2026-emea-kickoff-mbf
M8,Split,def,FNC,0,1,13,elim,2026-02-14 11:10:00,2,VCT 2026: EMEA Kickoff,https://www.vlr.gg/594760/gentle-mates-vs-fnatic-vct-2026-emea-kickoff-mbf
M8,Split,def,FNC,1,0,14,elim,2026-02-14 11:10:00,2,VCT 2026: EMEA Kickoff,https://www.vlr.gg/594760/gentle-mates-vs-fnatic-vct-2026-emea-kickoff-mbf
M8,Split,def,FNC,0,1,15,elim,2026-02-14 11:10:00,2,VCT 2026: EMEA Kickoff,https://www.vlr.gg/594760/gentle-mates-vs-fnatic-vct-2026-emea-kickoff-mbf
M8,Split,def,FNC,1,0,16,elim,2026-02-14 11:10:00,2,VCT 2026: EMEA Kickoff,https://www.vlr.gg/594760/gentle-mates-vs-fnatic-vct-2026-emea-kickoff-mbf
M8,Split,def,FNC,1,0,17,defus,2026-02-14 11:10:00,2,VCT 2026: EMEA Kickoff,https://www.vlr.gg/594760/gentle-mates-vs-fnatic-vct-2026-emea-kickoff-mbf
M8,Split,def,FNC,1,0,18,tim,2026-02-14 11:10:00,2,VCT 2026: EMEA Kickoff,https://www.vlr.gg/594760/gentle-mates-vs-fnatic-vct-2026-emea-kickoff-mbf
M8,Split,def,FNC,1,0,19,elim,2026-02-14 11:10:00,2,VCT 2026: EMEA Kickoff,https://www.vlr.gg/594760/gentle-mates-vs-fnatic-vct-2026-emea-kickoff-mbf
M8,Bind,atk,FNC,1,0,1,elim,2026-02-14 11:10:00,3,VCT 2026: EMEA Kickoff,https://www.vlr.gg/594760/gentle-mates-vs-fnatic-vct-2026-emea-kickoff-mbf
M8,Bind,atk,FNC,1,0,2,elim,2026-02-14 11:10:00,3,VCT 2026: EMEA Kickoff,https://www.vlr.gg/594760/gentle-mates-vs-fnatic-vct-2026-emea-kickoff-mbf
M8,Bind,atk,FNC,0,1,3,elim,2026-02-14 11:10:00,3,VCT 2026: EMEA Kickoff,https://www.vlr.gg/594760/gentle-mates-vs-fnatic-vct-2026-emea-kickoff-mbf
M8,Bind,atk,FNC,1,0,4,boom,2026-02-14 11:10:00,3,VCT 2026: EMEA Kickoff,https://www.vlr.gg/594760/gentle-mates-vs-fnatic-vct-2026-emea-kickoff-mbf
M8,Bind,atk,FNC,1,0,5,boom,2026-02-14 11:10:00,3,VCT 2026: EMEA Kickoff,https://www.vlr.gg/594760/gentle-mates-vs-fnatic-vct-2026-emea-kickoff-mbf
M8,Bind,atk,FNC,1,0,6,elim,2026-02-14 11:10:00,3,VCT 2026: EMEA Kickoff,https://www.vlr.gg/594760/gentle-mates-vs-fnatic-vct-2026-emea-kickoff-mbf
M8,Bind,atk,FNC,0,1,7,tim,2026-02-14 11:10:00,3,VCT 2026: EMEA Kickoff,https://www.vlr.gg/594760/gentle-mates-vs-fnatic-vct-2026-emea-kickoff-mbf
M8,Bind,atk,FNC,1,0,8,boom,2026-02-14 11:10:00,3,VCT 2026: EMEA Kickoff,https://www.vlr.gg/594760/gentle-mates-vs-fnatic-vct-2026-emea-kickoff-mbf
M8,Bind,atk,FNC,1,0,9,elim,2026-02-14 11:10:00,3,VCT 2026: EMEA Kickoff,https://www.vlr.gg/594760/gentle-mates-vs-fnatic-vct-2026-emea-kickoff-mbf
M8,Bind,atk,FNC,0,1,10,tim,2026-02-14 11:10:00,3,VCT 2026: EMEA Kickoff,https://www.vlr.gg/594760/gentle-mates-vs-fnatic-vct-2026-emea-kickoff-mbf
M8,Bind,atk,FNC,0,1,11,defus,2026-02-14 11:10:00,3,VCT 2026: EMEA Kickoff,https://www.vlr.gg/594760/gentle-mates-vs-fnatic-vct-2026-emea-kickoff-mbf
M8,Bind,atk,FNC,0,1,12,defus,2026-02-14 11:10:00,3,VCT 2026: EMEA Kickoff,https://www.vlr.gg/594760/gentle-mates-vs-fnatic-vct-2026-emea-kickoff-mbf
M8,Bind,atk,FNC,1,0,25,elim,2026-02-14 11:10:00,3,VCT 2026: EMEA Kickoff,https://www.vlr.gg/594760/gentle-mates-vs-fnatic-vct-2026-emea-kickoff-mbf
M8,Bind,def,FNC,1,0,13,defus,2026-02-14 11:10:00,3,VCT 2026: EMEA Kickoff,https://www.vlr.gg/594760/gentle-mates-vs-fnatic-vct-2026-emea-kickoff-mbf
M8,Bind,def,FNC,0,1,14,elim,2026-02-14 11:10:00,3,VCT 2026: EMEA Kickoff,https://www.vlr.gg/594760/gentle-mates-vs-fnatic-vct-2026-emea-kickoff-mbf
M8,Bind,def,FNC,0,1,15,elim,2026-02-14 11:10:00,3,VCT 2026: EMEA Kickoff,https://www.vlr.gg/594760/gentle-mates-vs-fnatic-vct-2026-emea-kickoff-mbf
M8,Bind,def,FNC,0,1,16,boom,2026-02-14 11:10:00,3,VCT 2026: EMEA Kickoff,https://www.vlr.gg/594760/gentle-mates-vs-fnatic-vct-2026-emea-kickoff-mbf
M8,Bind,def,FNC,0,1,17,elim,2026-02-14 11:10:00,3,VCT 2026: EMEA Kickoff,https://www.vlr.gg/594760/gentle-mates-vs-fnatic-vct-2026-emea-kickoff-mbf
M8,Bind,def,FNC,1,0,18,defus,2026-02-14 11:10:00,3,VCT 2026: EMEA Kickoff,https://www.vlr.gg/594760/gentle-mates-vs-fnatic-vct-2026-emea-kickoff-mbf
M8,Bind,def,FNC,0,1,19,elim,2026-02-14 11:10:00,3,VCT 2026: EMEA Kickoff,https://www.vlr.gg/594760/gentle-mates-vs-fnatic-vct-2026-emea-kickoff-mbf
M8,Bind,def,FNC,0,1,20,boom,2026-02-14 11:10:00,3,VCT 2026: EMEA Kickoff,https://www.vlr.gg/594760/gentle-mates-vs-fnatic-vct-2026-emea-kickoff-mbf
M8,Bind,def,FNC,1,0,21,defus,2026-02-14 11:10:00,3,VCT 2026: EMEA Kickoff,https://www.vlr.gg/594760/gentle-mates-vs-fnatic-vct-2026-emea-kickoff-mbf
M8,Bind,def,FNC,0,1,22,elim,2026-02-14 11:10:00,3,VCT 2026: EMEA Kickoff,https://www.vlr.gg/594760/gentle-mates-vs-fnatic-vct-2026-emea-kickoff-mbf
M8,Bind,def,FNC,1,0,23,elim,2026-02-14 11:10:00,3,VCT 2026: EMEA Kickoff,https://www.vlr.gg/594760/gentle-mates-vs-fnatic-vct-2026-emea-kickoff-mbf
M8,Bind,def,FNC,1,0,24,elim,2026-02-14 11:10:00,3,VCT 2026: EMEA Kickoff,https://www.vlr.gg/594760/gentle-mates-vs-fnatic-vct-2026-emea-kickoff-mbf
M8,Bind,def,FNC,1,0,26,defus,2026-02-14 11:10:00,3,VCT 2026: EMEA Kickoff,https://www.vlr.gg/594760/gentle-mates-vs-fnatic-vct-2026-emea-kickoff-mbf
M8,Haven,atk,FNC,1,0,13,elim,2026-02-14 11:10:00,4,VCT 2026: EMEA Kickoff,https://www.vlr.gg/594760/gentle-mates-vs-fnatic-vct-2026-emea-kickoff-mbf
M8,Haven,atk,FNC,1,0,14,boom,2026-02-14 11:10:00,4,VCT 2026: EMEA Kickoff,https://www.vlr.gg/594760/gentle-mates-vs-fnatic-vct-2026-emea-kickoff-mbf
M8,Haven,atk,FNC,0,1,15,elim,2026-02-14 11:10:00,4,VCT 2026: EMEA Kickoff,https://www.vlr.gg/594760/gentle-mates-vs-fnatic-vct-2026-emea-kickoff-mbf
M8,Haven,atk,FNC,1,0,16,elim,2026-02-14 11:10:00,4,VCT 2026: EMEA Kickoff,https://www.vlr.gg/594760/gentle-mates-vs-fnatic-vct-2026-emea-kickoff-mbf
M8,Haven,atk,FNC,0,1,17,defus,2026-02-14 11:10:00,4,VCT 2026: EMEA Kickoff,https://www.vlr.gg/594760/gentle-mates-vs-fnatic-vct-2026-emea-kickoff-mbf
M8,Haven,atk,FNC,0,1,18,defus,2026-02-14 11:10:00,4,VCT 2026: EMEA Kickoff,https://www.vlr.gg/594760/gentle-mates-vs-fnatic-vct-2026-emea-kickoff-mbf
M8,Haven,atk,FNC,1,0,19,elim,2026-02-14 11:10:00,4,VCT 2026: EMEA Kickoff,https://www.vlr.gg/594760/gentle-mates-vs-fnatic-vct-2026-emea-kickoff-mbf
M8,Haven,atk,FNC,0,1,20,defus,2026-02-14 11:10:00,4,VCT 2026: EMEA Kickoff,https://www.vlr.gg/594760/gentle-mates-vs-fnatic-vct-2026-emea-kickoff-mbf
M8,Haven,atk,FNC,0,1,21,elim,2026-02-14 11:10:00,4,VCT 2026: EMEA Kickoff,https://www.vlr.gg/594760/gentle-mates-vs-fnatic-vct-2026-emea-kickoff-mbf
M8,Haven,atk,FNC,0,1,22,tim,2026-02-14 11:10:00,4,VCT 2026: EMEA Kickoff,https://www.vlr.gg/594760/gentle-mates-vs-fnatic-vct-2026-emea-kickoff-mbf
M8,Haven,atk,FNC,0,1,23,elim,2026-02-14 11:10:00,4,VCT 2026: EMEA Kickoff,https://www.vlr.gg/594760/gentle-mates-vs-fnatic-vct-2026-emea-kickoff-mbf
M8,Haven,atk,FNC,1,0,24,elim,2026-02-14 11:10:00,4,VCT 2026: EMEA Kickoff,https://www.vlr.gg/594760/gentle-mates-vs-fnatic-vct-2026-emea-kickoff-mbf
M8,Haven,atk,FNC,1,0,26,elim,2026-02-14 11:10:00,4,VCT 2026: EMEA Kickoff,https://www.vlr.gg/594760/gentle-mates-vs-fnatic-vct-2026-emea-kickoff-mbf
M8,Haven,def,FNC,0,1,1,elim,2026-02-14 11:10:00,4,VCT 2026: EMEA Kickoff,https://www.vlr.gg/594760/gentle-mates-vs-fnatic-vct-2026-emea-kickoff-mbf
M8,Haven,def,FNC,0,1,2,elim,2026-02-14 11:10:00,4,VCT 2026: EMEA Kickoff,https://www.vlr.gg/594760/gentle-mates-vs-fnatic-vct-2026-emea-kickoff-mbf
M8,Haven,def,FNC,1,0,3,tim,2026-02-14 11:10:00,4,VCT 2026: EMEA Kickoff,https://www.vlr.gg/594760/gentle-mates-vs-fnatic-vct-2026-emea-kickoff-mbf
M8,Haven,def,FNC,1,0,4,defus,2026-02-14 11:10:00,4,VCT 2026: EMEA Kickoff,https://www.vlr.gg/594760/gentle-mates-vs-fnatic-vct-2026-emea-kickoff-mbf
M8,Haven,def,FNC,1,0,5,elim,2026-02-14 11:10:00,4,VCT 2026: EMEA Kickoff,https://www.vlr.gg/594760/gentle-mates-vs-fnatic-vct-2026-emea-kickoff-mbf
M8,Haven,def,FNC,0,1,6,boom,2026-02-14 11:10:00,4,VCT 2026: EMEA Kickoff,https://www.vlr.gg/594760/gentle-mates-vs-fnatic-vct-2026-emea-kickoff-mbf
M8,Haven,def,FNC,0,1,7,boom,2026-02-14 11:10:00,4,VCT 2026: EMEA Kickoff,https://www.vlr.gg/594760/gentle-mates-vs-fnatic-vct-2026-emea-kickoff-mbf
M8,Haven,def,FNC,1,0,8,elim,2026-02-14 11:10:00,4,VCT 2026: EMEA Kickoff,https://www.vlr.gg/594760/gentle-mates-vs-fnatic-vct-2026-emea-kickoff-mbf
M8,Haven,def,FNC,1,0,9,tim,2026-02-14 11:10:00,4,VCT 2026: EMEA Kickoff,https://www.vlr.gg/594760/gentle-mates-vs-fnatic-vct-2026-emea-kickoff-mbf
M8,Haven,def,FNC,0,1,10,elim,2026-02-14 11:10:00,4,VCT 2026: EMEA Kickoff,https://www.vlr.gg/594760/gentle-mates-vs-fnatic-vct-2026-emea-kickoff-mbf
M8,Haven,def,FNC,1,0,11,tim,2026-02-14 11:10:00,4,VCT 2026: EMEA Kickoff,https://www.vlr.gg/594760/gentle-mates-vs-fnatic-vct-2026-emea-kickoff-mbf
M8,Haven,def,FNC,1,0,12,elim,2026-02-14 11:10:00,4,VCT 2026: EMEA Kickoff,https://www.vlr.gg/594760/gentle-mates-vs-fnatic-vct-2026-emea-kickoff-mbf
M8,Haven,def,FNC,1,0,25,elim,2026-02-14 11:10:00,4,VCT 2026: EMEA Kickoff,https://www.vlr.gg/594760/gentle-mates-vs-fnatic-vct-2026-emea-kickoff-mbf
FNC,Corrode,atk,TL,1,0,1,elim,2026-02-15 12:00:00,0,VCT 2026: EMEA Kickoff,https://www.vlr.gg/594769/fnatic-vs-team-liquid-vct-2026-emea-kickoff-lbf
FNC,Corrode,atk,TL,1,0,2,elim,2026-02-15 12:00:00,0,VCT 2026: EMEA Kickoff,https://www.vlr.gg/594769/fnatic-vs-team-liquid-vct-2026-emea-kickoff-lbf
FNC,Corrode,atk,TL,0,1,3,elim,2026-02-15 12:00:00,0,VCT 2026: EMEA Kickoff,https://www.vlr.gg/594769/fnatic-vs-team-liquid-vct-2026-emea-kickoff-lbf
FNC,Corrode,atk,TL,0,1,4,elim,2026-02-15 12:00:00,0,VCT 2026: EMEA Kickoff,https://www.vlr.gg/594769/fnatic-vs-team-liquid-vct-2026-emea-kickoff-lbf
FNC,Corrode,atk,TL,0,1,5,elim,2026-02-15 12:00:00,0,VCT 2026: EMEA Kickoff,https://www.vlr.gg/594769/fnatic-vs-team-liquid-vct-2026-emea-kickoff-lbf
FNC,Corrode,atk,TL,0,1,6,elim,2026-02-15 12:00:00,0,VCT 2026: EMEA Kickoff,https://www.vlr.gg/594769/fnatic-vs-team-liquid-vct-2026-emea-kickoff-lbf
FNC,Corrode,atk,TL,0,1,7,defus,2026-02-15 12:00:00,0,VCT 2026: EMEA Kickoff,https://www.vlr.gg/594769/fnatic-vs-team-liquid-vct-2026-emea-kickoff-lbf
FNC,Corrode,atk,TL,1,0,8,elim,2026-02-15 12:00:00,0,VCT 2026: EMEA Kickoff,https://www.vlr.gg/594769/fnatic-vs-team-liquid-vct-2026-emea-kickoff-lbf
FNC,Corrode,atk,TL,1,0,9,boom,2026-02-15 12:00:00,0,VCT 2026: EMEA Kickoff,https://www.vlr.gg/594769/fnatic-vs-team-liquid-vct-2026-emea-kickoff-lbf
FNC,Corrode,atk,TL,0,1,10,tim,2026-02-15 12:00:00,0,VCT 2026: EMEA Kickoff,https://www.vlr.gg/594769/fnatic-vs-team-liquid-vct-2026-emea-kickoff-lbf
FNC,Corrode,atk,TL,1,0,11,elim,2026-02-15 12:00:00,0,VCT 2026: EMEA Kickoff,https://www.vlr.gg/594769/fnatic-vs-team-liquid-vct-2026-emea-kickoff-lbf
FNC,Corrode,atk,TL,0,1,12,elim,2026-02-15 12:00:00,0,VCT 2026: EMEA Kickoff,https://www.vlr.gg/594769/fnatic-vs-team-liquid-vct-2026-emea-kickoff-lbf
FNC,Corrode,def,TL,0,1,13,elim,2026-02-15 12:00:00,0,VCT 2026: EMEA Kickoff,https://www.vlr.gg/594769/fnatic-vs-team-liquid-vct-2026-emea-kickoff-lbf
FNC,Corrode,def,TL,0,1,14,boom,2026-02-15 12:00:00,0,VCT 2026: EMEA Kickoff,https://www.vlr.gg/594769/fnatic-vs-team-liquid-vct-2026-emea-kickoff-lbf
FNC,Corrode,def,TL,1,0,15,elim,2026-02-15 12:00:00,0,VCT 2026: EMEA Kickoff,https://www.vlr.gg/594769/fnatic-vs-team-liquid-vct-2026-emea-kickoff-lbf
FNC,Corrode,def,TL,0,1,16,boom,2026-02-15 12:00:00,0,VCT 2026: EMEA Kickoff,https://www.vlr.gg/594769/fnatic-vs-team-liquid-vct-2026-emea-kickoff-lbf
FNC,Corrode,def,TL,0,1,17,elim,2026-02-15 12:00:00,0,VCT 2026: EMEA Kickoff,https://www.vlr.gg/594769/fnatic-vs-team-liquid-vct-2026-emea-kickoff-lbf
FNC,Corrode,def,TL,0,1,18,elim,2026-02-15 12:00:00,0,VCT 2026: EMEA Kickoff,https://www.vlr.gg/594769/fnatic-vs-team-liquid-vct-2026-emea-kickoff-lbf
FNC,Corrode,def,TL,0,1,19,elim,2026-02-15 12:00:00,0,VCT 2026: EMEA Kickoff,https://www.vlr.gg/594769/fnatic-vs-team-liquid-vct-2026-emea-kickoff-lbf
FNC,Bind,atk,TL,1,0,1,elim,2026-02-15 12:00:00,1,VCT 2026: EMEA Kickoff,https://www.vlr.gg/594769/fnatic-vs-team-liquid-vct-2026-emea-kickoff-lbf
FNC,Bind,atk,TL,1,0,2,elim,2026-02-15 12:00:00,1,VCT 2026: EMEA Kickoff,https://www.vlr.gg/594769/fnatic-vs-team-liquid-vct-2026-emea-kickoff-lbf
FNC,Bind,atk,TL,1,0,3,boom,2026-02-15 12:00:00,1,VCT 2026: EMEA Kickoff,https://www.vlr.gg/594769/fnatic-vs-team-liquid-vct-2026-emea-kickoff-lbf
FNC,Bind,atk,TL,0,1,4,elim,2026-02-15 12:00:00,1,VCT 2026: EMEA Kickoff,https://www.vlr.gg/594769/fnatic-vs-team-liquid-vct-2026-emea-kickoff-lbf
FNC,Bind,atk,TL,0,1,5,elim,2026-02-15 12:00:00,1,VCT 2026: EMEA Kickoff,https://www.vlr.gg/594769/fnatic-vs-team-liquid-vct-2026-emea-kickoff-lbf
FNC,Bind,atk,TL,1,0,6,elim,2026-02-15 12:00:00,1,VCT 2026: EMEA Kickoff,https://www.vlr.gg/594769/fnatic-vs-team-liquid-vct-2026-emea-kickoff-lbf
FNC,Bind,atk,TL,0,1,7,defus,2026-02-15 12:00:00,1,VCT 2026: EMEA Kickoff,https://www.vlr.gg/594769/fnatic-vs-team-liquid-vct-2026-emea-kickoff-lbf
FNC,Bind,atk,TL,0,1,8,elim,2026-02-15 12:00:00,1,VCT 2026: EMEA Kickoff,https://www.vlr.gg/594769/fnatic-vs-team-liquid-vct-2026-emea-kickoff-lbf
FNC,Bind,atk,TL,1,0,9,elim,2026-02-15 12:00:00,1,VCT 2026: EMEA Kickoff,https://www.vlr.gg/594769/fnatic-vs-team-liquid-vct-2026-emea-kickoff-lbf
FNC,Bind,atk,TL,1,0,10,elim,2026-02-15 12:00:00,1,VCT 2026: EMEA Kickoff,https://www.vlr.gg/594769/fnatic-vs-team-liquid-vct-2026-emea-kickoff-lbf
FNC,Bind,atk,TL,1,0,11,elim,2026-02-15 12:00:00,1,VCT 2026: EMEA Kickoff,https://www.vlr.gg/594769/fnatic-vs-team-liquid-vct-2026-emea-kickoff-lbf
FNC,Bind,atk,TL,0,1,12,defus,2026-02-15 12:00:00,1,VCT 2026: EMEA Kickoff,https://www.vlr.gg/594769/fnatic-vs-team-liquid-vct-2026-emea-kickoff-lbf
FNC,Bind,def,TL,0,1,13,elim,2026-02-15 12:00:00,1,VCT 2026: EMEA Kickoff,https://www.vlr.gg/594769/fnatic-vs-team-liquid-vct-2026-emea-kickoff-lbf
FNC,Bind,def,TL,0,1,14,elim,2026-02-15 12:00:00,1,VCT 2026: EMEA Kickoff,https://www.vlr.gg/594769/fnatic-vs-team-liquid-vct-2026-emea-kickoff-lbf
FNC,Bind,def,TL,1,0,15,elim,2026-02-15 12:00:00,1,VCT 2026: EMEA Kickoff,https://www.vlr.gg/594769/fnatic-vs-team-liquid-vct-2026-emea-kickoff-lbf
FNC,Bind,def,TL,1,0,16,defus,2026-02-15 12:00:00,1,VCT 2026: EMEA Kickoff,https://www.vlr.gg/594769/fnatic-vs-team-liquid-vct-2026-emea-kickoff-lbf
FNC,Bind,def,TL,1,0,17,elim,2026-02-15 12:00:00,1,VCT 2026: EMEA Kickoff,https://www.vlr.gg/594769/fnatic-vs-team-liquid-vct-2026-emea-kickoff-lbf
FNC,Bind,def,TL,0,1,18,elim,2026-02-15 12:00:00,1,VCT 2026: EMEA Kickoff,https://www.vlr.gg/594769/fnatic-vs-team-liquid-vct-2026-emea-kickoff-lbf
FNC,Bind,def,TL,0,1,19,elim,2026-02-15 12:00:00,1,VCT 2026: EMEA Kickoff,https://www.vlr.gg/594769/fnatic-vs-team-liquid-vct-2026-emea-kickoff-lbf
FNC,Bind,def,TL,0,1,20,elim,2026-02-15 12:00:00,1,VCT 2026: EMEA Kickoff,https://www.vlr.gg/594769/fnatic-vs-team-liquid-vct-2026-emea-kickoff-lbf
FNC,Bind,def,TL,0,1,21,boom,2026-02-15 12:00:00,1,VCT 2026: EMEA Kickoff,https://www.vlr.gg/594769/fnatic-vs-team-liquid-vct-2026-emea-kickoff-lbf
FNC,Bind,def,TL,0,1,22,elim,2026-02-15 12:00:00,1,VCT 2026: EMEA Kickoff,https://www.vlr.gg/594769/fnatic-vs-team-liquid-vct-2026-emea-kickoff-lbf
FNC,Bind,def,TL,0,1,23,elim,2026-02-15 12:00:00,1,VCT 2026: EMEA Kickoff,https://www.vlr.gg/594769/fnatic-vs-team-liquid-vct-2026-emea-kickoff-lbf
FNC,Abyss,atk,TL,0,1,13,elim,2026-02-15 12:00:00,2,VCT 2026: EMEA Kickoff,https://www.vlr.gg/594769/fnatic-vs-team-liquid-vct-2026-emea-kickoff-lbf
FNC,Abyss,atk,TL,0,1,14,elim,2026-02-15 12:00:00,2,VCT 2026: EMEA Kickoff,https://www.vlr.gg/594769/fnatic-vs-team-liquid-vct-2026-emea-kickoff-lbf
FNC,Abyss,atk,TL,1,0,15,elim,2026-02-15 12:00:00,2,VCT 2026: EMEA Kickoff,https://www.vlr.gg/594769/fnatic-vs-team-liquid-vct-2026-emea-kickoff-lbf
FNC,Abyss,atk,TL,0,1,16,elim,2026-02-15 12:00:00,2,VCT 2026: EMEA Kickoff,https://www.vlr.gg/594769/fnatic-vs-team-liquid-vct-2026-emea-kickoff-lbf
FNC,Abyss,atk,TL,1,0,17,elim,2026-02-15 12:00:00,2,VCT 2026: EMEA Kickoff,https://www.vlr.gg/594769/fnatic-vs-team-liquid-vct-2026-emea-kickoff-lbf
FNC,Abyss,atk,TL,0,1,18,elim,2026-02-15 12:00:00,2,VCT 2026: EMEA Kickoff,https://www.vlr.gg/594769/fnatic-vs-team-liquid-vct-2026-emea-kickoff-lbf
FNC,Abyss,atk,TL,0,1,19,defus,2026-02-15 12:00:00,2,VCT 2026: EMEA Kickoff,https://www.vlr.gg/594769/fnatic-vs-team-liquid-vct-2026-emea-kickoff-lbf
FNC,Abyss,atk,TL,1,0,20,elim,2026-02-15 12:00:00,2,VCT 2026: EMEA Kickoff,https://www.vlr.gg/594769/fnatic-vs-team-liquid-vct-2026-emea-kickoff-lbf
FNC,Abyss,atk,TL,1,0,21,elim,2026-02-15 12:00:00,2,VCT 2026: EMEA Kickoff,https://www.vlr.gg/594769/fnatic-vs-team-liquid-vct-2026-emea-kickoff-lbf
FNC,Abyss,atk,TL,1,0,22,elim,2026-02-15 12:00:00,2,VCT 2026: EMEA Kickoff,https://www.vlr.gg/594769/fnatic-vs-team-liquid-vct-2026-emea-kickoff-lbf
FNC,Abyss,atk,TL,0,1,23,defus,2026-02-15 12:00:00,2,VCT 2026: EMEA Kickoff,https://www.vlr.gg/594769/fnatic-vs-team-liquid-vct-2026-emea-kickoff-lbf
FNC,Abyss,atk,TL,0,1,24,elim,2026-02-15 12:00:00,2,VCT 2026: EMEA Kickoff,https://www.vlr.gg/594769/fnatic-vs-team-liquid-vct-2026-emea-kickoff-lbf
FNC,Abyss,atk,TL,1,0,26,elim,2026-02-15 12:00:00,2,VCT 2026: EMEA Kickoff,https://www.vlr.gg/594769/fnatic-vs-team-liquid-vct-2026-emea-kickoff-lbf
FNC,Abyss,atk,TL,1,0,28,elim,2026-02-15 12:00:00,2,VCT 2026: EMEA Kickoff,https://www.vlr.gg/594769/fnatic-vs-team-liquid-vct-2026-emea-kickoff-lbf
FNC,Abyss,atk,TL,0,1,30,elim,2026-02-15 12:00:00,2,VCT 2026: EMEA Kickoff,https://www.vlr.gg/594769/fnatic-vs-team-liquid-vct-2026-emea-kickoff-lbf
FNC,Abyss,atk,TL,0,1,32,elim,2026-02-15 12:00:00,2,VCT 2026: EMEA Kickoff,https://www.vlr.gg/594769/fnatic-vs-team-liquid-vct-2026-emea-kickoff-lbf
FNC,Abyss,atk,TL,0,1,34,elim,2026-02-15 12:00:00,2,VCT 2026: EMEA Kickoff,https://www.vlr.gg/594769/fnatic-vs-team-liquid-vct-2026-emea-kickoff-lbf
FNC,Abyss,def,TL,1,0,1,defus,2026-02-15 12:00:00,2,VCT 2026: EMEA Kickoff,https://www.vlr.gg/594769/fnatic-vs-team-liquid-vct-2026-emea-kickoff-lbf
FNC,Abyss,def,TL,1,0,2,elim,2026-02-15 12:00:00,2,VCT 2026: EMEA Kickoff,https://www.vlr.gg/594769/fnatic-vs-team-liquid-vct-2026-emea-kickoff-lbf
FNC,Abyss,def,TL,0,1,3,elim,2026-02-15 12:00:00,2,VCT 2026: EMEA Kickoff,https://www.vlr.gg/594769/fnatic-vs-team-liquid-vct-2026-emea-kickoff-lbf
FNC,Abyss,def,TL,1,0,4,defus,2026-02-15 12:00:00,2,VCT 2026: EMEA Kickoff,https://www.vlr.gg/594769/fnatic-vs-team-liquid-vct-2026-emea-kickoff-lbf
FNC,Abyss,def,TL,0,1,5,elim,2026-02-15 12:00:00,2,VCT 2026: EMEA Kickoff,https://www.vlr.gg/594769/fnatic-vs-team-liquid-vct-2026-emea-kickoff-lbf
FNC,Abyss,def,TL,1,0,6,defus,2026-02-15 12:00:00,2,VCT 2026: EMEA Kickoff,https://www.vlr.gg/594769/fnatic-vs-team-liquid-vct-2026-emea-kickoff-lbf
FNC,Abyss,def,TL,1,0,7,defus,2026-02-15 12:00:00,2,VCT 2026: EMEA Kickoff,https://www.vlr.gg/594769/fnatic-vs-team-liquid-vct-2026-emea-kickoff-lbf
FNC,Abyss,def,TL,1,0,8,defus,2026-02-15 12:00:00,2,VCT 2026: EMEA Kickoff,https://www.vlr.gg/594769/fnatic-vs-team-liquid-vct-2026-emea-kickoff-lbf
FNC,Abyss,def,TL,0,1,9,boom,2026-02-15 12:00:00,2,VCT 2026: EMEA Kickoff,https://www.vlr.gg/594769/fnatic-vs-team-liquid-vct-2026-emea-kickoff-lbf
FNC,Abyss,def,TL,0,1,10,elim,2026-02-15 12:00:00,2,VCT 2026: EMEA Kickoff,https://www.vlr.gg/594769/fnatic-vs-team-liquid-vct-2026-emea-kickoff-lbf
FNC,Abyss,def,TL,1,0,11,defus,2026-02-15 12:00:00,2,VCT 2026: EMEA Kickoff,https://www.vlr.gg/594769/fnatic-vs-team-liquid-vct-2026-emea-kickoff-lbf
FNC,Abyss,def,TL,0,1,12,elim,2026-02-15 12:00:00,2,VCT 2026: EMEA Kickoff,https://www.vlr.gg/594769/fnatic-vs-team-liquid-vct-2026-emea-kickoff-lbf
FNC,Abyss,def,TL,0,1,25,elim,2026-02-15 12:00:00,2,VCT 2026: EMEA Kickoff,https://www.vlr.gg/594769/fnatic-vs-team-liquid-vct-2026-emea-kickoff-lbf
FNC,Abyss,def,TL,0,1,27,elim,2026-02-15 12:00:00,2,VCT 2026: EMEA Kickoff,https://www.vlr.gg/594769/fnatic-vs-team-liquid-vct-2026-emea-kickoff-lbf
FNC,Abyss,def,TL,1,0,29,defus,2026-02-15 12:00:00,2,VCT 2026: EMEA Kickoff,https://www.vlr.gg/594769/fnatic-vs-team-liquid-vct-2026-emea-kickoff-lbf
FNC,Abyss,def,TL,1,0,31,elim,2026-02-15 12:00:00,2,VCT 2026: EMEA Kickoff,https://www.vlr.gg/594769/fnatic-vs-team-liquid-vct-2026-emea-kickoff-lbf
FNC,Abyss,def,TL,0,1,33,elim,2026-02-15 12:00:00,2,VCT 2026: EMEA Kickoff,https://www.vlr.gg/594769/fnatic-vs-team-liquid-vct-2026-emea-kickoff-lbf
