teamA,map,side,teamB,rndA,rndB,round,winCon,date,map_order,event,source_url
GEN,Bind,atk,GE,0,1,13,elim,2026-04-03 04:00:00,0,VCT 2026: Pacific Stage 1,https://www.vlr.gg/644652/gen-g-vs-global-esports-vct-2026-pacific-stage-1-w1
GEN,Bind,atk,GE,0,1,14,elim,2026-04-03 04:00:00,0,VCT 2026: Pacific Stage 1,https://www.vlr.gg/644652/gen-g-vs-global-esports-vct-2026-pacific-stage-1-w1
GEN,Bind,atk,GE,0,1,15,elim,2026-04-03 04:00:00,0,VCT 2026: Pacific Stage 1,https://www.vlr.gg/644652/gen-g-vs-global-esports-vct-2026-pacific-stage-1-w1
GEN,Bind,atk,GE,1,0,16,elim,2026-04-03 04:00:00,0,VCT 2026: Pacific Stage 1,https://www.vlr.gg/644652/gen-g-vs-global-esports-vct-2026-pacific-stage-1-w1
GEN,Bind,atk,GE,0,1,17,defus,2026-04-03 04:00:00,0,VCT 2026: Pacific Stage 1,https://www.vlr.gg/644652/gen-g-vs-global-esports-vct-2026-pacific-stage-1-w1
GEN,Bind,atk,GE,1,0,18,boom,2026-04-03 04:00:00,0,VCT 2026: Pacific Stage 1,https://www.vlr.gg/644652/gen-g-vs-global-esports-vct-2026-pacific-stage-1-w1
GEN,Bind,atk,GE,1,0,19,elim,2026-04-03 04:00:00,0,VCT 2026: Pacific Stage 1,https://www.vlr.gg/644652/gen-g-vs-global-esports-vct-2026-pacific-stage-1-w1
GEN,Bind,atk,GE,0,1,20,elim,2026-04-03 04:00:00,0,VCT 2026: Pacific Stage 1,https://www.vlr.gg/644652/gen-g-vs-global-esports-vct-2026-pacific-stage-1-w1
GEN,Bind,atk,GE,0,1,21,elim,2026-04-03 04:00:00,0,VCT 2026: Pacific Stage 1,https://www.vlr.gg/644652/gen-g-vs-global-esports-vct-2026-pacific-stage-1-w1
GEN,Bind,def,GE,1,0,1,elim,2026-04-03 04:00:00,0,VCT 2026: Pacific Stage 1,https://www.vlr.gg/644652/gen-g-vs-global-esports-vct-2026-pacific-stage-1-w1
GEN,Bind,def,GE,1,0,2,defus,2026-04-03 04:00:00,0,VCT 2026: Pacific Stage 1,https://www.vlr.gg/644652/gen-g-vs-global-esports-vct-2026-pacific-stage-1-w1
GEN,Bind,def,GE,0,1,3,elim,2026-04-03 04:00:00,0,VCT 2026: Pacific Stage 1,https://www.vlr.gg/644652/gen-g-vs-global-esports-vct-2026-pacific-stage-1-w1
GEN,Bind,def,GE,0,1,4,boom,2026-04-03 04:00:00,0,VCT 2026: Pacific Stage 1,https://www.vlr.gg/644652/gen-g-vs-global-esports-vct-2026-pacific-stage-1-w1
GEN,Bind,def,GE,0,1,5,elim,2026-04-03 04:00:00,0,VCT 2026: Pacific Stage 1,https://www.vlr.gg/644652/gen-g-vs-global-esports-vct-2026-pacific-stage-1-w1
GEN,Bind,def,GE,0,1,6,boom,2026-04-03 04:00:00,0,VCT 2026: Pacific Stage 1,https://www.vlr.gg/644652/gen-g-vs-global-esports-vct-2026-pacific-stage-1-w1
GEN,Bind,def,GE,0,1,7,elim,2026-04-03 04:00:00,0,VCT 2026: Pacific Stage 1,https://www.vlr.gg/644652/gen-g-vs-global-esports-vct-2026-pacific-stage-1-w1
GEN,Bind,def,GE,1,0,8,elim,2026-04-03 04:00:00,0,VCT 2026: Pacific Stage 1,https://www.vlr.gg/644652/gen-g-vs-global-esports-vct-2026-pacific-stage-1-w1
GEN,Bind,def,GE,1,0,9,defus,2026-04-03 04:00:00,0,VCT 2026: Pacific Stage 1,https://www.vlr.gg/644652/gen-g-vs-global-esports-vct-2026-pacific-stage-1-w1
GEN,Bind,def,GE,0,1,10,boom,2026-04-03 04:00:00,0,VCT 2026: Pacific Stage 1,https://www.vlr.gg/644652/gen-g-vs-global-esports-vct-2026-pacific-stage-1-w1
GEN,Bind,def,GE,1,0,11,elim,2026-04-03 04:00:00,0,VCT 2026: Pacific Stage 1,https://www.vlr.gg/644652/gen-g-vs-global-esports-vct-2026-pacific-stage-1-w1
GEN,Bind,def,GE,0,1,12,elim,2026-04-03 04:00:00,0,VCT 2026: Pacific Stage 1,https://www.vlr.gg/644652/gen-g-vs-global-esports-vct-2026-pacific-stage-1-w1
GEN,Split,atk,GE,0,1,1,defus,2026-04-03 04:00:00,1,VCT 2026: Pacific Stage 1,https://www.vlr.gg/644652/gen-g-vs-global-esports-vct-2026-pacific-stage-1-w1
GEN,Split,atk,GE,0,1,2,elim,2026-04-03 04:00:00,1,VCT 2026: Pacific Stage 1,https://www.vlr.gg/644652/gen-g-vs-global-esports-vct-2026-pacific-stage-1-w1
GEN,Split,atk,GE,1,0,3,elim,2026-04-03 04:00:00,1,VCT 2026: Pacific Stage 1,https://www.vlr.gg/644652/gen-g-vs-global-esports-vct-2026-pacific-stage-1-w1
GEN,Split,atk,GE,0,1,4,elim,2026-04-03 04:00:00,1,VCT 2026: Pacific Stage 1,https://www.vlr.gg/644652/gen-g-vs-global-esports-vct-2026-pacific-stage-1-w1
GEN,Split,atk,GE,0,1,5,elim,2026-04-03 04:00:00,1,VCT 2026: Pacific Stage 1,https://www.vlr.gg/644652/gen-g-vs-global-esports-vct-2026-pacific-stage-1-w1
GEN,Split,atk,GE,1,0,6,elim,2026-04-03 04:00:00,1,VCT 2026: Pacific Stage 1,https://www.vlr.gg/644652/gen-g-vs-global-esports-vct-2026-pacific-stage-1-w1
GEN,Split,atk,GE,0,1,7,defus,2026-04-03 04:00:00,1,VCT 2026: Pacific Stage 1,https://www.vlr.gg/644652/gen-g-vs-global-esports-vct-2026-pacific-stage-1-w1
GEN,Split,atk,GE,0,1,8,elim,2026-04-03 04:00:00,1,VCT 2026: Pacific Stage 1,https://www.vlr.gg/644652/gen-g-vs-global-esports-vct-2026-pacific-stage-1-w1
GEN,Split,atk,GE,0,1,9,elim,2026-04-03 04:00:00,1,VCT 2026: Pacific Stage 1,https://www.vlr.gg/644652/gen-g-vs-global-esports-vct-2026-pacific-stage-1-w1
GEN,Split,atk,GE,0,1,10,defus,2026-04-03 04:00:00,1,VCT 2026: Pacific Stage 1,https://www.vlr.gg/644652/gen-g-vs-global-esports-vct-2026-pacific-stage-1-w1
GEN,Split,atk,GE,0,1,11,elim,2026-04-03 04:00:00,1,VCT 2026: Pacific Stage 1,https://www.vlr.gg/644652/gen-g-vs-global-esports-vct-2026-pacific-stage-1-w1
GEN,Split,atk,GE,0,1,12,defus,2026-04-03 04:00:00,1,VCT 2026: Pacific Stage 1,https://www.vlr.gg/644652/gen-g-vs-global-esports-vct-2026-pacific-stage-1-w1
GEN,Split,def,GE,0,1,13,elim,2026-04-03 04:00:00,1,VCT 2026: Pacific Stage 1,https://www.vlr.gg/644652/gen-g-vs-global-esports-vct-2026-pacific-stage-1-w1
GEN,Split,def,GE,1,0,14,elim,2026-04-03 04:00:00,1,VCT 2026: Pacific Stage 1,https://www.vlr.gg/644652/gen-g-vs-global-esports-vct-2026-pacific-stage-1-w1
GEN,Split,def,GE,0,1,15,elim,2026-04-03 04:00:00,1,VCT 2026: Pacific Stage 1,https://www.vlr.gg/644652/gen-g-vs-global-esports-vct-2026-pacific-stage-1-w1
GEN,Split,def,GE,1,0,16,elim,2026-04-03 04:00:00,1,VCT 2026: Pacific Stage 1,https://www.vlr.gg/644652/gen-g-vs-global-esports-vct-2026-pacific-stage-1-w1
GEN,Split,def,GE,0,1,17,elim,2026-04-03 04:00:00,1,VCT 2026: Pacific Stage 1,https://www.vlr.gg/644652/gen-g-vs-global-esports-vct-2026-pacific-stage-1-w1
T1,Haven,atk,VL,0,1,13,elim,2026-04-03 06:15:00,0,VCT 2026: Pacific Stage 1,https://www.vlr.gg/644653/t1-vs-varrel-vct-2026-pacific-stage-1-w1
T1,Haven,atk,VL,1,0,14,elim,2026-04-03 06:15:00,0,VCT 2026: Pacific Stage 1,https://www.vlr.gg/644653/t1-vs-varrel-vct-2026-pacific-stage-1-w1
T1,Haven,atk,VL,1,0,15,elim,2026-04-03 06:15:00,0,VCT 2026: Pacific Stage 1,https://www.vlr.gg/644653/t1-vs-varrel-vct-2026-pacific-stage-1-w1
T1,Haven,atk,VL,1,0,16,boom,2026-04-03 06:15:00,0,VCT 2026: Pacific Stage 1,https://www.vlr.gg/644653/t1-vs-varrel-vct-2026-pacific-stage-1-w1
T1,Haven,atk,VL,1,0,17,boom,2026-04-03 06:15:00,0,VCT 2026: Pacific Stage 1,https://www.vlr.gg/644653/t1-vs-varrel-vct-2026-pacific-stage-1-w1
T1,Haven,atk,VL,1,0,18,boom,2026-04-03 06:15:00,0,VCT 2026: Pacific Stage 1,https://www.vlr.gg/644653/t1-vs-varrel-vct-2026-pacific-stage-1-w1
T1,Haven,atk,VL,0,1,19,tim,2026-04-03 06:15:00,0,VCT 2026: Pacific Stage 1,https://www.vlr.gg/644653/t1-vs-varrel-vct-2026-pacific-stage-1-w1
T1,Haven,atk,VL,0,1,20,elim,2026-04-03 06:15:00,0,VCT 2026: Pacific Stage 1,https://www.vlr.gg/644653/t1-vs-varrel-vct-2026-pacific-stage-1-w1
T1,Haven,atk,VL,1,0,21,elim,2026-04-03 06:15:00,0,VCT 2026: Pacific Stage 1,https://www.vlr.gg/644653/t1-vs-varrel-vct-2026-pacific-stage-1-w1
T1,Haven,atk,VL,1,0,22,elim,2026-04-03 06:15:00,0,VCT 2026: Pacific Stage 1,https://www.vlr.gg/644653/t1-vs-varrel-vct-2026-pacific-stage-1-w1
T1,Haven,atk,VL,1,0,23,elim,2026-04-03 06:15:00,0,VCT 2026: Pacific Stage 1,https://www.vlr.gg/644653/t1-vs-varrel-vct-2026-pacific-stage-1-w1
T1,Haven,atk,VL,1,0,24,elim,2026-04-03 06:15:00,0,VCT 2026: Pacific Stage 1,https://www.vlr.gg/644653/t1-vs-varrel-vct-2026-pacific-stage-1-w1
T1,Haven,def,VL,0,1,1,elim,2026-04-03 06:15:00,0,VCT 2026: Pacific Stage 1,https://www.vlr.gg/644653/t1-vs-varrel-vct-2026-pacific-stage-1-w1
T1,Haven,def,VL,0,1,2,elim,2026-04-03 06:15:00,0,VCT 2026: Pacific Stage 1,https://www.vlr.gg/644653/t1-vs-varrel-vct-2026-pacific-stage-1-w1
T1,Haven,def,VL,0,1,3,elim,2026-04-03 06:15:00,0,VCT 2026: Pacific Stage 1,https://www.vlr.gg/644653/t1-vs-varrel-vct-2026-pacific-stage-1-w1
T1,Haven,def,VL,0,1,4,elim,2026-04-03 06:15:00,0,VCT 2026: Pacific Stage 1,https://www.vlr.gg/644653/t1-vs-varrel-vct-2026-pacific-stage-1-w1
T1,Haven,def,VL,1,0,5,elim,2026-04-03 06:15:00,0,VCT 2026: Pacific Stage 1,https://www.vlr.gg/644653/t1-vs-varrel-vct-2026-pacific-stage-1-w1
T1,Haven,def,VL,1,0,6,elim,2026-04-03 06:15:00,0,VCT 2026: Pacific Stage 1,https://www.vlr.gg/644653/t1-vs-varrel-vct-2026-pacific-stage-1-w1
T1,Haven,def,VL,1,0,7,defus,2026-04-03 06:15:00,0,VCT 2026: Pacific Stage 1,https://www.vlr.gg/644653/t1-vs-varrel-vct-2026-pacific-stage-1-w1
T1,Haven,def,VL,0,1,8,elim,2026-04-03 06:15:00,0,VCT 2026: Pacific Stage 1,https://www.vlr.gg/644653/t1-vs-varrel-vct-2026-pacific-stage-1-w1
T1,Haven,def,VL,0,1,9,boom,2026-04-03 06:15:00,0,VCT 2026: Pacific Stage 1,https://www.vlr.gg/644653/t1-vs-varrel-vct-2026-pacific-stage-1-w1
T1,Haven,def,VL,0,1,10,elim,2026-04-03 06:15:00,0,VCT 2026: Pacific Stage 1,https://www.vlr.gg/644653/t1-vs-varrel-vct-2026-pacific-stage-1-w1
T1,Haven,def,VL,0,1,11,elim,2026-04-03 06:15:00,0,VCT 2026: Pacific Stage 1,https://www.vlr.gg/644653/t1-vs-varrel-vct-2026-pacific-stage-1-w1
T1,Haven,def,VL,1,0,12,elim,2026-04-03 06:15:00,0,VCT 2026: Pacific Stage 1,https://www.vlr.gg/644653/t1-vs-varrel-vct-2026-pacific-stage-1-w1
T1,Pearl,atk,VL,1,0,1,elim,2026-04-03 06:15:00,1,VCT 2026: Pacific Stage 1,https://www.vlr.gg/644653/t1-vs-varrel-vct-2026-pacific-stage-1-w1
T1,Pearl,atk,VL,1,0,2,elim,2026-04-03 06:15:00,1,VCT 2026: Pacific Stage 1,https://www.vlr.gg/644653/t1-vs-varrel-vct-2026-pacific-stage-1-w1
T1,Pearl,atk,VL,0,1,3,defus,2026-04-03 06:15:00,1,VCT 2026: Pacific Stage 1,https://www.vlr.gg/644653/t1-vs-varrel-vct-2026-pacific-stage-1-w1
T1,Pearl,atk,VL,0,1,4,elim,2026-04-03 06:15:00,1,VCT 2026: Pacific Stage 1,https://www.vlr.gg/644653/t1-vs-varrel-vct-2026-pacific-stage-1-w1
T1,Pearl,atk,VL,1,0,5,elim,2026-04-03 06:15:00,1,VCT 2026: Pacific Stage 1,https://www.vlr.gg/644653/t1-vs-varrel-vct-2026-pacific-stage-1-w1
T1,Pearl,atk,VL,1,0,6,elim,2026-04-03 06:15:00,1,VCT 2026: Pacific Stage 1,https://www.vlr.gg/644653/t1-vs-varrel-vct-2026-pacific-stage-1-w1
T1,Pearl,atk,VL,0,1,7,tim,2026-04-03 06:15:00,1,VCT 2026: Pacific Stage 1,https://www.vlr.gg/644653/t1-vs-varrel-vct-2026-pacific-stage-1-w1
T1,Pearl,atk,VL,1,0,8,elim,2026-04-03 06:15:00,1,VCT 2026: Pacific Stage 1,https://www.vlr.gg/644653/t1-vs-varrel-vct-2026-pacific-stage-1-w1
T1,Pearl,atk,VL,1,0,9,elim,2026-04-03 06:15:00,1,VCT 2026: Pacific Stage 1,https://www.vlr.gg/644653/t1-vs-varrel-vct-2026-pacific-stage-1-w1
T1,Pearl,atk,VL,1,0,10,elim,2026-04-03 06:15:00,1,VCT 2026: Pacific Stage 1,https://www.vlr.gg/644653/t1-vs-varrel-vct-2026-pacific-stage-1-w1
T1,Pearl,atk,VL,0,1,11,tim,2026-04-03 06:15:00,1,VCT 2026: Pacific Stage 1,https://www.vlr.gg/644653/t1-vs-varrel-vct-2026-pacific-stage-1-w1
T1,Pearl,atk,VL,1,0,12,elim,2026-04-03 06:15:00,1,VCT 2026: Pacific Stage 1,https://www.vlr.gg/644653/t1-vs-varrel-vct-2026-pacific-stage-1-w1
T1,Pearl,def,VL,1,0,13,defus,2026-04-03 06:15:00,1,VCT 2026: Pacific Stage 1,https://www.vlr.gg/644653/t1-vs-varrel-vct-2026-pacific-stage-1-w1
T1,Pearl,def,VL,1,0,14,defus,2026-04-03 06:15:00,1,VCT 2026: Pacific Stage 1,https://www.vlr.gg/644653/t1-vs-varrel-vct-2026-pacific-stage-1-w1
T1,Pearl,def,VL,1,0,15,defus,2026-04-03 06:15:00,1,VCT 2026: Pacific Stage 1,https://www.vlr.gg/644653/t1-vs-varrel-vct-2026-pacific-stage-1-w1
T1,Pearl,def,VL,1,0,16,elim,2026-04-03 06:15:00,1,VCT 2026: Pacific Stage 1,https://www.vlr.gg/644653/t1-vs-varrel-vct-2026-pacific-stage-1-w1
T1,Pearl,def,VL,1,0,17,elim,2026-04-03 06:15:00,1,VCT 2026: Pacific Stage 1,https://www.vlr.gg/644653/t1-vs-varrel-vct-2026-pacific-stage-1-w1
NS,Fracture,atk,PRX,0,1,13,elim,2026-04-04 04:00:00,0,VCT 2026: Pacific Stage 1,https://www.vlr.gg/644654/nongshim-redforce-vs-paper-rex-vct-2026-pacific-stage-1-w1
NS,Fracture,atk,PRX,0,1,14,elim,2026-04-04 04:00:00,0,VCT 2026: Pacific Stage 1,https://www.vlr.gg/644654/nongshim-redforce-vs-paper-rex-vct-2026-pacific-stage-1-w1
NS,Fracture,atk,PRX,1,0,15,boom,2026-04-04 04:00:00,0,VCT 2026: Pacific Stage 1,https://www.vlr.gg/644654/nongshim-redforce-vs-paper-rex-vct-2026-pacific-stage-1-w1
NS,Fracture,atk,PRX,0,1,16,elim,2026-04-04 04:00:00,0,VCT 2026: Pacific Stage 1,https://www.vlr.gg/644654/nongshim-redforce-vs-paper-rex-vct-2026-pacific-stage-1-w1
NS,Fracture,atk,PRX,0,1,17,defus,2026-04-04 04:00:00,0,VCT 2026: Pacific Stage 1,https://www.vlr.gg/644654/nongshim-redforce-vs-paper-rex-vct-2026-pacific-stage-1-w1
NS,Fracture,atk,PRX,0,1,18,defus,2026-04-04 04:00:00,0,VCT 2026: Pacific Stage 1,https://www.vlr.gg/644654/nongshim-redforce-vs-paper-rex-vct-2026-pacific-stage-1-w1
NS,Fracture,atk,PRX,0,1,19,defus,2026-04-04 04:00:00,0,VCT 2026: Pacific Stage 1,https://www.vlr.gg/644654/nongshim-redforce-vs-paper-rex-vct-2026-pacific-stage-1-w1
NS,Fracture,atk,PRX,1,0,20,elim,2026-04-04 04:00:00,0,VCT 2026: Pacific Stage 1,https://www.vlr.gg/644654/nongshim-redforce-vs-paper-rex-vct-2026-pacific-stage-1-w1
NS,Fracture,atk,PRX,0,1,21,defus,2026-04-04 04:00:00,0,VCT 2026: Pacific Stage 1,https://www.vlr.gg/644654/nongshim-redforce-vs-paper-rex-vct-2026-pacific-stage-1-w1
NS,Fracture,atk,PRX,0,1,22,defus,2026-04-04 04:00:00,0,VCT 2026: Pacific Stage 1,https://www.vlr.gg/644654/nongshim-redforce-vs-paper-rex-vct-2026-pacific-stage-1-w1
NS,Fracture,atk,PRX,1,0,23,elim,2026-04-04 04:00:00,0,VCT 2026: Pacific Stage 1,https://www.vlr.gg/644654/nongshim-redforce-vs-paper-rex-vct-2026-pacific-stage-1-w1
NS,Fracture,atk,PRX,1,0,24,elim,2026-04-04 04:00:00,0,VCT 2026: Pacific Stage 1,https://www.vlr.gg/644654/nongshim-redforce-vs-paper-rex-vct-2026-pacific-stage-1-w1
NS,Fracture,atk,PRX,1,0,26,elim,2026-04-04 04:00:00,0,VCT 2026: Pacific Stage 1,https://www.vlr.gg/644654/nongshim-redforce-vs-paper-rex-vct-2026-pacific-stage-1-w1
NS,Fracture,atk,PRX,1,0,28,boom,2026-04-04 04:00:00,0,VCT 2026: Pacific Stage 1,https://www.vlr.gg/644654/nongshim-redforce-vs-paper-rex-vct-2026-pacific-stage-1-w1
NS,Fracture,def,PRX,1,0,1,elim,2026-04-04 04:00:00,0,VCT 2026: Pacific Stage 1,https://www.vlr.gg/644654/nongshim-redforce-vs-paper-rex-vct-2026-pacific-stage-1-w1
NS,Fracture,def,PRX,1,0,2,defus,2026-04-04 04:00:00,0,VCT 2026: Pacific Stage 1,https://www.vlr.gg/644654/nongshim-redforce-vs-paper-rex-vct-2026-pacific-stage-1-w1
NS,Fracture,def,PRX,0,1,3,elim,2026-04-04 04:00:00,0,VCT 2026: Pacific Stage 1,https://www.vlr.gg/644654/nongshim-redforce-vs-paper-rex-vct-2026-pacific-stage-1-w1
NS,Fracture,def,PRX,1,0,4,defus,2026-04-04 04:00:00,0,VCT 2026: Pacific Stage 1,https://www.vlr.gg/644654/nongshim-redforce-vs-paper-rex-vct-2026-pacific-stage-1-w1
NS,Fracture,def,PRX,0,1,5,boom,2026-04-04 04:00:00,0,VCT 2026: Pacific Stage 1,https://www.vlr.gg/644654/nongshim-redforce-vs-paper-rex-vct-2026-pacific-stage-1-w1
NS,Fracture,def,PRX,1,0,6,defus,2026-04-04 04:00:00,0,VCT 2026: Pacific Stage 1,https://www.vlr.gg/644654/nongshim-redforce-vs-paper-rex-vct-2026-pacific-stage-1-w1
NS,Fracture,def,PRX,1,0,7,elim,2026-04-04 04:00:00,0,VCT 2026: Pacific Stage 1,https://www.vlr.gg/644654/nongshim-redforce-vs-paper-rex-vct-2026-pacific-stage-1-w1
NS,Fracture,def,PRX,1,0,8,elim,2026-04-04 04:00:00,0,VCT 2026: Pacific Stage 1,https://www.vlr.gg/644654/nongshim-redforce-vs-paper-rex-vct-2026-pacific-stage-1-w1
NS,Fracture,def,PRX,1,0,9,elim,2026-04-04 04:00:00,0,VCT 2026: Pacific Stage 1,https://www.vlr.gg/644654/nongshim-redforce-vs-paper-rex-vct-2026-pacific-stage-1-w1
NS,Fracture,def,PRX,1,0,10,tim,2026-04-04 04:00:00,0,VCT 2026: Pacific Stage 1,https://www.vlr.gg/644654/nongshim-redforce-vs-paper-rex-vct-2026-pacific-stage-1-w1
NS,Fracture,def,PRX,0,1,11,elim,2026-04-04 04:00:00,0,VCT 2026: Pacific Stage 1,https://www.vlr.gg/644654/nongshim-redforce-vs-paper-rex-vct-2026-pacific-stage-1-w1
NS,Fracture,def,PRX,0,1,12,elim,2026-04-04 04:00:00,0,VCT 2026: Pacific Stage 1,https://www.vlr.gg/644654/nongshim-redforce-vs-paper-rex-vct-2026-pacific-stage-1-w1
NS,Fracture,def,PRX,0,1,25,elim,2026-04-04 04:00:00,0,VCT 2026: Pacific Stage 1,https://www.vlr.gg/644654/nongshim-redforce-vs-paper-rex-vct-2026-pacific-stage-1-w1
NS,Fracture,def,PRX,1,0,27,elim,2026-04-04 04:00:00,0,VCT 2026: Pacific Stage 1,https://www.vlr.gg/644654/nongshim-redforce-vs-paper-rex-vct-2026-pacific-stage-1-w1
NS,Split,atk,PRX,1,0,1,elim,2026-04-04 04:00:00,1,VCT 2026: Pacific Stage 1,https://www.vlr.gg/644654/nongshim-redforce-vs-paper-rex-vct-2026-pacific-stage-1-w1
NS,Split,atk,PRX,1,0,2,elim,2026-04-04 04:00:00,1,VCT 2026: Pacific Stage 1,https://www.vlr.gg/644654/nongshim-redforce-vs-paper-rex-vct-2026-pacific-stage-1-w1
NS,Split,atk,PRX,0,1,3,elim,2026-04-04 04:00:00,1,VCT 2026: Pacific Stage 1,https://www.vlr.gg/644654/nongshim-redforce-vs-paper-rex-vct-2026-pacific-stage-1-w1
NS,Split,atk,PRX,0,1,4,elim,2026-04-04 04:00:00,1,VCT 2026: Pacific Stage 1,https://www.vlr.gg/644654/nongshim-redforce-vs-paper-rex-vct-2026-pacific-stage-1-w1
NS,Split,atk,PRX,0,1,5,elim,2026-04-04 04:00:00,1,VCT 2026: Pacific Stage 1,https://www.vlr.gg/644654/nongshim-redforce-vs-paper-rex-vct-2026-pacific-stage-1-w1
NS,Split,atk,PRX,1,0,6,elim,2026-04-04 04:00:00,1,VCT 2026: Pacific Stage 1,https://www.vlr.gg/644654/nongshim-redforce-vs-paper-rex-vct-2026-pacific-stage-1-w1
NS,Split,atk,PRX,1,0,7,elim,2026-04-04 04:00:00,1,VCT 2026: Pacific Stage 1,https://www.vlr.gg/644654/nongshim-redforce-vs-paper-rex-vct-2026-pacific-stage-1-w1
NS,Split,atk,PRX,1,0,8,elim,2026-04-04 04:00:00,1,VCT 2026: Pacific Stage 1,https://www.vlr.gg/644654/nongshim-redforce-vs-paper-rex-vct-2026-pacific-stage-1-w1
NS,Split,atk,PRX,0,1,9,elim,2026-04-04 04:00:00,1,VCT 2026: Pacific Stage 1,https://www.vlr.gg/644654/nongshim-redforce-vs-paper-rex-vct-2026-pacific-stage-1-w1
NS,Split,atk,PRX,0,1,10,tim,2026-04-04 04:00:00,1,VCT 2026: Pacific Stage 1,https://www.vlr.gg/644654/nongshim-redforce-vs-paper-rex-vct-2026-pacific-stage-1-w1
NS,Split,atk,PRX,0,1,11,defus,2026-04-04 04:00:00,1,VCT 2026: Pacific Stage 1,https://www.vlr.gg/644654/nongshim-redforce-vs-paper-rex-vct-2026-pacific-stage-1-w1
NS,Split,atk,PRX,1,0,12,elim,2026-04-04 04:00:00,1,VCT 2026: Pacific Stage 1,https://www.vlr.gg/644654/nongshim-redforce-vs-paper-rex-vct-2026-pacific-stage-1-w1
NS,Split,def,PRX,1,0,13,defus,2026-04-04 04:00:00,1,VCT 2026: Pacific Stage 1,https://www.vlr.gg/644654/nongshim-redforce-vs-paper-rex-vct-2026-pacific-stage-1-w1
NS,Split,def,PRX,1,0,14,elim,2026-04-04 04:00:00,1,VCT 2026: Pacific Stage 1,https://www.vlr.gg/644654/nongshim-redforce-vs-paper-rex-vct-2026-pacific-stage-1-w1
NS,Split,def,PRX,0,1,15,elim,2026-04-04 04:00:00,1,VCT 2026: Pacific Stage 1,https://www.vlr.gg/644654/nongshim-redforce-vs-paper-rex-vct-2026-pacific-stage-1-w1
NS,Split,def,PRX,0,1,16,elim,2026-04-04 04:00:00,1,VCT 2026: Pacific Stage 1,https://www.vlr.gg/644654/nongshim-redforce-vs-paper-rex-vct-2026-pacific-stage-1-w1
NS,Split,def,PRX,0,1,17,elim,2026-04-04 04:00:00,1,VCT 2026: Pacific Stage 1,https://www.vlr.gg/644654/nongshim-redforce-vs-paper-rex-vct-2026-pacific-stage-1-w1
NS,Split,def,PRX,1,0,18,elim,2026-04-04 04:00:00,1,VCT 2026: Pacific Stage 1,https://www.vlr.gg/644654/nongshim-redforce-vs-paper-rex-vct-2026-pacific-stage-1-w1
NS,Split,def,PRX,0,1,19,elim,2026-04-04 04:00:00,1,VCT 2026: Pacific Stage 1,https://www.vlr.gg/644654/nongshim-redforce-vs-paper-rex-vct-2026-pacific-stage-1-w1
NS,Split,def,PRX,0,1,20,elim,2026-04-04 04:00:00,1,VCT 2026: Pacific Stage 1,https://www.vlr.gg/644654/nongshim-redforce-vs-paper-rex-vct-2026-pacific-stage-1-w1
NS,Split,def,PRX,0,1,21,elim,2026-04-04 04:00:00,1,VCT 2026: Pacific Stage 1,https://www.vlr.gg/644654/nongshim-redforce-vs-paper-rex-vct-2026-pacific-stage-1-w1
NS,Split,def,PRX,1,0,22,elim,2026-04-04 04:00:00,1,VCT 2026: Pacific Stage 1,https://www.vlr.gg/644654/nongshim-redforce-vs-paper-rex-vct-2026-pacific-stage-1-w1
NS,Split,def,PRX,0,1,23,elim,2026-04-04 04:00:00,1,VCT 2026: Pacific Stage 1,https://www.vlr.gg/644654/nongshim-redforce-vs-paper-rex-vct-2026-pacific-stage-1-w1
NS,Lotus,atk,PRX,0,1,1,elim,2026-04-04 04:00:00,2,VCT 2026: Pacific Stage 1,https://www.vlr.gg/644654/nongshim-redforce-vs-paper-rex-vct-2026-pacific-stage-1-w1
NS,Lotus,atk,PRX,1,0,2,boom,2026-04-04 04:00:00,2,VCT 2026: Pacific Stage 1,https://www.vlr.gg/644654/nongshim-redforce-vs-paper-rex-vct-2026-pacific-stage-1-w1
NS,Lotus,atk,PRX,0,1,3,elim,2026-04-04 04:00:00,2,VCT 2026: Pacific Stage 1,https://www.vlr.gg/644654/nongshim-redforce-vs-paper-rex-vct-2026-pacific-stage-1-w1
NS,Lotus,atk,PRX,0,1,4,elim,2026-04-04 04:00:00,2,VCT 2026: Pacific Stage 1,https://www.vlr.gg/644654/nongshim-redforce-vs-paper-rex-vct-2026-pacific-stage-1-w1
NS,Lotus,atk,PRX,1,0,5,boom,2026-04-04 04:00:00,2,VCT 2026: Pacific Stage 1,https://www.vlr.gg/644654/nongshim-redforce-vs-paper-rex-vct-2026-pacific-stage-1-w1
NS,Lotus,atk,PRX,1,0,6,elim,2026-04-04 04:00:00,2,VCT 2026: Pacific Stage 1,https://www.vlr.gg/644654/nongshim-redforce-vs-paper-rex-vct-2026-pacific-stage-1-w1
NS,Lotus,atk,PRX,1,0,7,elim,2026-04-04 04:00:00,2,VCT 2026: Pacific Stage 1,https://www.vlr.gg/644654/nongshim-redforce-vs-paper-rex-vct-2026-pacific-stage-1-w1
NS,Lotus,atk,PRX,0,1,8,elim,2026-04-04 04:00:00,2,VCT 2026: Pacific Stage 1,https://www.vlr.gg/644654/nongshim-redforce-vs-paper-rex-vct-2026-pacific-stage-1-w1
NS,Lotus,atk,PRX,0,1,9,elim,2026-04-04 04:00:00,2,VCT 2026: Pacific Stage 1,https://www.vlr.gg/644654/nongshim-redforce-vs-paper-rex-vct-2026-pacific-stage-1-w1
NS,Lotus,atk,PRX,0,1,10,elim,2026-04-04 04:00:00,2,VCT 2026: Pacific Stage 1,https://www.vlr.gg/644654/nongshim-redforce-vs-paper-rex-vct-2026-pacific-stage-1-w1
NS,Lotus,atk,PRX,1,0,11,elim,2026-04-04 04:00:00,2,VCT 2026: Pacific Stage 1,https://www.vlr.gg/644654/nongshim-redforce-vs-paper-rex-vct-2026-pacific-stage-1-w1
NS,Lotus,atk,PRX,1,0,12,elim,2026-04-04 04:00:00,2,VCT 2026: Pacific Stage 1,https://www.vlr.gg/644654/nongshim-redforce-vs-paper-rex-vct-2026-pacific-stage-1-w1
NS,Lotus,def,PRX,0,1,13,elim,2026-04-04 04:00:00,2,VCT 2026: Pacific Stage 1,https://www.vlr.gg/644654/nongshim-redforce-vs-paper-rex-vct-2026-pacific-stage-1-w1
NS,Lotus,def,PRX,0,1,14,boom,2026-04-04 04:00:00,2,VCT 2026: Pacific Stage 1,https://www.vlr.gg/644654/nongshim-redforce-vs-paper-rex-vct-2026-pacific-stage-1-w1
NS,Lotus,def,PRX,0,1,15,elim,2026-04-04 04:00:00,2,VCT 2026: Pacific Stage 1,https://www.vlr.gg/644654/nongshim-redforce-vs-paper-rex-vct-2026-pacific-stage-1-w1
NS,Lotus,def,PRX,0,1,16,elim,2026-04-04 04:00:00,2,VCT 2026: Pacific Stage 1,https://www.vlr.gg/644654/nongshim-redforce-vs-paper-rex-vct-2026-pacific-stage-1-w1
NS,Lotus,def,PRX,0,1,17,elim,2026-04-04 04:00:00,2,VCT 2026: Pacific Stage 1,https://www.vlr.gg/644654/nongshim-redforce-vs-paper-rex-vct-2026-pacific-stage-1-w1
NS,Lotus,def,PRX,0,1,18,elim,2026-04-04 04:00:00,2,VCT 2026: Pacific Stage 1,https://www.vlr.gg/644654/nongshim-redforce-vs-paper-rex-vct-2026-pacific-stage-1-w1
NS,Lotus,def,PRX,0,1,19,elim,2026-04-04 04:00:00,2,VCT 2026: Pacific Stage 1,https://www.vlr.gg/644654/nongshim-redforce-vs-paper-rex-vct-2026-pacific-stage-1-w1
FS,Pearl,atk,DFM,0,1,1,elim,2026-04-04 07:10:00,0,VCT 2026: Pacific Stage 1,https://www.vlr.gg/644655/full-sense-vs-detonation-focusme-vct-2026-pacific-stage-1-w1
FS,Pearl,atk,DFM,0,1,2,defus,2026-04-04 07:10:00,0,VCT 2026: Pacific Stage 1,https://www.vlr.gg/644655/full-sense-vs-detonation-focusme-vct-2026-pacific-stage-1-w1
FS,Pearl,atk,DFM,1,0,3,elim,2026-04-04 07:10:00,0,VCT 2026: Pacific Stage 1,https://www.vlr.gg/644655/full-sense-vs-detonation-focusme-vct-2026-pacific-stage-1-w1
FS,Pearl,atk,DFM,1,0,4,elim,2026-04-04 07:10:00,0,VCT 2026: Pacific Stage 1,https://www.vlr.gg/644655/full-sense-vs-detonation-focusme-vct-2026-pacific-stage-1-w1
FS,Pearl,atk,DFM,1,0,5,boom,2026-04-04 07:10:00,0,VCT 2026: Pacific Stage 1,https://www.vlr.gg/644655/full-sense-vs-detonation-focusme-vct-2026-pacific-stage-1-w1
FS,Pearl,atk,DFM,0,1,6,defus,2026-04-04 07:10:00,0,VCT 2026: Pacific Stage 1,https://www.vlr.gg/644655/full-sense-vs-detonation-focusme-vct-2026-pacific-stage-1-w1
FS,Pearl,atk,DFM,1,0,7,elim,2026-04-04 07:10:00,0,VCT 2026: Pacific Stage 1,https://www.vlr.gg/644655/full-sense-vs-detonation-focusme-vct-2026-pacific-stage-1-w1
FS,Pearl,atk,DFM,1,0,8,elim,2026-04-04 07:10:00,0,VCT 2026: Pacific Stage 1,https://www.vlr.gg/644655/full-sense-vs-detonation-focusme-vct-2026-pacific-stage-1-w1
FS,Pearl,atk,DFM,1,0,9,elim,2026-04-04 07:10:00,0,VCT 2026: Pacific Stage 1,https://www.vlr.gg/644655/full-sense-vs-detonation-focusme-vct-2026-pacific-stage-1-w1
FS,Pearl,atk,DFM,1,0,10,elim,2026-04-04 07:10:00,0,VCT 2026: Pacific Stage 1,https://www.vlr.gg/644655/full-sense-vs-detonation-focusme-vct-2026-pacific-stage-1-w1
FS,Pearl,atk,DFM,1,0,11,elim,2026-04-04 07:10:00,0,VCT 2026: Pacific Stage 1,https://www.vlr.gg/644655/full-sense-vs-detonation-focusme-vct-2026-pacific-stage-1-w1
FS,Pearl,atk,DFM,1,0,12,boom,2026-04-04 07:10:00,0,VCT 2026: Pacific Stage 1,https://www.vlr.gg/644655/full-sense-vs-detonation-focusme-vct-2026-pacific-stage-1-w1
FS,Pearl,def,DFM,0,1,13,elim,2026-04-04 07:10:00,0,VCT 2026: Pacific Stage 1,https://www.vlr.gg/644655/full-sense-vs-detonation-focusme-vct-2026-pacific-stage-1-w1
FS,Pearl,def,DFM,0,1,14,elim,2026-04-04 07:10:00,0,VCT 2026: Pacific Stage 1,https://www.vlr.gg/644655/full-sense-vs-detonation-focusme-vct-2026-pacific-stage-1-w1
FS,Pearl,def,DFM,1,0,15,elim,2026-04-04 07:10:00,0,VCT 2026: Pacific Stage 1,https://www.vlr.gg/644655/full-sense-vs-detonation-focusme-vct-2026-pacific-stage-1-w1
FS,Pearl,def,DFM,0,1,16,elim,2026-04-04 07:10:00,0,VCT 2026: Pacific Stage 1,https://www.vlr.gg/644655/full-sense-vs-detonation-focusme-vct-2026-pacific-stage-1-w1
FS,Pearl,def,DFM,1,0,17,defus,2026-04-04 07:10:00,0,VCT 2026: Pacific Stage 1,https://www.vlr.gg/644655/full-sense-vs-detonation-focusme-vct-2026-pacific-stage-1-w1
FS,Pearl,def,DFM,1,0,18,defus,2026-04-04 07:10:00,0,VCT 2026: Pacific Stage 1,https://www.vlr.gg/644655/full-sense-vs-detonation-focusme-vct-2026-pacific-stage-1-w1
FS,Pearl,def,DFM,1,0,19,defus,2026-04-04 07:10:00,0,VCT 2026: Pacific Stage 1,https://www.vlr.gg/644655/full-sense-vs-detonation-focusme-vct-2026-pacific-stage-1-w1
FS,Bind,atk,DFM,1,0,1,elim,2026-04-04 07:10:00,1,VCT 2026: Pacific Stage 1,https://www.vlr.gg/644655/full-sense-vs-detonation-focusme-vct-2026-pacific-stage-1-w1
FS,Bind,atk,DFM,1,0,2,elim,2026-04-04 07:10:00,1,VCT 2026: Pacific Stage 1,https://www.vlr.gg/644655/full-sense-vs-detonation-focusme-vct-2026-pacific-stage-1-w1
FS,Bind,atk,DFM,1,0,3,elim,2026-04-04 07:10:00,1,VCT 2026: Pacific Stage 1,https://www.vlr.gg/644655/full-sense-vs-detonation-focusme-vct-2026-pacific-stage-1-w1
FS,Bind,atk,DFM,1,0,4,boom,2026-04-04 07:10:00,1,VCT 2026: Pacific Stage 1,https://www.vlr.gg/644655/full-sense-vs-detonation-focusme-vct-2026-pacific-stage-1-w1
FS,Bind,atk,DFM,0,1,5,defus,2026-04-04 07:10:00,1,VCT 2026: Pacific Stage 1,https://www.vlr.gg/644655/full-sense-vs-detonation-focusme-vct-2026-pacific-stage-1-w1
FS,Bind,atk,DFM,1,0,6,boom,2026-04-04 07:10:00,1,VCT 2026: Pacific Stage 1,https://www.vlr.gg/644655/full-sense-vs-detonation-focusme-vct-2026-pacific-stage-1-w1
FS,Bind,atk,DFM,1,0,7,elim,2026-04-04 07:10:00,1,VCT 2026: Pacific Stage 1,https://www.vlr.gg/644655/full-sense-vs-detonation-focusme-vct-2026-pacific-stage-1-w1
FS,Bind,atk,DFM,1,0,8,elim,2026-04-04 07:10:00,1,VCT 2026: Pacific Stage 1,https://www.vlr.gg/644655/full-sense-vs-detonation-focusme-vct-2026-pacific-stage-1-w1
FS,Bind,atk,DFM,1,0,9,elim,2026-04-04 07:10:00,1,VCT 2026: Pacific Stage 1,https://www.vlr.gg/644655/full-sense-vs-detonation-focusme-vct-2026-pacific-stage-1-w1
FS,Bind,atk,DFM,0,1,10,elim,2026-04-04 07:10:00,1,VCT 2026: Pacific Stage 1,https://www.vlr.gg/644655/full-sense-vs-detonation-focusme-vct-2026-pacific-stage-1-w1
FS,Bind,atk,DFM,1,0,11,elim,2026-04-04 07:10:00,1,VCT 2026: Pacific Stage 1,https://www.vlr.gg/644655/full-sense-vs-detonation-focusme-vct-2026-pacific-stage-1-w1
FS,Bind,atk,DFM,0,1,12,elim,2026-04-04 07:10:00,1,VCT 2026: Pacific Stage 1,https://www.vlr.gg/644655/full-sense-vs-detonation-focusme-vct-2026-pacific-stage-1-w1
FS,Bind,def,DFM,0,1,13,elim,2026-04-04 07:10:00,1,VCT 2026: Pacific Stage 1,https://www.vlr.gg/644655/full-sense-vs-detonation-focusme-vct-2026-pacific-stage-1-w1
FS,Bind,def,DFM,0,1,14,boom,2026-04-04 07:10:00,1,VCT 2026: Pacific Stage 1,https://www.vlr.gg/644655/full-sense-vs-detonation-focusme-vct-2026-pacific-stage-1-w1
FS,Bind,def,DFM,0,1,15,elim,2026-04-04 07:10:00,1,VCT 2026: Pacific Stage 1,https://www.vlr.gg/644655/full-sense-vs-detonation-focusme-vct-2026-pacific-stage-1-w1
FS,Bind,def,DFM,0,1,16,elim,2026-04-04 07:10:00,1,VCT 2026: Pacific Stage 1,https://www.vlr.gg/644655/full-sense-vs-detonation-focusme-vct-2026-pacific-stage-1-w1
FS,Bind,def,DFM,0,1,17,elim,2026-04-04 07:10:00,1,VCT 2026: Pacific Stage 1,https://www.vlr.gg/644655/full-sense-vs-detonation-focusme-vct-2026-pacific-stage-1-w1
FS,Bind,def,DFM,1,0,18,tim,2026-04-04 07:10:00,1,VCT 2026: Pacific Stage 1,https://www.vlr.gg/644655/full-sense-vs-detonation-focusme-vct-2026-pacific-stage-1-w1
FS,Bind,def,DFM,1,0,19,defus,2026-04-04 07:10:00,1,VCT 2026: Pacific Stage 1,https://www.vlr.gg/644655/full-sense-vs-detonation-focusme-vct-2026-pacific-stage-1-w1
FS,Bind,def,DFM,1,0,20,elim,2026-04-04 07:10:00,1,VCT 2026: Pacific Stage 1,https://www.vlr.gg/644655/full-sense-vs-detonation-focusme-vct-2026-pacific-stage-1-w1
FS,Bind,def,DFM,1,0,21,elim,2026-04-04 07:10:00,1,VCT 2026: Pacific Stage 1,https://www.vlr.gg/644655/full-sense-vs-detonation-focusme-vct-2026-pacific-stage-1-w1
TS,Pearl,atk,KRX,0,1,13,defus,2026-04-05 04:00:00,0,VCT 2026: Pacific Stage 1,https://www.vlr.gg/644656/team-secret-vs-drx-vct-2026-pacific-stage-1-w1
TS,Pearl,atk,KRX,0,1,14,elim,2026-04-05 04:00:00,0,VCT 2026: Pacific Stage 1,https://www.vlr.gg/644656/team-secret-vs-drx-vct-2026-pacific-stage-1-w1
TS,Pearl,atk,KRX,1,0,15,boom,2026-04-05 04:00:00,0,VCT 2026: Pacific Stage 1,https://www.vlr.gg/644656/team-secret-vs-drx-vct-2026-pacific-stage-1-w1
TS,Pearl,atk,KRX,0,1,16,elim,2026-04-05 04:00:00,0,VCT 2026: Pacific Stage 1,https://www.vlr.gg/644656/team-secret-vs-drx-vct-2026-pacific-stage-1-w1
TS,Pearl,atk,KRX,1,0,17,elim,2026-04-05 04:00:00,0,VCT 2026: Pacific Stage 1,https://www.vlr.gg/644656/team-secret-vs-drx-vct-2026-pacific-stage-1-w1
TS,Pearl,atk,KRX,0,1,18,elim,2026-04-05 04:00:00,0,VCT 2026: Pacific Stage 1,https://www.vlr.gg/644656/team-secret-vs-drx-vct-2026-pacific-stage-1-w1
TS,Pearl,def,KRX,0,1,1,elim,2026-04-05 04:00:00,0,VCT 2026: Pacific Stage 1,https://www.vlr.gg/644656/team-secret-vs-drx-vct-2026-pacific-stage-1-w1
TS,Pearl,def,KRX,0,1,2,boom,2026-04-05 04:00:00,0,VCT 2026: Pacific Stage 1,https://www.vlr.gg/644656/team-secret-vs-drx-vct-2026-pacific-stage-1-w1
TS,Pearl,def,KRX,0,1,3,elim,2026-04-05 04:00:00,0,VCT 2026: Pacific Stage 1,https://www.vlr.gg/644656/team-secret-vs-drx-vct-2026-pacific-stage-1-w1
TS,Pearl,def,KRX,0,1,4,boom,2026-04-05 04:00:00,0,VCT 2026: Pacific Stage 1,https://www.vlr.gg/644656/team-secret-vs-drx-vct-2026-pacific-stage-1-w1
TS,Pearl,def,KRX,1,0,5,defus,2026-04-05 04:00:00,0,VCT 2026: Pacific Stage 1,https://www.vlr.gg/644656/team-secret-vs-drx-vct-2026-pacific-stage-1-w1
TS,Pearl,def,KRX,1,0,6,elim,2026-04-05 04:00:00,0,VCT 2026: Pacific Stage 1,https://www.vlr.gg/644656/team-secret-vs-drx-vct-2026-pacific-stage-1-w1
TS,Pearl,def,KRX,0,1,7,boom,2026-04-05 04:00:00,0,VCT 2026: Pacific Stage 1,https://www.vlr.gg/644656/team-secret-vs-drx-vct-2026-pacific-stage-1-w1
TS,Pearl,def,KRX,0,1,8,boom,2026-04-05 04:00:00,0,VCT 2026: Pacific Stage 1,https://www.vlr.gg/644656/team-secret-vs-drx-vct-2026-pacific-stage-1-w1
TS,Pearl,def,KRX,1,0,9,elim,2026-04-05 04:00:00,0,VCT 2026: Pacific Stage 1,https://www.vlr.gg/644656/team-secret-vs-drx-vct-2026-pacific-stage-1-w1
TS,Pearl,def,KRX,0,1,10,elim,2026-04-05 04:00:00,0,VCT 2026: Pacific Stage 1,https://www.vlr.gg/644656/team-secret-vs-drx-vct-2026-pacific-stage-1-w1
TS,Pearl,def,KRX,0,1,11,boom,2026-04-05 04:00:00,0,VCT 2026: Pacific Stage 1,https://www.vlr.gg/644656/team-secret-vs-drx-vct-2026-pacific-stage-1-w1
TS,Pearl,def,KRX,0,1,12,elim,2026-04-05 04:00:00,0,VCT 2026: Pacific Stage 1,https://www.vlr.gg/644656/team-secret-vs-drx-vct-2026-pacific-stage-1-w1
TS,Fracture,atk,KRX,1,0,1,elim,2026-04-05 04:00:00,1,VCT 2026: Pacific Stage 1,https://www.vlr.gg/644656/team-secret-vs-drx-vct-2026-pacific-stage-1-w1
TS,Fracture,atk,KRX,1,0,2,elim,2026-04-05 04:00:00,1,VCT 2026: Pacific Stage 1,https://www.vlr.gg/644656/team-secret-vs-drx-vct-2026-pacific-stage-1-w1
TS,Fracture,atk,KRX,1,0,3,boom,2026-04-05 04:00:00,1,VCT 2026: Pacific Stage 1,https://www.vlr.gg/644656/team-secret-vs-drx-vct-2026-pacific-stage-1-w1
TS,Fracture,atk,KRX,0,1,4,defus,2026-04-05 04:00:00,1,VCT 2026: Pacific Stage 1,https://www.vlr.gg/644656/team-secret-vs-drx-vct-2026-pacific-stage-1-w1
TS,Fracture,atk,KRX,0,1,5,defus,2026-04-05 04:00:00,1,VCT 2026: Pacific Stage 1,https://www.vlr.gg/644656/team-secret-vs-drx-vct-2026-pacific-stage-1-w1
TS,Fracture,atk,KRX,1,0,6,boom,2026-04-05 04:00:00,1,VCT 2026: Pacific Stage 1,https://www.vlr.gg/644656/team-secret-vs-drx-vct-2026-pacific-stage-1-w1
TS,Fracture,atk,KRX,1,0,7,elim,2026-04-05 04:00:00,1,VCT 2026: Pacific Stage 1,https://www.vlr.gg/644656/team-secret-vs-drx-vct-2026-pacific-stage-1-w1
TS,Fracture,atk,KRX,1,0,8,elim,2026-04-05 04:00:00,1,VCT 2026: Pacific Stage 1,https://www.vlr.gg/644656/team-secret-vs-drx-vct-2026-pacific-stage-1-w1
TS,Fracture,atk,KRX,1,0,9,elim,2026-04-05 04:00:00,1,VCT 2026: Pacific Stage 1,https://www.vlr.gg/644656/team-secret-vs-drx-vct-2026-pacific-stage-1-w1
TS,Fracture,atk,KRX,1,0,10,elim,2026-04-05 04:00:00,1,VCT 2026: Pacific Stage 1,https://www.vlr.gg/644656/team-secret-vs-drx-vct-2026-pacific-stage-1-w1
TS,Fracture,atk,KRX,0,1,11,elim,2026-04-05 04:00:00,1,VCT 2026: Pacific Stage 1,https://www.vlr.gg/644656/team-secret-vs-drx-vct-2026-pacific-stage-1-w1
TS,Fracture,atk,KRX,0,1,12,elim,2026-04-05 04:00:00,1,VCT 2026: Pacific Stage 1,https://www.vlr.gg/644656/team-secret-vs-drx-vct-2026-pacific-stage-1-w1
TS,Fracture,atk,KRX,1,0,25,elim,2026-04-05 04:00:00,1,VCT 2026: Pacific Stage 1,https://www.vlr.gg/644656/team-secret-vs-drx-vct-2026-pacific-stage-1-w1
TS,Fracture,atk,KRX,0,1,27,elim,2026-04-05 04:00:00,1,VCT 2026: Pacific Stage 1,https://www.vlr.gg/644656/team-secret-vs-drx-vct-2026-pacific-stage-1-w1
TS,Fracture,def,KRX,0,1,13,elim,2026-04-05 04:00:00,1,VCT 2026: Pacific Stage 1,https://www.vlr.gg/644656/team-secret-vs-drx-vct-2026-pacific-stage-1-w1
TS,Fracture,def,KRX,0,1,14,boom,2026-04-05 04:00:00,1,VCT 2026: Pacific Stage 1,https://www.vlr.gg/644656/team-secret-vs-drx-vct-2026-pacific-stage-1-w1
TS,Fracture,def,KRX,1,0,15,defus,2026-04-05 04:00:00,1,VCT 2026: Pacific Stage 1,https://www.vlr.gg/644656/team-secret-vs-drx-vct-2026-pacific-stage-1-w1
TS,Fracture,def,KRX,1,0,16,elim,2026-04-05 04:00:00,1,VCT 2026: Pacific Stage 1,https://www.vlr.gg/644656/team-secret-vs-drx-vct-2026-pacific-stage-1-w1
TS,Fracture,def,KRX,1,0,17,elim,2026-04-05 04:00:00,1,VCT 2026: Pacific Stage 1,https://www.vlr.gg/644656/team-secret-vs-drx-vct-2026-pacific-stage-1-w1
TS,Fracture,def,KRX,0,1,18,elim,2026-04-05 04:00:00,1,VCT 2026: Pacific Stage 1,https://www.vlr.gg/644656/team-secret-vs-drx-vct-2026-pacific-stage-1-w1
TS,Fracture,def,KRX,0,1,19,elim,2026-04-05 04:00:00,1,VCT 2026: Pacific Stage 1,https://www.vlr.gg/644656/team-secret-vs-drx-vct-2026-pacific-stage-1-w1
TS,Fracture,def,KRX,0,1,20,boom,2026-04-05 04:00:00,1,VCT 2026: Pacific Stage 1,https://www.vlr.gg/644656/team-secret-vs-drx-vct-2026-pacific-stage-1-w1
TS,Fracture,def,KRX,0,1,21,elim,2026-04-05 04:00:00,1,VCT 2026: Pacific Stage 1,https://www.vlr.gg/644656/team-secret-vs-drx-vct-2026-pacific-stage-1-w1
TS,Fracture,def,KRX,1,0,22,defus,2026-04-05 04:00:00,1,VCT 2026: Pacific Stage 1,https://www.vlr.gg/644656/team-secret-vs-drx-vct-2026-pacific-stage-1-w1
TS,Fracture,def,KRX,0,1,23,elim,2026-04-05 04:00:00,1,VCT 2026: Pacific Stage 1,https://www.vlr.gg/644656/team-secret-vs-drx-vct-2026-pacific-stage-1-w1
TS,Fracture,def,KRX,0,1,24,elim,2026-04-05 04:00:00,1,VCT 2026: Pacific Stage 1,https://www.vlr.gg/644656/team-secret-vs-drx-vct-2026-pacific-stage-1-w1
TS,Fracture,def,KRX,0,1,26,elim,2026-04-05 04:00:00,1,VCT 2026: Pacific Stage 1,https://www.vlr.gg/644656/team-secret-vs-drx-vct-2026-pacific-stage-1-w1
TS,Fracture,def,KRX,0,1,28,elim,2026-04-05 04:00:00,1,VCT 2026: Pacific Stage 1,https://www.vlr.gg/644656/team-secret-vs-drx-vct-2026-pacific-stage-1-w1
RRQ,Split,atk,ZETA,0,1,1,elim,2026-04-05 06:30:00,0,VCT 2026: Pacific Stage 1,https://www.vlr.gg/644657/rex-regum-qeon-vs-zeta-division-vct-2026-pacific-stage-1-w1
RRQ,Split,atk,ZETA,0,1,2,defus,2026-04-05 06:30:00,0,VCT 2026: Pacific Stage 1,https://www.vlr.gg/644657/rex-regum-qeon-vs-zeta-division-vct-2026-pacific-stage-1-w1
RRQ,Split,atk,ZETA,0,1,3,defus,2026-04-05 06:30:00,0,VCT 2026: Pacific Stage 1,https://www.vlr.gg/644657/rex-regum-qeon-vs-zeta-division-vct-2026-pacific-stage-1-w1
RRQ,Split,atk,ZETA,1,0,4,elim,2026-04-05 06:30:00,0,VCT 2026: Pacific Stage 1,https://www.vlr.gg/644657/rex-regum-qeon-vs-zeta-division-vct-2026-pacific-stage-1-w1
RRQ,Split,atk,ZETA,1,0,5,elim,2026-04-05 06:30:00,0,VCT 2026: Pacific Stage 1,https://www.vlr.gg/644657/rex-regum-qeon-vs-zeta-division-vct-2026-pacific-stage-1-w1
RRQ,Split,atk,ZETA,1,0,6,boom,2026-04-05 06:30:00,0,VCT 2026: Pacific Stage 1,https://www.vlr.gg/644657/rex-regum-qeon-vs-zeta-division-vct-2026-pacific-stage-1-w1
RRQ,Split,atk,ZETA,0,1,7,defus,2026-04-05 06:30:00,0,VCT 2026: Pacific Stage 1,https://www.vlr.gg/644657/rex-regum-qeon-vs-zeta-division-vct-2026-pacific-stage-1-w1
RRQ,Split,atk,ZETA,0,1,8,defus,2026-04-05 06:30:00,0,VCT 2026: Pacific Stage 1,https://www.vlr.gg/644657/rex-regum-qeon-vs-zeta-division-vct-2026-pacific-stage-1-w1
RRQ,Split,atk,ZETA,0,1,9,defus,2026-04-05 06:30:00,0,VCT 2026: Pacific Stage 1,https://www.vlr.gg/644657/rex-regum-qeon-vs-zeta-division-vct-2026-pacific-stage-1-w1
RRQ,Split,atk,ZETA,0,1,10,defus,2026-04-05 06:30:00,0,VCT 2026: Pacific Stage 1,https://www.vlr.gg/644657/rex-regum-qeon-vs-zeta-division-vct-2026-pacific-stage-1-w1
RRQ,Split,atk,ZETA,1,0,11,elim,2026-04-05 06:30:00,0,VCT 2026: Pacific Stage 1,https://www.vlr.gg/644657/rex-regum-qeon-vs-zeta-division-vct-2026-pacific-stage-1-w1
RRQ,Split,atk,ZETA,0,1,12,defus,2026-04-05 06:30:00,0,VCT 2026: Pacific Stage 1,https://www.vlr.gg/644657/rex-regum-qeon-vs-zeta-division-vct-2026-pacific-stage-1-w1
RRQ,Split,def,ZETA,1,0,13,defus,2026-04-05 06:30:00,0,VCT 2026: Pacific Stage 1,https://www.vlr.gg/644657/rex-regum-qeon-vs-zeta-division-vct-2026-pacific-stage-1-w1
RRQ,Split,def,ZETA,1,0,14,defus,2026-04-05 06:30:00,0,VCT 2026: Pacific Stage 1,https://www.vlr.gg/644657/rex-regum-qeon-vs-zeta-division-vct-2026-pacific-stage-1-w1
RRQ,Split,def,ZETA,0,1,15,elim,2026-04-05 06:30:00,0,VCT 2026: Pacific Stage 1,https://www.vlr.gg/644657/rex-regum-qeon-vs-zeta-division-vct-2026-pacific-stage-1-w1
RRQ,Split,def,ZETA,0,1,16,elim,2026-04-05 06:30:00,0,VCT 2026: Pacific Stage 1,https://www.vlr.gg/644657/rex-regum-qeon-vs-zeta-division-vct-2026-pacific-stage-1-w1
RRQ,Split,def,ZETA,0,1,17,boom,2026-04-05 06:30:00,0,VCT 2026: Pacific Stage 1,https://www.vlr.gg/644657/rex-regum-qeon-vs-zeta-division-vct-2026-pacific-stage-1-w1
RRQ,Split,def,ZETA,0,1,18,boom,2026-04-05 06:30:00,0,VCT 2026: Pacific Stage 1,https://www.vlr.gg/644657/rex-regum-qeon-vs-zeta-division-vct-2026-pacific-stage-1-w1
RRQ,Split,def,ZETA,1,0,19,elim,2026-04-05 06:30:00,0,VCT 2026: Pacific Stage 1,https://www.vlr.gg/644657/rex-regum-qeon-vs-zeta-division-vct-2026-pacific-stage-1-w1
RRQ,Split,def,ZETA,0,1,20,elim,2026-04-05 06:30:00,0,VCT 2026: Pacific Stage 1,https://www.vlr.gg/644657/rex-regum-qeon-vs-zeta-division-vct-2026-pacific-stage-1-w1
RRQ,Fracture,atk,ZETA,1,0,13,elim,2026-04-05 06:30:00,1,VCT 2026: Pacific Stage 1,https://www.vlr.gg/644657/rex-regum-qeon-vs-zeta-division-vct-2026-pacific-stage-1-w1
RRQ,Fracture,atk,ZETA,1,0,14,elim,2026-04-05 06:30:00,1,VCT 2026: Pacific Stage 1,https://www.vlr.gg/644657/rex-regum-qeon-vs-zeta-division-vct-2026-pacific-stage-1-w1
RRQ,Fracture,atk,ZETA,1,0,15,elim,2026-04-05 06:30:00,1,VCT 2026: Pacific Stage 1,https://www.vlr.gg/644657/rex-regum-qeon-vs-zeta-division-vct-2026-pacific-stage-1-w1
RRQ,Fracture,atk,ZETA,1,0,16,elim,2026-04-05 06:30:00,1,VCT 2026: Pacific Stage 1,https://www.vlr.gg/644657/rex-regum-qeon-vs-zeta-division-vct-2026-pacific-stage-1-w1
RRQ,Fracture,atk,ZETA,1,0,17,elim,2026-04-05 06:30:00,1,VCT 2026: Pacific Stage 1,https://www.vlr.gg/644657/rex-regum-qeon-vs-zeta-division-vct-2026-pacific-stage-1-w1
RRQ,Fracture,atk,ZETA,1,0,18,elim,2026-04-05 06:30:00,1,VCT 2026: Pacific Stage 1,https://www.vlr.gg/644657/rex-regum-qeon-vs-zeta-division-vct-2026-pacific-stage-1-w1
RRQ,Fracture,atk,ZETA,1,0,19,elim,2026-04-05 06:30:00,1,VCT 2026: Pacific Stage 1,https://www.vlr.gg/644657/rex-regum-qeon-vs-zeta-division-vct-2026-pacific-stage-1-w1
RRQ,Fracture,def,ZETA,0,1,1,elim,2026-04-05 06:30:00,1,VCT 2026: Pacific Stage 1,https://www.vlr.gg/644657/rex-regum-qeon-vs-zeta-division-vct-2026-pacific-stage-1-w1
RRQ,Fracture,def,ZETA,0,1,2,elim,2026-04-05 06:30:00,1,VCT 2026: Pacific Stage 1,https://www.vlr.gg/644657/rex-regum-qeon-vs-zeta-division-vct-2026-pacific-stage-1-w1
RRQ,Fracture,def,ZETA,1,0,3,defus,2026-04-05 06:30:00,1,VCT 2026: Pacific Stage 1,https://www.vlr.gg/644657/rex-regum-qeon-vs-zeta-division-vct-2026-pacific-stage-1-w1
RRQ,Fracture,def,ZETA,1,0,4,defus,2026-04-05 06:30:00,1,VCT 2026: Pacific Stage 1,https://www.vlr.gg/644657/rex-regum-qeon-vs-zeta-division-vct-2026-pacific-stage-1-w1
RRQ,Fracture,def,ZETA,0,1,5,elim,2026-04-05 06:30:00,1,VCT 2026: Pacific Stage 1,https://www.vlr.gg/644657/rex-regum-qeon-vs-zeta-division-vct-2026-pacific-stage-1-w1
RRQ,Fracture,def,ZETA,0,1,6,elim,2026-04-05 06:30:00,1,VCT 2026: Pacific Stage 1,https://www.vlr.gg/644657/rex-regum-qeon-vs-zeta-division-vct-2026-pacific-stage-1-w1
RRQ,Fracture,def,ZETA,0,1,7,boom,2026-04-05 06:30:00,1,VCT 2026: Pacific Stage 1,https://www.vlr.gg/644657/rex-regum-qeon-vs-zeta-division-vct-2026-pacific-stage-1-w1
RRQ,Fracture,def,ZETA,0,1,8,boom,2026-04-05 06:30:00,1,VCT 2026: Pacific Stage 1,https://www.vlr.gg/644657/rex-regum-qeon-vs-zeta-division-vct-2026-pacific-stage-1-w1
RRQ,Fracture,def,ZETA,1,0,9,elim,2026-04-05 06:30:00,1,VCT 2026: Pacific Stage 1,https://www.vlr.gg/644657/rex-regum-qeon-vs-zeta-division-vct-2026-pacific-stage-1-w1
RRQ,Fracture,def,ZETA,1,0,10,defus,2026-04-05 06:30:00,1,VCT 2026: Pacific Stage 1,https://www.vlr.gg/644657/rex-regum-qeon-vs-zeta-division-vct-2026-pacific-stage-1-w1
RRQ,Fracture,def,ZETA,1,0,11,defus,2026-04-05 06:30:00,1,VCT 2026: Pacific Stage 1,https://www.vlr.gg/644657/rex-regum-qeon-vs-zeta-division-vct-2026-pacific-stage-1-w1
RRQ,Fracture,def,ZETA,1,0,12,elim,2026-04-05 06:30:00,1,VCT 2026: Pacific Stage 1,https://www.vlr.gg/644657/rex-regum-qeon-vs-zeta-division-vct-2026-pacific-stage-1-w1
RRQ,Haven,atk,ZETA,1,0,13,elim,2026-04-05 06:30:00,2,VCT 2026: Pacific Stage 1,https://www.vlr.gg/644657/rex-regum-qeon-vs-zeta-division-vct-2026-pacific-stage-1-w1
RRQ,Haven,atk,ZETA,1,0,14,boom,2026-04-05 06:30:00,2,VCT 2026: Pacific Stage 1,https://www.vlr.gg/644657/rex-regum-qeon-vs-zeta-division-vct-2026-pacific-stage-1-w1
RRQ,Haven,atk,ZETA,0,1,15,elim,2026-04-05 06:30:00,2,VCT 2026: Pacific Stage 1,https://www.vlr.gg/644657/rex-regum-qeon-vs-zeta-division-vct-2026-pacific-stage-1-w1
RRQ,Haven,atk,ZETA,1,0,16,elim,2026-04-05 06:30:00,2,VCT 2026: Pacific Stage 1,https://www.vlr.gg/644657/rex-regum-qeon-vs-zeta-division-vct-2026-pacific-stage-1-w1
RRQ,Haven,atk,ZETA,1,0,17,elim,2026-04-05 06:30:00,2,VCT 2026: Pacific Stage 1,https://www.vlr.gg/644657/rex-regum-qeon-vs-zeta-division-vct-2026-pacific-stage-1-w1
RRQ,Haven,atk,ZETA,0,1,18,defus,2026-04-05 06:30:00,2,VCT 2026: Pacific Stage 1,https://www.vlr.gg/644657/rex-regum-qeon-vs-zeta-division-vct-2026-pacific-stage-1-w1
RRQ,Haven,atk,ZETA,1,0,19,boom,2026-04-05 06:30:00,2,VCT 2026: Pacific Stage 1,https://www.vlr.gg/644657/rex-regum-qeon-vs-zeta-division-vct-2026-pacific-stage-1-w1
RRQ,Haven,atk,ZETA,0,1,20,elim,2026-04-05 06:30:00,2,VCT 2026: Pacific Stage 1,https://www.vlr.gg/644657/rex-regum-qeon-vs-zeta-division-vct-2026-pacific-stage-1-w1
RRQ,Haven,atk,ZETA,1,0,21,elim,2026-04-05 06:30:00,2,VCT 2026: Pacific Stage 1,https://www.vlr.gg/644657/rex-regum-qeon-vs-zeta-division-vct-2026-pacific-stage-1-w1
RRQ,Haven,atk,ZETA,1,0,22,elim,2026-04-05 06:30:00,2,VCT 2026: Pacific Stage 1,https://www.vlr.gg/644657/rex-regum-qeon-vs-zeta-division-vct-2026-pacific-stage-1-w1
RRQ,Haven,atk,ZETA,1,0,23,elim,2026-04-05 06:30:00,2,VCT 2026: Pacific Stage 1,https://www.vlr.gg/644657/rex-regum-qeon-vs-zeta-division-vct-2026-pacific-stage-1-w1
RRQ,Haven,atk,ZETA,1,0,24,elim,2026-04-05 06:30:00,2,VCT 2026: Pacific Stage 1,https://www.vlr.gg/644657/rex-regum-qeon-vs-zeta-division-vct-2026-pacific-stage-1-w1
RRQ,Haven,def,ZETA,0,1,1,elim,2026-04-05 06:30:00,2,VCT 2026: Pacific Stage 1,https://www.vlr.gg/644657/rex-regum-qeon-vs-zeta-division-vct-2026-pacific-stage-1-w1
RRQ,Haven,def,ZETA,0,1,2,elim,2026-04-05 06:30:00,2,VCT 2026: Pacific Stage 1,https://www.vlr.gg/644657/rex-regum-qeon-vs-zeta-division-vct-2026-pacific-stage-1-w1
RRQ,Haven,def,ZETA,0,1,3,elim,2026-04-05 06:30:00,2,VCT 2026: Pacific Stage 1,https://www.vlr.gg/644657/rex-regum-qeon-vs-zeta-division-vct-2026-pacific-stage-1-w1
RRQ,Haven,def,ZETA,0,1,4,boom,2026-04-05 06:30:00,2,VCT 2026: Pacific Stage 1,https://www.vlr.gg/644657/rex-regum-qeon-vs-zeta-division-vct-2026-pacific-stage-1-w1
RRQ,Haven,def,ZETA,0,1,5,elim,2026-04-05 06:30:00,2,VCT 2026: Pacific Stage 1,https://www.vlr.gg/644657/rex-regum-qeon-vs-zeta-division-vct-2026-pacific-stage-1-w1
RRQ,Haven,def,ZETA,0,1,6,boom,2026-04-05 06:30:00,2,VCT 2026: Pacific Stage 1,https://www.vlr.gg/644657/rex-regum-qeon-vs-zeta-division-vct-2026-pacific-stage-1-w1
RRQ,Haven,def,ZETA,1,0,7,tim,2026-04-05 06:30:00,2,VCT 2026: Pacific Stage 1,https://www.vlr.gg/644657/rex-regum-qeon-vs-zeta-division-vct-2026-pacific-stage-1-w1
RRQ,Haven,def,ZETA,1,0,8,tim,2026-04-05 06:30:00,2,VCT 2026: Pacific Stage 1,https://www.vlr.gg/644657/rex-regum-qeon-vs-zeta-division-vct-2026-pacific-stage-1-w1
RRQ,Haven,def,ZETA,1,0,9,elim,2026-04-05 06:30:00,2,VCT 2026: Pacific Stage 1,https://www.vlr.gg/644657/rex-regum-qeon-vs-zeta-division-vct-2026-pacific-stage-1-w1
RRQ,Haven,def,ZETA,1,0,10,defus,2026-04-05 06:30:00,2,VCT 2026: Pacific Stage 1,https://www.vlr.gg/644657/rex-regum-qeon-vs-zeta-division-vct-2026-pacific-stage-1-w1
RRQ,Haven,def,ZETA,0,1,11,elim,2026-04-05 06:30:00,2,VCT 2026: Pacific Stage 1,https://www.vlr.gg/644657/rex-regum-qeon-vs-zeta-division-vct-2026-pacific-stage-1-w1
RRQ,Haven,def,ZETA,0,1,12,elim,2026-04-05 06:30:00,2,VCT 2026: Pacific Stage 1,https://www.vlr.gg/644657/rex-regum-qeon-vs-zeta-division-vct-2026-pacific-stage-1-w1
DFM,Pearl,atk,T1,0,1,13,defus,2026-04-10 04:00:00,0,VCT 2026: Pacific Stage 1,https://www.vlr.gg/644658/detonation-focusme-vs-t1-vct-2026-pacific-stage-1-w2
DFM,Pearl,atk,T1,0,1,14,elim,2026-04-10 04:00:00,0,VCT 2026: Pacific Stage 1,https://www.vlr.gg/644658/detonation-focusme-vs-t1-vct-2026-pacific-stage-1-w2
DFM,Pearl,atk,T1,0,1,15,elim,2026-04-10 04:00:00,0,VCT 2026: Pacific Stage 1,https://www.vlr.gg/644658/detonation-focusme-vs-t1-vct-2026-pacific-stage-1-w2
DFM,Pearl,atk,T1,1,0,16,elim,2026-04-10 04:00:00,0,VCT 2026: Pacific Stage 1,https://www.vlr.gg/644658/detonation-focusme-vs-t1-vct-2026-pacific-stage-1-w2
DFM,Pearl,atk,T1,0,1,17,defus,2026-04-10 04:00:00,0,VCT 2026: Pacific Stage 1,https://www.vlr.gg/644658/detonation-focusme-vs-t1-vct-2026-pacific-stage-1-w2
DFM,Pearl,atk,T1,0,1,18,elim,2026-04-10 04:00:00,0,VCT 2026: Pacific Stage 1,https://www.vlr.gg/644658/detonation-focusme-vs-t1-vct-2026-pacific-stage-1-w2
DFM,Pearl,atk,T1,0,1,19,elim,2026-04-10 04:00:00,0,VCT 2026: Pacific Stage 1,https://www.vlr.gg/644658/detonation-focusme-vs-t1-vct-2026-pacific-stage-1-w2
DFM,Pearl,atk,T1,1,0,20,boom,2026-04-10 04:00:00,0,VCT 2026: Pacific Stage 1,https://www.vlr.gg/644658/detonation-focusme-vs-t1-vct-2026-pacific-stage-1-w2
DFM,Pearl,atk,T1,1,0,21,elim,2026-04-10 04:00:00,0,VCT 2026: Pacific Stage 1,https://www.vlr.gg/644658/detonation-focusme-vs-t1-vct-2026-pacific-stage-1-w2
DFM,Pearl,atk,T1,1,0,22,boom,2026-04-10 04:00:00,0,VCT 2026: Pacific Stage 1,https://www.vlr.gg/644658/detonation-focusme-vs-t1-vct-2026-pacific-stage-1-w2
DFM,Pearl,atk,T1,1,0,23,elim,2026-04-10 04:00:00,0,VCT 2026: Pacific Stage 1,https://www.vlr.gg/644658/detonation-focusme-vs-t1-vct-2026-pacific-stage-1-w2
DFM,Pearl,atk,T1,1,0,24,elim,2026-04-10 04:00:00,0,VCT 2026: Pacific Stage 1,https://www.vlr.gg/644658/detonation-focusme-vs-t1-vct-2026-pacific-stage-1-w2
DFM,Pearl,atk,T1,1,0,26,elim,2026-04-10 04:00:00,0,VCT 2026: Pacific Stage 1,https://www.vlr.gg/644658/detonation-focusme-vs-t1-vct-2026-pacific-stage-1-w2
DFM,Pearl,atk,T1,0,1,28,elim,2026-04-10 04:00:00,0,VCT 2026: Pacific Stage 1,https://www.vlr.gg/644658/detonation-focusme-vs-t1-vct-2026-pacific-stage-1-w2
DFM,Pearl,def,T1,1,0,1,defus,2026-04-10 04:00:00,0,VCT 2026: Pacific Stage 1,https://www.vlr.gg/644658/detonation-focusme-vs-t1-vct-2026-pacific-stage-1-w2
DFM,Pearl,def,T1,1,0,2,defus,2026-04-10 04:00:00,0,VCT 2026: Pacific Stage 1,https://www.vlr.gg/644658/detonation-focusme-vs-t1-vct-2026-pacific-stage-1-w2
DFM,Pearl,def,T1,0,1,3,elim,2026-04-10 04:00:00,0,VCT 2026: Pacific Stage 1,https://www.vlr.gg/644658/detonation-focusme-vs-t1-vct-2026-pacific-stage-1-w2
DFM,Pearl,def,T1,1,0,4,defus,2026-04-10 04:00:00,0,VCT 2026: Pacific Stage 1,https://www.vlr.gg/644658/detonation-focusme-vs-t1-vct-2026-pacific-stage-1-w2
DFM,Pearl,def,T1,0,1,5,elim,2026-04-10 04:00:00,0,VCT 2026: Pacific Stage 1,https://www.vlr.gg/644658/detonation-focusme-vs-t1-vct-2026-pacific-stage-1-w2
DFM,Pearl,def,T1,0,1,6,elim,2026-04-10 04:00:00,0,VCT 2026: Pacific Stage 1,https://www.vlr.gg/644658/detonation-focusme-vs-t1-vct-2026-pacific-stage-1-w2
DFM,Pearl,def,T1,1,0,7,defus,2026-04-10 04:00:00,0,VCT 2026: Pacific Stage 1,https://www.vlr.gg/644658/detonation-focusme-vs-t1-vct-2026-pacific-stage-1-w2
DFM,Pearl,def,T1,1,0,8,defus,2026-04-10 04:00:00,0,VCT 2026: Pacific Stage 1,https://www.vlr.gg/644658/detonation-focusme-vs-t1-vct-2026-pacific-stage-1-w2
DFM,Pearl,def,T1,0,1,9,boom,2026-04-10 04:00:00,0,VCT 2026: Pacific Stage 1,https://www.vlr.gg/644658/detonation-focusme-vs-t1-vct-2026-pacific-stage-1-w2
DFM,Pearl,def,T1,0,1,10,elim,2026-04-10 04:00:00,0,VCT 2026: Pacific Stage 1,https://www.vlr.gg/644658/detonation-focusme-vs-t1-vct-2026-pacific-stage-1-w2
DFM,Pearl,def,T1,0,1,11,elim,2026-04-10 04:00:00,0,VCT 2026: Pacific Stage 1,https://www.vlr.gg/644658/detonation-focusme-vs-t1-vct-2026-pacific-stage-1-w2
DFM,Pearl,def,T1,1,0,12,defus,2026-04-10 04:00:00,0,VCT 2026: Pacific Stage 1,https://www.vlr.gg/644658/detonation-focusme-vs-t1-vct-2026-pacific-stage-1-w2
DFM,Pearl,def,T1,0,1,25,elim,2026-04-10 04:00:00,0,VCT 2026: Pacific Stage 1,https://www.vlr.gg/644658/detonation-focusme-vs-t1-vct-2026-pacific-stage-1-w2
DFM,Pearl,def,T1,0,1,27,elim,2026-04-10 04:00:00,0,VCT 2026: Pacific Stage 1,https://www.vlr.gg/644658/detonation-focusme-vs-t1-vct-2026-pacific-stage-1-w2
DFM,Lotus,atk,T1,1,0,1,elim,2026-04-10 04:00:00,1,VCT 2026: Pacific Stage 1,https://www.vlr.gg/644658/detonation-focusme-vs-t1-vct-2026-pacific-stage-1-w2
DFM,Lotus,atk,T1,1,0,2,elim,2026-04-10 04:00:00,1,VCT 2026: Pacific Stage 1,https://www.vlr.gg/644658/detonation-focusme-vs-t1-vct-2026-pacific-stage-1-w2
DFM,Lotus,atk,T1,0,1,3,defus,2026-04-10 04:00:00,1,VCT 2026: Pacific Stage 1,https://www.vlr.gg/644658/detonation-focusme-vs-t1-vct-2026-pacific-stage-1-w2
DFM,Lotus,atk,T1,0,1,4,elim,2026-04-10 04:00:00,1,VCT 2026: Pacific Stage 1,https://www.vlr.gg/644658/detonation-focusme-vs-t1-vct-2026-pacific-stage-1-w2
DFM,Lotus,atk,T1,0,1,5,elim,2026-04-10 04:00:00,1,VCT 2026: Pacific Stage 1,https://www.vlr.gg/644658/detonation-focusme-vs-t1-vct-2026-pacific-stage-1-w2
DFM,Lotus,atk,T1,0,1,6,defus,2026-04-10 04:00:00,1,VCT 2026: Pacific Stage 1,https://www.vlr.gg/644658/detonation-focusme-vs-t1-vct-2026-pacific-stage-1-w2
DFM,Lotus,atk,T1,0,1,7,defus,2026-04-10 04:00:00,1,VCT 2026: Pacific Stage 1,https://www.vlr.gg/644658/detonation-focusme-vs-t1-vct-2026-pacific-stage-1-w2
DFM,Lotus,atk,T1,0,1,8,defus,2026-04-10 04:00:00,1,VCT 2026: Pacific Stage 1,https://www.vlr.gg/644658/detonation-focusme-vs-t1-vct-2026-pacific-stage-1-w2
DFM,Lotus,atk,T1,0,1,9,defus,2026-04-10 04:00:00,1,VCT 2026: Pacific Stage 1,https://www.vlr.gg/644658/detonation-focusme-vs-t1-vct-2026-pacific-stage-1-w2
DFM,Lotus,atk,T1,0,1,10,elim,2026-04-10 04:00:00,1,VCT 2026: Pacific Stage 1,https://www.vlr.gg/644658/detonation-focusme-vs-t1-vct-2026-pacific-stage-1-w2
DFM,Lotus,atk,T1,0,1,11,defus,2026-04-10 04:00:00,1,VCT 2026: Pacific Stage 1,https://www.vlr.gg/644658/detonation-focusme-vs-t1-vct-2026-pacific-stage-1-w2
DFM,Lotus,atk,T1,1,0,12,elim,2026-04-10 04:00:00,1,VCT 2026: Pacific Stage 1,https://www.vlr.gg/644658/detonation-focusme-vs-t1-vct-2026-pacific-stage-1-w2
DFM,Lotus,def,T1,1,0,13,tim,2026-04-10 04:00:00,1,VCT 2026: Pacific Stage 1,https://www.vlr.gg/644658/detonation-focusme-vs-t1-vct-2026-pacific-stage-1-w2
DFM,Lotus,def,T1,1,0,14,defus,2026-04-10 04:00:00,1,VCT 2026: Pacific Stage 1,https://www.vlr.gg/644658/detonation-focusme-vs-t1-vct-2026-pacific-stage-1-w2
DFM,Lotus,def,T1,0,1,15,elim,2026-04-10 04:00:00,1,VCT 2026: Pacific Stage 1,https://www.vlr.gg/644658/detonation-focusme-vs-t1-vct-2026-pacific-stage-1-w2
DFM,Lotus,def,T1,0,1,16,boom,2026-04-10 04:00:00,1,VCT 2026: Pacific Stage 1,https://www.vlr.gg/644658/detonation-focusme-vs-t1-vct-2026-pacific-stage-1-w2
DFM,Lotus,def,T1,1,0,17,defus,2026-04-10 04:00:00,1,VCT 2026: Pacific Stage 1,https://www.vlr.gg/644658/detonation-focusme-vs-t1-vct-2026-pacific-stage-1-w2
DFM,Lotus,def,T1,0,1,18,elim,2026-04-10 04:00:00,1,VCT 2026: Pacific Stage 1,https://www.vlr.gg/644658/detonation-focusme-vs-t1-vct-2026-pacific-stage-1-w2
DFM,Lotus,def,T1,0,1,19,elim,2026-04-10 04:00:00,1,VCT 2026: Pacific Stage 1,https://www.vlr.gg/644658/detonation-focusme-vs-t1-vct-2026-pacific-stage-1-w2
NS,Haven,atk,KRX,0,1,13,elim,2026-04-10 06:35:00,0,VCT 2026: Pacific Stage 1,https://www.vlr.gg/644659/nongshim-redforce-vs-drx-vct-2026-pacific-stage-1-w2
NS,Haven,atk,KRX,0,1,14,elim,2026-04-10 06:35:00,0,VCT 2026: Pacific Stage 1,https://www.vlr.gg/644659/nongshim-redforce-vs-drx-vct-2026-pacific-stage-1-w2
NS,Haven,atk,KRX,1,0,15,boom,2026-04-10 06:35:00,0,VCT 2026: Pacific Stage 1,https://www.vlr.gg/644659/nongshim-redforce-vs-drx-vct-2026-pacific-stage-1-w2
NS,Haven,atk,KRX,0,1,16,elim,2026-04-10 06:35:00,0,VCT 2026: Pacific Stage 1,https://www.vlr.gg/644659/nongshim-redforce-vs-drx-vct-2026-pacific-stage-1-w2
NS,Haven,atk,KRX,0,1,17,elim,2026-04-10 06:35:00,0,VCT 2026: Pacific Stage 1,https://www.vlr.gg/644659/nongshim-redforce-vs-drx-vct-2026-pacific-stage-1-w2
NS,Haven,atk,KRX,0,1,18,elim,2026-04-10 06:35:00,0,VCT 2026: Pacific Stage 1,https://www.vlr.gg/644659/nongshim-redforce-vs-drx-vct-2026-pacific-stage-1-w2
NS,Haven,atk,KRX,1,0,19,elim,2026-04-10 06:35:00,0,VCT 2026: Pacific Stage 1,https://www.vlr.gg/644659/nongshim-redforce-vs-drx-vct-2026-pacific-stage-1-w2
NS,Haven,atk,KRX,0,1,20,defus,2026-04-10 06:35:00,0,VCT 2026: Pacific Stage 1,https://www.vlr.gg/644659/nongshim-redforce-vs-drx-vct-2026-pacific-stage-1-w2
NS,Haven,atk,KRX,1,0,21,elim,2026-04-10 06:35:00,0,VCT 2026: Pacific Stage 1,https://www.vlr.gg/644659/nongshim-redforce-vs-drx-vct-2026-pacific-stage-1-w2
NS,Haven,atk,KRX,0,1,22,defus,2026-04-10 06:35:00,0,VCT 2026: Pacific Stage 1,https://www.vlr.gg/644659/nongshim-redforce-vs-drx-vct-2026-pacific-stage-1-w2
NS,Haven,atk,KRX,1,0,23,elim,2026-04-10 06:35:00,0,VCT 2026: Pacific Stage 1,https://www.vlr.gg/644659/nongshim-redforce-vs-drx-vct-2026-pacific-stage-1-w2
NS,Haven,atk,KRX,0,1,24,elim,2026-04-10 06:35:00,0,VCT 2026: Pacific Stage 1,https://www.vlr.gg/644659/nongshim-redforce-vs-drx-vct-2026-pacific-stage-1-w2
NS,Haven,def,KRX,0,1,1,elim,2026-04-10 06:35:00,0,VCT 2026: Pacific Stage 1,https://www.vlr.gg/644659/nongshim-redforce-vs-drx-vct-2026-pacific-stage-1-w2
NS,Haven,def,KRX,0,1,2,elim,2026-04-10 06:35:00,0,VCT 2026: Pacific Stage 1,https://www.vlr.gg/644659/nongshim-redforce-vs-drx-vct-2026-pacific-stage-1-w2
NS,Haven,def,KRX,0,1,3,elim,2026-04-10 06:35:00,0,VCT 2026: Pacific Stage 1,https://www.vlr.gg/644659/nongshim-redforce-vs-drx-vct-2026-pacific-stage-1-w2
NS,Haven,def,KRX,1,0,4,elim,2026-04-10 06:35:00,0,VCT 2026: Pacific Stage 1,https://www.vlr.gg/644659/nongshim-redforce-vs-drx-vct-2026-pacific-stage-1-w2
NS,Haven,def,KRX,1,0,5,elim,2026-04-10 06:35:00,0,VCT 2026: Pacific Stage 1,https://www.vlr.gg/644659/nongshim-redforce-vs-drx-vct-2026-pacific-stage-1-w2
NS,Haven,def,KRX,1,0,6,elim,2026-04-10 06:35:00,0,VCT 2026: Pacific Stage 1,https://www.vlr.gg/644659/nongshim-redforce-vs-drx-vct-2026-pacific-stage-1-w2
NS,Haven,def,KRX,0,1,7,elim,2026-04-10 06:35:00,0,VCT 2026: Pacific Stage 1,https://www.vlr.gg/644659/nongshim-redforce-vs-drx-vct-2026-pacific-stage-1-w2
NS,Haven,def,KRX,1,0,8,defus,2026-04-10 06:35:00,0,VCT 2026: Pacific Stage 1,https://www.vlr.gg/644659/nongshim-redforce-vs-drx-vct-2026-pacific-stage-1-w2
NS,Haven,def,KRX,1,0,9,defus,2026-04-10 06:35:00,0,VCT 2026: Pacific Stage 1,https://www.vlr.gg/644659/nongshim-redforce-vs-drx-vct-2026-pacific-stage-1-w2
NS,Haven,def,KRX,1,0,10,elim,2026-04-10 06:35:00,0,VCT 2026: Pacific Stage 1,https://www.vlr.gg/644659/nongshim-redforce-vs-drx-vct-2026-pacific-stage-1-w2
NS,Haven,def,KRX,1,0,11,elim,2026-04-10 06:35:00,0,VCT 2026: Pacific Stage 1,https://www.vlr.gg/644659/nongshim-redforce-vs-drx-vct-2026-pacific-stage-1-w2
NS,Haven,def,KRX,0,1,12,elim,2026-04-10 06:35:00,0,VCT 2026: Pacific Stage 1,https://www.vlr.gg/644659/nongshim-redforce-vs-drx-vct-2026-pacific-stage-1-w2
NS,Fracture,atk,KRX,0,1,1,elim,2026-04-10 06:35:00,1,VCT 2026: Pacific Stage 1,https://www.vlr.gg/644659/nongshim-redforce-vs-drx-vct-2026-pacific-stage-1-w2
NS,Fracture,atk,KRX,0,1,2,elim,2026-04-10 06:35:00,1,VCT 2026: Pacific Stage 1,https://www.vlr.gg/644659/nongshim-redforce-vs-drx-vct-2026-pacific-stage-1-w2
NS,Fracture,atk,KRX,1,0,3,elim,2026-04-10 06:35:00,1,VCT 2026: Pacific Stage 1,https://www.vlr.gg/644659/nongshim-redforce-vs-drx-vct-2026-pacific-stage-1-w2
NS,Fracture,atk,KRX,1,0,4,elim,2026-04-10 06:35:00,1,VCT 2026: Pacific Stage 1,https://www.vlr.gg/644659/nongshim-redforce-vs-drx-vct-2026-pacific-stage-1-w2
NS,Fracture,atk,KRX,1,0,5,boom,2026-04-10 06:35:00,1,VCT 2026: Pacific Stage 1,https://www.vlr.gg/644659/nongshim-redforce-vs-drx-vct-2026-pacific-stage-1-w2
NS,Fracture,atk,KRX,0,1,6,elim,2026-04-10 06:35:00,1,VCT 2026: Pacific Stage 1,https://www.vlr.gg/644659/nongshim-redforce-vs-drx-vct-2026-pacific-stage-1-w2
NS,Fracture,atk,KRX,1,0,7,boom,2026-04-10 06:35:00,1,VCT 2026: Pacific Stage 1,https://www.vlr.gg/644659/nongshim-redforce-vs-drx-vct-2026-pacific-stage-1-w2
NS,Fracture,atk,KRX,1,0,8,boom,2026-04-10 06:35:00,1,VCT 2026: Pacific Stage 1,https://www.vlr.gg/644659/nongshim-redforce-vs-drx-vct-2026-pacific-stage-1-w2
NS,Fracture,atk,KRX,1,0,9,elim,2026-04-10 06:35:00,1,VCT 2026: Pacific Stage 1,https://www.vlr.gg/644659/nongshim-redforce-vs-drx-vct-2026-pacific-stage-1-w2
NS,Fracture,atk,KRX,1,0,10,elim,2026-04-10 06:35:00,1,VCT 2026: Pacific Stage 1,https://www.vlr.gg/644659/nongshim-redforce-vs-drx-vct-2026-pacific-stage-1-w2
NS,Fracture,atk,KRX,1,0,11,elim,2026-04-10 06:35:00,1,VCT 2026: Pacific Stage 1,https://www.vlr.gg/644659/nongshim-redforce-vs-drx-vct-2026-pacific-stage-1-w2
NS,Fracture,atk,KRX,0,1,12,defus,2026-04-10 06:35:00,1,VCT 2026: Pacific Stage 1,https://www.vlr.gg/644659/nongshim-redforce-vs-drx-vct-2026-pacific-stage-1-w2
NS,Fracture,atk,KRX,1,0,25,elim,2026-04-10 06:35:00,1,VCT 2026: Pacific Stage 1,https://www.vlr.gg/644659/nongshim-redforce-vs-drx-vct-2026-pacific-stage-1-w2
NS,Fracture,atk,KRX,1,0,27,elim,2026-04-10 06:35:00,1,VCT 2026: Pacific Stage 1,https://www.vlr.gg/644659/nongshim-redforce-vs-drx-vct-2026-pacific-stage-1-w2
NS,Fracture,def,KRX,0,1,13,elim,2026-04-10 06:35:00,1,VCT 2026: Pacific Stage 1,https://www.vlr.gg/644659/nongshim-redforce-vs-drx-vct-2026-pacific-stage-1-w2
NS,Fracture,def,KRX,0,1,14,elim,2026-04-10 06:35:00,1,VCT 2026: Pacific Stage 1,https://www.vlr.gg/644659/nongshim-redforce-vs-drx-vct-2026-pacific-stage-1-w2
NS,Fracture,def,KRX,0,1,15,boom,2026-04-10 06:35:00,1,VCT 2026: Pacific Stage 1,https://www.vlr.gg/644659/nongshim-redforce-vs-drx-vct-2026-pacific-stage-1-w2
NS,Fracture,def,KRX,0,1,16,elim,2026-04-10 06:35:00,1,VCT 2026: Pacific Stage 1,https://www.vlr.gg/644659/nongshim-redforce-vs-drx-vct-2026-pacific-stage-1-w2
NS,Fracture,def,KRX,1,0,17,tim,2026-04-10 06:35:00,1,VCT 2026: Pacific Stage 1,https://www.vlr.gg/644659/nongshim-redforce-vs-drx-vct-2026-pacific-stage-1-w2
NS,Fracture,def,KRX,0,1,18,elim,2026-04-10 06:35:00,1,VCT 2026: Pacific Stage 1,https://www.vlr.gg/644659/nongshim-redforce-vs-drx-vct-2026-pacific-stage-1-w2
NS,Fracture,def,KRX,1,0,19,defus,2026-04-10 06:35:00,1,VCT 2026: Pacific Stage 1,https://www.vlr.gg/644659/nongshim-redforce-vs-drx-vct-2026-pacific-stage-1-w2
NS,Fracture,def,KRX,1,0,20,elim,2026-04-10 06:35:00,1,VCT 2026: Pacific Stage 1,https://www.vlr.gg/644659/nongshim-redforce-vs-drx-vct-2026-pacific-stage-1-w2
NS,Fracture,def,KRX,0,1,21,elim,2026-04-10 06:35:00,1,VCT 2026: Pacific Stage 1,https://www.vlr.gg/644659/nongshim-redforce-vs-drx-vct-2026-pacific-stage-1-w2
NS,Fracture,def,KRX,1,0,22,elim,2026-04-10 06:35:00,1,VCT 2026: Pacific Stage 1,https://www.vlr.gg/644659/nongshim-redforce-vs-drx-vct-2026-pacific-stage-1-w2
NS,Fracture,def,KRX,0,1,23,elim,2026-04-10 06:35:00,1,VCT 2026: Pacific Stage 1,https://www.vlr.gg/644659/nongshim-redforce-vs-drx-vct-2026-pacific-stage-1-w2
NS,Fracture,def,KRX,0,1,24,elim,2026-04-10 06:35:00,1,VCT 2026: Pacific Stage 1,https://www.vlr.gg/644659/nongshim-redforce-vs-drx-vct-2026-pacific-stage-1-w2
NS,Fracture,def,KRX,0,1,26,elim,2026-04-10 06:35:00,1,VCT 2026: Pacific Stage 1,https://www.vlr.gg/644659/nongshim-redforce-vs-drx-vct-2026-pacific-stage-1-w2
NS,Fracture,def,KRX,1,0,28,defus,2026-04-10 06:35:00,1,VCT 2026: Pacific Stage 1,https://www.vlr.gg/644659/nongshim-redforce-vs-drx-vct-2026-pacific-stage-1-w2
NS,Lotus,atk,KRX,0,1,1,elim,2026-04-10 06:35:00,2,VCT 2026: Pacific Stage 1,https://www.vlr.gg/644659/nongshim-redforce-vs-drx-vct-2026-pacific-stage-1-w2
NS,Lotus,atk,KRX,0,1,2,elim,2026-04-10 06:35:00,2,VCT 2026: Pacific Stage 1,https://www.vlr.gg/644659/nongshim-redforce-vs-drx-vct-2026-pacific-stage-1-w2
NS,Lotus,atk,KRX,1,0,3,elim,2026-04-10 06:35:00,2,VCT 2026: Pacific Stage 1,https://www.vlr.gg/644659/nongshim-redforce-vs-drx-vct-2026-pacific-stage-1-w2
NS,Lotus,atk,KRX,0,1,4,defus,2026-04-10 06:35:00,2,VCT 2026: Pacific Stage 1,https://www.vlr.gg/644659/nongshim-redforce-vs-drx-vct-2026-pacific-stage-1-w2
NS,Lotus,atk,KRX,0,1,5,defus,2026-04-10 06:35:00,2,VCT 2026: Pacific Stage 1,https://www.vlr.gg/644659/nongshim-redforce-vs-drx-vct-2026-pacific-stage-1-w2
NS,Lotus,atk,KRX,0,1,6,defus,2026-04-10 06:35:00,2,VCT 2026: Pacific Stage 1,https://www.vlr.gg/644659/nongshim-redforce-vs-drx-vct-2026-pacific-stage-1-w2
NS,Lotus,atk,KRX,0,1,7,defus,2026-04-10 06:35:00,2,VCT 2026: Pacific Stage 1,https://www.vlr.gg/644659/nongshim-redforce-vs-drx-vct-2026-pacific-stage-1-w2
NS,Lotus,atk,KRX,1,0,8,boom,2026-04-10 06:35:00,2,VCT 2026: Pacific Stage 1,https://www.vlr.gg/644659/nongshim-redforce-vs-drx-vct-2026-pacific-stage-1-w2
NS,Lotus,atk,KRX,1,0,9,boom,2026-04-10 06:35:00,2,VCT 2026: Pacific Stage 1,https://www.vlr.gg/644659/nongshim-redforce-vs-drx-vct-2026-pacific-stage-1-w2
NS,Lotus,atk,KRX,1,0,10,elim,2026-04-10 06:35:00,2,VCT 2026: Pacific Stage 1,https://www.vlr.gg/644659/nongshim-redforce-vs-drx-vct-2026-pacific-stage-1-w2
NS,Lotus,atk,KRX,0,1,11,elim,2026-04-10 06:35:00,2,VCT 2026: Pacific Stage 1,https://www.vlr.gg/644659/nongshim-redforce-vs-drx-vct-2026-pacific-stage-1-w2
NS,Lotus,atk,KRX,0,1,12,defus,2026-04-10 06:35:00,2,VCT 2026: Pacific Stage 1,https://www.vlr.gg/644659/nongshim-redforce-vs-drx-vct-2026-pacific-stage-1-w2
NS,Lotus,def,KRX,0,1,13,elim,2026-04-10 06:35:00,2,VCT 2026: Pacific Stage 1,https://www.vlr.gg/644659/nongshim-redforce-vs-drx-vct-2026-pacific-stage-1-w2
NS,Lotus,def,KRX,0,1,14,elim,2026-04-10 06:35:00,2,VCT 2026: Pacific Stage 1,https://www.vlr.gg/644659/nongshim-redforce-vs-drx-vct-2026-pacific-stage-1-w2
NS,Lotus,def,KRX,0,1,15,elim,2026-04-10 06:35:00,2,VCT 2026: Pacific Stage 1,https://www.vlr.gg/644659/nongshim-redforce-vs-drx-vct-2026-pacific-stage-1-w2
NS,Lotus,def,KRX,1,0,16,tim,2026-04-10 06:35:00,2,VCT 2026: Pacific Stage 1,https://www.vlr.gg/644659/nongshim-redforce-vs-drx-vct-2026-pacific-stage-1-w2
NS,Lotus,def,KRX,0,1,17,elim,2026-04-10 06:35:00,2,VCT 2026: Pacific Stage 1,https://www.vlr.gg/644659/nongshim-redforce-vs-drx-vct-2026-pacific-stage-1-w2
NS,Lotus,def,KRX,1,0,18,elim,2026-04-10 06:35:00,2,VCT 2026: Pacific Stage 1,https://www.vlr.gg/644659/nongshim-redforce-vs-drx-vct-2026-pacific-stage-1-w2
NS,Lotus,def,KRX,1,0,19,elim,2026-04-10 06:35:00,2,VCT 2026: Pacific Stage 1,https://www.vlr.gg/644659/nongshim-redforce-vs-drx-vct-2026-pacific-stage-1-w2
NS,Lotus,def,KRX,1,0,20,tim,2026-04-10 06:35:00,2,VCT 2026: Pacific Stage 1,https://www.vlr.gg/644659/nongshim-redforce-vs-drx-vct-2026-pacific-stage-1-w2
NS,Lotus,def,KRX,1,0,21,elim,2026-04-10 06:35:00,2,VCT 2026: Pacific Stage 1,https://www.vlr.gg/644659/nongshim-redforce-vs-drx-vct-2026-pacific-stage-1-w2
NS,Lotus,def,KRX,1,0,22,elim,2026-04-10 06:35:00,2,VCT 2026: Pacific Stage 1,https://www.vlr.gg/644659/nongshim-redforce-vs-drx-vct-2026-pacific-stage-1-w2
NS,Lotus,def,KRX,0,1,23,elim,2026-04-10 06:35:00,2,VCT 2026: Pacific Stage 1,https://www.vlr.gg/644659/nongshim-redforce-vs-drx-vct-2026-pacific-stage-1-w2
TS,Split,atk,GE,1,0,13,elim,2026-04-11 04:00:00,0,VCT 2026: Pacific Stage 1,https://www.vlr.gg/644660/team-secret-vs-global-esports-vct-2026-pacific-stage-1-w2
TS,Split,atk,GE,1,0,14,elim,2026-04-11 04:00:00,0,VCT 2026: Pacific Stage 1,https://www.vlr.gg/644660/team-secret-vs-global-esports-vct-2026-pacific-stage-1-w2
TS,Split,atk,GE,1,0,15,boom,2026-04-11 04:00:00,0,VCT 2026: Pacific Stage 1,https://www.vlr.gg/644660/team-secret-vs-global-esports-vct-2026-pacific-stage-1-w2
TS,Split,atk,GE,0,1,16,defus,2026-04-11 04:00:00,0,VCT 2026: Pacific Stage 1,https://www.vlr.gg/644660/team-secret-vs-global-esports-vct-2026-pacific-stage-1-w2
TS,Split,atk,GE,0,1,17,elim,2026-04-11 04:00:00,0,VCT 2026: Pacific Stage 1,https://www.vlr.gg/644660/team-secret-vs-global-esports-vct-2026-pacific-stage-1-w2
TS,Split,atk,GE,1,0,18,elim,2026-04-11 04:00:00,0,VCT 2026: Pacific Stage 1,https://www.vlr.gg/644660/team-secret-vs-global-esports-vct-2026-pacific-stage-1-w2
TS,Split,atk,GE,0,1,19,elim,2026-04-11 04:00:00,0,VCT 2026: Pacific Stage 1,https://www.vlr.gg/644660/team-secret-vs-global-esports-vct-2026-pacific-stage-1-w2
TS,Split,atk,GE,1,0,20,elim,2026-04-11 04:00:00,0,VCT 2026: Pacific Stage 1,https://www.vlr.gg/644660/team-secret-vs-global-esports-vct-2026-pacific-stage-1-w2
TS,Split,atk,GE,1,0,21,elim,2026-04-11 04:00:00,0,VCT 2026: Pacific Stage 1,https://www.vlr.gg/644660/team-secret-vs-global-esports-vct-2026-pacific-stage-1-w2
TS,Split,atk,GE,0,1,22,defus,2026-04-11 04:00:00,0,VCT 2026: Pacific Stage 1,https://www.vlr.gg/644660/team-secret-vs-global-esports-vct-2026-pacific-stage-1-w2
TS,Split,def,GE,0,1,1,elim,2026-04-11 04:00:00,0,VCT 2026: Pacific Stage 1,https://www.vlr.gg/644660/team-secret-vs-global-esports-vct-2026-pacific-stage-1-w2
TS,Split,def,GE,0,1,2,boom,2026-04-11 04:00:00,0,VCT 2026: Pacific Stage 1,https://www.vlr.gg/644660/team-secret-vs-global-esports-vct-2026-pacific-stage-1-w2
TS,Split,def,GE,0,1,3,elim,2026-04-11 04:00:00,0,VCT 2026: Pacific Stage 1,https://www.vlr.gg/644660/team-secret-vs-global-esports-vct-2026-pacific-stage-1-w2
TS,Split,def,GE,0,1,4,elim,2026-04-11 04:00:00,0,VCT 2026: Pacific Stage 1,https://www.vlr.gg/644660/team-secret-vs-global-esports-vct-2026-pacific-stage-1-w2
TS,Split,def,GE,0,1,5,boom,2026-04-11 04:00:00,0,VCT 2026: Pacific Stage 1,https://www.vlr.gg/644660/team-secret-vs-global-esports-vct-2026-pacific-stage-1-w2
TS,Split,def,GE,0,1,6,elim,2026-04-11 04:00:00,0,VCT 2026: Pacific Stage 1,https://www.vlr.gg/644660/team-secret-vs-global-esports-vct-2026-pacific-stage-1-w2
TS,Split,def,GE,1,0,7,tim,2026-04-11 04:00:00,0,VCT 2026: Pacific Stage 1,https://www.vlr.gg/644660/team-secret-vs-global-esports-vct-2026-pacific-stage-1-w2
TS,Split,def,GE,0,1,8,elim,2026-04-11 04:00:00,0,VCT 2026: Pacific Stage 1,https://www.vlr.gg/644660/team-secret-vs-global-esports-vct-2026-pacific-stage-1-w2
TS,Split,def,GE,0,1,9,elim,2026-04-11 04:00:00,0,VCT 2026: Pacific Stage 1,https://www.vlr.gg/644660/team-secret-vs-global-esports-vct-2026-pacific-stage-1-w2
TS,Split,def,GE,1,0,10,elim,2026-04-11 04:00:00,0,VCT 2026: Pacific Stage 1,https://www.vlr.gg/644660/team-secret-vs-global-esports-vct-2026-pacific-stage-1-w2
TS,Split,def,GE,0,1,11,boom,2026-04-11 04:00:00,0,VCT 2026: Pacific Stage 1,https://www.vlr.gg/644660/team-secret-vs-global-esports-vct-2026-pacific-stage-1-w2
TS,Split,def,GE,1,0,12,defus,2026-04-11 04:00:00,0,VCT 2026: Pacific Stage 1,https://www.vlr.gg/644660/team-secret-vs-global-esports-vct-2026-pacific-stage-1-w2
TS,Lotus,atk,GE,0,1,13,elim,2026-04-11 04:00:00,1,VCT 2026: Pacific Stage 1,https://www.vlr.gg/644660/team-secret-vs-global-esports-vct-2026-pacific-stage-1-w2
TS,Lotus,atk,GE,0,1,14,elim,2026-04-11 04:00:00,1,VCT 2026: Pacific Stage 1,https://www.vlr.gg/644660/team-secret-vs-global-esports-vct-2026-pacific-stage-1-w2
TS,Lotus,atk,GE,1,0,15,elim,2026-04-11 04:00:00,1,VCT 2026: Pacific Stage 1,https://www.vlr.gg/644660/team-secret-vs-global-esports-vct-2026-pacific-stage-1-w2
TS,Lotus,atk,GE,1,0,16,boom,2026-04-11 04:00:00,1,VCT 2026: Pacific Stage 1,https://www.vlr.gg/644660/team-secret-vs-global-esports-vct-2026-pacific-stage-1-w2
TS,Lotus,atk,GE,1,0,17,boom,2026-04-11 04:00:00,1,VCT 2026: Pacific Stage 1,https://www.vlr.gg/644660/team-secret-vs-global-esports-vct-2026-pacific-stage-1-w2
TS,Lotus,atk,GE,1,0,18,boom,2026-04-11 04:00:00,1,VCT 2026: Pacific Stage 1,https://www.vlr.gg/644660/team-secret-vs-global-esports-vct-2026-pacific-stage-1-w2
TS,Lotus,atk,GE,0,1,19,elim,2026-04-11 04:00:00,1,VCT 2026: Pacific Stage 1,https://www.vlr.gg/644660/team-secret-vs-global-esports-vct-2026-pacific-stage-1-w2
TS,Lotus,atk,GE,0,1,20,elim,2026-04-11 04:00:00,1,VCT 2026: Pacific Stage 1,https://www.vlr.gg/644660/team-secret-vs-global-esports-vct-2026-pacific-stage-1-w2
TS,Lotus,atk,GE,1,0,21,boom,2026-04-11 04:00:00,1,VCT 2026: Pacific Stage 1,https://www.vlr.gg/644660/team-secret-vs-global-esports-vct-2026-pacific-stage-1-w2
TS,Lotus,atk,GE,0,1,22,defus,2026-04-11 04:00:00,1,VCT 2026: Pacific Stage 1,https://www.vlr.gg/644660/team-secret-vs-global-esports-vct-2026-pacific-stage-1-w2
TS,Lotus,def,GE,1,0,1,defus,2026-04-11 04:00:00,1,VCT 2026: Pacific Stage 1,https://www.vlr.gg/644660/team-secret-vs-global-esports-vct-2026-pacific-stage-1-w2
TS,Lotus,def,GE,0,1,2,elim,2026-04-11 04:00:00,1,VCT 2026: Pacific Stage 1,https://www.vlr.gg/644660/team-secret-vs-global-esports-vct-2026-pacific-stage-1-w2
TS,Lotus,def,GE,0,1,3,boom,2026-04-11 04:00:00,1,VCT 2026: Pacific Stage 1,https://www.vlr.gg/644660/team-secret-vs-global-esports-vct-2026-pacific-stage-1-w2
TS,Lotus,def,GE,1,0,4,defus,2026-04-11 04:00:00,1,VCT 2026: Pacific Stage 1,https://www.vlr.gg/644660/team-secret-vs-global-esports-vct-2026-pacific-stage-1-w2
TS,Lotus,def,GE,1,0,5,defus,2026-04-11 04:00:00,1,VCT 2026: Pacific Stage 1,https://www.vlr.gg/644660/team-secret-vs-global-esports-vct-2026-pacific-stage-1-w2
TS,Lotus,def,GE,0,1,6,elim,2026-04-11 04:00:00,1,VCT 2026: Pacific Stage 1,https://www.vlr.gg/644660/team-secret-vs-global-esports-vct-2026-pacific-stage-1-w2
TS,Lotus,def,GE,0,1,7,boom,2026-04-11 04:00:00,1,VCT 2026: Pacific Stage 1,https://www.vlr.gg/644660/team-secret-vs-global-esports-vct-2026-pacific-stage-1-w2
TS,Lotus,def,GE,0,1,8,elim,2026-04-11 04:00:00,1,VCT 2026: Pacific Stage 1,https://www.vlr.gg/644660/team-secret-vs-global-esports-vct-2026-pacific-stage-1-w2
TS,Lotus,def,GE,0,1,9,elim,2026-04-11 04:00:00,1,VCT 2026: Pacific Stage 1,https://www.vlr.gg/644660/team-secret-vs-global-esports-vct-2026-pacific-stage-1-w2
TS,Lotus,def,GE,0,1,10,elim,2026-04-11 04:00:00,1,VCT 2026: Pacific Stage 1,https://www.vlr.gg/644660/team-secret-vs-global-esports-vct-2026-pacific-stage-1-w2
TS,Lotus,def,GE,1,0,11,defus,2026-04-11 04:00:00,1,VCT 2026: Pacific Stage 1,https://www.vlr.gg/644660/team-secret-vs-global-esports-vct-2026-pacific-stage-1-w2
TS,Lotus,def,GE,0,1,12,elim,2026-04-11 04:00:00,1,VCT 2026: Pacific Stage 1,https://www.vlr.gg/644660/team-secret-vs-global-esports-vct-2026-pacific-stage-1-w2
RRQ,Bind,atk,VL,0,1,1,elim,2026-04-11 06:25:00,0,VCT 2026: Pacific Stage 1,https://www.vlr.gg/644661/rex-regum-qeon-vs-varrel-vct-2026-pacific-stage-1-w2
RRQ,Bind,atk,VL,0,1,2,defus,2026-04-11 06:25:00,0,VCT 2026: Pacific Stage 1,https://www.vlr.gg/644661/rex-regum-qeon-vs-varrel-vct-2026-pacific-stage-1-w2
RRQ,Bind,atk,VL,1,0,3,elim,2026-04-11 06:25:00,0,VCT 2026: Pacific Stage 1,https://www.vlr.gg/644661/rex-regum-qeon-vs-varrel-vct-2026-pacific-stage-1-w2
RRQ,Bind,atk,VL,1,0,4,boom,2026-04-11 06:25:00,0,VCT 2026: Pacific Stage 1,https://www.vlr.gg/644661/rex-regum-qeon-vs-varrel-vct-2026-pacific-stage-1-w2
RRQ,Bind,atk,VL,1,0,5,elim,2026-04-11 06:25:00,0,VCT 2026: Pacific Stage 1,https://www.vlr.gg/644661/rex-regum-qeon-vs-varrel-vct-2026-pacific-stage-1-w2
RRQ,Bind,atk,VL,0,1,6,defus,2026-04-11 06:25:00,0,VCT 2026: Pacific Stage 1,https://www.vlr.gg/644661/rex-regum-qeon-vs-varrel-vct-2026-pacific-stage-1-w2
RRQ,Bind,atk,VL,1,0,7,boom,2026-04-11 06:25:00,0,VCT 2026: Pacific Stage 1,https://www.vlr.gg/644661/rex-regum-qeon-vs-varrel-vct-2026-pacific-stage-1-w2
RRQ,Bind,atk,VL,1,0,8,elim,2026-04-11 06:25:00,0,VCT 2026: Pacific Stage 1,https://www.vlr.gg/644661/rex-regum-qeon-vs-varrel-vct-2026-pacific-stage-1-w2
RRQ,Bind,atk,VL,1,0,9,elim,2026-04-11 06:25:00,0,VCT 2026: Pacific Stage 1,https://www.vlr.gg/644661/rex-regum-qeon-vs-varrel-vct-2026-pacific-stage-1-w2
RRQ,Bind,atk,VL,1,0,10,elim,2026-04-11 06:25:00,0,VCT 2026: Pacific Stage 1,https://www.vlr.gg/644661/rex-regum-qeon-vs-varrel-vct-2026-pacific-stage-1-w2
RRQ,Bind,atk,VL,1,0,11,elim,2026-04-11 06:25:00,0,VCT 2026: Pacific Stage 1,https://www.vlr.gg/644661/rex-regum-qeon-vs-varrel-vct-2026-pacific-stage-1-w2
RRQ,Bind,atk,VL,1,0,12,boom,2026-04-11 06:25:00,0,VCT 2026: Pacific Stage 1,https://www.vlr.gg/644661/rex-regum-qeon-vs-varrel-vct-2026-pacific-stage-1-w2
RRQ,Bind,def,VL,0,1,13,elim,2026-04-11 06:25:00,0,VCT 2026: Pacific Stage 1,https://www.vlr.gg/644661/rex-regum-qeon-vs-varrel-vct-2026-pacific-stage-1-w2
RRQ,Bind,def,VL,0,1,14,elim,2026-04-11 06:25:00,0,VCT 2026: Pacific Stage 1,https://www.vlr.gg/644661/rex-regum-qeon-vs-varrel-vct-2026-pacific-stage-1-w2
RRQ,Bind,def,VL,0,1,15,boom,2026-04-11 06:25:00,0,VCT 2026: Pacific Stage 1,https://www.vlr.gg/644661/rex-regum-qeon-vs-varrel-vct-2026-pacific-stage-1-w2
RRQ,Bind,def,VL,0,1,16,elim,2026-04-11 06:25:00,0,VCT 2026: Pacific Stage 1,https://www.vlr.gg/644661/rex-regum-qeon-vs-varrel-vct-2026-pacific-stage-1-w2
RRQ,Bind,def,VL,1,0,17,tim,2026-04-11 06:25:00,0,VCT 2026: Pacific Stage 1,https://www.vlr.gg/644661/rex-regum-qeon-vs-varrel-vct-2026-pacific-stage-1-w2
RRQ,Bind,def,VL,0,1,18,boom,2026-04-11 06:25:00,0,VCT 2026: Pacific Stage 1,https://www.vlr.gg/644661/rex-regum-qeon-vs-varrel-vct-2026-pacific-stage-1-w2
RRQ,Bind,def,VL,0,1,19,boom,2026-04-11 06:25:00,0,VCT 2026: Pacific Stage 1,https://www.vlr.gg/644661/rex-regum-qeon-vs-varrel-vct-2026-pacific-stage-1-w2
RRQ,Bind,def,VL,1,0,20,elim,2026-04-11 06:25:00,0,VCT 2026: Pacific Stage 1,https://www.vlr.gg/644661/rex-regum-qeon-vs-varrel-vct-2026-pacific-stage-1-w2
RRQ,Bind,def,VL,1,0,21,defus,2026-04-11 06:25:00,0,VCT 2026: Pacific Stage 1,https://www.vlr.gg/644661/rex-regum-qeon-vs-varrel-vct-2026-pacific-stage-1-w2
RRQ,Bind,def,VL,0,1,22,elim,2026-04-11 06:25:00,0,VCT 2026: Pacific Stage 1,https://www.vlr.gg/644661/rex-regum-qeon-vs-varrel-vct-2026-pacific-stage-1-w2
RRQ,Bind,def,VL,0,1,23,boom,2026-04-11 06:25:00,0,VCT 2026: Pacific Stage 1,https://www.vlr.gg/644661/rex-regum-qeon-vs-varrel-vct-2026-pacific-stage-1-w2
RRQ,Bind,def,VL,1,0,24,tim,2026-04-11 06:25:00,0,VCT 2026: Pacific Stage 1,https://www.vlr.gg/644661/rex-regum-qeon-vs-varrel-vct-2026-pacific-stage-1-w2
RRQ,Split,atk,VL,0,1,1,defus,2026-04-11 06:25:00,1,VCT 2026: Pacific Stage 1,https://www.vlr.gg/644661/rex-regum-qeon-vs-varrel-vct-2026-pacific-stage-1-w2
RRQ,Split,atk,VL,1,0,2,elim,2026-04-11 06:25:00,1,VCT 2026: Pacific Stage 1,https://www.vlr.gg/644661/rex-regum-qeon-vs-varrel-vct-2026-pacific-stage-1-w2
RRQ,Split,atk,VL,1,0,3,elim,2026-04-11 06:25:00,1,VCT 2026: Pacific Stage 1,https://www.vlr.gg/644661/rex-regum-qeon-vs-varrel-vct-2026-pacific-stage-1-w2
RRQ,Split,atk,VL,1,0,4,boom,2026-04-11 06:25:00,1,VCT 2026: Pacific Stage 1,https://www.vlr.gg/644661/rex-regum-qeon-vs-varrel-vct-2026-pacific-stage-1-w2
RRQ,Split,atk,VL,0,1,5,defus,2026-04-11 06:25:00,1,VCT 2026: Pacific Stage 1,https://www.vlr.gg/644661/rex-regum-qeon-vs-varrel-vct-2026-pacific-stage-1-w2
RRQ,Split,atk,VL,1,0,6,boom,2026-04-11 06:25:00,1,VCT 2026: Pacific Stage 1,https://www.vlr.gg/644661/rex-regum-qeon-vs-varrel-vct-2026-pacific-stage-1-w2
RRQ,Split,atk,VL,1,0,7,elim,2026-04-11 06:25:00,1,VCT 2026: Pacific Stage 1,https://www.vlr.gg/644661/rex-regum-qeon-vs-varrel-vct-2026-pacific-stage-1-w2
RRQ,Split,atk,VL,1,0,8,boom,2026-04-11 06:25:00,1,VCT 2026: Pacific Stage 1,https://www.vlr.gg/644661/rex-regum-qeon-vs-varrel-vct-2026-pacific-stage-1-w2
RRQ,Split,atk,VL,1,0,9,elim,2026-04-11 06:25:00,1,VCT 2026: Pacific Stage 1,https://www.vlr.gg/644661/rex-regum-qeon-vs-varrel-vct-2026-pacific-stage-1-w2
RRQ,Split,atk,VL,0,1,10,elim,2026-04-11 06:25:00,1,VCT 2026: Pacific Stage 1,https://www.vlr.gg/644661/rex-regum-qeon-vs-varrel-vct-2026-pacific-stage-1-w2
RRQ,Split,atk,VL,0,1,11,defus,2026-04-11 06:25:00,1,VCT 2026: Pacific Stage 1,https://www.vlr.gg/644661/rex-regum-qeon-vs-varrel-vct-2026-pacific-stage-1-w2
RRQ,Split,atk,VL,0,1,12,elim,2026-04-11 06:25:00,1,VCT 2026: Pacific Stage 1,https://www.vlr.gg/644661/rex-regum-qeon-vs-varrel-vct-2026-pacific-stage-1-w2
RRQ,Split,atk,VL,1,0,25,elim,2026-04-11 06:25:00,1,VCT 2026: Pacific Stage 1,https://www.vlr.gg/644661/rex-regum-qeon-vs-varrel-vct-2026-pacific-stage-1-w2
RRQ,Split,atk,VL,1,0,27,elim,2026-04-11 06:25:00,1,VCT 2026: Pacific Stage 1,https://www.vlr.gg/644661/rex-regum-qeon-vs-varrel-vct-2026-pacific-stage-1-w2
RRQ,Split,atk,VL,1,0,29,elim,2026-04-11 06:25:00,1,VCT 2026: Pacific Stage 1,https://www.vlr.gg/644661/rex-regum-qeon-vs-varrel-vct-2026-pacific-stage-1-w2
RRQ,Split,def,VL,1,0,13,elim,2026-04-11 06:25:00,1,VCT 2026: Pacific Stage 1,https://www.vlr.gg/644661/rex-regum-qeon-vs-varrel-vct-2026-pacific-stage-1-w2
RRQ,Split,def,VL,1,0,14,defus,2026-04-11 06:25:00,1,VCT 2026: Pacific Stage 1,https://www.vlr.gg/644661/rex-regum-qeon-vs-varrel-vct-2026-pacific-stage-1-w2
RRQ,Split,def,VL,0,1,15,boom,2026-04-11 06:25:00,1,VCT 2026: Pacific Stage 1,https://www.vlr.gg/644661/rex-regum-qeon-vs-varrel-vct-2026-pacific-stage-1-w2
RRQ,Split,def,VL,1,0,16,elim,2026-04-11 06:25:00,1,VCT 2026: Pacific Stage 1,https://www.vlr.gg/644661/rex-regum-qeon-vs-varrel-vct-2026-pacific-stage-1-w2
RRQ,Split,def,VL,0,1,17,elim,2026-04-11 06:25:00,1,VCT 2026: Pacific Stage 1,https://www.vlr.gg/644661/rex-regum-qeon-vs-varrel-vct-2026-pacific-stage-1-w2
RRQ,Split,def,VL,0,1,18,boom,2026-04-11 06:25:00,1,VCT 2026: Pacific Stage 1,https://www.vlr.gg/644661/rex-regum-qeon-vs-varrel-vct-2026-pacific-stage-1-w2
RRQ,Split,def,VL,1,0,19,defus,2026-04-11 06:25:00,1,VCT 2026: Pacific Stage 1,https://www.vlr.gg/644661/rex-regum-qeon-vs-varrel-vct-2026-pacific-stage-1-w2
RRQ,Split,def,VL,0,1,20,boom,2026-04-11 06:25:00,1,VCT 2026: Pacific Stage 1,https://www.vlr.gg/644661/rex-regum-qeon-vs-varrel-vct-2026-pacific-stage-1-w2
RRQ,Split,def,VL,0,1,21,elim,2026-04-11 06:25:00,1,VCT 2026: Pacific Stage 1,https://www.vlr.gg/644661/rex-regum-qeon-vs-varrel-vct-2026-pacific-stage-1-w2
RRQ,Split,def,VL,0,1,22,elim,2026-04-11 06:25:00,1,VCT 2026: Pacific Stage 1,https://www.vlr.gg/644661/rex-regum-qeon-vs-varrel-vct-2026-pacific-stage-1-w2
RRQ,Split,def,VL,1,0,23,defus,2026-04-11 06:25:00,1,VCT 2026: Pacific Stage 1,https://www.vlr.gg/644661/rex-regum-qeon-vs-varrel-vct-2026-pacific-stage-1-w2
RRQ,Split,def,VL,0,1,24,elim,2026-04-11 06:25:00,1,VCT 2026: Pacific Stage 1,https://www.vlr.gg/644661/rex-regum-qeon-vs-varrel-vct-2026-pacific-stage-1-w2
RRQ,Split,def,VL,0,1,26,elim,2026-04-11 06:25:00,1,VCT 2026: Pacific Stage 1,https://www.vlr.gg/644661/rex-regum-qeon-vs-varrel-vct-2026-pacific-stage-1-w2
RRQ,Split,def,VL,0,1,28,elim,2026-04-11 06:25:00,1,VCT 2026: Pacific Stage 1,https://www.vlr.gg/644661/rex-regum-qeon-vs-varrel-vct-2026-pacific-stage-1-w2
RRQ,Split,def,VL,1,0,30,defus,2026-04-11 06:25:00,1,VCT 2026: Pacific Stage 1,https://www.vlr.gg/644661/rex-regum-qeon-vs-varrel-vct-2026-pacific-stage-1-w2
FS,Fracture,atk,ZETA,0,1,13,defus,2026-04-12 04:00:00,0,VCT 2026: Pacific Stage 1,https://www.vlr.gg/644662/full-sense-vs-zeta-division-vct-2026-pacific-stage-1-w2
FS,Fracture,atk,ZETA,0,1,14,elim,2026-04-12 04:00:00,0,VCT 2026: Pacific Stage 1,https://www.vlr.gg/644662/full-sense-vs-zeta-division-vct-2026-pacific-stage-1-w2
FS,Fracture,atk,ZETA,1,0,15,elim,2026-04-12 04:00:00,0,VCT 2026: Pacific Stage 1,https://www.vlr.gg/644662/full-sense-vs-zeta-division-vct-2026-pacific-stage-1-w2
FS,Fracture,atk,ZETA,1,0,16,boom,2026-04-12 04:00:00,0,VCT 2026: Pacific Stage 1,https://www.vlr.gg/644662/full-sense-vs-zeta-division-vct-2026-pacific-stage-1-w2
FS,Fracture,atk,ZETA,1,0,17,elim,2026-04-12 04:00:00,0,VCT 2026: Pacific Stage 1,https://www.vlr.gg/644662/full-sense-vs-zeta-division-vct-2026-pacific-stage-1-w2
FS,Fracture,atk,ZETA,1,0,18,elim,2026-04-12 04:00:00,0,VCT 2026: Pacific Stage 1,https://www.vlr.gg/644662/full-sense-vs-zeta-division-vct-2026-pacific-stage-1-w2
FS,Fracture,atk,ZETA,1,0,19,elim,2026-04-12 04:00:00,0,VCT 2026: Pacific Stage 1,https://www.vlr.gg/644662/full-sense-vs-zeta-division-vct-2026-pacific-stage-1-w2
FS,Fracture,def,ZETA,1,0,1,defus,2026-04-12 04:00:00,0,VCT 2026: Pacific Stage 1,https://www.vlr.gg/644662/full-sense-vs-zeta-division-vct-2026-pacific-stage-1-w2
FS,Fracture,def,ZETA,1,0,2,elim,2026-04-12 04:00:00,0,VCT 2026: Pacific Stage 1,https://www.vlr.gg/644662/full-sense-vs-zeta-division-vct-2026-pacific-stage-1-w2
FS,Fracture,def,ZETA,1,0,3,defus,2026-04-12 04:00:00,0,VCT 2026: Pacific Stage 1,https://www.vlr.gg/644662/full-sense-vs-zeta-division-vct-2026-pacific-stage-1-w2
FS,Fracture,def,ZETA,1,0,4,elim,2026-04-12 04:00:00,0,VCT 2026: Pacific Stage 1,https://www.vlr.gg/644662/full-sense-vs-zeta-division-vct-2026-pacific-stage-1-w2
FS,Fracture,def,ZETA,0,1,5,elim,2026-04-12 04:00:00,0,VCT 2026: Pacific Stage 1,https://www.vlr.gg/644662/full-sense-vs-zeta-division-vct-2026-pacific-stage-1-w2
FS,Fracture,def,ZETA,1,0,6,elim,2026-04-12 04:00:00,0,VCT 2026: Pacific Stage 1,https://www.vlr.gg/644662/full-sense-vs-zeta-division-vct-2026-pacific-stage-1-w2
FS,Fracture,def,ZETA,1,0,7,defus,2026-04-12 04:00:00,0,VCT 2026: Pacific Stage 1,https://www.vlr.gg/644662/full-sense-vs-zeta-division-vct-2026-pacific-stage-1-w2
FS,Fracture,def,ZETA,0,1,8,boom,2026-04-12 04:00:00,0,VCT 2026: Pacific Stage 1,https://www.vlr.gg/644662/full-sense-vs-zeta-division-vct-2026-pacific-stage-1-w2
FS,Fracture,def,ZETA,0,1,9,elim,2026-04-12 04:00:00,0,VCT 2026: Pacific Stage 1,https://www.vlr.gg/644662/full-sense-vs-zeta-division-vct-2026-pacific-stage-1-w2
FS,Fracture,def,ZETA,1,0,10,defus,2026-04-12 04:00:00,0,VCT 2026: Pacific Stage 1,https://www.vlr.gg/644662/full-sense-vs-zeta-division-vct-2026-pacific-stage-1-w2
FS,Fracture,def,ZETA,1,0,11,elim,2026-04-12 04:00:00,0,VCT 2026: Pacific Stage 1,https://www.vlr.gg/644662/full-sense-vs-zeta-division-vct-2026-pacific-stage-1-w2
FS,Fracture,def,ZETA,0,1,12,elim,2026-04-12 04:00:00,0,VCT 2026: Pacific Stage 1,https://www.vlr.gg/644662/full-sense-vs-zeta-division-vct-2026-pacific-stage-1-w2
FS,Split,atk,ZETA,1,0,13,elim,2026-04-12 04:00:00,1,VCT 2026: Pacific Stage 1,https://www.vlr.gg/644662/full-sense-vs-zeta-division-vct-2026-pacific-stage-1-w2
FS,Split,atk,ZETA,1,0,14,elim,2026-04-12 04:00:00,1,VCT 2026: Pacific Stage 1,https://www.vlr.gg/644662/full-sense-vs-zeta-division-vct-2026-pacific-stage-1-w2
FS,Split,atk,ZETA,0,1,15,elim,2026-04-12 04:00:00,1,VCT 2026: Pacific Stage 1,https://www.vlr.gg/644662/full-sense-vs-zeta-division-vct-2026-pacific-stage-1-w2
FS,Split,atk,ZETA,1,0,16,elim,2026-04-12 04:00:00,1,VCT 2026: Pacific Stage 1,https://www.vlr.gg/644662/full-sense-vs-zeta-division-vct-2026-pacific-stage-1-w2
FS,Split,atk,ZETA,1,0,17,elim,2026-04-12 04:00:00,1,VCT 2026: Pacific Stage 1,https://www.vlr.gg/644662/full-sense-vs-zeta-division-vct-2026-pacific-stage-1-w2
FS,Split,atk,ZETA,0,1,18,defus,2026-04-12 04:00:00,1,VCT 2026: Pacific Stage 1,https://www.vlr.gg/644662/full-sense-vs-zeta-division-vct-2026-pacific-stage-1-w2
FS,Split,atk,ZETA,0,1,19,elim,2026-04-12 04:00:00,1,VCT 2026: Pacific Stage 1,https://www.vlr.gg/644662/full-sense-vs-zeta-division-vct-2026-pacific-stage-1-w2
FS,Split,atk,ZETA,1,0,20,elim,2026-04-12 04:00:00,1,VCT 2026: Pacific Stage 1,https://www.vlr.gg/644662/full-sense-vs-zeta-division-vct-2026-pacific-stage-1-w2
FS,Split,def,ZETA,0,1,1,elim,2026-04-12 04:00:00,1,VCT 2026: Pacific Stage 1,https://www.vlr.gg/644662/full-sense-vs-zeta-division-vct-2026-pacific-stage-1-w2
FS,Split,def,ZETA,0,1,2,elim,2026-04-12 04:00:00,1,VCT 2026: Pacific Stage 1,https://www.vlr.gg/644662/full-sense-vs-zeta-division-vct-2026-pacific-stage-1-w2
FS,Split,def,ZETA,1,0,3,elim,2026-04-12 04:00:00,1,VCT 2026: Pacific Stage 1,https://www.vlr.gg/644662/full-sense-vs-zeta-division-vct-2026-pacific-stage-1-w2
FS,Split,def,ZETA,1,0,4,elim,2026-04-12 04:00:00,1,VCT 2026: Pacific Stage 1,https://www.vlr.gg/644662/full-sense-vs-zeta-division-vct-2026-pacific-stage-1-w2
FS,Split,def,ZETA,0,1,5,elim,2026-04-12 04:00:00,1,VCT 2026: Pacific Stage 1,https://www.vlr.gg/644662/full-sense-vs-zeta-division-vct-2026-pacific-stage-1-w2
FS,Split,def,ZETA,1,0,6,elim,2026-04-12 04:00:00,1,VCT 2026: Pacific Stage 1,https://www.vlr.gg/644662/full-sense-vs-zeta-division-vct-2026-pacific-stage-1-w2
FS,Split,def,ZETA,1,0,7,defus,2026-04-12 04:00:00,1,VCT 2026: Pacific Stage 1,https://www.vlr.gg/644662/full-sense-vs-zeta-division-vct-2026-pacific-stage-1-w2
FS,Split,def,ZETA,1,0,8,elim,2026-04-12 04:00:00,1,VCT 2026: Pacific Stage 1,https://www.vlr.gg/644662/full-sense-vs-zeta-division-vct-2026-pacific-stage-1-w2
FS,Split,def,ZETA,1,0,9,tim,2026-04-12 04:00:00,1,VCT 2026: Pacific Stage 1,https://www.vlr.gg/644662/full-sense-vs-zeta-division-vct-2026-pacific-stage-1-w2
FS,Split,def,ZETA,1,0,10,elim,2026-04-12 04:00:00,1,VCT 2026: Pacific Stage 1,https://www.vlr.gg/644662/full-sense-vs-zeta-division-vct-2026-pacific-stage-1-w2
FS,Split,def,ZETA,1,0,11,elim,2026-04-12 04:00:00,1,VCT 2026: Pacific Stage 1,https://www.vlr.gg/644662/full-sense-vs-zeta-division-vct-2026-pacific-stage-1-w2
FS,Split,def,ZETA,0,1,12,elim,2026-04-12 04:00:00,1,VCT 2026: Pacific Stage 1,https://www.vlr.gg/644662/full-sense-vs-zeta-division-vct-2026-pacific-stage-1-w2
GEN,Haven,atk,PRX,1,0,1,elim,2026-04-12 05:50:00,0,VCT 2026: Pacific Stage 1,https://www.vlr.gg/644663/gen-g-vs-paper-rex-vct-2026-pacific-stage-1-w2
GEN,Haven,atk,PRX,1,0,2,elim,2026-04-12 05:50:00,0,VCT 2026: Pacific Stage 1,https://www.vlr.gg/644663/gen-g-vs-paper-rex-vct-2026-pacific-stage-1-w2
GEN,Haven,atk,PRX,0,1,3,defus,2026-04-12 05:50:00,0,VCT 2026: Pacific Stage 1,https://www.vlr.gg/644663/gen-g-vs-paper-rex-vct-2026-pacific-stage-1-w2
GEN,Haven,atk,PRX,0,1,4,elim,2026-04-12 05:50:00,0,VCT 2026: Pacific Stage 1,https://www.vlr.gg/644663/gen-g-vs-paper-rex-vct-2026-pacific-stage-1-w2
GEN,Haven,atk,PRX,0,1,5,defus,2026-04-12 05:50:00,0,VCT 2026: Pacific Stage 1,https://www.vlr.gg/644663/gen-g-vs-paper-rex-vct-2026-pacific-stage-1-w2
GEN,Haven,atk,PRX,0,1,6,elim,2026-04-12 05:50:00,0,VCT 2026: Pacific Stage 1,https://www.vlr.gg/644663/gen-g-vs-paper-rex-vct-2026-pacific-stage-1-w2
GEN,Haven,atk,PRX,1,0,7,elim,2026-04-12 05:50:00,0,VCT 2026: Pacific Stage 1,https://www.vlr.gg/644663/gen-g-vs-paper-rex-vct-2026-pacific-stage-1-w2
GEN,Haven,atk,PRX,0,1,8,elim,2026-04-12 05:50:00,0,VCT 2026: Pacific Stage 1,https://www.vlr.gg/644663/gen-g-vs-paper-rex-vct-2026-pacific-stage-1-w2
GEN,Haven,atk,PRX,1,0,9,elim,2026-04-12 05:50:00,0,VCT 2026: Pacific Stage 1,https://www.vlr.gg/644663/gen-g-vs-paper-rex-vct-2026-pacific-stage-1-w2
GEN,Haven,atk,PRX,0,1,10,defus,2026-04-12 05:50:00,0,VCT 2026: Pacific Stage 1,https://www.vlr.gg/644663/gen-g-vs-paper-rex-vct-2026-pacific-stage-1-w2
GEN,Haven,atk,PRX,1,0,11,elim,2026-04-12 05:50:00,0,VCT 2026: Pacific Stage 1,https://www.vlr.gg/644663/gen-g-vs-paper-rex-vct-2026-pacific-stage-1-w2
GEN,Haven,atk,PRX,0,1,12,elim,2026-04-12 05:50:00,0,VCT 2026: Pacific Stage 1,https://www.vlr.gg/644663/gen-g-vs-paper-rex-vct-2026-pacific-stage-1-w2
GEN,Haven,atk,PRX,0,1,25,elim,2026-04-12 05:50:00,0,VCT 2026: Pacific Stage 1,https://www.vlr.gg/644663/gen-g-vs-paper-rex-vct-2026-pacific-stage-1-w2
GEN,Haven,atk,PRX,1,0,27,elim,2026-04-12 05:50:00,0,VCT 2026: Pacific Stage 1,https://www.vlr.gg/644663/gen-g-vs-paper-rex-vct-2026-pacific-stage-1-w2
GEN,Haven,atk,PRX,1,0,29,elim,2026-04-12 05:50:00,0,VCT 2026: Pacific Stage 1,https://www.vlr.gg/644663/gen-g-vs-paper-rex-vct-2026-pacific-stage-1-w2
GEN,Haven,atk,PRX,1,0,31,elim,2026-04-12 05:50:00,0,VCT 2026: Pacific Stage 1,https://www.vlr.gg/644663/gen-g-vs-paper-rex-vct-2026-pacific-stage-1-w2
GEN,Haven,def,PRX,0,1,13,elim,2026-04-12 05:50:00,0,VCT 2026: Pacific Stage 1,https://www.vlr.gg/644663/gen-g-vs-paper-rex-vct-2026-pacific-stage-1-w2
GEN,Haven,def,PRX,0,1,14,boom,2026-04-12 05:50:00,0,VCT 2026: Pacific Stage 1,https://www.vlr.gg/644663/gen-g-vs-paper-rex-vct-2026-pacific-stage-1-w2
GEN,Haven,def,PRX,1,0,15,defus,2026-04-12 05:50:00,0,VCT 2026: Pacific Stage 1,https://www.vlr.gg/644663/gen-g-vs-paper-rex-vct-2026-pacific-stage-1-w2
GEN,Haven,def,PRX,1,0,16,defus,2026-04-12 05:50:00,0,VCT 2026: Pacific Stage 1,https://www.vlr.gg/644663/gen-g-vs-paper-rex-vct-2026-pacific-stage-1-w2
GEN,Haven,def,PRX,1,0,17,defus,2026-04-12 05:50:00,0,VCT 2026: Pacific Stage 1,https://www.vlr.gg/644663/gen-g-vs-paper-rex-vct-2026-pacific-stage-1-w2
GEN,Haven,def,PRX,0,1,18,elim,2026-04-12 05:50:00,0,VCT 2026: Pacific Stage 1,https://www.vlr.gg/644663/gen-g-vs-paper-rex-vct-2026-pacific-stage-1-w2
GEN,Haven,def,PRX,0,1,19,elim,2026-04-12 05:50:00,0,VCT 2026: Pacific Stage 1,https://www.vlr.gg/644663/gen-g-vs-paper-rex-vct-2026-pacific-stage-1-w2
GEN,Haven,def,PRX,1,0,20,elim,2026-04-12 05:50:00,0,VCT 2026: Pacific Stage 1,https://www.vlr.gg/644663/gen-g-vs-paper-rex-vct-2026-pacific-stage-1-w2
GEN,Haven,def,PRX,0,1,21,elim,2026-04-12 05:50:00,0,VCT 2026: Pacific Stage 1,https://www.vlr.gg/644663/gen-g-vs-paper-rex-vct-2026-pacific-stage-1-w2
GEN,Haven,def,PRX,1,0,22,defus,2026-04-12 05:50:00,0,VCT 2026: Pacific Stage 1,https://www.vlr.gg/644663/gen-g-vs-paper-rex-vct-2026-pacific-stage-1-w2
GEN,Haven,def,PRX,1,0,23,elim,2026-04-12 05:50:00,0,VCT 2026: Pacific Stage 1,https://www.vlr.gg/644663/gen-g-vs-paper-rex-vct-2026-pacific-stage-1-w2
GEN,Haven,def,PRX,1,0,24,elim,2026-04-12 05:50:00,0,VCT 2026: Pacific Stage 1,https://www.vlr.gg/644663/gen-g-vs-paper-rex-vct-2026-pacific-stage-1-w2
GEN,Haven,def,PRX,1,0,26,elim,2026-04-12 05:50:00,0,VCT 2026: Pacific Stage 1,https://www.vlr.gg/644663/gen-g-vs-paper-rex-vct-2026-pacific-stage-1-w2
GEN,Haven,def,PRX,0,1,28,elim,2026-04-12 05:50:00,0,VCT 2026: Pacific Stage 1,https://www.vlr.gg/644663/gen-g-vs-paper-rex-vct-2026-pacific-stage-1-w2
GEN,Haven,def,PRX,0,1,30,elim,2026-04-12 05:50:00,0,VCT 2026: Pacific Stage 1,https://www.vlr.gg/644663/gen-g-vs-paper-rex-vct-2026-pacific-stage-1-w2
GEN,Haven,def,PRX,1,0,32,defus,2026-04-12 05:50:00,0,VCT 2026: Pacific Stage 1,https://www.vlr.gg/644663/gen-g-vs-paper-rex-vct-2026-pacific-stage-1-w2
GEN,Fracture,atk,PRX,0,1,13,defus,2026-04-12 05:50:00,1,VCT 2026: Pacific Stage 1,https://www.vlr.gg/644663/gen-g-vs-paper-rex-vct-2026-pacific-stage-1-w2
GEN,Fracture,atk,PRX,0,1,14,defus,2026-04-12 05:50:00,1,VCT 2026: Pacific Stage 1,https://www.vlr.gg/644663/gen-g-vs-paper-rex-vct-2026-pacific-stage-1-w2
GEN,Fracture,atk,PRX,0,1,15,defus,2026-04-12 05:50:00,1,VCT 2026: Pacific Stage 1,https://www.vlr.gg/644663/gen-g-vs-paper-rex-vct-2026-pacific-stage-1-w2
GEN,Fracture,atk,PRX,0,1,16,elim,2026-04-12 05:50:00,1,VCT 2026: Pacific Stage 1,https://www.vlr.gg/644663/gen-g-vs-paper-rex-vct-2026-pacific-stage-1-w2
GEN,Fracture,def,PRX,1,0,1,elim,2026-04-12 05:50:00,1,VCT 2026: Pacific Stage 1,https://www.vlr.gg/644663/gen-g-vs-paper-rex-vct-2026-pacific-stage-1-w2
GEN,Fracture,def,PRX,1,0,2,elim,2026-04-12 05:50:00,1,VCT 2026: Pacific Stage 1,https://www.vlr.gg/644663/gen-g-vs-paper-rex-vct-2026-pacific-stage-1-w2
GEN,Fracture,def,PRX,0,1,3,boom,2026-04-12 05:50:00,1,VCT 2026: Pacific Stage 1,https://www.vlr.gg/644663/gen-g-vs-paper-rex-vct-2026-pacific-stage-1-w2
GEN,Fracture,def,PRX,0,1,4,elim,2026-04-12 05:50:00,1,VCT 2026: Pacific Stage 1,https://www.vlr.gg/644663/gen-g-vs-paper-rex-vct-2026-pacific-stage-1-w2
GEN,Fracture,def,PRX,0,1,5,elim,2026-04-12 05:50:00,1,VCT 2026: Pacific Stage 1,https://www.vlr.gg/644663/gen-g-vs-paper-rex-vct-2026-pacific-stage-1-w2
GEN,Fracture,def,PRX,0,1,6,boom,2026-04-12 05:50:00,1,VCT 2026: Pacific Stage 1,https://www.vlr.gg/644663/gen-g-vs-paper-rex-vct-2026-pacific-stage-1-w2
GEN,Fracture,def,PRX,0,1,7,elim,2026-04-12 05:50:00,1,VCT 2026: Pacific Stage 1,https://www.vlr.gg/644663/gen-g-vs-paper-rex-vct-2026-pacific-stage-1-w2
GEN,Fracture,def,PRX,0,1,8,elim,2026-04-12 05:50:00,1,VCT 2026: Pacific Stage 1,https://www.vlr.gg/644663/gen-g-vs-paper-rex-vct-2026-pacific-stage-1-w2
GEN,Fracture,def,PRX,0,1,9,elim,2026-04-12 05:50:00,1,VCT 2026: Pacific Stage 1,https://www.vlr.gg/644663/gen-g-vs-paper-rex-vct-2026-pacific-stage-1-w2
GEN,Fracture,def,PRX,0,1,10,elim,2026-04-12 05:50:00,1,VCT 2026: Pacific Stage 1,https://www.vlr.gg/644663/gen-g-vs-paper-rex-vct-2026-pacific-stage-1-w2
GEN,Fracture,def,PRX,0,1,11,elim,2026-04-12 05:50:00,1,VCT 2026: Pacific Stage 1,https://www.vlr.gg/644663/gen-g-vs-paper-rex-vct-2026-pacific-stage-1-w2
GEN,Fracture,def,PRX,1,0,12,elim,2026-04-12 05:50:00,1,VCT 2026: Pacific Stage 1,https://www.vlr.gg/644663/gen-g-vs-paper-rex-vct-2026-pacific-stage-1-w2
GEN,Lotus,atk,PRX,1,0,1,elim,2026-04-12 05:50:00,2,VCT 2026: Pacific Stage 1,https://www.vlr.gg/644663/gen-g-vs-paper-rex-vct-2026-pacific-stage-1-w2
GEN,Lotus,atk,PRX,1,0,2,boom,2026-04-12 05:50:00,2,VCT 2026: Pacific Stage 1,https://www.vlr.gg/644663/gen-g-vs-paper-rex-vct-2026-pacific-stage-1-w2
GEN,Lotus,atk,PRX,0,1,3,elim,2026-04-12 05:50:00,2,VCT 2026: Pacific Stage 1,https://www.vlr.gg/644663/gen-g-vs-paper-rex-vct-2026-pacific-stage-1-w2
GEN,Lotus,atk,PRX,1,0,4,elim,2026-04-12 05:50:00,2,VCT 2026: Pacific Stage 1,https://www.vlr.gg/644663/gen-g-vs-paper-rex-vct-2026-pacific-stage-1-w2
GEN,Lotus,atk,PRX,0,1,5,elim,2026-04-12 05:50:00,2,VCT 2026: Pacific Stage 1,https://www.vlr.gg/644663/gen-g-vs-paper-rex-vct-2026-pacific-stage-1-w2
GEN,Lotus,atk,PRX,1,0,6,elim,2026-04-12 05:50:00,2,VCT 2026: Pacific Stage 1,https://www.vlr.gg/644663/gen-g-vs-paper-rex-vct-2026-pacific-stage-1-w2
GEN,Lotus,atk,PRX,1,0,7,elim,2026-04-12 05:50:00,2,VCT 2026: Pacific Stage 1,https://www.vlr.gg/644663/gen-g-vs-paper-rex-vct-2026-pacific-stage-1-w2
GEN,Lotus,atk,PRX,1,0,8,elim,2026-04-12 05:50:00,2,VCT 2026: Pacific Stage 1,https://www.vlr.gg/644663/gen-g-vs-paper-rex-vct-2026-pacific-stage-1-w2
GEN,Lotus,atk,PRX,1,0,9,elim,2026-04-12 05:50:00,2,VCT 2026: Pacific Stage 1,https://www.vlr.gg/644663/gen-g-vs-paper-rex-vct-2026-pacific-stage-1-w2
GEN,Lotus,atk,PRX,1,0,10,elim,2026-04-12 05:50:00,2,VCT 2026: Pacific Stage 1,https://www.vlr.gg/644663/gen-g-vs-paper-rex-vct-2026-pacific-stage-1-w2
GEN,Lotus,atk,PRX,1,0,11,boom,2026-04-12 05:50:00,2,VCT 2026: Pacific Stage 1,https://www.vlr.gg/644663/gen-g-vs-paper-rex-vct-2026-pacific-stage-1-w2
GEN,Lotus,atk,PRX,1,0,12,elim,2026-04-12 05:50:00,2,VCT 2026: Pacific Stage 1,https://www.vlr.gg/644663/gen-g-vs-paper-rex-vct-2026-pacific-stage-1-w2
GEN,Lotus,def,PRX,1,0,13,defus,2026-04-12 05:50:00,2,VCT 2026: Pacific Stage 1,https://www.vlr.gg/644663/gen-g-vs-paper-rex-vct-2026-pacific-stage-1-w2
GEN,Lotus,def,PRX,1,0,14,elim,2026-04-12 05:50:00,2,VCT 2026: Pacific Stage 1,https://www.vlr.gg/644663/gen-g-vs-paper-rex-vct-2026-pacific-stage-1-w2
GEN,Lotus,def,PRX,0,1,15,elim,2026-04-12 05:50:00,2,VCT 2026: Pacific Stage 1,https://www.vlr.gg/644663/gen-g-vs-paper-rex-vct-2026-pacific-stage-1-w2
GEN,Lotus,def,PRX,1,0,16,defus,2026-04-12 05:50:00,2,VCT 2026: Pacific Stage 1,https://www.vlr.gg/644663/gen-g-vs-paper-rex-vct-2026-pacific-stage-1-w2
FS,Haven,atk,VL,1,0,13,elim,2026-04-17 04:00:00,0,VCT 2026: Pacific Stage 1,https://www.vlr.gg/644665/full-sense-vs-varrel-vct-2026-pacific-stage-1-w3
FS,Haven,atk,VL,0,1,14,defus,2026-04-17 04:00:00,0,VCT 2026: Pacific Stage 1,https://www.vlr.gg/644665/full-sense-vs-varrel-vct-2026-pacific-stage-1-w3
FS,Haven,atk,VL,0,1,15,defus,2026-04-17 04:00:00,0,VCT 2026: Pacific Stage 1,https://www.vlr.gg/644665/full-sense-vs-varrel-vct-2026-pacific-stage-1-w3
FS,Haven,atk,VL,0,1,16,defus,2026-04-17 04:00:00,0,VCT 2026: Pacific Stage 1,https://www.vlr.gg/644665/full-sense-vs-varrel-vct-2026-pacific-stage-1-w3
FS,Haven,atk,VL,1,0,17,elim,2026-04-17 04:00:00,0,VCT 2026: Pacific Stage 1,https://www.vlr.gg/644665/full-sense-vs-varrel-vct-2026-pacific-stage-1-w3
FS,Haven,atk,VL,1,0,18,elim,2026-04-17 04:00:00,0,VCT 2026: Pacific Stage 1,https://www.vlr.gg/644665/full-sense-vs-varrel-vct-2026-pacific-stage-1-w3
FS,Haven,def,VL,1,0,1,elim,2026-04-17 04:00:00,0,VCT 2026: Pacific Stage 1,https://www.vlr.gg/644665/full-sense-vs-varrel-vct-2026-pacific-stage-1-w3
FS,Haven,def,VL,1,0,2,elim,2026-04-17 04:00:00,0,VCT 2026: Pacific Stage 1,https://www.vlr.gg/644665/full-sense-vs-varrel-vct-2026-pacific-stage-1-w3
FS,Haven,def,VL,0,1,3,elim,2026-04-17 04:00:00,0,VCT 2026: Pacific Stage 1,https://www.vlr.gg/644665/full-sense-vs-varrel-vct-2026-pacific-stage-1-w3
FS,Haven,def,VL,1,0,4,elim,2026-04-17 04:00:00,0,VCT 2026: Pacific Stage 1,https://www.vlr.gg/644665/full-sense-vs-varrel-vct-2026-pacific-stage-1-w3
FS,Haven,def,VL,1,0,5,elim,2026-04-17 04:00:00,0,VCT 2026: Pacific Stage 1,https://www.vlr.gg/644665/full-sense-vs-varrel-vct-2026-pacific-stage-1-w3
FS,Haven,def,VL,1,0,6,defus,2026-04-17 04:00:00,0,VCT 2026: Pacific Stage 1,https://www.vlr.gg/644665/full-sense-vs-varrel-vct-2026-pacific-stage-1-w3
FS,Haven,def,VL,1,0,7,elim,2026-04-17 04:00:00,0,VCT 2026: Pacific Stage 1,https://www.vlr.gg/644665/full-sense-vs-varrel-vct-2026-pacific-stage-1-w3
FS,Haven,def,VL,1,0,8,elim,2026-04-17 04:00:00,0,VCT 2026: Pacific Stage 1,https://www.vlr.gg/644665/full-sense-vs-varrel-vct-2026-pacific-stage-1-w3
FS,Haven,def,VL,0,1,9,elim,2026-04-17 04:00:00,0,VCT 2026: Pacific Stage 1,https://www.vlr.gg/644665/full-sense-vs-varrel-vct-2026-pacific-stage-1-w3
FS,Haven,def,VL,1,0,10,elim,2026-04-17 04:00:00,0,VCT 2026: Pacific Stage 1,https://www.vlr.gg/644665/full-sense-vs-varrel-vct-2026-pacific-stage-1-w3
FS,Haven,def,VL,1,0,11,elim,2026-04-17 04:00:00,0,VCT 2026: Pacific Stage 1,https://www.vlr.gg/644665/full-sense-vs-varrel-vct-2026-pacific-stage-1-w3
FS,Haven,def,VL,1,0,12,defus,2026-04-17 04:00:00,0,VCT 2026: Pacific Stage 1,https://www.vlr.gg/644665/full-sense-vs-varrel-vct-2026-pacific-stage-1-w3
FS,Lotus,atk,VL,1,0,1,elim,2026-04-17 04:00:00,1,VCT 2026: Pacific Stage 1,https://www.vlr.gg/644665/full-sense-vs-varrel-vct-2026-pacific-stage-1-w3
FS,Lotus,atk,VL,1,0,2,elim,2026-04-17 04:00:00,1,VCT 2026: Pacific Stage 1,https://www.vlr.gg/644665/full-sense-vs-varrel-vct-2026-pacific-stage-1-w3
FS,Lotus,atk,VL,1,0,3,elim,2026-04-17 04:00:00,1,VCT 2026: Pacific Stage 1,https://www.vlr.gg/644665/full-sense-vs-varrel-vct-2026-pacific-stage-1-w3
FS,Lotus,atk,VL,1,0,4,elim,2026-04-17 04:00:00,1,VCT 2026: Pacific Stage 1,https://www.vlr.gg/644665/full-sense-vs-varrel-vct-2026-pacific-stage-1-w3
FS,Lotus,atk,VL,1,0,5,boom,2026-04-17 04:00:00,1,VCT 2026: Pacific Stage 1,https://www.vlr.gg/644665/full-sense-vs-varrel-vct-2026-pacific-stage-1-w3
FS,Lotus,atk,VL,0,1,6,defus,2026-04-17 04:00:00,1,VCT 2026: Pacific Stage 1,https://www.vlr.gg/644665/full-sense-vs-varrel-vct-2026-pacific-stage-1-w3
FS,Lotus,atk,VL,1,0,7,elim,2026-04-17 04:00:00,1,VCT 2026: Pacific Stage 1,https://www.vlr.gg/644665/full-sense-vs-varrel-vct-2026-pacific-stage-1-w3
FS,Lotus,atk,VL,1,0,8,boom,2026-04-17 04:00:00,1,VCT 2026: Pacific Stage 1,https://www.vlr.gg/644665/full-sense-vs-varrel-vct-2026-pacific-stage-1-w3
FS,Lotus,atk,VL,0,1,9,elim,2026-04-17 04:00:00,1,VCT 2026: Pacific Stage 1,https://www.vlr.gg/644665/full-sense-vs-varrel-vct-2026-pacific-stage-1-w3
FS,Lotus,atk,VL,1,0,10,elim,2026-04-17 04:00:00,1,VCT 2026: Pacific Stage 1,https://www.vlr.gg/644665/full-sense-vs-varrel-vct-2026-pacific-stage-1-w3
FS,Lotus,atk,VL,1,0,11,elim,2026-04-17 04:00:00,1,VCT 2026: Pacific Stage 1,https://www.vlr.gg/644665/full-sense-vs-varrel-vct-2026-pacific-stage-1-w3
FS,Lotus,atk,VL,1,0,12,boom,2026-04-17 04:00:00,1,VCT 2026: Pacific Stage 1,https://www.vlr.gg/644665/full-sense-vs-varrel-vct-2026-pacific-stage-1-w3
FS,Lotus,atk,VL,1,0,25,elim,2026-04-17 04:00:00,1,VCT 2026: Pacific Stage 1,https://www.vlr.gg/644665/full-sense-vs-varrel-vct-2026-pacific-stage-1-w3
FS,Lotus,def,VL,0,1,13,elim,2026-04-17 04:00:00,1,VCT 2026: Pacific Stage 1,https://www.vlr.gg/644665/full-sense-vs-varrel-vct-2026-pacific-stage-1-w3
FS,Lotus,def,VL,0,1,14,elim,2026-04-17 04:00:00,1,VCT 2026: Pacific Stage 1,https://www.vlr.gg/644665/full-sense-vs-varrel-vct-2026-pacific-stage-1-w3
FS,Lotus,def,VL,0,1,15,boom,2026-04-17 04:00:00,1,VCT 2026: Pacific Stage 1,https://www.vlr.gg/644665/full-sense-vs-varrel-vct-2026-pacific-stage-1-w3
FS,Lotus,def,VL,0,1,16,boom,2026-04-17 04:00:00,1,VCT 2026: Pacific Stage 1,https://www.vlr.gg/644665/full-sense-vs-varrel-vct-2026-pacific-stage-1-w3
FS,Lotus,def,VL,0,1,17,elim,2026-04-17 04:00:00,1,VCT 2026: Pacific Stage 1,https://www.vlr.gg/644665/full-sense-vs-varrel-vct-2026-pacific-stage-1-w3
FS,Lotus,def,VL,0,1,18,elim,2026-04-17 04:00:00,1,VCT 2026: Pacific Stage 1,https://www.vlr.gg/644665/full-sense-vs-varrel-vct-2026-pacific-stage-1-w3
FS,Lotus,def,VL,0,1,19,elim,2026-04-17 04:00:00,1,VCT 2026: Pacific Stage 1,https://www.vlr.gg/644665/full-sense-vs-varrel-vct-2026-pacific-stage-1-w3
FS,Lotus,def,VL,1,0,20,defus,2026-04-17 04:00:00,1,VCT 2026: Pacific Stage 1,https://www.vlr.gg/644665/full-sense-vs-varrel-vct-2026-pacific-stage-1-w3
FS,Lotus,def,VL,0,1,21,elim,2026-04-17 04:00:00,1,VCT 2026: Pacific Stage 1,https://www.vlr.gg/644665/full-sense-vs-varrel-vct-2026-pacific-stage-1-w3
FS,Lotus,def,VL,0,1,22,elim,2026-04-17 04:00:00,1,VCT 2026: Pacific Stage 1,https://www.vlr.gg/644665/full-sense-vs-varrel-vct-2026-pacific-stage-1-w3
FS,Lotus,def,VL,0,1,23,elim,2026-04-17 04:00:00,1,VCT 2026: Pacific Stage 1,https://www.vlr.gg/644665/full-sense-vs-varrel-vct-2026-pacific-stage-1-w3
FS,Lotus,def,VL,1,0,24,defus,2026-04-17 04:00:00,1,VCT 2026: Pacific Stage 1,https://www.vlr.gg/644665/full-sense-vs-varrel-vct-2026-pacific-stage-1-w3
FS,Lotus,def,VL,1,0,26,defus,2026-04-17 04:00:00,1,VCT 2026: Pacific Stage 1,https://www.vlr.gg/644665/full-sense-vs-varrel-vct-2026-pacific-stage-1-w3
TS,Breeze,atk,PRX,0,1,1,elim,2026-04-17 06:20:00,0,VCT 2026: Pacific Stage 1,https://www.vlr.gg/644666/team-secret-vs-paper-rex-vct-2026-pacific-stage-1-w3
TS,Breeze,atk,PRX,0,1,2,defus,2026-04-17 06:20:00,0,VCT 2026: Pacific Stage 1,https://www.vlr.gg/644666/team-secret-vs-paper-rex-vct-2026-pacific-stage-1-w3
TS,Breeze,atk,PRX,1,0,3,elim,2026-04-17 06:20:00,0,VCT 2026: Pacific Stage 1,https://www.vlr.gg/644666/team-secret-vs-paper-rex-vct-2026-pacific-stage-1-w3
TS,Breeze,atk,PRX,0,1,4,defus,2026-04-17 06:20:00,0,VCT 2026: Pacific Stage 1,https://www.vlr.gg/644666/team-secret-vs-paper-rex-vct-2026-pacific-stage-1-w3
TS,Breeze,atk,PRX,0,1,5,elim,2026-04-17 06:20:00,0,VCT 2026: Pacific Stage 1,https://www.vlr.gg/644666/team-secret-vs-paper-rex-vct-2026-pacific-stage-1-w3
TS,Breeze,atk,PRX,0,1,6,elim,2026-04-17 06:20:00,0,VCT 2026: Pacific Stage 1,https://www.vlr.gg/644666/team-secret-vs-paper-rex-vct-2026-pacific-stage-1-w3
TS,Breeze,atk,PRX,0,1,7,elim,2026-04-17 06:20:00,0,VCT 2026: Pacific Stage 1,https://www.vlr.gg/644666/team-secret-vs-paper-rex-vct-2026-pacific-stage-1-w3
TS,Breeze,atk,PRX,0,1,8,elim,2026-04-17 06:20:00,0,VCT 2026: Pacific Stage 1,https://www.vlr.gg/644666/team-secret-vs-paper-rex-vct-2026-pacific-stage-1-w3
TS,Breeze,atk,PRX,0,1,9,defus,2026-04-17 06:20:00,0,VCT 2026: Pacific Stage 1,https://www.vlr.gg/644666/team-secret-vs-paper-rex-vct-2026-pacific-stage-1-w3
TS,Breeze,atk,PRX,0,1,10,defus,2026-04-17 06:20:00,0,VCT 2026: Pacific Stage 1,https://www.vlr.gg/644666/team-secret-vs-paper-rex-vct-2026-pacific-stage-1-w3
TS,Breeze,atk,PRX,0,1,11,elim,2026-04-17 06:20:00,0,VCT 2026: Pacific Stage 1,https://www.vlr.gg/644666/team-secret-vs-paper-rex-vct-2026-pacific-stage-1-w3
TS,Breeze,atk,PRX,1,0,12,elim,2026-04-17 06:20:00,0,VCT 2026: Pacific Stage 1,https://www.vlr.gg/644666/team-secret-vs-paper-rex-vct-2026-pacific-stage-1-w3
TS,Breeze,def,PRX,0,1,13,elim,2026-04-17 06:20:00,0,VCT 2026: Pacific Stage 1,https://www.vlr.gg/644666/team-secret-vs-paper-rex-vct-2026-pacific-stage-1-w3
TS,Breeze,def,PRX,0,1,14,elim,2026-04-17 06:20:00,0,VCT 2026: Pacific Stage 1,https://www.vlr.gg/644666/team-secret-vs-paper-rex-vct-2026-pacific-stage-1-w3
TS,Breeze,def,PRX,1,0,15,elim,2026-04-17 06:20:00,0,VCT 2026: Pacific Stage 1,https://www.vlr.gg/644666/team-secret-vs-paper-rex-vct-2026-pacific-stage-1-w3
TS,Breeze,def,PRX,1,0,16,defus,2026-04-17 06:20:00,0,VCT 2026: Pacific Stage 1,https://www.vlr.gg/644666/team-secret-vs-paper-rex-vct-2026-pacific-stage-1-w3
TS,Breeze,def,PRX,0,1,17,elim,2026-04-17 06:20:00,0,VCT 2026: Pacific Stage 1,https://www.vlr.gg/644666/team-secret-vs-paper-rex-vct-2026-pacific-stage-1-w3
TS,Split,atk,PRX,1,0,13,elim,2026-04-17 06:20:00,1,VCT 2026: Pacific Stage 1,https://www.vlr.gg/644666/team-secret-vs-paper-rex-vct-2026-pacific-stage-1-w3
TS,Split,atk,PRX,0,1,14,defus,2026-04-17 06:20:00,1,VCT 2026: Pacific Stage 1,https://www.vlr.gg/644666/team-secret-vs-paper-rex-vct-2026-pacific-stage-1-w3
TS,Split,atk,PRX,0,1,15,elim,2026-04-17 06:20:00,1,VCT 2026: Pacific Stage 1,https://www.vlr.gg/644666/team-secret-vs-paper-rex-vct-2026-pacific-stage-1-w3
TS,Split,atk,PRX,0,1,16,tim,2026-04-17 06:20:00,1,VCT 2026: Pacific Stage 1,https://www.vlr.gg/644666/team-secret-vs-paper-rex-vct-2026-pacific-stage-1-w3
TS,Split,atk,PRX,0,1,17,elim,2026-04-17 06:20:00,1,VCT 2026: Pacific Stage 1,https://www.vlr.gg/644666/team-secret-vs-paper-rex-vct-2026-pacific-stage-1-w3
TS,Split,atk,PRX,0,1,18,elim,2026-04-17 06:20:00,1,VCT 2026: Pacific Stage 1,https://www.vlr.gg/644666/team-secret-vs-paper-rex-vct-2026-pacific-stage-1-w3
TS,Split,atk,PRX,0,1,19,tim,2026-04-17 06:20:00,1,VCT 2026: Pacific Stage 1,https://www.vlr.gg/644666/team-secret-vs-paper-rex-vct-2026-pacific-stage-1-w3
TS,Split,atk,PRX,1,0,20,boom,2026-04-17 06:20:00,1,VCT 2026: Pacific Stage 1,https://www.vlr.gg/644666/team-secret-vs-paper-rex-vct-2026-pacific-stage-1-w3
TS,Split,atk,PRX,0,1,21,elim,2026-04-17 06:20:00,1,VCT 2026: Pacific Stage 1,https://www.vlr.gg/644666/team-secret-vs-paper-rex-vct-2026-pacific-stage-1-w3
TS,Split,atk,PRX,0,1,22,defus,2026-04-17 06:20:00,1,VCT 2026: Pacific Stage 1,https://www.vlr.gg/644666/team-secret-vs-paper-rex-vct-2026-pacific-stage-1-w3
TS,Split,atk,PRX,1,0,23,boom,2026-04-17 06:20:00,1,VCT 2026: Pacific Stage 1,https://www.vlr.gg/644666/team-secret-vs-paper-rex-vct-2026-pacific-stage-1-w3
TS,Split,atk,PRX,0,1,24,defus,2026-04-17 06:20:00,1,VCT 2026: Pacific Stage 1,https://www.vlr.gg/644666/team-secret-vs-paper-rex-vct-2026-pacific-stage-1-w3
TS,Split,atk,PRX,0,1,26,defus,2026-04-17 06:20:00,1,VCT 2026: Pacific Stage 1,https://www.vlr.gg/644666/team-secret-vs-paper-rex-vct-2026-pacific-stage-1-w3
TS,Split,atk,PRX,1,0,28,elim,2026-04-17 06:20:00,1,VCT 2026: Pacific Stage 1,https://www.vlr.gg/644666/team-secret-vs-paper-rex-vct-2026-pacific-stage-1-w3
TS,Split,atk,PRX,0,1,30,defus,2026-04-17 06:20:00,1,VCT 2026: Pacific Stage 1,https://www.vlr.gg/644666/team-secret-vs-paper-rex-vct-2026-pacific-stage-1-w3
TS,Split,atk,PRX,0,1,32,elim,2026-04-17 06:20:00,1,VCT 2026: Pacific Stage 1,https://www.vlr.gg/644666/team-secret-vs-paper-rex-vct-2026-pacific-stage-1-w3
TS,Split,atk,PRX,0,1,34,defus,2026-04-17 06:20:00,1,VCT 2026: Pacific Stage 1,https://www.vlr.gg/644666/team-secret-vs-paper-rex-vct-2026-pacific-stage-1-w3
TS,Split,def,PRX,1,0,1,elim,2026-04-17 06:20:00,1,VCT 2026: Pacific Stage 1,https://www.vlr.gg/644666/team-secret-vs-paper-rex-vct-2026-pacific-stage-1-w3
TS,Split,def,PRX,1,0,2,elim,2026-04-17 06:20:00,1,VCT 2026: Pacific Stage 1,https://www.vlr.gg/644666/team-secret-vs-paper-rex-vct-2026-pacific-stage-1-w3
TS,Split,def,PRX,0,1,3,elim,2026-04-17 06:20:00,1,VCT 2026: Pacific Stage 1,https://www.vlr.gg/644666/team-secret-vs-paper-rex-vct-2026-pacific-stage-1-w3
TS,Split,def,PRX,0,1,4,boom,2026-04-17 06:20:00,1,VCT 2026: Pacific Stage 1,https://www.vlr.gg/644666/team-secret-vs-paper-rex-vct-2026-pacific-stage-1-w3
TS,Split,def,PRX,1,0,5,elim,2026-04-17 06:20:00,1,VCT 2026: Pacific Stage 1,https://www.vlr.gg/644666/team-secret-vs-paper-rex-vct-2026-pacific-stage-1-w3
TS,Split,def,PRX,0,1,6,elim,2026-04-17 06:20:00,1,VCT 2026: Pacific Stage 1,https://www.vlr.gg/644666/team-secret-vs-paper-rex-vct-2026-pacific-stage-1-w3
TS,Split,def,PRX,1,0,7,defus,2026-04-17 06:20:00,1,VCT 2026: Pacific Stage 1,https://www.vlr.gg/644666/team-secret-vs-paper-rex-vct-2026-pacific-stage-1-w3
TS,Split,def,PRX,1,0,8,defus,2026-04-17 06:20:00,1,VCT 2026: Pacific Stage 1,https://www.vlr.gg/644666/team-secret-vs-paper-rex-vct-2026-pacific-stage-1-w3
TS,Split,def,PRX,1,0,9,elim,2026-04-17 06:20:00,1,VCT 2026: Pacific Stage 1,https://www.vlr.gg/644666/team-secret-vs-paper-rex-vct-2026-pacific-stage-1-w3
TS,Split,def,PRX,1,0,10,defus,2026-04-17 06:20:00,1,VCT 2026: Pacific Stage 1,https://www.vlr.gg/644666/team-secret-vs-paper-rex-vct-2026-pacific-stage-1-w3
TS,Split,def,PRX,1,0,11,elim,2026-04-17 06:20:00,1,VCT 2026: Pacific Stage 1,https://www.vlr.gg/644666/team-secret-vs-paper-rex-vct-2026-pacific-stage-1-w3
TS,Split,def,PRX,1,0,12,elim,2026-04-17 06:20:00,1,VCT 2026: Pacific Stage 1,https://www.vlr.gg/644666/team-secret-vs-paper-rex-vct-2026-pacific-stage-1-w3
TS,Split,def,PRX,1,0,25,elim,2026-04-17 06:20:00,1,VCT 2026: Pacific Stage 1,https://www.vlr.gg/644666/team-secret-vs-paper-rex-vct-2026-pacific-stage-1-w3
TS,Split,def,PRX,0,1,27,elim,2026-04-17 06:20:00,1,VCT 2026: Pacific Stage 1,https://www.vlr.gg/644666/team-secret-vs-paper-rex-vct-2026-pacific-stage-1-w3
TS,Split,def,PRX,1,0,29,defus,2026-04-17 06:20:00,1,VCT 2026: Pacific Stage 1,https://www.vlr.gg/644666/team-secret-vs-paper-rex-vct-2026-pacific-stage-1-w3
TS,Split,def,PRX,1,0,31,defus,2026-04-17 06:20:00,1,VCT 2026: Pacific Stage 1,https://www.vlr.gg/644666/team-secret-vs-paper-rex-vct-2026-pacific-stage-1-w3
TS,Split,def,PRX,0,1,33,elim,2026-04-17 06:20:00,1,VCT 2026: Pacific Stage 1,https://www.vlr.gg/644666/team-secret-vs-paper-rex-vct-2026-pacific-stage-1-w3
KRX,Fracture,atk,GE,0,1,1,defus,2026-04-18 04:00:00,0,VCT 2026: Pacific Stage 1,https://www.vlr.gg/644667/kiwoom-drx-vs-global-esports-vct-2026-pacific-stage-1-w3
KRX,Fracture,atk,GE,1,0,2,boom,2026-04-18 04:00:00,0,VCT 2026: Pacific Stage 1,https://www.vlr.gg/644667/kiwoom-drx-vs-global-esports-vct-2026-pacific-stage-1-w3
KRX,Fracture,atk,GE,1,0,3,elim,2026-04-18 04:00:00,0,VCT 2026: Pacific Stage 1,https://www.vlr.gg/644667/kiwoom-drx-vs-global-esports-vct-2026-pacific-stage-1-w3
KRX,Fracture,atk,GE,1,0,4,elim,2026-04-18 04:00:00,0,VCT 2026: Pacific Stage 1,https://www.vlr.gg/644667/kiwoom-drx-vs-global-esports-vct-2026-pacific-stage-1-w3
KRX,Fracture,atk,GE,1,0,5,elim,2026-04-18 04:00:00,0,VCT 2026: Pacific Stage 1,https://www.vlr.gg/644667/kiwoom-drx-vs-global-esports-vct-2026-pacific-stage-1-w3
KRX,Fracture,atk,GE,1,0,6,boom,2026-04-18 04:00:00,0,VCT 2026: Pacific Stage 1,https://www.vlr.gg/644667/kiwoom-drx-vs-global-esports-vct-2026-pacific-stage-1-w3
KRX,Fracture,atk,GE,0,1,7,defus,2026-04-18 04:00:00,0,VCT 2026: Pacific Stage 1,https://www.vlr.gg/644667/kiwoom-drx-vs-global-esports-vct-2026-pacific-stage-1-w3
KRX,Fracture,atk,GE,0,1,8,defus,2026-04-18 04:00:00,0,VCT 2026: Pacific Stage 1,https://www.vlr.gg/644667/kiwoom-drx-vs-global-esports-vct-2026-pacific-stage-1-w3
KRX,Fracture,atk,GE,1,0,9,elim,2026-04-18 04:00:00,0,VCT 2026: Pacific Stage 1,https://www.vlr.gg/644667/kiwoom-drx-vs-global-esports-vct-2026-pacific-stage-1-w3
KRX,Fracture,atk,GE,1,0,10,elim,2026-04-18 04:00:00,0,VCT 2026: Pacific Stage 1,https://www.vlr.gg/644667/kiwoom-drx-vs-global-esports-vct-2026-pacific-stage-1-w3
KRX,Fracture,atk,GE,1,0,11,boom,2026-04-18 04:00:00,0,VCT 2026: Pacific Stage 1,https://www.vlr.gg/644667/kiwoom-drx-vs-global-esports-vct-2026-pacific-stage-1-w3
KRX,Fracture,atk,GE,1,0,12,elim,2026-04-18 04:00:00,0,VCT 2026: Pacific Stage 1,https://www.vlr.gg/644667/kiwoom-drx-vs-global-esports-vct-2026-pacific-stage-1-w3
KRX,Fracture,def,GE,0,1,13,boom,2026-04-18 04:00:00,0,VCT 2026: Pacific Stage 1,https://www.vlr.gg/644667/kiwoom-drx-vs-global-esports-vct-2026-pacific-stage-1-w3
KRX,Fracture,def,GE,0,1,14,elim,2026-04-18 04:00:00,0,VCT 2026: Pacific Stage 1,https://www.vlr.gg/644667/kiwoom-drx-vs-global-esports-vct-2026-pacific-stage-1-w3
KRX,Fracture,def,GE,1,0,15,elim,2026-04-18 04:00:00,0,VCT 2026: Pacific Stage 1,https://www.vlr.gg/644667/kiwoom-drx-vs-global-esports-vct-2026-pacific-stage-1-w3
KRX,Fracture,def,GE,1,0,16,defus,2026-04-18 04:00:00,0,VCT 2026: Pacific Stage 1,https://www.vlr.gg/644667/kiwoom-drx-vs-global-esports-vct-2026-pacific-stage-1-w3
KRX,Fracture,def,GE,0,1,17,elim,2026-04-18 04:00:00,0,VCT 2026: Pacific Stage 1,https://www.vlr.gg/644667/kiwoom-drx-vs-global-esports-vct-2026-pacific-stage-1-w3
KRX,Fracture,def,GE,1,0,18,elim,2026-04-18 04:00:00,0,VCT 2026: Pacific Stage 1,https://www.vlr.gg/644667/kiwoom-drx-vs-global-esports-vct-2026-pacific-stage-1-w3
KRX,Fracture,def,GE,0,1,19,boom,2026-04-18 04:00:00,0,VCT 2026: Pacific Stage 1,https://www.vlr.gg/644667/kiwoom-drx-vs-global-esports-vct-2026-pacific-stage-1-w3
KRX,Fracture,def,GE,0,1,20,elim,2026-04-18 04:00:00,0,VCT 2026: Pacific Stage 1,https://www.vlr.gg/644667/kiwoom-drx-vs-global-esports-vct-2026-pacific-stage-1-w3
KRX,Fracture,def,GE,1,0,21,defus,2026-04-18 04:00:00,0,VCT 2026: Pacific Stage 1,https://www.vlr.gg/644667/kiwoom-drx-vs-global-esports-vct-2026-pacific-stage-1-w3
KRX,Haven,atk,GE,0,1,1,defus,2026-04-18 04:00:00,1,VCT 2026: Pacific Stage 1,https://www.vlr.gg/644667/kiwoom-drx-vs-global-esports-vct-2026-pacific-stage-1-w3
KRX,Haven,atk,GE,0,1,2,elim,2026-04-18 04:00:00,1,VCT 2026: Pacific Stage 1,https://www.vlr.gg/644667/kiwoom-drx-vs-global-esports-vct-2026-pacific-stage-1-w3
KRX,Haven,atk,GE,1,0,3,elim,2026-04-18 04:00:00,1,VCT 2026: Pacific Stage 1,https://www.vlr.gg/644667/kiwoom-drx-vs-global-esports-vct-2026-pacific-stage-1-w3
KRX,Haven,atk,GE,0,1,4,defus,2026-04-18 04:00:00,1,VCT 2026: Pacific Stage 1,https://www.vlr.gg/644667/kiwoom-drx-vs-global-esports-vct-2026-pacific-stage-1-w3
KRX,Haven,atk,GE,1,0,5,elim,2026-04-18 04:00:00,1,VCT 2026: Pacific Stage 1,https://www.vlr.gg/644667/kiwoom-drx-vs-global-esports-vct-2026-pacific-stage-1-w3
KRX,Haven,atk,GE,1,0,6,elim,2026-04-18 04:00:00,1,VCT 2026: Pacific Stage 1,https://www.vlr.gg/644667/kiwoom-drx-vs-global-esports-vct-2026-pacific-stage-1-w3
KRX,Haven,atk,GE,0,1,7,elim,2026-04-18 04:00:00,1,VCT 2026: Pacific Stage 1,https://www.vlr.gg/644667/kiwoom-drx-vs-global-esports-vct-2026-pacific-stage-1-w3
KRX,Haven,atk,GE,1,0,8,boom,2026-04-18 04:00:00,1,VCT 2026: Pacific Stage 1,https://www.vlr.gg/644667/kiwoom-drx-vs-global-esports-vct-2026-pacific-stage-1-w3
KRX,Haven,atk,GE,1,0,9,elim,2026-04-18 04:00:00,1,VCT 2026: Pacific Stage 1,https://www.vlr.gg/644667/kiwoom-drx-vs-global-esports-vct-2026-pacific-stage-1-w3
KRX,Haven,atk,GE,1,0,10,elim,2026-04-18 04:00:00,1,VCT 2026: Pacific Stage 1,https://www.vlr.gg/644667/kiwoom-drx-vs-global-esports-vct-2026-pacific-stage-1-w3
KRX,Haven,atk,GE,1,0,11,boom,2026-04-18 04:00:00,1,VCT 2026: Pacific Stage 1,https://www.vlr.gg/644667/kiwoom-drx-vs-global-esports-vct-2026-pacific-stage-1-w3
KRX,Haven,atk,GE,1,0,12,elim,2026-04-18 04:00:00,1,VCT 2026: Pacific Stage 1,https://www.vlr.gg/644667/kiwoom-drx-vs-global-esports-vct-2026-pacific-stage-1-w3
KRX,Haven,def,GE,0,1,13,elim,2026-04-18 04:00:00,1,VCT 2026: Pacific Stage 1,https://www.vlr.gg/644667/kiwoom-drx-vs-global-esports-vct-2026-pacific-stage-1-w3
KRX,Haven,def,GE,0,1,14,boom,2026-04-18 04:00:00,1,VCT 2026: Pacific Stage 1,https://www.vlr.gg/644667/kiwoom-drx-vs-global-esports-vct-2026-pacific-stage-1-w3
KRX,Haven,def,GE,1,0,15,defus,2026-04-18 04:00:00,1,VCT 2026: Pacific Stage 1,https://www.vlr.gg/644667/kiwoom-drx-vs-global-esports-vct-2026-pacific-stage-1-w3
KRX,Haven,def,GE,0,1,16,elim,2026-04-18 04:00:00,1,VCT 2026: Pacific Stage 1,https://www.vlr.gg/644667/kiwoom-drx-vs-global-esports-vct-2026-pacific-stage-1-w3
KRX,Haven,def,GE,1,0,17,tim,2026-04-18 04:00:00,1,VCT 2026: Pacific Stage 1,https://www.vlr.gg/644667/kiwoom-drx-vs-global-esports-vct-2026-pacific-stage-1-w3
KRX,Haven,def,GE,1,0,18,defus,2026-04-18 04:00:00,1,VCT 2026: Pacific Stage 1,https://www.vlr.gg/644667/kiwoom-drx-vs-global-esports-vct-2026-pacific-stage-1-w3
KRX,Haven,def,GE,1,0,19,elim,2026-04-18 04:00:00,1,VCT 2026: Pacific Stage 1,https://www.vlr.gg/644667/kiwoom-drx-vs-global-esports-vct-2026-pacific-stage-1-w3
KRX,Haven,def,GE,0,1,20,boom,2026-04-18 04:00:00,1,VCT 2026: Pacific Stage 1,https://www.vlr.gg/644667/kiwoom-drx-vs-global-esports-vct-2026-pacific-stage-1-w3
KRX,Haven,def,GE,0,1,21,boom,2026-04-18 04:00:00,1,VCT 2026: Pacific Stage 1,https://www.vlr.gg/644667/kiwoom-drx-vs-global-esports-vct-2026-pacific-stage-1-w3
KRX,Haven,def,GE,1,0,22,defus,2026-04-18 04:00:00,1,VCT 2026: Pacific Stage 1,https://www.vlr.gg/644667/kiwoom-drx-vs-global-esports-vct-2026-pacific-stage-1-w3
ZETA,Bind,atk,DFM,1,0,13,elim,2026-04-18 06:20:00,0,VCT 2026: Pacific Stage 1,https://www.vlr.gg/644668/zeta-division-vs-detonation-focusme-vct-2026-pacific-stage-1-w3
ZETA,Bind,atk,DFM,1,0,14,elim,2026-04-18 06:20:00,0,VCT 2026: Pacific Stage 1,https://www.vlr.gg/644668/zeta-division-vs-detonation-focusme-vct-2026-pacific-stage-1-w3
ZETA,Bind,atk,DFM,1,0,15,elim,2026-04-18 06:20:00,0,VCT 2026: Pacific Stage 1,https://www.vlr.gg/644668/zeta-division-vs-detonation-focusme-vct-2026-pacific-stage-1-w3
ZETA,Bind,atk,DFM,1,0,16,elim,2026-04-18 06:20:00,0,VCT 2026: Pacific Stage 1,https://www.vlr.gg/644668/zeta-division-vs-detonation-focusme-vct-2026-pacific-stage-1-w3
ZETA,Bind,atk,DFM,1,0,17,boom,2026-04-18 06:20:00,0,VCT 2026: Pacific Stage 1,https://www.vlr.gg/644668/zeta-division-vs-detonation-focusme-vct-2026-pacific-stage-1-w3
ZETA,Bind,atk,DFM,0,1,18,defus,2026-04-18 06:20:00,0,VCT 2026: Pacific Stage 1,https://www.vlr.gg/644668/zeta-division-vs-detonation-focusme-vct-2026-pacific-stage-1-w3
ZETA,Bind,atk,DFM,0,1,19,defus,2026-04-18 06:20:00,0,VCT 2026: Pacific Stage 1,https://www.vlr.gg/644668/zeta-division-vs-detonation-focusme-vct-2026-pacific-stage-1-w3
ZETA,Bind,atk,DFM,1,0,20,elim,2026-04-18 06:20:00,0,VCT 2026: Pacific Stage 1,https://www.vlr.gg/644668/zeta-division-vs-detonation-focusme-vct-2026-pacific-stage-1-w3
ZETA,Bind,atk,DFM,1,0,21,elim,2026-04-18 06:20:00,0,VCT 2026: Pacific Stage 1,https://www.vlr.gg/644668/zeta-division-vs-detonation-focusme-vct-2026-pacific-stage-1-w3
ZETA,Bind,atk,DFM,0,1,22,tim,2026-04-18 06:20:00,0,VCT 2026: Pacific Stage 1,https://www.vlr.gg/644668/zeta-division-vs-detonation-focusme-vct-2026-pacific-stage-1-w3
ZETA,Bind,atk,DFM,1,0,23,elim,2026-04-18 06:20:00,0,VCT 2026: Pacific Stage 1,https://www.vlr.gg/644668/zeta-division-vs-detonation-focusme-vct-2026-pacific-stage-1-w3
ZETA,Bind,def,DFM,0,1,1,elim,2026-04-18 06:20:00,0,VCT 2026: Pacific Stage 1,https://www.vlr.gg/644668/zeta-division-vs-detonation-focusme-vct-2026-pacific-stage-1-w3
ZETA,Bind,def,DFM,0,1,2,elim,2026-04-18 06:20:00,0,VCT 2026: Pacific Stage 1,https://www.vlr.gg/644668/zeta-division-vs-detonation-focusme-vct-2026-pacific-stage-1-w3
ZETA,Bind,def,DFM,0,1,3,boom,2026-04-18 06:20:00,0,VCT 2026: Pacific Stage 1,https://www.vlr.gg/644668/zeta-division-vs-detonation-focusme-vct-2026-pacific-stage-1-w3
ZETA,Bind,def,DFM,0,1,4,elim,2026-04-18 06:20:00,0,VCT 2026: Pacific Stage 1,https://www.vlr.gg/644668/zeta-division-vs-detonation-focusme-vct-2026-pacific-stage-1-w3
ZETA,Bind,def,DFM,0,1,5,elim,2026-04-18 06:20:00,0,VCT 2026: Pacific Stage 1,https://www.vlr.gg/644668/zeta-division-vs-detonation-focusme-vct-2026-pacific-stage-1-w3
ZETA,Bind,def,DFM,1,0,6,defus,2026-04-18 06:20:00,0,VCT 2026: Pacific Stage 1,https://www.vlr.gg/644668/zeta-division-vs-detonation-focusme-vct-2026-pacific-stage-1-w3
ZETA,Bind,def,DFM,1,0,7,defus,2026-04-18 06:20:00,0,VCT 2026: Pacific Stage 1,https://www.vlr.gg/644668/zeta-division-vs-detonation-focusme-vct-2026-pacific-stage-1-w3
ZETA,Bind,def,DFM,0,1,8,elim,2026-04-18 06:20:00,0,VCT 2026: Pacific Stage 1,https://www.vlr.gg/644668/zeta-division-vs-detonation-focusme-vct-2026-pacific-stage-1-w3
ZETA,Bind,def,DFM,0,1,9,elim,2026-04-18 06:20:00,0,VCT 2026: Pacific Stage 1,https://www.vlr.gg/644668/zeta-division-vs-detonation-focusme-vct-2026-pacific-stage-1-w3
ZETA,Bind,def,DFM,1,0,10,elim,2026-04-18 06:20:00,0,VCT 2026: Pacific Stage 1,https://www.vlr.gg/644668/zeta-division-vs-detonation-focusme-vct-2026-pacific-stage-1-w3
ZETA,Bind,def,DFM,1,0,11,defus,2026-04-18 06:20:00,0,VCT 2026: Pacific Stage 1,https://www.vlr.gg/644668/zeta-division-vs-detonation-focusme-vct-2026-pacific-stage-1-w3
ZETA,Bind,def,DFM,1,0,12,defus,2026-04-18 06:20:00,0,VCT 2026: Pacific Stage 1,https://www.vlr.gg/644668/zeta-division-vs-detonation-focusme-vct-2026-pacific-stage-1-w3
ZETA,Lotus,atk,DFM,0,1,1,elim,2026-04-18 06:20:00,1,VCT 2026: Pacific Stage 1,https://www.vlr.gg/644668/zeta-division-vs-detonation-focusme-vct-2026-pacific-stage-1-w3
ZETA,Lotus,atk,DFM,0,1,2,defus,2026-04-18 06:20:00,1,VCT 2026: Pacific Stage 1,https://www.vlr.gg/644668/zeta-division-vs-detonation-focusme-vct-2026-pacific-stage-1-w3
ZETA,Lotus,atk,DFM,0,1,3,defus,2026-04-18 06:20:00,1,VCT 2026: Pacific Stage 1,https://www.vlr.gg/644668/zeta-division-vs-detonation-focusme-vct-2026-pacific-stage-1-w3
ZETA,Lotus,atk,DFM,0,1,4,elim,2026-04-18 06:20:00,1,VCT 2026: Pacific Stage 1,https://www.vlr.gg/644668/zeta-division-vs-detonation-focusme-vct-2026-pacific-stage-1-w3
ZETA,Lotus,atk,DFM,0,1,5,elim,2026-04-18 06:20:00,1,VCT 2026: Pacific Stage 1,https://www.vlr.gg/644668/zeta-division-vs-detonation-focusme-vct-2026-pacific-stage-1-w3
ZETA,Lotus,atk,DFM,0,1,6,elim,2026-04-18 06:20:00,1,VCT 2026: Pacific Stage 1,https://www.vlr.gg/644668/zeta-division-vs-detonation-focusme-vct-2026-pacific-stage-1-w3
ZETA,Lotus,atk,DFM,0,1,7,elim,2026-04-18 06:20:00,1,VCT 2026: Pacific Stage 1,https://www.vlr.gg/644668/zeta-division-vs-detonation-focusme-vct-2026-pacific-stage-1-w3
ZETA,Lotus,atk,DFM,0,1,8,elim,2026-04-18 06:20:00,1,VCT 2026: Pacific Stage 1,https://www.vlr.gg/644668/zeta-division-vs-detonation-focusme-vct-2026-pacific-stage-1-w3
ZETA,Lotus,atk,DFM,1,0,9,elim,2026-04-18 06:20:00,1,VCT 2026: Pacific Stage 1,https://www.vlr.gg/644668/zeta-division-vs-detonation-focusme-vct-2026-pacific-stage-1-w3
ZETA,Lotus,atk,DFM,0,1,10,defus,2026-04-18 06:20:00,1,VCT 2026: Pacific Stage 1,https://www.vlr.gg/644668/zeta-division-vs-detonation-focusme-vct-2026-pacific-stage-1-w3
ZETA,Lotus,atk,DFM,0,1,11,elim,2026-04-18 06:20:00,1,VCT 2026: Pacific Stage 1,https://www.vlr.gg/644668/zeta-division-vs-detonation-focusme-vct-2026-pacific-stage-1-w3
ZETA,Lotus,atk,DFM,1,0,12,elim,2026-04-18 06:20:00,1,VCT 2026: Pacific Stage 1,https://www.vlr.gg/644668/zeta-division-vs-detonation-focusme-vct-2026-pacific-stage-1-w3
ZETA,Lotus,def,DFM,0,1,13,elim,2026-04-18 06:20:00,1,VCT 2026: Pacific Stage 1,https://www.vlr.gg/644668/zeta-division-vs-detonation-focusme-vct-2026-pacific-stage-1-w3
ZETA,Lotus,def,DFM,0,1,14,boom,2026-04-18 06:20:00,1,VCT 2026: Pacific Stage 1,https://www.vlr.gg/644668/zeta-division-vs-detonation-focusme-vct-2026-pacific-stage-1-w3
ZETA,Lotus,def,DFM,1,0,15,elim,2026-04-18 06:20:00,1,VCT 2026: Pacific Stage 1,https://www.vlr.gg/644668/zeta-division-vs-detonation-focusme-vct-2026-pacific-stage-1-w3
ZETA,Lotus,def,DFM,1,0,16,defus,2026-04-18 06:20:00,1,VCT 2026: Pacific Stage 1,https://www.vlr.gg/644668/zeta-division-vs-detonation-focusme-vct-2026-pacific-stage-1-w3
ZETA,Lotus,def,DFM,1,0,17,defus,2026-04-18 06:20:00,1,VCT 2026: Pacific Stage 1,https://www.vlr.gg/644668/zeta-division-vs-detonation-focusme-vct-2026-pacific-stage-1-w3
ZETA,Lotus,def,DFM,1,0,18,elim,2026-04-18 06:20:00,1,VCT 2026: Pacific Stage 1,https://www.vlr.gg/644668/zeta-division-vs-detonation-focusme-vct-2026-pacific-stage-1-w3
ZETA,Lotus,def,DFM,1,0,19,defus,2026-04-18 06:20:00,1,VCT 2026: Pacific Stage 1,https://www.vlr.gg/644668/zeta-division-vs-detonation-focusme-vct-2026-pacific-stage-1-w3
ZETA,Lotus,def,DFM,0,1,20,elim,2026-04-18 06:20:00,1,VCT 2026: Pacific Stage 1,https://www.vlr.gg/644668/zeta-division-vs-detonation-focusme-vct-2026-pacific-stage-1-w3
ZETA,Pearl,atk,DFM,0,1,13,defus,2026-04-18 06:20:00,2,VCT 2026: Pacific Stage 1,https://www.vlr.gg/644668/zeta-division-vs-detonation-focusme-vct-2026-pacific-stage-1-w3
ZETA,Pearl,atk,DFM,1,0,14,elim,2026-04-18 06:20:00,2,VCT 2026: Pacific Stage 1,https://www.vlr.gg/644668/zeta-division-vs-detonation-focusme-vct-2026-pacific-stage-1-w3
ZETA,Pearl,atk,DFM,1,0,15,elim,2026-04-18 06:20:00,2,VCT 2026: Pacific Stage 1,https://www.vlr.gg/644668/zeta-division-vs-detonation-focusme-vct-2026-pacific-stage-1-w3
ZETA,Pearl,atk,DFM,0,1,16,elim,2026-04-18 06:20:00,2,VCT 2026: Pacific Stage 1,https://www.vlr.gg/644668/zeta-division-vs-detonation-focusme-vct-2026-pacific-stage-1-w3
ZETA,Pearl,atk,DFM,1,0,17,boom,2026-04-18 06:20:00,2,VCT 2026: Pacific Stage 1,https://www.vlr.gg/644668/zeta-division-vs-detonation-focusme-vct-2026-pacific-stage-1-w3
ZETA,Pearl,atk,DFM,0,1,18,elim,2026-04-18 06:20:00,2,VCT 2026: Pacific Stage 1,https://www.vlr.gg/644668/zeta-division-vs-detonation-focusme-vct-2026-pacific-stage-1-w3
ZETA,Pearl,def,DFM,0,1,1,elim,2026-04-18 06:20:00,2,VCT 2026: Pacific Stage 1,https://www.vlr.gg/644668/zeta-division-vs-detonation-focusme-vct-2026-pacific-stage-1-w3
ZETA,Pearl,def,DFM,0,1,2,boom,2026-04-18 06:20:00,2,VCT 2026: Pacific Stage 1,https://www.vlr.gg/644668/zeta-division-vs-detonation-focusme-vct-2026-pacific-stage-1-w3
ZETA,Pearl,def,DFM,0,1,3,elim,2026-04-18 06:20:00,2,VCT 2026: Pacific Stage 1,https://www.vlr.gg/644668/zeta-division-vs-detonation-focusme-vct-2026-pacific-stage-1-w3
ZETA,Pearl,def,DFM,0,1,4,elim,2026-04-18 06:20:00,2,VCT 2026: Pacific Stage 1,https://www.vlr.gg/644668/zeta-division-vs-detonation-focusme-vct-2026-pacific-stage-1-w3
ZETA,Pearl,def,DFM,0,1,5,boom,2026-04-18 06:20:00,2,VCT 2026: Pacific Stage 1,https://www.vlr.gg/644668/zeta-division-vs-detonation-focusme-vct-2026-pacific-stage-1-w3
ZETA,Pearl,def,DFM,0,1,6,elim,2026-04-18 06:20:00,2,VCT 2026: Pacific Stage 1,https://www.vlr.gg/644668/zeta-division-vs-detonation-focusme-vct-2026-pacific-stage-1-w3
ZETA,Pearl,def,DFM,0,1,7,elim,2026-04-18 06:20:00,2,VCT 2026: Pacific Stage 1,https://www.vlr.gg/644668/zeta-division-vs-detonation-focusme-vct-2026-pacific-stage-1-w3
ZETA,Pearl,def,DFM,0,1,8,boom,2026-04-18 06:20:00,2,VCT 2026: Pacific Stage 1,https://www.vlr.gg/644668/zeta-division-vs-detonation-focusme-vct-2026-pacific-stage-1-w3
ZETA,Pearl,def,DFM,0,1,9,elim,2026-04-18 06:20:00,2,VCT 2026: Pacific Stage 1,https://www.vlr.gg/644668/zeta-division-vs-detonation-focusme-vct-2026-pacific-stage-1-w3
ZETA,Pearl,def,DFM,1,0,10,defus,2026-04-18 06:20:00,2,VCT 2026: Pacific Stage 1,https://www.vlr.gg/644668/zeta-division-vs-detonation-focusme-vct-2026-pacific-stage-1-w3
ZETA,Pearl,def,DFM,1,0,11,defus,2026-04-18 06:20:00,2,VCT 2026: Pacific Stage 1,https://www.vlr.gg/644668/zeta-division-vs-detonation-focusme-vct-2026-pacific-stage-1-w3
ZETA,Pearl,def,DFM,0,1,12,elim,2026-04-18 06:20:00,2,VCT 2026: Pacific Stage 1,https://www.vlr.gg/644668/zeta-division-vs-detonation-focusme-vct-2026-pacific-stage-1-w3
RRQ,Pearl,atk,T1,1,0,13,elim,2026-04-19 04:00:00,0,VCT 2026: Pacific Stage 1,https://www.vlr.gg/644669/rex-regum-qeon-vs-t1-vct-2026-pacific-stage-1-w3
RRQ,Pearl,atk,T1,0,1,14,defus,2026-04-19 04:00:00,0,VCT 2026: Pacific Stage 1,https://www.vlr.gg/644669/rex-regum-qeon-vs-t1-vct-2026-pacific-stage-1-w3
RRQ,Pearl,atk,T1,1,0,15,boom,2026-04-19 04:00:00,0,VCT 2026: Pacific Stage 1,https://www.vlr.gg/644669/rex-regum-qeon-vs-t1-vct-2026-pacific-stage-1-w3
RRQ,Pearl,atk,T1,0,1,16,elim,2026-04-19 04:00:00,0,VCT 2026: Pacific Stage 1,https://www.vlr.gg/644669/rex-regum-qeon-vs-t1-vct-2026-pacific-stage-1-w3
RRQ,Pearl,atk,T1,0,1,17,defus,2026-04-19 04:00:00,0,VCT 2026: Pacific Stage 1,https://www.vlr.gg/644669/rex-regum-qeon-vs-t1-vct-2026-pacific-stage-1-w3
RRQ,Pearl,atk,T1,0,1,18,elim,2026-04-19 04:00:00,0,VCT 2026: Pacific Stage 1,https://www.vlr.gg/644669/rex-regum-qeon-vs-t1-vct-2026-pacific-stage-1-w3
RRQ,Pearl,atk,T1,0,1,19,elim,2026-04-19 04:00:00,0,VCT 2026: Pacific Stage 1,https://www.vlr.gg/644669/rex-regum-qeon-vs-t1-vct-2026-pacific-stage-1-w3
RRQ,Pearl,atk,T1,1,0,20,elim,2026-04-19 04:00:00,0,VCT 2026: Pacific Stage 1,https://www.vlr.gg/644669/rex-regum-qeon-vs-t1-vct-2026-pacific-stage-1-w3
RRQ,Pearl,atk,T1,0,1,21,defus,2026-04-19 04:00:00,0,VCT 2026: Pacific Stage 1,https://www.vlr.gg/644669/rex-regum-qeon-vs-t1-vct-2026-pacific-stage-1-w3
RRQ,Pearl,def,T1,1,0,1,defus,2026-04-19 04:00:00,0,VCT 2026: Pacific Stage 1,https://www.vlr.gg/644669/rex-regum-qeon-vs-t1-vct-2026-pacific-stage-1-w3
RRQ,Pearl,def,T1,0,1,2,elim,2026-04-19 04:00:00,0,VCT 2026: Pacific Stage 1,https://www.vlr.gg/644669/rex-regum-qeon-vs-t1-vct-2026-pacific-stage-1-w3
RRQ,Pearl,def,T1,0,1,3,elim,2026-04-19 04:00:00,0,VCT 2026: Pacific Stage 1,https://www.vlr.gg/644669/rex-regum-qeon-vs-t1-vct-2026-pacific-stage-1-w3
RRQ,Pearl,def,T1,1,0,4,tim,2026-04-19 04:00:00,0,VCT 2026: Pacific Stage 1,https://www.vlr.gg/644669/rex-regum-qeon-vs-t1-vct-2026-pacific-stage-1-w3
RRQ,Pearl,def,T1,1,0,5,defus,2026-04-19 04:00:00,0,VCT 2026: Pacific Stage 1,https://www.vlr.gg/644669/rex-regum-qeon-vs-t1-vct-2026-pacific-stage-1-w3
RRQ,Pearl,def,T1,0,1,6,elim,2026-04-19 04:00:00,0,VCT 2026: Pacific Stage 1,https://www.vlr.gg/644669/rex-regum-qeon-vs-t1-vct-2026-pacific-stage-1-w3
RRQ,Pearl,def,T1,0,1,7,elim,2026-04-19 04:00:00,0,VCT 2026: Pacific Stage 1,https://www.vlr.gg/644669/rex-regum-qeon-vs-t1-vct-2026-pacific-stage-1-w3
RRQ,Pearl,def,T1,0,1,8,boom,2026-04-19 04:00:00,0,VCT 2026: Pacific Stage 1,https://www.vlr.gg/644669/rex-regum-qeon-vs-t1-vct-2026-pacific-stage-1-w3
RRQ,Pearl,def,T1,0,1,9,boom,2026-04-19 04:00:00,0,VCT 2026: Pacific Stage 1,https://www.vlr.gg/644669/rex-regum-qeon-vs-t1-vct-2026-pacific-stage-1-w3
RRQ,Pearl,def,T1,1,0,10,defus,2026-04-19 04:00:00,0,VCT 2026: Pacific Stage 1,https://www.vlr.gg/644669/rex-regum-qeon-vs-t1-vct-2026-pacific-stage-1-w3
RRQ,Pearl,def,T1,1,0,11,tim,2026-04-19 04:00:00,0,VCT 2026: Pacific Stage 1,https://www.vlr.gg/644669/rex-regum-qeon-vs-t1-vct-2026-pacific-stage-1-w3
RRQ,Pearl,def,T1,0,1,12,elim,2026-04-19 04:00:00,0,VCT 2026: Pacific Stage 1,https://www.vlr.gg/644669/rex-regum-qeon-vs-t1-vct-2026-pacific-stage-1-w3
RRQ,Bind,atk,T1,1,0,1,elim,2026-04-19 04:00:00,1,VCT 2026: Pacific Stage 1,https://www.vlr.gg/644669/rex-regum-qeon-vs-t1-vct-2026-pacific-stage-1-w3
RRQ,Bind,atk,T1,0,1,2,elim,2026-04-19 04:00:00,1,VCT 2026: Pacific Stage 1,https://www.vlr.gg/644669/rex-regum-qeon-vs-t1-vct-2026-pacific-stage-1-w3
RRQ,Bind,atk,T1,0,1,3,elim,2026-04-19 04:00:00,1,VCT 2026: Pacific Stage 1,https://www.vlr.gg/644669/rex-regum-qeon-vs-t1-vct-2026-pacific-stage-1-w3
RRQ,Bind,atk,T1,0,1,4,defus,2026-04-19 04:00:00,1,VCT 2026: Pacific Stage 1,https://www.vlr.gg/644669/rex-regum-qeon-vs-t1-vct-2026-pacific-stage-1-w3
RRQ,Bind,atk,T1,0,1,5,defus,2026-04-19 04:00:00,1,VCT 2026: Pacific Stage 1,https://www.vlr.gg/644669/rex-regum-qeon-vs-t1-vct-2026-pacific-stage-1-w3
RRQ,Bind,atk,T1,1,0,6,elim,2026-04-19 04:00:00,1,VCT 2026: Pacific Stage 1,https://www.vlr.gg/644669/rex-regum-qeon-vs-t1-vct-2026-pacific-stage-1-w3
RRQ,Bind,atk,T1,0,1,7,elim,2026-04-19 04:00:00,1,VCT 2026: Pacific Stage 1,https://www.vlr.gg/644669/rex-regum-qeon-vs-t1-vct-2026-pacific-stage-1-w3
RRQ,Bind,atk,T1,0,1,8,defus,2026-04-19 04:00:00,1,VCT 2026: Pacific Stage 1,https://www.vlr.gg/644669/rex-regum-qeon-vs-t1-vct-2026-pacific-stage-1-w3
RRQ,Bind,atk,T1,0,1,9,elim,2026-04-19 04:00:00,1,VCT 2026: Pacific Stage 1,https://www.vlr.gg/644669/rex-regum-qeon-vs-t1-vct-2026-pacific-stage-1-w3
RRQ,Bind,atk,T1,0,1,10,defus,2026-04-19 04:00:00,1,VCT 2026: Pacific Stage 1,https://www.vlr.gg/644669/rex-regum-qeon-vs-t1-vct-2026-pacific-stage-1-w3
RRQ,Bind,atk,T1,0,1,11,elim,2026-04-19 04:00:00,1,VCT 2026: Pacific Stage 1,https://www.vlr.gg/644669/rex-regum-qeon-vs-t1-vct-2026-pacific-stage-1-w3
RRQ,Bind,atk,T1,1,0,12,elim,2026-04-19 04:00:00,1,VCT 2026: Pacific Stage 1,https://www.vlr.gg/644669/rex-regum-qeon-vs-t1-vct-2026-pacific-stage-1-w3
RRQ,Bind,def,T1,0,1,13,elim,2026-04-19 04:00:00,1,VCT 2026: Pacific Stage 1,https://www.vlr.gg/644669/rex-regum-qeon-vs-t1-vct-2026-pacific-stage-1-w3
RRQ,Bind,def,T1,1,0,14,defus,2026-04-19 04:00:00,1,VCT 2026: Pacific Stage 1,https://www.vlr.gg/644669/rex-regum-qeon-vs-t1-vct-2026-pacific-stage-1-w3
RRQ,Bind,def,T1,1,0,15,defus,2026-04-19 04:00:00,1,VCT 2026: Pacific Stage 1,https://www.vlr.gg/644669/rex-regum-qeon-vs-t1-vct-2026-pacific-stage-1-w3
RRQ,Bind,def,T1,0,1,16,boom,2026-04-19 04:00:00,1,VCT 2026: Pacific Stage 1,https://www.vlr.gg/644669/rex-regum-qeon-vs-t1-vct-2026-pacific-stage-1-w3
RRQ,Bind,def,T1,1,0,17,elim,2026-04-19 04:00:00,1,VCT 2026: Pacific Stage 1,https://www.vlr.gg/644669/rex-regum-qeon-vs-t1-vct-2026-pacific-stage-1-w3
RRQ,Bind,def,T1,1,0,18,elim,2026-04-19 04:00:00,1,VCT 2026: Pacific Stage 1,https://www.vlr.gg/644669/rex-regum-qeon-vs-t1-vct-2026-pacific-stage-1-w3
RRQ,Bind,def,T1,1,0,19,tim,2026-04-19 04:00:00,1,VCT 2026: Pacific Stage 1,https://www.vlr.gg/644669/rex-regum-qeon-vs-t1-vct-2026-pacific-stage-1-w3
RRQ,Bind,def,T1,1,0,20,defus,2026-04-19 04:00:00,1,VCT 2026: Pacific Stage 1,https://www.vlr.gg/644669/rex-regum-qeon-vs-t1-vct-2026-pacific-stage-1-w3
RRQ,Bind,def,T1,1,0,21,elim,2026-04-19 04:00:00,1,VCT 2026: Pacific Stage 1,https://www.vlr.gg/644669/rex-regum-qeon-vs-t1-vct-2026-pacific-stage-1-w3
RRQ,Bind,def,T1,0,1,22,elim,2026-04-19 04:00:00,1,VCT 2026: Pacific Stage 1,https://www.vlr.gg/644669/rex-regum-qeon-vs-t1-vct-2026-pacific-stage-1-w3
RRQ,Bind,def,T1,0,1,23,elim,2026-04-19 04:00:00,1,VCT 2026: Pacific Stage 1,https://www.vlr.gg/644669/rex-regum-qeon-vs-t1-vct-2026-pacific-stage-1-w3
NS,Pearl,atk,GEN,1,0,1,elim,2026-04-19 06:25:00,0,VCT 2026: Pacific Stage 1,https://www.vlr.gg/644670/nongshim-redforce-vs-gen-g-vct-2026-pacific-stage-1-w3
NS,Pearl,atk,GEN,1,0,2,elim,2026-04-19 06:25:00,0,VCT 2026: Pacific Stage 1,https://www.vlr.gg/644670/nongshim-redforce-vs-gen-g-vct-2026-pacific-stage-1-w3
NS,Pearl,atk,GEN,0,1,3,defus,2026-04-19 06:25:00,0,VCT 2026: Pacific Stage 1,https://www.vlr.gg/644670/nongshim-redforce-vs-gen-g-vct-2026-pacific-stage-1-w3
NS,Pearl,atk,GEN,0,1,4,elim,2026-04-19 06:25:00,0,VCT 2026: Pacific Stage 1,https://www.vlr.gg/644670/nongshim-redforce-vs-gen-g-vct-2026-pacific-stage-1-w3
NS,Pearl,atk,GEN,0,1,5,defus,2026-04-19 06:25:00,0,VCT 2026: Pacific Stage 1,https://www.vlr.gg/644670/nongshim-redforce-vs-gen-g-vct-2026-pacific-stage-1-w3
NS,Pearl,atk,GEN,0,1,6,tim,2026-04-19 06:25:00,0,VCT 2026: Pacific Stage 1,https://www.vlr.gg/644670/nongshim-redforce-vs-gen-g-vct-2026-pacific-stage-1-w3
NS,Pearl,atk,GEN,0,1,7,defus,2026-04-19 06:25:00,0,VCT 2026: Pacific Stage 1,https://www.vlr.gg/644670/nongshim-redforce-vs-gen-g-vct-2026-pacific-stage-1-w3
NS,Pearl,atk,GEN,1,0,8,elim,2026-04-19 06:25:00,0,VCT 2026: Pacific Stage 1,https://www.vlr.gg/644670/nongshim-redforce-vs-gen-g-vct-2026-pacific-stage-1-w3
NS,Pearl,atk,GEN,0,1,9,elim,2026-04-19 06:25:00,0,VCT 2026: Pacific Stage 1,https://www.vlr.gg/644670/nongshim-redforce-vs-gen-g-vct-2026-pacific-stage-1-w3
NS,Pearl,atk,GEN,1,0,10,boom,2026-04-19 06:25:00,0,VCT 2026: Pacific Stage 1,https://www.vlr.gg/644670/nongshim-redforce-vs-gen-g-vct-2026-pacific-stage-1-w3
NS,Pearl,atk,GEN,1,0,11,elim,2026-04-19 06:25:00,0,VCT 2026: Pacific Stage 1,https://www.vlr.gg/644670/nongshim-redforce-vs-gen-g-vct-2026-pacific-stage-1-w3
NS,Pearl,atk,GEN,1,0,12,elim,2026-04-19 06:25:00,0,VCT 2026: Pacific Stage 1,https://www.vlr.gg/644670/nongshim-redforce-vs-gen-g-vct-2026-pacific-stage-1-w3
NS,Pearl,def,GEN,1,0,13,elim,2026-04-19 06:25:00,0,VCT 2026: Pacific Stage 1,https://www.vlr.gg/644670/nongshim-redforce-vs-gen-g-vct-2026-pacific-stage-1-w3
NS,Pearl,def,GEN,1,0,14,elim,2026-04-19 06:25:00,0,VCT 2026: Pacific Stage 1,https://www.vlr.gg/644670/nongshim-redforce-vs-gen-g-vct-2026-pacific-stage-1-w3
NS,Pearl,def,GEN,0,1,15,elim,2026-04-19 06:25:00,0,VCT 2026: Pacific Stage 1,https://www.vlr.gg/644670/nongshim-redforce-vs-gen-g-vct-2026-pacific-stage-1-w3
NS,Pearl,def,GEN,1,0,16,defus,2026-04-19 06:25:00,0,VCT 2026: Pacific Stage 1,https://www.vlr.gg/644670/nongshim-redforce-vs-gen-g-vct-2026-pacific-stage-1-w3
NS,Pearl,def,GEN,1,0,17,elim,2026-04-19 06:25:00,0,VCT 2026: Pacific Stage 1,https://www.vlr.gg/644670/nongshim-redforce-vs-gen-g-vct-2026-pacific-stage-1-w3
NS,Pearl,def,GEN,1,0,18,elim,2026-04-19 06:25:00,0,VCT 2026: Pacific Stage 1,https://www.vlr.gg/644670/nongshim-redforce-vs-gen-g-vct-2026-pacific-stage-1-w3
NS,Pearl,def,GEN,0,1,19,boom,2026-04-19 06:25:00,0,VCT 2026: Pacific Stage 1,https://www.vlr.gg/644670/nongshim-redforce-vs-gen-g-vct-2026-pacific-stage-1-w3
NS,Pearl,def,GEN,1,0,20,elim,2026-04-19 06:25:00,0,VCT 2026: Pacific Stage 1,https://www.vlr.gg/644670/nongshim-redforce-vs-gen-g-vct-2026-pacific-stage-1-w3
NS,Pearl,def,GEN,1,0,21,elim,2026-04-19 06:25:00,0,VCT 2026: Pacific Stage 1,https://www.vlr.gg/644670/nongshim-redforce-vs-gen-g-vct-2026-pacific-stage-1-w3
NS,Breeze,atk,GEN,1,0,1,elim,2026-04-19 06:25:00,1,VCT 2026: Pacific Stage 1,https://www.vlr.gg/644670/nongshim-redforce-vs-gen-g-vct-2026-pacific-stage-1-w3
NS,Breeze,atk,GEN,1,0,2,boom,2026-04-19 06:25:00,1,VCT 2026: Pacific Stage 1,https://www.vlr.gg/644670/nongshim-redforce-vs-gen-g-vct-2026-pacific-stage-1-w3
NS,Breeze,atk,GEN,0,1,3,elim,2026-04-19 06:25:00,1,VCT 2026: Pacific Stage 1,https://www.vlr.gg/644670/nongshim-redforce-vs-gen-g-vct-2026-pacific-stage-1-w3
NS,Breeze,atk,GEN,1,0,4,elim,2026-04-19 06:25:00,1,VCT 2026: Pacific Stage 1,https://www.vlr.gg/644670/nongshim-redforce-vs-gen-g-vct-2026-pacific-stage-1-w3
NS,Breeze,atk,GEN,1,0,5,elim,2026-04-19 06:25:00,1,VCT 2026: Pacific Stage 1,https://www.vlr.gg/644670/nongshim-redforce-vs-gen-g-vct-2026-pacific-stage-1-w3
NS,Breeze,atk,GEN,1,0,6,boom,2026-04-19 06:25:00,1,VCT 2026: Pacific Stage 1,https://www.vlr.gg/644670/nongshim-redforce-vs-gen-g-vct-2026-pacific-stage-1-w3
NS,Breeze,atk,GEN,1,0,7,boom,2026-04-19 06:25:00,1,VCT 2026: Pacific Stage 1,https://www.vlr.gg/644670/nongshim-redforce-vs-gen-g-vct-2026-pacific-stage-1-w3
NS,Breeze,atk,GEN,1,0,8,boom,2026-04-19 06:25:00,1,VCT 2026: Pacific Stage 1,https://www.vlr.gg/644670/nongshim-redforce-vs-gen-g-vct-2026-pacific-stage-1-w3
NS,Breeze,atk,GEN,1,0,9,elim,2026-04-19 06:25:00,1,VCT 2026: Pacific Stage 1,https://www.vlr.gg/644670/nongshim-redforce-vs-gen-g-vct-2026-pacific-stage-1-w3
NS,Breeze,atk,GEN,0,1,10,elim,2026-04-19 06:25:00,1,VCT 2026: Pacific Stage 1,https://www.vlr.gg/644670/nongshim-redforce-vs-gen-g-vct-2026-pacific-stage-1-w3
NS,Breeze,atk,GEN,1,0,11,boom,2026-04-19 06:25:00,1,VCT 2026: Pacific Stage 1,https://www.vlr.gg/644670/nongshim-redforce-vs-gen-g-vct-2026-pacific-stage-1-w3
NS,Breeze,atk,GEN,0,1,12,defus,2026-04-19 06:25:00,1,VCT 2026: Pacific Stage 1,https://www.vlr.gg/644670/nongshim-redforce-vs-gen-g-vct-2026-pacific-stage-1-w3
NS,Breeze,def,GEN,1,0,13,defus,2026-04-19 06:25:00,1,VCT 2026: Pacific Stage 1,https://www.vlr.gg/644670/nongshim-redforce-vs-gen-g-vct-2026-pacific-stage-1-w3
NS,Breeze,def,GEN,1,0,14,elim,2026-04-19 06:25:00,1,VCT 2026: Pacific Stage 1,https://www.vlr.gg/644670/nongshim-redforce-vs-gen-g-vct-2026-pacific-stage-1-w3
NS,Breeze,def,GEN,1,0,15,elim,2026-04-19 06:25:00,1,VCT 2026: Pacific Stage 1,https://www.vlr.gg/644670/nongshim-redforce-vs-gen-g-vct-2026-pacific-stage-1-w3
NS,Breeze,def,GEN,1,0,16,elim,2026-04-19 06:25:00,1,VCT 2026: Pacific Stage 1,https://www.vlr.gg/644670/nongshim-redforce-vs-gen-g-vct-2026-pacific-stage-1-w3
RRQ,Pearl,atk,FS,0,1,13,defus,2026-04-24 04:00:00,0,VCT 2026: Pacific Stage 1,https://www.vlr.gg/644671/rex-regum-qeon-vs-full-sense-vct-2026-pacific-stage-1-w4
RRQ,Pearl,atk,FS,0,1,14,defus,2026-04-24 04:00:00,0,VCT 2026: Pacific Stage 1,https://www.vlr.gg/644671/rex-regum-qeon-vs-full-sense-vct-2026-pacific-stage-1-w4
RRQ,Pearl,atk,FS,1,0,15,boom,2026-04-24 04:00:00,0,VCT 2026: Pacific Stage 1,https://www.vlr.gg/644671/rex-regum-qeon-vs-full-sense-vct-2026-pacific-stage-1-w4
RRQ,Pearl,atk,FS,1,0,16,elim,2026-04-24 04:00:00,0,VCT 2026: Pacific Stage 1,https://www.vlr.gg/644671/rex-regum-qeon-vs-full-sense-vct-2026-pacific-stage-1-w4
RRQ,Pearl,atk,FS,1,0,17,elim,2026-04-24 04:00:00,0,VCT 2026: Pacific Stage 1,https://www.vlr.gg/644671/rex-regum-qeon-vs-full-sense-vct-2026-pacific-stage-1-w4
RRQ,Pearl,atk,FS,0,1,18,tim,2026-04-24 04:00:00,0,VCT 2026: Pacific Stage 1,https://www.vlr.gg/644671/rex-regum-qeon-vs-full-sense-vct-2026-pacific-stage-1-w4
RRQ,Pearl,atk,FS,0,1,19,defus,2026-04-24 04:00:00,0,VCT 2026: Pacific Stage 1,https://www.vlr.gg/644671/rex-regum-qeon-vs-full-sense-vct-2026-pacific-stage-1-w4
RRQ,Pearl,atk,FS,0,1,20,defus,2026-04-24 04:00:00,0,VCT 2026: Pacific Stage 1,https://www.vlr.gg/644671/rex-regum-qeon-vs-full-sense-vct-2026-pacific-stage-1-w4
RRQ,Pearl,atk,FS,0,1,21,tim,2026-04-24 04:00:00,0,VCT 2026: Pacific Stage 1,https://www.vlr.gg/644671/rex-regum-qeon-vs-full-sense-vct-2026-pacific-stage-1-w4
RRQ,Pearl,atk,FS,0,1,22,defus,2026-04-24 04:00:00,0,VCT 2026: Pacific Stage 1,https://www.vlr.gg/644671/rex-regum-qeon-vs-full-sense-vct-2026-pacific-stage-1-w4
RRQ,Pearl,def,FS,0,1,1,elim,2026-04-24 04:00:00,0,VCT 2026: Pacific Stage 1,https://www.vlr.gg/644671/rex-regum-qeon-vs-full-sense-vct-2026-pacific-stage-1-w4
RRQ,Pearl,def,FS,0,1,2,boom,2026-04-24 04:00:00,0,VCT 2026: Pacific Stage 1,https://www.vlr.gg/644671/rex-regum-qeon-vs-full-sense-vct-2026-pacific-stage-1-w4
RRQ,Pearl,def,FS,0,1,3,elim,2026-04-24 04:00:00,0,VCT 2026: Pacific Stage 1,https://www.vlr.gg/644671/rex-regum-qeon-vs-full-sense-vct-2026-pacific-stage-1-w4
RRQ,Pearl,def,FS,0,1,4,elim,2026-04-24 04:00:00,0,VCT 2026: Pacific Stage 1,https://www.vlr.gg/644671/rex-regum-qeon-vs-full-sense-vct-2026-pacific-stage-1-w4
RRQ,Pearl,def,FS,0,1,5,elim,2026-04-24 04:00:00,0,VCT 2026: Pacific Stage 1,https://www.vlr.gg/644671/rex-regum-qeon-vs-full-sense-vct-2026-pacific-stage-1-w4
RRQ,Pearl,def,FS,1,0,6,defus,2026-04-24 04:00:00,0,VCT 2026: Pacific Stage 1,https://www.vlr.gg/644671/rex-regum-qeon-vs-full-sense-vct-2026-pacific-stage-1-w4
RRQ,Pearl,def,FS,1,0,7,elim,2026-04-24 04:00:00,0,VCT 2026: Pacific Stage 1,https://www.vlr.gg/644671/rex-regum-qeon-vs-full-sense-vct-2026-pacific-stage-1-w4
RRQ,Pearl,def,FS,0,1,8,boom,2026-04-24 04:00:00,0,VCT 2026: Pacific Stage 1,https://www.vlr.gg/644671/rex-regum-qeon-vs-full-sense-vct-2026-pacific-stage-1-w4
RRQ,Pearl,def,FS,1,0,9,elim,2026-04-24 04:00:00,0,VCT 2026: Pacific Stage 1,https://www.vlr.gg/644671/rex-regum-qeon-vs-full-sense-vct-2026-pacific-stage-1-w4
RRQ,Pearl,def,FS,1,0,10,defus,2026-04-24 04:00:00,0,VCT 2026: Pacific Stage 1,https://www.vlr.gg/644671/rex-regum-qeon-vs-full-sense-vct-2026-pacific-stage-1-w4
RRQ,Pearl,def,FS,1,0,11,elim,2026-04-24 04:00:00,0,VCT 2026: Pacific Stage 1,https://www.vlr.gg/644671/rex-regum-qeon-vs-full-sense-vct-2026-pacific-stage-1-w4
RRQ,Pearl,def,FS,1,0,12,elim,2026-04-24 04:00:00,0,VCT 2026: Pacific Stage 1,https://www.vlr.gg/644671/rex-regum-qeon-vs-full-sense-vct-2026-pacific-stage-1-w4
RRQ,Haven,atk,FS,1,0,13,elim,2026-04-24 04:00:00,1,VCT 2026: Pacific Stage 1,https://www.vlr.gg/644671/rex-regum-qeon-vs-full-sense-vct-2026-pacific-stage-1-w4
RRQ,Haven,atk,FS,1,0,14,elim,2026-04-24 04:00:00,1,VCT 2026: Pacific Stage 1,https://www.vlr.gg/644671/rex-regum-qeon-vs-full-sense-vct-2026-pacific-stage-1-w4
RRQ,Haven,atk,FS,0,1,15,elim,2026-04-24 04:00:00,1,VCT 2026: Pacific Stage 1,https://www.vlr.gg/644671/rex-regum-qeon-vs-full-sense-vct-2026-pacific-stage-1-w4
RRQ,Haven,atk,FS,0,1,16,elim,2026-04-24 04:00:00,1,VCT 2026: Pacific Stage 1,https://www.vlr.gg/644671/rex-regum-qeon-vs-full-sense-vct-2026-pacific-stage-1-w4
RRQ,Haven,atk,FS,0,1,17,elim,2026-04-24 04:00:00,1,VCT 2026: Pacific Stage 1,https://www.vlr.gg/644671/rex-regum-qeon-vs-full-sense-vct-2026-pacific-stage-1-w4
RRQ,Haven,atk,FS,1,0,18,elim,2026-04-24 04:00:00,1,VCT 2026: Pacific Stage 1,https://www.vlr.gg/644671/rex-regum-qeon-vs-full-sense-vct-2026-pacific-stage-1-w4
RRQ,Haven,atk,FS,0,1,19,defus,2026-04-24 04:00:00,1,VCT 2026: Pacific Stage 1,https://www.vlr.gg/644671/rex-regum-qeon-vs-full-sense-vct-2026-pacific-stage-1-w4
RRQ,Haven,atk,FS,0,1,20,defus,2026-04-24 04:00:00,1,VCT 2026: Pacific Stage 1,https://www.vlr.gg/644671/rex-regum-qeon-vs-full-sense-vct-2026-pacific-stage-1-w4
RRQ,Haven,atk,FS,1,0,21,elim,2026-04-24 04:00:00,1,VCT 2026: Pacific Stage 1,https://www.vlr.gg/644671/rex-regum-qeon-vs-full-sense-vct-2026-pacific-stage-1-w4
RRQ,Haven,atk,FS,1,0,22,elim,2026-04-24 04:00:00,1,VCT 2026: Pacific Stage 1,https://www.vlr.gg/644671/rex-regum-qeon-vs-full-sense-vct-2026-pacific-stage-1-w4
RRQ,Haven,atk,FS,1,0,23,elim,2026-04-24 04:00:00,1,VCT 2026: Pacific Stage 1,https://www.vlr.gg/644671/rex-regum-qeon-vs-full-sense-vct-2026-pacific-stage-1-w4
RRQ,Haven,def,FS,0,1,1,boom,2026-04-24 04:00:00,1,VCT 2026: Pacific Stage 1,https://www.vlr.gg/644671/rex-regum-qeon-vs-full-sense-vct-2026-pacific-stage-1-w4
RRQ,Haven,def,FS,0,1,2,elim,2026-04-24 04:00:00,1,VCT 2026: Pacific Stage 1,https://www.vlr.gg/644671/rex-regum-qeon-vs-full-sense-vct-2026-pacific-stage-1-w4
RRQ,Haven,def,FS,0,1,3,boom,2026-04-24 04:00:00,1,VCT 2026: Pacific Stage 1,https://www.vlr.gg/644671/rex-regum-qeon-vs-full-sense-vct-2026-pacific-stage-1-w4
RRQ,Haven,def,FS,0,1,4,elim,2026-04-24 04:00:00,1,VCT 2026: Pacific Stage 1,https://www.vlr.gg/644671/rex-regum-qeon-vs-full-sense-vct-2026-pacific-stage-1-w4
RRQ,Haven,def,FS,1,0,5,elim,2026-04-24 04:00:00,1,VCT 2026: Pacific Stage 1,https://www.vlr.gg/644671/rex-regum-qeon-vs-full-sense-vct-2026-pacific-stage-1-w4
RRQ,Haven,def,FS,0,1,6,boom,2026-04-24 04:00:00,1,VCT 2026: Pacific Stage 1,https://www.vlr.gg/644671/rex-regum-qeon-vs-full-sense-vct-2026-pacific-stage-1-w4
RRQ,Haven,def,FS,1,0,7,defus,2026-04-24 04:00:00,1,VCT 2026: Pacific Stage 1,https://www.vlr.gg/644671/rex-regum-qeon-vs-full-sense-vct-2026-pacific-stage-1-w4
RRQ,Haven,def,FS,1,0,8,defus,2026-04-24 04:00:00,1,VCT 2026: Pacific Stage 1,https://www.vlr.gg/644671/rex-regum-qeon-vs-full-sense-vct-2026-pacific-stage-1-w4
RRQ,Haven,def,FS,1,0,9,elim,2026-04-24 04:00:00,1,VCT 2026: Pacific Stage 1,https://www.vlr.gg/644671/rex-regum-qeon-vs-full-sense-vct-2026-pacific-stage-1-w4
RRQ,Haven,def,FS,1,0,10,defus,2026-04-24 04:00:00,1,VCT 2026: Pacific Stage 1,https://www.vlr.gg/644671/rex-regum-qeon-vs-full-sense-vct-2026-pacific-stage-1-w4
RRQ,Haven,def,FS,1,0,11,elim,2026-04-24 04:00:00,1,VCT 2026: Pacific Stage 1,https://www.vlr.gg/644671/rex-regum-qeon-vs-full-sense-vct-2026-pacific-stage-1-w4
RRQ,Haven,def,FS,1,0,12,defus,2026-04-24 04:00:00,1,VCT 2026: Pacific Stage 1,https://www.vlr.gg/644671/rex-regum-qeon-vs-full-sense-vct-2026-pacific-stage-1-w4
RRQ,Fracture,atk,FS,0,1,1,defus,2026-04-24 04:00:00,2,VCT 2026: Pacific Stage 1,https://www.vlr.gg/644671/rex-regum-qeon-vs-full-sense-vct-2026-pacific-stage-1-w4
RRQ,Fracture,atk,FS,1,0,2,elim,2026-04-24 04:00:00,2,VCT 2026: Pacific Stage 1,https://www.vlr.gg/644671/rex-regum-qeon-vs-full-sense-vct-2026-pacific-stage-1-w4
RRQ,Fracture,atk,FS,1,0,3,elim,2026-04-24 04:00:00,2,VCT 2026: Pacific Stage 1,https://www.vlr.gg/644671/rex-regum-qeon-vs-full-sense-vct-2026-pacific-stage-1-w4
RRQ,Fracture,atk,FS,1,0,4,boom,2026-04-24 04:00:00,2,VCT 2026: Pacific Stage 1,https://www.vlr.gg/644671/rex-regum-qeon-vs-full-sense-vct-2026-pacific-stage-1-w4
RRQ,Fracture,atk,FS,1,0,5,elim,2026-04-24 04:00:00,2,VCT 2026: Pacific Stage 1,https://www.vlr.gg/644671/rex-regum-qeon-vs-full-sense-vct-2026-pacific-stage-1-w4
RRQ,Fracture,atk,FS,1,0,6,elim,2026-04-24 04:00:00,2,VCT 2026: Pacific Stage 1,https://www.vlr.gg/644671/rex-regum-qeon-vs-full-sense-vct-2026-pacific-stage-1-w4
RRQ,Fracture,atk,FS,1,0,7,boom,2026-04-24 04:00:00,2,VCT 2026: Pacific Stage 1,https://www.vlr.gg/644671/rex-regum-qeon-vs-full-sense-vct-2026-pacific-stage-1-w4
RRQ,Fracture,atk,FS,1,0,8,elim,2026-04-24 04:00:00,2,VCT 2026: Pacific Stage 1,https://www.vlr.gg/644671/rex-regum-qeon-vs-full-sense-vct-2026-pacific-stage-1-w4
RRQ,Fracture,atk,FS,1,0,9,elim,2026-04-24 04:00:00,2,VCT 2026: Pacific Stage 1,https://www.vlr.gg/644671/rex-regum-qeon-vs-full-sense-vct-2026-pacific-stage-1-w4
RRQ,Fracture,atk,FS,1,0,10,boom,2026-04-24 04:00:00,2,VCT 2026: Pacific Stage 1,https://www.vlr.gg/644671/rex-regum-qeon-vs-full-sense-vct-2026-pacific-stage-1-w4
RRQ,Fracture,atk,FS,1,0,11,elim,2026-04-24 04:00:00,2,VCT 2026: Pacific Stage 1,https://www.vlr.gg/644671/rex-regum-qeon-vs-full-sense-vct-2026-pacific-stage-1-w4
RRQ,Fracture,atk,FS,1,0,12,elim,2026-04-24 04:00:00,2,VCT 2026: Pacific Stage 1,https://www.vlr.gg/644671/rex-regum-qeon-vs-full-sense-vct-2026-pacific-stage-1-w4
RRQ,Fracture,def,FS,1,0,13,defus,2026-04-24 04:00:00,2,VCT 2026: Pacific Stage 1,https://www.vlr.gg/644671/rex-regum-qeon-vs-full-sense-vct-2026-pacific-stage-1-w4
RRQ,Fracture,def,FS,0,1,14,boom,2026-04-24 04:00:00,2,VCT 2026: Pacific Stage 1,https://www.vlr.gg/644671/rex-regum-qeon-vs-full-sense-vct-2026-pacific-stage-1-w4
RRQ,Fracture,def,FS,0,1,15,boom,2026-04-24 04:00:00,2,VCT 2026: Pacific Stage 1,https://www.vlr.gg/644671/rex-regum-qeon-vs-full-sense-vct-2026-pacific-stage-1-w4
RRQ,Fracture,def,FS,1,0,16,defus,2026-04-24 04:00:00,2,VCT 2026: Pacific Stage 1,https://www.vlr.gg/644671/rex-regum-qeon-vs-full-sense-vct-2026-pacific-stage-1-w4
PRX,Split,atk,GE,1,0,13,elim,2026-04-24 07:00:00,0,VCT 2026: Pacific Stage 1,https://www.vlr.gg/644672/paper-rex-vs-global-esports-vct-2026-pacific-stage-1-w4
PRX,Split,atk,GE,0,1,14,defus,2026-04-24 07:00:00,0,VCT 2026: Pacific Stage 1,https://www.vlr.gg/644672/paper-rex-vs-global-esports-vct-2026-pacific-stage-1-w4
PRX,Split,atk,GE,1,0,15,elim,2026-04-24 07:00:00,0,VCT 2026: Pacific Stage 1,https://www.vlr.gg/644672/paper-rex-vs-global-esports-vct-2026-pacific-stage-1-w4
PRX,Split,atk,GE,1,0,16,elim,2026-04-24 07:00:00,0,VCT 2026: Pacific Stage 1,https://www.vlr.gg/644672/paper-rex-vs-global-esports-vct-2026-pacific-stage-1-w4
PRX,Split,def,GE,1,0,1,defus,2026-04-24 07:00:00,0,VCT 2026: Pacific Stage 1,https://www.vlr.gg/644672/paper-rex-vs-global-esports-vct-2026-pacific-stage-1-w4
PRX,Split,def,GE,1,0,2,elim,2026-04-24 07:00:00,0,VCT 2026: Pacific Stage 1,https://www.vlr.gg/644672/paper-rex-vs-global-esports-vct-2026-pacific-stage-1-w4
PRX,Split,def,GE,1,0,3,elim,2026-04-24 07:00:00,0,VCT 2026: Pacific Stage 1,https://www.vlr.gg/644672/paper-rex-vs-global-esports-vct-2026-pacific-stage-1-w4
PRX,Split,def,GE,1,0,4,elim,2026-04-24 07:00:00,0,VCT 2026: Pacific Stage 1,https://www.vlr.gg/644672/paper-rex-vs-global-esports-vct-2026-pacific-stage-1-w4
PRX,Split,def,GE,1,0,5,elim,2026-04-24 07:00:00,0,VCT 2026: Pacific Stage 1,https://www.vlr.gg/644672/paper-rex-vs-global-esports-vct-2026-pacific-stage-1-w4
PRX,Split,def,GE,1,0,6,elim,2026-04-24 07:00:00,0,VCT 2026: Pacific Stage 1,https://www.vlr.gg/644672/paper-rex-vs-global-esports-vct-2026-pacific-stage-1-w4
PRX,Split,def,GE,1,0,7,elim,2026-04-24 07:00:00,0,VCT 2026: Pacific Stage 1,https://www.vlr.gg/644672/paper-rex-vs-global-esports-vct-2026-pacific-stage-1-w4
PRX,Split,def,GE,0,1,8,boom,2026-04-24 07:00:00,0,VCT 2026: Pacific Stage 1,https://www.vlr.gg/644672/paper-rex-vs-global-esports-vct-2026-pacific-stage-1-w4
PRX,Split,def,GE,1,0,9,tim,2026-04-24 07:00:00,0,VCT 2026: Pacific Stage 1,https://www.vlr.gg/644672/paper-rex-vs-global-esports-vct-2026-pacific-stage-1-w4
PRX,Split,def,GE,1,0,10,elim,2026-04-24 07:00:00,0,VCT 2026: Pacific Stage 1,https://www.vlr.gg/644672/paper-rex-vs-global-esports-vct-2026-pacific-stage-1-w4
PRX,Split,def,GE,0,1,11,elim,2026-04-24 07:00:00,0,VCT 2026: Pacific Stage 1,https://www.vlr.gg/644672/paper-rex-vs-global-esports-vct-2026-pacific-stage-1-w4
PRX,Split,def,GE,1,0,12,elim,2026-04-24 07:00:00,0,VCT 2026: Pacific Stage 1,https://www.vlr.gg/644672/paper-rex-vs-global-esports-vct-2026-pacific-stage-1-w4
PRX,Pearl,atk,GE,0,1,1,defus,2026-04-24 07:00:00,1,VCT 2026: Pacific Stage 1,https://www.vlr.gg/644672/paper-rex-vs-global-esports-vct-2026-pacific-stage-1-w4
PRX,Pearl,atk,GE,0,1,2,defus,2026-04-24 07:00:00,1,VCT 2026: Pacific Stage 1,https://www.vlr.gg/644672/paper-rex-vs-global-esports-vct-2026-pacific-stage-1-w4
PRX,Pearl,atk,GE,1,0,3,elim,2026-04-24 07:00:00,1,VCT 2026: Pacific Stage 1,https://www.vlr.gg/644672/paper-rex-vs-global-esports-vct-2026-pacific-stage-1-w4
PRX,Pearl,atk,GE,0,1,4,elim,2026-04-24 07:00:00,1,VCT 2026: Pacific Stage 1,https://www.vlr.gg/644672/paper-rex-vs-global-esports-vct-2026-pacific-stage-1-w4
PRX,Pearl,atk,GE,0,1,5,tim,2026-04-24 07:00:00,1,VCT 2026: Pacific Stage 1,https://www.vlr.gg/644672/paper-rex-vs-global-esports-vct-2026-pacific-stage-1-w4
PRX,Pearl,atk,GE,0,1,6,defus,2026-04-24 07:00:00,1,VCT 2026: Pacific Stage 1,https://www.vlr.gg/644672/paper-rex-vs-global-esports-vct-2026-pacific-stage-1-w4
PRX,Pearl,atk,GE,0,1,7,defus,2026-04-24 07:00:00,1,VCT 2026: Pacific Stage 1,https://www.vlr.gg/644672/paper-rex-vs-global-esports-vct-2026-pacific-stage-1-w4
PRX,Pearl,atk,GE,0,1,8,elim,2026-04-24 07:00:00,1,VCT 2026: Pacific Stage 1,https://www.vlr.gg/644672/paper-rex-vs-global-esports-vct-2026-pacific-stage-1-w4
PRX,Pearl,atk,GE,1,0,9,boom,2026-04-24 07:00:00,1,VCT 2026: Pacific Stage 1,https://www.vlr.gg/644672/paper-rex-vs-global-esports-vct-2026-pacific-stage-1-w4
PRX,Pearl,atk,GE,1,0,10,elim,2026-04-24 07:00:00,1,VCT 2026: Pacific Stage 1,https://www.vlr.gg/644672/paper-rex-vs-global-esports-vct-2026-pacific-stage-1-w4
PRX,Pearl,atk,GE,1,0,11,elim,2026-04-24 07:00:00,1,VCT 2026: Pacific Stage 1,https://www.vlr.gg/644672/paper-rex-vs-global-esports-vct-2026-pacific-stage-1-w4
PRX,Pearl,atk,GE,0,1,12,elim,2026-04-24 07:00:00,1,VCT 2026: Pacific Stage 1,https://www.vlr.gg/644672/paper-rex-vs-global-esports-vct-2026-pacific-stage-1-w4
PRX,Pearl,def,GE,1,0,13,defus,2026-04-24 07:00:00,1,VCT 2026: Pacific Stage 1,https://www.vlr.gg/644672/paper-rex-vs-global-esports-vct-2026-pacific-stage-1-w4
PRX,Pearl,def,GE,1,0,14,elim,2026-04-24 07:00:00,1,VCT 2026: Pacific Stage 1,https://www.vlr.gg/644672/paper-rex-vs-global-esports-vct-2026-pacific-stage-1-w4
PRX,Pearl,def,GE,1,0,15,elim,2026-04-24 07:00:00,1,VCT 2026: Pacific Stage 1,https://www.vlr.gg/644672/paper-rex-vs-global-esports-vct-2026-pacific-stage-1-w4
PRX,Pearl,def,GE,1,0,16,elim,2026-04-24 07:00:00,1,VCT 2026: Pacific Stage 1,https://www.vlr.gg/644672/paper-rex-vs-global-esports-vct-2026-pacific-stage-1-w4
PRX,Pearl,def,GE,1,0,17,defus,2026-04-24 07:00:00,1,VCT 2026: Pacific Stage 1,https://www.vlr.gg/644672/paper-rex-vs-global-esports-vct-2026-pacific-stage-1-w4
PRX,Pearl,def,GE,1,0,18,tim,2026-04-24 07:00:00,1,VCT 2026: Pacific Stage 1,https://www.vlr.gg/644672/paper-rex-vs-global-esports-vct-2026-pacific-stage-1-w4
PRX,Pearl,def,GE,1,0,19,elim,2026-04-24 07:00:00,1,VCT 2026: Pacific Stage 1,https://www.vlr.gg/644672/paper-rex-vs-global-esports-vct-2026-pacific-stage-1-w4
PRX,Pearl,def,GE,1,0,20,defus,2026-04-24 07:00:00,1,VCT 2026: Pacific Stage 1,https://www.vlr.gg/644672/paper-rex-vs-global-esports-vct-2026-pacific-stage-1-w4
PRX,Pearl,def,GE,1,0,21,defus,2026-04-24 07:00:00,1,VCT 2026: Pacific Stage 1,https://www.vlr.gg/644672/paper-rex-vs-global-esports-vct-2026-pacific-stage-1-w4
GEN,Haven,atk,KRX,1,0,13,elim,2026-04-25 04:00:00,0,VCT 2026: Pacific Stage 1,https://www.vlr.gg/644673/gen-g-vs-kiwoom-drx-vct-2026-pacific-stage-1-w4
GEN,Haven,atk,KRX,0,1,14,elim,2026-04-25 04:00:00,0,VCT 2026: Pacific Stage 1,https://www.vlr.gg/644673/gen-g-vs-kiwoom-drx-vct-2026-pacific-stage-1-w4
GEN,Haven,atk,KRX,0,1,15,defus,2026-04-25 04:00:00,0,VCT 2026: Pacific Stage 1,https://www.vlr.gg/644673/gen-g-vs-kiwoom-drx-vct-2026-pacific-stage-1-w4
GEN,Haven,atk,KRX,1,0,16,elim,2026-04-25 04:00:00,0,VCT 2026: Pacific Stage 1,https://www.vlr.gg/644673/gen-g-vs-kiwoom-drx-vct-2026-pacific-stage-1-w4
GEN,Haven,def,KRX,1,0,1,defus,2026-04-25 04:00:00,0,VCT 2026: Pacific Stage 1,https://www.vlr.gg/644673/gen-g-vs-kiwoom-drx-vct-2026-pacific-stage-1-w4
GEN,Haven,def,KRX,1,0,2,elim,2026-04-25 04:00:00,0,VCT 2026: Pacific Stage 1,https://www.vlr.gg/644673/gen-g-vs-kiwoom-drx-vct-2026-pacific-stage-1-w4
GEN,Haven,def,KRX,1,0,3,tim,2026-04-25 04:00:00,0,VCT 2026: Pacific Stage 1,https://www.vlr.gg/644673/gen-g-vs-kiwoom-drx-vct-2026-pacific-stage-1-w4
GEN,Haven,def,KRX,1,0,4,elim,2026-04-25 04:00:00,0,VCT 2026: Pacific Stage 1,https://www.vlr.gg/644673/gen-g-vs-kiwoom-drx-vct-2026-pacific-stage-1-w4
GEN,Haven,def,KRX,1,0,5,elim,2026-04-25 04:00:00,0,VCT 2026: Pacific Stage 1,https://www.vlr.gg/644673/gen-g-vs-kiwoom-drx-vct-2026-pacific-stage-1-w4
GEN,Haven,def,KRX,1,0,6,elim,2026-04-25 04:00:00,0,VCT 2026: Pacific Stage 1,https://www.vlr.gg/644673/gen-g-vs-kiwoom-drx-vct-2026-pacific-stage-1-w4
GEN,Haven,def,KRX,1,0,7,elim,2026-04-25 04:00:00,0,VCT 2026: Pacific Stage 1,https://www.vlr.gg/644673/gen-g-vs-kiwoom-drx-vct-2026-pacific-stage-1-w4
GEN,Haven,def,KRX,1,0,8,defus,2026-04-25 04:00:00,0,VCT 2026: Pacific Stage 1,https://www.vlr.gg/644673/gen-g-vs-kiwoom-drx-vct-2026-pacific-stage-1-w4
GEN,Haven,def,KRX,1,0,9,defus,2026-04-25 04:00:00,0,VCT 2026: Pacific Stage 1,https://www.vlr.gg/644673/gen-g-vs-kiwoom-drx-vct-2026-pacific-stage-1-w4
GEN,Haven,def,KRX,1,0,10,defus,2026-04-25 04:00:00,0,VCT 2026: Pacific Stage 1,https://www.vlr.gg/644673/gen-g-vs-kiwoom-drx-vct-2026-pacific-stage-1-w4
GEN,Haven,def,KRX,0,1,11,elim,2026-04-25 04:00:00,0,VCT 2026: Pacific Stage 1,https://www.vlr.gg/644673/gen-g-vs-kiwoom-drx-vct-2026-pacific-stage-1-w4
GEN,Haven,def,KRX,1,0,12,defus,2026-04-25 04:00:00,0,VCT 2026: Pacific Stage 1,https://www.vlr.gg/644673/gen-g-vs-kiwoom-drx-vct-2026-pacific-stage-1-w4
GEN,Pearl,atk,KRX,0,1,13,defus,2026-04-25 04:00:00,1,VCT 2026: Pacific Stage 1,https://www.vlr.gg/644673/gen-g-vs-kiwoom-drx-vct-2026-pacific-stage-1-w4
GEN,Pearl,atk,KRX,0,1,14,elim,2026-04-25 04:00:00,1,VCT 2026: Pacific Stage 1,https://www.vlr.gg/644673/gen-g-vs-kiwoom-drx-vct-2026-pacific-stage-1-w4
GEN,Pearl,atk,KRX,1,0,15,elim,2026-04-25 04:00:00,1,VCT 2026: Pacific Stage 1,https://www.vlr.gg/644673/gen-g-vs-kiwoom-drx-vct-2026-pacific-stage-1-w4
GEN,Pearl,atk,KRX,0,1,16,tim,2026-04-25 04:00:00,1,VCT 2026: Pacific Stage 1,https://www.vlr.gg/644673/gen-g-vs-kiwoom-drx-vct-2026-pacific-stage-1-w4
GEN,Pearl,atk,KRX,0,1,17,elim,2026-04-25 04:00:00,1,VCT 2026: Pacific Stage 1,https://www.vlr.gg/644673/gen-g-vs-kiwoom-drx-vct-2026-pacific-stage-1-w4
GEN,Pearl,atk,KRX,1,0,18,boom,2026-04-25 04:00:00,1,VCT 2026: Pacific Stage 1,https://www.vlr.gg/644673/gen-g-vs-kiwoom-drx-vct-2026-pacific-stage-1-w4
GEN,Pearl,atk,KRX,1,0,19,elim,2026-04-25 04:00:00,1,VCT 2026: Pacific Stage 1,https://www.vlr.gg/644673/gen-g-vs-kiwoom-drx-vct-2026-pacific-stage-1-w4
GEN,Pearl,atk,KRX,1,0,20,boom,2026-04-25 04:00:00,1,VCT 2026: Pacific Stage 1,https://www.vlr.gg/644673/gen-g-vs-kiwoom-drx-vct-2026-pacific-stage-1-w4
GEN,Pearl,atk,KRX,1,0,21,boom,2026-04-25 04:00:00,1,VCT 2026: Pacific Stage 1,https://www.vlr.gg/644673/gen-g-vs-kiwoom-drx-vct-2026-pacific-stage-1-w4
GEN,Pearl,atk,KRX,1,0,22,elim,2026-04-25 04:00:00,1,VCT 2026: Pacific Stage 1,https://www.vlr.gg/644673/gen-g-vs-kiwoom-drx-vct-2026-pacific-stage-1-w4
GEN,Pearl,atk,KRX,0,1,23,defus,2026-04-25 04:00:00,1,VCT 2026: Pacific Stage 1,https://www.vlr.gg/644673/gen-g-vs-kiwoom-drx-vct-2026-pacific-stage-1-w4
GEN,Pearl,def,KRX,0,1,1,elim,2026-04-25 04:00:00,1,VCT 2026: Pacific Stage 1,https://www.vlr.gg/644673/gen-g-vs-kiwoom-drx-vct-2026-pacific-stage-1-w4
GEN,Pearl,def,KRX,0,1,2,elim,2026-04-25 04:00:00,1,VCT 2026: Pacific Stage 1,https://www.vlr.gg/644673/gen-g-vs-kiwoom-drx-vct-2026-pacific-stage-1-w4
GEN,Pearl,def,KRX,0,1,3,elim,2026-04-25 04:00:00,1,VCT 2026: Pacific Stage 1,https://www.vlr.gg/644673/gen-g-vs-kiwoom-drx-vct-2026-pacific-stage-1-w4
GEN,Pearl,def,KRX,0,1,4,elim,2026-04-25 04:00:00,1,VCT 2026: Pacific Stage 1,https://www.vlr.gg/644673/gen-g-vs-kiwoom-drx-vct-2026-pacific-stage-1-w4
GEN,Pearl,def,KRX,0,1,5,elim,2026-04-25 04:00:00,1,VCT 2026: Pacific Stage 1,https://www.vlr.gg/644673/gen-g-vs-kiwoom-drx-vct-2026-pacific-stage-1-w4
GEN,Pearl,def,KRX,1,0,6,defus,2026-04-25 04:00:00,1,VCT 2026: Pacific Stage 1,https://www.vlr.gg/644673/gen-g-vs-kiwoom-drx-vct-2026-pacific-stage-1-w4
GEN,Pearl,def,KRX,1,0,7,defus,2026-04-25 04:00:00,1,VCT 2026: Pacific Stage 1,https://www.vlr.gg/644673/gen-g-vs-kiwoom-drx-vct-2026-pacific-stage-1-w4
GEN,Pearl,def,KRX,0,1,8,elim,2026-04-25 04:00:00,1,VCT 2026: Pacific Stage 1,https://www.vlr.gg/644673/gen-g-vs-kiwoom-drx-vct-2026-pacific-stage-1-w4
GEN,Pearl,def,KRX,0,1,9,elim,2026-04-25 04:00:00,1,VCT 2026: Pacific Stage 1,https://www.vlr.gg/644673/gen-g-vs-kiwoom-drx-vct-2026-pacific-stage-1-w4
GEN,Pearl,def,KRX,1,0,10,defus,2026-04-25 04:00:00,1,VCT 2026: Pacific Stage 1,https://www.vlr.gg/644673/gen-g-vs-kiwoom-drx-vct-2026-pacific-stage-1-w4
GEN,Pearl,def,KRX,1,0,11,tim,2026-04-25 04:00:00,1,VCT 2026: Pacific Stage 1,https://www.vlr.gg/644673/gen-g-vs-kiwoom-drx-vct-2026-pacific-stage-1-w4
GEN,Pearl,def,KRX,0,1,12,elim,2026-04-25 04:00:00,1,VCT 2026: Pacific Stage 1,https://www.vlr.gg/644673/gen-g-vs-kiwoom-drx-vct-2026-pacific-stage-1-w4
GEN,Lotus,atk,KRX,0,1,1,elim,2026-04-25 04:00:00,2,VCT 2026: Pacific Stage 1,https://www.vlr.gg/644673/gen-g-vs-kiwoom-drx-vct-2026-pacific-stage-1-w4
GEN,Lotus,atk,KRX,0,1,2,elim,2026-04-25 04:00:00,2,VCT 2026: Pacific Stage 1,https://www.vlr.gg/644673/gen-g-vs-kiwoom-drx-vct-2026-pacific-stage-1-w4
GEN,Lotus,atk,KRX,1,0,3,elim,2026-04-25 04:00:00,2,VCT 2026: Pacific Stage 1,https://www.vlr.gg/644673/gen-g-vs-kiwoom-drx-vct-2026-pacific-stage-1-w4
GEN,Lotus,atk,KRX,0,1,4,elim,2026-04-25 04:00:00,2,VCT 2026: Pacific Stage 1,https://www.vlr.gg/644673/gen-g-vs-kiwoom-drx-vct-2026-pacific-stage-1-w4
GEN,Lotus,atk,KRX,1,0,5,boom,2026-04-25 04:00:00,2,VCT 2026: Pacific Stage 1,https://www.vlr.gg/644673/gen-g-vs-kiwoom-drx-vct-2026-pacific-stage-1-w4
GEN,Lotus,atk,KRX,0,1,6,elim,2026-04-25 04:00:00,2,VCT 2026: Pacific Stage 1,https://www.vlr.gg/644673/gen-g-vs-kiwoom-drx-vct-2026-pacific-stage-1-w4
GEN,Lotus,atk,KRX,0,1,7,defus,2026-04-25 04:00:00,2,VCT 2026: Pacific Stage 1,https://www.vlr.gg/644673/gen-g-vs-kiwoom-drx-vct-2026-pacific-stage-1-w4
GEN,Lotus,atk,KRX,0,1,8,defus,2026-04-25 04:00:00,2,VCT 2026: Pacific Stage 1,https://www.vlr.gg/644673/gen-g-vs-kiwoom-drx-vct-2026-pacific-stage-1-w4
GEN,Lotus,atk,KRX,0,1,9,elim,2026-04-25 04:00:00,2,VCT 2026: Pacific Stage 1,https://www.vlr.gg/644673/gen-g-vs-kiwoom-drx-vct-2026-pacific-stage-1-w4
GEN,Lotus,atk,KRX,1,0,10,elim,2026-04-25 04:00:00,2,VCT 2026: Pacific Stage 1,https://www.vlr.gg/644673/gen-g-vs-kiwoom-drx-vct-2026-pacific-stage-1-w4
GEN,Lotus,atk,KRX,0,1,11,defus,2026-04-25 04:00:00,2,VCT 2026: Pacific Stage 1,https://www.vlr.gg/644673/gen-g-vs-kiwoom-drx-vct-2026-pacific-stage-1-w4
GEN,Lotus,atk,KRX,0,1,12,elim,2026-04-25 04:00:00,2,VCT 2026: Pacific Stage 1,https://www.vlr.gg/644673/gen-g-vs-kiwoom-drx-vct-2026-pacific-stage-1-w4
GEN,Lotus,atk,KRX,1,0,25,elim,2026-04-25 04:00:00,2,VCT 2026: Pacific Stage 1,https://www.vlr.gg/644673/gen-g-vs-kiwoom-drx-vct-2026-pacific-stage-1-w4
GEN,Lotus,atk,KRX,1,0,27,elim,2026-04-25 04:00:00,2,VCT 2026: Pacific Stage 1,https://www.vlr.gg/644673/gen-g-vs-kiwoom-drx-vct-2026-pacific-stage-1-w4
GEN,Lotus,atk,KRX,0,1,29,defus,2026-04-25 04:00:00,2,VCT 2026: Pacific Stage 1,https://www.vlr.gg/644673/gen-g-vs-kiwoom-drx-vct-2026-pacific-stage-1-w4
GEN,Lotus,atk,KRX,0,1,31,defus,2026-04-25 04:00:00,2,VCT 2026: Pacific Stage 1,https://www.vlr.gg/644673/gen-g-vs-kiwoom-drx-vct-2026-pacific-stage-1-w4
GEN,Lotus,atk,KRX,0,1,33,defus,2026-04-25 04:00:00,2,VCT 2026: Pacific Stage 1,https://www.vlr.gg/644673/gen-g-vs-kiwoom-drx-vct-2026-pacific-stage-1-w4
GEN,Lotus,atk,KRX,0,1,35,defus,2026-04-25 04:00:00,2,VCT 2026: Pacific Stage 1,https://www.vlr.gg/644673/gen-g-vs-kiwoom-drx-vct-2026-pacific-stage-1-w4
GEN,Lotus,def,KRX,1,0,13,elim,2026-04-25 04:00:00,2,VCT 2026: Pacific Stage 1,https://www.vlr.gg/644673/gen-g-vs-kiwoom-drx-vct-2026-pacific-stage-1-w4
GEN,Lotus,def,KRX,1,0,14,elim,2026-04-25 04:00:00,2,VCT 2026: Pacific Stage 1,https://www.vlr.gg/644673/gen-g-vs-kiwoom-drx-vct-2026-pacific-stage-1-w4
GEN,Lotus,def,KRX,0,1,15,elim,2026-04-25 04:00:00,2,VCT 2026: Pacific Stage 1,https://www.vlr.gg/644673/gen-g-vs-kiwoom-drx-vct-2026-pacific-stage-1-w4
GEN,Lotus,def,KRX,0,1,16,elim,2026-04-25 04:00:00,2,VCT 2026: Pacific Stage 1,https://www.vlr.gg/644673/gen-g-vs-kiwoom-drx-vct-2026-pacific-stage-1-w4
GEN,Lotus,def,KRX,1,0,17,defus,2026-04-25 04:00:00,2,VCT 2026: Pacific Stage 1,https://www.vlr.gg/644673/gen-g-vs-kiwoom-drx-vct-2026-pacific-stage-1-w4
GEN,Lotus,def,KRX,1,0,18,elim,2026-04-25 04:00:00,2,VCT 2026: Pacific Stage 1,https://www.vlr.gg/644673/gen-g-vs-kiwoom-drx-vct-2026-pacific-stage-1-w4
GEN,Lotus,def,KRX,1,0,19,tim,2026-04-25 04:00:00,2,VCT 2026: Pacific Stage 1,https://www.vlr.gg/644673/gen-g-vs-kiwoom-drx-vct-2026-pacific-stage-1-w4
GEN,Lotus,def,KRX,1,0,20,defus,2026-04-25 04:00:00,2,VCT 2026: Pacific Stage 1,https://www.vlr.gg/644673/gen-g-vs-kiwoom-drx-vct-2026-pacific-stage-1-w4
GEN,Lotus,def,KRX,0,1,21,elim,2026-04-25 04:00:00,2,VCT 2026: Pacific Stage 1,https://www.vlr.gg/644673/gen-g-vs-kiwoom-drx-vct-2026-pacific-stage-1-w4
GEN,Lotus,def,KRX,1,0,22,defus,2026-04-25 04:00:00,2,VCT 2026: Pacific Stage 1,https://www.vlr.gg/644673/gen-g-vs-kiwoom-drx-vct-2026-pacific-stage-1-w4
GEN,Lotus,def,KRX,1,0,23,defus,2026-04-25 04:00:00,2,VCT 2026: Pacific Stage 1,https://www.vlr.gg/644673/gen-g-vs-kiwoom-drx-vct-2026-pacific-stage-1-w4
GEN,Lotus,def,KRX,1,0,24,defus,2026-04-25 04:00:00,2,VCT 2026: Pacific Stage 1,https://www.vlr.gg/644673/gen-g-vs-kiwoom-drx-vct-2026-pacific-stage-1-w4
GEN,Lotus,def,KRX,0,1,26,elim,2026-04-25 04:00:00,2,VCT 2026: Pacific Stage 1,https://www.vlr.gg/644673/gen-g-vs-kiwoom-drx-vct-2026-pacific-stage-1-w4
GEN,Lotus,def,KRX,0,1,28,elim,2026-04-25 04:00:00,2,VCT 2026: Pacific Stage 1,https://www.vlr.gg/644673/gen-g-vs-kiwoom-drx-vct-2026-pacific-stage-1-w4
GEN,Lotus,def,KRX,1,0,30,elim,2026-04-25 04:00:00,2,VCT 2026: Pacific Stage 1,https://www.vlr.gg/644673/gen-g-vs-kiwoom-drx-vct-2026-pacific-stage-1-w4
GEN,Lotus,def,KRX,1,0,32,elim,2026-04-25 04:00:00,2,VCT 2026: Pacific Stage 1,https://www.vlr.gg/644673/gen-g-vs-kiwoom-drx-vct-2026-pacific-stage-1-w4
GEN,Lotus,def,KRX,1,0,34,defus,2026-04-25 04:00:00,2,VCT 2026: Pacific Stage 1,https://www.vlr.gg/644673/gen-g-vs-kiwoom-drx-vct-2026-pacific-stage-1-w4
GEN,Lotus,def,KRX,0,1,36,elim,2026-04-25 04:00:00,2,VCT 2026: Pacific Stage 1,https://www.vlr.gg/644673/gen-g-vs-kiwoom-drx-vct-2026-pacific-stage-1-w4
DFM,Lotus,atk,VL,0,1,13,defus,2026-04-25 07:35:00,0,VCT 2026: Pacific Stage 1,https://www.vlr.gg/644674/detonation-focusme-vs-varrel-vct-2026-pacific-stage-1-w4
DFM,Lotus,atk,VL,0,1,14,elim,2026-04-25 07:35:00,0,VCT 2026: Pacific Stage 1,https://www.vlr.gg/644674/detonation-focusme-vs-varrel-vct-2026-pacific-stage-1-w4
DFM,Lotus,atk,VL,0,1,15,defus,2026-04-25 07:35:00,0,VCT 2026: Pacific Stage 1,https://www.vlr.gg/644674/detonation-focusme-vs-varrel-vct-2026-pacific-stage-1-w4
DFM,Lotus,atk,VL,1,0,16,elim,2026-04-25 07:35:00,0,VCT 2026: Pacific Stage 1,https://www.vlr.gg/644674/detonation-focusme-vs-varrel-vct-2026-pacific-stage-1-w4
DFM,Lotus,atk,VL,1,0,17,boom,2026-04-25 07:35:00,0,VCT 2026: Pacific Stage 1,https://www.vlr.gg/644674/detonation-focusme-vs-varrel-vct-2026-pacific-stage-1-w4
DFM,Lotus,atk,VL,1,0,18,elim,2026-04-25 07:35:00,0,VCT 2026: Pacific Stage 1,https://www.vlr.gg/644674/detonation-focusme-vs-varrel-vct-2026-pacific-stage-1-w4
DFM,Lotus,atk,VL,1,0,19,boom,2026-04-25 07:35:00,0,VCT 2026: Pacific Stage 1,https://www.vlr.gg/644674/detonation-focusme-vs-varrel-vct-2026-pacific-stage-1-w4
DFM,Lotus,atk,VL,0,1,20,tim,2026-04-25 07:35:00,0,VCT 2026: Pacific Stage 1,https://www.vlr.gg/644674/detonation-focusme-vs-varrel-vct-2026-pacific-stage-1-w4
DFM,Lotus,atk,VL,1,0,21,elim,2026-04-25 07:35:00,0,VCT 2026: Pacific Stage 1,https://www.vlr.gg/644674/detonation-focusme-vs-varrel-vct-2026-pacific-stage-1-w4
DFM,Lotus,atk,VL,0,1,22,elim,2026-04-25 07:35:00,0,VCT 2026: Pacific Stage 1,https://www.vlr.gg/644674/detonation-focusme-vs-varrel-vct-2026-pacific-stage-1-w4
DFM,Lotus,atk,VL,1,0,23,elim,2026-04-25 07:35:00,0,VCT 2026: Pacific Stage 1,https://www.vlr.gg/644674/detonation-focusme-vs-varrel-vct-2026-pacific-stage-1-w4
DFM,Lotus,atk,VL,1,0,24,elim,2026-04-25 07:35:00,0,VCT 2026: Pacific Stage 1,https://www.vlr.gg/644674/detonation-focusme-vs-varrel-vct-2026-pacific-stage-1-w4
DFM,Lotus,def,VL,0,1,1,elim,2026-04-25 07:35:00,0,VCT 2026: Pacific Stage 1,https://www.vlr.gg/644674/detonation-focusme-vs-varrel-vct-2026-pacific-stage-1-w4
DFM,Lotus,def,VL,0,1,2,elim,2026-04-25 07:35:00,0,VCT 2026: Pacific Stage 1,https://www.vlr.gg/644674/detonation-focusme-vs-varrel-vct-2026-pacific-stage-1-w4
DFM,Lotus,def,VL,1,0,3,defus,2026-04-25 07:35:00,0,VCT 2026: Pacific Stage 1,https://www.vlr.gg/644674/detonation-focusme-vs-varrel-vct-2026-pacific-stage-1-w4
DFM,Lotus,def,VL,0,1,4,elim,2026-04-25 07:35:00,0,VCT 2026: Pacific Stage 1,https://www.vlr.gg/644674/detonation-focusme-vs-varrel-vct-2026-pacific-stage-1-w4
DFM,Lotus,def,VL,0,1,5,elim,2026-04-25 07:35:00,0,VCT 2026: Pacific Stage 1,https://www.vlr.gg/644674/detonation-focusme-vs-varrel-vct-2026-pacific-stage-1-w4
DFM,Lotus,def,VL,1,0,6,elim,2026-04-25 07:35:00,0,VCT 2026: Pacific Stage 1,https://www.vlr.gg/644674/detonation-focusme-vs-varrel-vct-2026-pacific-stage-1-w4
DFM,Lotus,def,VL,1,0,7,defus,2026-04-25 07:35:00,0,VCT 2026: Pacific Stage 1,https://www.vlr.gg/644674/detonation-focusme-vs-varrel-vct-2026-pacific-stage-1-w4
DFM,Lotus,def,VL,1,0,8,elim,2026-04-25 07:35:00,0,VCT 2026: Pacific Stage 1,https://www.vlr.gg/644674/detonation-focusme-vs-varrel-vct-2026-pacific-stage-1-w4
DFM,Lotus,def,VL,1,0,9,defus,2026-04-25 07:35:00,0,VCT 2026: Pacific Stage 1,https://www.vlr.gg/644674/detonation-focusme-vs-varrel-vct-2026-pacific-stage-1-w4
DFM,Lotus,def,VL,0,1,10,elim,2026-04-25 07:35:00,0,VCT 2026: Pacific Stage 1,https://www.vlr.gg/644674/detonation-focusme-vs-varrel-vct-2026-pacific-stage-1-w4
DFM,Lotus,def,VL,0,1,11,elim,2026-04-25 07:35:00,0,VCT 2026: Pacific Stage 1,https://www.vlr.gg/644674/detonation-focusme-vs-varrel-vct-2026-pacific-stage-1-w4
DFM,Lotus,def,VL,1,0,12,defus,2026-04-25 07:35:00,0,VCT 2026: Pacific Stage 1,https://www.vlr.gg/644674/detonation-focusme-vs-varrel-vct-2026-pacific-stage-1-w4
DFM,Haven,atk,VL,1,0,1,elim,2026-04-25 07:35:00,1,VCT 2026: Pacific Stage 1,https://www.vlr.gg/644674/detonation-focusme-vs-varrel-vct-2026-pacific-stage-1-w4
DFM,Haven,atk,VL,1,0,2,boom,2026-04-25 07:35:00,1,VCT 2026: Pacific Stage 1,https://www.vlr.gg/644674/detonation-focusme-vs-varrel-vct-2026-pacific-stage-1-w4
DFM,Haven,atk,VL,0,1,3,defus,2026-04-25 07:35:00,1,VCT 2026: Pacific Stage 1,https://www.vlr.gg/644674/detonation-focusme-vs-varrel-vct-2026-pacific-stage-1-w4
DFM,Haven,atk,VL,1,0,4,boom,2026-04-25 07:35:00,1,VCT 2026: Pacific Stage 1,https://www.vlr.gg/644674/detonation-focusme-vs-varrel-vct-2026-pacific-stage-1-w4
DFM,Haven,atk,VL,0,1,5,defus,2026-04-25 07:35:00,1,VCT 2026: Pacific Stage 1,https://www.vlr.gg/644674/detonation-focusme-vs-varrel-vct-2026-pacific-stage-1-w4
DFM,Haven,atk,VL,0,1,6,defus,2026-04-25 07:35:00,1,VCT 2026: Pacific Stage 1,https://www.vlr.gg/644674/detonation-focusme-vs-varrel-vct-2026-pacific-stage-1-w4
DFM,Haven,atk,VL,1,0,7,boom,2026-04-25 07:35:00,1,VCT 2026: Pacific Stage 1,https://www.vlr.gg/644674/detonation-focusme-vs-varrel-vct-2026-pacific-stage-1-w4
DFM,Haven,atk,VL,0,1,8,elim,2026-04-25 07:35:00,1,VCT 2026: Pacific Stage 1,https://www.vlr.gg/644674/detonation-focusme-vs-varrel-vct-2026-pacific-stage-1-w4
DFM,Haven,atk,VL,0,1,9,elim,2026-04-25 07:35:00,1,VCT 2026: Pacific Stage 1,https://www.vlr.gg/644674/detonation-focusme-vs-varrel-vct-2026-pacific-stage-1-w4
DFM,Haven,atk,VL,1,0,10,elim,2026-04-25 07:35:00,1,VCT 2026: Pacific Stage 1,https://www.vlr.gg/644674/detonation-focusme-vs-varrel-vct-2026-pacific-stage-1-w4
DFM,Haven,atk,VL,0,1,11,elim,2026-04-25 07:35:00,1,VCT 2026: Pacific Stage 1,https://www.vlr.gg/644674/detonation-focusme-vs-varrel-vct-2026-pacific-stage-1-w4
DFM,Haven,atk,VL,1,0,12,elim,2026-04-25 07:35:00,1,VCT 2026: Pacific Stage 1,https://www.vlr.gg/644674/detonation-focusme-vs-varrel-vct-2026-pacific-stage-1-w4
DFM,Haven,def,VL,1,0,13,elim,2026-04-25 07:35:00,1,VCT 2026: Pacific Stage 1,https://www.vlr.gg/644674/detonation-focusme-vs-varrel-vct-2026-pacific-stage-1-w4
DFM,Haven,def,VL,0,1,14,boom,2026-04-25 07:35:00,1,VCT 2026: Pacific Stage 1,https://www.vlr.gg/644674/detonation-focusme-vs-varrel-vct-2026-pacific-stage-1-w4
DFM,Haven,def,VL,0,1,15,elim,2026-04-25 07:35:00,1,VCT 2026: Pacific Stage 1,https://www.vlr.gg/644674/detonation-focusme-vs-varrel-vct-2026-pacific-stage-1-w4
DFM,Haven,def,VL,0,1,16,elim,2026-04-25 07:35:00,1,VCT 2026: Pacific Stage 1,https://www.vlr.gg/644674/detonation-focusme-vs-varrel-vct-2026-pacific-stage-1-w4
DFM,Haven,def,VL,1,0,17,elim,2026-04-25 07:35:00,1,VCT 2026: Pacific Stage 1,https://www.vlr.gg/644674/detonation-focusme-vs-varrel-vct-2026-pacific-stage-1-w4
DFM,Haven,def,VL,1,0,18,tim,2026-04-25 07:35:00,1,VCT 2026: Pacific Stage 1,https://www.vlr.gg/644674/detonation-focusme-vs-varrel-vct-2026-pacific-stage-1-w4
DFM,Haven,def,VL,0,1,19,elim,2026-04-25 07:35:00,1,VCT 2026: Pacific Stage 1,https://www.vlr.gg/644674/detonation-focusme-vs-varrel-vct-2026-pacific-stage-1-w4
DFM,Haven,def,VL,1,0,20,tim,2026-04-25 07:35:00,1,VCT 2026: Pacific Stage 1,https://www.vlr.gg/644674/detonation-focusme-vs-varrel-vct-2026-pacific-stage-1-w4
DFM,Haven,def,VL,0,1,21,elim,2026-04-25 07:35:00,1,VCT 2026: Pacific Stage 1,https://www.vlr.gg/644674/detonation-focusme-vs-varrel-vct-2026-pacific-stage-1-w4
DFM,Haven,def,VL,0,1,22,elim,2026-04-25 07:35:00,1,VCT 2026: Pacific Stage 1,https://www.vlr.gg/644674/detonation-focusme-vs-varrel-vct-2026-pacific-stage-1-w4
DFM,Haven,def,VL,0,1,23,elim,2026-04-25 07:35:00,1,VCT 2026: Pacific Stage 1,https://www.vlr.gg/644674/detonation-focusme-vs-varrel-vct-2026-pacific-stage-1-w4
DFM,Fracture,atk,VL,1,0,1,elim,2026-04-25 07:35:00,2,VCT 2026: Pacific Stage 1,https://www.vlr.gg/644674/detonation-focusme-vs-varrel-vct-2026-pacific-stage-1-w4
DFM,Fracture,atk,VL,1,0,2,elim,2026-04-25 07:35:00,2,VCT 2026: Pacific Stage 1,https://www.vlr.gg/644674/detonation-focusme-vs-varrel-vct-2026-pacific-stage-1-w4
DFM,Fracture,atk,VL,0,1,3,defus,2026-04-25 07:35:00,2,VCT 2026: Pacific Stage 1,https://www.vlr.gg/644674/detonation-focusme-vs-varrel-vct-2026-pacific-stage-1-w4
DFM,Fracture,atk,VL,1,0,4,boom,2026-04-25 07:35:00,2,VCT 2026: Pacific Stage 1,https://www.vlr.gg/644674/detonation-focusme-vs-varrel-vct-2026-pacific-stage-1-w4
DFM,Fracture,atk,VL,1,0,5,boom,2026-04-25 07:35:00,2,VCT 2026: Pacific Stage 1,https://www.vlr.gg/644674/detonation-focusme-vs-varrel-vct-2026-pacific-stage-1-w4
DFM,Fracture,atk,VL,0,1,6,defus,2026-04-25 07:35:00,2,VCT 2026: Pacific Stage 1,https://www.vlr.gg/644674/detonation-focusme-vs-varrel-vct-2026-pacific-stage-1-w4
DFM,Fracture,atk,VL,1,0,7,elim,2026-04-25 07:35:00,2,VCT 2026: Pacific Stage 1,https://www.vlr.gg/644674/detonation-focusme-vs-varrel-vct-2026-pacific-stage-1-w4
DFM,Fracture,atk,VL,1,0,8,elim,2026-04-25 07:35:00,2,VCT 2026: Pacific Stage 1,https://www.vlr.gg/644674/detonation-focusme-vs-varrel-vct-2026-pacific-stage-1-w4
DFM,Fracture,atk,VL,1,0,9,boom,2026-04-25 07:35:00,2,VCT 2026: Pacific Stage 1,https://www.vlr.gg/644674/detonation-focusme-vs-varrel-vct-2026-pacific-stage-1-w4
DFM,Fracture,atk,VL,0,1,10,defus,2026-04-25 07:35:00,2,VCT 2026: Pacific Stage 1,https://www.vlr.gg/644674/detonation-focusme-vs-varrel-vct-2026-pacific-stage-1-w4
DFM,Fracture,atk,VL,0,1,11,defus,2026-04-25 07:35:00,2,VCT 2026: Pacific Stage 1,https://www.vlr.gg/644674/detonation-focusme-vs-varrel-vct-2026-pacific-stage-1-w4
DFM,Fracture,atk,VL,1,0,12,elim,2026-04-25 07:35:00,2,VCT 2026: Pacific Stage 1,https://www.vlr.gg/644674/detonation-focusme-vs-varrel-vct-2026-pacific-stage-1-w4
DFM,Fracture,def,VL,0,1,13,elim,2026-04-25 07:35:00,2,VCT 2026: Pacific Stage 1,https://www.vlr.gg/644674/detonation-focusme-vs-varrel-vct-2026-pacific-stage-1-w4
DFM,Fracture,def,VL,0,1,14,elim,2026-04-25 07:35:00,2,VCT 2026: Pacific Stage 1,https://www.vlr.gg/644674/detonation-focusme-vs-varrel-vct-2026-pacific-stage-1-w4
DFM,Fracture,def,VL,1,0,15,elim,2026-04-25 07:35:00,2,VCT 2026: Pacific Stage 1,https://www.vlr.gg/644674/detonation-focusme-vs-varrel-vct-2026-pacific-stage-1-w4
DFM,Fracture,def,VL,0,1,16,elim,2026-04-25 07:35:00,2,VCT 2026: Pacific Stage 1,https://www.vlr.gg/644674/detonation-focusme-vs-varrel-vct-2026-pacific-stage-1-w4
DFM,Fracture,def,VL,1,0,17,defus,2026-04-25 07:35:00,2,VCT 2026: Pacific Stage 1,https://www.vlr.gg/644674/detonation-focusme-vs-varrel-vct-2026-pacific-stage-1-w4
DFM,Fracture,def,VL,0,1,18,elim,2026-04-25 07:35:00,2,VCT 2026: Pacific Stage 1,https://www.vlr.gg/644674/detonation-focusme-vs-varrel-vct-2026-pacific-stage-1-w4
DFM,Fracture,def,VL,0,1,19,elim,2026-04-25 07:35:00,2,VCT 2026: Pacific Stage 1,https://www.vlr.gg/644674/detonation-focusme-vs-varrel-vct-2026-pacific-stage-1-w4
DFM,Fracture,def,VL,1,0,20,defus,2026-04-25 07:35:00,2,VCT 2026: Pacific Stage 1,https://www.vlr.gg/644674/detonation-focusme-vs-varrel-vct-2026-pacific-stage-1-w4
DFM,Fracture,def,VL,1,0,21,elim,2026-04-25 07:35:00,2,VCT 2026: Pacific Stage 1,https://www.vlr.gg/644674/detonation-focusme-vs-varrel-vct-2026-pacific-stage-1-w4
DFM,Fracture,def,VL,1,0,22,defus,2026-04-25 07:35:00,2,VCT 2026: Pacific Stage 1,https://www.vlr.gg/644674/detonation-focusme-vs-varrel-vct-2026-pacific-stage-1-w4
T1,Haven,atk,ZETA,1,0,1,elim,2026-04-26 04:00:00,0,VCT 2026: Pacific Stage 1,https://www.vlr.gg/644675/t1-vs-zeta-division-vct-2026-pacific-stage-1-w4
T1,Haven,atk,ZETA,1,0,2,elim,2026-04-26 04:00:00,0,VCT 2026: Pacific Stage 1,https://www.vlr.gg/644675/t1-vs-zeta-division-vct-2026-pacific-stage-1-w4
T1,Haven,atk,ZETA,0,1,3,elim,2026-04-26 04:00:00,0,VCT 2026: Pacific Stage 1,https://www.vlr.gg/644675/t1-vs-zeta-division-vct-2026-pacific-stage-1-w4
T1,Haven,atk,ZETA,1,0,4,elim,2026-04-26 04:00:00,0,VCT 2026: Pacific Stage 1,https://www.vlr.gg/644675/t1-vs-zeta-division-vct-2026-pacific-stage-1-w4
T1,Haven,atk,ZETA,0,1,5,elim,2026-04-26 04:00:00,0,VCT 2026: Pacific Stage 1,https://www.vlr.gg/644675/t1-vs-zeta-division-vct-2026-pacific-stage-1-w4
T1,Haven,atk,ZETA,1,0,6,elim,2026-04-26 04:00:00,0,VCT 2026: Pacific Stage 1,https://www.vlr.gg/644675/t1-vs-zeta-division-vct-2026-pacific-stage-1-w4
T1,Haven,atk,ZETA,1,0,7,elim,2026-04-26 04:00:00,0,VCT 2026: Pacific Stage 1,https://www.vlr.gg/644675/t1-vs-zeta-division-vct-2026-pacific-stage-1-w4
T1,Haven,atk,ZETA,1,0,8,elim,2026-04-26 04:00:00,0,VCT 2026: Pacific Stage 1,https://www.vlr.gg/644675/t1-vs-zeta-division-vct-2026-pacific-stage-1-w4
T1,Haven,atk,ZETA,1,0,9,elim,2026-04-26 04:00:00,0,VCT 2026: Pacific Stage 1,https://www.vlr.gg/644675/t1-vs-zeta-division-vct-2026-pacific-stage-1-w4
T1,Haven,atk,ZETA,1,0,10,elim,2026-04-26 04:00:00,0,VCT 2026: Pacific Stage 1,https://www.vlr.gg/644675/t1-vs-zeta-division-vct-2026-pacific-stage-1-w4
T1,Haven,atk,ZETA,1,0,11,boom,2026-04-26 04:00:00,0,VCT 2026: Pacific Stage 1,https://www.vlr.gg/644675/t1-vs-zeta-division-vct-2026-pacific-stage-1-w4
T1,Haven,atk,ZETA,0,1,12,elim,2026-04-26 04:00:00,0,VCT 2026: Pacific Stage 1,https://www.vlr.gg/644675/t1-vs-zeta-division-vct-2026-pacific-stage-1-w4
T1,Haven,def,ZETA,0,1,13,elim,2026-04-26 04:00:00,0,VCT 2026: Pacific Stage 1,https://www.vlr.gg/644675/t1-vs-zeta-division-vct-2026-pacific-stage-1-w4
T1,Haven,def,ZETA,0,1,14,elim,2026-04-26 04:00:00,0,VCT 2026: Pacific Stage 1,https://www.vlr.gg/644675/t1-vs-zeta-division-vct-2026-pacific-stage-1-w4
T1,Haven,def,ZETA,1,0,15,elim,2026-04-26 04:00:00,0,VCT 2026: Pacific Stage 1,https://www.vlr.gg/644675/t1-vs-zeta-division-vct-2026-pacific-stage-1-w4
T1,Haven,def,ZETA,0,1,16,elim,2026-04-26 04:00:00,0,VCT 2026: Pacific Stage 1,https://www.vlr.gg/644675/t1-vs-zeta-division-vct-2026-pacific-stage-1-w4
T1,Haven,def,ZETA,1,0,17,defus,2026-04-26 04:00:00,0,VCT 2026: Pacific Stage 1,https://www.vlr.gg/644675/t1-vs-zeta-division-vct-2026-pacific-stage-1-w4
T1,Haven,def,ZETA,1,0,18,elim,2026-04-26 04:00:00,0,VCT 2026: Pacific Stage 1,https://www.vlr.gg/644675/t1-vs-zeta-division-vct-2026-pacific-stage-1-w4
T1,Haven,def,ZETA,1,0,19,defus,2026-04-26 04:00:00,0,VCT 2026: Pacific Stage 1,https://www.vlr.gg/644675/t1-vs-zeta-division-vct-2026-pacific-stage-1-w4
T1,Lotus,atk,ZETA,0,1,1,elim,2026-04-26 04:00:00,1,VCT 2026: Pacific Stage 1,https://www.vlr.gg/644675/t1-vs-zeta-division-vct-2026-pacific-stage-1-w4
T1,Lotus,atk,ZETA,1,0,2,elim,2026-04-26 04:00:00,1,VCT 2026: Pacific Stage 1,https://www.vlr.gg/644675/t1-vs-zeta-division-vct-2026-pacific-stage-1-w4
T1,Lotus,atk,ZETA,1,0,3,elim,2026-04-26 04:00:00,1,VCT 2026: Pacific Stage 1,https://www.vlr.gg/644675/t1-vs-zeta-division-vct-2026-pacific-stage-1-w4
T1,Lotus,atk,ZETA,1,0,4,elim,2026-04-26 04:00:00,1,VCT 2026: Pacific Stage 1,https://www.vlr.gg/644675/t1-vs-zeta-division-vct-2026-pacific-stage-1-w4
T1,Lotus,atk,ZETA,1,0,5,elim,2026-04-26 04:00:00,1,VCT 2026: Pacific Stage 1,https://www.vlr.gg/644675/t1-vs-zeta-division-vct-2026-pacific-stage-1-w4
T1,Lotus,atk,ZETA,1,0,6,elim,2026-04-26 04:00:00,1,VCT 2026: Pacific Stage 1,https://www.vlr.gg/644675/t1-vs-zeta-division-vct-2026-pacific-stage-1-w4
T1,Lotus,atk,ZETA,0,1,7,defus,2026-04-26 04:00:00,1,VCT 2026: Pacific Stage 1,https://www.vlr.gg/644675/t1-vs-zeta-division-vct-2026-pacific-stage-1-w4
T1,Lotus,atk,ZETA,1,0,8,elim,2026-04-26 04:00:00,1,VCT 2026: Pacific Stage 1,https://www.vlr.gg/644675/t1-vs-zeta-division-vct-2026-pacific-stage-1-w4
T1,Lotus,atk,ZETA,1,0,9,elim,2026-04-26 04:00:00,1,VCT 2026: Pacific Stage 1,https://www.vlr.gg/644675/t1-vs-zeta-division-vct-2026-pacific-stage-1-w4
T1,Lotus,atk,ZETA,1,0,10,boom,2026-04-26 04:00:00,1,VCT 2026: Pacific Stage 1,https://www.vlr.gg/644675/t1-vs-zeta-division-vct-2026-pacific-stage-1-w4
T1,Lotus,atk,ZETA,1,0,11,elim,2026-04-26 04:00:00,1,VCT 2026: Pacific Stage 1,https://www.vlr.gg/644675/t1-vs-zeta-division-vct-2026-pacific-stage-1-w4
T1,Lotus,atk,ZETA,1,0,12,elim,2026-04-26 04:00:00,1,VCT 2026: Pacific Stage 1,https://www.vlr.gg/644675/t1-vs-zeta-division-vct-2026-pacific-stage-1-w4
T1,Lotus,def,ZETA,0,1,13,elim,2026-04-26 04:00:00,1,VCT 2026: Pacific Stage 1,https://www.vlr.gg/644675/t1-vs-zeta-division-vct-2026-pacific-stage-1-w4
T1,Lotus,def,ZETA,0,1,14,elim,2026-04-26 04:00:00,1,VCT 2026: Pacific Stage 1,https://www.vlr.gg/644675/t1-vs-zeta-division-vct-2026-pacific-stage-1-w4
T1,Lotus,def,ZETA,0,1,15,boom,2026-04-26 04:00:00,1,VCT 2026: Pacific Stage 1,https://www.vlr.gg/644675/t1-vs-zeta-division-vct-2026-pacific-stage-1-w4
T1,Lotus,def,ZETA,0,1,16,elim,2026-04-26 04:00:00,1,VCT 2026: Pacific Stage 1,https://www.vlr.gg/644675/t1-vs-zeta-division-vct-2026-pacific-stage-1-w4
T1,Lotus,def,ZETA,0,1,17,boom,2026-04-26 04:00:00,1,VCT 2026: Pacific Stage 1,https://www.vlr.gg/644675/t1-vs-zeta-division-vct-2026-pacific-stage-1-w4
T1,Lotus,def,ZETA,1,0,18,elim,2026-04-26 04:00:00,1,VCT 2026: Pacific Stage 1,https://www.vlr.gg/644675/t1-vs-zeta-division-vct-2026-pacific-stage-1-w4
T1,Lotus,def,ZETA,1,0,19,elim,2026-04-26 04:00:00,1,VCT 2026: Pacific Stage 1,https://www.vlr.gg/644675/t1-vs-zeta-division-vct-2026-pacific-stage-1-w4
T1,Lotus,def,ZETA,1,0,20,defus,2026-04-26 04:00:00,1,VCT 2026: Pacific Stage 1,https://www.vlr.gg/644675/t1-vs-zeta-division-vct-2026-pacific-stage-1-w4
NS,Breeze,atk,TS,1,0,13,elim,2026-04-26 06:05:00,0,VCT 2026: Pacific Stage 1,https://www.vlr.gg/644676/nongshim-redforce-vs-team-secret-vct-2026-pacific-stage-1-w4
NS,Breeze,atk,TS,1,0,14,elim,2026-04-26 06:05:00,0,VCT 2026: Pacific Stage 1,https://www.vlr.gg/644676/nongshim-redforce-vs-team-secret-vct-2026-pacific-stage-1-w4
NS,Breeze,atk,TS,0,1,15,tim,2026-04-26 06:05:00,0,VCT 2026: Pacific Stage 1,https://www.vlr.gg/644676/nongshim-redforce-vs-team-secret-vct-2026-pacific-stage-1-w4
NS,Breeze,atk,TS,1,0,16,elim,2026-04-26 06:05:00,0,VCT 2026: Pacific Stage 1,https://www.vlr.gg/644676/nongshim-redforce-vs-team-secret-vct-2026-pacific-stage-1-w4
NS,Breeze,atk,TS,0,1,17,defus,2026-04-26 06:05:00,0,VCT 2026: Pacific Stage 1,https://www.vlr.gg/644676/nongshim-redforce-vs-team-secret-vct-2026-pacific-stage-1-w4
NS,Breeze,atk,TS,1,0,18,elim,2026-04-26 06:05:00,0,VCT 2026: Pacific Stage 1,https://www.vlr.gg/644676/nongshim-redforce-vs-team-secret-vct-2026-pacific-stage-1-w4
NS,Breeze,atk,TS,1,0,19,elim,2026-04-26 06:05:00,0,VCT 2026: Pacific Stage 1,https://www.vlr.gg/644676/nongshim-redforce-vs-team-secret-vct-2026-pacific-stage-1-w4
NS,Breeze,atk,TS,1,0,20,elim,2026-04-26 06:05:00,0,VCT 2026: Pacific Stage 1,https://www.vlr.gg/644676/nongshim-redforce-vs-team-secret-vct-2026-pacific-stage-1-w4
NS,Breeze,atk,TS,1,0,21,elim,2026-04-26 06:05:00,0,VCT 2026: Pacific Stage 1,https://www.vlr.gg/644676/nongshim-redforce-vs-team-secret-vct-2026-pacific-stage-1-w4
NS,Breeze,def,TS,1,0,1,defus,2026-04-26 06:05:00,0,VCT 2026: Pacific Stage 1,https://www.vlr.gg/644676/nongshim-redforce-vs-team-secret-vct-2026-pacific-stage-1-w4
NS,Breeze,def,TS,1,0,2,elim,2026-04-26 06:05:00,0,VCT 2026: Pacific Stage 1,https://www.vlr.gg/644676/nongshim-redforce-vs-team-secret-vct-2026-pacific-stage-1-w4
NS,Breeze,def,TS,1,0,3,defus,2026-04-26 06:05:00,0,VCT 2026: Pacific Stage 1,https://www.vlr.gg/644676/nongshim-redforce-vs-team-secret-vct-2026-pacific-stage-1-w4
NS,Breeze,def,TS,1,0,4,elim,2026-04-26 06:05:00,0,VCT 2026: Pacific Stage 1,https://www.vlr.gg/644676/nongshim-redforce-vs-team-secret-vct-2026-pacific-stage-1-w4
NS,Breeze,def,TS,0,1,5,elim,2026-04-26 06:05:00,0,VCT 2026: Pacific Stage 1,https://www.vlr.gg/644676/nongshim-redforce-vs-team-secret-vct-2026-pacific-stage-1-w4
NS,Breeze,def,TS,0,1,6,elim,2026-04-26 06:05:00,0,VCT 2026: Pacific Stage 1,https://www.vlr.gg/644676/nongshim-redforce-vs-team-secret-vct-2026-pacific-stage-1-w4
NS,Breeze,def,TS,0,1,7,boom,2026-04-26 06:05:00,0,VCT 2026: Pacific Stage 1,https://www.vlr.gg/644676/nongshim-redforce-vs-team-secret-vct-2026-pacific-stage-1-w4
NS,Breeze,def,TS,0,1,8,boom,2026-04-26 06:05:00,0,VCT 2026: Pacific Stage 1,https://www.vlr.gg/644676/nongshim-redforce-vs-team-secret-vct-2026-pacific-stage-1-w4
NS,Breeze,def,TS,0,1,9,boom,2026-04-26 06:05:00,0,VCT 2026: Pacific Stage 1,https://www.vlr.gg/644676/nongshim-redforce-vs-team-secret-vct-2026-pacific-stage-1-w4
NS,Breeze,def,TS,1,0,10,elim,2026-04-26 06:05:00,0,VCT 2026: Pacific Stage 1,https://www.vlr.gg/644676/nongshim-redforce-vs-team-secret-vct-2026-pacific-stage-1-w4
NS,Breeze,def,TS,0,1,11,elim,2026-04-26 06:05:00,0,VCT 2026: Pacific Stage 1,https://www.vlr.gg/644676/nongshim-redforce-vs-team-secret-vct-2026-pacific-stage-1-w4
NS,Breeze,def,TS,1,0,12,elim,2026-04-26 06:05:00,0,VCT 2026: Pacific Stage 1,https://www.vlr.gg/644676/nongshim-redforce-vs-team-secret-vct-2026-pacific-stage-1-w4
NS,Fracture,atk,TS,1,0,1,elim,2026-04-26 06:05:00,1,VCT 2026: Pacific Stage 1,https://www.vlr.gg/644676/nongshim-redforce-vs-team-secret-vct-2026-pacific-stage-1-w4
NS,Fracture,atk,TS,0,1,2,elim,2026-04-26 06:05:00,1,VCT 2026: Pacific Stage 1,https://www.vlr.gg/644676/nongshim-redforce-vs-team-secret-vct-2026-pacific-stage-1-w4
NS,Fracture,atk,TS,0,1,3,elim,2026-04-26 06:05:00,1,VCT 2026: Pacific Stage 1,https://www.vlr.gg/644676/nongshim-redforce-vs-team-secret-vct-2026-pacific-stage-1-w4
NS,Fracture,atk,TS,1,0,4,boom,2026-04-26 06:05:00,1,VCT 2026: Pacific Stage 1,https://www.vlr.gg/644676/nongshim-redforce-vs-team-secret-vct-2026-pacific-stage-1-w4
NS,Fracture,atk,TS,1,0,5,boom,2026-04-26 06:05:00,1,VCT 2026: Pacific Stage 1,https://www.vlr.gg/644676/nongshim-redforce-vs-team-secret-vct-2026-pacific-stage-1-w4
NS,Fracture,atk,TS,1,0,6,elim,2026-04-26 06:05:00,1,VCT 2026: Pacific Stage 1,https://www.vlr.gg/644676/nongshim-redforce-vs-team-secret-vct-2026-pacific-stage-1-w4
NS,Fracture,atk,TS,1,0,7,boom,2026-04-26 06:05:00,1,VCT 2026: Pacific Stage 1,https://www.vlr.gg/644676/nongshim-redforce-vs-team-secret-vct-2026-pacific-stage-1-w4
NS,Fracture,atk,TS,1,0,8,elim,2026-04-26 06:05:00,1,VCT 2026: Pacific Stage 1,https://www.vlr.gg/644676/nongshim-redforce-vs-team-secret-vct-2026-pacific-stage-1-w4
NS,Fracture,atk,TS,0,1,9,defus,2026-04-26 06:05:00,1,VCT 2026: Pacific Stage 1,https://www.vlr.gg/644676/nongshim-redforce-vs-team-secret-vct-2026-pacific-stage-1-w4
NS,Fracture,atk,TS,0,1,10,elim,2026-04-26 06:05:00,1,VCT 2026: Pacific Stage 1,https://www.vlr.gg/644676/nongshim-redforce-vs-team-secret-vct-2026-pacific-stage-1-w4
NS,Fracture,atk,TS,0,1,11,defus,2026-04-26 06:05:00,1,VCT 2026: Pacific Stage 1,https://www.vlr.gg/644676/nongshim-redforce-vs-team-secret-vct-2026-pacific-stage-1-w4
NS,Fracture,atk,TS,1,0,12,elim,2026-04-26 06:05:00,1,VCT 2026: Pacific Stage 1,https://www.vlr.gg/644676/nongshim-redforce-vs-team-secret-vct-2026-pacific-stage-1-w4
NS,Fracture,def,TS,0,1,13,elim,2026-04-26 06:05:00,1,VCT 2026: Pacific Stage 1,https://www.vlr.gg/644676/nongshim-redforce-vs-team-secret-vct-2026-pacific-stage-1-w4
NS,Fracture,def,TS,0,1,14,boom,2026-04-26 06:05:00,1,VCT 2026: Pacific Stage 1,https://www.vlr.gg/644676/nongshim-redforce-vs-team-secret-vct-2026-pacific-stage-1-w4
NS,Fracture,def,TS,0,1,15,elim,2026-04-26 06:05:00,1,VCT 2026: Pacific Stage 1,https://www.vlr.gg/644676/nongshim-redforce-vs-team-secret-vct-2026-pacific-stage-1-w4
NS,Fracture,def,TS,0,1,16,elim,2026-04-26 06:05:00,1,VCT 2026: Pacific Stage 1,https://www.vlr.gg/644676/nongshim-redforce-vs-team-secret-vct-2026-pacific-stage-1-w4
NS,Fracture,def,TS,0,1,17,elim,2026-04-26 06:05:00,1,VCT 2026: Pacific Stage 1,https://www.vlr.gg/644676/nongshim-redforce-vs-team-secret-vct-2026-pacific-stage-1-w4
NS,Fracture,def,TS,1,0,18,defus,2026-04-26 06:05:00,1,VCT 2026: Pacific Stage 1,https://www.vlr.gg/644676/nongshim-redforce-vs-team-secret-vct-2026-pacific-stage-1-w4
NS,Fracture,def,TS,0,1,19,elim,2026-04-26 06:05:00,1,VCT 2026: Pacific Stage 1,https://www.vlr.gg/644676/nongshim-redforce-vs-team-secret-vct-2026-pacific-stage-1-w4
NS,Fracture,def,TS,0,1,20,elim,2026-04-26 06:05:00,1,VCT 2026: Pacific Stage 1,https://www.vlr.gg/644676/nongshim-redforce-vs-team-secret-vct-2026-pacific-stage-1-w4
NS,Fracture,def,TS,0,1,21,elim,2026-04-26 06:05:00,1,VCT 2026: Pacific Stage 1,https://www.vlr.gg/644676/nongshim-redforce-vs-team-secret-vct-2026-pacific-stage-1-w4
NS,Pearl,atk,TS,1,0,13,boom,2026-04-26 06:05:00,2,VCT 2026: Pacific Stage 1,https://www.vlr.gg/644676/nongshim-redforce-vs-team-secret-vct-2026-pacific-stage-1-w4
NS,Pearl,atk,TS,1,0,14,elim,2026-04-26 06:05:00,2,VCT 2026: Pacific Stage 1,https://www.vlr.gg/644676/nongshim-redforce-vs-team-secret-vct-2026-pacific-stage-1-w4
NS,Pearl,atk,TS,1,0,15,elim,2026-04-26 06:05:00,2,VCT 2026: Pacific Stage 1,https://www.vlr.gg/644676/nongshim-redforce-vs-team-secret-vct-2026-pacific-stage-1-w4
NS,Pearl,atk,TS,1,0,16,elim,2026-04-26 06:05:00,2,VCT 2026: Pacific Stage 1,https://www.vlr.gg/644676/nongshim-redforce-vs-team-secret-vct-2026-pacific-stage-1-w4
NS,Pearl,atk,TS,0,1,17,elim,2026-04-26 06:05:00,2,VCT 2026: Pacific Stage 1,https://www.vlr.gg/644676/nongshim-redforce-vs-team-secret-vct-2026-pacific-stage-1-w4
NS,Pearl,atk,TS,1,0,18,elim,2026-04-26 06:05:00,2,VCT 2026: Pacific Stage 1,https://www.vlr.gg/644676/nongshim-redforce-vs-team-secret-vct-2026-pacific-stage-1-w4
NS,Pearl,def,TS,0,1,1,elim,2026-04-26 06:05:00,2,VCT 2026: Pacific Stage 1,https://www.vlr.gg/644676/nongshim-redforce-vs-team-secret-vct-2026-pacific-stage-1-w4
NS,Pearl,def,TS,0,1,2,elim,2026-04-26 06:05:00,2,VCT 2026: Pacific Stage 1,https://www.vlr.gg/644676/nongshim-redforce-vs-team-secret-vct-2026-pacific-stage-1-w4
NS,Pearl,def,TS,1,0,3,defus,2026-04-26 06:05:00,2,VCT 2026: Pacific Stage 1,https://www.vlr.gg/644676/nongshim-redforce-vs-team-secret-vct-2026-pacific-stage-1-w4
NS,Pearl,def,TS,1,0,4,elim,2026-04-26 06:05:00,2,VCT 2026: Pacific Stage 1,https://www.vlr.gg/644676/nongshim-redforce-vs-team-secret-vct-2026-pacific-stage-1-w4
NS,Pearl,def,TS,0,1,5,elim,2026-04-26 06:05:00,2,VCT 2026: Pacific Stage 1,https://www.vlr.gg/644676/nongshim-redforce-vs-team-secret-vct-2026-pacific-stage-1-w4
NS,Pearl,def,TS,0,1,6,elim,2026-04-26 06:05:00,2,VCT 2026: Pacific Stage 1,https://www.vlr.gg/644676/nongshim-redforce-vs-team-secret-vct-2026-pacific-stage-1-w4
NS,Pearl,def,TS,1,0,7,elim,2026-04-26 06:05:00,2,VCT 2026: Pacific Stage 1,https://www.vlr.gg/644676/nongshim-redforce-vs-team-secret-vct-2026-pacific-stage-1-w4
NS,Pearl,def,TS,1,0,8,defus,2026-04-26 06:05:00,2,VCT 2026: Pacific Stage 1,https://www.vlr.gg/644676/nongshim-redforce-vs-team-secret-vct-2026-pacific-stage-1-w4
NS,Pearl,def,TS,1,0,9,elim,2026-04-26 06:05:00,2,VCT 2026: Pacific Stage 1,https://www.vlr.gg/644676/nongshim-redforce-vs-team-secret-vct-2026-pacific-stage-1-w4
NS,Pearl,def,TS,1,0,10,elim,2026-04-26 06:05:00,2,VCT 2026: Pacific Stage 1,https://www.vlr.gg/644676/nongshim-redforce-vs-team-secret-vct-2026-pacific-stage-1-w4
NS,Pearl,def,TS,1,0,11,elim,2026-04-26 06:05:00,2,VCT 2026: Pacific Stage 1,https://www.vlr.gg/644676/nongshim-redforce-vs-team-secret-vct-2026-pacific-stage-1-w4
NS,Pearl,def,TS,1,0,12,elim,2026-04-26 06:05:00,2,VCT 2026: Pacific Stage 1,https://www.vlr.gg/644676/nongshim-redforce-vs-team-secret-vct-2026-pacific-stage-1-w4
GEN,Split,atk,TS,0,1,13,elim,2026-05-01 04:00:00,0,VCT 2026: Pacific Stage 1,https://www.vlr.gg/644677/gen-g-vs-team-secret-vct-2026-pacific-stage-1-w5
GEN,Split,atk,TS,0,1,14,elim,2026-05-01 04:00:00,0,VCT 2026: Pacific Stage 1,https://www.vlr.gg/644677/gen-g-vs-team-secret-vct-2026-pacific-stage-1-w5
GEN,Split,atk,TS,0,1,15,defus,2026-05-01 04:00:00,0,VCT 2026: Pacific Stage 1,https://www.vlr.gg/644677/gen-g-vs-team-secret-vct-2026-pacific-stage-1-w5
GEN,Split,atk,TS,0,1,16,elim,2026-05-01 04:00:00,0,VCT 2026: Pacific Stage 1,https://www.vlr.gg/644677/gen-g-vs-team-secret-vct-2026-pacific-stage-1-w5
GEN,Split,atk,TS,1,0,17,elim,2026-05-01 04:00:00,0,VCT 2026: Pacific Stage 1,https://www.vlr.gg/644677/gen-g-vs-team-secret-vct-2026-pacific-stage-1-w5
GEN,Split,atk,TS,0,1,18,elim,2026-05-01 04:00:00,0,VCT 2026: Pacific Stage 1,https://www.vlr.gg/644677/gen-g-vs-team-secret-vct-2026-pacific-stage-1-w5
GEN,Split,atk,TS,1,0,19,elim,2026-05-01 04:00:00,0,VCT 2026: Pacific Stage 1,https://www.vlr.gg/644677/gen-g-vs-team-secret-vct-2026-pacific-stage-1-w5
GEN,Split,atk,TS,0,1,20,defus,2026-05-01 04:00:00,0,VCT 2026: Pacific Stage 1,https://www.vlr.gg/644677/gen-g-vs-team-secret-vct-2026-pacific-stage-1-w5
GEN,Split,atk,TS,0,1,21,defus,2026-05-01 04:00:00,0,VCT 2026: Pacific Stage 1,https://www.vlr.gg/644677/gen-g-vs-team-secret-vct-2026-pacific-stage-1-w5
GEN,Split,atk,TS,0,1,22,tim,2026-05-01 04:00:00,0,VCT 2026: Pacific Stage 1,https://www.vlr.gg/644677/gen-g-vs-team-secret-vct-2026-pacific-stage-1-w5
GEN,Split,atk,TS,1,0,23,elim,2026-05-01 04:00:00,0,VCT 2026: Pacific Stage 1,https://www.vlr.gg/644677/gen-g-vs-team-secret-vct-2026-pacific-stage-1-w5
GEN,Split,atk,TS,0,1,24,defus,2026-05-01 04:00:00,0,VCT 2026: Pacific Stage 1,https://www.vlr.gg/644677/gen-g-vs-team-secret-vct-2026-pacific-stage-1-w5
GEN,Split,def,TS,1,0,1,defus,2026-05-01 04:00:00,0,VCT 2026: Pacific Stage 1,https://www.vlr.gg/644677/gen-g-vs-team-secret-vct-2026-pacific-stage-1-w5
GEN,Split,def,TS,1,0,2,elim,2026-05-01 04:00:00,0,VCT 2026: Pacific Stage 1,https://www.vlr.gg/644677/gen-g-vs-team-secret-vct-2026-pacific-stage-1-w5
GEN,Split,def,TS,0,1,3,elim,2026-05-01 04:00:00,0,VCT 2026: Pacific Stage 1,https://www.vlr.gg/644677/gen-g-vs-team-secret-vct-2026-pacific-stage-1-w5
GEN,Split,def,TS,0,1,4,boom,2026-05-01 04:00:00,0,VCT 2026: Pacific Stage 1,https://www.vlr.gg/644677/gen-g-vs-team-secret-vct-2026-pacific-stage-1-w5
GEN,Split,def,TS,1,0,5,defus,2026-05-01 04:00:00,0,VCT 2026: Pacific Stage 1,https://www.vlr.gg/644677/gen-g-vs-team-secret-vct-2026-pacific-stage-1-w5
GEN,Split,def,TS,1,0,6,elim,2026-05-01 04:00:00,0,VCT 2026: Pacific Stage 1,https://www.vlr.gg/644677/gen-g-vs-team-secret-vct-2026-pacific-stage-1-w5
GEN,Split,def,TS,1,0,7,elim,2026-05-01 04:00:00,0,VCT 2026: Pacific Stage 1,https://www.vlr.gg/644677/gen-g-vs-team-secret-vct-2026-pacific-stage-1-w5
GEN,Split,def,TS,1,0,8,elim,2026-05-01 04:00:00,0,VCT 2026: Pacific Stage 1,https://www.vlr.gg/644677/gen-g-vs-team-secret-vct-2026-pacific-stage-1-w5
GEN,Split,def,TS,0,1,9,elim,2026-05-01 04:00:00,0,VCT 2026: Pacific Stage 1,https://www.vlr.gg/644677/gen-g-vs-team-secret-vct-2026-pacific-stage-1-w5
GEN,Split,def,TS,0,1,10,elim,2026-05-01 04:00:00,0,VCT 2026: Pacific Stage 1,https://www.vlr.gg/644677/gen-g-vs-team-secret-vct-2026-pacific-stage-1-w5
GEN,Split,def,TS,1,0,11,elim,2026-05-01 04:00:00,0,VCT 2026: Pacific Stage 1,https://www.vlr.gg/644677/gen-g-vs-team-secret-vct-2026-pacific-stage-1-w5
GEN,Split,def,TS,1,0,12,elim,2026-05-01 04:00:00,0,VCT 2026: Pacific Stage 1,https://www.vlr.gg/644677/gen-g-vs-team-secret-vct-2026-pacific-stage-1-w5
GEN,Lotus,atk,TS,0,1,13,elim,2026-05-01 04:00:00,1,VCT 2026: Pacific Stage 1,https://www.vlr.gg/644677/gen-g-vs-team-secret-vct-2026-pacific-stage-1-w5
GEN,Lotus,atk,TS,0,1,14,elim,2026-05-01 04:00:00,1,VCT 2026: Pacific Stage 1,https://www.vlr.gg/644677/gen-g-vs-team-secret-vct-2026-pacific-stage-1-w5
GEN,Lotus,atk,TS,1,0,15,elim,2026-05-01 04:00:00,1,VCT 2026: Pacific Stage 1,https://www.vlr.gg/644677/gen-g-vs-team-secret-vct-2026-pacific-stage-1-w5
GEN,Lotus,atk,TS,0,1,16,defus,2026-05-01 04:00:00,1,VCT 2026: Pacific Stage 1,https://www.vlr.gg/644677/gen-g-vs-team-secret-vct-2026-pacific-stage-1-w5
GEN,Lotus,atk,TS,1,0,17,elim,2026-05-01 04:00:00,1,VCT 2026: Pacific Stage 1,https://www.vlr.gg/644677/gen-g-vs-team-secret-vct-2026-pacific-stage-1-w5
GEN,Lotus,atk,TS,1,0,18,elim,2026-05-01 04:00:00,1,VCT 2026: Pacific Stage 1,https://www.vlr.gg/644677/gen-g-vs-team-secret-vct-2026-pacific-stage-1-w5
GEN,Lotus,atk,TS,1,0,19,elim,2026-05-01 04:00:00,1,VCT 2026: Pacific Stage 1,https://www.vlr.gg/644677/gen-g-vs-team-secret-vct-2026-pacific-stage-1-w5
GEN,Lotus,atk,TS,1,0,20,elim,2026-05-01 04:00:00,1,VCT 2026: Pacific Stage 1,https://www.vlr.gg/644677/gen-g-vs-team-secret-vct-2026-pacific-stage-1-w5
GEN,Lotus,atk,TS,0,1,21,defus,2026-05-01 04:00:00,1,VCT 2026: Pacific Stage 1,https://www.vlr.gg/644677/gen-g-vs-team-secret-vct-2026-pacific-stage-1-w5
GEN,Lotus,atk,TS,1,0,22,elim,2026-05-01 04:00:00,1,VCT 2026: Pacific Stage 1,https://www.vlr.gg/644677/gen-g-vs-team-secret-vct-2026-pacific-stage-1-w5
GEN,Lotus,atk,TS,0,1,23,tim,2026-05-01 04:00:00,1,VCT 2026: Pacific Stage 1,https://www.vlr.gg/644677/gen-g-vs-team-secret-vct-2026-pacific-stage-1-w5
GEN,Lotus,atk,TS,1,0,24,elim,2026-05-01 04:00:00,1,VCT 2026: Pacific Stage 1,https://www.vlr.gg/644677/gen-g-vs-team-secret-vct-2026-pacific-stage-1-w5
GEN,Lotus,def,TS,0,1,1,elim,2026-05-01 04:00:00,1,VCT 2026: Pacific Stage 1,https://www.vlr.gg/644677/gen-g-vs-team-secret-vct-2026-pacific-stage-1-w5
GEN,Lotus,def,TS,0,1,2,elim,2026-05-01 04:00:00,1,VCT 2026: Pacific Stage 1,https://www.vlr.gg/644677/gen-g-vs-team-secret-vct-2026-pacific-stage-1-w5
GEN,Lotus,def,TS,0,1,3,elim,2026-05-01 04:00:00,1,VCT 2026: Pacific Stage 1,https://www.vlr.gg/644677/gen-g-vs-team-secret-vct-2026-pacific-stage-1-w5
GEN,Lotus,def,TS,1,0,4,defus,2026-05-01 04:00:00,1,VCT 2026: Pacific Stage 1,https://www.vlr.gg/644677/gen-g-vs-team-secret-vct-2026-pacific-stage-1-w5
GEN,Lotus,def,TS,1,0,5,elim,2026-05-01 04:00:00,1,VCT 2026: Pacific Stage 1,https://www.vlr.gg/644677/gen-g-vs-team-secret-vct-2026-pacific-stage-1-w5
GEN,Lotus,def,TS,0,1,6,elim,2026-05-01 04:00:00,1,VCT 2026: Pacific Stage 1,https://www.vlr.gg/644677/gen-g-vs-team-secret-vct-2026-pacific-stage-1-w5
GEN,Lotus,def,TS,1,0,7,elim,2026-05-01 04:00:00,1,VCT 2026: Pacific Stage 1,https://www.vlr.gg/644677/gen-g-vs-team-secret-vct-2026-pacific-stage-1-w5
GEN,Lotus,def,TS,1,0,8,elim,2026-05-01 04:00:00,1,VCT 2026: Pacific Stage 1,https://www.vlr.gg/644677/gen-g-vs-team-secret-vct-2026-pacific-stage-1-w5
GEN,Lotus,def,TS,1,0,9,elim,2026-05-01 04:00:00,1,VCT 2026: Pacific Stage 1,https://www.vlr.gg/644677/gen-g-vs-team-secret-vct-2026-pacific-stage-1-w5
GEN,Lotus,def,TS,0,1,10,elim,2026-05-01 04:00:00,1,VCT 2026: Pacific Stage 1,https://www.vlr.gg/644677/gen-g-vs-team-secret-vct-2026-pacific-stage-1-w5
GEN,Lotus,def,TS,0,1,11,boom,2026-05-01 04:00:00,1,VCT 2026: Pacific Stage 1,https://www.vlr.gg/644677/gen-g-vs-team-secret-vct-2026-pacific-stage-1-w5
GEN,Lotus,def,TS,1,0,12,elim,2026-05-01 04:00:00,1,VCT 2026: Pacific Stage 1,https://www.vlr.gg/644677/gen-g-vs-team-secret-vct-2026-pacific-stage-1-w5
GEN,Breeze,atk,TS,0,1,1,defus,2026-05-01 04:00:00,2,VCT 2026: Pacific Stage 1,https://www.vlr.gg/644677/gen-g-vs-team-secret-vct-2026-pacific-stage-1-w5
GEN,Breeze,atk,TS,0,1,2,defus,2026-05-01 04:00:00,2,VCT 2026: Pacific Stage 1,https://www.vlr.gg/644677/gen-g-vs-team-secret-vct-2026-pacific-stage-1-w5
GEN,Breeze,atk,TS,0,1,3,defus,2026-05-01 04:00:00,2,VCT 2026: Pacific Stage 1,https://www.vlr.gg/644677/gen-g-vs-team-secret-vct-2026-pacific-stage-1-w5
GEN,Breeze,atk,TS,0,1,4,defus,2026-05-01 04:00:00,2,VCT 2026: Pacific Stage 1,https://www.vlr.gg/644677/gen-g-vs-team-secret-vct-2026-pacific-stage-1-w5
GEN,Breeze,atk,TS,0,1,5,elim,2026-05-01 04:00:00,2,VCT 2026: Pacific Stage 1,https://www.vlr.gg/644677/gen-g-vs-team-secret-vct-2026-pacific-stage-1-w5
GEN,Breeze,atk,TS,0,1,6,defus,2026-05-01 04:00:00,2,VCT 2026: Pacific Stage 1,https://www.vlr.gg/644677/gen-g-vs-team-secret-vct-2026-pacific-stage-1-w5
GEN,Breeze,atk,TS,0,1,7,elim,2026-05-01 04:00:00,2,VCT 2026: Pacific Stage 1,https://www.vlr.gg/644677/gen-g-vs-team-secret-vct-2026-pacific-stage-1-w5
GEN,Breeze,atk,TS,1,0,8,elim,2026-05-01 04:00:00,2,VCT 2026: Pacific Stage 1,https://www.vlr.gg/644677/gen-g-vs-team-secret-vct-2026-pacific-stage-1-w5
GEN,Breeze,atk,TS,1,0,9,elim,2026-05-01 04:00:00,2,VCT 2026: Pacific Stage 1,https://www.vlr.gg/644677/gen-g-vs-team-secret-vct-2026-pacific-stage-1-w5
GEN,Breeze,atk,TS,1,0,10,boom,2026-05-01 04:00:00,2,VCT 2026: Pacific Stage 1,https://www.vlr.gg/644677/gen-g-vs-team-secret-vct-2026-pacific-stage-1-w5
GEN,Breeze,atk,TS,1,0,11,elim,2026-05-01 04:00:00,2,VCT 2026: Pacific Stage 1,https://www.vlr.gg/644677/gen-g-vs-team-secret-vct-2026-pacific-stage-1-w5
GEN,Breeze,atk,TS,0,1,12,defus,2026-05-01 04:00:00,2,VCT 2026: Pacific Stage 1,https://www.vlr.gg/644677/gen-g-vs-team-secret-vct-2026-pacific-stage-1-w5
GEN,Breeze,def,TS,1,0,13,elim,2026-05-01 04:00:00,2,VCT 2026: Pacific Stage 1,https://www.vlr.gg/644677/gen-g-vs-team-secret-vct-2026-pacific-stage-1-w5
GEN,Breeze,def,TS,1,0,14,elim,2026-05-01 04:00:00,2,VCT 2026: Pacific Stage 1,https://www.vlr.gg/644677/gen-g-vs-team-secret-vct-2026-pacific-stage-1-w5
GEN,Breeze,def,TS,1,0,15,elim,2026-05-01 04:00:00,2,VCT 2026: Pacific Stage 1,https://www.vlr.gg/644677/gen-g-vs-team-secret-vct-2026-pacific-stage-1-w5
GEN,Breeze,def,TS,0,1,16,elim,2026-05-01 04:00:00,2,VCT 2026: Pacific Stage 1,https://www.vlr.gg/644677/gen-g-vs-team-secret-vct-2026-pacific-stage-1-w5
GEN,Breeze,def,TS,0,1,17,elim,2026-05-01 04:00:00,2,VCT 2026: Pacific Stage 1,https://www.vlr.gg/644677/gen-g-vs-team-secret-vct-2026-pacific-stage-1-w5
GEN,Breeze,def,TS,0,1,18,elim,2026-05-01 04:00:00,2,VCT 2026: Pacific Stage 1,https://www.vlr.gg/644677/gen-g-vs-team-secret-vct-2026-pacific-stage-1-w5
GEN,Breeze,def,TS,0,1,19,elim,2026-05-01 04:00:00,2,VCT 2026: Pacific Stage 1,https://www.vlr.gg/644677/gen-g-vs-team-secret-vct-2026-pacific-stage-1-w5
GEN,Breeze,def,TS,0,1,20,elim,2026-05-01 04:00:00,2,VCT 2026: Pacific Stage 1,https://www.vlr.gg/644677/gen-g-vs-team-secret-vct-2026-pacific-stage-1-w5
VL,Bind,atk,ZETA,1,0,13,elim,2026-05-01 07:20:00,0,VCT 2026: Pacific Stage 1,https://www.vlr.gg/644678/varrel-vs-zeta-division-vct-2026-pacific-stage-1-w5
VL,Bind,atk,ZETA,1,0,14,elim,2026-05-01 07:20:00,0,VCT 2026: Pacific Stage 1,https://www.vlr.gg/644678/varrel-vs-zeta-division-vct-2026-pacific-stage-1-w5
VL,Bind,atk,ZETA,1,0,15,elim,2026-05-01 07:20:00,0,VCT 2026: Pacific Stage 1,https://www.vlr.gg/644678/varrel-vs-zeta-division-vct-2026-pacific-stage-1-w5
VL,Bind,atk,ZETA,1,0,16,elim,2026-05-01 07:20:00,0,VCT 2026: Pacific Stage 1,https://www.vlr.gg/644678/varrel-vs-zeta-division-vct-2026-pacific-stage-1-w5
VL,Bind,atk,ZETA,1,0,17,elim,2026-05-01 07:20:00,0,VCT 2026: Pacific Stage 1,https://www.vlr.gg/644678/varrel-vs-zeta-division-vct-2026-pacific-stage-1-w5
VL,Bind,atk,ZETA,0,1,18,elim,2026-05-01 07:20:00,0,VCT 2026: Pacific Stage 1,https://www.vlr.gg/644678/varrel-vs-zeta-division-vct-2026-pacific-stage-1-w5
VL,Bind,atk,ZETA,0,1,19,elim,2026-05-01 07:20:00,0,VCT 2026: Pacific Stage 1,https://www.vlr.gg/644678/varrel-vs-zeta-division-vct-2026-pacific-stage-1-w5
VL,Bind,atk,ZETA,1,0,20,elim,2026-05-01 07:20:00,0,VCT 2026: Pacific Stage 1,https://www.vlr.gg/644678/varrel-vs-zeta-division-vct-2026-pacific-stage-1-w5
VL,Bind,atk,ZETA,0,1,21,defus,2026-05-01 07:20:00,0,VCT 2026: Pacific Stage 1,https://www.vlr.gg/644678/varrel-vs-zeta-division-vct-2026-pacific-stage-1-w5
VL,Bind,atk,ZETA,1,0,22,boom,2026-05-01 07:20:00,0,VCT 2026: Pacific Stage 1,https://www.vlr.gg/644678/varrel-vs-zeta-division-vct-2026-pacific-stage-1-w5
VL,Bind,atk,ZETA,1,0,23,elim,2026-05-01 07:20:00,0,VCT 2026: Pacific Stage 1,https://www.vlr.gg/644678/varrel-vs-zeta-division-vct-2026-pacific-stage-1-w5
VL,Bind,def,ZETA,0,1,1,elim,2026-05-01 07:20:00,0,VCT 2026: Pacific Stage 1,https://www.vlr.gg/644678/varrel-vs-zeta-division-vct-2026-pacific-stage-1-w5
VL,Bind,def,ZETA,0,1,2,elim,2026-05-01 07:20:00,0,VCT 2026: Pacific Stage 1,https://www.vlr.gg/644678/varrel-vs-zeta-division-vct-2026-pacific-stage-1-w5
VL,Bind,def,ZETA,1,0,3,elim,2026-05-01 07:20:00,0,VCT 2026: Pacific Stage 1,https://www.vlr.gg/644678/varrel-vs-zeta-division-vct-2026-pacific-stage-1-w5
VL,Bind,def,ZETA,0,1,4,elim,2026-05-01 07:20:00,0,VCT 2026: Pacific Stage 1,https://www.vlr.gg/644678/varrel-vs-zeta-division-vct-2026-pacific-stage-1-w5
VL,Bind,def,ZETA,0,1,5,elim,2026-05-01 07:20:00,0,VCT 2026: Pacific Stage 1,https://www.vlr.gg/644678/varrel-vs-zeta-division-vct-2026-pacific-stage-1-w5
VL,Bind,def,ZETA,0,1,6,boom,2026-05-01 07:20:00,0,VCT 2026: Pacific Stage 1,https://www.vlr.gg/644678/varrel-vs-zeta-division-vct-2026-pacific-stage-1-w5
VL,Bind,def,ZETA,1,0,7,defus,2026-05-01 07:20:00,0,VCT 2026: Pacific Stage 1,https://www.vlr.gg/644678/varrel-vs-zeta-division-vct-2026-pacific-stage-1-w5
VL,Bind,def,ZETA,1,0,8,defus,2026-05-01 07:20:00,0,VCT 2026: Pacific Stage 1,https://www.vlr.gg/644678/varrel-vs-zeta-division-vct-2026-pacific-stage-1-w5
VL,Bind,def,ZETA,0,1,9,boom,2026-05-01 07:20:00,0,VCT 2026: Pacific Stage 1,https://www.vlr.gg/644678/varrel-vs-zeta-division-vct-2026-pacific-stage-1-w5
VL,Bind,def,ZETA,1,0,10,defus,2026-05-01 07:20:00,0,VCT 2026: Pacific Stage 1,https://www.vlr.gg/644678/varrel-vs-zeta-division-vct-2026-pacific-stage-1-w5
VL,Bind,def,ZETA,1,0,11,elim,2026-05-01 07:20:00,0,VCT 2026: Pacific Stage 1,https://www.vlr.gg/644678/varrel-vs-zeta-division-vct-2026-pacific-stage-1-w5
VL,Bind,def,ZETA,0,1,12,elim,2026-05-01 07:20:00,0,VCT 2026: Pacific Stage 1,https://www.vlr.gg/644678/varrel-vs-zeta-division-vct-2026-pacific-stage-1-w5
VL,Breeze,atk,ZETA,0,1,1,elim,2026-05-01 07:20:00,1,VCT 2026: Pacific Stage 1,https://www.vlr.gg/644678/varrel-vs-zeta-division-vct-2026-pacific-stage-1-w5
VL,Breeze,atk,ZETA,0,1,2,elim,2026-05-01 07:20:00,1,VCT 2026: Pacific Stage 1,https://www.vlr.gg/644678/varrel-vs-zeta-division-vct-2026-pacific-stage-1-w5
VL,Breeze,atk,ZETA,1,0,3,elim,2026-05-01 07:20:00,1,VCT 2026: Pacific Stage 1,https://www.vlr.gg/644678/varrel-vs-zeta-division-vct-2026-pacific-stage-1-w5
VL,Breeze,atk,ZETA,0,1,4,tim,2026-05-01 07:20:00,1,VCT 2026: Pacific Stage 1,https://www.vlr.gg/644678/varrel-vs-zeta-division-vct-2026-pacific-stage-1-w5
VL,Breeze,atk,ZETA,0,1,5,defus,2026-05-01 07:20:00,1,VCT 2026: Pacific Stage 1,https://www.vlr.gg/644678/varrel-vs-zeta-division-vct-2026-pacific-stage-1-w5
VL,Breeze,atk,ZETA,0,1,6,defus,2026-05-01 07:20:00,1,VCT 2026: Pacific Stage 1,https://www.vlr.gg/644678/varrel-vs-zeta-division-vct-2026-pacific-stage-1-w5
VL,Breeze,atk,ZETA,1,0,7,elim,2026-05-01 07:20:00,1,VCT 2026: Pacific Stage 1,https://www.vlr.gg/644678/varrel-vs-zeta-division-vct-2026-pacific-stage-1-w5
VL,Breeze,atk,ZETA,1,0,8,elim,2026-05-01 07:20:00,1,VCT 2026: Pacific Stage 1,https://www.vlr.gg/644678/varrel-vs-zeta-division-vct-2026-pacific-stage-1-w5
VL,Breeze,atk,ZETA,0,1,9,defus,2026-05-01 07:20:00,1,VCT 2026: Pacific Stage 1,https://www.vlr.gg/644678/varrel-vs-zeta-division-vct-2026-pacific-stage-1-w5
VL,Breeze,atk,ZETA,0,1,10,elim,2026-05-01 07:20:00,1,VCT 2026: Pacific Stage 1,https://www.vlr.gg/644678/varrel-vs-zeta-division-vct-2026-pacific-stage-1-w5
VL,Breeze,atk,ZETA,0,1,11,elim,2026-05-01 07:20:00,1,VCT 2026: Pacific Stage 1,https://www.vlr.gg/644678/varrel-vs-zeta-division-vct-2026-pacific-stage-1-w5
VL,Breeze,atk,ZETA,0,1,12,elim,2026-05-01 07:20:00,1,VCT 2026: Pacific Stage 1,https://www.vlr.gg/644678/varrel-vs-zeta-division-vct-2026-pacific-stage-1-w5
VL,Breeze,def,ZETA,0,1,13,elim,2026-05-01 07:20:00,1,VCT 2026: Pacific Stage 1,https://www.vlr.gg/644678/varrel-vs-zeta-division-vct-2026-pacific-stage-1-w5
VL,Breeze,def,ZETA,0,1,14,elim,2026-05-01 07:20:00,1,VCT 2026: Pacific Stage 1,https://www.vlr.gg/644678/varrel-vs-zeta-division-vct-2026-pacific-stage-1-w5
VL,Breeze,def,ZETA,1,0,15,elim,2026-05-01 07:20:00,1,VCT 2026: Pacific Stage 1,https://www.vlr.gg/644678/varrel-vs-zeta-division-vct-2026-pacific-stage-1-w5
VL,Breeze,def,ZETA,1,0,16,defus,2026-05-01 07:20:00,1,VCT 2026: Pacific Stage 1,https://www.vlr.gg/644678/varrel-vs-zeta-division-vct-2026-pacific-stage-1-w5
VL,Breeze,def,ZETA,1,0,17,defus,2026-05-01 07:20:00,1,VCT 2026: Pacific Stage 1,https://www.vlr.gg/644678/varrel-vs-zeta-division-vct-2026-pacific-stage-1-w5
VL,Breeze,def,ZETA,0,1,18,elim,2026-05-01 07:20:00,1,VCT 2026: Pacific Stage 1,https://www.vlr.gg/644678/varrel-vs-zeta-division-vct-2026-pacific-stage-1-w5
VL,Breeze,def,ZETA,1,0,19,elim,2026-05-01 07:20:00,1,VCT 2026: Pacific Stage 1,https://www.vlr.gg/644678/varrel-vs-zeta-division-vct-2026-pacific-stage-1-w5
VL,Breeze,def,ZETA,1,0,20,defus,2026-05-01 07:20:00,1,VCT 2026: Pacific Stage 1,https://www.vlr.gg/644678/varrel-vs-zeta-division-vct-2026-pacific-stage-1-w5
VL,Breeze,def,ZETA,1,0,21,elim,2026-05-01 07:20:00,1,VCT 2026: Pacific Stage 1,https://www.vlr.gg/644678/varrel-vs-zeta-division-vct-2026-pacific-stage-1-w5
VL,Breeze,def,ZETA,0,1,22,elim,2026-05-01 07:20:00,1,VCT 2026: Pacific Stage 1,https://www.vlr.gg/644678/varrel-vs-zeta-division-vct-2026-pacific-stage-1-w5
VL,Fracture,atk,ZETA,1,0,1,elim,2026-05-01 07:20:00,2,VCT 2026: Pacific Stage 1,https://www.vlr.gg/644678/varrel-vs-zeta-division-vct-2026-pacific-stage-1-w5
VL,Fracture,atk,ZETA,1,0,2,elim,2026-05-01 07:20:00,2,VCT 2026: Pacific Stage 1,https://www.vlr.gg/644678/varrel-vs-zeta-division-vct-2026-pacific-stage-1-w5
VL,Fracture,atk,ZETA,1,0,3,elim,2026-05-01 07:20:00,2,VCT 2026: Pacific Stage 1,https://www.vlr.gg/644678/varrel-vs-zeta-division-vct-2026-pacific-stage-1-w5
VL,Fracture,atk,ZETA,0,1,4,elim,2026-05-01 07:20:00,2,VCT 2026: Pacific Stage 1,https://www.vlr.gg/644678/varrel-vs-zeta-division-vct-2026-pacific-stage-1-w5
VL,Fracture,atk,ZETA,0,1,5,defus,2026-05-01 07:20:00,2,VCT 2026: Pacific Stage 1,https://www.vlr.gg/644678/varrel-vs-zeta-division-vct-2026-pacific-stage-1-w5
VL,Fracture,atk,ZETA,0,1,6,elim,2026-05-01 07:20:00,2,VCT 2026: Pacific Stage 1,https://www.vlr.gg/644678/varrel-vs-zeta-division-vct-2026-pacific-stage-1-w5
VL,Fracture,atk,ZETA,1,0,7,elim,2026-05-01 07:20:00,2,VCT 2026: Pacific Stage 1,https://www.vlr.gg/644678/varrel-vs-zeta-division-vct-2026-pacific-stage-1-w5
VL,Fracture,atk,ZETA,0,1,8,elim,2026-05-01 07:20:00,2,VCT 2026: Pacific Stage 1,https://www.vlr.gg/644678/varrel-vs-zeta-division-vct-2026-pacific-stage-1-w5
VL,Fracture,atk,ZETA,1,0,9,elim,2026-05-01 07:20:00,2,VCT 2026: Pacific Stage 1,https://www.vlr.gg/644678/varrel-vs-zeta-division-vct-2026-pacific-stage-1-w5
VL,Fracture,atk,ZETA,0,1,10,elim,2026-05-01 07:20:00,2,VCT 2026: Pacific Stage 1,https://www.vlr.gg/644678/varrel-vs-zeta-division-vct-2026-pacific-stage-1-w5
VL,Fracture,atk,ZETA,1,0,11,elim,2026-05-01 07:20:00,2,VCT 2026: Pacific Stage 1,https://www.vlr.gg/644678/varrel-vs-zeta-division-vct-2026-pacific-stage-1-w5
VL,Fracture,atk,ZETA,0,1,12,elim,2026-05-01 07:20:00,2,VCT 2026: Pacific Stage 1,https://www.vlr.gg/644678/varrel-vs-zeta-division-vct-2026-pacific-stage-1-w5
VL,Fracture,def,ZETA,0,1,13,elim,2026-05-01 07:20:00,2,VCT 2026: Pacific Stage 1,https://www.vlr.gg/644678/varrel-vs-zeta-division-vct-2026-pacific-stage-1-w5
VL,Fracture,def,ZETA,0,1,14,elim,2026-05-01 07:20:00,2,VCT 2026: Pacific Stage 1,https://www.vlr.gg/644678/varrel-vs-zeta-division-vct-2026-pacific-stage-1-w5
VL,Fracture,def,ZETA,1,0,15,defus,2026-05-01 07:20:00,2,VCT 2026: Pacific Stage 1,https://www.vlr.gg/644678/varrel-vs-zeta-division-vct-2026-pacific-stage-1-w5
VL,Fracture,def,ZETA,1,0,16,defus,2026-05-01 07:20:00,2,VCT 2026: Pacific Stage 1,https://www.vlr.gg/644678/varrel-vs-zeta-division-vct-2026-pacific-stage-1-w5
VL,Fracture,def,ZETA,1,0,17,defus,2026-05-01 07:20:00,2,VCT 2026: Pacific Stage 1,https://www.vlr.gg/644678/varrel-vs-zeta-division-vct-2026-pacific-stage-1-w5
VL,Fracture,def,ZETA,0,1,18,elim,2026-05-01 07:20:00,2,VCT 2026: Pacific Stage 1,https://www.vlr.gg/644678/varrel-vs-zeta-division-vct-2026-pacific-stage-1-w5
VL,Fracture,def,ZETA,0,1,19,boom,2026-05-01 07:20:00,2,VCT 2026: Pacific Stage 1,https://www.vlr.gg/644678/varrel-vs-zeta-division-vct-2026-pacific-stage-1-w5
VL,Fracture,def,ZETA,0,1,20,elim,2026-05-01 07:20:00,2,VCT 2026: Pacific Stage 1,https://www.vlr.gg/644678/varrel-vs-zeta-division-vct-2026-pacific-stage-1-w5
VL,Fracture,def,ZETA,0,1,21,elim,2026-05-01 07:20:00,2,VCT 2026: Pacific Stage 1,https://www.vlr.gg/644678/varrel-vs-zeta-division-vct-2026-pacific-stage-1-w5
VL,Fracture,def,ZETA,0,1,22,elim,2026-05-01 07:20:00,2,VCT 2026: Pacific Stage 1,https://www.vlr.gg/644678/varrel-vs-zeta-division-vct-2026-pacific-stage-1-w5
T1,Pearl,atk,FS,1,0,1,elim,2026-05-02 04:00:00,0,VCT 2026: Pacific Stage 1,https://www.vlr.gg/644679/t1-vs-full-sense-vct-2026-pacific-stage-1-w5
T1,Pearl,atk,FS,1,0,2,boom,2026-05-02 04:00:00,0,VCT 2026: Pacific Stage 1,https://www.vlr.gg/644679/t1-vs-full-sense-vct-2026-pacific-stage-1-w5
T1,Pearl,atk,FS,0,1,3,defus,2026-05-02 04:00:00,0,VCT 2026: Pacific Stage 1,https://www.vlr.gg/644679/t1-vs-full-sense-vct-2026-pacific-stage-1-w5
T1,Pearl,atk,FS,1,0,4,elim,2026-05-02 04:00:00,0,VCT 2026: Pacific Stage 1,https://www.vlr.gg/644679/t1-vs-full-sense-vct-2026-pacific-stage-1-w5
T1,Pearl,atk,FS,0,1,5,defus,2026-05-02 04:00:00,0,VCT 2026: Pacific Stage 1,https://www.vlr.gg/644679/t1-vs-full-sense-vct-2026-pacific-stage-1-w5
T1,Pearl,atk,FS,0,1,6,elim,2026-05-02 04:00:00,0,VCT 2026: Pacific Stage 1,https://www.vlr.gg/644679/t1-vs-full-sense-vct-2026-pacific-stage-1-w5
T1,Pearl,atk,FS,1,0,7,boom,2026-05-02 04:00:00,0,VCT 2026: Pacific Stage 1,https://www.vlr.gg/644679/t1-vs-full-sense-vct-2026-pacific-stage-1-w5
T1,Pearl,atk,FS,0,1,8,elim,2026-05-02 04:00:00,0,VCT 2026: Pacific Stage 1,https://www.vlr.gg/644679/t1-vs-full-sense-vct-2026-pacific-stage-1-w5
T1,Pearl,atk,FS,1,0,9,elim,2026-05-02 04:00:00,0,VCT 2026: Pacific Stage 1,https://www.vlr.gg/644679/t1-vs-full-sense-vct-2026-pacific-stage-1-w5
T1,Pearl,atk,FS,1,0,10,elim,2026-05-02 04:00:00,0,VCT 2026: Pacific Stage 1,https://www.vlr.gg/644679/t1-vs-full-sense-vct-2026-pacific-stage-1-w5
T1,Pearl,atk,FS,1,0,11,elim,2026-05-02 04:00:00,0,VCT 2026: Pacific Stage 1,https://www.vlr.gg/644679/t1-vs-full-sense-vct-2026-pacific-stage-1-w5
T1,Pearl,atk,FS,1,0,12,elim,2026-05-02 04:00:00,0,VCT 2026: Pacific Stage 1,https://www.vlr.gg/644679/t1-vs-full-sense-vct-2026-pacific-stage-1-w5
T1,Pearl,def,FS,1,0,13,elim,2026-05-02 04:00:00,0,VCT 2026: Pacific Stage 1,https://www.vlr.gg/644679/t1-vs-full-sense-vct-2026-pacific-stage-1-w5
T1,Pearl,def,FS,1,0,14,elim,2026-05-02 04:00:00,0,VCT 2026: Pacific Stage 1,https://www.vlr.gg/644679/t1-vs-full-sense-vct-2026-pacific-stage-1-w5
T1,Pearl,def,FS,0,1,15,elim,2026-05-02 04:00:00,0,VCT 2026: Pacific Stage 1,https://www.vlr.gg/644679/t1-vs-full-sense-vct-2026-pacific-stage-1-w5
T1,Pearl,def,FS,1,0,16,elim,2026-05-02 04:00:00,0,VCT 2026: Pacific Stage 1,https://www.vlr.gg/644679/t1-vs-full-sense-vct-2026-pacific-stage-1-w5
T1,Pearl,def,FS,1,0,17,tim,2026-05-02 04:00:00,0,VCT 2026: Pacific Stage 1,https://www.vlr.gg/644679/t1-vs-full-sense-vct-2026-pacific-stage-1-w5
T1,Pearl,def,FS,1,0,18,defus,2026-05-02 04:00:00,0,VCT 2026: Pacific Stage 1,https://www.vlr.gg/644679/t1-vs-full-sense-vct-2026-pacific-stage-1-w5
T1,Bind,atk,FS,1,0,13,elim,2026-05-02 04:00:00,1,VCT 2026: Pacific Stage 1,https://www.vlr.gg/644679/t1-vs-full-sense-vct-2026-pacific-stage-1-w5
T1,Bind,atk,FS,1,0,14,boom,2026-05-02 04:00:00,1,VCT 2026: Pacific Stage 1,https://www.vlr.gg/644679/t1-vs-full-sense-vct-2026-pacific-stage-1-w5
T1,Bind,atk,FS,0,1,15,defus,2026-05-02 04:00:00,1,VCT 2026: Pacific Stage 1,https://www.vlr.gg/644679/t1-vs-full-sense-vct-2026-pacific-stage-1-w5
T1,Bind,atk,FS,0,1,16,defus,2026-05-02 04:00:00,1,VCT 2026: Pacific Stage 1,https://www.vlr.gg/644679/t1-vs-full-sense-vct-2026-pacific-stage-1-w5
T1,Bind,atk,FS,0,1,17,elim,2026-05-02 04:00:00,1,VCT 2026: Pacific Stage 1,https://www.vlr.gg/644679/t1-vs-full-sense-vct-2026-pacific-stage-1-w5
T1,Bind,atk,FS,0,1,18,defus,2026-05-02 04:00:00,1,VCT 2026: Pacific Stage 1,https://www.vlr.gg/644679/t1-vs-full-sense-vct-2026-pacific-stage-1-w5
T1,Bind,atk,FS,0,1,19,defus,2026-05-02 04:00:00,1,VCT 2026: Pacific Stage 1,https://www.vlr.gg/644679/t1-vs-full-sense-vct-2026-pacific-stage-1-w5
T1,Bind,atk,FS,0,1,20,defus,2026-05-02 04:00:00,1,VCT 2026: Pacific Stage 1,https://www.vlr.gg/644679/t1-vs-full-sense-vct-2026-pacific-stage-1-w5
T1,Bind,def,FS,0,1,1,elim,2026-05-02 04:00:00,1,VCT 2026: Pacific Stage 1,https://www.vlr.gg/644679/t1-vs-full-sense-vct-2026-pacific-stage-1-w5
T1,Bind,def,FS,0,1,2,boom,2026-05-02 04:00:00,1,VCT 2026: Pacific Stage 1,https://www.vlr.gg/644679/t1-vs-full-sense-vct-2026-pacific-stage-1-w5
T1,Bind,def,FS,1,0,3,elim,2026-05-02 04:00:00,1,VCT 2026: Pacific Stage 1,https://www.vlr.gg/644679/t1-vs-full-sense-vct-2026-pacific-stage-1-w5
T1,Bind,def,FS,1,0,4,elim,2026-05-02 04:00:00,1,VCT 2026: Pacific Stage 1,https://www.vlr.gg/644679/t1-vs-full-sense-vct-2026-pacific-stage-1-w5
T1,Bind,def,FS,1,0,5,elim,2026-05-02 04:00:00,1,VCT 2026: Pacific Stage 1,https://www.vlr.gg/644679/t1-vs-full-sense-vct-2026-pacific-stage-1-w5
T1,Bind,def,FS,0,1,6,elim,2026-05-02 04:00:00,1,VCT 2026: Pacific Stage 1,https://www.vlr.gg/644679/t1-vs-full-sense-vct-2026-pacific-stage-1-w5
T1,Bind,def,FS,1,0,7,elim,2026-05-02 04:00:00,1,VCT 2026: Pacific Stage 1,https://www.vlr.gg/644679/t1-vs-full-sense-vct-2026-pacific-stage-1-w5
T1,Bind,def,FS,0,1,8,elim,2026-05-02 04:00:00,1,VCT 2026: Pacific Stage 1,https://www.vlr.gg/644679/t1-vs-full-sense-vct-2026-pacific-stage-1-w5
T1,Bind,def,FS,0,1,9,elim,2026-05-02 04:00:00,1,VCT 2026: Pacific Stage 1,https://www.vlr.gg/644679/t1-vs-full-sense-vct-2026-pacific-stage-1-w5
T1,Bind,def,FS,0,1,10,elim,2026-05-02 04:00:00,1,VCT 2026: Pacific Stage 1,https://www.vlr.gg/644679/t1-vs-full-sense-vct-2026-pacific-stage-1-w5
T1,Bind,def,FS,0,1,11,boom,2026-05-02 04:00:00,1,VCT 2026: Pacific Stage 1,https://www.vlr.gg/644679/t1-vs-full-sense-vct-2026-pacific-stage-1-w5
T1,Bind,def,FS,1,0,12,elim,2026-05-02 04:00:00,1,VCT 2026: Pacific Stage 1,https://www.vlr.gg/644679/t1-vs-full-sense-vct-2026-pacific-stage-1-w5
T1,Breeze,atk,FS,1,0,13,boom,2026-05-02 04:00:00,2,VCT 2026: Pacific Stage 1,https://www.vlr.gg/644679/t1-vs-full-sense-vct-2026-pacific-stage-1-w5
T1,Breeze,atk,FS,1,0,14,elim,2026-05-02 04:00:00,2,VCT 2026: Pacific Stage 1,https://www.vlr.gg/644679/t1-vs-full-sense-vct-2026-pacific-stage-1-w5
T1,Breeze,atk,FS,0,1,15,defus,2026-05-02 04:00:00,2,VCT 2026: Pacific Stage 1,https://www.vlr.gg/644679/t1-vs-full-sense-vct-2026-pacific-stage-1-w5
T1,Breeze,atk,FS,1,0,16,elim,2026-05-02 04:00:00,2,VCT 2026: Pacific Stage 1,https://www.vlr.gg/644679/t1-vs-full-sense-vct-2026-pacific-stage-1-w5
T1,Breeze,atk,FS,1,0,17,elim,2026-05-02 04:00:00,2,VCT 2026: Pacific Stage 1,https://www.vlr.gg/644679/t1-vs-full-sense-vct-2026-pacific-stage-1-w5
T1,Breeze,atk,FS,0,1,18,defus,2026-05-02 04:00:00,2,VCT 2026: Pacific Stage 1,https://www.vlr.gg/644679/t1-vs-full-sense-vct-2026-pacific-stage-1-w5
T1,Breeze,atk,FS,1,0,19,boom,2026-05-02 04:00:00,2,VCT 2026: Pacific Stage 1,https://www.vlr.gg/644679/t1-vs-full-sense-vct-2026-pacific-stage-1-w5
T1,Breeze,atk,FS,0,1,20,elim,2026-05-02 04:00:00,2,VCT 2026: Pacific Stage 1,https://www.vlr.gg/644679/t1-vs-full-sense-vct-2026-pacific-stage-1-w5
T1,Breeze,atk,FS,0,1,21,defus,2026-05-02 04:00:00,2,VCT 2026: Pacific Stage 1,https://www.vlr.gg/644679/t1-vs-full-sense-vct-2026-pacific-stage-1-w5
T1,Breeze,atk,FS,1,0,22,elim,2026-05-02 04:00:00,2,VCT 2026: Pacific Stage 1,https://www.vlr.gg/644679/t1-vs-full-sense-vct-2026-pacific-stage-1-w5
T1,Breeze,def,FS,0,1,1,elim,2026-05-02 04:00:00,2,VCT 2026: Pacific Stage 1,https://www.vlr.gg/644679/t1-vs-full-sense-vct-2026-pacific-stage-1-w5
T1,Breeze,def,FS,0,1,2,boom,2026-05-02 04:00:00,2,VCT 2026: Pacific Stage 1,https://www.vlr.gg/644679/t1-vs-full-sense-vct-2026-pacific-stage-1-w5
T1,Breeze,def,FS,1,0,3,defus,2026-05-02 04:00:00,2,VCT 2026: Pacific Stage 1,https://www.vlr.gg/644679/t1-vs-full-sense-vct-2026-pacific-stage-1-w5
T1,Breeze,def,FS,1,0,4,elim,2026-05-02 04:00:00,2,VCT 2026: Pacific Stage 1,https://www.vlr.gg/644679/t1-vs-full-sense-vct-2026-pacific-stage-1-w5
T1,Breeze,def,FS,0,1,5,elim,2026-05-02 04:00:00,2,VCT 2026: Pacific Stage 1,https://www.vlr.gg/644679/t1-vs-full-sense-vct-2026-pacific-stage-1-w5
T1,Breeze,def,FS,1,0,6,defus,2026-05-02 04:00:00,2,VCT 2026: Pacific Stage 1,https://www.vlr.gg/644679/t1-vs-full-sense-vct-2026-pacific-stage-1-w5
T1,Breeze,def,FS,1,0,7,elim,2026-05-02 04:00:00,2,VCT 2026: Pacific Stage 1,https://www.vlr.gg/644679/t1-vs-full-sense-vct-2026-pacific-stage-1-w5
T1,Breeze,def,FS,1,0,8,defus,2026-05-02 04:00:00,2,VCT 2026: Pacific Stage 1,https://www.vlr.gg/644679/t1-vs-full-sense-vct-2026-pacific-stage-1-w5
T1,Breeze,def,FS,1,0,9,elim,2026-05-02 04:00:00,2,VCT 2026: Pacific Stage 1,https://www.vlr.gg/644679/t1-vs-full-sense-vct-2026-pacific-stage-1-w5
T1,Breeze,def,FS,1,0,10,tim,2026-05-02 04:00:00,2,VCT 2026: Pacific Stage 1,https://www.vlr.gg/644679/t1-vs-full-sense-vct-2026-pacific-stage-1-w5
T1,Breeze,def,FS,0,1,11,elim,2026-05-02 04:00:00,2,VCT 2026: Pacific Stage 1,https://www.vlr.gg/644679/t1-vs-full-sense-vct-2026-pacific-stage-1-w5
T1,Breeze,def,FS,0,1,12,elim,2026-05-02 04:00:00,2,VCT 2026: Pacific Stage 1,https://www.vlr.gg/644679/t1-vs-full-sense-vct-2026-pacific-stage-1-w5
NS,Breeze,atk,GE,0,1,1,defus,2026-05-02 07:10:00,0,VCT 2026: Pacific Stage 1,https://www.vlr.gg/644680/nongshim-redforce-vs-global-esports-vct-2026-pacific-stage-1-w5
NS,Breeze,atk,GE,0,1,2,defus,2026-05-02 07:10:00,0,VCT 2026: Pacific Stage 1,https://www.vlr.gg/644680/nongshim-redforce-vs-global-esports-vct-2026-pacific-stage-1-w5
NS,Breeze,atk,GE,1,0,3,boom,2026-05-02 07:10:00,0,VCT 2026: Pacific Stage 1,https://www.vlr.gg/644680/nongshim-redforce-vs-global-esports-vct-2026-pacific-stage-1-w5
NS,Breeze,atk,GE,0,1,4,defus,2026-05-02 07:10:00,0,VCT 2026: Pacific Stage 1,https://www.vlr.gg/644680/nongshim-redforce-vs-global-esports-vct-2026-pacific-stage-1-w5
NS,Breeze,atk,GE,0,1,5,elim,2026-05-02 07:10:00,0,VCT 2026: Pacific Stage 1,https://www.vlr.gg/644680/nongshim-redforce-vs-global-esports-vct-2026-pacific-stage-1-w5
NS,Breeze,atk,GE,0,1,6,elim,2026-05-02 07:10:00,0,VCT 2026: Pacific Stage 1,https://www.vlr.gg/644680/nongshim-redforce-vs-global-esports-vct-2026-pacific-stage-1-w5
NS,Breeze,atk,GE,0,1,7,elim,2026-05-02 07:10:00,0,VCT 2026: Pacific Stage 1,https://www.vlr.gg/644680/nongshim-redforce-vs-global-esports-vct-2026-pacific-stage-1-w5
NS,Breeze,atk,GE,0,1,8,elim,2026-05-02 07:10:00,0,VCT 2026: Pacific Stage 1,https://www.vlr.gg/644680/nongshim-redforce-vs-global-esports-vct-2026-pacific-stage-1-w5
NS,Breeze,atk,GE,1,0,9,boom,2026-05-02 07:10:00,0,VCT 2026: Pacific Stage 1,https://www.vlr.gg/644680/nongshim-redforce-vs-global-esports-vct-2026-pacific-stage-1-w5
NS,Breeze,atk,GE,0,1,10,elim,2026-05-02 07:10:00,0,VCT 2026: Pacific Stage 1,https://www.vlr.gg/644680/nongshim-redforce-vs-global-esports-vct-2026-pacific-stage-1-w5
NS,Breeze,atk,GE,1,0,11,elim,2026-05-02 07:10:00,0,VCT 2026: Pacific Stage 1,https://www.vlr.gg/644680/nongshim-redforce-vs-global-esports-vct-2026-pacific-stage-1-w5
NS,Breeze,atk,GE,0,1,12,defus,2026-05-02 07:10:00,0,VCT 2026: Pacific Stage 1,https://www.vlr.gg/644680/nongshim-redforce-vs-global-esports-vct-2026-pacific-stage-1-w5
NS,Breeze,def,GE,1,0,13,elim,2026-05-02 07:10:00,0,VCT 2026: Pacific Stage 1,https://www.vlr.gg/644680/nongshim-redforce-vs-global-esports-vct-2026-pacific-stage-1-w5
NS,Breeze,def,GE,1,0,14,defus,2026-05-02 07:10:00,0,VCT 2026: Pacific Stage 1,https://www.vlr.gg/644680/nongshim-redforce-vs-global-esports-vct-2026-pacific-stage-1-w5
NS,Breeze,def,GE,0,1,15,elim,2026-05-02 07:10:00,0,VCT 2026: Pacific Stage 1,https://www.vlr.gg/644680/nongshim-redforce-vs-global-esports-vct-2026-pacific-stage-1-w5
NS,Breeze,def,GE,0,1,16,elim,2026-05-02 07:10:00,0,VCT 2026: Pacific Stage 1,https://www.vlr.gg/644680/nongshim-redforce-vs-global-esports-vct-2026-pacific-stage-1-w5
NS,Breeze,def,GE,0,1,17,elim,2026-05-02 07:10:00,0,VCT 2026: Pacific Stage 1,https://www.vlr.gg/644680/nongshim-redforce-vs-global-esports-vct-2026-pacific-stage-1-w5
NS,Breeze,def,GE,0,1,18,elim,2026-05-02 07:10:00,0,VCT 2026: Pacific Stage 1,https://www.vlr.gg/644680/nongshim-redforce-vs-global-esports-vct-2026-pacific-stage-1-w5
NS,Bind,atk,GE,0,1,1,defus,2026-05-02 07:10:00,1,VCT 2026: Pacific Stage 1,https://www.vlr.gg/644680/nongshim-redforce-vs-global-esports-vct-2026-pacific-stage-1-w5
NS,Bind,atk,GE,0,1,2,elim,2026-05-02 07:10:00,1,VCT 2026: Pacific Stage 1,https://www.vlr.gg/644680/nongshim-redforce-vs-global-esports-vct-2026-pacific-stage-1-w5
NS,Bind,atk,GE,1,0,3,elim,2026-05-02 07:10:00,1,VCT 2026: Pacific Stage 1,https://www.vlr.gg/644680/nongshim-redforce-vs-global-esports-vct-2026-pacific-stage-1-w5
NS,Bind,atk,GE,1,0,4,elim,2026-05-02 07:10:00,1,VCT 2026: Pacific Stage 1,https://www.vlr.gg/644680/nongshim-redforce-vs-global-esports-vct-2026-pacific-stage-1-w5
NS,Bind,atk,GE,1,0,5,elim,2026-05-02 07:10:00,1,VCT 2026: Pacific Stage 1,https://www.vlr.gg/644680/nongshim-redforce-vs-global-esports-vct-2026-pacific-stage-1-w5
NS,Bind,atk,GE,1,0,6,boom,2026-05-02 07:10:00,1,VCT 2026: Pacific Stage 1,https://www.vlr.gg/644680/nongshim-redforce-vs-global-esports-vct-2026-pacific-stage-1-w5
NS,Bind,atk,GE,0,1,7,defus,2026-05-02 07:10:00,1,VCT 2026: Pacific Stage 1,https://www.vlr.gg/644680/nongshim-redforce-vs-global-esports-vct-2026-pacific-stage-1-w5
NS,Bind,atk,GE,1,0,8,boom,2026-05-02 07:10:00,1,VCT 2026: Pacific Stage 1,https://www.vlr.gg/644680/nongshim-redforce-vs-global-esports-vct-2026-pacific-stage-1-w5
NS,Bind,atk,GE,1,0,9,elim,2026-05-02 07:10:00,1,VCT 2026: Pacific Stage 1,https://www.vlr.gg/644680/nongshim-redforce-vs-global-esports-vct-2026-pacific-stage-1-w5
NS,Bind,atk,GE,1,0,10,elim,2026-05-02 07:10:00,1,VCT 2026: Pacific Stage 1,https://www.vlr.gg/644680/nongshim-redforce-vs-global-esports-vct-2026-pacific-stage-1-w5
NS,Bind,atk,GE,1,0,11,elim,2026-05-02 07:10:00,1,VCT 2026: Pacific Stage 1,https://www.vlr.gg/644680/nongshim-redforce-vs-global-esports-vct-2026-pacific-stage-1-w5
NS,Bind,atk,GE,1,0,12,elim,2026-05-02 07:10:00,1,VCT 2026: Pacific Stage 1,https://www.vlr.gg/644680/nongshim-redforce-vs-global-esports-vct-2026-pacific-stage-1-w5
NS,Bind,def,GE,0,1,13,elim,2026-05-02 07:10:00,1,VCT 2026: Pacific Stage 1,https://www.vlr.gg/644680/nongshim-redforce-vs-global-esports-vct-2026-pacific-stage-1-w5
NS,Bind,def,GE,0,1,14,boom,2026-05-02 07:10:00,1,VCT 2026: Pacific Stage 1,https://www.vlr.gg/644680/nongshim-redforce-vs-global-esports-vct-2026-pacific-stage-1-w5
NS,Bind,def,GE,0,1,15,elim,2026-05-02 07:10:00,1,VCT 2026: Pacific Stage 1,https://www.vlr.gg/644680/nongshim-redforce-vs-global-esports-vct-2026-pacific-stage-1-w5
NS,Bind,def,GE,0,1,16,elim,2026-05-02 07:10:00,1,VCT 2026: Pacific Stage 1,https://www.vlr.gg/644680/nongshim-redforce-vs-global-esports-vct-2026-pacific-stage-1-w5
NS,Bind,def,GE,0,1,17,boom,2026-05-02 07:10:00,1,VCT 2026: Pacific Stage 1,https://www.vlr.gg/644680/nongshim-redforce-vs-global-esports-vct-2026-pacific-stage-1-w5
NS,Bind,def,GE,1,0,18,defus,2026-05-02 07:10:00,1,VCT 2026: Pacific Stage 1,https://www.vlr.gg/644680/nongshim-redforce-vs-global-esports-vct-2026-pacific-stage-1-w5
NS,Bind,def,GE,0,1,19,elim,2026-05-02 07:10:00,1,VCT 2026: Pacific Stage 1,https://www.vlr.gg/644680/nongshim-redforce-vs-global-esports-vct-2026-pacific-stage-1-w5
NS,Bind,def,GE,0,1,20,elim,2026-05-02 07:10:00,1,VCT 2026: Pacific Stage 1,https://www.vlr.gg/644680/nongshim-redforce-vs-global-esports-vct-2026-pacific-stage-1-w5
NS,Bind,def,GE,0,1,21,elim,2026-05-02 07:10:00,1,VCT 2026: Pacific Stage 1,https://www.vlr.gg/644680/nongshim-redforce-vs-global-esports-vct-2026-pacific-stage-1-w5
NS,Bind,def,GE,1,0,22,elim,2026-05-02 07:10:00,1,VCT 2026: Pacific Stage 1,https://www.vlr.gg/644680/nongshim-redforce-vs-global-esports-vct-2026-pacific-stage-1-w5
NS,Bind,def,GE,1,0,23,tim,2026-05-02 07:10:00,1,VCT 2026: Pacific Stage 1,https://www.vlr.gg/644680/nongshim-redforce-vs-global-esports-vct-2026-pacific-stage-1-w5
NS,Bind,def,GE,1,0,24,elim,2026-05-02 07:10:00,1,VCT 2026: Pacific Stage 1,https://www.vlr.gg/644680/nongshim-redforce-vs-global-esports-vct-2026-pacific-stage-1-w5
NS,Haven,atk,GE,1,0,13,elim,2026-05-02 07:10:00,2,VCT 2026: Pacific Stage 1,https://www.vlr.gg/644680/nongshim-redforce-vs-global-esports-vct-2026-pacific-stage-1-w5
NS,Haven,atk,GE,1,0,14,elim,2026-05-02 07:10:00,2,VCT 2026: Pacific Stage 1,https://www.vlr.gg/644680/nongshim-redforce-vs-global-esports-vct-2026-pacific-stage-1-w5
NS,Haven,atk,GE,1,0,15,elim,2026-05-02 07:10:00,2,VCT 2026: Pacific Stage 1,https://www.vlr.gg/644680/nongshim-redforce-vs-global-esports-vct-2026-pacific-stage-1-w5
NS,Haven,atk,GE,1,0,16,elim,2026-05-02 07:10:00,2,VCT 2026: Pacific Stage 1,https://www.vlr.gg/644680/nongshim-redforce-vs-global-esports-vct-2026-pacific-stage-1-w5
NS,Haven,atk,GE,0,1,17,defus,2026-05-02 07:10:00,2,VCT 2026: Pacific Stage 1,https://www.vlr.gg/644680/nongshim-redforce-vs-global-esports-vct-2026-pacific-stage-1-w5
NS,Haven,atk,GE,0,1,18,defus,2026-05-02 07:10:00,2,VCT 2026: Pacific Stage 1,https://www.vlr.gg/644680/nongshim-redforce-vs-global-esports-vct-2026-pacific-stage-1-w5
NS,Haven,atk,GE,0,1,19,elim,2026-05-02 07:10:00,2,VCT 2026: Pacific Stage 1,https://www.vlr.gg/644680/nongshim-redforce-vs-global-esports-vct-2026-pacific-stage-1-w5
NS,Haven,atk,GE,1,0,20,elim,2026-05-02 07:10:00,2,VCT 2026: Pacific Stage 1,https://www.vlr.gg/644680/nongshim-redforce-vs-global-esports-vct-2026-pacific-stage-1-w5
NS,Haven,atk,GE,1,0,21,elim,2026-05-02 07:10:00,2,VCT 2026: Pacific Stage 1,https://www.vlr.gg/644680/nongshim-redforce-vs-global-esports-vct-2026-pacific-stage-1-w5
NS,Haven,atk,GE,1,0,22,elim,2026-05-02 07:10:00,2,VCT 2026: Pacific Stage 1,https://www.vlr.gg/644680/nongshim-redforce-vs-global-esports-vct-2026-pacific-stage-1-w5
NS,Haven,atk,GE,0,1,23,elim,2026-05-02 07:10:00,2,VCT 2026: Pacific Stage 1,https://www.vlr.gg/644680/nongshim-redforce-vs-global-esports-vct-2026-pacific-stage-1-w5
NS,Haven,atk,GE,1,0,24,elim,2026-05-02 07:10:00,2,VCT 2026: Pacific Stage 1,https://www.vlr.gg/644680/nongshim-redforce-vs-global-esports-vct-2026-pacific-stage-1-w5
NS,Haven,atk,GE,0,1,26,defus,2026-05-02 07:10:00,2,VCT 2026: Pacific Stage 1,https://www.vlr.gg/644680/nongshim-redforce-vs-global-esports-vct-2026-pacific-stage-1-w5
NS,Haven,def,GE,1,0,1,defus,2026-05-02 07:10:00,2,VCT 2026: Pacific Stage 1,https://www.vlr.gg/644680/nongshim-redforce-vs-global-esports-vct-2026-pacific-stage-1-w5
NS,Haven,def,GE,1,0,2,elim,2026-05-02 07:10:00,2,VCT 2026: Pacific Stage 1,https://www.vlr.gg/644680/nongshim-redforce-vs-global-esports-vct-2026-pacific-stage-1-w5
NS,Haven,def,GE,0,1,3,elim,2026-05-02 07:10:00,2,VCT 2026: Pacific Stage 1,https://www.vlr.gg/644680/nongshim-redforce-vs-global-esports-vct-2026-pacific-stage-1-w5
NS,Haven,def,GE,1,0,4,defus,2026-05-02 07:10:00,2,VCT 2026: Pacific Stage 1,https://www.vlr.gg/644680/nongshim-redforce-vs-global-esports-vct-2026-pacific-stage-1-w5
NS,Haven,def,GE,1,0,5,defus,2026-05-02 07:10:00,2,VCT 2026: Pacific Stage 1,https://www.vlr.gg/644680/nongshim-redforce-vs-global-esports-vct-2026-pacific-stage-1-w5
NS,Haven,def,GE,0,1,6,elim,2026-05-02 07:10:00,2,VCT 2026: Pacific Stage 1,https://www.vlr.gg/644680/nongshim-redforce-vs-global-esports-vct-2026-pacific-stage-1-w5
NS,Haven,def,GE,0,1,7,elim,2026-05-02 07:10:00,2,VCT 2026: Pacific Stage 1,https://www.vlr.gg/644680/nongshim-redforce-vs-global-esports-vct-2026-pacific-stage-1-w5
NS,Haven,def,GE,0,1,8,elim,2026-05-02 07:10:00,2,VCT 2026: Pacific Stage 1,https://www.vlr.gg/644680/nongshim-redforce-vs-global-esports-vct-2026-pacific-stage-1-w5
NS,Haven,def,GE,0,1,9,elim,2026-05-02 07:10:00,2,VCT 2026: Pacific Stage 1,https://www.vlr.gg/644680/nongshim-redforce-vs-global-esports-vct-2026-pacific-stage-1-w5
NS,Haven,def,GE,0,1,10,elim,2026-05-02 07:10:00,2,VCT 2026: Pacific Stage 1,https://www.vlr.gg/644680/nongshim-redforce-vs-global-esports-vct-2026-pacific-stage-1-w5
NS,Haven,def,GE,0,1,11,elim,2026-05-02 07:10:00,2,VCT 2026: Pacific Stage 1,https://www.vlr.gg/644680/nongshim-redforce-vs-global-esports-vct-2026-pacific-stage-1-w5
NS,Haven,def,GE,0,1,12,elim,2026-05-02 07:10:00,2,VCT 2026: Pacific Stage 1,https://www.vlr.gg/644680/nongshim-redforce-vs-global-esports-vct-2026-pacific-stage-1-w5
NS,Haven,def,GE,0,1,25,elim,2026-05-02 07:10:00,2,VCT 2026: Pacific Stage 1,https://www.vlr.gg/644680/nongshim-redforce-vs-global-esports-vct-2026-pacific-stage-1-w5
PRX,Breeze,atk,KRX,0,1,13,elim,2026-05-03 04:00:00,0,VCT 2026: Pacific Stage 1,https://www.vlr.gg/644681/paper-rex-vs-kiwoom-drx-vct-2026-pacific-stage-1-w5
PRX,Breeze,atk,KRX,0,1,14,defus,2026-05-03 04:00:00,0,VCT 2026: Pacific Stage 1,https://www.vlr.gg/644681/paper-rex-vs-kiwoom-drx-vct-2026-pacific-stage-1-w5
PRX,Breeze,atk,KRX,1,0,15,elim,2026-05-03 04:00:00,0,VCT 2026: Pacific Stage 1,https://www.vlr.gg/644681/paper-rex-vs-kiwoom-drx-vct-2026-pacific-stage-1-w5
PRX,Breeze,atk,KRX,1,0,16,elim,2026-05-03 04:00:00,0,VCT 2026: Pacific Stage 1,https://www.vlr.gg/644681/paper-rex-vs-kiwoom-drx-vct-2026-pacific-stage-1-w5
PRX,Breeze,atk,KRX,0,1,17,elim,2026-05-03 04:00:00,0,VCT 2026: Pacific Stage 1,https://www.vlr.gg/644681/paper-rex-vs-kiwoom-drx-vct-2026-pacific-stage-1-w5
PRX,Breeze,atk,KRX,1,0,18,elim,2026-05-03 04:00:00,0,VCT 2026: Pacific Stage 1,https://www.vlr.gg/644681/paper-rex-vs-kiwoom-drx-vct-2026-pacific-stage-1-w5
PRX,Breeze,def,KRX,1,0,1,defus,2026-05-03 04:00:00,0,VCT 2026: Pacific Stage 1,https://www.vlr.gg/644681/paper-rex-vs-kiwoom-drx-vct-2026-pacific-stage-1-w5
PRX,Breeze,def,KRX,1,0,2,defus,2026-05-03 04:00:00,0,VCT 2026: Pacific Stage 1,https://www.vlr.gg/644681/paper-rex-vs-kiwoom-drx-vct-2026-pacific-stage-1-w5
PRX,Breeze,def,KRX,0,1,3,elim,2026-05-03 04:00:00,0,VCT 2026: Pacific Stage 1,https://www.vlr.gg/644681/paper-rex-vs-kiwoom-drx-vct-2026-pacific-stage-1-w5
PRX,Breeze,def,KRX,0,1,4,elim,2026-05-03 04:00:00,0,VCT 2026: Pacific Stage 1,https://www.vlr.gg/644681/paper-rex-vs-kiwoom-drx-vct-2026-pacific-stage-1-w5
PRX,Breeze,def,KRX,1,0,5,elim,2026-05-03 04:00:00,0,VCT 2026: Pacific Stage 1,https://www.vlr.gg/644681/paper-rex-vs-kiwoom-drx-vct-2026-pacific-stage-1-w5
PRX,Breeze,def,KRX,1,0,6,elim,2026-05-03 04:00:00,0,VCT 2026: Pacific Stage 1,https://www.vlr.gg/644681/paper-rex-vs-kiwoom-drx-vct-2026-pacific-stage-1-w5
PRX,Breeze,def,KRX,1,0,7,defus,2026-05-03 04:00:00,0,VCT 2026: Pacific Stage 1,https://www.vlr.gg/644681/paper-rex-vs-kiwoom-drx-vct-2026-pacific-stage-1-w5
PRX,Breeze,def,KRX,1,0,8,elim,2026-05-03 04:00:00,0,VCT 2026: Pacific Stage 1,https://www.vlr.gg/644681/paper-rex-vs-kiwoom-drx-vct-2026-pacific-stage-1-w5
PRX,Breeze,def,KRX,1,0,9,defus,2026-05-03 04:00:00,0,VCT 2026: Pacific Stage 1,https://www.vlr.gg/644681/paper-rex-vs-kiwoom-drx-vct-2026-pacific-stage-1-w5
PRX,Breeze,def,KRX,1,0,10,elim,2026-05-03 04:00:00,0,VCT 2026: Pacific Stage 1,https://www.vlr.gg/644681/paper-rex-vs-kiwoom-drx-vct-2026-pacific-stage-1-w5
PRX,Breeze,def,KRX,1,0,11,defus,2026-05-03 04:00:00,0,VCT 2026: Pacific Stage 1,https://www.vlr.gg/644681/paper-rex-vs-kiwoom-drx-vct-2026-pacific-stage-1-w5
PRX,Breeze,def,KRX,1,0,12,elim,2026-05-03 04:00:00,0,VCT 2026: Pacific Stage 1,https://www.vlr.gg/644681/paper-rex-vs-kiwoom-drx-vct-2026-pacific-stage-1-w5
PRX,Lotus,atk,KRX,0,1,13,elim,2026-05-03 04:00:00,1,VCT 2026: Pacific Stage 1,https://www.vlr.gg/644681/paper-rex-vs-kiwoom-drx-vct-2026-pacific-stage-1-w5
PRX,Lotus,atk,KRX,0,1,14,defus,2026-05-03 04:00:00,1,VCT 2026: Pacific Stage 1,https://www.vlr.gg/644681/paper-rex-vs-kiwoom-drx-vct-2026-pacific-stage-1-w5
PRX,Lotus,atk,KRX,1,0,15,elim,2026-05-03 04:00:00,1,VCT 2026: Pacific Stage 1,https://www.vlr.gg/644681/paper-rex-vs-kiwoom-drx-vct-2026-pacific-stage-1-w5
PRX,Lotus,atk,KRX,1,0,16,elim,2026-05-03 04:00:00,1,VCT 2026: Pacific Stage 1,https://www.vlr.gg/644681/paper-rex-vs-kiwoom-drx-vct-2026-pacific-stage-1-w5
PRX,Lotus,atk,KRX,1,0,17,elim,2026-05-03 04:00:00,1,VCT 2026: Pacific Stage 1,https://www.vlr.gg/644681/paper-rex-vs-kiwoom-drx-vct-2026-pacific-stage-1-w5
PRX,Lotus,atk,KRX,1,0,18,elim,2026-05-03 04:00:00,1,VCT 2026: Pacific Stage 1,https://www.vlr.gg/644681/paper-rex-vs-kiwoom-drx-vct-2026-pacific-stage-1-w5
PRX,Lotus,def,KRX,0,1,1,elim,2026-05-03 04:00:00,1,VCT 2026: Pacific Stage 1,https://www.vlr.gg/644681/paper-rex-vs-kiwoom-drx-vct-2026-pacific-stage-1-w5
PRX,Lotus,def,KRX,0,1,2,elim,2026-05-03 04:00:00,1,VCT 2026: Pacific Stage 1,https://www.vlr.gg/644681/paper-rex-vs-kiwoom-drx-vct-2026-pacific-stage-1-w5
PRX,Lotus,def,KRX,1,0,3,elim,2026-05-03 04:00:00,1,VCT 2026: Pacific Stage 1,https://www.vlr.gg/644681/paper-rex-vs-kiwoom-drx-vct-2026-pacific-stage-1-w5
PRX,Lotus,def,KRX,1,0,4,elim,2026-05-03 04:00:00,1,VCT 2026: Pacific Stage 1,https://www.vlr.gg/644681/paper-rex-vs-kiwoom-drx-vct-2026-pacific-stage-1-w5
PRX,Lotus,def,KRX,1,0,5,elim,2026-05-03 04:00:00,1,VCT 2026: Pacific Stage 1,https://www.vlr.gg/644681/paper-rex-vs-kiwoom-drx-vct-2026-pacific-stage-1-w5
PRX,Lotus,def,KRX,1,0,6,defus,2026-05-03 04:00:00,1,VCT 2026: Pacific Stage 1,https://www.vlr.gg/644681/paper-rex-vs-kiwoom-drx-vct-2026-pacific-stage-1-w5
PRX,Lotus,def,KRX,1,0,7,defus,2026-05-03 04:00:00,1,VCT 2026: Pacific Stage 1,https://www.vlr.gg/644681/paper-rex-vs-kiwoom-drx-vct-2026-pacific-stage-1-w5
PRX,Lotus,def,KRX,1,0,8,elim,2026-05-03 04:00:00,1,VCT 2026: Pacific Stage 1,https://www.vlr.gg/644681/paper-rex-vs-kiwoom-drx-vct-2026-pacific-stage-1-w5
PRX,Lotus,def,KRX,0,1,9,elim,2026-05-03 04:00:00,1,VCT 2026: Pacific Stage 1,https://www.vlr.gg/644681/paper-rex-vs-kiwoom-drx-vct-2026-pacific-stage-1-w5
PRX,Lotus,def,KRX,1,0,10,tim,2026-05-03 04:00:00,1,VCT 2026: Pacific Stage 1,https://www.vlr.gg/644681/paper-rex-vs-kiwoom-drx-vct-2026-pacific-stage-1-w5
PRX,Lotus,def,KRX,1,0,11,elim,2026-05-03 04:00:00,1,VCT 2026: Pacific Stage 1,https://www.vlr.gg/644681/paper-rex-vs-kiwoom-drx-vct-2026-pacific-stage-1-w5
PRX,Lotus,def,KRX,1,0,12,elim,2026-05-03 04:00:00,1,VCT 2026: Pacific Stage 1,https://www.vlr.gg/644681/paper-rex-vs-kiwoom-drx-vct-2026-pacific-stage-1-w5
RRQ,Haven,atk,DFM,0,1,1,defus,2026-05-03 06:00:00,0,VCT 2026: Pacific Stage 1,https://www.vlr.gg/644682/rex-regum-qeon-vs-detonation-focusme-vct-2026-pacific-stage-1-w5
RRQ,Haven,atk,DFM,0,1,2,defus,2026-05-03 06:00:00,0,VCT 2026: Pacific Stage 1,https://www.vlr.gg/644682/rex-regum-qeon-vs-detonation-focusme-vct-2026-pacific-stage-1-w5
RRQ,Haven,atk,DFM,1,0,3,boom,2026-05-03 06:00:00,0,VCT 2026: Pacific Stage 1,https://www.vlr.gg/644682/rex-regum-qeon-vs-detonation-focusme-vct-2026-pacific-stage-1-w5
RRQ,Haven,atk,DFM,1,0,4,elim,2026-05-03 06:00:00,0,VCT 2026: Pacific Stage 1,https://www.vlr.gg/644682/rex-regum-qeon-vs-detonation-focusme-vct-2026-pacific-stage-1-w5
RRQ,Haven,atk,DFM,1,0,5,boom,2026-05-03 06:00:00,0,VCT 2026: Pacific Stage 1,https://www.vlr.gg/644682/rex-regum-qeon-vs-detonation-focusme-vct-2026-pacific-stage-1-w5
RRQ,Haven,atk,DFM,0,1,6,defus,2026-05-03 06:00:00,0,VCT 2026: Pacific Stage 1,https://www.vlr.gg/644682/rex-regum-qeon-vs-detonation-focusme-vct-2026-pacific-stage-1-w5
RRQ,Haven,atk,DFM,1,0,7,elim,2026-05-03 06:00:00,0,VCT 2026: Pacific Stage 1,https://www.vlr.gg/644682/rex-regum-qeon-vs-detonation-focusme-vct-2026-pacific-stage-1-w5
RRQ,Haven,atk,DFM,1,0,8,elim,2026-05-03 06:00:00,0,VCT 2026: Pacific Stage 1,https://www.vlr.gg/644682/rex-regum-qeon-vs-detonation-focusme-vct-2026-pacific-stage-1-w5
RRQ,Haven,atk,DFM,1,0,9,elim,2026-05-03 06:00:00,0,VCT 2026: Pacific Stage 1,https://www.vlr.gg/644682/rex-regum-qeon-vs-detonation-focusme-vct-2026-pacific-stage-1-w5
RRQ,Haven,atk,DFM,1,0,10,elim,2026-05-03 06:00:00,0,VCT 2026: Pacific Stage 1,https://www.vlr.gg/644682/rex-regum-qeon-vs-detonation-focusme-vct-2026-pacific-stage-1-w5
RRQ,Haven,atk,DFM,0,1,11,elim,2026-05-03 06:00:00,0,VCT 2026: Pacific Stage 1,https://www.vlr.gg/644682/rex-regum-qeon-vs-detonation-focusme-vct-2026-pacific-stage-1-w5
RRQ,Haven,atk,DFM,0,1,12,elim,2026-05-03 06:00:00,0,VCT 2026: Pacific Stage 1,https://www.vlr.gg/644682/rex-regum-qeon-vs-detonation-focusme-vct-2026-pacific-stage-1-w5
RRQ,Haven,atk,DFM,0,1,25,elim,2026-05-03 06:00:00,0,VCT 2026: Pacific Stage 1,https://www.vlr.gg/644682/rex-regum-qeon-vs-detonation-focusme-vct-2026-pacific-stage-1-w5
RRQ,Haven,def,DFM,0,1,13,elim,2026-05-03 06:00:00,0,VCT 2026: Pacific Stage 1,https://www.vlr.gg/644682/rex-regum-qeon-vs-detonation-focusme-vct-2026-pacific-stage-1-w5
RRQ,Haven,def,DFM,0,1,14,elim,2026-05-03 06:00:00,0,VCT 2026: Pacific Stage 1,https://www.vlr.gg/644682/rex-regum-qeon-vs-detonation-focusme-vct-2026-pacific-stage-1-w5
RRQ,Haven,def,DFM,0,1,15,elim,2026-05-03 06:00:00,0,VCT 2026: Pacific Stage 1,https://www.vlr.gg/644682/rex-regum-qeon-vs-detonation-focusme-vct-2026-pacific-stage-1-w5
RRQ,Haven,def,DFM,0,1,16,elim,2026-05-03 06:00:00,0,VCT 2026: Pacific Stage 1,https://www.vlr.gg/644682/rex-regum-qeon-vs-detonation-focusme-vct-2026-pacific-stage-1-w5
RRQ,Haven,def,DFM,1,0,17,elim,2026-05-03 06:00:00,0,VCT 2026: Pacific Stage 1,https://www.vlr.gg/644682/rex-regum-qeon-vs-detonation-focusme-vct-2026-pacific-stage-1-w5
RRQ,Haven,def,DFM,1,0,18,defus,2026-05-03 06:00:00,0,VCT 2026: Pacific Stage 1,https://www.vlr.gg/644682/rex-regum-qeon-vs-detonation-focusme-vct-2026-pacific-stage-1-w5
RRQ,Haven,def,DFM,0,1,19,elim,2026-05-03 06:00:00,0,VCT 2026: Pacific Stage 1,https://www.vlr.gg/644682/rex-regum-qeon-vs-detonation-focusme-vct-2026-pacific-stage-1-w5
RRQ,Haven,def,DFM,0,1,20,elim,2026-05-03 06:00:00,0,VCT 2026: Pacific Stage 1,https://www.vlr.gg/644682/rex-regum-qeon-vs-detonation-focusme-vct-2026-pacific-stage-1-w5
RRQ,Haven,def,DFM,1,0,21,defus,2026-05-03 06:00:00,0,VCT 2026: Pacific Stage 1,https://www.vlr.gg/644682/rex-regum-qeon-vs-detonation-focusme-vct-2026-pacific-stage-1-w5
RRQ,Haven,def,DFM,1,0,22,elim,2026-05-03 06:00:00,0,VCT 2026: Pacific Stage 1,https://www.vlr.gg/644682/rex-regum-qeon-vs-detonation-focusme-vct-2026-pacific-stage-1-w5
RRQ,Haven,def,DFM,1,0,23,elim,2026-05-03 06:00:00,0,VCT 2026: Pacific Stage 1,https://www.vlr.gg/644682/rex-regum-qeon-vs-detonation-focusme-vct-2026-pacific-stage-1-w5
RRQ,Haven,def,DFM,0,1,24,elim,2026-05-03 06:00:00,0,VCT 2026: Pacific Stage 1,https://www.vlr.gg/644682/rex-regum-qeon-vs-detonation-focusme-vct-2026-pacific-stage-1-w5
RRQ,Haven,def,DFM,0,1,26,elim,2026-05-03 06:00:00,0,VCT 2026: Pacific Stage 1,https://www.vlr.gg/644682/rex-regum-qeon-vs-detonation-focusme-vct-2026-pacific-stage-1-w5
RRQ,Lotus,atk,DFM,1,0,13,elim,2026-05-03 06:00:00,1,VCT 2026: Pacific Stage 1,https://www.vlr.gg/644682/rex-regum-qeon-vs-detonation-focusme-vct-2026-pacific-stage-1-w5
RRQ,Lotus,atk,DFM,1,0,14,elim,2026-05-03 06:00:00,1,VCT 2026: Pacific Stage 1,https://www.vlr.gg/644682/rex-regum-qeon-vs-detonation-focusme-vct-2026-pacific-stage-1-w5
RRQ,Lotus,atk,DFM,0,1,15,defus,2026-05-03 06:00:00,1,VCT 2026: Pacific Stage 1,https://www.vlr.gg/644682/rex-regum-qeon-vs-detonation-focusme-vct-2026-pacific-stage-1-w5
RRQ,Lotus,atk,DFM,0,1,16,elim,2026-05-03 06:00:00,1,VCT 2026: Pacific Stage 1,https://www.vlr.gg/644682/rex-regum-qeon-vs-detonation-focusme-vct-2026-pacific-stage-1-w5
RRQ,Lotus,atk,DFM,0,1,17,elim,2026-05-03 06:00:00,1,VCT 2026: Pacific Stage 1,https://www.vlr.gg/644682/rex-regum-qeon-vs-detonation-focusme-vct-2026-pacific-stage-1-w5
RRQ,Lotus,atk,DFM,1,0,18,elim,2026-05-03 06:00:00,1,VCT 2026: Pacific Stage 1,https://www.vlr.gg/644682/rex-regum-qeon-vs-detonation-focusme-vct-2026-pacific-stage-1-w5
RRQ,Lotus,atk,DFM,0,1,19,tim,2026-05-03 06:00:00,1,VCT 2026: Pacific Stage 1,https://www.vlr.gg/644682/rex-regum-qeon-vs-detonation-focusme-vct-2026-pacific-stage-1-w5
RRQ,Lotus,atk,DFM,0,1,20,defus,2026-05-03 06:00:00,1,VCT 2026: Pacific Stage 1,https://www.vlr.gg/644682/rex-regum-qeon-vs-detonation-focusme-vct-2026-pacific-stage-1-w5
RRQ,Lotus,atk,DFM,0,1,21,elim,2026-05-03 06:00:00,1,VCT 2026: Pacific Stage 1,https://www.vlr.gg/644682/rex-regum-qeon-vs-detonation-focusme-vct-2026-pacific-stage-1-w5
RRQ,Lotus,atk,DFM,1,0,22,elim,2026-05-03 06:00:00,1,VCT 2026: Pacific Stage 1,https://www.vlr.gg/644682/rex-regum-qeon-vs-detonation-focusme-vct-2026-pacific-stage-1-w5
RRQ,Lotus,atk,DFM,0,1,23,defus,2026-05-03 06:00:00,1,VCT 2026: Pacific Stage 1,https://www.vlr.gg/644682/rex-regum-qeon-vs-detonation-focusme-vct-2026-pacific-stage-1-w5
RRQ,Lotus,atk,DFM,1,0,24,elim,2026-05-03 06:00:00,1,VCT 2026: Pacific Stage 1,https://www.vlr.gg/644682/rex-regum-qeon-vs-detonation-focusme-vct-2026-pacific-stage-1-w5
RRQ,Lotus,atk,DFM,1,0,26,elim,2026-05-03 06:00:00,1,VCT 2026: Pacific Stage 1,https://www.vlr.gg/644682/rex-regum-qeon-vs-detonation-focusme-vct-2026-pacific-stage-1-w5
RRQ,Lotus,def,DFM,0,1,1,elim,2026-05-03 06:00:00,1,VCT 2026: Pacific Stage 1,https://www.vlr.gg/644682/rex-regum-qeon-vs-detonation-focusme-vct-2026-pacific-stage-1-w5
RRQ,Lotus,def,DFM,0,1,2,elim,2026-05-03 06:00:00,1,VCT 2026: Pacific Stage 1,https://www.vlr.gg/644682/rex-regum-qeon-vs-detonation-focusme-vct-2026-pacific-stage-1-w5
RRQ,Lotus,def,DFM,1,0,3,elim,2026-05-03 06:00:00,1,VCT 2026: Pacific Stage 1,https://www.vlr.gg/644682/rex-regum-qeon-vs-detonation-focusme-vct-2026-pacific-stage-1-w5
RRQ,Lotus,def,DFM,0,1,4,elim,2026-05-03 06:00:00,1,VCT 2026: Pacific Stage 1,https://www.vlr.gg/644682/rex-regum-qeon-vs-detonation-focusme-vct-2026-pacific-stage-1-w5
RRQ,Lotus,def,DFM,0,1,5,elim,2026-05-03 06:00:00,1,VCT 2026: Pacific Stage 1,https://www.vlr.gg/644682/rex-regum-qeon-vs-detonation-focusme-vct-2026-pacific-stage-1-w5
RRQ,Lotus,def,DFM,1,0,6,elim,2026-05-03 06:00:00,1,VCT 2026: Pacific Stage 1,https://www.vlr.gg/644682/rex-regum-qeon-vs-detonation-focusme-vct-2026-pacific-stage-1-w5
RRQ,Lotus,def,DFM,1,0,7,defus,2026-05-03 06:00:00,1,VCT 2026: Pacific Stage 1,https://www.vlr.gg/644682/rex-regum-qeon-vs-detonation-focusme-vct-2026-pacific-stage-1-w5
RRQ,Lotus,def,DFM,1,0,8,elim,2026-05-03 06:00:00,1,VCT 2026: Pacific Stage 1,https://www.vlr.gg/644682/rex-regum-qeon-vs-detonation-focusme-vct-2026-pacific-stage-1-w5
RRQ,Lotus,def,DFM,0,1,9,boom,2026-05-03 06:00:00,1,VCT 2026: Pacific Stage 1,https://www.vlr.gg/644682/rex-regum-qeon-vs-detonation-focusme-vct-2026-pacific-stage-1-w5
RRQ,Lotus,def,DFM,1,0,10,defus,2026-05-03 06:00:00,1,VCT 2026: Pacific Stage 1,https://www.vlr.gg/644682/rex-regum-qeon-vs-detonation-focusme-vct-2026-pacific-stage-1-w5
RRQ,Lotus,def,DFM,1,0,11,defus,2026-05-03 06:00:00,1,VCT 2026: Pacific Stage 1,https://www.vlr.gg/644682/rex-regum-qeon-vs-detonation-focusme-vct-2026-pacific-stage-1-w5
RRQ,Lotus,def,DFM,1,0,12,elim,2026-05-03 06:00:00,1,VCT 2026: Pacific Stage 1,https://www.vlr.gg/644682/rex-regum-qeon-vs-detonation-focusme-vct-2026-pacific-stage-1-w5
RRQ,Lotus,def,DFM,1,0,25,elim,2026-05-03 06:00:00,1,VCT 2026: Pacific Stage 1,https://www.vlr.gg/644682/rex-regum-qeon-vs-detonation-focusme-vct-2026-pacific-stage-1-w5
RRQ,Fracture,atk,DFM,0,1,13,elim,2026-05-03 06:00:00,2,VCT 2026: Pacific Stage 1,https://www.vlr.gg/644682/rex-regum-qeon-vs-detonation-focusme-vct-2026-pacific-stage-1-w5
RRQ,Fracture,atk,DFM,0,1,14,defus,2026-05-03 06:00:00,2,VCT 2026: Pacific Stage 1,https://www.vlr.gg/644682/rex-regum-qeon-vs-detonation-focusme-vct-2026-pacific-stage-1-w5
RRQ,Fracture,atk,DFM,1,0,15,boom,2026-05-03 06:00:00,2,VCT 2026: Pacific Stage 1,https://www.vlr.gg/644682/rex-regum-qeon-vs-detonation-focusme-vct-2026-pacific-stage-1-w5
RRQ,Fracture,atk,DFM,1,0,16,elim,2026-05-03 06:00:00,2,VCT 2026: Pacific Stage 1,https://www.vlr.gg/644682/rex-regum-qeon-vs-detonation-focusme-vct-2026-pacific-stage-1-w5
RRQ,Fracture,atk,DFM,1,0,17,elim,2026-05-03 06:00:00,2,VCT 2026: Pacific Stage 1,https://www.vlr.gg/644682/rex-regum-qeon-vs-detonation-focusme-vct-2026-pacific-stage-1-w5
RRQ,Fracture,atk,DFM,1,0,18,elim,2026-05-03 06:00:00,2,VCT 2026: Pacific Stage 1,https://www.vlr.gg/644682/rex-regum-qeon-vs-detonation-focusme-vct-2026-pacific-stage-1-w5
RRQ,Fracture,atk,DFM,1,0,19,elim,2026-05-03 06:00:00,2,VCT 2026: Pacific Stage 1,https://www.vlr.gg/644682/rex-regum-qeon-vs-detonation-focusme-vct-2026-pacific-stage-1-w5
RRQ,Fracture,atk,DFM,0,1,20,defus,2026-05-03 06:00:00,2,VCT 2026: Pacific Stage 1,https://www.vlr.gg/644682/rex-regum-qeon-vs-detonation-focusme-vct-2026-pacific-stage-1-w5
RRQ,Fracture,atk,DFM,1,0,21,elim,2026-05-03 06:00:00,2,VCT 2026: Pacific Stage 1,https://www.vlr.gg/644682/rex-regum-qeon-vs-detonation-focusme-vct-2026-pacific-stage-1-w5
RRQ,Fracture,def,DFM,0,1,1,elim,2026-05-03 06:00:00,2,VCT 2026: Pacific Stage 1,https://www.vlr.gg/644682/rex-regum-qeon-vs-detonation-focusme-vct-2026-pacific-stage-1-w5
RRQ,Fracture,def,DFM,0,1,2,boom,2026-05-03 06:00:00,2,VCT 2026: Pacific Stage 1,https://www.vlr.gg/644682/rex-regum-qeon-vs-detonation-focusme-vct-2026-pacific-stage-1-w5
RRQ,Fracture,def,DFM,1,0,3,defus,2026-05-03 06:00:00,2,VCT 2026: Pacific Stage 1,https://www.vlr.gg/644682/rex-regum-qeon-vs-detonation-focusme-vct-2026-pacific-stage-1-w5
RRQ,Fracture,def,DFM,0,1,4,elim,2026-05-03 06:00:00,2,VCT 2026: Pacific Stage 1,https://www.vlr.gg/644682/rex-regum-qeon-vs-detonation-focusme-vct-2026-pacific-stage-1-w5
RRQ,Fracture,def,DFM,1,0,5,elim,2026-05-03 06:00:00,2,VCT 2026: Pacific Stage 1,https://www.vlr.gg/644682/rex-regum-qeon-vs-detonation-focusme-vct-2026-pacific-stage-1-w5
RRQ,Fracture,def,DFM,1,0,6,elim,2026-05-03 06:00:00,2,VCT 2026: Pacific Stage 1,https://www.vlr.gg/644682/rex-regum-qeon-vs-detonation-focusme-vct-2026-pacific-stage-1-w5
RRQ,Fracture,def,DFM,0,1,7,elim,2026-05-03 06:00:00,2,VCT 2026: Pacific Stage 1,https://www.vlr.gg/644682/rex-regum-qeon-vs-detonation-focusme-vct-2026-pacific-stage-1-w5
RRQ,Fracture,def,DFM,0,1,8,elim,2026-05-03 06:00:00,2,VCT 2026: Pacific Stage 1,https://www.vlr.gg/644682/rex-regum-qeon-vs-detonation-focusme-vct-2026-pacific-stage-1-w5
RRQ,Fracture,def,DFM,1,0,9,elim,2026-05-03 06:00:00,2,VCT 2026: Pacific Stage 1,https://www.vlr.gg/644682/rex-regum-qeon-vs-detonation-focusme-vct-2026-pacific-stage-1-w5
RRQ,Fracture,def,DFM,1,0,10,defus,2026-05-03 06:00:00,2,VCT 2026: Pacific Stage 1,https://www.vlr.gg/644682/rex-regum-qeon-vs-detonation-focusme-vct-2026-pacific-stage-1-w5
RRQ,Fracture,def,DFM,1,0,11,elim,2026-05-03 06:00:00,2,VCT 2026: Pacific Stage 1,https://www.vlr.gg/644682/rex-regum-qeon-vs-detonation-focusme-vct-2026-pacific-stage-1-w5
RRQ,Fracture,def,DFM,1,0,12,defus,2026-05-03 06:00:00,2,VCT 2026: Pacific Stage 1,https://www.vlr.gg/644682/rex-regum-qeon-vs-detonation-focusme-vct-2026-pacific-stage-1-w5
RRQ,Breeze,atk,GE,1,0,1,elim,2026-05-07 04:00:00,0,VCT 2026: Pacific Stage 1,https://www.vlr.gg/666488/rex-regum-qeon-vs-global-esports-vct-2026-pacific-stage-1-ur1
RRQ,Breeze,atk,GE,1,0,2,elim,2026-05-07 04:00:00,0,VCT 2026: Pacific Stage 1,https://www.vlr.gg/666488/rex-regum-qeon-vs-global-esports-vct-2026-pacific-stage-1-ur1
RRQ,Breeze,atk,GE,0,1,3,defus,2026-05-07 04:00:00,0,VCT 2026: Pacific Stage 1,https://www.vlr.gg/666488/rex-regum-qeon-vs-global-esports-vct-2026-pacific-stage-1-ur1
RRQ,Breeze,atk,GE,1,0,4,boom,2026-05-07 04:00:00,0,VCT 2026: Pacific Stage 1,https://www.vlr.gg/666488/rex-regum-qeon-vs-global-esports-vct-2026-pacific-stage-1-ur1
RRQ,Breeze,atk,GE,0,1,5,defus,2026-05-07 04:00:00,0,VCT 2026: Pacific Stage 1,https://www.vlr.gg/666488/rex-regum-qeon-vs-global-esports-vct-2026-pacific-stage-1-ur1
RRQ,Breeze,atk,GE,1,0,6,elim,2026-05-07 04:00:00,0,VCT 2026: Pacific Stage 1,https://www.vlr.gg/666488/rex-regum-qeon-vs-global-esports-vct-2026-pacific-stage-1-ur1
RRQ,Breeze,atk,GE,0,1,7,defus,2026-05-07 04:00:00,0,VCT 2026: Pacific Stage 1,https://www.vlr.gg/666488/rex-regum-qeon-vs-global-esports-vct-2026-pacific-stage-1-ur1
RRQ,Breeze,atk,GE,1,0,8,boom,2026-05-07 04:00:00,0,VCT 2026: Pacific Stage 1,https://www.vlr.gg/666488/rex-regum-qeon-vs-global-esports-vct-2026-pacific-stage-1-ur1
RRQ,Breeze,atk,GE,1,0,9,boom,2026-05-07 04:00:00,0,VCT 2026: Pacific Stage 1,https://www.vlr.gg/666488/rex-regum-qeon-vs-global-esports-vct-2026-pacific-stage-1-ur1
RRQ,Breeze,atk,GE,0,1,10,defus,2026-05-07 04:00:00,0,VCT 2026: Pacific Stage 1,https://www.vlr.gg/666488/rex-regum-qeon-vs-global-esports-vct-2026-pacific-stage-1-ur1
RRQ,Breeze,atk,GE,0,1,11,elim,2026-05-07 04:00:00,0,VCT 2026: Pacific Stage 1,https://www.vlr.gg/666488/rex-regum-qeon-vs-global-esports-vct-2026-pacific-stage-1-ur1
RRQ,Breeze,atk,GE,1,0,12,elim,2026-05-07 04:00:00,0,VCT 2026: Pacific Stage 1,https://www.vlr.gg/666488/rex-regum-qeon-vs-global-esports-vct-2026-pacific-stage-1-ur1
RRQ,Breeze,def,GE,0,1,13,boom,2026-05-07 04:00:00,0,VCT 2026: Pacific Stage 1,https://www.vlr.gg/666488/rex-regum-qeon-vs-global-esports-vct-2026-pacific-stage-1-ur1
RRQ,Breeze,def,GE,0,1,14,elim,2026-05-07 04:00:00,0,VCT 2026: Pacific Stage 1,https://www.vlr.gg/666488/rex-regum-qeon-vs-global-esports-vct-2026-pacific-stage-1-ur1
RRQ,Breeze,def,GE,1,0,15,defus,2026-05-07 04:00:00,0,VCT 2026: Pacific Stage 1,https://www.vlr.gg/666488/rex-regum-qeon-vs-global-esports-vct-2026-pacific-stage-1-ur1
RRQ,Breeze,def,GE,1,0,16,defus,2026-05-07 04:00:00,0,VCT 2026: Pacific Stage 1,https://www.vlr.gg/666488/rex-regum-qeon-vs-global-esports-vct-2026-pacific-stage-1-ur1
RRQ,Breeze,def,GE,0,1,17,elim,2026-05-07 04:00:00,0,VCT 2026: Pacific Stage 1,https://www.vlr.gg/666488/rex-regum-qeon-vs-global-esports-vct-2026-pacific-stage-1-ur1
RRQ,Breeze,def,GE,0,1,18,elim,2026-05-07 04:00:00,0,VCT 2026: Pacific Stage 1,https://www.vlr.gg/666488/rex-regum-qeon-vs-global-esports-vct-2026-pacific-stage-1-ur1
RRQ,Breeze,def,GE,0,1,19,boom,2026-05-07 04:00:00,0,VCT 2026: Pacific Stage 1,https://www.vlr.gg/666488/rex-regum-qeon-vs-global-esports-vct-2026-pacific-stage-1-ur1
RRQ,Breeze,def,GE,0,1,20,elim,2026-05-07 04:00:00,0,VCT 2026: Pacific Stage 1,https://www.vlr.gg/666488/rex-regum-qeon-vs-global-esports-vct-2026-pacific-stage-1-ur1
RRQ,Breeze,def,GE,0,1,21,elim,2026-05-07 04:00:00,0,VCT 2026: Pacific Stage 1,https://www.vlr.gg/666488/rex-regum-qeon-vs-global-esports-vct-2026-pacific-stage-1-ur1
RRQ,Breeze,def,GE,1,0,22,elim,2026-05-07 04:00:00,0,VCT 2026: Pacific Stage 1,https://www.vlr.gg/666488/rex-regum-qeon-vs-global-esports-vct-2026-pacific-stage-1-ur1
RRQ,Breeze,def,GE,1,0,23,elim,2026-05-07 04:00:00,0,VCT 2026: Pacific Stage 1,https://www.vlr.gg/666488/rex-regum-qeon-vs-global-esports-vct-2026-pacific-stage-1-ur1
RRQ,Breeze,def,GE,0,1,24,elim,2026-05-07 04:00:00,0,VCT 2026: Pacific Stage 1,https://www.vlr.gg/666488/rex-regum-qeon-vs-global-esports-vct-2026-pacific-stage-1-ur1
RRQ,Pearl,atk,GE,1,0,1,elim,2026-05-07 04:00:00,1,VCT 2026: Pacific Stage 1,https://www.vlr.gg/666488/rex-regum-qeon-vs-global-esports-vct-2026-pacific-stage-1-ur1
RRQ,Pearl,atk,GE,1,0,2,elim,2026-05-07 04:00:00,1,VCT 2026: Pacific Stage 1,https://www.vlr.gg/666488/rex-regum-qeon-vs-global-esports-vct-2026-pacific-stage-1-ur1
RRQ,Pearl,atk,GE,0,1,3,elim,2026-05-07 04:00:00,1,VCT 2026: Pacific Stage 1,https://www.vlr.gg/666488/rex-regum-qeon-vs-global-esports-vct-2026-pacific-stage-1-ur1
RRQ,Pearl,atk,GE,0,1,4,defus,2026-05-07 04:00:00,1,VCT 2026: Pacific Stage 1,https://www.vlr.gg/666488/rex-regum-qeon-vs-global-esports-vct-2026-pacific-stage-1-ur1
RRQ,Pearl,atk,GE,0,1,5,elim,2026-05-07 04:00:00,1,VCT 2026: Pacific Stage 1,https://www.vlr.gg/666488/rex-regum-qeon-vs-global-esports-vct-2026-pacific-stage-1-ur1
RRQ,Pearl,atk,GE,1,0,6,elim,2026-05-07 04:00:00,1,VCT 2026: Pacific Stage 1,https://www.vlr.gg/666488/rex-regum-qeon-vs-global-esports-vct-2026-pacific-stage-1-ur1
RRQ,Pearl,atk,GE,0,1,7,defus,2026-05-07 04:00:00,1,VCT 2026: Pacific Stage 1,https://www.vlr.gg/666488/rex-regum-qeon-vs-global-esports-vct-2026-pacific-stage-1-ur1
RRQ,Pearl,atk,GE,0,1,8,tim,2026-05-07 04:00:00,1,VCT 2026: Pacific Stage 1,https://www.vlr.gg/666488/rex-regum-qeon-vs-global-esports-vct-2026-pacific-stage-1-ur1
RRQ,Pearl,atk,GE,0,1,9,defus,2026-05-07 04:00:00,1,VCT 2026: Pacific Stage 1,https://www.vlr.gg/666488/rex-regum-qeon-vs-global-esports-vct-2026-pacific-stage-1-ur1
RRQ,Pearl,atk,GE,1,0,10,boom,2026-05-07 04:00:00,1,VCT 2026: Pacific Stage 1,https://www.vlr.gg/666488/rex-regum-qeon-vs-global-esports-vct-2026-pacific-stage-1-ur1
RRQ,Pearl,atk,GE,1,0,11,elim,2026-05-07 04:00:00,1,VCT 2026: Pacific Stage 1,https://www.vlr.gg/666488/rex-regum-qeon-vs-global-esports-vct-2026-pacific-stage-1-ur1
RRQ,Pearl,atk,GE,1,0,12,boom,2026-05-07 04:00:00,1,VCT 2026: Pacific Stage 1,https://www.vlr.gg/666488/rex-regum-qeon-vs-global-esports-vct-2026-pacific-stage-1-ur1
RRQ,Pearl,def,GE,0,1,13,elim,2026-05-07 04:00:00,1,VCT 2026: Pacific Stage 1,https://www.vlr.gg/666488/rex-regum-qeon-vs-global-esports-vct-2026-pacific-stage-1-ur1
RRQ,Pearl,def,GE,0,1,14,elim,2026-05-07 04:00:00,1,VCT 2026: Pacific Stage 1,https://www.vlr.gg/666488/rex-regum-qeon-vs-global-esports-vct-2026-pacific-stage-1-ur1
RRQ,Pearl,def,GE,1,0,15,defus,2026-05-07 04:00:00,1,VCT 2026: Pacific Stage 1,https://www.vlr.gg/666488/rex-regum-qeon-vs-global-esports-vct-2026-pacific-stage-1-ur1
RRQ,Pearl,def,GE,0,1,16,elim,2026-05-07 04:00:00,1,VCT 2026: Pacific Stage 1,https://www.vlr.gg/666488/rex-regum-qeon-vs-global-esports-vct-2026-pacific-stage-1-ur1
RRQ,Pearl,def,GE,0,1,17,elim,2026-05-07 04:00:00,1,VCT 2026: Pacific Stage 1,https://www.vlr.gg/666488/rex-regum-qeon-vs-global-esports-vct-2026-pacific-stage-1-ur1
RRQ,Pearl,def,GE,0,1,18,elim,2026-05-07 04:00:00,1,VCT 2026: Pacific Stage 1,https://www.vlr.gg/666488/rex-regum-qeon-vs-global-esports-vct-2026-pacific-stage-1-ur1
RRQ,Pearl,def,GE,1,0,19,tim,2026-05-07 04:00:00,1,VCT 2026: Pacific Stage 1,https://www.vlr.gg/666488/rex-regum-qeon-vs-global-esports-vct-2026-pacific-stage-1-ur1
RRQ,Pearl,def,GE,0,1,20,elim,2026-05-07 04:00:00,1,VCT 2026: Pacific Stage 1,https://www.vlr.gg/666488/rex-regum-qeon-vs-global-esports-vct-2026-pacific-stage-1-ur1
RRQ,Pearl,def,GE,1,0,21,tim,2026-05-07 04:00:00,1,VCT 2026: Pacific Stage 1,https://www.vlr.gg/666488/rex-regum-qeon-vs-global-esports-vct-2026-pacific-stage-1-ur1
RRQ,Pearl,def,GE,1,0,22,defus,2026-05-07 04:00:00,1,VCT 2026: Pacific Stage 1,https://www.vlr.gg/666488/rex-regum-qeon-vs-global-esports-vct-2026-pacific-stage-1-ur1
RRQ,Pearl,def,GE,0,1,23,elim,2026-05-07 04:00:00,1,VCT 2026: Pacific Stage 1,https://www.vlr.gg/666488/rex-regum-qeon-vs-global-esports-vct-2026-pacific-stage-1-ur1
KRX,Lotus,atk,FS,1,0,1,elim,2026-05-07 06:35:00,0,VCT 2026: Pacific Stage 1,https://www.vlr.gg/666489/kiwoom-drx-vs-full-sense-vct-2026-pacific-stage-1-ur1
KRX,Lotus,atk,FS,1,0,2,elim,2026-05-07 06:35:00,0,VCT 2026: Pacific Stage 1,https://www.vlr.gg/666489/kiwoom-drx-vs-full-sense-vct-2026-pacific-stage-1-ur1
KRX,Lotus,atk,FS,0,1,3,defus,2026-05-07 06:35:00,0,VCT 2026: Pacific Stage 1,https://www.vlr.gg/666489/kiwoom-drx-vs-full-sense-vct-2026-pacific-stage-1-ur1
KRX,Lotus,atk,FS,1,0,4,boom,2026-05-07 06:35:00,0,VCT 2026: Pacific Stage 1,https://www.vlr.gg/666489/kiwoom-drx-vs-full-sense-vct-2026-pacific-stage-1-ur1
KRX,Lotus,atk,FS,0,1,5,defus,2026-05-07 06:35:00,0,VCT 2026: Pacific Stage 1,https://www.vlr.gg/666489/kiwoom-drx-vs-full-sense-vct-2026-pacific-stage-1-ur1
KRX,Lotus,atk,FS,0,1,6,defus,2026-05-07 06:35:00,0,VCT 2026: Pacific Stage 1,https://www.vlr.gg/666489/kiwoom-drx-vs-full-sense-vct-2026-pacific-stage-1-ur1
KRX,Lotus,atk,FS,0,1,7,defus,2026-05-07 06:35:00,0,VCT 2026: Pacific Stage 1,https://www.vlr.gg/666489/kiwoom-drx-vs-full-sense-vct-2026-pacific-stage-1-ur1
KRX,Lotus,atk,FS,1,0,8,elim,2026-05-07 06:35:00,0,VCT 2026: Pacific Stage 1,https://www.vlr.gg/666489/kiwoom-drx-vs-full-sense-vct-2026-pacific-stage-1-ur1
KRX,Lotus,atk,FS,1,0,9,elim,2026-05-07 06:35:00,0,VCT 2026: Pacific Stage 1,https://www.vlr.gg/666489/kiwoom-drx-vs-full-sense-vct-2026-pacific-stage-1-ur1
KRX,Lotus,atk,FS,1,0,10,elim,2026-05-07 06:35:00,0,VCT 2026: Pacific Stage 1,https://www.vlr.gg/666489/kiwoom-drx-vs-full-sense-vct-2026-pacific-stage-1-ur1
KRX,Lotus,atk,FS,0,1,11,defus,2026-05-07 06:35:00,0,VCT 2026: Pacific Stage 1,https://www.vlr.gg/666489/kiwoom-drx-vs-full-sense-vct-2026-pacific-stage-1-ur1
KRX,Lotus,atk,FS,1,0,12,elim,2026-05-07 06:35:00,0,VCT 2026: Pacific Stage 1,https://www.vlr.gg/666489/kiwoom-drx-vs-full-sense-vct-2026-pacific-stage-1-ur1
KRX,Lotus,def,FS,0,1,13,elim,2026-05-07 06:35:00,0,VCT 2026: Pacific Stage 1,https://www.vlr.gg/666489/kiwoom-drx-vs-full-sense-vct-2026-pacific-stage-1-ur1
KRX,Lotus,def,FS,0,1,14,elim,2026-05-07 06:35:00,0,VCT 2026: Pacific Stage 1,https://www.vlr.gg/666489/kiwoom-drx-vs-full-sense-vct-2026-pacific-stage-1-ur1
KRX,Lotus,def,FS,0,1,15,elim,2026-05-07 06:35:00,0,VCT 2026: Pacific Stage 1,https://www.vlr.gg/666489/kiwoom-drx-vs-full-sense-vct-2026-pacific-stage-1-ur1
KRX,Lotus,def,FS,0,1,16,boom,2026-05-07 06:35:00,0,VCT 2026: Pacific Stage 1,https://www.vlr.gg/666489/kiwoom-drx-vs-full-sense-vct-2026-pacific-stage-1-ur1
KRX,Lotus,def,FS,1,0,17,elim,2026-05-07 06:35:00,0,VCT 2026: Pacific Stage 1,https://www.vlr.gg/666489/kiwoom-drx-vs-full-sense-vct-2026-pacific-stage-1-ur1
KRX,Lotus,def,FS,0,1,18,elim,2026-05-07 06:35:00,0,VCT 2026: Pacific Stage 1,https://www.vlr.gg/666489/kiwoom-drx-vs-full-sense-vct-2026-pacific-stage-1-ur1
KRX,Lotus,def,FS,0,1,19,elim,2026-05-07 06:35:00,0,VCT 2026: Pacific Stage 1,https://www.vlr.gg/666489/kiwoom-drx-vs-full-sense-vct-2026-pacific-stage-1-ur1
KRX,Lotus,def,FS,0,1,20,boom,2026-05-07 06:35:00,0,VCT 2026: Pacific Stage 1,https://www.vlr.gg/666489/kiwoom-drx-vs-full-sense-vct-2026-pacific-stage-1-ur1
KRX,Lotus,def,FS,1,0,21,elim,2026-05-07 06:35:00,0,VCT 2026: Pacific Stage 1,https://www.vlr.gg/666489/kiwoom-drx-vs-full-sense-vct-2026-pacific-stage-1-ur1
KRX,Lotus,def,FS,0,1,22,elim,2026-05-07 06:35:00,0,VCT 2026: Pacific Stage 1,https://www.vlr.gg/666489/kiwoom-drx-vs-full-sense-vct-2026-pacific-stage-1-ur1
KRX,Fracture,atk,FS,0,1,13,elim,2026-05-07 06:35:00,1,VCT 2026: Pacific Stage 1,https://www.vlr.gg/666489/kiwoom-drx-vs-full-sense-vct-2026-pacific-stage-1-ur1
KRX,Fracture,atk,FS,0,1,14,defus,2026-05-07 06:35:00,1,VCT 2026: Pacific Stage 1,https://www.vlr.gg/666489/kiwoom-drx-vs-full-sense-vct-2026-pacific-stage-1-ur1
KRX,Fracture,atk,FS,0,1,15,defus,2026-05-07 06:35:00,1,VCT 2026: Pacific Stage 1,https://www.vlr.gg/666489/kiwoom-drx-vs-full-sense-vct-2026-pacific-stage-1-ur1
KRX,Fracture,atk,FS,1,0,16,elim,2026-05-07 06:35:00,1,VCT 2026: Pacific Stage 1,https://www.vlr.gg/666489/kiwoom-drx-vs-full-sense-vct-2026-pacific-stage-1-ur1
KRX,Fracture,atk,FS,1,0,17,elim,2026-05-07 06:35:00,1,VCT 2026: Pacific Stage 1,https://www.vlr.gg/666489/kiwoom-drx-vs-full-sense-vct-2026-pacific-stage-1-ur1
KRX,Fracture,atk,FS,1,0,18,boom,2026-05-07 06:35:00,1,VCT 2026: Pacific Stage 1,https://www.vlr.gg/666489/kiwoom-drx-vs-full-sense-vct-2026-pacific-stage-1-ur1
KRX,Fracture,atk,FS,1,0,19,elim,2026-05-07 06:35:00,1,VCT 2026: Pacific Stage 1,https://www.vlr.gg/666489/kiwoom-drx-vs-full-sense-vct-2026-pacific-stage-1-ur1
KRX,Fracture,atk,FS,0,1,20,defus,2026-05-07 06:35:00,1,VCT 2026: Pacific Stage 1,https://www.vlr.gg/666489/kiwoom-drx-vs-full-sense-vct-2026-pacific-stage-1-ur1
KRX,Fracture,def,FS,0,1,1,boom,2026-05-07 06:35:00,1,VCT 2026: Pacific Stage 1,https://www.vlr.gg/666489/kiwoom-drx-vs-full-sense-vct-2026-pacific-stage-1-ur1
KRX,Fracture,def,FS,0,1,2,elim,2026-05-07 06:35:00,1,VCT 2026: Pacific Stage 1,https://www.vlr.gg/666489/kiwoom-drx-vs-full-sense-vct-2026-pacific-stage-1-ur1
KRX,Fracture,def,FS,1,0,3,tim,2026-05-07 06:35:00,1,VCT 2026: Pacific Stage 1,https://www.vlr.gg/666489/kiwoom-drx-vs-full-sense-vct-2026-pacific-stage-1-ur1
KRX,Fracture,def,FS,1,0,4,defus,2026-05-07 06:35:00,1,VCT 2026: Pacific Stage 1,https://www.vlr.gg/666489/kiwoom-drx-vs-full-sense-vct-2026-pacific-stage-1-ur1
KRX,Fracture,def,FS,0,1,5,elim,2026-05-07 06:35:00,1,VCT 2026: Pacific Stage 1,https://www.vlr.gg/666489/kiwoom-drx-vs-full-sense-vct-2026-pacific-stage-1-ur1
KRX,Fracture,def,FS,0,1,6,boom,2026-05-07 06:35:00,1,VCT 2026: Pacific Stage 1,https://www.vlr.gg/666489/kiwoom-drx-vs-full-sense-vct-2026-pacific-stage-1-ur1
KRX,Fracture,def,FS,0,1,7,boom,2026-05-07 06:35:00,1,VCT 2026: Pacific Stage 1,https://www.vlr.gg/666489/kiwoom-drx-vs-full-sense-vct-2026-pacific-stage-1-ur1
KRX,Fracture,def,FS,1,0,8,elim,2026-05-07 06:35:00,1,VCT 2026: Pacific Stage 1,https://www.vlr.gg/666489/kiwoom-drx-vs-full-sense-vct-2026-pacific-stage-1-ur1
KRX,Fracture,def,FS,0,1,9,elim,2026-05-07 06:35:00,1,VCT 2026: Pacific Stage 1,https://www.vlr.gg/666489/kiwoom-drx-vs-full-sense-vct-2026-pacific-stage-1-ur1
KRX,Fracture,def,FS,0,1,10,elim,2026-05-07 06:35:00,1,VCT 2026: Pacific Stage 1,https://www.vlr.gg/666489/kiwoom-drx-vs-full-sense-vct-2026-pacific-stage-1-ur1
KRX,Fracture,def,FS,0,1,11,boom,2026-05-07 06:35:00,1,VCT 2026: Pacific Stage 1,https://www.vlr.gg/666489/kiwoom-drx-vs-full-sense-vct-2026-pacific-stage-1-ur1
KRX,Fracture,def,FS,0,1,12,elim,2026-05-07 06:35:00,1,VCT 2026: Pacific Stage 1,https://www.vlr.gg/666489/kiwoom-drx-vs-full-sense-vct-2026-pacific-stage-1-ur1
PRX,Breeze,atk,GE,1,0,13,elim,2026-05-08 04:00:00,0,VCT 2026: Pacific Stage 1,https://www.vlr.gg/666490/paper-rex-vs-global-esports-vct-2026-pacific-stage-1-ubsf
PRX,Breeze,atk,GE,1,0,14,elim,2026-05-08 04:00:00,0,VCT 2026: Pacific Stage 1,https://www.vlr.gg/666490/paper-rex-vs-global-esports-vct-2026-pacific-stage-1-ubsf
PRX,Breeze,atk,GE,0,1,15,elim,2026-05-08 04:00:00,0,VCT 2026: Pacific Stage 1,https://www.vlr.gg/666490/paper-rex-vs-global-esports-vct-2026-pacific-stage-1-ubsf
PRX,Breeze,atk,GE,0,1,16,elim,2026-05-08 04:00:00,0,VCT 2026: Pacific Stage 1,https://www.vlr.gg/666490/paper-rex-vs-global-esports-vct-2026-pacific-stage-1-ubsf
PRX,Breeze,atk,GE,0,1,17,elim,2026-05-08 04:00:00,0,VCT 2026: Pacific Stage 1,https://www.vlr.gg/666490/paper-rex-vs-global-esports-vct-2026-pacific-stage-1-ubsf
PRX,Breeze,atk,GE,1,0,18,elim,2026-05-08 04:00:00,0,VCT 2026: Pacific Stage 1,https://www.vlr.gg/666490/paper-rex-vs-global-esports-vct-2026-pacific-stage-1-ubsf
PRX,Breeze,atk,GE,0,1,19,defus,2026-05-08 04:00:00,0,VCT 2026: Pacific Stage 1,https://www.vlr.gg/666490/paper-rex-vs-global-esports-vct-2026-pacific-stage-1-ubsf
PRX,Breeze,atk,GE,0,1,20,elim,2026-05-08 04:00:00,0,VCT 2026: Pacific Stage 1,https://www.vlr.gg/666490/paper-rex-vs-global-esports-vct-2026-pacific-stage-1-ubsf
PRX,Breeze,atk,GE,0,1,21,elim,2026-05-08 04:00:00,0,VCT 2026: Pacific Stage 1,https://www.vlr.gg/666490/paper-rex-vs-global-esports-vct-2026-pacific-stage-1-ubsf
PRX,Breeze,atk,GE,0,1,22,defus,2026-05-08 04:00:00,0,VCT 2026: Pacific Stage 1,https://www.vlr.gg/666490/paper-rex-vs-global-esports-vct-2026-pacific-stage-1-ubsf
PRX,Breeze,def,GE,0,1,1,elim,2026-05-08 04:00:00,0,VCT 2026: Pacific Stage 1,https://www.vlr.gg/666490/paper-rex-vs-global-esports-vct-2026-pacific-stage-1-ubsf
PRX,Breeze,def,GE,0,1,2,elim,2026-05-08 04:00:00,0,VCT 2026: Pacific Stage 1,https://www.vlr.gg/666490/paper-rex-vs-global-esports-vct-2026-pacific-stage-1-ubsf
PRX,Breeze,def,GE,1,0,3,defus,2026-05-08 04:00:00,0,VCT 2026: Pacific Stage 1,https://www.vlr.gg/666490/paper-rex-vs-global-esports-vct-2026-pacific-stage-1-ubsf
PRX,Breeze,def,GE,0,1,4,elim,2026-05-08 04:00:00,0,VCT 2026: Pacific Stage 1,https://www.vlr.gg/666490/paper-rex-vs-global-esports-vct-2026-pacific-stage-1-ubsf
PRX,Breeze,def,GE,0,1,5,elim,2026-05-08 04:00:00,0,VCT 2026: Pacific Stage 1,https://www.vlr.gg/666490/paper-rex-vs-global-esports-vct-2026-pacific-stage-1-ubsf
PRX,Breeze,def,GE,1,0,6,defus,2026-05-08 04:00:00,0,VCT 2026: Pacific Stage 1,https://www.vlr.gg/666490/paper-rex-vs-global-esports-vct-2026-pacific-stage-1-ubsf
PRX,Breeze,def,GE,1,0,7,elim,2026-05-08 04:00:00,0,VCT 2026: Pacific Stage 1,https://www.vlr.gg/666490/paper-rex-vs-global-esports-vct-2026-pacific-stage-1-ubsf
PRX,Breeze,def,GE,1,0,8,elim,2026-05-08 04:00:00,0,VCT 2026: Pacific Stage 1,https://www.vlr.gg/666490/paper-rex-vs-global-esports-vct-2026-pacific-stage-1-ubsf
PRX,Breeze,def,GE,1,0,9,defus,2026-05-08 04:00:00,0,VCT 2026: Pacific Stage 1,https://www.vlr.gg/666490/paper-rex-vs-global-esports-vct-2026-pacific-stage-1-ubsf
PRX,Breeze,def,GE,1,0,10,elim,2026-05-08 04:00:00,0,VCT 2026: Pacific Stage 1,https://www.vlr.gg/666490/paper-rex-vs-global-esports-vct-2026-pacific-stage-1-ubsf
PRX,Breeze,def,GE,0,1,11,elim,2026-05-08 04:00:00,0,VCT 2026: Pacific Stage 1,https://www.vlr.gg/666490/paper-rex-vs-global-esports-vct-2026-pacific-stage-1-ubsf
PRX,Breeze,def,GE,0,1,12,elim,2026-05-08 04:00:00,0,VCT 2026: Pacific Stage 1,https://www.vlr.gg/666490/paper-rex-vs-global-esports-vct-2026-pacific-stage-1-ubsf
PRX,Lotus,atk,GE,0,1,13,defus,2026-05-08 04:00:00,1,VCT 2026: Pacific Stage 1,https://www.vlr.gg/666490/paper-rex-vs-global-esports-vct-2026-pacific-stage-1-ubsf
PRX,Lotus,atk,GE,0,1,14,elim,2026-05-08 04:00:00,1,VCT 2026: Pacific Stage 1,https://www.vlr.gg/666490/paper-rex-vs-global-esports-vct-2026-pacific-stage-1-ubsf
PRX,Lotus,atk,GE,1,0,15,elim,2026-05-08 04:00:00,1,VCT 2026: Pacific Stage 1,https://www.vlr.gg/666490/paper-rex-vs-global-esports-vct-2026-pacific-stage-1-ubsf
PRX,Lotus,atk,GE,1,0,16,elim,2026-05-08 04:00:00,1,VCT 2026: Pacific Stage 1,https://www.vlr.gg/666490/paper-rex-vs-global-esports-vct-2026-pacific-stage-1-ubsf
PRX,Lotus,atk,GE,1,0,17,elim,2026-05-08 04:00:00,1,VCT 2026: Pacific Stage 1,https://www.vlr.gg/666490/paper-rex-vs-global-esports-vct-2026-pacific-stage-1-ubsf
PRX,Lotus,atk,GE,0,1,18,tim,2026-05-08 04:00:00,1,VCT 2026: Pacific Stage 1,https://www.vlr.gg/666490/paper-rex-vs-global-esports-vct-2026-pacific-stage-1-ubsf
PRX,Lotus,atk,GE,1,0,19,elim,2026-05-08 04:00:00,1,VCT 2026: Pacific Stage 1,https://www.vlr.gg/666490/paper-rex-vs-global-esports-vct-2026-pacific-stage-1-ubsf
PRX,Lotus,def,GE,0,1,1,elim,2026-05-08 04:00:00,1,VCT 2026: Pacific Stage 1,https://www.vlr.gg/666490/paper-rex-vs-global-esports-vct-2026-pacific-stage-1-ubsf
PRX,Lotus,def,GE,1,0,2,defus,2026-05-08 04:00:00,1,VCT 2026: Pacific Stage 1,https://www.vlr.gg/666490/paper-rex-vs-global-esports-vct-2026-pacific-stage-1-ubsf
PRX,Lotus,def,GE,1,0,3,elim,2026-05-08 04:00:00,1,VCT 2026: Pacific Stage 1,https://www.vlr.gg/666490/paper-rex-vs-global-esports-vct-2026-pacific-stage-1-ubsf
PRX,Lotus,def,GE,0,1,4,boom,2026-05-08 04:00:00,1,VCT 2026: Pacific Stage 1,https://www.vlr.gg/666490/paper-rex-vs-global-esports-vct-2026-pacific-stage-1-ubsf
PRX,Lotus,def,GE,0,1,5,elim,2026-05-08 04:00:00,1,VCT 2026: Pacific Stage 1,https://www.vlr.gg/666490/paper-rex-vs-global-esports-vct-2026-pacific-stage-1-ubsf
PRX,Lotus,def,GE,1,0,6,defus,2026-05-08 04:00:00,1,VCT 2026: Pacific Stage 1,https://www.vlr.gg/666490/paper-rex-vs-global-esports-vct-2026-pacific-stage-1-ubsf
PRX,Lotus,def,GE,1,0,7,tim,2026-05-08 04:00:00,1,VCT 2026: Pacific Stage 1,https://www.vlr.gg/666490/paper-rex-vs-global-esports-vct-2026-pacific-stage-1-ubsf
PRX,Lotus,def,GE,1,0,8,defus,2026-05-08 04:00:00,1,VCT 2026: Pacific Stage 1,https://www.vlr.gg/666490/paper-rex-vs-global-esports-vct-2026-pacific-stage-1-ubsf
PRX,Lotus,def,GE,1,0,9,elim,2026-05-08 04:00:00,1,VCT 2026: Pacific Stage 1,https://www.vlr.gg/666490/paper-rex-vs-global-esports-vct-2026-pacific-stage-1-ubsf
PRX,Lotus,def,GE,1,0,10,elim,2026-05-08 04:00:00,1,VCT 2026: Pacific Stage 1,https://www.vlr.gg/666490/paper-rex-vs-global-esports-vct-2026-pacific-stage-1-ubsf
PRX,Lotus,def,GE,1,0,11,elim,2026-05-08 04:00:00,1,VCT 2026: Pacific Stage 1,https://www.vlr.gg/666490/paper-rex-vs-global-esports-vct-2026-pacific-stage-1-ubsf
PRX,Lotus,def,GE,1,0,12,elim,2026-05-08 04:00:00,1,VCT 2026: Pacific Stage 1,https://www.vlr.gg/666490/paper-rex-vs-global-esports-vct-2026-pacific-stage-1-ubsf
PRX,Pearl,atk,GE,0,1,1,elim,2026-05-08 04:00:00,2,VCT 2026: Pacific Stage 1,https://www.vlr.gg/666490/paper-rex-vs-global-esports-vct-2026-pacific-stage-1-ubsf
PRX,Pearl,atk,GE,0,1,2,elim,2026-05-08 04:00:00,2,VCT 2026: Pacific Stage 1,https://www.vlr.gg/666490/paper-rex-vs-global-esports-vct-2026-pacific-stage-1-ubsf
PRX,Pearl,atk,GE,1,0,3,elim,2026-05-08 04:00:00,2,VCT 2026: Pacific Stage 1,https://www.vlr.gg/666490/paper-rex-vs-global-esports-vct-2026-pacific-stage-1-ubsf
PRX,Pearl,atk,GE,0,1,4,defus,2026-05-08 04:00:00,2,VCT 2026: Pacific Stage 1,https://www.vlr.gg/666490/paper-rex-vs-global-esports-vct-2026-pacific-stage-1-ubsf
PRX,Pearl,atk,GE,0,1,5,elim,2026-05-08 04:00:00,2,VCT 2026: Pacific Stage 1,https://www.vlr.gg/666490/paper-rex-vs-global-esports-vct-2026-pacific-stage-1-ubsf
PRX,Pearl,atk,GE,1,0,6,boom,2026-05-08 04:00:00,2,VCT 2026: Pacific Stage 1,https://www.vlr.gg/666490/paper-rex-vs-global-esports-vct-2026-pacific-stage-1-ubsf
PRX,Pearl,atk,GE,0,1,7,elim,2026-05-08 04:00:00,2,VCT 2026: Pacific Stage 1,https://www.vlr.gg/666490/paper-rex-vs-global-esports-vct-2026-pacific-stage-1-ubsf
PRX,Pearl,atk,GE,0,1,8,defus,2026-05-08 04:00:00,2,VCT 2026: Pacific Stage 1,https://www.vlr.gg/666490/paper-rex-vs-global-esports-vct-2026-pacific-stage-1-ubsf
PRX,Pearl,atk,GE,0,1,9,defus,2026-05-08 04:00:00,2,VCT 2026: Pacific Stage 1,https://www.vlr.gg/666490/paper-rex-vs-global-esports-vct-2026-pacific-stage-1-ubsf
PRX,Pearl,atk,GE,1,0,10,boom,2026-05-08 04:00:00,2,VCT 2026: Pacific Stage 1,https://www.vlr.gg/666490/paper-rex-vs-global-esports-vct-2026-pacific-stage-1-ubsf
PRX,Pearl,atk,GE,0,1,11,defus,2026-05-08 04:00:00,2,VCT 2026: Pacific Stage 1,https://www.vlr.gg/666490/paper-rex-vs-global-esports-vct-2026-pacific-stage-1-ubsf
PRX,Pearl,atk,GE,0,1,12,defus,2026-05-08 04:00:00,2,VCT 2026: Pacific Stage 1,https://www.vlr.gg/666490/paper-rex-vs-global-esports-vct-2026-pacific-stage-1-ubsf
PRX,Pearl,def,GE,1,0,13,defus,2026-05-08 04:00:00,2,VCT 2026: Pacific Stage 1,https://www.vlr.gg/666490/paper-rex-vs-global-esports-vct-2026-pacific-stage-1-ubsf
PRX,Pearl,def,GE,1,0,14,defus,2026-05-08 04:00:00,2,VCT 2026: Pacific Stage 1,https://www.vlr.gg/666490/paper-rex-vs-global-esports-vct-2026-pacific-stage-1-ubsf
PRX,Pearl,def,GE,0,1,15,elim,2026-05-08 04:00:00,2,VCT 2026: Pacific Stage 1,https://www.vlr.gg/666490/paper-rex-vs-global-esports-vct-2026-pacific-stage-1-ubsf
PRX,Pearl,def,GE,0,1,16,elim,2026-05-08 04:00:00,2,VCT 2026: Pacific Stage 1,https://www.vlr.gg/666490/paper-rex-vs-global-esports-vct-2026-pacific-stage-1-ubsf
PRX,Pearl,def,GE,0,1,17,elim,2026-05-08 04:00:00,2,VCT 2026: Pacific Stage 1,https://www.vlr.gg/666490/paper-rex-vs-global-esports-vct-2026-pacific-stage-1-ubsf
PRX,Pearl,def,GE,0,1,18,elim,2026-05-08 04:00:00,2,VCT 2026: Pacific Stage 1,https://www.vlr.gg/666490/paper-rex-vs-global-esports-vct-2026-pacific-stage-1-ubsf
T1,Pearl,atk,FS,1,0,1,elim,2026-05-08 07:15:00,0,VCT 2026: Pacific Stage 1,https://www.vlr.gg/666491/t1-vs-full-sense-vct-2026-pacific-stage-1-ubsf
T1,Pearl,atk,FS,1,0,2,boom,2026-05-08 07:15:00,0,VCT 2026: Pacific Stage 1,https://www.vlr.gg/666491/t1-vs-full-sense-vct-2026-pacific-stage-1-ubsf
T1,Pearl,atk,FS,0,1,3,defus,2026-05-08 07:15:00,0,VCT 2026: Pacific Stage 1,https://www.vlr.gg/666491/t1-vs-full-sense-vct-2026-pacific-stage-1-ubsf
T1,Pearl,atk,FS,0,1,4,elim,2026-05-08 07:15:00,0,VCT 2026: Pacific Stage 1,https://www.vlr.gg/666491/t1-vs-full-sense-vct-2026-pacific-stage-1-ubsf
T1,Pearl,atk,FS,0,1,5,defus,2026-05-08 07:15:00,0,VCT 2026: Pacific Stage 1,https://www.vlr.gg/666491/t1-vs-full-sense-vct-2026-pacific-stage-1-ubsf
T1,Pearl,atk,FS,0,1,6,defus,2026-05-08 07:15:00,0,VCT 2026: Pacific Stage 1,https://www.vlr.gg/666491/t1-vs-full-sense-vct-2026-pacific-stage-1-ubsf
T1,Pearl,atk,FS,0,1,7,elim,2026-05-08 07:15:00,0,VCT 2026: Pacific Stage 1,https://www.vlr.gg/666491/t1-vs-full-sense-vct-2026-pacific-stage-1-ubsf
T1,Pearl,atk,FS,0,1,8,defus,2026-05-08 07:15:00,0,VCT 2026: Pacific Stage 1,https://www.vlr.gg/666491/t1-vs-full-sense-vct-2026-pacific-stage-1-ubsf
T1,Pearl,atk,FS,1,0,9,elim,2026-05-08 07:15:00,0,VCT 2026: Pacific Stage 1,https://www.vlr.gg/666491/t1-vs-full-sense-vct-2026-pacific-stage-1-ubsf
T1,Pearl,atk,FS,0,1,10,defus,2026-05-08 07:15:00,0,VCT 2026: Pacific Stage 1,https://www.vlr.gg/666491/t1-vs-full-sense-vct-2026-pacific-stage-1-ubsf
T1,Pearl,atk,FS,1,0,11,boom,2026-05-08 07:15:00,0,VCT 2026: Pacific Stage 1,https://www.vlr.gg/666491/t1-vs-full-sense-vct-2026-pacific-stage-1-ubsf
T1,Pearl,atk,FS,0,1,12,elim,2026-05-08 07:15:00,0,VCT 2026: Pacific Stage 1,https://www.vlr.gg/666491/t1-vs-full-sense-vct-2026-pacific-stage-1-ubsf
T1,Pearl,def,FS,0,1,13,elim,2026-05-08 07:15:00,0,VCT 2026: Pacific Stage 1,https://www.vlr.gg/666491/t1-vs-full-sense-vct-2026-pacific-stage-1-ubsf
T1,Pearl,def,FS,0,1,14,elim,2026-05-08 07:15:00,0,VCT 2026: Pacific Stage 1,https://www.vlr.gg/666491/t1-vs-full-sense-vct-2026-pacific-stage-1-ubsf
T1,Pearl,def,FS,0,1,15,elim,2026-05-08 07:15:00,0,VCT 2026: Pacific Stage 1,https://www.vlr.gg/666491/t1-vs-full-sense-vct-2026-pacific-stage-1-ubsf
T1,Pearl,def,FS,1,0,16,elim,2026-05-08 07:15:00,0,VCT 2026: Pacific Stage 1,https://www.vlr.gg/666491/t1-vs-full-sense-vct-2026-pacific-stage-1-ubsf
T1,Pearl,def,FS,0,1,17,boom,2026-05-08 07:15:00,0,VCT 2026: Pacific Stage 1,https://www.vlr.gg/666491/t1-vs-full-sense-vct-2026-pacific-stage-1-ubsf
T1,Pearl,def,FS,1,0,18,elim,2026-05-08 07:15:00,0,VCT 2026: Pacific Stage 1,https://www.vlr.gg/666491/t1-vs-full-sense-vct-2026-pacific-stage-1-ubsf
T1,Pearl,def,FS,1,0,19,defus,2026-05-08 07:15:00,0,VCT 2026: Pacific Stage 1,https://www.vlr.gg/666491/t1-vs-full-sense-vct-2026-pacific-stage-1-ubsf
T1,Pearl,def,FS,1,0,20,elim,2026-05-08 07:15:00,0,VCT 2026: Pacific Stage 1,https://www.vlr.gg/666491/t1-vs-full-sense-vct-2026-pacific-stage-1-ubsf
T1,Pearl,def,FS,1,0,21,tim,2026-05-08 07:15:00,0,VCT 2026: Pacific Stage 1,https://www.vlr.gg/666491/t1-vs-full-sense-vct-2026-pacific-stage-1-ubsf
T1,Pearl,def,FS,0,1,22,elim,2026-05-08 07:15:00,0,VCT 2026: Pacific Stage 1,https://www.vlr.gg/666491/t1-vs-full-sense-vct-2026-pacific-stage-1-ubsf
T1,Lotus,atk,FS,1,0,13,elim,2026-05-08 07:15:00,1,VCT 2026: Pacific Stage 1,https://www.vlr.gg/666491/t1-vs-full-sense-vct-2026-pacific-stage-1-ubsf
T1,Lotus,atk,FS,1,0,14,elim,2026-05-08 07:15:00,1,VCT 2026: Pacific Stage 1,https://www.vlr.gg/666491/t1-vs-full-sense-vct-2026-pacific-stage-1-ubsf
T1,Lotus,atk,FS,0,1,15,elim,2026-05-08 07:15:00,1,VCT 2026: Pacific Stage 1,https://www.vlr.gg/666491/t1-vs-full-sense-vct-2026-pacific-stage-1-ubsf
T1,Lotus,atk,FS,1,0,16,elim,2026-05-08 07:15:00,1,VCT 2026: Pacific Stage 1,https://www.vlr.gg/666491/t1-vs-full-sense-vct-2026-pacific-stage-1-ubsf
T1,Lotus,atk,FS,0,1,17,defus,2026-05-08 07:15:00,1,VCT 2026: Pacific Stage 1,https://www.vlr.gg/666491/t1-vs-full-sense-vct-2026-pacific-stage-1-ubsf
T1,Lotus,atk,FS,0,1,18,defus,2026-05-08 07:15:00,1,VCT 2026: Pacific Stage 1,https://www.vlr.gg/666491/t1-vs-full-sense-vct-2026-pacific-stage-1-ubsf
T1,Lotus,atk,FS,1,0,19,boom,2026-05-08 07:15:00,1,VCT 2026: Pacific Stage 1,https://www.vlr.gg/666491/t1-vs-full-sense-vct-2026-pacific-stage-1-ubsf
T1,Lotus,atk,FS,0,1,20,defus,2026-05-08 07:15:00,1,VCT 2026: Pacific Stage 1,https://www.vlr.gg/666491/t1-vs-full-sense-vct-2026-pacific-stage-1-ubsf
T1,Lotus,atk,FS,0,1,21,defus,2026-05-08 07:15:00,1,VCT 2026: Pacific Stage 1,https://www.vlr.gg/666491/t1-vs-full-sense-vct-2026-pacific-stage-1-ubsf
T1,Lotus,def,FS,0,1,1,elim,2026-05-08 07:15:00,1,VCT 2026: Pacific Stage 1,https://www.vlr.gg/666491/t1-vs-full-sense-vct-2026-pacific-stage-1-ubsf
T1,Lotus,def,FS,0,1,2,elim,2026-05-08 07:15:00,1,VCT 2026: Pacific Stage 1,https://www.vlr.gg/666491/t1-vs-full-sense-vct-2026-pacific-stage-1-ubsf
T1,Lotus,def,FS,0,1,3,boom,2026-05-08 07:15:00,1,VCT 2026: Pacific Stage 1,https://www.vlr.gg/666491/t1-vs-full-sense-vct-2026-pacific-stage-1-ubsf
T1,Lotus,def,FS,1,0,4,elim,2026-05-08 07:15:00,1,VCT 2026: Pacific Stage 1,https://www.vlr.gg/666491/t1-vs-full-sense-vct-2026-pacific-stage-1-ubsf
T1,Lotus,def,FS,0,1,5,elim,2026-05-08 07:15:00,1,VCT 2026: Pacific Stage 1,https://www.vlr.gg/666491/t1-vs-full-sense-vct-2026-pacific-stage-1-ubsf
T1,Lotus,def,FS,0,1,6,elim,2026-05-08 07:15:00,1,VCT 2026: Pacific Stage 1,https://www.vlr.gg/666491/t1-vs-full-sense-vct-2026-pacific-stage-1-ubsf
T1,Lotus,def,FS,1,0,7,elim,2026-05-08 07:15:00,1,VCT 2026: Pacific Stage 1,https://www.vlr.gg/666491/t1-vs-full-sense-vct-2026-pacific-stage-1-ubsf
T1,Lotus,def,FS,1,0,8,elim,2026-05-08 07:15:00,1,VCT 2026: Pacific Stage 1,https://www.vlr.gg/666491/t1-vs-full-sense-vct-2026-pacific-stage-1-ubsf
T1,Lotus,def,FS,0,1,9,elim,2026-05-08 07:15:00,1,VCT 2026: Pacific Stage 1,https://www.vlr.gg/666491/t1-vs-full-sense-vct-2026-pacific-stage-1-ubsf
T1,Lotus,def,FS,1,0,10,defus,2026-05-08 07:15:00,1,VCT 2026: Pacific Stage 1,https://www.vlr.gg/666491/t1-vs-full-sense-vct-2026-pacific-stage-1-ubsf
T1,Lotus,def,FS,0,1,11,elim,2026-05-08 07:15:00,1,VCT 2026: Pacific Stage 1,https://www.vlr.gg/666491/t1-vs-full-sense-vct-2026-pacific-stage-1-ubsf
T1,Lotus,def,FS,0,1,12,elim,2026-05-08 07:15:00,1,VCT 2026: Pacific Stage 1,https://www.vlr.gg/666491/t1-vs-full-sense-vct-2026-pacific-stage-1-ubsf
RRQ,Ascent,atk,DFM,1,0,13,elim,2026-05-09 04:00:00,0,VCT 2026: Pacific Stage 1,https://www.vlr.gg/666494/rex-regum-qeon-vs-detonation-focusme-vct-2026-pacific-stage-1-lr1
RRQ,Ascent,atk,DFM,1,0,14,elim,2026-05-09 04:00:00,0,VCT 2026: Pacific Stage 1,https://www.vlr.gg/666494/rex-regum-qeon-vs-detonation-focusme-vct-2026-pacific-stage-1-lr1
RRQ,Ascent,atk,DFM,0,1,15,elim,2026-05-09 04:00:00,0,VCT 2026: Pacific Stage 1,https://www.vlr.gg/666494/rex-regum-qeon-vs-detonation-focusme-vct-2026-pacific-stage-1-lr1
RRQ,Ascent,atk,DFM,0,1,16,elim,2026-05-09 04:00:00,0,VCT 2026: Pacific Stage 1,https://www.vlr.gg/666494/rex-regum-qeon-vs-detonation-focusme-vct-2026-pacific-stage-1-lr1
RRQ,Ascent,atk,DFM,0,1,17,tim,2026-05-09 04:00:00,0,VCT 2026: Pacific Stage 1,https://www.vlr.gg/666494/rex-regum-qeon-vs-detonation-focusme-vct-2026-pacific-stage-1-lr1
RRQ,Ascent,atk,DFM,1,0,18,elim,2026-05-09 04:00:00,0,VCT 2026: Pacific Stage 1,https://www.vlr.gg/666494/rex-regum-qeon-vs-detonation-focusme-vct-2026-pacific-stage-1-lr1
RRQ,Ascent,atk,DFM,1,0,19,elim,2026-05-09 04:00:00,0,VCT 2026: Pacific Stage 1,https://www.vlr.gg/666494/rex-regum-qeon-vs-detonation-focusme-vct-2026-pacific-stage-1-lr1
RRQ,Ascent,atk,DFM,0,1,20,defus,2026-05-09 04:00:00,0,VCT 2026: Pacific Stage 1,https://www.vlr.gg/666494/rex-regum-qeon-vs-detonation-focusme-vct-2026-pacific-stage-1-lr1
RRQ,Ascent,atk,DFM,1,0,21,elim,2026-05-09 04:00:00,0,VCT 2026: Pacific Stage 1,https://www.vlr.gg/666494/rex-regum-qeon-vs-detonation-focusme-vct-2026-pacific-stage-1-lr1
RRQ,Ascent,atk,DFM,0,1,22,elim,2026-05-09 04:00:00,0,VCT 2026: Pacific Stage 1,https://www.vlr.gg/666494/rex-regum-qeon-vs-detonation-focusme-vct-2026-pacific-stage-1-lr1
RRQ,Ascent,def,DFM,0,1,1,elim,2026-05-09 04:00:00,0,VCT 2026: Pacific Stage 1,https://www.vlr.gg/666494/rex-regum-qeon-vs-detonation-focusme-vct-2026-pacific-stage-1-lr1
RRQ,Ascent,def,DFM,0,1,2,boom,2026-05-09 04:00:00,0,VCT 2026: Pacific Stage 1,https://www.vlr.gg/666494/rex-regum-qeon-vs-detonation-focusme-vct-2026-pacific-stage-1-lr1
RRQ,Ascent,def,DFM,0,1,3,elim,2026-05-09 04:00:00,0,VCT 2026: Pacific Stage 1,https://www.vlr.gg/666494/rex-regum-qeon-vs-detonation-focusme-vct-2026-pacific-stage-1-lr1
RRQ,Ascent,def,DFM,0,1,4,elim,2026-05-09 04:00:00,0,VCT 2026: Pacific Stage 1,https://www.vlr.gg/666494/rex-regum-qeon-vs-detonation-focusme-vct-2026-pacific-stage-1-lr1
RRQ,Ascent,def,DFM,0,1,5,elim,2026-05-09 04:00:00,0,VCT 2026: Pacific Stage 1,https://www.vlr.gg/666494/rex-regum-qeon-vs-detonation-focusme-vct-2026-pacific-stage-1-lr1
RRQ,Ascent,def,DFM,0,1,6,elim,2026-05-09 04:00:00,0,VCT 2026: Pacific Stage 1,https://www.vlr.gg/666494/rex-regum-qeon-vs-detonation-focusme-vct-2026-pacific-stage-1-lr1
RRQ,Ascent,def,DFM,0,1,7,boom,2026-05-09 04:00:00,0,VCT 2026: Pacific Stage 1,https://www.vlr.gg/666494/rex-regum-qeon-vs-detonation-focusme-vct-2026-pacific-stage-1-lr1
RRQ,Ascent,def,DFM,1,0,8,defus,2026-05-09 04:00:00,0,VCT 2026: Pacific Stage 1,https://www.vlr.gg/666494/rex-regum-qeon-vs-detonation-focusme-vct-2026-pacific-stage-1-lr1
RRQ,Ascent,def,DFM,1,0,9,defus,2026-05-09 04:00:00,0,VCT 2026: Pacific Stage 1,https://www.vlr.gg/666494/rex-regum-qeon-vs-detonation-focusme-vct-2026-pacific-stage-1-lr1
RRQ,Ascent,def,DFM,1,0,10,elim,2026-05-09 04:00:00,0,VCT 2026: Pacific Stage 1,https://www.vlr.gg/666494/rex-regum-qeon-vs-detonation-focusme-vct-2026-pacific-stage-1-lr1
RRQ,Ascent,def,DFM,0,1,11,elim,2026-05-09 04:00:00,0,VCT 2026: Pacific Stage 1,https://www.vlr.gg/666494/rex-regum-qeon-vs-detonation-focusme-vct-2026-pacific-stage-1-lr1
RRQ,Ascent,def,DFM,1,0,12,defus,2026-05-09 04:00:00,0,VCT 2026: Pacific Stage 1,https://www.vlr.gg/666494/rex-regum-qeon-vs-detonation-focusme-vct-2026-pacific-stage-1-lr1
RRQ,Breeze,atk,DFM,1,0,13,elim,2026-05-09 04:00:00,1,VCT 2026: Pacific Stage 1,https://www.vlr.gg/666494/rex-regum-qeon-vs-detonation-focusme-vct-2026-pacific-stage-1-lr1
RRQ,Breeze,atk,DFM,1,0,14,elim,2026-05-09 04:00:00,1,VCT 2026: Pacific Stage 1,https://www.vlr.gg/666494/rex-regum-qeon-vs-detonation-focusme-vct-2026-pacific-stage-1-lr1
RRQ,Breeze,atk,DFM,0,1,15,elim,2026-05-09 04:00:00,1,VCT 2026: Pacific Stage 1,https://www.vlr.gg/666494/rex-regum-qeon-vs-detonation-focusme-vct-2026-pacific-stage-1-lr1
RRQ,Breeze,atk,DFM,0,1,16,defus,2026-05-09 04:00:00,1,VCT 2026: Pacific Stage 1,https://www.vlr.gg/666494/rex-regum-qeon-vs-detonation-focusme-vct-2026-pacific-stage-1-lr1
RRQ,Breeze,atk,DFM,0,1,17,defus,2026-05-09 04:00:00,1,VCT 2026: Pacific Stage 1,https://www.vlr.gg/666494/rex-regum-qeon-vs-detonation-focusme-vct-2026-pacific-stage-1-lr1
RRQ,Breeze,atk,DFM,0,1,18,defus,2026-05-09 04:00:00,1,VCT 2026: Pacific Stage 1,https://www.vlr.gg/666494/rex-regum-qeon-vs-detonation-focusme-vct-2026-pacific-stage-1-lr1
RRQ,Breeze,atk,DFM,0,1,19,elim,2026-05-09 04:00:00,1,VCT 2026: Pacific Stage 1,https://www.vlr.gg/666494/rex-regum-qeon-vs-detonation-focusme-vct-2026-pacific-stage-1-lr1
RRQ,Breeze,atk,DFM,1,0,20,boom,2026-05-09 04:00:00,1,VCT 2026: Pacific Stage 1,https://www.vlr.gg/666494/rex-regum-qeon-vs-detonation-focusme-vct-2026-pacific-stage-1-lr1
RRQ,Breeze,atk,DFM,0,1,21,elim,2026-05-09 04:00:00,1,VCT 2026: Pacific Stage 1,https://www.vlr.gg/666494/rex-regum-qeon-vs-detonation-focusme-vct-2026-pacific-stage-1-lr1
RRQ,Breeze,atk,DFM,1,0,22,elim,2026-05-09 04:00:00,1,VCT 2026: Pacific Stage 1,https://www.vlr.gg/666494/rex-regum-qeon-vs-detonation-focusme-vct-2026-pacific-stage-1-lr1
RRQ,Breeze,atk,DFM,1,0,23,elim,2026-05-09 04:00:00,1,VCT 2026: Pacific Stage 1,https://www.vlr.gg/666494/rex-regum-qeon-vs-detonation-focusme-vct-2026-pacific-stage-1-lr1
RRQ,Breeze,atk,DFM,1,0,24,elim,2026-05-09 04:00:00,1,VCT 2026: Pacific Stage 1,https://www.vlr.gg/666494/rex-regum-qeon-vs-detonation-focusme-vct-2026-pacific-stage-1-lr1
RRQ,Breeze,def,DFM,0,1,1,elim,2026-05-09 04:00:00,1,VCT 2026: Pacific Stage 1,https://www.vlr.gg/666494/rex-regum-qeon-vs-detonation-focusme-vct-2026-pacific-stage-1-lr1
RRQ,Breeze,def,DFM,0,1,2,boom,2026-05-09 04:00:00,1,VCT 2026: Pacific Stage 1,https://www.vlr.gg/666494/rex-regum-qeon-vs-detonation-focusme-vct-2026-pacific-stage-1-lr1
RRQ,Breeze,def,DFM,1,0,3,elim,2026-05-09 04:00:00,1,VCT 2026: Pacific Stage 1,https://www.vlr.gg/666494/rex-regum-qeon-vs-detonation-focusme-vct-2026-pacific-stage-1-lr1
RRQ,Breeze,def,DFM,1,0,4,elim,2026-05-09 04:00:00,1,VCT 2026: Pacific Stage 1,https://www.vlr.gg/666494/rex-regum-qeon-vs-detonation-focusme-vct-2026-pacific-stage-1-lr1
RRQ,Breeze,def,DFM,1,0,5,defus,2026-05-09 04:00:00,1,VCT 2026: Pacific Stage 1,https://www.vlr.gg/666494/rex-regum-qeon-vs-detonation-focusme-vct-2026-pacific-stage-1-lr1
RRQ,Breeze,def,DFM,0,1,6,boom,2026-05-09 04:00:00,1,VCT 2026: Pacific Stage 1,https://www.vlr.gg/666494/rex-regum-qeon-vs-detonation-focusme-vct-2026-pacific-stage-1-lr1
RRQ,Breeze,def,DFM,1,0,7,defus,2026-05-09 04:00:00,1,VCT 2026: Pacific Stage 1,https://www.vlr.gg/666494/rex-regum-qeon-vs-detonation-focusme-vct-2026-pacific-stage-1-lr1
RRQ,Breeze,def,DFM,0,1,8,boom,2026-05-09 04:00:00,1,VCT 2026: Pacific Stage 1,https://www.vlr.gg/666494/rex-regum-qeon-vs-detonation-focusme-vct-2026-pacific-stage-1-lr1
RRQ,Breeze,def,DFM,0,1,9,boom,2026-05-09 04:00:00,1,VCT 2026: Pacific Stage 1,https://www.vlr.gg/666494/rex-regum-qeon-vs-detonation-focusme-vct-2026-pacific-stage-1-lr1
RRQ,Breeze,def,DFM,1,0,10,defus,2026-05-09 04:00:00,1,VCT 2026: Pacific Stage 1,https://www.vlr.gg/666494/rex-regum-qeon-vs-detonation-focusme-vct-2026-pacific-stage-1-lr1
RRQ,Breeze,def,DFM,1,0,11,elim,2026-05-09 04:00:00,1,VCT 2026: Pacific Stage 1,https://www.vlr.gg/666494/rex-regum-qeon-vs-detonation-focusme-vct-2026-pacific-stage-1-lr1
RRQ,Breeze,def,DFM,1,0,12,defus,2026-05-09 04:00:00,1,VCT 2026: Pacific Stage 1,https://www.vlr.gg/666494/rex-regum-qeon-vs-detonation-focusme-vct-2026-pacific-stage-1-lr1
RRQ,Lotus,atk,DFM,1,0,13,elim,2026-05-09 04:00:00,2,VCT 2026: Pacific Stage 1,https://www.vlr.gg/666494/rex-regum-qeon-vs-detonation-focusme-vct-2026-pacific-stage-1-lr1
RRQ,Lotus,atk,DFM,1,0,14,boom,2026-05-09 04:00:00,2,VCT 2026: Pacific Stage 1,https://www.vlr.gg/666494/rex-regum-qeon-vs-detonation-focusme-vct-2026-pacific-stage-1-lr1
RRQ,Lotus,atk,DFM,0,1,15,defus,2026-05-09 04:00:00,2,VCT 2026: Pacific Stage 1,https://www.vlr.gg/666494/rex-regum-qeon-vs-detonation-focusme-vct-2026-pacific-stage-1-lr1
RRQ,Lotus,atk,DFM,1,0,16,elim,2026-05-09 04:00:00,2,VCT 2026: Pacific Stage 1,https://www.vlr.gg/666494/rex-regum-qeon-vs-detonation-focusme-vct-2026-pacific-stage-1-lr1
RRQ,Lotus,atk,DFM,0,1,17,elim,2026-05-09 04:00:00,2,VCT 2026: Pacific Stage 1,https://www.vlr.gg/666494/rex-regum-qeon-vs-detonation-focusme-vct-2026-pacific-stage-1-lr1
RRQ,Lotus,atk,DFM,1,0,18,elim,2026-05-09 04:00:00,2,VCT 2026: Pacific Stage 1,https://www.vlr.gg/666494/rex-regum-qeon-vs-detonation-focusme-vct-2026-pacific-stage-1-lr1
RRQ,Lotus,atk,DFM,1,0,19,boom,2026-05-09 04:00:00,2,VCT 2026: Pacific Stage 1,https://www.vlr.gg/666494/rex-regum-qeon-vs-detonation-focusme-vct-2026-pacific-stage-1-lr1
RRQ,Lotus,atk,DFM,1,0,20,boom,2026-05-09 04:00:00,2,VCT 2026: Pacific Stage 1,https://www.vlr.gg/666494/rex-regum-qeon-vs-detonation-focusme-vct-2026-pacific-stage-1-lr1
RRQ,Lotus,atk,DFM,1,0,21,elim,2026-05-09 04:00:00,2,VCT 2026: Pacific Stage 1,https://www.vlr.gg/666494/rex-regum-qeon-vs-detonation-focusme-vct-2026-pacific-stage-1-lr1
RRQ,Lotus,def,DFM,0,1,1,elim,2026-05-09 04:00:00,2,VCT 2026: Pacific Stage 1,https://www.vlr.gg/666494/rex-regum-qeon-vs-detonation-focusme-vct-2026-pacific-stage-1-lr1
RRQ,Lotus,def,DFM,0,1,2,elim,2026-05-09 04:00:00,2,VCT 2026: Pacific Stage 1,https://www.vlr.gg/666494/rex-regum-qeon-vs-detonation-focusme-vct-2026-pacific-stage-1-lr1
RRQ,Lotus,def,DFM,1,0,3,defus,2026-05-09 04:00:00,2,VCT 2026: Pacific Stage 1,https://www.vlr.gg/666494/rex-regum-qeon-vs-detonation-focusme-vct-2026-pacific-stage-1-lr1
RRQ,Lotus,def,DFM,1,0,4,tim,2026-05-09 04:00:00,2,VCT 2026: Pacific Stage 1,https://www.vlr.gg/666494/rex-regum-qeon-vs-detonation-focusme-vct-2026-pacific-stage-1-lr1
RRQ,Lotus,def,DFM,1,0,5,defus,2026-05-09 04:00:00,2,VCT 2026: Pacific Stage 1,https://www.vlr.gg/666494/rex-regum-qeon-vs-detonation-focusme-vct-2026-pacific-stage-1-lr1
RRQ,Lotus,def,DFM,0,1,6,elim,2026-05-09 04:00:00,2,VCT 2026: Pacific Stage 1,https://www.vlr.gg/666494/rex-regum-qeon-vs-detonation-focusme-vct-2026-pacific-stage-1-lr1
RRQ,Lotus,def,DFM,0,1,7,boom,2026-05-09 04:00:00,2,VCT 2026: Pacific Stage 1,https://www.vlr.gg/666494/rex-regum-qeon-vs-detonation-focusme-vct-2026-pacific-stage-1-lr1
RRQ,Lotus,def,DFM,0,1,8,boom,2026-05-09 04:00:00,2,VCT 2026: Pacific Stage 1,https://www.vlr.gg/666494/rex-regum-qeon-vs-detonation-focusme-vct-2026-pacific-stage-1-lr1
RRQ,Lotus,def,DFM,1,0,9,defus,2026-05-09 04:00:00,2,VCT 2026: Pacific Stage 1,https://www.vlr.gg/666494/rex-regum-qeon-vs-detonation-focusme-vct-2026-pacific-stage-1-lr1
RRQ,Lotus,def,DFM,1,0,10,elim,2026-05-09 04:00:00,2,VCT 2026: Pacific Stage 1,https://www.vlr.gg/666494/rex-regum-qeon-vs-detonation-focusme-vct-2026-pacific-stage-1-lr1
RRQ,Lotus,def,DFM,1,0,11,defus,2026-05-09 04:00:00,2,VCT 2026: Pacific Stage 1,https://www.vlr.gg/666494/rex-regum-qeon-vs-detonation-focusme-vct-2026-pacific-stage-1-lr1
RRQ,Lotus,def,DFM,0,1,12,elim,2026-05-09 04:00:00,2,VCT 2026: Pacific Stage 1,https://www.vlr.gg/666494/rex-regum-qeon-vs-detonation-focusme-vct-2026-pacific-stage-1-lr1
KRX,Pearl,atk,NS,0,1,1,tim,2026-05-09 07:30:00,0,VCT 2026: Pacific Stage 1,https://www.vlr.gg/666495/kiwoom-drx-vs-nongshim-redforce-vct-2026-pacific-stage-1-lr1
KRX,Pearl,atk,NS,0,1,2,elim,2026-05-09 07:30:00,0,VCT 2026: Pacific Stage 1,https://www.vlr.gg/666495/kiwoom-drx-vs-nongshim-redforce-vct-2026-pacific-stage-1-lr1
KRX,Pearl,atk,NS,0,1,3,defus,2026-05-09 07:30:00,0,VCT 2026: Pacific Stage 1,https://www.vlr.gg/666495/kiwoom-drx-vs-nongshim-redforce-vct-2026-pacific-stage-1-lr1
KRX,Pearl,atk,NS,0,1,4,elim,2026-05-09 07:30:00,0,VCT 2026: Pacific Stage 1,https://www.vlr.gg/666495/kiwoom-drx-vs-nongshim-redforce-vct-2026-pacific-stage-1-lr1
KRX,Pearl,atk,NS,1,0,5,boom,2026-05-09 07:30:00,0,VCT 2026: Pacific Stage 1,https://www.vlr.gg/666495/kiwoom-drx-vs-nongshim-redforce-vct-2026-pacific-stage-1-lr1
KRX,Pearl,atk,NS,1,0,6,elim,2026-05-09 07:30:00,0,VCT 2026: Pacific Stage 1,https://www.vlr.gg/666495/kiwoom-drx-vs-nongshim-redforce-vct-2026-pacific-stage-1-lr1
KRX,Pearl,atk,NS,1,0,7,boom,2026-05-09 07:30:00,0,VCT 2026: Pacific Stage 1,https://www.vlr.gg/666495/kiwoom-drx-vs-nongshim-redforce-vct-2026-pacific-stage-1-lr1
KRX,Pearl,atk,NS,0,1,8,defus,2026-05-09 07:30:00,0,VCT 2026: Pacific Stage 1,https://www.vlr.gg/666495/kiwoom-drx-vs-nongshim-redforce-vct-2026-pacific-stage-1-lr1
KRX,Pearl,atk,NS,0,1,9,elim,2026-05-09 07:30:00,0,VCT 2026: Pacific Stage 1,https://www.vlr.gg/666495/kiwoom-drx-vs-nongshim-redforce-vct-2026-pacific-stage-1-lr1
KRX,Pearl,atk,NS,1,0,10,elim,2026-05-09 07:30:00,0,VCT 2026: Pacific Stage 1,https://www.vlr.gg/666495/kiwoom-drx-vs-nongshim-redforce-vct-2026-pacific-stage-1-lr1
KRX,Pearl,atk,NS,0,1,11,elim,2026-05-09 07:30:00,0,VCT 2026: Pacific Stage 1,https://www.vlr.gg/666495/kiwoom-drx-vs-nongshim-redforce-vct-2026-pacific-stage-1-lr1
KRX,Pearl,atk,NS,0,1,12,elim,2026-05-09 07:30:00,0,VCT 2026: Pacific Stage 1,https://www.vlr.gg/666495/kiwoom-drx-vs-nongshim-redforce-vct-2026-pacific-stage-1-lr1
KRX,Pearl,def,NS,0,1,13,elim,2026-05-09 07:30:00,0,VCT 2026: Pacific Stage 1,https://www.vlr.gg/666495/kiwoom-drx-vs-nongshim-redforce-vct-2026-pacific-stage-1-lr1
KRX,Pearl,def,NS,0,1,14,elim,2026-05-09 07:30:00,0,VCT 2026: Pacific Stage 1,https://www.vlr.gg/666495/kiwoom-drx-vs-nongshim-redforce-vct-2026-pacific-stage-1-lr1
KRX,Pearl,def,NS,0,1,15,boom,2026-05-09 07:30:00,0,VCT 2026: Pacific Stage 1,https://www.vlr.gg/666495/kiwoom-drx-vs-nongshim-redforce-vct-2026-pacific-stage-1-lr1
KRX,Pearl,def,NS,1,0,16,defus,2026-05-09 07:30:00,0,VCT 2026: Pacific Stage 1,https://www.vlr.gg/666495/kiwoom-drx-vs-nongshim-redforce-vct-2026-pacific-stage-1-lr1
KRX,Pearl,def,NS,1,0,17,elim,2026-05-09 07:30:00,0,VCT 2026: Pacific Stage 1,https://www.vlr.gg/666495/kiwoom-drx-vs-nongshim-redforce-vct-2026-pacific-stage-1-lr1
KRX,Pearl,def,NS,1,0,18,elim,2026-05-09 07:30:00,0,VCT 2026: Pacific Stage 1,https://www.vlr.gg/666495/kiwoom-drx-vs-nongshim-redforce-vct-2026-pacific-stage-1-lr1
KRX,Pearl,def,NS,1,0,19,tim,2026-05-09 07:30:00,0,VCT 2026: Pacific Stage 1,https://www.vlr.gg/666495/kiwoom-drx-vs-nongshim-redforce-vct-2026-pacific-stage-1-lr1
KRX,Pearl,def,NS,1,0,20,tim,2026-05-09 07:30:00,0,VCT 2026: Pacific Stage 1,https://www.vlr.gg/666495/kiwoom-drx-vs-nongshim-redforce-vct-2026-pacific-stage-1-lr1
KRX,Pearl,def,NS,1,0,21,defus,2026-05-09 07:30:00,0,VCT 2026: Pacific Stage 1,https://www.vlr.gg/666495/kiwoom-drx-vs-nongshim-redforce-vct-2026-pacific-stage-1-lr1
KRX,Pearl,def,NS,1,0,22,elim,2026-05-09 07:30:00,0,VCT 2026: Pacific Stage 1,https://www.vlr.gg/666495/kiwoom-drx-vs-nongshim-redforce-vct-2026-pacific-stage-1-lr1
KRX,Pearl,def,NS,0,1,23,elim,2026-05-09 07:30:00,0,VCT 2026: Pacific Stage 1,https://www.vlr.gg/666495/kiwoom-drx-vs-nongshim-redforce-vct-2026-pacific-stage-1-lr1
KRX,Pearl,def,NS,0,1,24,elim,2026-05-09 07:30:00,0,VCT 2026: Pacific Stage 1,https://www.vlr.gg/666495/kiwoom-drx-vs-nongshim-redforce-vct-2026-pacific-stage-1-lr1
KRX,Split,atk,NS,1,0,1,elim,2026-05-09 07:30:00,1,VCT 2026: Pacific Stage 1,https://www.vlr.gg/666495/kiwoom-drx-vs-nongshim-redforce-vct-2026-pacific-stage-1-lr1
KRX,Split,atk,NS,1,0,2,elim,2026-05-09 07:30:00,1,VCT 2026: Pacific Stage 1,https://www.vlr.gg/666495/kiwoom-drx-vs-nongshim-redforce-vct-2026-pacific-stage-1-lr1
KRX,Split,atk,NS,0,1,3,elim,2026-05-09 07:30:00,1,VCT 2026: Pacific Stage 1,https://www.vlr.gg/666495/kiwoom-drx-vs-nongshim-redforce-vct-2026-pacific-stage-1-lr1
KRX,Split,atk,NS,1,0,4,elim,2026-05-09 07:30:00,1,VCT 2026: Pacific Stage 1,https://www.vlr.gg/666495/kiwoom-drx-vs-nongshim-redforce-vct-2026-pacific-stage-1-lr1
KRX,Split,atk,NS,0,1,5,defus,2026-05-09 07:30:00,1,VCT 2026: Pacific Stage 1,https://www.vlr.gg/666495/kiwoom-drx-vs-nongshim-redforce-vct-2026-pacific-stage-1-lr1
KRX,Split,atk,NS,0,1,6,elim,2026-05-09 07:30:00,1,VCT 2026: Pacific Stage 1,https://www.vlr.gg/666495/kiwoom-drx-vs-nongshim-redforce-vct-2026-pacific-stage-1-lr1
KRX,Split,atk,NS,1,0,7,elim,2026-05-09 07:30:00,1,VCT 2026: Pacific Stage 1,https://www.vlr.gg/666495/kiwoom-drx-vs-nongshim-redforce-vct-2026-pacific-stage-1-lr1
KRX,Split,atk,NS,1,0,8,elim,2026-05-09 07:30:00,1,VCT 2026: Pacific Stage 1,https://www.vlr.gg/666495/kiwoom-drx-vs-nongshim-redforce-vct-2026-pacific-stage-1-lr1
KRX,Split,atk,NS,1,0,9,elim,2026-05-09 07:30:00,1,VCT 2026: Pacific Stage 1,https://www.vlr.gg/666495/kiwoom-drx-vs-nongshim-redforce-vct-2026-pacific-stage-1-lr1
KRX,Split,atk,NS,1,0,10,elim,2026-05-09 07:30:00,1,VCT 2026: Pacific Stage 1,https://www.vlr.gg/666495/kiwoom-drx-vs-nongshim-redforce-vct-2026-pacific-stage-1-lr1
KRX,Split,atk,NS,1,0,11,boom,2026-05-09 07:30:00,1,VCT 2026: Pacific Stage 1,https://www.vlr.gg/666495/kiwoom-drx-vs-nongshim-redforce-vct-2026-pacific-stage-1-lr1
KRX,Split,atk,NS,0,1,12,defus,2026-05-09 07:30:00,1,VCT 2026: Pacific Stage 1,https://www.vlr.gg/666495/kiwoom-drx-vs-nongshim-redforce-vct-2026-pacific-stage-1-lr1
KRX,Split,def,NS,1,0,13,defus,2026-05-09 07:30:00,1,VCT 2026: Pacific Stage 1,https://www.vlr.gg/666495/kiwoom-drx-vs-nongshim-redforce-vct-2026-pacific-stage-1-lr1
KRX,Split,def,NS,0,1,14,elim,2026-05-09 07:30:00,1,VCT 2026: Pacific Stage 1,https://www.vlr.gg/666495/kiwoom-drx-vs-nongshim-redforce-vct-2026-pacific-stage-1-lr1
KRX,Split,def,NS,0,1,15,elim,2026-05-09 07:30:00,1,VCT 2026: Pacific Stage 1,https://www.vlr.gg/666495/kiwoom-drx-vs-nongshim-redforce-vct-2026-pacific-stage-1-lr1
KRX,Split,def,NS,1,0,16,elim,2026-05-09 07:30:00,1,VCT 2026: Pacific Stage 1,https://www.vlr.gg/666495/kiwoom-drx-vs-nongshim-redforce-vct-2026-pacific-stage-1-lr1
KRX,Split,def,NS,1,0,17,elim,2026-05-09 07:30:00,1,VCT 2026: Pacific Stage 1,https://www.vlr.gg/666495/kiwoom-drx-vs-nongshim-redforce-vct-2026-pacific-stage-1-lr1
KRX,Split,def,NS,1,0,18,elim,2026-05-09 07:30:00,1,VCT 2026: Pacific Stage 1,https://www.vlr.gg/666495/kiwoom-drx-vs-nongshim-redforce-vct-2026-pacific-stage-1-lr1
KRX,Split,def,NS,1,0,19,defus,2026-05-09 07:30:00,1,VCT 2026: Pacific Stage 1,https://www.vlr.gg/666495/kiwoom-drx-vs-nongshim-redforce-vct-2026-pacific-stage-1-lr1
KRX,Haven,atk,NS,1,0,1,elim,2026-05-09 07:30:00,2,VCT 2026: Pacific Stage 1,https://www.vlr.gg/666495/kiwoom-drx-vs-nongshim-redforce-vct-2026-pacific-stage-1-lr1
KRX,Haven,atk,NS,1,0,2,elim,2026-05-09 07:30:00,2,VCT 2026: Pacific Stage 1,https://www.vlr.gg/666495/kiwoom-drx-vs-nongshim-redforce-vct-2026-pacific-stage-1-lr1
KRX,Haven,atk,NS,1,0,3,elim,2026-05-09 07:30:00,2,VCT 2026: Pacific Stage 1,https://www.vlr.gg/666495/kiwoom-drx-vs-nongshim-redforce-vct-2026-pacific-stage-1-lr1
KRX,Haven,atk,NS,1,0,4,elim,2026-05-09 07:30:00,2,VCT 2026: Pacific Stage 1,https://www.vlr.gg/666495/kiwoom-drx-vs-nongshim-redforce-vct-2026-pacific-stage-1-lr1
KRX,Haven,atk,NS,1,0,5,elim,2026-05-09 07:30:00,2,VCT 2026: Pacific Stage 1,https://www.vlr.gg/666495/kiwoom-drx-vs-nongshim-redforce-vct-2026-pacific-stage-1-lr1
KRX,Haven,atk,NS,1,0,6,boom,2026-05-09 07:30:00,2,VCT 2026: Pacific Stage 1,https://www.vlr.gg/666495/kiwoom-drx-vs-nongshim-redforce-vct-2026-pacific-stage-1-lr1
KRX,Haven,atk,NS,0,1,7,elim,2026-05-09 07:30:00,2,VCT 2026: Pacific Stage 1,https://www.vlr.gg/666495/kiwoom-drx-vs-nongshim-redforce-vct-2026-pacific-stage-1-lr1
KRX,Haven,atk,NS,1,0,8,elim,2026-05-09 07:30:00,2,VCT 2026: Pacific Stage 1,https://www.vlr.gg/666495/kiwoom-drx-vs-nongshim-redforce-vct-2026-pacific-stage-1-lr1
KRX,Haven,atk,NS,1,0,9,elim,2026-05-09 07:30:00,2,VCT 2026: Pacific Stage 1,https://www.vlr.gg/666495/kiwoom-drx-vs-nongshim-redforce-vct-2026-pacific-stage-1-lr1
KRX,Haven,atk,NS,1,0,10,boom,2026-05-09 07:30:00,2,VCT 2026: Pacific Stage 1,https://www.vlr.gg/666495/kiwoom-drx-vs-nongshim-redforce-vct-2026-pacific-stage-1-lr1
KRX,Haven,atk,NS,0,1,11,defus,2026-05-09 07:30:00,2,VCT 2026: Pacific Stage 1,https://www.vlr.gg/666495/kiwoom-drx-vs-nongshim-redforce-vct-2026-pacific-stage-1-lr1
KRX,Haven,atk,NS,1,0,12,elim,2026-05-09 07:30:00,2,VCT 2026: Pacific Stage 1,https://www.vlr.gg/666495/kiwoom-drx-vs-nongshim-redforce-vct-2026-pacific-stage-1-lr1
KRX,Haven,def,NS,1,0,13,defus,2026-05-09 07:30:00,2,VCT 2026: Pacific Stage 1,https://www.vlr.gg/666495/kiwoom-drx-vs-nongshim-redforce-vct-2026-pacific-stage-1-lr1
KRX,Haven,def,NS,0,1,14,elim,2026-05-09 07:30:00,2,VCT 2026: Pacific Stage 1,https://www.vlr.gg/666495/kiwoom-drx-vs-nongshim-redforce-vct-2026-pacific-stage-1-lr1
KRX,Haven,def,NS,0,1,15,boom,2026-05-09 07:30:00,2,VCT 2026: Pacific Stage 1,https://www.vlr.gg/666495/kiwoom-drx-vs-nongshim-redforce-vct-2026-pacific-stage-1-lr1
KRX,Haven,def,NS,0,1,16,boom,2026-05-09 07:30:00,2,VCT 2026: Pacific Stage 1,https://www.vlr.gg/666495/kiwoom-drx-vs-nongshim-redforce-vct-2026-pacific-stage-1-lr1
KRX,Haven,def,NS,0,1,17,elim,2026-05-09 07:30:00,2,VCT 2026: Pacific Stage 1,https://www.vlr.gg/666495/kiwoom-drx-vs-nongshim-redforce-vct-2026-pacific-stage-1-lr1
KRX,Haven,def,NS,0,1,18,elim,2026-05-09 07:30:00,2,VCT 2026: Pacific Stage 1,https://www.vlr.gg/666495/kiwoom-drx-vs-nongshim-redforce-vct-2026-pacific-stage-1-lr1
KRX,Haven,def,NS,0,1,19,elim,2026-05-09 07:30:00,2,VCT 2026: Pacific Stage 1,https://www.vlr.gg/666495/kiwoom-drx-vs-nongshim-redforce-vct-2026-pacific-stage-1-lr1
KRX,Haven,def,NS,0,1,20,boom,2026-05-09 07:30:00,2,VCT 2026: Pacific Stage 1,https://www.vlr.gg/666495/kiwoom-drx-vs-nongshim-redforce-vct-2026-pacific-stage-1-lr1
KRX,Haven,def,NS,1,0,21,defus,2026-05-09 07:30:00,2,VCT 2026: Pacific Stage 1,https://www.vlr.gg/666495/kiwoom-drx-vs-nongshim-redforce-vct-2026-pacific-stage-1-lr1
KRX,Haven,def,NS,1,0,22,defus,2026-05-09 07:30:00,2,VCT 2026: Pacific Stage 1,https://www.vlr.gg/666495/kiwoom-drx-vs-nongshim-redforce-vct-2026-pacific-stage-1-lr1
T1,Haven,atk,RRQ,1,0,1,elim,2026-05-10 04:00:00,0,VCT 2026: Pacific Stage 1,https://www.vlr.gg/666496/t1-vs-rex-regum-qeon-vct-2026-pacific-stage-1-lr2
T1,Haven,atk,RRQ,1,0,2,boom,2026-05-10 04:00:00,0,VCT 2026: Pacific Stage 1,https://www.vlr.gg/666496/t1-vs-rex-regum-qeon-vct-2026-pacific-stage-1-lr2
T1,Haven,atk,RRQ,1,0,3,boom,2026-05-10 04:00:00,0,VCT 2026: Pacific Stage 1,https://www.vlr.gg/666496/t1-vs-rex-regum-qeon-vct-2026-pacific-stage-1-lr2
T1,Haven,atk,RRQ,1,0,4,elim,2026-05-10 04:00:00,0,VCT 2026: Pacific Stage 1,https://www.vlr.gg/666496/t1-vs-rex-regum-qeon-vct-2026-pacific-stage-1-lr2
T1,Haven,atk,RRQ,0,1,5,defus,2026-05-10 04:00:00,0,VCT 2026: Pacific Stage 1,https://www.vlr.gg/666496/t1-vs-rex-regum-qeon-vct-2026-pacific-stage-1-lr2
T1,Haven,atk,RRQ,1,0,6,boom,2026-05-10 04:00:00,0,VCT 2026: Pacific Stage 1,https://www.vlr.gg/666496/t1-vs-rex-regum-qeon-vct-2026-pacific-stage-1-lr2
T1,Haven,atk,RRQ,0,1,7,elim,2026-05-10 04:00:00,0,VCT 2026: Pacific Stage 1,https://www.vlr.gg/666496/t1-vs-rex-regum-qeon-vct-2026-pacific-stage-1-lr2
T1,Haven,atk,RRQ,1,0,8,elim,2026-05-10 04:00:00,0,VCT 2026: Pacific Stage 1,https://www.vlr.gg/666496/t1-vs-rex-regum-qeon-vct-2026-pacific-stage-1-lr2
T1,Haven,atk,RRQ,1,0,9,elim,2026-05-10 04:00:00,0,VCT 2026: Pacific Stage 1,https://www.vlr.gg/666496/t1-vs-rex-regum-qeon-vct-2026-pacific-stage-1-lr2
T1,Haven,atk,RRQ,0,1,10,elim,2026-05-10 04:00:00,0,VCT 2026: Pacific Stage 1,https://www.vlr.gg/666496/t1-vs-rex-regum-qeon-vct-2026-pacific-stage-1-lr2
T1,Haven,atk,RRQ,0,1,11,tim,2026-05-10 04:00:00,0,VCT 2026: Pacific Stage 1,https://www.vlr.gg/666496/t1-vs-rex-regum-qeon-vct-2026-pacific-stage-1-lr2
T1,Haven,atk,RRQ,1,0,12,elim,2026-05-10 04:00:00,0,VCT 2026: Pacific Stage 1,https://www.vlr.gg/666496/t1-vs-rex-regum-qeon-vct-2026-pacific-stage-1-lr2
T1,Haven,def,RRQ,1,0,13,defus,2026-05-10 04:00:00,0,VCT 2026: Pacific Stage 1,https://www.vlr.gg/666496/t1-vs-rex-regum-qeon-vct-2026-pacific-stage-1-lr2
T1,Haven,def,RRQ,1,0,14,defus,2026-05-10 04:00:00,0,VCT 2026: Pacific Stage 1,https://www.vlr.gg/666496/t1-vs-rex-regum-qeon-vct-2026-pacific-stage-1-lr2
T1,Haven,def,RRQ,0,1,15,boom,2026-05-10 04:00:00,0,VCT 2026: Pacific Stage 1,https://www.vlr.gg/666496/t1-vs-rex-regum-qeon-vct-2026-pacific-stage-1-lr2
T1,Haven,def,RRQ,0,1,16,boom,2026-05-10 04:00:00,0,VCT 2026: Pacific Stage 1,https://www.vlr.gg/666496/t1-vs-rex-regum-qeon-vct-2026-pacific-stage-1-lr2
T1,Haven,def,RRQ,1,0,17,defus,2026-05-10 04:00:00,0,VCT 2026: Pacific Stage 1,https://www.vlr.gg/666496/t1-vs-rex-regum-qeon-vct-2026-pacific-stage-1-lr2
T1,Haven,def,RRQ,1,0,18,tim,2026-05-10 04:00:00,0,VCT 2026: Pacific Stage 1,https://www.vlr.gg/666496/t1-vs-rex-regum-qeon-vct-2026-pacific-stage-1-lr2
T1,Haven,def,RRQ,1,0,19,elim,2026-05-10 04:00:00,0,VCT 2026: Pacific Stage 1,https://www.vlr.gg/666496/t1-vs-rex-regum-qeon-vct-2026-pacific-stage-1-lr2
T1,Lotus,atk,RRQ,0,1,13,defus,2026-05-10 04:00:00,1,VCT 2026: Pacific Stage 1,https://www.vlr.gg/666496/t1-vs-rex-regum-qeon-vct-2026-pacific-stage-1-lr2
T1,Lotus,atk,RRQ,0,1,14,defus,2026-05-10 04:00:00,1,VCT 2026: Pacific Stage 1,https://www.vlr.gg/666496/t1-vs-rex-regum-qeon-vct-2026-pacific-stage-1-lr2
T1,Lotus,atk,RRQ,1,0,15,elim,2026-05-10 04:00:00,1,VCT 2026: Pacific Stage 1,https://www.vlr.gg/666496/t1-vs-rex-regum-qeon-vct-2026-pacific-stage-1-lr2
T1,Lotus,atk,RRQ,0,1,16,tim,2026-05-10 04:00:00,1,VCT 2026: Pacific Stage 1,https://www.vlr.gg/666496/t1-vs-rex-regum-qeon-vct-2026-pacific-stage-1-lr2
T1,Lotus,atk,RRQ,0,1,17,defus,2026-05-10 04:00:00,1,VCT 2026: Pacific Stage 1,https://www.vlr.gg/666496/t1-vs-rex-regum-qeon-vct-2026-pacific-stage-1-lr2
T1,Lotus,atk,RRQ,0,1,18,defus,2026-05-10 04:00:00,1,VCT 2026: Pacific Stage 1,https://www.vlr.gg/666496/t1-vs-rex-regum-qeon-vct-2026-pacific-stage-1-lr2
T1,Lotus,atk,RRQ,1,0,19,elim,2026-05-10 04:00:00,1,VCT 2026: Pacific Stage 1,https://www.vlr.gg/666496/t1-vs-rex-regum-qeon-vct-2026-pacific-stage-1-lr2
T1,Lotus,atk,RRQ,0,1,20,tim,2026-05-10 04:00:00,1,VCT 2026: Pacific Stage 1,https://www.vlr.gg/666496/t1-vs-rex-regum-qeon-vct-2026-pacific-stage-1-lr2
T1,Lotus,atk,RRQ,0,1,21,defus,2026-05-10 04:00:00,1,VCT 2026: Pacific Stage 1,https://www.vlr.gg/666496/t1-vs-rex-regum-qeon-vct-2026-pacific-stage-1-lr2
T1,Lotus,atk,RRQ,0,1,22,defus,2026-05-10 04:00:00,1,VCT 2026: Pacific Stage 1,https://www.vlr.gg/666496/t1-vs-rex-regum-qeon-vct-2026-pacific-stage-1-lr2
T1,Lotus,atk,RRQ,0,1,23,elim,2026-05-10 04:00:00,1,VCT 2026: Pacific Stage 1,https://www.vlr.gg/666496/t1-vs-rex-regum-qeon-vct-2026-pacific-stage-1-lr2
T1,Lotus,def,RRQ,1,0,1,elim,2026-05-10 04:00:00,1,VCT 2026: Pacific Stage 1,https://www.vlr.gg/666496/t1-vs-rex-regum-qeon-vct-2026-pacific-stage-1-lr2
T1,Lotus,def,RRQ,0,1,2,elim,2026-05-10 04:00:00,1,VCT 2026: Pacific Stage 1,https://www.vlr.gg/666496/t1-vs-rex-regum-qeon-vct-2026-pacific-stage-1-lr2
T1,Lotus,def,RRQ,0,1,3,boom,2026-05-10 04:00:00,1,VCT 2026: Pacific Stage 1,https://www.vlr.gg/666496/t1-vs-rex-regum-qeon-vct-2026-pacific-stage-1-lr2
T1,Lotus,def,RRQ,1,0,4,elim,2026-05-10 04:00:00,1,VCT 2026: Pacific Stage 1,https://www.vlr.gg/666496/t1-vs-rex-regum-qeon-vct-2026-pacific-stage-1-lr2
T1,Lotus,def,RRQ,1,0,5,defus,2026-05-10 04:00:00,1,VCT 2026: Pacific Stage 1,https://www.vlr.gg/666496/t1-vs-rex-regum-qeon-vct-2026-pacific-stage-1-lr2
T1,Lotus,def,RRQ,1,0,6,defus,2026-05-10 04:00:00,1,VCT 2026: Pacific Stage 1,https://www.vlr.gg/666496/t1-vs-rex-regum-qeon-vct-2026-pacific-stage-1-lr2
T1,Lotus,def,RRQ,1,0,7,elim,2026-05-10 04:00:00,1,VCT 2026: Pacific Stage 1,https://www.vlr.gg/666496/t1-vs-rex-regum-qeon-vct-2026-pacific-stage-1-lr2
T1,Lotus,def,RRQ,0,1,8,boom,2026-05-10 04:00:00,1,VCT 2026: Pacific Stage 1,https://www.vlr.gg/666496/t1-vs-rex-regum-qeon-vct-2026-pacific-stage-1-lr2
T1,Lotus,def,RRQ,1,0,9,defus,2026-05-10 04:00:00,1,VCT 2026: Pacific Stage 1,https://www.vlr.gg/666496/t1-vs-rex-regum-qeon-vct-2026-pacific-stage-1-lr2
T1,Lotus,def,RRQ,1,0,10,elim,2026-05-10 04:00:00,1,VCT 2026: Pacific Stage 1,https://www.vlr.gg/666496/t1-vs-rex-regum-qeon-vct-2026-pacific-stage-1-lr2
T1,Lotus,def,RRQ,1,0,11,elim,2026-05-10 04:00:00,1,VCT 2026: Pacific Stage 1,https://www.vlr.gg/666496/t1-vs-rex-regum-qeon-vct-2026-pacific-stage-1-lr2
T1,Lotus,def,RRQ,0,1,12,elim,2026-05-10 04:00:00,1,VCT 2026: Pacific Stage 1,https://www.vlr.gg/666496/t1-vs-rex-regum-qeon-vct-2026-pacific-stage-1-lr2
T1,Breeze,atk,RRQ,0,1,13,defus,2026-05-10 04:00:00,2,VCT 2026: Pacific Stage 1,https://www.vlr.gg/666496/t1-vs-rex-regum-qeon-vct-2026-pacific-stage-1-lr2
T1,Breeze,atk,RRQ,0,1,14,defus,2026-05-10 04:00:00,2,VCT 2026: Pacific Stage 1,https://www.vlr.gg/666496/t1-vs-rex-regum-qeon-vct-2026-pacific-stage-1-lr2
T1,Breeze,atk,RRQ,1,0,15,elim,2026-05-10 04:00:00,2,VCT 2026: Pacific Stage 1,https://www.vlr.gg/666496/t1-vs-rex-regum-qeon-vct-2026-pacific-stage-1-lr2
T1,Breeze,atk,RRQ,1,0,16,boom,2026-05-10 04:00:00,2,VCT 2026: Pacific Stage 1,https://www.vlr.gg/666496/t1-vs-rex-regum-qeon-vct-2026-pacific-stage-1-lr2
T1,Breeze,atk,RRQ,1,0,17,elim,2026-05-10 04:00:00,2,VCT 2026: Pacific Stage 1,https://www.vlr.gg/666496/t1-vs-rex-regum-qeon-vct-2026-pacific-stage-1-lr2
T1,Breeze,atk,RRQ,1,0,18,elim,2026-05-10 04:00:00,2,VCT 2026: Pacific Stage 1,https://www.vlr.gg/666496/t1-vs-rex-regum-qeon-vct-2026-pacific-stage-1-lr2
T1,Breeze,def,RRQ,0,1,1,elim,2026-05-10 04:00:00,2,VCT 2026: Pacific Stage 1,https://www.vlr.gg/666496/t1-vs-rex-regum-qeon-vct-2026-pacific-stage-1-lr2
T1,Breeze,def,RRQ,1,0,2,defus,2026-05-10 04:00:00,2,VCT 2026: Pacific Stage 1,https://www.vlr.gg/666496/t1-vs-rex-regum-qeon-vct-2026-pacific-stage-1-lr2
T1,Breeze,def,RRQ,1,0,3,elim,2026-05-10 04:00:00,2,VCT 2026: Pacific Stage 1,https://www.vlr.gg/666496/t1-vs-rex-regum-qeon-vct-2026-pacific-stage-1-lr2
T1,Breeze,def,RRQ,1,0,4,elim,2026-05-10 04:00:00,2,VCT 2026: Pacific Stage 1,https://www.vlr.gg/666496/t1-vs-rex-regum-qeon-vct-2026-pacific-stage-1-lr2
T1,Breeze,def,RRQ,1,0,5,defus,2026-05-10 04:00:00,2,VCT 2026: Pacific Stage 1,https://www.vlr.gg/666496/t1-vs-rex-regum-qeon-vct-2026-pacific-stage-1-lr2
T1,Breeze,def,RRQ,1,0,6,elim,2026-05-10 04:00:00,2,VCT 2026: Pacific Stage 1,https://www.vlr.gg/666496/t1-vs-rex-regum-qeon-vct-2026-pacific-stage-1-lr2
T1,Breeze,def,RRQ,1,0,7,defus,2026-05-10 04:00:00,2,VCT 2026: Pacific Stage 1,https://www.vlr.gg/666496/t1-vs-rex-regum-qeon-vct-2026-pacific-stage-1-lr2
T1,Breeze,def,RRQ,1,0,8,elim,2026-05-10 04:00:00,2,VCT 2026: Pacific Stage 1,https://www.vlr.gg/666496/t1-vs-rex-regum-qeon-vct-2026-pacific-stage-1-lr2
T1,Breeze,def,RRQ,0,1,9,elim,2026-05-10 04:00:00,2,VCT 2026: Pacific Stage 1,https://www.vlr.gg/666496/t1-vs-rex-regum-qeon-vct-2026-pacific-stage-1-lr2
T1,Breeze,def,RRQ,0,1,10,boom,2026-05-10 04:00:00,2,VCT 2026: Pacific Stage 1,https://www.vlr.gg/666496/t1-vs-rex-regum-qeon-vct-2026-pacific-stage-1-lr2
T1,Breeze,def,RRQ,1,0,11,elim,2026-05-10 04:00:00,2,VCT 2026: Pacific Stage 1,https://www.vlr.gg/666496/t1-vs-rex-regum-qeon-vct-2026-pacific-stage-1-lr2
T1,Breeze,def,RRQ,1,0,12,elim,2026-05-10 04:00:00,2,VCT 2026: Pacific Stage 1,https://www.vlr.gg/666496/t1-vs-rex-regum-qeon-vct-2026-pacific-stage-1-lr2
PRX,Ascent,atk,KRX,1,0,13,elim,2026-05-10 07:30:00,0,VCT 2026: Pacific Stage 1,https://www.vlr.gg/666497/paper-rex-vs-kiwoom-drx-vct-2026-pacific-stage-1-lr2
PRX,Ascent,atk,KRX,1,0,14,elim,2026-05-10 07:30:00,0,VCT 2026: Pacific Stage 1,https://www.vlr.gg/666497/paper-rex-vs-kiwoom-drx-vct-2026-pacific-stage-1-lr2
PRX,Ascent,atk,KRX,1,0,15,elim,2026-05-10 07:30:00,0,VCT 2026: Pacific Stage 1,https://www.vlr.gg/666497/paper-rex-vs-kiwoom-drx-vct-2026-pacific-stage-1-lr2
PRX,Ascent,atk,KRX,1,0,16,elim,2026-05-10 07:30:00,0,VCT 2026: Pacific Stage 1,https://www.vlr.gg/666497/paper-rex-vs-kiwoom-drx-vct-2026-pacific-stage-1-lr2
PRX,Ascent,atk,KRX,0,1,17,elim,2026-05-10 07:30:00,0,VCT 2026: Pacific Stage 1,https://www.vlr.gg/666497/paper-rex-vs-kiwoom-drx-vct-2026-pacific-stage-1-lr2
PRX,Ascent,atk,KRX,1,0,18,elim,2026-05-10 07:30:00,0,VCT 2026: Pacific Stage 1,https://www.vlr.gg/666497/paper-rex-vs-kiwoom-drx-vct-2026-pacific-stage-1-lr2
PRX,Ascent,atk,KRX,1,0,19,elim,2026-05-10 07:30:00,0,VCT 2026: Pacific Stage 1,https://www.vlr.gg/666497/paper-rex-vs-kiwoom-drx-vct-2026-pacific-stage-1-lr2
PRX,Ascent,atk,KRX,0,1,20,defus,2026-05-10 07:30:00,0,VCT 2026: Pacific Stage 1,https://www.vlr.gg/666497/paper-rex-vs-kiwoom-drx-vct-2026-pacific-stage-1-lr2
PRX,Ascent,atk,KRX,1,0,21,elim,2026-05-10 07:30:00,0,VCT 2026: Pacific Stage 1,https://www.vlr.gg/666497/paper-rex-vs-kiwoom-drx-vct-2026-pacific-stage-1-lr2
PRX,Ascent,def,KRX,1,0,1,elim,2026-05-10 07:30:00,0,VCT 2026: Pacific Stage 1,https://www.vlr.gg/666497/paper-rex-vs-kiwoom-drx-vct-2026-pacific-stage-1-lr2
PRX,Ascent,def,KRX,1,0,2,elim,2026-05-10 07:30:00,0,VCT 2026: Pacific Stage 1,https://www.vlr.gg/666497/paper-rex-vs-kiwoom-drx-vct-2026-pacific-stage-1-lr2
PRX,Ascent,def,KRX,1,0,3,tim,2026-05-10 07:30:00,0,VCT 2026: Pacific Stage 1,https://www.vlr.gg/666497/paper-rex-vs-kiwoom-drx-vct-2026-pacific-stage-1-lr2
PRX,Ascent,def,KRX,0,1,4,boom,2026-05-10 07:30:00,0,VCT 2026: Pacific Stage 1,https://www.vlr.gg/666497/paper-rex-vs-kiwoom-drx-vct-2026-pacific-stage-1-lr2
PRX,Ascent,def,KRX,0,1,5,boom,2026-05-10 07:30:00,0,VCT 2026: Pacific Stage 1,https://www.vlr.gg/666497/paper-rex-vs-kiwoom-drx-vct-2026-pacific-stage-1-lr2
PRX,Ascent,def,KRX,0,1,6,boom,2026-05-10 07:30:00,0,VCT 2026: Pacific Stage 1,https://www.vlr.gg/666497/paper-rex-vs-kiwoom-drx-vct-2026-pacific-stage-1-lr2
PRX,Ascent,def,KRX,0,1,7,elim,2026-05-10 07:30:00,0,VCT 2026: Pacific Stage 1,https://www.vlr.gg/666497/paper-rex-vs-kiwoom-drx-vct-2026-pacific-stage-1-lr2
PRX,Ascent,def,KRX,0,1,8,boom,2026-05-10 07:30:00,0,VCT 2026: Pacific Stage 1,https://www.vlr.gg/666497/paper-rex-vs-kiwoom-drx-vct-2026-pacific-stage-1-lr2
PRX,Ascent,def,KRX,1,0,9,elim,2026-05-10 07:30:00,0,VCT 2026: Pacific Stage 1,https://www.vlr.gg/666497/paper-rex-vs-kiwoom-drx-vct-2026-pacific-stage-1-lr2
PRX,Ascent,def,KRX,0,1,10,elim,2026-05-10 07:30:00,0,VCT 2026: Pacific Stage 1,https://www.vlr.gg/666497/paper-rex-vs-kiwoom-drx-vct-2026-pacific-stage-1-lr2
PRX,Ascent,def,KRX,1,0,11,elim,2026-05-10 07:30:00,0,VCT 2026: Pacific Stage 1,https://www.vlr.gg/666497/paper-rex-vs-kiwoom-drx-vct-2026-pacific-stage-1-lr2
PRX,Ascent,def,KRX,1,0,12,elim,2026-05-10 07:30:00,0,VCT 2026: Pacific Stage 1,https://www.vlr.gg/666497/paper-rex-vs-kiwoom-drx-vct-2026-pacific-stage-1-lr2
PRX,Breeze,atk,KRX,0,1,13,elim,2026-05-10 07:30:00,1,VCT 2026: Pacific Stage 1,https://www.vlr.gg/666497/paper-rex-vs-kiwoom-drx-vct-2026-pacific-stage-1-lr2
PRX,Breeze,atk,KRX,0,1,14,elim,2026-05-10 07:30:00,1,VCT 2026: Pacific Stage 1,https://www.vlr.gg/666497/paper-rex-vs-kiwoom-drx-vct-2026-pacific-stage-1-lr2
PRX,Breeze,atk,KRX,0,1,15,elim,2026-05-10 07:30:00,1,VCT 2026: Pacific Stage 1,https://www.vlr.gg/666497/paper-rex-vs-kiwoom-drx-vct-2026-pacific-stage-1-lr2
PRX,Breeze,atk,KRX,1,0,16,elim,2026-05-10 07:30:00,1,VCT 2026: Pacific Stage 1,https://www.vlr.gg/666497/paper-rex-vs-kiwoom-drx-vct-2026-pacific-stage-1-lr2
PRX,Breeze,atk,KRX,1,0,17,elim,2026-05-10 07:30:00,1,VCT 2026: Pacific Stage 1,https://www.vlr.gg/666497/paper-rex-vs-kiwoom-drx-vct-2026-pacific-stage-1-lr2
PRX,Breeze,atk,KRX,0,1,18,elim,2026-05-10 07:30:00,1,VCT 2026: Pacific Stage 1,https://www.vlr.gg/666497/paper-rex-vs-kiwoom-drx-vct-2026-pacific-stage-1-lr2
PRX,Breeze,def,KRX,0,1,1,elim,2026-05-10 07:30:00,1,VCT 2026: Pacific Stage 1,https://www.vlr.gg/666497/paper-rex-vs-kiwoom-drx-vct-2026-pacific-stage-1-lr2
PRX,Breeze,def,KRX,1,0,2,tim,2026-05-10 07:30:00,1,VCT 2026: Pacific Stage 1,https://www.vlr.gg/666497/paper-rex-vs-kiwoom-drx-vct-2026-pacific-stage-1-lr2
PRX,Breeze,def,KRX,0,1,3,boom,2026-05-10 07:30:00,1,VCT 2026: Pacific Stage 1,https://www.vlr.gg/666497/paper-rex-vs-kiwoom-drx-vct-2026-pacific-stage-1-lr2
PRX,Breeze,def,KRX,1,0,4,elim,2026-05-10 07:30:00,1,VCT 2026: Pacific Stage 1,https://www.vlr.gg/666497/paper-rex-vs-kiwoom-drx-vct-2026-pacific-stage-1-lr2
PRX,Breeze,def,KRX,0,1,5,boom,2026-05-10 07:30:00,1,VCT 2026: Pacific Stage 1,https://www.vlr.gg/666497/paper-rex-vs-kiwoom-drx-vct-2026-pacific-stage-1-lr2
PRX,Breeze,def,KRX,1,0,6,defus,2026-05-10 07:30:00,1,VCT 2026: Pacific Stage 1,https://www.vlr.gg/666497/paper-rex-vs-kiwoom-drx-vct-2026-pacific-stage-1-lr2
PRX,Breeze,def,KRX,0,1,7,elim,2026-05-10 07:30:00,1,VCT 2026: Pacific Stage 1,https://www.vlr.gg/666497/paper-rex-vs-kiwoom-drx-vct-2026-pacific-stage-1-lr2
PRX,Breeze,def,KRX,0,1,8,boom,2026-05-10 07:30:00,1,VCT 2026: Pacific Stage 1,https://www.vlr.gg/666497/paper-rex-vs-kiwoom-drx-vct-2026-pacific-stage-1-lr2
PRX,Breeze,def,KRX,0,1,9,boom,2026-05-10 07:30:00,1,VCT 2026: Pacific Stage 1,https://www.vlr.gg/666497/paper-rex-vs-kiwoom-drx-vct-2026-pacific-stage-1-lr2
PRX,Breeze,def,KRX,0,1,10,boom,2026-05-10 07:30:00,1,VCT 2026: Pacific Stage 1,https://www.vlr.gg/666497/paper-rex-vs-kiwoom-drx-vct-2026-pacific-stage-1-lr2
PRX,Breeze,def,KRX,0,1,11,boom,2026-05-10 07:30:00,1,VCT 2026: Pacific Stage 1,https://www.vlr.gg/666497/paper-rex-vs-kiwoom-drx-vct-2026-pacific-stage-1-lr2
PRX,Breeze,def,KRX,0,1,12,elim,2026-05-10 07:30:00,1,VCT 2026: Pacific Stage 1,https://www.vlr.gg/666497/paper-rex-vs-kiwoom-drx-vct-2026-pacific-stage-1-lr2
PRX,Split,atk,KRX,1,0,1,elim,2026-05-10 07:30:00,2,VCT 2026: Pacific Stage 1,https://www.vlr.gg/666497/paper-rex-vs-kiwoom-drx-vct-2026-pacific-stage-1-lr2
PRX,Split,atk,KRX,1,0,2,boom,2026-05-10 07:30:00,2,VCT 2026: Pacific Stage 1,https://www.vlr.gg/666497/paper-rex-vs-kiwoom-drx-vct-2026-pacific-stage-1-lr2
PRX,Split,atk,KRX,1,0,3,elim,2026-05-10 07:30:00,2,VCT 2026: Pacific Stage 1,https://www.vlr.gg/666497/paper-rex-vs-kiwoom-drx-vct-2026-pacific-stage-1-lr2
PRX,Split,atk,KRX,1,0,4,elim,2026-05-10 07:30:00,2,VCT 2026: Pacific Stage 1,https://www.vlr.gg/666497/paper-rex-vs-kiwoom-drx-vct-2026-pacific-stage-1-lr2
PRX,Split,atk,KRX,1,0,5,elim,2026-05-10 07:30:00,2,VCT 2026: Pacific Stage 1,https://www.vlr.gg/666497/paper-rex-vs-kiwoom-drx-vct-2026-pacific-stage-1-lr2
PRX,Split,atk,KRX,1,0,6,elim,2026-05-10 07:30:00,2,VCT 2026: Pacific Stage 1,https://www.vlr.gg/666497/paper-rex-vs-kiwoom-drx-vct-2026-pacific-stage-1-lr2
PRX,Split,atk,KRX,0,1,7,elim,2026-05-10 07:30:00,2,VCT 2026: Pacific Stage 1,https://www.vlr.gg/666497/paper-rex-vs-kiwoom-drx-vct-2026-pacific-stage-1-lr2
PRX,Split,atk,KRX,1,0,8,boom,2026-05-10 07:30:00,2,VCT 2026: Pacific Stage 1,https://www.vlr.gg/666497/paper-rex-vs-kiwoom-drx-vct-2026-pacific-stage-1-lr2
PRX,Split,atk,KRX,1,0,9,boom,2026-05-10 07:30:00,2,VCT 2026: Pacific Stage 1,https://www.vlr.gg/666497/paper-rex-vs-kiwoom-drx-vct-2026-pacific-stage-1-lr2
PRX,Split,atk,KRX,1,0,10,elim,2026-05-10 07:30:00,2,VCT 2026: Pacific Stage 1,https://www.vlr.gg/666497/paper-rex-vs-kiwoom-drx-vct-2026-pacific-stage-1-lr2
PRX,Split,atk,KRX,1,0,11,elim,2026-05-10 07:30:00,2,VCT 2026: Pacific Stage 1,https://www.vlr.gg/666497/paper-rex-vs-kiwoom-drx-vct-2026-pacific-stage-1-lr2
PRX,Split,atk,KRX,1,0,12,elim,2026-05-10 07:30:00,2,VCT 2026: Pacific Stage 1,https://www.vlr.gg/666497/paper-rex-vs-kiwoom-drx-vct-2026-pacific-stage-1-lr2
PRX,Split,def,KRX,1,0,13,defus,2026-05-10 07:30:00,2,VCT 2026: Pacific Stage 1,https://www.vlr.gg/666497/paper-rex-vs-kiwoom-drx-vct-2026-pacific-stage-1-lr2
PRX,Split,def,KRX,1,0,14,elim,2026-05-10 07:30:00,2,VCT 2026: Pacific Stage 1,https://www.vlr.gg/666497/paper-rex-vs-kiwoom-drx-vct-2026-pacific-stage-1-lr2
GE,Split,atk,FS,0,1,13,elim,2026-05-15 06:00:00,0,VCT 2026: Pacific Stage 1,https://www.vlr.gg/666492/global-esports-vs-full-sense-vct-2026-pacific-stage-1-ubf
GE,Split,atk,FS,0,1,14,elim,2026-05-15 06:00:00,0,VCT 2026: Pacific Stage 1,https://www.vlr.gg/666492/global-esports-vs-full-sense-vct-2026-pacific-stage-1-ubf
GE,Split,atk,FS,1,0,15,boom,2026-05-15 06:00:00,0,VCT 2026: Pacific Stage 1,https://www.vlr.gg/666492/global-esports-vs-full-sense-vct-2026-pacific-stage-1-ubf
GE,Split,atk,FS,0,1,16,elim,2026-05-15 06:00:00,0,VCT 2026: Pacific Stage 1,https://www.vlr.gg/666492/global-esports-vs-full-sense-vct-2026-pacific-stage-1-ubf
GE,Split,atk,FS,1,0,17,elim,2026-05-15 06:00:00,0,VCT 2026: Pacific Stage 1,https://www.vlr.gg/666492/global-esports-vs-full-sense-vct-2026-pacific-stage-1-ubf
GE,Split,atk,FS,1,0,18,boom,2026-05-15 06:00:00,0,VCT 2026: Pacific Stage 1,https://www.vlr.gg/666492/global-esports-vs-full-sense-vct-2026-pacific-stage-1-ubf
GE,Split,atk,FS,1,0,19,elim,2026-05-15 06:00:00,0,VCT 2026: Pacific Stage 1,https://www.vlr.gg/666492/global-esports-vs-full-sense-vct-2026-pacific-stage-1-ubf
GE,Split,atk,FS,1,0,20,elim,2026-05-15 06:00:00,0,VCT 2026: Pacific Stage 1,https://www.vlr.gg/666492/global-esports-vs-full-sense-vct-2026-pacific-stage-1-ubf
GE,Split,atk,FS,0,1,21,defus,2026-05-15 06:00:00,0,VCT 2026: Pacific Stage 1,https://www.vlr.gg/666492/global-esports-vs-full-sense-vct-2026-pacific-stage-1-ubf
GE,Split,atk,FS,0,1,22,elim,2026-05-15 06:00:00,0,VCT 2026: Pacific Stage 1,https://www.vlr.gg/666492/global-esports-vs-full-sense-vct-2026-pacific-stage-1-ubf
GE,Split,atk,FS,0,1,23,defus,2026-05-15 06:00:00,0,VCT 2026: Pacific Stage 1,https://www.vlr.gg/666492/global-esports-vs-full-sense-vct-2026-pacific-stage-1-ubf
GE,Split,atk,FS,0,1,24,defus,2026-05-15 06:00:00,0,VCT 2026: Pacific Stage 1,https://www.vlr.gg/666492/global-esports-vs-full-sense-vct-2026-pacific-stage-1-ubf
GE,Split,def,FS,0,1,1,elim,2026-05-15 06:00:00,0,VCT 2026: Pacific Stage 1,https://www.vlr.gg/666492/global-esports-vs-full-sense-vct-2026-pacific-stage-1-ubf
GE,Split,def,FS,0,1,2,elim,2026-05-15 06:00:00,0,VCT 2026: Pacific Stage 1,https://www.vlr.gg/666492/global-esports-vs-full-sense-vct-2026-pacific-stage-1-ubf
GE,Split,def,FS,1,0,3,elim,2026-05-15 06:00:00,0,VCT 2026: Pacific Stage 1,https://www.vlr.gg/666492/global-esports-vs-full-sense-vct-2026-pacific-stage-1-ubf
GE,Split,def,FS,0,1,4,elim,2026-05-15 06:00:00,0,VCT 2026: Pacific Stage 1,https://www.vlr.gg/666492/global-esports-vs-full-sense-vct-2026-pacific-stage-1-ubf
GE,Split,def,FS,0,1,5,elim,2026-05-15 06:00:00,0,VCT 2026: Pacific Stage 1,https://www.vlr.gg/666492/global-esports-vs-full-sense-vct-2026-pacific-stage-1-ubf
GE,Split,def,FS,1,0,6,elim,2026-05-15 06:00:00,0,VCT 2026: Pacific Stage 1,https://www.vlr.gg/666492/global-esports-vs-full-sense-vct-2026-pacific-stage-1-ubf
GE,Split,def,FS,0,1,7,elim,2026-05-15 06:00:00,0,VCT 2026: Pacific Stage 1,https://www.vlr.gg/666492/global-esports-vs-full-sense-vct-2026-pacific-stage-1-ubf
GE,Split,def,FS,1,0,8,elim,2026-05-15 06:00:00,0,VCT 2026: Pacific Stage 1,https://www.vlr.gg/666492/global-esports-vs-full-sense-vct-2026-pacific-stage-1-ubf
GE,Split,def,FS,1,0,9,elim,2026-05-15 06:00:00,0,VCT 2026: Pacific Stage 1,https://www.vlr.gg/666492/global-esports-vs-full-sense-vct-2026-pacific-stage-1-ubf
GE,Split,def,FS,1,0,10,defus,2026-05-15 06:00:00,0,VCT 2026: Pacific Stage 1,https://www.vlr.gg/666492/global-esports-vs-full-sense-vct-2026-pacific-stage-1-ubf
GE,Split,def,FS,1,0,11,tim,2026-05-15 06:00:00,0,VCT 2026: Pacific Stage 1,https://www.vlr.gg/666492/global-esports-vs-full-sense-vct-2026-pacific-stage-1-ubf
GE,Split,def,FS,0,1,12,elim,2026-05-15 06:00:00,0,VCT 2026: Pacific Stage 1,https://www.vlr.gg/666492/global-esports-vs-full-sense-vct-2026-pacific-stage-1-ubf
GE,Breeze,atk,FS,1,0,13,elim,2026-05-15 06:00:00,1,VCT 2026: Pacific Stage 1,https://www.vlr.gg/666492/global-esports-vs-full-sense-vct-2026-pacific-stage-1-ubf
GE,Breeze,atk,FS,1,0,14,elim,2026-05-15 06:00:00,1,VCT 2026: Pacific Stage 1,https://www.vlr.gg/666492/global-esports-vs-full-sense-vct-2026-pacific-stage-1-ubf
GE,Breeze,atk,FS,0,1,15,elim,2026-05-15 06:00:00,1,VCT 2026: Pacific Stage 1,https://www.vlr.gg/666492/global-esports-vs-full-sense-vct-2026-pacific-stage-1-ubf
GE,Breeze,atk,FS,1,0,16,elim,2026-05-15 06:00:00,1,VCT 2026: Pacific Stage 1,https://www.vlr.gg/666492/global-esports-vs-full-sense-vct-2026-pacific-stage-1-ubf
GE,Breeze,atk,FS,1,0,17,boom,2026-05-15 06:00:00,1,VCT 2026: Pacific Stage 1,https://www.vlr.gg/666492/global-esports-vs-full-sense-vct-2026-pacific-stage-1-ubf
GE,Breeze,atk,FS,1,0,18,elim,2026-05-15 06:00:00,1,VCT 2026: Pacific Stage 1,https://www.vlr.gg/666492/global-esports-vs-full-sense-vct-2026-pacific-stage-1-ubf
GE,Breeze,atk,FS,0,1,19,elim,2026-05-15 06:00:00,1,VCT 2026: Pacific Stage 1,https://www.vlr.gg/666492/global-esports-vs-full-sense-vct-2026-pacific-stage-1-ubf
GE,Breeze,atk,FS,1,0,20,elim,2026-05-15 06:00:00,1,VCT 2026: Pacific Stage 1,https://www.vlr.gg/666492/global-esports-vs-full-sense-vct-2026-pacific-stage-1-ubf
GE,Breeze,atk,FS,0,1,21,elim,2026-05-15 06:00:00,1,VCT 2026: Pacific Stage 1,https://www.vlr.gg/666492/global-esports-vs-full-sense-vct-2026-pacific-stage-1-ubf
GE,Breeze,def,FS,0,1,1,elim,2026-05-15 06:00:00,1,VCT 2026: Pacific Stage 1,https://www.vlr.gg/666492/global-esports-vs-full-sense-vct-2026-pacific-stage-1-ubf
GE,Breeze,def,FS,0,1,2,elim,2026-05-15 06:00:00,1,VCT 2026: Pacific Stage 1,https://www.vlr.gg/666492/global-esports-vs-full-sense-vct-2026-pacific-stage-1-ubf
GE,Breeze,def,FS,0,1,3,elim,2026-05-15 06:00:00,1,VCT 2026: Pacific Stage 1,https://www.vlr.gg/666492/global-esports-vs-full-sense-vct-2026-pacific-stage-1-ubf
GE,Breeze,def,FS,0,1,4,elim,2026-05-15 06:00:00,1,VCT 2026: Pacific Stage 1,https://www.vlr.gg/666492/global-esports-vs-full-sense-vct-2026-pacific-stage-1-ubf
GE,Breeze,def,FS,0,1,5,boom,2026-05-15 06:00:00,1,VCT 2026: Pacific Stage 1,https://www.vlr.gg/666492/global-esports-vs-full-sense-vct-2026-pacific-stage-1-ubf
GE,Breeze,def,FS,0,1,6,elim,2026-05-15 06:00:00,1,VCT 2026: Pacific Stage 1,https://www.vlr.gg/666492/global-esports-vs-full-sense-vct-2026-pacific-stage-1-ubf
GE,Breeze,def,FS,1,0,7,elim,2026-05-15 06:00:00,1,VCT 2026: Pacific Stage 1,https://www.vlr.gg/666492/global-esports-vs-full-sense-vct-2026-pacific-stage-1-ubf
GE,Breeze,def,FS,0,1,8,elim,2026-05-15 06:00:00,1,VCT 2026: Pacific Stage 1,https://www.vlr.gg/666492/global-esports-vs-full-sense-vct-2026-pacific-stage-1-ubf
GE,Breeze,def,FS,1,0,9,elim,2026-05-15 06:00:00,1,VCT 2026: Pacific Stage 1,https://www.vlr.gg/666492/global-esports-vs-full-sense-vct-2026-pacific-stage-1-ubf
GE,Breeze,def,FS,0,1,10,elim,2026-05-15 06:00:00,1,VCT 2026: Pacific Stage 1,https://www.vlr.gg/666492/global-esports-vs-full-sense-vct-2026-pacific-stage-1-ubf
GE,Breeze,def,FS,0,1,11,elim,2026-05-15 06:00:00,1,VCT 2026: Pacific Stage 1,https://www.vlr.gg/666492/global-esports-vs-full-sense-vct-2026-pacific-stage-1-ubf
GE,Breeze,def,FS,0,1,12,elim,2026-05-15 06:00:00,1,VCT 2026: Pacific Stage 1,https://www.vlr.gg/666492/global-esports-vs-full-sense-vct-2026-pacific-stage-1-ubf
T1,Split,atk,PRX,0,1,1,elim,2026-05-15 08:20:00,0,VCT 2026: Pacific Stage 1,https://www.vlr.gg/666498/t1-vs-paper-rex-vct-2026-pacific-stage-1-lr3
T1,Split,atk,PRX,0,1,2,elim,2026-05-15 08:20:00,0,VCT 2026: Pacific Stage 1,https://www.vlr.gg/666498/t1-vs-paper-rex-vct-2026-pacific-stage-1-lr3
T1,Split,atk,PRX,1,0,3,boom,2026-05-15 08:20:00,0,VCT 2026: Pacific Stage 1,https://www.vlr.gg/666498/t1-vs-paper-rex-vct-2026-pacific-stage-1-lr3
T1,Split,atk,PRX,0,1,4,elim,2026-05-15 08:20:00,0,VCT 2026: Pacific Stage 1,https://www.vlr.gg/666498/t1-vs-paper-rex-vct-2026-pacific-stage-1-lr3
T1,Split,atk,PRX,1,0,5,elim,2026-05-15 08:20:00,0,VCT 2026: Pacific Stage 1,https://www.vlr.gg/666498/t1-vs-paper-rex-vct-2026-pacific-stage-1-lr3
T1,Split,atk,PRX,1,0,6,elim,2026-05-15 08:20:00,0,VCT 2026: Pacific Stage 1,https://www.vlr.gg/666498/t1-vs-paper-rex-vct-2026-pacific-stage-1-lr3
T1,Split,atk,PRX,1,0,7,elim,2026-05-15 08:20:00,0,VCT 2026: Pacific Stage 1,https://www.vlr.gg/666498/t1-vs-paper-rex-vct-2026-pacific-stage-1-lr3
T1,Split,atk,PRX,1,0,8,elim,2026-05-15 08:20:00,0,VCT 2026: Pacific Stage 1,https://www.vlr.gg/666498/t1-vs-paper-rex-vct-2026-pacific-stage-1-lr3
T1,Split,atk,PRX,1,0,9,elim,2026-05-15 08:20:00,0,VCT 2026: Pacific Stage 1,https://www.vlr.gg/666498/t1-vs-paper-rex-vct-2026-pacific-stage-1-lr3
T1,Split,atk,PRX,1,0,10,elim,2026-05-15 08:20:00,0,VCT 2026: Pacific Stage 1,https://www.vlr.gg/666498/t1-vs-paper-rex-vct-2026-pacific-stage-1-lr3
T1,Split,atk,PRX,0,1,11,elim,2026-05-15 08:20:00,0,VCT 2026: Pacific Stage 1,https://www.vlr.gg/666498/t1-vs-paper-rex-vct-2026-pacific-stage-1-lr3
T1,Split,atk,PRX,0,1,12,defus,2026-05-15 08:20:00,0,VCT 2026: Pacific Stage 1,https://www.vlr.gg/666498/t1-vs-paper-rex-vct-2026-pacific-stage-1-lr3
T1,Split,def,PRX,1,0,13,defus,2026-05-15 08:20:00,0,VCT 2026: Pacific Stage 1,https://www.vlr.gg/666498/t1-vs-paper-rex-vct-2026-pacific-stage-1-lr3
T1,Split,def,PRX,0,1,14,elim,2026-05-15 08:20:00,0,VCT 2026: Pacific Stage 1,https://www.vlr.gg/666498/t1-vs-paper-rex-vct-2026-pacific-stage-1-lr3
T1,Split,def,PRX,1,0,15,defus,2026-05-15 08:20:00,0,VCT 2026: Pacific Stage 1,https://www.vlr.gg/666498/t1-vs-paper-rex-vct-2026-pacific-stage-1-lr3
T1,Split,def,PRX,0,1,16,elim,2026-05-15 08:20:00,0,VCT 2026: Pacific Stage 1,https://www.vlr.gg/666498/t1-vs-paper-rex-vct-2026-pacific-stage-1-lr3
T1,Split,def,PRX,0,1,17,elim,2026-05-15 08:20:00,0,VCT 2026: Pacific Stage 1,https://www.vlr.gg/666498/t1-vs-paper-rex-vct-2026-pacific-stage-1-lr3
T1,Split,def,PRX,0,1,18,boom,2026-05-15 08:20:00,0,VCT 2026: Pacific Stage 1,https://www.vlr.gg/666498/t1-vs-paper-rex-vct-2026-pacific-stage-1-lr3
T1,Split,def,PRX,0,1,19,boom,2026-05-15 08:20:00,0,VCT 2026: Pacific Stage 1,https://www.vlr.gg/666498/t1-vs-paper-rex-vct-2026-pacific-stage-1-lr3
T1,Split,def,PRX,0,1,20,elim,2026-05-15 08:20:00,0,VCT 2026: Pacific Stage 1,https://www.vlr.gg/666498/t1-vs-paper-rex-vct-2026-pacific-stage-1-lr3
T1,Split,def,PRX,0,1,21,elim,2026-05-15 08:20:00,0,VCT 2026: Pacific Stage 1,https://www.vlr.gg/666498/t1-vs-paper-rex-vct-2026-pacific-stage-1-lr3
T1,Split,def,PRX,0,1,22,elim,2026-05-15 08:20:00,0,VCT 2026: Pacific Stage 1,https://www.vlr.gg/666498/t1-vs-paper-rex-vct-2026-pacific-stage-1-lr3
T1,Ascent,atk,PRX,1,0,1,elim,2026-05-15 08:20:00,1,VCT 2026: Pacific Stage 1,https://www.vlr.gg/666498/t1-vs-paper-rex-vct-2026-pacific-stage-1-lr3
T1,Ascent,atk,PRX,1,0,2,elim,2026-05-15 08:20:00,1,VCT 2026: Pacific Stage 1,https://www.vlr.gg/666498/t1-vs-paper-rex-vct-2026-pacific-stage-1-lr3
T1,Ascent,atk,PRX,0,1,3,elim,2026-05-15 08:20:00,1,VCT 2026: Pacific Stage 1,https://www.vlr.gg/666498/t1-vs-paper-rex-vct-2026-pacific-stage-1-lr3
T1,Ascent,atk,PRX,1,0,4,elim,2026-05-15 08:20:00,1,VCT 2026: Pacific Stage 1,https://www.vlr.gg/666498/t1-vs-paper-rex-vct-2026-pacific-stage-1-lr3
T1,Ascent,atk,PRX,1,0,5,elim,2026-05-15 08:20:00,1,VCT 2026: Pacific Stage 1,https://www.vlr.gg/666498/t1-vs-paper-rex-vct-2026-pacific-stage-1-lr3
T1,Ascent,atk,PRX,1,0,6,elim,2026-05-15 08:20:00,1,VCT 2026: Pacific Stage 1,https://www.vlr.gg/666498/t1-vs-paper-rex-vct-2026-pacific-stage-1-lr3
T1,Ascent,atk,PRX,1,0,7,boom,2026-05-15 08:20:00,1,VCT 2026: Pacific Stage 1,https://www.vlr.gg/666498/t1-vs-paper-rex-vct-2026-pacific-stage-1-lr3
T1,Ascent,atk,PRX,0,1,8,defus,2026-05-15 08:20:00,1,VCT 2026: Pacific Stage 1,https://www.vlr.gg/666498/t1-vs-paper-rex-vct-2026-pacific-stage-1-lr3
T1,Ascent,atk,PRX,0,1,9,elim,2026-05-15 08:20:00,1,VCT 2026: Pacific Stage 1,https://www.vlr.gg/666498/t1-vs-paper-rex-vct-2026-pacific-stage-1-lr3
T1,Ascent,atk,PRX,1,0,10,boom,2026-05-15 08:20:00,1,VCT 2026: Pacific Stage 1,https://www.vlr.gg/666498/t1-vs-paper-rex-vct-2026-pacific-stage-1-lr3
T1,Ascent,atk,PRX,0,1,11,defus,2026-05-15 08:20:00,1,VCT 2026: Pacific Stage 1,https://www.vlr.gg/666498/t1-vs-paper-rex-vct-2026-pacific-stage-1-lr3
T1,Ascent,atk,PRX,0,1,12,elim,2026-05-15 08:20:00,1,VCT 2026: Pacific Stage 1,https://www.vlr.gg/666498/t1-vs-paper-rex-vct-2026-pacific-stage-1-lr3
T1,Ascent,def,PRX,1,0,13,defus,2026-05-15 08:20:00,1,VCT 2026: Pacific Stage 1,https://www.vlr.gg/666498/t1-vs-paper-rex-vct-2026-pacific-stage-1-lr3
T1,Ascent,def,PRX,1,0,14,elim,2026-05-15 08:20:00,1,VCT 2026: Pacific Stage 1,https://www.vlr.gg/666498/t1-vs-paper-rex-vct-2026-pacific-stage-1-lr3
T1,Ascent,def,PRX,1,0,15,tim,2026-05-15 08:20:00,1,VCT 2026: Pacific Stage 1,https://www.vlr.gg/666498/t1-vs-paper-rex-vct-2026-pacific-stage-1-lr3
T1,Ascent,def,PRX,0,1,16,boom,2026-05-15 08:20:00,1,VCT 2026: Pacific Stage 1,https://www.vlr.gg/666498/t1-vs-paper-rex-vct-2026-pacific-stage-1-lr3
T1,Ascent,def,PRX,0,1,17,elim,2026-05-15 08:20:00,1,VCT 2026: Pacific Stage 1,https://www.vlr.gg/666498/t1-vs-paper-rex-vct-2026-pacific-stage-1-lr3
T1,Ascent,def,PRX,0,1,18,boom,2026-05-15 08:20:00,1,VCT 2026: Pacific Stage 1,https://www.vlr.gg/666498/t1-vs-paper-rex-vct-2026-pacific-stage-1-lr3
T1,Ascent,def,PRX,0,1,19,elim,2026-05-15 08:20:00,1,VCT 2026: Pacific Stage 1,https://www.vlr.gg/666498/t1-vs-paper-rex-vct-2026-pacific-stage-1-lr3
T1,Ascent,def,PRX,1,0,20,elim,2026-05-15 08:20:00,1,VCT 2026: Pacific Stage 1,https://www.vlr.gg/666498/t1-vs-paper-rex-vct-2026-pacific-stage-1-lr3
T1,Ascent,def,PRX,1,0,21,elim,2026-05-15 08:20:00,1,VCT 2026: Pacific Stage 1,https://www.vlr.gg/666498/t1-vs-paper-rex-vct-2026-pacific-stage-1-lr3
T1,Ascent,def,PRX,0,1,22,elim,2026-05-15 08:20:00,1,VCT 2026: Pacific Stage 1,https://www.vlr.gg/666498/t1-vs-paper-rex-vct-2026-pacific-stage-1-lr3
T1,Ascent,def,PRX,1,0,23,defus,2026-05-15 08:20:00,1,VCT 2026: Pacific Stage 1,https://www.vlr.gg/666498/t1-vs-paper-rex-vct-2026-pacific-stage-1-lr3
T1,Breeze,atk,PRX,0,1,13,defus,2026-05-15 08:20:00,2,VCT 2026: Pacific Stage 1,https://www.vlr.gg/666498/t1-vs-paper-rex-vct-2026-pacific-stage-1-lr3
T1,Breeze,atk,PRX,1,0,14,elim,2026-05-15 08:20:00,2,VCT 2026: Pacific Stage 1,https://www.vlr.gg/666498/t1-vs-paper-rex-vct-2026-pacific-stage-1-lr3
T1,Breeze,atk,PRX,1,0,15,elim,2026-05-15 08:20:00,2,VCT 2026: Pacific Stage 1,https://www.vlr.gg/666498/t1-vs-paper-rex-vct-2026-pacific-stage-1-lr3
T1,Breeze,atk,PRX,1,0,16,elim,2026-05-15 08:20:00,2,VCT 2026: Pacific Stage 1,https://www.vlr.gg/666498/t1-vs-paper-rex-vct-2026-pacific-stage-1-lr3
T1,Breeze,atk,PRX,1,0,17,elim,2026-05-15 08:20:00,2,VCT 2026: Pacific Stage 1,https://www.vlr.gg/666498/t1-vs-paper-rex-vct-2026-pacific-stage-1-lr3
T1,Breeze,atk,PRX,1,0,18,boom,2026-05-15 08:20:00,2,VCT 2026: Pacific Stage 1,https://www.vlr.gg/666498/t1-vs-paper-rex-vct-2026-pacific-stage-1-lr3
T1,Breeze,atk,PRX,0,1,19,elim,2026-05-15 08:20:00,2,VCT 2026: Pacific Stage 1,https://www.vlr.gg/666498/t1-vs-paper-rex-vct-2026-pacific-stage-1-lr3
T1,Breeze,atk,PRX,0,1,20,elim,2026-05-15 08:20:00,2,VCT 2026: Pacific Stage 1,https://www.vlr.gg/666498/t1-vs-paper-rex-vct-2026-pacific-stage-1-lr3
T1,Breeze,atk,PRX,0,1,21,elim,2026-05-15 08:20:00,2,VCT 2026: Pacific Stage 1,https://www.vlr.gg/666498/t1-vs-paper-rex-vct-2026-pacific-stage-1-lr3
T1,Breeze,def,PRX,1,0,1,elim,2026-05-15 08:20:00,2,VCT 2026: Pacific Stage 1,https://www.vlr.gg/666498/t1-vs-paper-rex-vct-2026-pacific-stage-1-lr3
T1,Breeze,def,PRX,1,0,2,elim,2026-05-15 08:20:00,2,VCT 2026: Pacific Stage 1,https://www.vlr.gg/666498/t1-vs-paper-rex-vct-2026-pacific-stage-1-lr3
T1,Breeze,def,PRX,0,1,3,elim,2026-05-15 08:20:00,2,VCT 2026: Pacific Stage 1,https://www.vlr.gg/666498/t1-vs-paper-rex-vct-2026-pacific-stage-1-lr3
T1,Breeze,def,PRX,0,1,4,elim,2026-05-15 08:20:00,2,VCT 2026: Pacific Stage 1,https://www.vlr.gg/666498/t1-vs-paper-rex-vct-2026-pacific-stage-1-lr3
T1,Breeze,def,PRX,0,1,5,elim,2026-05-15 08:20:00,2,VCT 2026: Pacific Stage 1,https://www.vlr.gg/666498/t1-vs-paper-rex-vct-2026-pacific-stage-1-lr3
T1,Breeze,def,PRX,1,0,6,defus,2026-05-15 08:20:00,2,VCT 2026: Pacific Stage 1,https://www.vlr.gg/666498/t1-vs-paper-rex-vct-2026-pacific-stage-1-lr3
T1,Breeze,def,PRX,0,1,7,elim,2026-05-15 08:20:00,2,VCT 2026: Pacific Stage 1,https://www.vlr.gg/666498/t1-vs-paper-rex-vct-2026-pacific-stage-1-lr3
T1,Breeze,def,PRX,0,1,8,elim,2026-05-15 08:20:00,2,VCT 2026: Pacific Stage 1,https://www.vlr.gg/666498/t1-vs-paper-rex-vct-2026-pacific-stage-1-lr3
T1,Breeze,def,PRX,0,1,9,elim,2026-05-15 08:20:00,2,VCT 2026: Pacific Stage 1,https://www.vlr.gg/666498/t1-vs-paper-rex-vct-2026-pacific-stage-1-lr3
T1,Breeze,def,PRX,0,1,10,elim,2026-05-15 08:20:00,2,VCT 2026: Pacific Stage 1,https://www.vlr.gg/666498/t1-vs-paper-rex-vct-2026-pacific-stage-1-lr3
T1,Breeze,def,PRX,0,1,11,elim,2026-05-15 08:20:00,2,VCT 2026: Pacific Stage 1,https://www.vlr.gg/666498/t1-vs-paper-rex-vct-2026-pacific-stage-1-lr3
T1,Breeze,def,PRX,0,1,12,elim,2026-05-15 08:20:00,2,VCT 2026: Pacific Stage 1,https://www.vlr.gg/666498/t1-vs-paper-rex-vct-2026-pacific-stage-1-lr3
GE,Haven,atk,PRX,0,1,1,defus,2026-05-16 06:00:00,0,VCT 2026: Pacific Stage 1,https://www.vlr.gg/666499/global-esports-vs-paper-rex-vct-2026-pacific-stage-1-lbf
GE,Haven,atk,PRX,0,1,2,elim,2026-05-16 06:00:00,0,VCT 2026: Pacific Stage 1,https://www.vlr.gg/666499/global-esports-vs-paper-rex-vct-2026-pacific-stage-1-lbf
GE,Haven,atk,PRX,1,0,3,elim,2026-05-16 06:00:00,0,VCT 2026: Pacific Stage 1,https://www.vlr.gg/666499/global-esports-vs-paper-rex-vct-2026-pacific-stage-1-lbf
GE,Haven,atk,PRX,0,1,4,elim,2026-05-16 06:00:00,0,VCT 2026: Pacific Stage 1,https://www.vlr.gg/666499/global-esports-vs-paper-rex-vct-2026-pacific-stage-1-lbf
GE,Haven,atk,PRX,0,1,5,elim,2026-05-16 06:00:00,0,VCT 2026: Pacific Stage 1,https://www.vlr.gg/666499/global-esports-vs-paper-rex-vct-2026-pacific-stage-1-lbf
GE,Haven,atk,PRX,0,1,6,defus,2026-05-16 06:00:00,0,VCT 2026: Pacific Stage 1,https://www.vlr.gg/666499/global-esports-vs-paper-rex-vct-2026-pacific-stage-1-lbf
GE,Haven,atk,PRX,1,0,7,elim,2026-05-16 06:00:00,0,VCT 2026: Pacific Stage 1,https://www.vlr.gg/666499/global-esports-vs-paper-rex-vct-2026-pacific-stage-1-lbf
GE,Haven,atk,PRX,0,1,8,defus,2026-05-16 06:00:00,0,VCT 2026: Pacific Stage 1,https://www.vlr.gg/666499/global-esports-vs-paper-rex-vct-2026-pacific-stage-1-lbf
GE,Haven,atk,PRX,0,1,9,defus,2026-05-16 06:00:00,0,VCT 2026: Pacific Stage 1,https://www.vlr.gg/666499/global-esports-vs-paper-rex-vct-2026-pacific-stage-1-lbf
GE,Haven,atk,PRX,0,1,10,defus,2026-05-16 06:00:00,0,VCT 2026: Pacific Stage 1,https://www.vlr.gg/666499/global-esports-vs-paper-rex-vct-2026-pacific-stage-1-lbf
GE,Haven,atk,PRX,0,1,11,defus,2026-05-16 06:00:00,0,VCT 2026: Pacific Stage 1,https://www.vlr.gg/666499/global-esports-vs-paper-rex-vct-2026-pacific-stage-1-lbf
GE,Haven,atk,PRX,1,0,12,elim,2026-05-16 06:00:00,0,VCT 2026: Pacific Stage 1,https://www.vlr.gg/666499/global-esports-vs-paper-rex-vct-2026-pacific-stage-1-lbf
GE,Haven,def,PRX,1,0,13,defus,2026-05-16 06:00:00,0,VCT 2026: Pacific Stage 1,https://www.vlr.gg/666499/global-esports-vs-paper-rex-vct-2026-pacific-stage-1-lbf
GE,Haven,def,PRX,1,0,14,elim,2026-05-16 06:00:00,0,VCT 2026: Pacific Stage 1,https://www.vlr.gg/666499/global-esports-vs-paper-rex-vct-2026-pacific-stage-1-lbf
GE,Haven,def,PRX,0,1,15,elim,2026-05-16 06:00:00,0,VCT 2026: Pacific Stage 1,https://www.vlr.gg/666499/global-esports-vs-paper-rex-vct-2026-pacific-stage-1-lbf
GE,Haven,def,PRX,0,1,16,elim,2026-05-16 06:00:00,0,VCT 2026: Pacific Stage 1,https://www.vlr.gg/666499/global-esports-vs-paper-rex-vct-2026-pacific-stage-1-lbf
GE,Haven,def,PRX,0,1,17,elim,2026-05-16 06:00:00,0,VCT 2026: Pacific Stage 1,https://www.vlr.gg/666499/global-esports-vs-paper-rex-vct-2026-pacific-stage-1-lbf
GE,Haven,def,PRX,1,0,18,elim,2026-05-16 06:00:00,0,VCT 2026: Pacific Stage 1,https://www.vlr.gg/666499/global-esports-vs-paper-rex-vct-2026-pacific-stage-1-lbf
GE,Haven,def,PRX,0,1,19,elim,2026-05-16 06:00:00,0,VCT 2026: Pacific Stage 1,https://www.vlr.gg/666499/global-esports-vs-paper-rex-vct-2026-pacific-stage-1-lbf
GE,Lotus,atk,PRX,1,0,13,elim,2026-05-16 06:00:00,1,VCT 2026: Pacific Stage 1,https://www.vlr.gg/666499/global-esports-vs-paper-rex-vct-2026-pacific-stage-1-lbf
GE,Lotus,atk,PRX,0,1,14,elim,2026-05-16 06:00:00,1,VCT 2026: Pacific Stage 1,https://www.vlr.gg/666499/global-esports-vs-paper-rex-vct-2026-pacific-stage-1-lbf
GE,Lotus,atk,PRX,0,1,15,defus,2026-05-16 06:00:00,1,VCT 2026: Pacific Stage 1,https://www.vlr.gg/666499/global-esports-vs-paper-rex-vct-2026-pacific-stage-1-lbf
GE,Lotus,atk,PRX,0,1,16,elim,2026-05-16 06:00:00,1,VCT 2026: Pacific Stage 1,https://www.vlr.gg/666499/global-esports-vs-paper-rex-vct-2026-pacific-stage-1-lbf
GE,Lotus,atk,PRX,0,1,17,elim,2026-05-16 06:00:00,1,VCT 2026: Pacific Stage 1,https://www.vlr.gg/666499/global-esports-vs-paper-rex-vct-2026-pacific-stage-1-lbf
GE,Lotus,def,PRX,0,1,1,elim,2026-05-16 06:00:00,1,VCT 2026: Pacific Stage 1,https://www.vlr.gg/666499/global-esports-vs-paper-rex-vct-2026-pacific-stage-1-lbf
GE,Lotus,def,PRX,0,1,2,elim,2026-05-16 06:00:00,1,VCT 2026: Pacific Stage 1,https://www.vlr.gg/666499/global-esports-vs-paper-rex-vct-2026-pacific-stage-1-lbf
GE,Lotus,def,PRX,0,1,3,elim,2026-05-16 06:00:00,1,VCT 2026: Pacific Stage 1,https://www.vlr.gg/666499/global-esports-vs-paper-rex-vct-2026-pacific-stage-1-lbf
GE,Lotus,def,PRX,1,0,4,defus,2026-05-16 06:00:00,1,VCT 2026: Pacific Stage 1,https://www.vlr.gg/666499/global-esports-vs-paper-rex-vct-2026-pacific-stage-1-lbf
GE,Lotus,def,PRX,0,1,5,elim,2026-05-16 06:00:00,1,VCT 2026: Pacific Stage 1,https://www.vlr.gg/666499/global-esports-vs-paper-rex-vct-2026-pacific-stage-1-lbf
GE,Lotus,def,PRX,0,1,6,elim,2026-05-16 06:00:00,1,VCT 2026: Pacific Stage 1,https://www.vlr.gg/666499/global-esports-vs-paper-rex-vct-2026-pacific-stage-1-lbf
GE,Lotus,def,PRX,0,1,7,elim,2026-05-16 06:00:00,1,VCT 2026: Pacific Stage 1,https://www.vlr.gg/666499/global-esports-vs-paper-rex-vct-2026-pacific-stage-1-lbf
GE,Lotus,def,PRX,1,0,8,defus,2026-05-16 06:00:00,1,VCT 2026: Pacific Stage 1,https://www.vlr.gg/666499/global-esports-vs-paper-rex-vct-2026-pacific-stage-1-lbf
GE,Lotus,def,PRX,0,1,9,elim,2026-05-16 06:00:00,1,VCT 2026: Pacific Stage 1,https://www.vlr.gg/666499/global-esports-vs-paper-rex-vct-2026-pacific-stage-1-lbf
GE,Lotus,def,PRX,0,1,10,elim,2026-05-16 06:00:00,1,VCT 2026: Pacific Stage 1,https://www.vlr.gg/666499/global-esports-vs-paper-rex-vct-2026-pacific-stage-1-lbf
GE,Lotus,def,PRX,0,1,11,elim,2026-05-16 06:00:00,1,VCT 2026: Pacific Stage 1,https://www.vlr.gg/666499/global-esports-vs-paper-rex-vct-2026-pacific-stage-1-lbf
GE,Lotus,def,PRX,1,0,12,defus,2026-05-16 06:00:00,1,VCT 2026: Pacific Stage 1,https://www.vlr.gg/666499/global-esports-vs-paper-rex-vct-2026-pacific-stage-1-lbf
GE,Ascent,atk,PRX,1,0,1,elim,2026-05-16 06:00:00,2,VCT 2026: Pacific Stage 1,https://www.vlr.gg/666499/global-esports-vs-paper-rex-vct-2026-pacific-stage-1-lbf
GE,Ascent,atk,PRX,1,0,2,elim,2026-05-16 06:00:00,2,VCT 2026: Pacific Stage 1,https://www.vlr.gg/666499/global-esports-vs-paper-rex-vct-2026-pacific-stage-1-lbf
GE,Ascent,atk,PRX,1,0,3,boom,2026-05-16 06:00:00,2,VCT 2026: Pacific Stage 1,https://www.vlr.gg/666499/global-esports-vs-paper-rex-vct-2026-pacific-stage-1-lbf
GE,Ascent,atk,PRX,1,0,4,elim,2026-05-16 06:00:00,2,VCT 2026: Pacific Stage 1,https://www.vlr.gg/666499/global-esports-vs-paper-rex-vct-2026-pacific-stage-1-lbf
GE,Ascent,atk,PRX,1,0,5,elim,2026-05-16 06:00:00,2,VCT 2026: Pacific Stage 1,https://www.vlr.gg/666499/global-esports-vs-paper-rex-vct-2026-pacific-stage-1-lbf
GE,Ascent,atk,PRX,1,0,6,elim,2026-05-16 06:00:00,2,VCT 2026: Pacific Stage 1,https://www.vlr.gg/666499/global-esports-vs-paper-rex-vct-2026-pacific-stage-1-lbf
GE,Ascent,atk,PRX,0,1,7,defus,2026-05-16 06:00:00,2,VCT 2026: Pacific Stage 1,https://www.vlr.gg/666499/global-esports-vs-paper-rex-vct-2026-pacific-stage-1-lbf
GE,Ascent,atk,PRX,0,1,8,elim,2026-05-16 06:00:00,2,VCT 2026: Pacific Stage 1,https://www.vlr.gg/666499/global-esports-vs-paper-rex-vct-2026-pacific-stage-1-lbf
GE,Ascent,atk,PRX,0,1,9,defus,2026-05-16 06:00:00,2,VCT 2026: Pacific Stage 1,https://www.vlr.gg/666499/global-esports-vs-paper-rex-vct-2026-pacific-stage-1-lbf
GE,Ascent,atk,PRX,0,1,10,defus,2026-05-16 06:00:00,2,VCT 2026: Pacific Stage 1,https://www.vlr.gg/666499/global-esports-vs-paper-rex-vct-2026-pacific-stage-1-lbf
GE,Ascent,atk,PRX,0,1,11,elim,2026-05-16 06:00:00,2,VCT 2026: Pacific Stage 1,https://www.vlr.gg/666499/global-esports-vs-paper-rex-vct-2026-pacific-stage-1-lbf
GE,Ascent,atk,PRX,0,1,12,elim,2026-05-16 06:00:00,2,VCT 2026: Pacific Stage 1,https://www.vlr.gg/666499/global-esports-vs-paper-rex-vct-2026-pacific-stage-1-lbf
GE,Ascent,def,PRX,0,1,13,elim,2026-05-16 06:00:00,2,VCT 2026: Pacific Stage 1,https://www.vlr.gg/666499/global-esports-vs-paper-rex-vct-2026-pacific-stage-1-lbf
GE,Ascent,def,PRX,0,1,14,elim,2026-05-16 06:00:00,2,VCT 2026: Pacific Stage 1,https://www.vlr.gg/666499/global-esports-vs-paper-rex-vct-2026-pacific-stage-1-lbf
GE,Ascent,def,PRX,1,0,15,elim,2026-05-16 06:00:00,2,VCT 2026: Pacific Stage 1,https://www.vlr.gg/666499/global-esports-vs-paper-rex-vct-2026-pacific-stage-1-lbf
GE,Ascent,def,PRX,0,1,16,elim,2026-05-16 06:00:00,2,VCT 2026: Pacific Stage 1,https://www.vlr.gg/666499/global-esports-vs-paper-rex-vct-2026-pacific-stage-1-lbf
GE,Ascent,def,PRX,0,1,17,elim,2026-05-16 06:00:00,2,VCT 2026: Pacific Stage 1,https://www.vlr.gg/666499/global-esports-vs-paper-rex-vct-2026-pacific-stage-1-lbf
GE,Ascent,def,PRX,1,0,18,elim,2026-05-16 06:00:00,2,VCT 2026: Pacific Stage 1,https://www.vlr.gg/666499/global-esports-vs-paper-rex-vct-2026-pacific-stage-1-lbf
GE,Ascent,def,PRX,0,1,19,elim,2026-05-16 06:00:00,2,VCT 2026: Pacific Stage 1,https://www.vlr.gg/666499/global-esports-vs-paper-rex-vct-2026-pacific-stage-1-lbf
GE,Ascent,def,PRX,1,0,20,elim,2026-05-16 06:00:00,2,VCT 2026: Pacific Stage 1,https://www.vlr.gg/666499/global-esports-vs-paper-rex-vct-2026-pacific-stage-1-lbf
GE,Ascent,def,PRX,0,1,21,elim,2026-05-16 06:00:00,2,VCT 2026: Pacific Stage 1,https://www.vlr.gg/666499/global-esports-vs-paper-rex-vct-2026-pacific-stage-1-lbf
GE,Ascent,def,PRX,1,0,22,defus,2026-05-16 06:00:00,2,VCT 2026: Pacific Stage 1,https://www.vlr.gg/666499/global-esports-vs-paper-rex-vct-2026-pacific-stage-1-lbf
GE,Ascent,def,PRX,1,0,23,defus,2026-05-16 06:00:00,2,VCT 2026: Pacific Stage 1,https://www.vlr.gg/666499/global-esports-vs-paper-rex-vct-2026-pacific-stage-1-lbf
GE,Ascent,def,PRX,0,1,24,elim,2026-05-16 06:00:00,2,VCT 2026: Pacific Stage 1,https://www.vlr.gg/666499/global-esports-vs-paper-rex-vct-2026-pacific-stage-1-lbf
FS,Pearl,atk,PRX,1,0,1,elim,2026-05-17 06:00:00,0,VCT 2026: Pacific Stage 1,https://www.vlr.gg/666493/full-sense-vs-paper-rex-vct-2026-pacific-stage-1-gf
FS,Pearl,atk,PRX,1,0,2,elim,2026-05-17 06:00:00,0,VCT 2026: Pacific Stage 1,https://www.vlr.gg/666493/full-sense-vs-paper-rex-vct-2026-pacific-stage-1-gf
FS,Pearl,atk,PRX,0,1,3,defus,2026-05-17 06:00:00,0,VCT 2026: Pacific Stage 1,https://www.vlr.gg/666493/full-sense-vs-paper-rex-vct-2026-pacific-stage-1-gf
FS,Pearl,atk,PRX,0,1,4,elim,2026-05-17 06:00:00,0,VCT 2026: Pacific Stage 1,https://www.vlr.gg/666493/full-sense-vs-paper-rex-vct-2026-pacific-stage-1-gf
FS,Pearl,atk,PRX,1,0,5,boom,2026-05-17 06:00:00,0,VCT 2026: Pacific Stage 1,https://www.vlr.gg/666493/full-sense-vs-paper-rex-vct-2026-pacific-stage-1-gf
FS,Pearl,atk,PRX,1,0,6,elim,2026-05-17 06:00:00,0,VCT 2026: Pacific Stage 1,https://www.vlr.gg/666493/full-sense-vs-paper-rex-vct-2026-pacific-stage-1-gf
FS,Pearl,atk,PRX,0,1,7,defus,2026-05-17 06:00:00,0,VCT 2026: Pacific Stage 1,https://www.vlr.gg/666493/full-sense-vs-paper-rex-vct-2026-pacific-stage-1-gf
FS,Pearl,atk,PRX,1,0,8,elim,2026-05-17 06:00:00,0,VCT 2026: Pacific Stage 1,https://www.vlr.gg/666493/full-sense-vs-paper-rex-vct-2026-pacific-stage-1-gf
FS,Pearl,atk,PRX,1,0,9,boom,2026-05-17 06:00:00,0,VCT 2026: Pacific Stage 1,https://www.vlr.gg/666493/full-sense-vs-paper-rex-vct-2026-pacific-stage-1-gf
FS,Pearl,atk,PRX,0,1,10,elim,2026-05-17 06:00:00,0,VCT 2026: Pacific Stage 1,https://www.vlr.gg/666493/full-sense-vs-paper-rex-vct-2026-pacific-stage-1-gf
FS,Pearl,atk,PRX,1,0,11,elim,2026-05-17 06:00:00,0,VCT 2026: Pacific Stage 1,https://www.vlr.gg/666493/full-sense-vs-paper-rex-vct-2026-pacific-stage-1-gf
FS,Pearl,atk,PRX,0,1,12,defus,2026-05-17 06:00:00,0,VCT 2026: Pacific Stage 1,https://www.vlr.gg/666493/full-sense-vs-paper-rex-vct-2026-pacific-stage-1-gf
FS,Pearl,def,PRX,1,0,13,elim,2026-05-17 06:00:00,0,VCT 2026: Pacific Stage 1,https://www.vlr.gg/666493/full-sense-vs-paper-rex-vct-2026-pacific-stage-1-gf
FS,Pearl,def,PRX,1,0,14,elim,2026-05-17 06:00:00,0,VCT 2026: Pacific Stage 1,https://www.vlr.gg/666493/full-sense-vs-paper-rex-vct-2026-pacific-stage-1-gf
FS,Pearl,def,PRX,0,1,15,elim,2026-05-17 06:00:00,0,VCT 2026: Pacific Stage 1,https://www.vlr.gg/666493/full-sense-vs-paper-rex-vct-2026-pacific-stage-1-gf
FS,Pearl,def,PRX,0,1,16,elim,2026-05-17 06:00:00,0,VCT 2026: Pacific Stage 1,https://www.vlr.gg/666493/full-sense-vs-paper-rex-vct-2026-pacific-stage-1-gf
FS,Pearl,def,PRX,0,1,17,elim,2026-05-17 06:00:00,0,VCT 2026: Pacific Stage 1,https://www.vlr.gg/666493/full-sense-vs-paper-rex-vct-2026-pacific-stage-1-gf
FS,Pearl,def,PRX,0,1,18,boom,2026-05-17 06:00:00,0,VCT 2026: Pacific Stage 1,https://www.vlr.gg/666493/full-sense-vs-paper-rex-vct-2026-pacific-stage-1-gf
FS,Pearl,def,PRX,0,1,19,elim,2026-05-17 06:00:00,0,VCT 2026: Pacific Stage 1,https://www.vlr.gg/666493/full-sense-vs-paper-rex-vct-2026-pacific-stage-1-gf
FS,Pearl,def,PRX,0,1,20,boom,2026-05-17 06:00:00,0,VCT 2026: Pacific Stage 1,https://www.vlr.gg/666493/full-sense-vs-paper-rex-vct-2026-pacific-stage-1-gf
FS,Pearl,def,PRX,0,1,21,elim,2026-05-17 06:00:00,0,VCT 2026: Pacific Stage 1,https://www.vlr.gg/666493/full-sense-vs-paper-rex-vct-2026-pacific-stage-1-gf
FS,Pearl,def,PRX,1,0,22,defus,2026-05-17 06:00:00,0,VCT 2026: Pacific Stage 1,https://www.vlr.gg/666493/full-sense-vs-paper-rex-vct-2026-pacific-stage-1-gf
FS,Pearl,def,PRX,0,1,23,elim,2026-05-17 06:00:00,0,VCT 2026: Pacific Stage 1,https://www.vlr.gg/666493/full-sense-vs-paper-rex-vct-2026-pacific-stage-1-gf
FS,Lotus,atk,PRX,1,0,1,elim,2026-05-17 06:00:00,1,VCT 2026: Pacific Stage 1,https://www.vlr.gg/666493/full-sense-vs-paper-rex-vct-2026-pacific-stage-1-gf
FS,Lotus,atk,PRX,1,0,2,elim,2026-05-17 06:00:00,1,VCT 2026: Pacific Stage 1,https://www.vlr.gg/666493/full-sense-vs-paper-rex-vct-2026-pacific-stage-1-gf
FS,Lotus,atk,PRX,0,1,3,elim,2026-05-17 06:00:00,1,VCT 2026: Pacific Stage 1,https://www.vlr.gg/666493/full-sense-vs-paper-rex-vct-2026-pacific-stage-1-gf
FS,Lotus,atk,PRX,1,0,4,boom,2026-05-17 06:00:00,1,VCT 2026: Pacific Stage 1,https://www.vlr.gg/666493/full-sense-vs-paper-rex-vct-2026-pacific-stage-1-gf
FS,Lotus,atk,PRX,1,0,5,elim,2026-05-17 06:00:00,1,VCT 2026: Pacific Stage 1,https://www.vlr.gg/666493/full-sense-vs-paper-rex-vct-2026-pacific-stage-1-gf
FS,Lotus,atk,PRX,0,1,6,elim,2026-05-17 06:00:00,1,VCT 2026: Pacific Stage 1,https://www.vlr.gg/666493/full-sense-vs-paper-rex-vct-2026-pacific-stage-1-gf
FS,Lotus,atk,PRX,0,1,7,elim,2026-05-17 06:00:00,1,VCT 2026: Pacific Stage 1,https://www.vlr.gg/666493/full-sense-vs-paper-rex-vct-2026-pacific-stage-1-gf
FS,Lotus,atk,PRX,0,1,8,elim,2026-05-17 06:00:00,1,VCT 2026: Pacific Stage 1,https://www.vlr.gg/666493/full-sense-vs-paper-rex-vct-2026-pacific-stage-1-gf
FS,Lotus,atk,PRX,0,1,9,elim,2026-05-17 06:00:00,1,VCT 2026: Pacific Stage 1,https://www.vlr.gg/666493/full-sense-vs-paper-rex-vct-2026-pacific-stage-1-gf
FS,Lotus,atk,PRX,1,0,10,elim,2026-05-17 06:00:00,1,VCT 2026: Pacific Stage 1,https://www.vlr.gg/666493/full-sense-vs-paper-rex-vct-2026-pacific-stage-1-gf
FS,Lotus,atk,PRX,0,1,11,elim,2026-05-17 06:00:00,1,VCT 2026: Pacific Stage 1,https://www.vlr.gg/666493/full-sense-vs-paper-rex-vct-2026-pacific-stage-1-gf
FS,Lotus,atk,PRX,1,0,12,elim,2026-05-17 06:00:00,1,VCT 2026: Pacific Stage 1,https://www.vlr.gg/666493/full-sense-vs-paper-rex-vct-2026-pacific-stage-1-gf
FS,Lotus,def,PRX,1,0,13,defus,2026-05-17 06:00:00,1,VCT 2026: Pacific Stage 1,https://www.vlr.gg/666493/full-sense-vs-paper-rex-vct-2026-pacific-stage-1-gf
FS,Lotus,def,PRX,1,0,14,elim,2026-05-17 06:00:00,1,VCT 2026: Pacific Stage 1,https://www.vlr.gg/666493/full-sense-vs-paper-rex-vct-2026-pacific-stage-1-gf
FS,Lotus,def,PRX,0,1,15,elim,2026-05-17 06:00:00,1,VCT 2026: Pacific Stage 1,https://www.vlr.gg/666493/full-sense-vs-paper-rex-vct-2026-pacific-stage-1-gf
FS,Lotus,def,PRX,0,1,16,boom,2026-05-17 06:00:00,1,VCT 2026: Pacific Stage 1,https://www.vlr.gg/666493/full-sense-vs-paper-rex-vct-2026-pacific-stage-1-gf
FS,Lotus,def,PRX,0,1,17,elim,2026-05-17 06:00:00,1,VCT 2026: Pacific Stage 1,https://www.vlr.gg/666493/full-sense-vs-paper-rex-vct-2026-pacific-stage-1-gf
FS,Lotus,def,PRX,0,1,18,elim,2026-05-17 06:00:00,1,VCT 2026: Pacific Stage 1,https://www.vlr.gg/666493/full-sense-vs-paper-rex-vct-2026-pacific-stage-1-gf
FS,Lotus,def,PRX,0,1,19,elim,2026-05-17 06:00:00,1,VCT 2026: Pacific Stage 1,https://www.vlr.gg/666493/full-sense-vs-paper-rex-vct-2026-pacific-stage-1-gf
FS,Lotus,def,PRX,0,1,20,elim,2026-05-17 06:00:00,1,VCT 2026: Pacific Stage 1,https://www.vlr.gg/666493/full-sense-vs-paper-rex-vct-2026-pacific-stage-1-gf
FS,Lotus,def,PRX,1,0,21,defus,2026-05-17 06:00:00,1,VCT 2026: Pacific Stage 1,https://www.vlr.gg/666493/full-sense-vs-paper-rex-vct-2026-pacific-stage-1-gf
FS,Lotus,def,PRX,0,1,22,elim,2026-05-17 06:00:00,1,VCT 2026: Pacific Stage 1,https://www.vlr.gg/666493/full-sense-vs-paper-rex-vct-2026-pacific-stage-1-gf
FS,Fracture,atk,PRX,0,1,1,defus,2026-05-17 06:00:00,2,VCT 2026: Pacific Stage 1,https://www.vlr.gg/666493/full-sense-vs-paper-rex-vct-2026-pacific-stage-1-gf
FS,Fracture,atk,PRX,1,0,2,elim,2026-05-17 06:00:00,2,VCT 2026: Pacific Stage 1,https://www.vlr.gg/666493/full-sense-vs-paper-rex-vct-2026-pacific-stage-1-gf
FS,Fracture,atk,PRX,0,1,3,defus,2026-05-17 06:00:00,2,VCT 2026: Pacific Stage 1,https://www.vlr.gg/666493/full-sense-vs-paper-rex-vct-2026-pacific-stage-1-gf
FS,Fracture,atk,PRX,0,1,4,elim,2026-05-17 06:00:00,2,VCT 2026: Pacific Stage 1,https://www.vlr.gg/666493/full-sense-vs-paper-rex-vct-2026-pacific-stage-1-gf
FS,Fracture,atk,PRX,1,0,5,elim,2026-05-17 06:00:00,2,VCT 2026: Pacific Stage 1,https://www.vlr.gg/666493/full-sense-vs-paper-rex-vct-2026-pacific-stage-1-gf
FS,Fracture,atk,PRX,1,0,6,elim,2026-05-17 06:00:00,2,VCT 2026: Pacific Stage 1,https://www.vlr.gg/666493/full-sense-vs-paper-rex-vct-2026-pacific-stage-1-gf
FS,Fracture,atk,PRX,1,0,7,elim,2026-05-17 06:00:00,2,VCT 2026: Pacific Stage 1,https://www.vlr.gg/666493/full-sense-vs-paper-rex-vct-2026-pacific-stage-1-gf
FS,Fracture,atk,PRX,0,1,8,elim,2026-05-17 06:00:00,2,VCT 2026: Pacific Stage 1,https://www.vlr.gg/666493/full-sense-vs-paper-rex-vct-2026-pacific-stage-1-gf
FS,Fracture,atk,PRX,1,0,9,boom,2026-05-17 06:00:00,2,VCT 2026: Pacific Stage 1,https://www.vlr.gg/666493/full-sense-vs-paper-rex-vct-2026-pacific-stage-1-gf
FS,Fracture,atk,PRX,0,1,10,defus,2026-05-17 06:00:00,2,VCT 2026: Pacific Stage 1,https://www.vlr.gg/666493/full-sense-vs-paper-rex-vct-2026-pacific-stage-1-gf
FS,Fracture,atk,PRX,0,1,11,elim,2026-05-17 06:00:00,2,VCT 2026: Pacific Stage 1,https://www.vlr.gg/666493/full-sense-vs-paper-rex-vct-2026-pacific-stage-1-gf
FS,Fracture,atk,PRX,1,0,12,elim,2026-05-17 06:00:00,2,VCT 2026: Pacific Stage 1,https://www.vlr.gg/666493/full-sense-vs-paper-rex-vct-2026-pacific-stage-1-gf
FS,Fracture,def,PRX,1,0,13,defus,2026-05-17 06:00:00,2,VCT 2026: Pacific Stage 1,https://www.vlr.gg/666493/full-sense-vs-paper-rex-vct-2026-pacific-stage-1-gf
FS,Fracture,def,PRX,1,0,14,elim,2026-05-17 06:00:00,2,VCT 2026: Pacific Stage 1,https://www.vlr.gg/666493/full-sense-vs-paper-rex-vct-2026-pacific-stage-1-gf
FS,Fracture,def,PRX,0,1,15,elim,2026-05-17 06:00:00,2,VCT 2026: Pacific Stage 1,https://www.vlr.gg/666493/full-sense-vs-paper-rex-vct-2026-pacific-stage-1-gf
FS,Fracture,def,PRX,0,1,16,elim,2026-05-17 06:00:00,2,VCT 2026: Pacific Stage 1,https://www.vlr.gg/666493/full-sense-vs-paper-rex-vct-2026-pacific-stage-1-gf
FS,Fracture,def,PRX,1,0,17,elim,2026-05-17 06:00:00,2,VCT 2026: Pacific Stage 1,https://www.vlr.gg/666493/full-sense-vs-paper-rex-vct-2026-pacific-stage-1-gf
FS,Fracture,def,PRX,0,1,18,elim,2026-05-17 06:00:00,2,VCT 2026: Pacific Stage 1,https://www.vlr.gg/666493/full-sense-vs-paper-rex-vct-2026-pacific-stage-1-gf
FS,Fracture,def,PRX,0,1,19,elim,2026-05-17 06:00:00,2,VCT 2026: Pacific Stage 1,https://www.vlr.gg/666493/full-sense-vs-paper-rex-vct-2026-pacific-stage-1-gf
FS,Fracture,def,PRX,1,0,20,defus,2026-05-17 06:00:00,2,VCT 2026: Pacific Stage 1,https://www.vlr.gg/666493/full-sense-vs-paper-rex-vct-2026-pacific-stage-1-gf
FS,Fracture,def,PRX,0,1,21,boom,2026-05-17 06:00:00,2,VCT 2026: Pacific Stage 1,https://www.vlr.gg/666493/full-sense-vs-paper-rex-vct-2026-pacific-stage-1-gf
FS,Fracture,def,PRX,0,1,22,elim,2026-05-17 06:00:00,2,VCT 2026: Pacific Stage 1,https://www.vlr.gg/666493/full-sense-vs-paper-rex-vct-2026-pacific-stage-1-gf
FS,Fracture,def,PRX,0,1,23,elim,2026-05-17 06:00:00,2,VCT 2026: Pacific Stage 1,https://www.vlr.gg/666493/full-sense-vs-paper-rex-vct-2026-pacific-stage-1-gf
