player,team,2K,3K,4K,5K,1v1,1v2,1v3,1v4,1v5,ECON,PL,DE,map,date,source_url,event
starxo,M8,6,1,0,0,0,0,0,0,0,44,7,0,all,2026-02-28 12:00:00,https://www.vlr.gg/625788/gentle-mates-vs-edward-gaming-valorant-masters-santiago-2026-r1,Valorant Masters Santiago 2026
GLYPH,M8,6,1,0,0,0,0,0,0,0,52,1,0,all,2026-02-28 12:00:00,https://www.vlr.gg/625788/gentle-mates-vs-edward-gaming-valorant-masters-santiago-2026-r1,Valorant Masters Santiago 2026
marteen,M8,5,4,0,0,3,0,0,0,0,60,4,2,all,2026-02-28 12:00:00,https://www.vlr.gg/625788/gentle-mates-vs-edward-gaming-valorant-masters-santiago-2026-r1,Valorant Masters Santiago 2026
bipo,M8,3,1,0,0,0,0,0,0,0,41,1,1,all,2026-02-28 12:00:00,https://www.vlr.gg/625788/gentle-mates-vs-edward-gaming-valorant-masters-santiago-2026-r1,Valorant Masters Santiago 2026
Minny,M8,5,2,0,0,0,0,0,0,0,54,5,0,all,2026-02-28 12:00:00,https://www.vlr.gg/625788/gentle-mates-vs-edward-gaming-valorant-masters-santiago-2026-r1,Valorant Masters Santiago 2026
nobody,EDG,4,0,1,0,0,0,0,0,0,40,6,1,all,2026-02-28 12:00:00,https://www.vlr.gg/625788/gentle-mates-vs-edward-gaming-valorant-masters-santiago-2026-r1,Valorant Masters Santiago 2026
ZmjjKK,EDG,5,2,1,0,0,0,0,0,0,57,0,1,all,2026-02-28 12:00:00,https://www.vlr.gg/625788/gentle-mates-vs-edward-gaming-valorant-masters-santiago-2026-r1,Valorant Masters Santiago 2026
Smoggy,EDG,4,0,0,0,0,0,0,0,0,47,2,0,all,2026-02-28 12:00:00,https://www.vlr.gg/625788/gentle-mates-vs-edward-gaming-valorant-masters-santiago-2026-r1,Valorant Masters Santiago 2026
CHICHOO,EDG,7,0,0,0,0,0,0,0,0,48,1,1,all,2026-02-28 12:00:00,https://www.vlr.gg/625788/gentle-mates-vs-edward-gaming-valorant-masters-santiago-2026-r1,Valorant Masters Santiago 2026
cb,EDG,8,1,0,0,0,0,0,0,0,53,1,1,all,2026-02-28 12:00:00,https://www.vlr.gg/625788/gentle-mates-vs-edward-gaming-valorant-masters-santiago-2026-r1,Valorant Masters Santiago 2026
starxo,M8,5,1,0,0,0,0,0,0,0,46,2,0,Haven,2026-02-28 12:00:00,https://www.vlr.gg/625788/gentle-mates-vs-edward-gaming-valorant-masters-santiago-2026-r1,Valorant Masters Santiago 2026
GLYPH,M8,2,0,0,0,0,0,0,0,0,27,0,0,Haven,2026-02-28 12:00:00,https://www.vlr.gg/625788/gentle-mates-vs-edward-gaming-valorant-masters-santiago-2026-r1,Valorant Masters Santiago 2026
marteen,M8,2,1,0,0,1,0,0,0,0,39,4,1,Haven,2026-02-28 12:00:00,https://www.vlr.gg/625788/gentle-mates-vs-edward-gaming-valorant-masters-santiago-2026-r1,Valorant Masters Santiago 2026
bipo,M8,2,1,0,0,0,0,0,0,0,43,1,0,Haven,2026-02-28 12:00:00,https://www.vlr.gg/625788/gentle-mates-vs-edward-gaming-valorant-masters-santiago-2026-r1,Valorant Masters Santiago 2026
Minny,M8,3,1,0,0,0,0,0,0,0,58,4,0,Haven,2026-02-28 12:00:00,https://www.vlr.gg/625788/gentle-mates-vs-edward-gaming-valorant-masters-santiago-2026-r1,Valorant Masters Santiago 2026
nobody,EDG,2,0,1,0,0,0,0,0,0,47,5,1,Haven,2026-02-28 12:00:00,https://www.vlr.gg/625788/gentle-mates-vs-edward-gaming-valorant-masters-santiago-2026-r1,Valorant Masters Santiago 2026
ZmjjKK,EDG,3,1,1,0,0,0,0,0,0,76,0,1,Haven,2026-02-28 12:00:00,https://www.vlr.gg/625788/gentle-mates-vs-edward-gaming-valorant-masters-santiago-2026-r1,Valorant Masters Santiago 2026
Smoggy,EDG,2,0,0,0,0,0,0,0,0,48,0,0,Haven,2026-02-28 12:00:00,https://www.vlr.gg/625788/gentle-mates-vs-edward-gaming-valorant-masters-santiago-2026-r1,Valorant Masters Santiago 2026
CHICHOO,EDG,3,0,0,0,0,0,0,0,0,47,1,1,Haven,2026-02-28 12:00:00,https://www.vlr.gg/625788/gentle-mates-vs-edward-gaming-valorant-masters-santiago-2026-r1,Valorant Masters Santiago 2026
cb,EDG,4,1,0,0,0,0,0,0,0,55,1,0,Haven,2026-02-28 12:00:00,https://www.vlr.gg/625788/gentle-mates-vs-edward-gaming-valorant-masters-santiago-2026-r1,Valorant Masters Santiago 2026
starxo,M8,1,0,0,0,0,0,0,0,0,42,5,0,Pearl,2026-02-28 12:00:00,https://www.vlr.gg/625788/gentle-mates-vs-edward-gaming-valorant-masters-santiago-2026-r1,Valorant Masters Santiago 2026
GLYPH,M8,4,1,0,0,0,0,0,0,0,77,1,0,Pearl,2026-02-28 12:00:00,https://www.vlr.gg/625788/gentle-mates-vs-edward-gaming-valorant-masters-santiago-2026-r1,Valorant Masters Santiago 2026
marteen,M8,3,3,0,0,2,0,0,0,0,81,0,1,Pearl,2026-02-28 12:00:00,https://www.vlr.gg/625788/gentle-mates-vs-edward-gaming-valorant-masters-santiago-2026-r1,Valorant Masters Santiago 2026
bipo,M8,1,0,0,0,0,0,0,0,0,39,0,1,Pearl,2026-02-28 12:00:00,https://www.vlr.gg/625788/gentle-mates-vs-edward-gaming-valorant-masters-santiago-2026-r1,Valorant Masters Santiago 2026
Minny,M8,2,1,0,0,0,0,0,0,0,50,1,0,Pearl,2026-02-28 12:00:00,https://www.vlr.gg/625788/gentle-mates-vs-edward-gaming-valorant-masters-santiago-2026-r1,Valorant Masters Santiago 2026
nobody,EDG,2,0,0,0,0,0,0,0,0,32,1,0,Pearl,2026-02-28 12:00:00,https://www.vlr.gg/625788/gentle-mates-vs-edward-gaming-valorant-masters-santiago-2026-r1,Valorant Masters Santiago 2026
ZmjjKK,EDG,2,1,0,0,0,0,0,0,0,38,0,0,Pearl,2026-02-28 12:00:00,https://www.vlr.gg/625788/gentle-mates-vs-edward-gaming-valorant-masters-santiago-2026-r1,Valorant Masters Santiago 2026
Smoggy,EDG,2,0,0,0,0,0,0,0,0,45,2,0,Pearl,2026-02-28 12:00:00,https://www.vlr.gg/625788/gentle-mates-vs-edward-gaming-valorant-masters-santiago-2026-r1,Valorant Masters Santiago 2026
CHICHOO,EDG,4,0,0,0,0,0,0,0,0,48,0,0,Pearl,2026-02-28 12:00:00,https://www.vlr.gg/625788/gentle-mates-vs-edward-gaming-valorant-masters-santiago-2026-r1,Valorant Masters Santiago 2026
cb,EDG,4,0,0,0,0,0,0,0,0,50,0,1,Pearl,2026-02-28 12:00:00,https://www.vlr.gg/625788/gentle-mates-vs-edward-gaming-valorant-masters-santiago-2026-r1,Valorant Masters Santiago 2026
NoMan,XLG,4,0,0,0,0,0,0,0,0,32,1,0,all,2026-02-28 14:30:00,https://www.vlr.gg/625791/xi-lai-gaming-vs-nrg-valorant-masters-santiago-2026-r1,Valorant Masters Santiago 2026
Rarga,XLG,3,3,0,0,0,0,0,0,0,51,0,0,all,2026-02-28 14:30:00,https://www.vlr.gg/625791/xi-lai-gaming-vs-nrg-valorant-masters-santiago-2026-r1,Valorant Masters Santiago 2026
WsLeo,XLG,2,1,0,0,0,0,0,0,0,37,6,1,all,2026-02-28 14:30:00,https://www.vlr.gg/625791/xi-lai-gaming-vs-nrg-valorant-masters-santiago-2026-r1,Valorant Masters Santiago 2026
Lysoar,XLG,4,0,0,0,1,0,0,0,0,40,0,0,all,2026-02-28 14:30:00,https://www.vlr.gg/625791/xi-lai-gaming-vs-nrg-valorant-masters-santiago-2026-r1,Valorant Masters Santiago 2026
happywei,XLG,0,4,1,0,1,0,0,0,0,64,3,1,all,2026-02-28 14:30:00,https://www.vlr.gg/625791/xi-lai-gaming-vs-nrg-valorant-masters-santiago-2026-r1,Valorant Masters Santiago 2026
brawk,NRG,7,2,0,0,0,1,0,0,0,60,4,1,all,2026-02-28 14:30:00,https://www.vlr.gg/625791/xi-lai-gaming-vs-nrg-valorant-masters-santiago-2026-r1,Valorant Masters Santiago 2026
mada,NRG,6,2,1,0,0,0,0,0,0,61,0,0,all,2026-02-28 14:30:00,https://www.vlr.gg/625791/xi-lai-gaming-vs-nrg-valorant-masters-santiago-2026-r1,Valorant Masters Santiago 2026
skuba,NRG,5,1,0,0,2,0,0,0,0,48,2,1,all,2026-02-28 14:30:00,https://www.vlr.gg/625791/xi-lai-gaming-vs-nrg-valorant-masters-santiago-2026-r1,Valorant Masters Santiago 2026
Ethan,NRG,2,2,0,0,0,2,0,0,0,37,12,1,all,2026-02-28 14:30:00,https://www.vlr.gg/625791/xi-lai-gaming-vs-nrg-valorant-masters-santiago-2026-r1,Valorant Masters Santiago 2026
keiko,NRG,10,0,1,0,1,0,0,0,0,63,2,0,all,2026-02-28 14:30:00,https://www.vlr.gg/625791/xi-lai-gaming-vs-nrg-valorant-masters-santiago-2026-r1,Valorant Masters Santiago 2026
NoMan,XLG,1,0,0,0,0,0,0,0,0,29,0,0,Haven,2026-02-28 14:30:00,https://www.vlr.gg/625791/xi-lai-gaming-vs-nrg-valorant-masters-santiago-2026-r1,Valorant Masters Santiago 2026
Rarga,XLG,1,1,0,0,0,0,0,0,0,47,0,0,Haven,2026-02-28 14:30:00,https://www.vlr.gg/625791/xi-lai-gaming-vs-nrg-valorant-masters-santiago-2026-r1,Valorant Masters Santiago 2026
WsLeo,XLG,0,0,0,0,0,0,0,0,0,26,1,1,Haven,2026-02-28 14:30:00,https://www.vlr.gg/625791/xi-lai-gaming-vs-nrg-valorant-masters-santiago-2026-r1,Valorant Masters Santiago 2026
Lysoar,XLG,0,0,0,0,0,0,0,0,0,21,0,0,Haven,2026-02-28 14:30:00,https://www.vlr.gg/625791/xi-lai-gaming-vs-nrg-valorant-masters-santiago-2026-r1,Valorant Masters Santiago 2026
happywei,XLG,0,1,1,0,0,0,0,0,0,81,0,0,Haven,2026-02-28 14:30:00,https://www.vlr.gg/625791/xi-lai-gaming-vs-nrg-valorant-masters-santiago-2026-r1,Valorant Masters Santiago 2026
brawk,NRG,2,1,0,0,0,0,0,0,0,62,1,0,Haven,2026-02-28 14:30:00,https://www.vlr.gg/625791/xi-lai-gaming-vs-nrg-valorant-masters-santiago-2026-r1,Valorant Masters Santiago 2026
mada,NRG,3,1,1,0,0,0,0,0,0,86,0,0,Haven,2026-02-28 14:30:00,https://www.vlr.gg/625791/xi-lai-gaming-vs-nrg-valorant-masters-santiago-2026-r1,Valorant Masters Santiago 2026
skuba,NRG,3,0,0,0,0,0,0,0,0,56,0,1,Haven,2026-02-28 14:30:00,https://www.vlr.gg/625791/xi-lai-gaming-vs-nrg-valorant-masters-santiago-2026-r1,Valorant Masters Santiago 2026
Ethan,NRG,0,1,0,0,0,0,0,0,0,35,8,0,Haven,2026-02-28 14:30:00,https://www.vlr.gg/625791/xi-lai-gaming-vs-nrg-valorant-masters-santiago-2026-r1,Valorant Masters Santiago 2026
keiko,NRG,3,0,0,0,1,0,0,0,0,57,2,0,Haven,2026-02-28 14:30:00,https://www.vlr.gg/625791/xi-lai-gaming-vs-nrg-valorant-masters-santiago-2026-r1,Valorant Masters Santiago 2026
NoMan,XLG,3,0,0,0,0,0,0,0,0,35,1,0,Abyss,2026-02-28 14:30:00,https://www.vlr.gg/625791/xi-lai-gaming-vs-nrg-valorant-masters-santiago-2026-r1,Valorant Masters Santiago 2026
Rarga,XLG,2,2,0,0,0,0,0,0,0,54,0,0,Abyss,2026-02-28 14:30:00,https://www.vlr.gg/625791/xi-lai-gaming-vs-nrg-valorant-masters-santiago-2026-r1,Valorant Masters Santiago 2026
WsLeo,XLG,2,1,0,0,0,0,0,0,0,47,5,0,Abyss,2026-02-28 14:30:00,https://www.vlr.gg/625791/xi-lai-gaming-vs-nrg-valorant-masters-santiago-2026-r1,Valorant Masters Santiago 2026
Lysoar,XLG,4,0,0,0,1,0,0,0,0,59,0,0,Abyss,2026-02-28 14:30:00,https://www.vlr.gg/625791/xi-lai-gaming-vs-nrg-valorant-masters-santiago-2026-r1,Valorant Masters Santiago 2026
happywei,XLG,0,3,0,0,1,0,0,0,0,47,3,1,Abyss,2026-02-28 14:30:00,https://www.vlr.gg/625791/xi-lai-gaming-vs-nrg-valorant-masters-santiago-2026-r1,Valorant Masters Santiago 2026
brawk,NRG,5,1,0,0,0,1,0,0,0,58,3,1,Abyss,2026-02-28 14:30:00,https://www.vlr.gg/625791/xi-lai-gaming-vs-nrg-valorant-masters-santiago-2026-r1,Valorant Masters Santiago 2026
mada,NRG,3,1,0,0,0,0,0,0,0,36,0,0,Abyss,2026-02-28 14:30:00,https://www.vlr.gg/625791/xi-lai-gaming-vs-nrg-valorant-masters-santiago-2026-r1,Valorant Masters Santiago 2026
skuba,NRG,2,1,0,0,2,0,0,0,0,39,2,0,Abyss,2026-02-28 14:30:00,https://www.vlr.gg/625791/xi-lai-gaming-vs-nrg-valorant-masters-santiago-2026-r1,Valorant Masters Santiago 2026
Ethan,NRG,2,1,0,0,0,2,0,0,0,39,4,1,Abyss,2026-02-28 14:30:00,https://www.vlr.gg/625791/xi-lai-gaming-vs-nrg-valorant-masters-santiago-2026-r1,Valorant Masters Santiago 2026
keiko,NRG,7,0,1,0,0,0,0,0,0,69,0,0,Abyss,2026-02-28 14:30:00,https://www.vlr.gg/625791/xi-lai-gaming-vs-nrg-valorant-masters-santiago-2026-r1,Valorant Masters Santiago 2026
BABYBAY,G2,1,0,0,0,0,0,0,0,0,34,0,0,all,2026-03-01 12:00:00,https://www.vlr.gg/625790/g2-esports-vs-paper-rex-valorant-masters-santiago-2026-r1,Valorant Masters Santiago 2026
valyn,G2,4,3,0,0,0,0,0,0,0,65,7,0,all,2026-03-01 12:00:00,https://www.vlr.gg/625790/g2-esports-vs-paper-rex-valorant-masters-santiago-2026-r1,Valorant Masters Santiago 2026
jawgemo,G2,5,1,1,0,0,0,0,0,0,49,1,0,all,2026-03-01 12:00:00,https://www.vlr.gg/625790/g2-esports-vs-paper-rex-valorant-masters-santiago-2026-r1,Valorant Masters Santiago 2026
leaf,G2,6,3,0,0,0,0,0,0,0,48,2,1,all,2026-03-01 12:00:00,https://www.vlr.gg/625790/g2-esports-vs-paper-rex-valorant-masters-santiago-2026-r1,Valorant Masters Santiago 2026
trent,G2,6,2,0,0,1,0,0,0,0,49,8,1,all,2026-03-01 12:00:00,https://www.vlr.gg/625790/g2-esports-vs-paper-rex-valorant-masters-santiago-2026-r1,Valorant Masters Santiago 2026
Jinggg,PRX,6,0,0,0,0,0,0,0,0,50,0,3,all,2026-03-01 12:00:00,https://www.vlr.gg/625790/g2-esports-vs-paper-rex-valorant-masters-santiago-2026-r1,Valorant Masters Santiago 2026
invy,PRX,6,3,0,0,1,0,0,0,0,63,6,0,all,2026-03-01 12:00:00,https://www.vlr.gg/625790/g2-esports-vs-paper-rex-valorant-masters-santiago-2026-r1,Valorant Masters Santiago 2026
f0rsakeN,PRX,7,3,1,0,0,0,0,0,0,78,2,0,all,2026-03-01 12:00:00,https://www.vlr.gg/625790/g2-esports-vs-paper-rex-valorant-masters-santiago-2026-r1,Valorant Masters Santiago 2026
d4v41,PRX,4,5,0,0,1,1,0,0,0,74,3,3,all,2026-03-01 12:00:00,https://www.vlr.gg/625790/g2-esports-vs-paper-rex-valorant-masters-santiago-2026-r1,Valorant Masters Santiago 2026
something,PRX,8,0,0,0,0,0,0,0,0,41,0,3,all,2026-03-01 12:00:00,https://www.vlr.gg/625790/g2-esports-vs-paper-rex-valorant-masters-santiago-2026-r1,Valorant Masters Santiago 2026
BABYBAY,G2,1,0,0,0,0,0,0,0,0,31,0,0,Split,2026-03-01 12:00:00,https://www.vlr.gg/625790/g2-esports-vs-paper-rex-valorant-masters-santiago-2026-r1,Valorant Masters Santiago 2026
valyn,G2,2,2,0,0,0,0,0,0,0,66,4,0,Split,2026-03-01 12:00:00,https://www.vlr.gg/625790/g2-esports-vs-paper-rex-valorant-masters-santiago-2026-r1,Valorant Masters Santiago 2026
jawgemo,G2,2,1,1,0,0,0,0,0,0,42,0,0,Split,2026-03-01 12:00:00,https://www.vlr.gg/625790/g2-esports-vs-paper-rex-valorant-masters-santiago-2026-r1,Valorant Masters Santiago 2026
leaf,G2,5,2,0,0,0,0,0,0,0,59,2,1,Split,2026-03-01 12:00:00,https://www.vlr.gg/625790/g2-esports-vs-paper-rex-valorant-masters-santiago-2026-r1,Valorant Masters Santiago 2026
trent,G2,4,1,0,0,0,0,0,0,0,49,3,1,Split,2026-03-01 12:00:00,https://www.vlr.gg/625790/g2-esports-vs-paper-rex-valorant-masters-santiago-2026-r1,Valorant Masters Santiago 2026
Jinggg,PRX,2,0,0,0,0,0,0,0,0,40,0,3,Split,2026-03-01 12:00:00,https://www.vlr.gg/625790/g2-esports-vs-paper-rex-valorant-masters-santiago-2026-r1,Valorant Masters Santiago 2026
invy,PRX,3,1,0,0,0,0,0,0,0,70,3,0,Split,2026-03-01 12:00:00,https://www.vlr.gg/625790/g2-esports-vs-paper-rex-valorant-masters-santiago-2026-r1,Valorant Masters Santiago 2026
f0rsakeN,PRX,3,1,0,0,0,0,0,0,0,65,2,0,Split,2026-03-01 12:00:00,https://www.vlr.gg/625790/g2-esports-vs-paper-rex-valorant-masters-santiago-2026-r1,Valorant Masters Santiago 2026
d4v41,PRX,2,2,0,0,0,1,0,0,0,71,1,1,Split,2026-03-01 12:00:00,https://www.vlr.gg/625790/g2-esports-vs-paper-rex-valorant-masters-santiago-2026-r1,Valorant Masters Santiago 2026
something,PRX,5,0,0,0,0,0,0,0,0,48,0,1,Split,2026-03-01 12:00:00,https://www.vlr.gg/625790/g2-esports-vs-paper-rex-valorant-masters-santiago-2026-r1,Valorant Masters Santiago 2026
BABYBAY,G2,0,0,0,0,0,0,0,0,0,37,0,0,Corrode,2026-03-01 12:00:00,https://www.vlr.gg/625790/g2-esports-vs-paper-rex-valorant-masters-santiago-2026-r1,Valorant Masters Santiago 2026
valyn,G2,2,1,0,0,0,0,0,0,0,63,3,0,Corrode,2026-03-01 12:00:00,https://www.vlr.gg/625790/g2-esports-vs-paper-rex-valorant-masters-santiago-2026-r1,Valorant Masters Santiago 2026
jawgemo,G2,3,0,0,0,0,0,0,0,0,56,1,0,Corrode,2026-03-01 12:00:00,https://www.vlr.gg/625790/g2-esports-vs-paper-rex-valorant-masters-santiago-2026-r1,Valorant Masters Santiago 2026
leaf,G2,1,1,0,0,0,0,0,0,0,37,0,0,Corrode,2026-03-01 12:00:00,https://www.vlr.gg/625790/g2-esports-vs-paper-rex-valorant-masters-santiago-2026-r1,Valorant Masters Santiago 2026
trent,G2,2,1,0,0,1,0,0,0,0,48,5,0,Corrode,2026-03-01 12:00:00,https://www.vlr.gg/625790/g2-esports-vs-paper-rex-valorant-masters-santiago-2026-r1,Valorant Masters Santiago 2026
Jinggg,PRX,4,0,0,0,0,0,0,0,0,59,0,0,Corrode,2026-03-01 12:00:00,https://www.vlr.gg/625790/g2-esports-vs-paper-rex-valorant-masters-santiago-2026-r1,Valorant Masters Santiago 2026
invy,PRX,3,2,0,0,1,0,0,0,0,56,3,0,Corrode,2026-03-01 12:00:00,https://www.vlr.gg/625790/g2-esports-vs-paper-rex-valorant-masters-santiago-2026-r1,Valorant Masters Santiago 2026
f0rsakeN,PRX,4,2,1,0,0,0,0,0,0,90,0,0,Corrode,2026-03-01 12:00:00,https://www.vlr.gg/625790/g2-esports-vs-paper-rex-valorant-masters-santiago-2026-r1,Valorant Masters Santiago 2026
d4v41,PRX,2,3,0,0,1,0,0,0,0,76,2,2,Corrode,2026-03-01 12:00:00,https://www.vlr.gg/625790/g2-esports-vs-paper-rex-valorant-masters-santiago-2026-r1,Valorant Masters Santiago 2026
something,PRX,3,0,0,0,0,0,0,0,0,34,0,2,Corrode,2026-03-01 12:00:00,https://www.vlr.gg/625790/g2-esports-vs-paper-rex-valorant-masters-santiago-2026-r1,Valorant Masters Santiago 2026
stax,T1,7,5,0,1,0,0,0,1,0,67,10,1,all,2026-03-01 14:05:00,https://www.vlr.gg/625789/t1-vs-team-liquid-valorant-masters-santiago-2026-r1,Valorant Masters Santiago 2026
BuZz,T1,4,1,0,0,0,0,0,0,0,46,2,2,all,2026-03-01 14:05:00,https://www.vlr.gg/625789/t1-vs-team-liquid-valorant-masters-santiago-2026-r1,Valorant Masters Santiago 2026
Munchkin,T1,6,0,1,0,0,0,0,0,0,49,3,2,all,2026-03-01 14:05:00,https://www.vlr.gg/625789/t1-vs-team-liquid-valorant-masters-santiago-2026-r1,Valorant Masters Santiago 2026
Meteor,T1,5,1,0,0,1,0,0,0,0,30,0,1,all,2026-03-01 14:05:00,https://www.vlr.gg/625789/t1-vs-team-liquid-valorant-masters-santiago-2026-r1,Valorant Masters Santiago 2026
iZu,T1,9,2,1,0,0,0,0,0,0,53,2,2,all,2026-03-01 14:05:00,https://www.vlr.gg/625789/t1-vs-team-liquid-valorant-masters-santiago-2026-r1,Valorant Masters Santiago 2026
nAts,TL,7,2,1,0,1,0,0,0,0,49,0,1,all,2026-03-01 14:05:00,https://www.vlr.gg/625789/t1-vs-team-liquid-valorant-masters-santiago-2026-r1,Valorant Masters Santiago 2026
purp0,TL,1,0,2,0,0,0,0,0,0,53,15,0,all,2026-03-01 14:05:00,https://www.vlr.gg/625789/t1-vs-team-liquid-valorant-masters-santiago-2026-r1,Valorant Masters Santiago 2026
kamo,TL,8,2,0,0,2,0,0,0,0,47,2,4,all,2026-03-01 14:05:00,https://www.vlr.gg/625789/t1-vs-team-liquid-valorant-masters-santiago-2026-r1,Valorant Masters Santiago 2026
MiniBoo,TL,9,4,0,0,0,1,0,0,0,57,0,1,all,2026-03-01 14:05:00,https://www.vlr.gg/625789/t1-vs-team-liquid-valorant-masters-santiago-2026-r1,Valorant Masters Santiago 2026
wayne,TL,3,1,1,0,0,0,0,0,0,43,3,1,all,2026-03-01 14:05:00,https://www.vlr.gg/625789/t1-vs-team-liquid-valorant-masters-santiago-2026-r1,Valorant Masters Santiago 2026
stax,T1,5,1,0,1,0,0,0,1,0,83,7,1,Breeze,2026-03-01 14:05:00,https://www.vlr.gg/625789/t1-vs-team-liquid-valorant-masters-santiago-2026-r1,Valorant Masters Santiago 2026
BuZz,T1,3,0,0,0,0,0,0,0,0,43,0,0,Breeze,2026-03-01 14:05:00,https://www.vlr.gg/625789/t1-vs-team-liquid-valorant-masters-santiago-2026-r1,Valorant Masters Santiago 2026
Munchkin,T1,3,0,1,0,0,0,0,0,0,55,1,2,Breeze,2026-03-01 14:05:00,https://www.vlr.gg/625789/t1-vs-team-liquid-valorant-masters-santiago-2026-r1,Valorant Masters Santiago 2026
Meteor,T1,1,0,0,0,0,0,0,0,0,21,0,0,Breeze,2026-03-01 14:05:00,https://www.vlr.gg/625789/t1-vs-team-liquid-valorant-masters-santiago-2026-r1,Valorant Masters Santiago 2026
iZu,T1,3,0,1,0,0,0,0,0,0,55,0,0,Breeze,2026-03-01 14:05:00,https://www.vlr.gg/625789/t1-vs-team-liquid-valorant-masters-santiago-2026-r1,Valorant Masters Santiago 2026
nAts,TL,2,1,0,0,0,0,0,0,0,48,0,1,Breeze,2026-03-01 14:05:00,https://www.vlr.gg/625789/t1-vs-team-liquid-valorant-masters-santiago-2026-r1,Valorant Masters Santiago 2026
purp0,TL,0,0,0,0,0,0,0,0,0,56,5,0,Breeze,2026-03-01 14:05:00,https://www.vlr.gg/625789/t1-vs-team-liquid-valorant-masters-santiago-2026-r1,Valorant Masters Santiago 2026
kamo,TL,3,2,0,0,1,0,0,0,0,59,2,2,Breeze,2026-03-01 14:05:00,https://www.vlr.gg/625789/t1-vs-team-liquid-valorant-masters-santiago-2026-r1,Valorant Masters Santiago 2026
MiniBoo,TL,4,3,0,0,0,0,0,0,0,72,0,1,Breeze,2026-03-01 14:05:00,https://www.vlr.gg/625789/t1-vs-team-liquid-valorant-masters-santiago-2026-r1,Valorant Masters Santiago 2026
wayne,TL,1,0,0,0,0,0,0,0,0,33,1,0,Breeze,2026-03-01 14:05:00,https://www.vlr.gg/625789/t1-vs-team-liquid-valorant-masters-santiago-2026-r1,Valorant Masters Santiago 2026
stax,T1,2,4,0,0,0,0,0,0,0,50,3,0,Split,2026-03-01 14:05:00,https://www.vlr.gg/625789/t1-vs-team-liquid-valorant-masters-santiago-2026-r1,Valorant Masters Santiago 2026
BuZz,T1,1,1,0,0,0,0,0,0,0,48,2,2,Split,2026-03-01 14:05:00,https://www.vlr.gg/625789/t1-vs-team-liquid-valorant-masters-santiago-2026-r1,Valorant Masters Santiago 2026
Munchkin,T1,3,0,0,0,0,0,0,0,0,42,2,0,Split,2026-03-01 14:05:00,https://www.vlr.gg/625789/t1-vs-team-liquid-valorant-masters-santiago-2026-r1,Valorant Masters Santiago 2026
Meteor,T1,4,1,0,0,1,0,0,0,0,39,0,1,Split,2026-03-01 14:05:00,https://www.vlr.gg/625789/t1-vs-team-liquid-valorant-masters-santiago-2026-r1,Valorant Masters Santiago 2026
iZu,T1,6,2,0,0,0,0,0,0,0,50,2,2,Split,2026-03-01 14:05:00,https://www.vlr.gg/625789/t1-vs-team-liquid-valorant-masters-santiago-2026-r1,Valorant Masters Santiago 2026
nAts,TL,5,1,1,0,1,0,0,0,0,50,0,0,Split,2026-03-01 14:05:00,https://www.vlr.gg/625789/t1-vs-team-liquid-valorant-masters-santiago-2026-r1,Valorant Masters Santiago 2026
purp0,TL,1,0,2,0,0,0,0,0,0,50,10,0,Split,2026-03-01 14:05:00,https://www.vlr.gg/625789/t1-vs-team-liquid-valorant-masters-santiago-2026-r1,Valorant Masters Santiago 2026
kamo,TL,5,0,0,0,1,0,0,0,0,35,0,2,Split,2026-03-01 14:05:00,https://www.vlr.gg/625789/t1-vs-team-liquid-valorant-masters-santiago-2026-r1,Valorant Masters Santiago 2026
MiniBoo,TL,5,1,0,0,0,1,0,0,0,42,0,0,Split,2026-03-01 14:05:00,https://www.vlr.gg/625789/t1-vs-team-liquid-valorant-masters-santiago-2026-r1,Valorant Masters Santiago 2026
wayne,TL,2,1,1,0,0,0,0,0,0,53,2,1,Split,2026-03-01 14:05:00,https://www.vlr.gg/625789/t1-vs-team-liquid-valorant-masters-santiago-2026-r1,Valorant Masters Santiago 2026
Jinggg,PRX,9,3,0,0,1,0,0,0,0,49,4,1,all,2026-03-02 13:00:00,https://www.vlr.gg/626529/paper-rex-vs-nrg-valorant-masters-santiago-2026-r2-1-0,Valorant Masters Santiago 2026
invy,PRX,10,3,1,1,1,0,1,0,0,64,15,1,all,2026-03-02 13:00:00,https://www.vlr.gg/626529/paper-rex-vs-nrg-valorant-masters-santiago-2026-r2-1-0,Valorant Masters Santiago 2026
f0rsakeN,PRX,6,2,1,1,0,0,0,0,0,47,3,1,all,2026-03-02 13:00:00,https://www.vlr.gg/626529/paper-rex-vs-nrg-valorant-masters-santiago-2026-r2-1-0,Valorant Masters Santiago 2026
d4v41,PRX,8,4,0,0,0,0,0,0,0,52,4,1,all,2026-03-02 13:00:00,https://www.vlr.gg/626529/paper-rex-vs-nrg-valorant-masters-santiago-2026-r2-1-0,Valorant Masters Santiago 2026
something,PRX,3,0,1,0,0,0,0,0,0,30,2,2,all,2026-03-02 13:00:00,https://www.vlr.gg/626529/paper-rex-vs-nrg-valorant-masters-santiago-2026-r2-1-0,Valorant Masters Santiago 2026
brawk,NRG,7,2,0,0,0,0,0,0,0,49,8,1,all,2026-03-02 13:00:00,https://www.vlr.gg/626529/paper-rex-vs-nrg-valorant-masters-santiago-2026-r2-1-0,Valorant Masters Santiago 2026
mada,NRG,5,2,0,2,1,0,0,0,0,51,0,3,all,2026-03-02 13:00:00,https://www.vlr.gg/626529/paper-rex-vs-nrg-valorant-masters-santiago-2026-r2-1-0,Valorant Masters Santiago 2026
skuba,NRG,8,0,0,0,0,1,0,0,0,43,2,3,all,2026-03-02 13:00:00,https://www.vlr.gg/626529/paper-rex-vs-nrg-valorant-masters-santiago-2026-r2-1-0,Valorant Masters Santiago 2026
Ethan,NRG,4,2,0,0,0,0,0,0,0,43,15,0,all,2026-03-02 13:00:00,https://www.vlr.gg/626529/paper-rex-vs-nrg-valorant-masters-santiago-2026-r2-1-0,Valorant Masters Santiago 2026
keiko,NRG,13,0,1,0,0,0,0,0,0,51,1,1,all,2026-03-02 13:00:00,https://www.vlr.gg/626529/paper-rex-vs-nrg-valorant-masters-santiago-2026-r2-1-0,Valorant Masters Santiago 2026
Jinggg,PRX,2,1,0,0,0,0,0,0,0,45,1,0,Split,2026-03-02 13:00:00,https://www.vlr.gg/626529/paper-rex-vs-nrg-valorant-masters-santiago-2026-r2-1-0,Valorant Masters Santiago 2026
invy,PRX,3,1,0,1,0,0,1,0,0,76,5,0,Split,2026-03-02 13:00:00,https://www.vlr.gg/626529/paper-rex-vs-nrg-valorant-masters-santiago-2026-r2-1-0,Valorant Masters Santiago 2026
f0rsakeN,PRX,4,2,1,0,0,0,0,0,0,60,1,0,Split,2026-03-02 13:00:00,https://www.vlr.gg/626529/paper-rex-vs-nrg-valorant-masters-santiago-2026-r2-1-0,Valorant Masters Santiago 2026
d4v41,PRX,1,2,0,0,0,0,0,0,0,61,0,0,Split,2026-03-02 13:00:00,https://www.vlr.gg/626529/paper-rex-vs-nrg-valorant-masters-santiago-2026-r2-1-0,Valorant Masters Santiago 2026
something,PRX,1,0,0,0,0,0,0,0,0,22,1,1,Split,2026-03-02 13:00:00,https://www.vlr.gg/626529/paper-rex-vs-nrg-valorant-masters-santiago-2026-r2-1-0,Valorant Masters Santiago 2026
brawk,NRG,2,1,0,0,0,0,0,0,0,49,1,0,Split,2026-03-02 13:00:00,https://www.vlr.gg/626529/paper-rex-vs-nrg-valorant-masters-santiago-2026-r2-1-0,Valorant Masters Santiago 2026
mada,NRG,2,2,0,0,1,0,0,0,0,42,0,1,Split,2026-03-02 13:00:00,https://www.vlr.gg/626529/paper-rex-vs-nrg-valorant-masters-santiago-2026-r2-1-0,Valorant Masters Santiago 2026
skuba,NRG,2,0,0,0,0,0,0,0,0,26,1,0,Split,2026-03-02 13:00:00,https://www.vlr.gg/626529/paper-rex-vs-nrg-valorant-masters-santiago-2026-r2-1-0,Valorant Masters Santiago 2026
Ethan,NRG,0,1,0,0,0,0,0,0,0,56,4,0,Split,2026-03-02 13:00:00,https://www.vlr.gg/626529/paper-rex-vs-nrg-valorant-masters-santiago-2026-r2-1-0,Valorant Masters Santiago 2026
keiko,NRG,4,0,0,0,0,0,0,0,0,40,1,0,Split,2026-03-02 13:00:00,https://www.vlr.gg/626529/paper-rex-vs-nrg-valorant-masters-santiago-2026-r2-1-0,Valorant Masters Santiago 2026
Jinggg,PRX,6,0,0,0,1,0,0,0,0,54,0,0,Pearl,2026-03-02 13:00:00,https://www.vlr.gg/626529/paper-rex-vs-nrg-valorant-masters-santiago-2026-r2-1-0,Valorant Masters Santiago 2026
invy,PRX,4,1,0,0,1,0,0,0,0,69,5,1,Pearl,2026-03-02 13:00:00,https://www.vlr.gg/626529/paper-rex-vs-nrg-valorant-masters-santiago-2026-r2-1-0,Valorant Masters Santiago 2026
f0rsakeN,PRX,1,0,0,0,0,0,0,0,0,29,1,0,Pearl,2026-03-02 13:00:00,https://www.vlr.gg/626529/paper-rex-vs-nrg-valorant-masters-santiago-2026-r2-1-0,Valorant Masters Santiago 2026
d4v41,PRX,1,0,0,0,0,0,0,0,0,25,4,0,Pearl,2026-03-02 13:00:00,https://www.vlr.gg/626529/paper-rex-vs-nrg-valorant-masters-santiago-2026-r2-1-0,Valorant Masters Santiago 2026
something,PRX,0,0,1,0,0,0,0,0,0,30,0,0,Pearl,2026-03-02 13:00:00,https://www.vlr.gg/626529/paper-rex-vs-nrg-valorant-masters-santiago-2026-r2-1-0,Valorant Masters Santiago 2026
brawk,NRG,4,1,0,0,0,0,0,0,0,60,3,1,Pearl,2026-03-02 13:00:00,https://www.vlr.gg/626529/paper-rex-vs-nrg-valorant-masters-santiago-2026-r2-1-0,Valorant Masters Santiago 2026
mada,NRG,1,0,0,2,0,0,0,0,0,65,0,2,Pearl,2026-03-02 13:00:00,https://www.vlr.gg/626529/paper-rex-vs-nrg-valorant-masters-santiago-2026-r2-1-0,Valorant Masters Santiago 2026
skuba,NRG,3,0,0,0,0,0,0,0,0,54,1,1,Pearl,2026-03-02 13:00:00,https://www.vlr.gg/626529/paper-rex-vs-nrg-valorant-masters-santiago-2026-r2-1-0,Valorant Masters Santiago 2026
Ethan,NRG,3,1,0,0,0,0,0,0,0,50,4,0,Pearl,2026-03-02 13:00:00,https://www.vlr.gg/626529/paper-rex-vs-nrg-valorant-masters-santiago-2026-r2-1-0,Valorant Masters Santiago 2026
keiko,NRG,3,0,1,0,0,0,0,0,0,56,0,1,Pearl,2026-03-02 13:00:00,https://www.vlr.gg/626529/paper-rex-vs-nrg-valorant-masters-santiago-2026-r2-1-0,Valorant Masters Santiago 2026
Jinggg,PRX,1,2,0,0,0,0,0,0,0,48,3,1,Haven,2026-03-02 13:00:00,https://www.vlr.gg/626529/paper-rex-vs-nrg-valorant-masters-santiago-2026-r2-1-0,Valorant Masters Santiago 2026
invy,PRX,3,1,1,0,0,0,0,0,0,47,5,0,Haven,2026-03-02 13:00:00,https://www.vlr.gg/626529/paper-rex-vs-nrg-valorant-masters-santiago-2026-r2-1-0,Valorant Masters Santiago 2026
f0rsakeN,PRX,1,0,0,1,0,0,0,0,0,52,1,1,Haven,2026-03-02 13:00:00,https://www.vlr.gg/626529/paper-rex-vs-nrg-valorant-masters-santiago-2026-r2-1-0,Valorant Masters Santiago 2026
d4v41,PRX,6,2,0,0,0,0,0,0,0,69,0,1,Haven,2026-03-02 13:00:00,https://www.vlr.gg/626529/paper-rex-vs-nrg-valorant-masters-santiago-2026-r2-1-0,Valorant Masters Santiago 2026
something,PRX,2,0,0,0,0,0,0,0,0,39,1,1,Haven,2026-03-02 13:00:00,https://www.vlr.gg/626529/paper-rex-vs-nrg-valorant-masters-santiago-2026-r2-1-0,Valorant Masters Santiago 2026
brawk,NRG,1,0,0,0,0,0,0,0,0,39,4,0,Haven,2026-03-02 13:00:00,https://www.vlr.gg/626529/paper-rex-vs-nrg-valorant-masters-santiago-2026-r2-1-0,Valorant Masters Santiago 2026
mada,NRG,2,0,0,0,0,0,0,0,0,45,0,0,Haven,2026-03-02 13:00:00,https://www.vlr.gg/626529/paper-rex-vs-nrg-valorant-masters-santiago-2026-r2-1-0,Valorant Masters Santiago 2026
skuba,NRG,3,0,0,0,0,1,0,0,0,50,0,2,Haven,2026-03-02 13:00:00,https://www.vlr.gg/626529/paper-rex-vs-nrg-valorant-masters-santiago-2026-r2-1-0,Valorant Masters Santiago 2026
Ethan,NRG,1,0,0,0,0,0,0,0,0,24,7,0,Haven,2026-03-02 13:00:00,https://www.vlr.gg/626529/paper-rex-vs-nrg-valorant-masters-santiago-2026-r2-1-0,Valorant Masters Santiago 2026
keiko,NRG,6,0,0,0,0,0,0,0,0,57,0,0,Haven,2026-03-02 13:00:00,https://www.vlr.gg/626529/paper-rex-vs-nrg-valorant-masters-santiago-2026-r2-1-0,Valorant Masters Santiago 2026
starxo,M8,4,1,0,0,3,1,0,0,0,61,11,1,all,2026-03-02 16:30:00,https://www.vlr.gg/626530/gentle-mates-vs-team-liquid-valorant-masters-santiago-2026-r2-1-0,Valorant Masters Santiago 2026
GLYPH,M8,4,1,0,0,0,0,0,0,0,40,3,0,all,2026-03-02 16:30:00,https://www.vlr.gg/626530/gentle-mates-vs-team-liquid-valorant-masters-santiago-2026-r2-1-0,Valorant Masters Santiago 2026
marteen,M8,10,7,0,0,2,0,1,0,0,72,1,0,all,2026-03-02 16:30:00,https://www.vlr.gg/626530/gentle-mates-vs-team-liquid-valorant-masters-santiago-2026-r2-1-0,Valorant Masters Santiago 2026
bipo,M8,7,0,0,0,0,0,0,0,0,41,1,0,all,2026-03-02 16:30:00,https://www.vlr.gg/626530/gentle-mates-vs-team-liquid-valorant-masters-santiago-2026-r2-1-0,Valorant Masters Santiago 2026
Minny,M8,7,0,0,0,1,0,0,0,0,53,2,0,all,2026-03-02 16:30:00,https://www.vlr.gg/626530/gentle-mates-vs-team-liquid-valorant-masters-santiago-2026-r2-1-0,Valorant Masters Santiago 2026
nAts,TL,5,2,0,0,0,0,0,0,0,61,0,1,all,2026-03-02 16:30:00,https://www.vlr.gg/626530/gentle-mates-vs-team-liquid-valorant-masters-santiago-2026-r2-1-0,Valorant Masters Santiago 2026
purp0,TL,3,2,0,0,0,0,0,0,0,40,8,1,all,2026-03-02 16:30:00,https://www.vlr.gg/626530/gentle-mates-vs-team-liquid-valorant-masters-santiago-2026-r2-1-0,Valorant Masters Santiago 2026
kamo,TL,10,1,0,0,1,0,0,0,0,47,0,0,all,2026-03-02 16:30:00,https://www.vlr.gg/626530/gentle-mates-vs-team-liquid-valorant-masters-santiago-2026-r2-1-0,Valorant Masters Santiago 2026
MiniBoo,TL,3,1,0,0,0,0,0,0,0,45,0,1,all,2026-03-02 16:30:00,https://www.vlr.gg/626530/gentle-mates-vs-team-liquid-valorant-masters-santiago-2026-r2-1-0,Valorant Masters Santiago 2026
wayne,TL,4,1,1,0,0,0,0,0,0,47,0,0,all,2026-03-02 16:30:00,https://www.vlr.gg/626530/gentle-mates-vs-team-liquid-valorant-masters-santiago-2026-r2-1-0,Valorant Masters Santiago 2026
starxo,M8,2,1,0,0,2,1,0,0,0,68,7,1,Pearl,2026-03-02 16:30:00,https://www.vlr.gg/626530/gentle-mates-vs-team-liquid-valorant-masters-santiago-2026-r2-1-0,Valorant Masters Santiago 2026
GLYPH,M8,2,0,0,0,0,0,0,0,0,28,1,0,Pearl,2026-03-02 16:30:00,https://www.vlr.gg/626530/gentle-mates-vs-team-liquid-valorant-masters-santiago-2026-r2-1-0,Valorant Masters Santiago 2026
marteen,M8,6,5,0,0,1,0,0,0,0,72,0,0,Pearl,2026-03-02 16:30:00,https://www.vlr.gg/626530/gentle-mates-vs-team-liquid-valorant-masters-santiago-2026-r2-1-0,Valorant Masters Santiago 2026
bipo,M8,2,0,0,0,0,0,0,0,0,36,1,0,Pearl,2026-03-02 16:30:00,https://www.vlr.gg/626530/gentle-mates-vs-team-liquid-valorant-masters-santiago-2026-r2-1-0,Valorant Masters Santiago 2026
Minny,M8,3,0,0,0,0,0,0,0,0,45,1,0,Pearl,2026-03-02 16:30:00,https://www.vlr.gg/626530/gentle-mates-vs-team-liquid-valorant-masters-santiago-2026-r2-1-0,Valorant Masters Santiago 2026
nAts,TL,3,1,0,0,0,0,0,0,0,66,0,1,Pearl,2026-03-02 16:30:00,https://www.vlr.gg/626530/gentle-mates-vs-team-liquid-valorant-masters-santiago-2026-r2-1-0,Valorant Masters Santiago 2026
purp0,TL,2,2,0,0,0,0,0,0,0,41,7,1,Pearl,2026-03-02 16:30:00,https://www.vlr.gg/626530/gentle-mates-vs-team-liquid-valorant-masters-santiago-2026-r2-1-0,Valorant Masters Santiago 2026
kamo,TL,8,1,0,0,1,0,0,0,0,55,0,0,Pearl,2026-03-02 16:30:00,https://www.vlr.gg/626530/gentle-mates-vs-team-liquid-valorant-masters-santiago-2026-r2-1-0,Valorant Masters Santiago 2026
MiniBoo,TL,3,1,0,0,0,0,0,0,0,44,0,1,Pearl,2026-03-02 16:30:00,https://www.vlr.gg/626530/gentle-mates-vs-team-liquid-valorant-masters-santiago-2026-r2-1-0,Valorant Masters Santiago 2026
wayne,TL,3,1,0,0,0,0,0,0,0,42,0,0,Pearl,2026-03-02 16:30:00,https://www.vlr.gg/626530/gentle-mates-vs-team-liquid-valorant-masters-santiago-2026-r2-1-0,Valorant Masters Santiago 2026
starxo,M8,2,0,0,0,1,0,0,0,0,54,4,0,Bind,2026-03-02 16:30:00,https://www.vlr.gg/626530/gentle-mates-vs-team-liquid-valorant-masters-santiago-2026-r2-1-0,Valorant Masters Santiago 2026
GLYPH,M8,2,1,0,0,0,0,0,0,0,52,2,0,Bind,2026-03-02 16:30:00,https://www.vlr.gg/626530/gentle-mates-vs-team-liquid-valorant-masters-santiago-2026-r2-1-0,Valorant Masters Santiago 2026
marteen,M8,4,2,0,0,1,0,1,0,0,71,1,0,Bind,2026-03-02 16:30:00,https://www.vlr.gg/626530/gentle-mates-vs-team-liquid-valorant-masters-santiago-2026-r2-1-0,Valorant Masters Santiago 2026
bipo,M8,5,0,0,0,0,0,0,0,0,46,0,0,Bind,2026-03-02 16:30:00,https://www.vlr.gg/626530/gentle-mates-vs-team-liquid-valorant-masters-santiago-2026-r2-1-0,Valorant Masters Santiago 2026
Minny,M8,4,0,0,0,1,0,0,0,0,60,1,0,Bind,2026-03-02 16:30:00,https://www.vlr.gg/626530/gentle-mates-vs-team-liquid-valorant-masters-santiago-2026-r2-1-0,Valorant Masters Santiago 2026
nAts,TL,2,1,0,0,0,0,0,0,0,56,0,0,Bind,2026-03-02 16:30:00,https://www.vlr.gg/626530/gentle-mates-vs-team-liquid-valorant-masters-santiago-2026-r2-1-0,Valorant Masters Santiago 2026
purp0,TL,1,0,0,0,0,0,0,0,0,39,1,0,Bind,2026-03-02 16:30:00,https://www.vlr.gg/626530/gentle-mates-vs-team-liquid-valorant-masters-santiago-2026-r2-1-0,Valorant Masters Santiago 2026
kamo,TL,2,0,0,0,0,0,0,0,0,39,0,0,Bind,2026-03-02 16:30:00,https://www.vlr.gg/626530/gentle-mates-vs-team-liquid-valorant-masters-santiago-2026-r2-1-0,Valorant Masters Santiago 2026
MiniBoo,TL,0,0,0,0,0,0,0,0,0,46,0,0,Bind,2026-03-02 16:30:00,https://www.vlr.gg/626530/gentle-mates-vs-team-liquid-valorant-masters-santiago-2026-r2-1-0,Valorant Masters Santiago 2026
wayne,TL,1,0,1,0,0,0,0,0,0,52,0,0,Bind,2026-03-02 16:30:00,https://www.vlr.gg/626530/gentle-mates-vs-team-liquid-valorant-masters-santiago-2026-r2-1-0,Valorant Masters Santiago 2026
nobody,EDG,1,2,0,0,0,0,0,0,0,34,3,1,all,2026-03-03 13:00:00,https://www.vlr.gg/626532/edward-gaming-vs-t1-valorant-masters-santiago-2026-r2-0-1,Valorant Masters Santiago 2026
ZmjjKK,EDG,2,4,1,0,1,0,0,0,0,63,1,2,all,2026-03-03 13:00:00,https://www.vlr.gg/626532/edward-gaming-vs-t1-valorant-masters-santiago-2026-r2-0-1,Valorant Masters Santiago 2026
Smoggy,EDG,2,1,0,0,1,0,0,0,0,41,2,0,all,2026-03-03 13:00:00,https://www.vlr.gg/626532/edward-gaming-vs-t1-valorant-masters-santiago-2026-r2-0-1,Valorant Masters Santiago 2026
CHICHOO,EDG,5,2,0,0,0,0,0,0,0,49,0,1,all,2026-03-03 13:00:00,https://www.vlr.gg/626532/edward-gaming-vs-t1-valorant-masters-santiago-2026-r2-0-1,Valorant Masters Santiago 2026
cb,EDG,1,0,0,0,0,1,0,0,0,30,0,0,all,2026-03-03 13:00:00,https://www.vlr.gg/626532/edward-gaming-vs-t1-valorant-masters-santiago-2026-r2-0-1,Valorant Masters Santiago 2026
stax,T1,5,3,0,0,1,0,0,0,0,64,9,0,all,2026-03-03 13:00:00,https://www.vlr.gg/626532/edward-gaming-vs-t1-valorant-masters-santiago-2026-r2-0-1,Valorant Masters Santiago 2026
BuZz,T1,7,2,1,0,0,0,0,0,0,59,3,0,all,2026-03-03 13:00:00,https://www.vlr.gg/626532/edward-gaming-vs-t1-valorant-masters-santiago-2026-r2-0-1,Valorant Masters Santiago 2026
Munchkin,T1,5,2,0,0,0,0,0,0,0,65,4,1,all,2026-03-03 13:00:00,https://www.vlr.gg/626532/edward-gaming-vs-t1-valorant-masters-santiago-2026-r2-0-1,Valorant Masters Santiago 2026
Meteor,T1,4,1,1,0,2,0,0,0,0,58,0,1,all,2026-03-03 13:00:00,https://www.vlr.gg/626532/edward-gaming-vs-t1-valorant-masters-santiago-2026-r2-0-1,Valorant Masters Santiago 2026
iZu,T1,6,2,1,0,0,0,0,0,0,49,4,0,all,2026-03-03 13:00:00,https://www.vlr.gg/626532/edward-gaming-vs-t1-valorant-masters-santiago-2026-r2-0-1,Valorant Masters Santiago 2026
nobody,EDG,1,0,0,0,0,0,0,0,0,18,0,0,Bind,2026-03-03 13:00:00,https://www.vlr.gg/626532/edward-gaming-vs-t1-valorant-masters-santiago-2026-r2-0-1,Valorant Masters Santiago 2026
ZmjjKK,EDG,0,0,1,0,1,0,0,0,0,61,0,1,Bind,2026-03-03 13:00:00,https://www.vlr.gg/626532/edward-gaming-vs-t1-valorant-masters-santiago-2026-r2-0-1,Valorant Masters Santiago 2026
Smoggy,EDG,1,0,0,0,0,0,0,0,0,44,0,0,Bind,2026-03-03 13:00:00,https://www.vlr.gg/626532/edward-gaming-vs-t1-valorant-masters-santiago-2026-r2-0-1,Valorant Masters Santiago 2026
CHICHOO,EDG,2,0,0,0,0,0,0,0,0,45,0,0,Bind,2026-03-03 13:00:00,https://www.vlr.gg/626532/edward-gaming-vs-t1-valorant-masters-santiago-2026-r2-0-1,Valorant Masters Santiago 2026
cb,EDG,0,0,0,0,0,0,0,0,0,32,0,0,Bind,2026-03-03 13:00:00,https://www.vlr.gg/626532/edward-gaming-vs-t1-valorant-masters-santiago-2026-r2-0-1,Valorant Masters Santiago 2026
stax,T1,3,1,0,0,1,0,0,0,0,66,6,0,Bind,2026-03-03 13:00:00,https://www.vlr.gg/626532/edward-gaming-vs-t1-valorant-masters-santiago-2026-r2-0-1,Valorant Masters Santiago 2026
BuZz,T1,4,1,1,0,0,0,0,0,0,67,3,0,Bind,2026-03-03 13:00:00,https://www.vlr.gg/626532/edward-gaming-vs-t1-valorant-masters-santiago-2026-r2-0-1,Valorant Masters Santiago 2026
Munchkin,T1,3,0,0,0,0,0,0,0,0,65,2,0,Bind,2026-03-03 13:00:00,https://www.vlr.gg/626532/edward-gaming-vs-t1-valorant-masters-santiago-2026-r2-0-1,Valorant Masters Santiago 2026
Meteor,T1,1,0,1,0,1,0,0,0,0,64,0,0,Bind,2026-03-03 13:00:00,https://www.vlr.gg/626532/edward-gaming-vs-t1-valorant-masters-santiago-2026-r2-0-1,Valorant Masters Santiago 2026
iZu,T1,0,2,1,0,0,0,0,0,0,41,1,0,Bind,2026-03-03 13:00:00,https://www.vlr.gg/626532/edward-gaming-vs-t1-valorant-masters-santiago-2026-r2-0-1,Valorant Masters Santiago 2026
nobody,EDG,0,2,0,0,0,0,0,0,0,50,3,1,Haven,2026-03-03 13:00:00,https://www.vlr.gg/626532/edward-gaming-vs-t1-valorant-masters-santiago-2026-r2-0-1,Valorant Masters Santiago 2026
ZmjjKK,EDG,2,4,0,0,0,0,0,0,0,65,1,1,Haven,2026-03-03 13:00:00,https://www.vlr.gg/626532/edward-gaming-vs-t1-valorant-masters-santiago-2026-r2-0-1,Valorant Masters Santiago 2026
Smoggy,EDG,1,1,0,0,1,0,0,0,0,38,2,0,Haven,2026-03-03 13:00:00,https://www.vlr.gg/626532/edward-gaming-vs-t1-valorant-masters-santiago-2026-r2-0-1,Valorant Masters Santiago 2026
CHICHOO,EDG,3,2,0,0,0,0,0,0,0,52,0,1,Haven,2026-03-03 13:00:00,https://www.vlr.gg/626532/edward-gaming-vs-t1-valorant-masters-santiago-2026-r2-0-1,Valorant Masters Santiago 2026
cb,EDG,1,0,0,0,0,1,0,0,0,28,0,0,Haven,2026-03-03 13:00:00,https://www.vlr.gg/626532/edward-gaming-vs-t1-valorant-masters-santiago-2026-r2-0-1,Valorant Masters Santiago 2026
stax,T1,2,2,0,0,0,0,0,0,0,61,3,0,Haven,2026-03-03 13:00:00,https://www.vlr.gg/626532/edward-gaming-vs-t1-valorant-masters-santiago-2026-r2-0-1,Valorant Masters Santiago 2026
BuZz,T1,3,1,0,0,0,0,0,0,0,51,0,0,Haven,2026-03-03 13:00:00,https://www.vlr.gg/626532/edward-gaming-vs-t1-valorant-masters-santiago-2026-r2-0-1,Valorant Masters Santiago 2026
Munchkin,T1,2,2,0,0,0,0,0,0,0,65,2,1,Haven,2026-03-03 13:00:00,https://www.vlr.gg/626532/edward-gaming-vs-t1-valorant-masters-santiago-2026-r2-0-1,Valorant Masters Santiago 2026
Meteor,T1,3,1,0,0,1,0,0,0,0,51,0,1,Haven,2026-03-03 13:00:00,https://www.vlr.gg/626532/edward-gaming-vs-t1-valorant-masters-santiago-2026-r2-0-1,Valorant Masters Santiago 2026
iZu,T1,6,0,0,0,0,0,0,0,0,57,3,0,Haven,2026-03-03 13:00:00,https://www.vlr.gg/626532/edward-gaming-vs-t1-valorant-masters-santiago-2026-r2-0-1,Valorant Masters Santiago 2026
NoMan,XLG,4,2,0,0,1,0,0,0,0,43,0,0,all,2026-03-03 15:10:00,https://www.vlr.gg/626533/xi-lai-gaming-vs-g2-esports-valorant-masters-santiago-2026-r2-0-1,Valorant Masters Santiago 2026
Rarga,XLG,5,2,0,0,0,0,0,0,0,52,0,0,all,2026-03-03 15:10:00,https://www.vlr.gg/626533/xi-lai-gaming-vs-g2-esports-valorant-masters-santiago-2026-r2-0-1,Valorant Masters Santiago 2026
WsLeo,XLG,2,0,0,0,1,0,0,0,0,49,8,0,all,2026-03-03 15:10:00,https://www.vlr.gg/626533/xi-lai-gaming-vs-g2-esports-valorant-masters-santiago-2026-r2-0-1,Valorant Masters Santiago 2026
Lysoar,XLG,6,0,2,0,0,0,0,0,0,44,1,0,all,2026-03-03 15:10:00,https://www.vlr.gg/626533/xi-lai-gaming-vs-g2-esports-valorant-masters-santiago-2026-r2-0-1,Valorant Masters Santiago 2026
happywei,XLG,6,3,0,0,0,0,0,0,0,57,0,2,all,2026-03-03 15:10:00,https://www.vlr.gg/626533/xi-lai-gaming-vs-g2-esports-valorant-masters-santiago-2026-r2-0-1,Valorant Masters Santiago 2026
BABYBAY,G2,7,1,0,0,0,0,0,0,0,53,1,1,all,2026-03-03 15:10:00,https://www.vlr.gg/626533/xi-lai-gaming-vs-g2-esports-valorant-masters-santiago-2026-r2-0-1,Valorant Masters Santiago 2026
valyn,G2,7,2,0,0,1,0,0,0,0,54,2,1,all,2026-03-03 15:10:00,https://www.vlr.gg/626533/xi-lai-gaming-vs-g2-esports-valorant-masters-santiago-2026-r2-0-1,Valorant Masters Santiago 2026
jawgemo,G2,4,3,2,0,0,0,0,0,0,77,2,0,all,2026-03-03 15:10:00,https://www.vlr.gg/626533/xi-lai-gaming-vs-g2-esports-valorant-masters-santiago-2026-r2-0-1,Valorant Masters Santiago 2026
leaf,G2,6,4,0,0,3,1,0,0,0,62,0,1,all,2026-03-03 15:10:00,https://www.vlr.gg/626533/xi-lai-gaming-vs-g2-esports-valorant-masters-santiago-2026-r2-0-1,Valorant Masters Santiago 2026
trent,G2,9,0,0,0,4,0,0,0,0,56,7,1,all,2026-03-03 15:10:00,https://www.vlr.gg/626533/xi-lai-gaming-vs-g2-esports-valorant-masters-santiago-2026-r2-0-1,Valorant Masters Santiago 2026
NoMan,XLG,1,1,0,0,1,0,0,0,0,39,0,0,Abyss,2026-03-03 15:10:00,https://www.vlr.gg/626533/xi-lai-gaming-vs-g2-esports-valorant-masters-santiago-2026-r2-0-1,Valorant Masters Santiago 2026
Rarga,XLG,3,1,0,0,0,0,0,0,0,51,0,0,Abyss,2026-03-03 15:10:00,https://www.vlr.gg/626533/xi-lai-gaming-vs-g2-esports-valorant-masters-santiago-2026-r2-0-1,Valorant Masters Santiago 2026
WsLeo,XLG,1,0,0,0,0,0,0,0,0,41,4,0,Abyss,2026-03-03 15:10:00,https://www.vlr.gg/626533/xi-lai-gaming-vs-g2-esports-valorant-masters-santiago-2026-r2-0-1,Valorant Masters Santiago 2026
Lysoar,XLG,6,0,1,0,0,0,0,0,0,57,0,0,Abyss,2026-03-03 15:10:00,https://www.vlr.gg/626533/xi-lai-gaming-vs-g2-esports-valorant-masters-santiago-2026-r2-0-1,Valorant Masters Santiago 2026
happywei,XLG,5,1,0,0,0,0,0,0,0,49,0,2,Abyss,2026-03-03 15:10:00,https://www.vlr.gg/626533/xi-lai-gaming-vs-g2-esports-valorant-masters-santiago-2026-r2-0-1,Valorant Masters Santiago 2026
BABYBAY,G2,5,1,0,0,0,0,0,0,0,63,1,1,Abyss,2026-03-03 15:10:00,https://www.vlr.gg/626533/xi-lai-gaming-vs-g2-esports-valorant-masters-santiago-2026-r2-0-1,Valorant Masters Santiago 2026
valyn,G2,4,2,0,0,0,0,0,0,0,65,2,1,Abyss,2026-03-03 15:10:00,https://www.vlr.gg/626533/xi-lai-gaming-vs-g2-esports-valorant-masters-santiago-2026-r2-0-1,Valorant Masters Santiago 2026
jawgemo,G2,1,0,1,0,0,0,0,0,0,41,0,0,Abyss,2026-03-03 15:10:00,https://www.vlr.gg/626533/xi-lai-gaming-vs-g2-esports-valorant-masters-santiago-2026-r2-0-1,Valorant Masters Santiago 2026
leaf,G2,3,3,0,0,2,0,0,0,0,54,0,0,Abyss,2026-03-03 15:10:00,https://www.vlr.gg/626533/xi-lai-gaming-vs-g2-esports-valorant-masters-santiago-2026-r2-0-1,Valorant Masters Santiago 2026
trent,G2,5,0,0,0,3,0,0,0,0,54,5,0,Abyss,2026-03-03 15:10:00,https://www.vlr.gg/626533/xi-lai-gaming-vs-g2-esports-valorant-masters-santiago-2026-r2-0-1,Valorant Masters Santiago 2026
NoMan,XLG,3,1,0,0,0,0,0,0,0,47,0,0,Haven,2026-03-03 15:10:00,https://www.vlr.gg/626533/xi-lai-gaming-vs-g2-esports-valorant-masters-santiago-2026-r2-0-1,Valorant Masters Santiago 2026
Rarga,XLG,2,1,0,0,0,0,0,0,0,52,0,0,Haven,2026-03-03 15:10:00,https://www.vlr.gg/626533/xi-lai-gaming-vs-g2-esports-valorant-masters-santiago-2026-r2-0-1,Valorant Masters Santiago 2026
WsLeo,XLG,1,0,0,0,1,0,0,0,0,56,4,0,Haven,2026-03-03 15:10:00,https://www.vlr.gg/626533/xi-lai-gaming-vs-g2-esports-valorant-masters-santiago-2026-r2-0-1,Valorant Masters Santiago 2026
Lysoar,XLG,0,0,1,0,0,0,0,0,0,31,1,0,Haven,2026-03-03 15:10:00,https://www.vlr.gg/626533/xi-lai-gaming-vs-g2-esports-valorant-masters-santiago-2026-r2-0-1,Valorant Masters Santiago 2026
happywei,XLG,1,2,0,0,0,0,0,0,0,64,0,0,Haven,2026-03-03 15:10:00,https://www.vlr.gg/626533/xi-lai-gaming-vs-g2-esports-valorant-masters-santiago-2026-r2-0-1,Valorant Masters Santiago 2026
BABYBAY,G2,2,0,0,0,0,0,0,0,0,43,0,0,Haven,2026-03-03 15:10:00,https://www.vlr.gg/626533/xi-lai-gaming-vs-g2-esports-valorant-masters-santiago-2026-r2-0-1,Valorant Masters Santiago 2026
valyn,G2,3,0,0,0,1,0,0,0,0,43,0,0,Haven,2026-03-03 15:10:00,https://www.vlr.gg/626533/xi-lai-gaming-vs-g2-esports-valorant-masters-santiago-2026-r2-0-1,Valorant Masters Santiago 2026
jawgemo,G2,3,3,1,0,0,0,0,0,0,113,2,0,Haven,2026-03-03 15:10:00,https://www.vlr.gg/626533/xi-lai-gaming-vs-g2-esports-valorant-masters-santiago-2026-r2-0-1,Valorant Masters Santiago 2026
leaf,G2,3,1,0,0,1,1,0,0,0,69,0,1,Haven,2026-03-03 15:10:00,https://www.vlr.gg/626533/xi-lai-gaming-vs-g2-esports-valorant-masters-santiago-2026-r2-0-1,Valorant Masters Santiago 2026
trent,G2,4,0,0,0,1,0,0,0,0,57,2,1,Haven,2026-03-03 15:10:00,https://www.vlr.gg/626533/xi-lai-gaming-vs-g2-esports-valorant-masters-santiago-2026-r2-0-1,Valorant Masters Santiago 2026
brawk,NRG,7,1,0,0,0,1,0,0,0,59,6,4,all,2026-03-04 13:00:00,https://www.vlr.gg/626535/nrg-vs-team-liquid-valorant-masters-santiago-2026-r3,Valorant Masters Santiago 2026
mada,NRG,8,0,0,0,0,1,0,0,0,45,2,1,all,2026-03-04 13:00:00,https://www.vlr.gg/626535/nrg-vs-team-liquid-valorant-masters-santiago-2026-r3,Valorant Masters Santiago 2026
skuba,NRG,5,2,1,0,1,1,0,0,0,61,3,2,all,2026-03-04 13:00:00,https://www.vlr.gg/626535/nrg-vs-team-liquid-valorant-masters-santiago-2026-r3,Valorant Masters Santiago 2026
Ethan,NRG,2,0,1,0,0,0,0,0,0,50,4,1,all,2026-03-04 13:00:00,https://www.vlr.gg/626535/nrg-vs-team-liquid-valorant-masters-santiago-2026-r3,Valorant Masters Santiago 2026
keiko,NRG,6,2,2,0,1,0,1,0,0,76,0,0,all,2026-03-04 13:00:00,https://www.vlr.gg/626535/nrg-vs-team-liquid-valorant-masters-santiago-2026-r3,Valorant Masters Santiago 2026
nAts,TL,4,2,0,0,0,0,0,0,0,41,1,0,all,2026-03-04 13:00:00,https://www.vlr.gg/626535/nrg-vs-team-liquid-valorant-masters-santiago-2026-r3,Valorant Masters Santiago 2026
purp0,TL,6,1,0,0,0,0,0,0,0,38,8,1,all,2026-03-04 13:00:00,https://www.vlr.gg/626535/nrg-vs-team-liquid-valorant-masters-santiago-2026-r3,Valorant Masters Santiago 2026
kamo,TL,3,1,1,0,0,0,0,0,0,47,3,1,all,2026-03-04 13:00:00,https://www.vlr.gg/626535/nrg-vs-team-liquid-valorant-masters-santiago-2026-r3,Valorant Masters Santiago 2026
MiniBoo,TL,5,1,0,0,0,0,0,0,0,38,1,0,all,2026-03-04 13:00:00,https://www.vlr.gg/626535/nrg-vs-team-liquid-valorant-masters-santiago-2026-r3,Valorant Masters Santiago 2026
wayne,TL,5,1,1,0,1,1,0,0,0,39,5,1,all,2026-03-04 13:00:00,https://www.vlr.gg/626535/nrg-vs-team-liquid-valorant-masters-santiago-2026-r3,Valorant Masters Santiago 2026
brawk,NRG,5,0,0,0,0,1,0,0,0,64,4,1,Breeze,2026-03-04 13:00:00,https://www.vlr.gg/626535/nrg-vs-team-liquid-valorant-masters-santiago-2026-r3,Valorant Masters Santiago 2026
mada,NRG,5,0,0,0,0,0,0,0,0,57,2,0,Breeze,2026-03-04 13:00:00,https://www.vlr.gg/626535/nrg-vs-team-liquid-valorant-masters-santiago-2026-r3,Valorant Masters Santiago 2026
skuba,NRG,3,1,0,0,1,0,0,0,0,52,3,1,Breeze,2026-03-04 13:00:00,https://www.vlr.gg/626535/nrg-vs-team-liquid-valorant-masters-santiago-2026-r3,Valorant Masters Santiago 2026
Ethan,NRG,1,0,0,0,0,0,0,0,0,34,2,0,Breeze,2026-03-04 13:00:00,https://www.vlr.gg/626535/nrg-vs-team-liquid-valorant-masters-santiago-2026-r3,Valorant Masters Santiago 2026
keiko,NRG,3,0,2,0,1,0,1,0,0,58,0,0,Breeze,2026-03-04 13:00:00,https://www.vlr.gg/626535/nrg-vs-team-liquid-valorant-masters-santiago-2026-r3,Valorant Masters Santiago 2026
nAts,TL,3,1,0,0,0,0,0,0,0,41,0,0,Breeze,2026-03-04 13:00:00,https://www.vlr.gg/626535/nrg-vs-team-liquid-valorant-masters-santiago-2026-r3,Valorant Masters Santiago 2026
purp0,TL,6,1,0,0,0,0,0,0,0,55,6,1,Breeze,2026-03-04 13:00:00,https://www.vlr.gg/626535/nrg-vs-team-liquid-valorant-masters-santiago-2026-r3,Valorant Masters Santiago 2026
kamo,TL,1,0,1,0,0,0,0,0,0,39,1,1,Breeze,2026-03-04 13:00:00,https://www.vlr.gg/626535/nrg-vs-team-liquid-valorant-masters-santiago-2026-r3,Valorant Masters Santiago 2026
MiniBoo,TL,4,1,0,0,0,0,0,0,0,41,0,0,Breeze,2026-03-04 13:00:00,https://www.vlr.gg/626535/nrg-vs-team-liquid-valorant-masters-santiago-2026-r3,Valorant Masters Santiago 2026
wayne,TL,3,1,1,0,0,1,0,0,0,54,1,1,Breeze,2026-03-04 13:00:00,https://www.vlr.gg/626535/nrg-vs-team-liquid-valorant-masters-santiago-2026-r3,Valorant Masters Santiago 2026
brawk,NRG,2,1,0,0,0,0,0,0,0,54,2,3,Abyss,2026-03-04 13:00:00,https://www.vlr.gg/626535/nrg-vs-team-liquid-valorant-masters-santiago-2026-r3,Valorant Masters Santiago 2026
mada,NRG,3,0,0,0,0,1,0,0,0,32,0,1,Abyss,2026-03-04 13:00:00,https://www.vlr.gg/626535/nrg-vs-team-liquid-valorant-masters-santiago-2026-r3,Valorant Masters Santiago 2026
skuba,NRG,2,1,1,0,0,1,0,0,0,70,0,1,Abyss,2026-03-04 13:00:00,https://www.vlr.gg/626535/nrg-vs-team-liquid-valorant-masters-santiago-2026-r3,Valorant Masters Santiago 2026
Ethan,NRG,1,0,1,0,0,0,0,0,0,66,2,1,Abyss,2026-03-04 13:00:00,https://www.vlr.gg/626535/nrg-vs-team-liquid-valorant-masters-santiago-2026-r3,Valorant Masters Santiago 2026
keiko,NRG,3,2,0,0,0,0,0,0,0,94,0,0,Abyss,2026-03-04 13:00:00,https://www.vlr.gg/626535/nrg-vs-team-liquid-valorant-masters-santiago-2026-r3,Valorant Masters Santiago 2026
nAts,TL,1,1,0,0,0,0,0,0,0,40,1,0,Abyss,2026-03-04 13:00:00,https://www.vlr.gg/626535/nrg-vs-team-liquid-valorant-masters-santiago-2026-r3,Valorant Masters Santiago 2026
purp0,TL,0,0,0,0,0,0,0,0,0,20,2,0,Abyss,2026-03-04 13:00:00,https://www.vlr.gg/626535/nrg-vs-team-liquid-valorant-masters-santiago-2026-r3,Valorant Masters Santiago 2026
kamo,TL,2,1,0,0,0,0,0,0,0,55,2,0,Abyss,2026-03-04 13:00:00,https://www.vlr.gg/626535/nrg-vs-team-liquid-valorant-masters-santiago-2026-r3,Valorant Masters Santiago 2026
MiniBoo,TL,1,0,0,0,0,0,0,0,0,35,1,0,Abyss,2026-03-04 13:00:00,https://www.vlr.gg/626535/nrg-vs-team-liquid-valorant-masters-santiago-2026-r3,Valorant Masters Santiago 2026
wayne,TL,2,0,0,0,1,0,0,0,0,23,4,0,Abyss,2026-03-04 13:00:00,https://www.vlr.gg/626535/nrg-vs-team-liquid-valorant-masters-santiago-2026-r3,Valorant Masters Santiago 2026
BABYBAY,G2,8,2,0,0,0,1,0,0,0,41,1,3,all,2026-03-04 15:20:00,https://www.vlr.gg/626534/g2-esports-vs-t1-valorant-masters-santiago-2026-r3,Valorant Masters Santiago 2026
valyn,G2,2,1,0,0,2,0,0,0,0,40,4,1,all,2026-03-04 15:20:00,https://www.vlr.gg/626534/g2-esports-vs-t1-valorant-masters-santiago-2026-r3,Valorant Masters Santiago 2026
jawgemo,G2,8,2,0,0,1,0,0,0,0,65,2,1,all,2026-03-04 15:20:00,https://www.vlr.gg/626534/g2-esports-vs-t1-valorant-masters-santiago-2026-r3,Valorant Masters Santiago 2026
leaf,G2,9,1,0,0,0,0,0,0,0,49,0,2,all,2026-03-04 15:20:00,https://www.vlr.gg/626534/g2-esports-vs-t1-valorant-masters-santiago-2026-r3,Valorant Masters Santiago 2026
trent,G2,7,4,1,0,0,1,0,0,0,53,15,1,all,2026-03-04 15:20:00,https://www.vlr.gg/626534/g2-esports-vs-t1-valorant-masters-santiago-2026-r3,Valorant Masters Santiago 2026
stax,T1,4,0,0,0,0,0,0,0,0,32,11,0,all,2026-03-04 15:20:00,https://www.vlr.gg/626534/g2-esports-vs-t1-valorant-masters-santiago-2026-r3,Valorant Masters Santiago 2026
BuZz,T1,10,1,0,0,1,0,0,0,0,52,0,2,all,2026-03-04 15:20:00,https://www.vlr.gg/626534/g2-esports-vs-t1-valorant-masters-santiago-2026-r3,Valorant Masters Santiago 2026
Munchkin,T1,7,0,0,0,2,0,0,0,0,47,5,0,all,2026-03-04 15:20:00,https://www.vlr.gg/626534/g2-esports-vs-t1-valorant-masters-santiago-2026-r3,Valorant Masters Santiago 2026
Meteor,T1,7,1,0,0,0,0,0,0,0,45,2,0,all,2026-03-04 15:20:00,https://www.vlr.gg/626534/g2-esports-vs-t1-valorant-masters-santiago-2026-r3,Valorant Masters Santiago 2026
iZu,T1,9,3,1,0,0,0,0,0,0,58,2,1,all,2026-03-04 15:20:00,https://www.vlr.gg/626534/g2-esports-vs-t1-valorant-masters-santiago-2026-r3,Valorant Masters Santiago 2026
BABYBAY,G2,3,2,0,0,0,1,0,0,0,51,1,2,Breeze,2026-03-04 15:20:00,https://www.vlr.gg/626534/g2-esports-vs-t1-valorant-masters-santiago-2026-r3,Valorant Masters Santiago 2026
valyn,G2,1,1,0,0,2,0,0,0,0,36,2,1,Breeze,2026-03-04 15:20:00,https://www.vlr.gg/626534/g2-esports-vs-t1-valorant-masters-santiago-2026-r3,Valorant Masters Santiago 2026
jawgemo,G2,3,1,0,0,0,0,0,0,0,77,1,0,Breeze,2026-03-04 15:20:00,https://www.vlr.gg/626534/g2-esports-vs-t1-valorant-masters-santiago-2026-r3,Valorant Masters Santiago 2026
leaf,G2,4,1,0,0,0,0,0,0,0,63,0,1,Breeze,2026-03-04 15:20:00,https://www.vlr.gg/626534/g2-esports-vs-t1-valorant-masters-santiago-2026-r3,Valorant Masters Santiago 2026
trent,G2,2,1,0,0,0,0,0,0,0,50,4,1,Breeze,2026-03-04 15:20:00,https://www.vlr.gg/626534/g2-esports-vs-t1-valorant-masters-santiago-2026-r3,Valorant Masters Santiago 2026
stax,T1,2,0,0,0,0,0,0,0,0,38,4,0,Breeze,2026-03-04 15:20:00,https://www.vlr.gg/626534/g2-esports-vs-t1-valorant-masters-santiago-2026-r3,Valorant Masters Santiago 2026
BuZz,T1,4,0,0,0,0,0,0,0,0,58,0,0,Breeze,2026-03-04 15:20:00,https://www.vlr.gg/626534/g2-esports-vs-t1-valorant-masters-santiago-2026-r3,Valorant Masters Santiago 2026
Munchkin,T1,2,0,0,0,0,0,0,0,0,49,2,0,Breeze,2026-03-04 15:20:00,https://www.vlr.gg/626534/g2-esports-vs-t1-valorant-masters-santiago-2026-r3,Valorant Masters Santiago 2026
Meteor,T1,3,1,0,0,0,0,0,0,0,51,0,0,Breeze,2026-03-04 15:20:00,https://www.vlr.gg/626534/g2-esports-vs-t1-valorant-masters-santiago-2026-r3,Valorant Masters Santiago 2026
iZu,T1,1,2,0,0,0,0,0,0,0,52,0,1,Breeze,2026-03-04 15:20:00,https://www.vlr.gg/626534/g2-esports-vs-t1-valorant-masters-santiago-2026-r3,Valorant Masters Santiago 2026
BABYBAY,G2,5,0,0,0,0,0,0,0,0,30,0,1,Haven,2026-03-04 15:20:00,https://www.vlr.gg/626534/g2-esports-vs-t1-valorant-masters-santiago-2026-r3,Valorant Masters Santiago 2026
valyn,G2,1,0,0,0,0,0,0,0,0,43,2,0,Haven,2026-03-04 15:20:00,https://www.vlr.gg/626534/g2-esports-vs-t1-valorant-masters-santiago-2026-r3,Valorant Masters Santiago 2026
jawgemo,G2,5,1,0,0,1,0,0,0,0,53,1,1,Haven,2026-03-04 15:20:00,https://www.vlr.gg/626534/g2-esports-vs-t1-valorant-masters-santiago-2026-r3,Valorant Masters Santiago 2026
leaf,G2,5,0,0,0,0,0,0,0,0,34,0,1,Haven,2026-03-04 15:20:00,https://www.vlr.gg/626534/g2-esports-vs-t1-valorant-masters-santiago-2026-r3,Valorant Masters Santiago 2026
trent,G2,5,3,1,0,0,1,0,0,0,55,11,0,Haven,2026-03-04 15:20:00,https://www.vlr.gg/626534/g2-esports-vs-t1-valorant-masters-santiago-2026-r3,Valorant Masters Santiago 2026
stax,T1,2,0,0,0,0,0,0,0,0,26,7,0,Haven,2026-03-04 15:20:00,https://www.vlr.gg/626534/g2-esports-vs-t1-valorant-masters-santiago-2026-r3,Valorant Masters Santiago 2026
BuZz,T1,6,1,0,0,1,0,0,0,0,45,0,2,Haven,2026-03-04 15:20:00,https://www.vlr.gg/626534/g2-esports-vs-t1-valorant-masters-santiago-2026-r3,Valorant Masters Santiago 2026
Munchkin,T1,5,0,0,0,2,0,0,0,0,44,3,0,Haven,2026-03-04 15:20:00,https://www.vlr.gg/626534/g2-esports-vs-t1-valorant-masters-santiago-2026-r3,Valorant Masters Santiago 2026
Meteor,T1,4,0,0,0,0,0,0,0,0,38,2,0,Haven,2026-03-04 15:20:00,https://www.vlr.gg/626534/g2-esports-vs-t1-valorant-masters-santiago-2026-r3,Valorant Masters Santiago 2026
iZu,T1,8,1,1,0,0,0,0,0,0,63,2,0,Haven,2026-03-04 15:20:00,https://www.vlr.gg/626534/g2-esports-vs-t1-valorant-masters-santiago-2026-r3,Valorant Masters Santiago 2026
nerve,FUR,6,2,0,0,0,2,0,0,0,45,4,0,all,2026-03-06 13:00:00,https://www.vlr.gg/626539/furia-vs-paper-rex-valorant-masters-santiago-2026-ubqf,Valorant Masters Santiago 2026
eeiu,FUR,11,5,1,0,0,1,1,0,0,74,2,2,all,2026-03-06 13:00:00,https://www.vlr.gg/626539/furia-vs-paper-rex-valorant-masters-santiago-2026-ubqf,Valorant Masters Santiago 2026
koalanoob,FUR,8,5,0,0,0,0,0,0,0,45,2,2,all,2026-03-06 13:00:00,https://www.vlr.gg/626539/furia-vs-paper-rex-valorant-masters-santiago-2026-ubqf,Valorant Masters Santiago 2026
artzin,FUR,11,0,0,0,2,0,0,0,0,46,14,0,all,2026-03-06 13:00:00,https://www.vlr.gg/626539/furia-vs-paper-rex-valorant-masters-santiago-2026-ubqf,Valorant Masters Santiago 2026
alym,FUR,3,3,0,0,0,0,0,0,0,41,0,0,all,2026-03-06 13:00:00,https://www.vlr.gg/626539/furia-vs-paper-rex-valorant-masters-santiago-2026-ubqf,Valorant Masters Santiago 2026
Jinggg,PRX,12,2,0,0,0,0,0,0,0,59,2,0,all,2026-03-06 13:00:00,https://www.vlr.gg/626539/furia-vs-paper-rex-valorant-masters-santiago-2026-ubqf,Valorant Masters Santiago 2026
invy,PRX,8,1,0,0,0,0,0,0,0,51,16,1,all,2026-03-06 13:00:00,https://www.vlr.gg/626539/furia-vs-paper-rex-valorant-masters-santiago-2026-ubqf,Valorant Masters Santiago 2026
f0rsakeN,PRX,6,0,1,0,1,0,0,0,0,46,1,0,all,2026-03-06 13:00:00,https://www.vlr.gg/626539/furia-vs-paper-rex-valorant-masters-santiago-2026-ubqf,Valorant Masters Santiago 2026
d4v41,PRX,7,2,2,0,1,0,0,0,0,70,0,2,all,2026-03-06 13:00:00,https://www.vlr.gg/626539/furia-vs-paper-rex-valorant-masters-santiago-2026-ubqf,Valorant Masters Santiago 2026
something,PRX,12,4,0,0,0,3,0,0,0,64,2,5,all,2026-03-06 13:00:00,https://www.vlr.gg/626539/furia-vs-paper-rex-valorant-masters-santiago-2026-ubqf,Valorant Masters Santiago 2026
nerve,FUR,4,1,0,0,0,1,0,0,0,61,1,0,Haven,2026-03-06 13:00:00,https://www.vlr.gg/626539/furia-vs-paper-rex-valorant-masters-santiago-2026-ubqf,Valorant Masters Santiago 2026
eeiu,FUR,6,2,0,0,0,1,1,0,0,73,2,2,Haven,2026-03-06 13:00:00,https://www.vlr.gg/626539/furia-vs-paper-rex-valorant-masters-santiago-2026-ubqf,Valorant Masters Santiago 2026
koalanoob,FUR,4,2,0,0,0,0,0,0,0,50,1,1,Haven,2026-03-06 13:00:00,https://www.vlr.gg/626539/furia-vs-paper-rex-valorant-masters-santiago-2026-ubqf,Valorant Masters Santiago 2026
artzin,FUR,5,0,0,0,1,0,0,0,0,72,4,0,Haven,2026-03-06 13:00:00,https://www.vlr.gg/626539/furia-vs-paper-rex-valorant-masters-santiago-2026-ubqf,Valorant Masters Santiago 2026
alym,FUR,1,2,0,0,0,0,0,0,0,45,0,0,Haven,2026-03-06 13:00:00,https://www.vlr.gg/626539/furia-vs-paper-rex-valorant-masters-santiago-2026-ubqf,Valorant Masters Santiago 2026
Jinggg,PRX,4,0,0,0,0,0,0,0,0,46,1,0,Haven,2026-03-06 13:00:00,https://www.vlr.gg/626539/furia-vs-paper-rex-valorant-masters-santiago-2026-ubqf,Valorant Masters Santiago 2026
invy,PRX,2,0,0,0,0,0,0,0,0,47,5,0,Haven,2026-03-06 13:00:00,https://www.vlr.gg/626539/furia-vs-paper-rex-valorant-masters-santiago-2026-ubqf,Valorant Masters Santiago 2026
f0rsakeN,PRX,3,0,1,0,0,0,0,0,0,48,1,0,Haven,2026-03-06 13:00:00,https://www.vlr.gg/626539/furia-vs-paper-rex-valorant-masters-santiago-2026-ubqf,Valorant Masters Santiago 2026
d4v41,PRX,1,1,1,0,0,0,0,0,0,72,0,0,Haven,2026-03-06 13:00:00,https://www.vlr.gg/626539/furia-vs-paper-rex-valorant-masters-santiago-2026-ubqf,Valorant Masters Santiago 2026
something,PRX,6,0,0,0,0,2,0,0,0,51,1,2,Haven,2026-03-06 13:00:00,https://www.vlr.gg/626539/furia-vs-paper-rex-valorant-masters-santiago-2026-ubqf,Valorant Masters Santiago 2026
nerve,FUR,1,0,0,0,0,0,0,0,0,37,3,0,Breeze,2026-03-06 13:00:00,https://www.vlr.gg/626539/furia-vs-paper-rex-valorant-masters-santiago-2026-ubqf,Valorant Masters Santiago 2026
eeiu,FUR,1,2,0,0,0,0,0,0,0,59,0,0,Breeze,2026-03-06 13:00:00,https://www.vlr.gg/626539/furia-vs-paper-rex-valorant-masters-santiago-2026-ubqf,Valorant Masters Santiago 2026
koalanoob,FUR,1,2,0,0,0,0,0,0,0,38,1,1,Breeze,2026-03-06 13:00:00,https://www.vlr.gg/626539/furia-vs-paper-rex-valorant-masters-santiago-2026-ubqf,Valorant Masters Santiago 2026
artzin,FUR,2,0,0,0,0,0,0,0,0,34,3,0,Breeze,2026-03-06 13:00:00,https://www.vlr.gg/626539/furia-vs-paper-rex-valorant-masters-santiago-2026-ubqf,Valorant Masters Santiago 2026
alym,FUR,0,1,0,0,0,0,0,0,0,47,0,0,Breeze,2026-03-06 13:00:00,https://www.vlr.gg/626539/furia-vs-paper-rex-valorant-masters-santiago-2026-ubqf,Valorant Masters Santiago 2026
Jinggg,PRX,4,2,0,0,0,0,0,0,0,77,0,0,Breeze,2026-03-06 13:00:00,https://www.vlr.gg/626539/furia-vs-paper-rex-valorant-masters-santiago-2026-ubqf,Valorant Masters Santiago 2026
invy,PRX,2,0,0,0,0,0,0,0,0,49,5,1,Breeze,2026-03-06 13:00:00,https://www.vlr.gg/626539/furia-vs-paper-rex-valorant-masters-santiago-2026-ubqf,Valorant Masters Santiago 2026
f0rsakeN,PRX,3,0,0,0,0,0,0,0,0,47,0,0,Breeze,2026-03-06 13:00:00,https://www.vlr.gg/626539/furia-vs-paper-rex-valorant-masters-santiago-2026-ubqf,Valorant Masters Santiago 2026
d4v41,PRX,2,0,0,0,1,0,0,0,0,59,0,2,Breeze,2026-03-06 13:00:00,https://www.vlr.gg/626539/furia-vs-paper-rex-valorant-masters-santiago-2026-ubqf,Valorant Masters Santiago 2026
something,PRX,3,2,0,0,0,1,0,0,0,68,0,1,Breeze,2026-03-06 13:00:00,https://www.vlr.gg/626539/furia-vs-paper-rex-valorant-masters-santiago-2026-ubqf,Valorant Masters Santiago 2026
nerve,FUR,1,1,0,0,0,1,0,0,0,37,0,0,Split,2026-03-06 13:00:00,https://www.vlr.gg/626539/furia-vs-paper-rex-valorant-masters-santiago-2026-ubqf,Valorant Masters Santiago 2026
eeiu,FUR,4,1,1,0,0,0,0,0,0,91,0,0,Split,2026-03-06 13:00:00,https://www.vlr.gg/626539/furia-vs-paper-rex-valorant-masters-santiago-2026-ubqf,Valorant Masters Santiago 2026
koalanoob,FUR,3,1,0,0,0,0,0,0,0,47,0,0,Split,2026-03-06 13:00:00,https://www.vlr.gg/626539/furia-vs-paper-rex-valorant-masters-santiago-2026-ubqf,Valorant Masters Santiago 2026
artzin,FUR,4,0,0,0,1,0,0,0,0,31,7,0,Split,2026-03-06 13:00:00,https://www.vlr.gg/626539/furia-vs-paper-rex-valorant-masters-santiago-2026-ubqf,Valorant Masters Santiago 2026
alym,FUR,2,0,0,0,0,0,0,0,0,30,0,0,Split,2026-03-06 13:00:00,https://www.vlr.gg/626539/furia-vs-paper-rex-valorant-masters-santiago-2026-ubqf,Valorant Masters Santiago 2026
Jinggg,PRX,4,0,0,0,0,0,0,0,0,53,1,0,Split,2026-03-06 13:00:00,https://www.vlr.gg/626539/furia-vs-paper-rex-valorant-masters-santiago-2026-ubqf,Valorant Masters Santiago 2026
invy,PRX,4,1,0,0,0,0,0,0,0,57,6,0,Split,2026-03-06 13:00:00,https://www.vlr.gg/626539/furia-vs-paper-rex-valorant-masters-santiago-2026-ubqf,Valorant Masters Santiago 2026
f0rsakeN,PRX,0,0,0,0,1,0,0,0,0,42,0,0,Split,2026-03-06 13:00:00,https://www.vlr.gg/626539/furia-vs-paper-rex-valorant-masters-santiago-2026-ubqf,Valorant Masters Santiago 2026
d4v41,PRX,4,1,1,0,0,0,0,0,0,79,0,0,Split,2026-03-06 13:00:00,https://www.vlr.gg/626539/furia-vs-paper-rex-valorant-masters-santiago-2026-ubqf,Valorant Masters Santiago 2026
something,PRX,3,2,0,0,0,0,0,0,0,72,1,2,Split,2026-03-06 13:00:00,https://www.vlr.gg/626539/furia-vs-paper-rex-valorant-masters-santiago-2026-ubqf,Valorant Masters Santiago 2026
Rb,NS,4,2,0,0,0,0,0,0,0,48,7,2,all,2026-03-06 16:00:00,https://www.vlr.gg/626537/nongshim-redforce-vs-gentle-mates-valorant-masters-santiago-2026-ubqf,Valorant Masters Santiago 2026
Dambi,NS,7,4,1,0,0,0,1,0,0,53,2,0,all,2026-03-06 16:00:00,https://www.vlr.gg/626537/nongshim-redforce-vs-gentle-mates-valorant-masters-santiago-2026-ubqf,Valorant Masters Santiago 2026
Francis,NS,4,1,0,0,0,0,0,0,0,44,2,1,all,2026-03-06 16:00:00,https://www.vlr.gg/626537/nongshim-redforce-vs-gentle-mates-valorant-masters-santiago-2026-ubqf,Valorant Masters Santiago 2026
Ivy,NS,7,3,2,0,2,1,0,0,0,76,2,0,all,2026-03-06 16:00:00,https://www.vlr.gg/626537/nongshim-redforce-vs-gentle-mates-valorant-masters-santiago-2026-ubqf,Valorant Masters Santiago 2026
Xross,NS,1,3,0,0,0,0,0,0,0,53,4,0,all,2026-03-06 16:00:00,https://www.vlr.gg/626537/nongshim-redforce-vs-gentle-mates-valorant-masters-santiago-2026-ubqf,Valorant Masters Santiago 2026
starxo,M8,4,1,1,0,1,0,0,0,0,58,4,1,all,2026-03-06 16:00:00,https://www.vlr.gg/626537/nongshim-redforce-vs-gentle-mates-valorant-masters-santiago-2026-ubqf,Valorant Masters Santiago 2026
GLYPH,M8,4,3,0,0,1,1,0,0,0,55,6,2,all,2026-03-06 16:00:00,https://www.vlr.gg/626537/nongshim-redforce-vs-gentle-mates-valorant-masters-santiago-2026-ubqf,Valorant Masters Santiago 2026
marteen,M8,6,4,2,0,0,0,0,0,0,62,1,0,all,2026-03-06 16:00:00,https://www.vlr.gg/626537/nongshim-redforce-vs-gentle-mates-valorant-masters-santiago-2026-ubqf,Valorant Masters Santiago 2026
bipo,M8,2,5,0,0,0,0,0,0,0,37,1,0,all,2026-03-06 16:00:00,https://www.vlr.gg/626537/nongshim-redforce-vs-gentle-mates-valorant-masters-santiago-2026-ubqf,Valorant Masters Santiago 2026
Minny,M8,4,0,0,0,0,0,0,0,0,34,2,0,all,2026-03-06 16:00:00,https://www.vlr.gg/626537/nongshim-redforce-vs-gentle-mates-valorant-masters-santiago-2026-ubqf,Valorant Masters Santiago 2026
Rb,NS,4,1,0,0,0,0,0,0,0,49,3,1,Haven,2026-03-06 16:00:00,https://www.vlr.gg/626537/nongshim-redforce-vs-gentle-mates-valorant-masters-santiago-2026-ubqf,Valorant Masters Santiago 2026
Dambi,NS,4,2,0,0,0,0,1,0,0,51,2,0,Haven,2026-03-06 16:00:00,https://www.vlr.gg/626537/nongshim-redforce-vs-gentle-mates-valorant-masters-santiago-2026-ubqf,Valorant Masters Santiago 2026
Francis,NS,1,0,0,0,0,0,0,0,0,31,1,0,Haven,2026-03-06 16:00:00,https://www.vlr.gg/626537/nongshim-redforce-vs-gentle-mates-valorant-masters-santiago-2026-ubqf,Valorant Masters Santiago 2026
Ivy,NS,5,0,1,0,1,1,0,0,0,81,1,0,Haven,2026-03-06 16:00:00,https://www.vlr.gg/626537/nongshim-redforce-vs-gentle-mates-valorant-masters-santiago-2026-ubqf,Valorant Masters Santiago 2026
Xross,NS,0,2,0,0,0,0,0,0,0,54,1,0,Haven,2026-03-06 16:00:00,https://www.vlr.gg/626537/nongshim-redforce-vs-gentle-mates-valorant-masters-santiago-2026-ubqf,Valorant Masters Santiago 2026
starxo,M8,1,0,0,0,1,0,0,0,0,51,2,1,Haven,2026-03-06 16:00:00,https://www.vlr.gg/626537/nongshim-redforce-vs-gentle-mates-valorant-masters-santiago-2026-ubqf,Valorant Masters Santiago 2026
GLYPH,M8,4,1,0,0,0,0,0,0,0,57,1,1,Haven,2026-03-06 16:00:00,https://www.vlr.gg/626537/nongshim-redforce-vs-gentle-mates-valorant-masters-santiago-2026-ubqf,Valorant Masters Santiago 2026
marteen,M8,2,3,1,0,0,0,0,0,0,68,1,0,Haven,2026-03-06 16:00:00,https://www.vlr.gg/626537/nongshim-redforce-vs-gentle-mates-valorant-masters-santiago-2026-ubqf,Valorant Masters Santiago 2026
bipo,M8,1,3,0,0,0,0,0,0,0,42,0,0,Haven,2026-03-06 16:00:00,https://www.vlr.gg/626537/nongshim-redforce-vs-gentle-mates-valorant-masters-santiago-2026-ubqf,Valorant Masters Santiago 2026
Minny,M8,3,0,0,0,0,0,0,0,0,42,2,0,Haven,2026-03-06 16:00:00,https://www.vlr.gg/626537/nongshim-redforce-vs-gentle-mates-valorant-masters-santiago-2026-ubqf,Valorant Masters Santiago 2026
Rb,NS,0,1,0,0,0,0,0,0,0,47,4,1,Corrode,2026-03-06 16:00:00,https://www.vlr.gg/626537/nongshim-redforce-vs-gentle-mates-valorant-masters-santiago-2026-ubqf,Valorant Masters Santiago 2026
Dambi,NS,3,2,1,0,0,0,0,0,0,54,0,0,Corrode,2026-03-06 16:00:00,https://www.vlr.gg/626537/nongshim-redforce-vs-gentle-mates-valorant-masters-santiago-2026-ubqf,Valorant Masters Santiago 2026
Francis,NS,3,1,0,0,0,0,0,0,0,57,1,1,Corrode,2026-03-06 16:00:00,https://www.vlr.gg/626537/nongshim-redforce-vs-gentle-mates-valorant-masters-santiago-2026-ubqf,Valorant Masters Santiago 2026
Ivy,NS,2,3,1,0,1,0,0,0,0,71,1,0,Corrode,2026-03-06 16:00:00,https://www.vlr.gg/626537/nongshim-redforce-vs-gentle-mates-valorant-masters-santiago-2026-ubqf,Valorant Masters Santiago 2026
Xross,NS,1,1,0,0,0,0,0,0,0,52,3,0,Corrode,2026-03-06 16:00:00,https://www.vlr.gg/626537/nongshim-redforce-vs-gentle-mates-valorant-masters-santiago-2026-ubqf,Valorant Masters Santiago 2026
starxo,M8,3,1,1,0,0,0,0,0,0,65,2,0,Corrode,2026-03-06 16:00:00,https://www.vlr.gg/626537/nongshim-redforce-vs-gentle-mates-valorant-masters-santiago-2026-ubqf,Valorant Masters Santiago 2026
GLYPH,M8,0,2,0,0,1,1,0,0,0,52,5,1,Corrode,2026-03-06 16:00:00,https://www.vlr.gg/626537/nongshim-redforce-vs-gentle-mates-valorant-masters-santiago-2026-ubqf,Valorant Masters Santiago 2026
marteen,M8,4,1,1,0,0,0,0,0,0,55,0,0,Corrode,2026-03-06 16:00:00,https://www.vlr.gg/626537/nongshim-redforce-vs-gentle-mates-valorant-masters-santiago-2026-ubqf,Valorant Masters Santiago 2026
bipo,M8,1,2,0,0,0,0,0,0,0,31,1,0,Corrode,2026-03-06 16:00:00,https://www.vlr.gg/626537/nongshim-redforce-vs-gentle-mates-valorant-masters-santiago-2026-ubqf,Valorant Masters Santiago 2026
Minny,M8,1,0,0,0,0,0,0,0,0,26,0,0,Corrode,2026-03-06 16:00:00,https://www.vlr.gg/626537/nongshim-redforce-vs-gentle-mates-valorant-masters-santiago-2026-ubqf,Valorant Masters Santiago 2026
Rosé,BBL,5,2,0,0,0,0,0,0,0,38,13,1,all,2026-03-07 12:00:00,https://www.vlr.gg/626540/bbl-esports-vs-nrg-valorant-masters-santiago-2026-ubqf,Valorant Masters Santiago 2026
Crewen,BBL,5,5,0,0,0,0,0,0,0,48,1,0,all,2026-03-07 12:00:00,https://www.vlr.gg/626540/bbl-esports-vs-nrg-valorant-masters-santiago-2026-ubqf,Valorant Masters Santiago 2026
Loita,BBL,8,5,0,0,1,1,0,0,0,49,6,3,all,2026-03-07 12:00:00,https://www.vlr.gg/626540/bbl-esports-vs-nrg-valorant-masters-santiago-2026-ubqf,Valorant Masters Santiago 2026
Lar0k,BBL,6,4,0,0,0,1,0,0,0,48,4,2,all,2026-03-07 12:00:00,https://www.vlr.gg/626540/bbl-esports-vs-nrg-valorant-masters-santiago-2026-ubqf,Valorant Masters Santiago 2026
lovers,rock,10,3,1,0,1,0,0,0,0,47,0,1,all,2026-03-07 12:00:00,https://www.vlr.gg/626540/bbl-esports-vs-nrg-valorant-masters-santiago-2026-ubqf,Valorant Masters Santiago 2026
brawk,NRG,5,3,0,0,2,0,0,0,0,44,9,3,all,2026-03-07 12:00:00,https://www.vlr.gg/626540/bbl-esports-vs-nrg-valorant-masters-santiago-2026-ubqf,Valorant Masters Santiago 2026
mada,NRG,11,2,1,0,0,0,0,0,0,49,4,0,all,2026-03-07 12:00:00,https://www.vlr.gg/626540/bbl-esports-vs-nrg-valorant-masters-santiago-2026-ubqf,Valorant Masters Santiago 2026
skuba,NRG,14,0,0,0,0,0,0,0,0,55,2,0,all,2026-03-07 12:00:00,https://www.vlr.gg/626540/bbl-esports-vs-nrg-valorant-masters-santiago-2026-ubqf,Valorant Masters Santiago 2026
Ethan,NRG,14,2,1,0,1,1,0,0,0,54,10,3,all,2026-03-07 12:00:00,https://www.vlr.gg/626540/bbl-esports-vs-nrg-valorant-masters-santiago-2026-ubqf,Valorant Masters Santiago 2026
keiko,NRG,14,1,0,0,0,0,0,0,0,46,1,0,all,2026-03-07 12:00:00,https://www.vlr.gg/626540/bbl-esports-vs-nrg-valorant-masters-santiago-2026-ubqf,Valorant Masters Santiago 2026
Rosé,BBL,1,0,0,0,0,0,0,0,0,37,1,0,Pearl,2026-03-07 12:00:00,https://www.vlr.gg/626540/bbl-esports-vs-nrg-valorant-masters-santiago-2026-ubqf,Valorant Masters Santiago 2026
Crewen,BBL,1,1,0,0,0,0,0,0,0,50,0,0,Pearl,2026-03-07 12:00:00,https://www.vlr.gg/626540/bbl-esports-vs-nrg-valorant-masters-santiago-2026-ubqf,Valorant Masters Santiago 2026
Loita,BBL,2,2,0,0,1,0,0,0,0,62,2,1,Pearl,2026-03-07 12:00:00,https://www.vlr.gg/626540/bbl-esports-vs-nrg-valorant-masters-santiago-2026-ubqf,Valorant Masters Santiago 2026
Lar0k,BBL,0,0,0,0,0,0,0,0,0,14,1,0,Pearl,2026-03-07 12:00:00,https://www.vlr.gg/626540/bbl-esports-vs-nrg-valorant-masters-santiago-2026-ubqf,Valorant Masters Santiago 2026
lovers,rock,2,0,1,0,1,0,0,0,0,57,0,0,Pearl,2026-03-07 12:00:00,https://www.vlr.gg/626540/bbl-esports-vs-nrg-valorant-masters-santiago-2026-ubqf,Valorant Masters Santiago 2026
brawk,NRG,2,0,0,0,0,0,0,0,0,40,4,0,Pearl,2026-03-07 12:00:00,https://www.vlr.gg/626540/bbl-esports-vs-nrg-valorant-masters-santiago-2026-ubqf,Valorant Masters Santiago 2026
mada,NRG,4,0,0,0,0,0,0,0,0,55,2,0,Pearl,2026-03-07 12:00:00,https://www.vlr.gg/626540/bbl-esports-vs-nrg-valorant-masters-santiago-2026-ubqf,Valorant Masters Santiago 2026
skuba,NRG,8,0,0,0,0,0,0,0,0,74,0,0,Pearl,2026-03-07 12:00:00,https://www.vlr.gg/626540/bbl-esports-vs-nrg-valorant-masters-santiago-2026-ubqf,Valorant Masters Santiago 2026
Ethan,NRG,7,0,0,0,0,0,0,0,0,60,2,1,Pearl,2026-03-07 12:00:00,https://www.vlr.gg/626540/bbl-esports-vs-nrg-valorant-masters-santiago-2026-ubqf,Valorant Masters Santiago 2026
keiko,NRG,6,0,0,0,0,0,0,0,0,59,1,0,Pearl,2026-03-07 12:00:00,https://www.vlr.gg/626540/bbl-esports-vs-nrg-valorant-masters-santiago-2026-ubqf,Valorant Masters Santiago 2026
Rosé,BBL,0,0,0,0,0,0,0,0,0,46,5,0,Abyss,2026-03-07 12:00:00,https://www.vlr.gg/626540/bbl-esports-vs-nrg-valorant-masters-santiago-2026-ubqf,Valorant Masters Santiago 2026
Crewen,BBL,0,3,0,0,0,0,0,0,0,51,0,0,Abyss,2026-03-07 12:00:00,https://www.vlr.gg/626540/bbl-esports-vs-nrg-valorant-masters-santiago-2026-ubqf,Valorant Masters Santiago 2026
Loita,BBL,1,0,0,0,0,0,0,0,0,37,2,1,Abyss,2026-03-07 12:00:00,https://www.vlr.gg/626540/bbl-esports-vs-nrg-valorant-masters-santiago-2026-ubqf,Valorant Masters Santiago 2026
Lar0k,BBL,3,4,0,0,0,1,0,0,0,97,2,2,Abyss,2026-03-07 12:00:00,https://www.vlr.gg/626540/bbl-esports-vs-nrg-valorant-masters-santiago-2026-ubqf,Valorant Masters Santiago 2026
lovers,rock,4,0,0,0,0,0,0,0,0,41,0,1,Abyss,2026-03-07 12:00:00,https://www.vlr.gg/626540/bbl-esports-vs-nrg-valorant-masters-santiago-2026-ubqf,Valorant Masters Santiago 2026
brawk,NRG,0,0,0,0,0,0,0,0,0,39,4,1,Abyss,2026-03-07 12:00:00,https://www.vlr.gg/626540/bbl-esports-vs-nrg-valorant-masters-santiago-2026-ubqf,Valorant Masters Santiago 2026
mada,NRG,3,1,0,0,0,0,0,0,0,43,0,0,Abyss,2026-03-07 12:00:00,https://www.vlr.gg/626540/bbl-esports-vs-nrg-valorant-masters-santiago-2026-ubqf,Valorant Masters Santiago 2026
skuba,NRG,2,0,0,0,0,0,0,0,0,58,1,0,Abyss,2026-03-07 12:00:00,https://www.vlr.gg/626540/bbl-esports-vs-nrg-valorant-masters-santiago-2026-ubqf,Valorant Masters Santiago 2026
Ethan,NRG,2,1,0,0,1,1,0,0,0,57,2,0,Abyss,2026-03-07 12:00:00,https://www.vlr.gg/626540/bbl-esports-vs-nrg-valorant-masters-santiago-2026-ubqf,Valorant Masters Santiago 2026
keiko,NRG,3,0,0,0,0,0,0,0,0,30,0,0,Abyss,2026-03-07 12:00:00,https://www.vlr.gg/626540/bbl-esports-vs-nrg-valorant-masters-santiago-2026-ubqf,Valorant Masters Santiago 2026
Rosé,BBL,4,2,0,0,0,0,0,0,0,32,7,1,Split,2026-03-07 12:00:00,https://www.vlr.gg/626540/bbl-esports-vs-nrg-valorant-masters-santiago-2026-ubqf,Valorant Masters Santiago 2026
Crewen,BBL,4,1,0,0,0,0,0,0,0,43,1,0,Split,2026-03-07 12:00:00,https://www.vlr.gg/626540/bbl-esports-vs-nrg-valorant-masters-santiago-2026-ubqf,Valorant Masters Santiago 2026
Loita,BBL,5,3,0,0,0,1,0,0,0,47,2,1,Split,2026-03-07 12:00:00,https://www.vlr.gg/626540/bbl-esports-vs-nrg-valorant-masters-santiago-2026-ubqf,Valorant Masters Santiago 2026
Lar0k,BBL,3,0,0,0,0,0,0,0,0,33,1,0,Split,2026-03-07 12:00:00,https://www.vlr.gg/626540/bbl-esports-vs-nrg-valorant-masters-santiago-2026-ubqf,Valorant Masters Santiago 2026
lovers,rock,4,3,0,0,0,0,0,0,0,42,0,0,Split,2026-03-07 12:00:00,https://www.vlr.gg/626540/bbl-esports-vs-nrg-valorant-masters-santiago-2026-ubqf,Valorant Masters Santiago 2026
brawk,NRG,3,3,0,0,2,0,0,0,0,53,1,2,Split,2026-03-07 12:00:00,https://www.vlr.gg/626540/bbl-esports-vs-nrg-valorant-masters-santiago-2026-ubqf,Valorant Masters Santiago 2026
mada,NRG,4,1,1,0,0,0,0,0,0,49,2,0,Split,2026-03-07 12:00:00,https://www.vlr.gg/626540/bbl-esports-vs-nrg-valorant-masters-santiago-2026-ubqf,Valorant Masters Santiago 2026
skuba,NRG,4,0,0,0,0,0,0,0,0,33,1,0,Split,2026-03-07 12:00:00,https://www.vlr.gg/626540/bbl-esports-vs-nrg-valorant-masters-santiago-2026-ubqf,Valorant Masters Santiago 2026
Ethan,NRG,5,1,1,0,0,0,0,0,0,46,6,2,Split,2026-03-07 12:00:00,https://www.vlr.gg/626540/bbl-esports-vs-nrg-valorant-masters-santiago-2026-ubqf,Valorant Masters Santiago 2026
keiko,NRG,5,1,0,0,0,0,0,0,0,50,0,0,Split,2026-03-07 12:00:00,https://www.vlr.gg/626540/bbl-esports-vs-nrg-valorant-masters-santiago-2026-ubqf,Valorant Masters Santiago 2026
f4ngeer,AG,5,2,0,0,0,0,0,0,0,51,0,1,all,2026-03-07 15:30:00,https://www.vlr.gg/626538/all-gamers-vs-g2-esports-valorant-masters-santiago-2026-ubqf,Valorant Masters Santiago 2026
Shr1mp,AG,4,0,0,0,0,0,0,0,0,42,6,0,all,2026-03-07 15:30:00,https://www.vlr.gg/626538/all-gamers-vs-g2-esports-valorant-masters-santiago-2026-ubqf,Valorant Masters Santiago 2026
K1ra,AG,3,0,0,0,1,0,0,0,0,45,0,1,all,2026-03-07 15:30:00,https://www.vlr.gg/626538/all-gamers-vs-g2-esports-valorant-masters-santiago-2026-ubqf,Valorant Masters Santiago 2026
Au1,AG,5,0,0,0,0,0,0,0,0,49,6,0,all,2026-03-07 15:30:00,https://www.vlr.gg/626538/all-gamers-vs-g2-esports-valorant-masters-santiago-2026-ubqf,Valorant Masters Santiago 2026
iamgrq,AG,3,3,0,0,0,0,0,0,0,45,1,0,all,2026-03-07 15:30:00,https://www.vlr.gg/626538/all-gamers-vs-g2-esports-valorant-masters-santiago-2026-ubqf,Valorant Masters Santiago 2026
BABYBAY,G2,5,4,0,0,1,0,0,0,0,61,0,1,all,2026-03-07 15:30:00,https://www.vlr.gg/626538/all-gamers-vs-g2-esports-valorant-masters-santiago-2026-ubqf,Valorant Masters Santiago 2026
valyn,G2,5,2,0,0,0,0,0,0,0,66,3,0,all,2026-03-07 15:30:00,https://www.vlr.gg/626538/all-gamers-vs-g2-esports-valorant-masters-santiago-2026-ubqf,Valorant Masters Santiago 2026
jawgemo,G2,8,2,0,0,0,0,0,0,0,50,0,1,all,2026-03-07 15:30:00,https://www.vlr.gg/626538/all-gamers-vs-g2-esports-valorant-masters-santiago-2026-ubqf,Valorant Masters Santiago 2026
leaf,G2,5,0,0,0,0,0,0,0,0,46,4,1,all,2026-03-07 15:30:00,https://www.vlr.gg/626538/all-gamers-vs-g2-esports-valorant-masters-santiago-2026-ubqf,Valorant Masters Santiago 2026
trent,G2,3,1,1,0,1,0,0,0,0,49,7,5,all,2026-03-07 15:30:00,https://www.vlr.gg/626538/all-gamers-vs-g2-esports-valorant-masters-santiago-2026-ubqf,Valorant Masters Santiago 2026
f4ngeer,AG,4,2,0,0,0,0,0,0,0,72,0,1,Split,2026-03-07 15:30:00,https://www.vlr.gg/626538/all-gamers-vs-g2-esports-valorant-masters-santiago-2026-ubqf,Valorant Masters Santiago 2026
Shr1mp,AG,2,0,0,0,0,0,0,0,0,40,4,0,Split,2026-03-07 15:30:00,https://www.vlr.gg/626538/all-gamers-vs-g2-esports-valorant-masters-santiago-2026-ubqf,Valorant Masters Santiago 2026
K1ra,AG,1,0,0,0,0,0,0,0,0,43,0,0,Split,2026-03-07 15:30:00,https://www.vlr.gg/626538/all-gamers-vs-g2-esports-valorant-masters-santiago-2026-ubqf,Valorant Masters Santiago 2026
Au1,AG,2,0,0,0,0,0,0,0,0,47,0,0,Split,2026-03-07 15:30:00,https://www.vlr.gg/626538/all-gamers-vs-g2-esports-valorant-masters-santiago-2026-ubqf,Valorant Masters Santiago 2026
iamgrq,AG,0,2,0,0,0,0,0,0,0,38,1,0,Split,2026-03-07 15:30:00,https://www.vlr.gg/626538/all-gamers-vs-g2-esports-valorant-masters-santiago-2026-ubqf,Valorant Masters Santiago 2026
BABYBAY,G2,2,3,0,0,1,0,0,0,0,53,0,0,Split,2026-03-07 15:30:00,https://www.vlr.gg/626538/all-gamers-vs-g2-esports-valorant-masters-santiago-2026-ubqf,Valorant Masters Santiago 2026
valyn,G2,3,0,0,0,0,0,0,0,0,58,1,0,Split,2026-03-07 15:30:00,https://www.vlr.gg/626538/all-gamers-vs-g2-esports-valorant-masters-santiago-2026-ubqf,Valorant Masters Santiago 2026
jawgemo,G2,3,1,0,0,0,0,0,0,0,40,0,1,Split,2026-03-07 15:30:00,https://www.vlr.gg/626538/all-gamers-vs-g2-esports-valorant-masters-santiago-2026-ubqf,Valorant Masters Santiago 2026
leaf,G2,3,0,0,0,0,0,0,0,0,54,3,0,Split,2026-03-07 15:30:00,https://www.vlr.gg/626538/all-gamers-vs-g2-esports-valorant-masters-santiago-2026-ubqf,Valorant Masters Santiago 2026
trent,G2,0,0,1,0,0,0,0,0,0,34,5,2,Split,2026-03-07 15:30:00,https://www.vlr.gg/626538/all-gamers-vs-g2-esports-valorant-masters-santiago-2026-ubqf,Valorant Masters Santiago 2026
f4ngeer,AG,1,0,0,0,0,0,0,0,0,30,0,0,Abyss,2026-03-07 15:30:00,https://www.vlr.gg/626538/all-gamers-vs-g2-esports-valorant-masters-santiago-2026-ubqf,Valorant Masters Santiago 2026
Shr1mp,AG,2,0,0,0,0,0,0,0,0,43,2,0,Abyss,2026-03-07 15:30:00,https://www.vlr.gg/626538/all-gamers-vs-g2-esports-valorant-masters-santiago-2026-ubqf,Valorant Masters Santiago 2026
K1ra,AG,2,0,0,0,1,0,0,0,0,47,0,1,Abyss,2026-03-07 15:30:00,https://www.vlr.gg/626538/all-gamers-vs-g2-esports-valorant-masters-santiago-2026-ubqf,Valorant Masters Santiago 2026
Au1,AG,3,0,0,0,0,0,0,0,0,50,6,0,Abyss,2026-03-07 15:30:00,https://www.vlr.gg/626538/all-gamers-vs-g2-esports-valorant-masters-santiago-2026-ubqf,Valorant Masters Santiago 2026
iamgrq,AG,3,1,0,0,0,0,0,0,0,52,0,0,Abyss,2026-03-07 15:30:00,https://www.vlr.gg/626538/all-gamers-vs-g2-esports-valorant-masters-santiago-2026-ubqf,Valorant Masters Santiago 2026
BABYBAY,G2,3,1,0,0,0,0,0,0,0,69,0,1,Abyss,2026-03-07 15:30:00,https://www.vlr.gg/626538/all-gamers-vs-g2-esports-valorant-masters-santiago-2026-ubqf,Valorant Masters Santiago 2026
valyn,G2,2,2,0,0,0,0,0,0,0,73,2,0,Abyss,2026-03-07 15:30:00,https://www.vlr.gg/626538/all-gamers-vs-g2-esports-valorant-masters-santiago-2026-ubqf,Valorant Masters Santiago 2026
jawgemo,G2,5,1,0,0,0,0,0,0,0,59,0,0,Abyss,2026-03-07 15:30:00,https://www.vlr.gg/626538/all-gamers-vs-g2-esports-valorant-masters-santiago-2026-ubqf,Valorant Masters Santiago 2026
leaf,G2,2,0,0,0,0,0,0,0,0,37,1,1,Abyss,2026-03-07 15:30:00,https://www.vlr.gg/626538/all-gamers-vs-g2-esports-valorant-masters-santiago-2026-ubqf,Valorant Masters Santiago 2026
trent,G2,3,1,0,0,1,0,0,0,0,64,2,3,Abyss,2026-03-07 15:30:00,https://www.vlr.gg/626538/all-gamers-vs-g2-esports-valorant-masters-santiago-2026-ubqf,Valorant Masters Santiago 2026
nerve,FUR,9,2,0,0,0,0,0,0,0,46,4,1,all,2026-03-08 13:00:00,https://www.vlr.gg/626546/furia-vs-bbl-esports-valorant-masters-santiago-2026-lr1,Valorant Masters Santiago 2026
eeiu,FUR,13,4,0,0,0,0,1,0,0,57,3,6,all,2026-03-08 13:00:00,https://www.vlr.gg/626546/furia-vs-bbl-esports-valorant-masters-santiago-2026-lr1,Valorant Masters Santiago 2026
koalanoob,FUR,13,2,0,0,2,0,0,0,0,44,3,3,all,2026-03-08 13:00:00,https://www.vlr.gg/626546/furia-vs-bbl-esports-valorant-masters-santiago-2026-lr1,Valorant Masters Santiago 2026
artzin,FUR,13,2,2,0,0,0,0,0,0,54,8,3,all,2026-03-08 13:00:00,https://www.vlr.gg/626546/furia-vs-bbl-esports-valorant-masters-santiago-2026-lr1,Valorant Masters Santiago 2026
alym,FUR,9,2,2,0,0,0,0,0,0,45,1,1,all,2026-03-08 13:00:00,https://www.vlr.gg/626546/furia-vs-bbl-esports-valorant-masters-santiago-2026-lr1,Valorant Masters Santiago 2026
Rosé,BBL,11,0,0,0,1,0,1,0,0,50,12,2,all,2026-03-08 13:00:00,https://www.vlr.gg/626546/furia-vs-bbl-esports-valorant-masters-santiago-2026-lr1,Valorant Masters Santiago 2026
Crewen,BBL,10,0,1,0,0,1,0,0,0,58,4,1,all,2026-03-08 13:00:00,https://www.vlr.gg/626546/furia-vs-bbl-esports-valorant-masters-santiago-2026-lr1,Valorant Masters Santiago 2026
Loita,BBL,7,2,1,0,3,1,0,0,0,49,6,2,all,2026-03-08 13:00:00,https://www.vlr.gg/626546/furia-vs-bbl-esports-valorant-masters-santiago-2026-lr1,Valorant Masters Santiago 2026
Lar0k,BBL,14,5,0,0,0,0,0,0,0,63,3,1,all,2026-03-08 13:00:00,https://www.vlr.gg/626546/furia-vs-bbl-esports-valorant-masters-santiago-2026-lr1,Valorant Masters Santiago 2026
lovers,rock,5,1,1,0,1,0,0,0,0,33,2,1,all,2026-03-08 13:00:00,https://www.vlr.gg/626546/furia-vs-bbl-esports-valorant-masters-santiago-2026-lr1,Valorant Masters Santiago 2026
nerve,FUR,2,1,0,0,0,0,0,0,0,44,0,0,Haven,2026-03-08 13:00:00,https://www.vlr.gg/626546/furia-vs-bbl-esports-valorant-masters-santiago-2026-lr1,Valorant Masters Santiago 2026
eeiu,FUR,2,2,0,0,0,0,0,0,0,52,0,2,Haven,2026-03-08 13:00:00,https://www.vlr.gg/626546/furia-vs-bbl-esports-valorant-masters-santiago-2026-lr1,Valorant Masters Santiago 2026
koalanoob,FUR,5,0,0,0,0,0,0,0,0,53,3,0,Haven,2026-03-08 13:00:00,https://www.vlr.gg/626546/furia-vs-bbl-esports-valorant-masters-santiago-2026-lr1,Valorant Masters Santiago 2026
artzin,FUR,4,0,1,0,0,0,0,0,0,55,2,1,Haven,2026-03-08 13:00:00,https://www.vlr.gg/626546/furia-vs-bbl-esports-valorant-masters-santiago-2026-lr1,Valorant Masters Santiago 2026
alym,FUR,2,0,1,0,0,0,0,0,0,35,0,0,Haven,2026-03-08 13:00:00,https://www.vlr.gg/626546/furia-vs-bbl-esports-valorant-masters-santiago-2026-lr1,Valorant Masters Santiago 2026
Rosé,BBL,3,0,0,0,0,0,1,0,0,43,2,0,Haven,2026-03-08 13:00:00,https://www.vlr.gg/626546/furia-vs-bbl-esports-valorant-masters-santiago-2026-lr1,Valorant Masters Santiago 2026
Crewen,BBL,6,0,0,0,0,0,0,0,0,60,1,1,Haven,2026-03-08 13:00:00,https://www.vlr.gg/626546/furia-vs-bbl-esports-valorant-masters-santiago-2026-lr1,Valorant Masters Santiago 2026
Loita,BBL,0,1,0,0,2,0,0,0,0,44,2,1,Haven,2026-03-08 13:00:00,https://www.vlr.gg/626546/furia-vs-bbl-esports-valorant-masters-santiago-2026-lr1,Valorant Masters Santiago 2026
Lar0k,BBL,5,1,0,0,0,0,0,0,0,54,0,0,Haven,2026-03-08 13:00:00,https://www.vlr.gg/626546/furia-vs-bbl-esports-valorant-masters-santiago-2026-lr1,Valorant Masters Santiago 2026
lovers,rock,3,1,0,0,0,0,0,0,0,44,2,0,Haven,2026-03-08 13:00:00,https://www.vlr.gg/626546/furia-vs-bbl-esports-valorant-masters-santiago-2026-lr1,Valorant Masters Santiago 2026
nerve,FUR,4,1,0,0,0,0,0,0,0,54,2,0,Breeze,2026-03-08 13:00:00,https://www.vlr.gg/626546/furia-vs-bbl-esports-valorant-masters-santiago-2026-lr1,Valorant Masters Santiago 2026
eeiu,FUR,5,1,0,0,0,0,1,0,0,49,2,0,Breeze,2026-03-08 13:00:00,https://www.vlr.gg/626546/furia-vs-bbl-esports-valorant-masters-santiago-2026-lr1,Valorant Masters Santiago 2026
koalanoob,FUR,5,1,0,0,1,0,0,0,0,46,0,3,Breeze,2026-03-08 13:00:00,https://www.vlr.gg/626546/furia-vs-bbl-esports-valorant-masters-santiago-2026-lr1,Valorant Masters Santiago 2026
artzin,FUR,4,1,0,0,0,0,0,0,0,46,2,1,Breeze,2026-03-08 13:00:00,https://www.vlr.gg/626546/furia-vs-bbl-esports-valorant-masters-santiago-2026-lr1,Valorant Masters Santiago 2026
alym,FUR,5,1,1,0,0,0,0,0,0,51,1,0,Breeze,2026-03-08 13:00:00,https://www.vlr.gg/626546/furia-vs-bbl-esports-valorant-masters-santiago-2026-lr1,Valorant Masters Santiago 2026
Rosé,BBL,4,0,0,0,1,0,0,0,0,62,7,1,Breeze,2026-03-08 13:00:00,https://www.vlr.gg/626546/furia-vs-bbl-esports-valorant-masters-santiago-2026-lr1,Valorant Masters Santiago 2026
Crewen,BBL,2,0,0,0,0,0,0,0,0,50,2,0,Breeze,2026-03-08 13:00:00,https://www.vlr.gg/626546/furia-vs-bbl-esports-valorant-masters-santiago-2026-lr1,Valorant Masters Santiago 2026
Loita,BBL,2,0,0,0,0,1,0,0,0,47,0,0,Breeze,2026-03-08 13:00:00,https://www.vlr.gg/626546/furia-vs-bbl-esports-valorant-masters-santiago-2026-lr1,Valorant Masters Santiago 2026
Lar0k,BBL,8,3,0,0,0,0,0,0,0,88,0,0,Breeze,2026-03-08 13:00:00,https://www.vlr.gg/626546/furia-vs-bbl-esports-valorant-masters-santiago-2026-lr1,Valorant Masters Santiago 2026
lovers,rock,1,0,0,0,0,0,0,0,0,22,0,0,Breeze,2026-03-08 13:00:00,https://www.vlr.gg/626546/furia-vs-bbl-esports-valorant-masters-santiago-2026-lr1,Valorant Masters Santiago 2026
nerve,FUR,3,0,0,0,0,0,0,0,0,39,2,1,Abyss,2026-03-08 13:00:00,https://www.vlr.gg/626546/furia-vs-bbl-esports-valorant-masters-santiago-2026-lr1,Valorant Masters Santiago 2026
eeiu,FUR,6,1,0,0,0,0,0,0,0,71,1,4,Abyss,2026-03-08 13:00:00,https://www.vlr.gg/626546/furia-vs-bbl-esports-valorant-masters-santiago-2026-lr1,Valorant Masters Santiago 2026
koalanoob,FUR,3,1,0,0,1,0,0,0,0,32,0,0,Abyss,2026-03-08 13:00:00,https://www.vlr.gg/626546/furia-vs-bbl-esports-valorant-masters-santiago-2026-lr1,Valorant Masters Santiago 2026
artzin,FUR,5,1,1,0,0,0,0,0,0,61,4,1,Abyss,2026-03-08 13:00:00,https://www.vlr.gg/626546/furia-vs-bbl-esports-valorant-masters-santiago-2026-lr1,Valorant Masters Santiago 2026
alym,FUR,2,1,0,0,0,0,0,0,0,48,0,1,Abyss,2026-03-08 13:00:00,https://www.vlr.gg/626546/furia-vs-bbl-esports-valorant-masters-santiago-2026-lr1,Valorant Masters Santiago 2026
Rosé,BBL,4,0,0,0,0,0,0,0,0,44,3,1,Abyss,2026-03-08 13:00:00,https://www.vlr.gg/626546/furia-vs-bbl-esports-valorant-masters-santiago-2026-lr1,Valorant Masters Santiago 2026
Crewen,BBL,2,0,1,0,0,1,0,0,0,64,1,0,Abyss,2026-03-08 13:00:00,https://www.vlr.gg/626546/furia-vs-bbl-esports-valorant-masters-santiago-2026-lr1,Valorant Masters Santiago 2026
Loita,BBL,5,1,1,0,1,0,0,0,0,56,4,1,Abyss,2026-03-08 13:00:00,https://www.vlr.gg/626546/furia-vs-bbl-esports-valorant-masters-santiago-2026-lr1,Valorant Masters Santiago 2026
Lar0k,BBL,1,1,0,0,0,0,0,0,0,46,3,1,Abyss,2026-03-08 13:00:00,https://www.vlr.gg/626546/furia-vs-bbl-esports-valorant-masters-santiago-2026-lr1,Valorant Masters Santiago 2026
lovers,rock,1,0,1,0,1,0,0,0,0,33,0,1,Abyss,2026-03-08 13:00:00,https://www.vlr.gg/626546/furia-vs-bbl-esports-valorant-masters-santiago-2026-lr1,Valorant Masters Santiago 2026
starxo,M8,7,2,0,0,0,0,0,0,0,48,14,1,all,2026-03-08 16:30:00,https://www.vlr.gg/626545/gentle-mates-vs-all-gamers-valorant-masters-santiago-2026-lr1,Valorant Masters Santiago 2026
GLYPH,M8,5,0,0,0,0,0,0,0,0,40,6,1,all,2026-03-08 16:30:00,https://www.vlr.gg/626545/gentle-mates-vs-all-gamers-valorant-masters-santiago-2026-lr1,Valorant Masters Santiago 2026
marteen,M8,9,3,2,0,0,1,0,0,0,62,3,1,all,2026-03-08 16:30:00,https://www.vlr.gg/626545/gentle-mates-vs-all-gamers-valorant-masters-santiago-2026-lr1,Valorant Masters Santiago 2026
bipo,M8,4,2,0,0,1,0,0,0,0,38,4,0,all,2026-03-08 16:30:00,https://www.vlr.gg/626545/gentle-mates-vs-all-gamers-valorant-masters-santiago-2026-lr1,Valorant Masters Santiago 2026
Minny,M8,7,0,0,0,0,0,0,0,0,42,1,0,all,2026-03-08 16:30:00,https://www.vlr.gg/626545/gentle-mates-vs-all-gamers-valorant-masters-santiago-2026-lr1,Valorant Masters Santiago 2026
f4ngeer,AG,10,0,0,0,0,0,0,0,0,44,1,1,all,2026-03-08 16:30:00,https://www.vlr.gg/626545/gentle-mates-vs-all-gamers-valorant-masters-santiago-2026-lr1,Valorant Masters Santiago 2026
Shr1mp,AG,2,3,0,0,0,0,0,0,0,48,8,4,all,2026-03-08 16:30:00,https://www.vlr.gg/626545/gentle-mates-vs-all-gamers-valorant-masters-santiago-2026-lr1,Valorant Masters Santiago 2026
K1ra,AG,12,5,0,1,1,0,0,0,0,62,4,3,all,2026-03-08 16:30:00,https://www.vlr.gg/626545/gentle-mates-vs-all-gamers-valorant-masters-santiago-2026-lr1,Valorant Masters Santiago 2026
Au1,AG,4,2,1,0,0,0,0,0,0,51,0,1,all,2026-03-08 16:30:00,https://www.vlr.gg/626545/gentle-mates-vs-all-gamers-valorant-masters-santiago-2026-lr1,Valorant Masters Santiago 2026
iamgrq,AG,7,4,0,0,1,0,0,0,0,65,5,1,all,2026-03-08 16:30:00,https://www.vlr.gg/626545/gentle-mates-vs-all-gamers-valorant-masters-santiago-2026-lr1,Valorant Masters Santiago 2026
starxo,M8,2,2,0,0,0,0,0,0,0,71,4,1,Pearl,2026-03-08 16:30:00,https://www.vlr.gg/626545/gentle-mates-vs-all-gamers-valorant-masters-santiago-2026-lr1,Valorant Masters Santiago 2026
GLYPH,M8,4,0,0,0,0,0,0,0,0,50,4,1,Pearl,2026-03-08 16:30:00,https://www.vlr.gg/626545/gentle-mates-vs-all-gamers-valorant-masters-santiago-2026-lr1,Valorant Masters Santiago 2026
marteen,M8,5,1,0,0,0,0,0,0,0,60,0,1,Pearl,2026-03-08 16:30:00,https://www.vlr.gg/626545/gentle-mates-vs-all-gamers-valorant-masters-santiago-2026-lr1,Valorant Masters Santiago 2026
bipo,M8,4,0,0,0,1,0,0,0,0,46,2,0,Pearl,2026-03-08 16:30:00,https://www.vlr.gg/626545/gentle-mates-vs-all-gamers-valorant-masters-santiago-2026-lr1,Valorant Masters Santiago 2026
Minny,M8,2,0,0,0,0,0,0,0,0,41,0,0,Pearl,2026-03-08 16:30:00,https://www.vlr.gg/626545/gentle-mates-vs-all-gamers-valorant-masters-santiago-2026-lr1,Valorant Masters Santiago 2026
f4ngeer,AG,4,0,0,0,0,0,0,0,0,50,1,1,Pearl,2026-03-08 16:30:00,https://www.vlr.gg/626545/gentle-mates-vs-all-gamers-valorant-masters-santiago-2026-lr1,Valorant Masters Santiago 2026
Shr1mp,AG,2,2,0,0,0,0,0,0,0,65,1,1,Pearl,2026-03-08 16:30:00,https://www.vlr.gg/626545/gentle-mates-vs-all-gamers-valorant-masters-santiago-2026-lr1,Valorant Masters Santiago 2026
K1ra,AG,4,0,0,0,0,0,0,0,0,51,2,1,Pearl,2026-03-08 16:30:00,https://www.vlr.gg/626545/gentle-mates-vs-all-gamers-valorant-masters-santiago-2026-lr1,Valorant Masters Santiago 2026
Au1,AG,2,1,0,0,0,0,0,0,0,49,0,0,Pearl,2026-03-08 16:30:00,https://www.vlr.gg/626545/gentle-mates-vs-all-gamers-valorant-masters-santiago-2026-lr1,Valorant Masters Santiago 2026
iamgrq,AG,1,0,0,0,0,0,0,0,0,44,0,0,Pearl,2026-03-08 16:30:00,https://www.vlr.gg/626545/gentle-mates-vs-all-gamers-valorant-masters-santiago-2026-lr1,Valorant Masters Santiago 2026
starxo,M8,3,0,0,0,0,0,0,0,0,44,7,0,Split,2026-03-08 16:30:00,https://www.vlr.gg/626545/gentle-mates-vs-all-gamers-valorant-masters-santiago-2026-lr1,Valorant Masters Santiago 2026
GLYPH,M8,1,0,0,0,0,0,0,0,0,44,1,0,Split,2026-03-08 16:30:00,https://www.vlr.gg/626545/gentle-mates-vs-all-gamers-valorant-masters-santiago-2026-lr1,Valorant Masters Santiago 2026
marteen,M8,2,1,0,0,0,0,0,0,0,53,0,0,Split,2026-03-08 16:30:00,https://www.vlr.gg/626545/gentle-mates-vs-all-gamers-valorant-masters-santiago-2026-lr1,Valorant Masters Santiago 2026
bipo,M8,0,1,0,0,0,0,0,0,0,30,1,0,Split,2026-03-08 16:30:00,https://www.vlr.gg/626545/gentle-mates-vs-all-gamers-valorant-masters-santiago-2026-lr1,Valorant Masters Santiago 2026
Minny,M8,2,0,0,0,0,0,0,0,0,45,1,0,Split,2026-03-08 16:30:00,https://www.vlr.gg/626545/gentle-mates-vs-all-gamers-valorant-masters-santiago-2026-lr1,Valorant Masters Santiago 2026
f4ngeer,AG,1,0,0,0,0,0,0,0,0,35,0,0,Split,2026-03-08 16:30:00,https://www.vlr.gg/626545/gentle-mates-vs-all-gamers-valorant-masters-santiago-2026-lr1,Valorant Masters Santiago 2026
Shr1mp,AG,0,0,0,0,0,0,0,0,0,36,2,2,Split,2026-03-08 16:30:00,https://www.vlr.gg/626545/gentle-mates-vs-all-gamers-valorant-masters-santiago-2026-lr1,Valorant Masters Santiago 2026
K1ra,AG,3,2,0,1,1,0,0,0,0,69,1,2,Split,2026-03-08 16:30:00,https://www.vlr.gg/626545/gentle-mates-vs-all-gamers-valorant-masters-santiago-2026-lr1,Valorant Masters Santiago 2026
Au1,AG,2,0,1,0,0,0,0,0,0,51,0,1,Split,2026-03-08 16:30:00,https://www.vlr.gg/626545/gentle-mates-vs-all-gamers-valorant-masters-santiago-2026-lr1,Valorant Masters Santiago 2026
iamgrq,AG,4,2,0,0,1,0,0,0,0,94,2,1,Split,2026-03-08 16:30:00,https://www.vlr.gg/626545/gentle-mates-vs-all-gamers-valorant-masters-santiago-2026-lr1,Valorant Masters Santiago 2026
starxo,M8,2,0,0,0,0,0,0,0,0,28,3,0,Bind,2026-03-08 16:30:00,https://www.vlr.gg/626545/gentle-mates-vs-all-gamers-valorant-masters-santiago-2026-lr1,Valorant Masters Santiago 2026
GLYPH,M8,0,0,0,0,0,0,0,0,0,26,1,0,Bind,2026-03-08 16:30:00,https://www.vlr.gg/626545/gentle-mates-vs-all-gamers-valorant-masters-santiago-2026-lr1,Valorant Masters Santiago 2026
marteen,M8,2,1,2,0,0,1,0,0,0,72,3,0,Bind,2026-03-08 16:30:00,https://www.vlr.gg/626545/gentle-mates-vs-all-gamers-valorant-masters-santiago-2026-lr1,Valorant Masters Santiago 2026
bipo,M8,0,1,0,0,0,0,0,0,0,39,1,0,Bind,2026-03-08 16:30:00,https://www.vlr.gg/626545/gentle-mates-vs-all-gamers-valorant-masters-santiago-2026-lr1,Valorant Masters Santiago 2026
Minny,M8,3,0,0,0,0,0,0,0,0,39,0,0,Bind,2026-03-08 16:30:00,https://www.vlr.gg/626545/gentle-mates-vs-all-gamers-valorant-masters-santiago-2026-lr1,Valorant Masters Santiago 2026
f4ngeer,AG,5,0,0,0,0,0,0,0,0,48,0,0,Bind,2026-03-08 16:30:00,https://www.vlr.gg/626545/gentle-mates-vs-all-gamers-valorant-masters-santiago-2026-lr1,Valorant Masters Santiago 2026
Shr1mp,AG,0,1,0,0,0,0,0,0,0,43,5,1,Bind,2026-03-08 16:30:00,https://www.vlr.gg/626545/gentle-mates-vs-all-gamers-valorant-masters-santiago-2026-lr1,Valorant Masters Santiago 2026
K1ra,AG,5,3,0,0,0,0,0,0,0,65,1,0,Bind,2026-03-08 16:30:00,https://www.vlr.gg/626545/gentle-mates-vs-all-gamers-valorant-masters-santiago-2026-lr1,Valorant Masters Santiago 2026
Au1,AG,0,1,0,0,0,0,0,0,0,52,0,0,Bind,2026-03-08 16:30:00,https://www.vlr.gg/626545/gentle-mates-vs-all-gamers-valorant-masters-santiago-2026-lr1,Valorant Masters Santiago 2026
iamgrq,AG,2,2,0,0,0,0,0,0,0,57,3,0,Bind,2026-03-08 16:30:00,https://www.vlr.gg/626545/gentle-mates-vs-all-gamers-valorant-masters-santiago-2026-lr1,Valorant Masters Santiago 2026
Rb,NS,2,2,0,0,0,0,0,0,0,39,12,2,all,2026-03-09 14:00:00,https://www.vlr.gg/626541/nongshim-redforce-vs-g2-esports-valorant-masters-santiago-2026-ubsf,Valorant Masters Santiago 2026
Dambi,NS,14,6,1,0,0,0,0,0,0,65,2,3,all,2026-03-09 14:00:00,https://www.vlr.gg/626541/nongshim-redforce-vs-g2-esports-valorant-masters-santiago-2026-ubsf,Valorant Masters Santiago 2026
Francis,NS,9,4,0,0,0,0,0,0,0,51,1,1,all,2026-03-09 14:00:00,https://www.vlr.gg/626541/nongshim-redforce-vs-g2-esports-valorant-masters-santiago-2026-ubsf,Valorant Masters Santiago 2026
Ivy,NS,7,1,2,0,2,0,0,0,0,49,1,0,all,2026-03-09 14:00:00,https://www.vlr.gg/626541/nongshim-redforce-vs-g2-esports-valorant-masters-santiago-2026-ubsf,Valorant Masters Santiago 2026
Xross,NS,8,2,0,0,0,0,0,0,0,51,10,0,all,2026-03-09 14:00:00,https://www.vlr.gg/626541/nongshim-redforce-vs-g2-esports-valorant-masters-santiago-2026-ubsf,Valorant Masters Santiago 2026
BABYBAY,G2,5,3,0,0,1,0,0,0,0,44,2,2,all,2026-03-09 14:00:00,https://www.vlr.gg/626541/nongshim-redforce-vs-g2-esports-valorant-masters-santiago-2026-ubsf,Valorant Masters Santiago 2026
valyn,G2,11,0,1,0,1,0,0,0,0,48,12,1,all,2026-03-09 14:00:00,https://www.vlr.gg/626541/nongshim-redforce-vs-g2-esports-valorant-masters-santiago-2026-ubsf,Valorant Masters Santiago 2026
jawgemo,G2,4,3,0,0,1,0,0,0,0,44,2,1,all,2026-03-09 14:00:00,https://www.vlr.gg/626541/nongshim-redforce-vs-g2-esports-valorant-masters-santiago-2026-ubsf,Valorant Masters Santiago 2026
leaf,G2,10,4,1,0,0,0,0,0,0,62,1,2,all,2026-03-09 14:00:00,https://www.vlr.gg/626541/nongshim-redforce-vs-g2-esports-valorant-masters-santiago-2026-ubsf,Valorant Masters Santiago 2026
trent,G2,7,2,0,0,2,0,0,0,0,54,6,4,all,2026-03-09 14:00:00,https://www.vlr.gg/626541/nongshim-redforce-vs-g2-esports-valorant-masters-santiago-2026-ubsf,Valorant Masters Santiago 2026
Rb,NS,0,1,0,0,0,0,0,0,0,43,6,1,Abyss,2026-03-09 14:00:00,https://www.vlr.gg/626541/nongshim-redforce-vs-g2-esports-valorant-masters-santiago-2026-ubsf,Valorant Masters Santiago 2026
Dambi,NS,5,0,0,0,0,0,0,0,0,59,0,2,Abyss,2026-03-09 14:00:00,https://www.vlr.gg/626541/nongshim-redforce-vs-g2-esports-valorant-masters-santiago-2026-ubsf,Valorant Masters Santiago 2026
Francis,NS,2,0,0,0,0,0,0,0,0,20,0,0,Abyss,2026-03-09 14:00:00,https://www.vlr.gg/626541/nongshim-redforce-vs-g2-esports-valorant-masters-santiago-2026-ubsf,Valorant Masters Santiago 2026
Ivy,NS,2,0,0,0,0,0,0,0,0,44,0,0,Abyss,2026-03-09 14:00:00,https://www.vlr.gg/626541/nongshim-redforce-vs-g2-esports-valorant-masters-santiago-2026-ubsf,Valorant Masters Santiago 2026
Xross,NS,2,0,0,0,0,0,0,0,0,57,0,0,Abyss,2026-03-09 14:00:00,https://www.vlr.gg/626541/nongshim-redforce-vs-g2-esports-valorant-masters-santiago-2026-ubsf,Valorant Masters Santiago 2026
BABYBAY,G2,2,3,0,0,1,0,0,0,0,58,2,1,Abyss,2026-03-09 14:00:00,https://www.vlr.gg/626541/nongshim-redforce-vs-g2-esports-valorant-masters-santiago-2026-ubsf,Valorant Masters Santiago 2026
valyn,G2,4,0,0,0,0,0,0,0,0,55,5,1,Abyss,2026-03-09 14:00:00,https://www.vlr.gg/626541/nongshim-redforce-vs-g2-esports-valorant-masters-santiago-2026-ubsf,Valorant Masters Santiago 2026
jawgemo,G2,2,1,0,0,0,0,0,0,0,47,0,0,Abyss,2026-03-09 14:00:00,https://www.vlr.gg/626541/nongshim-redforce-vs-g2-esports-valorant-masters-santiago-2026-ubsf,Valorant Masters Santiago 2026
leaf,G2,2,1,0,0,0,0,0,0,0,55,1,1,Abyss,2026-03-09 14:00:00,https://www.vlr.gg/626541/nongshim-redforce-vs-g2-esports-valorant-masters-santiago-2026-ubsf,Valorant Masters Santiago 2026
trent,G2,3,0,0,0,1,0,0,0,0,67,3,2,Abyss,2026-03-09 14:00:00,https://www.vlr.gg/626541/nongshim-redforce-vs-g2-esports-valorant-masters-santiago-2026-ubsf,Valorant Masters Santiago 2026
Rb,NS,1,0,0,0,0,0,0,0,0,46,3,0,Corrode,2026-03-09 14:00:00,https://www.vlr.gg/626541/nongshim-redforce-vs-g2-esports-valorant-masters-santiago-2026-ubsf,Valorant Masters Santiago 2026
Dambi,NS,4,3,1,0,0,0,0,0,0,80,0,0,Corrode,2026-03-09 14:00:00,https://www.vlr.gg/626541/nongshim-redforce-vs-g2-esports-valorant-masters-santiago-2026-ubsf,Valorant Masters Santiago 2026
Francis,NS,2,2,0,0,0,0,0,0,0,70,1,0,Corrode,2026-03-09 14:00:00,https://www.vlr.gg/626541/nongshim-redforce-vs-g2-esports-valorant-masters-santiago-2026-ubsf,Valorant Masters Santiago 2026
Ivy,NS,1,1,1,0,1,0,0,0,0,57,1,0,Corrode,2026-03-09 14:00:00,https://www.vlr.gg/626541/nongshim-redforce-vs-g2-esports-valorant-masters-santiago-2026-ubsf,Valorant Masters Santiago 2026
Xross,NS,3,0,0,0,0,0,0,0,0,38,6,0,Corrode,2026-03-09 14:00:00,https://www.vlr.gg/626541/nongshim-redforce-vs-g2-esports-valorant-masters-santiago-2026-ubsf,Valorant Masters Santiago 2026
BABYBAY,G2,0,0,0,0,0,0,0,0,0,24,0,0,Corrode,2026-03-09 14:00:00,https://www.vlr.gg/626541/nongshim-redforce-vs-g2-esports-valorant-masters-santiago-2026-ubsf,Valorant Masters Santiago 2026
valyn,G2,2,0,1,0,1,0,0,0,0,49,1,0,Corrode,2026-03-09 14:00:00,https://www.vlr.gg/626541/nongshim-redforce-vs-g2-esports-valorant-masters-santiago-2026-ubsf,Valorant Masters Santiago 2026
jawgemo,G2,1,1,0,0,1,0,0,0,0,52,1,1,Corrode,2026-03-09 14:00:00,https://www.vlr.gg/626541/nongshim-redforce-vs-g2-esports-valorant-masters-santiago-2026-ubsf,Valorant Masters Santiago 2026
leaf,G2,2,2,0,0,0,0,0,0,0,68,0,0,Corrode,2026-03-09 14:00:00,https://www.vlr.gg/626541/nongshim-redforce-vs-g2-esports-valorant-masters-santiago-2026-ubsf,Valorant Masters Santiago 2026
trent,G2,1,2,0,0,0,0,0,0,0,57,3,0,Corrode,2026-03-09 14:00:00,https://www.vlr.gg/626541/nongshim-redforce-vs-g2-esports-valorant-masters-santiago-2026-ubsf,Valorant Masters Santiago 2026
Rb,NS,1,1,0,0,0,0,0,0,0,28,3,1,Split,2026-03-09 14:00:00,https://www.vlr.gg/626541/nongshim-redforce-vs-g2-esports-valorant-masters-santiago-2026-ubsf,Valorant Masters Santiago 2026
Dambi,NS,5,3,0,0,0,0,0,0,0,55,2,1,Split,2026-03-09 14:00:00,https://www.vlr.gg/626541/nongshim-redforce-vs-g2-esports-valorant-masters-santiago-2026-ubsf,Valorant Masters Santiago 2026
Francis,NS,5,2,0,0,0,0,0,0,0,62,0,1,Split,2026-03-09 14:00:00,https://www.vlr.gg/626541/nongshim-redforce-vs-g2-esports-valorant-masters-santiago-2026-ubsf,Valorant Masters Santiago 2026
Ivy,NS,4,0,1,0,1,0,0,0,0,47,0,0,Split,2026-03-09 14:00:00,https://www.vlr.gg/626541/nongshim-redforce-vs-g2-esports-valorant-masters-santiago-2026-ubsf,Valorant Masters Santiago 2026
Xross,NS,3,2,0,0,0,0,0,0,0,59,4,0,Split,2026-03-09 14:00:00,https://www.vlr.gg/626541/nongshim-redforce-vs-g2-esports-valorant-masters-santiago-2026-ubsf,Valorant Masters Santiago 2026
BABYBAY,G2,3,0,0,0,0,0,0,0,0,49,0,1,Split,2026-03-09 14:00:00,https://www.vlr.gg/626541/nongshim-redforce-vs-g2-esports-valorant-masters-santiago-2026-ubsf,Valorant Masters Santiago 2026
valyn,G2,5,0,0,0,0,0,0,0,0,40,6,0,Split,2026-03-09 14:00:00,https://www.vlr.gg/626541/nongshim-redforce-vs-g2-esports-valorant-masters-santiago-2026-ubsf,Valorant Masters Santiago 2026
jawgemo,G2,1,1,0,0,0,0,0,0,0,32,1,0,Split,2026-03-09 14:00:00,https://www.vlr.gg/626541/nongshim-redforce-vs-g2-esports-valorant-masters-santiago-2026-ubsf,Valorant Masters Santiago 2026
leaf,G2,6,1,1,0,0,0,0,0,0,64,0,1,Split,2026-03-09 14:00:00,https://www.vlr.gg/626541/nongshim-redforce-vs-g2-esports-valorant-masters-santiago-2026-ubsf,Valorant Masters Santiago 2026
trent,G2,3,0,0,0,1,0,0,0,0,37,0,2,Split,2026-03-09 14:00:00,https://www.vlr.gg/626541/nongshim-redforce-vs-g2-esports-valorant-masters-santiago-2026-ubsf,Valorant Masters Santiago 2026
Jinggg,PRX,5,2,1,0,0,1,0,0,0,50,1,1,all,2026-03-09 17:20:00,https://www.vlr.gg/626542/paper-rex-vs-nrg-valorant-masters-santiago-2026-ubsf,Valorant Masters Santiago 2026
invy,PRX,4,2,0,0,1,0,0,0,0,48,8,1,all,2026-03-09 17:20:00,https://www.vlr.gg/626542/paper-rex-vs-nrg-valorant-masters-santiago-2026-ubsf,Valorant Masters Santiago 2026
f0rsakeN,PRX,6,2,1,0,0,0,0,0,0,46,4,0,all,2026-03-09 17:20:00,https://www.vlr.gg/626542/paper-rex-vs-nrg-valorant-masters-santiago-2026-ubsf,Valorant Masters Santiago 2026
d4v41,PRX,3,4,0,0,0,0,0,0,0,57,5,0,all,2026-03-09 17:20:00,https://www.vlr.gg/626542/paper-rex-vs-nrg-valorant-masters-santiago-2026-ubsf,Valorant Masters Santiago 2026
something,PRX,6,2,0,0,0,0,0,0,0,47,3,1,all,2026-03-09 17:20:00,https://www.vlr.gg/626542/paper-rex-vs-nrg-valorant-masters-santiago-2026-ubsf,Valorant Masters Santiago 2026
brawk,NRG,4,2,0,0,0,0,0,0,0,57,7,1,all,2026-03-09 17:20:00,https://www.vlr.gg/626542/paper-rex-vs-nrg-valorant-masters-santiago-2026-ubsf,Valorant Masters Santiago 2026
mada,NRG,4,2,2,0,3,0,0,0,0,49,3,2,all,2026-03-09 17:20:00,https://www.vlr.gg/626542/paper-rex-vs-nrg-valorant-masters-santiago-2026-ubsf,Valorant Masters Santiago 2026
skuba,NRG,6,4,1,0,0,0,0,0,0,65,2,0,all,2026-03-09 17:20:00,https://www.vlr.gg/626542/paper-rex-vs-nrg-valorant-masters-santiago-2026-ubsf,Valorant Masters Santiago 2026
Ethan,NRG,4,0,0,0,0,0,0,0,0,38,5,3,all,2026-03-09 17:20:00,https://www.vlr.gg/626542/paper-rex-vs-nrg-valorant-masters-santiago-2026-ubsf,Valorant Masters Santiago 2026
keiko,NRG,6,3,0,0,1,0,0,0,0,48,2,1,all,2026-03-09 17:20:00,https://www.vlr.gg/626542/paper-rex-vs-nrg-valorant-masters-santiago-2026-ubsf,Valorant Masters Santiago 2026
Jinggg,PRX,5,1,0,0,0,0,0,0,0,58,1,0,Pearl,2026-03-09 17:20:00,https://www.vlr.gg/626542/paper-rex-vs-nrg-valorant-masters-santiago-2026-ubsf,Valorant Masters Santiago 2026
invy,PRX,2,0,0,0,1,0,0,0,0,41,7,0,Pearl,2026-03-09 17:20:00,https://www.vlr.gg/626542/paper-rex-vs-nrg-valorant-masters-santiago-2026-ubsf,Valorant Masters Santiago 2026
f0rsakeN,PRX,5,0,1,0,0,0,0,0,0,47,2,0,Pearl,2026-03-09 17:20:00,https://www.vlr.gg/626542/paper-rex-vs-nrg-valorant-masters-santiago-2026-ubsf,Valorant Masters Santiago 2026
d4v41,PRX,1,2,0,0,0,0,0,0,0,54,0,0,Pearl,2026-03-09 17:20:00,https://www.vlr.gg/626542/paper-rex-vs-nrg-valorant-masters-santiago-2026-ubsf,Valorant Masters Santiago 2026
something,PRX,1,2,0,0,0,0,0,0,0,53,0,1,Pearl,2026-03-09 17:20:00,https://www.vlr.gg/626542/paper-rex-vs-nrg-valorant-masters-santiago-2026-ubsf,Valorant Masters Santiago 2026
brawk,NRG,1,1,0,0,0,0,0,0,0,53,2,0,Pearl,2026-03-09 17:20:00,https://www.vlr.gg/626542/paper-rex-vs-nrg-valorant-masters-santiago-2026-ubsf,Valorant Masters Santiago 2026
mada,NRG,1,2,1,0,2,0,0,0,0,42,3,0,Pearl,2026-03-09 17:20:00,https://www.vlr.gg/626542/paper-rex-vs-nrg-valorant-masters-santiago-2026-ubsf,Valorant Masters Santiago 2026
skuba,NRG,3,3,0,0,0,0,0,0,0,65,1,0,Pearl,2026-03-09 17:20:00,https://www.vlr.gg/626542/paper-rex-vs-nrg-valorant-masters-santiago-2026-ubsf,Valorant Masters Santiago 2026
Ethan,NRG,2,0,0,0,0,0,0,0,0,32,2,2,Pearl,2026-03-09 17:20:00,https://www.vlr.gg/626542/paper-rex-vs-nrg-valorant-masters-santiago-2026-ubsf,Valorant Masters Santiago 2026
keiko,NRG,4,2,0,0,1,0,0,0,0,54,1,1,Pearl,2026-03-09 17:20:00,https://www.vlr.gg/626542/paper-rex-vs-nrg-valorant-masters-santiago-2026-ubsf,Valorant Masters Santiago 2026
Jinggg,PRX,0,1,1,0,0,1,0,0,0,41,0,1,Bind,2026-03-09 17:20:00,https://www.vlr.gg/626542/paper-rex-vs-nrg-valorant-masters-santiago-2026-ubsf,Valorant Masters Santiago 2026
invy,PRX,2,2,0,0,0,0,0,0,0,54,1,1,Bind,2026-03-09 17:20:00,https://www.vlr.gg/626542/paper-rex-vs-nrg-valorant-masters-santiago-2026-ubsf,Valorant Masters Santiago 2026
f0rsakeN,PRX,1,2,0,0,0,0,0,0,0,45,2,0,Bind,2026-03-09 17:20:00,https://www.vlr.gg/626542/paper-rex-vs-nrg-valorant-masters-santiago-2026-ubsf,Valorant Masters Santiago 2026
d4v41,PRX,2,2,0,0,0,0,0,0,0,59,5,0,Bind,2026-03-09 17:20:00,https://www.vlr.gg/626542/paper-rex-vs-nrg-valorant-masters-santiago-2026-ubsf,Valorant Masters Santiago 2026
something,PRX,5,0,0,0,0,0,0,0,0,41,3,0,Bind,2026-03-09 17:20:00,https://www.vlr.gg/626542/paper-rex-vs-nrg-valorant-masters-santiago-2026-ubsf,Valorant Masters Santiago 2026
brawk,NRG,3,1,0,0,0,0,0,0,0,60,5,1,Bind,2026-03-09 17:20:00,https://www.vlr.gg/626542/paper-rex-vs-nrg-valorant-masters-santiago-2026-ubsf,Valorant Masters Santiago 2026
mada,NRG,3,0,1,0,1,0,0,0,0,55,0,2,Bind,2026-03-09 17:20:00,https://www.vlr.gg/626542/paper-rex-vs-nrg-valorant-masters-santiago-2026-ubsf,Valorant Masters Santiago 2026
skuba,NRG,3,1,1,0,0,0,0,0,0,64,1,0,Bind,2026-03-09 17:20:00,https://www.vlr.gg/626542/paper-rex-vs-nrg-valorant-masters-santiago-2026-ubsf,Valorant Masters Santiago 2026
Ethan,NRG,2,0,0,0,0,0,0,0,0,44,3,1,Bind,2026-03-09 17:20:00,https://www.vlr.gg/626542/paper-rex-vs-nrg-valorant-masters-santiago-2026-ubsf,Valorant Masters Santiago 2026
keiko,NRG,2,1,0,0,0,0,0,0,0,42,1,0,Bind,2026-03-09 17:20:00,https://www.vlr.gg/626542/paper-rex-vs-nrg-valorant-masters-santiago-2026-ubsf,Valorant Masters Santiago 2026
BABYBAY,G2,5,0,0,0,1,0,0,0,0,32,0,1,all,2026-03-10 14:00:00,https://www.vlr.gg/626548/g2-esports-vs-bbl-esports-valorant-masters-santiago-2026-lr2,Valorant Masters Santiago 2026
valyn,G2,5,2,0,0,1,0,0,0,0,52,4,2,all,2026-03-10 14:00:00,https://www.vlr.gg/626548/g2-esports-vs-bbl-esports-valorant-masters-santiago-2026-lr2,Valorant Masters Santiago 2026
jawgemo,G2,7,2,3,0,0,0,0,0,0,79,1,1,all,2026-03-10 14:00:00,https://www.vlr.gg/626548/g2-esports-vs-bbl-esports-valorant-masters-santiago-2026-lr2,Valorant Masters Santiago 2026
leaf,G2,3,1,0,0,0,0,0,0,0,48,2,1,all,2026-03-10 14:00:00,https://www.vlr.gg/626548/g2-esports-vs-bbl-esports-valorant-masters-santiago-2026-lr2,Valorant Masters Santiago 2026
trent,G2,5,0,1,0,0,0,0,0,0,67,9,2,all,2026-03-10 14:00:00,https://www.vlr.gg/626548/g2-esports-vs-bbl-esports-valorant-masters-santiago-2026-lr2,Valorant Masters Santiago 2026
Rosé,BBL,5,2,0,0,0,0,0,0,0,44,7,0,all,2026-03-10 14:00:00,https://www.vlr.gg/626548/g2-esports-vs-bbl-esports-valorant-masters-santiago-2026-lr2,Valorant Masters Santiago 2026
Crewen,BBL,5,1,0,0,0,0,0,0,0,47,2,0,all,2026-03-10 14:00:00,https://www.vlr.gg/626548/g2-esports-vs-bbl-esports-valorant-masters-santiago-2026-lr2,Valorant Masters Santiago 2026
Loita,BBL,5,1,0,0,0,0,0,0,0,51,3,0,all,2026-03-10 14:00:00,https://www.vlr.gg/626548/g2-esports-vs-bbl-esports-valorant-masters-santiago-2026-lr2,Valorant Masters Santiago 2026
Lar0k,BBL,3,4,0,0,0,0,0,0,0,57,1,0,all,2026-03-10 14:00:00,https://www.vlr.gg/626548/g2-esports-vs-bbl-esports-valorant-masters-santiago-2026-lr2,Valorant Masters Santiago 2026
lovers,rock,3,2,0,0,0,0,0,0,0,46,0,0,all,2026-03-10 14:00:00,https://www.vlr.gg/626548/g2-esports-vs-bbl-esports-valorant-masters-santiago-2026-lr2,Valorant Masters Santiago 2026
BABYBAY,G2,0,0,0,0,0,0,0,0,0,16,0,0,Haven,2026-03-10 14:00:00,https://www.vlr.gg/626548/g2-esports-vs-bbl-esports-valorant-masters-santiago-2026-lr2,Valorant Masters Santiago 2026
valyn,G2,3,1,0,0,1,0,0,0,0,70,4,2,Haven,2026-03-10 14:00:00,https://www.vlr.gg/626548/g2-esports-vs-bbl-esports-valorant-masters-santiago-2026-lr2,Valorant Masters Santiago 2026
jawgemo,G2,4,1,2,0,0,0,0,0,0,111,1,0,Haven,2026-03-10 14:00:00,https://www.vlr.gg/626548/g2-esports-vs-bbl-esports-valorant-masters-santiago-2026-lr2,Valorant Masters Santiago 2026
leaf,G2,3,1,0,0,0,0,0,0,0,58,0,0,Haven,2026-03-10 14:00:00,https://www.vlr.gg/626548/g2-esports-vs-bbl-esports-valorant-masters-santiago-2026-lr2,Valorant Masters Santiago 2026
trent,G2,0,0,0,0,0,0,0,0,0,43,5,0,Haven,2026-03-10 14:00:00,https://www.vlr.gg/626548/g2-esports-vs-bbl-esports-valorant-masters-santiago-2026-lr2,Valorant Masters Santiago 2026
Rosé,BBL,3,2,0,0,0,0,0,0,0,59,3,0,Haven,2026-03-10 14:00:00,https://www.vlr.gg/626548/g2-esports-vs-bbl-esports-valorant-masters-santiago-2026-lr2,Valorant Masters Santiago 2026
Crewen,BBL,1,1,0,0,0,0,0,0,0,47,1,0,Haven,2026-03-10 14:00:00,https://www.vlr.gg/626548/g2-esports-vs-bbl-esports-valorant-masters-santiago-2026-lr2,Valorant Masters Santiago 2026
Loita,BBL,3,0,0,0,0,0,0,0,0,37,1,0,Haven,2026-03-10 14:00:00,https://www.vlr.gg/626548/g2-esports-vs-bbl-esports-valorant-masters-santiago-2026-lr2,Valorant Masters Santiago 2026
Lar0k,BBL,1,0,0,0,0,0,0,0,0,28,1,0,Haven,2026-03-10 14:00:00,https://www.vlr.gg/626548/g2-esports-vs-bbl-esports-valorant-masters-santiago-2026-lr2,Valorant Masters Santiago 2026
lovers,rock,1,2,0,0,0,0,0,0,0,59,0,0,Haven,2026-03-10 14:00:00,https://www.vlr.gg/626548/g2-esports-vs-bbl-esports-valorant-masters-santiago-2026-lr2,Valorant Masters Santiago 2026
BABYBAY,G2,5,0,0,0,1,0,0,0,0,47,0,1,Breeze,2026-03-10 14:00:00,https://www.vlr.gg/626548/g2-esports-vs-bbl-esports-valorant-masters-santiago-2026-lr2,Valorant Masters Santiago 2026
valyn,G2,2,1,0,0,0,0,0,0,0,34,0,0,Breeze,2026-03-10 14:00:00,https://www.vlr.gg/626548/g2-esports-vs-bbl-esports-valorant-masters-santiago-2026-lr2,Valorant Masters Santiago 2026
jawgemo,G2,3,1,1,0,0,0,0,0,0,46,0,1,Breeze,2026-03-10 14:00:00,https://www.vlr.gg/626548/g2-esports-vs-bbl-esports-valorant-masters-santiago-2026-lr2,Valorant Masters Santiago 2026
leaf,G2,0,0,0,0,0,0,0,0,0,37,2,1,Breeze,2026-03-10 14:00:00,https://www.vlr.gg/626548/g2-esports-vs-bbl-esports-valorant-masters-santiago-2026-lr2,Valorant Masters Santiago 2026
trent,G2,5,0,1,0,0,0,0,0,0,90,4,2,Breeze,2026-03-10 14:00:00,https://www.vlr.gg/626548/g2-esports-vs-bbl-esports-valorant-masters-santiago-2026-lr2,Valorant Masters Santiago 2026
Rosé,BBL,2,0,0,0,0,0,0,0,0,29,4,0,Breeze,2026-03-10 14:00:00,https://www.vlr.gg/626548/g2-esports-vs-bbl-esports-valorant-masters-santiago-2026-lr2,Valorant Masters Santiago 2026
Crewen,BBL,4,0,0,0,0,0,0,0,0,47,1,0,Breeze,2026-03-10 14:00:00,https://www.vlr.gg/626548/g2-esports-vs-bbl-esports-valorant-masters-santiago-2026-lr2,Valorant Masters Santiago 2026
Loita,BBL,2,1,0,0,0,0,0,0,0,65,2,0,Breeze,2026-03-10 14:00:00,https://www.vlr.gg/626548/g2-esports-vs-bbl-esports-valorant-masters-santiago-2026-lr2,Valorant Masters Santiago 2026
Lar0k,BBL,2,4,0,0,0,0,0,0,0,85,0,0,Breeze,2026-03-10 14:00:00,https://www.vlr.gg/626548/g2-esports-vs-bbl-esports-valorant-masters-santiago-2026-lr2,Valorant Masters Santiago 2026
lovers,rock,2,0,0,0,0,0,0,0,0,32,0,0,Breeze,2026-03-10 14:00:00,https://www.vlr.gg/626548/g2-esports-vs-bbl-esports-valorant-masters-santiago-2026-lr2,Valorant Masters Santiago 2026
Jinggg,PRX,14,4,0,0,0,0,0,0,0,63,0,1,all,2026-03-10 16:10:00,https://www.vlr.gg/626547/paper-rex-vs-all-gamers-valorant-masters-santiago-2026-lr2,Valorant Masters Santiago 2026
invy,PRX,9,3,1,0,1,0,0,0,0,66,24,0,all,2026-03-10 16:10:00,https://www.vlr.gg/626547/paper-rex-vs-all-gamers-valorant-masters-santiago-2026-lr2,Valorant Masters Santiago 2026
f0rsakeN,PRX,7,0,0,0,1,0,0,0,0,43,2,1,all,2026-03-10 16:10:00,https://www.vlr.gg/626547/paper-rex-vs-all-gamers-valorant-masters-santiago-2026-lr2,Valorant Masters Santiago 2026
d4v41,PRX,4,2,1,0,0,0,0,0,0,49,1,2,all,2026-03-10 16:10:00,https://www.vlr.gg/626547/paper-rex-vs-all-gamers-valorant-masters-santiago-2026-lr2,Valorant Masters Santiago 2026
something,PRX,10,2,1,0,0,0,1,0,0,63,3,1,all,2026-03-10 16:10:00,https://www.vlr.gg/626547/paper-rex-vs-all-gamers-valorant-masters-santiago-2026-lr2,Valorant Masters Santiago 2026
f4ngeer,AG,14,3,0,0,0,1,0,0,0,59,1,2,all,2026-03-10 16:10:00,https://www.vlr.gg/626547/paper-rex-vs-all-gamers-valorant-masters-santiago-2026-lr2,Valorant Masters Santiago 2026
Shr1mp,AG,5,3,0,0,2,2,0,0,0,46,11,4,all,2026-03-10 16:10:00,https://www.vlr.gg/626547/paper-rex-vs-all-gamers-valorant-masters-santiago-2026-lr2,Valorant Masters Santiago 2026
K1ra,AG,6,1,0,0,0,0,0,0,0,43,3,1,all,2026-03-10 16:10:00,https://www.vlr.gg/626547/paper-rex-vs-all-gamers-valorant-masters-santiago-2026-lr2,Valorant Masters Santiago 2026
Au1,AG,7,0,1,0,0,0,0,0,0,53,1,1,all,2026-03-10 16:10:00,https://www.vlr.gg/626547/paper-rex-vs-all-gamers-valorant-masters-santiago-2026-lr2,Valorant Masters Santiago 2026
iamgrq,AG,3,0,1,0,1,0,0,0,0,40,0,0,all,2026-03-10 16:10:00,https://www.vlr.gg/626547/paper-rex-vs-all-gamers-valorant-masters-santiago-2026-lr2,Valorant Masters Santiago 2026
Jinggg,PRX,4,2,0,0,0,0,0,0,0,64,0,0,Corrode,2026-03-10 16:10:00,https://www.vlr.gg/626547/paper-rex-vs-all-gamers-valorant-masters-santiago-2026-lr2,Valorant Masters Santiago 2026
invy,PRX,3,1,1,0,1,0,0,0,0,78,6,0,Corrode,2026-03-10 16:10:00,https://www.vlr.gg/626547/paper-rex-vs-all-gamers-valorant-masters-santiago-2026-lr2,Valorant Masters Santiago 2026
f0rsakeN,PRX,4,0,0,0,1,0,0,0,0,48,0,1,Corrode,2026-03-10 16:10:00,https://www.vlr.gg/626547/paper-rex-vs-all-gamers-valorant-masters-santiago-2026-lr2,Valorant Masters Santiago 2026
d4v41,PRX,0,0,0,0,0,0,0,0,0,23,0,1,Corrode,2026-03-10 16:10:00,https://www.vlr.gg/626547/paper-rex-vs-all-gamers-valorant-masters-santiago-2026-lr2,Valorant Masters Santiago 2026
something,PRX,4,0,0,0,0,0,0,0,0,43,2,0,Corrode,2026-03-10 16:10:00,https://www.vlr.gg/626547/paper-rex-vs-all-gamers-valorant-masters-santiago-2026-lr2,Valorant Masters Santiago 2026
f4ngeer,AG,5,1,0,0,0,0,0,0,0,58,1,0,Corrode,2026-03-10 16:10:00,https://www.vlr.gg/626547/paper-rex-vs-all-gamers-valorant-masters-santiago-2026-lr2,Valorant Masters Santiago 2026
Shr1mp,AG,2,1,0,0,0,1,0,0,0,57,7,1,Corrode,2026-03-10 16:10:00,https://www.vlr.gg/626547/paper-rex-vs-all-gamers-valorant-masters-santiago-2026-lr2,Valorant Masters Santiago 2026
K1ra,AG,3,0,0,0,0,0,0,0,0,45,3,0,Corrode,2026-03-10 16:10:00,https://www.vlr.gg/626547/paper-rex-vs-all-gamers-valorant-masters-santiago-2026-lr2,Valorant Masters Santiago 2026
Au1,AG,4,0,1,0,0,0,0,0,0,50,0,0,Corrode,2026-03-10 16:10:00,https://www.vlr.gg/626547/paper-rex-vs-all-gamers-valorant-masters-santiago-2026-lr2,Valorant Masters Santiago 2026
iamgrq,AG,1,0,1,0,1,0,0,0,0,45,0,0,Corrode,2026-03-10 16:10:00,https://www.vlr.gg/626547/paper-rex-vs-all-gamers-valorant-masters-santiago-2026-lr2,Valorant Masters Santiago 2026
Jinggg,PRX,5,1,0,0,0,0,0,0,0,54,0,0,Pearl,2026-03-10 16:10:00,https://www.vlr.gg/626547/paper-rex-vs-all-gamers-valorant-masters-santiago-2026-lr2,Valorant Masters Santiago 2026
invy,PRX,2,0,0,0,0,0,0,0,0,50,8,0,Pearl,2026-03-10 16:10:00,https://www.vlr.gg/626547/paper-rex-vs-all-gamers-valorant-masters-santiago-2026-lr2,Valorant Masters Santiago 2026
f0rsakeN,PRX,1,0,0,0,0,0,0,0,0,37,1,0,Pearl,2026-03-10 16:10:00,https://www.vlr.gg/626547/paper-rex-vs-all-gamers-valorant-masters-santiago-2026-lr2,Valorant Masters Santiago 2026
d4v41,PRX,3,2,0,0,0,0,0,0,0,65,1,1,Pearl,2026-03-10 16:10:00,https://www.vlr.gg/626547/paper-rex-vs-all-gamers-valorant-masters-santiago-2026-lr2,Valorant Masters Santiago 2026
something,PRX,1,0,1,0,0,0,1,0,0,66,0,1,Pearl,2026-03-10 16:10:00,https://www.vlr.gg/626547/paper-rex-vs-all-gamers-valorant-masters-santiago-2026-lr2,Valorant Masters Santiago 2026
f4ngeer,AG,6,2,0,0,0,0,0,0,0,78,0,1,Pearl,2026-03-10 16:10:00,https://www.vlr.gg/626547/paper-rex-vs-all-gamers-valorant-masters-santiago-2026-lr2,Valorant Masters Santiago 2026
Shr1mp,AG,0,1,0,0,1,0,0,0,0,37,2,1,Pearl,2026-03-10 16:10:00,https://www.vlr.gg/626547/paper-rex-vs-all-gamers-valorant-masters-santiago-2026-lr2,Valorant Masters Santiago 2026
K1ra,AG,2,1,0,0,0,0,0,0,0,44,0,1,Pearl,2026-03-10 16:10:00,https://www.vlr.gg/626547/paper-rex-vs-all-gamers-valorant-masters-santiago-2026-lr2,Valorant Masters Santiago 2026
Au1,AG,2,0,0,0,0,0,0,0,0,55,1,1,Pearl,2026-03-10 16:10:00,https://www.vlr.gg/626547/paper-rex-vs-all-gamers-valorant-masters-santiago-2026-lr2,Valorant Masters Santiago 2026
iamgrq,AG,1,0,0,0,0,0,0,0,0,41,0,0,Pearl,2026-03-10 16:10:00,https://www.vlr.gg/626547/paper-rex-vs-all-gamers-valorant-masters-santiago-2026-lr2,Valorant Masters Santiago 2026
Jinggg,PRX,5,1,0,0,0,0,0,0,0,70,0,1,Split,2026-03-10 16:10:00,https://www.vlr.gg/626547/paper-rex-vs-all-gamers-valorant-masters-santiago-2026-lr2,Valorant Masters Santiago 2026
invy,PRX,4,2,0,0,0,0,0,0,0,69,10,0,Split,2026-03-10 16:10:00,https://www.vlr.gg/626547/paper-rex-vs-all-gamers-valorant-masters-santiago-2026-lr2,Valorant Masters Santiago 2026
f0rsakeN,PRX,2,0,0,0,0,0,0,0,0,45,1,0,Split,2026-03-10 16:10:00,https://www.vlr.gg/626547/paper-rex-vs-all-gamers-valorant-masters-santiago-2026-lr2,Valorant Masters Santiago 2026
d4v41,PRX,1,0,1,0,0,0,0,0,0,58,0,0,Split,2026-03-10 16:10:00,https://www.vlr.gg/626547/paper-rex-vs-all-gamers-valorant-masters-santiago-2026-lr2,Valorant Masters Santiago 2026
something,PRX,5,2,0,0,0,0,0,0,0,80,1,0,Split,2026-03-10 16:10:00,https://www.vlr.gg/626547/paper-rex-vs-all-gamers-valorant-masters-santiago-2026-lr2,Valorant Masters Santiago 2026
f4ngeer,AG,3,0,0,0,0,1,0,0,0,41,0,1,Split,2026-03-10 16:10:00,https://www.vlr.gg/626547/paper-rex-vs-all-gamers-valorant-masters-santiago-2026-lr2,Valorant Masters Santiago 2026
Shr1mp,AG,3,1,0,0,1,1,0,0,0,44,2,2,Split,2026-03-10 16:10:00,https://www.vlr.gg/626547/paper-rex-vs-all-gamers-valorant-masters-santiago-2026-lr2,Valorant Masters Santiago 2026
K1ra,AG,1,0,0,0,0,0,0,0,0,40,0,0,Split,2026-03-10 16:10:00,https://www.vlr.gg/626547/paper-rex-vs-all-gamers-valorant-masters-santiago-2026-lr2,Valorant Masters Santiago 2026
Au1,AG,1,0,0,0,0,0,0,0,0,55,0,0,Split,2026-03-10 16:10:00,https://www.vlr.gg/626547/paper-rex-vs-all-gamers-valorant-masters-santiago-2026-lr2,Valorant Masters Santiago 2026
iamgrq,AG,1,0,0,0,0,0,0,0,0,35,0,0,Split,2026-03-10 16:10:00,https://www.vlr.gg/626547/paper-rex-vs-all-gamers-valorant-masters-santiago-2026-lr2,Valorant Masters Santiago 2026
Rb,NS,5,1,1,0,1,1,0,0,0,52,5,3,all,2026-03-13 13:00:00,https://www.vlr.gg/626543/nongshim-redforce-vs-nrg-valorant-masters-santiago-2026-ubf,Valorant Masters Santiago 2026
Dambi,NS,3,1,2,0,0,0,0,0,0,49,2,0,all,2026-03-13 13:00:00,https://www.vlr.gg/626543/nongshim-redforce-vs-nrg-valorant-masters-santiago-2026-ubf,Valorant Masters Santiago 2026
Francis,NS,4,3,2,0,0,1,0,0,0,68,0,2,all,2026-03-13 13:00:00,https://www.vlr.gg/626543/nongshim-redforce-vs-nrg-valorant-masters-santiago-2026-ubf,Valorant Masters Santiago 2026
Ivy,NS,5,1,0,0,1,0,0,0,0,47,1,0,all,2026-03-13 13:00:00,https://www.vlr.gg/626543/nongshim-redforce-vs-nrg-valorant-masters-santiago-2026-ubf,Valorant Masters Santiago 2026
Xross,NS,4,0,0,0,0,0,0,0,0,41,11,0,all,2026-03-13 13:00:00,https://www.vlr.gg/626543/nongshim-redforce-vs-nrg-valorant-masters-santiago-2026-ubf,Valorant Masters Santiago 2026
brawk,NRG,7,0,0,0,0,1,0,0,0,53,9,2,all,2026-03-13 13:00:00,https://www.vlr.gg/626543/nongshim-redforce-vs-nrg-valorant-masters-santiago-2026-ubf,Valorant Masters Santiago 2026
mada,NRG,4,1,0,0,0,0,0,0,0,39,0,0,all,2026-03-13 13:00:00,https://www.vlr.gg/626543/nongshim-redforce-vs-nrg-valorant-masters-santiago-2026-ubf,Valorant Masters Santiago 2026
skuba,NRG,5,4,1,0,0,0,1,0,0,61,4,0,all,2026-03-13 13:00:00,https://www.vlr.gg/626543/nongshim-redforce-vs-nrg-valorant-masters-santiago-2026-ubf,Valorant Masters Santiago 2026
Ethan,NRG,2,0,1,0,0,1,0,0,0,32,4,0,all,2026-03-13 13:00:00,https://www.vlr.gg/626543/nongshim-redforce-vs-nrg-valorant-masters-santiago-2026-ubf,Valorant Masters Santiago 2026
keiko,NRG,6,3,0,0,0,0,0,0,0,58,1,2,all,2026-03-13 13:00:00,https://www.vlr.gg/626543/nongshim-redforce-vs-nrg-valorant-masters-santiago-2026-ubf,Valorant Masters Santiago 2026
Rb,NS,2,0,1,0,0,1,0,0,0,54,5,2,Bind,2026-03-13 13:00:00,https://www.vlr.gg/626543/nongshim-redforce-vs-nrg-valorant-masters-santiago-2026-ubf,Valorant Masters Santiago 2026
Dambi,NS,0,1,2,0,0,0,0,0,0,54,2,0,Bind,2026-03-13 13:00:00,https://www.vlr.gg/626543/nongshim-redforce-vs-nrg-valorant-masters-santiago-2026-ubf,Valorant Masters Santiago 2026
Francis,NS,3,2,1,0,0,1,0,0,0,77,0,1,Bind,2026-03-13 13:00:00,https://www.vlr.gg/626543/nongshim-redforce-vs-nrg-valorant-masters-santiago-2026-ubf,Valorant Masters Santiago 2026
Ivy,NS,1,0,0,0,1,0,0,0,0,39,1,0,Bind,2026-03-13 13:00:00,https://www.vlr.gg/626543/nongshim-redforce-vs-nrg-valorant-masters-santiago-2026-ubf,Valorant Masters Santiago 2026
Xross,NS,2,0,0,0,0,0,0,0,0,36,1,0,Bind,2026-03-13 13:00:00,https://www.vlr.gg/626543/nongshim-redforce-vs-nrg-valorant-masters-santiago-2026-ubf,Valorant Masters Santiago 2026
brawk,NRG,3,0,0,0,0,1,0,0,0,53,4,1,Bind,2026-03-13 13:00:00,https://www.vlr.gg/626543/nongshim-redforce-vs-nrg-valorant-masters-santiago-2026-ubf,Valorant Masters Santiago 2026
mada,NRG,3,0,0,0,0,0,0,0,0,47,0,0,Bind,2026-03-13 13:00:00,https://www.vlr.gg/626543/nongshim-redforce-vs-nrg-valorant-masters-santiago-2026-ubf,Valorant Masters Santiago 2026
skuba,NRG,2,1,1,0,0,0,0,0,0,56,0,0,Bind,2026-03-13 13:00:00,https://www.vlr.gg/626543/nongshim-redforce-vs-nrg-valorant-masters-santiago-2026-ubf,Valorant Masters Santiago 2026
Ethan,NRG,2,0,1,0,0,1,0,0,0,38,4,0,Bind,2026-03-13 13:00:00,https://www.vlr.gg/626543/nongshim-redforce-vs-nrg-valorant-masters-santiago-2026-ubf,Valorant Masters Santiago 2026
keiko,NRG,3,0,0,0,0,0,0,0,0,48,0,2,Bind,2026-03-13 13:00:00,https://www.vlr.gg/626543/nongshim-redforce-vs-nrg-valorant-masters-santiago-2026-ubf,Valorant Masters Santiago 2026
Rb,NS,3,1,0,0,1,0,0,0,0,50,0,1,Abyss,2026-03-13 13:00:00,https://www.vlr.gg/626543/nongshim-redforce-vs-nrg-valorant-masters-santiago-2026-ubf,Valorant Masters Santiago 2026
Dambi,NS,3,0,0,0,0,0,0,0,0,43,0,0,Abyss,2026-03-13 13:00:00,https://www.vlr.gg/626543/nongshim-redforce-vs-nrg-valorant-masters-santiago-2026-ubf,Valorant Masters Santiago 2026
Francis,NS,1,1,1,0,0,0,0,0,0,58,0,1,Abyss,2026-03-13 13:00:00,https://www.vlr.gg/626543/nongshim-redforce-vs-nrg-valorant-masters-santiago-2026-ubf,Valorant Masters Santiago 2026
Ivy,NS,4,1,0,0,0,0,0,0,0,55,0,0,Abyss,2026-03-13 13:00:00,https://www.vlr.gg/626543/nongshim-redforce-vs-nrg-valorant-masters-santiago-2026-ubf,Valorant Masters Santiago 2026
Xross,NS,2,0,0,0,0,0,0,0,0,46,10,0,Abyss,2026-03-13 13:00:00,https://www.vlr.gg/626543/nongshim-redforce-vs-nrg-valorant-masters-santiago-2026-ubf,Valorant Masters Santiago 2026
brawk,NRG,4,0,0,0,0,0,0,0,0,53,5,1,Abyss,2026-03-13 13:00:00,https://www.vlr.gg/626543/nongshim-redforce-vs-nrg-valorant-masters-santiago-2026-ubf,Valorant Masters Santiago 2026
mada,NRG,1,1,0,0,0,0,0,0,0,31,0,0,Abyss,2026-03-13 13:00:00,https://www.vlr.gg/626543/nongshim-redforce-vs-nrg-valorant-masters-santiago-2026-ubf,Valorant Masters Santiago 2026
skuba,NRG,3,3,0,0,0,0,1,0,0,65,4,0,Abyss,2026-03-13 13:00:00,https://www.vlr.gg/626543/nongshim-redforce-vs-nrg-valorant-masters-santiago-2026-ubf,Valorant Masters Santiago 2026
Ethan,NRG,0,0,0,0,0,0,0,0,0,25,0,0,Abyss,2026-03-13 13:00:00,https://www.vlr.gg/626543/nongshim-redforce-vs-nrg-valorant-masters-santiago-2026-ubf,Valorant Masters Santiago 2026
keiko,NRG,3,3,0,0,0,0,0,0,0,67,1,0,Abyss,2026-03-13 13:00:00,https://www.vlr.gg/626543/nongshim-redforce-vs-nrg-valorant-masters-santiago-2026-ubf,Valorant Masters Santiago 2026
Jinggg,PRX,7,3,1,0,0,0,0,0,0,69,1,1,all,2026-03-13 15:25:00,https://www.vlr.gg/626549/paper-rex-vs-g2-esports-valorant-masters-santiago-2026-lr3,Valorant Masters Santiago 2026
invy,PRX,8,1,0,0,0,0,0,0,0,52,9,2,all,2026-03-13 15:25:00,https://www.vlr.gg/626549/paper-rex-vs-g2-esports-valorant-masters-santiago-2026-lr3,Valorant Masters Santiago 2026
f0rsakeN,PRX,9,5,1,0,0,0,1,0,0,61,2,0,all,2026-03-13 15:25:00,https://www.vlr.gg/626549/paper-rex-vs-g2-esports-valorant-masters-santiago-2026-lr3,Valorant Masters Santiago 2026
d4v41,PRX,11,3,0,0,0,1,0,0,0,62,0,2,all,2026-03-13 15:25:00,https://www.vlr.gg/626549/paper-rex-vs-g2-esports-valorant-masters-santiago-2026-lr3,Valorant Masters Santiago 2026
something,PRX,7,2,1,1,1,0,0,0,0,62,2,1,all,2026-03-13 15:25:00,https://www.vlr.gg/626549/paper-rex-vs-g2-esports-valorant-masters-santiago-2026-lr3,Valorant Masters Santiago 2026
BABYBAY,G2,9,0,0,0,0,0,0,0,0,33,3,0,all,2026-03-13 15:25:00,https://www.vlr.gg/626549/paper-rex-vs-g2-esports-valorant-masters-santiago-2026-lr3,Valorant Masters Santiago 2026
valyn,G2,6,1,0,0,0,1,0,0,0,37,5,0,all,2026-03-13 15:25:00,https://www.vlr.gg/626549/paper-rex-vs-g2-esports-valorant-masters-santiago-2026-lr3,Valorant Masters Santiago 2026
jawgemo,G2,7,4,2,0,1,1,0,0,0,59,1,1,all,2026-03-13 15:25:00,https://www.vlr.gg/626549/paper-rex-vs-g2-esports-valorant-masters-santiago-2026-lr3,Valorant Masters Santiago 2026
leaf,G2,7,5,0,0,0,1,0,0,0,44,1,1,all,2026-03-13 15:25:00,https://www.vlr.gg/626549/paper-rex-vs-g2-esports-valorant-masters-santiago-2026-lr3,Valorant Masters Santiago 2026
trent,G2,9,0,0,0,1,0,0,0,0,55,8,1,all,2026-03-13 15:25:00,https://www.vlr.gg/626549/paper-rex-vs-g2-esports-valorant-masters-santiago-2026-lr3,Valorant Masters Santiago 2026
Jinggg,PRX,3,1,0,0,0,0,0,0,0,67,1,0,Haven,2026-03-13 15:25:00,https://www.vlr.gg/626549/paper-rex-vs-g2-esports-valorant-masters-santiago-2026-lr3,Valorant Masters Santiago 2026
invy,PRX,2,0,0,0,0,0,0,0,0,49,2,0,Haven,2026-03-13 15:25:00,https://www.vlr.gg/626549/paper-rex-vs-g2-esports-valorant-masters-santiago-2026-lr3,Valorant Masters Santiago 2026
f0rsakeN,PRX,2,2,0,0,0,0,1,0,0,59,0,0,Haven,2026-03-13 15:25:00,https://www.vlr.gg/626549/paper-rex-vs-g2-esports-valorant-masters-santiago-2026-lr3,Valorant Masters Santiago 2026
d4v41,PRX,6,1,0,0,0,1,0,0,0,69,0,0,Haven,2026-03-13 15:25:00,https://www.vlr.gg/626549/paper-rex-vs-g2-esports-valorant-masters-santiago-2026-lr3,Valorant Masters Santiago 2026
something,PRX,1,0,1,0,1,0,0,0,0,44,2,0,Haven,2026-03-13 15:25:00,https://www.vlr.gg/626549/paper-rex-vs-g2-esports-valorant-masters-santiago-2026-lr3,Valorant Masters Santiago 2026
BABYBAY,G2,3,0,0,0,0,0,0,0,0,39,0,0,Haven,2026-03-13 15:25:00,https://www.vlr.gg/626549/paper-rex-vs-g2-esports-valorant-masters-santiago-2026-lr3,Valorant Masters Santiago 2026
valyn,G2,3,1,0,0,0,1,0,0,0,40,1,0,Haven,2026-03-13 15:25:00,https://www.vlr.gg/626549/paper-rex-vs-g2-esports-valorant-masters-santiago-2026-lr3,Valorant Masters Santiago 2026
jawgemo,G2,3,3,1,0,0,1,0,0,0,69,0,1,Haven,2026-03-13 15:25:00,https://www.vlr.gg/626549/paper-rex-vs-g2-esports-valorant-masters-santiago-2026-lr3,Valorant Masters Santiago 2026
leaf,G2,2,3,0,0,0,0,0,0,0,51,0,0,Haven,2026-03-13 15:25:00,https://www.vlr.gg/626549/paper-rex-vs-g2-esports-valorant-masters-santiago-2026-lr3,Valorant Masters Santiago 2026
trent,G2,3,0,0,0,1,0,0,0,0,53,5,0,Haven,2026-03-13 15:25:00,https://www.vlr.gg/626549/paper-rex-vs-g2-esports-valorant-masters-santiago-2026-lr3,Valorant Masters Santiago 2026
Jinggg,PRX,2,0,1,0,0,0,0,0,0,39,0,1,Breeze,2026-03-13 15:25:00,https://www.vlr.gg/626549/paper-rex-vs-g2-esports-valorant-masters-santiago-2026-lr3,Valorant Masters Santiago 2026
invy,PRX,4,0,0,0,0,0,0,0,0,68,4,2,Breeze,2026-03-13 15:25:00,https://www.vlr.gg/626549/paper-rex-vs-g2-esports-valorant-masters-santiago-2026-lr3,Valorant Masters Santiago 2026
f0rsakeN,PRX,4,3,0,0,0,0,0,0,0,58,2,0,Breeze,2026-03-13 15:25:00,https://www.vlr.gg/626549/paper-rex-vs-g2-esports-valorant-masters-santiago-2026-lr3,Valorant Masters Santiago 2026
d4v41,PRX,0,1,0,0,0,0,0,0,0,38,0,2,Breeze,2026-03-13 15:25:00,https://www.vlr.gg/626549/paper-rex-vs-g2-esports-valorant-masters-santiago-2026-lr3,Valorant Masters Santiago 2026
something,PRX,4,1,0,0,0,0,0,0,0,70,0,0,Breeze,2026-03-13 15:25:00,https://www.vlr.gg/626549/paper-rex-vs-g2-esports-valorant-masters-santiago-2026-lr3,Valorant Masters Santiago 2026
BABYBAY,G2,3,0,0,0,0,0,0,0,0,23,1,0,Breeze,2026-03-13 15:25:00,https://www.vlr.gg/626549/paper-rex-vs-g2-esports-valorant-masters-santiago-2026-lr3,Valorant Masters Santiago 2026
valyn,G2,2,0,0,0,0,0,0,0,0,44,4,0,Breeze,2026-03-13 15:25:00,https://www.vlr.gg/626549/paper-rex-vs-g2-esports-valorant-masters-santiago-2026-lr3,Valorant Masters Santiago 2026
jawgemo,G2,1,0,1,0,0,0,0,0,0,65,1,0,Breeze,2026-03-13 15:25:00,https://www.vlr.gg/626549/paper-rex-vs-g2-esports-valorant-masters-santiago-2026-lr3,Valorant Masters Santiago 2026
leaf,G2,3,1,0,0,0,0,0,0,0,41,1,0,Breeze,2026-03-13 15:25:00,https://www.vlr.gg/626549/paper-rex-vs-g2-esports-valorant-masters-santiago-2026-lr3,Valorant Masters Santiago 2026
trent,G2,4,0,0,0,0,0,0,0,0,68,2,1,Breeze,2026-03-13 15:25:00,https://www.vlr.gg/626549/paper-rex-vs-g2-esports-valorant-masters-santiago-2026-lr3,Valorant Masters Santiago 2026
Jinggg,PRX,2,2,0,0,0,0,0,0,0,102,0,0,Corrode,2026-03-13 15:25:00,https://www.vlr.gg/626549/paper-rex-vs-g2-esports-valorant-masters-santiago-2026-lr3,Valorant Masters Santiago 2026
invy,PRX,2,1,0,0,0,0,0,0,0,38,3,0,Corrode,2026-03-13 15:25:00,https://www.vlr.gg/626549/paper-rex-vs-g2-esports-valorant-masters-santiago-2026-lr3,Valorant Masters Santiago 2026
f0rsakeN,PRX,3,0,1,0,0,0,0,0,0,67,0,0,Corrode,2026-03-13 15:25:00,https://www.vlr.gg/626549/paper-rex-vs-g2-esports-valorant-masters-santiago-2026-lr3,Valorant Masters Santiago 2026
d4v41,PRX,5,1,0,0,0,0,0,0,0,79,0,0,Corrode,2026-03-13 15:25:00,https://www.vlr.gg/626549/paper-rex-vs-g2-esports-valorant-masters-santiago-2026-lr3,Valorant Masters Santiago 2026
something,PRX,2,1,0,1,0,0,0,0,0,72,0,1,Corrode,2026-03-13 15:25:00,https://www.vlr.gg/626549/paper-rex-vs-g2-esports-valorant-masters-santiago-2026-lr3,Valorant Masters Santiago 2026
BABYBAY,G2,3,0,0,0,0,0,0,0,0,37,2,0,Corrode,2026-03-13 15:25:00,https://www.vlr.gg/626549/paper-rex-vs-g2-esports-valorant-masters-santiago-2026-lr3,Valorant Masters Santiago 2026
valyn,G2,1,0,0,0,0,0,0,0,0,26,0,0,Corrode,2026-03-13 15:25:00,https://www.vlr.gg/626549/paper-rex-vs-g2-esports-valorant-masters-santiago-2026-lr3,Valorant Masters Santiago 2026
jawgemo,G2,3,1,0,0,1,0,0,0,0,44,0,0,Corrode,2026-03-13 15:25:00,https://www.vlr.gg/626549/paper-rex-vs-g2-esports-valorant-masters-santiago-2026-lr3,Valorant Masters Santiago 2026
leaf,G2,2,1,0,0,0,1,0,0,0,41,0,1,Corrode,2026-03-13 15:25:00,https://www.vlr.gg/626549/paper-rex-vs-g2-esports-valorant-masters-santiago-2026-lr3,Valorant Masters Santiago 2026
trent,G2,2,0,0,0,0,0,0,0,0,43,1,0,Corrode,2026-03-13 15:25:00,https://www.vlr.gg/626549/paper-rex-vs-g2-esports-valorant-masters-santiago-2026-lr3,Valorant Masters Santiago 2026
brawk,NRG,7,3,0,0,0,1,0,0,0,44,6,2,all,2026-03-14 13:00:00,https://www.vlr.gg/626550/nrg-vs-paper-rex-valorant-masters-santiago-2026-lbf,Valorant Masters Santiago 2026
mada,NRG,12,4,0,0,1,0,0,0,0,57,2,1,all,2026-03-14 13:00:00,https://www.vlr.gg/626550/nrg-vs-paper-rex-valorant-masters-santiago-2026-lbf,Valorant Masters Santiago 2026
skuba,NRG,17,2,1,0,1,1,0,0,0,61,7,1,all,2026-03-14 13:00:00,https://www.vlr.gg/626550/nrg-vs-paper-rex-valorant-masters-santiago-2026-lbf,Valorant Masters Santiago 2026
Ethan,NRG,6,2,2,0,0,0,0,0,0,49,8,4,all,2026-03-14 13:00:00,https://www.vlr.gg/626550/nrg-vs-paper-rex-valorant-masters-santiago-2026-lbf,Valorant Masters Santiago 2026
keiko,NRG,11,3,1,0,1,0,0,0,0,45,5,2,all,2026-03-14 13:00:00,https://www.vlr.gg/626550/nrg-vs-paper-rex-valorant-masters-santiago-2026-lbf,Valorant Masters Santiago 2026
Jinggg,PRX,16,2,0,0,0,0,0,0,0,54,1,2,all,2026-03-14 13:00:00,https://www.vlr.gg/626550/nrg-vs-paper-rex-valorant-masters-santiago-2026-lbf,Valorant Masters Santiago 2026
invy,PRX,9,7,2,0,1,0,0,0,0,60,19,3,all,2026-03-14 13:00:00,https://www.vlr.gg/626550/nrg-vs-paper-rex-valorant-masters-santiago-2026-lbf,Valorant Masters Santiago 2026
f0rsakeN,PRX,12,4,0,0,1,0,0,0,0,49,5,1,all,2026-03-14 13:00:00,https://www.vlr.gg/626550/nrg-vs-paper-rex-valorant-masters-santiago-2026-lbf,Valorant Masters Santiago 2026
d4v41,PRX,11,6,1,0,0,1,0,0,0,59,7,3,all,2026-03-14 13:00:00,https://www.vlr.gg/626550/nrg-vs-paper-rex-valorant-masters-santiago-2026-lbf,Valorant Masters Santiago 2026
something,PRX,7,4,1,0,1,1,0,0,0,54,1,1,all,2026-03-14 13:00:00,https://www.vlr.gg/626550/nrg-vs-paper-rex-valorant-masters-santiago-2026-lbf,Valorant Masters Santiago 2026
brawk,NRG,1,1,0,0,0,0,0,0,0,43,1,1,Pearl,2026-03-14 13:00:00,https://www.vlr.gg/626550/nrg-vs-paper-rex-valorant-masters-santiago-2026-lbf,Valorant Masters Santiago 2026
mada,NRG,4,2,0,0,0,0,0,0,0,67,0,0,Pearl,2026-03-14 13:00:00,https://www.vlr.gg/626550/nrg-vs-paper-rex-valorant-masters-santiago-2026-lbf,Valorant Masters Santiago 2026
skuba,NRG,5,0,0,0,0,1,0,0,0,41,3,0,Pearl,2026-03-14 13:00:00,https://www.vlr.gg/626550/nrg-vs-paper-rex-valorant-masters-santiago-2026-lbf,Valorant Masters Santiago 2026
Ethan,NRG,3,1,0,0,0,0,0,0,0,60,2,4,Pearl,2026-03-14 13:00:00,https://www.vlr.gg/626550/nrg-vs-paper-rex-valorant-masters-santiago-2026-lbf,Valorant Masters Santiago 2026
keiko,NRG,5,2,1,0,1,0,0,0,0,63,3,1,Pearl,2026-03-14 13:00:00,https://www.vlr.gg/626550/nrg-vs-paper-rex-valorant-masters-santiago-2026-lbf,Valorant Masters Santiago 2026
Jinggg,PRX,3,0,0,0,0,0,0,0,0,33,0,0,Pearl,2026-03-14 13:00:00,https://www.vlr.gg/626550/nrg-vs-paper-rex-valorant-masters-santiago-2026-lbf,Valorant Masters Santiago 2026
invy,PRX,5,2,0,0,1,0,0,0,0,71,2,1,Pearl,2026-03-14 13:00:00,https://www.vlr.gg/626550/nrg-vs-paper-rex-valorant-masters-santiago-2026-lbf,Valorant Masters Santiago 2026
f0rsakeN,PRX,1,3,0,0,0,0,0,0,0,55,2,0,Pearl,2026-03-14 13:00:00,https://www.vlr.gg/626550/nrg-vs-paper-rex-valorant-masters-santiago-2026-lbf,Valorant Masters Santiago 2026
d4v41,PRX,0,1,1,0,0,0,0,0,0,43,3,2,Pearl,2026-03-14 13:00:00,https://www.vlr.gg/626550/nrg-vs-paper-rex-valorant-masters-santiago-2026-lbf,Valorant Masters Santiago 2026
something,PRX,1,1,0,0,1,0,0,0,0,57,1,1,Pearl,2026-03-14 13:00:00,https://www.vlr.gg/626550/nrg-vs-paper-rex-valorant-masters-santiago-2026-lbf,Valorant Masters Santiago 2026
brawk,NRG,3,0,0,0,0,1,0,0,0,38,0,0,Split,2026-03-14 13:00:00,https://www.vlr.gg/626550/nrg-vs-paper-rex-valorant-masters-santiago-2026-lbf,Valorant Masters Santiago 2026
mada,NRG,4,0,0,0,0,0,0,0,0,52,1,1,Split,2026-03-14 13:00:00,https://www.vlr.gg/626550/nrg-vs-paper-rex-valorant-masters-santiago-2026-lbf,Valorant Masters Santiago 2026
skuba,NRG,6,0,0,0,0,0,0,0,0,54,0,1,Split,2026-03-14 13:00:00,https://www.vlr.gg/626550/nrg-vs-paper-rex-valorant-masters-santiago-2026-lbf,Valorant Masters Santiago 2026
Ethan,NRG,1,1,0,0,0,0,0,0,0,35,3,0,Split,2026-03-14 13:00:00,https://www.vlr.gg/626550/nrg-vs-paper-rex-valorant-masters-santiago-2026-lbf,Valorant Masters Santiago 2026
keiko,NRG,3,0,0,0,0,0,0,0,0,36,0,1,Split,2026-03-14 13:00:00,https://www.vlr.gg/626550/nrg-vs-paper-rex-valorant-masters-santiago-2026-lbf,Valorant Masters Santiago 2026
Jinggg,PRX,3,1,0,0,0,0,0,0,0,65,0,0,Split,2026-03-14 13:00:00,https://www.vlr.gg/626550/nrg-vs-paper-rex-valorant-masters-santiago-2026-lbf,Valorant Masters Santiago 2026
invy,PRX,0,2,1,0,0,0,0,0,0,52,6,1,Split,2026-03-14 13:00:00,https://www.vlr.gg/626550/nrg-vs-paper-rex-valorant-masters-santiago-2026-lbf,Valorant Masters Santiago 2026
f0rsakeN,PRX,2,0,0,0,0,0,0,0,0,33,1,0,Split,2026-03-14 13:00:00,https://www.vlr.gg/626550/nrg-vs-paper-rex-valorant-masters-santiago-2026-lbf,Valorant Masters Santiago 2026
d4v41,PRX,5,0,0,0,0,1,0,0,0,72,2,1,Split,2026-03-14 13:00:00,https://www.vlr.gg/626550/nrg-vs-paper-rex-valorant-masters-santiago-2026-lbf,Valorant Masters Santiago 2026
something,PRX,3,2,1,0,0,0,0,0,0,76,0,0,Split,2026-03-14 13:00:00,https://www.vlr.gg/626550/nrg-vs-paper-rex-valorant-masters-santiago-2026-lbf,Valorant Masters Santiago 2026
brawk,NRG,1,1,0,0,0,0,0,0,0,39,1,1,Corrode,2026-03-14 13:00:00,https://www.vlr.gg/626550/nrg-vs-paper-rex-valorant-masters-santiago-2026-lbf,Valorant Masters Santiago 2026
mada,NRG,2,1,0,0,0,0,0,0,0,54,1,0,Corrode,2026-03-14 13:00:00,https://www.vlr.gg/626550/nrg-vs-paper-rex-valorant-masters-santiago-2026-lbf,Valorant Masters Santiago 2026
skuba,NRG,5,1,0,0,1,0,0,0,0,77,2,0,Corrode,2026-03-14 13:00:00,https://www.vlr.gg/626550/nrg-vs-paper-rex-valorant-masters-santiago-2026-lbf,Valorant Masters Santiago 2026
Ethan,NRG,1,0,0,0,0,0,0,0,0,32,2,0,Corrode,2026-03-14 13:00:00,https://www.vlr.gg/626550/nrg-vs-paper-rex-valorant-masters-santiago-2026-lbf,Valorant Masters Santiago 2026
keiko,NRG,0,1,0,0,0,0,0,0,0,45,2,0,Corrode,2026-03-14 13:00:00,https://www.vlr.gg/626550/nrg-vs-paper-rex-valorant-masters-santiago-2026-lbf,Valorant Masters Santiago 2026
Jinggg,PRX,6,0,0,0,0,0,0,0,0,55,0,2,Corrode,2026-03-14 13:00:00,https://www.vlr.gg/626550/nrg-vs-paper-rex-valorant-masters-santiago-2026-lbf,Valorant Masters Santiago 2026
invy,PRX,2,1,1,0,0,0,0,0,0,67,4,0,Corrode,2026-03-14 13:00:00,https://www.vlr.gg/626550/nrg-vs-paper-rex-valorant-masters-santiago-2026-lbf,Valorant Masters Santiago 2026
f0rsakeN,PRX,5,0,0,0,0,0,0,0,0,59,2,1,Corrode,2026-03-14 13:00:00,https://www.vlr.gg/626550/nrg-vs-paper-rex-valorant-masters-santiago-2026-lbf,Valorant Masters Santiago 2026
d4v41,PRX,2,3,0,0,0,0,0,0,0,59,1,0,Corrode,2026-03-14 13:00:00,https://www.vlr.gg/626550/nrg-vs-paper-rex-valorant-masters-santiago-2026-lbf,Valorant Masters Santiago 2026
something,PRX,2,1,0,0,0,0,0,0,0,51,0,0,Corrode,2026-03-14 13:00:00,https://www.vlr.gg/626550/nrg-vs-paper-rex-valorant-masters-santiago-2026-lbf,Valorant Masters Santiago 2026
brawk,NRG,2,1,0,0,0,0,0,0,0,55,4,0,Breeze,2026-03-14 13:00:00,https://www.vlr.gg/626550/nrg-vs-paper-rex-valorant-masters-santiago-2026-lbf,Valorant Masters Santiago 2026
mada,NRG,2,1,0,0,1,0,0,0,0,56,0,0,Breeze,2026-03-14 13:00:00,https://www.vlr.gg/626550/nrg-vs-paper-rex-valorant-masters-santiago-2026-lbf,Valorant Masters Santiago 2026
skuba,NRG,1,1,1,0,0,0,0,0,0,71,2,0,Breeze,2026-03-14 13:00:00,https://www.vlr.gg/626550/nrg-vs-paper-rex-valorant-masters-santiago-2026-lbf,Valorant Masters Santiago 2026
Ethan,NRG,1,0,2,0,0,0,0,0,0,68,1,0,Breeze,2026-03-14 13:00:00,https://www.vlr.gg/626550/nrg-vs-paper-rex-valorant-masters-santiago-2026-lbf,Valorant Masters Santiago 2026
keiko,NRG,3,0,0,0,0,0,0,0,0,36,0,0,Breeze,2026-03-14 13:00:00,https://www.vlr.gg/626550/nrg-vs-paper-rex-valorant-masters-santiago-2026-lbf,Valorant Masters Santiago 2026
Jinggg,PRX,4,1,0,0,0,0,0,0,0,63,1,0,Breeze,2026-03-14 13:00:00,https://www.vlr.gg/626550/nrg-vs-paper-rex-valorant-masters-santiago-2026-lbf,Valorant Masters Santiago 2026
invy,PRX,2,2,0,0,0,0,0,0,0,49,7,1,Breeze,2026-03-14 13:00:00,https://www.vlr.gg/626550/nrg-vs-paper-rex-valorant-masters-santiago-2026-lbf,Valorant Masters Santiago 2026
f0rsakeN,PRX,4,1,0,0,1,0,0,0,0,50,0,0,Breeze,2026-03-14 13:00:00,https://www.vlr.gg/626550/nrg-vs-paper-rex-valorant-masters-santiago-2026-lbf,Valorant Masters Santiago 2026
d4v41,PRX,4,2,0,0,0,0,0,0,0,62,1,0,Breeze,2026-03-14 13:00:00,https://www.vlr.gg/626550/nrg-vs-paper-rex-valorant-masters-santiago-2026-lbf,Valorant Masters Santiago 2026
something,PRX,1,0,0,0,0,1,0,0,0,32,0,0,Breeze,2026-03-14 13:00:00,https://www.vlr.gg/626550/nrg-vs-paper-rex-valorant-masters-santiago-2026-lbf,Valorant Masters Santiago 2026
Rb,NS,10,1,0,0,0,0,0,0,0,44,9,1,all,2026-03-15 14:00:00,https://www.vlr.gg/626544/nongshim-redforce-vs-paper-rex-valorant-masters-santiago-2026-gf,Valorant Masters Santiago 2026
Dambi,NS,9,1,2,0,0,0,0,0,0,49,2,0,all,2026-03-15 14:00:00,https://www.vlr.gg/626544/nongshim-redforce-vs-paper-rex-valorant-masters-santiago-2026-gf,Valorant Masters Santiago 2026
Francis,NS,9,3,0,0,0,0,0,0,0,61,0,0,all,2026-03-15 14:00:00,https://www.vlr.gg/626544/nongshim-redforce-vs-paper-rex-valorant-masters-santiago-2026-gf,Valorant Masters Santiago 2026
Ivy,NS,5,2,1,1,1,1,0,0,0,61,1,0,all,2026-03-15 14:00:00,https://www.vlr.gg/626544/nongshim-redforce-vs-paper-rex-valorant-masters-santiago-2026-gf,Valorant Masters Santiago 2026
Xross,NS,11,4,1,0,2,0,0,0,0,95,5,3,all,2026-03-15 14:00:00,https://www.vlr.gg/626544/nongshim-redforce-vs-paper-rex-valorant-masters-santiago-2026-gf,Valorant Masters Santiago 2026
Jinggg,PRX,9,1,0,0,1,1,0,0,0,52,2,2,all,2026-03-15 14:00:00,https://www.vlr.gg/626544/nongshim-redforce-vs-paper-rex-valorant-masters-santiago-2026-gf,Valorant Masters Santiago 2026
invy,PRX,5,2,0,0,1,0,0,0,0,36,6,1,all,2026-03-15 14:00:00,https://www.vlr.gg/626544/nongshim-redforce-vs-paper-rex-valorant-masters-santiago-2026-gf,Valorant Masters Santiago 2026
f0rsakeN,PRX,2,4,0,0,0,0,0,0,0,51,3,1,all,2026-03-15 14:00:00,https://www.vlr.gg/626544/nongshim-redforce-vs-paper-rex-valorant-masters-santiago-2026-gf,Valorant Masters Santiago 2026
d4v41,PRX,6,3,2,0,0,1,0,0,0,55,1,1,all,2026-03-15 14:00:00,https://www.vlr.gg/626544/nongshim-redforce-vs-paper-rex-valorant-masters-santiago-2026-gf,Valorant Masters Santiago 2026
something,PRX,6,1,0,0,0,0,0,0,0,41,0,1,all,2026-03-15 14:00:00,https://www.vlr.gg/626544/nongshim-redforce-vs-paper-rex-valorant-masters-santiago-2026-gf,Valorant Masters Santiago 2026
Rb,NS,5,1,0,0,0,0,0,0,0,46,6,0,Corrode,2026-03-15 14:00:00,https://www.vlr.gg/626544/nongshim-redforce-vs-paper-rex-valorant-masters-santiago-2026-gf,Valorant Masters Santiago 2026
Dambi,NS,5,0,1,0,0,0,0,0,0,54,1,0,Corrode,2026-03-15 14:00:00,https://www.vlr.gg/626544/nongshim-redforce-vs-paper-rex-valorant-masters-santiago-2026-gf,Valorant Masters Santiago 2026
Francis,NS,3,0,0,0,0,0,0,0,0,42,0,0,Corrode,2026-03-15 14:00:00,https://www.vlr.gg/626544/nongshim-redforce-vs-paper-rex-valorant-masters-santiago-2026-gf,Valorant Masters Santiago 2026
Ivy,NS,2,1,0,0,0,1,0,0,0,47,1,0,Corrode,2026-03-15 14:00:00,https://www.vlr.gg/626544/nongshim-redforce-vs-paper-rex-valorant-masters-santiago-2026-gf,Valorant Masters Santiago 2026
Xross,NS,6,1,1,0,0,0,0,0,0,66,1,2,Corrode,2026-03-15 14:00:00,https://www.vlr.gg/626544/nongshim-redforce-vs-paper-rex-valorant-masters-santiago-2026-gf,Valorant Masters Santiago 2026
Jinggg,PRX,7,0,0,0,1,0,0,0,0,69,2,2,Corrode,2026-03-15 14:00:00,https://www.vlr.gg/626544/nongshim-redforce-vs-paper-rex-valorant-masters-santiago-2026-gf,Valorant Masters Santiago 2026
invy,PRX,1,2,0,0,1,0,0,0,0,26,2,1,Corrode,2026-03-15 14:00:00,https://www.vlr.gg/626544/nongshim-redforce-vs-paper-rex-valorant-masters-santiago-2026-gf,Valorant Masters Santiago 2026
f0rsakeN,PRX,0,2,0,0,0,0,0,0,0,53,1,0,Corrode,2026-03-15 14:00:00,https://www.vlr.gg/626544/nongshim-redforce-vs-paper-rex-valorant-masters-santiago-2026-gf,Valorant Masters Santiago 2026
d4v41,PRX,0,2,1,0,0,1,0,0,0,58,0,1,Corrode,2026-03-15 14:00:00,https://www.vlr.gg/626544/nongshim-redforce-vs-paper-rex-valorant-masters-santiago-2026-gf,Valorant Masters Santiago 2026
something,PRX,4,1,0,0,0,0,0,0,0,63,0,1,Corrode,2026-03-15 14:00:00,https://www.vlr.gg/626544/nongshim-redforce-vs-paper-rex-valorant-masters-santiago-2026-gf,Valorant Masters Santiago 2026
Rb,NS,4,0,0,0,0,0,0,0,0,48,3,0,Split,2026-03-15 14:00:00,https://www.vlr.gg/626544/nongshim-redforce-vs-paper-rex-valorant-masters-santiago-2026-gf,Valorant Masters Santiago 2026
Dambi,NS,2,0,1,0,0,0,0,0,0,44,1,0,Split,2026-03-15 14:00:00,https://www.vlr.gg/626544/nongshim-redforce-vs-paper-rex-valorant-masters-santiago-2026-gf,Valorant Masters Santiago 2026
Francis,NS,1,2,0,0,0,0,0,0,0,59,0,0,Split,2026-03-15 14:00:00,https://www.vlr.gg/626544/nongshim-redforce-vs-paper-rex-valorant-masters-santiago-2026-gf,Valorant Masters Santiago 2026
Ivy,NS,0,1,1,1,0,0,0,0,0,78,0,0,Split,2026-03-15 14:00:00,https://www.vlr.gg/626544/nongshim-redforce-vs-paper-rex-valorant-masters-santiago-2026-gf,Valorant Masters Santiago 2026
Xross,NS,2,1,0,0,0,0,0,0,0,64,0,0,Split,2026-03-15 14:00:00,https://www.vlr.gg/626544/nongshim-redforce-vs-paper-rex-valorant-masters-santiago-2026-gf,Valorant Masters Santiago 2026
Jinggg,PRX,1,1,0,0,0,1,0,0,0,36,0,0,Split,2026-03-15 14:00:00,https://www.vlr.gg/626544/nongshim-redforce-vs-paper-rex-valorant-masters-santiago-2026-gf,Valorant Masters Santiago 2026
invy,PRX,3,0,0,0,0,0,0,0,0,52,0,0,Split,2026-03-15 14:00:00,https://www.vlr.gg/626544/nongshim-redforce-vs-paper-rex-valorant-masters-santiago-2026-gf,Valorant Masters Santiago 2026
f0rsakeN,PRX,1,2,0,0,0,0,0,0,0,76,2,0,Split,2026-03-15 14:00:00,https://www.vlr.gg/626544/nongshim-redforce-vs-paper-rex-valorant-masters-santiago-2026-gf,Valorant Masters Santiago 2026
d4v41,PRX,1,1,0,0,0,0,0,0,0,45,1,0,Split,2026-03-15 14:00:00,https://www.vlr.gg/626544/nongshim-redforce-vs-paper-rex-valorant-masters-santiago-2026-gf,Valorant Masters Santiago 2026
something,PRX,0,0,0,0,0,0,0,0,0,12,0,0,Split,2026-03-15 14:00:00,https://www.vlr.gg/626544/nongshim-redforce-vs-paper-rex-valorant-masters-santiago-2026-gf,Valorant Masters Santiago 2026
Rb,NS,1,0,0,0,0,0,0,0,0,37,0,1,Abyss,2026-03-15 14:00:00,https://www.vlr.gg/626544/nongshim-redforce-vs-paper-rex-valorant-masters-santiago-2026-gf,Valorant Masters Santiago 2026
Dambi,NS,2,1,0,0,0,0,0,0,0,50,0,0,Abyss,2026-03-15 14:00:00,https://www.vlr.gg/626544/nongshim-redforce-vs-paper-rex-valorant-masters-santiago-2026-gf,Valorant Masters Santiago 2026
Francis,NS,5,1,0,0,0,0,0,0,0,81,0,0,Abyss,2026-03-15 14:00:00,https://www.vlr.gg/626544/nongshim-redforce-vs-paper-rex-valorant-masters-santiago-2026-gf,Valorant Masters Santiago 2026
Ivy,NS,3,0,0,0,1,0,0,0,0,58,0,0,Abyss,2026-03-15 14:00:00,https://www.vlr.gg/626544/nongshim-redforce-vs-paper-rex-valorant-masters-santiago-2026-gf,Valorant Masters Santiago 2026
Xross,NS,3,2,0,0,2,0,0,0,0,156,4,1,Abyss,2026-03-15 14:00:00,https://www.vlr.gg/626544/nongshim-redforce-vs-paper-rex-valorant-masters-santiago-2026-gf,Valorant Masters Santiago 2026
Jinggg,PRX,1,0,0,0,0,0,0,0,0,51,0,0,Abyss,2026-03-15 14:00:00,https://www.vlr.gg/626544/nongshim-redforce-vs-paper-rex-valorant-masters-santiago-2026-gf,Valorant Masters Santiago 2026
invy,PRX,1,0,0,0,0,0,0,0,0,30,4,0,Abyss,2026-03-15 14:00:00,https://www.vlr.gg/626544/nongshim-redforce-vs-paper-rex-valorant-masters-santiago-2026-gf,Valorant Masters Santiago 2026
f0rsakeN,PRX,1,0,0,0,0,0,0,0,0,25,0,1,Abyss,2026-03-15 14:00:00,https://www.vlr.gg/626544/nongshim-redforce-vs-paper-rex-valorant-masters-santiago-2026-gf,Valorant Masters Santiago 2026
d4v41,PRX,5,0,1,0,0,0,0,0,0,61,0,0,Abyss,2026-03-15 14:00:00,https://www.vlr.gg/626544/nongshim-redforce-vs-paper-rex-valorant-masters-santiago-2026-gf,Valorant Masters Santiago 2026
something,PRX,2,0,0,0,0,0,0,0,0,48,0,0,Abyss,2026-03-15 14:00:00,https://www.vlr.gg/626544/nongshim-redforce-vs-paper-rex-valorant-masters-santiago-2026-gf,Valorant Masters Santiago 2026
