teamA,map,side,teamB,rndA,rndB,round,winCon,date,map_order,event,source_url
M8,Haven,atk,EDG,0,1,1,elim,2026-02-28 12:00:00,0,Valorant Masters Santiago 2026,https://www.vlr.gg/625788/gentle-mates-vs-edward-gaming-valorant-masters-santiago-2026-r1
M8,Haven,atk,EDG,1,0,2,elim,2026-02-28 12:00:00,0,Valorant Masters Santiago 2026,https://www.vlr.gg/625788/gentle-mates-vs-edward-gaming-valorant-masters-santiago-2026-r1
M8,Haven,atk,EDG,1,0,3,elim,2026-02-28 12:00:00,0,Valorant Masters Santiago 2026,https://www.vlr.gg/625788/gentle-mates-vs-edward-gaming-valorant-masters-santiago-2026-r1
M8,Haven,atk,EDG,0,1,4,defus,2026-02-28 12:00:00,0,Valorant Masters Santiago 2026,https://www.vlr.gg/625788/gentle-mates-vs-edward-gaming-valorant-masters-santiago-2026-r1
M8,Haven,atk,EDG,1,0,5,elim,2026-02-28 12:00:00,0,Valorant Masters Santiago 2026,https://www.vlr.gg/625788/gentle-mates-vs-edward-gaming-valorant-masters-santiago-2026-r1
M8,Haven,atk,EDG,1,0,6,elim,2026-02-28 12:00:00,0,Valorant Masters Santiago 2026,https://www.vlr.gg/625788/gentle-mates-vs-edward-gaming-valorant-masters-santiago-2026-r1
M8,Haven,atk,EDG,1,0,7,elim,2026-02-28 12:00:00,0,Valorant Masters Santiago 2026,https://www.vlr.gg/625788/gentle-mates-vs-edward-gaming-valorant-masters-santiago-2026-r1
M8,Haven,atk,EDG,1,0,8,boom,2026-02-28 12:00:00,0,Valorant Masters Santiago 2026,https://www.vlr.gg/625788/gentle-mates-vs-edward-gaming-valorant-masters-santiago-2026-r1
M8,Haven,atk,EDG,1,0,9,boom,2026-02-28 12:00:00,0,Valorant Masters Santiago 2026,https://www.vlr.gg/625788/gentle-mates-vs-edward-gaming-valorant-masters-santiago-2026-r1
M8,Haven,atk,EDG,0,1,10,defus,2026-02-28 12:00:00,0,Valorant Masters Santiago 2026,https://www.vlr.gg/625788/gentle-mates-vs-edward-gaming-valorant-masters-santiago-2026-r1
M8,Haven,atk,EDG,0,1,11,defus,2026-02-28 12:00:00,0,Valorant Masters Santiago 2026,https://www.vlr.gg/625788/gentle-mates-vs-edward-gaming-valorant-masters-santiago-2026-r1
M8,Haven,atk,EDG,1,0,12,elim,2026-02-28 12:00:00,0,Valorant Masters Santiago 2026,https://www.vlr.gg/625788/gentle-mates-vs-edward-gaming-valorant-masters-santiago-2026-r1
M8,Haven,def,EDG,1,0,13,elim,2026-02-28 12:00:00,0,Valorant Masters Santiago 2026,https://www.vlr.gg/625788/gentle-mates-vs-edward-gaming-valorant-masters-santiago-2026-r1
M8,Haven,def,EDG,1,0,14,elim,2026-02-28 12:00:00,0,Valorant Masters Santiago 2026,https://www.vlr.gg/625788/gentle-mates-vs-edward-gaming-valorant-masters-santiago-2026-r1
M8,Haven,def,EDG,0,1,15,elim,2026-02-28 12:00:00,0,Valorant Masters Santiago 2026,https://www.vlr.gg/625788/gentle-mates-vs-edward-gaming-valorant-masters-santiago-2026-r1
M8,Haven,def,EDG,0,1,16,elim,2026-02-28 12:00:00,0,Valorant Masters Santiago 2026,https://www.vlr.gg/625788/gentle-mates-vs-edward-gaming-valorant-masters-santiago-2026-r1
M8,Haven,def,EDG,0,1,17,elim,2026-02-28 12:00:00,0,Valorant Masters Santiago 2026,https://www.vlr.gg/625788/gentle-mates-vs-edward-gaming-valorant-masters-santiago-2026-r1
M8,Haven,def,EDG,0,1,18,elim,2026-02-28 12:00:00,0,Valorant Masters Santiago 2026,https://www.vlr.gg/625788/gentle-mates-vs-edward-gaming-valorant-masters-santiago-2026-r1
M8,Haven,def,EDG,0,1,19,elim,2026-02-28 12:00:00,0,Valorant Masters Santiago 2026,https://www.vlr.gg/625788/gentle-mates-vs-edward-gaming-valorant-masters-santiago-2026-r1
M8,Haven,def,EDG,0,1,20,boom,2026-02-28 12:00:00,0,Valorant Masters Santiago 2026,https://www.vlr.gg/625788/gentle-mates-vs-edward-gaming-valorant-masters-santiago-2026-r1
M8,Haven,def,EDG,1,0,21,elim,2026-02-28 12:00:00,0,Valorant Masters Santiago 2026,https://www.vlr.gg/625788/gentle-mates-vs-edward-gaming-valorant-masters-santiago-2026-r1
M8,Haven,def,EDG,1,0,22,defus,2026-02-28 12:00:00,0,Valorant Masters Santiago 2026,https://www.vlr.gg/625788/gentle-mates-vs-edward-gaming-valorant-masters-santiago-2026-r1
M8,Haven,def,EDG,0,1,23,boom,2026-02-28 12:00:00,0,Valorant Masters Santiago 2026,https://www.vlr.gg/625788/gentle-mates-vs-edward-gaming-valorant-masters-santiago-2026-r1
M8,Haven,def,EDG,1,0,24,elim,2026-02-28 12:00:00,0,Valorant Masters Santiago 2026,https://www.vlr.gg/625788/gentle-mates-vs-edward-gaming-valorant-masters-santiago-2026-r1
M8,Pearl,atk,EDG,0,1,1,elim,2026-02-28 12:00:00,1,Valorant Masters Santiago 2026,https://www.vlr.gg/625788/gentle-mates-vs-edward-gaming-valorant-masters-santiago-2026-r1
M8,Pearl,atk,EDG,0,1,2,elim,2026-02-28 12:00:00,1,Valorant Masters Santiago 2026,https://www.vlr.gg/625788/gentle-mates-vs-edward-gaming-valorant-masters-santiago-2026-r1
M8,Pearl,atk,EDG,1,0,3,elim,2026-02-28 12:00:00,1,Valorant Masters Santiago 2026,https://www.vlr.gg/625788/gentle-mates-vs-edward-gaming-valorant-masters-santiago-2026-r1
M8,Pearl,atk,EDG,1,0,4,elim,2026-02-28 12:00:00,1,Valorant Masters Santiago 2026,https://www.vlr.gg/625788/gentle-mates-vs-edward-gaming-valorant-masters-santiago-2026-r1
M8,Pearl,atk,EDG,0,1,5,elim,2026-02-28 12:00:00,1,Valorant Masters Santiago 2026,https://www.vlr.gg/625788/gentle-mates-vs-edward-gaming-valorant-masters-santiago-2026-r1
M8,Pearl,atk,EDG,1,0,6,elim,2026-02-28 12:00:00,1,Valorant Masters Santiago 2026,https://www.vlr.gg/625788/gentle-mates-vs-edward-gaming-valorant-masters-santiago-2026-r1
M8,Pearl,atk,EDG,0,1,7,tim,2026-02-28 12:00:00,1,Valorant Masters Santiago 2026,https://www.vlr.gg/625788/gentle-mates-vs-edward-gaming-valorant-masters-santiago-2026-r1
M8,Pearl,atk,EDG,0,1,8,defus,2026-02-28 12:00:00,1,Valorant Masters Santiago 2026,https://www.vlr.gg/625788/gentle-mates-vs-edward-gaming-valorant-masters-santiago-2026-r1
M8,Pearl,atk,EDG,1,0,9,boom,2026-02-28 12:00:00,1,Valorant Masters Santiago 2026,https://www.vlr.gg/625788/gentle-mates-vs-edward-gaming-valorant-masters-santiago-2026-r1
M8,Pearl,atk,EDG,0,1,10,elim,2026-02-28 12:00:00,1,Valorant Masters Santiago 2026,https://www.vlr.gg/625788/gentle-mates-vs-edward-gaming-valorant-masters-santiago-2026-r1
M8,Pearl,atk,EDG,1,0,11,boom,2026-02-28 12:00:00,1,Valorant Masters Santiago 2026,https://www.vlr.gg/625788/gentle-mates-vs-edward-gaming-valorant-masters-santiago-2026-r1
M8,Pearl,atk,EDG,1,0,12,elim,2026-02-28 12:00:00,1,Valorant Masters Santiago 2026,https://www.vlr.gg/625788/gentle-mates-vs-edward-gaming-valorant-masters-santiago-2026-r1
M8,Pearl,def,EDG,0,1,13,elim,2026-02-28 12:00:00,1,Valorant Masters Santiago 2026,https://www.vlr.gg/625788/gentle-mates-vs-edward-gaming-valorant-masters-santiago-2026-r1
M8,Pearl,def,EDG,1,0,14,defus,2026-02-28 12:00:00,1,Valorant Masters Santiago 2026,https://www.vlr.gg/625788/gentle-mates-vs-edward-gaming-valorant-masters-santiago-2026-r1
M8,Pearl,def,EDG,1,0,15,tim,2026-02-28 12:00:00,1,Valorant Masters Santiago 2026,https://www.vlr.gg/625788/gentle-mates-vs-edward-gaming-valorant-masters-santiago-2026-r1
M8,Pearl,def,EDG,1,0,16,elim,2026-02-28 12:00:00,1,Valorant Masters Santiago 2026,https://www.vlr.gg/625788/gentle-mates-vs-edward-gaming-valorant-masters-santiago-2026-r1
M8,Pearl,def,EDG,1,0,17,elim,2026-02-28 12:00:00,1,Valorant Masters Santiago 2026,https://www.vlr.gg/625788/gentle-mates-vs-edward-gaming-valorant-masters-santiago-2026-r1
M8,Pearl,def,EDG,1,0,18,tim,2026-02-28 12:00:00,1,Valorant Masters Santiago 2026,https://www.vlr.gg/625788/gentle-mates-vs-edward-gaming-valorant-masters-santiago-2026-r1
M8,Pearl,def,EDG,1,0,19,elim,2026-02-28 12:00:00,1,Valorant Masters Santiago 2026,https://www.vlr.gg/625788/gentle-mates-vs-edward-gaming-valorant-masters-santiago-2026-r1
M8,Pearl,def,EDG,1,0,20,defus,2026-02-28 12:00:00,1,Valorant Masters Santiago 2026,https://www.vlr.gg/625788/gentle-mates-vs-edward-gaming-valorant-masters-santiago-2026-r1
XLG,Haven,atk,NRG,0,1,13,defus,2026-02-28 14:30:00,0,Valorant Masters Santiago 2026,https://www.vlr.gg/625791/xi-lai-gaming-vs-nrg-valorant-masters-santiago-2026-r1
XLG,Haven,atk,NRG,0,1,14,elim,2026-02-28 14:30:00,0,Valorant Masters Santiago 2026,https://www.vlr.gg/625791/xi-lai-gaming-vs-nrg-valorant-masters-santiago-2026-r1
XLG,Haven,atk,NRG,0,1,15,elim,2026-02-28 14:30:00,0,Valorant Masters Santiago 2026,https://www.vlr.gg/625791/xi-lai-gaming-vs-nrg-valorant-masters-santiago-2026-r1
XLG,Haven,def,NRG,0,1,1,elim,2026-02-28 14:30:00,0,Valorant Masters Santiago 2026,https://www.vlr.gg/625791/xi-lai-gaming-vs-nrg-valorant-masters-santiago-2026-r1
XLG,Haven,def,NRG,0,1,2,boom,2026-02-28 14:30:00,0,Valorant Masters Santiago 2026,https://www.vlr.gg/625791/xi-lai-gaming-vs-nrg-valorant-masters-santiago-2026-r1
XLG,Haven,def,NRG,0,1,3,elim,2026-02-28 14:30:00,0,Valorant Masters Santiago 2026,https://www.vlr.gg/625791/xi-lai-gaming-vs-nrg-valorant-masters-santiago-2026-r1
XLG,Haven,def,NRG,0,1,4,elim,2026-02-28 14:30:00,0,Valorant Masters Santiago 2026,https://www.vlr.gg/625791/xi-lai-gaming-vs-nrg-valorant-masters-santiago-2026-r1
XLG,Haven,def,NRG,0,1,5,boom,2026-02-28 14:30:00,0,Valorant Masters Santiago 2026,https://www.vlr.gg/625791/xi-lai-gaming-vs-nrg-valorant-masters-santiago-2026-r1
XLG,Haven,def,NRG,0,1,6,elim,2026-02-28 14:30:00,0,Valorant Masters Santiago 2026,https://www.vlr.gg/625791/xi-lai-gaming-vs-nrg-valorant-masters-santiago-2026-r1
XLG,Haven,def,NRG,1,0,7,elim,2026-02-28 14:30:00,0,Valorant Masters Santiago 2026,https://www.vlr.gg/625791/xi-lai-gaming-vs-nrg-valorant-masters-santiago-2026-r1
XLG,Haven,def,NRG,1,0,8,defus,2026-02-28 14:30:00,0,Valorant Masters Santiago 2026,https://www.vlr.gg/625791/xi-lai-gaming-vs-nrg-valorant-masters-santiago-2026-r1
XLG,Haven,def,NRG,0,1,9,boom,2026-02-28 14:30:00,0,Valorant Masters Santiago 2026,https://www.vlr.gg/625791/xi-lai-gaming-vs-nrg-valorant-masters-santiago-2026-r1
XLG,Haven,def,NRG,0,1,10,boom,2026-02-28 14:30:00,0,Valorant Masters Santiago 2026,https://www.vlr.gg/625791/xi-lai-gaming-vs-nrg-valorant-masters-santiago-2026-r1
XLG,Haven,def,NRG,0,1,11,boom,2026-02-28 14:30:00,0,Valorant Masters Santiago 2026,https://www.vlr.gg/625791/xi-lai-gaming-vs-nrg-valorant-masters-santiago-2026-r1
XLG,Haven,def,NRG,0,1,12,elim,2026-02-28 14:30:00,0,Valorant Masters Santiago 2026,https://www.vlr.gg/625791/xi-lai-gaming-vs-nrg-valorant-masters-santiago-2026-r1
XLG,Abyss,atk,NRG,1,0,13,elim,2026-02-28 14:30:00,1,Valorant Masters Santiago 2026,https://www.vlr.gg/625791/xi-lai-gaming-vs-nrg-valorant-masters-santiago-2026-r1
XLG,Abyss,atk,NRG,1,0,14,elim,2026-02-28 14:30:00,1,Valorant Masters Santiago 2026,https://www.vlr.gg/625791/xi-lai-gaming-vs-nrg-valorant-masters-santiago-2026-r1
XLG,Abyss,atk,NRG,0,1,15,defus,2026-02-28 14:30:00,1,Valorant Masters Santiago 2026,https://www.vlr.gg/625791/xi-lai-gaming-vs-nrg-valorant-masters-santiago-2026-r1
XLG,Abyss,atk,NRG,1,0,16,elim,2026-02-28 14:30:00,1,Valorant Masters Santiago 2026,https://www.vlr.gg/625791/xi-lai-gaming-vs-nrg-valorant-masters-santiago-2026-r1
XLG,Abyss,atk,NRG,1,0,17,elim,2026-02-28 14:30:00,1,Valorant Masters Santiago 2026,https://www.vlr.gg/625791/xi-lai-gaming-vs-nrg-valorant-masters-santiago-2026-r1
XLG,Abyss,atk,NRG,1,0,18,elim,2026-02-28 14:30:00,1,Valorant Masters Santiago 2026,https://www.vlr.gg/625791/xi-lai-gaming-vs-nrg-valorant-masters-santiago-2026-r1
XLG,Abyss,atk,NRG,0,1,19,defus,2026-02-28 14:30:00,1,Valorant Masters Santiago 2026,https://www.vlr.gg/625791/xi-lai-gaming-vs-nrg-valorant-masters-santiago-2026-r1
XLG,Abyss,atk,NRG,0,1,20,elim,2026-02-28 14:30:00,1,Valorant Masters Santiago 2026,https://www.vlr.gg/625791/xi-lai-gaming-vs-nrg-valorant-masters-santiago-2026-r1
XLG,Abyss,atk,NRG,1,0,21,elim,2026-02-28 14:30:00,1,Valorant Masters Santiago 2026,https://www.vlr.gg/625791/xi-lai-gaming-vs-nrg-valorant-masters-santiago-2026-r1
XLG,Abyss,atk,NRG,1,0,22,elim,2026-02-28 14:30:00,1,Valorant Masters Santiago 2026,https://www.vlr.gg/625791/xi-lai-gaming-vs-nrg-valorant-masters-santiago-2026-r1
XLG,Abyss,atk,NRG,0,1,23,elim,2026-02-28 14:30:00,1,Valorant Masters Santiago 2026,https://www.vlr.gg/625791/xi-lai-gaming-vs-nrg-valorant-masters-santiago-2026-r1
XLG,Abyss,def,NRG,0,1,1,elim,2026-02-28 14:30:00,1,Valorant Masters Santiago 2026,https://www.vlr.gg/625791/xi-lai-gaming-vs-nrg-valorant-masters-santiago-2026-r1
XLG,Abyss,def,NRG,0,1,2,elim,2026-02-28 14:30:00,1,Valorant Masters Santiago 2026,https://www.vlr.gg/625791/xi-lai-gaming-vs-nrg-valorant-masters-santiago-2026-r1
XLG,Abyss,def,NRG,1,0,3,elim,2026-02-28 14:30:00,1,Valorant Masters Santiago 2026,https://www.vlr.gg/625791/xi-lai-gaming-vs-nrg-valorant-masters-santiago-2026-r1
XLG,Abyss,def,NRG,0,1,4,boom,2026-02-28 14:30:00,1,Valorant Masters Santiago 2026,https://www.vlr.gg/625791/xi-lai-gaming-vs-nrg-valorant-masters-santiago-2026-r1
XLG,Abyss,def,NRG,0,1,5,elim,2026-02-28 14:30:00,1,Valorant Masters Santiago 2026,https://www.vlr.gg/625791/xi-lai-gaming-vs-nrg-valorant-masters-santiago-2026-r1
XLG,Abyss,def,NRG,0,1,6,elim,2026-02-28 14:30:00,1,Valorant Masters Santiago 2026,https://www.vlr.gg/625791/xi-lai-gaming-vs-nrg-valorant-masters-santiago-2026-r1
XLG,Abyss,def,NRG,0,1,7,elim,2026-02-28 14:30:00,1,Valorant Masters Santiago 2026,https://www.vlr.gg/625791/xi-lai-gaming-vs-nrg-valorant-masters-santiago-2026-r1
XLG,Abyss,def,NRG,0,1,8,elim,2026-02-28 14:30:00,1,Valorant Masters Santiago 2026,https://www.vlr.gg/625791/xi-lai-gaming-vs-nrg-valorant-masters-santiago-2026-r1
XLG,Abyss,def,NRG,1,0,9,defus,2026-02-28 14:30:00,1,Valorant Masters Santiago 2026,https://www.vlr.gg/625791/xi-lai-gaming-vs-nrg-valorant-masters-santiago-2026-r1
XLG,Abyss,def,NRG,0,1,10,boom,2026-02-28 14:30:00,1,Valorant Masters Santiago 2026,https://www.vlr.gg/625791/xi-lai-gaming-vs-nrg-valorant-masters-santiago-2026-r1
XLG,Abyss,def,NRG,1,0,11,elim,2026-02-28 14:30:00,1,Valorant Masters Santiago 2026,https://www.vlr.gg/625791/xi-lai-gaming-vs-nrg-valorant-masters-santiago-2026-r1
XLG,Abyss,def,NRG,0,1,12,elim,2026-02-28 14:30:00,1,Valorant Masters Santiago 2026,https://www.vlr.gg/625791/xi-lai-gaming-vs-nrg-valorant-masters-santiago-2026-r1
G2,Split,atk,PRX,1,0,1,elim,2026-03-01 12:00:00,0,Valorant Masters Santiago 2026,https://www.vlr.gg/625790/g2-esports-vs-paper-rex-valorant-masters-santiago-2026-r1
G2,Split,atk,PRX,1,0,2,elim,2026-03-01 12:00:00,0,Valorant Masters Santiago 2026,https://www.vlr.gg/625790/g2-esports-vs-paper-rex-valorant-masters-santiago-2026-r1
G2,Split,atk,PRX,1,0,3,elim,2026-03-01 12:00:00,0,Valorant Masters Santiago 2026,https://www.vlr.gg/625790/g2-esports-vs-paper-rex-valorant-masters-santiago-2026-r1
G2,Split,atk,PRX,0,1,4,defus,2026-03-01 12:00:00,0,Valorant Masters Santiago 2026,https://www.vlr.gg/625790/g2-esports-vs-paper-rex-valorant-masters-santiago-2026-r1
G2,Split,atk,PRX,0,1,5,defus,2026-03-01 12:00:00,0,Valorant Masters Santiago 2026,https://www.vlr.gg/625790/g2-esports-vs-paper-rex-valorant-masters-santiago-2026-r1
G2,Split,atk,PRX,0,1,6,elim,2026-03-01 12:00:00,0,Valorant Masters Santiago 2026,https://www.vlr.gg/625790/g2-esports-vs-paper-rex-valorant-masters-santiago-2026-r1
G2,Split,atk,PRX,1,0,7,elim,2026-03-01 12:00:00,0,Valorant Masters Santiago 2026,https://www.vlr.gg/625790/g2-esports-vs-paper-rex-valorant-masters-santiago-2026-r1
G2,Split,atk,PRX,0,1,8,defus,2026-03-01 12:00:00,0,Valorant Masters Santiago 2026,https://www.vlr.gg/625790/g2-esports-vs-paper-rex-valorant-masters-santiago-2026-r1
G2,Split,atk,PRX,0,1,9,elim,2026-03-01 12:00:00,0,Valorant Masters Santiago 2026,https://www.vlr.gg/625790/g2-esports-vs-paper-rex-valorant-masters-santiago-2026-r1
G2,Split,atk,PRX,0,1,10,elim,2026-03-01 12:00:00,0,Valorant Masters Santiago 2026,https://www.vlr.gg/625790/g2-esports-vs-paper-rex-valorant-masters-santiago-2026-r1
G2,Split,atk,PRX,0,1,11,defus,2026-03-01 12:00:00,0,Valorant Masters Santiago 2026,https://www.vlr.gg/625790/g2-esports-vs-paper-rex-valorant-masters-santiago-2026-r1
G2,Split,atk,PRX,0,1,12,defus,2026-03-01 12:00:00,0,Valorant Masters Santiago 2026,https://www.vlr.gg/625790/g2-esports-vs-paper-rex-valorant-masters-santiago-2026-r1
G2,Split,def,PRX,0,1,13,elim,2026-03-01 12:00:00,0,Valorant Masters Santiago 2026,https://www.vlr.gg/625790/g2-esports-vs-paper-rex-valorant-masters-santiago-2026-r1
G2,Split,def,PRX,1,0,14,elim,2026-03-01 12:00:00,0,Valorant Masters Santiago 2026,https://www.vlr.gg/625790/g2-esports-vs-paper-rex-valorant-masters-santiago-2026-r1
G2,Split,def,PRX,1,0,15,elim,2026-03-01 12:00:00,0,Valorant Masters Santiago 2026,https://www.vlr.gg/625790/g2-esports-vs-paper-rex-valorant-masters-santiago-2026-r1
G2,Split,def,PRX,1,0,16,elim,2026-03-01 12:00:00,0,Valorant Masters Santiago 2026,https://www.vlr.gg/625790/g2-esports-vs-paper-rex-valorant-masters-santiago-2026-r1
G2,Split,def,PRX,1,0,17,defus,2026-03-01 12:00:00,0,Valorant Masters Santiago 2026,https://www.vlr.gg/625790/g2-esports-vs-paper-rex-valorant-masters-santiago-2026-r1
G2,Split,def,PRX,1,0,18,defus,2026-03-01 12:00:00,0,Valorant Masters Santiago 2026,https://www.vlr.gg/625790/g2-esports-vs-paper-rex-valorant-masters-santiago-2026-r1
G2,Split,def,PRX,0,1,19,elim,2026-03-01 12:00:00,0,Valorant Masters Santiago 2026,https://www.vlr.gg/625790/g2-esports-vs-paper-rex-valorant-masters-santiago-2026-r1
G2,Split,def,PRX,0,1,20,elim,2026-03-01 12:00:00,0,Valorant Masters Santiago 2026,https://www.vlr.gg/625790/g2-esports-vs-paper-rex-valorant-masters-santiago-2026-r1
G2,Split,def,PRX,0,1,21,elim,2026-03-01 12:00:00,0,Valorant Masters Santiago 2026,https://www.vlr.gg/625790/g2-esports-vs-paper-rex-valorant-masters-santiago-2026-r1
G2,Split,def,PRX,0,1,22,elim,2026-03-01 12:00:00,0,Valorant Masters Santiago 2026,https://www.vlr.gg/625790/g2-esports-vs-paper-rex-valorant-masters-santiago-2026-r1
G2,Corrode,atk,PRX,1,0,1,elim,2026-03-01 12:00:00,1,Valorant Masters Santiago 2026,https://www.vlr.gg/625790/g2-esports-vs-paper-rex-valorant-masters-santiago-2026-r1
G2,Corrode,atk,PRX,1,0,2,elim,2026-03-01 12:00:00,1,Valorant Masters Santiago 2026,https://www.vlr.gg/625790/g2-esports-vs-paper-rex-valorant-masters-santiago-2026-r1
G2,Corrode,atk,PRX,0,1,3,defus,2026-03-01 12:00:00,1,Valorant Masters Santiago 2026,https://www.vlr.gg/625790/g2-esports-vs-paper-rex-valorant-masters-santiago-2026-r1
G2,Corrode,atk,PRX,0,1,4,elim,2026-03-01 12:00:00,1,Valorant Masters Santiago 2026,https://www.vlr.gg/625790/g2-esports-vs-paper-rex-valorant-masters-santiago-2026-r1
G2,Corrode,atk,PRX,0,1,5,defus,2026-03-01 12:00:00,1,Valorant Masters Santiago 2026,https://www.vlr.gg/625790/g2-esports-vs-paper-rex-valorant-masters-santiago-2026-r1
G2,Corrode,atk,PRX,0,1,6,elim,2026-03-01 12:00:00,1,Valorant Masters Santiago 2026,https://www.vlr.gg/625790/g2-esports-vs-paper-rex-valorant-masters-santiago-2026-r1
G2,Corrode,atk,PRX,0,1,7,elim,2026-03-01 12:00:00,1,Valorant Masters Santiago 2026,https://www.vlr.gg/625790/g2-esports-vs-paper-rex-valorant-masters-santiago-2026-r1
G2,Corrode,atk,PRX,1,0,8,elim,2026-03-01 12:00:00,1,Valorant Masters Santiago 2026,https://www.vlr.gg/625790/g2-esports-vs-paper-rex-valorant-masters-santiago-2026-r1
G2,Corrode,atk,PRX,0,1,9,defus,2026-03-01 12:00:00,1,Valorant Masters Santiago 2026,https://www.vlr.gg/625790/g2-esports-vs-paper-rex-valorant-masters-santiago-2026-r1
G2,Corrode,atk,PRX,1,0,10,elim,2026-03-01 12:00:00,1,Valorant Masters Santiago 2026,https://www.vlr.gg/625790/g2-esports-vs-paper-rex-valorant-masters-santiago-2026-r1
G2,Corrode,atk,PRX,0,1,11,defus,2026-03-01 12:00:00,1,Valorant Masters Santiago 2026,https://www.vlr.gg/625790/g2-esports-vs-paper-rex-valorant-masters-santiago-2026-r1
G2,Corrode,atk,PRX,1,0,12,elim,2026-03-01 12:00:00,1,Valorant Masters Santiago 2026,https://www.vlr.gg/625790/g2-esports-vs-paper-rex-valorant-masters-santiago-2026-r1
G2,Corrode,def,PRX,0,1,13,elim,2026-03-01 12:00:00,1,Valorant Masters Santiago 2026,https://www.vlr.gg/625790/g2-esports-vs-paper-rex-valorant-masters-santiago-2026-r1
G2,Corrode,def,PRX,0,1,14,elim,2026-03-01 12:00:00,1,Valorant Masters Santiago 2026,https://www.vlr.gg/625790/g2-esports-vs-paper-rex-valorant-masters-santiago-2026-r1
G2,Corrode,def,PRX,0,1,15,elim,2026-03-01 12:00:00,1,Valorant Masters Santiago 2026,https://www.vlr.gg/625790/g2-esports-vs-paper-rex-valorant-masters-santiago-2026-r1
G2,Corrode,def,PRX,0,1,16,elim,2026-03-01 12:00:00,1,Valorant Masters Santiago 2026,https://www.vlr.gg/625790/g2-esports-vs-paper-rex-valorant-masters-santiago-2026-r1
G2,Corrode,def,PRX,0,1,17,elim,2026-03-01 12:00:00,1,Valorant Masters Santiago 2026,https://www.vlr.gg/625790/g2-esports-vs-paper-rex-valorant-masters-santiago-2026-r1
G2,Corrode,def,PRX,0,1,18,elim,2026-03-01 12:00:00,1,Valorant Masters Santiago 2026,https://www.vlr.gg/625790/g2-esports-vs-paper-rex-valorant-masters-santiago-2026-r1
T1,Breeze,atk,TL,0,1,1,elim,2026-03-01 14:05:00,0,Valorant Masters Santiago 2026,https://www.vlr.gg/625789/t1-vs-team-liquid-valorant-masters-santiago-2026-r1
T1,Breeze,atk,TL,1,0,2,elim,2026-03-01 14:05:00,0,Valorant Masters Santiago 2026,https://www.vlr.gg/625789/t1-vs-team-liquid-valorant-masters-santiago-2026-r1
T1,Breeze,atk,TL,0,1,3,elim,2026-03-01 14:05:00,0,Valorant Masters Santiago 2026,https://www.vlr.gg/625789/t1-vs-team-liquid-valorant-masters-santiago-2026-r1
T1,Breeze,atk,TL,1,0,4,elim,2026-03-01 14:05:00,0,Valorant Masters Santiago 2026,https://www.vlr.gg/625789/t1-vs-team-liquid-valorant-masters-santiago-2026-r1
T1,Breeze,atk,TL,0,1,5,elim,2026-03-01 14:05:00,0,Valorant Masters Santiago 2026,https://www.vlr.gg/625789/t1-vs-team-liquid-valorant-masters-santiago-2026-r1
T1,Breeze,atk,TL,0,1,6,defus,2026-03-01 14:05:00,0,Valorant Masters Santiago 2026,https://www.vlr.gg/625789/t1-vs-team-liquid-valorant-masters-santiago-2026-r1
T1,Breeze,atk,TL,0,1,7,defus,2026-03-01 14:05:00,0,Valorant Masters Santiago 2026,https://www.vlr.gg/625789/t1-vs-team-liquid-valorant-masters-santiago-2026-r1
T1,Breeze,atk,TL,0,1,8,elim,2026-03-01 14:05:00,0,Valorant Masters Santiago 2026,https://www.vlr.gg/625789/t1-vs-team-liquid-valorant-masters-santiago-2026-r1
T1,Breeze,atk,TL,0,1,9,defus,2026-03-01 14:05:00,0,Valorant Masters Santiago 2026,https://www.vlr.gg/625789/t1-vs-team-liquid-valorant-masters-santiago-2026-r1
T1,Breeze,atk,TL,0,1,10,defus,2026-03-01 14:05:00,0,Valorant Masters Santiago 2026,https://www.vlr.gg/625789/t1-vs-team-liquid-valorant-masters-santiago-2026-r1
T1,Breeze,atk,TL,1,0,11,elim,2026-03-01 14:05:00,0,Valorant Masters Santiago 2026,https://www.vlr.gg/625789/t1-vs-team-liquid-valorant-masters-santiago-2026-r1
T1,Breeze,atk,TL,1,0,12,elim,2026-03-01 14:05:00,0,Valorant Masters Santiago 2026,https://www.vlr.gg/625789/t1-vs-team-liquid-valorant-masters-santiago-2026-r1
T1,Breeze,def,TL,1,0,13,elim,2026-03-01 14:05:00,0,Valorant Masters Santiago 2026,https://www.vlr.gg/625789/t1-vs-team-liquid-valorant-masters-santiago-2026-r1
T1,Breeze,def,TL,1,0,14,defus,2026-03-01 14:05:00,0,Valorant Masters Santiago 2026,https://www.vlr.gg/625789/t1-vs-team-liquid-valorant-masters-santiago-2026-r1
T1,Breeze,def,TL,0,1,15,elim,2026-03-01 14:05:00,0,Valorant Masters Santiago 2026,https://www.vlr.gg/625789/t1-vs-team-liquid-valorant-masters-santiago-2026-r1
T1,Breeze,def,TL,0,1,16,boom,2026-03-01 14:05:00,0,Valorant Masters Santiago 2026,https://www.vlr.gg/625789/t1-vs-team-liquid-valorant-masters-santiago-2026-r1
T1,Breeze,def,TL,0,1,17,boom,2026-03-01 14:05:00,0,Valorant Masters Santiago 2026,https://www.vlr.gg/625789/t1-vs-team-liquid-valorant-masters-santiago-2026-r1
T1,Breeze,def,TL,0,1,18,elim,2026-03-01 14:05:00,0,Valorant Masters Santiago 2026,https://www.vlr.gg/625789/t1-vs-team-liquid-valorant-masters-santiago-2026-r1
T1,Breeze,def,TL,1,0,19,defus,2026-03-01 14:05:00,0,Valorant Masters Santiago 2026,https://www.vlr.gg/625789/t1-vs-team-liquid-valorant-masters-santiago-2026-r1
T1,Breeze,def,TL,1,0,20,defus,2026-03-01 14:05:00,0,Valorant Masters Santiago 2026,https://www.vlr.gg/625789/t1-vs-team-liquid-valorant-masters-santiago-2026-r1
T1,Breeze,def,TL,0,1,21,elim,2026-03-01 14:05:00,0,Valorant Masters Santiago 2026,https://www.vlr.gg/625789/t1-vs-team-liquid-valorant-masters-santiago-2026-r1
T1,Split,atk,TL,1,0,13,boom,2026-03-01 14:05:00,1,Valorant Masters Santiago 2026,https://www.vlr.gg/625789/t1-vs-team-liquid-valorant-masters-santiago-2026-r1
T1,Split,atk,TL,1,0,14,elim,2026-03-01 14:05:00,1,Valorant Masters Santiago 2026,https://www.vlr.gg/625789/t1-vs-team-liquid-valorant-masters-santiago-2026-r1
T1,Split,atk,TL,0,1,15,elim,2026-03-01 14:05:00,1,Valorant Masters Santiago 2026,https://www.vlr.gg/625789/t1-vs-team-liquid-valorant-masters-santiago-2026-r1
T1,Split,atk,TL,0,1,16,elim,2026-03-01 14:05:00,1,Valorant Masters Santiago 2026,https://www.vlr.gg/625789/t1-vs-team-liquid-valorant-masters-santiago-2026-r1
T1,Split,atk,TL,1,0,17,elim,2026-03-01 14:05:00,1,Valorant Masters Santiago 2026,https://www.vlr.gg/625789/t1-vs-team-liquid-valorant-masters-santiago-2026-r1
T1,Split,atk,TL,1,0,18,elim,2026-03-01 14:05:00,1,Valorant Masters Santiago 2026,https://www.vlr.gg/625789/t1-vs-team-liquid-valorant-masters-santiago-2026-r1
T1,Split,atk,TL,0,1,19,defus,2026-03-01 14:05:00,1,Valorant Masters Santiago 2026,https://www.vlr.gg/625789/t1-vs-team-liquid-valorant-masters-santiago-2026-r1
T1,Split,atk,TL,0,1,20,elim,2026-03-01 14:05:00,1,Valorant Masters Santiago 2026,https://www.vlr.gg/625789/t1-vs-team-liquid-valorant-masters-santiago-2026-r1
T1,Split,atk,TL,0,1,21,elim,2026-03-01 14:05:00,1,Valorant Masters Santiago 2026,https://www.vlr.gg/625789/t1-vs-team-liquid-valorant-masters-santiago-2026-r1
T1,Split,atk,TL,1,0,22,elim,2026-03-01 14:05:00,1,Valorant Masters Santiago 2026,https://www.vlr.gg/625789/t1-vs-team-liquid-valorant-masters-santiago-2026-r1
T1,Split,atk,TL,0,1,23,defus,2026-03-01 14:05:00,1,Valorant Masters Santiago 2026,https://www.vlr.gg/625789/t1-vs-team-liquid-valorant-masters-santiago-2026-r1
T1,Split,atk,TL,0,1,24,elim,2026-03-01 14:05:00,1,Valorant Masters Santiago 2026,https://www.vlr.gg/625789/t1-vs-team-liquid-valorant-masters-santiago-2026-r1
T1,Split,atk,TL,1,0,26,elim,2026-03-01 14:05:00,1,Valorant Masters Santiago 2026,https://www.vlr.gg/625789/t1-vs-team-liquid-valorant-masters-santiago-2026-r1
T1,Split,atk,TL,0,1,28,defus,2026-03-01 14:05:00,1,Valorant Masters Santiago 2026,https://www.vlr.gg/625789/t1-vs-team-liquid-valorant-masters-santiago-2026-r1
T1,Split,def,TL,1,0,1,defus,2026-03-01 14:05:00,1,Valorant Masters Santiago 2026,https://www.vlr.gg/625789/t1-vs-team-liquid-valorant-masters-santiago-2026-r1
T1,Split,def,TL,0,1,2,boom,2026-03-01 14:05:00,1,Valorant Masters Santiago 2026,https://www.vlr.gg/625789/t1-vs-team-liquid-valorant-masters-santiago-2026-r1
T1,Split,def,TL,0,1,3,elim,2026-03-01 14:05:00,1,Valorant Masters Santiago 2026,https://www.vlr.gg/625789/t1-vs-team-liquid-valorant-masters-santiago-2026-r1
T1,Split,def,TL,0,1,4,boom,2026-03-01 14:05:00,1,Valorant Masters Santiago 2026,https://www.vlr.gg/625789/t1-vs-team-liquid-valorant-masters-santiago-2026-r1
T1,Split,def,TL,1,0,5,defus,2026-03-01 14:05:00,1,Valorant Masters Santiago 2026,https://www.vlr.gg/625789/t1-vs-team-liquid-valorant-masters-santiago-2026-r1
T1,Split,def,TL,1,0,6,defus,2026-03-01 14:05:00,1,Valorant Masters Santiago 2026,https://www.vlr.gg/625789/t1-vs-team-liquid-valorant-masters-santiago-2026-r1
T1,Split,def,TL,1,0,7,defus,2026-03-01 14:05:00,1,Valorant Masters Santiago 2026,https://www.vlr.gg/625789/t1-vs-team-liquid-valorant-masters-santiago-2026-r1
T1,Split,def,TL,1,0,8,tim,2026-03-01 14:05:00,1,Valorant Masters Santiago 2026,https://www.vlr.gg/625789/t1-vs-team-liquid-valorant-masters-santiago-2026-r1
T1,Split,def,TL,0,1,9,elim,2026-03-01 14:05:00,1,Valorant Masters Santiago 2026,https://www.vlr.gg/625789/t1-vs-team-liquid-valorant-masters-santiago-2026-r1
T1,Split,def,TL,1,0,10,defus,2026-03-01 14:05:00,1,Valorant Masters Santiago 2026,https://www.vlr.gg/625789/t1-vs-team-liquid-valorant-masters-santiago-2026-r1
T1,Split,def,TL,1,0,11,elim,2026-03-01 14:05:00,1,Valorant Masters Santiago 2026,https://www.vlr.gg/625789/t1-vs-team-liquid-valorant-masters-santiago-2026-r1
T1,Split,def,TL,0,1,12,elim,2026-03-01 14:05:00,1,Valorant Masters Santiago 2026,https://www.vlr.gg/625789/t1-vs-team-liquid-valorant-masters-santiago-2026-r1
T1,Split,def,TL,0,1,25,elim,2026-03-01 14:05:00,1,Valorant Masters Santiago 2026,https://www.vlr.gg/625789/t1-vs-team-liquid-valorant-masters-santiago-2026-r1
T1,Split,def,TL,0,1,27,elim,2026-03-01 14:05:00,1,Valorant Masters Santiago 2026,https://www.vlr.gg/625789/t1-vs-team-liquid-valorant-masters-santiago-2026-r1
PRX,Split,atk,NRG,1,0,13,elim,2026-03-02 13:00:00,0,Valorant Masters Santiago 2026,https://www.vlr.gg/626529/paper-rex-vs-nrg-valorant-masters-santiago-2026-r2-1-0
PRX,Split,atk,NRG,1,0,14,boom,2026-03-02 13:00:00,0,Valorant Masters Santiago 2026,https://www.vlr.gg/626529/paper-rex-vs-nrg-valorant-masters-santiago-2026-r2-1-0
PRX,Split,atk,NRG,0,1,15,defus,2026-03-02 13:00:00,0,Valorant Masters Santiago 2026,https://www.vlr.gg/626529/paper-rex-vs-nrg-valorant-masters-santiago-2026-r2-1-0
PRX,Split,atk,NRG,0,1,16,elim,2026-03-02 13:00:00,0,Valorant Masters Santiago 2026,https://www.vlr.gg/626529/paper-rex-vs-nrg-valorant-masters-santiago-2026-r2-1-0
PRX,Split,atk,NRG,0,1,17,elim,2026-03-02 13:00:00,0,Valorant Masters Santiago 2026,https://www.vlr.gg/626529/paper-rex-vs-nrg-valorant-masters-santiago-2026-r2-1-0
PRX,Split,atk,NRG,1,0,18,elim,2026-03-02 13:00:00,0,Valorant Masters Santiago 2026,https://www.vlr.gg/626529/paper-rex-vs-nrg-valorant-masters-santiago-2026-r2-1-0
PRX,Split,atk,NRG,1,0,19,elim,2026-03-02 13:00:00,0,Valorant Masters Santiago 2026,https://www.vlr.gg/626529/paper-rex-vs-nrg-valorant-masters-santiago-2026-r2-1-0
PRX,Split,atk,NRG,1,0,20,boom,2026-03-02 13:00:00,0,Valorant Masters Santiago 2026,https://www.vlr.gg/626529/paper-rex-vs-nrg-valorant-masters-santiago-2026-r2-1-0
PRX,Split,atk,NRG,0,1,21,elim,2026-03-02 13:00:00,0,Valorant Masters Santiago 2026,https://www.vlr.gg/626529/paper-rex-vs-nrg-valorant-masters-santiago-2026-r2-1-0
PRX,Split,atk,NRG,1,0,22,elim,2026-03-02 13:00:00,0,Valorant Masters Santiago 2026,https://www.vlr.gg/626529/paper-rex-vs-nrg-valorant-masters-santiago-2026-r2-1-0
PRX,Split,atk,NRG,1,0,23,elim,2026-03-02 13:00:00,0,Valorant Masters Santiago 2026,https://www.vlr.gg/626529/paper-rex-vs-nrg-valorant-masters-santiago-2026-r2-1-0
PRX,Split,def,NRG,0,1,1,elim,2026-03-02 13:00:00,0,Valorant Masters Santiago 2026,https://www.vlr.gg/626529/paper-rex-vs-nrg-valorant-masters-santiago-2026-r2-1-0
PRX,Split,def,NRG,0,1,2,boom,2026-03-02 13:00:00,0,Valorant Masters Santiago 2026,https://www.vlr.gg/626529/paper-rex-vs-nrg-valorant-masters-santiago-2026-r2-1-0
PRX,Split,def,NRG,0,1,3,boom,2026-03-02 13:00:00,0,Valorant Masters Santiago 2026,https://www.vlr.gg/626529/paper-rex-vs-nrg-valorant-masters-santiago-2026-r2-1-0
PRX,Split,def,NRG,1,0,4,elim,2026-03-02 13:00:00,0,Valorant Masters Santiago 2026,https://www.vlr.gg/626529/paper-rex-vs-nrg-valorant-masters-santiago-2026-r2-1-0
PRX,Split,def,NRG,1,0,5,elim,2026-03-02 13:00:00,0,Valorant Masters Santiago 2026,https://www.vlr.gg/626529/paper-rex-vs-nrg-valorant-masters-santiago-2026-r2-1-0
PRX,Split,def,NRG,1,0,6,defus,2026-03-02 13:00:00,0,Valorant Masters Santiago 2026,https://www.vlr.gg/626529/paper-rex-vs-nrg-valorant-masters-santiago-2026-r2-1-0
PRX,Split,def,NRG,1,0,7,elim,2026-03-02 13:00:00,0,Valorant Masters Santiago 2026,https://www.vlr.gg/626529/paper-rex-vs-nrg-valorant-masters-santiago-2026-r2-1-0
PRX,Split,def,NRG,0,1,8,elim,2026-03-02 13:00:00,0,Valorant Masters Santiago 2026,https://www.vlr.gg/626529/paper-rex-vs-nrg-valorant-masters-santiago-2026-r2-1-0
PRX,Split,def,NRG,0,1,9,elim,2026-03-02 13:00:00,0,Valorant Masters Santiago 2026,https://www.vlr.gg/626529/paper-rex-vs-nrg-valorant-masters-santiago-2026-r2-1-0
PRX,Split,def,NRG,1,0,10,elim,2026-03-02 13:00:00,0,Valorant Masters Santiago 2026,https://www.vlr.gg/626529/paper-rex-vs-nrg-valorant-masters-santiago-2026-r2-1-0
PRX,Split,def,NRG,0,1,11,elim,2026-03-02 13:00:00,0,Valorant Masters Santiago 2026,https://www.vlr.gg/626529/paper-rex-vs-nrg-valorant-masters-santiago-2026-r2-1-0
PRX,Split,def,NRG,1,0,12,elim,2026-03-02 13:00:00,0,Valorant Masters Santiago 2026,https://www.vlr.gg/626529/paper-rex-vs-nrg-valorant-masters-santiago-2026-r2-1-0
PRX,Pearl,atk,NRG,1,0,13,elim,2026-03-02 13:00:00,1,Valorant Masters Santiago 2026,https://www.vlr.gg/626529/paper-rex-vs-nrg-valorant-masters-santiago-2026-r2-1-0
PRX,Pearl,atk,NRG,1,0,14,elim,2026-03-02 13:00:00,1,Valorant Masters Santiago 2026,https://www.vlr.gg/626529/paper-rex-vs-nrg-valorant-masters-santiago-2026-r2-1-0
PRX,Pearl,atk,NRG,0,1,15,defus,2026-03-02 13:00:00,1,Valorant Masters Santiago 2026,https://www.vlr.gg/626529/paper-rex-vs-nrg-valorant-masters-santiago-2026-r2-1-0
PRX,Pearl,atk,NRG,0,1,16,defus,2026-03-02 13:00:00,1,Valorant Masters Santiago 2026,https://www.vlr.gg/626529/paper-rex-vs-nrg-valorant-masters-santiago-2026-r2-1-0
PRX,Pearl,atk,NRG,1,0,17,elim,2026-03-02 13:00:00,1,Valorant Masters Santiago 2026,https://www.vlr.gg/626529/paper-rex-vs-nrg-valorant-masters-santiago-2026-r2-1-0
PRX,Pearl,atk,NRG,1,0,18,elim,2026-03-02 13:00:00,1,Valorant Masters Santiago 2026,https://www.vlr.gg/626529/paper-rex-vs-nrg-valorant-masters-santiago-2026-r2-1-0
PRX,Pearl,atk,NRG,1,0,19,elim,2026-03-02 13:00:00,1,Valorant Masters Santiago 2026,https://www.vlr.gg/626529/paper-rex-vs-nrg-valorant-masters-santiago-2026-r2-1-0
PRX,Pearl,atk,NRG,0,1,20,defus,2026-03-02 13:00:00,1,Valorant Masters Santiago 2026,https://www.vlr.gg/626529/paper-rex-vs-nrg-valorant-masters-santiago-2026-r2-1-0
PRX,Pearl,atk,NRG,0,1,21,defus,2026-03-02 13:00:00,1,Valorant Masters Santiago 2026,https://www.vlr.gg/626529/paper-rex-vs-nrg-valorant-masters-santiago-2026-r2-1-0
PRX,Pearl,atk,NRG,0,1,22,defus,2026-03-02 13:00:00,1,Valorant Masters Santiago 2026,https://www.vlr.gg/626529/paper-rex-vs-nrg-valorant-masters-santiago-2026-r2-1-0
PRX,Pearl,atk,NRG,0,1,23,elim,2026-03-02 13:00:00,1,Valorant Masters Santiago 2026,https://www.vlr.gg/626529/paper-rex-vs-nrg-valorant-masters-santiago-2026-r2-1-0
PRX,Pearl,def,NRG,1,0,1,elim,2026-03-02 13:00:00,1,Valorant Masters Santiago 2026,https://www.vlr.gg/626529/paper-rex-vs-nrg-valorant-masters-santiago-2026-r2-1-0
PRX,Pearl,def,NRG,1,0,2,elim,2026-03-02 13:00:00,1,Valorant Masters Santiago 2026,https://www.vlr.gg/626529/paper-rex-vs-nrg-valorant-masters-santiago-2026-r2-1-0
PRX,Pearl,def,NRG,0,1,3,boom,2026-03-02 13:00:00,1,Valorant Masters Santiago 2026,https://www.vlr.gg/626529/paper-rex-vs-nrg-valorant-masters-santiago-2026-r2-1-0
PRX,Pearl,def,NRG,0,1,4,elim,2026-03-02 13:00:00,1,Valorant Masters Santiago 2026,https://www.vlr.gg/626529/paper-rex-vs-nrg-valorant-masters-santiago-2026-r2-1-0
PRX,Pearl,def,NRG,0,1,5,boom,2026-03-02 13:00:00,1,Valorant Masters Santiago 2026,https://www.vlr.gg/626529/paper-rex-vs-nrg-valorant-masters-santiago-2026-r2-1-0
PRX,Pearl,def,NRG,1,0,6,elim,2026-03-02 13:00:00,1,Valorant Masters Santiago 2026,https://www.vlr.gg/626529/paper-rex-vs-nrg-valorant-masters-santiago-2026-r2-1-0
PRX,Pearl,def,NRG,1,0,7,defus,2026-03-02 13:00:00,1,Valorant Masters Santiago 2026,https://www.vlr.gg/626529/paper-rex-vs-nrg-valorant-masters-santiago-2026-r2-1-0
PRX,Pearl,def,NRG,0,1,8,boom,2026-03-02 13:00:00,1,Valorant Masters Santiago 2026,https://www.vlr.gg/626529/paper-rex-vs-nrg-valorant-masters-santiago-2026-r2-1-0
PRX,Pearl,def,NRG,0,1,9,elim,2026-03-02 13:00:00,1,Valorant Masters Santiago 2026,https://www.vlr.gg/626529/paper-rex-vs-nrg-valorant-masters-santiago-2026-r2-1-0
PRX,Pearl,def,NRG,0,1,10,elim,2026-03-02 13:00:00,1,Valorant Masters Santiago 2026,https://www.vlr.gg/626529/paper-rex-vs-nrg-valorant-masters-santiago-2026-r2-1-0
PRX,Pearl,def,NRG,0,1,11,elim,2026-03-02 13:00:00,1,Valorant Masters Santiago 2026,https://www.vlr.gg/626529/paper-rex-vs-nrg-valorant-masters-santiago-2026-r2-1-0
PRX,Pearl,def,NRG,1,0,12,elim,2026-03-02 13:00:00,1,Valorant Masters Santiago 2026,https://www.vlr.gg/626529/paper-rex-vs-nrg-valorant-masters-santiago-2026-r2-1-0
PRX,Haven,atk,NRG,0,1,1,elim,2026-03-02 13:00:00,2,Valorant Masters Santiago 2026,https://www.vlr.gg/626529/paper-rex-vs-nrg-valorant-masters-santiago-2026-r2-1-0
PRX,Haven,atk,NRG,0,1,2,defus,2026-03-02 13:00:00,2,Valorant Masters Santiago 2026,https://www.vlr.gg/626529/paper-rex-vs-nrg-valorant-masters-santiago-2026-r2-1-0
PRX,Haven,atk,NRG,1,0,3,boom,2026-03-02 13:00:00,2,Valorant Masters Santiago 2026,https://www.vlr.gg/626529/paper-rex-vs-nrg-valorant-masters-santiago-2026-r2-1-0
PRX,Haven,atk,NRG,0,1,4,defus,2026-03-02 13:00:00,2,Valorant Masters Santiago 2026,https://www.vlr.gg/626529/paper-rex-vs-nrg-valorant-masters-santiago-2026-r2-1-0
PRX,Haven,atk,NRG,1,0,5,elim,2026-03-02 13:00:00,2,Valorant Masters Santiago 2026,https://www.vlr.gg/626529/paper-rex-vs-nrg-valorant-masters-santiago-2026-r2-1-0
PRX,Haven,atk,NRG,1,0,6,elim,2026-03-02 13:00:00,2,Valorant Masters Santiago 2026,https://www.vlr.gg/626529/paper-rex-vs-nrg-valorant-masters-santiago-2026-r2-1-0
PRX,Haven,atk,NRG,1,0,7,boom,2026-03-02 13:00:00,2,Valorant Masters Santiago 2026,https://www.vlr.gg/626529/paper-rex-vs-nrg-valorant-masters-santiago-2026-r2-1-0
PRX,Haven,atk,NRG,1,0,8,boom,2026-03-02 13:00:00,2,Valorant Masters Santiago 2026,https://www.vlr.gg/626529/paper-rex-vs-nrg-valorant-masters-santiago-2026-r2-1-0
PRX,Haven,atk,NRG,1,0,9,elim,2026-03-02 13:00:00,2,Valorant Masters Santiago 2026,https://www.vlr.gg/626529/paper-rex-vs-nrg-valorant-masters-santiago-2026-r2-1-0
PRX,Haven,atk,NRG,1,0,10,elim,2026-03-02 13:00:00,2,Valorant Masters Santiago 2026,https://www.vlr.gg/626529/paper-rex-vs-nrg-valorant-masters-santiago-2026-r2-1-0
PRX,Haven,atk,NRG,0,1,11,elim,2026-03-02 13:00:00,2,Valorant Masters Santiago 2026,https://www.vlr.gg/626529/paper-rex-vs-nrg-valorant-masters-santiago-2026-r2-1-0
PRX,Haven,atk,NRG,1,0,12,elim,2026-03-02 13:00:00,2,Valorant Masters Santiago 2026,https://www.vlr.gg/626529/paper-rex-vs-nrg-valorant-masters-santiago-2026-r2-1-0
PRX,Haven,def,NRG,0,1,13,elim,2026-03-02 13:00:00,2,Valorant Masters Santiago 2026,https://www.vlr.gg/626529/paper-rex-vs-nrg-valorant-masters-santiago-2026-r2-1-0
PRX,Haven,def,NRG,0,1,14,boom,2026-03-02 13:00:00,2,Valorant Masters Santiago 2026,https://www.vlr.gg/626529/paper-rex-vs-nrg-valorant-masters-santiago-2026-r2-1-0
PRX,Haven,def,NRG,1,0,15,defus,2026-03-02 13:00:00,2,Valorant Masters Santiago 2026,https://www.vlr.gg/626529/paper-rex-vs-nrg-valorant-masters-santiago-2026-r2-1-0
PRX,Haven,def,NRG,0,1,16,elim,2026-03-02 13:00:00,2,Valorant Masters Santiago 2026,https://www.vlr.gg/626529/paper-rex-vs-nrg-valorant-masters-santiago-2026-r2-1-0
PRX,Haven,def,NRG,1,0,17,defus,2026-03-02 13:00:00,2,Valorant Masters Santiago 2026,https://www.vlr.gg/626529/paper-rex-vs-nrg-valorant-masters-santiago-2026-r2-1-0
PRX,Haven,def,NRG,1,0,18,defus,2026-03-02 13:00:00,2,Valorant Masters Santiago 2026,https://www.vlr.gg/626529/paper-rex-vs-nrg-valorant-masters-santiago-2026-r2-1-0
PRX,Haven,def,NRG,1,0,19,defus,2026-03-02 13:00:00,2,Valorant Masters Santiago 2026,https://www.vlr.gg/626529/paper-rex-vs-nrg-valorant-masters-santiago-2026-r2-1-0
PRX,Haven,def,NRG,0,1,20,boom,2026-03-02 13:00:00,2,Valorant Masters Santiago 2026,https://www.vlr.gg/626529/paper-rex-vs-nrg-valorant-masters-santiago-2026-r2-1-0
PRX,Haven,def,NRG,0,1,21,boom,2026-03-02 13:00:00,2,Valorant Masters Santiago 2026,https://www.vlr.gg/626529/paper-rex-vs-nrg-valorant-masters-santiago-2026-r2-1-0
PRX,Haven,def,NRG,0,1,22,elim,2026-03-02 13:00:00,2,Valorant Masters Santiago 2026,https://www.vlr.gg/626529/paper-rex-vs-nrg-valorant-masters-santiago-2026-r2-1-0
PRX,Haven,def,NRG,0,1,23,elim,2026-03-02 13:00:00,2,Valorant Masters Santiago 2026,https://www.vlr.gg/626529/paper-rex-vs-nrg-valorant-masters-santiago-2026-r2-1-0
PRX,Haven,def,NRG,1,0,24,elim,2026-03-02 13:00:00,2,Valorant Masters Santiago 2026,https://www.vlr.gg/626529/paper-rex-vs-nrg-valorant-masters-santiago-2026-r2-1-0
M8,Pearl,atk,TL,1,0,13,elim,2026-03-02 16:30:00,0,Valorant Masters Santiago 2026,https://www.vlr.gg/626530/gentle-mates-vs-team-liquid-valorant-masters-santiago-2026-r2-1-0
M8,Pearl,atk,TL,1,0,14,boom,2026-03-02 16:30:00,0,Valorant Masters Santiago 2026,https://www.vlr.gg/626530/gentle-mates-vs-team-liquid-valorant-masters-santiago-2026-r2-1-0
M8,Pearl,atk,TL,0,1,15,elim,2026-03-02 16:30:00,0,Valorant Masters Santiago 2026,https://www.vlr.gg/626530/gentle-mates-vs-team-liquid-valorant-masters-santiago-2026-r2-1-0
M8,Pearl,atk,TL,0,1,16,defus,2026-03-02 16:30:00,0,Valorant Masters Santiago 2026,https://www.vlr.gg/626530/gentle-mates-vs-team-liquid-valorant-masters-santiago-2026-r2-1-0
M8,Pearl,atk,TL,0,1,17,defus,2026-03-02 16:30:00,0,Valorant Masters Santiago 2026,https://www.vlr.gg/626530/gentle-mates-vs-team-liquid-valorant-masters-santiago-2026-r2-1-0
M8,Pearl,atk,TL,0,1,18,elim,2026-03-02 16:30:00,0,Valorant Masters Santiago 2026,https://www.vlr.gg/626530/gentle-mates-vs-team-liquid-valorant-masters-santiago-2026-r2-1-0
M8,Pearl,atk,TL,1,0,19,elim,2026-03-02 16:30:00,0,Valorant Masters Santiago 2026,https://www.vlr.gg/626530/gentle-mates-vs-team-liquid-valorant-masters-santiago-2026-r2-1-0
M8,Pearl,atk,TL,1,0,20,elim,2026-03-02 16:30:00,0,Valorant Masters Santiago 2026,https://www.vlr.gg/626530/gentle-mates-vs-team-liquid-valorant-masters-santiago-2026-r2-1-0
M8,Pearl,atk,TL,1,0,21,elim,2026-03-02 16:30:00,0,Valorant Masters Santiago 2026,https://www.vlr.gg/626530/gentle-mates-vs-team-liquid-valorant-masters-santiago-2026-r2-1-0
M8,Pearl,atk,TL,1,0,22,boom,2026-03-02 16:30:00,0,Valorant Masters Santiago 2026,https://www.vlr.gg/626530/gentle-mates-vs-team-liquid-valorant-masters-santiago-2026-r2-1-0
M8,Pearl,atk,TL,0,1,23,defus,2026-03-02 16:30:00,0,Valorant Masters Santiago 2026,https://www.vlr.gg/626530/gentle-mates-vs-team-liquid-valorant-masters-santiago-2026-r2-1-0
M8,Pearl,atk,TL,1,0,24,elim,2026-03-02 16:30:00,0,Valorant Masters Santiago 2026,https://www.vlr.gg/626530/gentle-mates-vs-team-liquid-valorant-masters-santiago-2026-r2-1-0
M8,Pearl,def,TL,0,1,1,elim,2026-03-02 16:30:00,0,Valorant Masters Santiago 2026,https://www.vlr.gg/626530/gentle-mates-vs-team-liquid-valorant-masters-santiago-2026-r2-1-0
M8,Pearl,def,TL,0,1,2,elim,2026-03-02 16:30:00,0,Valorant Masters Santiago 2026,https://www.vlr.gg/626530/gentle-mates-vs-team-liquid-valorant-masters-santiago-2026-r2-1-0
M8,Pearl,def,TL,1,0,3,elim,2026-03-02 16:30:00,0,Valorant Masters Santiago 2026,https://www.vlr.gg/626530/gentle-mates-vs-team-liquid-valorant-masters-santiago-2026-r2-1-0
M8,Pearl,def,TL,0,1,4,boom,2026-03-02 16:30:00,0,Valorant Masters Santiago 2026,https://www.vlr.gg/626530/gentle-mates-vs-team-liquid-valorant-masters-santiago-2026-r2-1-0
M8,Pearl,def,TL,0,1,5,elim,2026-03-02 16:30:00,0,Valorant Masters Santiago 2026,https://www.vlr.gg/626530/gentle-mates-vs-team-liquid-valorant-masters-santiago-2026-r2-1-0
M8,Pearl,def,TL,0,1,6,elim,2026-03-02 16:30:00,0,Valorant Masters Santiago 2026,https://www.vlr.gg/626530/gentle-mates-vs-team-liquid-valorant-masters-santiago-2026-r2-1-0
M8,Pearl,def,TL,0,1,7,elim,2026-03-02 16:30:00,0,Valorant Masters Santiago 2026,https://www.vlr.gg/626530/gentle-mates-vs-team-liquid-valorant-masters-santiago-2026-r2-1-0
M8,Pearl,def,TL,1,0,8,elim,2026-03-02 16:30:00,0,Valorant Masters Santiago 2026,https://www.vlr.gg/626530/gentle-mates-vs-team-liquid-valorant-masters-santiago-2026-r2-1-0
M8,Pearl,def,TL,1,0,9,elim,2026-03-02 16:30:00,0,Valorant Masters Santiago 2026,https://www.vlr.gg/626530/gentle-mates-vs-team-liquid-valorant-masters-santiago-2026-r2-1-0
M8,Pearl,def,TL,1,0,10,elim,2026-03-02 16:30:00,0,Valorant Masters Santiago 2026,https://www.vlr.gg/626530/gentle-mates-vs-team-liquid-valorant-masters-santiago-2026-r2-1-0
M8,Pearl,def,TL,1,0,11,defus,2026-03-02 16:30:00,0,Valorant Masters Santiago 2026,https://www.vlr.gg/626530/gentle-mates-vs-team-liquid-valorant-masters-santiago-2026-r2-1-0
M8,Pearl,def,TL,1,0,12,elim,2026-03-02 16:30:00,0,Valorant Masters Santiago 2026,https://www.vlr.gg/626530/gentle-mates-vs-team-liquid-valorant-masters-santiago-2026-r2-1-0
M8,Bind,atk,TL,1,0,1,elim,2026-03-02 16:30:00,1,Valorant Masters Santiago 2026,https://www.vlr.gg/626530/gentle-mates-vs-team-liquid-valorant-masters-santiago-2026-r2-1-0
M8,Bind,atk,TL,1,0,2,elim,2026-03-02 16:30:00,1,Valorant Masters Santiago 2026,https://www.vlr.gg/626530/gentle-mates-vs-team-liquid-valorant-masters-santiago-2026-r2-1-0
M8,Bind,atk,TL,1,0,3,boom,2026-03-02 16:30:00,1,Valorant Masters Santiago 2026,https://www.vlr.gg/626530/gentle-mates-vs-team-liquid-valorant-masters-santiago-2026-r2-1-0
M8,Bind,atk,TL,1,0,4,elim,2026-03-02 16:30:00,1,Valorant Masters Santiago 2026,https://www.vlr.gg/626530/gentle-mates-vs-team-liquid-valorant-masters-santiago-2026-r2-1-0
M8,Bind,atk,TL,1,0,5,elim,2026-03-02 16:30:00,1,Valorant Masters Santiago 2026,https://www.vlr.gg/626530/gentle-mates-vs-team-liquid-valorant-masters-santiago-2026-r2-1-0
M8,Bind,atk,TL,1,0,6,elim,2026-03-02 16:30:00,1,Valorant Masters Santiago 2026,https://www.vlr.gg/626530/gentle-mates-vs-team-liquid-valorant-masters-santiago-2026-r2-1-0
M8,Bind,atk,TL,1,0,7,boom,2026-03-02 16:30:00,1,Valorant Masters Santiago 2026,https://www.vlr.gg/626530/gentle-mates-vs-team-liquid-valorant-masters-santiago-2026-r2-1-0
M8,Bind,atk,TL,1,0,8,elim,2026-03-02 16:30:00,1,Valorant Masters Santiago 2026,https://www.vlr.gg/626530/gentle-mates-vs-team-liquid-valorant-masters-santiago-2026-r2-1-0
M8,Bind,atk,TL,0,1,9,elim,2026-03-02 16:30:00,1,Valorant Masters Santiago 2026,https://www.vlr.gg/626530/gentle-mates-vs-team-liquid-valorant-masters-santiago-2026-r2-1-0
M8,Bind,atk,TL,1,0,10,elim,2026-03-02 16:30:00,1,Valorant Masters Santiago 2026,https://www.vlr.gg/626530/gentle-mates-vs-team-liquid-valorant-masters-santiago-2026-r2-1-0
M8,Bind,atk,TL,0,1,11,elim,2026-03-02 16:30:00,1,Valorant Masters Santiago 2026,https://www.vlr.gg/626530/gentle-mates-vs-team-liquid-valorant-masters-santiago-2026-r2-1-0
M8,Bind,atk,TL,1,0,12,elim,2026-03-02 16:30:00,1,Valorant Masters Santiago 2026,https://www.vlr.gg/626530/gentle-mates-vs-team-liquid-valorant-masters-santiago-2026-r2-1-0
M8,Bind,def,TL,0,1,13,elim,2026-03-02 16:30:00,1,Valorant Masters Santiago 2026,https://www.vlr.gg/626530/gentle-mates-vs-team-liquid-valorant-masters-santiago-2026-r2-1-0
M8,Bind,def,TL,1,0,14,elim,2026-03-02 16:30:00,1,Valorant Masters Santiago 2026,https://www.vlr.gg/626530/gentle-mates-vs-team-liquid-valorant-masters-santiago-2026-r2-1-0
M8,Bind,def,TL,1,0,15,elim,2026-03-02 16:30:00,1,Valorant Masters Santiago 2026,https://www.vlr.gg/626530/gentle-mates-vs-team-liquid-valorant-masters-santiago-2026-r2-1-0
M8,Bind,def,TL,1,0,16,elim,2026-03-02 16:30:00,1,Valorant Masters Santiago 2026,https://www.vlr.gg/626530/gentle-mates-vs-team-liquid-valorant-masters-santiago-2026-r2-1-0
EDG,Bind,atk,T1,0,1,13,elim,2026-03-03 13:00:00,0,Valorant Masters Santiago 2026,https://www.vlr.gg/626532/edward-gaming-vs-t1-valorant-masters-santiago-2026-r2-0-1
EDG,Bind,atk,T1,0,1,14,elim,2026-03-03 13:00:00,0,Valorant Masters Santiago 2026,https://www.vlr.gg/626532/edward-gaming-vs-t1-valorant-masters-santiago-2026-r2-0-1
EDG,Bind,def,T1,0,1,1,elim,2026-03-03 13:00:00,0,Valorant Masters Santiago 2026,https://www.vlr.gg/626532/edward-gaming-vs-t1-valorant-masters-santiago-2026-r2-0-1
EDG,Bind,def,T1,0,1,2,elim,2026-03-03 13:00:00,0,Valorant Masters Santiago 2026,https://www.vlr.gg/626532/edward-gaming-vs-t1-valorant-masters-santiago-2026-r2-0-1
EDG,Bind,def,T1,0,1,3,elim,2026-03-03 13:00:00,0,Valorant Masters Santiago 2026,https://www.vlr.gg/626532/edward-gaming-vs-t1-valorant-masters-santiago-2026-r2-0-1
EDG,Bind,def,T1,0,1,4,elim,2026-03-03 13:00:00,0,Valorant Masters Santiago 2026,https://www.vlr.gg/626532/edward-gaming-vs-t1-valorant-masters-santiago-2026-r2-0-1
EDG,Bind,def,T1,1,0,5,defus,2026-03-03 13:00:00,0,Valorant Masters Santiago 2026,https://www.vlr.gg/626532/edward-gaming-vs-t1-valorant-masters-santiago-2026-r2-0-1
EDG,Bind,def,T1,0,1,6,boom,2026-03-03 13:00:00,0,Valorant Masters Santiago 2026,https://www.vlr.gg/626532/edward-gaming-vs-t1-valorant-masters-santiago-2026-r2-0-1
EDG,Bind,def,T1,0,1,7,boom,2026-03-03 13:00:00,0,Valorant Masters Santiago 2026,https://www.vlr.gg/626532/edward-gaming-vs-t1-valorant-masters-santiago-2026-r2-0-1
EDG,Bind,def,T1,0,1,8,boom,2026-03-03 13:00:00,0,Valorant Masters Santiago 2026,https://www.vlr.gg/626532/edward-gaming-vs-t1-valorant-masters-santiago-2026-r2-0-1
EDG,Bind,def,T1,0,1,9,elim,2026-03-03 13:00:00,0,Valorant Masters Santiago 2026,https://www.vlr.gg/626532/edward-gaming-vs-t1-valorant-masters-santiago-2026-r2-0-1
EDG,Bind,def,T1,0,1,10,elim,2026-03-03 13:00:00,0,Valorant Masters Santiago 2026,https://www.vlr.gg/626532/edward-gaming-vs-t1-valorant-masters-santiago-2026-r2-0-1
EDG,Bind,def,T1,0,1,11,elim,2026-03-03 13:00:00,0,Valorant Masters Santiago 2026,https://www.vlr.gg/626532/edward-gaming-vs-t1-valorant-masters-santiago-2026-r2-0-1
EDG,Bind,def,T1,0,1,12,elim,2026-03-03 13:00:00,0,Valorant Masters Santiago 2026,https://www.vlr.gg/626532/edward-gaming-vs-t1-valorant-masters-santiago-2026-r2-0-1
EDG,Haven,atk,T1,1,0,1,elim,2026-03-03 13:00:00,1,Valorant Masters Santiago 2026,https://www.vlr.gg/626532/edward-gaming-vs-t1-valorant-masters-santiago-2026-r2-0-1
EDG,Haven,atk,T1,1,0,2,elim,2026-03-03 13:00:00,1,Valorant Masters Santiago 2026,https://www.vlr.gg/626532/edward-gaming-vs-t1-valorant-masters-santiago-2026-r2-0-1
EDG,Haven,atk,T1,0,1,3,tim,2026-03-03 13:00:00,1,Valorant Masters Santiago 2026,https://www.vlr.gg/626532/edward-gaming-vs-t1-valorant-masters-santiago-2026-r2-0-1
EDG,Haven,atk,T1,0,1,4,defus,2026-03-03 13:00:00,1,Valorant Masters Santiago 2026,https://www.vlr.gg/626532/edward-gaming-vs-t1-valorant-masters-santiago-2026-r2-0-1
EDG,Haven,atk,T1,0,1,5,elim,2026-03-03 13:00:00,1,Valorant Masters Santiago 2026,https://www.vlr.gg/626532/edward-gaming-vs-t1-valorant-masters-santiago-2026-r2-0-1
EDG,Haven,atk,T1,0,1,6,elim,2026-03-03 13:00:00,1,Valorant Masters Santiago 2026,https://www.vlr.gg/626532/edward-gaming-vs-t1-valorant-masters-santiago-2026-r2-0-1
EDG,Haven,atk,T1,0,1,7,tim,2026-03-03 13:00:00,1,Valorant Masters Santiago 2026,https://www.vlr.gg/626532/edward-gaming-vs-t1-valorant-masters-santiago-2026-r2-0-1
EDG,Haven,atk,T1,0,1,8,elim,2026-03-03 13:00:00,1,Valorant Masters Santiago 2026,https://www.vlr.gg/626532/edward-gaming-vs-t1-valorant-masters-santiago-2026-r2-0-1
EDG,Haven,atk,T1,1,0,9,elim,2026-03-03 13:00:00,1,Valorant Masters Santiago 2026,https://www.vlr.gg/626532/edward-gaming-vs-t1-valorant-masters-santiago-2026-r2-0-1
EDG,Haven,atk,T1,0,1,10,elim,2026-03-03 13:00:00,1,Valorant Masters Santiago 2026,https://www.vlr.gg/626532/edward-gaming-vs-t1-valorant-masters-santiago-2026-r2-0-1
EDG,Haven,atk,T1,0,1,11,defus,2026-03-03 13:00:00,1,Valorant Masters Santiago 2026,https://www.vlr.gg/626532/edward-gaming-vs-t1-valorant-masters-santiago-2026-r2-0-1
EDG,Haven,atk,T1,1,0,12,elim,2026-03-03 13:00:00,1,Valorant Masters Santiago 2026,https://www.vlr.gg/626532/edward-gaming-vs-t1-valorant-masters-santiago-2026-r2-0-1
EDG,Haven,def,T1,1,0,13,defus,2026-03-03 13:00:00,1,Valorant Masters Santiago 2026,https://www.vlr.gg/626532/edward-gaming-vs-t1-valorant-masters-santiago-2026-r2-0-1
EDG,Haven,def,T1,1,0,14,elim,2026-03-03 13:00:00,1,Valorant Masters Santiago 2026,https://www.vlr.gg/626532/edward-gaming-vs-t1-valorant-masters-santiago-2026-r2-0-1
EDG,Haven,def,T1,0,1,15,elim,2026-03-03 13:00:00,1,Valorant Masters Santiago 2026,https://www.vlr.gg/626532/edward-gaming-vs-t1-valorant-masters-santiago-2026-r2-0-1
EDG,Haven,def,T1,0,1,16,boom,2026-03-03 13:00:00,1,Valorant Masters Santiago 2026,https://www.vlr.gg/626532/edward-gaming-vs-t1-valorant-masters-santiago-2026-r2-0-1
EDG,Haven,def,T1,1,0,17,defus,2026-03-03 13:00:00,1,Valorant Masters Santiago 2026,https://www.vlr.gg/626532/edward-gaming-vs-t1-valorant-masters-santiago-2026-r2-0-1
EDG,Haven,def,T1,1,0,18,elim,2026-03-03 13:00:00,1,Valorant Masters Santiago 2026,https://www.vlr.gg/626532/edward-gaming-vs-t1-valorant-masters-santiago-2026-r2-0-1
EDG,Haven,def,T1,0,1,19,elim,2026-03-03 13:00:00,1,Valorant Masters Santiago 2026,https://www.vlr.gg/626532/edward-gaming-vs-t1-valorant-masters-santiago-2026-r2-0-1
EDG,Haven,def,T1,0,1,20,elim,2026-03-03 13:00:00,1,Valorant Masters Santiago 2026,https://www.vlr.gg/626532/edward-gaming-vs-t1-valorant-masters-santiago-2026-r2-0-1
EDG,Haven,def,T1,1,0,21,elim,2026-03-03 13:00:00,1,Valorant Masters Santiago 2026,https://www.vlr.gg/626532/edward-gaming-vs-t1-valorant-masters-santiago-2026-r2-0-1
EDG,Haven,def,T1,1,0,22,defus,2026-03-03 13:00:00,1,Valorant Masters Santiago 2026,https://www.vlr.gg/626532/edward-gaming-vs-t1-valorant-masters-santiago-2026-r2-0-1
EDG,Haven,def,T1,0,1,23,elim,2026-03-03 13:00:00,1,Valorant Masters Santiago 2026,https://www.vlr.gg/626532/edward-gaming-vs-t1-valorant-masters-santiago-2026-r2-0-1
XLG,Abyss,atk,G2,0,1,13,defus,2026-03-03 15:10:00,0,Valorant Masters Santiago 2026,https://www.vlr.gg/626533/xi-lai-gaming-vs-g2-esports-valorant-masters-santiago-2026-r2-0-1
XLG,Abyss,atk,G2,0,1,14,defus,2026-03-03 15:10:00,0,Valorant Masters Santiago 2026,https://www.vlr.gg/626533/xi-lai-gaming-vs-g2-esports-valorant-masters-santiago-2026-r2-0-1
XLG,Abyss,atk,G2,0,1,15,elim,2026-03-03 15:10:00,0,Valorant Masters Santiago 2026,https://www.vlr.gg/626533/xi-lai-gaming-vs-g2-esports-valorant-masters-santiago-2026-r2-0-1
XLG,Abyss,atk,G2,0,1,16,elim,2026-03-03 15:10:00,0,Valorant Masters Santiago 2026,https://www.vlr.gg/626533/xi-lai-gaming-vs-g2-esports-valorant-masters-santiago-2026-r2-0-1
XLG,Abyss,atk,G2,0,1,17,tim,2026-03-03 15:10:00,0,Valorant Masters Santiago 2026,https://www.vlr.gg/626533/xi-lai-gaming-vs-g2-esports-valorant-masters-santiago-2026-r2-0-1
XLG,Abyss,atk,G2,1,0,18,elim,2026-03-03 15:10:00,0,Valorant Masters Santiago 2026,https://www.vlr.gg/626533/xi-lai-gaming-vs-g2-esports-valorant-masters-santiago-2026-r2-0-1
XLG,Abyss,atk,G2,1,0,19,elim,2026-03-03 15:10:00,0,Valorant Masters Santiago 2026,https://www.vlr.gg/626533/xi-lai-gaming-vs-g2-esports-valorant-masters-santiago-2026-r2-0-1
XLG,Abyss,atk,G2,0,1,20,elim,2026-03-03 15:10:00,0,Valorant Masters Santiago 2026,https://www.vlr.gg/626533/xi-lai-gaming-vs-g2-esports-valorant-masters-santiago-2026-r2-0-1
XLG,Abyss,atk,G2,0,1,21,elim,2026-03-03 15:10:00,0,Valorant Masters Santiago 2026,https://www.vlr.gg/626533/xi-lai-gaming-vs-g2-esports-valorant-masters-santiago-2026-r2-0-1
XLG,Abyss,def,G2,1,0,1,defus,2026-03-03 15:10:00,0,Valorant Masters Santiago 2026,https://www.vlr.gg/626533/xi-lai-gaming-vs-g2-esports-valorant-masters-santiago-2026-r2-0-1
XLG,Abyss,def,G2,1,0,2,elim,2026-03-03 15:10:00,0,Valorant Masters Santiago 2026,https://www.vlr.gg/626533/xi-lai-gaming-vs-g2-esports-valorant-masters-santiago-2026-r2-0-1
XLG,Abyss,def,G2,0,1,3,elim,2026-03-03 15:10:00,0,Valorant Masters Santiago 2026,https://www.vlr.gg/626533/xi-lai-gaming-vs-g2-esports-valorant-masters-santiago-2026-r2-0-1
XLG,Abyss,def,G2,1,0,4,tim,2026-03-03 15:10:00,0,Valorant Masters Santiago 2026,https://www.vlr.gg/626533/xi-lai-gaming-vs-g2-esports-valorant-masters-santiago-2026-r2-0-1
XLG,Abyss,def,G2,0,1,5,elim,2026-03-03 15:10:00,0,Valorant Masters Santiago 2026,https://www.vlr.gg/626533/xi-lai-gaming-vs-g2-esports-valorant-masters-santiago-2026-r2-0-1
XLG,Abyss,def,G2,0,1,6,elim,2026-03-03 15:10:00,0,Valorant Masters Santiago 2026,https://www.vlr.gg/626533/xi-lai-gaming-vs-g2-esports-valorant-masters-santiago-2026-r2-0-1
XLG,Abyss,def,G2,1,0,7,defus,2026-03-03 15:10:00,0,Valorant Masters Santiago 2026,https://www.vlr.gg/626533/xi-lai-gaming-vs-g2-esports-valorant-masters-santiago-2026-r2-0-1
XLG,Abyss,def,G2,1,0,8,elim,2026-03-03 15:10:00,0,Valorant Masters Santiago 2026,https://www.vlr.gg/626533/xi-lai-gaming-vs-g2-esports-valorant-masters-santiago-2026-r2-0-1
XLG,Abyss,def,G2,0,1,9,elim,2026-03-03 15:10:00,0,Valorant Masters Santiago 2026,https://www.vlr.gg/626533/xi-lai-gaming-vs-g2-esports-valorant-masters-santiago-2026-r2-0-1
XLG,Abyss,def,G2,1,0,10,elim,2026-03-03 15:10:00,0,Valorant Masters Santiago 2026,https://www.vlr.gg/626533/xi-lai-gaming-vs-g2-esports-valorant-masters-santiago-2026-r2-0-1
XLG,Abyss,def,G2,0,1,11,elim,2026-03-03 15:10:00,0,Valorant Masters Santiago 2026,https://www.vlr.gg/626533/xi-lai-gaming-vs-g2-esports-valorant-masters-santiago-2026-r2-0-1
XLG,Abyss,def,G2,0,1,12,elim,2026-03-03 15:10:00,0,Valorant Masters Santiago 2026,https://www.vlr.gg/626533/xi-lai-gaming-vs-g2-esports-valorant-masters-santiago-2026-r2-0-1
XLG,Haven,atk,G2,1,0,1,elim,2026-03-03 15:10:00,1,Valorant Masters Santiago 2026,https://www.vlr.gg/626533/xi-lai-gaming-vs-g2-esports-valorant-masters-santiago-2026-r2-0-1
XLG,Haven,atk,G2,1,0,2,elim,2026-03-03 15:10:00,1,Valorant Masters Santiago 2026,https://www.vlr.gg/626533/xi-lai-gaming-vs-g2-esports-valorant-masters-santiago-2026-r2-0-1
XLG,Haven,atk,G2,0,1,3,elim,2026-03-03 15:10:00,1,Valorant Masters Santiago 2026,https://www.vlr.gg/626533/xi-lai-gaming-vs-g2-esports-valorant-masters-santiago-2026-r2-0-1
XLG,Haven,atk,G2,0,1,4,tim,2026-03-03 15:10:00,1,Valorant Masters Santiago 2026,https://www.vlr.gg/626533/xi-lai-gaming-vs-g2-esports-valorant-masters-santiago-2026-r2-0-1
XLG,Haven,atk,G2,0,1,5,elim,2026-03-03 15:10:00,1,Valorant Masters Santiago 2026,https://www.vlr.gg/626533/xi-lai-gaming-vs-g2-esports-valorant-masters-santiago-2026-r2-0-1
XLG,Haven,atk,G2,0,1,6,defus,2026-03-03 15:10:00,1,Valorant Masters Santiago 2026,https://www.vlr.gg/626533/xi-lai-gaming-vs-g2-esports-valorant-masters-santiago-2026-r2-0-1
XLG,Haven,atk,G2,0,1,7,elim,2026-03-03 15:10:00,1,Valorant Masters Santiago 2026,https://www.vlr.gg/626533/xi-lai-gaming-vs-g2-esports-valorant-masters-santiago-2026-r2-0-1
XLG,Haven,atk,G2,1,0,8,elim,2026-03-03 15:10:00,1,Valorant Masters Santiago 2026,https://www.vlr.gg/626533/xi-lai-gaming-vs-g2-esports-valorant-masters-santiago-2026-r2-0-1
XLG,Haven,atk,G2,0,1,9,elim,2026-03-03 15:10:00,1,Valorant Masters Santiago 2026,https://www.vlr.gg/626533/xi-lai-gaming-vs-g2-esports-valorant-masters-santiago-2026-r2-0-1
XLG,Haven,atk,G2,0,1,10,defus,2026-03-03 15:10:00,1,Valorant Masters Santiago 2026,https://www.vlr.gg/626533/xi-lai-gaming-vs-g2-esports-valorant-masters-santiago-2026-r2-0-1
XLG,Haven,atk,G2,0,1,11,elim,2026-03-03 15:10:00,1,Valorant Masters Santiago 2026,https://www.vlr.gg/626533/xi-lai-gaming-vs-g2-esports-valorant-masters-santiago-2026-r2-0-1
XLG,Haven,atk,G2,0,1,12,elim,2026-03-03 15:10:00,1,Valorant Masters Santiago 2026,https://www.vlr.gg/626533/xi-lai-gaming-vs-g2-esports-valorant-masters-santiago-2026-r2-0-1
XLG,Haven,def,G2,0,1,13,elim,2026-03-03 15:10:00,1,Valorant Masters Santiago 2026,https://www.vlr.gg/626533/xi-lai-gaming-vs-g2-esports-valorant-masters-santiago-2026-r2-0-1
XLG,Haven,def,G2,0,1,14,elim,2026-03-03 15:10:00,1,Valorant Masters Santiago 2026,https://www.vlr.gg/626533/xi-lai-gaming-vs-g2-esports-valorant-masters-santiago-2026-r2-0-1
XLG,Haven,def,G2,0,1,15,boom,2026-03-03 15:10:00,1,Valorant Masters Santiago 2026,https://www.vlr.gg/626533/xi-lai-gaming-vs-g2-esports-valorant-masters-santiago-2026-r2-0-1
XLG,Haven,def,G2,0,1,16,elim,2026-03-03 15:10:00,1,Valorant Masters Santiago 2026,https://www.vlr.gg/626533/xi-lai-gaming-vs-g2-esports-valorant-masters-santiago-2026-r2-0-1
NRG,Breeze,atk,TL,1,0,13,elim,2026-03-04 13:00:00,0,Valorant Masters Santiago 2026,https://www.vlr.gg/626535/nrg-vs-team-liquid-valorant-masters-santiago-2026-r3
NRG,Breeze,atk,TL,1,0,14,boom,2026-03-04 13:00:00,0,Valorant Masters Santiago 2026,https://www.vlr.gg/626535/nrg-vs-team-liquid-valorant-masters-santiago-2026-r3
NRG,Breeze,atk,TL,0,1,15,defus,2026-03-04 13:00:00,0,Valorant Masters Santiago 2026,https://www.vlr.gg/626535/nrg-vs-team-liquid-valorant-masters-santiago-2026-r3
NRG,Breeze,atk,TL,1,0,16,elim,2026-03-04 13:00:00,0,Valorant Masters Santiago 2026,https://www.vlr.gg/626535/nrg-vs-team-liquid-valorant-masters-santiago-2026-r3
NRG,Breeze,atk,TL,0,1,17,defus,2026-03-04 13:00:00,0,Valorant Masters Santiago 2026,https://www.vlr.gg/626535/nrg-vs-team-liquid-valorant-masters-santiago-2026-r3
NRG,Breeze,atk,TL,0,1,18,defus,2026-03-04 13:00:00,0,Valorant Masters Santiago 2026,https://www.vlr.gg/626535/nrg-vs-team-liquid-valorant-masters-santiago-2026-r3
NRG,Breeze,atk,TL,0,1,19,elim,2026-03-04 13:00:00,0,Valorant Masters Santiago 2026,https://www.vlr.gg/626535/nrg-vs-team-liquid-valorant-masters-santiago-2026-r3
NRG,Breeze,atk,TL,1,0,20,elim,2026-03-04 13:00:00,0,Valorant Masters Santiago 2026,https://www.vlr.gg/626535/nrg-vs-team-liquid-valorant-masters-santiago-2026-r3
NRG,Breeze,atk,TL,1,0,21,elim,2026-03-04 13:00:00,0,Valorant Masters Santiago 2026,https://www.vlr.gg/626535/nrg-vs-team-liquid-valorant-masters-santiago-2026-r3
NRG,Breeze,atk,TL,1,0,22,elim,2026-03-04 13:00:00,0,Valorant Masters Santiago 2026,https://www.vlr.gg/626535/nrg-vs-team-liquid-valorant-masters-santiago-2026-r3
NRG,Breeze,atk,TL,1,0,23,elim,2026-03-04 13:00:00,0,Valorant Masters Santiago 2026,https://www.vlr.gg/626535/nrg-vs-team-liquid-valorant-masters-santiago-2026-r3
NRG,Breeze,atk,TL,1,0,24,elim,2026-03-04 13:00:00,0,Valorant Masters Santiago 2026,https://www.vlr.gg/626535/nrg-vs-team-liquid-valorant-masters-santiago-2026-r3
NRG,Breeze,def,TL,0,1,1,elim,2026-03-04 13:00:00,0,Valorant Masters Santiago 2026,https://www.vlr.gg/626535/nrg-vs-team-liquid-valorant-masters-santiago-2026-r3
NRG,Breeze,def,TL,0,1,2,elim,2026-03-04 13:00:00,0,Valorant Masters Santiago 2026,https://www.vlr.gg/626535/nrg-vs-team-liquid-valorant-masters-santiago-2026-r3
NRG,Breeze,def,TL,1,0,3,elim,2026-03-04 13:00:00,0,Valorant Masters Santiago 2026,https://www.vlr.gg/626535/nrg-vs-team-liquid-valorant-masters-santiago-2026-r3
NRG,Breeze,def,TL,0,1,4,elim,2026-03-04 13:00:00,0,Valorant Masters Santiago 2026,https://www.vlr.gg/626535/nrg-vs-team-liquid-valorant-masters-santiago-2026-r3
NRG,Breeze,def,TL,0,1,5,elim,2026-03-04 13:00:00,0,Valorant Masters Santiago 2026,https://www.vlr.gg/626535/nrg-vs-team-liquid-valorant-masters-santiago-2026-r3
NRG,Breeze,def,TL,0,1,6,elim,2026-03-04 13:00:00,0,Valorant Masters Santiago 2026,https://www.vlr.gg/626535/nrg-vs-team-liquid-valorant-masters-santiago-2026-r3
NRG,Breeze,def,TL,1,0,7,tim,2026-03-04 13:00:00,0,Valorant Masters Santiago 2026,https://www.vlr.gg/626535/nrg-vs-team-liquid-valorant-masters-santiago-2026-r3
NRG,Breeze,def,TL,1,0,8,defus,2026-03-04 13:00:00,0,Valorant Masters Santiago 2026,https://www.vlr.gg/626535/nrg-vs-team-liquid-valorant-masters-santiago-2026-r3
NRG,Breeze,def,TL,1,0,9,defus,2026-03-04 13:00:00,0,Valorant Masters Santiago 2026,https://www.vlr.gg/626535/nrg-vs-team-liquid-valorant-masters-santiago-2026-r3
NRG,Breeze,def,TL,0,1,10,elim,2026-03-04 13:00:00,0,Valorant Masters Santiago 2026,https://www.vlr.gg/626535/nrg-vs-team-liquid-valorant-masters-santiago-2026-r3
NRG,Breeze,def,TL,0,1,11,elim,2026-03-04 13:00:00,0,Valorant Masters Santiago 2026,https://www.vlr.gg/626535/nrg-vs-team-liquid-valorant-masters-santiago-2026-r3
NRG,Breeze,def,TL,1,0,12,elim,2026-03-04 13:00:00,0,Valorant Masters Santiago 2026,https://www.vlr.gg/626535/nrg-vs-team-liquid-valorant-masters-santiago-2026-r3
NRG,Abyss,atk,TL,1,0,13,elim,2026-03-04 13:00:00,1,Valorant Masters Santiago 2026,https://www.vlr.gg/626535/nrg-vs-team-liquid-valorant-masters-santiago-2026-r3
NRG,Abyss,atk,TL,1,0,14,elim,2026-03-04 13:00:00,1,Valorant Masters Santiago 2026,https://www.vlr.gg/626535/nrg-vs-team-liquid-valorant-masters-santiago-2026-r3
NRG,Abyss,atk,TL,1,0,15,elim,2026-03-04 13:00:00,1,Valorant Masters Santiago 2026,https://www.vlr.gg/626535/nrg-vs-team-liquid-valorant-masters-santiago-2026-r3
NRG,Abyss,atk,TL,1,0,16,elim,2026-03-04 13:00:00,1,Valorant Masters Santiago 2026,https://www.vlr.gg/626535/nrg-vs-team-liquid-valorant-masters-santiago-2026-r3
NRG,Abyss,atk,TL,1,0,17,elim,2026-03-04 13:00:00,1,Valorant Masters Santiago 2026,https://www.vlr.gg/626535/nrg-vs-team-liquid-valorant-masters-santiago-2026-r3
NRG,Abyss,def,TL,1,0,1,defus,2026-03-04 13:00:00,1,Valorant Masters Santiago 2026,https://www.vlr.gg/626535/nrg-vs-team-liquid-valorant-masters-santiago-2026-r3
NRG,Abyss,def,TL,1,0,2,defus,2026-03-04 13:00:00,1,Valorant Masters Santiago 2026,https://www.vlr.gg/626535/nrg-vs-team-liquid-valorant-masters-santiago-2026-r3
NRG,Abyss,def,TL,0,1,3,boom,2026-03-04 13:00:00,1,Valorant Masters Santiago 2026,https://www.vlr.gg/626535/nrg-vs-team-liquid-valorant-masters-santiago-2026-r3
NRG,Abyss,def,TL,0,1,4,elim,2026-03-04 13:00:00,1,Valorant Masters Santiago 2026,https://www.vlr.gg/626535/nrg-vs-team-liquid-valorant-masters-santiago-2026-r3
NRG,Abyss,def,TL,0,1,5,boom,2026-03-04 13:00:00,1,Valorant Masters Santiago 2026,https://www.vlr.gg/626535/nrg-vs-team-liquid-valorant-masters-santiago-2026-r3
NRG,Abyss,def,TL,1,0,6,defus,2026-03-04 13:00:00,1,Valorant Masters Santiago 2026,https://www.vlr.gg/626535/nrg-vs-team-liquid-valorant-masters-santiago-2026-r3
NRG,Abyss,def,TL,1,0,7,defus,2026-03-04 13:00:00,1,Valorant Masters Santiago 2026,https://www.vlr.gg/626535/nrg-vs-team-liquid-valorant-masters-santiago-2026-r3
NRG,Abyss,def,TL,1,0,8,tim,2026-03-04 13:00:00,1,Valorant Masters Santiago 2026,https://www.vlr.gg/626535/nrg-vs-team-liquid-valorant-masters-santiago-2026-r3
NRG,Abyss,def,TL,1,0,9,defus,2026-03-04 13:00:00,1,Valorant Masters Santiago 2026,https://www.vlr.gg/626535/nrg-vs-team-liquid-valorant-masters-santiago-2026-r3
NRG,Abyss,def,TL,1,0,10,elim,2026-03-04 13:00:00,1,Valorant Masters Santiago 2026,https://www.vlr.gg/626535/nrg-vs-team-liquid-valorant-masters-santiago-2026-r3
NRG,Abyss,def,TL,0,1,11,elim,2026-03-04 13:00:00,1,Valorant Masters Santiago 2026,https://www.vlr.gg/626535/nrg-vs-team-liquid-valorant-masters-santiago-2026-r3
NRG,Abyss,def,TL,1,0,12,defus,2026-03-04 13:00:00,1,Valorant Masters Santiago 2026,https://www.vlr.gg/626535/nrg-vs-team-liquid-valorant-masters-santiago-2026-r3
G2,Breeze,atk,T1,0,1,1,defus,2026-03-04 15:20:00,0,Valorant Masters Santiago 2026,https://www.vlr.gg/626534/g2-esports-vs-t1-valorant-masters-santiago-2026-r3
G2,Breeze,atk,T1,0,1,2,elim,2026-03-04 15:20:00,0,Valorant Masters Santiago 2026,https://www.vlr.gg/626534/g2-esports-vs-t1-valorant-masters-santiago-2026-r3
G2,Breeze,atk,T1,0,1,3,tim,2026-03-04 15:20:00,0,Valorant Masters Santiago 2026,https://www.vlr.gg/626534/g2-esports-vs-t1-valorant-masters-santiago-2026-r3
G2,Breeze,atk,T1,1,0,4,elim,2026-03-04 15:20:00,0,Valorant Masters Santiago 2026,https://www.vlr.gg/626534/g2-esports-vs-t1-valorant-masters-santiago-2026-r3
G2,Breeze,atk,T1,1,0,5,boom,2026-03-04 15:20:00,0,Valorant Masters Santiago 2026,https://www.vlr.gg/626534/g2-esports-vs-t1-valorant-masters-santiago-2026-r3
G2,Breeze,atk,T1,1,0,6,elim,2026-03-04 15:20:00,0,Valorant Masters Santiago 2026,https://www.vlr.gg/626534/g2-esports-vs-t1-valorant-masters-santiago-2026-r3
G2,Breeze,atk,T1,1,0,7,elim,2026-03-04 15:20:00,0,Valorant Masters Santiago 2026,https://www.vlr.gg/626534/g2-esports-vs-t1-valorant-masters-santiago-2026-r3
G2,Breeze,atk,T1,1,0,8,boom,2026-03-04 15:20:00,0,Valorant Masters Santiago 2026,https://www.vlr.gg/626534/g2-esports-vs-t1-valorant-masters-santiago-2026-r3
G2,Breeze,atk,T1,1,0,9,elim,2026-03-04 15:20:00,0,Valorant Masters Santiago 2026,https://www.vlr.gg/626534/g2-esports-vs-t1-valorant-masters-santiago-2026-r3
G2,Breeze,atk,T1,0,1,10,elim,2026-03-04 15:20:00,0,Valorant Masters Santiago 2026,https://www.vlr.gg/626534/g2-esports-vs-t1-valorant-masters-santiago-2026-r3
G2,Breeze,atk,T1,1,0,11,elim,2026-03-04 15:20:00,0,Valorant Masters Santiago 2026,https://www.vlr.gg/626534/g2-esports-vs-t1-valorant-masters-santiago-2026-r3
G2,Breeze,atk,T1,0,1,12,elim,2026-03-04 15:20:00,0,Valorant Masters Santiago 2026,https://www.vlr.gg/626534/g2-esports-vs-t1-valorant-masters-santiago-2026-r3
G2,Breeze,def,T1,1,0,13,defus,2026-03-04 15:20:00,0,Valorant Masters Santiago 2026,https://www.vlr.gg/626534/g2-esports-vs-t1-valorant-masters-santiago-2026-r3
G2,Breeze,def,T1,1,0,14,defus,2026-03-04 15:20:00,0,Valorant Masters Santiago 2026,https://www.vlr.gg/626534/g2-esports-vs-t1-valorant-masters-santiago-2026-r3
G2,Breeze,def,T1,0,1,15,boom,2026-03-04 15:20:00,0,Valorant Masters Santiago 2026,https://www.vlr.gg/626534/g2-esports-vs-t1-valorant-masters-santiago-2026-r3
G2,Breeze,def,T1,1,0,16,elim,2026-03-04 15:20:00,0,Valorant Masters Santiago 2026,https://www.vlr.gg/626534/g2-esports-vs-t1-valorant-masters-santiago-2026-r3
G2,Breeze,def,T1,1,0,17,defus,2026-03-04 15:20:00,0,Valorant Masters Santiago 2026,https://www.vlr.gg/626534/g2-esports-vs-t1-valorant-masters-santiago-2026-r3
G2,Breeze,def,T1,1,0,18,defus,2026-03-04 15:20:00,0,Valorant Masters Santiago 2026,https://www.vlr.gg/626534/g2-esports-vs-t1-valorant-masters-santiago-2026-r3
G2,Breeze,def,T1,1,0,19,defus,2026-03-04 15:20:00,0,Valorant Masters Santiago 2026,https://www.vlr.gg/626534/g2-esports-vs-t1-valorant-masters-santiago-2026-r3
G2,Haven,atk,T1,1,0,13,elim,2026-03-04 15:20:00,1,Valorant Masters Santiago 2026,https://www.vlr.gg/626534/g2-esports-vs-t1-valorant-masters-santiago-2026-r3
G2,Haven,atk,T1,1,0,14,boom,2026-03-04 15:20:00,1,Valorant Masters Santiago 2026,https://www.vlr.gg/626534/g2-esports-vs-t1-valorant-masters-santiago-2026-r3
G2,Haven,atk,T1,1,0,15,elim,2026-03-04 15:20:00,1,Valorant Masters Santiago 2026,https://www.vlr.gg/626534/g2-esports-vs-t1-valorant-masters-santiago-2026-r3
G2,Haven,atk,T1,1,0,16,elim,2026-03-04 15:20:00,1,Valorant Masters Santiago 2026,https://www.vlr.gg/626534/g2-esports-vs-t1-valorant-masters-santiago-2026-r3
G2,Haven,atk,T1,1,0,17,elim,2026-03-04 15:20:00,1,Valorant Masters Santiago 2026,https://www.vlr.gg/626534/g2-esports-vs-t1-valorant-masters-santiago-2026-r3
G2,Haven,atk,T1,1,0,18,elim,2026-03-04 15:20:00,1,Valorant Masters Santiago 2026,https://www.vlr.gg/626534/g2-esports-vs-t1-valorant-masters-santiago-2026-r3
G2,Haven,atk,T1,1,0,19,boom,2026-03-04 15:20:00,1,Valorant Masters Santiago 2026,https://www.vlr.gg/626534/g2-esports-vs-t1-valorant-masters-santiago-2026-r3
G2,Haven,atk,T1,1,0,20,elim,2026-03-04 15:20:00,1,Valorant Masters Santiago 2026,https://www.vlr.gg/626534/g2-esports-vs-t1-valorant-masters-santiago-2026-r3
G2,Haven,atk,T1,1,0,21,elim,2026-03-04 15:20:00,1,Valorant Masters Santiago 2026,https://www.vlr.gg/626534/g2-esports-vs-t1-valorant-masters-santiago-2026-r3
G2,Haven,atk,T1,0,1,22,defus,2026-03-04 15:20:00,1,Valorant Masters Santiago 2026,https://www.vlr.gg/626534/g2-esports-vs-t1-valorant-masters-santiago-2026-r3
G2,Haven,atk,T1,0,1,23,tim,2026-03-04 15:20:00,1,Valorant Masters Santiago 2026,https://www.vlr.gg/626534/g2-esports-vs-t1-valorant-masters-santiago-2026-r3
G2,Haven,atk,T1,1,0,24,elim,2026-03-04 15:20:00,1,Valorant Masters Santiago 2026,https://www.vlr.gg/626534/g2-esports-vs-t1-valorant-masters-santiago-2026-r3
G2,Haven,atk,T1,1,0,26,elim,2026-03-04 15:20:00,1,Valorant Masters Santiago 2026,https://www.vlr.gg/626534/g2-esports-vs-t1-valorant-masters-santiago-2026-r3
G2,Haven,atk,T1,0,1,28,defus,2026-03-04 15:20:00,1,Valorant Masters Santiago 2026,https://www.vlr.gg/626534/g2-esports-vs-t1-valorant-masters-santiago-2026-r3
G2,Haven,atk,T1,1,0,30,elim,2026-03-04 15:20:00,1,Valorant Masters Santiago 2026,https://www.vlr.gg/626534/g2-esports-vs-t1-valorant-masters-santiago-2026-r3
G2,Haven,def,T1,1,0,1,defus,2026-03-04 15:20:00,1,Valorant Masters Santiago 2026,https://www.vlr.gg/626534/g2-esports-vs-t1-valorant-masters-santiago-2026-r3
G2,Haven,def,T1,0,1,2,elim,2026-03-04 15:20:00,1,Valorant Masters Santiago 2026,https://www.vlr.gg/626534/g2-esports-vs-t1-valorant-masters-santiago-2026-r3
G2,Haven,def,T1,1,0,3,elim,2026-03-04 15:20:00,1,Valorant Masters Santiago 2026,https://www.vlr.gg/626534/g2-esports-vs-t1-valorant-masters-santiago-2026-r3
G2,Haven,def,T1,0,1,4,elim,2026-03-04 15:20:00,1,Valorant Masters Santiago 2026,https://www.vlr.gg/626534/g2-esports-vs-t1-valorant-masters-santiago-2026-r3
G2,Haven,def,T1,0,1,5,elim,2026-03-04 15:20:00,1,Valorant Masters Santiago 2026,https://www.vlr.gg/626534/g2-esports-vs-t1-valorant-masters-santiago-2026-r3
G2,Haven,def,T1,0,1,6,elim,2026-03-04 15:20:00,1,Valorant Masters Santiago 2026,https://www.vlr.gg/626534/g2-esports-vs-t1-valorant-masters-santiago-2026-r3
G2,Haven,def,T1,0,1,7,elim,2026-03-04 15:20:00,1,Valorant Masters Santiago 2026,https://www.vlr.gg/626534/g2-esports-vs-t1-valorant-masters-santiago-2026-r3
G2,Haven,def,T1,0,1,8,elim,2026-03-04 15:20:00,1,Valorant Masters Santiago 2026,https://www.vlr.gg/626534/g2-esports-vs-t1-valorant-masters-santiago-2026-r3
G2,Haven,def,T1,0,1,9,elim,2026-03-04 15:20:00,1,Valorant Masters Santiago 2026,https://www.vlr.gg/626534/g2-esports-vs-t1-valorant-masters-santiago-2026-r3
G2,Haven,def,T1,0,1,10,boom,2026-03-04 15:20:00,1,Valorant Masters Santiago 2026,https://www.vlr.gg/626534/g2-esports-vs-t1-valorant-masters-santiago-2026-r3
G2,Haven,def,T1,0,1,11,elim,2026-03-04 15:20:00,1,Valorant Masters Santiago 2026,https://www.vlr.gg/626534/g2-esports-vs-t1-valorant-masters-santiago-2026-r3
G2,Haven,def,T1,0,1,12,elim,2026-03-04 15:20:00,1,Valorant Masters Santiago 2026,https://www.vlr.gg/626534/g2-esports-vs-t1-valorant-masters-santiago-2026-r3
G2,Haven,def,T1,0,1,25,elim,2026-03-04 15:20:00,1,Valorant Masters Santiago 2026,https://www.vlr.gg/626534/g2-esports-vs-t1-valorant-masters-santiago-2026-r3
G2,Haven,def,T1,1,0,27,defus,2026-03-04 15:20:00,1,Valorant Masters Santiago 2026,https://www.vlr.gg/626534/g2-esports-vs-t1-valorant-masters-santiago-2026-r3
G2,Haven,def,T1,1,0,29,defus,2026-03-04 15:20:00,1,Valorant Masters Santiago 2026,https://www.vlr.gg/626534/g2-esports-vs-t1-valorant-masters-santiago-2026-r3
FUR,Haven,atk,PRX,0,1,13,defus,2026-03-06 13:00:00,0,Valorant Masters Santiago 2026,https://www.vlr.gg/626539/furia-vs-paper-rex-valorant-masters-santiago-2026-ubqf
FUR,Haven,atk,PRX,1,0,14,elim,2026-03-06 13:00:00,0,Valorant Masters Santiago 2026,https://www.vlr.gg/626539/furia-vs-paper-rex-valorant-masters-santiago-2026-ubqf
FUR,Haven,atk,PRX,1,0,15,elim,2026-03-06 13:00:00,0,Valorant Masters Santiago 2026,https://www.vlr.gg/626539/furia-vs-paper-rex-valorant-masters-santiago-2026-ubqf
FUR,Haven,atk,PRX,0,1,16,defus,2026-03-06 13:00:00,0,Valorant Masters Santiago 2026,https://www.vlr.gg/626539/furia-vs-paper-rex-valorant-masters-santiago-2026-ubqf
FUR,Haven,atk,PRX,1,0,17,boom,2026-03-06 13:00:00,0,Valorant Masters Santiago 2026,https://www.vlr.gg/626539/furia-vs-paper-rex-valorant-masters-santiago-2026-ubqf
FUR,Haven,atk,PRX,1,0,18,boom,2026-03-06 13:00:00,0,Valorant Masters Santiago 2026,https://www.vlr.gg/626539/furia-vs-paper-rex-valorant-masters-santiago-2026-ubqf
FUR,Haven,atk,PRX,1,0,19,elim,2026-03-06 13:00:00,0,Valorant Masters Santiago 2026,https://www.vlr.gg/626539/furia-vs-paper-rex-valorant-masters-santiago-2026-ubqf
FUR,Haven,atk,PRX,1,0,20,elim,2026-03-06 13:00:00,0,Valorant Masters Santiago 2026,https://www.vlr.gg/626539/furia-vs-paper-rex-valorant-masters-santiago-2026-ubqf
FUR,Haven,atk,PRX,0,1,21,elim,2026-03-06 13:00:00,0,Valorant Masters Santiago 2026,https://www.vlr.gg/626539/furia-vs-paper-rex-valorant-masters-santiago-2026-ubqf
FUR,Haven,atk,PRX,1,0,22,elim,2026-03-06 13:00:00,0,Valorant Masters Santiago 2026,https://www.vlr.gg/626539/furia-vs-paper-rex-valorant-masters-santiago-2026-ubqf
FUR,Haven,def,PRX,0,1,1,elim,2026-03-06 13:00:00,0,Valorant Masters Santiago 2026,https://www.vlr.gg/626539/furia-vs-paper-rex-valorant-masters-santiago-2026-ubqf
FUR,Haven,def,PRX,0,1,2,elim,2026-03-06 13:00:00,0,Valorant Masters Santiago 2026,https://www.vlr.gg/626539/furia-vs-paper-rex-valorant-masters-santiago-2026-ubqf
FUR,Haven,def,PRX,1,0,3,defus,2026-03-06 13:00:00,0,Valorant Masters Santiago 2026,https://www.vlr.gg/626539/furia-vs-paper-rex-valorant-masters-santiago-2026-ubqf
FUR,Haven,def,PRX,0,1,4,boom,2026-03-06 13:00:00,0,Valorant Masters Santiago 2026,https://www.vlr.gg/626539/furia-vs-paper-rex-valorant-masters-santiago-2026-ubqf
FUR,Haven,def,PRX,0,1,5,elim,2026-03-06 13:00:00,0,Valorant Masters Santiago 2026,https://www.vlr.gg/626539/furia-vs-paper-rex-valorant-masters-santiago-2026-ubqf
FUR,Haven,def,PRX,0,1,6,elim,2026-03-06 13:00:00,0,Valorant Masters Santiago 2026,https://www.vlr.gg/626539/furia-vs-paper-rex-valorant-masters-santiago-2026-ubqf
FUR,Haven,def,PRX,1,0,7,elim,2026-03-06 13:00:00,0,Valorant Masters Santiago 2026,https://www.vlr.gg/626539/furia-vs-paper-rex-valorant-masters-santiago-2026-ubqf
FUR,Haven,def,PRX,1,0,8,elim,2026-03-06 13:00:00,0,Valorant Masters Santiago 2026,https://www.vlr.gg/626539/furia-vs-paper-rex-valorant-masters-santiago-2026-ubqf
FUR,Haven,def,PRX,0,1,9,elim,2026-03-06 13:00:00,0,Valorant Masters Santiago 2026,https://www.vlr.gg/626539/furia-vs-paper-rex-valorant-masters-santiago-2026-ubqf
FUR,Haven,def,PRX,1,0,10,defus,2026-03-06 13:00:00,0,Valorant Masters Santiago 2026,https://www.vlr.gg/626539/furia-vs-paper-rex-valorant-masters-santiago-2026-ubqf
FUR,Haven,def,PRX,1,0,11,defus,2026-03-06 13:00:00,0,Valorant Masters Santiago 2026,https://www.vlr.gg/626539/furia-vs-paper-rex-valorant-masters-santiago-2026-ubqf
FUR,Haven,def,PRX,1,0,12,elim,2026-03-06 13:00:00,0,Valorant Masters Santiago 2026,https://www.vlr.gg/626539/furia-vs-paper-rex-valorant-masters-santiago-2026-ubqf
FUR,Breeze,atk,PRX,0,1,1,defus,2026-03-06 13:00:00,1,Valorant Masters Santiago 2026,https://www.vlr.gg/626539/furia-vs-paper-rex-valorant-masters-santiago-2026-ubqf
FUR,Breeze,atk,PRX,0,1,2,elim,2026-03-06 13:00:00,1,Valorant Masters Santiago 2026,https://www.vlr.gg/626539/furia-vs-paper-rex-valorant-masters-santiago-2026-ubqf
FUR,Breeze,atk,PRX,1,0,3,elim,2026-03-06 13:00:00,1,Valorant Masters Santiago 2026,https://www.vlr.gg/626539/furia-vs-paper-rex-valorant-masters-santiago-2026-ubqf
FUR,Breeze,atk,PRX,1,0,4,boom,2026-03-06 13:00:00,1,Valorant Masters Santiago 2026,https://www.vlr.gg/626539/furia-vs-paper-rex-valorant-masters-santiago-2026-ubqf
FUR,Breeze,atk,PRX,1,0,5,elim,2026-03-06 13:00:00,1,Valorant Masters Santiago 2026,https://www.vlr.gg/626539/furia-vs-paper-rex-valorant-masters-santiago-2026-ubqf
FUR,Breeze,atk,PRX,0,1,6,defus,2026-03-06 13:00:00,1,Valorant Masters Santiago 2026,https://www.vlr.gg/626539/furia-vs-paper-rex-valorant-masters-santiago-2026-ubqf
FUR,Breeze,atk,PRX,0,1,7,elim,2026-03-06 13:00:00,1,Valorant Masters Santiago 2026,https://www.vlr.gg/626539/furia-vs-paper-rex-valorant-masters-santiago-2026-ubqf
FUR,Breeze,atk,PRX,0,1,8,defus,2026-03-06 13:00:00,1,Valorant Masters Santiago 2026,https://www.vlr.gg/626539/furia-vs-paper-rex-valorant-masters-santiago-2026-ubqf
FUR,Breeze,atk,PRX,0,1,9,elim,2026-03-06 13:00:00,1,Valorant Masters Santiago 2026,https://www.vlr.gg/626539/furia-vs-paper-rex-valorant-masters-santiago-2026-ubqf
FUR,Breeze,atk,PRX,0,1,10,defus,2026-03-06 13:00:00,1,Valorant Masters Santiago 2026,https://www.vlr.gg/626539/furia-vs-paper-rex-valorant-masters-santiago-2026-ubqf
FUR,Breeze,atk,PRX,0,1,11,tim,2026-03-06 13:00:00,1,Valorant Masters Santiago 2026,https://www.vlr.gg/626539/furia-vs-paper-rex-valorant-masters-santiago-2026-ubqf
FUR,Breeze,atk,PRX,0,1,12,elim,2026-03-06 13:00:00,1,Valorant Masters Santiago 2026,https://www.vlr.gg/626539/furia-vs-paper-rex-valorant-masters-santiago-2026-ubqf
FUR,Breeze,def,PRX,0,1,13,elim,2026-03-06 13:00:00,1,Valorant Masters Santiago 2026,https://www.vlr.gg/626539/furia-vs-paper-rex-valorant-masters-santiago-2026-ubqf
FUR,Breeze,def,PRX,0,1,14,elim,2026-03-06 13:00:00,1,Valorant Masters Santiago 2026,https://www.vlr.gg/626539/furia-vs-paper-rex-valorant-masters-santiago-2026-ubqf
FUR,Breeze,def,PRX,0,1,15,boom,2026-03-06 13:00:00,1,Valorant Masters Santiago 2026,https://www.vlr.gg/626539/furia-vs-paper-rex-valorant-masters-santiago-2026-ubqf
FUR,Breeze,def,PRX,1,0,16,defus,2026-03-06 13:00:00,1,Valorant Masters Santiago 2026,https://www.vlr.gg/626539/furia-vs-paper-rex-valorant-masters-santiago-2026-ubqf
FUR,Breeze,def,PRX,0,1,17,elim,2026-03-06 13:00:00,1,Valorant Masters Santiago 2026,https://www.vlr.gg/626539/furia-vs-paper-rex-valorant-masters-santiago-2026-ubqf
FUR,Split,atk,PRX,0,1,1,elim,2026-03-06 13:00:00,2,Valorant Masters Santiago 2026,https://www.vlr.gg/626539/furia-vs-paper-rex-valorant-masters-santiago-2026-ubqf
FUR,Split,atk,PRX,0,1,2,defus,2026-03-06 13:00:00,2,Valorant Masters Santiago 2026,https://www.vlr.gg/626539/furia-vs-paper-rex-valorant-masters-santiago-2026-ubqf
FUR,Split,atk,PRX,1,0,3,elim,2026-03-06 13:00:00,2,Valorant Masters Santiago 2026,https://www.vlr.gg/626539/furia-vs-paper-rex-valorant-masters-santiago-2026-ubqf
FUR,Split,atk,PRX,0,1,4,tim,2026-03-06 13:00:00,2,Valorant Masters Santiago 2026,https://www.vlr.gg/626539/furia-vs-paper-rex-valorant-masters-santiago-2026-ubqf
FUR,Split,atk,PRX,1,0,5,elim,2026-03-06 13:00:00,2,Valorant Masters Santiago 2026,https://www.vlr.gg/626539/furia-vs-paper-rex-valorant-masters-santiago-2026-ubqf
FUR,Split,atk,PRX,1,0,6,elim,2026-03-06 13:00:00,2,Valorant Masters Santiago 2026,https://www.vlr.gg/626539/furia-vs-paper-rex-valorant-masters-santiago-2026-ubqf
FUR,Split,atk,PRX,1,0,7,elim,2026-03-06 13:00:00,2,Valorant Masters Santiago 2026,https://www.vlr.gg/626539/furia-vs-paper-rex-valorant-masters-santiago-2026-ubqf
FUR,Split,atk,PRX,1,0,8,elim,2026-03-06 13:00:00,2,Valorant Masters Santiago 2026,https://www.vlr.gg/626539/furia-vs-paper-rex-valorant-masters-santiago-2026-ubqf
FUR,Split,atk,PRX,1,0,9,elim,2026-03-06 13:00:00,2,Valorant Masters Santiago 2026,https://www.vlr.gg/626539/furia-vs-paper-rex-valorant-masters-santiago-2026-ubqf
FUR,Split,atk,PRX,1,0,10,elim,2026-03-06 13:00:00,2,Valorant Masters Santiago 2026,https://www.vlr.gg/626539/furia-vs-paper-rex-valorant-masters-santiago-2026-ubqf
FUR,Split,atk,PRX,0,1,11,elim,2026-03-06 13:00:00,2,Valorant Masters Santiago 2026,https://www.vlr.gg/626539/furia-vs-paper-rex-valorant-masters-santiago-2026-ubqf
FUR,Split,atk,PRX,0,1,12,defus,2026-03-06 13:00:00,2,Valorant Masters Santiago 2026,https://www.vlr.gg/626539/furia-vs-paper-rex-valorant-masters-santiago-2026-ubqf
FUR,Split,def,PRX,0,1,13,elim,2026-03-06 13:00:00,2,Valorant Masters Santiago 2026,https://www.vlr.gg/626539/furia-vs-paper-rex-valorant-masters-santiago-2026-ubqf
FUR,Split,def,PRX,0,1,14,elim,2026-03-06 13:00:00,2,Valorant Masters Santiago 2026,https://www.vlr.gg/626539/furia-vs-paper-rex-valorant-masters-santiago-2026-ubqf
FUR,Split,def,PRX,0,1,15,elim,2026-03-06 13:00:00,2,Valorant Masters Santiago 2026,https://www.vlr.gg/626539/furia-vs-paper-rex-valorant-masters-santiago-2026-ubqf
FUR,Split,def,PRX,0,1,16,elim,2026-03-06 13:00:00,2,Valorant Masters Santiago 2026,https://www.vlr.gg/626539/furia-vs-paper-rex-valorant-masters-santiago-2026-ubqf
FUR,Split,def,PRX,0,1,17,elim,2026-03-06 13:00:00,2,Valorant Masters Santiago 2026,https://www.vlr.gg/626539/furia-vs-paper-rex-valorant-masters-santiago-2026-ubqf
FUR,Split,def,PRX,0,1,18,elim,2026-03-06 13:00:00,2,Valorant Masters Santiago 2026,https://www.vlr.gg/626539/furia-vs-paper-rex-valorant-masters-santiago-2026-ubqf
FUR,Split,def,PRX,0,1,19,elim,2026-03-06 13:00:00,2,Valorant Masters Santiago 2026,https://www.vlr.gg/626539/furia-vs-paper-rex-valorant-masters-santiago-2026-ubqf
FUR,Split,def,PRX,0,1,20,elim,2026-03-06 13:00:00,2,Valorant Masters Santiago 2026,https://www.vlr.gg/626539/furia-vs-paper-rex-valorant-masters-santiago-2026-ubqf
NS,Haven,atk,M8,1,0,13,elim,2026-03-06 16:00:00,0,Valorant Masters Santiago 2026,https://www.vlr.gg/626537/nongshim-redforce-vs-gentle-mates-valorant-masters-santiago-2026-ubqf
NS,Haven,atk,M8,1,0,14,elim,2026-03-06 16:00:00,0,Valorant Masters Santiago 2026,https://www.vlr.gg/626537/nongshim-redforce-vs-gentle-mates-valorant-masters-santiago-2026-ubqf
NS,Haven,atk,M8,0,1,15,defus,2026-03-06 16:00:00,0,Valorant Masters Santiago 2026,https://www.vlr.gg/626537/nongshim-redforce-vs-gentle-mates-valorant-masters-santiago-2026-ubqf
NS,Haven,atk,M8,1,0,16,elim,2026-03-06 16:00:00,0,Valorant Masters Santiago 2026,https://www.vlr.gg/626537/nongshim-redforce-vs-gentle-mates-valorant-masters-santiago-2026-ubqf
NS,Haven,atk,M8,0,1,17,defus,2026-03-06 16:00:00,0,Valorant Masters Santiago 2026,https://www.vlr.gg/626537/nongshim-redforce-vs-gentle-mates-valorant-masters-santiago-2026-ubqf
NS,Haven,atk,M8,0,1,18,elim,2026-03-06 16:00:00,0,Valorant Masters Santiago 2026,https://www.vlr.gg/626537/nongshim-redforce-vs-gentle-mates-valorant-masters-santiago-2026-ubqf
NS,Haven,atk,M8,1,0,19,elim,2026-03-06 16:00:00,0,Valorant Masters Santiago 2026,https://www.vlr.gg/626537/nongshim-redforce-vs-gentle-mates-valorant-masters-santiago-2026-ubqf
NS,Haven,atk,M8,0,1,20,elim,2026-03-06 16:00:00,0,Valorant Masters Santiago 2026,https://www.vlr.gg/626537/nongshim-redforce-vs-gentle-mates-valorant-masters-santiago-2026-ubqf
NS,Haven,atk,M8,1,0,21,elim,2026-03-06 16:00:00,0,Valorant Masters Santiago 2026,https://www.vlr.gg/626537/nongshim-redforce-vs-gentle-mates-valorant-masters-santiago-2026-ubqf
NS,Haven,atk,M8,0,1,22,elim,2026-03-06 16:00:00,0,Valorant Masters Santiago 2026,https://www.vlr.gg/626537/nongshim-redforce-vs-gentle-mates-valorant-masters-santiago-2026-ubqf
NS,Haven,atk,M8,1,0,23,elim,2026-03-06 16:00:00,0,Valorant Masters Santiago 2026,https://www.vlr.gg/626537/nongshim-redforce-vs-gentle-mates-valorant-masters-santiago-2026-ubqf
NS,Haven,def,M8,0,1,1,elim,2026-03-06 16:00:00,0,Valorant Masters Santiago 2026,https://www.vlr.gg/626537/nongshim-redforce-vs-gentle-mates-valorant-masters-santiago-2026-ubqf
NS,Haven,def,M8,0,1,2,elim,2026-03-06 16:00:00,0,Valorant Masters Santiago 2026,https://www.vlr.gg/626537/nongshim-redforce-vs-gentle-mates-valorant-masters-santiago-2026-ubqf
NS,Haven,def,M8,0,1,3,elim,2026-03-06 16:00:00,0,Valorant Masters Santiago 2026,https://www.vlr.gg/626537/nongshim-redforce-vs-gentle-mates-valorant-masters-santiago-2026-ubqf
NS,Haven,def,M8,0,1,4,elim,2026-03-06 16:00:00,0,Valorant Masters Santiago 2026,https://www.vlr.gg/626537/nongshim-redforce-vs-gentle-mates-valorant-masters-santiago-2026-ubqf
NS,Haven,def,M8,1,0,5,elim,2026-03-06 16:00:00,0,Valorant Masters Santiago 2026,https://www.vlr.gg/626537/nongshim-redforce-vs-gentle-mates-valorant-masters-santiago-2026-ubqf
NS,Haven,def,M8,1,0,6,elim,2026-03-06 16:00:00,0,Valorant Masters Santiago 2026,https://www.vlr.gg/626537/nongshim-redforce-vs-gentle-mates-valorant-masters-santiago-2026-ubqf
NS,Haven,def,M8,0,1,7,elim,2026-03-06 16:00:00,0,Valorant Masters Santiago 2026,https://www.vlr.gg/626537/nongshim-redforce-vs-gentle-mates-valorant-masters-santiago-2026-ubqf
NS,Haven,def,M8,1,0,8,elim,2026-03-06 16:00:00,0,Valorant Masters Santiago 2026,https://www.vlr.gg/626537/nongshim-redforce-vs-gentle-mates-valorant-masters-santiago-2026-ubqf
NS,Haven,def,M8,1,0,9,elim,2026-03-06 16:00:00,0,Valorant Masters Santiago 2026,https://www.vlr.gg/626537/nongshim-redforce-vs-gentle-mates-valorant-masters-santiago-2026-ubqf
NS,Haven,def,M8,1,0,10,defus,2026-03-06 16:00:00,0,Valorant Masters Santiago 2026,https://www.vlr.gg/626537/nongshim-redforce-vs-gentle-mates-valorant-masters-santiago-2026-ubqf
NS,Haven,def,M8,1,0,11,elim,2026-03-06 16:00:00,0,Valorant Masters Santiago 2026,https://www.vlr.gg/626537/nongshim-redforce-vs-gentle-mates-valorant-masters-santiago-2026-ubqf
NS,Haven,def,M8,1,0,12,elim,2026-03-06 16:00:00,0,Valorant Masters Santiago 2026,https://www.vlr.gg/626537/nongshim-redforce-vs-gentle-mates-valorant-masters-santiago-2026-ubqf
NS,Corrode,atk,M8,0,1,13,elim,2026-03-06 16:00:00,1,Valorant Masters Santiago 2026,https://www.vlr.gg/626537/nongshim-redforce-vs-gentle-mates-valorant-masters-santiago-2026-ubqf
NS,Corrode,atk,M8,1,0,14,elim,2026-03-06 16:00:00,1,Valorant Masters Santiago 2026,https://www.vlr.gg/626537/nongshim-redforce-vs-gentle-mates-valorant-masters-santiago-2026-ubqf
NS,Corrode,atk,M8,1,0,15,elim,2026-03-06 16:00:00,1,Valorant Masters Santiago 2026,https://www.vlr.gg/626537/nongshim-redforce-vs-gentle-mates-valorant-masters-santiago-2026-ubqf
NS,Corrode,atk,M8,1,0,16,boom,2026-03-06 16:00:00,1,Valorant Masters Santiago 2026,https://www.vlr.gg/626537/nongshim-redforce-vs-gentle-mates-valorant-masters-santiago-2026-ubqf
NS,Corrode,atk,M8,1,0,17,elim,2026-03-06 16:00:00,1,Valorant Masters Santiago 2026,https://www.vlr.gg/626537/nongshim-redforce-vs-gentle-mates-valorant-masters-santiago-2026-ubqf
NS,Corrode,atk,M8,1,0,18,elim,2026-03-06 16:00:00,1,Valorant Masters Santiago 2026,https://www.vlr.gg/626537/nongshim-redforce-vs-gentle-mates-valorant-masters-santiago-2026-ubqf
NS,Corrode,atk,M8,0,1,19,defus,2026-03-06 16:00:00,1,Valorant Masters Santiago 2026,https://www.vlr.gg/626537/nongshim-redforce-vs-gentle-mates-valorant-masters-santiago-2026-ubqf
NS,Corrode,atk,M8,0,1,20,elim,2026-03-06 16:00:00,1,Valorant Masters Santiago 2026,https://www.vlr.gg/626537/nongshim-redforce-vs-gentle-mates-valorant-masters-santiago-2026-ubqf
NS,Corrode,atk,M8,1,0,21,elim,2026-03-06 16:00:00,1,Valorant Masters Santiago 2026,https://www.vlr.gg/626537/nongshim-redforce-vs-gentle-mates-valorant-masters-santiago-2026-ubqf
NS,Corrode,atk,M8,1,0,22,elim,2026-03-06 16:00:00,1,Valorant Masters Santiago 2026,https://www.vlr.gg/626537/nongshim-redforce-vs-gentle-mates-valorant-masters-santiago-2026-ubqf
NS,Corrode,atk,M8,1,0,23,elim,2026-03-06 16:00:00,1,Valorant Masters Santiago 2026,https://www.vlr.gg/626537/nongshim-redforce-vs-gentle-mates-valorant-masters-santiago-2026-ubqf
NS,Corrode,def,M8,1,0,1,defus,2026-03-06 16:00:00,1,Valorant Masters Santiago 2026,https://www.vlr.gg/626537/nongshim-redforce-vs-gentle-mates-valorant-masters-santiago-2026-ubqf
NS,Corrode,def,M8,0,1,2,elim,2026-03-06 16:00:00,1,Valorant Masters Santiago 2026,https://www.vlr.gg/626537/nongshim-redforce-vs-gentle-mates-valorant-masters-santiago-2026-ubqf
NS,Corrode,def,M8,0,1,3,elim,2026-03-06 16:00:00,1,Valorant Masters Santiago 2026,https://www.vlr.gg/626537/nongshim-redforce-vs-gentle-mates-valorant-masters-santiago-2026-ubqf
NS,Corrode,def,M8,0,1,4,elim,2026-03-06 16:00:00,1,Valorant Masters Santiago 2026,https://www.vlr.gg/626537/nongshim-redforce-vs-gentle-mates-valorant-masters-santiago-2026-ubqf
NS,Corrode,def,M8,0,1,5,elim,2026-03-06 16:00:00,1,Valorant Masters Santiago 2026,https://www.vlr.gg/626537/nongshim-redforce-vs-gentle-mates-valorant-masters-santiago-2026-ubqf
NS,Corrode,def,M8,1,0,6,elim,2026-03-06 16:00:00,1,Valorant Masters Santiago 2026,https://www.vlr.gg/626537/nongshim-redforce-vs-gentle-mates-valorant-masters-santiago-2026-ubqf
NS,Corrode,def,M8,1,0,7,elim,2026-03-06 16:00:00,1,Valorant Masters Santiago 2026,https://www.vlr.gg/626537/nongshim-redforce-vs-gentle-mates-valorant-masters-santiago-2026-ubqf
NS,Corrode,def,M8,1,0,8,elim,2026-03-06 16:00:00,1,Valorant Masters Santiago 2026,https://www.vlr.gg/626537/nongshim-redforce-vs-gentle-mates-valorant-masters-santiago-2026-ubqf
NS,Corrode,def,M8,0,1,9,elim,2026-03-06 16:00:00,1,Valorant Masters Santiago 2026,https://www.vlr.gg/626537/nongshim-redforce-vs-gentle-mates-valorant-masters-santiago-2026-ubqf
NS,Corrode,def,M8,0,1,10,elim,2026-03-06 16:00:00,1,Valorant Masters Santiago 2026,https://www.vlr.gg/626537/nongshim-redforce-vs-gentle-mates-valorant-masters-santiago-2026-ubqf
NS,Corrode,def,M8,0,1,11,elim,2026-03-06 16:00:00,1,Valorant Masters Santiago 2026,https://www.vlr.gg/626537/nongshim-redforce-vs-gentle-mates-valorant-masters-santiago-2026-ubqf
NS,Corrode,def,M8,1,0,12,defus,2026-03-06 16:00:00,1,Valorant Masters Santiago 2026,https://www.vlr.gg/626537/nongshim-redforce-vs-gentle-mates-valorant-masters-santiago-2026-ubqf
BBL,Pearl,atk,NRG,0,1,13,defus,2026-03-07 12:00:00,0,Valorant Masters Santiago 2026,https://www.vlr.gg/626540/bbl-esports-vs-nrg-valorant-masters-santiago-2026-ubqf
BBL,Pearl,atk,NRG,0,1,14,elim,2026-03-07 12:00:00,0,Valorant Masters Santiago 2026,https://www.vlr.gg/626540/bbl-esports-vs-nrg-valorant-masters-santiago-2026-ubqf
BBL,Pearl,atk,NRG,0,1,15,elim,2026-03-07 12:00:00,0,Valorant Masters Santiago 2026,https://www.vlr.gg/626540/bbl-esports-vs-nrg-valorant-masters-santiago-2026-ubqf
BBL,Pearl,atk,NRG,1,0,16,elim,2026-03-07 12:00:00,0,Valorant Masters Santiago 2026,https://www.vlr.gg/626540/bbl-esports-vs-nrg-valorant-masters-santiago-2026-ubqf
BBL,Pearl,atk,NRG,1,0,17,elim,2026-03-07 12:00:00,0,Valorant Masters Santiago 2026,https://www.vlr.gg/626540/bbl-esports-vs-nrg-valorant-masters-santiago-2026-ubqf
BBL,Pearl,atk,NRG,1,0,18,elim,2026-03-07 12:00:00,0,Valorant Masters Santiago 2026,https://www.vlr.gg/626540/bbl-esports-vs-nrg-valorant-masters-santiago-2026-ubqf
BBL,Pearl,atk,NRG,0,1,19,elim,2026-03-07 12:00:00,0,Valorant Masters Santiago 2026,https://www.vlr.gg/626540/bbl-esports-vs-nrg-valorant-masters-santiago-2026-ubqf
BBL,Pearl,def,NRG,0,1,1,elim,2026-03-07 12:00:00,0,Valorant Masters Santiago 2026,https://www.vlr.gg/626540/bbl-esports-vs-nrg-valorant-masters-santiago-2026-ubqf
BBL,Pearl,def,NRG,0,1,2,elim,2026-03-07 12:00:00,0,Valorant Masters Santiago 2026,https://www.vlr.gg/626540/bbl-esports-vs-nrg-valorant-masters-santiago-2026-ubqf
BBL,Pearl,def,NRG,1,0,3,elim,2026-03-07 12:00:00,0,Valorant Masters Santiago 2026,https://www.vlr.gg/626540/bbl-esports-vs-nrg-valorant-masters-santiago-2026-ubqf
BBL,Pearl,def,NRG,0,1,4,elim,2026-03-07 12:00:00,0,Valorant Masters Santiago 2026,https://www.vlr.gg/626540/bbl-esports-vs-nrg-valorant-masters-santiago-2026-ubqf
BBL,Pearl,def,NRG,0,1,5,elim,2026-03-07 12:00:00,0,Valorant Masters Santiago 2026,https://www.vlr.gg/626540/bbl-esports-vs-nrg-valorant-masters-santiago-2026-ubqf
BBL,Pearl,def,NRG,0,1,6,elim,2026-03-07 12:00:00,0,Valorant Masters Santiago 2026,https://www.vlr.gg/626540/bbl-esports-vs-nrg-valorant-masters-santiago-2026-ubqf
BBL,Pearl,def,NRG,0,1,7,elim,2026-03-07 12:00:00,0,Valorant Masters Santiago 2026,https://www.vlr.gg/626540/bbl-esports-vs-nrg-valorant-masters-santiago-2026-ubqf
BBL,Pearl,def,NRG,1,0,8,defus,2026-03-07 12:00:00,0,Valorant Masters Santiago 2026,https://www.vlr.gg/626540/bbl-esports-vs-nrg-valorant-masters-santiago-2026-ubqf
BBL,Pearl,def,NRG,0,1,9,elim,2026-03-07 12:00:00,0,Valorant Masters Santiago 2026,https://www.vlr.gg/626540/bbl-esports-vs-nrg-valorant-masters-santiago-2026-ubqf
BBL,Pearl,def,NRG,0,1,10,elim,2026-03-07 12:00:00,0,Valorant Masters Santiago 2026,https://www.vlr.gg/626540/bbl-esports-vs-nrg-valorant-masters-santiago-2026-ubqf
BBL,Pearl,def,NRG,1,0,11,elim,2026-03-07 12:00:00,0,Valorant Masters Santiago 2026,https://www.vlr.gg/626540/bbl-esports-vs-nrg-valorant-masters-santiago-2026-ubqf
BBL,Pearl,def,NRG,0,1,12,elim,2026-03-07 12:00:00,0,Valorant Masters Santiago 2026,https://www.vlr.gg/626540/bbl-esports-vs-nrg-valorant-masters-santiago-2026-ubqf
BBL,Abyss,atk,NRG,1,0,1,elim,2026-03-07 12:00:00,1,Valorant Masters Santiago 2026,https://www.vlr.gg/626540/bbl-esports-vs-nrg-valorant-masters-santiago-2026-ubqf
BBL,Abyss,atk,NRG,1,0,2,boom,2026-03-07 12:00:00,1,Valorant Masters Santiago 2026,https://www.vlr.gg/626540/bbl-esports-vs-nrg-valorant-masters-santiago-2026-ubqf
BBL,Abyss,atk,NRG,0,1,3,defus,2026-03-07 12:00:00,1,Valorant Masters Santiago 2026,https://www.vlr.gg/626540/bbl-esports-vs-nrg-valorant-masters-santiago-2026-ubqf
BBL,Abyss,atk,NRG,1,0,4,elim,2026-03-07 12:00:00,1,Valorant Masters Santiago 2026,https://www.vlr.gg/626540/bbl-esports-vs-nrg-valorant-masters-santiago-2026-ubqf
BBL,Abyss,atk,NRG,1,0,5,elim,2026-03-07 12:00:00,1,Valorant Masters Santiago 2026,https://www.vlr.gg/626540/bbl-esports-vs-nrg-valorant-masters-santiago-2026-ubqf
BBL,Abyss,atk,NRG,1,0,6,boom,2026-03-07 12:00:00,1,Valorant Masters Santiago 2026,https://www.vlr.gg/626540/bbl-esports-vs-nrg-valorant-masters-santiago-2026-ubqf
BBL,Abyss,atk,NRG,1,0,7,boom,2026-03-07 12:00:00,1,Valorant Masters Santiago 2026,https://www.vlr.gg/626540/bbl-esports-vs-nrg-valorant-masters-santiago-2026-ubqf
BBL,Abyss,atk,NRG,1,0,8,elim,2026-03-07 12:00:00,1,Valorant Masters Santiago 2026,https://www.vlr.gg/626540/bbl-esports-vs-nrg-valorant-masters-santiago-2026-ubqf
BBL,Abyss,atk,NRG,0,1,9,elim,2026-03-07 12:00:00,1,Valorant Masters Santiago 2026,https://www.vlr.gg/626540/bbl-esports-vs-nrg-valorant-masters-santiago-2026-ubqf
BBL,Abyss,atk,NRG,1,0,10,elim,2026-03-07 12:00:00,1,Valorant Masters Santiago 2026,https://www.vlr.gg/626540/bbl-esports-vs-nrg-valorant-masters-santiago-2026-ubqf
BBL,Abyss,atk,NRG,1,0,11,elim,2026-03-07 12:00:00,1,Valorant Masters Santiago 2026,https://www.vlr.gg/626540/bbl-esports-vs-nrg-valorant-masters-santiago-2026-ubqf
BBL,Abyss,atk,NRG,0,1,12,elim,2026-03-07 12:00:00,1,Valorant Masters Santiago 2026,https://www.vlr.gg/626540/bbl-esports-vs-nrg-valorant-masters-santiago-2026-ubqf
BBL,Abyss,def,NRG,1,0,13,defus,2026-03-07 12:00:00,1,Valorant Masters Santiago 2026,https://www.vlr.gg/626540/bbl-esports-vs-nrg-valorant-masters-santiago-2026-ubqf
BBL,Abyss,def,NRG,0,1,14,elim,2026-03-07 12:00:00,1,Valorant Masters Santiago 2026,https://www.vlr.gg/626540/bbl-esports-vs-nrg-valorant-masters-santiago-2026-ubqf
BBL,Abyss,def,NRG,1,0,15,defus,2026-03-07 12:00:00,1,Valorant Masters Santiago 2026,https://www.vlr.gg/626540/bbl-esports-vs-nrg-valorant-masters-santiago-2026-ubqf
BBL,Abyss,def,NRG,0,1,16,elim,2026-03-07 12:00:00,1,Valorant Masters Santiago 2026,https://www.vlr.gg/626540/bbl-esports-vs-nrg-valorant-masters-santiago-2026-ubqf
BBL,Abyss,def,NRG,0,1,17,elim,2026-03-07 12:00:00,1,Valorant Masters Santiago 2026,https://www.vlr.gg/626540/bbl-esports-vs-nrg-valorant-masters-santiago-2026-ubqf
BBL,Abyss,def,NRG,1,0,18,defus,2026-03-07 12:00:00,1,Valorant Masters Santiago 2026,https://www.vlr.gg/626540/bbl-esports-vs-nrg-valorant-masters-santiago-2026-ubqf
BBL,Abyss,def,NRG,1,0,19,defus,2026-03-07 12:00:00,1,Valorant Masters Santiago 2026,https://www.vlr.gg/626540/bbl-esports-vs-nrg-valorant-masters-santiago-2026-ubqf
BBL,Split,atk,NRG,1,0,13,elim,2026-03-07 12:00:00,2,Valorant Masters Santiago 2026,https://www.vlr.gg/626540/bbl-esports-vs-nrg-valorant-masters-santiago-2026-ubqf
BBL,Split,atk,NRG,1,0,14,elim,2026-03-07 12:00:00,2,Valorant Masters Santiago 2026,https://www.vlr.gg/626540/bbl-esports-vs-nrg-valorant-masters-santiago-2026-ubqf
BBL,Split,atk,NRG,1,0,15,elim,2026-03-07 12:00:00,2,Valorant Masters Santiago 2026,https://www.vlr.gg/626540/bbl-esports-vs-nrg-valorant-masters-santiago-2026-ubqf
BBL,Split,atk,NRG,0,1,16,elim,2026-03-07 12:00:00,2,Valorant Masters Santiago 2026,https://www.vlr.gg/626540/bbl-esports-vs-nrg-valorant-masters-santiago-2026-ubqf
BBL,Split,atk,NRG,0,1,17,elim,2026-03-07 12:00:00,2,Valorant Masters Santiago 2026,https://www.vlr.gg/626540/bbl-esports-vs-nrg-valorant-masters-santiago-2026-ubqf
BBL,Split,atk,NRG,0,1,18,defus,2026-03-07 12:00:00,2,Valorant Masters Santiago 2026,https://www.vlr.gg/626540/bbl-esports-vs-nrg-valorant-masters-santiago-2026-ubqf
BBL,Split,atk,NRG,0,1,19,elim,2026-03-07 12:00:00,2,Valorant Masters Santiago 2026,https://www.vlr.gg/626540/bbl-esports-vs-nrg-valorant-masters-santiago-2026-ubqf
BBL,Split,atk,NRG,1,0,20,elim,2026-03-07 12:00:00,2,Valorant Masters Santiago 2026,https://www.vlr.gg/626540/bbl-esports-vs-nrg-valorant-masters-santiago-2026-ubqf
BBL,Split,atk,NRG,0,1,21,defus,2026-03-07 12:00:00,2,Valorant Masters Santiago 2026,https://www.vlr.gg/626540/bbl-esports-vs-nrg-valorant-masters-santiago-2026-ubqf
BBL,Split,atk,NRG,0,1,22,elim,2026-03-07 12:00:00,2,Valorant Masters Santiago 2026,https://www.vlr.gg/626540/bbl-esports-vs-nrg-valorant-masters-santiago-2026-ubqf
BBL,Split,atk,NRG,0,1,23,defus,2026-03-07 12:00:00,2,Valorant Masters Santiago 2026,https://www.vlr.gg/626540/bbl-esports-vs-nrg-valorant-masters-santiago-2026-ubqf
BBL,Split,atk,NRG,1,0,24,elim,2026-03-07 12:00:00,2,Valorant Masters Santiago 2026,https://www.vlr.gg/626540/bbl-esports-vs-nrg-valorant-masters-santiago-2026-ubqf
BBL,Split,atk,NRG,1,0,26,elim,2026-03-07 12:00:00,2,Valorant Masters Santiago 2026,https://www.vlr.gg/626540/bbl-esports-vs-nrg-valorant-masters-santiago-2026-ubqf
BBL,Split,atk,NRG,0,1,28,defus,2026-03-07 12:00:00,2,Valorant Masters Santiago 2026,https://www.vlr.gg/626540/bbl-esports-vs-nrg-valorant-masters-santiago-2026-ubqf
BBL,Split,atk,NRG,1,0,30,elim,2026-03-07 12:00:00,2,Valorant Masters Santiago 2026,https://www.vlr.gg/626540/bbl-esports-vs-nrg-valorant-masters-santiago-2026-ubqf
BBL,Split,atk,NRG,0,1,32,elim,2026-03-07 12:00:00,2,Valorant Masters Santiago 2026,https://www.vlr.gg/626540/bbl-esports-vs-nrg-valorant-masters-santiago-2026-ubqf
BBL,Split,def,NRG,1,0,1,defus,2026-03-07 12:00:00,2,Valorant Masters Santiago 2026,https://www.vlr.gg/626540/bbl-esports-vs-nrg-valorant-masters-santiago-2026-ubqf
BBL,Split,def,NRG,1,0,2,elim,2026-03-07 12:00:00,2,Valorant Masters Santiago 2026,https://www.vlr.gg/626540/bbl-esports-vs-nrg-valorant-masters-santiago-2026-ubqf
BBL,Split,def,NRG,0,1,3,elim,2026-03-07 12:00:00,2,Valorant Masters Santiago 2026,https://www.vlr.gg/626540/bbl-esports-vs-nrg-valorant-masters-santiago-2026-ubqf
BBL,Split,def,NRG,0,1,4,boom,2026-03-07 12:00:00,2,Valorant Masters Santiago 2026,https://www.vlr.gg/626540/bbl-esports-vs-nrg-valorant-masters-santiago-2026-ubqf
BBL,Split,def,NRG,0,1,5,boom,2026-03-07 12:00:00,2,Valorant Masters Santiago 2026,https://www.vlr.gg/626540/bbl-esports-vs-nrg-valorant-masters-santiago-2026-ubqf
BBL,Split,def,NRG,1,0,6,elim,2026-03-07 12:00:00,2,Valorant Masters Santiago 2026,https://www.vlr.gg/626540/bbl-esports-vs-nrg-valorant-masters-santiago-2026-ubqf
BBL,Split,def,NRG,1,0,7,elim,2026-03-07 12:00:00,2,Valorant Masters Santiago 2026,https://www.vlr.gg/626540/bbl-esports-vs-nrg-valorant-masters-santiago-2026-ubqf
BBL,Split,def,NRG,1,0,8,elim,2026-03-07 12:00:00,2,Valorant Masters Santiago 2026,https://www.vlr.gg/626540/bbl-esports-vs-nrg-valorant-masters-santiago-2026-ubqf
BBL,Split,def,NRG,1,0,9,defus,2026-03-07 12:00:00,2,Valorant Masters Santiago 2026,https://www.vlr.gg/626540/bbl-esports-vs-nrg-valorant-masters-santiago-2026-ubqf
BBL,Split,def,NRG,1,0,10,elim,2026-03-07 12:00:00,2,Valorant Masters Santiago 2026,https://www.vlr.gg/626540/bbl-esports-vs-nrg-valorant-masters-santiago-2026-ubqf
BBL,Split,def,NRG,0,1,11,elim,2026-03-07 12:00:00,2,Valorant Masters Santiago 2026,https://www.vlr.gg/626540/bbl-esports-vs-nrg-valorant-masters-santiago-2026-ubqf
BBL,Split,def,NRG,0,1,12,elim,2026-03-07 12:00:00,2,Valorant Masters Santiago 2026,https://www.vlr.gg/626540/bbl-esports-vs-nrg-valorant-masters-santiago-2026-ubqf
BBL,Split,def,NRG,0,1,25,elim,2026-03-07 12:00:00,2,Valorant Masters Santiago 2026,https://www.vlr.gg/626540/bbl-esports-vs-nrg-valorant-masters-santiago-2026-ubqf
BBL,Split,def,NRG,1,0,27,elim,2026-03-07 12:00:00,2,Valorant Masters Santiago 2026,https://www.vlr.gg/626540/bbl-esports-vs-nrg-valorant-masters-santiago-2026-ubqf
BBL,Split,def,NRG,0,1,29,elim,2026-03-07 12:00:00,2,Valorant Masters Santiago 2026,https://www.vlr.gg/626540/bbl-esports-vs-nrg-valorant-masters-santiago-2026-ubqf
BBL,Split,def,NRG,0,1,31,elim,2026-03-07 12:00:00,2,Valorant Masters Santiago 2026,https://www.vlr.gg/626540/bbl-esports-vs-nrg-valorant-masters-santiago-2026-ubqf
AG,Split,atk,G2,0,1,13,defus,2026-03-07 15:30:00,0,Valorant Masters Santiago 2026,https://www.vlr.gg/626538/all-gamers-vs-g2-esports-valorant-masters-santiago-2026-ubqf
AG,Split,atk,G2,0,1,14,defus,2026-03-07 15:30:00,0,Valorant Masters Santiago 2026,https://www.vlr.gg/626538/all-gamers-vs-g2-esports-valorant-masters-santiago-2026-ubqf
AG,Split,atk,G2,1,0,15,elim,2026-03-07 15:30:00,0,Valorant Masters Santiago 2026,https://www.vlr.gg/626538/all-gamers-vs-g2-esports-valorant-masters-santiago-2026-ubqf
AG,Split,atk,G2,0,1,16,elim,2026-03-07 15:30:00,0,Valorant Masters Santiago 2026,https://www.vlr.gg/626538/all-gamers-vs-g2-esports-valorant-masters-santiago-2026-ubqf
AG,Split,atk,G2,1,0,17,boom,2026-03-07 15:30:00,0,Valorant Masters Santiago 2026,https://www.vlr.gg/626538/all-gamers-vs-g2-esports-valorant-masters-santiago-2026-ubqf
AG,Split,atk,G2,0,1,18,defus,2026-03-07 15:30:00,0,Valorant Masters Santiago 2026,https://www.vlr.gg/626538/all-gamers-vs-g2-esports-valorant-masters-santiago-2026-ubqf
AG,Split,atk,G2,0,1,19,elim,2026-03-07 15:30:00,0,Valorant Masters Santiago 2026,https://www.vlr.gg/626538/all-gamers-vs-g2-esports-valorant-masters-santiago-2026-ubqf
AG,Split,def,G2,0,1,1,elim,2026-03-07 15:30:00,0,Valorant Masters Santiago 2026,https://www.vlr.gg/626538/all-gamers-vs-g2-esports-valorant-masters-santiago-2026-ubqf
AG,Split,def,G2,0,1,2,boom,2026-03-07 15:30:00,0,Valorant Masters Santiago 2026,https://www.vlr.gg/626538/all-gamers-vs-g2-esports-valorant-masters-santiago-2026-ubqf
AG,Split,def,G2,0,1,3,elim,2026-03-07 15:30:00,0,Valorant Masters Santiago 2026,https://www.vlr.gg/626538/all-gamers-vs-g2-esports-valorant-masters-santiago-2026-ubqf
AG,Split,def,G2,0,1,4,elim,2026-03-07 15:30:00,0,Valorant Masters Santiago 2026,https://www.vlr.gg/626538/all-gamers-vs-g2-esports-valorant-masters-santiago-2026-ubqf
AG,Split,def,G2,0,1,5,boom,2026-03-07 15:30:00,0,Valorant Masters Santiago 2026,https://www.vlr.gg/626538/all-gamers-vs-g2-esports-valorant-masters-santiago-2026-ubqf
AG,Split,def,G2,1,0,6,elim,2026-03-07 15:30:00,0,Valorant Masters Santiago 2026,https://www.vlr.gg/626538/all-gamers-vs-g2-esports-valorant-masters-santiago-2026-ubqf
AG,Split,def,G2,0,1,7,elim,2026-03-07 15:30:00,0,Valorant Masters Santiago 2026,https://www.vlr.gg/626538/all-gamers-vs-g2-esports-valorant-masters-santiago-2026-ubqf
AG,Split,def,G2,0,1,8,elim,2026-03-07 15:30:00,0,Valorant Masters Santiago 2026,https://www.vlr.gg/626538/all-gamers-vs-g2-esports-valorant-masters-santiago-2026-ubqf
AG,Split,def,G2,1,0,9,elim,2026-03-07 15:30:00,0,Valorant Masters Santiago 2026,https://www.vlr.gg/626538/all-gamers-vs-g2-esports-valorant-masters-santiago-2026-ubqf
AG,Split,def,G2,1,0,10,tim,2026-03-07 15:30:00,0,Valorant Masters Santiago 2026,https://www.vlr.gg/626538/all-gamers-vs-g2-esports-valorant-masters-santiago-2026-ubqf
AG,Split,def,G2,1,0,11,defus,2026-03-07 15:30:00,0,Valorant Masters Santiago 2026,https://www.vlr.gg/626538/all-gamers-vs-g2-esports-valorant-masters-santiago-2026-ubqf
AG,Split,def,G2,0,1,12,elim,2026-03-07 15:30:00,0,Valorant Masters Santiago 2026,https://www.vlr.gg/626538/all-gamers-vs-g2-esports-valorant-masters-santiago-2026-ubqf
AG,Abyss,atk,G2,0,1,1,defus,2026-03-07 15:30:00,1,Valorant Masters Santiago 2026,https://www.vlr.gg/626538/all-gamers-vs-g2-esports-valorant-masters-santiago-2026-ubqf
AG,Abyss,atk,G2,0,1,2,defus,2026-03-07 15:30:00,1,Valorant Masters Santiago 2026,https://www.vlr.gg/626538/all-gamers-vs-g2-esports-valorant-masters-santiago-2026-ubqf
AG,Abyss,atk,G2,0,1,3,defus,2026-03-07 15:30:00,1,Valorant Masters Santiago 2026,https://www.vlr.gg/626538/all-gamers-vs-g2-esports-valorant-masters-santiago-2026-ubqf
AG,Abyss,atk,G2,1,0,4,elim,2026-03-07 15:30:00,1,Valorant Masters Santiago 2026,https://www.vlr.gg/626538/all-gamers-vs-g2-esports-valorant-masters-santiago-2026-ubqf
AG,Abyss,atk,G2,1,0,5,elim,2026-03-07 15:30:00,1,Valorant Masters Santiago 2026,https://www.vlr.gg/626538/all-gamers-vs-g2-esports-valorant-masters-santiago-2026-ubqf
AG,Abyss,atk,G2,1,0,6,elim,2026-03-07 15:30:00,1,Valorant Masters Santiago 2026,https://www.vlr.gg/626538/all-gamers-vs-g2-esports-valorant-masters-santiago-2026-ubqf
AG,Abyss,atk,G2,0,1,7,defus,2026-03-07 15:30:00,1,Valorant Masters Santiago 2026,https://www.vlr.gg/626538/all-gamers-vs-g2-esports-valorant-masters-santiago-2026-ubqf
AG,Abyss,atk,G2,0,1,8,elim,2026-03-07 15:30:00,1,Valorant Masters Santiago 2026,https://www.vlr.gg/626538/all-gamers-vs-g2-esports-valorant-masters-santiago-2026-ubqf
AG,Abyss,atk,G2,0,1,9,elim,2026-03-07 15:30:00,1,Valorant Masters Santiago 2026,https://www.vlr.gg/626538/all-gamers-vs-g2-esports-valorant-masters-santiago-2026-ubqf
AG,Abyss,atk,G2,0,1,10,defus,2026-03-07 15:30:00,1,Valorant Masters Santiago 2026,https://www.vlr.gg/626538/all-gamers-vs-g2-esports-valorant-masters-santiago-2026-ubqf
AG,Abyss,atk,G2,0,1,11,tim,2026-03-07 15:30:00,1,Valorant Masters Santiago 2026,https://www.vlr.gg/626538/all-gamers-vs-g2-esports-valorant-masters-santiago-2026-ubqf
AG,Abyss,atk,G2,0,1,12,elim,2026-03-07 15:30:00,1,Valorant Masters Santiago 2026,https://www.vlr.gg/626538/all-gamers-vs-g2-esports-valorant-masters-santiago-2026-ubqf
AG,Abyss,def,G2,0,1,13,elim,2026-03-07 15:30:00,1,Valorant Masters Santiago 2026,https://www.vlr.gg/626538/all-gamers-vs-g2-esports-valorant-masters-santiago-2026-ubqf
AG,Abyss,def,G2,0,1,14,boom,2026-03-07 15:30:00,1,Valorant Masters Santiago 2026,https://www.vlr.gg/626538/all-gamers-vs-g2-esports-valorant-masters-santiago-2026-ubqf
AG,Abyss,def,G2,1,0,15,defus,2026-03-07 15:30:00,1,Valorant Masters Santiago 2026,https://www.vlr.gg/626538/all-gamers-vs-g2-esports-valorant-masters-santiago-2026-ubqf
AG,Abyss,def,G2,0,1,16,elim,2026-03-07 15:30:00,1,Valorant Masters Santiago 2026,https://www.vlr.gg/626538/all-gamers-vs-g2-esports-valorant-masters-santiago-2026-ubqf
AG,Abyss,def,G2,0,1,17,elim,2026-03-07 15:30:00,1,Valorant Masters Santiago 2026,https://www.vlr.gg/626538/all-gamers-vs-g2-esports-valorant-masters-santiago-2026-ubqf
FUR,Haven,atk,BBL,0,1,1,elim,2026-03-08 13:00:00,0,Valorant Masters Santiago 2026,https://www.vlr.gg/626546/furia-vs-bbl-esports-valorant-masters-santiago-2026-lr1
FUR,Haven,atk,BBL,0,1,2,elim,2026-03-08 13:00:00,0,Valorant Masters Santiago 2026,https://www.vlr.gg/626546/furia-vs-bbl-esports-valorant-masters-santiago-2026-lr1
FUR,Haven,atk,BBL,1,0,3,elim,2026-03-08 13:00:00,0,Valorant Masters Santiago 2026,https://www.vlr.gg/626546/furia-vs-bbl-esports-valorant-masters-santiago-2026-lr1
FUR,Haven,atk,BBL,1,0,4,boom,2026-03-08 13:00:00,0,Valorant Masters Santiago 2026,https://www.vlr.gg/626546/furia-vs-bbl-esports-valorant-masters-santiago-2026-lr1
FUR,Haven,atk,BBL,0,1,5,defus,2026-03-08 13:00:00,0,Valorant Masters Santiago 2026,https://www.vlr.gg/626546/furia-vs-bbl-esports-valorant-masters-santiago-2026-lr1
FUR,Haven,atk,BBL,0,1,6,elim,2026-03-08 13:00:00,0,Valorant Masters Santiago 2026,https://www.vlr.gg/626546/furia-vs-bbl-esports-valorant-masters-santiago-2026-lr1
FUR,Haven,atk,BBL,0,1,7,elim,2026-03-08 13:00:00,0,Valorant Masters Santiago 2026,https://www.vlr.gg/626546/furia-vs-bbl-esports-valorant-masters-santiago-2026-lr1
FUR,Haven,atk,BBL,0,1,8,tim,2026-03-08 13:00:00,0,Valorant Masters Santiago 2026,https://www.vlr.gg/626546/furia-vs-bbl-esports-valorant-masters-santiago-2026-lr1
FUR,Haven,atk,BBL,0,1,9,defus,2026-03-08 13:00:00,0,Valorant Masters Santiago 2026,https://www.vlr.gg/626546/furia-vs-bbl-esports-valorant-masters-santiago-2026-lr1
FUR,Haven,atk,BBL,1,0,10,elim,2026-03-08 13:00:00,0,Valorant Masters Santiago 2026,https://www.vlr.gg/626546/furia-vs-bbl-esports-valorant-masters-santiago-2026-lr1
FUR,Haven,atk,BBL,0,1,11,elim,2026-03-08 13:00:00,0,Valorant Masters Santiago 2026,https://www.vlr.gg/626546/furia-vs-bbl-esports-valorant-masters-santiago-2026-lr1
FUR,Haven,atk,BBL,0,1,12,elim,2026-03-08 13:00:00,0,Valorant Masters Santiago 2026,https://www.vlr.gg/626546/furia-vs-bbl-esports-valorant-masters-santiago-2026-lr1
FUR,Haven,def,BBL,0,1,13,elim,2026-03-08 13:00:00,0,Valorant Masters Santiago 2026,https://www.vlr.gg/626546/furia-vs-bbl-esports-valorant-masters-santiago-2026-lr1
FUR,Haven,def,BBL,1,0,14,defus,2026-03-08 13:00:00,0,Valorant Masters Santiago 2026,https://www.vlr.gg/626546/furia-vs-bbl-esports-valorant-masters-santiago-2026-lr1
FUR,Haven,def,BBL,1,0,15,defus,2026-03-08 13:00:00,0,Valorant Masters Santiago 2026,https://www.vlr.gg/626546/furia-vs-bbl-esports-valorant-masters-santiago-2026-lr1
FUR,Haven,def,BBL,1,0,16,tim,2026-03-08 13:00:00,0,Valorant Masters Santiago 2026,https://www.vlr.gg/626546/furia-vs-bbl-esports-valorant-masters-santiago-2026-lr1
FUR,Haven,def,BBL,1,0,17,defus,2026-03-08 13:00:00,0,Valorant Masters Santiago 2026,https://www.vlr.gg/626546/furia-vs-bbl-esports-valorant-masters-santiago-2026-lr1
FUR,Haven,def,BBL,0,1,18,boom,2026-03-08 13:00:00,0,Valorant Masters Santiago 2026,https://www.vlr.gg/626546/furia-vs-bbl-esports-valorant-masters-santiago-2026-lr1
FUR,Haven,def,BBL,0,1,19,boom,2026-03-08 13:00:00,0,Valorant Masters Santiago 2026,https://www.vlr.gg/626546/furia-vs-bbl-esports-valorant-masters-santiago-2026-lr1
FUR,Haven,def,BBL,0,1,20,elim,2026-03-08 13:00:00,0,Valorant Masters Santiago 2026,https://www.vlr.gg/626546/furia-vs-bbl-esports-valorant-masters-santiago-2026-lr1
FUR,Breeze,atk,BBL,1,0,13,elim,2026-03-08 13:00:00,1,Valorant Masters Santiago 2026,https://www.vlr.gg/626546/furia-vs-bbl-esports-valorant-masters-santiago-2026-lr1
FUR,Breeze,atk,BBL,0,1,14,defus,2026-03-08 13:00:00,1,Valorant Masters Santiago 2026,https://www.vlr.gg/626546/furia-vs-bbl-esports-valorant-masters-santiago-2026-lr1
FUR,Breeze,atk,BBL,1,0,15,elim,2026-03-08 13:00:00,1,Valorant Masters Santiago 2026,https://www.vlr.gg/626546/furia-vs-bbl-esports-valorant-masters-santiago-2026-lr1
FUR,Breeze,atk,BBL,0,1,16,tim,2026-03-08 13:00:00,1,Valorant Masters Santiago 2026,https://www.vlr.gg/626546/furia-vs-bbl-esports-valorant-masters-santiago-2026-lr1
FUR,Breeze,atk,BBL,1,0,17,elim,2026-03-08 13:00:00,1,Valorant Masters Santiago 2026,https://www.vlr.gg/626546/furia-vs-bbl-esports-valorant-masters-santiago-2026-lr1
FUR,Breeze,atk,BBL,1,0,18,elim,2026-03-08 13:00:00,1,Valorant Masters Santiago 2026,https://www.vlr.gg/626546/furia-vs-bbl-esports-valorant-masters-santiago-2026-lr1
FUR,Breeze,atk,BBL,1,0,19,elim,2026-03-08 13:00:00,1,Valorant Masters Santiago 2026,https://www.vlr.gg/626546/furia-vs-bbl-esports-valorant-masters-santiago-2026-lr1
FUR,Breeze,atk,BBL,0,1,20,elim,2026-03-08 13:00:00,1,Valorant Masters Santiago 2026,https://www.vlr.gg/626546/furia-vs-bbl-esports-valorant-masters-santiago-2026-lr1
FUR,Breeze,atk,BBL,0,1,21,elim,2026-03-08 13:00:00,1,Valorant Masters Santiago 2026,https://www.vlr.gg/626546/furia-vs-bbl-esports-valorant-masters-santiago-2026-lr1
FUR,Breeze,atk,BBL,0,1,22,elim,2026-03-08 13:00:00,1,Valorant Masters Santiago 2026,https://www.vlr.gg/626546/furia-vs-bbl-esports-valorant-masters-santiago-2026-lr1
FUR,Breeze,atk,BBL,1,0,23,elim,2026-03-08 13:00:00,1,Valorant Masters Santiago 2026,https://www.vlr.gg/626546/furia-vs-bbl-esports-valorant-masters-santiago-2026-lr1
FUR,Breeze,def,BBL,0,1,1,elim,2026-03-08 13:00:00,1,Valorant Masters Santiago 2026,https://www.vlr.gg/626546/furia-vs-bbl-esports-valorant-masters-santiago-2026-lr1
FUR,Breeze,def,BBL,0,1,2,elim,2026-03-08 13:00:00,1,Valorant Masters Santiago 2026,https://www.vlr.gg/626546/furia-vs-bbl-esports-valorant-masters-santiago-2026-lr1
FUR,Breeze,def,BBL,0,1,3,elim,2026-03-08 13:00:00,1,Valorant Masters Santiago 2026,https://www.vlr.gg/626546/furia-vs-bbl-esports-valorant-masters-santiago-2026-lr1
FUR,Breeze,def,BBL,0,1,4,elim,2026-03-08 13:00:00,1,Valorant Masters Santiago 2026,https://www.vlr.gg/626546/furia-vs-bbl-esports-valorant-masters-santiago-2026-lr1
FUR,Breeze,def,BBL,0,1,5,boom,2026-03-08 13:00:00,1,Valorant Masters Santiago 2026,https://www.vlr.gg/626546/furia-vs-bbl-esports-valorant-masters-santiago-2026-lr1
FUR,Breeze,def,BBL,1,0,6,defus,2026-03-08 13:00:00,1,Valorant Masters Santiago 2026,https://www.vlr.gg/626546/furia-vs-bbl-esports-valorant-masters-santiago-2026-lr1
FUR,Breeze,def,BBL,1,0,7,defus,2026-03-08 13:00:00,1,Valorant Masters Santiago 2026,https://www.vlr.gg/626546/furia-vs-bbl-esports-valorant-masters-santiago-2026-lr1
FUR,Breeze,def,BBL,1,0,8,defus,2026-03-08 13:00:00,1,Valorant Masters Santiago 2026,https://www.vlr.gg/626546/furia-vs-bbl-esports-valorant-masters-santiago-2026-lr1
FUR,Breeze,def,BBL,1,0,9,defus,2026-03-08 13:00:00,1,Valorant Masters Santiago 2026,https://www.vlr.gg/626546/furia-vs-bbl-esports-valorant-masters-santiago-2026-lr1
FUR,Breeze,def,BBL,1,0,10,elim,2026-03-08 13:00:00,1,Valorant Masters Santiago 2026,https://www.vlr.gg/626546/furia-vs-bbl-esports-valorant-masters-santiago-2026-lr1
FUR,Breeze,def,BBL,1,0,11,elim,2026-03-08 13:00:00,1,Valorant Masters Santiago 2026,https://www.vlr.gg/626546/furia-vs-bbl-esports-valorant-masters-santiago-2026-lr1
FUR,Breeze,def,BBL,1,0,12,elim,2026-03-08 13:00:00,1,Valorant Masters Santiago 2026,https://www.vlr.gg/626546/furia-vs-bbl-esports-valorant-masters-santiago-2026-lr1
FUR,Abyss,atk,BBL,0,1,1,elim,2026-03-08 13:00:00,2,Valorant Masters Santiago 2026,https://www.vlr.gg/626546/furia-vs-bbl-esports-valorant-masters-santiago-2026-lr1
FUR,Abyss,atk,BBL,0,1,2,elim,2026-03-08 13:00:00,2,Valorant Masters Santiago 2026,https://www.vlr.gg/626546/furia-vs-bbl-esports-valorant-masters-santiago-2026-lr1
FUR,Abyss,atk,BBL,0,1,3,tim,2026-03-08 13:00:00,2,Valorant Masters Santiago 2026,https://www.vlr.gg/626546/furia-vs-bbl-esports-valorant-masters-santiago-2026-lr1
FUR,Abyss,atk,BBL,0,1,4,defus,2026-03-08 13:00:00,2,Valorant Masters Santiago 2026,https://www.vlr.gg/626546/furia-vs-bbl-esports-valorant-masters-santiago-2026-lr1
FUR,Abyss,atk,BBL,1,0,5,elim,2026-03-08 13:00:00,2,Valorant Masters Santiago 2026,https://www.vlr.gg/626546/furia-vs-bbl-esports-valorant-masters-santiago-2026-lr1
FUR,Abyss,atk,BBL,1,0,6,elim,2026-03-08 13:00:00,2,Valorant Masters Santiago 2026,https://www.vlr.gg/626546/furia-vs-bbl-esports-valorant-masters-santiago-2026-lr1
FUR,Abyss,atk,BBL,1,0,7,elim,2026-03-08 13:00:00,2,Valorant Masters Santiago 2026,https://www.vlr.gg/626546/furia-vs-bbl-esports-valorant-masters-santiago-2026-lr1
FUR,Abyss,atk,BBL,0,1,8,elim,2026-03-08 13:00:00,2,Valorant Masters Santiago 2026,https://www.vlr.gg/626546/furia-vs-bbl-esports-valorant-masters-santiago-2026-lr1
FUR,Abyss,atk,BBL,0,1,9,defus,2026-03-08 13:00:00,2,Valorant Masters Santiago 2026,https://www.vlr.gg/626546/furia-vs-bbl-esports-valorant-masters-santiago-2026-lr1
FUR,Abyss,atk,BBL,0,1,10,defus,2026-03-08 13:00:00,2,Valorant Masters Santiago 2026,https://www.vlr.gg/626546/furia-vs-bbl-esports-valorant-masters-santiago-2026-lr1
FUR,Abyss,atk,BBL,0,1,11,elim,2026-03-08 13:00:00,2,Valorant Masters Santiago 2026,https://www.vlr.gg/626546/furia-vs-bbl-esports-valorant-masters-santiago-2026-lr1
FUR,Abyss,atk,BBL,0,1,12,defus,2026-03-08 13:00:00,2,Valorant Masters Santiago 2026,https://www.vlr.gg/626546/furia-vs-bbl-esports-valorant-masters-santiago-2026-lr1
FUR,Abyss,def,BBL,1,0,13,defus,2026-03-08 13:00:00,2,Valorant Masters Santiago 2026,https://www.vlr.gg/626546/furia-vs-bbl-esports-valorant-masters-santiago-2026-lr1
FUR,Abyss,def,BBL,1,0,14,defus,2026-03-08 13:00:00,2,Valorant Masters Santiago 2026,https://www.vlr.gg/626546/furia-vs-bbl-esports-valorant-masters-santiago-2026-lr1
FUR,Abyss,def,BBL,0,1,15,elim,2026-03-08 13:00:00,2,Valorant Masters Santiago 2026,https://www.vlr.gg/626546/furia-vs-bbl-esports-valorant-masters-santiago-2026-lr1
FUR,Abyss,def,BBL,1,0,16,defus,2026-03-08 13:00:00,2,Valorant Masters Santiago 2026,https://www.vlr.gg/626546/furia-vs-bbl-esports-valorant-masters-santiago-2026-lr1
FUR,Abyss,def,BBL,1,0,17,defus,2026-03-08 13:00:00,2,Valorant Masters Santiago 2026,https://www.vlr.gg/626546/furia-vs-bbl-esports-valorant-masters-santiago-2026-lr1
FUR,Abyss,def,BBL,1,0,18,defus,2026-03-08 13:00:00,2,Valorant Masters Santiago 2026,https://www.vlr.gg/626546/furia-vs-bbl-esports-valorant-masters-santiago-2026-lr1
FUR,Abyss,def,BBL,0,1,19,boom,2026-03-08 13:00:00,2,Valorant Masters Santiago 2026,https://www.vlr.gg/626546/furia-vs-bbl-esports-valorant-masters-santiago-2026-lr1
FUR,Abyss,def,BBL,0,1,20,elim,2026-03-08 13:00:00,2,Valorant Masters Santiago 2026,https://www.vlr.gg/626546/furia-vs-bbl-esports-valorant-masters-santiago-2026-lr1
FUR,Abyss,def,BBL,1,0,21,defus,2026-03-08 13:00:00,2,Valorant Masters Santiago 2026,https://www.vlr.gg/626546/furia-vs-bbl-esports-valorant-masters-santiago-2026-lr1
FUR,Abyss,def,BBL,1,0,22,defus,2026-03-08 13:00:00,2,Valorant Masters Santiago 2026,https://www.vlr.gg/626546/furia-vs-bbl-esports-valorant-masters-santiago-2026-lr1
FUR,Abyss,def,BBL,1,0,23,elim,2026-03-08 13:00:00,2,Valorant Masters Santiago 2026,https://www.vlr.gg/626546/furia-vs-bbl-esports-valorant-masters-santiago-2026-lr1
FUR,Abyss,def,BBL,0,1,24,elim,2026-03-08 13:00:00,2,Valorant Masters Santiago 2026,https://www.vlr.gg/626546/furia-vs-bbl-esports-valorant-masters-santiago-2026-lr1
M8,Pearl,atk,AG,1,0,1,elim,2026-03-08 16:30:00,0,Valorant Masters Santiago 2026,https://www.vlr.gg/626545/gentle-mates-vs-all-gamers-valorant-masters-santiago-2026-lr1
M8,Pearl,atk,AG,1,0,2,elim,2026-03-08 16:30:00,0,Valorant Masters Santiago 2026,https://www.vlr.gg/626545/gentle-mates-vs-all-gamers-valorant-masters-santiago-2026-lr1
M8,Pearl,atk,AG,0,1,3,defus,2026-03-08 16:30:00,0,Valorant Masters Santiago 2026,https://www.vlr.gg/626545/gentle-mates-vs-all-gamers-valorant-masters-santiago-2026-lr1
M8,Pearl,atk,AG,1,0,4,elim,2026-03-08 16:30:00,0,Valorant Masters Santiago 2026,https://www.vlr.gg/626545/gentle-mates-vs-all-gamers-valorant-masters-santiago-2026-lr1
M8,Pearl,atk,AG,1,0,5,elim,2026-03-08 16:30:00,0,Valorant Masters Santiago 2026,https://www.vlr.gg/626545/gentle-mates-vs-all-gamers-valorant-masters-santiago-2026-lr1
M8,Pearl,atk,AG,1,0,6,elim,2026-03-08 16:30:00,0,Valorant Masters Santiago 2026,https://www.vlr.gg/626545/gentle-mates-vs-all-gamers-valorant-masters-santiago-2026-lr1
M8,Pearl,atk,AG,1,0,7,elim,2026-03-08 16:30:00,0,Valorant Masters Santiago 2026,https://www.vlr.gg/626545/gentle-mates-vs-all-gamers-valorant-masters-santiago-2026-lr1
M8,Pearl,atk,AG,0,1,8,defus,2026-03-08 16:30:00,0,Valorant Masters Santiago 2026,https://www.vlr.gg/626545/gentle-mates-vs-all-gamers-valorant-masters-santiago-2026-lr1
M8,Pearl,atk,AG,1,0,9,elim,2026-03-08 16:30:00,0,Valorant Masters Santiago 2026,https://www.vlr.gg/626545/gentle-mates-vs-all-gamers-valorant-masters-santiago-2026-lr1
M8,Pearl,atk,AG,1,0,10,elim,2026-03-08 16:30:00,0,Valorant Masters Santiago 2026,https://www.vlr.gg/626545/gentle-mates-vs-all-gamers-valorant-masters-santiago-2026-lr1
M8,Pearl,atk,AG,0,1,11,tim,2026-03-08 16:30:00,0,Valorant Masters Santiago 2026,https://www.vlr.gg/626545/gentle-mates-vs-all-gamers-valorant-masters-santiago-2026-lr1
M8,Pearl,atk,AG,0,1,12,defus,2026-03-08 16:30:00,0,Valorant Masters Santiago 2026,https://www.vlr.gg/626545/gentle-mates-vs-all-gamers-valorant-masters-santiago-2026-lr1
M8,Pearl,def,AG,1,0,13,defus,2026-03-08 16:30:00,0,Valorant Masters Santiago 2026,https://www.vlr.gg/626545/gentle-mates-vs-all-gamers-valorant-masters-santiago-2026-lr1
M8,Pearl,def,AG,1,0,14,elim,2026-03-08 16:30:00,0,Valorant Masters Santiago 2026,https://www.vlr.gg/626545/gentle-mates-vs-all-gamers-valorant-masters-santiago-2026-lr1
M8,Pearl,def,AG,1,0,15,defus,2026-03-08 16:30:00,0,Valorant Masters Santiago 2026,https://www.vlr.gg/626545/gentle-mates-vs-all-gamers-valorant-masters-santiago-2026-lr1
M8,Pearl,def,AG,1,0,16,defus,2026-03-08 16:30:00,0,Valorant Masters Santiago 2026,https://www.vlr.gg/626545/gentle-mates-vs-all-gamers-valorant-masters-santiago-2026-lr1
M8,Pearl,def,AG,0,1,17,elim,2026-03-08 16:30:00,0,Valorant Masters Santiago 2026,https://www.vlr.gg/626545/gentle-mates-vs-all-gamers-valorant-masters-santiago-2026-lr1
M8,Pearl,def,AG,1,0,18,elim,2026-03-08 16:30:00,0,Valorant Masters Santiago 2026,https://www.vlr.gg/626545/gentle-mates-vs-all-gamers-valorant-masters-santiago-2026-lr1
M8,Split,atk,AG,0,1,1,defus,2026-03-08 16:30:00,1,Valorant Masters Santiago 2026,https://www.vlr.gg/626545/gentle-mates-vs-all-gamers-valorant-masters-santiago-2026-lr1
M8,Split,atk,AG,0,1,2,elim,2026-03-08 16:30:00,1,Valorant Masters Santiago 2026,https://www.vlr.gg/626545/gentle-mates-vs-all-gamers-valorant-masters-santiago-2026-lr1
M8,Split,atk,AG,0,1,3,defus,2026-03-08 16:30:00,1,Valorant Masters Santiago 2026,https://www.vlr.gg/626545/gentle-mates-vs-all-gamers-valorant-masters-santiago-2026-lr1
M8,Split,atk,AG,0,1,4,defus,2026-03-08 16:30:00,1,Valorant Masters Santiago 2026,https://www.vlr.gg/626545/gentle-mates-vs-all-gamers-valorant-masters-santiago-2026-lr1
M8,Split,atk,AG,0,1,5,defus,2026-03-08 16:30:00,1,Valorant Masters Santiago 2026,https://www.vlr.gg/626545/gentle-mates-vs-all-gamers-valorant-masters-santiago-2026-lr1
M8,Split,atk,AG,1,0,6,elim,2026-03-08 16:30:00,1,Valorant Masters Santiago 2026,https://www.vlr.gg/626545/gentle-mates-vs-all-gamers-valorant-masters-santiago-2026-lr1
M8,Split,atk,AG,1,0,7,boom,2026-03-08 16:30:00,1,Valorant Masters Santiago 2026,https://www.vlr.gg/626545/gentle-mates-vs-all-gamers-valorant-masters-santiago-2026-lr1
M8,Split,atk,AG,0,1,8,defus,2026-03-08 16:30:00,1,Valorant Masters Santiago 2026,https://www.vlr.gg/626545/gentle-mates-vs-all-gamers-valorant-masters-santiago-2026-lr1
M8,Split,atk,AG,0,1,9,elim,2026-03-08 16:30:00,1,Valorant Masters Santiago 2026,https://www.vlr.gg/626545/gentle-mates-vs-all-gamers-valorant-masters-santiago-2026-lr1
M8,Split,atk,AG,0,1,10,defus,2026-03-08 16:30:00,1,Valorant Masters Santiago 2026,https://www.vlr.gg/626545/gentle-mates-vs-all-gamers-valorant-masters-santiago-2026-lr1
M8,Split,atk,AG,1,0,11,boom,2026-03-08 16:30:00,1,Valorant Masters Santiago 2026,https://www.vlr.gg/626545/gentle-mates-vs-all-gamers-valorant-masters-santiago-2026-lr1
M8,Split,atk,AG,1,0,12,elim,2026-03-08 16:30:00,1,Valorant Masters Santiago 2026,https://www.vlr.gg/626545/gentle-mates-vs-all-gamers-valorant-masters-santiago-2026-lr1
M8,Split,def,AG,0,1,13,elim,2026-03-08 16:30:00,1,Valorant Masters Santiago 2026,https://www.vlr.gg/626545/gentle-mates-vs-all-gamers-valorant-masters-santiago-2026-lr1
M8,Split,def,AG,0,1,14,elim,2026-03-08 16:30:00,1,Valorant Masters Santiago 2026,https://www.vlr.gg/626545/gentle-mates-vs-all-gamers-valorant-masters-santiago-2026-lr1
M8,Split,def,AG,0,1,15,elim,2026-03-08 16:30:00,1,Valorant Masters Santiago 2026,https://www.vlr.gg/626545/gentle-mates-vs-all-gamers-valorant-masters-santiago-2026-lr1
M8,Split,def,AG,0,1,16,elim,2026-03-08 16:30:00,1,Valorant Masters Santiago 2026,https://www.vlr.gg/626545/gentle-mates-vs-all-gamers-valorant-masters-santiago-2026-lr1
M8,Split,def,AG,0,1,17,elim,2026-03-08 16:30:00,1,Valorant Masters Santiago 2026,https://www.vlr.gg/626545/gentle-mates-vs-all-gamers-valorant-masters-santiago-2026-lr1
M8,Bind,atk,AG,0,1,1,elim,2026-03-08 16:30:00,2,Valorant Masters Santiago 2026,https://www.vlr.gg/626545/gentle-mates-vs-all-gamers-valorant-masters-santiago-2026-lr1
M8,Bind,atk,AG,0,1,2,elim,2026-03-08 16:30:00,2,Valorant Masters Santiago 2026,https://www.vlr.gg/626545/gentle-mates-vs-all-gamers-valorant-masters-santiago-2026-lr1
M8,Bind,atk,AG,1,0,3,boom,2026-03-08 16:30:00,2,Valorant Masters Santiago 2026,https://www.vlr.gg/626545/gentle-mates-vs-all-gamers-valorant-masters-santiago-2026-lr1
M8,Bind,atk,AG,1,0,4,elim,2026-03-08 16:30:00,2,Valorant Masters Santiago 2026,https://www.vlr.gg/626545/gentle-mates-vs-all-gamers-valorant-masters-santiago-2026-lr1
M8,Bind,atk,AG,1,0,5,boom,2026-03-08 16:30:00,2,Valorant Masters Santiago 2026,https://www.vlr.gg/626545/gentle-mates-vs-all-gamers-valorant-masters-santiago-2026-lr1
M8,Bind,atk,AG,1,0,6,boom,2026-03-08 16:30:00,2,Valorant Masters Santiago 2026,https://www.vlr.gg/626545/gentle-mates-vs-all-gamers-valorant-masters-santiago-2026-lr1
M8,Bind,atk,AG,1,0,7,elim,2026-03-08 16:30:00,2,Valorant Masters Santiago 2026,https://www.vlr.gg/626545/gentle-mates-vs-all-gamers-valorant-masters-santiago-2026-lr1
M8,Bind,atk,AG,1,0,8,elim,2026-03-08 16:30:00,2,Valorant Masters Santiago 2026,https://www.vlr.gg/626545/gentle-mates-vs-all-gamers-valorant-masters-santiago-2026-lr1
M8,Bind,atk,AG,1,0,9,elim,2026-03-08 16:30:00,2,Valorant Masters Santiago 2026,https://www.vlr.gg/626545/gentle-mates-vs-all-gamers-valorant-masters-santiago-2026-lr1
M8,Bind,atk,AG,1,0,10,boom,2026-03-08 16:30:00,2,Valorant Masters Santiago 2026,https://www.vlr.gg/626545/gentle-mates-vs-all-gamers-valorant-masters-santiago-2026-lr1
M8,Bind,atk,AG,0,1,11,defus,2026-03-08 16:30:00,2,Valorant Masters Santiago 2026,https://www.vlr.gg/626545/gentle-mates-vs-all-gamers-valorant-masters-santiago-2026-lr1
M8,Bind,atk,AG,0,1,12,elim,2026-03-08 16:30:00,2,Valorant Masters Santiago 2026,https://www.vlr.gg/626545/gentle-mates-vs-all-gamers-valorant-masters-santiago-2026-lr1
M8,Bind,def,AG,0,1,13,elim,2026-03-08 16:30:00,2,Valorant Masters Santiago 2026,https://www.vlr.gg/626545/gentle-mates-vs-all-gamers-valorant-masters-santiago-2026-lr1
M8,Bind,def,AG,0,1,14,elim,2026-03-08 16:30:00,2,Valorant Masters Santiago 2026,https://www.vlr.gg/626545/gentle-mates-vs-all-gamers-valorant-masters-santiago-2026-lr1
M8,Bind,def,AG,0,1,15,elim,2026-03-08 16:30:00,2,Valorant Masters Santiago 2026,https://www.vlr.gg/626545/gentle-mates-vs-all-gamers-valorant-masters-santiago-2026-lr1
M8,Bind,def,AG,0,1,16,elim,2026-03-08 16:30:00,2,Valorant Masters Santiago 2026,https://www.vlr.gg/626545/gentle-mates-vs-all-gamers-valorant-masters-santiago-2026-lr1
M8,Bind,def,AG,0,1,17,elim,2026-03-08 16:30:00,2,Valorant Masters Santiago 2026,https://www.vlr.gg/626545/gentle-mates-vs-all-gamers-valorant-masters-santiago-2026-lr1
M8,Bind,def,AG,0,1,18,elim,2026-03-08 16:30:00,2,Valorant Masters Santiago 2026,https://www.vlr.gg/626545/gentle-mates-vs-all-gamers-valorant-masters-santiago-2026-lr1
M8,Bind,def,AG,0,1,19,boom,2026-03-08 16:30:00,2,Valorant Masters Santiago 2026,https://www.vlr.gg/626545/gentle-mates-vs-all-gamers-valorant-masters-santiago-2026-lr1
M8,Bind,def,AG,0,1,20,elim,2026-03-08 16:30:00,2,Valorant Masters Santiago 2026,https://www.vlr.gg/626545/gentle-mates-vs-all-gamers-valorant-masters-santiago-2026-lr1
M8,Bind,def,AG,0,1,21,elim,2026-03-08 16:30:00,2,Valorant Masters Santiago 2026,https://www.vlr.gg/626545/gentle-mates-vs-all-gamers-valorant-masters-santiago-2026-lr1
NS,Corrode,atk,G2,1,0,1,elim,2026-03-09 14:00:00,0,Valorant Masters Santiago 2026,https://www.vlr.gg/626541/nongshim-redforce-vs-g2-esports-valorant-masters-santiago-2026-ubsf
NS,Corrode,atk,G2,1,0,2,elim,2026-03-09 14:00:00,0,Valorant Masters Santiago 2026,https://www.vlr.gg/626541/nongshim-redforce-vs-g2-esports-valorant-masters-santiago-2026-ubsf
NS,Corrode,atk,G2,0,1,3,defus,2026-03-09 14:00:00,0,Valorant Masters Santiago 2026,https://www.vlr.gg/626541/nongshim-redforce-vs-g2-esports-valorant-masters-santiago-2026-ubsf
NS,Corrode,atk,G2,1,0,4,boom,2026-03-09 14:00:00,0,Valorant Masters Santiago 2026,https://www.vlr.gg/626541/nongshim-redforce-vs-g2-esports-valorant-masters-santiago-2026-ubsf
NS,Corrode,atk,G2,1,0,5,elim,2026-03-09 14:00:00,0,Valorant Masters Santiago 2026,https://www.vlr.gg/626541/nongshim-redforce-vs-g2-esports-valorant-masters-santiago-2026-ubsf
NS,Corrode,atk,G2,1,0,6,elim,2026-03-09 14:00:00,0,Valorant Masters Santiago 2026,https://www.vlr.gg/626541/nongshim-redforce-vs-g2-esports-valorant-masters-santiago-2026-ubsf
NS,Corrode,atk,G2,1,0,7,elim,2026-03-09 14:00:00,0,Valorant Masters Santiago 2026,https://www.vlr.gg/626541/nongshim-redforce-vs-g2-esports-valorant-masters-santiago-2026-ubsf
NS,Corrode,atk,G2,1,0,8,elim,2026-03-09 14:00:00,0,Valorant Masters Santiago 2026,https://www.vlr.gg/626541/nongshim-redforce-vs-g2-esports-valorant-masters-santiago-2026-ubsf
NS,Corrode,atk,G2,0,1,9,elim,2026-03-09 14:00:00,0,Valorant Masters Santiago 2026,https://www.vlr.gg/626541/nongshim-redforce-vs-g2-esports-valorant-masters-santiago-2026-ubsf
NS,Corrode,atk,G2,1,0,10,elim,2026-03-09 14:00:00,0,Valorant Masters Santiago 2026,https://www.vlr.gg/626541/nongshim-redforce-vs-g2-esports-valorant-masters-santiago-2026-ubsf
NS,Corrode,atk,G2,1,0,11,elim,2026-03-09 14:00:00,0,Valorant Masters Santiago 2026,https://www.vlr.gg/626541/nongshim-redforce-vs-g2-esports-valorant-masters-santiago-2026-ubsf
NS,Corrode,atk,G2,1,0,12,elim,2026-03-09 14:00:00,0,Valorant Masters Santiago 2026,https://www.vlr.gg/626541/nongshim-redforce-vs-g2-esports-valorant-masters-santiago-2026-ubsf
NS,Corrode,def,G2,1,0,13,elim,2026-03-09 14:00:00,0,Valorant Masters Santiago 2026,https://www.vlr.gg/626541/nongshim-redforce-vs-g2-esports-valorant-masters-santiago-2026-ubsf
NS,Corrode,def,G2,0,1,14,elim,2026-03-09 14:00:00,0,Valorant Masters Santiago 2026,https://www.vlr.gg/626541/nongshim-redforce-vs-g2-esports-valorant-masters-santiago-2026-ubsf
NS,Corrode,def,G2,0,1,15,boom,2026-03-09 14:00:00,0,Valorant Masters Santiago 2026,https://www.vlr.gg/626541/nongshim-redforce-vs-g2-esports-valorant-masters-santiago-2026-ubsf
NS,Corrode,def,G2,1,0,16,elim,2026-03-09 14:00:00,0,Valorant Masters Santiago 2026,https://www.vlr.gg/626541/nongshim-redforce-vs-g2-esports-valorant-masters-santiago-2026-ubsf
NS,Corrode,def,G2,0,1,17,elim,2026-03-09 14:00:00,0,Valorant Masters Santiago 2026,https://www.vlr.gg/626541/nongshim-redforce-vs-g2-esports-valorant-masters-santiago-2026-ubsf
NS,Corrode,def,G2,0,1,18,elim,2026-03-09 14:00:00,0,Valorant Masters Santiago 2026,https://www.vlr.gg/626541/nongshim-redforce-vs-g2-esports-valorant-masters-santiago-2026-ubsf
NS,Corrode,def,G2,0,1,19,elim,2026-03-09 14:00:00,0,Valorant Masters Santiago 2026,https://www.vlr.gg/626541/nongshim-redforce-vs-g2-esports-valorant-masters-santiago-2026-ubsf
NS,Corrode,def,G2,1,0,20,elim,2026-03-09 14:00:00,0,Valorant Masters Santiago 2026,https://www.vlr.gg/626541/nongshim-redforce-vs-g2-esports-valorant-masters-santiago-2026-ubsf
NS,Split,atk,G2,1,0,13,elim,2026-03-09 14:00:00,1,Valorant Masters Santiago 2026,https://www.vlr.gg/626541/nongshim-redforce-vs-g2-esports-valorant-masters-santiago-2026-ubsf
NS,Split,atk,G2,0,1,14,defus,2026-03-09 14:00:00,1,Valorant Masters Santiago 2026,https://www.vlr.gg/626541/nongshim-redforce-vs-g2-esports-valorant-masters-santiago-2026-ubsf
NS,Split,atk,G2,0,1,15,elim,2026-03-09 14:00:00,1,Valorant Masters Santiago 2026,https://www.vlr.gg/626541/nongshim-redforce-vs-g2-esports-valorant-masters-santiago-2026-ubsf
NS,Split,atk,G2,0,1,16,defus,2026-03-09 14:00:00,1,Valorant Masters Santiago 2026,https://www.vlr.gg/626541/nongshim-redforce-vs-g2-esports-valorant-masters-santiago-2026-ubsf
NS,Split,atk,G2,0,1,17,elim,2026-03-09 14:00:00,1,Valorant Masters Santiago 2026,https://www.vlr.gg/626541/nongshim-redforce-vs-g2-esports-valorant-masters-santiago-2026-ubsf
NS,Split,atk,G2,1,0,18,elim,2026-03-09 14:00:00,1,Valorant Masters Santiago 2026,https://www.vlr.gg/626541/nongshim-redforce-vs-g2-esports-valorant-masters-santiago-2026-ubsf
NS,Split,atk,G2,0,1,19,elim,2026-03-09 14:00:00,1,Valorant Masters Santiago 2026,https://www.vlr.gg/626541/nongshim-redforce-vs-g2-esports-valorant-masters-santiago-2026-ubsf
NS,Split,atk,G2,0,1,20,defus,2026-03-09 14:00:00,1,Valorant Masters Santiago 2026,https://www.vlr.gg/626541/nongshim-redforce-vs-g2-esports-valorant-masters-santiago-2026-ubsf
NS,Split,atk,G2,0,1,21,defus,2026-03-09 14:00:00,1,Valorant Masters Santiago 2026,https://www.vlr.gg/626541/nongshim-redforce-vs-g2-esports-valorant-masters-santiago-2026-ubsf
NS,Split,atk,G2,1,0,22,elim,2026-03-09 14:00:00,1,Valorant Masters Santiago 2026,https://www.vlr.gg/626541/nongshim-redforce-vs-g2-esports-valorant-masters-santiago-2026-ubsf
NS,Split,atk,G2,0,1,23,elim,2026-03-09 14:00:00,1,Valorant Masters Santiago 2026,https://www.vlr.gg/626541/nongshim-redforce-vs-g2-esports-valorant-masters-santiago-2026-ubsf
NS,Split,atk,G2,1,0,24,elim,2026-03-09 14:00:00,1,Valorant Masters Santiago 2026,https://www.vlr.gg/626541/nongshim-redforce-vs-g2-esports-valorant-masters-santiago-2026-ubsf
NS,Split,atk,G2,1,0,26,elim,2026-03-09 14:00:00,1,Valorant Masters Santiago 2026,https://www.vlr.gg/626541/nongshim-redforce-vs-g2-esports-valorant-masters-santiago-2026-ubsf
NS,Split,def,G2,0,1,1,elim,2026-03-09 14:00:00,1,Valorant Masters Santiago 2026,https://www.vlr.gg/626541/nongshim-redforce-vs-g2-esports-valorant-masters-santiago-2026-ubsf
NS,Split,def,G2,0,1,2,elim,2026-03-09 14:00:00,1,Valorant Masters Santiago 2026,https://www.vlr.gg/626541/nongshim-redforce-vs-g2-esports-valorant-masters-santiago-2026-ubsf
NS,Split,def,G2,1,0,3,elim,2026-03-09 14:00:00,1,Valorant Masters Santiago 2026,https://www.vlr.gg/626541/nongshim-redforce-vs-g2-esports-valorant-masters-santiago-2026-ubsf
NS,Split,def,G2,0,1,4,elim,2026-03-09 14:00:00,1,Valorant Masters Santiago 2026,https://www.vlr.gg/626541/nongshim-redforce-vs-g2-esports-valorant-masters-santiago-2026-ubsf
NS,Split,def,G2,0,1,5,elim,2026-03-09 14:00:00,1,Valorant Masters Santiago 2026,https://www.vlr.gg/626541/nongshim-redforce-vs-g2-esports-valorant-masters-santiago-2026-ubsf
NS,Split,def,G2,1,0,6,elim,2026-03-09 14:00:00,1,Valorant Masters Santiago 2026,https://www.vlr.gg/626541/nongshim-redforce-vs-g2-esports-valorant-masters-santiago-2026-ubsf
NS,Split,def,G2,1,0,7,elim,2026-03-09 14:00:00,1,Valorant Masters Santiago 2026,https://www.vlr.gg/626541/nongshim-redforce-vs-g2-esports-valorant-masters-santiago-2026-ubsf
NS,Split,def,G2,1,0,8,defus,2026-03-09 14:00:00,1,Valorant Masters Santiago 2026,https://www.vlr.gg/626541/nongshim-redforce-vs-g2-esports-valorant-masters-santiago-2026-ubsf
NS,Split,def,G2,1,0,9,elim,2026-03-09 14:00:00,1,Valorant Masters Santiago 2026,https://www.vlr.gg/626541/nongshim-redforce-vs-g2-esports-valorant-masters-santiago-2026-ubsf
NS,Split,def,G2,1,0,10,defus,2026-03-09 14:00:00,1,Valorant Masters Santiago 2026,https://www.vlr.gg/626541/nongshim-redforce-vs-g2-esports-valorant-masters-santiago-2026-ubsf
NS,Split,def,G2,1,0,11,elim,2026-03-09 14:00:00,1,Valorant Masters Santiago 2026,https://www.vlr.gg/626541/nongshim-redforce-vs-g2-esports-valorant-masters-santiago-2026-ubsf
NS,Split,def,G2,1,0,12,defus,2026-03-09 14:00:00,1,Valorant Masters Santiago 2026,https://www.vlr.gg/626541/nongshim-redforce-vs-g2-esports-valorant-masters-santiago-2026-ubsf
NS,Split,def,G2,1,0,25,elim,2026-03-09 14:00:00,1,Valorant Masters Santiago 2026,https://www.vlr.gg/626541/nongshim-redforce-vs-g2-esports-valorant-masters-santiago-2026-ubsf
NS,Abyss,atk,G2,0,1,13,elim,2026-03-09 14:00:00,2,Valorant Masters Santiago 2026,https://www.vlr.gg/626541/nongshim-redforce-vs-g2-esports-valorant-masters-santiago-2026-ubsf
NS,Abyss,atk,G2,0,1,14,defus,2026-03-09 14:00:00,2,Valorant Masters Santiago 2026,https://www.vlr.gg/626541/nongshim-redforce-vs-g2-esports-valorant-masters-santiago-2026-ubsf
NS,Abyss,atk,G2,0,1,15,defus,2026-03-09 14:00:00,2,Valorant Masters Santiago 2026,https://www.vlr.gg/626541/nongshim-redforce-vs-g2-esports-valorant-masters-santiago-2026-ubsf
NS,Abyss,atk,G2,0,1,16,defus,2026-03-09 14:00:00,2,Valorant Masters Santiago 2026,https://www.vlr.gg/626541/nongshim-redforce-vs-g2-esports-valorant-masters-santiago-2026-ubsf
NS,Abyss,atk,G2,1,0,17,elim,2026-03-09 14:00:00,2,Valorant Masters Santiago 2026,https://www.vlr.gg/626541/nongshim-redforce-vs-g2-esports-valorant-masters-santiago-2026-ubsf
NS,Abyss,atk,G2,1,0,18,elim,2026-03-09 14:00:00,2,Valorant Masters Santiago 2026,https://www.vlr.gg/626541/nongshim-redforce-vs-g2-esports-valorant-masters-santiago-2026-ubsf
NS,Abyss,atk,G2,0,1,19,defus,2026-03-09 14:00:00,2,Valorant Masters Santiago 2026,https://www.vlr.gg/626541/nongshim-redforce-vs-g2-esports-valorant-masters-santiago-2026-ubsf
NS,Abyss,atk,G2,0,1,20,defus,2026-03-09 14:00:00,2,Valorant Masters Santiago 2026,https://www.vlr.gg/626541/nongshim-redforce-vs-g2-esports-valorant-masters-santiago-2026-ubsf
NS,Abyss,def,G2,0,1,1,elim,2026-03-09 14:00:00,2,Valorant Masters Santiago 2026,https://www.vlr.gg/626541/nongshim-redforce-vs-g2-esports-valorant-masters-santiago-2026-ubsf
NS,Abyss,def,G2,0,1,2,elim,2026-03-09 14:00:00,2,Valorant Masters Santiago 2026,https://www.vlr.gg/626541/nongshim-redforce-vs-g2-esports-valorant-masters-santiago-2026-ubsf
NS,Abyss,def,G2,1,0,3,defus,2026-03-09 14:00:00,2,Valorant Masters Santiago 2026,https://www.vlr.gg/626541/nongshim-redforce-vs-g2-esports-valorant-masters-santiago-2026-ubsf
NS,Abyss,def,G2,1,0,4,elim,2026-03-09 14:00:00,2,Valorant Masters Santiago 2026,https://www.vlr.gg/626541/nongshim-redforce-vs-g2-esports-valorant-masters-santiago-2026-ubsf
NS,Abyss,def,G2,0,1,5,elim,2026-03-09 14:00:00,2,Valorant Masters Santiago 2026,https://www.vlr.gg/626541/nongshim-redforce-vs-g2-esports-valorant-masters-santiago-2026-ubsf
NS,Abyss,def,G2,0,1,6,boom,2026-03-09 14:00:00,2,Valorant Masters Santiago 2026,https://www.vlr.gg/626541/nongshim-redforce-vs-g2-esports-valorant-masters-santiago-2026-ubsf
NS,Abyss,def,G2,0,1,7,boom,2026-03-09 14:00:00,2,Valorant Masters Santiago 2026,https://www.vlr.gg/626541/nongshim-redforce-vs-g2-esports-valorant-masters-santiago-2026-ubsf
NS,Abyss,def,G2,0,1,8,elim,2026-03-09 14:00:00,2,Valorant Masters Santiago 2026,https://www.vlr.gg/626541/nongshim-redforce-vs-g2-esports-valorant-masters-santiago-2026-ubsf
NS,Abyss,def,G2,1,0,9,defus,2026-03-09 14:00:00,2,Valorant Masters Santiago 2026,https://www.vlr.gg/626541/nongshim-redforce-vs-g2-esports-valorant-masters-santiago-2026-ubsf
NS,Abyss,def,G2,1,0,10,tim,2026-03-09 14:00:00,2,Valorant Masters Santiago 2026,https://www.vlr.gg/626541/nongshim-redforce-vs-g2-esports-valorant-masters-santiago-2026-ubsf
NS,Abyss,def,G2,0,1,11,elim,2026-03-09 14:00:00,2,Valorant Masters Santiago 2026,https://www.vlr.gg/626541/nongshim-redforce-vs-g2-esports-valorant-masters-santiago-2026-ubsf
NS,Abyss,def,G2,1,0,12,defus,2026-03-09 14:00:00,2,Valorant Masters Santiago 2026,https://www.vlr.gg/626541/nongshim-redforce-vs-g2-esports-valorant-masters-santiago-2026-ubsf
PRX,Pearl,atk,NRG,1,0,13,elim,2026-03-09 17:20:00,0,Valorant Masters Santiago 2026,https://www.vlr.gg/626542/paper-rex-vs-nrg-valorant-masters-santiago-2026-ubsf
PRX,Pearl,atk,NRG,1,0,14,elim,2026-03-09 17:20:00,0,Valorant Masters Santiago 2026,https://www.vlr.gg/626542/paper-rex-vs-nrg-valorant-masters-santiago-2026-ubsf
PRX,Pearl,atk,NRG,0,1,15,elim,2026-03-09 17:20:00,0,Valorant Masters Santiago 2026,https://www.vlr.gg/626542/paper-rex-vs-nrg-valorant-masters-santiago-2026-ubsf
PRX,Pearl,atk,NRG,1,0,16,elim,2026-03-09 17:20:00,0,Valorant Masters Santiago 2026,https://www.vlr.gg/626542/paper-rex-vs-nrg-valorant-masters-santiago-2026-ubsf
PRX,Pearl,atk,NRG,1,0,17,elim,2026-03-09 17:20:00,0,Valorant Masters Santiago 2026,https://www.vlr.gg/626542/paper-rex-vs-nrg-valorant-masters-santiago-2026-ubsf
PRX,Pearl,atk,NRG,0,1,18,defus,2026-03-09 17:20:00,0,Valorant Masters Santiago 2026,https://www.vlr.gg/626542/paper-rex-vs-nrg-valorant-masters-santiago-2026-ubsf
PRX,Pearl,atk,NRG,0,1,19,elim,2026-03-09 17:20:00,0,Valorant Masters Santiago 2026,https://www.vlr.gg/626542/paper-rex-vs-nrg-valorant-masters-santiago-2026-ubsf
PRX,Pearl,atk,NRG,0,1,20,defus,2026-03-09 17:20:00,0,Valorant Masters Santiago 2026,https://www.vlr.gg/626542/paper-rex-vs-nrg-valorant-masters-santiago-2026-ubsf
PRX,Pearl,atk,NRG,0,1,21,tim,2026-03-09 17:20:00,0,Valorant Masters Santiago 2026,https://www.vlr.gg/626542/paper-rex-vs-nrg-valorant-masters-santiago-2026-ubsf
PRX,Pearl,atk,NRG,1,0,22,elim,2026-03-09 17:20:00,0,Valorant Masters Santiago 2026,https://www.vlr.gg/626542/paper-rex-vs-nrg-valorant-masters-santiago-2026-ubsf
PRX,Pearl,atk,NRG,1,0,23,elim,2026-03-09 17:20:00,0,Valorant Masters Santiago 2026,https://www.vlr.gg/626542/paper-rex-vs-nrg-valorant-masters-santiago-2026-ubsf
PRX,Pearl,atk,NRG,1,0,24,elim,2026-03-09 17:20:00,0,Valorant Masters Santiago 2026,https://www.vlr.gg/626542/paper-rex-vs-nrg-valorant-masters-santiago-2026-ubsf
PRX,Pearl,atk,NRG,0,1,26,defus,2026-03-09 17:20:00,0,Valorant Masters Santiago 2026,https://www.vlr.gg/626542/paper-rex-vs-nrg-valorant-masters-santiago-2026-ubsf
PRX,Pearl,def,NRG,0,1,1,elim,2026-03-09 17:20:00,0,Valorant Masters Santiago 2026,https://www.vlr.gg/626542/paper-rex-vs-nrg-valorant-masters-santiago-2026-ubsf
PRX,Pearl,def,NRG,0,1,2,elim,2026-03-09 17:20:00,0,Valorant Masters Santiago 2026,https://www.vlr.gg/626542/paper-rex-vs-nrg-valorant-masters-santiago-2026-ubsf
PRX,Pearl,def,NRG,1,0,3,elim,2026-03-09 17:20:00,0,Valorant Masters Santiago 2026,https://www.vlr.gg/626542/paper-rex-vs-nrg-valorant-masters-santiago-2026-ubsf
PRX,Pearl,def,NRG,1,0,4,elim,2026-03-09 17:20:00,0,Valorant Masters Santiago 2026,https://www.vlr.gg/626542/paper-rex-vs-nrg-valorant-masters-santiago-2026-ubsf
PRX,Pearl,def,NRG,1,0,5,elim,2026-03-09 17:20:00,0,Valorant Masters Santiago 2026,https://www.vlr.gg/626542/paper-rex-vs-nrg-valorant-masters-santiago-2026-ubsf
PRX,Pearl,def,NRG,0,1,6,elim,2026-03-09 17:20:00,0,Valorant Masters Santiago 2026,https://www.vlr.gg/626542/paper-rex-vs-nrg-valorant-masters-santiago-2026-ubsf
PRX,Pearl,def,NRG,0,1,7,elim,2026-03-09 17:20:00,0,Valorant Masters Santiago 2026,https://www.vlr.gg/626542/paper-rex-vs-nrg-valorant-masters-santiago-2026-ubsf
PRX,Pearl,def,NRG,0,1,8,boom,2026-03-09 17:20:00,0,Valorant Masters Santiago 2026,https://www.vlr.gg/626542/paper-rex-vs-nrg-valorant-masters-santiago-2026-ubsf
PRX,Pearl,def,NRG,0,1,9,elim,2026-03-09 17:20:00,0,Valorant Masters Santiago 2026,https://www.vlr.gg/626542/paper-rex-vs-nrg-valorant-masters-santiago-2026-ubsf
PRX,Pearl,def,NRG,1,0,10,elim,2026-03-09 17:20:00,0,Valorant Masters Santiago 2026,https://www.vlr.gg/626542/paper-rex-vs-nrg-valorant-masters-santiago-2026-ubsf
PRX,Pearl,def,NRG,1,0,11,defus,2026-03-09 17:20:00,0,Valorant Masters Santiago 2026,https://www.vlr.gg/626542/paper-rex-vs-nrg-valorant-masters-santiago-2026-ubsf
PRX,Pearl,def,NRG,0,1,12,elim,2026-03-09 17:20:00,0,Valorant Masters Santiago 2026,https://www.vlr.gg/626542/paper-rex-vs-nrg-valorant-masters-santiago-2026-ubsf
PRX,Pearl,def,NRG,0,1,25,elim,2026-03-09 17:20:00,0,Valorant Masters Santiago 2026,https://www.vlr.gg/626542/paper-rex-vs-nrg-valorant-masters-santiago-2026-ubsf
PRX,Bind,atk,NRG,0,1,13,defus,2026-03-09 17:20:00,1,Valorant Masters Santiago 2026,https://www.vlr.gg/626542/paper-rex-vs-nrg-valorant-masters-santiago-2026-ubsf
PRX,Bind,atk,NRG,1,0,14,elim,2026-03-09 17:20:00,1,Valorant Masters Santiago 2026,https://www.vlr.gg/626542/paper-rex-vs-nrg-valorant-masters-santiago-2026-ubsf
PRX,Bind,atk,NRG,1,0,15,elim,2026-03-09 17:20:00,1,Valorant Masters Santiago 2026,https://www.vlr.gg/626542/paper-rex-vs-nrg-valorant-masters-santiago-2026-ubsf
PRX,Bind,atk,NRG,1,0,16,boom,2026-03-09 17:20:00,1,Valorant Masters Santiago 2026,https://www.vlr.gg/626542/paper-rex-vs-nrg-valorant-masters-santiago-2026-ubsf
PRX,Bind,atk,NRG,1,0,17,elim,2026-03-09 17:20:00,1,Valorant Masters Santiago 2026,https://www.vlr.gg/626542/paper-rex-vs-nrg-valorant-masters-santiago-2026-ubsf
PRX,Bind,atk,NRG,0,1,18,defus,2026-03-09 17:20:00,1,Valorant Masters Santiago 2026,https://www.vlr.gg/626542/paper-rex-vs-nrg-valorant-masters-santiago-2026-ubsf
PRX,Bind,atk,NRG,0,1,19,defus,2026-03-09 17:20:00,1,Valorant Masters Santiago 2026,https://www.vlr.gg/626542/paper-rex-vs-nrg-valorant-masters-santiago-2026-ubsf
PRX,Bind,atk,NRG,1,0,20,elim,2026-03-09 17:20:00,1,Valorant Masters Santiago 2026,https://www.vlr.gg/626542/paper-rex-vs-nrg-valorant-masters-santiago-2026-ubsf
PRX,Bind,atk,NRG,1,0,21,elim,2026-03-09 17:20:00,1,Valorant Masters Santiago 2026,https://www.vlr.gg/626542/paper-rex-vs-nrg-valorant-masters-santiago-2026-ubsf
PRX,Bind,atk,NRG,1,0,22,elim,2026-03-09 17:20:00,1,Valorant Masters Santiago 2026,https://www.vlr.gg/626542/paper-rex-vs-nrg-valorant-masters-santiago-2026-ubsf
PRX,Bind,atk,NRG,0,1,23,tim,2026-03-09 17:20:00,1,Valorant Masters Santiago 2026,https://www.vlr.gg/626542/paper-rex-vs-nrg-valorant-masters-santiago-2026-ubsf
PRX,Bind,atk,NRG,0,1,24,defus,2026-03-09 17:20:00,1,Valorant Masters Santiago 2026,https://www.vlr.gg/626542/paper-rex-vs-nrg-valorant-masters-santiago-2026-ubsf
PRX,Bind,def,NRG,1,0,1,defus,2026-03-09 17:20:00,1,Valorant Masters Santiago 2026,https://www.vlr.gg/626542/paper-rex-vs-nrg-valorant-masters-santiago-2026-ubsf
PRX,Bind,def,NRG,1,0,2,defus,2026-03-09 17:20:00,1,Valorant Masters Santiago 2026,https://www.vlr.gg/626542/paper-rex-vs-nrg-valorant-masters-santiago-2026-ubsf
PRX,Bind,def,NRG,0,1,3,boom,2026-03-09 17:20:00,1,Valorant Masters Santiago 2026,https://www.vlr.gg/626542/paper-rex-vs-nrg-valorant-masters-santiago-2026-ubsf
PRX,Bind,def,NRG,0,1,4,boom,2026-03-09 17:20:00,1,Valorant Masters Santiago 2026,https://www.vlr.gg/626542/paper-rex-vs-nrg-valorant-masters-santiago-2026-ubsf
PRX,Bind,def,NRG,1,0,5,tim,2026-03-09 17:20:00,1,Valorant Masters Santiago 2026,https://www.vlr.gg/626542/paper-rex-vs-nrg-valorant-masters-santiago-2026-ubsf
PRX,Bind,def,NRG,0,1,6,boom,2026-03-09 17:20:00,1,Valorant Masters Santiago 2026,https://www.vlr.gg/626542/paper-rex-vs-nrg-valorant-masters-santiago-2026-ubsf
PRX,Bind,def,NRG,0,1,7,elim,2026-03-09 17:20:00,1,Valorant Masters Santiago 2026,https://www.vlr.gg/626542/paper-rex-vs-nrg-valorant-masters-santiago-2026-ubsf
PRX,Bind,def,NRG,0,1,8,elim,2026-03-09 17:20:00,1,Valorant Masters Santiago 2026,https://www.vlr.gg/626542/paper-rex-vs-nrg-valorant-masters-santiago-2026-ubsf
PRX,Bind,def,NRG,0,1,9,boom,2026-03-09 17:20:00,1,Valorant Masters Santiago 2026,https://www.vlr.gg/626542/paper-rex-vs-nrg-valorant-masters-santiago-2026-ubsf
PRX,Bind,def,NRG,1,0,10,elim,2026-03-09 17:20:00,1,Valorant Masters Santiago 2026,https://www.vlr.gg/626542/paper-rex-vs-nrg-valorant-masters-santiago-2026-ubsf
PRX,Bind,def,NRG,0,1,11,boom,2026-03-09 17:20:00,1,Valorant Masters Santiago 2026,https://www.vlr.gg/626542/paper-rex-vs-nrg-valorant-masters-santiago-2026-ubsf
PRX,Bind,def,NRG,0,1,12,elim,2026-03-09 17:20:00,1,Valorant Masters Santiago 2026,https://www.vlr.gg/626542/paper-rex-vs-nrg-valorant-masters-santiago-2026-ubsf
G2,Haven,atk,BBL,1,0,1,elim,2026-03-10 14:00:00,0,Valorant Masters Santiago 2026,https://www.vlr.gg/626548/g2-esports-vs-bbl-esports-valorant-masters-santiago-2026-lr2
G2,Haven,atk,BBL,1,0,2,boom,2026-03-10 14:00:00,0,Valorant Masters Santiago 2026,https://www.vlr.gg/626548/g2-esports-vs-bbl-esports-valorant-masters-santiago-2026-lr2
G2,Haven,atk,BBL,1,0,3,elim,2026-03-10 14:00:00,0,Valorant Masters Santiago 2026,https://www.vlr.gg/626548/g2-esports-vs-bbl-esports-valorant-masters-santiago-2026-lr2
G2,Haven,atk,BBL,1,0,4,elim,2026-03-10 14:00:00,0,Valorant Masters Santiago 2026,https://www.vlr.gg/626548/g2-esports-vs-bbl-esports-valorant-masters-santiago-2026-lr2
G2,Haven,atk,BBL,1,0,5,boom,2026-03-10 14:00:00,0,Valorant Masters Santiago 2026,https://www.vlr.gg/626548/g2-esports-vs-bbl-esports-valorant-masters-santiago-2026-lr2
G2,Haven,atk,BBL,1,0,6,elim,2026-03-10 14:00:00,0,Valorant Masters Santiago 2026,https://www.vlr.gg/626548/g2-esports-vs-bbl-esports-valorant-masters-santiago-2026-lr2
G2,Haven,atk,BBL,1,0,7,elim,2026-03-10 14:00:00,0,Valorant Masters Santiago 2026,https://www.vlr.gg/626548/g2-esports-vs-bbl-esports-valorant-masters-santiago-2026-lr2
G2,Haven,atk,BBL,1,0,8,elim,2026-03-10 14:00:00,0,Valorant Masters Santiago 2026,https://www.vlr.gg/626548/g2-esports-vs-bbl-esports-valorant-masters-santiago-2026-lr2
G2,Haven,atk,BBL,1,0,9,elim,2026-03-10 14:00:00,0,Valorant Masters Santiago 2026,https://www.vlr.gg/626548/g2-esports-vs-bbl-esports-valorant-masters-santiago-2026-lr2
G2,Haven,atk,BBL,1,0,10,elim,2026-03-10 14:00:00,0,Valorant Masters Santiago 2026,https://www.vlr.gg/626548/g2-esports-vs-bbl-esports-valorant-masters-santiago-2026-lr2
G2,Haven,atk,BBL,0,1,11,elim,2026-03-10 14:00:00,0,Valorant Masters Santiago 2026,https://www.vlr.gg/626548/g2-esports-vs-bbl-esports-valorant-masters-santiago-2026-lr2
G2,Haven,atk,BBL,1,0,12,elim,2026-03-10 14:00:00,0,Valorant Masters Santiago 2026,https://www.vlr.gg/626548/g2-esports-vs-bbl-esports-valorant-masters-santiago-2026-lr2
G2,Haven,def,BBL,1,0,13,defus,2026-03-10 14:00:00,0,Valorant Masters Santiago 2026,https://www.vlr.gg/626548/g2-esports-vs-bbl-esports-valorant-masters-santiago-2026-lr2
G2,Haven,def,BBL,0,1,14,elim,2026-03-10 14:00:00,0,Valorant Masters Santiago 2026,https://www.vlr.gg/626548/g2-esports-vs-bbl-esports-valorant-masters-santiago-2026-lr2
G2,Haven,def,BBL,0,1,15,elim,2026-03-10 14:00:00,0,Valorant Masters Santiago 2026,https://www.vlr.gg/626548/g2-esports-vs-bbl-esports-valorant-masters-santiago-2026-lr2
G2,Haven,def,BBL,0,1,16,elim,2026-03-10 14:00:00,0,Valorant Masters Santiago 2026,https://www.vlr.gg/626548/g2-esports-vs-bbl-esports-valorant-masters-santiago-2026-lr2
G2,Haven,def,BBL,0,1,17,elim,2026-03-10 14:00:00,0,Valorant Masters Santiago 2026,https://www.vlr.gg/626548/g2-esports-vs-bbl-esports-valorant-masters-santiago-2026-lr2
G2,Haven,def,BBL,1,0,18,defus,2026-03-10 14:00:00,0,Valorant Masters Santiago 2026,https://www.vlr.gg/626548/g2-esports-vs-bbl-esports-valorant-masters-santiago-2026-lr2
G2,Breeze,atk,BBL,1,0,1,elim,2026-03-10 14:00:00,1,Valorant Masters Santiago 2026,https://www.vlr.gg/626548/g2-esports-vs-bbl-esports-valorant-masters-santiago-2026-lr2
G2,Breeze,atk,BBL,1,0,2,elim,2026-03-10 14:00:00,1,Valorant Masters Santiago 2026,https://www.vlr.gg/626548/g2-esports-vs-bbl-esports-valorant-masters-santiago-2026-lr2
G2,Breeze,atk,BBL,0,1,3,elim,2026-03-10 14:00:00,1,Valorant Masters Santiago 2026,https://www.vlr.gg/626548/g2-esports-vs-bbl-esports-valorant-masters-santiago-2026-lr2
G2,Breeze,atk,BBL,1,0,4,boom,2026-03-10 14:00:00,1,Valorant Masters Santiago 2026,https://www.vlr.gg/626548/g2-esports-vs-bbl-esports-valorant-masters-santiago-2026-lr2
G2,Breeze,atk,BBL,0,1,5,elim,2026-03-10 14:00:00,1,Valorant Masters Santiago 2026,https://www.vlr.gg/626548/g2-esports-vs-bbl-esports-valorant-masters-santiago-2026-lr2
G2,Breeze,atk,BBL,0,1,6,elim,2026-03-10 14:00:00,1,Valorant Masters Santiago 2026,https://www.vlr.gg/626548/g2-esports-vs-bbl-esports-valorant-masters-santiago-2026-lr2
G2,Breeze,atk,BBL,0,1,7,elim,2026-03-10 14:00:00,1,Valorant Masters Santiago 2026,https://www.vlr.gg/626548/g2-esports-vs-bbl-esports-valorant-masters-santiago-2026-lr2
G2,Breeze,atk,BBL,0,1,8,elim,2026-03-10 14:00:00,1,Valorant Masters Santiago 2026,https://www.vlr.gg/626548/g2-esports-vs-bbl-esports-valorant-masters-santiago-2026-lr2
G2,Breeze,atk,BBL,1,0,9,elim,2026-03-10 14:00:00,1,Valorant Masters Santiago 2026,https://www.vlr.gg/626548/g2-esports-vs-bbl-esports-valorant-masters-santiago-2026-lr2
G2,Breeze,atk,BBL,1,0,10,elim,2026-03-10 14:00:00,1,Valorant Masters Santiago 2026,https://www.vlr.gg/626548/g2-esports-vs-bbl-esports-valorant-masters-santiago-2026-lr2
G2,Breeze,atk,BBL,1,0,11,elim,2026-03-10 14:00:00,1,Valorant Masters Santiago 2026,https://www.vlr.gg/626548/g2-esports-vs-bbl-esports-valorant-masters-santiago-2026-lr2
G2,Breeze,atk,BBL,0,1,12,elim,2026-03-10 14:00:00,1,Valorant Masters Santiago 2026,https://www.vlr.gg/626548/g2-esports-vs-bbl-esports-valorant-masters-santiago-2026-lr2
G2,Breeze,def,BBL,1,0,13,defus,2026-03-10 14:00:00,1,Valorant Masters Santiago 2026,https://www.vlr.gg/626548/g2-esports-vs-bbl-esports-valorant-masters-santiago-2026-lr2
G2,Breeze,def,BBL,1,0,14,elim,2026-03-10 14:00:00,1,Valorant Masters Santiago 2026,https://www.vlr.gg/626548/g2-esports-vs-bbl-esports-valorant-masters-santiago-2026-lr2
G2,Breeze,def,BBL,0,1,15,elim,2026-03-10 14:00:00,1,Valorant Masters Santiago 2026,https://www.vlr.gg/626548/g2-esports-vs-bbl-esports-valorant-masters-santiago-2026-lr2
G2,Breeze,def,BBL,0,1,16,elim,2026-03-10 14:00:00,1,Valorant Masters Santiago 2026,https://www.vlr.gg/626548/g2-esports-vs-bbl-esports-valorant-masters-santiago-2026-lr2
G2,Breeze,def,BBL,1,0,17,defus,2026-03-10 14:00:00,1,Valorant Masters Santiago 2026,https://www.vlr.gg/626548/g2-esports-vs-bbl-esports-valorant-masters-santiago-2026-lr2
G2,Breeze,def,BBL,1,0,18,defus,2026-03-10 14:00:00,1,Valorant Masters Santiago 2026,https://www.vlr.gg/626548/g2-esports-vs-bbl-esports-valorant-masters-santiago-2026-lr2
G2,Breeze,def,BBL,1,0,19,elim,2026-03-10 14:00:00,1,Valorant Masters Santiago 2026,https://www.vlr.gg/626548/g2-esports-vs-bbl-esports-valorant-masters-santiago-2026-lr2
G2,Breeze,def,BBL,1,0,20,defus,2026-03-10 14:00:00,1,Valorant Masters Santiago 2026,https://www.vlr.gg/626548/g2-esports-vs-bbl-esports-valorant-masters-santiago-2026-lr2
G2,Breeze,def,BBL,1,0,21,defus,2026-03-10 14:00:00,1,Valorant Masters Santiago 2026,https://www.vlr.gg/626548/g2-esports-vs-bbl-esports-valorant-masters-santiago-2026-lr2
PRX,Corrode,atk,AG,1,0,13,elim,2026-03-10 16:10:00,0,Valorant Masters Santiago 2026,https://www.vlr.gg/626547/paper-rex-vs-all-gamers-valorant-masters-santiago-2026-lr2
PRX,Corrode,atk,AG,1,0,14,elim,2026-03-10 16:10:00,0,Valorant Masters Santiago 2026,https://www.vlr.gg/626547/paper-rex-vs-all-gamers-valorant-masters-santiago-2026-lr2
PRX,Corrode,atk,AG,1,0,15,boom,2026-03-10 16:10:00,0,Valorant Masters Santiago 2026,https://www.vlr.gg/626547/paper-rex-vs-all-gamers-valorant-masters-santiago-2026-lr2
PRX,Corrode,atk,AG,1,0,16,elim,2026-03-10 16:10:00,0,Valorant Masters Santiago 2026,https://www.vlr.gg/626547/paper-rex-vs-all-gamers-valorant-masters-santiago-2026-lr2
PRX,Corrode,atk,AG,1,0,17,elim,2026-03-10 16:10:00,0,Valorant Masters Santiago 2026,https://www.vlr.gg/626547/paper-rex-vs-all-gamers-valorant-masters-santiago-2026-lr2
PRX,Corrode,atk,AG,0,1,18,elim,2026-03-10 16:10:00,0,Valorant Masters Santiago 2026,https://www.vlr.gg/626547/paper-rex-vs-all-gamers-valorant-masters-santiago-2026-lr2
PRX,Corrode,atk,AG,1,0,19,boom,2026-03-10 16:10:00,0,Valorant Masters Santiago 2026,https://www.vlr.gg/626547/paper-rex-vs-all-gamers-valorant-masters-santiago-2026-lr2
PRX,Corrode,atk,AG,1,0,20,elim,2026-03-10 16:10:00,0,Valorant Masters Santiago 2026,https://www.vlr.gg/626547/paper-rex-vs-all-gamers-valorant-masters-santiago-2026-lr2
PRX,Corrode,atk,AG,0,1,21,tim,2026-03-10 16:10:00,0,Valorant Masters Santiago 2026,https://www.vlr.gg/626547/paper-rex-vs-all-gamers-valorant-masters-santiago-2026-lr2
PRX,Corrode,atk,AG,0,1,22,elim,2026-03-10 16:10:00,0,Valorant Masters Santiago 2026,https://www.vlr.gg/626547/paper-rex-vs-all-gamers-valorant-masters-santiago-2026-lr2
PRX,Corrode,atk,AG,0,1,23,defus,2026-03-10 16:10:00,0,Valorant Masters Santiago 2026,https://www.vlr.gg/626547/paper-rex-vs-all-gamers-valorant-masters-santiago-2026-lr2
PRX,Corrode,def,AG,0,1,1,elim,2026-03-10 16:10:00,0,Valorant Masters Santiago 2026,https://www.vlr.gg/626547/paper-rex-vs-all-gamers-valorant-masters-santiago-2026-lr2
PRX,Corrode,def,AG,0,1,2,elim,2026-03-10 16:10:00,0,Valorant Masters Santiago 2026,https://www.vlr.gg/626547/paper-rex-vs-all-gamers-valorant-masters-santiago-2026-lr2
PRX,Corrode,def,AG,0,1,3,boom,2026-03-10 16:10:00,0,Valorant Masters Santiago 2026,https://www.vlr.gg/626547/paper-rex-vs-all-gamers-valorant-masters-santiago-2026-lr2
PRX,Corrode,def,AG,0,1,4,elim,2026-03-10 16:10:00,0,Valorant Masters Santiago 2026,https://www.vlr.gg/626547/paper-rex-vs-all-gamers-valorant-masters-santiago-2026-lr2
PRX,Corrode,def,AG,1,0,5,defus,2026-03-10 16:10:00,0,Valorant Masters Santiago 2026,https://www.vlr.gg/626547/paper-rex-vs-all-gamers-valorant-masters-santiago-2026-lr2
PRX,Corrode,def,AG,0,1,6,boom,2026-03-10 16:10:00,0,Valorant Masters Santiago 2026,https://www.vlr.gg/626547/paper-rex-vs-all-gamers-valorant-masters-santiago-2026-lr2
PRX,Corrode,def,AG,1,0,7,elim,2026-03-10 16:10:00,0,Valorant Masters Santiago 2026,https://www.vlr.gg/626547/paper-rex-vs-all-gamers-valorant-masters-santiago-2026-lr2
PRX,Corrode,def,AG,1,0,8,defus,2026-03-10 16:10:00,0,Valorant Masters Santiago 2026,https://www.vlr.gg/626547/paper-rex-vs-all-gamers-valorant-masters-santiago-2026-lr2
PRX,Corrode,def,AG,0,1,9,elim,2026-03-10 16:10:00,0,Valorant Masters Santiago 2026,https://www.vlr.gg/626547/paper-rex-vs-all-gamers-valorant-masters-santiago-2026-lr2
PRX,Corrode,def,AG,0,1,10,elim,2026-03-10 16:10:00,0,Valorant Masters Santiago 2026,https://www.vlr.gg/626547/paper-rex-vs-all-gamers-valorant-masters-santiago-2026-lr2
PRX,Corrode,def,AG,0,1,11,elim,2026-03-10 16:10:00,0,Valorant Masters Santiago 2026,https://www.vlr.gg/626547/paper-rex-vs-all-gamers-valorant-masters-santiago-2026-lr2
PRX,Corrode,def,AG,0,1,12,elim,2026-03-10 16:10:00,0,Valorant Masters Santiago 2026,https://www.vlr.gg/626547/paper-rex-vs-all-gamers-valorant-masters-santiago-2026-lr2
PRX,Pearl,atk,AG,1,0,1,elim,2026-03-10 16:10:00,1,Valorant Masters Santiago 2026,https://www.vlr.gg/626547/paper-rex-vs-all-gamers-valorant-masters-santiago-2026-lr2
PRX,Pearl,atk,AG,1,0,2,elim,2026-03-10 16:10:00,1,Valorant Masters Santiago 2026,https://www.vlr.gg/626547/paper-rex-vs-all-gamers-valorant-masters-santiago-2026-lr2
PRX,Pearl,atk,AG,0,1,3,defus,2026-03-10 16:10:00,1,Valorant Masters Santiago 2026,https://www.vlr.gg/626547/paper-rex-vs-all-gamers-valorant-masters-santiago-2026-lr2
PRX,Pearl,atk,AG,0,1,4,elim,2026-03-10 16:10:00,1,Valorant Masters Santiago 2026,https://www.vlr.gg/626547/paper-rex-vs-all-gamers-valorant-masters-santiago-2026-lr2
PRX,Pearl,atk,AG,0,1,5,defus,2026-03-10 16:10:00,1,Valorant Masters Santiago 2026,https://www.vlr.gg/626547/paper-rex-vs-all-gamers-valorant-masters-santiago-2026-lr2
PRX,Pearl,atk,AG,1,0,6,elim,2026-03-10 16:10:00,1,Valorant Masters Santiago 2026,https://www.vlr.gg/626547/paper-rex-vs-all-gamers-valorant-masters-santiago-2026-lr2
PRX,Pearl,atk,AG,1,0,7,elim,2026-03-10 16:10:00,1,Valorant Masters Santiago 2026,https://www.vlr.gg/626547/paper-rex-vs-all-gamers-valorant-masters-santiago-2026-lr2
PRX,Pearl,atk,AG,0,1,8,defus,2026-03-10 16:10:00,1,Valorant Masters Santiago 2026,https://www.vlr.gg/626547/paper-rex-vs-all-gamers-valorant-masters-santiago-2026-lr2
PRX,Pearl,atk,AG,1,0,9,elim,2026-03-10 16:10:00,1,Valorant Masters Santiago 2026,https://www.vlr.gg/626547/paper-rex-vs-all-gamers-valorant-masters-santiago-2026-lr2
PRX,Pearl,atk,AG,1,0,10,elim,2026-03-10 16:10:00,1,Valorant Masters Santiago 2026,https://www.vlr.gg/626547/paper-rex-vs-all-gamers-valorant-masters-santiago-2026-lr2
PRX,Pearl,atk,AG,0,1,11,elim,2026-03-10 16:10:00,1,Valorant Masters Santiago 2026,https://www.vlr.gg/626547/paper-rex-vs-all-gamers-valorant-masters-santiago-2026-lr2
PRX,Pearl,atk,AG,0,1,12,defus,2026-03-10 16:10:00,1,Valorant Masters Santiago 2026,https://www.vlr.gg/626547/paper-rex-vs-all-gamers-valorant-masters-santiago-2026-lr2
PRX,Pearl,def,AG,1,0,13,defus,2026-03-10 16:10:00,1,Valorant Masters Santiago 2026,https://www.vlr.gg/626547/paper-rex-vs-all-gamers-valorant-masters-santiago-2026-lr2
PRX,Pearl,def,AG,1,0,14,elim,2026-03-10 16:10:00,1,Valorant Masters Santiago 2026,https://www.vlr.gg/626547/paper-rex-vs-all-gamers-valorant-masters-santiago-2026-lr2
PRX,Pearl,def,AG,1,0,15,elim,2026-03-10 16:10:00,1,Valorant Masters Santiago 2026,https://www.vlr.gg/626547/paper-rex-vs-all-gamers-valorant-masters-santiago-2026-lr2
PRX,Pearl,def,AG,1,0,16,elim,2026-03-10 16:10:00,1,Valorant Masters Santiago 2026,https://www.vlr.gg/626547/paper-rex-vs-all-gamers-valorant-masters-santiago-2026-lr2
PRX,Pearl,def,AG,1,0,17,tim,2026-03-10 16:10:00,1,Valorant Masters Santiago 2026,https://www.vlr.gg/626547/paper-rex-vs-all-gamers-valorant-masters-santiago-2026-lr2
PRX,Pearl,def,AG,0,1,18,elim,2026-03-10 16:10:00,1,Valorant Masters Santiago 2026,https://www.vlr.gg/626547/paper-rex-vs-all-gamers-valorant-masters-santiago-2026-lr2
PRX,Pearl,def,AG,1,0,19,defus,2026-03-10 16:10:00,1,Valorant Masters Santiago 2026,https://www.vlr.gg/626547/paper-rex-vs-all-gamers-valorant-masters-santiago-2026-lr2
PRX,Pearl,def,AG,1,0,20,elim,2026-03-10 16:10:00,1,Valorant Masters Santiago 2026,https://www.vlr.gg/626547/paper-rex-vs-all-gamers-valorant-masters-santiago-2026-lr2
PRX,Split,atk,AG,0,1,1,defus,2026-03-10 16:10:00,2,Valorant Masters Santiago 2026,https://www.vlr.gg/626547/paper-rex-vs-all-gamers-valorant-masters-santiago-2026-lr2
PRX,Split,atk,AG,0,1,2,defus,2026-03-10 16:10:00,2,Valorant Masters Santiago 2026,https://www.vlr.gg/626547/paper-rex-vs-all-gamers-valorant-masters-santiago-2026-lr2
PRX,Split,atk,AG,1,0,3,boom,2026-03-10 16:10:00,2,Valorant Masters Santiago 2026,https://www.vlr.gg/626547/paper-rex-vs-all-gamers-valorant-masters-santiago-2026-lr2
PRX,Split,atk,AG,1,0,4,boom,2026-03-10 16:10:00,2,Valorant Masters Santiago 2026,https://www.vlr.gg/626547/paper-rex-vs-all-gamers-valorant-masters-santiago-2026-lr2
PRX,Split,atk,AG,1,0,5,elim,2026-03-10 16:10:00,2,Valorant Masters Santiago 2026,https://www.vlr.gg/626547/paper-rex-vs-all-gamers-valorant-masters-santiago-2026-lr2
PRX,Split,atk,AG,1,0,6,elim,2026-03-10 16:10:00,2,Valorant Masters Santiago 2026,https://www.vlr.gg/626547/paper-rex-vs-all-gamers-valorant-masters-santiago-2026-lr2
PRX,Split,atk,AG,1,0,7,elim,2026-03-10 16:10:00,2,Valorant Masters Santiago 2026,https://www.vlr.gg/626547/paper-rex-vs-all-gamers-valorant-masters-santiago-2026-lr2
PRX,Split,atk,AG,1,0,8,boom,2026-03-10 16:10:00,2,Valorant Masters Santiago 2026,https://www.vlr.gg/626547/paper-rex-vs-all-gamers-valorant-masters-santiago-2026-lr2
PRX,Split,atk,AG,1,0,9,elim,2026-03-10 16:10:00,2,Valorant Masters Santiago 2026,https://www.vlr.gg/626547/paper-rex-vs-all-gamers-valorant-masters-santiago-2026-lr2
PRX,Split,atk,AG,1,0,10,elim,2026-03-10 16:10:00,2,Valorant Masters Santiago 2026,https://www.vlr.gg/626547/paper-rex-vs-all-gamers-valorant-masters-santiago-2026-lr2
PRX,Split,atk,AG,1,0,11,elim,2026-03-10 16:10:00,2,Valorant Masters Santiago 2026,https://www.vlr.gg/626547/paper-rex-vs-all-gamers-valorant-masters-santiago-2026-lr2
PRX,Split,atk,AG,0,1,12,defus,2026-03-10 16:10:00,2,Valorant Masters Santiago 2026,https://www.vlr.gg/626547/paper-rex-vs-all-gamers-valorant-masters-santiago-2026-lr2
PRX,Split,def,AG,0,1,13,elim,2026-03-10 16:10:00,2,Valorant Masters Santiago 2026,https://www.vlr.gg/626547/paper-rex-vs-all-gamers-valorant-masters-santiago-2026-lr2
PRX,Split,def,AG,1,0,14,elim,2026-03-10 16:10:00,2,Valorant Masters Santiago 2026,https://www.vlr.gg/626547/paper-rex-vs-all-gamers-valorant-masters-santiago-2026-lr2
PRX,Split,def,AG,1,0,15,elim,2026-03-10 16:10:00,2,Valorant Masters Santiago 2026,https://www.vlr.gg/626547/paper-rex-vs-all-gamers-valorant-masters-santiago-2026-lr2
PRX,Split,def,AG,1,0,16,elim,2026-03-10 16:10:00,2,Valorant Masters Santiago 2026,https://www.vlr.gg/626547/paper-rex-vs-all-gamers-valorant-masters-santiago-2026-lr2
PRX,Split,def,AG,1,0,17,defus,2026-03-10 16:10:00,2,Valorant Masters Santiago 2026,https://www.vlr.gg/626547/paper-rex-vs-all-gamers-valorant-masters-santiago-2026-lr2
NS,Bind,atk,NRG,0,1,13,defus,2026-03-13 13:00:00,0,Valorant Masters Santiago 2026,https://www.vlr.gg/626543/nongshim-redforce-vs-nrg-valorant-masters-santiago-2026-ubf
NS,Bind,atk,NRG,0,1,14,defus,2026-03-13 13:00:00,0,Valorant Masters Santiago 2026,https://www.vlr.gg/626543/nongshim-redforce-vs-nrg-valorant-masters-santiago-2026-ubf
NS,Bind,atk,NRG,1,0,15,elim,2026-03-13 13:00:00,0,Valorant Masters Santiago 2026,https://www.vlr.gg/626543/nongshim-redforce-vs-nrg-valorant-masters-santiago-2026-ubf
NS,Bind,atk,NRG,1,0,16,boom,2026-03-13 13:00:00,0,Valorant Masters Santiago 2026,https://www.vlr.gg/626543/nongshim-redforce-vs-nrg-valorant-masters-santiago-2026-ubf
NS,Bind,atk,NRG,1,0,17,boom,2026-03-13 13:00:00,0,Valorant Masters Santiago 2026,https://www.vlr.gg/626543/nongshim-redforce-vs-nrg-valorant-masters-santiago-2026-ubf
NS,Bind,atk,NRG,1,0,18,elim,2026-03-13 13:00:00,0,Valorant Masters Santiago 2026,https://www.vlr.gg/626543/nongshim-redforce-vs-nrg-valorant-masters-santiago-2026-ubf
NS,Bind,atk,NRG,0,1,19,tim,2026-03-13 13:00:00,0,Valorant Masters Santiago 2026,https://www.vlr.gg/626543/nongshim-redforce-vs-nrg-valorant-masters-santiago-2026-ubf
NS,Bind,atk,NRG,1,0,20,elim,2026-03-13 13:00:00,0,Valorant Masters Santiago 2026,https://www.vlr.gg/626543/nongshim-redforce-vs-nrg-valorant-masters-santiago-2026-ubf
NS,Bind,atk,NRG,0,1,21,defus,2026-03-13 13:00:00,0,Valorant Masters Santiago 2026,https://www.vlr.gg/626543/nongshim-redforce-vs-nrg-valorant-masters-santiago-2026-ubf
NS,Bind,atk,NRG,1,0,22,boom,2026-03-13 13:00:00,0,Valorant Masters Santiago 2026,https://www.vlr.gg/626543/nongshim-redforce-vs-nrg-valorant-masters-santiago-2026-ubf
NS,Bind,def,NRG,1,0,1,elim,2026-03-13 13:00:00,0,Valorant Masters Santiago 2026,https://www.vlr.gg/626543/nongshim-redforce-vs-nrg-valorant-masters-santiago-2026-ubf
NS,Bind,def,NRG,1,0,2,defus,2026-03-13 13:00:00,0,Valorant Masters Santiago 2026,https://www.vlr.gg/626543/nongshim-redforce-vs-nrg-valorant-masters-santiago-2026-ubf
NS,Bind,def,NRG,1,0,3,defus,2026-03-13 13:00:00,0,Valorant Masters Santiago 2026,https://www.vlr.gg/626543/nongshim-redforce-vs-nrg-valorant-masters-santiago-2026-ubf
NS,Bind,def,NRG,0,1,4,elim,2026-03-13 13:00:00,0,Valorant Masters Santiago 2026,https://www.vlr.gg/626543/nongshim-redforce-vs-nrg-valorant-masters-santiago-2026-ubf
NS,Bind,def,NRG,0,1,5,elim,2026-03-13 13:00:00,0,Valorant Masters Santiago 2026,https://www.vlr.gg/626543/nongshim-redforce-vs-nrg-valorant-masters-santiago-2026-ubf
NS,Bind,def,NRG,1,0,6,elim,2026-03-13 13:00:00,0,Valorant Masters Santiago 2026,https://www.vlr.gg/626543/nongshim-redforce-vs-nrg-valorant-masters-santiago-2026-ubf
NS,Bind,def,NRG,0,1,7,elim,2026-03-13 13:00:00,0,Valorant Masters Santiago 2026,https://www.vlr.gg/626543/nongshim-redforce-vs-nrg-valorant-masters-santiago-2026-ubf
NS,Bind,def,NRG,1,0,8,elim,2026-03-13 13:00:00,0,Valorant Masters Santiago 2026,https://www.vlr.gg/626543/nongshim-redforce-vs-nrg-valorant-masters-santiago-2026-ubf
NS,Bind,def,NRG,0,1,9,elim,2026-03-13 13:00:00,0,Valorant Masters Santiago 2026,https://www.vlr.gg/626543/nongshim-redforce-vs-nrg-valorant-masters-santiago-2026-ubf
NS,Bind,def,NRG,0,1,10,elim,2026-03-13 13:00:00,0,Valorant Masters Santiago 2026,https://www.vlr.gg/626543/nongshim-redforce-vs-nrg-valorant-masters-santiago-2026-ubf
NS,Bind,def,NRG,1,0,11,elim,2026-03-13 13:00:00,0,Valorant Masters Santiago 2026,https://www.vlr.gg/626543/nongshim-redforce-vs-nrg-valorant-masters-santiago-2026-ubf
NS,Bind,def,NRG,1,0,12,defus,2026-03-13 13:00:00,0,Valorant Masters Santiago 2026,https://www.vlr.gg/626543/nongshim-redforce-vs-nrg-valorant-masters-santiago-2026-ubf
NS,Abyss,atk,NRG,1,0,1,elim,2026-03-13 13:00:00,1,Valorant Masters Santiago 2026,https://www.vlr.gg/626543/nongshim-redforce-vs-nrg-valorant-masters-santiago-2026-ubf
NS,Abyss,atk,NRG,1,0,2,elim,2026-03-13 13:00:00,1,Valorant Masters Santiago 2026,https://www.vlr.gg/626543/nongshim-redforce-vs-nrg-valorant-masters-santiago-2026-ubf
NS,Abyss,atk,NRG,1,0,3,elim,2026-03-13 13:00:00,1,Valorant Masters Santiago 2026,https://www.vlr.gg/626543/nongshim-redforce-vs-nrg-valorant-masters-santiago-2026-ubf
NS,Abyss,atk,NRG,1,0,4,elim,2026-03-13 13:00:00,1,Valorant Masters Santiago 2026,https://www.vlr.gg/626543/nongshim-redforce-vs-nrg-valorant-masters-santiago-2026-ubf
NS,Abyss,atk,NRG,0,1,5,defus,2026-03-13 13:00:00,1,Valorant Masters Santiago 2026,https://www.vlr.gg/626543/nongshim-redforce-vs-nrg-valorant-masters-santiago-2026-ubf
NS,Abyss,atk,NRG,1,0,6,boom,2026-03-13 13:00:00,1,Valorant Masters Santiago 2026,https://www.vlr.gg/626543/nongshim-redforce-vs-nrg-valorant-masters-santiago-2026-ubf
NS,Abyss,atk,NRG,0,1,7,elim,2026-03-13 13:00:00,1,Valorant Masters Santiago 2026,https://www.vlr.gg/626543/nongshim-redforce-vs-nrg-valorant-masters-santiago-2026-ubf
NS,Abyss,atk,NRG,1,0,8,elim,2026-03-13 13:00:00,1,Valorant Masters Santiago 2026,https://www.vlr.gg/626543/nongshim-redforce-vs-nrg-valorant-masters-santiago-2026-ubf
NS,Abyss,atk,NRG,1,0,9,elim,2026-03-13 13:00:00,1,Valorant Masters Santiago 2026,https://www.vlr.gg/626543/nongshim-redforce-vs-nrg-valorant-masters-santiago-2026-ubf
NS,Abyss,atk,NRG,1,0,10,elim,2026-03-13 13:00:00,1,Valorant Masters Santiago 2026,https://www.vlr.gg/626543/nongshim-redforce-vs-nrg-valorant-masters-santiago-2026-ubf
NS,Abyss,atk,NRG,1,0,11,boom,2026-03-13 13:00:00,1,Valorant Masters Santiago 2026,https://www.vlr.gg/626543/nongshim-redforce-vs-nrg-valorant-masters-santiago-2026-ubf
NS,Abyss,atk,NRG,0,1,12,elim,2026-03-13 13:00:00,1,Valorant Masters Santiago 2026,https://www.vlr.gg/626543/nongshim-redforce-vs-nrg-valorant-masters-santiago-2026-ubf
NS,Abyss,def,NRG,0,1,13,elim,2026-03-13 13:00:00,1,Valorant Masters Santiago 2026,https://www.vlr.gg/626543/nongshim-redforce-vs-nrg-valorant-masters-santiago-2026-ubf
NS,Abyss,def,NRG,0,1,14,elim,2026-03-13 13:00:00,1,Valorant Masters Santiago 2026,https://www.vlr.gg/626543/nongshim-redforce-vs-nrg-valorant-masters-santiago-2026-ubf
NS,Abyss,def,NRG,1,0,15,elim,2026-03-13 13:00:00,1,Valorant Masters Santiago 2026,https://www.vlr.gg/626543/nongshim-redforce-vs-nrg-valorant-masters-santiago-2026-ubf
NS,Abyss,def,NRG,1,0,16,defus,2026-03-13 13:00:00,1,Valorant Masters Santiago 2026,https://www.vlr.gg/626543/nongshim-redforce-vs-nrg-valorant-masters-santiago-2026-ubf
NS,Abyss,def,NRG,0,1,17,elim,2026-03-13 13:00:00,1,Valorant Masters Santiago 2026,https://www.vlr.gg/626543/nongshim-redforce-vs-nrg-valorant-masters-santiago-2026-ubf
NS,Abyss,def,NRG,0,1,18,boom,2026-03-13 13:00:00,1,Valorant Masters Santiago 2026,https://www.vlr.gg/626543/nongshim-redforce-vs-nrg-valorant-masters-santiago-2026-ubf
NS,Abyss,def,NRG,1,0,19,elim,2026-03-13 13:00:00,1,Valorant Masters Santiago 2026,https://www.vlr.gg/626543/nongshim-redforce-vs-nrg-valorant-masters-santiago-2026-ubf
NS,Abyss,def,NRG,0,1,20,boom,2026-03-13 13:00:00,1,Valorant Masters Santiago 2026,https://www.vlr.gg/626543/nongshim-redforce-vs-nrg-valorant-masters-santiago-2026-ubf
NS,Abyss,def,NRG,0,1,21,elim,2026-03-13 13:00:00,1,Valorant Masters Santiago 2026,https://www.vlr.gg/626543/nongshim-redforce-vs-nrg-valorant-masters-santiago-2026-ubf
NS,Abyss,def,NRG,0,1,22,elim,2026-03-13 13:00:00,1,Valorant Masters Santiago 2026,https://www.vlr.gg/626543/nongshim-redforce-vs-nrg-valorant-masters-santiago-2026-ubf
NS,Abyss,def,NRG,0,1,23,elim,2026-03-13 13:00:00,1,Valorant Masters Santiago 2026,https://www.vlr.gg/626543/nongshim-redforce-vs-nrg-valorant-masters-santiago-2026-ubf
NS,Abyss,def,NRG,1,0,24,defus,2026-03-13 13:00:00,1,Valorant Masters Santiago 2026,https://www.vlr.gg/626543/nongshim-redforce-vs-nrg-valorant-masters-santiago-2026-ubf
PRX,Haven,atk,G2,1,0,1,elim,2026-03-13 15:25:00,0,Valorant Masters Santiago 2026,https://www.vlr.gg/626549/paper-rex-vs-g2-esports-valorant-masters-santiago-2026-lr3
PRX,Haven,atk,G2,0,1,2,elim,2026-03-13 15:25:00,0,Valorant Masters Santiago 2026,https://www.vlr.gg/626549/paper-rex-vs-g2-esports-valorant-masters-santiago-2026-lr3
PRX,Haven,atk,G2,0,1,3,elim,2026-03-13 15:25:00,0,Valorant Masters Santiago 2026,https://www.vlr.gg/626549/paper-rex-vs-g2-esports-valorant-masters-santiago-2026-lr3
PRX,Haven,atk,G2,0,1,4,defus,2026-03-13 15:25:00,0,Valorant Masters Santiago 2026,https://www.vlr.gg/626549/paper-rex-vs-g2-esports-valorant-masters-santiago-2026-lr3
PRX,Haven,atk,G2,1,0,5,boom,2026-03-13 15:25:00,0,Valorant Masters Santiago 2026,https://www.vlr.gg/626549/paper-rex-vs-g2-esports-valorant-masters-santiago-2026-lr3
PRX,Haven,atk,G2,0,1,6,elim,2026-03-13 15:25:00,0,Valorant Masters Santiago 2026,https://www.vlr.gg/626549/paper-rex-vs-g2-esports-valorant-masters-santiago-2026-lr3
PRX,Haven,atk,G2,0,1,7,elim,2026-03-13 15:25:00,0,Valorant Masters Santiago 2026,https://www.vlr.gg/626549/paper-rex-vs-g2-esports-valorant-masters-santiago-2026-lr3
PRX,Haven,atk,G2,1,0,8,elim,2026-03-13 15:25:00,0,Valorant Masters Santiago 2026,https://www.vlr.gg/626549/paper-rex-vs-g2-esports-valorant-masters-santiago-2026-lr3
PRX,Haven,atk,G2,0,1,9,elim,2026-03-13 15:25:00,0,Valorant Masters Santiago 2026,https://www.vlr.gg/626549/paper-rex-vs-g2-esports-valorant-masters-santiago-2026-lr3
PRX,Haven,atk,G2,0,1,10,elim,2026-03-13 15:25:00,0,Valorant Masters Santiago 2026,https://www.vlr.gg/626549/paper-rex-vs-g2-esports-valorant-masters-santiago-2026-lr3
PRX,Haven,atk,G2,1,0,11,elim,2026-03-13 15:25:00,0,Valorant Masters Santiago 2026,https://www.vlr.gg/626549/paper-rex-vs-g2-esports-valorant-masters-santiago-2026-lr3
PRX,Haven,atk,G2,1,0,12,elim,2026-03-13 15:25:00,0,Valorant Masters Santiago 2026,https://www.vlr.gg/626549/paper-rex-vs-g2-esports-valorant-masters-santiago-2026-lr3
PRX,Haven,def,G2,0,1,13,elim,2026-03-13 15:25:00,0,Valorant Masters Santiago 2026,https://www.vlr.gg/626549/paper-rex-vs-g2-esports-valorant-masters-santiago-2026-lr3
PRX,Haven,def,G2,0,1,14,elim,2026-03-13 15:25:00,0,Valorant Masters Santiago 2026,https://www.vlr.gg/626549/paper-rex-vs-g2-esports-valorant-masters-santiago-2026-lr3
PRX,Haven,def,G2,1,0,15,elim,2026-03-13 15:25:00,0,Valorant Masters Santiago 2026,https://www.vlr.gg/626549/paper-rex-vs-g2-esports-valorant-masters-santiago-2026-lr3
PRX,Haven,def,G2,1,0,16,tim,2026-03-13 15:25:00,0,Valorant Masters Santiago 2026,https://www.vlr.gg/626549/paper-rex-vs-g2-esports-valorant-masters-santiago-2026-lr3
PRX,Haven,def,G2,1,0,17,elim,2026-03-13 15:25:00,0,Valorant Masters Santiago 2026,https://www.vlr.gg/626549/paper-rex-vs-g2-esports-valorant-masters-santiago-2026-lr3
PRX,Haven,def,G2,0,1,18,elim,2026-03-13 15:25:00,0,Valorant Masters Santiago 2026,https://www.vlr.gg/626549/paper-rex-vs-g2-esports-valorant-masters-santiago-2026-lr3
PRX,Haven,def,G2,0,1,19,elim,2026-03-13 15:25:00,0,Valorant Masters Santiago 2026,https://www.vlr.gg/626549/paper-rex-vs-g2-esports-valorant-masters-santiago-2026-lr3
PRX,Haven,def,G2,1,0,20,elim,2026-03-13 15:25:00,0,Valorant Masters Santiago 2026,https://www.vlr.gg/626549/paper-rex-vs-g2-esports-valorant-masters-santiago-2026-lr3
PRX,Haven,def,G2,1,0,21,elim,2026-03-13 15:25:00,0,Valorant Masters Santiago 2026,https://www.vlr.gg/626549/paper-rex-vs-g2-esports-valorant-masters-santiago-2026-lr3
PRX,Haven,def,G2,0,1,22,elim,2026-03-13 15:25:00,0,Valorant Masters Santiago 2026,https://www.vlr.gg/626549/paper-rex-vs-g2-esports-valorant-masters-santiago-2026-lr3
PRX,Haven,def,G2,1,0,23,elim,2026-03-13 15:25:00,0,Valorant Masters Santiago 2026,https://www.vlr.gg/626549/paper-rex-vs-g2-esports-valorant-masters-santiago-2026-lr3
PRX,Haven,def,G2,0,1,24,elim,2026-03-13 15:25:00,0,Valorant Masters Santiago 2026,https://www.vlr.gg/626549/paper-rex-vs-g2-esports-valorant-masters-santiago-2026-lr3
PRX,Breeze,atk,G2,1,0,13,elim,2026-03-13 15:25:00,1,Valorant Masters Santiago 2026,https://www.vlr.gg/626549/paper-rex-vs-g2-esports-valorant-masters-santiago-2026-lr3
PRX,Breeze,atk,G2,1,0,14,elim,2026-03-13 15:25:00,1,Valorant Masters Santiago 2026,https://www.vlr.gg/626549/paper-rex-vs-g2-esports-valorant-masters-santiago-2026-lr3
PRX,Breeze,atk,G2,1,0,15,elim,2026-03-13 15:25:00,1,Valorant Masters Santiago 2026,https://www.vlr.gg/626549/paper-rex-vs-g2-esports-valorant-masters-santiago-2026-lr3
PRX,Breeze,atk,G2,1,0,16,elim,2026-03-13 15:25:00,1,Valorant Masters Santiago 2026,https://www.vlr.gg/626549/paper-rex-vs-g2-esports-valorant-masters-santiago-2026-lr3
PRX,Breeze,atk,G2,0,1,17,elim,2026-03-13 15:25:00,1,Valorant Masters Santiago 2026,https://www.vlr.gg/626549/paper-rex-vs-g2-esports-valorant-masters-santiago-2026-lr3
PRX,Breeze,atk,G2,0,1,18,elim,2026-03-13 15:25:00,1,Valorant Masters Santiago 2026,https://www.vlr.gg/626549/paper-rex-vs-g2-esports-valorant-masters-santiago-2026-lr3
PRX,Breeze,atk,G2,0,1,19,defus,2026-03-13 15:25:00,1,Valorant Masters Santiago 2026,https://www.vlr.gg/626549/paper-rex-vs-g2-esports-valorant-masters-santiago-2026-lr3
PRX,Breeze,atk,G2,0,1,20,elim,2026-03-13 15:25:00,1,Valorant Masters Santiago 2026,https://www.vlr.gg/626549/paper-rex-vs-g2-esports-valorant-masters-santiago-2026-lr3
PRX,Breeze,atk,G2,0,1,21,elim,2026-03-13 15:25:00,1,Valorant Masters Santiago 2026,https://www.vlr.gg/626549/paper-rex-vs-g2-esports-valorant-masters-santiago-2026-lr3
PRX,Breeze,atk,G2,1,0,22,elim,2026-03-13 15:25:00,1,Valorant Masters Santiago 2026,https://www.vlr.gg/626549/paper-rex-vs-g2-esports-valorant-masters-santiago-2026-lr3
PRX,Breeze,def,G2,1,0,1,defus,2026-03-13 15:25:00,1,Valorant Masters Santiago 2026,https://www.vlr.gg/626549/paper-rex-vs-g2-esports-valorant-masters-santiago-2026-lr3
PRX,Breeze,def,G2,1,0,2,defus,2026-03-13 15:25:00,1,Valorant Masters Santiago 2026,https://www.vlr.gg/626549/paper-rex-vs-g2-esports-valorant-masters-santiago-2026-lr3
PRX,Breeze,def,G2,1,0,3,elim,2026-03-13 15:25:00,1,Valorant Masters Santiago 2026,https://www.vlr.gg/626549/paper-rex-vs-g2-esports-valorant-masters-santiago-2026-lr3
PRX,Breeze,def,G2,1,0,4,defus,2026-03-13 15:25:00,1,Valorant Masters Santiago 2026,https://www.vlr.gg/626549/paper-rex-vs-g2-esports-valorant-masters-santiago-2026-lr3
PRX,Breeze,def,G2,1,0,5,defus,2026-03-13 15:25:00,1,Valorant Masters Santiago 2026,https://www.vlr.gg/626549/paper-rex-vs-g2-esports-valorant-masters-santiago-2026-lr3
PRX,Breeze,def,G2,0,1,6,boom,2026-03-13 15:25:00,1,Valorant Masters Santiago 2026,https://www.vlr.gg/626549/paper-rex-vs-g2-esports-valorant-masters-santiago-2026-lr3
PRX,Breeze,def,G2,0,1,7,elim,2026-03-13 15:25:00,1,Valorant Masters Santiago 2026,https://www.vlr.gg/626549/paper-rex-vs-g2-esports-valorant-masters-santiago-2026-lr3
PRX,Breeze,def,G2,0,1,8,boom,2026-03-13 15:25:00,1,Valorant Masters Santiago 2026,https://www.vlr.gg/626549/paper-rex-vs-g2-esports-valorant-masters-santiago-2026-lr3
PRX,Breeze,def,G2,1,0,9,defus,2026-03-13 15:25:00,1,Valorant Masters Santiago 2026,https://www.vlr.gg/626549/paper-rex-vs-g2-esports-valorant-masters-santiago-2026-lr3
PRX,Breeze,def,G2,1,0,10,elim,2026-03-13 15:25:00,1,Valorant Masters Santiago 2026,https://www.vlr.gg/626549/paper-rex-vs-g2-esports-valorant-masters-santiago-2026-lr3
PRX,Breeze,def,G2,0,1,11,elim,2026-03-13 15:25:00,1,Valorant Masters Santiago 2026,https://www.vlr.gg/626549/paper-rex-vs-g2-esports-valorant-masters-santiago-2026-lr3
PRX,Breeze,def,G2,1,0,12,elim,2026-03-13 15:25:00,1,Valorant Masters Santiago 2026,https://www.vlr.gg/626549/paper-rex-vs-g2-esports-valorant-masters-santiago-2026-lr3
PRX,Corrode,atk,G2,1,0,13,elim,2026-03-13 15:25:00,2,Valorant Masters Santiago 2026,https://www.vlr.gg/626549/paper-rex-vs-g2-esports-valorant-masters-santiago-2026-lr3
PRX,Corrode,atk,G2,0,1,14,defus,2026-03-13 15:25:00,2,Valorant Masters Santiago 2026,https://www.vlr.gg/626549/paper-rex-vs-g2-esports-valorant-masters-santiago-2026-lr3
PRX,Corrode,atk,G2,0,1,15,tim,2026-03-13 15:25:00,2,Valorant Masters Santiago 2026,https://www.vlr.gg/626549/paper-rex-vs-g2-esports-valorant-masters-santiago-2026-lr3
PRX,Corrode,atk,G2,1,0,16,elim,2026-03-13 15:25:00,2,Valorant Masters Santiago 2026,https://www.vlr.gg/626549/paper-rex-vs-g2-esports-valorant-masters-santiago-2026-lr3
PRX,Corrode,atk,G2,1,0,17,elim,2026-03-13 15:25:00,2,Valorant Masters Santiago 2026,https://www.vlr.gg/626549/paper-rex-vs-g2-esports-valorant-masters-santiago-2026-lr3
PRX,Corrode,def,G2,1,0,1,elim,2026-03-13 15:25:00,2,Valorant Masters Santiago 2026,https://www.vlr.gg/626549/paper-rex-vs-g2-esports-valorant-masters-santiago-2026-lr3
PRX,Corrode,def,G2,1,0,2,elim,2026-03-13 15:25:00,2,Valorant Masters Santiago 2026,https://www.vlr.gg/626549/paper-rex-vs-g2-esports-valorant-masters-santiago-2026-lr3
PRX,Corrode,def,G2,1,0,3,elim,2026-03-13 15:25:00,2,Valorant Masters Santiago 2026,https://www.vlr.gg/626549/paper-rex-vs-g2-esports-valorant-masters-santiago-2026-lr3
PRX,Corrode,def,G2,1,0,4,elim,2026-03-13 15:25:00,2,Valorant Masters Santiago 2026,https://www.vlr.gg/626549/paper-rex-vs-g2-esports-valorant-masters-santiago-2026-lr3
PRX,Corrode,def,G2,1,0,5,elim,2026-03-13 15:25:00,2,Valorant Masters Santiago 2026,https://www.vlr.gg/626549/paper-rex-vs-g2-esports-valorant-masters-santiago-2026-lr3
PRX,Corrode,def,G2,1,0,6,elim,2026-03-13 15:25:00,2,Valorant Masters Santiago 2026,https://www.vlr.gg/626549/paper-rex-vs-g2-esports-valorant-masters-santiago-2026-lr3
PRX,Corrode,def,G2,0,1,7,elim,2026-03-13 15:25:00,2,Valorant Masters Santiago 2026,https://www.vlr.gg/626549/paper-rex-vs-g2-esports-valorant-masters-santiago-2026-lr3
PRX,Corrode,def,G2,0,1,8,boom,2026-03-13 15:25:00,2,Valorant Masters Santiago 2026,https://www.vlr.gg/626549/paper-rex-vs-g2-esports-valorant-masters-santiago-2026-lr3
PRX,Corrode,def,G2,1,0,9,elim,2026-03-13 15:25:00,2,Valorant Masters Santiago 2026,https://www.vlr.gg/626549/paper-rex-vs-g2-esports-valorant-masters-santiago-2026-lr3
PRX,Corrode,def,G2,1,0,10,defus,2026-03-13 15:25:00,2,Valorant Masters Santiago 2026,https://www.vlr.gg/626549/paper-rex-vs-g2-esports-valorant-masters-santiago-2026-lr3
PRX,Corrode,def,G2,1,0,11,elim,2026-03-13 15:25:00,2,Valorant Masters Santiago 2026,https://www.vlr.gg/626549/paper-rex-vs-g2-esports-valorant-masters-santiago-2026-lr3
PRX,Corrode,def,G2,1,0,12,elim,2026-03-13 15:25:00,2,Valorant Masters Santiago 2026,https://www.vlr.gg/626549/paper-rex-vs-g2-esports-valorant-masters-santiago-2026-lr3
NRG,Pearl,atk,PRX,1,0,1,elim,2026-03-14 13:00:00,0,Valorant Masters Santiago 2026,https://www.vlr.gg/626550/nrg-vs-paper-rex-valorant-masters-santiago-2026-lbf
NRG,Pearl,atk,PRX,1,0,2,elim,2026-03-14 13:00:00,0,Valorant Masters Santiago 2026,https://www.vlr.gg/626550/nrg-vs-paper-rex-valorant-masters-santiago-2026-lbf
NRG,Pearl,atk,PRX,1,0,3,elim,2026-03-14 13:00:00,0,Valorant Masters Santiago 2026,https://www.vlr.gg/626550/nrg-vs-paper-rex-valorant-masters-santiago-2026-lbf
NRG,Pearl,atk,PRX,1,0,4,boom,2026-03-14 13:00:00,0,Valorant Masters Santiago 2026,https://www.vlr.gg/626550/nrg-vs-paper-rex-valorant-masters-santiago-2026-lbf
NRG,Pearl,atk,PRX,0,1,5,defus,2026-03-14 13:00:00,0,Valorant Masters Santiago 2026,https://www.vlr.gg/626550/nrg-vs-paper-rex-valorant-masters-santiago-2026-lbf
NRG,Pearl,atk,PRX,0,1,6,elim,2026-03-14 13:00:00,0,Valorant Masters Santiago 2026,https://www.vlr.gg/626550/nrg-vs-paper-rex-valorant-masters-santiago-2026-lbf
NRG,Pearl,atk,PRX,0,1,7,elim,2026-03-14 13:00:00,0,Valorant Masters Santiago 2026,https://www.vlr.gg/626550/nrg-vs-paper-rex-valorant-masters-santiago-2026-lbf
NRG,Pearl,atk,PRX,0,1,8,defus,2026-03-14 13:00:00,0,Valorant Masters Santiago 2026,https://www.vlr.gg/626550/nrg-vs-paper-rex-valorant-masters-santiago-2026-lbf
NRG,Pearl,atk,PRX,1,0,9,elim,2026-03-14 13:00:00,0,Valorant Masters Santiago 2026,https://www.vlr.gg/626550/nrg-vs-paper-rex-valorant-masters-santiago-2026-lbf
NRG,Pearl,atk,PRX,0,1,10,defus,2026-03-14 13:00:00,0,Valorant Masters Santiago 2026,https://www.vlr.gg/626550/nrg-vs-paper-rex-valorant-masters-santiago-2026-lbf
NRG,Pearl,atk,PRX,1,0,11,elim,2026-03-14 13:00:00,0,Valorant Masters Santiago 2026,https://www.vlr.gg/626550/nrg-vs-paper-rex-valorant-masters-santiago-2026-lbf
NRG,Pearl,atk,PRX,0,1,12,defus,2026-03-14 13:00:00,0,Valorant Masters Santiago 2026,https://www.vlr.gg/626550/nrg-vs-paper-rex-valorant-masters-santiago-2026-lbf
NRG,Pearl,def,PRX,1,0,13,defus,2026-03-14 13:00:00,0,Valorant Masters Santiago 2026,https://www.vlr.gg/626550/nrg-vs-paper-rex-valorant-masters-santiago-2026-lbf
NRG,Pearl,def,PRX,1,0,14,defus,2026-03-14 13:00:00,0,Valorant Masters Santiago 2026,https://www.vlr.gg/626550/nrg-vs-paper-rex-valorant-masters-santiago-2026-lbf
NRG,Pearl,def,PRX,0,1,15,elim,2026-03-14 13:00:00,0,Valorant Masters Santiago 2026,https://www.vlr.gg/626550/nrg-vs-paper-rex-valorant-masters-santiago-2026-lbf
NRG,Pearl,def,PRX,1,0,16,elim,2026-03-14 13:00:00,0,Valorant Masters Santiago 2026,https://www.vlr.gg/626550/nrg-vs-paper-rex-valorant-masters-santiago-2026-lbf
NRG,Pearl,def,PRX,1,0,17,defus,2026-03-14 13:00:00,0,Valorant Masters Santiago 2026,https://www.vlr.gg/626550/nrg-vs-paper-rex-valorant-masters-santiago-2026-lbf
NRG,Pearl,def,PRX,1,0,18,defus,2026-03-14 13:00:00,0,Valorant Masters Santiago 2026,https://www.vlr.gg/626550/nrg-vs-paper-rex-valorant-masters-santiago-2026-lbf
NRG,Pearl,def,PRX,1,0,19,defus,2026-03-14 13:00:00,0,Valorant Masters Santiago 2026,https://www.vlr.gg/626550/nrg-vs-paper-rex-valorant-masters-santiago-2026-lbf
NRG,Pearl,def,PRX,0,1,20,elim,2026-03-14 13:00:00,0,Valorant Masters Santiago 2026,https://www.vlr.gg/626550/nrg-vs-paper-rex-valorant-masters-santiago-2026-lbf
NRG,Pearl,def,PRX,1,0,21,defus,2026-03-14 13:00:00,0,Valorant Masters Santiago 2026,https://www.vlr.gg/626550/nrg-vs-paper-rex-valorant-masters-santiago-2026-lbf
NRG,Split,atk,PRX,1,0,13,elim,2026-03-14 13:00:00,1,Valorant Masters Santiago 2026,https://www.vlr.gg/626550/nrg-vs-paper-rex-valorant-masters-santiago-2026-lbf
NRG,Split,atk,PRX,0,1,14,defus,2026-03-14 13:00:00,1,Valorant Masters Santiago 2026,https://www.vlr.gg/626550/nrg-vs-paper-rex-valorant-masters-santiago-2026-lbf
NRG,Split,atk,PRX,0,1,15,defus,2026-03-14 13:00:00,1,Valorant Masters Santiago 2026,https://www.vlr.gg/626550/nrg-vs-paper-rex-valorant-masters-santiago-2026-lbf
NRG,Split,atk,PRX,0,1,16,elim,2026-03-14 13:00:00,1,Valorant Masters Santiago 2026,https://www.vlr.gg/626550/nrg-vs-paper-rex-valorant-masters-santiago-2026-lbf
NRG,Split,atk,PRX,0,1,17,elim,2026-03-14 13:00:00,1,Valorant Masters Santiago 2026,https://www.vlr.gg/626550/nrg-vs-paper-rex-valorant-masters-santiago-2026-lbf
NRG,Split,atk,PRX,1,0,18,elim,2026-03-14 13:00:00,1,Valorant Masters Santiago 2026,https://www.vlr.gg/626550/nrg-vs-paper-rex-valorant-masters-santiago-2026-lbf
NRG,Split,atk,PRX,0,1,19,elim,2026-03-14 13:00:00,1,Valorant Masters Santiago 2026,https://www.vlr.gg/626550/nrg-vs-paper-rex-valorant-masters-santiago-2026-lbf
NRG,Split,atk,PRX,0,1,20,elim,2026-03-14 13:00:00,1,Valorant Masters Santiago 2026,https://www.vlr.gg/626550/nrg-vs-paper-rex-valorant-masters-santiago-2026-lbf
NRG,Split,def,PRX,0,1,1,elim,2026-03-14 13:00:00,1,Valorant Masters Santiago 2026,https://www.vlr.gg/626550/nrg-vs-paper-rex-valorant-masters-santiago-2026-lbf
NRG,Split,def,PRX,0,1,2,elim,2026-03-14 13:00:00,1,Valorant Masters Santiago 2026,https://www.vlr.gg/626550/nrg-vs-paper-rex-valorant-masters-santiago-2026-lbf
NRG,Split,def,PRX,1,0,3,elim,2026-03-14 13:00:00,1,Valorant Masters Santiago 2026,https://www.vlr.gg/626550/nrg-vs-paper-rex-valorant-masters-santiago-2026-lbf
NRG,Split,def,PRX,0,1,4,elim,2026-03-14 13:00:00,1,Valorant Masters Santiago 2026,https://www.vlr.gg/626550/nrg-vs-paper-rex-valorant-masters-santiago-2026-lbf
NRG,Split,def,PRX,1,0,5,elim,2026-03-14 13:00:00,1,Valorant Masters Santiago 2026,https://www.vlr.gg/626550/nrg-vs-paper-rex-valorant-masters-santiago-2026-lbf
NRG,Split,def,PRX,1,0,6,defus,2026-03-14 13:00:00,1,Valorant Masters Santiago 2026,https://www.vlr.gg/626550/nrg-vs-paper-rex-valorant-masters-santiago-2026-lbf
NRG,Split,def,PRX,0,1,7,elim,2026-03-14 13:00:00,1,Valorant Masters Santiago 2026,https://www.vlr.gg/626550/nrg-vs-paper-rex-valorant-masters-santiago-2026-lbf
NRG,Split,def,PRX,0,1,8,boom,2026-03-14 13:00:00,1,Valorant Masters Santiago 2026,https://www.vlr.gg/626550/nrg-vs-paper-rex-valorant-masters-santiago-2026-lbf
NRG,Split,def,PRX,0,1,9,boom,2026-03-14 13:00:00,1,Valorant Masters Santiago 2026,https://www.vlr.gg/626550/nrg-vs-paper-rex-valorant-masters-santiago-2026-lbf
NRG,Split,def,PRX,1,0,10,defus,2026-03-14 13:00:00,1,Valorant Masters Santiago 2026,https://www.vlr.gg/626550/nrg-vs-paper-rex-valorant-masters-santiago-2026-lbf
NRG,Split,def,PRX,0,1,11,elim,2026-03-14 13:00:00,1,Valorant Masters Santiago 2026,https://www.vlr.gg/626550/nrg-vs-paper-rex-valorant-masters-santiago-2026-lbf
NRG,Split,def,PRX,1,0,12,defus,2026-03-14 13:00:00,1,Valorant Masters Santiago 2026,https://www.vlr.gg/626550/nrg-vs-paper-rex-valorant-masters-santiago-2026-lbf
NRG,Corrode,atk,PRX,1,0,1,elim,2026-03-14 13:00:00,2,Valorant Masters Santiago 2026,https://www.vlr.gg/626550/nrg-vs-paper-rex-valorant-masters-santiago-2026-lbf
NRG,Corrode,atk,PRX,1,0,2,elim,2026-03-14 13:00:00,2,Valorant Masters Santiago 2026,https://www.vlr.gg/626550/nrg-vs-paper-rex-valorant-masters-santiago-2026-lbf
NRG,Corrode,atk,PRX,0,1,3,elim,2026-03-14 13:00:00,2,Valorant Masters Santiago 2026,https://www.vlr.gg/626550/nrg-vs-paper-rex-valorant-masters-santiago-2026-lbf
NRG,Corrode,atk,PRX,0,1,4,defus,2026-03-14 13:00:00,2,Valorant Masters Santiago 2026,https://www.vlr.gg/626550/nrg-vs-paper-rex-valorant-masters-santiago-2026-lbf
NRG,Corrode,atk,PRX,0,1,5,elim,2026-03-14 13:00:00,2,Valorant Masters Santiago 2026,https://www.vlr.gg/626550/nrg-vs-paper-rex-valorant-masters-santiago-2026-lbf
NRG,Corrode,atk,PRX,1,0,6,boom,2026-03-14 13:00:00,2,Valorant Masters Santiago 2026,https://www.vlr.gg/626550/nrg-vs-paper-rex-valorant-masters-santiago-2026-lbf
NRG,Corrode,atk,PRX,1,0,7,elim,2026-03-14 13:00:00,2,Valorant Masters Santiago 2026,https://www.vlr.gg/626550/nrg-vs-paper-rex-valorant-masters-santiago-2026-lbf
NRG,Corrode,atk,PRX,0,1,8,defus,2026-03-14 13:00:00,2,Valorant Masters Santiago 2026,https://www.vlr.gg/626550/nrg-vs-paper-rex-valorant-masters-santiago-2026-lbf
NRG,Corrode,atk,PRX,0,1,9,tim,2026-03-14 13:00:00,2,Valorant Masters Santiago 2026,https://www.vlr.gg/626550/nrg-vs-paper-rex-valorant-masters-santiago-2026-lbf
NRG,Corrode,atk,PRX,0,1,10,elim,2026-03-14 13:00:00,2,Valorant Masters Santiago 2026,https://www.vlr.gg/626550/nrg-vs-paper-rex-valorant-masters-santiago-2026-lbf
NRG,Corrode,atk,PRX,1,0,11,elim,2026-03-14 13:00:00,2,Valorant Masters Santiago 2026,https://www.vlr.gg/626550/nrg-vs-paper-rex-valorant-masters-santiago-2026-lbf
NRG,Corrode,atk,PRX,0,1,12,defus,2026-03-14 13:00:00,2,Valorant Masters Santiago 2026,https://www.vlr.gg/626550/nrg-vs-paper-rex-valorant-masters-santiago-2026-lbf
NRG,Corrode,def,PRX,0,1,13,elim,2026-03-14 13:00:00,2,Valorant Masters Santiago 2026,https://www.vlr.gg/626550/nrg-vs-paper-rex-valorant-masters-santiago-2026-lbf
NRG,Corrode,def,PRX,0,1,14,elim,2026-03-14 13:00:00,2,Valorant Masters Santiago 2026,https://www.vlr.gg/626550/nrg-vs-paper-rex-valorant-masters-santiago-2026-lbf
NRG,Corrode,def,PRX,0,1,15,elim,2026-03-14 13:00:00,2,Valorant Masters Santiago 2026,https://www.vlr.gg/626550/nrg-vs-paper-rex-valorant-masters-santiago-2026-lbf
NRG,Corrode,def,PRX,0,1,16,elim,2026-03-14 13:00:00,2,Valorant Masters Santiago 2026,https://www.vlr.gg/626550/nrg-vs-paper-rex-valorant-masters-santiago-2026-lbf
NRG,Corrode,def,PRX,1,0,17,defus,2026-03-14 13:00:00,2,Valorant Masters Santiago 2026,https://www.vlr.gg/626550/nrg-vs-paper-rex-valorant-masters-santiago-2026-lbf
NRG,Corrode,def,PRX,0,1,18,elim,2026-03-14 13:00:00,2,Valorant Masters Santiago 2026,https://www.vlr.gg/626550/nrg-vs-paper-rex-valorant-masters-santiago-2026-lbf
NRG,Corrode,def,PRX,0,1,19,elim,2026-03-14 13:00:00,2,Valorant Masters Santiago 2026,https://www.vlr.gg/626550/nrg-vs-paper-rex-valorant-masters-santiago-2026-lbf
NRG,Breeze,atk,PRX,0,1,13,defus,2026-03-14 13:00:00,3,Valorant Masters Santiago 2026,https://www.vlr.gg/626550/nrg-vs-paper-rex-valorant-masters-santiago-2026-lbf
NRG,Breeze,atk,PRX,0,1,14,elim,2026-03-14 13:00:00,3,Valorant Masters Santiago 2026,https://www.vlr.gg/626550/nrg-vs-paper-rex-valorant-masters-santiago-2026-lbf
NRG,Breeze,atk,PRX,1,0,15,elim,2026-03-14 13:00:00,3,Valorant Masters Santiago 2026,https://www.vlr.gg/626550/nrg-vs-paper-rex-valorant-masters-santiago-2026-lbf
NRG,Breeze,atk,PRX,1,0,16,elim,2026-03-14 13:00:00,3,Valorant Masters Santiago 2026,https://www.vlr.gg/626550/nrg-vs-paper-rex-valorant-masters-santiago-2026-lbf
NRG,Breeze,atk,PRX,1,0,17,elim,2026-03-14 13:00:00,3,Valorant Masters Santiago 2026,https://www.vlr.gg/626550/nrg-vs-paper-rex-valorant-masters-santiago-2026-lbf
NRG,Breeze,atk,PRX,1,0,18,elim,2026-03-14 13:00:00,3,Valorant Masters Santiago 2026,https://www.vlr.gg/626550/nrg-vs-paper-rex-valorant-masters-santiago-2026-lbf
NRG,Breeze,atk,PRX,1,0,19,boom,2026-03-14 13:00:00,3,Valorant Masters Santiago 2026,https://www.vlr.gg/626550/nrg-vs-paper-rex-valorant-masters-santiago-2026-lbf
NRG,Breeze,atk,PRX,0,1,20,elim,2026-03-14 13:00:00,3,Valorant Masters Santiago 2026,https://www.vlr.gg/626550/nrg-vs-paper-rex-valorant-masters-santiago-2026-lbf
NRG,Breeze,atk,PRX,1,0,21,elim,2026-03-14 13:00:00,3,Valorant Masters Santiago 2026,https://www.vlr.gg/626550/nrg-vs-paper-rex-valorant-masters-santiago-2026-lbf
NRG,Breeze,atk,PRX,0,1,22,elim,2026-03-14 13:00:00,3,Valorant Masters Santiago 2026,https://www.vlr.gg/626550/nrg-vs-paper-rex-valorant-masters-santiago-2026-lbf
NRG,Breeze,def,PRX,0,1,1,elim,2026-03-14 13:00:00,3,Valorant Masters Santiago 2026,https://www.vlr.gg/626550/nrg-vs-paper-rex-valorant-masters-santiago-2026-lbf
NRG,Breeze,def,PRX,0,1,2,elim,2026-03-14 13:00:00,3,Valorant Masters Santiago 2026,https://www.vlr.gg/626550/nrg-vs-paper-rex-valorant-masters-santiago-2026-lbf
NRG,Breeze,def,PRX,0,1,3,boom,2026-03-14 13:00:00,3,Valorant Masters Santiago 2026,https://www.vlr.gg/626550/nrg-vs-paper-rex-valorant-masters-santiago-2026-lbf
NRG,Breeze,def,PRX,0,1,4,elim,2026-03-14 13:00:00,3,Valorant Masters Santiago 2026,https://www.vlr.gg/626550/nrg-vs-paper-rex-valorant-masters-santiago-2026-lbf
NRG,Breeze,def,PRX,0,1,5,boom,2026-03-14 13:00:00,3,Valorant Masters Santiago 2026,https://www.vlr.gg/626550/nrg-vs-paper-rex-valorant-masters-santiago-2026-lbf
NRG,Breeze,def,PRX,0,1,6,elim,2026-03-14 13:00:00,3,Valorant Masters Santiago 2026,https://www.vlr.gg/626550/nrg-vs-paper-rex-valorant-masters-santiago-2026-lbf
NRG,Breeze,def,PRX,1,0,7,elim,2026-03-14 13:00:00,3,Valorant Masters Santiago 2026,https://www.vlr.gg/626550/nrg-vs-paper-rex-valorant-masters-santiago-2026-lbf
NRG,Breeze,def,PRX,0,1,8,elim,2026-03-14 13:00:00,3,Valorant Masters Santiago 2026,https://www.vlr.gg/626550/nrg-vs-paper-rex-valorant-masters-santiago-2026-lbf
NRG,Breeze,def,PRX,0,1,9,boom,2026-03-14 13:00:00,3,Valorant Masters Santiago 2026,https://www.vlr.gg/626550/nrg-vs-paper-rex-valorant-masters-santiago-2026-lbf
NRG,Breeze,def,PRX,0,1,10,elim,2026-03-14 13:00:00,3,Valorant Masters Santiago 2026,https://www.vlr.gg/626550/nrg-vs-paper-rex-valorant-masters-santiago-2026-lbf
NRG,Breeze,def,PRX,1,0,11,elim,2026-03-14 13:00:00,3,Valorant Masters Santiago 2026,https://www.vlr.gg/626550/nrg-vs-paper-rex-valorant-masters-santiago-2026-lbf
NRG,Breeze,def,PRX,1,0,12,elim,2026-03-14 13:00:00,3,Valorant Masters Santiago 2026,https://www.vlr.gg/626550/nrg-vs-paper-rex-valorant-masters-santiago-2026-lbf
NS,Corrode,atk,PRX,0,1,1,defus,2026-03-15 14:00:00,0,Valorant Masters Santiago 2026,https://www.vlr.gg/626544/nongshim-redforce-vs-paper-rex-valorant-masters-santiago-2026-gf
NS,Corrode,atk,PRX,1,0,2,elim,2026-03-15 14:00:00,0,Valorant Masters Santiago 2026,https://www.vlr.gg/626544/nongshim-redforce-vs-paper-rex-valorant-masters-santiago-2026-gf
NS,Corrode,atk,PRX,0,1,3,defus,2026-03-15 14:00:00,0,Valorant Masters Santiago 2026,https://www.vlr.gg/626544/nongshim-redforce-vs-paper-rex-valorant-masters-santiago-2026-gf
NS,Corrode,atk,PRX,0,1,4,elim,2026-03-15 14:00:00,0,Valorant Masters Santiago 2026,https://www.vlr.gg/626544/nongshim-redforce-vs-paper-rex-valorant-masters-santiago-2026-gf
NS,Corrode,atk,PRX,1,0,5,elim,2026-03-15 14:00:00,0,Valorant Masters Santiago 2026,https://www.vlr.gg/626544/nongshim-redforce-vs-paper-rex-valorant-masters-santiago-2026-gf
NS,Corrode,atk,PRX,0,1,6,elim,2026-03-15 14:00:00,0,Valorant Masters Santiago 2026,https://www.vlr.gg/626544/nongshim-redforce-vs-paper-rex-valorant-masters-santiago-2026-gf
NS,Corrode,atk,PRX,0,1,7,defus,2026-03-15 14:00:00,0,Valorant Masters Santiago 2026,https://www.vlr.gg/626544/nongshim-redforce-vs-paper-rex-valorant-masters-santiago-2026-gf
NS,Corrode,atk,PRX,0,1,8,defus,2026-03-15 14:00:00,0,Valorant Masters Santiago 2026,https://www.vlr.gg/626544/nongshim-redforce-vs-paper-rex-valorant-masters-santiago-2026-gf
NS,Corrode,atk,PRX,1,0,9,boom,2026-03-15 14:00:00,0,Valorant Masters Santiago 2026,https://www.vlr.gg/626544/nongshim-redforce-vs-paper-rex-valorant-masters-santiago-2026-gf
NS,Corrode,atk,PRX,0,1,10,defus,2026-03-15 14:00:00,0,Valorant Masters Santiago 2026,https://www.vlr.gg/626544/nongshim-redforce-vs-paper-rex-valorant-masters-santiago-2026-gf
NS,Corrode,atk,PRX,0,1,11,elim,2026-03-15 14:00:00,0,Valorant Masters Santiago 2026,https://www.vlr.gg/626544/nongshim-redforce-vs-paper-rex-valorant-masters-santiago-2026-gf
NS,Corrode,atk,PRX,1,0,12,elim,2026-03-15 14:00:00,0,Valorant Masters Santiago 2026,https://www.vlr.gg/626544/nongshim-redforce-vs-paper-rex-valorant-masters-santiago-2026-gf
NS,Corrode,def,PRX,1,0,13,elim,2026-03-15 14:00:00,0,Valorant Masters Santiago 2026,https://www.vlr.gg/626544/nongshim-redforce-vs-paper-rex-valorant-masters-santiago-2026-gf
NS,Corrode,def,PRX,1,0,14,defus,2026-03-15 14:00:00,0,Valorant Masters Santiago 2026,https://www.vlr.gg/626544/nongshim-redforce-vs-paper-rex-valorant-masters-santiago-2026-gf
NS,Corrode,def,PRX,0,1,15,elim,2026-03-15 14:00:00,0,Valorant Masters Santiago 2026,https://www.vlr.gg/626544/nongshim-redforce-vs-paper-rex-valorant-masters-santiago-2026-gf
NS,Corrode,def,PRX,1,0,16,elim,2026-03-15 14:00:00,0,Valorant Masters Santiago 2026,https://www.vlr.gg/626544/nongshim-redforce-vs-paper-rex-valorant-masters-santiago-2026-gf
NS,Corrode,def,PRX,1,0,17,elim,2026-03-15 14:00:00,0,Valorant Masters Santiago 2026,https://www.vlr.gg/626544/nongshim-redforce-vs-paper-rex-valorant-masters-santiago-2026-gf
NS,Corrode,def,PRX,1,0,18,elim,2026-03-15 14:00:00,0,Valorant Masters Santiago 2026,https://www.vlr.gg/626544/nongshim-redforce-vs-paper-rex-valorant-masters-santiago-2026-gf
NS,Corrode,def,PRX,1,0,19,elim,2026-03-15 14:00:00,0,Valorant Masters Santiago 2026,https://www.vlr.gg/626544/nongshim-redforce-vs-paper-rex-valorant-masters-santiago-2026-gf
NS,Corrode,def,PRX,0,1,20,elim,2026-03-15 14:00:00,0,Valorant Masters Santiago 2026,https://www.vlr.gg/626544/nongshim-redforce-vs-paper-rex-valorant-masters-santiago-2026-gf
NS,Corrode,def,PRX,1,0,21,elim,2026-03-15 14:00:00,0,Valorant Masters Santiago 2026,https://www.vlr.gg/626544/nongshim-redforce-vs-paper-rex-valorant-masters-santiago-2026-gf
NS,Corrode,def,PRX,0,1,22,elim,2026-03-15 14:00:00,0,Valorant Masters Santiago 2026,https://www.vlr.gg/626544/nongshim-redforce-vs-paper-rex-valorant-masters-santiago-2026-gf
NS,Corrode,def,PRX,1,0,23,defus,2026-03-15 14:00:00,0,Valorant Masters Santiago 2026,https://www.vlr.gg/626544/nongshim-redforce-vs-paper-rex-valorant-masters-santiago-2026-gf
NS,Corrode,def,PRX,1,0,24,elim,2026-03-15 14:00:00,0,Valorant Masters Santiago 2026,https://www.vlr.gg/626544/nongshim-redforce-vs-paper-rex-valorant-masters-santiago-2026-gf
NS,Split,atk,PRX,1,0,13,elim,2026-03-15 14:00:00,1,Valorant Masters Santiago 2026,https://www.vlr.gg/626544/nongshim-redforce-vs-paper-rex-valorant-masters-santiago-2026-gf
NS,Split,atk,PRX,1,0,14,elim,2026-03-15 14:00:00,1,Valorant Masters Santiago 2026,https://www.vlr.gg/626544/nongshim-redforce-vs-paper-rex-valorant-masters-santiago-2026-gf
NS,Split,atk,PRX,1,0,15,elim,2026-03-15 14:00:00,1,Valorant Masters Santiago 2026,https://www.vlr.gg/626544/nongshim-redforce-vs-paper-rex-valorant-masters-santiago-2026-gf
NS,Split,atk,PRX,0,1,16,elim,2026-03-15 14:00:00,1,Valorant Masters Santiago 2026,https://www.vlr.gg/626544/nongshim-redforce-vs-paper-rex-valorant-masters-santiago-2026-gf
NS,Split,atk,PRX,1,0,17,elim,2026-03-15 14:00:00,1,Valorant Masters Santiago 2026,https://www.vlr.gg/626544/nongshim-redforce-vs-paper-rex-valorant-masters-santiago-2026-gf
NS,Split,def,PRX,1,0,1,elim,2026-03-15 14:00:00,1,Valorant Masters Santiago 2026,https://www.vlr.gg/626544/nongshim-redforce-vs-paper-rex-valorant-masters-santiago-2026-gf
NS,Split,def,PRX,1,0,2,elim,2026-03-15 14:00:00,1,Valorant Masters Santiago 2026,https://www.vlr.gg/626544/nongshim-redforce-vs-paper-rex-valorant-masters-santiago-2026-gf
NS,Split,def,PRX,1,0,3,elim,2026-03-15 14:00:00,1,Valorant Masters Santiago 2026,https://www.vlr.gg/626544/nongshim-redforce-vs-paper-rex-valorant-masters-santiago-2026-gf
NS,Split,def,PRX,1,0,4,elim,2026-03-15 14:00:00,1,Valorant Masters Santiago 2026,https://www.vlr.gg/626544/nongshim-redforce-vs-paper-rex-valorant-masters-santiago-2026-gf
NS,Split,def,PRX,1,0,5,elim,2026-03-15 14:00:00,1,Valorant Masters Santiago 2026,https://www.vlr.gg/626544/nongshim-redforce-vs-paper-rex-valorant-masters-santiago-2026-gf
NS,Split,def,PRX,1,0,6,elim,2026-03-15 14:00:00,1,Valorant Masters Santiago 2026,https://www.vlr.gg/626544/nongshim-redforce-vs-paper-rex-valorant-masters-santiago-2026-gf
NS,Split,def,PRX,0,1,7,elim,2026-03-15 14:00:00,1,Valorant Masters Santiago 2026,https://www.vlr.gg/626544/nongshim-redforce-vs-paper-rex-valorant-masters-santiago-2026-gf
NS,Split,def,PRX,1,0,8,elim,2026-03-15 14:00:00,1,Valorant Masters Santiago 2026,https://www.vlr.gg/626544/nongshim-redforce-vs-paper-rex-valorant-masters-santiago-2026-gf
NS,Split,def,PRX,1,0,9,elim,2026-03-15 14:00:00,1,Valorant Masters Santiago 2026,https://www.vlr.gg/626544/nongshim-redforce-vs-paper-rex-valorant-masters-santiago-2026-gf
NS,Split,def,PRX,0,1,10,elim,2026-03-15 14:00:00,1,Valorant Masters Santiago 2026,https://www.vlr.gg/626544/nongshim-redforce-vs-paper-rex-valorant-masters-santiago-2026-gf
NS,Split,def,PRX,0,1,11,elim,2026-03-15 14:00:00,1,Valorant Masters Santiago 2026,https://www.vlr.gg/626544/nongshim-redforce-vs-paper-rex-valorant-masters-santiago-2026-gf
NS,Split,def,PRX,1,0,12,elim,2026-03-15 14:00:00,1,Valorant Masters Santiago 2026,https://www.vlr.gg/626544/nongshim-redforce-vs-paper-rex-valorant-masters-santiago-2026-gf
NS,Abyss,atk,PRX,0,1,13,defus,2026-03-15 14:00:00,2,Valorant Masters Santiago 2026,https://www.vlr.gg/626544/nongshim-redforce-vs-paper-rex-valorant-masters-santiago-2026-gf
NS,Abyss,atk,PRX,1,0,14,elim,2026-03-15 14:00:00,2,Valorant Masters Santiago 2026,https://www.vlr.gg/626544/nongshim-redforce-vs-paper-rex-valorant-masters-santiago-2026-gf
NS,Abyss,atk,PRX,1,0,15,elim,2026-03-15 14:00:00,2,Valorant Masters Santiago 2026,https://www.vlr.gg/626544/nongshim-redforce-vs-paper-rex-valorant-masters-santiago-2026-gf
NS,Abyss,atk,PRX,1,0,16,elim,2026-03-15 14:00:00,2,Valorant Masters Santiago 2026,https://www.vlr.gg/626544/nongshim-redforce-vs-paper-rex-valorant-masters-santiago-2026-gf
NS,Abyss,def,PRX,1,0,1,elim,2026-03-15 14:00:00,2,Valorant Masters Santiago 2026,https://www.vlr.gg/626544/nongshim-redforce-vs-paper-rex-valorant-masters-santiago-2026-gf
NS,Abyss,def,PRX,1,0,2,elim,2026-03-15 14:00:00,2,Valorant Masters Santiago 2026,https://www.vlr.gg/626544/nongshim-redforce-vs-paper-rex-valorant-masters-santiago-2026-gf
NS,Abyss,def,PRX,0,1,3,elim,2026-03-15 14:00:00,2,Valorant Masters Santiago 2026,https://www.vlr.gg/626544/nongshim-redforce-vs-paper-rex-valorant-masters-santiago-2026-gf
NS,Abyss,def,PRX,1,0,4,elim,2026-03-15 14:00:00,2,Valorant Masters Santiago 2026,https://www.vlr.gg/626544/nongshim-redforce-vs-paper-rex-valorant-masters-santiago-2026-gf
NS,Abyss,def,PRX,1,0,5,elim,2026-03-15 14:00:00,2,Valorant Masters Santiago 2026,https://www.vlr.gg/626544/nongshim-redforce-vs-paper-rex-valorant-masters-santiago-2026-gf
NS,Abyss,def,PRX,1,0,6,elim,2026-03-15 14:00:00,2,Valorant Masters Santiago 2026,https://www.vlr.gg/626544/nongshim-redforce-vs-paper-rex-valorant-masters-santiago-2026-gf
NS,Abyss,def,PRX,1,0,7,defus,2026-03-15 14:00:00,2,Valorant Masters Santiago 2026,https://www.vlr.gg/626544/nongshim-redforce-vs-paper-rex-valorant-masters-santiago-2026-gf
NS,Abyss,def,PRX,1,0,8,elim,2026-03-15 14:00:00,2,Valorant Masters Santiago 2026,https://www.vlr.gg/626544/nongshim-redforce-vs-paper-rex-valorant-masters-santiago-2026-gf
NS,Abyss,def,PRX,1,0,9,elim,2026-03-15 14:00:00,2,Valorant Masters Santiago 2026,https://www.vlr.gg/626544/nongshim-redforce-vs-paper-rex-valorant-masters-santiago-2026-gf
NS,Abyss,def,PRX,1,0,10,elim,2026-03-15 14:00:00,2,Valorant Masters Santiago 2026,https://www.vlr.gg/626544/nongshim-redforce-vs-paper-rex-valorant-masters-santiago-2026-gf
NS,Abyss,def,PRX,0,1,11,elim,2026-03-15 14:00:00,2,Valorant Masters Santiago 2026,https://www.vlr.gg/626544/nongshim-redforce-vs-paper-rex-valorant-masters-santiago-2026-gf
NS,Abyss,def,PRX,1,0,12,defus,2026-03-15 14:00:00,2,Valorant Masters Santiago 2026,https://www.vlr.gg/626544/nongshim-redforce-vs-paper-rex-valorant-masters-santiago-2026-gf
