player,team,2K,3K,4K,5K,1v1,1v2,1v3,1v4,1v5,ECON,PL,DE,map,date,source_url,event
sociablEE,FUT,5,2,0,0,1,0,0,0,0,45,0,1,all,2026-07-15 11:00:00,https://www.vlr.gg/712803/fut-esports-vs-natus-vincere-vct-2026-emea-stage-2-w1,VCT 2026: EMEA Stage 2
yetujey,FUT,6,1,0,0,0,0,0,0,0,61,0,0,all,2026-07-15 11:00:00,https://www.vlr.gg/712803/fut-esports-vs-natus-vincere-vct-2026-emea-stage-2-w1,VCT 2026: EMEA Stage 2
xeus,FUT,5,2,0,0,0,0,0,0,0,53,0,0,all,2026-07-15 11:00:00,https://www.vlr.gg/712803/fut-esports-vs-natus-vincere-vct-2026-emea-stage-2-w1,VCT 2026: EMEA Stage 2
KROSTALY,FUT,5,0,0,0,2,0,0,0,0,48,9,1,all,2026-07-15 11:00:00,https://www.vlr.gg/712803/fut-esports-vs-natus-vincere-vct-2026-emea-stage-2-w1,VCT 2026: EMEA Stage 2
s0pp,FUT,4,1,0,0,0,0,0,0,0,49,0,0,all,2026-07-15 11:00:00,https://www.vlr.gg/712803/fut-esports-vs-natus-vincere-vct-2026-emea-stage-2-w1,VCT 2026: EMEA Stage 2
ExiT,NAVI,11,1,0,0,0,0,0,0,0,63,0,0,all,2026-07-15 11:00:00,https://www.vlr.gg/712803/fut-esports-vs-natus-vincere-vct-2026-emea-stage-2-w1,VCT 2026: EMEA Stage 2
CyvOph,NAVI,4,1,0,0,1,0,0,0,0,69,5,0,all,2026-07-15 11:00:00,https://www.vlr.gg/712803/fut-esports-vs-natus-vincere-vct-2026-emea-stage-2-w1,VCT 2026: EMEA Stage 2
chloric,NAVI,3,0,0,0,1,0,0,0,0,43,9,1,all,2026-07-15 11:00:00,https://www.vlr.gg/712803/fut-esports-vs-natus-vincere-vct-2026-emea-stage-2-w1,VCT 2026: EMEA Stage 2
Ruxic,NAVI,4,3,0,0,0,0,0,0,0,49,2,0,all,2026-07-15 11:00:00,https://www.vlr.gg/712803/fut-esports-vs-natus-vincere-vct-2026-emea-stage-2-w1,VCT 2026: EMEA Stage 2
hiro,NAVI,8,5,0,0,0,0,0,0,0,73,0,1,all,2026-07-15 11:00:00,https://www.vlr.gg/712803/fut-esports-vs-natus-vincere-vct-2026-emea-stage-2-w1,VCT 2026: EMEA Stage 2
sociablEE,FUT,1,2,0,0,1,0,0,0,0,39,0,1,Split,2026-07-15 11:00:00,https://www.vlr.gg/712803/fut-esports-vs-natus-vincere-vct-2026-emea-stage-2-w1,VCT 2026: EMEA Stage 2
yetujey,FUT,2,1,0,0,0,0,0,0,0,67,0,0,Split,2026-07-15 11:00:00,https://www.vlr.gg/712803/fut-esports-vs-natus-vincere-vct-2026-emea-stage-2-w1,VCT 2026: EMEA Stage 2
xeus,FUT,3,0,0,0,0,0,0,0,0,54,0,0,Split,2026-07-15 11:00:00,https://www.vlr.gg/712803/fut-esports-vs-natus-vincere-vct-2026-emea-stage-2-w1,VCT 2026: EMEA Stage 2
KROSTALY,FUT,1,0,0,0,1,0,0,0,0,44,3,0,Split,2026-07-15 11:00:00,https://www.vlr.gg/712803/fut-esports-vs-natus-vincere-vct-2026-emea-stage-2-w1,VCT 2026: EMEA Stage 2
s0pp,FUT,1,0,0,0,0,0,0,0,0,39,0,0,Split,2026-07-15 11:00:00,https://www.vlr.gg/712803/fut-esports-vs-natus-vincere-vct-2026-emea-stage-2-w1,VCT 2026: EMEA Stage 2
ExiT,NAVI,5,0,0,0,0,0,0,0,0,57,0,0,Split,2026-07-15 11:00:00,https://www.vlr.gg/712803/fut-esports-vs-natus-vincere-vct-2026-emea-stage-2-w1,VCT 2026: EMEA Stage 2
CyvOph,NAVI,3,0,0,0,1,0,0,0,0,93,3,0,Split,2026-07-15 11:00:00,https://www.vlr.gg/712803/fut-esports-vs-natus-vincere-vct-2026-emea-stage-2-w1,VCT 2026: EMEA Stage 2
chloric,NAVI,2,0,0,0,0,0,0,0,0,33,5,0,Split,2026-07-15 11:00:00,https://www.vlr.gg/712803/fut-esports-vs-natus-vincere-vct-2026-emea-stage-2-w1,VCT 2026: EMEA Stage 2
Ruxic,NAVI,1,1,0,0,0,0,0,0,0,47,1,0,Split,2026-07-15 11:00:00,https://www.vlr.gg/712803/fut-esports-vs-natus-vincere-vct-2026-emea-stage-2-w1,VCT 2026: EMEA Stage 2
hiro,NAVI,3,3,0,0,0,0,0,0,0,76,0,1,Split,2026-07-15 11:00:00,https://www.vlr.gg/712803/fut-esports-vs-natus-vincere-vct-2026-emea-stage-2-w1,VCT 2026: EMEA Stage 2
sociablEE,FUT,4,0,0,0,0,0,0,0,0,50,0,0,Ascent,2026-07-15 11:00:00,https://www.vlr.gg/712803/fut-esports-vs-natus-vincere-vct-2026-emea-stage-2-w1,VCT 2026: EMEA Stage 2
yetujey,FUT,4,0,0,0,0,0,0,0,0,55,0,0,Ascent,2026-07-15 11:00:00,https://www.vlr.gg/712803/fut-esports-vs-natus-vincere-vct-2026-emea-stage-2-w1,VCT 2026: EMEA Stage 2
xeus,FUT,2,2,0,0,0,0,0,0,0,52,0,0,Ascent,2026-07-15 11:00:00,https://www.vlr.gg/712803/fut-esports-vs-natus-vincere-vct-2026-emea-stage-2-w1,VCT 2026: EMEA Stage 2
KROSTALY,FUT,4,0,0,0,1,0,0,0,0,51,6,1,Ascent,2026-07-15 11:00:00,https://www.vlr.gg/712803/fut-esports-vs-natus-vincere-vct-2026-emea-stage-2-w1,VCT 2026: EMEA Stage 2
s0pp,FUT,3,1,0,0,0,0,0,0,0,59,0,0,Ascent,2026-07-15 11:00:00,https://www.vlr.gg/712803/fut-esports-vs-natus-vincere-vct-2026-emea-stage-2-w1,VCT 2026: EMEA Stage 2
ExiT,NAVI,6,1,0,0,0,0,0,0,0,68,0,0,Ascent,2026-07-15 11:00:00,https://www.vlr.gg/712803/fut-esports-vs-natus-vincere-vct-2026-emea-stage-2-w1,VCT 2026: EMEA Stage 2
CyvOph,NAVI,1,1,0,0,0,0,0,0,0,45,2,0,Ascent,2026-07-15 11:00:00,https://www.vlr.gg/712803/fut-esports-vs-natus-vincere-vct-2026-emea-stage-2-w1,VCT 2026: EMEA Stage 2
chloric,NAVI,1,0,0,0,1,0,0,0,0,52,4,1,Ascent,2026-07-15 11:00:00,https://www.vlr.gg/712803/fut-esports-vs-natus-vincere-vct-2026-emea-stage-2-w1,VCT 2026: EMEA Stage 2
Ruxic,NAVI,3,2,0,0,0,0,0,0,0,51,1,0,Ascent,2026-07-15 11:00:00,https://www.vlr.gg/712803/fut-esports-vs-natus-vincere-vct-2026-emea-stage-2-w1,VCT 2026: EMEA Stage 2
hiro,NAVI,5,2,0,0,0,0,0,0,0,69,0,0,Ascent,2026-07-15 11:00:00,https://www.vlr.gg/712803/fut-esports-vs-natus-vincere-vct-2026-emea-stage-2-w1,VCT 2026: EMEA Stage 2
purp0,TL,6,0,0,0,1,1,0,0,0,36,0,0,all,2026-07-15 13:10:00,https://www.vlr.gg/712804/team-liquid-vs-eternal-fire-vct-2026-emea-stage-2-w1,VCT 2026: EMEA Stage 2
trexx,TL,3,0,0,0,0,0,0,0,0,46,1,0,all,2026-07-15 13:10:00,https://www.vlr.gg/712804/team-liquid-vs-eternal-fire-vct-2026-emea-stage-2-w1,VCT 2026: EMEA Stage 2
LohaN,TL,3,0,0,0,1,0,0,0,0,38,0,0,all,2026-07-15 13:10:00,https://www.vlr.gg/712804/team-liquid-vs-eternal-fire-vct-2026-emea-stage-2-w1,VCT 2026: EMEA Stage 2
Kicks,TL,2,1,0,0,0,0,0,0,0,47,3,0,all,2026-07-15 13:10:00,https://www.vlr.gg/712804/team-liquid-vs-eternal-fire-vct-2026-emea-stage-2-w1,VCT 2026: EMEA Stage 2
kamo,TL,2,2,1,0,0,0,0,0,0,53,0,0,all,2026-07-15 13:10:00,https://www.vlr.gg/712804/team-liquid-vs-eternal-fire-vct-2026-emea-stage-2-w1,VCT 2026: EMEA Stage 2
Izzy,EF,10,1,0,0,0,0,0,0,0,54,0,0,all,2026-07-15 13:10:00,https://www.vlr.gg/712804/team-liquid-vs-eternal-fire-vct-2026-emea-stage-2-w1,VCT 2026: EMEA Stage 2
nekky,EF,7,1,0,0,0,0,0,0,0,63,5,1,all,2026-07-15 13:10:00,https://www.vlr.gg/712804/team-liquid-vs-eternal-fire-vct-2026-emea-stage-2-w1,VCT 2026: EMEA Stage 2
audaz,EF,3,3,0,0,2,0,0,0,0,56,1,0,all,2026-07-15 13:10:00,https://www.vlr.gg/712804/team-liquid-vs-eternal-fire-vct-2026-emea-stage-2-w1,VCT 2026: EMEA Stage 2
Favian,EF,5,5,2,0,0,0,0,0,0,85,2,0,all,2026-07-15 13:10:00,https://www.vlr.gg/712804/team-liquid-vs-eternal-fire-vct-2026-emea-stage-2-w1,VCT 2026: EMEA Stage 2
echo,EF,4,2,1,0,0,1,0,0,0,67,0,1,all,2026-07-15 13:10:00,https://www.vlr.gg/712804/team-liquid-vs-eternal-fire-vct-2026-emea-stage-2-w1,VCT 2026: EMEA Stage 2
purp0,TL,5,0,0,0,1,1,0,0,0,37,0,0,Split,2026-07-15 13:10:00,https://www.vlr.gg/712804/team-liquid-vs-eternal-fire-vct-2026-emea-stage-2-w1,VCT 2026: EMEA Stage 2
trexx,TL,2,0,0,0,0,0,0,0,0,42,1,0,Split,2026-07-15 13:10:00,https://www.vlr.gg/712804/team-liquid-vs-eternal-fire-vct-2026-emea-stage-2-w1,VCT 2026: EMEA Stage 2
LohaN,TL,3,0,0,0,0,0,0,0,0,44,0,0,Split,2026-07-15 13:10:00,https://www.vlr.gg/712804/team-liquid-vs-eternal-fire-vct-2026-emea-stage-2-w1,VCT 2026: EMEA Stage 2
Kicks,TL,1,0,0,0,0,0,0,0,0,37,2,0,Split,2026-07-15 13:10:00,https://www.vlr.gg/712804/team-liquid-vs-eternal-fire-vct-2026-emea-stage-2-w1,VCT 2026: EMEA Stage 2
kamo,TL,2,2,0,0,0,0,0,0,0,57,0,0,Split,2026-07-15 13:10:00,https://www.vlr.gg/712804/team-liquid-vs-eternal-fire-vct-2026-emea-stage-2-w1,VCT 2026: EMEA Stage 2
Izzy,EF,4,0,0,0,0,0,0,0,0,41,0,0,Split,2026-07-15 13:10:00,https://www.vlr.gg/712804/team-liquid-vs-eternal-fire-vct-2026-emea-stage-2-w1,VCT 2026: EMEA Stage 2
nekky,EF,4,1,0,0,0,0,0,0,0,73,3,1,Split,2026-07-15 13:10:00,https://www.vlr.gg/712804/team-liquid-vs-eternal-fire-vct-2026-emea-stage-2-w1,VCT 2026: EMEA Stage 2
audaz,EF,3,0,0,0,1,0,0,0,0,53,1,0,Split,2026-07-15 13:10:00,https://www.vlr.gg/712804/team-liquid-vs-eternal-fire-vct-2026-emea-stage-2-w1,VCT 2026: EMEA Stage 2
Favian,EF,4,2,0,0,0,0,0,0,0,71,1,0,Split,2026-07-15 13:10:00,https://www.vlr.gg/712804/team-liquid-vs-eternal-fire-vct-2026-emea-stage-2-w1,VCT 2026: EMEA Stage 2
echo,EF,2,1,1,0,0,1,0,0,0,80,0,0,Split,2026-07-15 13:10:00,https://www.vlr.gg/712804/team-liquid-vs-eternal-fire-vct-2026-emea-stage-2-w1,VCT 2026: EMEA Stage 2
purp0,TL,1,0,0,0,0,0,0,0,0,34,0,0,Lotus,2026-07-15 13:10:00,https://www.vlr.gg/712804/team-liquid-vs-eternal-fire-vct-2026-emea-stage-2-w1,VCT 2026: EMEA Stage 2
trexx,TL,1,0,0,0,0,0,0,0,0,49,0,0,Lotus,2026-07-15 13:10:00,https://www.vlr.gg/712804/team-liquid-vs-eternal-fire-vct-2026-emea-stage-2-w1,VCT 2026: EMEA Stage 2
LohaN,TL,0,0,0,0,1,0,0,0,0,32,0,0,Lotus,2026-07-15 13:10:00,https://www.vlr.gg/712804/team-liquid-vs-eternal-fire-vct-2026-emea-stage-2-w1,VCT 2026: EMEA Stage 2
Kicks,TL,1,1,0,0,0,0,0,0,0,57,1,0,Lotus,2026-07-15 13:10:00,https://www.vlr.gg/712804/team-liquid-vs-eternal-fire-vct-2026-emea-stage-2-w1,VCT 2026: EMEA Stage 2
kamo,TL,0,0,1,0,0,0,0,0,0,49,0,0,Lotus,2026-07-15 13:10:00,https://www.vlr.gg/712804/team-liquid-vs-eternal-fire-vct-2026-emea-stage-2-w1,VCT 2026: EMEA Stage 2
Izzy,EF,6,1,0,0,0,0,0,0,0,67,0,0,Lotus,2026-07-15 13:10:00,https://www.vlr.gg/712804/team-liquid-vs-eternal-fire-vct-2026-emea-stage-2-w1,VCT 2026: EMEA Stage 2
nekky,EF,3,0,0,0,0,0,0,0,0,52,2,0,Lotus,2026-07-15 13:10:00,https://www.vlr.gg/712804/team-liquid-vs-eternal-fire-vct-2026-emea-stage-2-w1,VCT 2026: EMEA Stage 2
audaz,EF,0,3,0,0,1,0,0,0,0,58,0,0,Lotus,2026-07-15 13:10:00,https://www.vlr.gg/712804/team-liquid-vs-eternal-fire-vct-2026-emea-stage-2-w1,VCT 2026: EMEA Stage 2
Favian,EF,1,3,2,0,0,0,0,0,0,98,1,0,Lotus,2026-07-15 13:10:00,https://www.vlr.gg/712804/team-liquid-vs-eternal-fire-vct-2026-emea-stage-2-w1,VCT 2026: EMEA Stage 2
echo,EF,2,1,0,0,0,0,0,0,0,53,0,1,Lotus,2026-07-15 13:10:00,https://www.vlr.gg/712804/team-liquid-vs-eternal-fire-vct-2026-emea-stage-2-w1,VCT 2026: EMEA Stage 2
crashies,FNC,6,2,1,0,0,0,0,0,0,51,8,2,all,2026-07-16 11:00:00,https://www.vlr.gg/712805/fnatic-vs-giantx-vct-2026-emea-stage-2-w1,VCT 2026: EMEA Stage 2
Boaster,FNC,6,2,0,0,0,0,0,0,0,38,2,0,all,2026-07-16 11:00:00,https://www.vlr.gg/712805/fnatic-vs-giantx-vct-2026-emea-stage-2-w1,VCT 2026: EMEA Stage 2
Cloud,FNC,8,3,0,0,2,0,0,0,0,58,5,1,all,2026-07-16 11:00:00,https://www.vlr.gg/712805/fnatic-vs-giantx-vct-2026-emea-stage-2-w1,VCT 2026: EMEA Stage 2
kaajak,FNC,6,2,0,0,0,0,0,0,0,47,2,0,all,2026-07-16 11:00:00,https://www.vlr.gg/712805/fnatic-vs-giantx-vct-2026-emea-stage-2-w1,VCT 2026: EMEA Stage 2
Alfajer,FNC,11,3,0,0,0,0,0,0,0,60,0,0,all,2026-07-16 11:00:00,https://www.vlr.gg/712805/fnatic-vs-giantx-vct-2026-emea-stage-2-w1,VCT 2026: EMEA Stage 2
Jesse,GX,4,3,0,0,0,0,0,0,0,55,3,1,all,2026-07-16 11:00:00,https://www.vlr.gg/712805/fnatic-vs-giantx-vct-2026-emea-stage-2-w1,VCT 2026: EMEA Stage 2
neT,GX,3,1,0,0,0,0,1,0,0,43,2,0,all,2026-07-16 11:00:00,https://www.vlr.gg/712805/fnatic-vs-giantx-vct-2026-emea-stage-2-w1,VCT 2026: EMEA Stage 2
Flickless,GX,3,0,0,0,1,0,0,0,0,32,4,3,all,2026-07-16 11:00:00,https://www.vlr.gg/712805/fnatic-vs-giantx-vct-2026-emea-stage-2-w1,VCT 2026: EMEA Stage 2
ara,GX,10,1,2,0,0,0,0,0,0,53,3,1,all,2026-07-16 11:00:00,https://www.vlr.gg/712805/fnatic-vs-giantx-vct-2026-emea-stage-2-w1,VCT 2026: EMEA Stage 2
westside,GX,8,3,1,0,1,0,0,0,0,56,0,2,all,2026-07-16 11:00:00,https://www.vlr.gg/712805/fnatic-vs-giantx-vct-2026-emea-stage-2-w1,VCT 2026: EMEA Stage 2
crashies,FNC,4,0,1,0,0,0,0,0,0,63,6,1,Ascent,2026-07-16 11:00:00,https://www.vlr.gg/712805/fnatic-vs-giantx-vct-2026-emea-stage-2-w1,VCT 2026: EMEA Stage 2
Boaster,FNC,2,2,0,0,0,0,0,0,0,39,0,0,Ascent,2026-07-16 11:00:00,https://www.vlr.gg/712805/fnatic-vs-giantx-vct-2026-emea-stage-2-w1,VCT 2026: EMEA Stage 2
Cloud,FNC,3,1,0,0,0,0,0,0,0,45,3,0,Ascent,2026-07-16 11:00:00,https://www.vlr.gg/712805/fnatic-vs-giantx-vct-2026-emea-stage-2-w1,VCT 2026: EMEA Stage 2
kaajak,FNC,5,0,0,0,0,0,0,0,0,48,0,0,Ascent,2026-07-16 11:00:00,https://www.vlr.gg/712805/fnatic-vs-giantx-vct-2026-emea-stage-2-w1,VCT 2026: EMEA Stage 2
Alfajer,FNC,5,2,0,0,0,0,0,0,0,53,0,0,Ascent,2026-07-16 11:00:00,https://www.vlr.gg/712805/fnatic-vs-giantx-vct-2026-emea-stage-2-w1,VCT 2026: EMEA Stage 2
Jesse,GX,3,1,0,0,0,0,0,0,0,42,1,1,Ascent,2026-07-16 11:00:00,https://www.vlr.gg/712805/fnatic-vs-giantx-vct-2026-emea-stage-2-w1,VCT 2026: EMEA Stage 2
neT,GX,2,0,0,0,0,0,1,0,0,41,2,0,Ascent,2026-07-16 11:00:00,https://www.vlr.gg/712805/fnatic-vs-giantx-vct-2026-emea-stage-2-w1,VCT 2026: EMEA Stage 2
Flickless,GX,3,0,0,0,1,0,0,0,0,34,2,1,Ascent,2026-07-16 11:00:00,https://www.vlr.gg/712805/fnatic-vs-giantx-vct-2026-emea-stage-2-w1,VCT 2026: EMEA Stage 2
ara,GX,6,0,1,0,0,0,0,0,0,50,2,1,Ascent,2026-07-16 11:00:00,https://www.vlr.gg/712805/fnatic-vs-giantx-vct-2026-emea-stage-2-w1,VCT 2026: EMEA Stage 2
westside,GX,4,1,0,0,0,0,0,0,0,40,0,0,Ascent,2026-07-16 11:00:00,https://www.vlr.gg/712805/fnatic-vs-giantx-vct-2026-emea-stage-2-w1,VCT 2026: EMEA Stage 2
crashies,FNC,2,2,0,0,0,0,0,0,0,39,2,1,Sunset,2026-07-16 11:00:00,https://www.vlr.gg/712805/fnatic-vs-giantx-vct-2026-emea-stage-2-w1,VCT 2026: EMEA Stage 2
Boaster,FNC,4,0,0,0,0,0,0,0,0,37,2,0,Sunset,2026-07-16 11:00:00,https://www.vlr.gg/712805/fnatic-vs-giantx-vct-2026-emea-stage-2-w1,VCT 2026: EMEA Stage 2
Cloud,FNC,5,2,0,0,2,0,0,0,0,71,2,1,Sunset,2026-07-16 11:00:00,https://www.vlr.gg/712805/fnatic-vs-giantx-vct-2026-emea-stage-2-w1,VCT 2026: EMEA Stage 2
kaajak,FNC,1,2,0,0,0,0,0,0,0,46,2,0,Sunset,2026-07-16 11:00:00,https://www.vlr.gg/712805/fnatic-vs-giantx-vct-2026-emea-stage-2-w1,VCT 2026: EMEA Stage 2
Alfajer,FNC,6,1,0,0,0,0,0,0,0,66,0,0,Sunset,2026-07-16 11:00:00,https://www.vlr.gg/712805/fnatic-vs-giantx-vct-2026-emea-stage-2-w1,VCT 2026: EMEA Stage 2
Jesse,GX,1,2,0,0,0,0,0,0,0,68,2,0,Sunset,2026-07-16 11:00:00,https://www.vlr.gg/712805/fnatic-vs-giantx-vct-2026-emea-stage-2-w1,VCT 2026: EMEA Stage 2
neT,GX,1,1,0,0,0,0,0,0,0,45,0,0,Sunset,2026-07-16 11:00:00,https://www.vlr.gg/712805/fnatic-vs-giantx-vct-2026-emea-stage-2-w1,VCT 2026: EMEA Stage 2
Flickless,GX,0,0,0,0,0,0,0,0,0,29,2,2,Sunset,2026-07-16 11:00:00,https://www.vlr.gg/712805/fnatic-vs-giantx-vct-2026-emea-stage-2-w1,VCT 2026: EMEA Stage 2
ara,GX,4,1,1,0,0,0,0,0,0,56,1,0,Sunset,2026-07-16 11:00:00,https://www.vlr.gg/712805/fnatic-vs-giantx-vct-2026-emea-stage-2-w1,VCT 2026: EMEA Stage 2
westside,GX,4,2,1,0,1,0,0,0,0,71,0,2,Sunset,2026-07-16 11:00:00,https://www.vlr.gg/712805/fnatic-vs-giantx-vct-2026-emea-stage-2-w1,VCT 2026: EMEA Stage 2
al0rante,PCF,7,3,0,0,1,0,0,0,0,52,1,0,all,2026-07-16 13:35:00,https://www.vlr.gg/712806/pcific-esports-vs-gentle-mates-vct-2026-emea-stage-2-w1,VCT 2026: EMEA Stage 2
qpert,PCF,4,0,0,0,2,0,0,0,0,35,4,5,all,2026-07-16 13:35:00,https://www.vlr.gg/712806/pcific-esports-vs-gentle-mates-vct-2026-emea-stage-2-w1,VCT 2026: EMEA Stage 2
waddle,PCF,6,3,0,0,1,0,0,0,0,68,4,2,all,2026-07-16 13:35:00,https://www.vlr.gg/712806/pcific-esports-vs-gentle-mates-vct-2026-emea-stage-2-w1,VCT 2026: EMEA Stage 2
seven,PCF,11,1,0,0,0,0,0,0,0,49,1,0,all,2026-07-16 13:35:00,https://www.vlr.gg/712806/pcific-esports-vs-gentle-mates-vct-2026-emea-stage-2-w1,VCT 2026: EMEA Stage 2
NINJA,PCF,5,3,2,0,2,1,0,0,0,55,1,1,all,2026-07-16 13:35:00,https://www.vlr.gg/712806/pcific-esports-vs-gentle-mates-vct-2026-emea-stage-2-w1,VCT 2026: EMEA Stage 2
starxo,M8,4,2,0,0,0,1,0,0,0,44,10,1,all,2026-07-16 13:35:00,https://www.vlr.gg/712806/pcific-esports-vs-gentle-mates-vct-2026-emea-stage-2-w1,VCT 2026: EMEA Stage 2
marteen,M8,10,3,0,0,0,0,0,0,0,59,3,2,all,2026-07-16 13:35:00,https://www.vlr.gg/712806/pcific-esports-vs-gentle-mates-vct-2026-emea-stage-2-w1,VCT 2026: EMEA Stage 2
bipo,M8,4,2,0,1,0,0,0,0,0,48,2,0,all,2026-07-16 13:35:00,https://www.vlr.gg/712806/pcific-esports-vs-gentle-mates-vct-2026-emea-stage-2-w1,VCT 2026: EMEA Stage 2
Minny,M8,7,5,0,1,0,0,0,0,0,62,2,1,all,2026-07-16 13:35:00,https://www.vlr.gg/712806/pcific-esports-vs-gentle-mates-vct-2026-emea-stage-2-w1,VCT 2026: EMEA Stage 2
Proxh,M8,6,2,1,0,1,1,0,0,0,55,6,0,all,2026-07-16 13:35:00,https://www.vlr.gg/712806/pcific-esports-vs-gentle-mates-vct-2026-emea-stage-2-w1,VCT 2026: EMEA Stage 2
al0rante,PCF,5,2,0,0,1,0,0,0,0,73,1,0,Split,2026-07-16 13:35:00,https://www.vlr.gg/712806/pcific-esports-vs-gentle-mates-vct-2026-emea-stage-2-w1,VCT 2026: EMEA Stage 2
qpert,PCF,2,0,0,0,0,0,0,0,0,38,3,1,Split,2026-07-16 13:35:00,https://www.vlr.gg/712806/pcific-esports-vs-gentle-mates-vct-2026-emea-stage-2-w1,VCT 2026: EMEA Stage 2
waddle,PCF,2,2,0,0,0,0,0,0,0,79,4,1,Split,2026-07-16 13:35:00,https://www.vlr.gg/712806/pcific-esports-vs-gentle-mates-vct-2026-emea-stage-2-w1,VCT 2026: EMEA Stage 2
seven,PCF,6,0,0,0,0,0,0,0,0,45,0,0,Split,2026-07-16 13:35:00,https://www.vlr.gg/712806/pcific-esports-vs-gentle-mates-vct-2026-emea-stage-2-w1,VCT 2026: EMEA Stage 2
NINJA,PCF,4,2,1,0,0,1,0,0,0,66,0,1,Split,2026-07-16 13:35:00,https://www.vlr.gg/712806/pcific-esports-vs-gentle-mates-vct-2026-emea-stage-2-w1,VCT 2026: EMEA Stage 2
starxo,M8,0,0,0,0,0,0,0,0,0,21,2,0,Split,2026-07-16 13:35:00,https://www.vlr.gg/712806/pcific-esports-vs-gentle-mates-vct-2026-emea-stage-2-w1,VCT 2026: EMEA Stage 2
marteen,M8,5,0,0,0,0,0,0,0,0,60,0,0,Split,2026-07-16 13:35:00,https://www.vlr.gg/712806/pcific-esports-vs-gentle-mates-vct-2026-emea-stage-2-w1,VCT 2026: EMEA Stage 2
bipo,M8,0,1,0,1,0,0,0,0,0,62,1,0,Split,2026-07-16 13:35:00,https://www.vlr.gg/712806/pcific-esports-vs-gentle-mates-vct-2026-emea-stage-2-w1,VCT 2026: EMEA Stage 2
Minny,M8,1,1,0,0,0,0,0,0,0,45,0,1,Split,2026-07-16 13:35:00,https://www.vlr.gg/712806/pcific-esports-vs-gentle-mates-vct-2026-emea-stage-2-w1,VCT 2026: EMEA Stage 2
Proxh,M8,2,1,0,0,0,1,0,0,0,35,0,0,Split,2026-07-16 13:35:00,https://www.vlr.gg/712806/pcific-esports-vs-gentle-mates-vct-2026-emea-stage-2-w1,VCT 2026: EMEA Stage 2
al0rante,PCF,1,1,0,0,0,0,0,0,0,61,0,0,Sunset,2026-07-16 13:35:00,https://www.vlr.gg/712806/pcific-esports-vs-gentle-mates-vct-2026-emea-stage-2-w1,VCT 2026: EMEA Stage 2
qpert,PCF,2,0,0,0,0,0,0,0,0,20,1,2,Sunset,2026-07-16 13:35:00,https://www.vlr.gg/712806/pcific-esports-vs-gentle-mates-vct-2026-emea-stage-2-w1,VCT 2026: EMEA Stage 2
waddle,PCF,1,0,0,0,0,0,0,0,0,48,0,0,Sunset,2026-07-16 13:35:00,https://www.vlr.gg/712806/pcific-esports-vs-gentle-mates-vct-2026-emea-stage-2-w1,VCT 2026: EMEA Stage 2
seven,PCF,1,1,0,0,0,0,0,0,0,44,0,0,Sunset,2026-07-16 13:35:00,https://www.vlr.gg/712806/pcific-esports-vs-gentle-mates-vct-2026-emea-stage-2-w1,VCT 2026: EMEA Stage 2
NINJA,PCF,0,1,1,0,2,0,0,0,0,52,0,0,Sunset,2026-07-16 13:35:00,https://www.vlr.gg/712806/pcific-esports-vs-gentle-mates-vct-2026-emea-stage-2-w1,VCT 2026: EMEA Stage 2
starxo,M8,3,1,0,0,0,1,0,0,0,53,4,0,Sunset,2026-07-16 13:35:00,https://www.vlr.gg/712806/pcific-esports-vs-gentle-mates-vct-2026-emea-stage-2-w1,VCT 2026: EMEA Stage 2
marteen,M8,2,1,0,0,0,0,0,0,0,53,1,1,Sunset,2026-07-16 13:35:00,https://www.vlr.gg/712806/pcific-esports-vs-gentle-mates-vct-2026-emea-stage-2-w1,VCT 2026: EMEA Stage 2
bipo,M8,1,1,0,0,0,0,0,0,0,32,0,0,Sunset,2026-07-16 13:35:00,https://www.vlr.gg/712806/pcific-esports-vs-gentle-mates-vct-2026-emea-stage-2-w1,VCT 2026: EMEA Stage 2
Minny,M8,3,3,0,1,0,0,0,0,0,85,1,0,Sunset,2026-07-16 13:35:00,https://www.vlr.gg/712806/pcific-esports-vs-gentle-mates-vct-2026-emea-stage-2-w1,VCT 2026: EMEA Stage 2
Proxh,M8,1,1,1,0,1,0,0,0,0,68,3,0,Sunset,2026-07-16 13:35:00,https://www.vlr.gg/712806/pcific-esports-vs-gentle-mates-vct-2026-emea-stage-2-w1,VCT 2026: EMEA Stage 2
al0rante,PCF,1,0,0,0,0,0,0,0,0,23,0,0,Ascent,2026-07-16 13:35:00,https://www.vlr.gg/712806/pcific-esports-vs-gentle-mates-vct-2026-emea-stage-2-w1,VCT 2026: EMEA Stage 2
qpert,PCF,0,0,0,0,2,0,0,0,0,48,0,2,Ascent,2026-07-16 13:35:00,https://www.vlr.gg/712806/pcific-esports-vs-gentle-mates-vct-2026-emea-stage-2-w1,VCT 2026: EMEA Stage 2
waddle,PCF,3,1,0,0,1,0,0,0,0,76,0,1,Ascent,2026-07-16 13:35:00,https://www.vlr.gg/712806/pcific-esports-vs-gentle-mates-vct-2026-emea-stage-2-w1,VCT 2026: EMEA Stage 2
seven,PCF,4,0,0,0,0,0,0,0,0,58,1,0,Ascent,2026-07-16 13:35:00,https://www.vlr.gg/712806/pcific-esports-vs-gentle-mates-vct-2026-emea-stage-2-w1,VCT 2026: EMEA Stage 2
NINJA,PCF,1,0,0,0,0,0,0,0,0,47,1,0,Ascent,2026-07-16 13:35:00,https://www.vlr.gg/712806/pcific-esports-vs-gentle-mates-vct-2026-emea-stage-2-w1,VCT 2026: EMEA Stage 2
starxo,M8,1,1,0,0,0,0,0,0,0,57,4,1,Ascent,2026-07-16 13:35:00,https://www.vlr.gg/712806/pcific-esports-vs-gentle-mates-vct-2026-emea-stage-2-w1,VCT 2026: EMEA Stage 2
marteen,M8,3,2,0,0,0,0,0,0,0,63,2,1,Ascent,2026-07-16 13:35:00,https://www.vlr.gg/712806/pcific-esports-vs-gentle-mates-vct-2026-emea-stage-2-w1,VCT 2026: EMEA Stage 2
bipo,M8,3,0,0,0,0,0,0,0,0,51,1,0,Ascent,2026-07-16 13:35:00,https://www.vlr.gg/712806/pcific-esports-vs-gentle-mates-vct-2026-emea-stage-2-w1,VCT 2026: EMEA Stage 2
Minny,M8,3,1,0,0,0,0,0,0,0,56,1,0,Ascent,2026-07-16 13:35:00,https://www.vlr.gg/712806/pcific-esports-vs-gentle-mates-vct-2026-emea-stage-2-w1,VCT 2026: EMEA Stage 2
Proxh,M8,3,0,0,0,0,0,0,0,0,61,3,0,Ascent,2026-07-16 13:35:00,https://www.vlr.gg/712806/pcific-esports-vs-gentle-mates-vct-2026-emea-stage-2-w1,VCT 2026: EMEA Stage 2
SUYGETSU,KC,5,2,1,0,1,0,0,0,0,61,3,1,all,2026-07-17 11:00:00,https://www.vlr.gg/712807/karmine-corp-vs-eternal-fire-vct-2026-emea-stage-2-w1,VCT 2026: EMEA Stage 2
Avez,KC,5,3,0,0,0,0,0,0,0,46,10,1,all,2026-07-17 11:00:00,https://www.vlr.gg/712807/karmine-corp-vs-eternal-fire-vct-2026-emea-stage-2-w1,VCT 2026: EMEA Stage 2
dos9,KC,3,2,0,0,1,0,0,0,0,42,5,3,all,2026-07-17 11:00:00,https://www.vlr.gg/712807/karmine-corp-vs-eternal-fire-vct-2026-emea-stage-2-w1,VCT 2026: EMEA Stage 2
LewN,KC,7,3,1,0,1,0,0,0,0,54,0,1,all,2026-07-17 11:00:00,https://www.vlr.gg/712807/karmine-corp-vs-eternal-fire-vct-2026-emea-stage-2-w1,VCT 2026: EMEA Stage 2
N4RRATE,KC,4,3,1,0,1,1,0,0,0,72,1,2,all,2026-07-17 11:00:00,https://www.vlr.gg/712807/karmine-corp-vs-eternal-fire-vct-2026-emea-stage-2-w1,VCT 2026: EMEA Stage 2
Izzy,EF,5,1,0,0,0,0,0,0,0,41,1,0,all,2026-07-17 11:00:00,https://www.vlr.gg/712807/karmine-corp-vs-eternal-fire-vct-2026-emea-stage-2-w1,VCT 2026: EMEA Stage 2
nekky,EF,4,2,0,0,1,0,0,0,0,42,9,1,all,2026-07-17 11:00:00,https://www.vlr.gg/712807/karmine-corp-vs-eternal-fire-vct-2026-emea-stage-2-w1,VCT 2026: EMEA Stage 2
audaz,EF,3,2,1,0,1,0,0,0,0,39,8,1,all,2026-07-17 11:00:00,https://www.vlr.gg/712807/karmine-corp-vs-eternal-fire-vct-2026-emea-stage-2-w1,VCT 2026: EMEA Stage 2
Favian,EF,6,3,1,0,0,0,0,0,0,54,0,0,all,2026-07-17 11:00:00,https://www.vlr.gg/712807/karmine-corp-vs-eternal-fire-vct-2026-emea-stage-2-w1,VCT 2026: EMEA Stage 2
echo,EF,5,1,0,0,0,0,0,0,0,43,0,1,all,2026-07-17 11:00:00,https://www.vlr.gg/712807/karmine-corp-vs-eternal-fire-vct-2026-emea-stage-2-w1,VCT 2026: EMEA Stage 2
SUYGETSU,KC,2,2,0,0,1,0,0,0,0,60,2,0,Sunset,2026-07-17 11:00:00,https://www.vlr.gg/712807/karmine-corp-vs-eternal-fire-vct-2026-emea-stage-2-w1,VCT 2026: EMEA Stage 2
Avez,KC,3,2,0,0,0,0,0,0,0,58,4,1,Sunset,2026-07-17 11:00:00,https://www.vlr.gg/712807/karmine-corp-vs-eternal-fire-vct-2026-emea-stage-2-w1,VCT 2026: EMEA Stage 2
dos9,KC,2,0,0,0,0,0,0,0,0,46,4,0,Sunset,2026-07-17 11:00:00,https://www.vlr.gg/712807/karmine-corp-vs-eternal-fire-vct-2026-emea-stage-2-w1,VCT 2026: EMEA Stage 2
LewN,KC,3,1,0,0,0,0,0,0,0,47,0,1,Sunset,2026-07-17 11:00:00,https://www.vlr.gg/712807/karmine-corp-vs-eternal-fire-vct-2026-emea-stage-2-w1,VCT 2026: EMEA Stage 2
N4RRATE,KC,2,1,0,0,1,1,0,0,0,85,1,0,Sunset,2026-07-17 11:00:00,https://www.vlr.gg/712807/karmine-corp-vs-eternal-fire-vct-2026-emea-stage-2-w1,VCT 2026: EMEA Stage 2
Izzy,EF,2,1,0,0,0,0,0,0,0,50,0,0,Sunset,2026-07-17 11:00:00,https://www.vlr.gg/712807/karmine-corp-vs-eternal-fire-vct-2026-emea-stage-2-w1,VCT 2026: EMEA Stage 2
nekky,EF,2,1,0,0,0,0,0,0,0,42,4,0,Sunset,2026-07-17 11:00:00,https://www.vlr.gg/712807/karmine-corp-vs-eternal-fire-vct-2026-emea-stage-2-w1,VCT 2026: EMEA Stage 2
audaz,EF,0,1,0,0,0,0,0,0,0,33,3,0,Sunset,2026-07-17 11:00:00,https://www.vlr.gg/712807/karmine-corp-vs-eternal-fire-vct-2026-emea-stage-2-w1,VCT 2026: EMEA Stage 2
Favian,EF,3,0,1,0,0,0,0,0,0,64,0,0,Sunset,2026-07-17 11:00:00,https://www.vlr.gg/712807/karmine-corp-vs-eternal-fire-vct-2026-emea-stage-2-w1,VCT 2026: EMEA Stage 2
echo,EF,1,1,0,0,0,0,0,0,0,43,0,0,Sunset,2026-07-17 11:00:00,https://www.vlr.gg/712807/karmine-corp-vs-eternal-fire-vct-2026-emea-stage-2-w1,VCT 2026: EMEA Stage 2
SUYGETSU,KC,3,0,1,0,0,0,0,0,0,61,1,1,Lotus,2026-07-17 11:00:00,https://www.vlr.gg/712807/karmine-corp-vs-eternal-fire-vct-2026-emea-stage-2-w1,VCT 2026: EMEA Stage 2
Avez,KC,2,1,0,0,0,0,0,0,0,34,6,0,Lotus,2026-07-17 11:00:00,https://www.vlr.gg/712807/karmine-corp-vs-eternal-fire-vct-2026-emea-stage-2-w1,VCT 2026: EMEA Stage 2
dos9,KC,1,2,0,0,1,0,0,0,0,38,1,3,Lotus,2026-07-17 11:00:00,https://www.vlr.gg/712807/karmine-corp-vs-eternal-fire-vct-2026-emea-stage-2-w1,VCT 2026: EMEA Stage 2
LewN,KC,4,2,1,0,1,0,0,0,0,60,0,0,Lotus,2026-07-17 11:00:00,https://www.vlr.gg/712807/karmine-corp-vs-eternal-fire-vct-2026-emea-stage-2-w1,VCT 2026: EMEA Stage 2
N4RRATE,KC,2,2,1,0,0,0,0,0,0,59,0,2,Lotus,2026-07-17 11:00:00,https://www.vlr.gg/712807/karmine-corp-vs-eternal-fire-vct-2026-emea-stage-2-w1,VCT 2026: EMEA Stage 2
Izzy,EF,3,0,0,0,0,0,0,0,0,32,1,0,Lotus,2026-07-17 11:00:00,https://www.vlr.gg/712807/karmine-corp-vs-eternal-fire-vct-2026-emea-stage-2-w1,VCT 2026: EMEA Stage 2
nekky,EF,2,1,0,0,1,0,0,0,0,41,5,1,Lotus,2026-07-17 11:00:00,https://www.vlr.gg/712807/karmine-corp-vs-eternal-fire-vct-2026-emea-stage-2-w1,VCT 2026: EMEA Stage 2
audaz,EF,3,1,1,0,1,0,0,0,0,44,5,1,Lotus,2026-07-17 11:00:00,https://www.vlr.gg/712807/karmine-corp-vs-eternal-fire-vct-2026-emea-stage-2-w1,VCT 2026: EMEA Stage 2
Favian,EF,3,3,0,0,0,0,0,0,0,44,0,0,Lotus,2026-07-17 11:00:00,https://www.vlr.gg/712807/karmine-corp-vs-eternal-fire-vct-2026-emea-stage-2-w1,VCT 2026: EMEA Stage 2
echo,EF,4,0,0,0,0,0,0,0,0,43,0,1,Lotus,2026-07-17 11:00:00,https://www.vlr.gg/712807/karmine-corp-vs-eternal-fire-vct-2026-emea-stage-2-w1,VCT 2026: EMEA Stage 2
Chronicle,VIT,10,4,0,0,0,1,0,0,0,67,6,1,all,2026-07-17 13:25:00,https://www.vlr.gg/712808/team-vitality-vs-natus-vincere-vct-2026-emea-stage-2-w1,VCT 2026: EMEA Stage 2
Derke,VIT,8,2,0,0,1,1,0,0,0,45,2,1,all,2026-07-17 13:25:00,https://www.vlr.gg/712808/team-vitality-vs-natus-vincere-vct-2026-emea-stage-2-w1,VCT 2026: EMEA Stage 2
PROFEK,VIT,6,1,0,0,0,0,0,0,0,58,2,0,all,2026-07-17 13:25:00,https://www.vlr.gg/712808/team-vitality-vs-natus-vincere-vct-2026-emea-stage-2-w1,VCT 2026: EMEA Stage 2
Jamppi,VIT,8,2,1,0,2,0,0,0,0,60,3,1,all,2026-07-17 13:25:00,https://www.vlr.gg/712808/team-vitality-vs-natus-vincere-vct-2026-emea-stage-2-w1,VCT 2026: EMEA Stage 2
Sayonara,VIT,10,4,0,0,0,2,1,0,0,57,14,6,all,2026-07-17 13:25:00,https://www.vlr.gg/712808/team-vitality-vs-natus-vincere-vct-2026-emea-stage-2-w1,VCT 2026: EMEA Stage 2
ExiT,NAVI,8,2,1,0,0,0,0,0,0,45,1,0,all,2026-07-17 13:25:00,https://www.vlr.gg/712808/team-vitality-vs-natus-vincere-vct-2026-emea-stage-2-w1,VCT 2026: EMEA Stage 2
CyvOph,NAVI,4,2,1,0,0,2,0,0,0,51,12,1,all,2026-07-17 13:25:00,https://www.vlr.gg/712808/team-vitality-vs-natus-vincere-vct-2026-emea-stage-2-w1,VCT 2026: EMEA Stage 2
chloric,NAVI,5,2,0,0,0,0,1,0,0,44,4,2,all,2026-07-17 13:25:00,https://www.vlr.gg/712808/team-vitality-vs-natus-vincere-vct-2026-emea-stage-2-w1,VCT 2026: EMEA Stage 2
Ruxic,NAVI,8,2,0,0,1,0,0,1,0,62,3,3,all,2026-07-17 13:25:00,https://www.vlr.gg/712808/team-vitality-vs-natus-vincere-vct-2026-emea-stage-2-w1,VCT 2026: EMEA Stage 2
hiro,NAVI,8,4,0,0,1,0,0,0,0,59,3,1,all,2026-07-17 13:25:00,https://www.vlr.gg/712808/team-vitality-vs-natus-vincere-vct-2026-emea-stage-2-w1,VCT 2026: EMEA Stage 2
Chronicle,VIT,3,0,0,0,0,0,0,0,0,41,3,0,Sunset,2026-07-17 13:25:00,https://www.vlr.gg/712808/team-vitality-vs-natus-vincere-vct-2026-emea-stage-2-w1,VCT 2026: EMEA Stage 2
Derke,VIT,3,0,0,0,0,0,0,0,0,38,0,0,Sunset,2026-07-17 13:25:00,https://www.vlr.gg/712808/team-vitality-vs-natus-vincere-vct-2026-emea-stage-2-w1,VCT 2026: EMEA Stage 2
PROFEK,VIT,2,0,0,0,0,0,0,0,0,58,1,0,Sunset,2026-07-17 13:25:00,https://www.vlr.gg/712808/team-vitality-vs-natus-vincere-vct-2026-emea-stage-2-w1,VCT 2026: EMEA Stage 2
Jamppi,VIT,2,2,0,0,2,0,0,0,0,81,1,1,Sunset,2026-07-17 13:25:00,https://www.vlr.gg/712808/team-vitality-vs-natus-vincere-vct-2026-emea-stage-2-w1,VCT 2026: EMEA Stage 2
Sayonara,VIT,1,1,0,0,0,1,1,0,0,36,2,1,Sunset,2026-07-17 13:25:00,https://www.vlr.gg/712808/team-vitality-vs-natus-vincere-vct-2026-emea-stage-2-w1,VCT 2026: EMEA Stage 2
ExiT,NAVI,4,0,1,0,0,0,0,0,0,54,0,0,Sunset,2026-07-17 13:25:00,https://www.vlr.gg/712808/team-vitality-vs-natus-vincere-vct-2026-emea-stage-2-w1,VCT 2026: EMEA Stage 2
CyvOph,NAVI,2,1,0,0,0,0,0,0,0,56,7,0,Sunset,2026-07-17 13:25:00,https://www.vlr.gg/712808/team-vitality-vs-natus-vincere-vct-2026-emea-stage-2-w1,VCT 2026: EMEA Stage 2
chloric,NAVI,3,2,0,0,0,0,1,0,0,56,2,1,Sunset,2026-07-17 13:25:00,https://www.vlr.gg/712808/team-vitality-vs-natus-vincere-vct-2026-emea-stage-2-w1,VCT 2026: EMEA Stage 2
Ruxic,NAVI,3,0,0,0,0,0,0,0,0,55,0,1,Sunset,2026-07-17 13:25:00,https://www.vlr.gg/712808/team-vitality-vs-natus-vincere-vct-2026-emea-stage-2-w1,VCT 2026: EMEA Stage 2
hiro,NAVI,3,1,0,0,0,0,0,0,0,69,1,0,Sunset,2026-07-17 13:25:00,https://www.vlr.gg/712808/team-vitality-vs-natus-vincere-vct-2026-emea-stage-2-w1,VCT 2026: EMEA Stage 2
Chronicle,VIT,4,2,0,0,0,1,0,0,0,90,2,1,Breeze,2026-07-17 13:25:00,https://www.vlr.gg/712808/team-vitality-vs-natus-vincere-vct-2026-emea-stage-2-w1,VCT 2026: EMEA Stage 2
Derke,VIT,2,1,0,0,1,1,0,0,0,51,0,1,Breeze,2026-07-17 13:25:00,https://www.vlr.gg/712808/team-vitality-vs-natus-vincere-vct-2026-emea-stage-2-w1,VCT 2026: EMEA Stage 2
PROFEK,VIT,1,1,0,0,0,0,0,0,0,65,1,0,Breeze,2026-07-17 13:25:00,https://www.vlr.gg/712808/team-vitality-vs-natus-vincere-vct-2026-emea-stage-2-w1,VCT 2026: EMEA Stage 2
Jamppi,VIT,1,0,0,0,0,0,0,0,0,34,2,0,Breeze,2026-07-17 13:25:00,https://www.vlr.gg/712808/team-vitality-vs-natus-vincere-vct-2026-emea-stage-2-w1,VCT 2026: EMEA Stage 2
Sayonara,VIT,4,2,0,0,0,0,0,0,0,64,4,2,Breeze,2026-07-17 13:25:00,https://www.vlr.gg/712808/team-vitality-vs-natus-vincere-vct-2026-emea-stage-2-w1,VCT 2026: EMEA Stage 2
ExiT,NAVI,1,1,0,0,0,0,0,0,0,46,0,0,Breeze,2026-07-17 13:25:00,https://www.vlr.gg/712808/team-vitality-vs-natus-vincere-vct-2026-emea-stage-2-w1,VCT 2026: EMEA Stage 2
CyvOph,NAVI,0,1,0,0,0,1,0,0,0,46,2,0,Breeze,2026-07-17 13:25:00,https://www.vlr.gg/712808/team-vitality-vs-natus-vincere-vct-2026-emea-stage-2-w1,VCT 2026: EMEA Stage 2
chloric,NAVI,2,0,0,0,0,0,0,0,0,48,1,1,Breeze,2026-07-17 13:25:00,https://www.vlr.gg/712808/team-vitality-vs-natus-vincere-vct-2026-emea-stage-2-w1,VCT 2026: EMEA Stage 2
Ruxic,NAVI,4,1,0,0,0,0,0,1,0,64,1,0,Breeze,2026-07-17 13:25:00,https://www.vlr.gg/712808/team-vitality-vs-natus-vincere-vct-2026-emea-stage-2-w1,VCT 2026: EMEA Stage 2
hiro,NAVI,2,0,0,0,0,0,0,0,0,41,2,0,Breeze,2026-07-17 13:25:00,https://www.vlr.gg/712808/team-vitality-vs-natus-vincere-vct-2026-emea-stage-2-w1,VCT 2026: EMEA Stage 2
Chronicle,VIT,3,2,0,0,0,0,0,0,0,70,1,0,Split,2026-07-17 13:25:00,https://www.vlr.gg/712808/team-vitality-vs-natus-vincere-vct-2026-emea-stage-2-w1,VCT 2026: EMEA Stage 2
Derke,VIT,3,1,0,0,0,0,0,0,0,45,2,0,Split,2026-07-17 13:25:00,https://www.vlr.gg/712808/team-vitality-vs-natus-vincere-vct-2026-emea-stage-2-w1,VCT 2026: EMEA Stage 2
PROFEK,VIT,3,0,0,0,0,0,0,0,0,52,0,0,Split,2026-07-17 13:25:00,https://www.vlr.gg/712808/team-vitality-vs-natus-vincere-vct-2026-emea-stage-2-w1,VCT 2026: EMEA Stage 2
Jamppi,VIT,5,0,1,0,0,0,0,0,0,66,0,0,Split,2026-07-17 13:25:00,https://www.vlr.gg/712808/team-vitality-vs-natus-vincere-vct-2026-emea-stage-2-w1,VCT 2026: EMEA Stage 2
Sayonara,VIT,5,1,0,0,0,1,0,0,0,71,8,3,Split,2026-07-17 13:25:00,https://www.vlr.gg/712808/team-vitality-vs-natus-vincere-vct-2026-emea-stage-2-w1,VCT 2026: EMEA Stage 2
ExiT,NAVI,3,1,0,0,0,0,0,0,0,36,1,0,Split,2026-07-17 13:25:00,https://www.vlr.gg/712808/team-vitality-vs-natus-vincere-vct-2026-emea-stage-2-w1,VCT 2026: EMEA Stage 2
CyvOph,NAVI,2,0,1,0,0,1,0,0,0,52,3,1,Split,2026-07-17 13:25:00,https://www.vlr.gg/712808/team-vitality-vs-natus-vincere-vct-2026-emea-stage-2-w1,VCT 2026: EMEA Stage 2
chloric,NAVI,0,0,0,0,0,0,0,0,0,27,1,0,Split,2026-07-17 13:25:00,https://www.vlr.gg/712808/team-vitality-vs-natus-vincere-vct-2026-emea-stage-2-w1,VCT 2026: EMEA Stage 2
Ruxic,NAVI,1,1,0,0,1,0,0,0,0,68,2,2,Split,2026-07-17 13:25:00,https://www.vlr.gg/712808/team-vitality-vs-natus-vincere-vct-2026-emea-stage-2-w1,VCT 2026: EMEA Stage 2
hiro,NAVI,3,3,0,0,1,0,0,0,0,68,0,1,Split,2026-07-17 13:25:00,https://www.vlr.gg/712808/team-vitality-vs-natus-vincere-vct-2026-emea-stage-2-w1,VCT 2026: EMEA Stage 2
starxo,M8,4,0,0,0,1,0,0,0,0,41,9,1,all,2026-07-18 11:00:00,https://www.vlr.gg/712809/gentle-mates-vs-fut-esports-vct-2026-emea-stage-2-w1,VCT 2026: EMEA Stage 2
marteen,M8,6,6,0,1,0,1,0,0,0,70,2,1,all,2026-07-18 11:00:00,https://www.vlr.gg/712809/gentle-mates-vs-fut-esports-vct-2026-emea-stage-2-w1,VCT 2026: EMEA Stage 2
bipo,M8,3,0,0,0,0,1,0,0,0,29,2,0,all,2026-07-18 11:00:00,https://www.vlr.gg/712809/gentle-mates-vs-fut-esports-vct-2026-emea-stage-2-w1,VCT 2026: EMEA Stage 2
Minny,M8,7,1,0,0,1,0,0,0,0,47,2,0,all,2026-07-18 11:00:00,https://www.vlr.gg/712809/gentle-mates-vs-fut-esports-vct-2026-emea-stage-2-w1,VCT 2026: EMEA Stage 2
Proxh,M8,9,1,1,0,1,0,0,0,0,57,5,0,all,2026-07-18 11:00:00,https://www.vlr.gg/712809/gentle-mates-vs-fut-esports-vct-2026-emea-stage-2-w1,VCT 2026: EMEA Stage 2
sociablEE,FUT,8,4,0,0,0,0,0,0,0,66,1,2,all,2026-07-18 11:00:00,https://www.vlr.gg/712809/gentle-mates-vs-fut-esports-vct-2026-emea-stage-2-w1,VCT 2026: EMEA Stage 2
yetujey,FUT,5,3,0,0,0,0,0,0,0,49,1,2,all,2026-07-18 11:00:00,https://www.vlr.gg/712809/gentle-mates-vs-fut-esports-vct-2026-emea-stage-2-w1,VCT 2026: EMEA Stage 2
xeus,FUT,5,4,1,0,0,0,0,0,0,50,2,1,all,2026-07-18 11:00:00,https://www.vlr.gg/712809/gentle-mates-vs-fut-esports-vct-2026-emea-stage-2-w1,VCT 2026: EMEA Stage 2
KROSTALY,FUT,10,0,0,0,0,0,0,0,0,49,11,1,all,2026-07-18 11:00:00,https://www.vlr.gg/712809/gentle-mates-vs-fut-esports-vct-2026-emea-stage-2-w1,VCT 2026: EMEA Stage 2
s0pp,FUT,5,5,0,0,0,1,0,0,0,52,1,2,all,2026-07-18 11:00:00,https://www.vlr.gg/712809/gentle-mates-vs-fut-esports-vct-2026-emea-stage-2-w1,VCT 2026: EMEA Stage 2
starxo,M8,3,0,0,0,1,0,0,0,0,45,4,0,Sunset,2026-07-18 11:00:00,https://www.vlr.gg/712809/gentle-mates-vs-fut-esports-vct-2026-emea-stage-2-w1,VCT 2026: EMEA Stage 2
marteen,M8,4,2,0,0,0,1,0,0,0,67,1,0,Sunset,2026-07-18 11:00:00,https://www.vlr.gg/712809/gentle-mates-vs-fut-esports-vct-2026-emea-stage-2-w1,VCT 2026: EMEA Stage 2
bipo,M8,1,0,0,0,0,1,0,0,0,28,1,0,Sunset,2026-07-18 11:00:00,https://www.vlr.gg/712809/gentle-mates-vs-fut-esports-vct-2026-emea-stage-2-w1,VCT 2026: EMEA Stage 2
Minny,M8,2,0,0,0,1,0,0,0,0,48,1,0,Sunset,2026-07-18 11:00:00,https://www.vlr.gg/712809/gentle-mates-vs-fut-esports-vct-2026-emea-stage-2-w1,VCT 2026: EMEA Stage 2
Proxh,M8,7,0,1,0,0,0,0,0,0,65,2,0,Sunset,2026-07-18 11:00:00,https://www.vlr.gg/712809/gentle-mates-vs-fut-esports-vct-2026-emea-stage-2-w1,VCT 2026: EMEA Stage 2
sociablEE,FUT,6,3,0,0,0,0,0,0,0,92,0,1,Sunset,2026-07-18 11:00:00,https://www.vlr.gg/712809/gentle-mates-vs-fut-esports-vct-2026-emea-stage-2-w1,VCT 2026: EMEA Stage 2
yetujey,FUT,2,1,0,0,0,0,0,0,0,39,0,2,Sunset,2026-07-18 11:00:00,https://www.vlr.gg/712809/gentle-mates-vs-fut-esports-vct-2026-emea-stage-2-w1,VCT 2026: EMEA Stage 2
xeus,FUT,3,2,1,0,0,0,0,0,0,67,0,1,Sunset,2026-07-18 11:00:00,https://www.vlr.gg/712809/gentle-mates-vs-fut-esports-vct-2026-emea-stage-2-w1,VCT 2026: EMEA Stage 2
KROSTALY,FUT,4,0,0,0,0,0,0,0,0,41,5,1,Sunset,2026-07-18 11:00:00,https://www.vlr.gg/712809/gentle-mates-vs-fut-esports-vct-2026-emea-stage-2-w1,VCT 2026: EMEA Stage 2
s0pp,FUT,2,1,0,0,0,0,0,0,0,43,0,0,Sunset,2026-07-18 11:00:00,https://www.vlr.gg/712809/gentle-mates-vs-fut-esports-vct-2026-emea-stage-2-w1,VCT 2026: EMEA Stage 2
starxo,M8,1,0,0,0,0,0,0,0,0,37,5,1,Haven,2026-07-18 11:00:00,https://www.vlr.gg/712809/gentle-mates-vs-fut-esports-vct-2026-emea-stage-2-w1,VCT 2026: EMEA Stage 2
marteen,M8,2,4,0,1,0,0,0,0,0,72,1,1,Haven,2026-07-18 11:00:00,https://www.vlr.gg/712809/gentle-mates-vs-fut-esports-vct-2026-emea-stage-2-w1,VCT 2026: EMEA Stage 2
bipo,M8,2,0,0,0,0,0,0,0,0,30,1,0,Haven,2026-07-18 11:00:00,https://www.vlr.gg/712809/gentle-mates-vs-fut-esports-vct-2026-emea-stage-2-w1,VCT 2026: EMEA Stage 2
Minny,M8,5,1,0,0,0,0,0,0,0,45,1,0,Haven,2026-07-18 11:00:00,https://www.vlr.gg/712809/gentle-mates-vs-fut-esports-vct-2026-emea-stage-2-w1,VCT 2026: EMEA Stage 2
Proxh,M8,2,1,0,0,1,0,0,0,0,48,3,0,Haven,2026-07-18 11:00:00,https://www.vlr.gg/712809/gentle-mates-vs-fut-esports-vct-2026-emea-stage-2-w1,VCT 2026: EMEA Stage 2
sociablEE,FUT,2,1,0,0,0,0,0,0,0,40,1,1,Haven,2026-07-18 11:00:00,https://www.vlr.gg/712809/gentle-mates-vs-fut-esports-vct-2026-emea-stage-2-w1,VCT 2026: EMEA Stage 2
yetujey,FUT,3,2,0,0,0,0,0,0,0,59,1,0,Haven,2026-07-18 11:00:00,https://www.vlr.gg/712809/gentle-mates-vs-fut-esports-vct-2026-emea-stage-2-w1,VCT 2026: EMEA Stage 2
xeus,FUT,2,2,0,0,0,0,0,0,0,33,2,0,Haven,2026-07-18 11:00:00,https://www.vlr.gg/712809/gentle-mates-vs-fut-esports-vct-2026-emea-stage-2-w1,VCT 2026: EMEA Stage 2
KROSTALY,FUT,6,0,0,0,0,0,0,0,0,56,6,0,Haven,2026-07-18 11:00:00,https://www.vlr.gg/712809/gentle-mates-vs-fut-esports-vct-2026-emea-stage-2-w1,VCT 2026: EMEA Stage 2
s0pp,FUT,3,4,0,0,0,1,0,0,0,60,1,2,Haven,2026-07-18 11:00:00,https://www.vlr.gg/712809/gentle-mates-vs-fut-esports-vct-2026-emea-stage-2-w1,VCT 2026: EMEA Stage 2
Boo,TH,8,1,0,0,0,0,0,0,0,58,9,1,all,2026-07-18 13:25:00,https://www.vlr.gg/712810/team-heretics-vs-team-liquid-vct-2026-emea-stage-2-w1,VCT 2026: EMEA Stage 2
RieNs,TH,9,3,0,0,0,0,0,0,0,63,2,2,all,2026-07-18 13:25:00,https://www.vlr.gg/712810/team-heretics-vs-team-liquid-vct-2026-emea-stage-2-w1,VCT 2026: EMEA Stage 2
Wo0t,TH,4,4,1,0,0,0,0,0,0,46,0,0,all,2026-07-18 13:25:00,https://www.vlr.gg/712810/team-heretics-vs-team-liquid-vct-2026-emea-stage-2-w1,VCT 2026: EMEA Stage 2
koshmaras,TH,6,0,1,0,1,0,0,0,0,48,1,3,all,2026-07-18 13:25:00,https://www.vlr.gg/712810/team-heretics-vs-team-liquid-vct-2026-emea-stage-2-w1,VCT 2026: EMEA Stage 2
benjyfishy,TH,2,1,0,0,1,0,0,0,0,41,2,1,all,2026-07-18 13:25:00,https://www.vlr.gg/712810/team-heretics-vs-team-liquid-vct-2026-emea-stage-2-w1,VCT 2026: EMEA Stage 2
nAts,TL,8,2,1,0,1,1,0,0,0,52,2,0,all,2026-07-18 13:25:00,https://www.vlr.gg/712810/team-heretics-vs-team-liquid-vct-2026-emea-stage-2-w1,VCT 2026: EMEA Stage 2
purp0,TL,7,4,0,0,0,1,0,0,0,58,0,3,all,2026-07-18 13:25:00,https://www.vlr.gg/712810/team-heretics-vs-team-liquid-vct-2026-emea-stage-2-w1,VCT 2026: EMEA Stage 2
trexx,TL,6,1,0,0,1,0,0,0,0,59,7,1,all,2026-07-18 13:25:00,https://www.vlr.gg/712810/team-heretics-vs-team-liquid-vct-2026-emea-stage-2-w1,VCT 2026: EMEA Stage 2
Kicks,TL,7,1,0,0,1,0,0,0,0,43,5,1,all,2026-07-18 13:25:00,https://www.vlr.gg/712810/team-heretics-vs-team-liquid-vct-2026-emea-stage-2-w1,VCT 2026: EMEA Stage 2
kamo,TL,6,3,0,0,0,0,0,0,0,61,1,3,all,2026-07-18 13:25:00,https://www.vlr.gg/712810/team-heretics-vs-team-liquid-vct-2026-emea-stage-2-w1,VCT 2026: EMEA Stage 2
Boo,TH,2,0,0,0,0,0,0,0,0,51,3,1,Breeze,2026-07-18 13:25:00,https://www.vlr.gg/712810/team-heretics-vs-team-liquid-vct-2026-emea-stage-2-w1,VCT 2026: EMEA Stage 2
RieNs,TH,7,1,0,0,0,0,0,0,0,73,0,0,Breeze,2026-07-18 13:25:00,https://www.vlr.gg/712810/team-heretics-vs-team-liquid-vct-2026-emea-stage-2-w1,VCT 2026: EMEA Stage 2
Wo0t,TH,2,4,0,0,0,0,0,0,0,47,0,0,Breeze,2026-07-18 13:25:00,https://www.vlr.gg/712810/team-heretics-vs-team-liquid-vct-2026-emea-stage-2-w1,VCT 2026: EMEA Stage 2
koshmaras,TH,3,0,0,0,0,0,0,0,0,34,1,1,Breeze,2026-07-18 13:25:00,https://www.vlr.gg/712810/team-heretics-vs-team-liquid-vct-2026-emea-stage-2-w1,VCT 2026: EMEA Stage 2
benjyfishy,TH,0,1,0,0,1,0,0,0,0,43,1,0,Breeze,2026-07-18 13:25:00,https://www.vlr.gg/712810/team-heretics-vs-team-liquid-vct-2026-emea-stage-2-w1,VCT 2026: EMEA Stage 2
nAts,TL,5,2,0,0,1,0,0,0,0,58,2,0,Breeze,2026-07-18 13:25:00,https://www.vlr.gg/712810/team-heretics-vs-team-liquid-vct-2026-emea-stage-2-w1,VCT 2026: EMEA Stage 2
purp0,TL,3,1,0,0,0,1,0,0,0,46,0,2,Breeze,2026-07-18 13:25:00,https://www.vlr.gg/712810/team-heretics-vs-team-liquid-vct-2026-emea-stage-2-w1,VCT 2026: EMEA Stage 2
trexx,TL,4,1,0,0,1,0,0,0,0,63,1,0,Breeze,2026-07-18 13:25:00,https://www.vlr.gg/712810/team-heretics-vs-team-liquid-vct-2026-emea-stage-2-w1,VCT 2026: EMEA Stage 2
Kicks,TL,3,0,0,0,0,0,0,0,0,30,2,0,Breeze,2026-07-18 13:25:00,https://www.vlr.gg/712810/team-heretics-vs-team-liquid-vct-2026-emea-stage-2-w1,VCT 2026: EMEA Stage 2
kamo,TL,4,0,0,0,0,0,0,0,0,55,0,1,Breeze,2026-07-18 13:25:00,https://www.vlr.gg/712810/team-heretics-vs-team-liquid-vct-2026-emea-stage-2-w1,VCT 2026: EMEA Stage 2
Boo,TH,6,1,0,0,0,0,0,0,0,65,6,0,Ascent,2026-07-18 13:25:00,https://www.vlr.gg/712810/team-heretics-vs-team-liquid-vct-2026-emea-stage-2-w1,VCT 2026: EMEA Stage 2
RieNs,TH,2,2,0,0,0,0,0,0,0,53,2,2,Ascent,2026-07-18 13:25:00,https://www.vlr.gg/712810/team-heretics-vs-team-liquid-vct-2026-emea-stage-2-w1,VCT 2026: EMEA Stage 2
Wo0t,TH,2,0,1,0,0,0,0,0,0,44,0,0,Ascent,2026-07-18 13:25:00,https://www.vlr.gg/712810/team-heretics-vs-team-liquid-vct-2026-emea-stage-2-w1,VCT 2026: EMEA Stage 2
koshmaras,TH,3,0,1,0,1,0,0,0,0,62,0,2,Ascent,2026-07-18 13:25:00,https://www.vlr.gg/712810/team-heretics-vs-team-liquid-vct-2026-emea-stage-2-w1,VCT 2026: EMEA Stage 2
benjyfishy,TH,2,0,0,0,0,0,0,0,0,38,1,1,Ascent,2026-07-18 13:25:00,https://www.vlr.gg/712810/team-heretics-vs-team-liquid-vct-2026-emea-stage-2-w1,VCT 2026: EMEA Stage 2
nAts,TL,3,0,1,0,0,1,0,0,0,45,0,0,Ascent,2026-07-18 13:25:00,https://www.vlr.gg/712810/team-heretics-vs-team-liquid-vct-2026-emea-stage-2-w1,VCT 2026: EMEA Stage 2
purp0,TL,4,3,0,0,0,0,0,0,0,69,0,1,Ascent,2026-07-18 13:25:00,https://www.vlr.gg/712810/team-heretics-vs-team-liquid-vct-2026-emea-stage-2-w1,VCT 2026: EMEA Stage 2
trexx,TL,2,0,0,0,0,0,0,0,0,54,6,1,Ascent,2026-07-18 13:25:00,https://www.vlr.gg/712810/team-heretics-vs-team-liquid-vct-2026-emea-stage-2-w1,VCT 2026: EMEA Stage 2
Kicks,TL,4,1,0,0,1,0,0,0,0,56,3,1,Ascent,2026-07-18 13:25:00,https://www.vlr.gg/712810/team-heretics-vs-team-liquid-vct-2026-emea-stage-2-w1,VCT 2026: EMEA Stage 2
kamo,TL,2,3,0,0,0,0,0,0,0,67,1,2,Ascent,2026-07-18 13:25:00,https://www.vlr.gg/712810/team-heretics-vs-team-liquid-vct-2026-emea-stage-2-w1,VCT 2026: EMEA Stage 2
Jesse,GX,1,0,0,0,1,0,0,0,0,26,3,0,all,2026-07-19 10:00:00,https://www.vlr.gg/712811/giantx-vs-karmine-corp-vct-2026-emea-stage-2-w1,VCT 2026: EMEA Stage 2
neT,GX,5,1,0,0,0,0,0,0,0,59,2,0,all,2026-07-19 10:00:00,https://www.vlr.gg/712811/giantx-vs-karmine-corp-vct-2026-emea-stage-2-w1,VCT 2026: EMEA Stage 2
Flickless,GX,1,1,0,0,0,0,0,0,0,42,1,0,all,2026-07-19 10:00:00,https://www.vlr.gg/712811/giantx-vs-karmine-corp-vct-2026-emea-stage-2-w1,VCT 2026: EMEA Stage 2
ara,GX,5,2,0,0,0,0,0,0,0,49,3,1,all,2026-07-19 10:00:00,https://www.vlr.gg/712811/giantx-vs-karmine-corp-vct-2026-emea-stage-2-w1,VCT 2026: EMEA Stage 2
westside,GX,4,1,0,0,1,0,0,0,0,47,3,1,all,2026-07-19 10:00:00,https://www.vlr.gg/712811/giantx-vs-karmine-corp-vct-2026-emea-stage-2-w1,VCT 2026: EMEA Stage 2
SUYGETSU,KC,4,1,0,0,0,0,0,0,0,50,1,0,all,2026-07-19 10:00:00,https://www.vlr.gg/712811/giantx-vs-karmine-corp-vct-2026-emea-stage-2-w1,VCT 2026: EMEA Stage 2
Avez,KC,6,2,1,0,1,2,0,0,0,75,7,1,all,2026-07-19 10:00:00,https://www.vlr.gg/712811/giantx-vs-karmine-corp-vct-2026-emea-stage-2-w1,VCT 2026: EMEA Stage 2
dos9,KC,5,2,0,0,0,0,0,0,0,68,3,0,all,2026-07-19 10:00:00,https://www.vlr.gg/712811/giantx-vs-karmine-corp-vct-2026-emea-stage-2-w1,VCT 2026: EMEA Stage 2
LewN,KC,7,2,0,0,1,0,0,0,0,59,0,0,all,2026-07-19 10:00:00,https://www.vlr.gg/712811/giantx-vs-karmine-corp-vct-2026-emea-stage-2-w1,VCT 2026: EMEA Stage 2
N4RRATE,KC,5,1,0,0,0,0,0,0,0,64,2,2,all,2026-07-19 10:00:00,https://www.vlr.gg/712811/giantx-vs-karmine-corp-vct-2026-emea-stage-2-w1,VCT 2026: EMEA Stage 2
Jesse,GX,1,0,0,0,0,0,0,0,0,29,1,0,Haven,2026-07-19 10:00:00,https://www.vlr.gg/712811/giantx-vs-karmine-corp-vct-2026-emea-stage-2-w1,VCT 2026: EMEA Stage 2
neT,GX,2,1,0,0,0,0,0,0,0,65,0,0,Haven,2026-07-19 10:00:00,https://www.vlr.gg/712811/giantx-vs-karmine-corp-vct-2026-emea-stage-2-w1,VCT 2026: EMEA Stage 2
Flickless,GX,1,1,0,0,0,0,0,0,0,40,1,0,Haven,2026-07-19 10:00:00,https://www.vlr.gg/712811/giantx-vs-karmine-corp-vct-2026-emea-stage-2-w1,VCT 2026: EMEA Stage 2
ara,GX,3,0,0,0,0,0,0,0,0,41,3,1,Haven,2026-07-19 10:00:00,https://www.vlr.gg/712811/giantx-vs-karmine-corp-vct-2026-emea-stage-2-w1,VCT 2026: EMEA Stage 2
westside,GX,2,1,0,0,1,0,0,0,0,44,3,1,Haven,2026-07-19 10:00:00,https://www.vlr.gg/712811/giantx-vs-karmine-corp-vct-2026-emea-stage-2-w1,VCT 2026: EMEA Stage 2
SUYGETSU,KC,4,0,0,0,0,0,0,0,0,56,1,0,Haven,2026-07-19 10:00:00,https://www.vlr.gg/712811/giantx-vs-karmine-corp-vct-2026-emea-stage-2-w1,VCT 2026: EMEA Stage 2
Avez,KC,3,0,0,0,0,0,0,0,0,54,3,1,Haven,2026-07-19 10:00:00,https://www.vlr.gg/712811/giantx-vs-karmine-corp-vct-2026-emea-stage-2-w1,VCT 2026: EMEA Stage 2
dos9,KC,3,2,0,0,0,0,0,0,0,68,3,0,Haven,2026-07-19 10:00:00,https://www.vlr.gg/712811/giantx-vs-karmine-corp-vct-2026-emea-stage-2-w1,VCT 2026: EMEA Stage 2
LewN,KC,2,2,0,0,1,0,0,0,0,58,0,0,Haven,2026-07-19 10:00:00,https://www.vlr.gg/712811/giantx-vs-karmine-corp-vct-2026-emea-stage-2-w1,VCT 2026: EMEA Stage 2
N4RRATE,KC,2,1,0,0,0,0,0,0,0,49,1,2,Haven,2026-07-19 10:00:00,https://www.vlr.gg/712811/giantx-vs-karmine-corp-vct-2026-emea-stage-2-w1,VCT 2026: EMEA Stage 2
Jesse,GX,0,0,0,0,1,0,0,0,0,22,2,0,Ascent,2026-07-19 10:00:00,https://www.vlr.gg/712811/giantx-vs-karmine-corp-vct-2026-emea-stage-2-w1,VCT 2026: EMEA Stage 2
neT,GX,3,0,0,0,0,0,0,0,0,53,2,0,Ascent,2026-07-19 10:00:00,https://www.vlr.gg/712811/giantx-vs-karmine-corp-vct-2026-emea-stage-2-w1,VCT 2026: EMEA Stage 2
Flickless,GX,0,0,0,0,0,0,0,0,0,44,0,0,Ascent,2026-07-19 10:00:00,https://www.vlr.gg/712811/giantx-vs-karmine-corp-vct-2026-emea-stage-2-w1,VCT 2026: EMEA Stage 2
ara,GX,2,2,0,0,0,0,0,0,0,57,0,0,Ascent,2026-07-19 10:00:00,https://www.vlr.gg/712811/giantx-vs-karmine-corp-vct-2026-emea-stage-2-w1,VCT 2026: EMEA Stage 2
westside,GX,2,0,0,0,0,0,0,0,0,50,0,0,Ascent,2026-07-19 10:00:00,https://www.vlr.gg/712811/giantx-vs-karmine-corp-vct-2026-emea-stage-2-w1,VCT 2026: EMEA Stage 2
SUYGETSU,KC,0,1,0,0,0,0,0,0,0,44,0,0,Ascent,2026-07-19 10:00:00,https://www.vlr.gg/712811/giantx-vs-karmine-corp-vct-2026-emea-stage-2-w1,VCT 2026: EMEA Stage 2
Avez,KC,3,2,1,0,1,2,0,0,0,96,4,0,Ascent,2026-07-19 10:00:00,https://www.vlr.gg/712811/giantx-vs-karmine-corp-vct-2026-emea-stage-2-w1,VCT 2026: EMEA Stage 2
dos9,KC,2,0,0,0,0,0,0,0,0,68,0,0,Ascent,2026-07-19 10:00:00,https://www.vlr.gg/712811/giantx-vs-karmine-corp-vct-2026-emea-stage-2-w1,VCT 2026: EMEA Stage 2
LewN,KC,5,0,0,0,0,0,0,0,0,59,0,0,Ascent,2026-07-19 10:00:00,https://www.vlr.gg/712811/giantx-vs-karmine-corp-vct-2026-emea-stage-2-w1,VCT 2026: EMEA Stage 2
N4RRATE,KC,3,0,0,0,0,0,0,0,0,78,1,0,Ascent,2026-07-19 10:00:00,https://www.vlr.gg/712811/giantx-vs-karmine-corp-vct-2026-emea-stage-2-w1,VCT 2026: EMEA Stage 2
Chronicle,VIT,4,5,0,1,0,0,0,0,0,80,2,0,all,2026-07-19 12:05:00,https://www.vlr.gg/712812/team-vitality-vs-bbl-esports-vct-2026-emea-stage-2-w1,VCT 2026: EMEA Stage 2
Derke,VIT,8,1,0,0,0,0,0,0,0,42,2,0,all,2026-07-19 12:05:00,https://www.vlr.gg/712812/team-vitality-vs-bbl-esports-vct-2026-emea-stage-2-w1,VCT 2026: EMEA Stage 2
PROFEK,VIT,5,0,0,0,0,0,0,0,0,38,0,0,all,2026-07-19 12:05:00,https://www.vlr.gg/712812/team-vitality-vs-bbl-esports-vct-2026-emea-stage-2-w1,VCT 2026: EMEA Stage 2
Jamppi,VIT,9,3,0,1,1,0,1,0,0,66,2,2,all,2026-07-19 12:05:00,https://www.vlr.gg/712812/team-vitality-vs-bbl-esports-vct-2026-emea-stage-2-w1,VCT 2026: EMEA Stage 2
Sayonara,VIT,4,3,1,0,0,1,0,0,0,52,11,0,all,2026-07-19 12:05:00,https://www.vlr.gg/712812/team-vitality-vs-bbl-esports-vct-2026-emea-stage-2-w1,VCT 2026: EMEA Stage 2
Rosé,BBL,7,0,0,0,0,0,0,0,0,35,7,0,all,2026-07-19 12:05:00,https://www.vlr.gg/712812/team-vitality-vs-bbl-esports-vct-2026-emea-stage-2-w1,VCT 2026: EMEA Stage 2
Crewen,BBL,8,2,1,0,1,0,0,0,0,59,2,4,all,2026-07-19 12:05:00,https://www.vlr.gg/712812/team-vitality-vs-bbl-esports-vct-2026-emea-stage-2-w1,VCT 2026: EMEA Stage 2
Loita,BBL,8,2,0,0,1,1,0,0,0,54,4,0,all,2026-07-19 12:05:00,https://www.vlr.gg/712812/team-vitality-vs-bbl-esports-vct-2026-emea-stage-2-w1,VCT 2026: EMEA Stage 2
Lar0k,BBL,5,0,0,0,0,0,0,0,0,46,3,0,all,2026-07-19 12:05:00,https://www.vlr.gg/712812/team-vitality-vs-bbl-esports-vct-2026-emea-stage-2-w1,VCT 2026: EMEA Stage 2
lovers,rock,4,6,0,0,1,0,1,0,0,59,1,1,all,2026-07-19 12:05:00,https://www.vlr.gg/712812/team-vitality-vs-bbl-esports-vct-2026-emea-stage-2-w1,VCT 2026: EMEA Stage 2
Chronicle,VIT,2,2,0,0,0,0,0,0,0,68,2,0,Haven,2026-07-19 12:05:00,https://www.vlr.gg/712812/team-vitality-vs-bbl-esports-vct-2026-emea-stage-2-w1,VCT 2026: EMEA Stage 2
Derke,VIT,3,1,0,0,0,0,0,0,0,46,1,0,Haven,2026-07-19 12:05:00,https://www.vlr.gg/712812/team-vitality-vs-bbl-esports-vct-2026-emea-stage-2-w1,VCT 2026: EMEA Stage 2
PROFEK,VIT,4,0,0,0,0,0,0,0,0,50,0,0,Haven,2026-07-19 12:05:00,https://www.vlr.gg/712812/team-vitality-vs-bbl-esports-vct-2026-emea-stage-2-w1,VCT 2026: EMEA Stage 2
Jamppi,VIT,5,1,0,1,0,0,1,0,0,82,2,1,Haven,2026-07-19 12:05:00,https://www.vlr.gg/712812/team-vitality-vs-bbl-esports-vct-2026-emea-stage-2-w1,VCT 2026: EMEA Stage 2
Sayonara,VIT,3,1,0,0,0,0,0,0,0,49,5,0,Haven,2026-07-19 12:05:00,https://www.vlr.gg/712812/team-vitality-vs-bbl-esports-vct-2026-emea-stage-2-w1,VCT 2026: EMEA Stage 2
Rosé,BBL,2,0,0,0,0,0,0,0,0,33,4,0,Haven,2026-07-19 12:05:00,https://www.vlr.gg/712812/team-vitality-vs-bbl-esports-vct-2026-emea-stage-2-w1,VCT 2026: EMEA Stage 2
Crewen,BBL,5,1,1,0,1,0,0,0,0,70,2,1,Haven,2026-07-19 12:05:00,https://www.vlr.gg/712812/team-vitality-vs-bbl-esports-vct-2026-emea-stage-2-w1,VCT 2026: EMEA Stage 2
Loita,BBL,0,1,0,0,0,0,0,0,0,42,3,0,Haven,2026-07-19 12:05:00,https://www.vlr.gg/712812/team-vitality-vs-bbl-esports-vct-2026-emea-stage-2-w1,VCT 2026: EMEA Stage 2
Lar0k,BBL,3,0,0,0,0,0,0,0,0,39,2,0,Haven,2026-07-19 12:05:00,https://www.vlr.gg/712812/team-vitality-vs-bbl-esports-vct-2026-emea-stage-2-w1,VCT 2026: EMEA Stage 2
lovers,rock,1,3,0,0,1,0,1,0,0,60,0,1,Haven,2026-07-19 12:05:00,https://www.vlr.gg/712812/team-vitality-vs-bbl-esports-vct-2026-emea-stage-2-w1,VCT 2026: EMEA Stage 2
Chronicle,VIT,2,3,0,1,0,0,0,0,0,92,0,0,Split,2026-07-19 12:05:00,https://www.vlr.gg/712812/team-vitality-vs-bbl-esports-vct-2026-emea-stage-2-w1,VCT 2026: EMEA Stage 2
Derke,VIT,5,0,0,0,0,0,0,0,0,37,1,0,Split,2026-07-19 12:05:00,https://www.vlr.gg/712812/team-vitality-vs-bbl-esports-vct-2026-emea-stage-2-w1,VCT 2026: EMEA Stage 2
PROFEK,VIT,1,0,0,0,0,0,0,0,0,26,0,0,Split,2026-07-19 12:05:00,https://www.vlr.gg/712812/team-vitality-vs-bbl-esports-vct-2026-emea-stage-2-w1,VCT 2026: EMEA Stage 2
Jamppi,VIT,4,2,0,0,1,0,0,0,0,50,0,1,Split,2026-07-19 12:05:00,https://www.vlr.gg/712812/team-vitality-vs-bbl-esports-vct-2026-emea-stage-2-w1,VCT 2026: EMEA Stage 2
Sayonara,VIT,1,2,1,0,0,1,0,0,0,54,6,0,Split,2026-07-19 12:05:00,https://www.vlr.gg/712812/team-vitality-vs-bbl-esports-vct-2026-emea-stage-2-w1,VCT 2026: EMEA Stage 2
Rosé,BBL,5,0,0,0,0,0,0,0,0,36,3,0,Split,2026-07-19 12:05:00,https://www.vlr.gg/712812/team-vitality-vs-bbl-esports-vct-2026-emea-stage-2-w1,VCT 2026: EMEA Stage 2
Crewen,BBL,3,1,0,0,0,0,0,0,0,47,0,3,Split,2026-07-19 12:05:00,https://www.vlr.gg/712812/team-vitality-vs-bbl-esports-vct-2026-emea-stage-2-w1,VCT 2026: EMEA Stage 2
Loita,BBL,8,1,0,0,1,1,0,0,0,65,1,0,Split,2026-07-19 12:05:00,https://www.vlr.gg/712812/team-vitality-vs-bbl-esports-vct-2026-emea-stage-2-w1,VCT 2026: EMEA Stage 2
Lar0k,BBL,2,0,0,0,0,0,0,0,0,53,1,0,Split,2026-07-19 12:05:00,https://www.vlr.gg/712812/team-vitality-vs-bbl-esports-vct-2026-emea-stage-2-w1,VCT 2026: EMEA Stage 2
lovers,rock,3,3,0,0,0,0,0,0,0,58,1,0,Split,2026-07-19 12:05:00,https://www.vlr.gg/712812/team-vitality-vs-bbl-esports-vct-2026-emea-stage-2-w1,VCT 2026: EMEA Stage 2
sociablEE,FUT,8,3,0,0,2,0,0,0,0,64,3,0,all,2026-07-22 11:00:00,https://www.vlr.gg/712814/fut-esports-vs-pcific-esports-vct-2026-emea-stage-2-w2,VCT 2026: EMEA Stage 2
yetujey,FUT,7,3,0,0,0,1,0,0,0,51,3,2,all,2026-07-22 11:00:00,https://www.vlr.gg/712814/fut-esports-vs-pcific-esports-vct-2026-emea-stage-2-w2,VCT 2026: EMEA Stage 2
xeus,FUT,9,1,0,0,0,0,0,0,0,40,3,0,all,2026-07-22 11:00:00,https://www.vlr.gg/712814/fut-esports-vs-pcific-esports-vct-2026-emea-stage-2-w2,VCT 2026: EMEA Stage 2
KROSTALY,FUT,7,3,1,0,0,1,0,1,0,54,21,2,all,2026-07-22 11:00:00,https://www.vlr.gg/712814/fut-esports-vs-pcific-esports-vct-2026-emea-stage-2-w2,VCT 2026: EMEA Stage 2
s0pp,FUT,13,1,0,0,1,1,0,0,0,51,1,0,all,2026-07-22 11:00:00,https://www.vlr.gg/712814/fut-esports-vs-pcific-esports-vct-2026-emea-stage-2-w2,VCT 2026: EMEA Stage 2
al0rante,PCF,7,4,1,1,0,0,1,0,0,50,1,1,all,2026-07-22 11:00:00,https://www.vlr.gg/712814/fut-esports-vs-pcific-esports-vct-2026-emea-stage-2-w2,VCT 2026: EMEA Stage 2
qpert,PCF,4,1,2,0,0,0,0,0,0,57,4,2,all,2026-07-22 11:00:00,https://www.vlr.gg/712814/fut-esports-vs-pcific-esports-vct-2026-emea-stage-2-w2,VCT 2026: EMEA Stage 2
waddle,PCF,9,1,0,0,0,0,0,0,0,58,4,0,all,2026-07-22 11:00:00,https://www.vlr.gg/712814/fut-esports-vs-pcific-esports-vct-2026-emea-stage-2-w2,VCT 2026: EMEA Stage 2
seven,PCF,8,3,1,0,0,0,0,0,0,44,2,1,all,2026-07-22 11:00:00,https://www.vlr.gg/712814/fut-esports-vs-pcific-esports-vct-2026-emea-stage-2-w2,VCT 2026: EMEA Stage 2
NINJA,PCF,5,2,1,0,1,0,0,0,0,47,5,5,all,2026-07-22 11:00:00,https://www.vlr.gg/712814/fut-esports-vs-pcific-esports-vct-2026-emea-stage-2-w2,VCT 2026: EMEA Stage 2
sociablEE,FUT,3,1,0,0,1,0,0,0,0,65,1,0,Split,2026-07-22 11:00:00,https://www.vlr.gg/712814/fut-esports-vs-pcific-esports-vct-2026-emea-stage-2-w2,VCT 2026: EMEA Stage 2
yetujey,FUT,3,0,0,0,0,0,0,0,0,50,0,0,Split,2026-07-22 11:00:00,https://www.vlr.gg/712814/fut-esports-vs-pcific-esports-vct-2026-emea-stage-2-w2,VCT 2026: EMEA Stage 2
xeus,FUT,4,0,0,0,0,0,0,0,0,44,1,0,Split,2026-07-22 11:00:00,https://www.vlr.gg/712814/fut-esports-vs-pcific-esports-vct-2026-emea-stage-2-w2,VCT 2026: EMEA Stage 2
KROSTALY,FUT,2,1,1,0,0,1,0,1,0,47,7,1,Split,2026-07-22 11:00:00,https://www.vlr.gg/712814/fut-esports-vs-pcific-esports-vct-2026-emea-stage-2-w2,VCT 2026: EMEA Stage 2
s0pp,FUT,5,0,0,0,0,0,0,0,0,44,1,0,Split,2026-07-22 11:00:00,https://www.vlr.gg/712814/fut-esports-vs-pcific-esports-vct-2026-emea-stage-2-w2,VCT 2026: EMEA Stage 2
al0rante,PCF,2,1,1,0,0,0,0,0,0,55,0,0,Split,2026-07-22 11:00:00,https://www.vlr.gg/712814/fut-esports-vs-pcific-esports-vct-2026-emea-stage-2-w2,VCT 2026: EMEA Stage 2
qpert,PCF,1,0,1,0,0,0,0,0,0,43,3,0,Split,2026-07-22 11:00:00,https://www.vlr.gg/712814/fut-esports-vs-pcific-esports-vct-2026-emea-stage-2-w2,VCT 2026: EMEA Stage 2
waddle,PCF,2,1,0,0,0,0,0,0,0,60,1,0,Split,2026-07-22 11:00:00,https://www.vlr.gg/712814/fut-esports-vs-pcific-esports-vct-2026-emea-stage-2-w2,VCT 2026: EMEA Stage 2
seven,PCF,4,3,1,0,0,0,0,0,0,72,2,0,Split,2026-07-22 11:00:00,https://www.vlr.gg/712814/fut-esports-vs-pcific-esports-vct-2026-emea-stage-2-w2,VCT 2026: EMEA Stage 2
NINJA,PCF,0,1,0,0,0,0,0,0,0,51,2,2,Split,2026-07-22 11:00:00,https://www.vlr.gg/712814/fut-esports-vs-pcific-esports-vct-2026-emea-stage-2-w2,VCT 2026: EMEA Stage 2
sociablEE,FUT,4,0,0,0,1,0,0,0,0,67,1,0,Lotus,2026-07-22 11:00:00,https://www.vlr.gg/712814/fut-esports-vs-pcific-esports-vct-2026-emea-stage-2-w2,VCT 2026: EMEA Stage 2
yetujey,FUT,2,2,0,0,0,1,0,0,0,67,2,2,Lotus,2026-07-22 11:00:00,https://www.vlr.gg/712814/fut-esports-vs-pcific-esports-vct-2026-emea-stage-2-w2,VCT 2026: EMEA Stage 2
xeus,FUT,2,1,0,0,0,0,0,0,0,41,1,0,Lotus,2026-07-22 11:00:00,https://www.vlr.gg/712814/fut-esports-vs-pcific-esports-vct-2026-emea-stage-2-w2,VCT 2026: EMEA Stage 2
KROSTALY,FUT,3,1,0,0,0,0,0,0,0,40,7,1,Lotus,2026-07-22 11:00:00,https://www.vlr.gg/712814/fut-esports-vs-pcific-esports-vct-2026-emea-stage-2-w2,VCT 2026: EMEA Stage 2
s0pp,FUT,3,0,0,0,1,0,0,0,0,38,0,0,Lotus,2026-07-22 11:00:00,https://www.vlr.gg/712814/fut-esports-vs-pcific-esports-vct-2026-emea-stage-2-w2,VCT 2026: EMEA Stage 2
al0rante,PCF,3,3,0,1,0,0,1,0,0,62,1,1,Lotus,2026-07-22 11:00:00,https://www.vlr.gg/712814/fut-esports-vs-pcific-esports-vct-2026-emea-stage-2-w2,VCT 2026: EMEA Stage 2
qpert,PCF,2,0,1,0,0,0,0,0,0,46,1,2,Lotus,2026-07-22 11:00:00,https://www.vlr.gg/712814/fut-esports-vs-pcific-esports-vct-2026-emea-stage-2-w2,VCT 2026: EMEA Stage 2
waddle,PCF,3,0,0,0,0,0,0,0,0,39,3,0,Lotus,2026-07-22 11:00:00,https://www.vlr.gg/712814/fut-esports-vs-pcific-esports-vct-2026-emea-stage-2-w2,VCT 2026: EMEA Stage 2
seven,PCF,4,0,0,0,0,0,0,0,0,45,0,1,Lotus,2026-07-22 11:00:00,https://www.vlr.gg/712814/fut-esports-vs-pcific-esports-vct-2026-emea-stage-2-w2,VCT 2026: EMEA Stage 2
NINJA,PCF,3,1,1,0,1,0,0,0,0,46,3,3,Lotus,2026-07-22 11:00:00,https://www.vlr.gg/712814/fut-esports-vs-pcific-esports-vct-2026-emea-stage-2-w2,VCT 2026: EMEA Stage 2
sociablEE,FUT,1,2,0,0,0,0,0,0,0,59,1,0,Ascent,2026-07-22 11:00:00,https://www.vlr.gg/712814/fut-esports-vs-pcific-esports-vct-2026-emea-stage-2-w2,VCT 2026: EMEA Stage 2
yetujey,FUT,2,1,0,0,0,0,0,0,0,37,1,0,Ascent,2026-07-22 11:00:00,https://www.vlr.gg/712814/fut-esports-vs-pcific-esports-vct-2026-emea-stage-2-w2,VCT 2026: EMEA Stage 2
xeus,FUT,3,0,0,0,0,0,0,0,0,34,1,0,Ascent,2026-07-22 11:00:00,https://www.vlr.gg/712814/fut-esports-vs-pcific-esports-vct-2026-emea-stage-2-w2,VCT 2026: EMEA Stage 2
KROSTALY,FUT,2,1,0,0,0,0,0,0,0,76,7,0,Ascent,2026-07-22 11:00:00,https://www.vlr.gg/712814/fut-esports-vs-pcific-esports-vct-2026-emea-stage-2-w2,VCT 2026: EMEA Stage 2
s0pp,FUT,5,1,0,0,0,1,0,0,0,70,0,0,Ascent,2026-07-22 11:00:00,https://www.vlr.gg/712814/fut-esports-vs-pcific-esports-vct-2026-emea-stage-2-w2,VCT 2026: EMEA Stage 2
al0rante,PCF,2,0,0,0,0,0,0,0,0,33,0,0,Ascent,2026-07-22 11:00:00,https://www.vlr.gg/712814/fut-esports-vs-pcific-esports-vct-2026-emea-stage-2-w2,VCT 2026: EMEA Stage 2
qpert,PCF,1,1,0,0,0,0,0,0,0,81,0,0,Ascent,2026-07-22 11:00:00,https://www.vlr.gg/712814/fut-esports-vs-pcific-esports-vct-2026-emea-stage-2-w2,VCT 2026: EMEA Stage 2
waddle,PCF,4,0,0,0,0,0,0,0,0,75,0,0,Ascent,2026-07-22 11:00:00,https://www.vlr.gg/712814/fut-esports-vs-pcific-esports-vct-2026-emea-stage-2-w2,VCT 2026: EMEA Stage 2
seven,PCF,0,0,0,0,0,0,0,0,0,15,0,0,Ascent,2026-07-22 11:00:00,https://www.vlr.gg/712814/fut-esports-vs-pcific-esports-vct-2026-emea-stage-2-w2,VCT 2026: EMEA Stage 2
NINJA,PCF,2,0,0,0,0,0,0,0,0,44,0,0,Ascent,2026-07-22 11:00:00,https://www.vlr.gg/712814/fut-esports-vs-pcific-esports-vct-2026-emea-stage-2-w2,VCT 2026: EMEA Stage 2
crashies,FNC,7,4,0,0,2,1,0,0,0,40,11,3,all,2026-07-22 14:15:00,https://www.vlr.gg/712815/fnatic-vs-karmine-corp-vct-2026-emea-stage-2-w2,VCT 2026: EMEA Stage 2
Boaster,FNC,3,2,0,0,0,0,0,0,0,30,4,0,all,2026-07-22 14:15:00,https://www.vlr.gg/712815/fnatic-vs-karmine-corp-vct-2026-emea-stage-2-w2,VCT 2026: EMEA Stage 2
Cloud,FNC,17,3,1,0,3,0,0,0,0,61,15,3,all,2026-07-22 14:15:00,https://www.vlr.gg/712815/fnatic-vs-karmine-corp-vct-2026-emea-stage-2-w2,VCT 2026: EMEA Stage 2
kaajak,FNC,8,4,1,0,2,0,0,0,0,38,1,1,all,2026-07-22 14:15:00,https://www.vlr.gg/712815/fnatic-vs-karmine-corp-vct-2026-emea-stage-2-w2,VCT 2026: EMEA Stage 2
Alfajer,FNC,13,4,2,0,1,1,0,0,0,46,1,0,all,2026-07-22 14:15:00,https://www.vlr.gg/712815/fnatic-vs-karmine-corp-vct-2026-emea-stage-2-w2,VCT 2026: EMEA Stage 2
SUYGETSU,KC,5,2,0,0,0,0,0,0,0,35,0,1,all,2026-07-22 14:15:00,https://www.vlr.gg/712815/fnatic-vs-karmine-corp-vct-2026-emea-stage-2-w2,VCT 2026: EMEA Stage 2
Avez,KC,11,7,0,0,2,0,0,0,0,62,15,3,all,2026-07-22 14:15:00,https://www.vlr.gg/712815/fnatic-vs-karmine-corp-vct-2026-emea-stage-2-w2,VCT 2026: EMEA Stage 2
dos9,KC,5,4,0,0,1,0,0,0,0,37,3,3,all,2026-07-22 14:15:00,https://www.vlr.gg/712815/fnatic-vs-karmine-corp-vct-2026-emea-stage-2-w2,VCT 2026: EMEA Stage 2
LewN,KC,16,9,0,0,0,2,0,0,0,56,2,1,all,2026-07-22 14:15:00,https://www.vlr.gg/712815/fnatic-vs-karmine-corp-vct-2026-emea-stage-2-w2,VCT 2026: EMEA Stage 2
N4RRATE,KC,12,0,0,0,1,0,0,0,0,56,6,3,all,2026-07-22 14:15:00,https://www.vlr.gg/712815/fnatic-vs-karmine-corp-vct-2026-emea-stage-2-w2,VCT 2026: EMEA Stage 2
crashies,FNC,4,3,0,0,1,1,0,0,0,53,2,0,Summit,2026-07-22 14:15:00,https://www.vlr.gg/712815/fnatic-vs-karmine-corp-vct-2026-emea-stage-2-w2,VCT 2026: EMEA Stage 2
Boaster,FNC,2,2,0,0,0,0,0,0,0,38,2,0,Summit,2026-07-22 14:15:00,https://www.vlr.gg/712815/fnatic-vs-karmine-corp-vct-2026-emea-stage-2-w2,VCT 2026: EMEA Stage 2
Cloud,FNC,4,0,1,0,0,0,0,0,0,43,8,1,Summit,2026-07-22 14:15:00,https://www.vlr.gg/712815/fnatic-vs-karmine-corp-vct-2026-emea-stage-2-w2,VCT 2026: EMEA Stage 2
kaajak,FNC,1,2,1,0,0,0,0,0,0,47,0,1,Summit,2026-07-22 14:15:00,https://www.vlr.gg/712815/fnatic-vs-karmine-corp-vct-2026-emea-stage-2-w2,VCT 2026: EMEA Stage 2
Alfajer,FNC,4,0,0,0,1,0,0,0,0,32,0,0,Summit,2026-07-22 14:15:00,https://www.vlr.gg/712815/fnatic-vs-karmine-corp-vct-2026-emea-stage-2-w2,VCT 2026: EMEA Stage 2
SUYGETSU,KC,2,1,0,0,0,0,0,0,0,35,0,1,Summit,2026-07-22 14:15:00,https://www.vlr.gg/712815/fnatic-vs-karmine-corp-vct-2026-emea-stage-2-w2,VCT 2026: EMEA Stage 2
Avez,KC,3,0,0,0,2,0,0,0,0,35,6,1,Summit,2026-07-22 14:15:00,https://www.vlr.gg/712815/fnatic-vs-karmine-corp-vct-2026-emea-stage-2-w2,VCT 2026: EMEA Stage 2
dos9,KC,2,3,0,0,0,0,0,0,0,47,2,2,Summit,2026-07-22 14:15:00,https://www.vlr.gg/712815/fnatic-vs-karmine-corp-vct-2026-emea-stage-2-w2,VCT 2026: EMEA Stage 2
LewN,KC,3,2,0,0,0,0,0,0,0,39,0,0,Summit,2026-07-22 14:15:00,https://www.vlr.gg/712815/fnatic-vs-karmine-corp-vct-2026-emea-stage-2-w2,VCT 2026: EMEA Stage 2
N4RRATE,KC,4,0,0,0,1,0,0,0,0,59,0,1,Summit,2026-07-22 14:15:00,https://www.vlr.gg/712815/fnatic-vs-karmine-corp-vct-2026-emea-stage-2-w2,VCT 2026: EMEA Stage 2
crashies,FNC,0,0,0,0,0,0,0,0,0,29,1,0,Ascent,2026-07-22 14:15:00,https://www.vlr.gg/712815/fnatic-vs-karmine-corp-vct-2026-emea-stage-2-w2,VCT 2026: EMEA Stage 2
Boaster,FNC,0,0,0,0,0,0,0,0,0,28,0,0,Ascent,2026-07-22 14:15:00,https://www.vlr.gg/712815/fnatic-vs-karmine-corp-vct-2026-emea-stage-2-w2,VCT 2026: EMEA Stage 2
Cloud,FNC,1,3,0,0,2,0,0,0,0,77,6,1,Ascent,2026-07-22 14:15:00,https://www.vlr.gg/712815/fnatic-vs-karmine-corp-vct-2026-emea-stage-2-w2,VCT 2026: EMEA Stage 2
kaajak,FNC,2,1,0,0,1,0,0,0,0,33,0,0,Ascent,2026-07-22 14:15:00,https://www.vlr.gg/712815/fnatic-vs-karmine-corp-vct-2026-emea-stage-2-w2,VCT 2026: EMEA Stage 2
Alfajer,FNC,2,2,0,0,0,1,0,0,0,49,0,0,Ascent,2026-07-22 14:15:00,https://www.vlr.gg/712815/fnatic-vs-karmine-corp-vct-2026-emea-stage-2-w2,VCT 2026: EMEA Stage 2
SUYGETSU,KC,2,0,0,0,0,0,0,0,0,40,0,0,Ascent,2026-07-22 14:15:00,https://www.vlr.gg/712815/fnatic-vs-karmine-corp-vct-2026-emea-stage-2-w2,VCT 2026: EMEA Stage 2
Avez,KC,4,4,0,0,0,0,0,0,0,109,3,0,Ascent,2026-07-22 14:15:00,https://www.vlr.gg/712815/fnatic-vs-karmine-corp-vct-2026-emea-stage-2-w2,VCT 2026: EMEA Stage 2
dos9,KC,2,0,0,0,0,0,0,0,0,29,0,0,Ascent,2026-07-22 14:15:00,https://www.vlr.gg/712815/fnatic-vs-karmine-corp-vct-2026-emea-stage-2-w2,VCT 2026: EMEA Stage 2
LewN,KC,6,3,0,0,0,1,0,0,0,68,1,1,Ascent,2026-07-22 14:15:00,https://www.vlr.gg/712815/fnatic-vs-karmine-corp-vct-2026-emea-stage-2-w2,VCT 2026: EMEA Stage 2
N4RRATE,KC,4,0,0,0,0,0,0,0,0,76,1,1,Ascent,2026-07-22 14:15:00,https://www.vlr.gg/712815/fnatic-vs-karmine-corp-vct-2026-emea-stage-2-w2,VCT 2026: EMEA Stage 2
crashies,FNC,3,1,0,0,1,0,0,0,0,39,8,3,Split,2026-07-22 14:15:00,https://www.vlr.gg/712815/fnatic-vs-karmine-corp-vct-2026-emea-stage-2-w2,VCT 2026: EMEA Stage 2
Boaster,FNC,1,0,0,0,0,0,0,0,0,23,2,0,Split,2026-07-22 14:15:00,https://www.vlr.gg/712815/fnatic-vs-karmine-corp-vct-2026-emea-stage-2-w2,VCT 2026: EMEA Stage 2
Cloud,FNC,12,0,0,0,1,0,0,0,0,64,1,1,Split,2026-07-22 14:15:00,https://www.vlr.gg/712815/fnatic-vs-karmine-corp-vct-2026-emea-stage-2-w2,VCT 2026: EMEA Stage 2
kaajak,FNC,5,1,0,0,1,0,0,0,0,35,1,0,Split,2026-07-22 14:15:00,https://www.vlr.gg/712815/fnatic-vs-karmine-corp-vct-2026-emea-stage-2-w2,VCT 2026: EMEA Stage 2
Alfajer,FNC,7,2,2,0,0,0,0,0,0,58,1,0,Split,2026-07-22 14:15:00,https://www.vlr.gg/712815/fnatic-vs-karmine-corp-vct-2026-emea-stage-2-w2,VCT 2026: EMEA Stage 2
SUYGETSU,KC,1,1,0,0,0,0,0,0,0,29,0,0,Split,2026-07-22 14:15:00,https://www.vlr.gg/712815/fnatic-vs-karmine-corp-vct-2026-emea-stage-2-w2,VCT 2026: EMEA Stage 2
Avez,KC,4,3,0,0,0,0,0,0,0,42,6,2,Split,2026-07-22 14:15:00,https://www.vlr.gg/712815/fnatic-vs-karmine-corp-vct-2026-emea-stage-2-w2,VCT 2026: EMEA Stage 2
dos9,KC,1,1,0,0,1,0,0,0,0,34,1,1,Split,2026-07-22 14:15:00,https://www.vlr.gg/712815/fnatic-vs-karmine-corp-vct-2026-emea-stage-2-w2,VCT 2026: EMEA Stage 2
LewN,KC,7,4,0,0,0,1,0,0,0,62,1,0,Split,2026-07-22 14:15:00,https://www.vlr.gg/712815/fnatic-vs-karmine-corp-vct-2026-emea-stage-2-w2,VCT 2026: EMEA Stage 2
N4RRATE,KC,4,0,0,0,0,0,0,0,0,34,5,1,Split,2026-07-22 14:15:00,https://www.vlr.gg/712815/fnatic-vs-karmine-corp-vct-2026-emea-stage-2-w2,VCT 2026: EMEA Stage 2
nekky,EF,1,1,0,0,0,1,0,0,0,38,3,0,all,2026-07-23 11:00:00,https://www.vlr.gg/712816/eternal-fire-vs-team-heretics-vct-2026-emea-stage-2-w2,VCT 2026: EMEA Stage 2
audaz,EF,4,0,0,0,0,0,0,0,0,37,2,0,all,2026-07-23 11:00:00,https://www.vlr.gg/712816/eternal-fire-vs-team-heretics-vct-2026-emea-stage-2-w2,VCT 2026: EMEA Stage 2
Spear,EF,4,0,0,1,0,0,0,0,0,37,2,0,all,2026-07-23 11:00:00,https://www.vlr.gg/712816/eternal-fire-vs-team-heretics-vct-2026-emea-stage-2-w2,VCT 2026: EMEA Stage 2
Favian,EF,3,1,1,0,0,0,0,0,0,55,1,0,all,2026-07-23 11:00:00,https://www.vlr.gg/712816/eternal-fire-vs-team-heretics-vct-2026-emea-stage-2-w2,VCT 2026: EMEA Stage 2
echo,EF,3,1,0,0,1,1,0,0,0,41,1,0,all,2026-07-23 11:00:00,https://www.vlr.gg/712816/eternal-fire-vs-team-heretics-vct-2026-emea-stage-2-w2,VCT 2026: EMEA Stage 2
Boo,TH,4,1,0,0,0,1,0,0,0,50,1,1,all,2026-07-23 11:00:00,https://www.vlr.gg/712816/eternal-fire-vs-team-heretics-vct-2026-emea-stage-2-w2,VCT 2026: EMEA Stage 2
RieNs,TH,8,4,0,1,0,1,0,1,0,99,6,1,all,2026-07-23 11:00:00,https://www.vlr.gg/712816/eternal-fire-vs-team-heretics-vct-2026-emea-stage-2-w2,VCT 2026: EMEA Stage 2
Wo0t,TH,8,2,0,0,0,0,0,0,0,78,3,2,all,2026-07-23 11:00:00,https://www.vlr.gg/712816/eternal-fire-vs-team-heretics-vct-2026-emea-stage-2-w2,VCT 2026: EMEA Stage 2
koshmaras,TH,3,0,0,0,0,0,0,0,0,44,0,0,all,2026-07-23 11:00:00,https://www.vlr.gg/712816/eternal-fire-vs-team-heretics-vct-2026-emea-stage-2-w2,VCT 2026: EMEA Stage 2
benjyfishy,TH,5,2,0,0,0,0,0,0,0,61,6,0,all,2026-07-23 11:00:00,https://www.vlr.gg/712816/eternal-fire-vs-team-heretics-vct-2026-emea-stage-2-w2,VCT 2026: EMEA Stage 2
nekky,EF,1,1,0,0,0,1,0,0,0,42,3,0,Lotus,2026-07-23 11:00:00,https://www.vlr.gg/712816/eternal-fire-vs-team-heretics-vct-2026-emea-stage-2-w2,VCT 2026: EMEA Stage 2
audaz,EF,4,0,0,0,0,0,0,0,0,44,2,0,Lotus,2026-07-23 11:00:00,https://www.vlr.gg/712816/eternal-fire-vs-team-heretics-vct-2026-emea-stage-2-w2,VCT 2026: EMEA Stage 2
Spear,EF,3,0,0,1,0,0,0,0,0,52,2,0,Lotus,2026-07-23 11:00:00,https://www.vlr.gg/712816/eternal-fire-vs-team-heretics-vct-2026-emea-stage-2-w2,VCT 2026: EMEA Stage 2
Favian,EF,1,1,1,0,0,0,0,0,0,44,1,0,Lotus,2026-07-23 11:00:00,https://www.vlr.gg/712816/eternal-fire-vs-team-heretics-vct-2026-emea-stage-2-w2,VCT 2026: EMEA Stage 2
echo,EF,3,1,0,0,1,1,0,0,0,41,1,0,Lotus,2026-07-23 11:00:00,https://www.vlr.gg/712816/eternal-fire-vs-team-heretics-vct-2026-emea-stage-2-w2,VCT 2026: EMEA Stage 2
Boo,TH,4,0,0,0,0,0,0,0,0,49,1,1,Lotus,2026-07-23 11:00:00,https://www.vlr.gg/712816/eternal-fire-vs-team-heretics-vct-2026-emea-stage-2-w2,VCT 2026: EMEA Stage 2
RieNs,TH,6,0,0,1,0,1,0,1,0,72,0,1,Lotus,2026-07-23 11:00:00,https://www.vlr.gg/712816/eternal-fire-vs-team-heretics-vct-2026-emea-stage-2-w2,VCT 2026: EMEA Stage 2
Wo0t,TH,4,2,0,0,0,0,0,0,0,81,1,2,Lotus,2026-07-23 11:00:00,https://www.vlr.gg/712816/eternal-fire-vs-team-heretics-vct-2026-emea-stage-2-w2,VCT 2026: EMEA Stage 2
koshmaras,TH,1,0,0,0,0,0,0,0,0,42,0,0,Lotus,2026-07-23 11:00:00,https://www.vlr.gg/712816/eternal-fire-vs-team-heretics-vct-2026-emea-stage-2-w2,VCT 2026: EMEA Stage 2
benjyfishy,TH,2,1,0,0,0,0,0,0,0,54,3,0,Lotus,2026-07-23 11:00:00,https://www.vlr.gg/712816/eternal-fire-vs-team-heretics-vct-2026-emea-stage-2-w2,VCT 2026: EMEA Stage 2
nekky,EF,0,0,0,0,0,0,0,0,0,34,0,0,Haven,2026-07-23 11:00:00,https://www.vlr.gg/712816/eternal-fire-vs-team-heretics-vct-2026-emea-stage-2-w2,VCT 2026: EMEA Stage 2
audaz,EF,0,0,0,0,0,0,0,0,0,29,0,0,Haven,2026-07-23 11:00:00,https://www.vlr.gg/712816/eternal-fire-vs-team-heretics-vct-2026-emea-stage-2-w2,VCT 2026: EMEA Stage 2
Spear,EF,1,0,0,0,0,0,0,0,0,22,0,0,Haven,2026-07-23 11:00:00,https://www.vlr.gg/712816/eternal-fire-vs-team-heretics-vct-2026-emea-stage-2-w2,VCT 2026: EMEA Stage 2
Favian,EF,2,0,0,0,0,0,0,0,0,65,0,0,Haven,2026-07-23 11:00:00,https://www.vlr.gg/712816/eternal-fire-vs-team-heretics-vct-2026-emea-stage-2-w2,VCT 2026: EMEA Stage 2
echo,EF,0,0,0,0,0,0,0,0,0,41,0,0,Haven,2026-07-23 11:00:00,https://www.vlr.gg/712816/eternal-fire-vs-team-heretics-vct-2026-emea-stage-2-w2,VCT 2026: EMEA Stage 2
Boo,TH,0,1,0,0,0,1,0,0,0,51,0,0,Haven,2026-07-23 11:00:00,https://www.vlr.gg/712816/eternal-fire-vs-team-heretics-vct-2026-emea-stage-2-w2,VCT 2026: EMEA Stage 2
RieNs,TH,2,4,0,0,0,0,0,0,0,125,6,0,Haven,2026-07-23 11:00:00,https://www.vlr.gg/712816/eternal-fire-vs-team-heretics-vct-2026-emea-stage-2-w2,VCT 2026: EMEA Stage 2
Wo0t,TH,4,0,0,0,0,0,0,0,0,75,2,0,Haven,2026-07-23 11:00:00,https://www.vlr.gg/712816/eternal-fire-vs-team-heretics-vct-2026-emea-stage-2-w2,VCT 2026: EMEA Stage 2
koshmaras,TH,2,0,0,0,0,0,0,0,0,45,0,0,Haven,2026-07-23 11:00:00,https://www.vlr.gg/712816/eternal-fire-vs-team-heretics-vct-2026-emea-stage-2-w2,VCT 2026: EMEA Stage 2
benjyfishy,TH,3,1,0,0,0,0,0,0,0,68,3,0,Haven,2026-07-23 11:00:00,https://www.vlr.gg/712816/eternal-fire-vs-team-heretics-vct-2026-emea-stage-2-w2,VCT 2026: EMEA Stage 2
starxo,M8,11,2,0,0,0,0,0,0,0,68,9,1,all,2026-07-23 13:15:00,https://www.vlr.gg/712817/gentle-mates-vs-natus-vincere-vct-2026-emea-stage-2-w2,VCT 2026: EMEA Stage 2
marteen,M8,11,0,1,1,0,0,0,0,0,69,0,3,all,2026-07-23 13:15:00,https://www.vlr.gg/712817/gentle-mates-vs-natus-vincere-vct-2026-emea-stage-2-w2,VCT 2026: EMEA Stage 2
bipo,M8,8,0,0,0,1,0,0,0,0,43,2,0,all,2026-07-23 13:15:00,https://www.vlr.gg/712817/gentle-mates-vs-natus-vincere-vct-2026-emea-stage-2-w2,VCT 2026: EMEA Stage 2
Minny,M8,7,3,0,0,0,0,0,0,0,51,1,0,all,2026-07-23 13:15:00,https://www.vlr.gg/712817/gentle-mates-vs-natus-vincere-vct-2026-emea-stage-2-w2,VCT 2026: EMEA Stage 2
Proxh,M8,7,0,1,0,0,0,0,0,0,49,3,1,all,2026-07-23 13:15:00,https://www.vlr.gg/712817/gentle-mates-vs-natus-vincere-vct-2026-emea-stage-2-w2,VCT 2026: EMEA Stage 2
ExiT,NAVI,4,1,0,0,0,0,0,0,0,34,0,0,all,2026-07-23 13:15:00,https://www.vlr.gg/712817/gentle-mates-vs-natus-vincere-vct-2026-emea-stage-2-w2,VCT 2026: EMEA Stage 2
CyvOph,NAVI,4,1,0,0,0,0,0,0,0,42,9,1,all,2026-07-23 13:15:00,https://www.vlr.gg/712817/gentle-mates-vs-natus-vincere-vct-2026-emea-stage-2-w2,VCT 2026: EMEA Stage 2
chloric,NAVI,4,3,0,0,0,0,0,0,0,50,4,1,all,2026-07-23 13:15:00,https://www.vlr.gg/712817/gentle-mates-vs-natus-vincere-vct-2026-emea-stage-2-w2,VCT 2026: EMEA Stage 2
Ruxic,NAVI,5,1,1,0,0,0,0,0,0,52,0,1,all,2026-07-23 13:15:00,https://www.vlr.gg/712817/gentle-mates-vs-natus-vincere-vct-2026-emea-stage-2-w2,VCT 2026: EMEA Stage 2
hiro,NAVI,7,2,1,0,2,0,0,0,0,62,0,2,all,2026-07-23 13:15:00,https://www.vlr.gg/712817/gentle-mates-vs-natus-vincere-vct-2026-emea-stage-2-w2,VCT 2026: EMEA Stage 2
starxo,M8,8,1,0,0,0,0,0,0,0,70,5,1,Sunset,2026-07-23 13:15:00,https://www.vlr.gg/712817/gentle-mates-vs-natus-vincere-vct-2026-emea-stage-2-w2,VCT 2026: EMEA Stage 2
marteen,M8,5,0,0,1,0,0,0,0,0,60,0,2,Sunset,2026-07-23 13:15:00,https://www.vlr.gg/712817/gentle-mates-vs-natus-vincere-vct-2026-emea-stage-2-w2,VCT 2026: EMEA Stage 2
bipo,M8,3,0,0,0,1,0,0,0,0,38,1,0,Sunset,2026-07-23 13:15:00,https://www.vlr.gg/712817/gentle-mates-vs-natus-vincere-vct-2026-emea-stage-2-w2,VCT 2026: EMEA Stage 2
Minny,M8,6,1,0,0,0,0,0,0,0,50,0,0,Sunset,2026-07-23 13:15:00,https://www.vlr.gg/712817/gentle-mates-vs-natus-vincere-vct-2026-emea-stage-2-w2,VCT 2026: EMEA Stage 2
Proxh,M8,5,0,0,0,0,0,0,0,0,46,2,1,Sunset,2026-07-23 13:15:00,https://www.vlr.gg/712817/gentle-mates-vs-natus-vincere-vct-2026-emea-stage-2-w2,VCT 2026: EMEA Stage 2
ExiT,NAVI,1,1,0,0,0,0,0,0,0,31,0,0,Sunset,2026-07-23 13:15:00,https://www.vlr.gg/712817/gentle-mates-vs-natus-vincere-vct-2026-emea-stage-2-w2,VCT 2026: EMEA Stage 2
CyvOph,NAVI,1,0,0,0,0,0,0,0,0,24,7,1,Sunset,2026-07-23 13:15:00,https://www.vlr.gg/712817/gentle-mates-vs-natus-vincere-vct-2026-emea-stage-2-w2,VCT 2026: EMEA Stage 2
chloric,NAVI,2,2,0,0,0,0,0,0,0,51,1,0,Sunset,2026-07-23 13:15:00,https://www.vlr.gg/712817/gentle-mates-vs-natus-vincere-vct-2026-emea-stage-2-w2,VCT 2026: EMEA Stage 2
Ruxic,NAVI,3,0,1,0,0,0,0,0,0,60,0,0,Sunset,2026-07-23 13:15:00,https://www.vlr.gg/712817/gentle-mates-vs-natus-vincere-vct-2026-emea-stage-2-w2,VCT 2026: EMEA Stage 2
hiro,NAVI,4,2,1,0,2,0,0,0,0,86,0,2,Sunset,2026-07-23 13:15:00,https://www.vlr.gg/712817/gentle-mates-vs-natus-vincere-vct-2026-emea-stage-2-w2,VCT 2026: EMEA Stage 2
starxo,M8,3,1,0,0,0,0,0,0,0,66,4,0,Haven,2026-07-23 13:15:00,https://www.vlr.gg/712817/gentle-mates-vs-natus-vincere-vct-2026-emea-stage-2-w2,VCT 2026: EMEA Stage 2
marteen,M8,6,0,1,0,0,0,0,0,0,77,0,1,Haven,2026-07-23 13:15:00,https://www.vlr.gg/712817/gentle-mates-vs-natus-vincere-vct-2026-emea-stage-2-w2,VCT 2026: EMEA Stage 2
bipo,M8,5,0,0,0,0,0,0,0,0,47,1,0,Haven,2026-07-23 13:15:00,https://www.vlr.gg/712817/gentle-mates-vs-natus-vincere-vct-2026-emea-stage-2-w2,VCT 2026: EMEA Stage 2
Minny,M8,1,2,0,0,0,0,0,0,0,52,1,0,Haven,2026-07-23 13:15:00,https://www.vlr.gg/712817/gentle-mates-vs-natus-vincere-vct-2026-emea-stage-2-w2,VCT 2026: EMEA Stage 2
Proxh,M8,2,0,1,0,0,0,0,0,0,51,1,0,Haven,2026-07-23 13:15:00,https://www.vlr.gg/712817/gentle-mates-vs-natus-vincere-vct-2026-emea-stage-2-w2,VCT 2026: EMEA Stage 2
ExiT,NAVI,3,0,0,0,0,0,0,0,0,37,0,0,Haven,2026-07-23 13:15:00,https://www.vlr.gg/712817/gentle-mates-vs-natus-vincere-vct-2026-emea-stage-2-w2,VCT 2026: EMEA Stage 2
CyvOph,NAVI,3,1,0,0,0,0,0,0,0,60,2,0,Haven,2026-07-23 13:15:00,https://www.vlr.gg/712817/gentle-mates-vs-natus-vincere-vct-2026-emea-stage-2-w2,VCT 2026: EMEA Stage 2
chloric,NAVI,2,1,0,0,0,0,0,0,0,49,3,1,Haven,2026-07-23 13:15:00,https://www.vlr.gg/712817/gentle-mates-vs-natus-vincere-vct-2026-emea-stage-2-w2,VCT 2026: EMEA Stage 2
Ruxic,NAVI,2,1,0,0,0,0,0,0,0,44,0,1,Haven,2026-07-23 13:15:00,https://www.vlr.gg/712817/gentle-mates-vs-natus-vincere-vct-2026-emea-stage-2-w2,VCT 2026: EMEA Stage 2
hiro,NAVI,3,0,0,0,0,0,0,0,0,38,0,0,Haven,2026-07-23 13:15:00,https://www.vlr.gg/712817/gentle-mates-vs-natus-vincere-vct-2026-emea-stage-2-w2,VCT 2026: EMEA Stage 2
sociablEE,FUT,5,2,0,0,1,1,0,0,0,44,3,1,all,2026-07-24 11:00:00,https://www.vlr.gg/712818/fut-esports-vs-bbl-esports-vct-2026-emea-stage-2-w2,VCT 2026: EMEA Stage 2
yetujey,FUT,10,0,2,0,2,0,0,0,0,61,1,1,all,2026-07-24 11:00:00,https://www.vlr.gg/712818/fut-esports-vs-bbl-esports-vct-2026-emea-stage-2-w2,VCT 2026: EMEA Stage 2
xeus,FUT,6,5,3,0,0,0,0,0,0,52,4,2,all,2026-07-24 11:00:00,https://www.vlr.gg/712818/fut-esports-vs-bbl-esports-vct-2026-emea-stage-2-w2,VCT 2026: EMEA Stage 2
KROSTALY,FUT,8,4,0,1,0,0,1,0,0,60,12,1,all,2026-07-24 11:00:00,https://www.vlr.gg/712818/fut-esports-vs-bbl-esports-vct-2026-emea-stage-2-w2,VCT 2026: EMEA Stage 2
s0pp,FUT,9,1,1,0,0,0,0,0,0,50,0,0,all,2026-07-24 11:00:00,https://www.vlr.gg/712818/fut-esports-vs-bbl-esports-vct-2026-emea-stage-2-w2,VCT 2026: EMEA Stage 2
Rosé,BBL,3,0,1,0,0,0,0,0,0,36,10,0,all,2026-07-24 11:00:00,https://www.vlr.gg/712818/fut-esports-vs-bbl-esports-vct-2026-emea-stage-2-w2,VCT 2026: EMEA Stage 2
Crewen,BBL,6,2,0,0,0,0,0,0,0,56,2,0,all,2026-07-24 11:00:00,https://www.vlr.gg/712818/fut-esports-vs-bbl-esports-vct-2026-emea-stage-2-w2,VCT 2026: EMEA Stage 2
Loita,BBL,14,2,0,0,5,0,0,0,0,63,5,1,all,2026-07-24 11:00:00,https://www.vlr.gg/712818/fut-esports-vs-bbl-esports-vct-2026-emea-stage-2-w2,VCT 2026: EMEA Stage 2
Lar0k,BBL,7,5,0,1,0,1,0,0,0,52,5,0,all,2026-07-24 11:00:00,https://www.vlr.gg/712818/fut-esports-vs-bbl-esports-vct-2026-emea-stage-2-w2,VCT 2026: EMEA Stage 2
lovers,rock,13,1,0,0,0,0,0,0,0,46,0,0,all,2026-07-24 11:00:00,https://www.vlr.gg/712818/fut-esports-vs-bbl-esports-vct-2026-emea-stage-2-w2,VCT 2026: EMEA Stage 2
sociablEE,FUT,0,0,0,0,0,0,0,0,0,32,0,1,Lotus,2026-07-24 11:00:00,https://www.vlr.gg/712818/fut-esports-vs-bbl-esports-vct-2026-emea-stage-2-w2,VCT 2026: EMEA Stage 2
yetujey,FUT,3,0,0,0,0,0,0,0,0,64,0,0,Lotus,2026-07-24 11:00:00,https://www.vlr.gg/712818/fut-esports-vs-bbl-esports-vct-2026-emea-stage-2-w2,VCT 2026: EMEA Stage 2
xeus,FUT,1,0,1,0,0,0,0,0,0,40,1,1,Lotus,2026-07-24 11:00:00,https://www.vlr.gg/712818/fut-esports-vs-bbl-esports-vct-2026-emea-stage-2-w2,VCT 2026: EMEA Stage 2
KROSTALY,FUT,2,0,0,0,0,0,0,0,0,47,1,0,Lotus,2026-07-24 11:00:00,https://www.vlr.gg/712818/fut-esports-vs-bbl-esports-vct-2026-emea-stage-2-w2,VCT 2026: EMEA Stage 2
s0pp,FUT,4,1,0,0,0,0,0,0,0,42,0,0,Lotus,2026-07-24 11:00:00,https://www.vlr.gg/712818/fut-esports-vs-bbl-esports-vct-2026-emea-stage-2-w2,VCT 2026: EMEA Stage 2
Rosé,BBL,2,0,1,0,0,0,0,0,0,54,6,0,Lotus,2026-07-24 11:00:00,https://www.vlr.gg/712818/fut-esports-vs-bbl-esports-vct-2026-emea-stage-2-w2,VCT 2026: EMEA Stage 2
Crewen,BBL,2,2,0,0,0,0,0,0,0,56,0,0,Lotus,2026-07-24 11:00:00,https://www.vlr.gg/712818/fut-esports-vs-bbl-esports-vct-2026-emea-stage-2-w2,VCT 2026: EMEA Stage 2
Loita,BBL,5,0,0,0,0,0,0,0,0,61,2,0,Lotus,2026-07-24 11:00:00,https://www.vlr.gg/712818/fut-esports-vs-bbl-esports-vct-2026-emea-stage-2-w2,VCT 2026: EMEA Stage 2
Lar0k,BBL,2,2,0,1,0,0,0,0,0,63,1,0,Lotus,2026-07-24 11:00:00,https://www.vlr.gg/712818/fut-esports-vs-bbl-esports-vct-2026-emea-stage-2-w2,VCT 2026: EMEA Stage 2
lovers,rock,4,0,0,0,0,0,0,0,0,41,0,0,Lotus,2026-07-24 11:00:00,https://www.vlr.gg/712818/fut-esports-vs-bbl-esports-vct-2026-emea-stage-2-w2,VCT 2026: EMEA Stage 2
sociablEE,FUT,2,2,0,0,0,1,0,0,0,55,1,0,Split,2026-07-24 11:00:00,https://www.vlr.gg/712818/fut-esports-vs-bbl-esports-vct-2026-emea-stage-2-w2,VCT 2026: EMEA Stage 2
yetujey,FUT,6,0,0,0,1,0,0,0,0,51,1,0,Split,2026-07-24 11:00:00,https://www.vlr.gg/712818/fut-esports-vs-bbl-esports-vct-2026-emea-stage-2-w2,VCT 2026: EMEA Stage 2
xeus,FUT,3,2,1,0,0,0,0,0,0,56,2,0,Split,2026-07-24 11:00:00,https://www.vlr.gg/712818/fut-esports-vs-bbl-esports-vct-2026-emea-stage-2-w2,VCT 2026: EMEA Stage 2
KROSTALY,FUT,2,2,0,1,0,0,1,0,0,78,5,1,Split,2026-07-24 11:00:00,https://www.vlr.gg/712818/fut-esports-vs-bbl-esports-vct-2026-emea-stage-2-w2,VCT 2026: EMEA Stage 2
s0pp,FUT,2,0,1,0,0,0,0,0,0,42,0,0,Split,2026-07-24 11:00:00,https://www.vlr.gg/712818/fut-esports-vs-bbl-esports-vct-2026-emea-stage-2-w2,VCT 2026: EMEA Stage 2
Rosé,BBL,0,0,0,0,0,0,0,0,0,21,1,0,Split,2026-07-24 11:00:00,https://www.vlr.gg/712818/fut-esports-vs-bbl-esports-vct-2026-emea-stage-2-w2,VCT 2026: EMEA Stage 2
Crewen,BBL,1,0,0,0,0,0,0,0,0,42,2,0,Split,2026-07-24 11:00:00,https://www.vlr.gg/712818/fut-esports-vs-bbl-esports-vct-2026-emea-stage-2-w2,VCT 2026: EMEA Stage 2
Loita,BBL,5,1,0,0,2,0,0,0,0,82,0,0,Split,2026-07-24 11:00:00,https://www.vlr.gg/712818/fut-esports-vs-bbl-esports-vct-2026-emea-stage-2-w2,VCT 2026: EMEA Stage 2
Lar0k,BBL,2,1,0,0,0,0,0,0,0,58,1,0,Split,2026-07-24 11:00:00,https://www.vlr.gg/712818/fut-esports-vs-bbl-esports-vct-2026-emea-stage-2-w2,VCT 2026: EMEA Stage 2
lovers,rock,5,0,0,0,0,0,0,0,0,49,0,0,Split,2026-07-24 11:00:00,https://www.vlr.gg/712818/fut-esports-vs-bbl-esports-vct-2026-emea-stage-2-w2,VCT 2026: EMEA Stage 2
sociablEE,FUT,3,0,0,0,1,0,0,0,0,46,2,0,Sunset,2026-07-24 11:00:00,https://www.vlr.gg/712818/fut-esports-vs-bbl-esports-vct-2026-emea-stage-2-w2,VCT 2026: EMEA Stage 2
yetujey,FUT,1,0,2,0,1,0,0,0,0,67,0,1,Sunset,2026-07-24 11:00:00,https://www.vlr.gg/712818/fut-esports-vs-bbl-esports-vct-2026-emea-stage-2-w2,VCT 2026: EMEA Stage 2
xeus,FUT,2,3,1,0,0,0,0,0,0,59,1,1,Sunset,2026-07-24 11:00:00,https://www.vlr.gg/712818/fut-esports-vs-bbl-esports-vct-2026-emea-stage-2-w2,VCT 2026: EMEA Stage 2
KROSTALY,FUT,4,2,0,0,0,0,0,0,0,54,6,0,Sunset,2026-07-24 11:00:00,https://www.vlr.gg/712818/fut-esports-vs-bbl-esports-vct-2026-emea-stage-2-w2,VCT 2026: EMEA Stage 2
s0pp,FUT,3,0,0,0,0,0,0,0,0,66,0,0,Sunset,2026-07-24 11:00:00,https://www.vlr.gg/712818/fut-esports-vs-bbl-esports-vct-2026-emea-stage-2-w2,VCT 2026: EMEA Stage 2
Rosé,BBL,1,0,0,0,0,0,0,0,0,32,3,0,Sunset,2026-07-24 11:00:00,https://www.vlr.gg/712818/fut-esports-vs-bbl-esports-vct-2026-emea-stage-2-w2,VCT 2026: EMEA Stage 2
Crewen,BBL,3,0,0,0,0,0,0,0,0,69,0,0,Sunset,2026-07-24 11:00:00,https://www.vlr.gg/712818/fut-esports-vs-bbl-esports-vct-2026-emea-stage-2-w2,VCT 2026: EMEA Stage 2
Loita,BBL,4,1,0,0,3,0,0,0,0,45,3,1,Sunset,2026-07-24 11:00:00,https://www.vlr.gg/712818/fut-esports-vs-bbl-esports-vct-2026-emea-stage-2-w2,VCT 2026: EMEA Stage 2
Lar0k,BBL,3,2,0,0,0,1,0,0,0,35,3,0,Sunset,2026-07-24 11:00:00,https://www.vlr.gg/712818/fut-esports-vs-bbl-esports-vct-2026-emea-stage-2-w2,VCT 2026: EMEA Stage 2
lovers,rock,4,1,0,0,0,0,0,0,0,48,0,0,Sunset,2026-07-24 11:00:00,https://www.vlr.gg/712818/fut-esports-vs-bbl-esports-vct-2026-emea-stage-2-w2,VCT 2026: EMEA Stage 2
nAts,TL,7,3,0,0,1,0,0,0,0,73,1,0,all,2026-07-24 14:20:00,https://www.vlr.gg/712819/team-liquid-vs-fnatic-vct-2026-emea-stage-2-w2,VCT 2026: EMEA Stage 2
purp0,TL,6,1,0,0,0,0,0,0,0,52,0,0,all,2026-07-24 14:20:00,https://www.vlr.gg/712819/team-liquid-vs-fnatic-vct-2026-emea-stage-2-w2,VCT 2026: EMEA Stage 2
trexx,TL,9,4,0,0,0,1,0,0,0,98,9,1,all,2026-07-24 14:20:00,https://www.vlr.gg/712819/team-liquid-vs-fnatic-vct-2026-emea-stage-2-w2,VCT 2026: EMEA Stage 2
Kicks,TL,6,0,0,0,0,0,0,0,0,35,1,0,all,2026-07-24 14:20:00,https://www.vlr.gg/712819/team-liquid-vs-fnatic-vct-2026-emea-stage-2-w2,VCT 2026: EMEA Stage 2
kamo,TL,6,2,1,0,0,0,0,0,0,70,4,1,all,2026-07-24 14:20:00,https://www.vlr.gg/712819/team-liquid-vs-fnatic-vct-2026-emea-stage-2-w2,VCT 2026: EMEA Stage 2
crashies,FNC,3,0,0,0,0,1,0,0,0,40,1,0,all,2026-07-24 14:20:00,https://www.vlr.gg/712819/team-liquid-vs-fnatic-vct-2026-emea-stage-2-w2,VCT 2026: EMEA Stage 2
Boaster,FNC,1,1,0,0,0,1,0,0,0,33,1,0,all,2026-07-24 14:20:00,https://www.vlr.gg/712819/team-liquid-vs-fnatic-vct-2026-emea-stage-2-w2,VCT 2026: EMEA Stage 2
Cloud,FNC,3,1,0,0,1,0,0,0,0,41,3,1,all,2026-07-24 14:20:00,https://www.vlr.gg/712819/team-liquid-vs-fnatic-vct-2026-emea-stage-2-w2,VCT 2026: EMEA Stage 2
kaajak,FNC,2,3,0,0,0,0,0,0,0,42,1,2,all,2026-07-24 14:20:00,https://www.vlr.gg/712819/team-liquid-vs-fnatic-vct-2026-emea-stage-2-w2,VCT 2026: EMEA Stage 2
Alfajer,FNC,3,1,1,0,0,1,0,0,0,60,0,1,all,2026-07-24 14:20:00,https://www.vlr.gg/712819/team-liquid-vs-fnatic-vct-2026-emea-stage-2-w2,VCT 2026: EMEA Stage 2
nAts,TL,4,3,0,0,1,0,0,0,0,89,1,0,Summit,2026-07-24 14:20:00,https://www.vlr.gg/712819/team-liquid-vs-fnatic-vct-2026-emea-stage-2-w2,VCT 2026: EMEA Stage 2
purp0,TL,4,0,0,0,0,0,0,0,0,38,0,0,Summit,2026-07-24 14:20:00,https://www.vlr.gg/712819/team-liquid-vs-fnatic-vct-2026-emea-stage-2-w2,VCT 2026: EMEA Stage 2
trexx,TL,6,1,0,0,0,0,0,0,0,95,7,0,Summit,2026-07-24 14:20:00,https://www.vlr.gg/712819/team-liquid-vs-fnatic-vct-2026-emea-stage-2-w2,VCT 2026: EMEA Stage 2
Kicks,TL,4,0,0,0,0,0,0,0,0,31,1,0,Summit,2026-07-24 14:20:00,https://www.vlr.gg/712819/team-liquid-vs-fnatic-vct-2026-emea-stage-2-w2,VCT 2026: EMEA Stage 2
kamo,TL,3,0,0,0,0,0,0,0,0,47,2,1,Summit,2026-07-24 14:20:00,https://www.vlr.gg/712819/team-liquid-vs-fnatic-vct-2026-emea-stage-2-w2,VCT 2026: EMEA Stage 2
crashies,FNC,2,0,0,0,0,0,0,0,0,35,0,0,Summit,2026-07-24 14:20:00,https://www.vlr.gg/712819/team-liquid-vs-fnatic-vct-2026-emea-stage-2-w2,VCT 2026: EMEA Stage 2
Boaster,FNC,0,1,0,0,0,1,0,0,0,37,0,0,Summit,2026-07-24 14:20:00,https://www.vlr.gg/712819/team-liquid-vs-fnatic-vct-2026-emea-stage-2-w2,VCT 2026: EMEA Stage 2
Cloud,FNC,2,0,0,0,0,0,0,0,0,41,3,1,Summit,2026-07-24 14:20:00,https://www.vlr.gg/712819/team-liquid-vs-fnatic-vct-2026-emea-stage-2-w2,VCT 2026: EMEA Stage 2
kaajak,FNC,1,2,0,0,0,0,0,0,0,51,0,1,Summit,2026-07-24 14:20:00,https://www.vlr.gg/712819/team-liquid-vs-fnatic-vct-2026-emea-stage-2-w2,VCT 2026: EMEA Stage 2
Alfajer,FNC,1,1,1,0,0,1,0,0,0,67,0,1,Summit,2026-07-24 14:20:00,https://www.vlr.gg/712819/team-liquid-vs-fnatic-vct-2026-emea-stage-2-w2,VCT 2026: EMEA Stage 2
nAts,TL,3,0,0,0,0,0,0,0,0,57,0,0,Lotus,2026-07-24 14:20:00,https://www.vlr.gg/712819/team-liquid-vs-fnatic-vct-2026-emea-stage-2-w2,VCT 2026: EMEA Stage 2
purp0,TL,2,1,0,0,0,0,0,0,0,66,0,0,Lotus,2026-07-24 14:20:00,https://www.vlr.gg/712819/team-liquid-vs-fnatic-vct-2026-emea-stage-2-w2,VCT 2026: EMEA Stage 2
trexx,TL,3,3,0,0,0,1,0,0,0,100,2,1,Lotus,2026-07-24 14:20:00,https://www.vlr.gg/712819/team-liquid-vs-fnatic-vct-2026-emea-stage-2-w2,VCT 2026: EMEA Stage 2
Kicks,TL,2,0,0,0,0,0,0,0,0,39,0,0,Lotus,2026-07-24 14:20:00,https://www.vlr.gg/712819/team-liquid-vs-fnatic-vct-2026-emea-stage-2-w2,VCT 2026: EMEA Stage 2
kamo,TL,3,2,1,0,0,0,0,0,0,93,2,0,Lotus,2026-07-24 14:20:00,https://www.vlr.gg/712819/team-liquid-vs-fnatic-vct-2026-emea-stage-2-w2,VCT 2026: EMEA Stage 2
crashies,FNC,1,0,0,0,0,1,0,0,0,44,1,0,Lotus,2026-07-24 14:20:00,https://www.vlr.gg/712819/team-liquid-vs-fnatic-vct-2026-emea-stage-2-w2,VCT 2026: EMEA Stage 2
Boaster,FNC,1,0,0,0,0,0,0,0,0,29,1,0,Lotus,2026-07-24 14:20:00,https://www.vlr.gg/712819/team-liquid-vs-fnatic-vct-2026-emea-stage-2-w2,VCT 2026: EMEA Stage 2
Cloud,FNC,1,1,0,0,1,0,0,0,0,40,0,0,Lotus,2026-07-24 14:20:00,https://www.vlr.gg/712819/team-liquid-vs-fnatic-vct-2026-emea-stage-2-w2,VCT 2026: EMEA Stage 2
kaajak,FNC,1,1,0,0,0,0,0,0,0,33,1,1,Lotus,2026-07-24 14:20:00,https://www.vlr.gg/712819/team-liquid-vs-fnatic-vct-2026-emea-stage-2-w2,VCT 2026: EMEA Stage 2
Alfajer,FNC,2,0,0,0,0,0,0,0,0,53,0,0,Lotus,2026-07-24 14:20:00,https://www.vlr.gg/712819/team-liquid-vs-fnatic-vct-2026-emea-stage-2-w2,VCT 2026: EMEA Stage 2
al0rante,PCF,4,5,0,0,0,0,0,0,0,74,0,0,all,2026-07-25 11:00:00,https://www.vlr.gg/712820/pcific-esports-vs-team-vitality-vct-2026-emea-stage-2-w2,VCT 2026: EMEA Stage 2
qpert,PCF,2,1,0,0,1,0,0,0,0,39,6,1,all,2026-07-25 11:00:00,https://www.vlr.gg/712820/pcific-esports-vs-team-vitality-vct-2026-emea-stage-2-w2,VCT 2026: EMEA Stage 2
waddle,PCF,3,2,1,0,1,0,0,1,0,66,3,0,all,2026-07-25 11:00:00,https://www.vlr.gg/712820/pcific-esports-vs-team-vitality-vct-2026-emea-stage-2-w2,VCT 2026: EMEA Stage 2
seven,PCF,4,1,0,0,1,0,0,0,0,51,1,0,all,2026-07-25 11:00:00,https://www.vlr.gg/712820/pcific-esports-vs-team-vitality-vct-2026-emea-stage-2-w2,VCT 2026: EMEA Stage 2
NINJA,PCF,2,0,0,0,0,0,0,0,0,28,1,2,all,2026-07-25 11:00:00,https://www.vlr.gg/712820/pcific-esports-vs-team-vitality-vct-2026-emea-stage-2-w2,VCT 2026: EMEA Stage 2
Chronicle,VIT,6,1,0,0,0,0,0,0,0,57,0,1,all,2026-07-25 11:00:00,https://www.vlr.gg/712820/pcific-esports-vs-team-vitality-vct-2026-emea-stage-2-w2,VCT 2026: EMEA Stage 2
Derke,VIT,6,3,2,0,0,0,0,0,0,82,4,1,all,2026-07-25 11:00:00,https://www.vlr.gg/712820/pcific-esports-vs-team-vitality-vct-2026-emea-stage-2-w2,VCT 2026: EMEA Stage 2
PROFEK,VIT,6,3,1,0,1,0,1,0,0,60,0,1,all,2026-07-25 11:00:00,https://www.vlr.gg/712820/pcific-esports-vs-team-vitality-vct-2026-emea-stage-2-w2,VCT 2026: EMEA Stage 2
Jamppi,VIT,5,1,0,0,1,0,0,0,0,39,5,0,all,2026-07-25 11:00:00,https://www.vlr.gg/712820/pcific-esports-vs-team-vitality-vct-2026-emea-stage-2-w2,VCT 2026: EMEA Stage 2
Sayonara,VIT,7,3,0,0,0,0,0,0,0,68,5,2,all,2026-07-25 11:00:00,https://www.vlr.gg/712820/pcific-esports-vs-team-vitality-vct-2026-emea-stage-2-w2,VCT 2026: EMEA Stage 2
al0rante,PCF,1,2,0,0,0,0,0,0,0,54,0,0,Haven,2026-07-25 11:00:00,https://www.vlr.gg/712820/pcific-esports-vs-team-vitality-vct-2026-emea-stage-2-w2,VCT 2026: EMEA Stage 2
qpert,PCF,0,0,0,0,0,0,0,0,0,29,4,0,Haven,2026-07-25 11:00:00,https://www.vlr.gg/712820/pcific-esports-vs-team-vitality-vct-2026-emea-stage-2-w2,VCT 2026: EMEA Stage 2
waddle,PCF,0,1,0,0,1,0,0,0,0,59,3,0,Haven,2026-07-25 11:00:00,https://www.vlr.gg/712820/pcific-esports-vs-team-vitality-vct-2026-emea-stage-2-w2,VCT 2026: EMEA Stage 2
seven,PCF,2,0,0,0,1,0,0,0,0,64,1,0,Haven,2026-07-25 11:00:00,https://www.vlr.gg/712820/pcific-esports-vs-team-vitality-vct-2026-emea-stage-2-w2,VCT 2026: EMEA Stage 2
NINJA,PCF,1,0,0,0,0,0,0,0,0,27,0,1,Haven,2026-07-25 11:00:00,https://www.vlr.gg/712820/pcific-esports-vs-team-vitality-vct-2026-emea-stage-2-w2,VCT 2026: EMEA Stage 2
Chronicle,VIT,2,0,0,0,0,0,0,0,0,63,0,1,Haven,2026-07-25 11:00:00,https://www.vlr.gg/712820/pcific-esports-vs-team-vitality-vct-2026-emea-stage-2-w2,VCT 2026: EMEA Stage 2
Derke,VIT,3,0,1,0,0,0,0,0,0,87,0,0,Haven,2026-07-25 11:00:00,https://www.vlr.gg/712820/pcific-esports-vs-team-vitality-vct-2026-emea-stage-2-w2,VCT 2026: EMEA Stage 2
PROFEK,VIT,1,2,1,0,0,0,1,0,0,57,0,1,Haven,2026-07-25 11:00:00,https://www.vlr.gg/712820/pcific-esports-vs-team-vitality-vct-2026-emea-stage-2-w2,VCT 2026: EMEA Stage 2
Jamppi,VIT,2,0,0,0,0,0,0,0,0,30,3,0,Haven,2026-07-25 11:00:00,https://www.vlr.gg/712820/pcific-esports-vs-team-vitality-vct-2026-emea-stage-2-w2,VCT 2026: EMEA Stage 2
Sayonara,VIT,4,3,0,0,0,0,0,0,0,87,3,1,Haven,2026-07-25 11:00:00,https://www.vlr.gg/712820/pcific-esports-vs-team-vitality-vct-2026-emea-stage-2-w2,VCT 2026: EMEA Stage 2
al0rante,PCF,3,3,0,0,0,0,0,0,0,94,0,0,Sunset,2026-07-25 11:00:00,https://www.vlr.gg/712820/pcific-esports-vs-team-vitality-vct-2026-emea-stage-2-w2,VCT 2026: EMEA Stage 2
qpert,PCF,2,1,0,0,1,0,0,0,0,49,2,1,Sunset,2026-07-25 11:00:00,https://www.vlr.gg/712820/pcific-esports-vs-team-vitality-vct-2026-emea-stage-2-w2,VCT 2026: EMEA Stage 2
waddle,PCF,3,1,1,0,0,0,0,1,0,73,0,0,Sunset,2026-07-25 11:00:00,https://www.vlr.gg/712820/pcific-esports-vs-team-vitality-vct-2026-emea-stage-2-w2,VCT 2026: EMEA Stage 2
seven,PCF,2,1,0,0,0,0,0,0,0,37,0,0,Sunset,2026-07-25 11:00:00,https://www.vlr.gg/712820/pcific-esports-vs-team-vitality-vct-2026-emea-stage-2-w2,VCT 2026: EMEA Stage 2
NINJA,PCF,1,0,0,0,0,0,0,0,0,28,1,1,Sunset,2026-07-25 11:00:00,https://www.vlr.gg/712820/pcific-esports-vs-team-vitality-vct-2026-emea-stage-2-w2,VCT 2026: EMEA Stage 2
Chronicle,VIT,4,1,0,0,0,0,0,0,0,50,0,0,Sunset,2026-07-25 11:00:00,https://www.vlr.gg/712820/pcific-esports-vs-team-vitality-vct-2026-emea-stage-2-w2,VCT 2026: EMEA Stage 2
Derke,VIT,3,3,1,0,0,0,0,0,0,76,4,1,Sunset,2026-07-25 11:00:00,https://www.vlr.gg/712820/pcific-esports-vs-team-vitality-vct-2026-emea-stage-2-w2,VCT 2026: EMEA Stage 2
PROFEK,VIT,5,1,0,0,1,0,0,0,0,63,0,0,Sunset,2026-07-25 11:00:00,https://www.vlr.gg/712820/pcific-esports-vs-team-vitality-vct-2026-emea-stage-2-w2,VCT 2026: EMEA Stage 2
Jamppi,VIT,3,1,0,0,1,0,0,0,0,48,2,0,Sunset,2026-07-25 11:00:00,https://www.vlr.gg/712820/pcific-esports-vs-team-vitality-vct-2026-emea-stage-2-w2,VCT 2026: EMEA Stage 2
Sayonara,VIT,3,0,0,0,0,0,0,0,0,49,2,1,Sunset,2026-07-25 11:00:00,https://www.vlr.gg/712820/pcific-esports-vs-team-vitality-vct-2026-emea-stage-2-w2,VCT 2026: EMEA Stage 2
nekky,EF,0,3,0,0,0,0,0,0,0,46,2,0,all,2026-07-25 13:00:00,https://www.vlr.gg/712821/eternal-fire-vs-giantx-vct-2026-emea-stage-2-w2,VCT 2026: EMEA Stage 2
audaz,EF,3,0,0,0,0,0,0,0,0,31,5,0,all,2026-07-25 13:00:00,https://www.vlr.gg/712821/eternal-fire-vs-giantx-vct-2026-emea-stage-2-w2,VCT 2026: EMEA Stage 2
Spear,EF,8,1,0,0,0,0,0,0,0,51,0,1,all,2026-07-25 13:00:00,https://www.vlr.gg/712821/eternal-fire-vs-giantx-vct-2026-emea-stage-2-w2,VCT 2026: EMEA Stage 2
Favian,EF,6,2,0,0,1,1,0,0,0,56,2,3,all,2026-07-25 13:00:00,https://www.vlr.gg/712821/eternal-fire-vs-giantx-vct-2026-emea-stage-2-w2,VCT 2026: EMEA Stage 2
echo,EF,5,0,0,0,0,0,0,0,0,49,1,2,all,2026-07-25 13:00:00,https://www.vlr.gg/712821/eternal-fire-vs-giantx-vct-2026-emea-stage-2-w2,VCT 2026: EMEA Stage 2
Jesse,GX,4,0,0,0,3,2,0,0,0,51,9,4,all,2026-07-25 13:00:00,https://www.vlr.gg/712821/eternal-fire-vs-giantx-vct-2026-emea-stage-2-w2,VCT 2026: EMEA Stage 2
neT,GX,9,4,0,0,0,0,0,0,0,80,5,0,all,2026-07-25 13:00:00,https://www.vlr.gg/712821/eternal-fire-vs-giantx-vct-2026-emea-stage-2-w2,VCT 2026: EMEA Stage 2
Flickless,GX,4,3,0,0,1,1,0,0,0,64,2,1,all,2026-07-25 13:00:00,https://www.vlr.gg/712821/eternal-fire-vs-giantx-vct-2026-emea-stage-2-w2,VCT 2026: EMEA Stage 2
ara,GX,8,4,0,1,0,0,0,0,0,63,1,0,all,2026-07-25 13:00:00,https://www.vlr.gg/712821/eternal-fire-vs-giantx-vct-2026-emea-stage-2-w2,VCT 2026: EMEA Stage 2
westside,GX,4,2,0,0,0,0,0,0,0,50,2,2,all,2026-07-25 13:00:00,https://www.vlr.gg/712821/eternal-fire-vs-giantx-vct-2026-emea-stage-2-w2,VCT 2026: EMEA Stage 2
nekky,EF,0,1,0,0,0,0,0,0,0,38,1,0,Split,2026-07-25 13:00:00,https://www.vlr.gg/712821/eternal-fire-vs-giantx-vct-2026-emea-stage-2-w2,VCT 2026: EMEA Stage 2
audaz,EF,3,0,0,0,0,0,0,0,0,36,3,0,Split,2026-07-25 13:00:00,https://www.vlr.gg/712821/eternal-fire-vs-giantx-vct-2026-emea-stage-2-w2,VCT 2026: EMEA Stage 2
Spear,EF,3,0,0,0,0,0,0,0,0,48,0,1,Split,2026-07-25 13:00:00,https://www.vlr.gg/712821/eternal-fire-vs-giantx-vct-2026-emea-stage-2-w2,VCT 2026: EMEA Stage 2
Favian,EF,0,2,0,0,0,1,0,0,0,51,1,2,Split,2026-07-25 13:00:00,https://www.vlr.gg/712821/eternal-fire-vs-giantx-vct-2026-emea-stage-2-w2,VCT 2026: EMEA Stage 2
echo,EF,2,0,0,0,0,0,0,0,0,45,0,0,Split,2026-07-25 13:00:00,https://www.vlr.gg/712821/eternal-fire-vs-giantx-vct-2026-emea-stage-2-w2,VCT 2026: EMEA Stage 2
Jesse,GX,2,0,0,0,1,1,0,0,0,39,4,1,Split,2026-07-25 13:00:00,https://www.vlr.gg/712821/eternal-fire-vs-giantx-vct-2026-emea-stage-2-w2,VCT 2026: EMEA Stage 2
neT,GX,4,2,0,0,0,0,0,0,0,78,3,0,Split,2026-07-25 13:00:00,https://www.vlr.gg/712821/eternal-fire-vs-giantx-vct-2026-emea-stage-2-w2,VCT 2026: EMEA Stage 2
Flickless,GX,4,0,0,0,1,1,0,0,0,66,2,0,Split,2026-07-25 13:00:00,https://www.vlr.gg/712821/eternal-fire-vs-giantx-vct-2026-emea-stage-2-w2,VCT 2026: EMEA Stage 2
ara,GX,3,3,0,0,0,0,0,0,0,71,0,0,Split,2026-07-25 13:00:00,https://www.vlr.gg/712821/eternal-fire-vs-giantx-vct-2026-emea-stage-2-w2,VCT 2026: EMEA Stage 2
westside,GX,2,2,0,0,0,0,0,0,0,57,2,2,Split,2026-07-25 13:00:00,https://www.vlr.gg/712821/eternal-fire-vs-giantx-vct-2026-emea-stage-2-w2,VCT 2026: EMEA Stage 2
nekky,EF,0,2,0,0,0,0,0,0,0,53,1,0,Ascent,2026-07-25 13:00:00,https://www.vlr.gg/712821/eternal-fire-vs-giantx-vct-2026-emea-stage-2-w2,VCT 2026: EMEA Stage 2
audaz,EF,0,0,0,0,0,0,0,0,0,26,2,0,Ascent,2026-07-25 13:00:00,https://www.vlr.gg/712821/eternal-fire-vs-giantx-vct-2026-emea-stage-2-w2,VCT 2026: EMEA Stage 2
Spear,EF,5,1,0,0,0,0,0,0,0,54,0,0,Ascent,2026-07-25 13:00:00,https://www.vlr.gg/712821/eternal-fire-vs-giantx-vct-2026-emea-stage-2-w2,VCT 2026: EMEA Stage 2
Favian,EF,6,0,0,0,1,0,0,0,0,61,1,1,Ascent,2026-07-25 13:00:00,https://www.vlr.gg/712821/eternal-fire-vs-giantx-vct-2026-emea-stage-2-w2,VCT 2026: EMEA Stage 2
echo,EF,3,0,0,0,0,0,0,0,0,52,1,2,Ascent,2026-07-25 13:00:00,https://www.vlr.gg/712821/eternal-fire-vs-giantx-vct-2026-emea-stage-2-w2,VCT 2026: EMEA Stage 2
Jesse,GX,2,0,0,0,2,1,0,0,0,62,5,3,Ascent,2026-07-25 13:00:00,https://www.vlr.gg/712821/eternal-fire-vs-giantx-vct-2026-emea-stage-2-w2,VCT 2026: EMEA Stage 2
neT,GX,5,2,0,0,0,0,0,0,0,82,2,0,Ascent,2026-07-25 13:00:00,https://www.vlr.gg/712821/eternal-fire-vs-giantx-vct-2026-emea-stage-2-w2,VCT 2026: EMEA Stage 2
Flickless,GX,0,3,0,0,0,0,0,0,0,62,0,1,Ascent,2026-07-25 13:00:00,https://www.vlr.gg/712821/eternal-fire-vs-giantx-vct-2026-emea-stage-2-w2,VCT 2026: EMEA Stage 2
ara,GX,5,1,0,1,0,0,0,0,0,55,1,0,Ascent,2026-07-25 13:00:00,https://www.vlr.gg/712821/eternal-fire-vs-giantx-vct-2026-emea-stage-2-w2,VCT 2026: EMEA Stage 2
westside,GX,2,0,0,0,0,0,0,0,0,43,0,0,Ascent,2026-07-25 13:00:00,https://www.vlr.gg/712821/eternal-fire-vs-giantx-vct-2026-emea-stage-2-w2,VCT 2026: EMEA Stage 2
Rosé,BBL,5,3,0,0,0,0,1,0,0,52,10,2,all,2026-07-26 11:00:00,https://www.vlr.gg/712822/bbl-esports-vs-natus-vincere-vct-2026-emea-stage-2-w2,VCT 2026: EMEA Stage 2
Crewen,BBL,7,5,0,0,1,0,0,0,0,59,0,1,all,2026-07-26 11:00:00,https://www.vlr.gg/712822/bbl-esports-vs-natus-vincere-vct-2026-emea-stage-2-w2,VCT 2026: EMEA Stage 2
Loita,BBL,6,3,0,0,1,0,0,0,0,49,5,1,all,2026-07-26 11:00:00,https://www.vlr.gg/712822/bbl-esports-vs-natus-vincere-vct-2026-emea-stage-2-w2,VCT 2026: EMEA Stage 2
Lar0k,BBL,6,4,0,0,0,0,0,0,0,50,3,1,all,2026-07-26 11:00:00,https://www.vlr.gg/712822/bbl-esports-vs-natus-vincere-vct-2026-emea-stage-2-w2,VCT 2026: EMEA Stage 2
lovers,rock,15,2,0,0,0,0,0,0,0,74,1,1,all,2026-07-26 11:00:00,https://www.vlr.gg/712822/bbl-esports-vs-natus-vincere-vct-2026-emea-stage-2-w2,VCT 2026: EMEA Stage 2
ExiT,NAVI,9,1,2,0,0,1,0,0,0,56,2,1,all,2026-07-26 11:00:00,https://www.vlr.gg/712822/bbl-esports-vs-natus-vincere-vct-2026-emea-stage-2-w2,VCT 2026: EMEA Stage 2
CyvOph,NAVI,6,0,1,0,0,0,0,0,0,43,7,3,all,2026-07-26 11:00:00,https://www.vlr.gg/712822/bbl-esports-vs-natus-vincere-vct-2026-emea-stage-2-w2,VCT 2026: EMEA Stage 2
chloric,NAVI,5,3,0,0,0,0,0,0,0,48,7,1,all,2026-07-26 11:00:00,https://www.vlr.gg/712822/bbl-esports-vs-natus-vincere-vct-2026-emea-stage-2-w2,VCT 2026: EMEA Stage 2
Ruxic,NAVI,10,2,0,0,0,0,0,0,0,48,2,0,all,2026-07-26 11:00:00,https://www.vlr.gg/712822/bbl-esports-vs-natus-vincere-vct-2026-emea-stage-2-w2,VCT 2026: EMEA Stage 2
hiro,NAVI,3,1,1,0,0,0,0,0,0,38,1,0,all,2026-07-26 11:00:00,https://www.vlr.gg/712822/bbl-esports-vs-natus-vincere-vct-2026-emea-stage-2-w2,VCT 2026: EMEA Stage 2
Rosé,BBL,2,0,0,0,0,0,0,0,0,49,4,0,Haven,2026-07-26 11:00:00,https://www.vlr.gg/712822/bbl-esports-vs-natus-vincere-vct-2026-emea-stage-2-w2,VCT 2026: EMEA Stage 2
Crewen,BBL,2,1,0,0,0,0,0,0,0,50,0,0,Haven,2026-07-26 11:00:00,https://www.vlr.gg/712822/bbl-esports-vs-natus-vincere-vct-2026-emea-stage-2-w2,VCT 2026: EMEA Stage 2
Loita,BBL,2,2,0,0,0,0,0,0,0,47,2,1,Haven,2026-07-26 11:00:00,https://www.vlr.gg/712822/bbl-esports-vs-natus-vincere-vct-2026-emea-stage-2-w2,VCT 2026: EMEA Stage 2
Lar0k,BBL,3,0,0,0,0,0,0,0,0,33,3,0,Haven,2026-07-26 11:00:00,https://www.vlr.gg/712822/bbl-esports-vs-natus-vincere-vct-2026-emea-stage-2-w2,VCT 2026: EMEA Stage 2
lovers,rock,6,0,0,0,0,0,0,0,0,63,0,0,Haven,2026-07-26 11:00:00,https://www.vlr.gg/712822/bbl-esports-vs-natus-vincere-vct-2026-emea-stage-2-w2,VCT 2026: EMEA Stage 2
ExiT,NAVI,3,0,2,0,0,1,0,0,0,63,1,1,Haven,2026-07-26 11:00:00,https://www.vlr.gg/712822/bbl-esports-vs-natus-vincere-vct-2026-emea-stage-2-w2,VCT 2026: EMEA Stage 2
CyvOph,NAVI,3,0,1,0,0,0,0,0,0,70,3,2,Haven,2026-07-26 11:00:00,https://www.vlr.gg/712822/bbl-esports-vs-natus-vincere-vct-2026-emea-stage-2-w2,VCT 2026: EMEA Stage 2
chloric,NAVI,3,1,0,0,0,0,0,0,0,52,3,0,Haven,2026-07-26 11:00:00,https://www.vlr.gg/712822/bbl-esports-vs-natus-vincere-vct-2026-emea-stage-2-w2,VCT 2026: EMEA Stage 2
Ruxic,NAVI,4,1,0,0,0,0,0,0,0,53,1,0,Haven,2026-07-26 11:00:00,https://www.vlr.gg/712822/bbl-esports-vs-natus-vincere-vct-2026-emea-stage-2-w2,VCT 2026: EMEA Stage 2
hiro,NAVI,1,1,0,0,0,0,0,0,0,31,1,0,Haven,2026-07-26 11:00:00,https://www.vlr.gg/712822/bbl-esports-vs-natus-vincere-vct-2026-emea-stage-2-w2,VCT 2026: EMEA Stage 2
Rosé,BBL,1,1,0,0,0,0,0,0,0,38,3,0,Ascent,2026-07-26 11:00:00,https://www.vlr.gg/712822/bbl-esports-vs-natus-vincere-vct-2026-emea-stage-2-w2,VCT 2026: EMEA Stage 2
Crewen,BBL,3,2,0,0,0,0,0,0,0,72,0,0,Ascent,2026-07-26 11:00:00,https://www.vlr.gg/712822/bbl-esports-vs-natus-vincere-vct-2026-emea-stage-2-w2,VCT 2026: EMEA Stage 2
Loita,BBL,3,1,0,0,0,0,0,0,0,52,3,0,Ascent,2026-07-26 11:00:00,https://www.vlr.gg/712822/bbl-esports-vs-natus-vincere-vct-2026-emea-stage-2-w2,VCT 2026: EMEA Stage 2
Lar0k,BBL,2,0,0,0,0,0,0,0,0,40,0,0,Ascent,2026-07-26 11:00:00,https://www.vlr.gg/712822/bbl-esports-vs-natus-vincere-vct-2026-emea-stage-2-w2,VCT 2026: EMEA Stage 2
lovers,rock,7,1,0,0,0,0,0,0,0,84,1,1,Ascent,2026-07-26 11:00:00,https://www.vlr.gg/712822/bbl-esports-vs-natus-vincere-vct-2026-emea-stage-2-w2,VCT 2026: EMEA Stage 2
ExiT,NAVI,3,1,0,0,0,0,0,0,0,54,0,0,Ascent,2026-07-26 11:00:00,https://www.vlr.gg/712822/bbl-esports-vs-natus-vincere-vct-2026-emea-stage-2-w2,VCT 2026: EMEA Stage 2
CyvOph,NAVI,2,0,0,0,0,0,0,0,0,31,2,0,Ascent,2026-07-26 11:00:00,https://www.vlr.gg/712822/bbl-esports-vs-natus-vincere-vct-2026-emea-stage-2-w2,VCT 2026: EMEA Stage 2
chloric,NAVI,1,0,0,0,0,0,0,0,0,43,2,1,Ascent,2026-07-26 11:00:00,https://www.vlr.gg/712822/bbl-esports-vs-natus-vincere-vct-2026-emea-stage-2-w2,VCT 2026: EMEA Stage 2
Ruxic,NAVI,2,0,0,0,0,0,0,0,0,38,1,0,Ascent,2026-07-26 11:00:00,https://www.vlr.gg/712822/bbl-esports-vs-natus-vincere-vct-2026-emea-stage-2-w2,VCT 2026: EMEA Stage 2
hiro,NAVI,2,0,1,0,0,0,0,0,0,56,0,0,Ascent,2026-07-26 11:00:00,https://www.vlr.gg/712822/bbl-esports-vs-natus-vincere-vct-2026-emea-stage-2-w2,VCT 2026: EMEA Stage 2
Rosé,BBL,2,2,0,0,0,0,1,0,0,70,3,2,Sunset,2026-07-26 11:00:00,https://www.vlr.gg/712822/bbl-esports-vs-natus-vincere-vct-2026-emea-stage-2-w2,VCT 2026: EMEA Stage 2
Crewen,BBL,2,2,0,0,1,0,0,0,0,56,0,1,Sunset,2026-07-26 11:00:00,https://www.vlr.gg/712822/bbl-esports-vs-natus-vincere-vct-2026-emea-stage-2-w2,VCT 2026: EMEA Stage 2
Loita,BBL,1,0,0,0,1,0,0,0,0,47,0,0,Sunset,2026-07-26 11:00:00,https://www.vlr.gg/712822/bbl-esports-vs-natus-vincere-vct-2026-emea-stage-2-w2,VCT 2026: EMEA Stage 2
Lar0k,BBL,1,4,0,0,0,0,0,0,0,78,0,1,Sunset,2026-07-26 11:00:00,https://www.vlr.gg/712822/bbl-esports-vs-natus-vincere-vct-2026-emea-stage-2-w2,VCT 2026: EMEA Stage 2
lovers,rock,2,1,0,0,0,0,0,0,0,74,0,0,Sunset,2026-07-26 11:00:00,https://www.vlr.gg/712822/bbl-esports-vs-natus-vincere-vct-2026-emea-stage-2-w2,VCT 2026: EMEA Stage 2
ExiT,NAVI,3,0,0,0,0,0,0,0,0,50,1,0,Sunset,2026-07-26 11:00:00,https://www.vlr.gg/712822/bbl-esports-vs-natus-vincere-vct-2026-emea-stage-2-w2,VCT 2026: EMEA Stage 2
CyvOph,NAVI,1,0,0,0,0,0,0,0,0,28,2,1,Sunset,2026-07-26 11:00:00,https://www.vlr.gg/712822/bbl-esports-vs-natus-vincere-vct-2026-emea-stage-2-w2,VCT 2026: EMEA Stage 2
chloric,NAVI,1,2,0,0,0,0,0,0,0,48,2,0,Sunset,2026-07-26 11:00:00,https://www.vlr.gg/712822/bbl-esports-vs-natus-vincere-vct-2026-emea-stage-2-w2,VCT 2026: EMEA Stage 2
Ruxic,NAVI,4,1,0,0,0,0,0,0,0,53,0,0,Sunset,2026-07-26 11:00:00,https://www.vlr.gg/712822/bbl-esports-vs-natus-vincere-vct-2026-emea-stage-2-w2,VCT 2026: EMEA Stage 2
hiro,NAVI,0,0,0,0,0,0,0,0,0,26,0,0,Sunset,2026-07-26 11:00:00,https://www.vlr.gg/712822/bbl-esports-vs-natus-vincere-vct-2026-emea-stage-2-w2,VCT 2026: EMEA Stage 2
Boo,TH,2,0,1,0,0,0,0,0,0,39,1,0,all,2026-07-26 14:10:00,https://www.vlr.gg/712823/team-heretics-vs-karmine-corp-vct-2026-emea-stage-2-w2,VCT 2026: EMEA Stage 2
RieNs,TH,2,0,0,0,0,0,0,0,0,56,2,0,all,2026-07-26 14:10:00,https://www.vlr.gg/712823/team-heretics-vs-karmine-corp-vct-2026-emea-stage-2-w2,VCT 2026: EMEA Stage 2
Wo0t,TH,5,0,0,0,0,0,0,0,0,43,1,0,all,2026-07-26 14:10:00,https://www.vlr.gg/712823/team-heretics-vs-karmine-corp-vct-2026-emea-stage-2-w2,VCT 2026: EMEA Stage 2
koshmaras,TH,2,0,0,0,0,0,0,0,0,28,0,0,all,2026-07-26 14:10:00,https://www.vlr.gg/712823/team-heretics-vs-karmine-corp-vct-2026-emea-stage-2-w2,VCT 2026: EMEA Stage 2
benjyfishy,TH,7,1,0,0,1,0,0,0,0,56,1,1,all,2026-07-26 14:10:00,https://www.vlr.gg/712823/team-heretics-vs-karmine-corp-vct-2026-emea-stage-2-w2,VCT 2026: EMEA Stage 2
SUYGETSU,KC,3,1,1,0,2,0,0,0,0,66,0,1,all,2026-07-26 14:10:00,https://www.vlr.gg/712823/team-heretics-vs-karmine-corp-vct-2026-emea-stage-2-w2,VCT 2026: EMEA Stage 2
Avez,KC,5,1,0,0,1,0,0,0,0,61,15,0,all,2026-07-26 14:10:00,https://www.vlr.gg/712823/team-heretics-vs-karmine-corp-vct-2026-emea-stage-2-w2,VCT 2026: EMEA Stage 2
dos9,KC,5,1,2,0,1,1,0,0,0,69,1,2,all,2026-07-26 14:10:00,https://www.vlr.gg/712823/team-heretics-vs-karmine-corp-vct-2026-emea-stage-2-w2,VCT 2026: EMEA Stage 2
LewN,KC,5,6,1,0,1,0,0,0,0,90,2,0,all,2026-07-26 14:10:00,https://www.vlr.gg/712823/team-heretics-vs-karmine-corp-vct-2026-emea-stage-2-w2,VCT 2026: EMEA Stage 2
N4RRATE,KC,7,1,1,0,0,0,0,0,0,56,2,1,all,2026-07-26 14:10:00,https://www.vlr.gg/712823/team-heretics-vs-karmine-corp-vct-2026-emea-stage-2-w2,VCT 2026: EMEA Stage 2
Boo,TH,1,0,1,0,0,0,0,0,0,39,0,0,Sunset,2026-07-26 14:10:00,https://www.vlr.gg/712823/team-heretics-vs-karmine-corp-vct-2026-emea-stage-2-w2,VCT 2026: EMEA Stage 2
RieNs,TH,2,0,0,0,0,0,0,0,0,71,2,0,Sunset,2026-07-26 14:10:00,https://www.vlr.gg/712823/team-heretics-vs-karmine-corp-vct-2026-emea-stage-2-w2,VCT 2026: EMEA Stage 2
Wo0t,TH,3,0,0,0,0,0,0,0,0,29,1,0,Sunset,2026-07-26 14:10:00,https://www.vlr.gg/712823/team-heretics-vs-karmine-corp-vct-2026-emea-stage-2-w2,VCT 2026: EMEA Stage 2
koshmaras,TH,2,0,0,0,0,0,0,0,0,34,0,0,Sunset,2026-07-26 14:10:00,https://www.vlr.gg/712823/team-heretics-vs-karmine-corp-vct-2026-emea-stage-2-w2,VCT 2026: EMEA Stage 2
benjyfishy,TH,3,1,0,0,1,0,0,0,0,52,0,1,Sunset,2026-07-26 14:10:00,https://www.vlr.gg/712823/team-heretics-vs-karmine-corp-vct-2026-emea-stage-2-w2,VCT 2026: EMEA Stage 2
SUYGETSU,KC,1,0,0,0,0,0,0,0,0,29,0,0,Sunset,2026-07-26 14:10:00,https://www.vlr.gg/712823/team-heretics-vs-karmine-corp-vct-2026-emea-stage-2-w2,VCT 2026: EMEA Stage 2
Avez,KC,3,1,0,0,1,0,0,0,0,72,7,0,Sunset,2026-07-26 14:10:00,https://www.vlr.gg/712823/team-heretics-vs-karmine-corp-vct-2026-emea-stage-2-w2,VCT 2026: EMEA Stage 2
dos9,KC,3,1,2,0,1,1,0,0,0,95,1,2,Sunset,2026-07-26 14:10:00,https://www.vlr.gg/712823/team-heretics-vs-karmine-corp-vct-2026-emea-stage-2-w2,VCT 2026: EMEA Stage 2
LewN,KC,2,4,0,0,1,0,0,0,0,82,0,0,Sunset,2026-07-26 14:10:00,https://www.vlr.gg/712823/team-heretics-vs-karmine-corp-vct-2026-emea-stage-2-w2,VCT 2026: EMEA Stage 2
N4RRATE,KC,3,1,1,0,0,0,0,0,0,46,1,1,Sunset,2026-07-26 14:10:00,https://www.vlr.gg/712823/team-heretics-vs-karmine-corp-vct-2026-emea-stage-2-w2,VCT 2026: EMEA Stage 2
Boo,TH,1,0,0,0,0,0,0,0,0,39,1,0,Lotus,2026-07-26 14:10:00,https://www.vlr.gg/712823/team-heretics-vs-karmine-corp-vct-2026-emea-stage-2-w2,VCT 2026: EMEA Stage 2
RieNs,TH,0,0,0,0,0,0,0,0,0,40,0,0,Lotus,2026-07-26 14:10:00,https://www.vlr.gg/712823/team-heretics-vs-karmine-corp-vct-2026-emea-stage-2-w2,VCT 2026: EMEA Stage 2
Wo0t,TH,2,0,0,0,0,0,0,0,0,57,0,0,Lotus,2026-07-26 14:10:00,https://www.vlr.gg/712823/team-heretics-vs-karmine-corp-vct-2026-emea-stage-2-w2,VCT 2026: EMEA Stage 2
koshmaras,TH,0,0,0,0,0,0,0,0,0,22,0,0,Lotus,2026-07-26 14:10:00,https://www.vlr.gg/712823/team-heretics-vs-karmine-corp-vct-2026-emea-stage-2-w2,VCT 2026: EMEA Stage 2
benjyfishy,TH,4,0,0,0,0,0,0,0,0,59,1,0,Lotus,2026-07-26 14:10:00,https://www.vlr.gg/712823/team-heretics-vs-karmine-corp-vct-2026-emea-stage-2-w2,VCT 2026: EMEA Stage 2
SUYGETSU,KC,2,1,1,0,2,0,0,0,0,103,0,1,Lotus,2026-07-26 14:10:00,https://www.vlr.gg/712823/team-heretics-vs-karmine-corp-vct-2026-emea-stage-2-w2,VCT 2026: EMEA Stage 2
Avez,KC,2,0,0,0,0,0,0,0,0,50,8,0,Lotus,2026-07-26 14:10:00,https://www.vlr.gg/712823/team-heretics-vs-karmine-corp-vct-2026-emea-stage-2-w2,VCT 2026: EMEA Stage 2
dos9,KC,2,0,0,0,0,0,0,0,0,42,0,0,Lotus,2026-07-26 14:10:00,https://www.vlr.gg/712823/team-heretics-vs-karmine-corp-vct-2026-emea-stage-2-w2,VCT 2026: EMEA Stage 2
LewN,KC,3,2,1,0,0,0,0,0,0,98,2,0,Lotus,2026-07-26 14:10:00,https://www.vlr.gg/712823/team-heretics-vs-karmine-corp-vct-2026-emea-stage-2-w2,VCT 2026: EMEA Stage 2
N4RRATE,KC,4,0,0,0,0,0,0,0,0,66,1,0,Lotus,2026-07-26 14:10:00,https://www.vlr.gg/712823/team-heretics-vs-karmine-corp-vct-2026-emea-stage-2-w2,VCT 2026: EMEA Stage 2
Jesse,GX,0,1,0,0,0,0,0,0,0,20,9,0,all,2026-07-29 11:00:00,https://www.vlr.gg/712824/giantx-vs-team-liquid-vct-2026-emea-stage-2-w3,VCT 2026: EMEA Stage 2
neT,GX,4,1,0,0,0,1,0,0,0,53,0,0,all,2026-07-29 11:00:00,https://www.vlr.gg/712824/giantx-vs-team-liquid-vct-2026-emea-stage-2-w3,VCT 2026: EMEA Stage 2
Flickless,GX,6,0,0,0,1,0,0,0,0,46,3,0,all,2026-07-29 11:00:00,https://www.vlr.gg/712824/giantx-vs-team-liquid-vct-2026-emea-stage-2-w3,VCT 2026: EMEA Stage 2
ara,GX,2,2,0,0,0,0,0,0,0,48,2,0,all,2026-07-29 11:00:00,https://www.vlr.gg/712824/giantx-vs-team-liquid-vct-2026-emea-stage-2-w3,VCT 2026: EMEA Stage 2
westside,GX,7,2,0,0,0,0,0,0,0,65,2,0,all,2026-07-29 11:00:00,https://www.vlr.gg/712824/giantx-vs-team-liquid-vct-2026-emea-stage-2-w3,VCT 2026: EMEA Stage 2
nAts,TL,3,4,0,0,0,0,0,0,0,59,0,0,all,2026-07-29 11:00:00,https://www.vlr.gg/712824/giantx-vs-team-liquid-vct-2026-emea-stage-2-w3,VCT 2026: EMEA Stage 2
purp0,TL,4,1,0,0,0,0,0,0,0,47,0,3,all,2026-07-29 11:00:00,https://www.vlr.gg/712824/giantx-vs-team-liquid-vct-2026-emea-stage-2-w3,VCT 2026: EMEA Stage 2
trexx,TL,4,1,0,0,0,1,1,0,0,56,5,0,all,2026-07-29 11:00:00,https://www.vlr.gg/712824/giantx-vs-team-liquid-vct-2026-emea-stage-2-w3,VCT 2026: EMEA Stage 2
Kicks,TL,5,1,0,0,0,1,0,0,0,55,6,0,all,2026-07-29 11:00:00,https://www.vlr.gg/712824/giantx-vs-team-liquid-vct-2026-emea-stage-2-w3,VCT 2026: EMEA Stage 2
kamo,TL,7,3,0,1,0,1,0,0,0,84,1,4,all,2026-07-29 11:00:00,https://www.vlr.gg/712824/giantx-vs-team-liquid-vct-2026-emea-stage-2-w3,VCT 2026: EMEA Stage 2
Jesse,GX,0,1,0,0,0,0,0,0,0,15,5,0,Breeze,2026-07-29 11:00:00,https://www.vlr.gg/712824/giantx-vs-team-liquid-vct-2026-emea-stage-2-w3,VCT 2026: EMEA Stage 2
neT,GX,2,0,0,0,0,0,0,0,0,52,0,0,Breeze,2026-07-29 11:00:00,https://www.vlr.gg/712824/giantx-vs-team-liquid-vct-2026-emea-stage-2-w3,VCT 2026: EMEA Stage 2
Flickless,GX,3,0,0,0,0,0,0,0,0,52,1,0,Breeze,2026-07-29 11:00:00,https://www.vlr.gg/712824/giantx-vs-team-liquid-vct-2026-emea-stage-2-w3,VCT 2026: EMEA Stage 2
ara,GX,0,1,0,0,0,0,0,0,0,34,1,0,Breeze,2026-07-29 11:00:00,https://www.vlr.gg/712824/giantx-vs-team-liquid-vct-2026-emea-stage-2-w3,VCT 2026: EMEA Stage 2
westside,GX,4,2,0,0,0,0,0,0,0,67,0,0,Breeze,2026-07-29 11:00:00,https://www.vlr.gg/712824/giantx-vs-team-liquid-vct-2026-emea-stage-2-w3,VCT 2026: EMEA Stage 2
nAts,TL,1,1,0,0,0,0,0,0,0,51,0,0,Breeze,2026-07-29 11:00:00,https://www.vlr.gg/712824/giantx-vs-team-liquid-vct-2026-emea-stage-2-w3,VCT 2026: EMEA Stage 2
purp0,TL,3,1,0,0,0,0,0,0,0,52,0,2,Breeze,2026-07-29 11:00:00,https://www.vlr.gg/712824/giantx-vs-team-liquid-vct-2026-emea-stage-2-w3,VCT 2026: EMEA Stage 2
trexx,TL,1,1,0,0,0,1,1,0,0,65,1,0,Breeze,2026-07-29 11:00:00,https://www.vlr.gg/712824/giantx-vs-team-liquid-vct-2026-emea-stage-2-w3,VCT 2026: EMEA Stage 2
Kicks,TL,1,0,0,0,0,0,0,0,0,56,4,0,Breeze,2026-07-29 11:00:00,https://www.vlr.gg/712824/giantx-vs-team-liquid-vct-2026-emea-stage-2-w3,VCT 2026: EMEA Stage 2
kamo,TL,5,2,0,0,0,0,0,0,0,100,0,1,Breeze,2026-07-29 11:00:00,https://www.vlr.gg/712824/giantx-vs-team-liquid-vct-2026-emea-stage-2-w3,VCT 2026: EMEA Stage 2
Jesse,GX,0,0,0,0,0,0,0,0,0,24,4,0,Split,2026-07-29 11:00:00,https://www.vlr.gg/712824/giantx-vs-team-liquid-vct-2026-emea-stage-2-w3,VCT 2026: EMEA Stage 2
neT,GX,2,1,0,0,0,1,0,0,0,54,0,0,Split,2026-07-29 11:00:00,https://www.vlr.gg/712824/giantx-vs-team-liquid-vct-2026-emea-stage-2-w3,VCT 2026: EMEA Stage 2
Flickless,GX,3,0,0,0,1,0,0,0,0,40,2,0,Split,2026-07-29 11:00:00,https://www.vlr.gg/712824/giantx-vs-team-liquid-vct-2026-emea-stage-2-w3,VCT 2026: EMEA Stage 2
ara,GX,2,1,0,0,0,0,0,0,0,61,1,0,Split,2026-07-29 11:00:00,https://www.vlr.gg/712824/giantx-vs-team-liquid-vct-2026-emea-stage-2-w3,VCT 2026: EMEA Stage 2
westside,GX,3,0,0,0,0,0,0,0,0,62,2,0,Split,2026-07-29 11:00:00,https://www.vlr.gg/712824/giantx-vs-team-liquid-vct-2026-emea-stage-2-w3,VCT 2026: EMEA Stage 2
nAts,TL,2,3,0,0,0,0,0,0,0,67,0,0,Split,2026-07-29 11:00:00,https://www.vlr.gg/712824/giantx-vs-team-liquid-vct-2026-emea-stage-2-w3,VCT 2026: EMEA Stage 2
purp0,TL,1,0,0,0,0,0,0,0,0,42,0,1,Split,2026-07-29 11:00:00,https://www.vlr.gg/712824/giantx-vs-team-liquid-vct-2026-emea-stage-2-w3,VCT 2026: EMEA Stage 2
trexx,TL,3,0,0,0,0,0,0,0,0,46,4,0,Split,2026-07-29 11:00:00,https://www.vlr.gg/712824/giantx-vs-team-liquid-vct-2026-emea-stage-2-w3,VCT 2026: EMEA Stage 2
Kicks,TL,4,1,0,0,0,1,0,0,0,54,2,0,Split,2026-07-29 11:00:00,https://www.vlr.gg/712824/giantx-vs-team-liquid-vct-2026-emea-stage-2-w3,VCT 2026: EMEA Stage 2
kamo,TL,2,1,0,1,0,1,0,0,0,68,1,3,Split,2026-07-29 11:00:00,https://www.vlr.gg/712824/giantx-vs-team-liquid-vct-2026-emea-stage-2-w3,VCT 2026: EMEA Stage 2
starxo,M8,10,1,0,0,0,0,1,0,0,42,10,0,all,2026-07-29 13:15:00,https://www.vlr.gg/712825/gentle-mates-vs-team-vitality-vct-2026-emea-stage-2-w3,VCT 2026: EMEA Stage 2
marteen,M8,10,2,2,2,0,3,0,1,0,66,3,1,all,2026-07-29 13:15:00,https://www.vlr.gg/712825/gentle-mates-vs-team-vitality-vct-2026-emea-stage-2-w3,VCT 2026: EMEA Stage 2
bipo,M8,6,3,0,0,0,1,0,0,0,45,2,0,all,2026-07-29 13:15:00,https://www.vlr.gg/712825/gentle-mates-vs-team-vitality-vct-2026-emea-stage-2-w3,VCT 2026: EMEA Stage 2
Minny,M8,7,4,0,0,1,0,0,0,0,45,1,0,all,2026-07-29 13:15:00,https://www.vlr.gg/712825/gentle-mates-vs-team-vitality-vct-2026-emea-stage-2-w3,VCT 2026: EMEA Stage 2
Proxh,M8,2,2,0,0,0,2,0,0,0,36,7,2,all,2026-07-29 13:15:00,https://www.vlr.gg/712825/gentle-mates-vs-team-vitality-vct-2026-emea-stage-2-w3,VCT 2026: EMEA Stage 2
Chronicle,VIT,6,3,0,0,1,0,0,0,0,56,3,1,all,2026-07-29 13:15:00,https://www.vlr.gg/712825/gentle-mates-vs-team-vitality-vct-2026-emea-stage-2-w3,VCT 2026: EMEA Stage 2
Derke,VIT,14,5,1,0,0,2,0,0,0,69,4,2,all,2026-07-29 13:15:00,https://www.vlr.gg/712825/gentle-mates-vs-team-vitality-vct-2026-emea-stage-2-w3,VCT 2026: EMEA Stage 2
PROFEK,VIT,4,2,0,0,0,0,0,0,0,41,2,0,all,2026-07-29 13:15:00,https://www.vlr.gg/712825/gentle-mates-vs-team-vitality-vct-2026-emea-stage-2-w3,VCT 2026: EMEA Stage 2
Jamppi,VIT,11,1,0,0,1,0,0,0,0,47,6,1,all,2026-07-29 13:15:00,https://www.vlr.gg/712825/gentle-mates-vs-team-vitality-vct-2026-emea-stage-2-w3,VCT 2026: EMEA Stage 2
Sayonara,VIT,11,3,0,0,2,0,0,0,0,61,14,0,all,2026-07-29 13:15:00,https://www.vlr.gg/712825/gentle-mates-vs-team-vitality-vct-2026-emea-stage-2-w3,VCT 2026: EMEA Stage 2
starxo,M8,5,1,0,0,0,0,1,0,0,40,5,0,Haven,2026-07-29 13:15:00,https://www.vlr.gg/712825/gentle-mates-vs-team-vitality-vct-2026-emea-stage-2-w3,VCT 2026: EMEA Stage 2
marteen,M8,7,0,1,1,0,2,0,1,0,64,1,1,Haven,2026-07-29 13:15:00,https://www.vlr.gg/712825/gentle-mates-vs-team-vitality-vct-2026-emea-stage-2-w3,VCT 2026: EMEA Stage 2
bipo,M8,2,2,0,0,0,0,0,0,0,41,1,0,Haven,2026-07-29 13:15:00,https://www.vlr.gg/712825/gentle-mates-vs-team-vitality-vct-2026-emea-stage-2-w3,VCT 2026: EMEA Stage 2
Minny,M8,2,0,0,0,0,0,0,0,0,29,1,0,Haven,2026-07-29 13:15:00,https://www.vlr.gg/712825/gentle-mates-vs-team-vitality-vct-2026-emea-stage-2-w3,VCT 2026: EMEA Stage 2
Proxh,M8,1,1,0,0,0,1,0,0,0,40,5,1,Haven,2026-07-29 13:15:00,https://www.vlr.gg/712825/gentle-mates-vs-team-vitality-vct-2026-emea-stage-2-w3,VCT 2026: EMEA Stage 2
Chronicle,VIT,1,2,0,0,1,0,0,0,0,38,2,0,Haven,2026-07-29 13:15:00,https://www.vlr.gg/712825/gentle-mates-vs-team-vitality-vct-2026-emea-stage-2-w3,VCT 2026: EMEA Stage 2
Derke,VIT,9,2,0,0,0,2,0,0,0,73,1,2,Haven,2026-07-29 13:15:00,https://www.vlr.gg/712825/gentle-mates-vs-team-vitality-vct-2026-emea-stage-2-w3,VCT 2026: EMEA Stage 2
PROFEK,VIT,2,0,0,0,0,0,0,0,0,42,0,0,Haven,2026-07-29 13:15:00,https://www.vlr.gg/712825/gentle-mates-vs-team-vitality-vct-2026-emea-stage-2-w3,VCT 2026: EMEA Stage 2
Jamppi,VIT,5,0,0,0,1,0,0,0,0,41,4,1,Haven,2026-07-29 13:15:00,https://www.vlr.gg/712825/gentle-mates-vs-team-vitality-vct-2026-emea-stage-2-w3,VCT 2026: EMEA Stage 2
Sayonara,VIT,5,0,0,0,0,0,0,0,0,40,5,0,Haven,2026-07-29 13:15:00,https://www.vlr.gg/712825/gentle-mates-vs-team-vitality-vct-2026-emea-stage-2-w3,VCT 2026: EMEA Stage 2
starxo,M8,4,0,0,0,0,0,0,0,0,49,4,0,Split,2026-07-29 13:15:00,https://www.vlr.gg/712825/gentle-mates-vs-team-vitality-vct-2026-emea-stage-2-w3,VCT 2026: EMEA Stage 2
marteen,M8,3,1,1,0,0,0,0,0,0,77,1,0,Split,2026-07-29 13:15:00,https://www.vlr.gg/712825/gentle-mates-vs-team-vitality-vct-2026-emea-stage-2-w3,VCT 2026: EMEA Stage 2
bipo,M8,3,0,0,0,0,1,0,0,0,58,1,0,Split,2026-07-29 13:15:00,https://www.vlr.gg/712825/gentle-mates-vs-team-vitality-vct-2026-emea-stage-2-w3,VCT 2026: EMEA Stage 2
Minny,M8,2,1,0,0,0,0,0,0,0,40,0,0,Split,2026-07-29 13:15:00,https://www.vlr.gg/712825/gentle-mates-vs-team-vitality-vct-2026-emea-stage-2-w3,VCT 2026: EMEA Stage 2
Proxh,M8,0,0,0,0,0,0,0,0,0,29,0,0,Split,2026-07-29 13:15:00,https://www.vlr.gg/712825/gentle-mates-vs-team-vitality-vct-2026-emea-stage-2-w3,VCT 2026: EMEA Stage 2
Chronicle,VIT,3,0,0,0,0,0,0,0,0,59,1,0,Split,2026-07-29 13:15:00,https://www.vlr.gg/712825/gentle-mates-vs-team-vitality-vct-2026-emea-stage-2-w3,VCT 2026: EMEA Stage 2
Derke,VIT,2,0,0,0,0,0,0,0,0,47,1,0,Split,2026-07-29 13:15:00,https://www.vlr.gg/712825/gentle-mates-vs-team-vitality-vct-2026-emea-stage-2-w3,VCT 2026: EMEA Stage 2
PROFEK,VIT,1,0,0,0,0,0,0,0,0,40,1,0,Split,2026-07-29 13:15:00,https://www.vlr.gg/712825/gentle-mates-vs-team-vitality-vct-2026-emea-stage-2-w3,VCT 2026: EMEA Stage 2
Jamppi,VIT,4,1,0,0,0,0,0,0,0,56,2,0,Split,2026-07-29 13:15:00,https://www.vlr.gg/712825/gentle-mates-vs-team-vitality-vct-2026-emea-stage-2-w3,VCT 2026: EMEA Stage 2
Sayonara,VIT,3,2,0,0,2,0,0,0,0,90,5,0,Split,2026-07-29 13:15:00,https://www.vlr.gg/712825/gentle-mates-vs-team-vitality-vct-2026-emea-stage-2-w3,VCT 2026: EMEA Stage 2
starxo,M8,1,0,0,0,0,0,0,0,0,37,1,0,Ascent,2026-07-29 13:15:00,https://www.vlr.gg/712825/gentle-mates-vs-team-vitality-vct-2026-emea-stage-2-w3,VCT 2026: EMEA Stage 2
marteen,M8,0,1,0,1,0,1,0,0,0,57,1,0,Ascent,2026-07-29 13:15:00,https://www.vlr.gg/712825/gentle-mates-vs-team-vitality-vct-2026-emea-stage-2-w3,VCT 2026: EMEA Stage 2
bipo,M8,1,1,0,0,0,0,0,0,0,35,0,0,Ascent,2026-07-29 13:15:00,https://www.vlr.gg/712825/gentle-mates-vs-team-vitality-vct-2026-emea-stage-2-w3,VCT 2026: EMEA Stage 2
Minny,M8,3,3,0,0,1,0,0,0,0,65,0,0,Ascent,2026-07-29 13:15:00,https://www.vlr.gg/712825/gentle-mates-vs-team-vitality-vct-2026-emea-stage-2-w3,VCT 2026: EMEA Stage 2
Proxh,M8,1,1,0,0,0,1,0,0,0,38,2,1,Ascent,2026-07-29 13:15:00,https://www.vlr.gg/712825/gentle-mates-vs-team-vitality-vct-2026-emea-stage-2-w3,VCT 2026: EMEA Stage 2
Chronicle,VIT,2,1,0,0,0,0,0,0,0,72,0,1,Ascent,2026-07-29 13:15:00,https://www.vlr.gg/712825/gentle-mates-vs-team-vitality-vct-2026-emea-stage-2-w3,VCT 2026: EMEA Stage 2
Derke,VIT,3,3,1,0,0,0,0,0,0,86,2,0,Ascent,2026-07-29 13:15:00,https://www.vlr.gg/712825/gentle-mates-vs-team-vitality-vct-2026-emea-stage-2-w3,VCT 2026: EMEA Stage 2
PROFEK,VIT,1,2,0,0,0,0,0,0,0,42,1,0,Ascent,2026-07-29 13:15:00,https://www.vlr.gg/712825/gentle-mates-vs-team-vitality-vct-2026-emea-stage-2-w3,VCT 2026: EMEA Stage 2
Jamppi,VIT,2,0,0,0,0,0,0,0,0,44,0,0,Ascent,2026-07-29 13:15:00,https://www.vlr.gg/712825/gentle-mates-vs-team-vitality-vct-2026-emea-stage-2-w3,VCT 2026: EMEA Stage 2
Sayonara,VIT,3,1,0,0,0,0,0,0,0,52,4,0,Ascent,2026-07-29 13:15:00,https://www.vlr.gg/712825/gentle-mates-vs-team-vitality-vct-2026-emea-stage-2-w3,VCT 2026: EMEA Stage 2
ExiT,NAVI,5,0,0,1,0,0,0,0,0,42,1,0,all,2026-07-30 11:00:00,https://www.vlr.gg/712826/natus-vincere-vs-pcific-esports-vct-2026-emea-stage-2-w3,VCT 2026: EMEA Stage 2
CyvOph,NAVI,5,1,0,0,0,1,0,0,0,47,2,0,all,2026-07-30 11:00:00,https://www.vlr.gg/712826/natus-vincere-vs-pcific-esports-vct-2026-emea-stage-2-w3,VCT 2026: EMEA Stage 2
chloric,NAVI,2,3,0,0,1,0,0,0,0,50,6,3,all,2026-07-30 11:00:00,https://www.vlr.gg/712826/natus-vincere-vs-pcific-esports-vct-2026-emea-stage-2-w3,VCT 2026: EMEA Stage 2
Ruxic,NAVI,11,1,0,0,1,0,0,0,0,53,0,1,all,2026-07-30 11:00:00,https://www.vlr.gg/712826/natus-vincere-vs-pcific-esports-vct-2026-emea-stage-2-w3,VCT 2026: EMEA Stage 2
hiro,NAVI,12,4,1,0,2,0,0,0,0,83,3,2,all,2026-07-30 11:00:00,https://www.vlr.gg/712826/natus-vincere-vs-pcific-esports-vct-2026-emea-stage-2-w3,VCT 2026: EMEA Stage 2
al0rante,PCF,4,2,0,0,1,0,0,0,0,45,0,1,all,2026-07-30 11:00:00,https://www.vlr.gg/712826/natus-vincere-vs-pcific-esports-vct-2026-emea-stage-2-w3,VCT 2026: EMEA Stage 2
qpert,PCF,6,3,0,0,2,0,0,0,0,50,7,1,all,2026-07-30 11:00:00,https://www.vlr.gg/712826/natus-vincere-vs-pcific-esports-vct-2026-emea-stage-2-w3,VCT 2026: EMEA Stage 2
waddle,PCF,3,2,0,0,1,0,0,0,0,41,5,0,all,2026-07-30 11:00:00,https://www.vlr.gg/712826/natus-vincere-vs-pcific-esports-vct-2026-emea-stage-2-w3,VCT 2026: EMEA Stage 2
seven,PCF,4,2,0,0,0,0,0,0,0,48,2,0,all,2026-07-30 11:00:00,https://www.vlr.gg/712826/natus-vincere-vs-pcific-esports-vct-2026-emea-stage-2-w3,VCT 2026: EMEA Stage 2
NINJA,PCF,10,3,1,0,1,1,0,0,0,69,0,0,all,2026-07-30 11:00:00,https://www.vlr.gg/712826/natus-vincere-vs-pcific-esports-vct-2026-emea-stage-2-w3,VCT 2026: EMEA Stage 2
ExiT,NAVI,2,0,0,0,0,0,0,0,0,41,1,0,Ascent,2026-07-30 11:00:00,https://www.vlr.gg/712826/natus-vincere-vs-pcific-esports-vct-2026-emea-stage-2-w3,VCT 2026: EMEA Stage 2
CyvOph,NAVI,3,1,0,0,0,1,0,0,0,50,2,0,Ascent,2026-07-30 11:00:00,https://www.vlr.gg/712826/natus-vincere-vs-pcific-esports-vct-2026-emea-stage-2-w3,VCT 2026: EMEA Stage 2
chloric,NAVI,1,1,0,0,1,0,0,0,0,44,2,2,Ascent,2026-07-30 11:00:00,https://www.vlr.gg/712826/natus-vincere-vs-pcific-esports-vct-2026-emea-stage-2-w3,VCT 2026: EMEA Stage 2
Ruxic,NAVI,4,0,0,0,0,0,0,0,0,38,0,0,Ascent,2026-07-30 11:00:00,https://www.vlr.gg/712826/natus-vincere-vs-pcific-esports-vct-2026-emea-stage-2-w3,VCT 2026: EMEA Stage 2
hiro,NAVI,7,2,1,0,1,0,0,0,0,99,1,0,Ascent,2026-07-30 11:00:00,https://www.vlr.gg/712826/natus-vincere-vs-pcific-esports-vct-2026-emea-stage-2-w3,VCT 2026: EMEA Stage 2
al0rante,PCF,2,0,0,0,0,0,0,0,0,39,0,0,Ascent,2026-07-30 11:00:00,https://www.vlr.gg/712826/natus-vincere-vs-pcific-esports-vct-2026-emea-stage-2-w3,VCT 2026: EMEA Stage 2
qpert,PCF,4,1,0,0,1,0,0,0,0,57,4,0,Ascent,2026-07-30 11:00:00,https://www.vlr.gg/712826/natus-vincere-vs-pcific-esports-vct-2026-emea-stage-2-w3,VCT 2026: EMEA Stage 2
waddle,PCF,1,1,0,0,0,0,0,0,0,47,2,0,Ascent,2026-07-30 11:00:00,https://www.vlr.gg/712826/natus-vincere-vs-pcific-esports-vct-2026-emea-stage-2-w3,VCT 2026: EMEA Stage 2
seven,PCF,2,0,0,0,0,0,0,0,0,38,1,0,Ascent,2026-07-30 11:00:00,https://www.vlr.gg/712826/natus-vincere-vs-pcific-esports-vct-2026-emea-stage-2-w3,VCT 2026: EMEA Stage 2
NINJA,PCF,7,2,1,0,0,1,0,0,0,99,0,0,Ascent,2026-07-30 11:00:00,https://www.vlr.gg/712826/natus-vincere-vs-pcific-esports-vct-2026-emea-stage-2-w3,VCT 2026: EMEA Stage 2
ExiT,NAVI,3,0,0,1,0,0,0,0,0,43,0,0,Summit,2026-07-30 11:00:00,https://www.vlr.gg/712826/natus-vincere-vs-pcific-esports-vct-2026-emea-stage-2-w3,VCT 2026: EMEA Stage 2
CyvOph,NAVI,2,0,0,0,0,0,0,0,0,43,0,0,Summit,2026-07-30 11:00:00,https://www.vlr.gg/712826/natus-vincere-vs-pcific-esports-vct-2026-emea-stage-2-w3,VCT 2026: EMEA Stage 2
chloric,NAVI,1,2,0,0,0,0,0,0,0,56,4,1,Summit,2026-07-30 11:00:00,https://www.vlr.gg/712826/natus-vincere-vs-pcific-esports-vct-2026-emea-stage-2-w3,VCT 2026: EMEA Stage 2
Ruxic,NAVI,7,1,0,0,1,0,0,0,0,68,0,1,Summit,2026-07-30 11:00:00,https://www.vlr.gg/712826/natus-vincere-vs-pcific-esports-vct-2026-emea-stage-2-w3,VCT 2026: EMEA Stage 2
hiro,NAVI,5,2,0,0,1,0,0,0,0,67,2,2,Summit,2026-07-30 11:00:00,https://www.vlr.gg/712826/natus-vincere-vs-pcific-esports-vct-2026-emea-stage-2-w3,VCT 2026: EMEA Stage 2
al0rante,PCF,2,2,0,0,1,0,0,0,0,50,0,1,Summit,2026-07-30 11:00:00,https://www.vlr.gg/712826/natus-vincere-vs-pcific-esports-vct-2026-emea-stage-2-w3,VCT 2026: EMEA Stage 2
qpert,PCF,2,2,0,0,1,0,0,0,0,43,3,1,Summit,2026-07-30 11:00:00,https://www.vlr.gg/712826/natus-vincere-vs-pcific-esports-vct-2026-emea-stage-2-w3,VCT 2026: EMEA Stage 2
waddle,PCF,2,1,0,0,1,0,0,0,0,34,3,0,Summit,2026-07-30 11:00:00,https://www.vlr.gg/712826/natus-vincere-vs-pcific-esports-vct-2026-emea-stage-2-w3,VCT 2026: EMEA Stage 2
seven,PCF,2,2,0,0,0,0,0,0,0,57,1,0,Summit,2026-07-30 11:00:00,https://www.vlr.gg/712826/natus-vincere-vs-pcific-esports-vct-2026-emea-stage-2-w3,VCT 2026: EMEA Stage 2
NINJA,PCF,3,1,0,0,1,0,0,0,0,38,0,0,Summit,2026-07-30 11:00:00,https://www.vlr.gg/712826/natus-vincere-vs-pcific-esports-vct-2026-emea-stage-2-w3,VCT 2026: EMEA Stage 2
nekky,EF,3,3,0,0,0,1,0,0,0,38,10,0,all,2026-07-30 13:35:00,https://www.vlr.gg/712827/eternal-fire-vs-fnatic-vct-2026-emea-stage-2-w3,VCT 2026: EMEA Stage 2
audaz,EF,4,1,0,0,0,2,0,0,0,36,4,1,all,2026-07-30 13:35:00,https://www.vlr.gg/712827/eternal-fire-vs-fnatic-vct-2026-emea-stage-2-w3,VCT 2026: EMEA Stage 2
Spear,EF,9,3,0,0,0,0,0,0,0,59,7,0,all,2026-07-30 13:35:00,https://www.vlr.gg/712827/eternal-fire-vs-fnatic-vct-2026-emea-stage-2-w3,VCT 2026: EMEA Stage 2
Favian,EF,9,2,0,0,1,1,0,0,0,51,0,1,all,2026-07-30 13:35:00,https://www.vlr.gg/712827/eternal-fire-vs-fnatic-vct-2026-emea-stage-2-w3,VCT 2026: EMEA Stage 2
echo,EF,2,4,1,0,0,1,0,0,0,49,0,0,all,2026-07-30 13:35:00,https://www.vlr.gg/712827/eternal-fire-vs-fnatic-vct-2026-emea-stage-2-w3,VCT 2026: EMEA Stage 2
crashies,FNC,7,0,0,0,0,0,0,0,0,53,5,0,all,2026-07-30 13:35:00,https://www.vlr.gg/712827/eternal-fire-vs-fnatic-vct-2026-emea-stage-2-w3,VCT 2026: EMEA Stage 2
Boaster,FNC,6,0,0,0,0,0,0,0,0,36,5,0,all,2026-07-30 13:35:00,https://www.vlr.gg/712827/eternal-fire-vs-fnatic-vct-2026-emea-stage-2-w3,VCT 2026: EMEA Stage 2
Cloud,FNC,2,2,0,0,2,0,0,0,0,42,2,0,all,2026-07-30 13:35:00,https://www.vlr.gg/712827/eternal-fire-vs-fnatic-vct-2026-emea-stage-2-w3,VCT 2026: EMEA Stage 2
kaajak,FNC,10,3,1,0,0,0,0,0,0,64,2,0,all,2026-07-30 13:35:00,https://www.vlr.gg/712827/eternal-fire-vs-fnatic-vct-2026-emea-stage-2-w3,VCT 2026: EMEA Stage 2
Alfajer,FNC,6,3,0,1,0,0,0,0,0,50,1,0,all,2026-07-30 13:35:00,https://www.vlr.gg/712827/eternal-fire-vs-fnatic-vct-2026-emea-stage-2-w3,VCT 2026: EMEA Stage 2
nekky,EF,2,1,0,0,0,0,0,0,0,26,2,0,Summit,2026-07-30 13:35:00,https://www.vlr.gg/712827/eternal-fire-vs-fnatic-vct-2026-emea-stage-2-w3,VCT 2026: EMEA Stage 2
audaz,EF,2,1,0,0,0,1,0,0,0,36,2,1,Summit,2026-07-30 13:35:00,https://www.vlr.gg/712827/eternal-fire-vs-fnatic-vct-2026-emea-stage-2-w3,VCT 2026: EMEA Stage 2
Spear,EF,4,2,0,0,0,0,0,0,0,47,7,0,Summit,2026-07-30 13:35:00,https://www.vlr.gg/712827/eternal-fire-vs-fnatic-vct-2026-emea-stage-2-w3,VCT 2026: EMEA Stage 2
Favian,EF,5,1,0,0,0,1,0,0,0,44,0,0,Summit,2026-07-30 13:35:00,https://www.vlr.gg/712827/eternal-fire-vs-fnatic-vct-2026-emea-stage-2-w3,VCT 2026: EMEA Stage 2
echo,EF,1,4,1,0,0,1,0,0,0,60,0,0,Summit,2026-07-30 13:35:00,https://www.vlr.gg/712827/eternal-fire-vs-fnatic-vct-2026-emea-stage-2-w3,VCT 2026: EMEA Stage 2
crashies,FNC,3,0,0,0,0,0,0,0,0,44,3,0,Summit,2026-07-30 13:35:00,https://www.vlr.gg/712827/eternal-fire-vs-fnatic-vct-2026-emea-stage-2-w3,VCT 2026: EMEA Stage 2
Boaster,FNC,5,0,0,0,0,0,0,0,0,38,4,0,Summit,2026-07-30 13:35:00,https://www.vlr.gg/712827/eternal-fire-vs-fnatic-vct-2026-emea-stage-2-w3,VCT 2026: EMEA Stage 2
Cloud,FNC,1,2,0,0,2,0,0,0,0,28,1,0,Summit,2026-07-30 13:35:00,https://www.vlr.gg/712827/eternal-fire-vs-fnatic-vct-2026-emea-stage-2-w3,VCT 2026: EMEA Stage 2
kaajak,FNC,7,3,0,0,0,0,0,0,0,57,2,0,Summit,2026-07-30 13:35:00,https://www.vlr.gg/712827/eternal-fire-vs-fnatic-vct-2026-emea-stage-2-w3,VCT 2026: EMEA Stage 2
Alfajer,FNC,5,2,0,1,0,0,0,0,0,59,1,0,Summit,2026-07-30 13:35:00,https://www.vlr.gg/712827/eternal-fire-vs-fnatic-vct-2026-emea-stage-2-w3,VCT 2026: EMEA Stage 2
nekky,EF,1,2,0,0,0,1,0,0,0,50,8,0,Split,2026-07-30 13:35:00,https://www.vlr.gg/712827/eternal-fire-vs-fnatic-vct-2026-emea-stage-2-w3,VCT 2026: EMEA Stage 2
audaz,EF,2,0,0,0,0,1,0,0,0,36,2,0,Split,2026-07-30 13:35:00,https://www.vlr.gg/712827/eternal-fire-vs-fnatic-vct-2026-emea-stage-2-w3,VCT 2026: EMEA Stage 2
Spear,EF,5,1,0,0,0,0,0,0,0,70,0,0,Split,2026-07-30 13:35:00,https://www.vlr.gg/712827/eternal-fire-vs-fnatic-vct-2026-emea-stage-2-w3,VCT 2026: EMEA Stage 2
Favian,EF,4,1,0,0,1,0,0,0,0,58,0,1,Split,2026-07-30 13:35:00,https://www.vlr.gg/712827/eternal-fire-vs-fnatic-vct-2026-emea-stage-2-w3,VCT 2026: EMEA Stage 2
echo,EF,1,0,0,0,0,0,0,0,0,38,0,0,Split,2026-07-30 13:35:00,https://www.vlr.gg/712827/eternal-fire-vs-fnatic-vct-2026-emea-stage-2-w3,VCT 2026: EMEA Stage 2
crashies,FNC,4,0,0,0,0,0,0,0,0,61,2,0,Split,2026-07-30 13:35:00,https://www.vlr.gg/712827/eternal-fire-vs-fnatic-vct-2026-emea-stage-2-w3,VCT 2026: EMEA Stage 2
Boaster,FNC,1,0,0,0,0,0,0,0,0,34,1,0,Split,2026-07-30 13:35:00,https://www.vlr.gg/712827/eternal-fire-vs-fnatic-vct-2026-emea-stage-2-w3,VCT 2026: EMEA Stage 2
Cloud,FNC,1,0,0,0,0,0,0,0,0,55,1,0,Split,2026-07-30 13:35:00,https://www.vlr.gg/712827/eternal-fire-vs-fnatic-vct-2026-emea-stage-2-w3,VCT 2026: EMEA Stage 2
kaajak,FNC,3,0,1,0,0,0,0,0,0,70,0,0,Split,2026-07-30 13:35:00,https://www.vlr.gg/712827/eternal-fire-vs-fnatic-vct-2026-emea-stage-2-w3,VCT 2026: EMEA Stage 2
Alfajer,FNC,1,1,0,0,0,0,0,0,0,40,0,0,Split,2026-07-30 13:35:00,https://www.vlr.gg/712827/eternal-fire-vs-fnatic-vct-2026-emea-stage-2-w3,VCT 2026: EMEA Stage 2
Rosé,BBL,7,1,1,0,0,1,0,0,0,60,4,1,all,2026-07-31 11:00:00,https://www.vlr.gg/712828/bbl-esports-vs-gentle-mates-vct-2026-emea-stage-2-w3,VCT 2026: EMEA Stage 2
Crewen,BBL,8,0,0,0,0,0,0,0,0,55,5,0,all,2026-07-31 11:00:00,https://www.vlr.gg/712828/bbl-esports-vs-gentle-mates-vct-2026-emea-stage-2-w3,VCT 2026: EMEA Stage 2
Loita,BBL,5,2,0,0,0,0,0,0,0,54,2,0,all,2026-07-31 11:00:00,https://www.vlr.gg/712828/bbl-esports-vs-gentle-mates-vct-2026-emea-stage-2-w3,VCT 2026: EMEA Stage 2
Lar0k,BBL,5,1,2,0,1,1,0,0,0,63,0,0,all,2026-07-31 11:00:00,https://www.vlr.gg/712828/bbl-esports-vs-gentle-mates-vct-2026-emea-stage-2-w3,VCT 2026: EMEA Stage 2
lovers,rock,5,2,0,0,0,1,0,0,0,63,2,1,all,2026-07-31 11:00:00,https://www.vlr.gg/712828/bbl-esports-vs-gentle-mates-vct-2026-emea-stage-2-w3,VCT 2026: EMEA Stage 2
starxo,M8,4,1,0,0,1,0,0,0,0,47,5,3,all,2026-07-31 11:00:00,https://www.vlr.gg/712828/bbl-esports-vs-gentle-mates-vct-2026-emea-stage-2-w3,VCT 2026: EMEA Stage 2
marteen,M8,4,4,1,0,1,1,0,0,0,75,3,0,all,2026-07-31 11:00:00,https://www.vlr.gg/712828/bbl-esports-vs-gentle-mates-vct-2026-emea-stage-2-w3,VCT 2026: EMEA Stage 2
bipo,M8,4,0,0,0,0,0,0,0,0,41,1,0,all,2026-07-31 11:00:00,https://www.vlr.gg/712828/bbl-esports-vs-gentle-mates-vct-2026-emea-stage-2-w3,VCT 2026: EMEA Stage 2
Minny,M8,3,1,0,0,0,0,0,0,0,33,1,0,all,2026-07-31 11:00:00,https://www.vlr.gg/712828/bbl-esports-vs-gentle-mates-vct-2026-emea-stage-2-w3,VCT 2026: EMEA Stage 2
Proxh,M8,8,0,0,0,0,0,0,0,0,40,3,0,all,2026-07-31 11:00:00,https://www.vlr.gg/712828/bbl-esports-vs-gentle-mates-vct-2026-emea-stage-2-w3,VCT 2026: EMEA Stage 2
Rosé,BBL,3,1,1,0,0,1,0,0,0,53,3,0,Lotus,2026-07-31 11:00:00,https://www.vlr.gg/712828/bbl-esports-vs-gentle-mates-vct-2026-emea-stage-2-w3,VCT 2026: EMEA Stage 2
Crewen,BBL,2,0,0,0,0,0,0,0,0,33,4,0,Lotus,2026-07-31 11:00:00,https://www.vlr.gg/712828/bbl-esports-vs-gentle-mates-vct-2026-emea-stage-2-w3,VCT 2026: EMEA Stage 2
Loita,BBL,3,1,0,0,0,0,0,0,0,53,2,0,Lotus,2026-07-31 11:00:00,https://www.vlr.gg/712828/bbl-esports-vs-gentle-mates-vct-2026-emea-stage-2-w3,VCT 2026: EMEA Stage 2
Lar0k,BBL,3,0,2,0,1,0,0,0,0,64,0,0,Lotus,2026-07-31 11:00:00,https://www.vlr.gg/712828/bbl-esports-vs-gentle-mates-vct-2026-emea-stage-2-w3,VCT 2026: EMEA Stage 2
lovers,rock,1,1,0,0,0,0,0,0,0,47,1,0,Lotus,2026-07-31 11:00:00,https://www.vlr.gg/712828/bbl-esports-vs-gentle-mates-vct-2026-emea-stage-2-w3,VCT 2026: EMEA Stage 2
starxo,M8,1,1,0,0,1,0,0,0,0,41,3,2,Lotus,2026-07-31 11:00:00,https://www.vlr.gg/712828/bbl-esports-vs-gentle-mates-vct-2026-emea-stage-2-w3,VCT 2026: EMEA Stage 2
marteen,M8,2,3,1,0,1,1,0,0,0,98,3,0,Lotus,2026-07-31 11:00:00,https://www.vlr.gg/712828/bbl-esports-vs-gentle-mates-vct-2026-emea-stage-2-w3,VCT 2026: EMEA Stage 2
bipo,M8,3,0,0,0,0,0,0,0,0,49,1,0,Lotus,2026-07-31 11:00:00,https://www.vlr.gg/712828/bbl-esports-vs-gentle-mates-vct-2026-emea-stage-2-w3,VCT 2026: EMEA Stage 2
Minny,M8,3,0,0,0,0,0,0,0,0,38,0,0,Lotus,2026-07-31 11:00:00,https://www.vlr.gg/712828/bbl-esports-vs-gentle-mates-vct-2026-emea-stage-2-w3,VCT 2026: EMEA Stage 2
Proxh,M8,3,0,0,0,0,0,0,0,0,39,2,0,Lotus,2026-07-31 11:00:00,https://www.vlr.gg/712828/bbl-esports-vs-gentle-mates-vct-2026-emea-stage-2-w3,VCT 2026: EMEA Stage 2
Rosé,BBL,4,0,0,0,0,0,0,0,0,67,1,1,Ascent,2026-07-31 11:00:00,https://www.vlr.gg/712828/bbl-esports-vs-gentle-mates-vct-2026-emea-stage-2-w3,VCT 2026: EMEA Stage 2
Crewen,BBL,6,0,0,0,0,0,0,0,0,76,1,0,Ascent,2026-07-31 11:00:00,https://www.vlr.gg/712828/bbl-esports-vs-gentle-mates-vct-2026-emea-stage-2-w3,VCT 2026: EMEA Stage 2
Loita,BBL,2,1,0,0,0,0,0,0,0,55,0,0,Ascent,2026-07-31 11:00:00,https://www.vlr.gg/712828/bbl-esports-vs-gentle-mates-vct-2026-emea-stage-2-w3,VCT 2026: EMEA Stage 2
Lar0k,BBL,2,1,0,0,0,1,0,0,0,61,0,0,Ascent,2026-07-31 11:00:00,https://www.vlr.gg/712828/bbl-esports-vs-gentle-mates-vct-2026-emea-stage-2-w3,VCT 2026: EMEA Stage 2
lovers,rock,4,1,0,0,0,1,0,0,0,79,1,1,Ascent,2026-07-31 11:00:00,https://www.vlr.gg/712828/bbl-esports-vs-gentle-mates-vct-2026-emea-stage-2-w3,VCT 2026: EMEA Stage 2
starxo,M8,3,0,0,0,0,0,0,0,0,53,2,1,Ascent,2026-07-31 11:00:00,https://www.vlr.gg/712828/bbl-esports-vs-gentle-mates-vct-2026-emea-stage-2-w3,VCT 2026: EMEA Stage 2
marteen,M8,2,1,0,0,0,0,0,0,0,51,0,0,Ascent,2026-07-31 11:00:00,https://www.vlr.gg/712828/bbl-esports-vs-gentle-mates-vct-2026-emea-stage-2-w3,VCT 2026: EMEA Stage 2
bipo,M8,1,0,0,0,0,0,0,0,0,32,0,0,Ascent,2026-07-31 11:00:00,https://www.vlr.gg/712828/bbl-esports-vs-gentle-mates-vct-2026-emea-stage-2-w3,VCT 2026: EMEA Stage 2
Minny,M8,0,1,0,0,0,0,0,0,0,28,1,0,Ascent,2026-07-31 11:00:00,https://www.vlr.gg/712828/bbl-esports-vs-gentle-mates-vct-2026-emea-stage-2-w3,VCT 2026: EMEA Stage 2
Proxh,M8,5,0,0,0,0,0,0,0,0,40,1,0,Ascent,2026-07-31 11:00:00,https://www.vlr.gg/712828/bbl-esports-vs-gentle-mates-vct-2026-emea-stage-2-w3,VCT 2026: EMEA Stage 2
Jesse,GX,2,0,0,0,0,0,0,0,0,37,5,1,all,2026-07-31 15:30:00,https://www.vlr.gg/712829/giantx-vs-team-heretics-vct-2026-emea-stage-2-w3,VCT 2026: EMEA Stage 2
neT,GX,4,0,0,0,0,0,0,0,0,48,6,0,all,2026-07-31 15:30:00,https://www.vlr.gg/712829/giantx-vs-team-heretics-vct-2026-emea-stage-2-w3,VCT 2026: EMEA Stage 2
Flickless,GX,4,1,1,0,1,0,0,0,0,48,2,1,all,2026-07-31 15:30:00,https://www.vlr.gg/712829/giantx-vs-team-heretics-vct-2026-emea-stage-2-w3,VCT 2026: EMEA Stage 2
ara,GX,6,3,1,0,0,0,0,0,0,46,1,0,all,2026-07-31 15:30:00,https://www.vlr.gg/712829/giantx-vs-team-heretics-vct-2026-emea-stage-2-w3,VCT 2026: EMEA Stage 2
westside,GX,7,3,0,0,1,0,0,0,0,53,2,2,all,2026-07-31 15:30:00,https://www.vlr.gg/712829/giantx-vs-team-heretics-vct-2026-emea-stage-2-w3,VCT 2026: EMEA Stage 2
Boo,TH,3,0,0,0,0,1,0,0,0,41,3,0,all,2026-07-31 15:30:00,https://www.vlr.gg/712829/giantx-vs-team-heretics-vct-2026-emea-stage-2-w3,VCT 2026: EMEA Stage 2
RieNs,TH,4,0,0,0,0,1,0,0,0,45,3,1,all,2026-07-31 15:30:00,https://www.vlr.gg/712829/giantx-vs-team-heretics-vct-2026-emea-stage-2-w3,VCT 2026: EMEA Stage 2
Wo0t,TH,7,4,1,0,1,0,1,0,0,64,1,3,all,2026-07-31 15:30:00,https://www.vlr.gg/712829/giantx-vs-team-heretics-vct-2026-emea-stage-2-w3,VCT 2026: EMEA Stage 2
koshmaras,TH,3,4,0,0,0,0,0,0,0,77,2,5,all,2026-07-31 15:30:00,https://www.vlr.gg/712829/giantx-vs-team-heretics-vct-2026-emea-stage-2-w3,VCT 2026: EMEA Stage 2
benjyfishy,TH,7,0,1,0,0,1,0,0,0,45,2,0,all,2026-07-31 15:30:00,https://www.vlr.gg/712829/giantx-vs-team-heretics-vct-2026-emea-stage-2-w3,VCT 2026: EMEA Stage 2
Jesse,GX,1,0,0,0,0,0,0,0,0,44,2,0,Haven,2026-07-31 15:30:00,https://www.vlr.gg/712829/giantx-vs-team-heretics-vct-2026-emea-stage-2-w3,VCT 2026: EMEA Stage 2
neT,GX,1,0,0,0,0,0,0,0,0,37,3,0,Haven,2026-07-31 15:30:00,https://www.vlr.gg/712829/giantx-vs-team-heretics-vct-2026-emea-stage-2-w3,VCT 2026: EMEA Stage 2
Flickless,GX,0,1,0,0,0,0,0,0,0,44,2,1,Haven,2026-07-31 15:30:00,https://www.vlr.gg/712829/giantx-vs-team-heretics-vct-2026-emea-stage-2-w3,VCT 2026: EMEA Stage 2
ara,GX,3,2,0,0,0,0,0,0,0,41,1,0,Haven,2026-07-31 15:30:00,https://www.vlr.gg/712829/giantx-vs-team-heretics-vct-2026-emea-stage-2-w3,VCT 2026: EMEA Stage 2
westside,GX,3,1,0,0,0,0,0,0,0,42,1,0,Haven,2026-07-31 15:30:00,https://www.vlr.gg/712829/giantx-vs-team-heretics-vct-2026-emea-stage-2-w3,VCT 2026: EMEA Stage 2
Boo,TH,1,0,0,0,0,1,0,0,0,43,1,0,Haven,2026-07-31 15:30:00,https://www.vlr.gg/712829/giantx-vs-team-heretics-vct-2026-emea-stage-2-w3,VCT 2026: EMEA Stage 2
RieNs,TH,0,0,0,0,0,0,0,0,0,34,1,1,Haven,2026-07-31 15:30:00,https://www.vlr.gg/712829/giantx-vs-team-heretics-vct-2026-emea-stage-2-w3,VCT 2026: EMEA Stage 2
Wo0t,TH,1,2,0,0,0,0,0,0,0,52,1,0,Haven,2026-07-31 15:30:00,https://www.vlr.gg/712829/giantx-vs-team-heretics-vct-2026-emea-stage-2-w3,VCT 2026: EMEA Stage 2
koshmaras,TH,1,3,0,0,0,0,0,0,0,89,2,4,Haven,2026-07-31 15:30:00,https://www.vlr.gg/712829/giantx-vs-team-heretics-vct-2026-emea-stage-2-w3,VCT 2026: EMEA Stage 2
benjyfishy,TH,4,0,0,0,0,0,0,0,0,42,1,0,Haven,2026-07-31 15:30:00,https://www.vlr.gg/712829/giantx-vs-team-heretics-vct-2026-emea-stage-2-w3,VCT 2026: EMEA Stage 2
Jesse,GX,1,0,0,0,0,0,0,0,0,29,3,1,Ascent,2026-07-31 15:30:00,https://www.vlr.gg/712829/giantx-vs-team-heretics-vct-2026-emea-stage-2-w3,VCT 2026: EMEA Stage 2
neT,GX,3,0,0,0,0,0,0,0,0,58,3,0,Ascent,2026-07-31 15:30:00,https://www.vlr.gg/712829/giantx-vs-team-heretics-vct-2026-emea-stage-2-w3,VCT 2026: EMEA Stage 2
Flickless,GX,4,0,1,0,1,0,0,0,0,52,0,0,Ascent,2026-07-31 15:30:00,https://www.vlr.gg/712829/giantx-vs-team-heretics-vct-2026-emea-stage-2-w3,VCT 2026: EMEA Stage 2
ara,GX,3,1,1,0,0,0,0,0,0,50,0,0,Ascent,2026-07-31 15:30:00,https://www.vlr.gg/712829/giantx-vs-team-heretics-vct-2026-emea-stage-2-w3,VCT 2026: EMEA Stage 2
westside,GX,4,2,0,0,1,0,0,0,0,63,1,2,Ascent,2026-07-31 15:30:00,https://www.vlr.gg/712829/giantx-vs-team-heretics-vct-2026-emea-stage-2-w3,VCT 2026: EMEA Stage 2
Boo,TH,2,0,0,0,0,0,0,0,0,38,2,0,Ascent,2026-07-31 15:30:00,https://www.vlr.gg/712829/giantx-vs-team-heretics-vct-2026-emea-stage-2-w3,VCT 2026: EMEA Stage 2
RieNs,TH,4,0,0,0,0,1,0,0,0,55,2,0,Ascent,2026-07-31 15:30:00,https://www.vlr.gg/712829/giantx-vs-team-heretics-vct-2026-emea-stage-2-w3,VCT 2026: EMEA Stage 2
Wo0t,TH,6,2,1,0,1,0,1,0,0,76,0,3,Ascent,2026-07-31 15:30:00,https://www.vlr.gg/712829/giantx-vs-team-heretics-vct-2026-emea-stage-2-w3,VCT 2026: EMEA Stage 2
koshmaras,TH,2,1,0,0,0,0,0,0,0,65,0,1,Ascent,2026-07-31 15:30:00,https://www.vlr.gg/712829/giantx-vs-team-heretics-vct-2026-emea-stage-2-w3,VCT 2026: EMEA Stage 2
benjyfishy,TH,3,0,1,0,0,1,0,0,0,48,1,0,Ascent,2026-07-31 15:30:00,https://www.vlr.gg/712829/giantx-vs-team-heretics-vct-2026-emea-stage-2-w3,VCT 2026: EMEA Stage 2
sociablEE,FUT,9,2,0,0,0,1,1,0,0,57,1,0,all,2026-08-01 11:00:00,https://www.vlr.gg/712830/fut-esports-vs-team-vitality-vct-2026-emea-stage-2-w3,VCT 2026: EMEA Stage 2
yetujey,FUT,6,1,0,0,0,1,0,0,0,45,2,1,all,2026-08-01 11:00:00,https://www.vlr.gg/712830/fut-esports-vs-team-vitality-vct-2026-emea-stage-2-w3,VCT 2026: EMEA Stage 2
xeus,FUT,11,0,0,0,0,0,0,0,0,53,1,1,all,2026-08-01 11:00:00,https://www.vlr.gg/712830/fut-esports-vs-team-vitality-vct-2026-emea-stage-2-w3,VCT 2026: EMEA Stage 2
KROSTALY,FUT,5,2,1,0,2,0,1,0,0,47,17,2,all,2026-08-01 11:00:00,https://www.vlr.gg/712830/fut-esports-vs-team-vitality-vct-2026-emea-stage-2-w3,VCT 2026: EMEA Stage 2
s0pp,FUT,6,2,0,0,1,0,0,0,0,43,0,2,all,2026-08-01 11:00:00,https://www.vlr.gg/712830/fut-esports-vs-team-vitality-vct-2026-emea-stage-2-w3,VCT 2026: EMEA Stage 2
Chronicle,VIT,11,5,3,0,2,1,0,0,0,79,1,2,all,2026-08-01 11:00:00,https://www.vlr.gg/712830/fut-esports-vs-team-vitality-vct-2026-emea-stage-2-w3,VCT 2026: EMEA Stage 2
Derke,VIT,9,5,0,0,1,0,0,0,0,53,3,1,all,2026-08-01 11:00:00,https://www.vlr.gg/712830/fut-esports-vs-team-vitality-vct-2026-emea-stage-2-w3,VCT 2026: EMEA Stage 2
PROFEK,VIT,4,2,0,0,0,0,0,0,0,32,0,0,all,2026-08-01 11:00:00,https://www.vlr.gg/712830/fut-esports-vs-team-vitality-vct-2026-emea-stage-2-w3,VCT 2026: EMEA Stage 2
Jamppi,VIT,11,4,1,0,1,0,0,0,0,57,11,7,all,2026-08-01 11:00:00,https://www.vlr.gg/712830/fut-esports-vs-team-vitality-vct-2026-emea-stage-2-w3,VCT 2026: EMEA Stage 2
Sayonara,VIT,8,3,0,0,2,0,1,0,0,53,9,2,all,2026-08-01 11:00:00,https://www.vlr.gg/712830/fut-esports-vs-team-vitality-vct-2026-emea-stage-2-w3,VCT 2026: EMEA Stage 2
sociablEE,FUT,2,1,0,0,0,0,1,0,0,62,1,0,Lotus,2026-08-01 11:00:00,https://www.vlr.gg/712830/fut-esports-vs-team-vitality-vct-2026-emea-stage-2-w3,VCT 2026: EMEA Stage 2
yetujey,FUT,2,0,0,0,0,1,0,0,0,38,0,0,Lotus,2026-08-01 11:00:00,https://www.vlr.gg/712830/fut-esports-vs-team-vitality-vct-2026-emea-stage-2-w3,VCT 2026: EMEA Stage 2
xeus,FUT,3,0,0,0,0,0,0,0,0,52,0,1,Lotus,2026-08-01 11:00:00,https://www.vlr.gg/712830/fut-esports-vs-team-vitality-vct-2026-emea-stage-2-w3,VCT 2026: EMEA Stage 2
KROSTALY,FUT,3,0,1,0,0,0,1,0,0,53,5,1,Lotus,2026-08-01 11:00:00,https://www.vlr.gg/712830/fut-esports-vs-team-vitality-vct-2026-emea-stage-2-w3,VCT 2026: EMEA Stage 2
s0pp,FUT,1,0,0,0,0,0,0,0,0,46,0,0,Lotus,2026-08-01 11:00:00,https://www.vlr.gg/712830/fut-esports-vs-team-vitality-vct-2026-emea-stage-2-w3,VCT 2026: EMEA Stage 2
Chronicle,VIT,1,2,1,0,1,1,0,0,0,87,1,2,Lotus,2026-08-01 11:00:00,https://www.vlr.gg/712830/fut-esports-vs-team-vitality-vct-2026-emea-stage-2-w3,VCT 2026: EMEA Stage 2
Derke,VIT,4,3,0,0,1,0,0,0,0,70,2,1,Lotus,2026-08-01 11:00:00,https://www.vlr.gg/712830/fut-esports-vs-team-vitality-vct-2026-emea-stage-2-w3,VCT 2026: EMEA Stage 2
PROFEK,VIT,3,1,0,0,0,0,0,0,0,46,0,0,Lotus,2026-08-01 11:00:00,https://www.vlr.gg/712830/fut-esports-vs-team-vitality-vct-2026-emea-stage-2-w3,VCT 2026: EMEA Stage 2
Jamppi,VIT,4,1,0,0,0,0,0,0,0,59,5,2,Lotus,2026-08-01 11:00:00,https://www.vlr.gg/712830/fut-esports-vs-team-vitality-vct-2026-emea-stage-2-w3,VCT 2026: EMEA Stage 2
Sayonara,VIT,1,1,0,0,1,0,1,0,0,39,1,0,Lotus,2026-08-01 11:00:00,https://www.vlr.gg/712830/fut-esports-vs-team-vitality-vct-2026-emea-stage-2-w3,VCT 2026: EMEA Stage 2
sociablEE,FUT,5,1,0,0,0,1,0,0,0,65,0,0,Haven,2026-08-01 11:00:00,https://www.vlr.gg/712830/fut-esports-vs-team-vitality-vct-2026-emea-stage-2-w3,VCT 2026: EMEA Stage 2
yetujey,FUT,2,1,0,0,0,0,0,0,0,38,0,1,Haven,2026-08-01 11:00:00,https://www.vlr.gg/712830/fut-esports-vs-team-vitality-vct-2026-emea-stage-2-w3,VCT 2026: EMEA Stage 2
xeus,FUT,5,0,0,0,0,0,0,0,0,46,1,0,Haven,2026-08-01 11:00:00,https://www.vlr.gg/712830/fut-esports-vs-team-vitality-vct-2026-emea-stage-2-w3,VCT 2026: EMEA Stage 2
KROSTALY,FUT,1,1,0,0,2,0,0,0,0,42,8,1,Haven,2026-08-01 11:00:00,https://www.vlr.gg/712830/fut-esports-vs-team-vitality-vct-2026-emea-stage-2-w3,VCT 2026: EMEA Stage 2
s0pp,FUT,4,0,0,0,0,0,0,0,0,43,0,1,Haven,2026-08-01 11:00:00,https://www.vlr.gg/712830/fut-esports-vs-team-vitality-vct-2026-emea-stage-2-w3,VCT 2026: EMEA Stage 2
Chronicle,VIT,5,1,1,0,1,0,0,0,0,55,0,0,Haven,2026-08-01 11:00:00,https://www.vlr.gg/712830/fut-esports-vs-team-vitality-vct-2026-emea-stage-2-w3,VCT 2026: EMEA Stage 2
Derke,VIT,1,1,0,0,0,0,0,0,0,35,1,0,Haven,2026-08-01 11:00:00,https://www.vlr.gg/712830/fut-esports-vs-team-vitality-vct-2026-emea-stage-2-w3,VCT 2026: EMEA Stage 2
PROFEK,VIT,0,1,0,0,0,0,0,0,0,25,0,0,Haven,2026-08-01 11:00:00,https://www.vlr.gg/712830/fut-esports-vs-team-vitality-vct-2026-emea-stage-2-w3,VCT 2026: EMEA Stage 2
Jamppi,VIT,4,2,0,0,0,0,0,0,0,47,3,2,Haven,2026-08-01 11:00:00,https://www.vlr.gg/712830/fut-esports-vs-team-vitality-vct-2026-emea-stage-2-w3,VCT 2026: EMEA Stage 2
Sayonara,VIT,3,2,0,0,1,0,0,0,0,62,4,1,Haven,2026-08-01 11:00:00,https://www.vlr.gg/712830/fut-esports-vs-team-vitality-vct-2026-emea-stage-2-w3,VCT 2026: EMEA Stage 2
sociablEE,FUT,2,0,0,0,0,0,0,0,0,45,0,0,Split,2026-08-01 11:00:00,https://www.vlr.gg/712830/fut-esports-vs-team-vitality-vct-2026-emea-stage-2-w3,VCT 2026: EMEA Stage 2
yetujey,FUT,2,0,0,0,0,0,0,0,0,59,2,0,Split,2026-08-01 11:00:00,https://www.vlr.gg/712830/fut-esports-vs-team-vitality-vct-2026-emea-stage-2-w3,VCT 2026: EMEA Stage 2
xeus,FUT,3,0,0,0,0,0,0,0,0,60,0,0,Split,2026-08-01 11:00:00,https://www.vlr.gg/712830/fut-esports-vs-team-vitality-vct-2026-emea-stage-2-w3,VCT 2026: EMEA Stage 2
KROSTALY,FUT,1,1,0,0,0,0,0,0,0,47,4,0,Split,2026-08-01 11:00:00,https://www.vlr.gg/712830/fut-esports-vs-team-vitality-vct-2026-emea-stage-2-w3,VCT 2026: EMEA Stage 2
s0pp,FUT,1,2,0,0,1,0,0,0,0,39,0,1,Split,2026-08-01 11:00:00,https://www.vlr.gg/712830/fut-esports-vs-team-vitality-vct-2026-emea-stage-2-w3,VCT 2026: EMEA Stage 2
Chronicle,VIT,5,2,1,0,0,0,0,0,0,95,0,0,Split,2026-08-01 11:00:00,https://www.vlr.gg/712830/fut-esports-vs-team-vitality-vct-2026-emea-stage-2-w3,VCT 2026: EMEA Stage 2
Derke,VIT,4,1,0,0,0,0,0,0,0,53,0,0,Split,2026-08-01 11:00:00,https://www.vlr.gg/712830/fut-esports-vs-team-vitality-vct-2026-emea-stage-2-w3,VCT 2026: EMEA Stage 2
PROFEK,VIT,1,0,0,0,0,0,0,0,0,24,0,0,Split,2026-08-01 11:00:00,https://www.vlr.gg/712830/fut-esports-vs-team-vitality-vct-2026-emea-stage-2-w3,VCT 2026: EMEA Stage 2
Jamppi,VIT,3,1,1,0,1,0,0,0,0,66,3,3,Split,2026-08-01 11:00:00,https://www.vlr.gg/712830/fut-esports-vs-team-vitality-vct-2026-emea-stage-2-w3,VCT 2026: EMEA Stage 2
Sayonara,VIT,4,0,0,0,0,0,0,0,0,59,4,1,Split,2026-08-01 11:00:00,https://www.vlr.gg/712830/fut-esports-vs-team-vitality-vct-2026-emea-stage-2-w3,VCT 2026: EMEA Stage 2
SUYGETSU,KC,7,1,0,0,1,0,0,0,0,50,0,5,all,2026-08-01 14:10:00,https://www.vlr.gg/712831/karmine-corp-vs-team-liquid-vct-2026-emea-stage-2-w3,VCT 2026: EMEA Stage 2
Avez,KC,8,1,1,0,1,0,0,0,0,50,14,4,all,2026-08-01 14:10:00,https://www.vlr.gg/712831/karmine-corp-vs-team-liquid-vct-2026-emea-stage-2-w3,VCT 2026: EMEA Stage 2
dos9,KC,10,3,1,0,1,0,0,0,0,48,4,3,all,2026-08-01 14:10:00,https://www.vlr.gg/712831/karmine-corp-vs-team-liquid-vct-2026-emea-stage-2-w3,VCT 2026: EMEA Stage 2
LewN,KC,9,3,0,0,0,0,0,0,0,50,0,0,all,2026-08-01 14:10:00,https://www.vlr.gg/712831/karmine-corp-vs-team-liquid-vct-2026-emea-stage-2-w3,VCT 2026: EMEA Stage 2
N4RRATE,KC,11,3,2,0,1,0,0,0,0,65,2,2,all,2026-08-01 14:10:00,https://www.vlr.gg/712831/karmine-corp-vs-team-liquid-vct-2026-emea-stage-2-w3,VCT 2026: EMEA Stage 2
nAts,TL,10,0,1,0,1,0,1,0,0,49,6,1,all,2026-08-01 14:10:00,https://www.vlr.gg/712831/karmine-corp-vs-team-liquid-vct-2026-emea-stage-2-w3,VCT 2026: EMEA Stage 2
purp0,TL,12,2,0,0,0,0,0,0,0,52,1,1,all,2026-08-01 14:10:00,https://www.vlr.gg/712831/karmine-corp-vs-team-liquid-vct-2026-emea-stage-2-w3,VCT 2026: EMEA Stage 2
trexx,TL,12,2,0,0,0,2,0,0,0,59,15,1,all,2026-08-01 14:10:00,https://www.vlr.gg/712831/karmine-corp-vs-team-liquid-vct-2026-emea-stage-2-w3,VCT 2026: EMEA Stage 2
Kicks,TL,7,2,1,0,1,2,0,0,0,40,5,1,all,2026-08-01 14:10:00,https://www.vlr.gg/712831/karmine-corp-vs-team-liquid-vct-2026-emea-stage-2-w3,VCT 2026: EMEA Stage 2
kamo,TL,10,4,1,0,0,0,0,0,0,55,2,0,all,2026-08-01 14:10:00,https://www.vlr.gg/712831/karmine-corp-vs-team-liquid-vct-2026-emea-stage-2-w3,VCT 2026: EMEA Stage 2
SUYGETSU,KC,1,0,0,0,1,0,0,0,0,55,0,3,Lotus,2026-08-01 14:10:00,https://www.vlr.gg/712831/karmine-corp-vs-team-liquid-vct-2026-emea-stage-2-w3,VCT 2026: EMEA Stage 2
Avez,KC,3,1,0,0,0,0,0,0,0,48,5,0,Lotus,2026-08-01 14:10:00,https://www.vlr.gg/712831/karmine-corp-vs-team-liquid-vct-2026-emea-stage-2-w3,VCT 2026: EMEA Stage 2
dos9,KC,3,2,1,0,1,0,0,0,0,66,2,3,Lotus,2026-08-01 14:10:00,https://www.vlr.gg/712831/karmine-corp-vs-team-liquid-vct-2026-emea-stage-2-w3,VCT 2026: EMEA Stage 2
LewN,KC,2,2,0,0,0,0,0,0,0,52,0,0,Lotus,2026-08-01 14:10:00,https://www.vlr.gg/712831/karmine-corp-vs-team-liquid-vct-2026-emea-stage-2-w3,VCT 2026: EMEA Stage 2
N4RRATE,KC,5,0,1,0,0,0,0,0,0,64,0,0,Lotus,2026-08-01 14:10:00,https://www.vlr.gg/712831/karmine-corp-vs-team-liquid-vct-2026-emea-stage-2-w3,VCT 2026: EMEA Stage 2
nAts,TL,7,0,0,0,1,0,0,0,0,60,4,0,Lotus,2026-08-01 14:10:00,https://www.vlr.gg/712831/karmine-corp-vs-team-liquid-vct-2026-emea-stage-2-w3,VCT 2026: EMEA Stage 2
purp0,TL,4,2,0,0,0,0,0,0,0,52,0,1,Lotus,2026-08-01 14:10:00,https://www.vlr.gg/712831/karmine-corp-vs-team-liquid-vct-2026-emea-stage-2-w3,VCT 2026: EMEA Stage 2
trexx,TL,3,1,0,0,0,1,0,0,0,50,5,0,Lotus,2026-08-01 14:10:00,https://www.vlr.gg/712831/karmine-corp-vs-team-liquid-vct-2026-emea-stage-2-w3,VCT 2026: EMEA Stage 2
Kicks,TL,3,0,0,0,1,0,0,0,0,38,1,0,Lotus,2026-08-01 14:10:00,https://www.vlr.gg/712831/karmine-corp-vs-team-liquid-vct-2026-emea-stage-2-w3,VCT 2026: EMEA Stage 2
kamo,TL,2,1,1,0,0,0,0,0,0,53,0,0,Lotus,2026-08-01 14:10:00,https://www.vlr.gg/712831/karmine-corp-vs-team-liquid-vct-2026-emea-stage-2-w3,VCT 2026: EMEA Stage 2
SUYGETSU,KC,4,0,0,0,0,0,0,0,0,51,0,0,Summit,2026-08-01 14:10:00,https://www.vlr.gg/712831/karmine-corp-vs-team-liquid-vct-2026-emea-stage-2-w3,VCT 2026: EMEA Stage 2
Avez,KC,1,0,0,0,1,0,0,0,0,34,5,2,Summit,2026-08-01 14:10:00,https://www.vlr.gg/712831/karmine-corp-vs-team-liquid-vct-2026-emea-stage-2-w3,VCT 2026: EMEA Stage 2
dos9,KC,3,1,0,0,0,0,0,0,0,33,1,0,Summit,2026-08-01 14:10:00,https://www.vlr.gg/712831/karmine-corp-vs-team-liquid-vct-2026-emea-stage-2-w3,VCT 2026: EMEA Stage 2
LewN,KC,4,0,0,0,0,0,0,0,0,33,0,0,Summit,2026-08-01 14:10:00,https://www.vlr.gg/712831/karmine-corp-vs-team-liquid-vct-2026-emea-stage-2-w3,VCT 2026: EMEA Stage 2
N4RRATE,KC,2,1,1,0,0,0,0,0,0,77,0,1,Summit,2026-08-01 14:10:00,https://www.vlr.gg/712831/karmine-corp-vs-team-liquid-vct-2026-emea-stage-2-w3,VCT 2026: EMEA Stage 2
nAts,TL,2,0,1,0,0,0,1,0,0,61,1,1,Summit,2026-08-01 14:10:00,https://www.vlr.gg/712831/karmine-corp-vs-team-liquid-vct-2026-emea-stage-2-w3,VCT 2026: EMEA Stage 2
purp0,TL,2,0,0,0,0,0,0,0,0,45,1,0,Summit,2026-08-01 14:10:00,https://www.vlr.gg/712831/karmine-corp-vs-team-liquid-vct-2026-emea-stage-2-w3,VCT 2026: EMEA Stage 2
trexx,TL,5,1,0,0,0,0,0,0,0,62,5,0,Summit,2026-08-01 14:10:00,https://www.vlr.gg/712831/karmine-corp-vs-team-liquid-vct-2026-emea-stage-2-w3,VCT 2026: EMEA Stage 2
Kicks,TL,2,0,1,0,0,1,0,0,0,49,1,1,Summit,2026-08-01 14:10:00,https://www.vlr.gg/712831/karmine-corp-vs-team-liquid-vct-2026-emea-stage-2-w3,VCT 2026: EMEA Stage 2
kamo,TL,4,0,0,0,0,0,0,0,0,47,0,0,Summit,2026-08-01 14:10:00,https://www.vlr.gg/712831/karmine-corp-vs-team-liquid-vct-2026-emea-stage-2-w3,VCT 2026: EMEA Stage 2
SUYGETSU,KC,2,1,0,0,0,0,0,0,0,44,0,2,Haven,2026-08-01 14:10:00,https://www.vlr.gg/712831/karmine-corp-vs-team-liquid-vct-2026-emea-stage-2-w3,VCT 2026: EMEA Stage 2
Avez,KC,4,0,1,0,0,0,0,0,0,67,4,2,Haven,2026-08-01 14:10:00,https://www.vlr.gg/712831/karmine-corp-vs-team-liquid-vct-2026-emea-stage-2-w3,VCT 2026: EMEA Stage 2
dos9,KC,4,0,0,0,0,0,0,0,0,45,1,0,Haven,2026-08-01 14:10:00,https://www.vlr.gg/712831/karmine-corp-vs-team-liquid-vct-2026-emea-stage-2-w3,VCT 2026: EMEA Stage 2
LewN,KC,3,1,0,0,0,0,0,0,0,65,0,0,Haven,2026-08-01 14:10:00,https://www.vlr.gg/712831/karmine-corp-vs-team-liquid-vct-2026-emea-stage-2-w3,VCT 2026: EMEA Stage 2
N4RRATE,KC,4,2,0,0,1,0,0,0,0,55,2,1,Haven,2026-08-01 14:10:00,https://www.vlr.gg/712831/karmine-corp-vs-team-liquid-vct-2026-emea-stage-2-w3,VCT 2026: EMEA Stage 2
nAts,TL,1,0,0,0,0,0,0,0,0,27,1,0,Haven,2026-08-01 14:10:00,https://www.vlr.gg/712831/karmine-corp-vs-team-liquid-vct-2026-emea-stage-2-w3,VCT 2026: EMEA Stage 2
purp0,TL,6,0,0,0,0,0,0,0,0,58,0,0,Haven,2026-08-01 14:10:00,https://www.vlr.gg/712831/karmine-corp-vs-team-liquid-vct-2026-emea-stage-2-w3,VCT 2026: EMEA Stage 2
trexx,TL,4,0,0,0,0,1,0,0,0,65,5,1,Haven,2026-08-01 14:10:00,https://www.vlr.gg/712831/karmine-corp-vs-team-liquid-vct-2026-emea-stage-2-w3,VCT 2026: EMEA Stage 2
Kicks,TL,2,2,0,0,0,1,0,0,0,34,3,0,Haven,2026-08-01 14:10:00,https://www.vlr.gg/712831/karmine-corp-vs-team-liquid-vct-2026-emea-stage-2-w3,VCT 2026: EMEA Stage 2
kamo,TL,4,3,0,0,0,0,0,0,0,66,2,0,Haven,2026-08-01 14:10:00,https://www.vlr.gg/712831/karmine-corp-vs-team-liquid-vct-2026-emea-stage-2-w3,VCT 2026: EMEA Stage 2
Rosé,BBL,7,1,0,0,0,0,1,0,0,48,13,4,all,2026-08-02 11:00:00,https://www.vlr.gg/712832/bbl-esports-vs-pcific-esports-vct-2026-emea-stage-2-w3,VCT 2026: EMEA Stage 2
Crewen,BBL,10,3,0,0,1,0,0,0,0,55,3,0,all,2026-08-02 11:00:00,https://www.vlr.gg/712832/bbl-esports-vs-pcific-esports-vct-2026-emea-stage-2-w3,VCT 2026: EMEA Stage 2
Loita,BBL,7,5,0,0,0,0,0,0,0,56,3,0,all,2026-08-02 11:00:00,https://www.vlr.gg/712832/bbl-esports-vs-pcific-esports-vct-2026-emea-stage-2-w3,VCT 2026: EMEA Stage 2
Lar0k,BBL,6,3,0,0,1,0,0,0,0,46,6,1,all,2026-08-02 11:00:00,https://www.vlr.gg/712832/bbl-esports-vs-pcific-esports-vct-2026-emea-stage-2-w3,VCT 2026: EMEA Stage 2
lovers,rock,13,3,0,0,1,0,0,0,0,58,1,1,all,2026-08-02 11:00:00,https://www.vlr.gg/712832/bbl-esports-vs-pcific-esports-vct-2026-emea-stage-2-w3,VCT 2026: EMEA Stage 2
al0rante,PCF,10,3,1,0,0,0,0,0,0,53,4,3,all,2026-08-02 11:00:00,https://www.vlr.gg/712832/bbl-esports-vs-pcific-esports-vct-2026-emea-stage-2-w3,VCT 2026: EMEA Stage 2
qpert,PCF,3,2,0,0,2,0,0,0,0,44,6,2,all,2026-08-02 11:00:00,https://www.vlr.gg/712832/bbl-esports-vs-pcific-esports-vct-2026-emea-stage-2-w3,VCT 2026: EMEA Stage 2
waddle,PCF,3,1,0,0,0,0,0,0,0,42,5,3,all,2026-08-02 11:00:00,https://www.vlr.gg/712832/bbl-esports-vs-pcific-esports-vct-2026-emea-stage-2-w3,VCT 2026: EMEA Stage 2
seven,PCF,10,0,0,0,0,0,0,0,0,46,2,2,all,2026-08-02 11:00:00,https://www.vlr.gg/712832/bbl-esports-vs-pcific-esports-vct-2026-emea-stage-2-w3,VCT 2026: EMEA Stage 2
NINJA,PCF,11,4,1,0,0,1,0,0,0,70,1,1,all,2026-08-02 11:00:00,https://www.vlr.gg/712832/bbl-esports-vs-pcific-esports-vct-2026-emea-stage-2-w3,VCT 2026: EMEA Stage 2
Rosé,BBL,4,0,0,0,0,0,0,0,0,43,4,3,Sunset,2026-08-02 11:00:00,https://www.vlr.gg/712832/bbl-esports-vs-pcific-esports-vct-2026-emea-stage-2-w3,VCT 2026: EMEA Stage 2
Crewen,BBL,6,1,0,0,0,0,0,0,0,72,0,0,Sunset,2026-08-02 11:00:00,https://www.vlr.gg/712832/bbl-esports-vs-pcific-esports-vct-2026-emea-stage-2-w3,VCT 2026: EMEA Stage 2
Loita,BBL,4,2,0,0,0,0,0,0,0,72,3,0,Sunset,2026-08-02 11:00:00,https://www.vlr.gg/712832/bbl-esports-vs-pcific-esports-vct-2026-emea-stage-2-w3,VCT 2026: EMEA Stage 2
Lar0k,BBL,2,0,0,0,1,0,0,0,0,37,2,1,Sunset,2026-08-02 11:00:00,https://www.vlr.gg/712832/bbl-esports-vs-pcific-esports-vct-2026-emea-stage-2-w3,VCT 2026: EMEA Stage 2
lovers,rock,4,1,0,0,1,0,0,0,0,53,0,0,Sunset,2026-08-02 11:00:00,https://www.vlr.gg/712832/bbl-esports-vs-pcific-esports-vct-2026-emea-stage-2-w3,VCT 2026: EMEA Stage 2
al0rante,PCF,3,2,0,0,0,0,0,0,0,60,0,1,Sunset,2026-08-02 11:00:00,https://www.vlr.gg/712832/bbl-esports-vs-pcific-esports-vct-2026-emea-stage-2-w3,VCT 2026: EMEA Stage 2
qpert,PCF,0,0,0,0,0,0,0,0,0,38,3,1,Sunset,2026-08-02 11:00:00,https://www.vlr.gg/712832/bbl-esports-vs-pcific-esports-vct-2026-emea-stage-2-w3,VCT 2026: EMEA Stage 2
waddle,PCF,1,0,0,0,0,0,0,0,0,32,0,1,Sunset,2026-08-02 11:00:00,https://www.vlr.gg/712832/bbl-esports-vs-pcific-esports-vct-2026-emea-stage-2-w3,VCT 2026: EMEA Stage 2
seven,PCF,3,0,0,0,0,0,0,0,0,56,1,1,Sunset,2026-08-02 11:00:00,https://www.vlr.gg/712832/bbl-esports-vs-pcific-esports-vct-2026-emea-stage-2-w3,VCT 2026: EMEA Stage 2
NINJA,PCF,4,3,0,0,0,0,0,0,0,65,0,0,Sunset,2026-08-02 11:00:00,https://www.vlr.gg/712832/bbl-esports-vs-pcific-esports-vct-2026-emea-stage-2-w3,VCT 2026: EMEA Stage 2
Rosé,BBL,2,0,0,0,0,0,0,0,0,46,6,1,Lotus,2026-08-02 11:00:00,https://www.vlr.gg/712832/bbl-esports-vs-pcific-esports-vct-2026-emea-stage-2-w3,VCT 2026: EMEA Stage 2
Crewen,BBL,1,2,0,0,1,0,0,0,0,35,0,0,Lotus,2026-08-02 11:00:00,https://www.vlr.gg/712832/bbl-esports-vs-pcific-esports-vct-2026-emea-stage-2-w3,VCT 2026: EMEA Stage 2
Loita,BBL,2,2,0,0,0,0,0,0,0,42,0,0,Lotus,2026-08-02 11:00:00,https://www.vlr.gg/712832/bbl-esports-vs-pcific-esports-vct-2026-emea-stage-2-w3,VCT 2026: EMEA Stage 2
Lar0k,BBL,2,2,0,0,0,0,0,0,0,54,3,0,Lotus,2026-08-02 11:00:00,https://www.vlr.gg/712832/bbl-esports-vs-pcific-esports-vct-2026-emea-stage-2-w3,VCT 2026: EMEA Stage 2
lovers,rock,4,1,0,0,0,0,0,0,0,44,1,0,Lotus,2026-08-02 11:00:00,https://www.vlr.gg/712832/bbl-esports-vs-pcific-esports-vct-2026-emea-stage-2-w3,VCT 2026: EMEA Stage 2
al0rante,PCF,6,1,0,0,0,0,0,0,0,54,3,2,Lotus,2026-08-02 11:00:00,https://www.vlr.gg/712832/bbl-esports-vs-pcific-esports-vct-2026-emea-stage-2-w3,VCT 2026: EMEA Stage 2
qpert,PCF,1,1,0,0,2,0,0,0,0,49,2,1,Lotus,2026-08-02 11:00:00,https://www.vlr.gg/712832/bbl-esports-vs-pcific-esports-vct-2026-emea-stage-2-w3,VCT 2026: EMEA Stage 2
waddle,PCF,1,0,0,0,0,0,0,0,0,41,3,0,Lotus,2026-08-02 11:00:00,https://www.vlr.gg/712832/bbl-esports-vs-pcific-esports-vct-2026-emea-stage-2-w3,VCT 2026: EMEA Stage 2
seven,PCF,3,0,0,0,0,0,0,0,0,39,0,1,Lotus,2026-08-02 11:00:00,https://www.vlr.gg/712832/bbl-esports-vs-pcific-esports-vct-2026-emea-stage-2-w3,VCT 2026: EMEA Stage 2
NINJA,PCF,4,1,1,0,0,1,0,0,0,106,1,1,Lotus,2026-08-02 11:00:00,https://www.vlr.gg/712832/bbl-esports-vs-pcific-esports-vct-2026-emea-stage-2-w3,VCT 2026: EMEA Stage 2
Rosé,BBL,1,1,0,0,0,0,1,0,0,56,3,0,Ascent,2026-08-02 11:00:00,https://www.vlr.gg/712832/bbl-esports-vs-pcific-esports-vct-2026-emea-stage-2-w3,VCT 2026: EMEA Stage 2
Crewen,BBL,3,0,0,0,0,0,0,0,0,58,3,0,Ascent,2026-08-02 11:00:00,https://www.vlr.gg/712832/bbl-esports-vs-pcific-esports-vct-2026-emea-stage-2-w3,VCT 2026: EMEA Stage 2
Loita,BBL,1,1,0,0,0,0,0,0,0,55,0,0,Ascent,2026-08-02 11:00:00,https://www.vlr.gg/712832/bbl-esports-vs-pcific-esports-vct-2026-emea-stage-2-w3,VCT 2026: EMEA Stage 2
Lar0k,BBL,2,1,0,0,0,0,0,0,0,46,1,0,Ascent,2026-08-02 11:00:00,https://www.vlr.gg/712832/bbl-esports-vs-pcific-esports-vct-2026-emea-stage-2-w3,VCT 2026: EMEA Stage 2
lovers,rock,5,1,0,0,0,0,0,0,0,76,0,1,Ascent,2026-08-02 11:00:00,https://www.vlr.gg/712832/bbl-esports-vs-pcific-esports-vct-2026-emea-stage-2-w3,VCT 2026: EMEA Stage 2
al0rante,PCF,1,0,1,0,0,0,0,0,0,45,1,0,Ascent,2026-08-02 11:00:00,https://www.vlr.gg/712832/bbl-esports-vs-pcific-esports-vct-2026-emea-stage-2-w3,VCT 2026: EMEA Stage 2
qpert,PCF,2,1,0,0,0,0,0,0,0,46,1,0,Ascent,2026-08-02 11:00:00,https://www.vlr.gg/712832/bbl-esports-vs-pcific-esports-vct-2026-emea-stage-2-w3,VCT 2026: EMEA Stage 2
waddle,PCF,1,1,0,0,0,0,0,0,0,52,2,2,Ascent,2026-08-02 11:00:00,https://www.vlr.gg/712832/bbl-esports-vs-pcific-esports-vct-2026-emea-stage-2-w3,VCT 2026: EMEA Stage 2
seven,PCF,4,0,0,0,0,0,0,0,0,44,1,0,Ascent,2026-08-02 11:00:00,https://www.vlr.gg/712832/bbl-esports-vs-pcific-esports-vct-2026-emea-stage-2-w3,VCT 2026: EMEA Stage 2
NINJA,PCF,3,0,0,0,0,0,0,0,0,39,0,0,Ascent,2026-08-02 11:00:00,https://www.vlr.gg/712832/bbl-esports-vs-pcific-esports-vct-2026-emea-stage-2-w3,VCT 2026: EMEA Stage 2
crashies,FNC,3,1,0,0,1,1,0,0,0,48,9,2,all,2026-08-02 14:25:00,https://www.vlr.gg/712833/fnatic-vs-team-heretics-vct-2026-emea-stage-2-w3,VCT 2026: EMEA Stage 2
Boaster,FNC,2,0,0,0,0,0,0,0,0,35,1,0,all,2026-08-02 14:25:00,https://www.vlr.gg/712833/fnatic-vs-team-heretics-vct-2026-emea-stage-2-w3,VCT 2026: EMEA Stage 2
Cloud,FNC,6,1,0,0,0,0,0,0,0,52,3,0,all,2026-08-02 14:25:00,https://www.vlr.gg/712833/fnatic-vs-team-heretics-vct-2026-emea-stage-2-w3,VCT 2026: EMEA Stage 2
kaajak,FNC,1,0,0,0,0,0,0,0,0,25,0,0,all,2026-08-02 14:25:00,https://www.vlr.gg/712833/fnatic-vs-team-heretics-vct-2026-emea-stage-2-w3,VCT 2026: EMEA Stage 2
Alfajer,FNC,6,0,0,0,1,0,0,0,0,42,3,0,all,2026-08-02 14:25:00,https://www.vlr.gg/712833/fnatic-vs-team-heretics-vct-2026-emea-stage-2-w3,VCT 2026: EMEA Stage 2
Boo,TH,4,1,0,0,1,0,0,0,0,52,4,1,all,2026-08-02 14:25:00,https://www.vlr.gg/712833/fnatic-vs-team-heretics-vct-2026-emea-stage-2-w3,VCT 2026: EMEA Stage 2
RieNs,TH,3,0,2,1,0,0,1,0,0,125,3,2,all,2026-08-02 14:25:00,https://www.vlr.gg/712833/fnatic-vs-team-heretics-vct-2026-emea-stage-2-w3,VCT 2026: EMEA Stage 2
Wo0t,TH,8,2,1,0,1,0,0,0,0,66,2,0,all,2026-08-02 14:25:00,https://www.vlr.gg/712833/fnatic-vs-team-heretics-vct-2026-emea-stage-2-w3,VCT 2026: EMEA Stage 2
koshmaras,TH,7,2,0,0,1,0,0,0,0,79,1,2,all,2026-08-02 14:25:00,https://www.vlr.gg/712833/fnatic-vs-team-heretics-vct-2026-emea-stage-2-w3,VCT 2026: EMEA Stage 2
benjyfishy,TH,4,1,0,0,0,1,0,0,0,41,2,0,all,2026-08-02 14:25:00,https://www.vlr.gg/712833/fnatic-vs-team-heretics-vct-2026-emea-stage-2-w3,VCT 2026: EMEA Stage 2
crashies,FNC,2,1,0,0,1,1,0,0,0,66,8,2,Summit,2026-08-02 14:25:00,https://www.vlr.gg/712833/fnatic-vs-team-heretics-vct-2026-emea-stage-2-w3,VCT 2026: EMEA Stage 2
Boaster,FNC,2,0,0,0,0,0,0,0,0,47,1,0,Summit,2026-08-02 14:25:00,https://www.vlr.gg/712833/fnatic-vs-team-heretics-vct-2026-emea-stage-2-w3,VCT 2026: EMEA Stage 2
Cloud,FNC,4,0,0,0,0,0,0,0,0,49,1,0,Summit,2026-08-02 14:25:00,https://www.vlr.gg/712833/fnatic-vs-team-heretics-vct-2026-emea-stage-2-w3,VCT 2026: EMEA Stage 2
kaajak,FNC,1,0,0,0,0,0,0,0,0,35,0,0,Summit,2026-08-02 14:25:00,https://www.vlr.gg/712833/fnatic-vs-team-heretics-vct-2026-emea-stage-2-w3,VCT 2026: EMEA Stage 2
Alfajer,FNC,6,0,0,0,1,0,0,0,0,54,1,0,Summit,2026-08-02 14:25:00,https://www.vlr.gg/712833/fnatic-vs-team-heretics-vct-2026-emea-stage-2-w3,VCT 2026: EMEA Stage 2
Boo,TH,1,1,0,0,0,0,0,0,0,40,4,0,Summit,2026-08-02 14:25:00,https://www.vlr.gg/712833/fnatic-vs-team-heretics-vct-2026-emea-stage-2-w3,VCT 2026: EMEA Stage 2
RieNs,TH,3,0,0,0,0,0,1,0,0,47,2,1,Summit,2026-08-02 14:25:00,https://www.vlr.gg/712833/fnatic-vs-team-heretics-vct-2026-emea-stage-2-w3,VCT 2026: EMEA Stage 2
Wo0t,TH,5,2,1,0,1,0,0,0,0,75,2,0,Summit,2026-08-02 14:25:00,https://www.vlr.gg/712833/fnatic-vs-team-heretics-vct-2026-emea-stage-2-w3,VCT 2026: EMEA Stage 2
koshmaras,TH,6,0,0,0,0,0,0,0,0,57,1,0,Summit,2026-08-02 14:25:00,https://www.vlr.gg/712833/fnatic-vs-team-heretics-vct-2026-emea-stage-2-w3,VCT 2026: EMEA Stage 2
benjyfishy,TH,3,0,0,0,0,0,0,0,0,34,2,0,Summit,2026-08-02 14:25:00,https://www.vlr.gg/712833/fnatic-vs-team-heretics-vct-2026-emea-stage-2-w3,VCT 2026: EMEA Stage 2
crashies,FNC,1,0,0,0,0,0,0,0,0,30,1,0,Ascent,2026-08-02 14:25:00,https://www.vlr.gg/712833/fnatic-vs-team-heretics-vct-2026-emea-stage-2-w3,VCT 2026: EMEA Stage 2
Boaster,FNC,0,0,0,0,0,0,0,0,0,22,0,0,Ascent,2026-08-02 14:25:00,https://www.vlr.gg/712833/fnatic-vs-team-heretics-vct-2026-emea-stage-2-w3,VCT 2026: EMEA Stage 2
Cloud,FNC,2,1,0,0,0,0,0,0,0,54,2,0,Ascent,2026-08-02 14:25:00,https://www.vlr.gg/712833/fnatic-vs-team-heretics-vct-2026-emea-stage-2-w3,VCT 2026: EMEA Stage 2
kaajak,FNC,0,0,0,0,0,0,0,0,0,15,0,0,Ascent,2026-08-02 14:25:00,https://www.vlr.gg/712833/fnatic-vs-team-heretics-vct-2026-emea-stage-2-w3,VCT 2026: EMEA Stage 2
Alfajer,FNC,0,0,0,0,0,0,0,0,0,30,2,0,Ascent,2026-08-02 14:25:00,https://www.vlr.gg/712833/fnatic-vs-team-heretics-vct-2026-emea-stage-2-w3,VCT 2026: EMEA Stage 2
Boo,TH,3,0,0,0,1,0,0,0,0,63,0,1,Ascent,2026-08-02 14:25:00,https://www.vlr.gg/712833/fnatic-vs-team-heretics-vct-2026-emea-stage-2-w3,VCT 2026: EMEA Stage 2
RieNs,TH,0,0,2,1,0,0,0,0,0,203,1,1,Ascent,2026-08-02 14:25:00,https://www.vlr.gg/712833/fnatic-vs-team-heretics-vct-2026-emea-stage-2-w3,VCT 2026: EMEA Stage 2
Wo0t,TH,3,0,0,0,0,0,0,0,0,57,0,0,Ascent,2026-08-02 14:25:00,https://www.vlr.gg/712833/fnatic-vs-team-heretics-vct-2026-emea-stage-2-w3,VCT 2026: EMEA Stage 2
koshmaras,TH,1,2,0,0,1,0,0,0,0,100,0,2,Ascent,2026-08-02 14:25:00,https://www.vlr.gg/712833/fnatic-vs-team-heretics-vct-2026-emea-stage-2-w3,VCT 2026: EMEA Stage 2
benjyfishy,TH,1,1,0,0,0,1,0,0,0,47,0,0,Ascent,2026-08-02 14:25:00,https://www.vlr.gg/712833/fnatic-vs-team-heretics-vct-2026-emea-stage-2-w3,VCT 2026: EMEA Stage 2
Jesse,GX,8,4,0,0,2,0,1,0,0,61,6,1,all,2026-08-06 11:00:00,https://www.vlr.gg/729664/giantx-vs-eintracht-frankfurt-vct-2026-emea-stage-2-ur1,VCT 2026: EMEA Stage 2
neT,GX,7,3,0,0,1,0,0,0,0,48,7,1,all,2026-08-06 11:00:00,https://www.vlr.gg/729664/giantx-vs-eintracht-frankfurt-vct-2026-emea-stage-2-ur1,VCT 2026: EMEA Stage 2
Flickless,GX,7,2,1,0,0,0,0,0,0,50,3,3,all,2026-08-06 11:00:00,https://www.vlr.gg/729664/giantx-vs-eintracht-frankfurt-vct-2026-emea-stage-2-ur1,VCT 2026: EMEA Stage 2
ara,GX,14,3,0,0,2,0,0,0,0,57,4,1,all,2026-08-06 11:00:00,https://www.vlr.gg/729664/giantx-vs-eintracht-frankfurt-vct-2026-emea-stage-2-ur1,VCT 2026: EMEA Stage 2
westside,GX,4,2,1,0,2,0,0,1,0,39,1,1,all,2026-08-06 11:00:00,https://www.vlr.gg/729664/giantx-vs-eintracht-frankfurt-vct-2026-emea-stage-2-ur1,VCT 2026: EMEA Stage 2
MONSTEERR,SGE,7,4,2,0,0,0,0,0,0,70,2,0,all,2026-08-06 11:00:00,https://www.vlr.gg/729664/giantx-vs-eintracht-frankfurt-vct-2026-emea-stage-2-ur1,VCT 2026: EMEA Stage 2
musashi,SGE,5,1,1,0,0,0,1,0,0,49,12,0,all,2026-08-06 11:00:00,https://www.vlr.gg/729664/giantx-vs-eintracht-frankfurt-vct-2026-emea-stage-2-ur1,VCT 2026: EMEA Stage 2
azury,SGE,6,0,1,0,0,0,0,0,0,47,5,0,all,2026-08-06 11:00:00,https://www.vlr.gg/729664/giantx-vs-eintracht-frankfurt-vct-2026-emea-stage-2-ur1,VCT 2026: EMEA Stage 2
Fizzy,SGE,9,1,0,0,0,0,0,0,0,44,2,0,all,2026-08-06 11:00:00,https://www.vlr.gg/729664/giantx-vs-eintracht-frankfurt-vct-2026-emea-stage-2-ur1,VCT 2026: EMEA Stage 2
Jamelinho213,SGE,5,7,2,0,1,0,0,0,0,54,0,0,all,2026-08-06 11:00:00,https://www.vlr.gg/729664/giantx-vs-eintracht-frankfurt-vct-2026-emea-stage-2-ur1,VCT 2026: EMEA Stage 2
Jesse,GX,4,2,0,0,1,0,0,0,0,80,3,0,Lotus,2026-08-06 11:00:00,https://www.vlr.gg/729664/giantx-vs-eintracht-frankfurt-vct-2026-emea-stage-2-ur1,VCT 2026: EMEA Stage 2
neT,GX,3,1,0,0,1,0,0,0,0,38,3,1,Lotus,2026-08-06 11:00:00,https://www.vlr.gg/729664/giantx-vs-eintracht-frankfurt-vct-2026-emea-stage-2-ur1,VCT 2026: EMEA Stage 2
Flickless,GX,2,1,0,0,0,0,0,0,0,52,1,0,Lotus,2026-08-06 11:00:00,https://www.vlr.gg/729664/giantx-vs-eintracht-frankfurt-vct-2026-emea-stage-2-ur1,VCT 2026: EMEA Stage 2
ara,GX,6,0,0,0,0,0,0,0,0,62,2,0,Lotus,2026-08-06 11:00:00,https://www.vlr.gg/729664/giantx-vs-eintracht-frankfurt-vct-2026-emea-stage-2-ur1,VCT 2026: EMEA Stage 2
westside,GX,1,2,0,0,0,0,0,0,0,51,0,0,Lotus,2026-08-06 11:00:00,https://www.vlr.gg/729664/giantx-vs-eintracht-frankfurt-vct-2026-emea-stage-2-ur1,VCT 2026: EMEA Stage 2
MONSTEERR,SGE,2,1,0,0,0,0,0,0,0,69,1,0,Lotus,2026-08-06 11:00:00,https://www.vlr.gg/729664/giantx-vs-eintracht-frankfurt-vct-2026-emea-stage-2-ur1,VCT 2026: EMEA Stage 2
musashi,SGE,0,1,0,0,0,0,0,0,0,37,2,0,Lotus,2026-08-06 11:00:00,https://www.vlr.gg/729664/giantx-vs-eintracht-frankfurt-vct-2026-emea-stage-2-ur1,VCT 2026: EMEA Stage 2
azury,SGE,2,0,0,0,0,0,0,0,0,42,0,0,Lotus,2026-08-06 11:00:00,https://www.vlr.gg/729664/giantx-vs-eintracht-frankfurt-vct-2026-emea-stage-2-ur1,VCT 2026: EMEA Stage 2
Fizzy,SGE,1,0,0,0,0,0,0,0,0,24,0,0,Lotus,2026-08-06 11:00:00,https://www.vlr.gg/729664/giantx-vs-eintracht-frankfurt-vct-2026-emea-stage-2-ur1,VCT 2026: EMEA Stage 2
Jamelinho213,SGE,1,2,0,0,1,0,0,0,0,60,0,0,Lotus,2026-08-06 11:00:00,https://www.vlr.gg/729664/giantx-vs-eintracht-frankfurt-vct-2026-emea-stage-2-ur1,VCT 2026: EMEA Stage 2
Jesse,GX,1,1,0,0,1,0,1,0,0,38,2,0,Ascent,2026-08-06 11:00:00,https://www.vlr.gg/729664/giantx-vs-eintracht-frankfurt-vct-2026-emea-stage-2-ur1,VCT 2026: EMEA Stage 2
neT,GX,1,0,0,0,0,0,0,0,0,44,0,0,Ascent,2026-08-06 11:00:00,https://www.vlr.gg/729664/giantx-vs-eintracht-frankfurt-vct-2026-emea-stage-2-ur1,VCT 2026: EMEA Stage 2
Flickless,GX,2,0,0,0,0,0,0,0,0,44,0,2,Ascent,2026-08-06 11:00:00,https://www.vlr.gg/729664/giantx-vs-eintracht-frankfurt-vct-2026-emea-stage-2-ur1,VCT 2026: EMEA Stage 2
ara,GX,3,2,0,0,1,0,0,0,0,54,1,0,Ascent,2026-08-06 11:00:00,https://www.vlr.gg/729664/giantx-vs-eintracht-frankfurt-vct-2026-emea-stage-2-ur1,VCT 2026: EMEA Stage 2
westside,GX,1,0,1,0,0,0,0,1,0,36,0,1,Ascent,2026-08-06 11:00:00,https://www.vlr.gg/729664/giantx-vs-eintracht-frankfurt-vct-2026-emea-stage-2-ur1,VCT 2026: EMEA Stage 2
MONSTEERR,SGE,2,2,0,0,0,0,0,0,0,75,1,0,Ascent,2026-08-06 11:00:00,https://www.vlr.gg/729664/giantx-vs-eintracht-frankfurt-vct-2026-emea-stage-2-ur1,VCT 2026: EMEA Stage 2
musashi,SGE,3,0,0,0,0,0,0,0,0,53,6,0,Ascent,2026-08-06 11:00:00,https://www.vlr.gg/729664/giantx-vs-eintracht-frankfurt-vct-2026-emea-stage-2-ur1,VCT 2026: EMEA Stage 2
azury,SGE,3,0,1,0,0,0,0,0,0,60,0,0,Ascent,2026-08-06 11:00:00,https://www.vlr.gg/729664/giantx-vs-eintracht-frankfurt-vct-2026-emea-stage-2-ur1,VCT 2026: EMEA Stage 2
Fizzy,SGE,3,0,0,0,0,0,0,0,0,57,0,0,Ascent,2026-08-06 11:00:00,https://www.vlr.gg/729664/giantx-vs-eintracht-frankfurt-vct-2026-emea-stage-2-ur1,VCT 2026: EMEA Stage 2
Jamelinho213,SGE,2,3,2,0,0,0,0,0,0,72,0,0,Ascent,2026-08-06 11:00:00,https://www.vlr.gg/729664/giantx-vs-eintracht-frankfurt-vct-2026-emea-stage-2-ur1,VCT 2026: EMEA Stage 2
Jesse,GX,3,1,0,0,0,0,0,0,0,64,1,1,Summit,2026-08-06 11:00:00,https://www.vlr.gg/729664/giantx-vs-eintracht-frankfurt-vct-2026-emea-stage-2-ur1,VCT 2026: EMEA Stage 2
neT,GX,3,2,0,0,0,0,0,0,0,61,4,0,Summit,2026-08-06 11:00:00,https://www.vlr.gg/729664/giantx-vs-eintracht-frankfurt-vct-2026-emea-stage-2-ur1,VCT 2026: EMEA Stage 2
Flickless,GX,3,1,1,0,0,0,0,0,0,54,2,1,Summit,2026-08-06 11:00:00,https://www.vlr.gg/729664/giantx-vs-eintracht-frankfurt-vct-2026-emea-stage-2-ur1,VCT 2026: EMEA Stage 2
ara,GX,5,1,0,0,1,0,0,0,0,56,1,1,Summit,2026-08-06 11:00:00,https://www.vlr.gg/729664/giantx-vs-eintracht-frankfurt-vct-2026-emea-stage-2-ur1,VCT 2026: EMEA Stage 2
westside,GX,2,0,0,0,2,0,0,0,0,31,1,0,Summit,2026-08-06 11:00:00,https://www.vlr.gg/729664/giantx-vs-eintracht-frankfurt-vct-2026-emea-stage-2-ur1,VCT 2026: EMEA Stage 2
MONSTEERR,SGE,3,1,2,0,0,0,0,0,0,65,0,0,Summit,2026-08-06 11:00:00,https://www.vlr.gg/729664/giantx-vs-eintracht-frankfurt-vct-2026-emea-stage-2-ur1,VCT 2026: EMEA Stage 2
musashi,SGE,2,0,1,0,0,0,1,0,0,58,4,0,Summit,2026-08-06 11:00:00,https://www.vlr.gg/729664/giantx-vs-eintracht-frankfurt-vct-2026-emea-stage-2-ur1,VCT 2026: EMEA Stage 2
azury,SGE,1,0,0,0,0,0,0,0,0,38,5,0,Summit,2026-08-06 11:00:00,https://www.vlr.gg/729664/giantx-vs-eintracht-frankfurt-vct-2026-emea-stage-2-ur1,VCT 2026: EMEA Stage 2
Fizzy,SGE,5,1,0,0,0,0,0,0,0,52,2,0,Summit,2026-08-06 11:00:00,https://www.vlr.gg/729664/giantx-vs-eintracht-frankfurt-vct-2026-emea-stage-2-ur1,VCT 2026: EMEA Stage 2
Jamelinho213,SGE,2,2,0,0,0,0,0,0,0,30,0,0,Summit,2026-08-06 11:00:00,https://www.vlr.gg/729664/giantx-vs-eintracht-frankfurt-vct-2026-emea-stage-2-ur1,VCT 2026: EMEA Stage 2
ExiT,NAVI,11,3,0,0,0,0,0,0,0,48,0,2,all,2026-08-06 14:20:00,https://www.vlr.gg/729665/natus-vincere-vs-joblife-vct-2026-emea-stage-2-ur1,VCT 2026: EMEA Stage 2
CyvOph,NAVI,5,3,0,0,0,0,0,0,0,35,1,0,all,2026-08-06 14:20:00,https://www.vlr.gg/729665/natus-vincere-vs-joblife-vct-2026-emea-stage-2-ur1,VCT 2026: EMEA Stage 2
chloric,NAVI,3,6,0,0,1,0,0,0,0,46,14,2,all,2026-08-06 14:20:00,https://www.vlr.gg/729665/natus-vincere-vs-joblife-vct-2026-emea-stage-2-ur1,VCT 2026: EMEA Stage 2
Ruxic,NAVI,14,2,0,0,1,0,0,0,0,62,3,1,all,2026-08-06 14:20:00,https://www.vlr.gg/729665/natus-vincere-vs-joblife-vct-2026-emea-stage-2-ur1,VCT 2026: EMEA Stage 2
hiro,NAVI,7,4,0,0,1,1,0,0,0,53,2,1,all,2026-08-06 14:20:00,https://www.vlr.gg/729665/natus-vincere-vs-joblife-vct-2026-emea-stage-2-ur1,VCT 2026: EMEA Stage 2
doma,JL,7,0,0,1,3,1,0,0,0,46,4,2,all,2026-08-06 14:20:00,https://www.vlr.gg/729665/natus-vincere-vs-joblife-vct-2026-emea-stage-2-ur1,VCT 2026: EMEA Stage 2
kamyk,JL,6,6,0,0,1,1,0,0,0,50,1,1,all,2026-08-06 14:20:00,https://www.vlr.gg/729665/natus-vincere-vs-joblife-vct-2026-emea-stage-2-ur1,VCT 2026: EMEA Stage 2
UNFAKE,JL,5,4,0,0,0,0,0,0,0,46,14,0,all,2026-08-06 14:20:00,https://www.vlr.gg/729665/natus-vincere-vs-joblife-vct-2026-emea-stage-2-ur1,VCT 2026: EMEA Stage 2
runneR,JL,6,7,2,0,1,0,0,0,0,72,3,1,all,2026-08-06 14:20:00,https://www.vlr.gg/729665/natus-vincere-vs-joblife-vct-2026-emea-stage-2-ur1,VCT 2026: EMEA Stage 2
Pa1ze,JL,11,0,1,0,0,0,0,0,0,51,1,0,all,2026-08-06 14:20:00,https://www.vlr.gg/729665/natus-vincere-vs-joblife-vct-2026-emea-stage-2-ur1,VCT 2026: EMEA Stage 2
ExiT,NAVI,2,0,0,0,0,0,0,0,0,40,0,0,Breeze,2026-08-06 14:20:00,https://www.vlr.gg/729665/natus-vincere-vs-joblife-vct-2026-emea-stage-2-ur1,VCT 2026: EMEA Stage 2
CyvOph,NAVI,2,0,0,0,0,0,0,0,0,31,1,0,Breeze,2026-08-06 14:20:00,https://www.vlr.gg/729665/natus-vincere-vs-joblife-vct-2026-emea-stage-2-ur1,VCT 2026: EMEA Stage 2
chloric,NAVI,1,1,0,0,0,0,0,0,0,43,6,0,Breeze,2026-08-06 14:20:00,https://www.vlr.gg/729665/natus-vincere-vs-joblife-vct-2026-emea-stage-2-ur1,VCT 2026: EMEA Stage 2
Ruxic,NAVI,3,2,0,0,0,0,0,0,0,69,1,0,Breeze,2026-08-06 14:20:00,https://www.vlr.gg/729665/natus-vincere-vs-joblife-vct-2026-emea-stage-2-ur1,VCT 2026: EMEA Stage 2
hiro,NAVI,2,0,0,0,0,0,0,0,0,47,0,0,Breeze,2026-08-06 14:20:00,https://www.vlr.gg/729665/natus-vincere-vs-joblife-vct-2026-emea-stage-2-ur1,VCT 2026: EMEA Stage 2
doma,JL,2,0,0,1,2,0,0,0,0,70,1,1,Breeze,2026-08-06 14:20:00,https://www.vlr.gg/729665/natus-vincere-vs-joblife-vct-2026-emea-stage-2-ur1,VCT 2026: EMEA Stage 2
kamyk,JL,3,2,0,0,0,1,0,0,0,49,0,1,Breeze,2026-08-06 14:20:00,https://www.vlr.gg/729665/natus-vincere-vs-joblife-vct-2026-emea-stage-2-ur1,VCT 2026: EMEA Stage 2
UNFAKE,JL,2,1,0,0,0,0,0,0,0,56,5,0,Breeze,2026-08-06 14:20:00,https://www.vlr.gg/729665/natus-vincere-vs-joblife-vct-2026-emea-stage-2-ur1,VCT 2026: EMEA Stage 2
runneR,JL,2,1,1,0,0,0,0,0,0,70,1,0,Breeze,2026-08-06 14:20:00,https://www.vlr.gg/729665/natus-vincere-vs-joblife-vct-2026-emea-stage-2-ur1,VCT 2026: EMEA Stage 2
Pa1ze,JL,6,0,0,0,0,0,0,0,0,58,0,0,Breeze,2026-08-06 14:20:00,https://www.vlr.gg/729665/natus-vincere-vs-joblife-vct-2026-emea-stage-2-ur1,VCT 2026: EMEA Stage 2
ExiT,NAVI,5,1,0,0,0,0,0,0,0,64,0,1,Split,2026-08-06 14:20:00,https://www.vlr.gg/729665/natus-vincere-vs-joblife-vct-2026-emea-stage-2-ur1,VCT 2026: EMEA Stage 2
CyvOph,NAVI,2,1,0,0,0,0,0,0,0,40,0,0,Split,2026-08-06 14:20:00,https://www.vlr.gg/729665/natus-vincere-vs-joblife-vct-2026-emea-stage-2-ur1,VCT 2026: EMEA Stage 2
chloric,NAVI,0,2,0,0,0,0,0,0,0,40,4,0,Split,2026-08-06 14:20:00,https://www.vlr.gg/729665/natus-vincere-vs-joblife-vct-2026-emea-stage-2-ur1,VCT 2026: EMEA Stage 2
Ruxic,NAVI,7,0,0,0,0,0,0,0,0,69,2,1,Split,2026-08-06 14:20:00,https://www.vlr.gg/729665/natus-vincere-vs-joblife-vct-2026-emea-stage-2-ur1,VCT 2026: EMEA Stage 2
hiro,NAVI,2,2,0,0,0,1,0,0,0,64,0,1,Split,2026-08-06 14:20:00,https://www.vlr.gg/729665/natus-vincere-vs-joblife-vct-2026-emea-stage-2-ur1,VCT 2026: EMEA Stage 2
doma,JL,2,0,0,0,0,0,0,0,0,37,2,0,Split,2026-08-06 14:20:00,https://www.vlr.gg/729665/natus-vincere-vs-joblife-vct-2026-emea-stage-2-ur1,VCT 2026: EMEA Stage 2
kamyk,JL,2,1,0,0,0,0,0,0,0,57,0,0,Split,2026-08-06 14:20:00,https://www.vlr.gg/729665/natus-vincere-vs-joblife-vct-2026-emea-stage-2-ur1,VCT 2026: EMEA Stage 2
UNFAKE,JL,0,1,0,0,0,0,0,0,0,32,5,0,Split,2026-08-06 14:20:00,https://www.vlr.gg/729665/natus-vincere-vs-joblife-vct-2026-emea-stage-2-ur1,VCT 2026: EMEA Stage 2
runneR,JL,4,2,0,0,1,0,0,0,0,77,1,1,Split,2026-08-06 14:20:00,https://www.vlr.gg/729665/natus-vincere-vs-joblife-vct-2026-emea-stage-2-ur1,VCT 2026: EMEA Stage 2
Pa1ze,JL,0,0,0,0,0,0,0,0,0,43,0,0,Split,2026-08-06 14:20:00,https://www.vlr.gg/729665/natus-vincere-vs-joblife-vct-2026-emea-stage-2-ur1,VCT 2026: EMEA Stage 2
ExiT,NAVI,4,2,0,0,0,0,0,0,0,41,0,1,Ascent,2026-08-06 14:20:00,https://www.vlr.gg/729665/natus-vincere-vs-joblife-vct-2026-emea-stage-2-ur1,VCT 2026: EMEA Stage 2
CyvOph,NAVI,1,2,0,0,0,0,0,0,0,33,0,0,Ascent,2026-08-06 14:20:00,https://www.vlr.gg/729665/natus-vincere-vs-joblife-vct-2026-emea-stage-2-ur1,VCT 2026: EMEA Stage 2
chloric,NAVI,2,3,0,0,1,0,0,0,0,55,4,2,Ascent,2026-08-06 14:20:00,https://www.vlr.gg/729665/natus-vincere-vs-joblife-vct-2026-emea-stage-2-ur1,VCT 2026: EMEA Stage 2
Ruxic,NAVI,4,0,0,0,1,0,0,0,0,48,0,0,Ascent,2026-08-06 14:20:00,https://www.vlr.gg/729665/natus-vincere-vs-joblife-vct-2026-emea-stage-2-ur1,VCT 2026: EMEA Stage 2
hiro,NAVI,3,2,0,0,1,0,0,0,0,49,2,0,Ascent,2026-08-06 14:20:00,https://www.vlr.gg/729665/natus-vincere-vs-joblife-vct-2026-emea-stage-2-ur1,VCT 2026: EMEA Stage 2
doma,JL,3,0,0,0,1,1,0,0,0,30,1,1,Ascent,2026-08-06 14:20:00,https://www.vlr.gg/729665/natus-vincere-vs-joblife-vct-2026-emea-stage-2-ur1,VCT 2026: EMEA Stage 2
kamyk,JL,1,3,0,0,1,0,0,0,0,45,1,0,Ascent,2026-08-06 14:20:00,https://www.vlr.gg/729665/natus-vincere-vs-joblife-vct-2026-emea-stage-2-ur1,VCT 2026: EMEA Stage 2
UNFAKE,JL,3,2,0,0,0,0,0,0,0,49,4,0,Ascent,2026-08-06 14:20:00,https://www.vlr.gg/729665/natus-vincere-vs-joblife-vct-2026-emea-stage-2-ur1,VCT 2026: EMEA Stage 2
runneR,JL,0,4,1,0,0,0,0,0,0,68,1,0,Ascent,2026-08-06 14:20:00,https://www.vlr.gg/729665/natus-vincere-vs-joblife-vct-2026-emea-stage-2-ur1,VCT 2026: EMEA Stage 2
Pa1ze,JL,5,0,1,0,0,0,0,0,0,51,1,0,Ascent,2026-08-06 14:20:00,https://www.vlr.gg/729665/natus-vincere-vs-joblife-vct-2026-emea-stage-2-ur1,VCT 2026: EMEA Stage 2
al0rante,PCF,4,2,0,0,1,0,0,0,0,51,1,1,all,2026-08-07 11:00:00,https://www.vlr.gg/729666/pcific-esports-vs-fire-flux-esports-vct-2026-emea-stage-2-ur1,VCT 2026: EMEA Stage 2
qpert,PCF,5,0,0,0,0,0,0,0,0,46,4,0,all,2026-08-07 11:00:00,https://www.vlr.gg/729666/pcific-esports-vs-fire-flux-esports-vct-2026-emea-stage-2-ur1,VCT 2026: EMEA Stage 2
waddle,PCF,6,0,0,0,1,0,0,0,0,54,5,1,all,2026-08-07 11:00:00,https://www.vlr.gg/729666/pcific-esports-vs-fire-flux-esports-vct-2026-emea-stage-2-ur1,VCT 2026: EMEA Stage 2
seven,PCF,8,2,0,0,0,0,0,0,0,64,2,0,all,2026-08-07 11:00:00,https://www.vlr.gg/729666/pcific-esports-vs-fire-flux-esports-vct-2026-emea-stage-2-ur1,VCT 2026: EMEA Stage 2
NINJA,PCF,2,0,0,0,0,0,0,0,0,37,2,0,all,2026-08-07 11:00:00,https://www.vlr.gg/729666/pcific-esports-vs-fire-flux-esports-vct-2026-emea-stage-2-ur1,VCT 2026: EMEA Stage 2
DeadInk,FF,5,4,0,0,0,0,0,0,0,62,1,3,all,2026-08-07 11:00:00,https://www.vlr.gg/729666/pcific-esports-vs-fire-flux-esports-vct-2026-emea-stage-2-ur1,VCT 2026: EMEA Stage 2
reazy,FF,3,1,0,0,1,0,0,0,0,51,1,1,all,2026-08-07 11:00:00,https://www.vlr.gg/729666/pcific-esports-vs-fire-flux-esports-vct-2026-emea-stage-2-ur1,VCT 2026: EMEA Stage 2
batujnax,FF,8,1,1,0,1,1,0,0,0,77,4,3,all,2026-08-07 11:00:00,https://www.vlr.gg/729666/pcific-esports-vs-fire-flux-esports-vct-2026-emea-stage-2-ur1,VCT 2026: EMEA Stage 2
hezacoil,FF,5,0,0,0,1,1,0,0,0,47,3,0,all,2026-08-07 11:00:00,https://www.vlr.gg/729666/pcific-esports-vs-fire-flux-esports-vct-2026-emea-stage-2-ur1,VCT 2026: EMEA Stage 2
Kachoww,FF,8,0,0,1,0,0,0,1,0,55,2,0,all,2026-08-07 11:00:00,https://www.vlr.gg/729666/pcific-esports-vs-fire-flux-esports-vct-2026-emea-stage-2-ur1,VCT 2026: EMEA Stage 2
al0rante,PCF,1,1,0,0,0,0,0,0,0,41,1,1,Summit,2026-08-07 11:00:00,https://www.vlr.gg/729666/pcific-esports-vs-fire-flux-esports-vct-2026-emea-stage-2-ur1,VCT 2026: EMEA Stage 2
qpert,PCF,3,0,0,0,0,0,0,0,0,49,3,0,Summit,2026-08-07 11:00:00,https://www.vlr.gg/729666/pcific-esports-vs-fire-flux-esports-vct-2026-emea-stage-2-ur1,VCT 2026: EMEA Stage 2
waddle,PCF,3,0,0,0,1,0,0,0,0,41,1,0,Summit,2026-08-07 11:00:00,https://www.vlr.gg/729666/pcific-esports-vs-fire-flux-esports-vct-2026-emea-stage-2-ur1,VCT 2026: EMEA Stage 2
seven,PCF,3,1,0,0,0,0,0,0,0,69,2,0,Summit,2026-08-07 11:00:00,https://www.vlr.gg/729666/pcific-esports-vs-fire-flux-esports-vct-2026-emea-stage-2-ur1,VCT 2026: EMEA Stage 2
NINJA,PCF,1,0,0,0,0,0,0,0,0,37,0,0,Summit,2026-08-07 11:00:00,https://www.vlr.gg/729666/pcific-esports-vs-fire-flux-esports-vct-2026-emea-stage-2-ur1,VCT 2026: EMEA Stage 2
DeadInk,FF,2,2,0,0,0,0,0,0,0,68,1,2,Summit,2026-08-07 11:00:00,https://www.vlr.gg/729666/pcific-esports-vs-fire-flux-esports-vct-2026-emea-stage-2-ur1,VCT 2026: EMEA Stage 2
reazy,FF,0,1,0,0,0,0,0,0,0,50,0,0,Summit,2026-08-07 11:00:00,https://www.vlr.gg/729666/pcific-esports-vs-fire-flux-esports-vct-2026-emea-stage-2-ur1,VCT 2026: EMEA Stage 2
batujnax,FF,5,1,1,0,0,1,0,0,0,85,0,3,Summit,2026-08-07 11:00:00,https://www.vlr.gg/729666/pcific-esports-vs-fire-flux-esports-vct-2026-emea-stage-2-ur1,VCT 2026: EMEA Stage 2
hezacoil,FF,2,0,0,0,0,0,0,0,0,48,3,0,Summit,2026-08-07 11:00:00,https://www.vlr.gg/729666/pcific-esports-vs-fire-flux-esports-vct-2026-emea-stage-2-ur1,VCT 2026: EMEA Stage 2
Kachoww,FF,4,0,0,0,0,0,0,1,0,47,0,0,Summit,2026-08-07 11:00:00,https://www.vlr.gg/729666/pcific-esports-vs-fire-flux-esports-vct-2026-emea-stage-2-ur1,VCT 2026: EMEA Stage 2
al0rante,PCF,3,1,0,0,1,0,0,0,0,60,0,0,Split,2026-08-07 11:00:00,https://www.vlr.gg/729666/pcific-esports-vs-fire-flux-esports-vct-2026-emea-stage-2-ur1,VCT 2026: EMEA Stage 2
qpert,PCF,2,0,0,0,0,0,0,0,0,42,1,0,Split,2026-08-07 11:00:00,https://www.vlr.gg/729666/pcific-esports-vs-fire-flux-esports-vct-2026-emea-stage-2-ur1,VCT 2026: EMEA Stage 2
waddle,PCF,3,0,0,0,0,0,0,0,0,66,4,1,Split,2026-08-07 11:00:00,https://www.vlr.gg/729666/pcific-esports-vs-fire-flux-esports-vct-2026-emea-stage-2-ur1,VCT 2026: EMEA Stage 2
seven,PCF,5,1,0,0,0,0,0,0,0,59,0,0,Split,2026-08-07 11:00:00,https://www.vlr.gg/729666/pcific-esports-vs-fire-flux-esports-vct-2026-emea-stage-2-ur1,VCT 2026: EMEA Stage 2
NINJA,PCF,1,0,0,0,0,0,0,0,0,36,2,0,Split,2026-08-07 11:00:00,https://www.vlr.gg/729666/pcific-esports-vs-fire-flux-esports-vct-2026-emea-stage-2-ur1,VCT 2026: EMEA Stage 2
DeadInk,FF,3,2,0,0,0,0,0,0,0,55,0,1,Split,2026-08-07 11:00:00,https://www.vlr.gg/729666/pcific-esports-vs-fire-flux-esports-vct-2026-emea-stage-2-ur1,VCT 2026: EMEA Stage 2
reazy,FF,3,0,0,0,1,0,0,0,0,52,1,1,Split,2026-08-07 11:00:00,https://www.vlr.gg/729666/pcific-esports-vs-fire-flux-esports-vct-2026-emea-stage-2-ur1,VCT 2026: EMEA Stage 2
batujnax,FF,3,0,0,0,1,0,0,0,0,69,4,0,Split,2026-08-07 11:00:00,https://www.vlr.gg/729666/pcific-esports-vs-fire-flux-esports-vct-2026-emea-stage-2-ur1,VCT 2026: EMEA Stage 2
hezacoil,FF,3,0,0,0,1,1,0,0,0,46,0,0,Split,2026-08-07 11:00:00,https://www.vlr.gg/729666/pcific-esports-vs-fire-flux-esports-vct-2026-emea-stage-2-ur1,VCT 2026: EMEA Stage 2
Kachoww,FF,4,0,0,1,0,0,0,0,0,62,2,0,Split,2026-08-07 11:00:00,https://www.vlr.gg/729666/pcific-esports-vs-fire-flux-esports-vct-2026-emea-stage-2-ur1,VCT 2026: EMEA Stage 2
crashies,FNC,8,0,0,0,0,0,1,0,0,51,0,0,all,2026-08-07 13:00:00,https://www.vlr.gg/729667/fnatic-vs-enterprise-esports-vct-2026-emea-stage-2-ur1,VCT 2026: EMEA Stage 2
Boaster,FNC,6,1,0,0,2,0,0,0,0,56,5,2,all,2026-08-07 13:00:00,https://www.vlr.gg/729667/fnatic-vs-enterprise-esports-vct-2026-emea-stage-2-ur1,VCT 2026: EMEA Stage 2
Cloud,FNC,7,2,0,0,1,0,0,0,0,51,10,0,all,2026-08-07 13:00:00,https://www.vlr.gg/729667/fnatic-vs-enterprise-esports-vct-2026-emea-stage-2-ur1,VCT 2026: EMEA Stage 2
kaajak,FNC,10,4,0,0,0,1,0,0,0,55,8,5,all,2026-08-07 13:00:00,https://www.vlr.gg/729667/fnatic-vs-enterprise-esports-vct-2026-emea-stage-2-ur1,VCT 2026: EMEA Stage 2
Alfajer,FNC,8,4,1,0,0,0,0,0,0,44,2,0,all,2026-08-07 13:00:00,https://www.vlr.gg/729667/fnatic-vs-enterprise-esports-vct-2026-emea-stage-2-ur1,VCT 2026: EMEA Stage 2
paTiTek,EP,11,0,0,0,0,0,0,0,0,54,2,0,all,2026-08-07 13:00:00,https://www.vlr.gg/729667/fnatic-vs-enterprise-esports-vct-2026-emea-stage-2-ur1,VCT 2026: EMEA Stage 2
MAGNUM,EP,8,2,0,0,0,0,0,0,0,45,3,1,all,2026-08-07 13:00:00,https://www.vlr.gg/729667/fnatic-vs-enterprise-esports-vct-2026-emea-stage-2-ur1,VCT 2026: EMEA Stage 2
iluri,EP,3,4,0,0,0,0,0,0,0,56,10,1,all,2026-08-07 13:00:00,https://www.vlr.gg/729667/fnatic-vs-enterprise-esports-vct-2026-emea-stage-2-ur1,VCT 2026: EMEA Stage 2
Lime,EP,8,0,0,0,0,0,0,0,0,44,2,2,all,2026-08-07 13:00:00,https://www.vlr.gg/729667/fnatic-vs-enterprise-esports-vct-2026-emea-stage-2-ur1,VCT 2026: EMEA Stage 2
kozzy,EP,9,1,3,0,1,0,0,0,0,60,0,3,all,2026-08-07 13:00:00,https://www.vlr.gg/729667/fnatic-vs-enterprise-esports-vct-2026-emea-stage-2-ur1,VCT 2026: EMEA Stage 2
crashies,FNC,2,0,0,0,0,0,0,0,0,72,0,0,Lotus,2026-08-07 13:00:00,https://www.vlr.gg/729667/fnatic-vs-enterprise-esports-vct-2026-emea-stage-2-ur1,VCT 2026: EMEA Stage 2
Boaster,FNC,3,1,0,0,0,0,0,0,0,89,4,0,Lotus,2026-08-07 13:00:00,https://www.vlr.gg/729667/fnatic-vs-enterprise-esports-vct-2026-emea-stage-2-ur1,VCT 2026: EMEA Stage 2
Cloud,FNC,1,0,0,0,0,0,0,0,0,46,3,0,Lotus,2026-08-07 13:00:00,https://www.vlr.gg/729667/fnatic-vs-enterprise-esports-vct-2026-emea-stage-2-ur1,VCT 2026: EMEA Stage 2
kaajak,FNC,6,1,0,0,0,1,0,0,0,67,4,3,Lotus,2026-08-07 13:00:00,https://www.vlr.gg/729667/fnatic-vs-enterprise-esports-vct-2026-emea-stage-2-ur1,VCT 2026: EMEA Stage 2
Alfajer,FNC,3,1,0,0,0,0,0,0,0,50,0,0,Lotus,2026-08-07 13:00:00,https://www.vlr.gg/729667/fnatic-vs-enterprise-esports-vct-2026-emea-stage-2-ur1,VCT 2026: EMEA Stage 2
paTiTek,EP,2,0,0,0,0,0,0,0,0,46,1,0,Lotus,2026-08-07 13:00:00,https://www.vlr.gg/729667/fnatic-vs-enterprise-esports-vct-2026-emea-stage-2-ur1,VCT 2026: EMEA Stage 2
MAGNUM,EP,1,0,0,0,0,0,0,0,0,42,0,0,Lotus,2026-08-07 13:00:00,https://www.vlr.gg/729667/fnatic-vs-enterprise-esports-vct-2026-emea-stage-2-ur1,VCT 2026: EMEA Stage 2
iluri,EP,0,1,0,0,0,0,0,0,0,51,2,1,Lotus,2026-08-07 13:00:00,https://www.vlr.gg/729667/fnatic-vs-enterprise-esports-vct-2026-emea-stage-2-ur1,VCT 2026: EMEA Stage 2
Lime,EP,1,0,0,0,0,0,0,0,0,29,0,0,Lotus,2026-08-07 13:00:00,https://www.vlr.gg/729667/fnatic-vs-enterprise-esports-vct-2026-emea-stage-2-ur1,VCT 2026: EMEA Stage 2
kozzy,EP,0,1,1,0,0,0,0,0,0,40,0,1,Lotus,2026-08-07 13:00:00,https://www.vlr.gg/729667/fnatic-vs-enterprise-esports-vct-2026-emea-stage-2-ur1,VCT 2026: EMEA Stage 2
crashies,FNC,4,0,0,0,0,0,0,0,0,37,0,0,Split,2026-08-07 13:00:00,https://www.vlr.gg/729667/fnatic-vs-enterprise-esports-vct-2026-emea-stage-2-ur1,VCT 2026: EMEA Stage 2
Boaster,FNC,2,0,0,0,2,0,0,0,0,37,0,2,Split,2026-08-07 13:00:00,https://www.vlr.gg/729667/fnatic-vs-enterprise-esports-vct-2026-emea-stage-2-ur1,VCT 2026: EMEA Stage 2
Cloud,FNC,4,1,0,0,1,0,0,0,0,47,4,0,Split,2026-08-07 13:00:00,https://www.vlr.gg/729667/fnatic-vs-enterprise-esports-vct-2026-emea-stage-2-ur1,VCT 2026: EMEA Stage 2
kaajak,FNC,1,1,0,0,0,0,0,0,0,36,2,0,Split,2026-08-07 13:00:00,https://www.vlr.gg/729667/fnatic-vs-enterprise-esports-vct-2026-emea-stage-2-ur1,VCT 2026: EMEA Stage 2
Alfajer,FNC,4,2,0,0,0,0,0,0,0,50,1,0,Split,2026-08-07 13:00:00,https://www.vlr.gg/729667/fnatic-vs-enterprise-esports-vct-2026-emea-stage-2-ur1,VCT 2026: EMEA Stage 2
paTiTek,EP,5,0,0,0,0,0,0,0,0,63,1,0,Split,2026-08-07 13:00:00,https://www.vlr.gg/729667/fnatic-vs-enterprise-esports-vct-2026-emea-stage-2-ur1,VCT 2026: EMEA Stage 2
MAGNUM,EP,5,1,0,0,0,0,0,0,0,52,1,1,Split,2026-08-07 13:00:00,https://www.vlr.gg/729667/fnatic-vs-enterprise-esports-vct-2026-emea-stage-2-ur1,VCT 2026: EMEA Stage 2
iluri,EP,1,3,0,0,0,0,0,0,0,75,3,0,Split,2026-08-07 13:00:00,https://www.vlr.gg/729667/fnatic-vs-enterprise-esports-vct-2026-emea-stage-2-ur1,VCT 2026: EMEA Stage 2
Lime,EP,4,0,0,0,0,0,0,0,0,48,1,2,Split,2026-08-07 13:00:00,https://www.vlr.gg/729667/fnatic-vs-enterprise-esports-vct-2026-emea-stage-2-ur1,VCT 2026: EMEA Stage 2
kozzy,EP,7,0,1,0,0,0,0,0,0,84,0,1,Split,2026-08-07 13:00:00,https://www.vlr.gg/729667/fnatic-vs-enterprise-esports-vct-2026-emea-stage-2-ur1,VCT 2026: EMEA Stage 2
crashies,FNC,2,0,0,0,0,0,1,0,0,45,0,0,Haven,2026-08-07 13:00:00,https://www.vlr.gg/729667/fnatic-vs-enterprise-esports-vct-2026-emea-stage-2-ur1,VCT 2026: EMEA Stage 2
Boaster,FNC,1,0,0,0,0,0,0,0,0,42,1,0,Haven,2026-08-07 13:00:00,https://www.vlr.gg/729667/fnatic-vs-enterprise-esports-vct-2026-emea-stage-2-ur1,VCT 2026: EMEA Stage 2
Cloud,FNC,2,1,0,0,0,0,0,0,0,59,3,0,Haven,2026-08-07 13:00:00,https://www.vlr.gg/729667/fnatic-vs-enterprise-esports-vct-2026-emea-stage-2-ur1,VCT 2026: EMEA Stage 2
kaajak,FNC,3,2,0,0,0,0,0,0,0,63,2,2,Haven,2026-08-07 13:00:00,https://www.vlr.gg/729667/fnatic-vs-enterprise-esports-vct-2026-emea-stage-2-ur1,VCT 2026: EMEA Stage 2
Alfajer,FNC,1,1,1,0,0,0,0,0,0,32,1,0,Haven,2026-08-07 13:00:00,https://www.vlr.gg/729667/fnatic-vs-enterprise-esports-vct-2026-emea-stage-2-ur1,VCT 2026: EMEA Stage 2
paTiTek,EP,4,0,0,0,0,0,0,0,0,54,0,0,Haven,2026-08-07 13:00:00,https://www.vlr.gg/729667/fnatic-vs-enterprise-esports-vct-2026-emea-stage-2-ur1,VCT 2026: EMEA Stage 2
MAGNUM,EP,2,1,0,0,0,0,0,0,0,41,2,0,Haven,2026-08-07 13:00:00,https://www.vlr.gg/729667/fnatic-vs-enterprise-esports-vct-2026-emea-stage-2-ur1,VCT 2026: EMEA Stage 2
iluri,EP,2,0,0,0,0,0,0,0,0,41,5,0,Haven,2026-08-07 13:00:00,https://www.vlr.gg/729667/fnatic-vs-enterprise-esports-vct-2026-emea-stage-2-ur1,VCT 2026: EMEA Stage 2
Lime,EP,3,0,0,0,0,0,0,0,0,56,1,0,Haven,2026-08-07 13:00:00,https://www.vlr.gg/729667/fnatic-vs-enterprise-esports-vct-2026-emea-stage-2-ur1,VCT 2026: EMEA Stage 2
kozzy,EP,2,0,1,0,1,0,0,0,0,56,0,1,Haven,2026-08-07 13:00:00,https://www.vlr.gg/729667/fnatic-vs-enterprise-esports-vct-2026-emea-stage-2-ur1,VCT 2026: EMEA Stage 2
sociablEE,FUT,4,2,0,0,0,0,0,0,0,46,2,0,all,2026-08-08 11:00:00,https://www.vlr.gg/729668/fut-esports-vs-giantx-vct-2026-emea-stage-2-ubqf,VCT 2026: EMEA Stage 2
yetujey,FUT,4,7,0,0,2,1,0,0,0,63,1,1,all,2026-08-08 11:00:00,https://www.vlr.gg/729668/fut-esports-vs-giantx-vct-2026-emea-stage-2-ubqf,VCT 2026: EMEA Stage 2
xeus,FUT,6,3,0,0,0,0,0,0,0,56,0,2,all,2026-08-08 11:00:00,https://www.vlr.gg/729668/fut-esports-vs-giantx-vct-2026-emea-stage-2-ubqf,VCT 2026: EMEA Stage 2
KROSTALY,FUT,4,0,0,0,1,0,0,0,0,41,11,1,all,2026-08-08 11:00:00,https://www.vlr.gg/729668/fut-esports-vs-giantx-vct-2026-emea-stage-2-ubqf,VCT 2026: EMEA Stage 2
s0pp,FUT,6,3,1,0,0,0,0,0,0,71,2,0,all,2026-08-08 11:00:00,https://www.vlr.gg/729668/fut-esports-vs-giantx-vct-2026-emea-stage-2-ubqf,VCT 2026: EMEA Stage 2
Jesse,GX,6,0,0,0,1,0,0,0,0,31,5,1,all,2026-08-08 11:00:00,https://www.vlr.gg/729668/fut-esports-vs-giantx-vct-2026-emea-stage-2-ubqf,VCT 2026: EMEA Stage 2
neT,GX,6,0,0,0,0,0,0,0,0,60,6,1,all,2026-08-08 11:00:00,https://www.vlr.gg/729668/fut-esports-vs-giantx-vct-2026-emea-stage-2-ubqf,VCT 2026: EMEA Stage 2
Flickless,GX,2,2,1,0,0,0,0,0,0,50,1,1,all,2026-08-08 11:00:00,https://www.vlr.gg/729668/fut-esports-vs-giantx-vct-2026-emea-stage-2-ubqf,VCT 2026: EMEA Stage 2
ara,GX,6,2,2,0,0,0,0,0,0,57,1,0,all,2026-08-08 11:00:00,https://www.vlr.gg/729668/fut-esports-vs-giantx-vct-2026-emea-stage-2-ubqf,VCT 2026: EMEA Stage 2
westside,GX,5,0,0,0,0,0,0,0,0,39,2,0,all,2026-08-08 11:00:00,https://www.vlr.gg/729668/fut-esports-vs-giantx-vct-2026-emea-stage-2-ubqf,VCT 2026: EMEA Stage 2
sociablEE,FUT,1,1,0,0,0,0,0,0,0,38,0,0,Split,2026-08-08 11:00:00,https://www.vlr.gg/729668/fut-esports-vs-giantx-vct-2026-emea-stage-2-ubqf,VCT 2026: EMEA Stage 2
yetujey,FUT,1,2,0,0,0,0,0,0,0,61,0,0,Split,2026-08-08 11:00:00,https://www.vlr.gg/729668/fut-esports-vs-giantx-vct-2026-emea-stage-2-ubqf,VCT 2026: EMEA Stage 2
xeus,FUT,3,2,0,0,0,0,0,0,0,67,0,1,Split,2026-08-08 11:00:00,https://www.vlr.gg/729668/fut-esports-vs-giantx-vct-2026-emea-stage-2-ubqf,VCT 2026: EMEA Stage 2
KROSTALY,FUT,2,0,0,0,1,0,0,0,0,41,6,1,Split,2026-08-08 11:00:00,https://www.vlr.gg/729668/fut-esports-vs-giantx-vct-2026-emea-stage-2-ubqf,VCT 2026: EMEA Stage 2
s0pp,FUT,1,3,0,0,0,0,0,0,0,73,0,0,Split,2026-08-08 11:00:00,https://www.vlr.gg/729668/fut-esports-vs-giantx-vct-2026-emea-stage-2-ubqf,VCT 2026: EMEA Stage 2
Jesse,GX,3,0,0,0,0,0,0,0,0,35,1,0,Split,2026-08-08 11:00:00,https://www.vlr.gg/729668/fut-esports-vs-giantx-vct-2026-emea-stage-2-ubqf,VCT 2026: EMEA Stage 2
neT,GX,3,0,0,0,0,0,0,0,0,50,4,0,Split,2026-08-08 11:00:00,https://www.vlr.gg/729668/fut-esports-vs-giantx-vct-2026-emea-stage-2-ubqf,VCT 2026: EMEA Stage 2
Flickless,GX,0,0,1,0,0,0,0,0,0,49,1,0,Split,2026-08-08 11:00:00,https://www.vlr.gg/729668/fut-esports-vs-giantx-vct-2026-emea-stage-2-ubqf,VCT 2026: EMEA Stage 2
ara,GX,2,0,1,0,0,0,0,0,0,53,0,0,Split,2026-08-08 11:00:00,https://www.vlr.gg/729668/fut-esports-vs-giantx-vct-2026-emea-stage-2-ubqf,VCT 2026: EMEA Stage 2
westside,GX,3,0,0,0,0,0,0,0,0,42,2,0,Split,2026-08-08 11:00:00,https://www.vlr.gg/729668/fut-esports-vs-giantx-vct-2026-emea-stage-2-ubqf,VCT 2026: EMEA Stage 2
sociablEE,FUT,3,1,0,0,0,0,0,0,0,53,2,0,Sunset,2026-08-08 11:00:00,https://www.vlr.gg/729668/fut-esports-vs-giantx-vct-2026-emea-stage-2-ubqf,VCT 2026: EMEA Stage 2
yetujey,FUT,3,5,0,0,2,1,0,0,0,64,1,1,Sunset,2026-08-08 11:00:00,https://www.vlr.gg/729668/fut-esports-vs-giantx-vct-2026-emea-stage-2-ubqf,VCT 2026: EMEA Stage 2
xeus,FUT,3,1,0,0,0,0,0,0,0,45,0,1,Sunset,2026-08-08 11:00:00,https://www.vlr.gg/729668/fut-esports-vs-giantx-vct-2026-emea-stage-2-ubqf,VCT 2026: EMEA Stage 2
KROSTALY,FUT,2,0,0,0,0,0,0,0,0,41,5,0,Sunset,2026-08-08 11:00:00,https://www.vlr.gg/729668/fut-esports-vs-giantx-vct-2026-emea-stage-2-ubqf,VCT 2026: EMEA Stage 2
s0pp,FUT,5,0,1,0,0,0,0,0,0,68,2,0,Sunset,2026-08-08 11:00:00,https://www.vlr.gg/729668/fut-esports-vs-giantx-vct-2026-emea-stage-2-ubqf,VCT 2026: EMEA Stage 2
Jesse,GX,3,0,0,0,1,0,0,0,0,27,4,1,Sunset,2026-08-08 11:00:00,https://www.vlr.gg/729668/fut-esports-vs-giantx-vct-2026-emea-stage-2-ubqf,VCT 2026: EMEA Stage 2
neT,GX,3,0,0,0,0,0,0,0,0,69,2,1,Sunset,2026-08-08 11:00:00,https://www.vlr.gg/729668/fut-esports-vs-giantx-vct-2026-emea-stage-2-ubqf,VCT 2026: EMEA Stage 2
Flickless,GX,2,2,0,0,0,0,0,0,0,51,0,1,Sunset,2026-08-08 11:00:00,https://www.vlr.gg/729668/fut-esports-vs-giantx-vct-2026-emea-stage-2-ubqf,VCT 2026: EMEA Stage 2
ara,GX,4,2,1,0,0,0,0,0,0,60,1,0,Sunset,2026-08-08 11:00:00,https://www.vlr.gg/729668/fut-esports-vs-giantx-vct-2026-emea-stage-2-ubqf,VCT 2026: EMEA Stage 2
westside,GX,2,0,0,0,0,0,0,0,0,35,0,0,Sunset,2026-08-08 11:00:00,https://www.vlr.gg/729668/fut-esports-vs-giantx-vct-2026-emea-stage-2-ubqf,VCT 2026: EMEA Stage 2
nekky,EF,9,1,0,0,0,0,0,0,0,45,15,0,all,2026-08-08 13:00:00,https://www.vlr.gg/729669/eternal-fire-vs-joblife-vct-2026-emea-stage-2-ubqf,VCT 2026: EMEA Stage 2
audaz,EF,2,1,1,1,1,0,1,0,0,44,5,1,all,2026-08-08 13:00:00,https://www.vlr.gg/729669/eternal-fire-vs-joblife-vct-2026-emea-stage-2-ubqf,VCT 2026: EMEA Stage 2
Spear,EF,6,2,0,2,0,0,0,0,0,48,6,1,all,2026-08-08 13:00:00,https://www.vlr.gg/729669/eternal-fire-vs-joblife-vct-2026-emea-stage-2-ubqf,VCT 2026: EMEA Stage 2
Favian,EF,11,6,0,0,0,0,0,0,0,59,0,0,all,2026-08-08 13:00:00,https://www.vlr.gg/729669/eternal-fire-vs-joblife-vct-2026-emea-stage-2-ubqf,VCT 2026: EMEA Stage 2
echo,EF,8,2,0,0,0,0,0,0,0,52,1,0,all,2026-08-08 13:00:00,https://www.vlr.gg/729669/eternal-fire-vs-joblife-vct-2026-emea-stage-2-ubqf,VCT 2026: EMEA Stage 2
doma,JL,12,1,0,0,0,0,0,0,0,48,1,2,all,2026-08-08 13:00:00,https://www.vlr.gg/729669/eternal-fire-vs-joblife-vct-2026-emea-stage-2-ubqf,VCT 2026: EMEA Stage 2
kamyk,JL,8,3,0,0,2,0,0,0,0,55,3,0,all,2026-08-08 13:00:00,https://www.vlr.gg/729669/eternal-fire-vs-joblife-vct-2026-emea-stage-2-ubqf,VCT 2026: EMEA Stage 2
UNFAKE,JL,4,2,0,0,0,0,0,0,0,43,7,1,all,2026-08-08 13:00:00,https://www.vlr.gg/729669/eternal-fire-vs-joblife-vct-2026-emea-stage-2-ubqf,VCT 2026: EMEA Stage 2
runneR,JL,8,3,0,0,0,1,0,0,0,57,2,1,all,2026-08-08 13:00:00,https://www.vlr.gg/729669/eternal-fire-vs-joblife-vct-2026-emea-stage-2-ubqf,VCT 2026: EMEA Stage 2
Pa1ze,JL,9,3,0,0,1,0,0,0,0,44,2,3,all,2026-08-08 13:00:00,https://www.vlr.gg/729669/eternal-fire-vs-joblife-vct-2026-emea-stage-2-ubqf,VCT 2026: EMEA Stage 2
nekky,EF,3,1,0,0,0,0,0,0,0,37,4,0,Lotus,2026-08-08 13:00:00,https://www.vlr.gg/729669/eternal-fire-vs-joblife-vct-2026-emea-stage-2-ubqf,VCT 2026: EMEA Stage 2
audaz,EF,2,0,0,0,0,0,0,0,0,44,2,0,Lotus,2026-08-08 13:00:00,https://www.vlr.gg/729669/eternal-fire-vs-joblife-vct-2026-emea-stage-2-ubqf,VCT 2026: EMEA Stage 2
Spear,EF,2,0,0,0,0,0,0,0,0,43,2,0,Lotus,2026-08-08 13:00:00,https://www.vlr.gg/729669/eternal-fire-vs-joblife-vct-2026-emea-stage-2-ubqf,VCT 2026: EMEA Stage 2
Favian,EF,2,3,0,0,0,0,0,0,0,69,0,0,Lotus,2026-08-08 13:00:00,https://www.vlr.gg/729669/eternal-fire-vs-joblife-vct-2026-emea-stage-2-ubqf,VCT 2026: EMEA Stage 2
echo,EF,3,0,0,0,0,0,0,0,0,60,0,0,Lotus,2026-08-08 13:00:00,https://www.vlr.gg/729669/eternal-fire-vs-joblife-vct-2026-emea-stage-2-ubqf,VCT 2026: EMEA Stage 2
doma,JL,5,1,0,0,0,0,0,0,0,46,0,1,Lotus,2026-08-08 13:00:00,https://www.vlr.gg/729669/eternal-fire-vs-joblife-vct-2026-emea-stage-2-ubqf,VCT 2026: EMEA Stage 2
kamyk,JL,3,0,0,0,0,0,0,0,0,42,2,0,Lotus,2026-08-08 13:00:00,https://www.vlr.gg/729669/eternal-fire-vs-joblife-vct-2026-emea-stage-2-ubqf,VCT 2026: EMEA Stage 2
UNFAKE,JL,1,0,0,0,0,0,0,0,0,37,3,0,Lotus,2026-08-08 13:00:00,https://www.vlr.gg/729669/eternal-fire-vs-joblife-vct-2026-emea-stage-2-ubqf,VCT 2026: EMEA Stage 2
runneR,JL,2,3,0,0,0,1,0,0,0,63,0,1,Lotus,2026-08-08 13:00:00,https://www.vlr.gg/729669/eternal-fire-vs-joblife-vct-2026-emea-stage-2-ubqf,VCT 2026: EMEA Stage 2
Pa1ze,JL,5,2,0,0,0,0,0,0,0,66,0,1,Lotus,2026-08-08 13:00:00,https://www.vlr.gg/729669/eternal-fire-vs-joblife-vct-2026-emea-stage-2-ubqf,VCT 2026: EMEA Stage 2
nekky,EF,4,0,0,0,0,0,0,0,0,39,5,0,Split,2026-08-08 13:00:00,https://www.vlr.gg/729669/eternal-fire-vs-joblife-vct-2026-emea-stage-2-ubqf,VCT 2026: EMEA Stage 2
audaz,EF,0,0,0,1,1,0,0,0,0,39,0,0,Split,2026-08-08 13:00:00,https://www.vlr.gg/729669/eternal-fire-vs-joblife-vct-2026-emea-stage-2-ubqf,VCT 2026: EMEA Stage 2
Spear,EF,2,1,0,2,0,0,0,0,0,58,4,1,Split,2026-08-08 13:00:00,https://www.vlr.gg/729669/eternal-fire-vs-joblife-vct-2026-emea-stage-2-ubqf,VCT 2026: EMEA Stage 2
Favian,EF,3,1,0,0,0,0,0,0,0,39,0,0,Split,2026-08-08 13:00:00,https://www.vlr.gg/729669/eternal-fire-vs-joblife-vct-2026-emea-stage-2-ubqf,VCT 2026: EMEA Stage 2
echo,EF,3,1,0,0,0,0,0,0,0,55,0,0,Split,2026-08-08 13:00:00,https://www.vlr.gg/729669/eternal-fire-vs-joblife-vct-2026-emea-stage-2-ubqf,VCT 2026: EMEA Stage 2
doma,JL,4,0,0,0,0,0,0,0,0,43,0,1,Split,2026-08-08 13:00:00,https://www.vlr.gg/729669/eternal-fire-vs-joblife-vct-2026-emea-stage-2-ubqf,VCT 2026: EMEA Stage 2
kamyk,JL,1,3,0,0,2,0,0,0,0,62,0,0,Split,2026-08-08 13:00:00,https://www.vlr.gg/729669/eternal-fire-vs-joblife-vct-2026-emea-stage-2-ubqf,VCT 2026: EMEA Stage 2
UNFAKE,JL,2,2,0,0,0,0,0,0,0,58,4,1,Split,2026-08-08 13:00:00,https://www.vlr.gg/729669/eternal-fire-vs-joblife-vct-2026-emea-stage-2-ubqf,VCT 2026: EMEA Stage 2
runneR,JL,1,0,0,0,0,0,0,0,0,37,0,0,Split,2026-08-08 13:00:00,https://www.vlr.gg/729669/eternal-fire-vs-joblife-vct-2026-emea-stage-2-ubqf,VCT 2026: EMEA Stage 2
Pa1ze,JL,2,1,0,0,1,0,0,0,0,37,1,1,Split,2026-08-08 13:00:00,https://www.vlr.gg/729669/eternal-fire-vs-joblife-vct-2026-emea-stage-2-ubqf,VCT 2026: EMEA Stage 2
nekky,EF,2,0,0,0,0,0,0,0,0,59,6,0,Ascent,2026-08-08 13:00:00,https://www.vlr.gg/729669/eternal-fire-vs-joblife-vct-2026-emea-stage-2-ubqf,VCT 2026: EMEA Stage 2
audaz,EF,0,1,1,0,0,0,1,0,0,48,3,1,Ascent,2026-08-08 13:00:00,https://www.vlr.gg/729669/eternal-fire-vs-joblife-vct-2026-emea-stage-2-ubqf,VCT 2026: EMEA Stage 2
Spear,EF,2,1,0,0,0,0,0,0,0,42,0,0,Ascent,2026-08-08 13:00:00,https://www.vlr.gg/729669/eternal-fire-vs-joblife-vct-2026-emea-stage-2-ubqf,VCT 2026: EMEA Stage 2
Favian,EF,6,2,0,0,0,0,0,0,0,68,0,0,Ascent,2026-08-08 13:00:00,https://www.vlr.gg/729669/eternal-fire-vs-joblife-vct-2026-emea-stage-2-ubqf,VCT 2026: EMEA Stage 2
echo,EF,2,1,0,0,0,0,0,0,0,41,1,0,Ascent,2026-08-08 13:00:00,https://www.vlr.gg/729669/eternal-fire-vs-joblife-vct-2026-emea-stage-2-ubqf,VCT 2026: EMEA Stage 2
doma,JL,3,0,0,0,0,0,0,0,0,56,1,0,Ascent,2026-08-08 13:00:00,https://www.vlr.gg/729669/eternal-fire-vs-joblife-vct-2026-emea-stage-2-ubqf,VCT 2026: EMEA Stage 2
kamyk,JL,4,0,0,0,0,0,0,0,0,62,1,0,Ascent,2026-08-08 13:00:00,https://www.vlr.gg/729669/eternal-fire-vs-joblife-vct-2026-emea-stage-2-ubqf,VCT 2026: EMEA Stage 2
UNFAKE,JL,1,0,0,0,0,0,0,0,0,34,0,0,Ascent,2026-08-08 13:00:00,https://www.vlr.gg/729669/eternal-fire-vs-joblife-vct-2026-emea-stage-2-ubqf,VCT 2026: EMEA Stage 2
runneR,JL,5,0,0,0,0,0,0,0,0,71,2,0,Ascent,2026-08-08 13:00:00,https://www.vlr.gg/729669/eternal-fire-vs-joblife-vct-2026-emea-stage-2-ubqf,VCT 2026: EMEA Stage 2
Pa1ze,JL,2,0,0,0,0,0,0,0,0,30,1,1,Ascent,2026-08-08 13:00:00,https://www.vlr.gg/729669/eternal-fire-vs-joblife-vct-2026-emea-stage-2-ubqf,VCT 2026: EMEA Stage 2
Boo,TH,6,1,2,0,0,0,2,0,0,57,6,2,all,2026-08-09 11:00:00,https://www.vlr.gg/729670/team-heretics-vs-fire-flux-esports-vct-2026-emea-stage-2-ubqf,VCT 2026: EMEA Stage 2
RieNs,TH,5,2,0,1,1,1,0,0,0,55,6,2,all,2026-08-09 11:00:00,https://www.vlr.gg/729670/team-heretics-vs-fire-flux-esports-vct-2026-emea-stage-2-ubqf,VCT 2026: EMEA Stage 2
Wo0t,TH,8,2,1,0,0,0,1,0,0,47,1,0,all,2026-08-09 11:00:00,https://www.vlr.gg/729670/team-heretics-vs-fire-flux-esports-vct-2026-emea-stage-2-ubqf,VCT 2026: EMEA Stage 2
koshmaras,TH,6,2,0,0,2,0,0,0,0,41,1,1,all,2026-08-09 11:00:00,https://www.vlr.gg/729670/team-heretics-vs-fire-flux-esports-vct-2026-emea-stage-2-ubqf,VCT 2026: EMEA Stage 2
benjyfishy,TH,7,2,0,0,0,0,0,0,0,44,3,0,all,2026-08-09 11:00:00,https://www.vlr.gg/729670/team-heretics-vs-fire-flux-esports-vct-2026-emea-stage-2-ubqf,VCT 2026: EMEA Stage 2
DeadInk,FF,5,1,2,0,1,0,0,0,0,48,1,0,all,2026-08-09 11:00:00,https://www.vlr.gg/729670/team-heretics-vs-fire-flux-esports-vct-2026-emea-stage-2-ubqf,VCT 2026: EMEA Stage 2
reazy,FF,2,0,0,0,0,0,0,0,0,36,2,1,all,2026-08-09 11:00:00,https://www.vlr.gg/729670/team-heretics-vs-fire-flux-esports-vct-2026-emea-stage-2-ubqf,VCT 2026: EMEA Stage 2
batujnax,FF,13,1,1,0,0,0,0,0,0,64,9,2,all,2026-08-09 11:00:00,https://www.vlr.gg/729670/team-heretics-vs-fire-flux-esports-vct-2026-emea-stage-2-ubqf,VCT 2026: EMEA Stage 2
hezacoil,FF,6,3,2,0,0,1,0,0,0,54,3,1,all,2026-08-09 11:00:00,https://www.vlr.gg/729670/team-heretics-vs-fire-flux-esports-vct-2026-emea-stage-2-ubqf,VCT 2026: EMEA Stage 2
Kachoww,FF,11,4,1,1,1,0,0,0,0,81,3,0,all,2026-08-09 11:00:00,https://www.vlr.gg/729670/team-heretics-vs-fire-flux-esports-vct-2026-emea-stage-2-ubqf,VCT 2026: EMEA Stage 2
Boo,TH,4,1,1,0,0,0,1,0,0,98,5,0,Summit,2026-08-09 11:00:00,https://www.vlr.gg/729670/team-heretics-vs-fire-flux-esports-vct-2026-emea-stage-2-ubqf,VCT 2026: EMEA Stage 2
RieNs,TH,1,0,0,0,1,0,0,0,0,45,2,2,Summit,2026-08-09 11:00:00,https://www.vlr.gg/729670/team-heretics-vs-fire-flux-esports-vct-2026-emea-stage-2-ubqf,VCT 2026: EMEA Stage 2
Wo0t,TH,7,1,0,0,0,0,1,0,0,73,1,0,Summit,2026-08-09 11:00:00,https://www.vlr.gg/729670/team-heretics-vs-fire-flux-esports-vct-2026-emea-stage-2-ubqf,VCT 2026: EMEA Stage 2
koshmaras,TH,1,2,0,0,1,0,0,0,0,38,0,1,Summit,2026-08-09 11:00:00,https://www.vlr.gg/729670/team-heretics-vs-fire-flux-esports-vct-2026-emea-stage-2-ubqf,VCT 2026: EMEA Stage 2
benjyfishy,TH,4,0,0,0,0,0,0,0,0,40,0,0,Summit,2026-08-09 11:00:00,https://www.vlr.gg/729670/team-heretics-vs-fire-flux-esports-vct-2026-emea-stage-2-ubqf,VCT 2026: EMEA Stage 2
DeadInk,FF,1,0,0,0,0,0,0,0,0,26,1,0,Summit,2026-08-09 11:00:00,https://www.vlr.gg/729670/team-heretics-vs-fire-flux-esports-vct-2026-emea-stage-2-ubqf,VCT 2026: EMEA Stage 2
reazy,FF,0,0,0,0,0,0,0,0,0,26,1,0,Summit,2026-08-09 11:00:00,https://www.vlr.gg/729670/team-heretics-vs-fire-flux-esports-vct-2026-emea-stage-2-ubqf,VCT 2026: EMEA Stage 2
batujnax,FF,6,0,0,0,0,0,0,0,0,59,6,1,Summit,2026-08-09 11:00:00,https://www.vlr.gg/729670/team-heretics-vs-fire-flux-esports-vct-2026-emea-stage-2-ubqf,VCT 2026: EMEA Stage 2
hezacoil,FF,2,2,0,0,0,0,0,0,0,51,2,0,Summit,2026-08-09 11:00:00,https://www.vlr.gg/729670/team-heretics-vs-fire-flux-esports-vct-2026-emea-stage-2-ubqf,VCT 2026: EMEA Stage 2
Kachoww,FF,3,2,0,0,1,0,0,0,0,75,0,0,Summit,2026-08-09 11:00:00,https://www.vlr.gg/729670/team-heretics-vs-fire-flux-esports-vct-2026-emea-stage-2-ubqf,VCT 2026: EMEA Stage 2
Boo,TH,1,0,0,0,0,0,0,0,0,44,1,0,Sunset,2026-08-09 11:00:00,https://www.vlr.gg/729670/team-heretics-vs-fire-flux-esports-vct-2026-emea-stage-2-ubqf,VCT 2026: EMEA Stage 2
RieNs,TH,2,0,0,1,0,1,0,0,0,64,1,0,Sunset,2026-08-09 11:00:00,https://www.vlr.gg/729670/team-heretics-vs-fire-flux-esports-vct-2026-emea-stage-2-ubqf,VCT 2026: EMEA Stage 2
Wo0t,TH,0,0,0,0,0,0,0,0,0,30,0,0,Sunset,2026-08-09 11:00:00,https://www.vlr.gg/729670/team-heretics-vs-fire-flux-esports-vct-2026-emea-stage-2-ubqf,VCT 2026: EMEA Stage 2
koshmaras,TH,2,0,0,0,0,0,0,0,0,33,0,0,Sunset,2026-08-09 11:00:00,https://www.vlr.gg/729670/team-heretics-vs-fire-flux-esports-vct-2026-emea-stage-2-ubqf,VCT 2026: EMEA Stage 2
benjyfishy,TH,1,0,0,0,0,0,0,0,0,30,2,0,Sunset,2026-08-09 11:00:00,https://www.vlr.gg/729670/team-heretics-vs-fire-flux-esports-vct-2026-emea-stage-2-ubqf,VCT 2026: EMEA Stage 2
DeadInk,FF,3,0,1,0,1,0,0,0,0,71,0,0,Sunset,2026-08-09 11:00:00,https://www.vlr.gg/729670/team-heretics-vs-fire-flux-esports-vct-2026-emea-stage-2-ubqf,VCT 2026: EMEA Stage 2
reazy,FF,1,0,0,0,0,0,0,0,0,33,0,0,Sunset,2026-08-09 11:00:00,https://www.vlr.gg/729670/team-heretics-vs-fire-flux-esports-vct-2026-emea-stage-2-ubqf,VCT 2026: EMEA Stage 2
batujnax,FF,3,0,0,0,0,0,0,0,0,72,0,1,Sunset,2026-08-09 11:00:00,https://www.vlr.gg/729670/team-heretics-vs-fire-flux-esports-vct-2026-emea-stage-2-ubqf,VCT 2026: EMEA Stage 2
hezacoil,FF,2,1,1,0,0,1,0,0,0,52,0,1,Sunset,2026-08-09 11:00:00,https://www.vlr.gg/729670/team-heretics-vs-fire-flux-esports-vct-2026-emea-stage-2-ubqf,VCT 2026: EMEA Stage 2
Kachoww,FF,5,2,1,1,0,0,0,0,0,116,2,0,Sunset,2026-08-09 11:00:00,https://www.vlr.gg/729670/team-heretics-vs-fire-flux-esports-vct-2026-emea-stage-2-ubqf,VCT 2026: EMEA Stage 2
Boo,TH,1,0,1,0,0,0,1,0,0,28,0,2,Ascent,2026-08-09 11:00:00,https://www.vlr.gg/729670/team-heretics-vs-fire-flux-esports-vct-2026-emea-stage-2-ubqf,VCT 2026: EMEA Stage 2
RieNs,TH,2,2,0,0,0,0,0,0,0,57,3,0,Ascent,2026-08-09 11:00:00,https://www.vlr.gg/729670/team-heretics-vs-fire-flux-esports-vct-2026-emea-stage-2-ubqf,VCT 2026: EMEA Stage 2
Wo0t,TH,1,1,1,0,0,0,0,0,0,39,0,0,Ascent,2026-08-09 11:00:00,https://www.vlr.gg/729670/team-heretics-vs-fire-flux-esports-vct-2026-emea-stage-2-ubqf,VCT 2026: EMEA Stage 2
koshmaras,TH,3,0,0,0,1,0,0,0,0,52,1,0,Ascent,2026-08-09 11:00:00,https://www.vlr.gg/729670/team-heretics-vs-fire-flux-esports-vct-2026-emea-stage-2-ubqf,VCT 2026: EMEA Stage 2
benjyfishy,TH,2,2,0,0,0,0,0,0,0,61,1,0,Ascent,2026-08-09 11:00:00,https://www.vlr.gg/729670/team-heretics-vs-fire-flux-esports-vct-2026-emea-stage-2-ubqf,VCT 2026: EMEA Stage 2
DeadInk,FF,1,1,1,0,0,0,0,0,0,46,0,0,Ascent,2026-08-09 11:00:00,https://www.vlr.gg/729670/team-heretics-vs-fire-flux-esports-vct-2026-emea-stage-2-ubqf,VCT 2026: EMEA Stage 2
reazy,FF,1,0,0,0,0,0,0,0,0,49,1,1,Ascent,2026-08-09 11:00:00,https://www.vlr.gg/729670/team-heretics-vs-fire-flux-esports-vct-2026-emea-stage-2-ubqf,VCT 2026: EMEA Stage 2
batujnax,FF,4,1,1,0,0,0,0,0,0,60,3,0,Ascent,2026-08-09 11:00:00,https://www.vlr.gg/729670/team-heretics-vs-fire-flux-esports-vct-2026-emea-stage-2-ubqf,VCT 2026: EMEA Stage 2
hezacoil,FF,2,0,1,0,0,0,0,0,0,60,1,0,Ascent,2026-08-09 11:00:00,https://www.vlr.gg/729670/team-heretics-vs-fire-flux-esports-vct-2026-emea-stage-2-ubqf,VCT 2026: EMEA Stage 2
Kachoww,FF,3,0,0,0,0,0,0,0,0,52,1,0,Ascent,2026-08-09 11:00:00,https://www.vlr.gg/729670/team-heretics-vs-fire-flux-esports-vct-2026-emea-stage-2-ubqf,VCT 2026: EMEA Stage 2
starxo,M8,6,0,0,0,0,0,0,0,0,46,2,3,all,2026-08-09 14:05:00,https://www.vlr.gg/729671/gentle-mates-vs-enterprise-esports-vct-2026-emea-stage-2-ubqf,VCT 2026: EMEA Stage 2
H1ber,M8,6,3,0,0,2,1,0,0,0,49,1,2,all,2026-08-09 14:05:00,https://www.vlr.gg/729671/gentle-mates-vs-enterprise-esports-vct-2026-emea-stage-2-ubqf,VCT 2026: EMEA Stage 2
marteen,M8,2,3,0,0,0,0,0,0,0,47,0,0,all,2026-08-09 14:05:00,https://www.vlr.gg/729671/gentle-mates-vs-enterprise-esports-vct-2026-emea-stage-2-ubqf,VCT 2026: EMEA Stage 2
Minny,M8,4,0,1,0,1,0,0,0,0,39,1,0,all,2026-08-09 14:05:00,https://www.vlr.gg/729671/gentle-mates-vs-enterprise-esports-vct-2026-emea-stage-2-ubqf,VCT 2026: EMEA Stage 2
Proxh,M8,2,0,0,0,0,0,0,0,0,42,4,0,all,2026-08-09 14:05:00,https://www.vlr.gg/729671/gentle-mates-vs-enterprise-esports-vct-2026-emea-stage-2-ubqf,VCT 2026: EMEA Stage 2
paTiTek,EP,5,1,1,0,1,1,0,0,0,48,4,1,all,2026-08-09 14:05:00,https://www.vlr.gg/729671/gentle-mates-vs-enterprise-esports-vct-2026-emea-stage-2-ubqf,VCT 2026: EMEA Stage 2
MAGNUM,EP,5,3,1,0,0,1,0,0,0,63,1,0,all,2026-08-09 14:05:00,https://www.vlr.gg/729671/gentle-mates-vs-enterprise-esports-vct-2026-emea-stage-2-ubqf,VCT 2026: EMEA Stage 2
iluri,EP,2,2,1,0,0,0,1,0,0,65,10,1,all,2026-08-09 14:05:00,https://www.vlr.gg/729671/gentle-mates-vs-enterprise-esports-vct-2026-emea-stage-2-ubqf,VCT 2026: EMEA Stage 2
Lime,EP,4,2,0,0,0,0,0,0,0,46,1,0,all,2026-08-09 14:05:00,https://www.vlr.gg/729671/gentle-mates-vs-enterprise-esports-vct-2026-emea-stage-2-ubqf,VCT 2026: EMEA Stage 2
kozzy,EP,7,2,2,1,2,0,0,0,0,76,1,1,all,2026-08-09 14:05:00,https://www.vlr.gg/729671/gentle-mates-vs-enterprise-esports-vct-2026-emea-stage-2-ubqf,VCT 2026: EMEA Stage 2
starxo,M8,4,0,0,0,0,0,0,0,0,56,1,2,Summit,2026-08-09 14:05:00,https://www.vlr.gg/729671/gentle-mates-vs-enterprise-esports-vct-2026-emea-stage-2-ubqf,VCT 2026: EMEA Stage 2
H1ber,M8,4,0,0,0,1,0,0,0,0,40,0,1,Summit,2026-08-09 14:05:00,https://www.vlr.gg/729671/gentle-mates-vs-enterprise-esports-vct-2026-emea-stage-2-ubqf,VCT 2026: EMEA Stage 2
marteen,M8,0,1,0,0,0,0,0,0,0,37,0,0,Summit,2026-08-09 14:05:00,https://www.vlr.gg/729671/gentle-mates-vs-enterprise-esports-vct-2026-emea-stage-2-ubqf,VCT 2026: EMEA Stage 2
Minny,M8,2,0,1,0,0,0,0,0,0,38,0,0,Summit,2026-08-09 14:05:00,https://www.vlr.gg/729671/gentle-mates-vs-enterprise-esports-vct-2026-emea-stage-2-ubqf,VCT 2026: EMEA Stage 2
Proxh,M8,2,0,0,0,0,0,0,0,0,49,3,0,Summit,2026-08-09 14:05:00,https://www.vlr.gg/729671/gentle-mates-vs-enterprise-esports-vct-2026-emea-stage-2-ubqf,VCT 2026: EMEA Stage 2
paTiTek,EP,3,0,1,0,1,1,0,0,0,47,3,1,Summit,2026-08-09 14:05:00,https://www.vlr.gg/729671/gentle-mates-vs-enterprise-esports-vct-2026-emea-stage-2-ubqf,VCT 2026: EMEA Stage 2
MAGNUM,EP,1,2,1,0,0,0,0,0,0,61,0,0,Summit,2026-08-09 14:05:00,https://www.vlr.gg/729671/gentle-mates-vs-enterprise-esports-vct-2026-emea-stage-2-ubqf,VCT 2026: EMEA Stage 2
iluri,EP,1,0,0,0,0,0,0,0,0,45,3,0,Summit,2026-08-09 14:05:00,https://www.vlr.gg/729671/gentle-mates-vs-enterprise-esports-vct-2026-emea-stage-2-ubqf,VCT 2026: EMEA Stage 2
Lime,EP,1,2,0,0,0,0,0,0,0,43,1,0,Summit,2026-08-09 14:05:00,https://www.vlr.gg/729671/gentle-mates-vs-enterprise-esports-vct-2026-emea-stage-2-ubqf,VCT 2026: EMEA Stage 2
kozzy,EP,3,1,2,1,1,0,0,0,0,86,0,1,Summit,2026-08-09 14:05:00,https://www.vlr.gg/729671/gentle-mates-vs-enterprise-esports-vct-2026-emea-stage-2-ubqf,VCT 2026: EMEA Stage 2
starxo,M8,2,0,0,0,0,0,0,0,0,35,1,1,Lotus,2026-08-09 14:05:00,https://www.vlr.gg/729671/gentle-mates-vs-enterprise-esports-vct-2026-emea-stage-2-ubqf,VCT 2026: EMEA Stage 2
H1ber,M8,2,3,0,0,1,1,0,0,0,58,1,1,Lotus,2026-08-09 14:05:00,https://www.vlr.gg/729671/gentle-mates-vs-enterprise-esports-vct-2026-emea-stage-2-ubqf,VCT 2026: EMEA Stage 2
marteen,M8,2,2,0,0,0,0,0,0,0,57,0,0,Lotus,2026-08-09 14:05:00,https://www.vlr.gg/729671/gentle-mates-vs-enterprise-esports-vct-2026-emea-stage-2-ubqf,VCT 2026: EMEA Stage 2
Minny,M8,2,0,0,0,1,0,0,0,0,40,1,0,Lotus,2026-08-09 14:05:00,https://www.vlr.gg/729671/gentle-mates-vs-enterprise-esports-vct-2026-emea-stage-2-ubqf,VCT 2026: EMEA Stage 2
Proxh,M8,0,0,0,0,0,0,0,0,0,35,1,0,Lotus,2026-08-09 14:05:00,https://www.vlr.gg/729671/gentle-mates-vs-enterprise-esports-vct-2026-emea-stage-2-ubqf,VCT 2026: EMEA Stage 2
paTiTek,EP,2,1,0,0,0,0,0,0,0,48,1,0,Lotus,2026-08-09 14:05:00,https://www.vlr.gg/729671/gentle-mates-vs-enterprise-esports-vct-2026-emea-stage-2-ubqf,VCT 2026: EMEA Stage 2
MAGNUM,EP,4,1,0,0,0,1,0,0,0,65,1,0,Lotus,2026-08-09 14:05:00,https://www.vlr.gg/729671/gentle-mates-vs-enterprise-esports-vct-2026-emea-stage-2-ubqf,VCT 2026: EMEA Stage 2
iluri,EP,1,2,1,0,0,0,1,0,0,84,7,1,Lotus,2026-08-09 14:05:00,https://www.vlr.gg/729671/gentle-mates-vs-enterprise-esports-vct-2026-emea-stage-2-ubqf,VCT 2026: EMEA Stage 2
Lime,EP,3,0,0,0,0,0,0,0,0,48,0,0,Lotus,2026-08-09 14:05:00,https://www.vlr.gg/729671/gentle-mates-vs-enterprise-esports-vct-2026-emea-stage-2-ubqf,VCT 2026: EMEA Stage 2
kozzy,EP,4,1,0,0,1,0,0,0,0,66,1,0,Lotus,2026-08-09 14:05:00,https://www.vlr.gg/729671/gentle-mates-vs-enterprise-esports-vct-2026-emea-stage-2-ubqf,VCT 2026: EMEA Stage 2
starxo,M8,6,1,0,0,0,0,0,0,0,52,8,2,all,2026-08-12 11:00:00,https://www.vlr.gg/729674/gentle-mates-vs-eintracht-frankfurt-vct-2026-emea-stage-2-lr1,VCT 2026: EMEA Stage 2
H1ber,M8,7,0,0,0,1,1,0,0,0,43,2,0,all,2026-08-12 11:00:00,https://www.vlr.gg/729674/gentle-mates-vs-eintracht-frankfurt-vct-2026-emea-stage-2-lr1,VCT 2026: EMEA Stage 2
marteen,M8,7,2,1,0,2,0,0,0,0,52,1,0,all,2026-08-12 11:00:00,https://www.vlr.gg/729674/gentle-mates-vs-eintracht-frankfurt-vct-2026-emea-stage-2-lr1,VCT 2026: EMEA Stage 2
Minny,M8,4,0,0,1,0,0,1,0,0,40,0,1,all,2026-08-12 11:00:00,https://www.vlr.gg/729674/gentle-mates-vs-eintracht-frankfurt-vct-2026-emea-stage-2-lr1,VCT 2026: EMEA Stage 2
Proxh,M8,6,2,0,0,0,0,1,0,0,59,3,2,all,2026-08-12 11:00:00,https://www.vlr.gg/729674/gentle-mates-vs-eintracht-frankfurt-vct-2026-emea-stage-2-lr1,VCT 2026: EMEA Stage 2
MONSTEERR,SGE,6,2,0,0,1,0,0,0,0,56,5,0,all,2026-08-12 11:00:00,https://www.vlr.gg/729674/gentle-mates-vs-eintracht-frankfurt-vct-2026-emea-stage-2-lr1,VCT 2026: EMEA Stage 2
musashi,SGE,6,0,1,0,1,0,0,0,0,42,4,1,all,2026-08-12 11:00:00,https://www.vlr.gg/729674/gentle-mates-vs-eintracht-frankfurt-vct-2026-emea-stage-2-lr1,VCT 2026: EMEA Stage 2
azury,SGE,7,2,1,0,0,0,0,0,0,61,11,1,all,2026-08-12 11:00:00,https://www.vlr.gg/729674/gentle-mates-vs-eintracht-frankfurt-vct-2026-emea-stage-2-lr1,VCT 2026: EMEA Stage 2
Fizzy,SGE,4,4,1,0,1,2,0,0,0,60,0,0,all,2026-08-12 11:00:00,https://www.vlr.gg/729674/gentle-mates-vs-eintracht-frankfurt-vct-2026-emea-stage-2-lr1,VCT 2026: EMEA Stage 2
Jamelinho213,SGE,4,3,0,0,0,0,0,0,0,59,0,1,all,2026-08-12 11:00:00,https://www.vlr.gg/729674/gentle-mates-vs-eintracht-frankfurt-vct-2026-emea-stage-2-lr1,VCT 2026: EMEA Stage 2
starxo,M8,3,0,0,0,0,0,0,0,0,42,3,2,Split,2026-08-12 11:00:00,https://www.vlr.gg/729674/gentle-mates-vs-eintracht-frankfurt-vct-2026-emea-stage-2-lr1,VCT 2026: EMEA Stage 2
H1ber,M8,5,0,0,0,1,1,0,0,0,57,2,0,Split,2026-08-12 11:00:00,https://www.vlr.gg/729674/gentle-mates-vs-eintracht-frankfurt-vct-2026-emea-stage-2-lr1,VCT 2026: EMEA Stage 2
marteen,M8,4,1,1,0,2,0,0,0,0,49,1,0,Split,2026-08-12 11:00:00,https://www.vlr.gg/729674/gentle-mates-vs-eintracht-frankfurt-vct-2026-emea-stage-2-lr1,VCT 2026: EMEA Stage 2
Minny,M8,3,0,0,0,0,0,0,0,0,33,0,1,Split,2026-08-12 11:00:00,https://www.vlr.gg/729674/gentle-mates-vs-eintracht-frankfurt-vct-2026-emea-stage-2-lr1,VCT 2026: EMEA Stage 2
Proxh,M8,3,0,0,0,0,0,0,0,0,54,2,0,Split,2026-08-12 11:00:00,https://www.vlr.gg/729674/gentle-mates-vs-eintracht-frankfurt-vct-2026-emea-stage-2-lr1,VCT 2026: EMEA Stage 2
MONSTEERR,SGE,4,0,0,0,0,0,0,0,0,54,4,0,Split,2026-08-12 11:00:00,https://www.vlr.gg/729674/gentle-mates-vs-eintracht-frankfurt-vct-2026-emea-stage-2-lr1,VCT 2026: EMEA Stage 2
musashi,SGE,4,0,1,0,1,0,0,0,0,52,0,0,Split,2026-08-12 11:00:00,https://www.vlr.gg/729674/gentle-mates-vs-eintracht-frankfurt-vct-2026-emea-stage-2-lr1,VCT 2026: EMEA Stage 2
azury,SGE,3,2,0,0,0,0,0,0,0,74,7,0,Split,2026-08-12 11:00:00,https://www.vlr.gg/729674/gentle-mates-vs-eintracht-frankfurt-vct-2026-emea-stage-2-lr1,VCT 2026: EMEA Stage 2
Fizzy,SGE,1,1,0,0,0,1,0,0,0,35,0,0,Split,2026-08-12 11:00:00,https://www.vlr.gg/729674/gentle-mates-vs-eintracht-frankfurt-vct-2026-emea-stage-2-lr1,VCT 2026: EMEA Stage 2
Jamelinho213,SGE,2,3,0,0,0,0,0,0,0,68,0,1,Split,2026-08-12 11:00:00,https://www.vlr.gg/729674/gentle-mates-vs-eintracht-frankfurt-vct-2026-emea-stage-2-lr1,VCT 2026: EMEA Stage 2
starxo,M8,3,1,0,0,0,0,0,0,0,62,5,0,Haven,2026-08-12 11:00:00,https://www.vlr.gg/729674/gentle-mates-vs-eintracht-frankfurt-vct-2026-emea-stage-2-lr1,VCT 2026: EMEA Stage 2
H1ber,M8,2,0,0,0,0,0,0,0,0,28,0,0,Haven,2026-08-12 11:00:00,https://www.vlr.gg/729674/gentle-mates-vs-eintracht-frankfurt-vct-2026-emea-stage-2-lr1,VCT 2026: EMEA Stage 2
marteen,M8,3,1,0,0,0,0,0,0,0,55,0,0,Haven,2026-08-12 11:00:00,https://www.vlr.gg/729674/gentle-mates-vs-eintracht-frankfurt-vct-2026-emea-stage-2-lr1,VCT 2026: EMEA Stage 2
Minny,M8,1,0,0,1,0,0,1,0,0,46,0,0,Haven,2026-08-12 11:00:00,https://www.vlr.gg/729674/gentle-mates-vs-eintracht-frankfurt-vct-2026-emea-stage-2-lr1,VCT 2026: EMEA Stage 2
Proxh,M8,3,2,0,0,0,0,1,0,0,63,1,2,Haven,2026-08-12 11:00:00,https://www.vlr.gg/729674/gentle-mates-vs-eintracht-frankfurt-vct-2026-emea-stage-2-lr1,VCT 2026: EMEA Stage 2
MONSTEERR,SGE,2,2,0,0,1,0,0,0,0,57,1,0,Haven,2026-08-12 11:00:00,https://www.vlr.gg/729674/gentle-mates-vs-eintracht-frankfurt-vct-2026-emea-stage-2-lr1,VCT 2026: EMEA Stage 2
musashi,SGE,2,0,0,0,0,0,0,0,0,32,4,1,Haven,2026-08-12 11:00:00,https://www.vlr.gg/729674/gentle-mates-vs-eintracht-frankfurt-vct-2026-emea-stage-2-lr1,VCT 2026: EMEA Stage 2
azury,SGE,4,0,1,0,0,0,0,0,0,48,4,1,Haven,2026-08-12 11:00:00,https://www.vlr.gg/729674/gentle-mates-vs-eintracht-frankfurt-vct-2026-emea-stage-2-lr1,VCT 2026: EMEA Stage 2
Fizzy,SGE,3,3,1,0,1,1,0,0,0,84,0,0,Haven,2026-08-12 11:00:00,https://www.vlr.gg/729674/gentle-mates-vs-eintracht-frankfurt-vct-2026-emea-stage-2-lr1,VCT 2026: EMEA Stage 2
Jamelinho213,SGE,2,0,0,0,0,0,0,0,0,49,0,0,Haven,2026-08-12 11:00:00,https://www.vlr.gg/729674/gentle-mates-vs-eintracht-frankfurt-vct-2026-emea-stage-2-lr1,VCT 2026: EMEA Stage 2
Boo,TH,14,4,0,0,1,0,0,0,0,67,7,0,all,2026-08-12 13:25:00,https://www.vlr.gg/729675/team-heretics-vs-natus-vincere-vct-2026-emea-stage-2-lr1,VCT 2026: EMEA Stage 2
RieNs,TH,8,3,0,0,1,0,0,0,0,48,12,4,all,2026-08-12 13:25:00,https://www.vlr.gg/729675/team-heretics-vs-natus-vincere-vct-2026-emea-stage-2-lr1,VCT 2026: EMEA Stage 2
Wo0t,TH,13,5,1,0,0,0,0,0,0,54,0,1,all,2026-08-12 13:25:00,https://www.vlr.gg/729675/team-heretics-vs-natus-vincere-vct-2026-emea-stage-2-lr1,VCT 2026: EMEA Stage 2
koshmaras,TH,13,2,0,0,1,0,0,0,0,47,1,2,all,2026-08-12 13:25:00,https://www.vlr.gg/729675/team-heretics-vs-natus-vincere-vct-2026-emea-stage-2-lr1,VCT 2026: EMEA Stage 2
benjyfishy,TH,11,1,1,0,1,0,0,0,0,55,7,1,all,2026-08-12 13:25:00,https://www.vlr.gg/729675/team-heretics-vs-natus-vincere-vct-2026-emea-stage-2-lr1,VCT 2026: EMEA Stage 2
ExiT,NAVI,11,3,1,0,1,1,0,0,0,53,2,1,all,2026-08-12 13:25:00,https://www.vlr.gg/729675/team-heretics-vs-natus-vincere-vct-2026-emea-stage-2-lr1,VCT 2026: EMEA Stage 2
chloric,NAVI,9,2,0,0,1,0,0,0,0,51,13,2,all,2026-08-12 13:25:00,https://www.vlr.gg/729675/team-heretics-vs-natus-vincere-vct-2026-emea-stage-2-lr1,VCT 2026: EMEA Stage 2
Ruxic,NAVI,10,1,0,0,3,0,0,0,0,45,4,1,all,2026-08-12 13:25:00,https://www.vlr.gg/729675/team-heretics-vs-natus-vincere-vct-2026-emea-stage-2-lr1,VCT 2026: EMEA Stage 2
hiro,NAVI,10,7,0,0,2,1,1,0,0,56,2,0,all,2026-08-12 13:25:00,https://www.vlr.gg/729675/team-heretics-vs-natus-vincere-vct-2026-emea-stage-2-lr1,VCT 2026: EMEA Stage 2
Kolosha,NAVI,9,2,0,0,0,0,0,0,0,48,3,1,all,2026-08-12 13:25:00,https://www.vlr.gg/729675/team-heretics-vs-natus-vincere-vct-2026-emea-stage-2-lr1,VCT 2026: EMEA Stage 2
Boo,TH,5,0,0,0,0,0,0,0,0,33,1,0,Sunset,2026-08-12 13:25:00,https://www.vlr.gg/729675/team-heretics-vs-natus-vincere-vct-2026-emea-stage-2-lr1,VCT 2026: EMEA Stage 2
RieNs,TH,1,2,0,0,0,0,0,0,0,43,2,3,Sunset,2026-08-12 13:25:00,https://www.vlr.gg/729675/team-heretics-vs-natus-vincere-vct-2026-emea-stage-2-lr1,VCT 2026: EMEA Stage 2
Wo0t,TH,5,0,1,0,0,0,0,0,0,41,0,0,Sunset,2026-08-12 13:25:00,https://www.vlr.gg/729675/team-heretics-vs-natus-vincere-vct-2026-emea-stage-2-lr1,VCT 2026: EMEA Stage 2
koshmaras,TH,7,2,0,0,1,0,0,0,0,60,1,1,Sunset,2026-08-12 13:25:00,https://www.vlr.gg/729675/team-heretics-vs-natus-vincere-vct-2026-emea-stage-2-lr1,VCT 2026: EMEA Stage 2
benjyfishy,TH,5,0,0,0,1,0,0,0,0,52,7,1,Sunset,2026-08-12 13:25:00,https://www.vlr.gg/729675/team-heretics-vs-natus-vincere-vct-2026-emea-stage-2-lr1,VCT 2026: EMEA Stage 2
ExiT,NAVI,5,1,1,0,0,0,0,0,0,55,1,0,Sunset,2026-08-12 13:25:00,https://www.vlr.gg/729675/team-heretics-vs-natus-vincere-vct-2026-emea-stage-2-lr1,VCT 2026: EMEA Stage 2
chloric,NAVI,6,0,0,0,1,0,0,0,0,53,8,1,Sunset,2026-08-12 13:25:00,https://www.vlr.gg/729675/team-heretics-vs-natus-vincere-vct-2026-emea-stage-2-lr1,VCT 2026: EMEA Stage 2
Ruxic,NAVI,2,0,0,0,1,0,0,0,0,41,3,0,Sunset,2026-08-12 13:25:00,https://www.vlr.gg/729675/team-heretics-vs-natus-vincere-vct-2026-emea-stage-2-lr1,VCT 2026: EMEA Stage 2
hiro,NAVI,6,2,0,0,1,1,0,0,0,54,1,0,Sunset,2026-08-12 13:25:00,https://www.vlr.gg/729675/team-heretics-vs-natus-vincere-vct-2026-emea-stage-2-lr1,VCT 2026: EMEA Stage 2
Kolosha,NAVI,2,1,0,0,0,0,0,0,0,41,0,1,Sunset,2026-08-12 13:25:00,https://www.vlr.gg/729675/team-heretics-vs-natus-vincere-vct-2026-emea-stage-2-lr1,VCT 2026: EMEA Stage 2
Boo,TH,4,2,0,0,0,0,0,0,0,65,4,0,Haven,2026-08-12 13:25:00,https://www.vlr.gg/729675/team-heretics-vs-natus-vincere-vct-2026-emea-stage-2-lr1,VCT 2026: EMEA Stage 2
RieNs,TH,3,0,0,0,1,0,0,0,0,37,5,1,Haven,2026-08-12 13:25:00,https://www.vlr.gg/729675/team-heretics-vs-natus-vincere-vct-2026-emea-stage-2-lr1,VCT 2026: EMEA Stage 2
Wo0t,TH,4,5,0,0,0,0,0,0,0,80,0,0,Haven,2026-08-12 13:25:00,https://www.vlr.gg/729675/team-heretics-vs-natus-vincere-vct-2026-emea-stage-2-lr1,VCT 2026: EMEA Stage 2
koshmaras,TH,3,0,0,0,0,0,0,0,0,42,0,0,Haven,2026-08-12 13:25:00,https://www.vlr.gg/729675/team-heretics-vs-natus-vincere-vct-2026-emea-stage-2-lr1,VCT 2026: EMEA Stage 2
benjyfishy,TH,2,1,0,0,0,0,0,0,0,30,0,0,Haven,2026-08-12 13:25:00,https://www.vlr.gg/729675/team-heretics-vs-natus-vincere-vct-2026-emea-stage-2-lr1,VCT 2026: EMEA Stage 2
ExiT,NAVI,4,1,0,0,0,1,0,0,0,53,1,0,Haven,2026-08-12 13:25:00,https://www.vlr.gg/729675/team-heretics-vs-natus-vincere-vct-2026-emea-stage-2-lr1,VCT 2026: EMEA Stage 2
chloric,NAVI,0,0,0,0,0,0,0,0,0,23,4,1,Haven,2026-08-12 13:25:00,https://www.vlr.gg/729675/team-heretics-vs-natus-vincere-vct-2026-emea-stage-2-lr1,VCT 2026: EMEA Stage 2
Ruxic,NAVI,5,0,0,0,2,0,0,0,0,51,1,1,Haven,2026-08-12 13:25:00,https://www.vlr.gg/729675/team-heretics-vs-natus-vincere-vct-2026-emea-stage-2-lr1,VCT 2026: EMEA Stage 2
hiro,NAVI,3,4,0,0,0,0,1,0,0,88,1,0,Haven,2026-08-12 13:25:00,https://www.vlr.gg/729675/team-heretics-vs-natus-vincere-vct-2026-emea-stage-2-lr1,VCT 2026: EMEA Stage 2
Kolosha,NAVI,3,1,0,0,0,0,0,0,0,53,1,0,Haven,2026-08-12 13:25:00,https://www.vlr.gg/729675/team-heretics-vs-natus-vincere-vct-2026-emea-stage-2-lr1,VCT 2026: EMEA Stage 2
Boo,TH,5,2,0,0,1,0,0,0,0,103,2,0,Summit,2026-08-12 13:25:00,https://www.vlr.gg/729675/team-heretics-vs-natus-vincere-vct-2026-emea-stage-2-lr1,VCT 2026: EMEA Stage 2
RieNs,TH,4,1,0,0,0,0,0,0,0,63,5,0,Summit,2026-08-12 13:25:00,https://www.vlr.gg/729675/team-heretics-vs-natus-vincere-vct-2026-emea-stage-2-lr1,VCT 2026: EMEA Stage 2
Wo0t,TH,4,0,0,0,0,0,0,0,0,41,0,1,Summit,2026-08-12 13:25:00,https://www.vlr.gg/729675/team-heretics-vs-natus-vincere-vct-2026-emea-stage-2-lr1,VCT 2026: EMEA Stage 2
koshmaras,TH,3,0,0,0,0,0,0,0,0,38,0,1,Summit,2026-08-12 13:25:00,https://www.vlr.gg/729675/team-heretics-vs-natus-vincere-vct-2026-emea-stage-2-lr1,VCT 2026: EMEA Stage 2
benjyfishy,TH,4,0,1,0,0,0,0,0,0,83,0,0,Summit,2026-08-12 13:25:00,https://www.vlr.gg/729675/team-heretics-vs-natus-vincere-vct-2026-emea-stage-2-lr1,VCT 2026: EMEA Stage 2
ExiT,NAVI,2,1,0,0,1,0,0,0,0,51,0,1,Summit,2026-08-12 13:25:00,https://www.vlr.gg/729675/team-heretics-vs-natus-vincere-vct-2026-emea-stage-2-lr1,VCT 2026: EMEA Stage 2
chloric,NAVI,3,2,0,0,0,0,0,0,0,78,1,0,Summit,2026-08-12 13:25:00,https://www.vlr.gg/729675/team-heretics-vs-natus-vincere-vct-2026-emea-stage-2-lr1,VCT 2026: EMEA Stage 2
Ruxic,NAVI,3,1,0,0,0,0,0,0,0,42,0,0,Summit,2026-08-12 13:25:00,https://www.vlr.gg/729675/team-heretics-vs-natus-vincere-vct-2026-emea-stage-2-lr1,VCT 2026: EMEA Stage 2
hiro,NAVI,1,1,0,0,1,0,0,0,0,27,0,0,Summit,2026-08-12 13:25:00,https://www.vlr.gg/729675/team-heretics-vs-natus-vincere-vct-2026-emea-stage-2-lr1,VCT 2026: EMEA Stage 2
Kolosha,NAVI,4,0,0,0,0,0,0,0,0,51,2,0,Summit,2026-08-12 13:25:00,https://www.vlr.gg/729675/team-heretics-vs-natus-vincere-vct-2026-emea-stage-2-lr1,VCT 2026: EMEA Stage 2
doma,JL,5,1,0,0,1,0,0,0,0,42,1,2,all,2026-08-13 11:00:00,https://www.vlr.gg/729676/joblife-vs-pcific-esports-vct-2026-emea-stage-2-lr1,VCT 2026: EMEA Stage 2
kamyk,JL,7,1,0,0,2,3,0,0,0,50,2,1,all,2026-08-13 11:00:00,https://www.vlr.gg/729676/joblife-vs-pcific-esports-vct-2026-emea-stage-2-lr1,VCT 2026: EMEA Stage 2
UNFAKE,JL,7,3,1,0,1,1,0,0,0,44,13,3,all,2026-08-13 11:00:00,https://www.vlr.gg/729676/joblife-vs-pcific-esports-vct-2026-emea-stage-2-lr1,VCT 2026: EMEA Stage 2
runneR,JL,4,7,0,0,0,0,0,0,0,69,4,2,all,2026-08-13 11:00:00,https://www.vlr.gg/729676/joblife-vs-pcific-esports-vct-2026-emea-stage-2-lr1,VCT 2026: EMEA Stage 2
Pa1ze,JL,13,3,2,0,0,0,0,0,0,64,0,0,all,2026-08-13 11:00:00,https://www.vlr.gg/729676/joblife-vs-pcific-esports-vct-2026-emea-stage-2-lr1,VCT 2026: EMEA Stage 2
al0rante,PCF,9,2,0,0,0,0,0,0,0,51,1,1,all,2026-08-13 11:00:00,https://www.vlr.gg/729676/joblife-vs-pcific-esports-vct-2026-emea-stage-2-lr1,VCT 2026: EMEA Stage 2
qpert,PCF,7,1,0,0,0,0,0,0,0,36,5,1,all,2026-08-13 11:00:00,https://www.vlr.gg/729676/joblife-vs-pcific-esports-vct-2026-emea-stage-2-lr1,VCT 2026: EMEA Stage 2
waddle,PCF,10,5,0,0,1,0,0,0,0,69,10,1,all,2026-08-13 11:00:00,https://www.vlr.gg/729676/joblife-vs-pcific-esports-vct-2026-emea-stage-2-lr1,VCT 2026: EMEA Stage 2
seven,PCF,8,1,0,0,1,0,0,0,0,49,2,1,all,2026-08-13 11:00:00,https://www.vlr.gg/729676/joblife-vs-pcific-esports-vct-2026-emea-stage-2-lr1,VCT 2026: EMEA Stage 2
NINJA,PCF,7,4,0,0,0,1,0,0,0,55,3,2,all,2026-08-13 11:00:00,https://www.vlr.gg/729676/joblife-vs-pcific-esports-vct-2026-emea-stage-2-lr1,VCT 2026: EMEA Stage 2
doma,JL,1,0,0,0,0,0,0,0,0,36,0,0,Lotus,2026-08-13 11:00:00,https://www.vlr.gg/729676/joblife-vs-pcific-esports-vct-2026-emea-stage-2-lr1,VCT 2026: EMEA Stage 2
kamyk,JL,3,0,0,0,1,1,0,0,0,64,0,1,Lotus,2026-08-13 11:00:00,https://www.vlr.gg/729676/joblife-vs-pcific-esports-vct-2026-emea-stage-2-lr1,VCT 2026: EMEA Stage 2
UNFAKE,JL,2,1,1,0,0,1,0,0,0,49,5,2,Lotus,2026-08-13 11:00:00,https://www.vlr.gg/729676/joblife-vs-pcific-esports-vct-2026-emea-stage-2-lr1,VCT 2026: EMEA Stage 2
runneR,JL,0,3,0,0,0,0,0,0,0,85,1,0,Lotus,2026-08-13 11:00:00,https://www.vlr.gg/729676/joblife-vs-pcific-esports-vct-2026-emea-stage-2-lr1,VCT 2026: EMEA Stage 2
Pa1ze,JL,5,2,1,0,0,0,0,0,0,84,0,0,Lotus,2026-08-13 11:00:00,https://www.vlr.gg/729676/joblife-vs-pcific-esports-vct-2026-emea-stage-2-lr1,VCT 2026: EMEA Stage 2
al0rante,PCF,1,0,0,0,0,0,0,0,0,32,1,0,Lotus,2026-08-13 11:00:00,https://www.vlr.gg/729676/joblife-vs-pcific-esports-vct-2026-emea-stage-2-lr1,VCT 2026: EMEA Stage 2
qpert,PCF,3,0,0,0,0,0,0,0,0,34,1,0,Lotus,2026-08-13 11:00:00,https://www.vlr.gg/729676/joblife-vs-pcific-esports-vct-2026-emea-stage-2-lr1,VCT 2026: EMEA Stage 2
waddle,PCF,0,0,0,0,0,0,0,0,0,24,4,0,Lotus,2026-08-13 11:00:00,https://www.vlr.gg/729676/joblife-vs-pcific-esports-vct-2026-emea-stage-2-lr1,VCT 2026: EMEA Stage 2
seven,PCF,4,1,0,0,0,0,0,0,0,71,1,0,Lotus,2026-08-13 11:00:00,https://www.vlr.gg/729676/joblife-vs-pcific-esports-vct-2026-emea-stage-2-lr1,VCT 2026: EMEA Stage 2
NINJA,PCF,3,2,0,0,0,0,0,0,0,54,0,1,Lotus,2026-08-13 11:00:00,https://www.vlr.gg/729676/joblife-vs-pcific-esports-vct-2026-emea-stage-2-lr1,VCT 2026: EMEA Stage 2
doma,JL,2,1,0,0,1,0,0,0,0,45,0,1,Ascent,2026-08-13 11:00:00,https://www.vlr.gg/729676/joblife-vs-pcific-esports-vct-2026-emea-stage-2-lr1,VCT 2026: EMEA Stage 2
kamyk,JL,1,1,0,0,0,2,0,0,0,28,1,0,Ascent,2026-08-13 11:00:00,https://www.vlr.gg/729676/joblife-vs-pcific-esports-vct-2026-emea-stage-2-lr1,VCT 2026: EMEA Stage 2
UNFAKE,JL,3,1,0,0,0,0,0,0,0,46,3,0,Ascent,2026-08-13 11:00:00,https://www.vlr.gg/729676/joblife-vs-pcific-esports-vct-2026-emea-stage-2-lr1,VCT 2026: EMEA Stage 2
runneR,JL,1,1,0,0,0,0,0,0,0,59,2,1,Ascent,2026-08-13 11:00:00,https://www.vlr.gg/729676/joblife-vs-pcific-esports-vct-2026-emea-stage-2-lr1,VCT 2026: EMEA Stage 2
Pa1ze,JL,2,1,1,0,0,0,0,0,0,57,0,0,Ascent,2026-08-13 11:00:00,https://www.vlr.gg/729676/joblife-vs-pcific-esports-vct-2026-emea-stage-2-lr1,VCT 2026: EMEA Stage 2
al0rante,PCF,3,2,0,0,0,0,0,0,0,64,0,0,Ascent,2026-08-13 11:00:00,https://www.vlr.gg/729676/joblife-vs-pcific-esports-vct-2026-emea-stage-2-lr1,VCT 2026: EMEA Stage 2
qpert,PCF,2,0,0,0,0,0,0,0,0,31,0,0,Ascent,2026-08-13 11:00:00,https://www.vlr.gg/729676/joblife-vs-pcific-esports-vct-2026-emea-stage-2-lr1,VCT 2026: EMEA Stage 2
waddle,PCF,5,4,0,0,1,0,0,0,0,102,4,1,Ascent,2026-08-13 11:00:00,https://www.vlr.gg/729676/joblife-vs-pcific-esports-vct-2026-emea-stage-2-lr1,VCT 2026: EMEA Stage 2
seven,PCF,2,0,0,0,1,0,0,0,0,40,0,1,Ascent,2026-08-13 11:00:00,https://www.vlr.gg/729676/joblife-vs-pcific-esports-vct-2026-emea-stage-2-lr1,VCT 2026: EMEA Stage 2
NINJA,PCF,2,2,0,0,0,1,0,0,0,72,1,0,Ascent,2026-08-13 11:00:00,https://www.vlr.gg/729676/joblife-vs-pcific-esports-vct-2026-emea-stage-2-lr1,VCT 2026: EMEA Stage 2
doma,JL,2,0,0,0,0,0,0,0,0,46,1,1,Split,2026-08-13 11:00:00,https://www.vlr.gg/729676/joblife-vs-pcific-esports-vct-2026-emea-stage-2-lr1,VCT 2026: EMEA Stage 2
kamyk,JL,3,0,0,0,1,0,0,0,0,57,1,0,Split,2026-08-13 11:00:00,https://www.vlr.gg/729676/joblife-vs-pcific-esports-vct-2026-emea-stage-2-lr1,VCT 2026: EMEA Stage 2
UNFAKE,JL,2,1,0,0,1,0,0,0,0,37,5,1,Split,2026-08-13 11:00:00,https://www.vlr.gg/729676/joblife-vs-pcific-esports-vct-2026-emea-stage-2-lr1,VCT 2026: EMEA Stage 2
runneR,JL,3,3,0,0,0,0,0,0,0,64,1,1,Split,2026-08-13 11:00:00,https://www.vlr.gg/729676/joblife-vs-pcific-esports-vct-2026-emea-stage-2-lr1,VCT 2026: EMEA Stage 2
Pa1ze,JL,6,0,0,0,0,0,0,0,0,52,0,0,Split,2026-08-13 11:00:00,https://www.vlr.gg/729676/joblife-vs-pcific-esports-vct-2026-emea-stage-2-lr1,VCT 2026: EMEA Stage 2
al0rante,PCF,5,0,0,0,0,0,0,0,0,56,0,1,Split,2026-08-13 11:00:00,https://www.vlr.gg/729676/joblife-vs-pcific-esports-vct-2026-emea-stage-2-lr1,VCT 2026: EMEA Stage 2
qpert,PCF,2,1,0,0,0,0,0,0,0,43,4,1,Split,2026-08-13 11:00:00,https://www.vlr.gg/729676/joblife-vs-pcific-esports-vct-2026-emea-stage-2-lr1,VCT 2026: EMEA Stage 2
waddle,PCF,5,1,0,0,0,0,0,0,0,82,2,0,Split,2026-08-13 11:00:00,https://www.vlr.gg/729676/joblife-vs-pcific-esports-vct-2026-emea-stage-2-lr1,VCT 2026: EMEA Stage 2
seven,PCF,2,0,0,0,0,0,0,0,0,37,1,0,Split,2026-08-13 11:00:00,https://www.vlr.gg/729676/joblife-vs-pcific-esports-vct-2026-emea-stage-2-lr1,VCT 2026: EMEA Stage 2
NINJA,PCF,2,0,0,0,0,0,0,0,0,38,2,1,Split,2026-08-13 11:00:00,https://www.vlr.gg/729676/joblife-vs-pcific-esports-vct-2026-emea-stage-2-lr1,VCT 2026: EMEA Stage 2
Jesse,GX,3,1,0,0,0,0,0,0,0,52,5,0,all,2026-08-13 14:00:00,https://www.vlr.gg/729677/giantx-vs-fnatic-vct-2026-emea-stage-2-lr1,VCT 2026: EMEA Stage 2
neT,GX,4,1,0,0,0,0,0,0,0,54,2,1,all,2026-08-13 14:00:00,https://www.vlr.gg/729677/giantx-vs-fnatic-vct-2026-emea-stage-2-lr1,VCT 2026: EMEA Stage 2
Flickless,GX,3,1,0,0,1,1,0,0,0,37,3,3,all,2026-08-13 14:00:00,https://www.vlr.gg/729677/giantx-vs-fnatic-vct-2026-emea-stage-2-lr1,VCT 2026: EMEA Stage 2
ara,GX,3,1,0,0,0,0,0,0,0,35,1,1,all,2026-08-13 14:00:00,https://www.vlr.gg/729677/giantx-vs-fnatic-vct-2026-emea-stage-2-lr1,VCT 2026: EMEA Stage 2
westside,GX,4,3,1,0,0,0,0,0,0,61,0,1,all,2026-08-13 14:00:00,https://www.vlr.gg/729677/giantx-vs-fnatic-vct-2026-emea-stage-2-lr1,VCT 2026: EMEA Stage 2
crashies,FNC,4,2,0,0,1,0,0,0,0,62,0,1,all,2026-08-13 14:00:00,https://www.vlr.gg/729677/giantx-vs-fnatic-vct-2026-emea-stage-2-lr1,VCT 2026: EMEA Stage 2
Boaster,FNC,1,0,0,0,0,0,0,0,0,41,4,1,all,2026-08-13 14:00:00,https://www.vlr.gg/729677/giantx-vs-fnatic-vct-2026-emea-stage-2-lr1,VCT 2026: EMEA Stage 2
Cloud,FNC,1,3,0,0,0,0,0,0,0,46,8,3,all,2026-08-13 14:00:00,https://www.vlr.gg/729677/giantx-vs-fnatic-vct-2026-emea-stage-2-lr1,VCT 2026: EMEA Stage 2
kaajak,FNC,8,2,0,0,0,0,1,0,0,60,3,1,all,2026-08-13 14:00:00,https://www.vlr.gg/729677/giantx-vs-fnatic-vct-2026-emea-stage-2-lr1,VCT 2026: EMEA Stage 2
Alfajer,FNC,9,5,0,0,0,0,0,0,0,72,2,1,all,2026-08-13 14:00:00,https://www.vlr.gg/729677/giantx-vs-fnatic-vct-2026-emea-stage-2-lr1,VCT 2026: EMEA Stage 2
Jesse,GX,2,0,0,0,0,0,0,0,0,67,1,0,Sunset,2026-08-13 14:00:00,https://www.vlr.gg/729677/giantx-vs-fnatic-vct-2026-emea-stage-2-lr1,VCT 2026: EMEA Stage 2
neT,GX,3,0,0,0,0,0,0,0,0,59,2,1,Sunset,2026-08-13 14:00:00,https://www.vlr.gg/729677/giantx-vs-fnatic-vct-2026-emea-stage-2-lr1,VCT 2026: EMEA Stage 2
Flickless,GX,1,0,0,0,0,0,0,0,0,21,0,2,Sunset,2026-08-13 14:00:00,https://www.vlr.gg/729677/giantx-vs-fnatic-vct-2026-emea-stage-2-lr1,VCT 2026: EMEA Stage 2
ara,GX,2,1,0,0,0,0,0,0,0,40,0,1,Sunset,2026-08-13 14:00:00,https://www.vlr.gg/729677/giantx-vs-fnatic-vct-2026-emea-stage-2-lr1,VCT 2026: EMEA Stage 2
westside,GX,2,0,1,0,0,0,0,0,0,57,0,0,Sunset,2026-08-13 14:00:00,https://www.vlr.gg/729677/giantx-vs-fnatic-vct-2026-emea-stage-2-lr1,VCT 2026: EMEA Stage 2
crashies,FNC,2,0,0,0,1,0,0,0,0,57,0,0,Sunset,2026-08-13 14:00:00,https://www.vlr.gg/729677/giantx-vs-fnatic-vct-2026-emea-stage-2-lr1,VCT 2026: EMEA Stage 2
Boaster,FNC,1,0,0,0,0,0,0,0,0,49,3,0,Sunset,2026-08-13 14:00:00,https://www.vlr.gg/729677/giantx-vs-fnatic-vct-2026-emea-stage-2-lr1,VCT 2026: EMEA Stage 2
Cloud,FNC,1,2,0,0,0,0,0,0,0,53,4,1,Sunset,2026-08-13 14:00:00,https://www.vlr.gg/729677/giantx-vs-fnatic-vct-2026-emea-stage-2-lr1,VCT 2026: EMEA Stage 2
kaajak,FNC,6,0,0,0,0,0,0,0,0,58,3,1,Sunset,2026-08-13 14:00:00,https://www.vlr.gg/729677/giantx-vs-fnatic-vct-2026-emea-stage-2-lr1,VCT 2026: EMEA Stage 2
Alfajer,FNC,3,2,0,0,0,0,0,0,0,59,1,0,Sunset,2026-08-13 14:00:00,https://www.vlr.gg/729677/giantx-vs-fnatic-vct-2026-emea-stage-2-lr1,VCT 2026: EMEA Stage 2
Jesse,GX,1,1,0,0,0,0,0,0,0,37,4,0,Split,2026-08-13 14:00:00,https://www.vlr.gg/729677/giantx-vs-fnatic-vct-2026-emea-stage-2-lr1,VCT 2026: EMEA Stage 2
neT,GX,1,1,0,0,0,0,0,0,0,48,0,0,Split,2026-08-13 14:00:00,https://www.vlr.gg/729677/giantx-vs-fnatic-vct-2026-emea-stage-2-lr1,VCT 2026: EMEA Stage 2
Flickless,GX,2,1,0,0,1,1,0,0,0,52,3,1,Split,2026-08-13 14:00:00,https://www.vlr.gg/729677/giantx-vs-fnatic-vct-2026-emea-stage-2-lr1,VCT 2026: EMEA Stage 2
ara,GX,1,0,0,0,0,0,0,0,0,29,1,0,Split,2026-08-13 14:00:00,https://www.vlr.gg/729677/giantx-vs-fnatic-vct-2026-emea-stage-2-lr1,VCT 2026: EMEA Stage 2
westside,GX,2,3,0,0,0,0,0,0,0,65,0,1,Split,2026-08-13 14:00:00,https://www.vlr.gg/729677/giantx-vs-fnatic-vct-2026-emea-stage-2-lr1,VCT 2026: EMEA Stage 2
crashies,FNC,2,2,0,0,0,0,0,0,0,66,0,1,Split,2026-08-13 14:00:00,https://www.vlr.gg/729677/giantx-vs-fnatic-vct-2026-emea-stage-2-lr1,VCT 2026: EMEA Stage 2
Boaster,FNC,0,0,0,0,0,0,0,0,0,32,1,1,Split,2026-08-13 14:00:00,https://www.vlr.gg/729677/giantx-vs-fnatic-vct-2026-emea-stage-2-lr1,VCT 2026: EMEA Stage 2
Cloud,FNC,0,1,0,0,0,0,0,0,0,39,4,2,Split,2026-08-13 14:00:00,https://www.vlr.gg/729677/giantx-vs-fnatic-vct-2026-emea-stage-2-lr1,VCT 2026: EMEA Stage 2
kaajak,FNC,2,2,0,0,0,0,1,0,0,62,0,0,Split,2026-08-13 14:00:00,https://www.vlr.gg/729677/giantx-vs-fnatic-vct-2026-emea-stage-2-lr1,VCT 2026: EMEA Stage 2
Alfajer,FNC,6,3,0,0,0,0,0,0,0,84,1,1,Split,2026-08-13 14:00:00,https://www.vlr.gg/729677/giantx-vs-fnatic-vct-2026-emea-stage-2-lr1,VCT 2026: EMEA Stage 2
MONSTEERR,SGE,6,1,0,0,1,0,0,0,0,56,1,0,all,2026-08-14 11:00:00,https://www.vlr.gg/729678/eintracht-frankfurt-vs-team-heretics-vct-2026-emea-stage-2-lr2,VCT 2026: EMEA Stage 2
musashi,SGE,4,1,0,0,1,0,0,0,0,47,6,1,all,2026-08-14 11:00:00,https://www.vlr.gg/729678/eintracht-frankfurt-vs-team-heretics-vct-2026-emea-stage-2-lr2,VCT 2026: EMEA Stage 2
azury,SGE,5,3,2,0,1,1,1,0,0,84,6,1,all,2026-08-14 11:00:00,https://www.vlr.gg/729678/eintracht-frankfurt-vs-team-heretics-vct-2026-emea-stage-2-lr2,VCT 2026: EMEA Stage 2
Fizzy,SGE,6,2,2,0,1,0,0,0,0,46,5,1,all,2026-08-14 11:00:00,https://www.vlr.gg/729678/eintracht-frankfurt-vs-team-heretics-vct-2026-emea-stage-2-lr2,VCT 2026: EMEA Stage 2
Jamelinho213,SGE,7,1,0,0,0,0,0,0,0,48,1,1,all,2026-08-14 11:00:00,https://www.vlr.gg/729678/eintracht-frankfurt-vs-team-heretics-vct-2026-emea-stage-2-lr2,VCT 2026: EMEA Stage 2
Boo,TH,8,1,0,0,1,0,0,0,0,50,5,1,all,2026-08-14 11:00:00,https://www.vlr.gg/729678/eintracht-frankfurt-vs-team-heretics-vct-2026-emea-stage-2-lr2,VCT 2026: EMEA Stage 2
RieNs,TH,6,2,0,0,0,0,0,0,0,67,2,1,all,2026-08-14 11:00:00,https://www.vlr.gg/729678/eintracht-frankfurt-vs-team-heretics-vct-2026-emea-stage-2-lr2,VCT 2026: EMEA Stage 2
Wo0t,TH,6,2,1,0,0,0,0,0,0,53,1,2,all,2026-08-14 11:00:00,https://www.vlr.gg/729678/eintracht-frankfurt-vs-team-heretics-vct-2026-emea-stage-2-lr2,VCT 2026: EMEA Stage 2
koshmaras,TH,4,0,0,0,0,1,0,0,0,36,2,0,all,2026-08-14 11:00:00,https://www.vlr.gg/729678/eintracht-frankfurt-vs-team-heretics-vct-2026-emea-stage-2-lr2,VCT 2026: EMEA Stage 2
benjyfishy,TH,8,2,0,0,0,1,0,0,0,46,0,3,all,2026-08-14 11:00:00,https://www.vlr.gg/729678/eintracht-frankfurt-vs-team-heretics-vct-2026-emea-stage-2-lr2,VCT 2026: EMEA Stage 2
MONSTEERR,SGE,2,1,0,0,1,0,0,0,0,54,0,0,Lotus,2026-08-14 11:00:00,https://www.vlr.gg/729678/eintracht-frankfurt-vs-team-heretics-vct-2026-emea-stage-2-lr2,VCT 2026: EMEA Stage 2
musashi,SGE,1,0,0,0,0,0,0,0,0,32,4,0,Lotus,2026-08-14 11:00:00,https://www.vlr.gg/729678/eintracht-frankfurt-vs-team-heretics-vct-2026-emea-stage-2-lr2,VCT 2026: EMEA Stage 2
azury,SGE,2,0,2,0,1,1,0,0,0,77,0,1,Lotus,2026-08-14 11:00:00,https://www.vlr.gg/729678/eintracht-frankfurt-vs-team-heretics-vct-2026-emea-stage-2-lr2,VCT 2026: EMEA Stage 2
Fizzy,SGE,3,2,1,0,1,0,0,0,0,53,5,1,Lotus,2026-08-14 11:00:00,https://www.vlr.gg/729678/eintracht-frankfurt-vs-team-heretics-vct-2026-emea-stage-2-lr2,VCT 2026: EMEA Stage 2
Jamelinho213,SGE,4,1,0,0,0,0,0,0,0,54,1,0,Lotus,2026-08-14 11:00:00,https://www.vlr.gg/729678/eintracht-frankfurt-vs-team-heretics-vct-2026-emea-stage-2-lr2,VCT 2026: EMEA Stage 2
Boo,TH,4,0,0,0,1,0,0,0,0,41,3,1,Lotus,2026-08-14 11:00:00,https://www.vlr.gg/729678/eintracht-frankfurt-vs-team-heretics-vct-2026-emea-stage-2-lr2,VCT 2026: EMEA Stage 2
RieNs,TH,4,2,0,0,0,0,0,0,0,73,2,0,Lotus,2026-08-14 11:00:00,https://www.vlr.gg/729678/eintracht-frankfurt-vs-team-heretics-vct-2026-emea-stage-2-lr2,VCT 2026: EMEA Stage 2
Wo0t,TH,4,1,1,0,0,0,0,0,0,56,0,1,Lotus,2026-08-14 11:00:00,https://www.vlr.gg/729678/eintracht-frankfurt-vs-team-heretics-vct-2026-emea-stage-2-lr2,VCT 2026: EMEA Stage 2
koshmaras,TH,2,0,0,0,0,1,0,0,0,31,2,0,Lotus,2026-08-14 11:00:00,https://www.vlr.gg/729678/eintracht-frankfurt-vs-team-heretics-vct-2026-emea-stage-2-lr2,VCT 2026: EMEA Stage 2
benjyfishy,TH,2,2,0,0,0,1,0,0,0,45,0,2,Lotus,2026-08-14 11:00:00,https://www.vlr.gg/729678/eintracht-frankfurt-vs-team-heretics-vct-2026-emea-stage-2-lr2,VCT 2026: EMEA Stage 2
MONSTEERR,SGE,4,0,0,0,0,0,0,0,0,58,1,0,Haven,2026-08-14 11:00:00,https://www.vlr.gg/729678/eintracht-frankfurt-vs-team-heretics-vct-2026-emea-stage-2-lr2,VCT 2026: EMEA Stage 2
musashi,SGE,3,1,0,0,1,0,0,0,0,62,2,1,Haven,2026-08-14 11:00:00,https://www.vlr.gg/729678/eintracht-frankfurt-vs-team-heretics-vct-2026-emea-stage-2-lr2,VCT 2026: EMEA Stage 2
azury,SGE,3,3,0,0,0,0,1,0,0,90,6,0,Haven,2026-08-14 11:00:00,https://www.vlr.gg/729678/eintracht-frankfurt-vs-team-heretics-vct-2026-emea-stage-2-lr2,VCT 2026: EMEA Stage 2
Fizzy,SGE,3,0,1,0,0,0,0,0,0,39,0,0,Haven,2026-08-14 11:00:00,https://www.vlr.gg/729678/eintracht-frankfurt-vs-team-heretics-vct-2026-emea-stage-2-lr2,VCT 2026: EMEA Stage 2
Jamelinho213,SGE,3,0,0,0,0,0,0,0,0,41,0,1,Haven,2026-08-14 11:00:00,https://www.vlr.gg/729678/eintracht-frankfurt-vs-team-heretics-vct-2026-emea-stage-2-lr2,VCT 2026: EMEA Stage 2
Boo,TH,4,1,0,0,0,0,0,0,0,59,2,0,Haven,2026-08-14 11:00:00,https://www.vlr.gg/729678/eintracht-frankfurt-vs-team-heretics-vct-2026-emea-stage-2-lr2,VCT 2026: EMEA Stage 2
RieNs,TH,2,0,0,0,0,0,0,0,0,61,0,1,Haven,2026-08-14 11:00:00,https://www.vlr.gg/729678/eintracht-frankfurt-vs-team-heretics-vct-2026-emea-stage-2-lr2,VCT 2026: EMEA Stage 2
Wo0t,TH,2,1,0,0,0,0,0,0,0,50,1,1,Haven,2026-08-14 11:00:00,https://www.vlr.gg/729678/eintracht-frankfurt-vs-team-heretics-vct-2026-emea-stage-2-lr2,VCT 2026: EMEA Stage 2
koshmaras,TH,2,0,0,0,0,0,0,0,0,40,0,0,Haven,2026-08-14 11:00:00,https://www.vlr.gg/729678/eintracht-frankfurt-vs-team-heretics-vct-2026-emea-stage-2-lr2,VCT 2026: EMEA Stage 2
benjyfishy,TH,6,0,0,0,0,0,0,0,0,46,0,1,Haven,2026-08-14 11:00:00,https://www.vlr.gg/729678/eintracht-frankfurt-vs-team-heretics-vct-2026-emea-stage-2-lr2,VCT 2026: EMEA Stage 2
doma,JL,4,1,0,0,0,0,0,0,0,44,1,0,all,2026-08-14 13:30:00,https://www.vlr.gg/729680/joblife-vs-fnatic-vct-2026-emea-stage-2-lr2,VCT 2026: EMEA Stage 2
kamyk,JL,6,6,0,0,1,1,0,0,0,68,6,2,all,2026-08-14 13:30:00,https://www.vlr.gg/729680/joblife-vs-fnatic-vct-2026-emea-stage-2-lr2,VCT 2026: EMEA Stage 2
UNFAKE,JL,6,0,0,0,0,1,0,0,0,38,5,3,all,2026-08-14 13:30:00,https://www.vlr.gg/729680/joblife-vs-fnatic-vct-2026-emea-stage-2-lr2,VCT 2026: EMEA Stage 2
runneR,JL,6,2,0,0,0,0,0,0,0,41,4,2,all,2026-08-14 13:30:00,https://www.vlr.gg/729680/joblife-vs-fnatic-vct-2026-emea-stage-2-lr2,VCT 2026: EMEA Stage 2
Pa1ze,JL,5,6,1,1,1,0,0,0,0,79,0,0,all,2026-08-14 13:30:00,https://www.vlr.gg/729680/joblife-vs-fnatic-vct-2026-emea-stage-2-lr2,VCT 2026: EMEA Stage 2
crashies,FNC,6,2,2,0,2,0,1,0,0,57,1,4,all,2026-08-14 13:30:00,https://www.vlr.gg/729680/joblife-vs-fnatic-vct-2026-emea-stage-2-lr2,VCT 2026: EMEA Stage 2
Boaster,FNC,3,1,0,0,1,0,0,0,0,39,6,1,all,2026-08-14 13:30:00,https://www.vlr.gg/729680/joblife-vs-fnatic-vct-2026-emea-stage-2-lr2,VCT 2026: EMEA Stage 2
Cloud,FNC,5,1,0,0,1,0,0,0,0,52,5,0,all,2026-08-14 13:30:00,https://www.vlr.gg/729680/joblife-vs-fnatic-vct-2026-emea-stage-2-lr2,VCT 2026: EMEA Stage 2
kaajak,FNC,6,0,2,0,1,0,0,0,0,58,3,0,all,2026-08-14 13:30:00,https://www.vlr.gg/729680/joblife-vs-fnatic-vct-2026-emea-stage-2-lr2,VCT 2026: EMEA Stage 2
Alfajer,FNC,8,1,2,0,0,0,0,0,0,54,1,0,all,2026-08-14 13:30:00,https://www.vlr.gg/729680/joblife-vs-fnatic-vct-2026-emea-stage-2-lr2,VCT 2026: EMEA Stage 2
doma,JL,3,1,0,0,0,0,0,0,0,40,1,0,Lotus,2026-08-14 13:30:00,https://www.vlr.gg/729680/joblife-vs-fnatic-vct-2026-emea-stage-2-lr2,VCT 2026: EMEA Stage 2
kamyk,JL,4,1,0,0,1,1,0,0,0,66,2,1,Lotus,2026-08-14 13:30:00,https://www.vlr.gg/729680/joblife-vs-fnatic-vct-2026-emea-stage-2-lr2,VCT 2026: EMEA Stage 2
UNFAKE,JL,2,0,0,0,0,0,0,0,0,30,3,1,Lotus,2026-08-14 13:30:00,https://www.vlr.gg/729680/joblife-vs-fnatic-vct-2026-emea-stage-2-lr2,VCT 2026: EMEA Stage 2
runneR,JL,4,1,0,0,0,0,0,0,0,38,3,1,Lotus,2026-08-14 13:30:00,https://www.vlr.gg/729680/joblife-vs-fnatic-vct-2026-emea-stage-2-lr2,VCT 2026: EMEA Stage 2
Pa1ze,JL,4,4,1,0,1,0,0,0,0,74,0,0,Lotus,2026-08-14 13:30:00,https://www.vlr.gg/729680/joblife-vs-fnatic-vct-2026-emea-stage-2-lr2,VCT 2026: EMEA Stage 2
crashies,FNC,0,1,2,0,1,0,1,0,0,51,0,2,Lotus,2026-08-14 13:30:00,https://www.vlr.gg/729680/joblife-vs-fnatic-vct-2026-emea-stage-2-lr2,VCT 2026: EMEA Stage 2
Boaster,FNC,2,1,0,0,1,0,0,0,0,55,3,1,Lotus,2026-08-14 13:30:00,https://www.vlr.gg/729680/joblife-vs-fnatic-vct-2026-emea-stage-2-lr2,VCT 2026: EMEA Stage 2
Cloud,FNC,4,0,0,0,1,0,0,0,0,56,3,0,Lotus,2026-08-14 13:30:00,https://www.vlr.gg/729680/joblife-vs-fnatic-vct-2026-emea-stage-2-lr2,VCT 2026: EMEA Stage 2
kaajak,FNC,3,0,1,0,0,0,0,0,0,55,1,0,Lotus,2026-08-14 13:30:00,https://www.vlr.gg/729680/joblife-vs-fnatic-vct-2026-emea-stage-2-lr2,VCT 2026: EMEA Stage 2
Alfajer,FNC,5,0,1,0,0,0,0,0,0,52,1,0,Lotus,2026-08-14 13:30:00,https://www.vlr.gg/729680/joblife-vs-fnatic-vct-2026-emea-stage-2-lr2,VCT 2026: EMEA Stage 2
doma,JL,1,0,0,0,0,0,0,0,0,47,0,0,Breeze,2026-08-14 13:30:00,https://www.vlr.gg/729680/joblife-vs-fnatic-vct-2026-emea-stage-2-lr2,VCT 2026: EMEA Stage 2
kamyk,JL,2,5,0,0,0,0,0,0,0,69,4,1,Breeze,2026-08-14 13:30:00,https://www.vlr.gg/729680/joblife-vs-fnatic-vct-2026-emea-stage-2-lr2,VCT 2026: EMEA Stage 2
UNFAKE,JL,4,0,0,0,0,1,0,0,0,46,2,2,Breeze,2026-08-14 13:30:00,https://www.vlr.gg/729680/joblife-vs-fnatic-vct-2026-emea-stage-2-lr2,VCT 2026: EMEA Stage 2
runneR,JL,2,1,0,0,0,0,0,0,0,43,1,1,Breeze,2026-08-14 13:30:00,https://www.vlr.gg/729680/joblife-vs-fnatic-vct-2026-emea-stage-2-lr2,VCT 2026: EMEA Stage 2
Pa1ze,JL,1,2,0,1,0,0,0,0,0,83,0,0,Breeze,2026-08-14 13:30:00,https://www.vlr.gg/729680/joblife-vs-fnatic-vct-2026-emea-stage-2-lr2,VCT 2026: EMEA Stage 2
crashies,FNC,6,1,0,0,1,0,0,0,0,62,1,2,Breeze,2026-08-14 13:30:00,https://www.vlr.gg/729680/joblife-vs-fnatic-vct-2026-emea-stage-2-lr2,VCT 2026: EMEA Stage 2
Boaster,FNC,1,0,0,0,0,0,0,0,0,23,3,0,Breeze,2026-08-14 13:30:00,https://www.vlr.gg/729680/joblife-vs-fnatic-vct-2026-emea-stage-2-lr2,VCT 2026: EMEA Stage 2
Cloud,FNC,1,1,0,0,0,0,0,0,0,48,2,0,Breeze,2026-08-14 13:30:00,https://www.vlr.gg/729680/joblife-vs-fnatic-vct-2026-emea-stage-2-lr2,VCT 2026: EMEA Stage 2
kaajak,FNC,3,0,1,0,1,0,0,0,0,61,2,0,Breeze,2026-08-14 13:30:00,https://www.vlr.gg/729680/joblife-vs-fnatic-vct-2026-emea-stage-2-lr2,VCT 2026: EMEA Stage 2
Alfajer,FNC,3,1,1,0,0,0,0,0,0,56,0,0,Breeze,2026-08-14 13:30:00,https://www.vlr.gg/729680/joblife-vs-fnatic-vct-2026-emea-stage-2-lr2,VCT 2026: EMEA Stage 2
DeadInk,FF,3,4,0,0,0,0,0,0,0,46,2,1,all,2026-08-15 11:00:00,https://www.vlr.gg/729673/fire-flux-esports-vs-enterprise-esports-vct-2026-emea-stage-2-ubsf,VCT 2026: EMEA Stage 2
reazy,FF,5,2,0,0,0,0,0,0,0,50,2,0,all,2026-08-15 11:00:00,https://www.vlr.gg/729673/fire-flux-esports-vs-enterprise-esports-vct-2026-emea-stage-2-ubsf,VCT 2026: EMEA Stage 2
batujnax,FF,6,3,0,0,1,0,0,0,0,46,10,1,all,2026-08-15 11:00:00,https://www.vlr.gg/729673/fire-flux-esports-vs-enterprise-esports-vct-2026-emea-stage-2-ubsf,VCT 2026: EMEA Stage 2
hezacoil,FF,5,1,0,0,2,0,0,0,0,44,1,2,all,2026-08-15 11:00:00,https://www.vlr.gg/729673/fire-flux-esports-vs-enterprise-esports-vct-2026-emea-stage-2-ubsf,VCT 2026: EMEA Stage 2
Kachoww,FF,6,3,0,0,0,0,0,0,0,49,1,0,all,2026-08-15 11:00:00,https://www.vlr.gg/729673/fire-flux-esports-vs-enterprise-esports-vct-2026-emea-stage-2-ubsf,VCT 2026: EMEA Stage 2
paTiTek,EP,3,2,0,0,0,0,1,0,0,53,2,0,all,2026-08-15 11:00:00,https://www.vlr.gg/729673/fire-flux-esports-vs-enterprise-esports-vct-2026-emea-stage-2-ubsf,VCT 2026: EMEA Stage 2
MAGNUM,EP,5,6,0,0,0,1,0,0,0,65,0,2,all,2026-08-15 11:00:00,https://www.vlr.gg/729673/fire-flux-esports-vs-enterprise-esports-vct-2026-emea-stage-2-ubsf,VCT 2026: EMEA Stage 2
iluri,EP,8,0,1,0,2,1,0,0,0,42,11,1,all,2026-08-15 11:00:00,https://www.vlr.gg/729673/fire-flux-esports-vs-enterprise-esports-vct-2026-emea-stage-2-ubsf,VCT 2026: EMEA Stage 2
Lime,EP,8,3,0,0,0,1,0,0,0,56,1,1,all,2026-08-15 11:00:00,https://www.vlr.gg/729673/fire-flux-esports-vs-enterprise-esports-vct-2026-emea-stage-2-ubsf,VCT 2026: EMEA Stage 2
kozzy,EP,5,1,1,1,1,0,0,0,0,50,2,2,all,2026-08-15 11:00:00,https://www.vlr.gg/729673/fire-flux-esports-vs-enterprise-esports-vct-2026-emea-stage-2-ubsf,VCT 2026: EMEA Stage 2
DeadInk,FF,1,3,0,0,0,0,0,0,0,47,2,1,Lotus,2026-08-15 11:00:00,https://www.vlr.gg/729673/fire-flux-esports-vs-enterprise-esports-vct-2026-emea-stage-2-ubsf,VCT 2026: EMEA Stage 2
reazy,FF,3,1,0,0,0,0,0,0,0,48,1,0,Lotus,2026-08-15 11:00:00,https://www.vlr.gg/729673/fire-flux-esports-vs-enterprise-esports-vct-2026-emea-stage-2-ubsf,VCT 2026: EMEA Stage 2
batujnax,FF,2,1,0,0,1,0,0,0,0,39,7,1,Lotus,2026-08-15 11:00:00,https://www.vlr.gg/729673/fire-flux-esports-vs-enterprise-esports-vct-2026-emea-stage-2-ubsf,VCT 2026: EMEA Stage 2
hezacoil,FF,3,0,0,0,1,0,0,0,0,42,1,0,Lotus,2026-08-15 11:00:00,https://www.vlr.gg/729673/fire-flux-esports-vs-enterprise-esports-vct-2026-emea-stage-2-ubsf,VCT 2026: EMEA Stage 2
Kachoww,FF,4,2,0,0,0,0,0,0,0,48,0,0,Lotus,2026-08-15 11:00:00,https://www.vlr.gg/729673/fire-flux-esports-vs-enterprise-esports-vct-2026-emea-stage-2-ubsf,VCT 2026: EMEA Stage 2
paTiTek,EP,0,1,0,0,0,0,0,0,0,39,1,0,Lotus,2026-08-15 11:00:00,https://www.vlr.gg/729673/fire-flux-esports-vs-enterprise-esports-vct-2026-emea-stage-2-ubsf,VCT 2026: EMEA Stage 2
MAGNUM,EP,2,5,0,0,0,1,0,0,0,71,0,1,Lotus,2026-08-15 11:00:00,https://www.vlr.gg/729673/fire-flux-esports-vs-enterprise-esports-vct-2026-emea-stage-2-ubsf,VCT 2026: EMEA Stage 2
iluri,EP,5,0,1,0,2,1,0,0,0,52,7,0,Lotus,2026-08-15 11:00:00,https://www.vlr.gg/729673/fire-flux-esports-vs-enterprise-esports-vct-2026-emea-stage-2-ubsf,VCT 2026: EMEA Stage 2
Lime,EP,4,1,0,0,0,0,0,0,0,44,0,1,Lotus,2026-08-15 11:00:00,https://www.vlr.gg/729673/fire-flux-esports-vs-enterprise-esports-vct-2026-emea-stage-2-ubsf,VCT 2026: EMEA Stage 2
kozzy,EP,1,1,0,1,1,0,0,0,0,51,2,2,Lotus,2026-08-15 11:00:00,https://www.vlr.gg/729673/fire-flux-esports-vs-enterprise-esports-vct-2026-emea-stage-2-ubsf,VCT 2026: EMEA Stage 2
DeadInk,FF,2,1,0,0,0,0,0,0,0,45,0,0,Split,2026-08-15 11:00:00,https://www.vlr.gg/729673/fire-flux-esports-vs-enterprise-esports-vct-2026-emea-stage-2-ubsf,VCT 2026: EMEA Stage 2
reazy,FF,2,1,0,0,0,0,0,0,0,52,1,0,Split,2026-08-15 11:00:00,https://www.vlr.gg/729673/fire-flux-esports-vs-enterprise-esports-vct-2026-emea-stage-2-ubsf,VCT 2026: EMEA Stage 2
batujnax,FF,4,2,0,0,0,0,0,0,0,52,3,0,Split,2026-08-15 11:00:00,https://www.vlr.gg/729673/fire-flux-esports-vs-enterprise-esports-vct-2026-emea-stage-2-ubsf,VCT 2026: EMEA Stage 2
hezacoil,FF,2,1,0,0,1,0,0,0,0,45,0,2,Split,2026-08-15 11:00:00,https://www.vlr.gg/729673/fire-flux-esports-vs-enterprise-esports-vct-2026-emea-stage-2-ubsf,VCT 2026: EMEA Stage 2
Kachoww,FF,2,1,0,0,0,0,0,0,0,50,1,0,Split,2026-08-15 11:00:00,https://www.vlr.gg/729673/fire-flux-esports-vs-enterprise-esports-vct-2026-emea-stage-2-ubsf,VCT 2026: EMEA Stage 2
paTiTek,EP,3,1,0,0,0,0,1,0,0,66,1,0,Split,2026-08-15 11:00:00,https://www.vlr.gg/729673/fire-flux-esports-vs-enterprise-esports-vct-2026-emea-stage-2-ubsf,VCT 2026: EMEA Stage 2
MAGNUM,EP,3,1,0,0,0,0,0,0,0,58,0,1,Split,2026-08-15 11:00:00,https://www.vlr.gg/729673/fire-flux-esports-vs-enterprise-esports-vct-2026-emea-stage-2-ubsf,VCT 2026: EMEA Stage 2
iluri,EP,3,0,0,0,0,0,0,0,0,31,4,1,Split,2026-08-15 11:00:00,https://www.vlr.gg/729673/fire-flux-esports-vs-enterprise-esports-vct-2026-emea-stage-2-ubsf,VCT 2026: EMEA Stage 2
Lime,EP,4,2,0,0,0,1,0,0,0,68,1,0,Split,2026-08-15 11:00:00,https://www.vlr.gg/729673/fire-flux-esports-vs-enterprise-esports-vct-2026-emea-stage-2-ubsf,VCT 2026: EMEA Stage 2
kozzy,EP,4,0,1,0,0,0,0,0,0,49,0,0,Split,2026-08-15 11:00:00,https://www.vlr.gg/729673/fire-flux-esports-vs-enterprise-esports-vct-2026-emea-stage-2-ubsf,VCT 2026: EMEA Stage 2
sociablEE,FUT,1,0,0,0,0,0,0,0,0,25,0,0,all,2026-08-15 13:30:00,https://www.vlr.gg/729672/fut-esports-vs-eternal-fire-vct-2026-emea-stage-2-ubsf,VCT 2026: EMEA Stage 2
yetujey,FUT,8,3,0,0,1,0,2,0,0,73,3,1,all,2026-08-15 13:30:00,https://www.vlr.gg/729672/fut-esports-vs-eternal-fire-vct-2026-emea-stage-2-ubsf,VCT 2026: EMEA Stage 2
xeus,FUT,11,3,2,0,1,1,0,0,0,70,1,2,all,2026-08-15 13:30:00,https://www.vlr.gg/729672/fut-esports-vs-eternal-fire-vct-2026-emea-stage-2-ubsf,VCT 2026: EMEA Stage 2
KROSTALY,FUT,4,1,0,0,0,0,0,0,0,50,10,3,all,2026-08-15 13:30:00,https://www.vlr.gg/729672/fut-esports-vs-eternal-fire-vct-2026-emea-stage-2-ubsf,VCT 2026: EMEA Stage 2
s0pp,FUT,5,3,2,0,1,0,0,0,0,56,1,1,all,2026-08-15 13:30:00,https://www.vlr.gg/729672/fut-esports-vs-eternal-fire-vct-2026-emea-stage-2-ubsf,VCT 2026: EMEA Stage 2
nekky,EF,2,4,0,0,0,1,0,0,0,48,10,0,all,2026-08-15 13:30:00,https://www.vlr.gg/729672/fut-esports-vs-eternal-fire-vct-2026-emea-stage-2-ubsf,VCT 2026: EMEA Stage 2
audaz,EF,5,0,1,0,3,0,1,0,0,34,7,2,all,2026-08-15 13:30:00,https://www.vlr.gg/729672/fut-esports-vs-eternal-fire-vct-2026-emea-stage-2-ubsf,VCT 2026: EMEA Stage 2
Spear,EF,8,2,1,0,0,0,0,0,0,62,1,2,all,2026-08-15 13:30:00,https://www.vlr.gg/729672/fut-esports-vs-eternal-fire-vct-2026-emea-stage-2-ubsf,VCT 2026: EMEA Stage 2
Favian,EF,4,3,1,0,0,0,0,0,0,40,0,0,all,2026-08-15 13:30:00,https://www.vlr.gg/729672/fut-esports-vs-eternal-fire-vct-2026-emea-stage-2-ubsf,VCT 2026: EMEA Stage 2
echo,EF,6,5,0,0,0,1,0,0,0,52,1,0,all,2026-08-15 13:30:00,https://www.vlr.gg/729672/fut-esports-vs-eternal-fire-vct-2026-emea-stage-2-ubsf,VCT 2026: EMEA Stage 2
sociablEE,FUT,1,0,0,0,0,0,0,0,0,25,0,0,Lotus,2026-08-15 13:30:00,https://www.vlr.gg/729672/fut-esports-vs-eternal-fire-vct-2026-emea-stage-2-ubsf,VCT 2026: EMEA Stage 2
yetujey,FUT,4,2,0,0,0,0,2,0,0,66,2,1,Lotus,2026-08-15 13:30:00,https://www.vlr.gg/729672/fut-esports-vs-eternal-fire-vct-2026-emea-stage-2-ubsf,VCT 2026: EMEA Stage 2
xeus,FUT,8,1,2,0,1,1,0,0,0,62,1,2,Lotus,2026-08-15 13:30:00,https://www.vlr.gg/729672/fut-esports-vs-eternal-fire-vct-2026-emea-stage-2-ubsf,VCT 2026: EMEA Stage 2
KROSTALY,FUT,2,0,0,0,0,0,0,0,0,33,6,2,Lotus,2026-08-15 13:30:00,https://www.vlr.gg/729672/fut-esports-vs-eternal-fire-vct-2026-emea-stage-2-ubsf,VCT 2026: EMEA Stage 2
s0pp,FUT,1,2,0,0,0,0,0,0,0,41,0,1,Lotus,2026-08-15 13:30:00,https://www.vlr.gg/729672/fut-esports-vs-eternal-fire-vct-2026-emea-stage-2-ubsf,VCT 2026: EMEA Stage 2
nekky,EF,0,3,0,0,0,0,0,0,0,42,6,0,Lotus,2026-08-15 13:30:00,https://www.vlr.gg/729672/fut-esports-vs-eternal-fire-vct-2026-emea-stage-2-ubsf,VCT 2026: EMEA Stage 2
audaz,EF,3,0,1,0,1,0,1,0,0,31,4,1,Lotus,2026-08-15 13:30:00,https://www.vlr.gg/729672/fut-esports-vs-eternal-fire-vct-2026-emea-stage-2-ubsf,VCT 2026: EMEA Stage 2
Spear,EF,3,2,1,0,0,0,0,0,0,70,1,2,Lotus,2026-08-15 13:30:00,https://www.vlr.gg/729672/fut-esports-vs-eternal-fire-vct-2026-emea-stage-2-ubsf,VCT 2026: EMEA Stage 2
Favian,EF,3,0,1,0,0,0,0,0,0,33,0,0,Lotus,2026-08-15 13:30:00,https://www.vlr.gg/729672/fut-esports-vs-eternal-fire-vct-2026-emea-stage-2-ubsf,VCT 2026: EMEA Stage 2
echo,EF,2,5,0,0,0,1,0,0,0,51,1,0,Lotus,2026-08-15 13:30:00,https://www.vlr.gg/729672/fut-esports-vs-eternal-fire-vct-2026-emea-stage-2-ubsf,VCT 2026: EMEA Stage 2
sociablEE,FUT,0,0,0,0,0,0,0,0,0,25,0,0,Ascent,2026-08-15 13:30:00,https://www.vlr.gg/729672/fut-esports-vs-eternal-fire-vct-2026-emea-stage-2-ubsf,VCT 2026: EMEA Stage 2
yetujey,FUT,4,1,0,0,1,0,0,0,0,79,1,0,Ascent,2026-08-15 13:30:00,https://www.vlr.gg/729672/fut-esports-vs-eternal-fire-vct-2026-emea-stage-2-ubsf,VCT 2026: EMEA Stage 2
xeus,FUT,3,2,0,0,0,0,0,0,0,78,0,0,Ascent,2026-08-15 13:30:00,https://www.vlr.gg/729672/fut-esports-vs-eternal-fire-vct-2026-emea-stage-2-ubsf,VCT 2026: EMEA Stage 2
KROSTALY,FUT,2,1,0,0,0,0,0,0,0,66,4,1,Ascent,2026-08-15 13:30:00,https://www.vlr.gg/729672/fut-esports-vs-eternal-fire-vct-2026-emea-stage-2-ubsf,VCT 2026: EMEA Stage 2
s0pp,FUT,4,1,2,0,1,0,0,0,0,70,1,0,Ascent,2026-08-15 13:30:00,https://www.vlr.gg/729672/fut-esports-vs-eternal-fire-vct-2026-emea-stage-2-ubsf,VCT 2026: EMEA Stage 2
nekky,EF,2,1,0,0,0,1,0,0,0,53,4,0,Ascent,2026-08-15 13:30:00,https://www.vlr.gg/729672/fut-esports-vs-eternal-fire-vct-2026-emea-stage-2-ubsf,VCT 2026: EMEA Stage 2
audaz,EF,2,0,0,0,2,0,0,0,0,37,3,1,Ascent,2026-08-15 13:30:00,https://www.vlr.gg/729672/fut-esports-vs-eternal-fire-vct-2026-emea-stage-2-ubsf,VCT 2026: EMEA Stage 2
Spear,EF,5,0,0,0,0,0,0,0,0,53,0,0,Ascent,2026-08-15 13:30:00,https://www.vlr.gg/729672/fut-esports-vs-eternal-fire-vct-2026-emea-stage-2-ubsf,VCT 2026: EMEA Stage 2
Favian,EF,1,3,0,0,0,0,0,0,0,47,0,0,Ascent,2026-08-15 13:30:00,https://www.vlr.gg/729672/fut-esports-vs-eternal-fire-vct-2026-emea-stage-2-ubsf,VCT 2026: EMEA Stage 2
echo,EF,4,0,0,0,0,0,0,0,0,53,0,0,Ascent,2026-08-15 13:30:00,https://www.vlr.gg/729672/fut-esports-vs-eternal-fire-vct-2026-emea-stage-2-ubsf,VCT 2026: EMEA Stage 2
nekky,EF,4,1,1,0,1,0,0,0,0,52,7,1,all,2026-08-16 09:00:00,https://www.vlr.gg/729681/eternal-fire-vs-eintracht-frankfurt-vct-2026-emea-stage-2-lr3,VCT 2026: EMEA Stage 2
audaz,EF,5,1,0,0,1,0,0,0,0,46,2,0,all,2026-08-16 09:00:00,https://www.vlr.gg/729681/eternal-fire-vs-eintracht-frankfurt-vct-2026-emea-stage-2-lr3,VCT 2026: EMEA Stage 2
Spear,EF,5,0,0,0,0,0,0,0,0,46,1,1,all,2026-08-16 09:00:00,https://www.vlr.gg/729681/eternal-fire-vs-eintracht-frankfurt-vct-2026-emea-stage-2-lr3,VCT 2026: EMEA Stage 2
Favian,EF,8,2,1,0,0,1,1,0,0,49,1,1,all,2026-08-16 09:00:00,https://www.vlr.gg/729681/eternal-fire-vs-eintracht-frankfurt-vct-2026-emea-stage-2-lr3,VCT 2026: EMEA Stage 2
echo,EF,9,1,0,0,0,0,0,0,0,49,1,1,all,2026-08-16 09:00:00,https://www.vlr.gg/729681/eternal-fire-vs-eintracht-frankfurt-vct-2026-emea-stage-2-lr3,VCT 2026: EMEA Stage 2
MONSTEERR,SGE,12,4,1,0,2,2,0,0,0,86,3,1,all,2026-08-16 09:00:00,https://www.vlr.gg/729681/eternal-fire-vs-eintracht-frankfurt-vct-2026-emea-stage-2-lr3,VCT 2026: EMEA Stage 2
musashi,SGE,7,1,0,0,0,0,0,0,0,56,8,1,all,2026-08-16 09:00:00,https://www.vlr.gg/729681/eternal-fire-vs-eintracht-frankfurt-vct-2026-emea-stage-2-lr3,VCT 2026: EMEA Stage 2
azury,SGE,5,1,1,0,0,0,0,0,0,58,6,0,all,2026-08-16 09:00:00,https://www.vlr.gg/729681/eternal-fire-vs-eintracht-frankfurt-vct-2026-emea-stage-2-lr3,VCT 2026: EMEA Stage 2
Fizzy,SGE,5,1,0,0,0,1,0,0,0,36,2,0,all,2026-08-16 09:00:00,https://www.vlr.gg/729681/eternal-fire-vs-eintracht-frankfurt-vct-2026-emea-stage-2-lr3,VCT 2026: EMEA Stage 2
Jamelinho213,SGE,11,0,1,0,0,0,0,0,0,54,0,0,all,2026-08-16 09:00:00,https://www.vlr.gg/729681/eternal-fire-vs-eintracht-frankfurt-vct-2026-emea-stage-2-lr3,VCT 2026: EMEA Stage 2
nekky,EF,1,1,1,0,1,0,0,0,0,52,5,1,Lotus,2026-08-16 09:00:00,https://www.vlr.gg/729681/eternal-fire-vs-eintracht-frankfurt-vct-2026-emea-stage-2-lr3,VCT 2026: EMEA Stage 2
audaz,EF,3,1,0,0,0,0,0,0,0,58,2,0,Lotus,2026-08-16 09:00:00,https://www.vlr.gg/729681/eternal-fire-vs-eintracht-frankfurt-vct-2026-emea-stage-2-lr3,VCT 2026: EMEA Stage 2
Spear,EF,4,0,0,0,0,0,0,0,0,54,1,1,Lotus,2026-08-16 09:00:00,https://www.vlr.gg/729681/eternal-fire-vs-eintracht-frankfurt-vct-2026-emea-stage-2-lr3,VCT 2026: EMEA Stage 2
Favian,EF,4,1,1,0,0,1,0,0,0,55,0,0,Lotus,2026-08-16 09:00:00,https://www.vlr.gg/729681/eternal-fire-vs-eintracht-frankfurt-vct-2026-emea-stage-2-lr3,VCT 2026: EMEA Stage 2
echo,EF,4,0,0,0,0,0,0,0,0,41,0,1,Lotus,2026-08-16 09:00:00,https://www.vlr.gg/729681/eternal-fire-vs-eintracht-frankfurt-vct-2026-emea-stage-2-lr3,VCT 2026: EMEA Stage 2
MONSTEERR,SGE,6,3,1,0,2,2,0,0,0,94,1,1,Lotus,2026-08-16 09:00:00,https://www.vlr.gg/729681/eternal-fire-vs-eintracht-frankfurt-vct-2026-emea-stage-2-lr3,VCT 2026: EMEA Stage 2
musashi,SGE,3,0,0,0,0,0,0,0,0,33,7,1,Lotus,2026-08-16 09:00:00,https://www.vlr.gg/729681/eternal-fire-vs-eintracht-frankfurt-vct-2026-emea-stage-2-lr3,VCT 2026: EMEA Stage 2
azury,SGE,4,0,1,0,0,0,0,0,0,63,1,0,Lotus,2026-08-16 09:00:00,https://www.vlr.gg/729681/eternal-fire-vs-eintracht-frankfurt-vct-2026-emea-stage-2-lr3,VCT 2026: EMEA Stage 2
Fizzy,SGE,3,0,0,0,0,0,0,0,0,32,1,0,Lotus,2026-08-16 09:00:00,https://www.vlr.gg/729681/eternal-fire-vs-eintracht-frankfurt-vct-2026-emea-stage-2-lr3,VCT 2026: EMEA Stage 2
Jamelinho213,SGE,5,0,0,0,0,0,0,0,0,52,0,0,Lotus,2026-08-16 09:00:00,https://www.vlr.gg/729681/eternal-fire-vs-eintracht-frankfurt-vct-2026-emea-stage-2-lr3,VCT 2026: EMEA Stage 2
nekky,EF,3,0,0,0,0,0,0,0,0,51,2,0,Split,2026-08-16 09:00:00,https://www.vlr.gg/729681/eternal-fire-vs-eintracht-frankfurt-vct-2026-emea-stage-2-lr3,VCT 2026: EMEA Stage 2
audaz,EF,2,0,0,0,1,0,0,0,0,33,0,0,Split,2026-08-16 09:00:00,https://www.vlr.gg/729681/eternal-fire-vs-eintracht-frankfurt-vct-2026-emea-stage-2-lr3,VCT 2026: EMEA Stage 2
Spear,EF,1,0,0,0,0,0,0,0,0,37,0,0,Split,2026-08-16 09:00:00,https://www.vlr.gg/729681/eternal-fire-vs-eintracht-frankfurt-vct-2026-emea-stage-2-lr3,VCT 2026: EMEA Stage 2
Favian,EF,4,1,0,0,0,0,1,0,0,42,1,1,Split,2026-08-16 09:00:00,https://www.vlr.gg/729681/eternal-fire-vs-eintracht-frankfurt-vct-2026-emea-stage-2-lr3,VCT 2026: EMEA Stage 2
echo,EF,5,1,0,0,0,0,0,0,0,57,1,0,Split,2026-08-16 09:00:00,https://www.vlr.gg/729681/eternal-fire-vs-eintracht-frankfurt-vct-2026-emea-stage-2-lr3,VCT 2026: EMEA Stage 2
MONSTEERR,SGE,6,1,0,0,0,0,0,0,0,78,2,0,Split,2026-08-16 09:00:00,https://www.vlr.gg/729681/eternal-fire-vs-eintracht-frankfurt-vct-2026-emea-stage-2-lr3,VCT 2026: EMEA Stage 2
musashi,SGE,4,1,0,0,0,0,0,0,0,78,1,0,Split,2026-08-16 09:00:00,https://www.vlr.gg/729681/eternal-fire-vs-eintracht-frankfurt-vct-2026-emea-stage-2-lr3,VCT 2026: EMEA Stage 2
azury,SGE,1,1,0,0,0,0,0,0,0,53,5,0,Split,2026-08-16 09:00:00,https://www.vlr.gg/729681/eternal-fire-vs-eintracht-frankfurt-vct-2026-emea-stage-2-lr3,VCT 2026: EMEA Stage 2
Fizzy,SGE,2,1,0,0,0,1,0,0,0,39,1,0,Split,2026-08-16 09:00:00,https://www.vlr.gg/729681/eternal-fire-vs-eintracht-frankfurt-vct-2026-emea-stage-2-lr3,VCT 2026: EMEA Stage 2
Jamelinho213,SGE,6,0,1,0,0,0,0,0,0,56,0,0,Split,2026-08-16 09:00:00,https://www.vlr.gg/729681/eternal-fire-vs-eintracht-frankfurt-vct-2026-emea-stage-2-lr3,VCT 2026: EMEA Stage 2
DeadInk,FF,4,0,0,1,0,0,0,0,0,36,2,0,all,2026-08-16 11:10:00,https://www.vlr.gg/729682/fire-flux-esports-vs-joblife-vct-2026-emea-stage-2-lr3,VCT 2026: EMEA Stage 2
reazy,FF,5,2,0,0,3,0,0,0,0,64,1,3,all,2026-08-16 11:10:00,https://www.vlr.gg/729682/fire-flux-esports-vs-joblife-vct-2026-emea-stage-2-lr3,VCT 2026: EMEA Stage 2
batujnax,FF,2,0,0,0,0,0,0,0,0,31,7,0,all,2026-08-16 11:10:00,https://www.vlr.gg/729682/fire-flux-esports-vs-joblife-vct-2026-emea-stage-2-lr3,VCT 2026: EMEA Stage 2
hezacoil,FF,6,6,1,0,1,1,0,0,0,90,2,0,all,2026-08-16 11:10:00,https://www.vlr.gg/729682/fire-flux-esports-vs-joblife-vct-2026-emea-stage-2-lr3,VCT 2026: EMEA Stage 2
Kachoww,FF,6,3,1,0,0,0,0,0,0,60,0,0,all,2026-08-16 11:10:00,https://www.vlr.gg/729682/fire-flux-esports-vs-joblife-vct-2026-emea-stage-2-lr3,VCT 2026: EMEA Stage 2
doma,JL,6,2,0,0,0,0,0,0,0,65,2,0,all,2026-08-16 11:10:00,https://www.vlr.gg/729682/fire-flux-esports-vs-joblife-vct-2026-emea-stage-2-lr3,VCT 2026: EMEA Stage 2
kamyk,JL,3,3,0,0,0,1,0,0,0,41,1,0,all,2026-08-16 11:10:00,https://www.vlr.gg/729682/fire-flux-esports-vs-joblife-vct-2026-emea-stage-2-lr3,VCT 2026: EMEA Stage 2
UNFAKE,JL,6,2,0,0,0,0,0,0,0,39,7,1,all,2026-08-16 11:10:00,https://www.vlr.gg/729682/fire-flux-esports-vs-joblife-vct-2026-emea-stage-2-lr3,VCT 2026: EMEA Stage 2
runneR,JL,7,0,0,0,0,0,0,0,0,52,1,1,all,2026-08-16 11:10:00,https://www.vlr.gg/729682/fire-flux-esports-vs-joblife-vct-2026-emea-stage-2-lr3,VCT 2026: EMEA Stage 2
Pa1ze,JL,8,0,0,0,0,0,0,0,0,51,0,0,all,2026-08-16 11:10:00,https://www.vlr.gg/729682/fire-flux-esports-vs-joblife-vct-2026-emea-stage-2-lr3,VCT 2026: EMEA Stage 2
DeadInk,FF,1,0,0,0,0,0,0,0,0,24,1,0,Split,2026-08-16 11:10:00,https://www.vlr.gg/729682/fire-flux-esports-vs-joblife-vct-2026-emea-stage-2-lr3,VCT 2026: EMEA Stage 2
reazy,FF,2,2,0,0,2,0,0,0,0,72,0,2,Split,2026-08-16 11:10:00,https://www.vlr.gg/729682/fire-flux-esports-vs-joblife-vct-2026-emea-stage-2-lr3,VCT 2026: EMEA Stage 2
batujnax,FF,1,0,0,0,0,0,0,0,0,28,4,0,Split,2026-08-16 11:10:00,https://www.vlr.gg/729682/fire-flux-esports-vs-joblife-vct-2026-emea-stage-2-lr3,VCT 2026: EMEA Stage 2
hezacoil,FF,3,4,0,0,1,1,0,0,0,98,2,0,Split,2026-08-16 11:10:00,https://www.vlr.gg/729682/fire-flux-esports-vs-joblife-vct-2026-emea-stage-2-lr3,VCT 2026: EMEA Stage 2
Kachoww,FF,4,2,0,0,0,0,0,0,0,61,0,0,Split,2026-08-16 11:10:00,https://www.vlr.gg/729682/fire-flux-esports-vs-joblife-vct-2026-emea-stage-2-lr3,VCT 2026: EMEA Stage 2
doma,JL,3,1,0,0,0,0,0,0,0,65,2,0,Split,2026-08-16 11:10:00,https://www.vlr.gg/729682/fire-flux-esports-vs-joblife-vct-2026-emea-stage-2-lr3,VCT 2026: EMEA Stage 2
kamyk,JL,1,1,0,0,0,1,0,0,0,41,0,0,Split,2026-08-16 11:10:00,https://www.vlr.gg/729682/fire-flux-esports-vs-joblife-vct-2026-emea-stage-2-lr3,VCT 2026: EMEA Stage 2
UNFAKE,JL,3,0,0,0,0,0,0,0,0,40,4,1,Split,2026-08-16 11:10:00,https://www.vlr.gg/729682/fire-flux-esports-vs-joblife-vct-2026-emea-stage-2-lr3,VCT 2026: EMEA Stage 2
runneR,JL,5,0,0,0,0,0,0,0,0,68,0,0,Split,2026-08-16 11:10:00,https://www.vlr.gg/729682/fire-flux-esports-vs-joblife-vct-2026-emea-stage-2-lr3,VCT 2026: EMEA Stage 2
Pa1ze,JL,4,0,0,0,0,0,0,0,0,50,0,0,Split,2026-08-16 11:10:00,https://www.vlr.gg/729682/fire-flux-esports-vs-joblife-vct-2026-emea-stage-2-lr3,VCT 2026: EMEA Stage 2
DeadInk,FF,3,0,0,1,0,0,0,0,0,47,1,0,Lotus,2026-08-16 11:10:00,https://www.vlr.gg/729682/fire-flux-esports-vs-joblife-vct-2026-emea-stage-2-lr3,VCT 2026: EMEA Stage 2
reazy,FF,3,0,0,0,1,0,0,0,0,56,1,1,Lotus,2026-08-16 11:10:00,https://www.vlr.gg/729682/fire-flux-esports-vs-joblife-vct-2026-emea-stage-2-lr3,VCT 2026: EMEA Stage 2
batujnax,FF,1,0,0,0,0,0,0,0,0,34,3,0,Lotus,2026-08-16 11:10:00,https://www.vlr.gg/729682/fire-flux-esports-vs-joblife-vct-2026-emea-stage-2-lr3,VCT 2026: EMEA Stage 2
hezacoil,FF,3,2,1,0,0,0,0,0,0,81,0,0,Lotus,2026-08-16 11:10:00,https://www.vlr.gg/729682/fire-flux-esports-vs-joblife-vct-2026-emea-stage-2-lr3,VCT 2026: EMEA Stage 2
Kachoww,FF,2,1,1,0,0,0,0,0,0,58,0,0,Lotus,2026-08-16 11:10:00,https://www.vlr.gg/729682/fire-flux-esports-vs-joblife-vct-2026-emea-stage-2-lr3,VCT 2026: EMEA Stage 2
doma,JL,3,1,0,0,0,0,0,0,0,64,0,0,Lotus,2026-08-16 11:10:00,https://www.vlr.gg/729682/fire-flux-esports-vs-joblife-vct-2026-emea-stage-2-lr3,VCT 2026: EMEA Stage 2
kamyk,JL,2,2,0,0,0,0,0,0,0,40,1,0,Lotus,2026-08-16 11:10:00,https://www.vlr.gg/729682/fire-flux-esports-vs-joblife-vct-2026-emea-stage-2-lr3,VCT 2026: EMEA Stage 2
UNFAKE,JL,3,2,0,0,0,0,0,0,0,37,3,0,Lotus,2026-08-16 11:10:00,https://www.vlr.gg/729682/fire-flux-esports-vs-joblife-vct-2026-emea-stage-2-lr3,VCT 2026: EMEA Stage 2
runneR,JL,2,0,0,0,0,0,0,0,0,36,1,1,Lotus,2026-08-16 11:10:00,https://www.vlr.gg/729682/fire-flux-esports-vs-joblife-vct-2026-emea-stage-2-lr3,VCT 2026: EMEA Stage 2
Pa1ze,JL,4,0,0,0,0,0,0,0,0,52,0,0,Lotus,2026-08-16 11:10:00,https://www.vlr.gg/729682/fire-flux-esports-vs-joblife-vct-2026-emea-stage-2-lr3,VCT 2026: EMEA Stage 2
Chronicle,VIT,9,8,0,0,0,1,0,0,0,82,2,1,all,2026-08-20 11:00:00,https://www.vlr.gg/731397/team-vitality-vs-enterprise-esports-vct-2026-emea-stage-2-ur1,VCT 2026: EMEA Stage 2
Derke,VIT,5,1,1,0,0,0,0,0,0,47,0,3,all,2026-08-20 11:00:00,https://www.vlr.gg/731397/team-vitality-vs-enterprise-esports-vct-2026-emea-stage-2-ur1,VCT 2026: EMEA Stage 2
PROFEK,VIT,4,2,0,0,1,0,0,0,0,40,4,1,all,2026-08-20 11:00:00,https://www.vlr.gg/731397/team-vitality-vs-enterprise-esports-vct-2026-emea-stage-2-ur1,VCT 2026: EMEA Stage 2
Jamppi,VIT,13,2,0,0,0,0,0,0,0,55,6,3,all,2026-08-20 11:00:00,https://www.vlr.gg/731397/team-vitality-vs-enterprise-esports-vct-2026-emea-stage-2-ur1,VCT 2026: EMEA Stage 2
Sayonara,VIT,9,2,1,0,1,0,0,0,0,56,3,1,all,2026-08-20 11:00:00,https://www.vlr.gg/731397/team-vitality-vs-enterprise-esports-vct-2026-emea-stage-2-ur1,VCT 2026: EMEA Stage 2
paTiTek,EP,7,1,0,0,0,1,0,0,0,45,4,1,all,2026-08-20 11:00:00,https://www.vlr.gg/731397/team-vitality-vs-enterprise-esports-vct-2026-emea-stage-2-ur1,VCT 2026: EMEA Stage 2
MAGNUM,EP,6,6,0,0,1,2,0,0,0,56,1,2,all,2026-08-20 11:00:00,https://www.vlr.gg/731397/team-vitality-vs-enterprise-esports-vct-2026-emea-stage-2-ur1,VCT 2026: EMEA Stage 2
iluri,EP,5,3,0,0,2,0,1,0,0,45,20,2,all,2026-08-20 11:00:00,https://www.vlr.gg/731397/team-vitality-vs-enterprise-esports-vct-2026-emea-stage-2-ur1,VCT 2026: EMEA Stage 2
Lime,EP,8,1,0,0,0,0,0,0,0,43,3,0,all,2026-08-20 11:00:00,https://www.vlr.gg/731397/team-vitality-vs-enterprise-esports-vct-2026-emea-stage-2-ur1,VCT 2026: EMEA Stage 2
kozzy,EP,10,6,1,0,0,0,0,0,0,64,0,1,all,2026-08-20 11:00:00,https://www.vlr.gg/731397/team-vitality-vs-enterprise-esports-vct-2026-emea-stage-2-ur1,VCT 2026: EMEA Stage 2
Chronicle,VIT,2,4,0,0,0,1,0,0,0,97,1,1,Summit,2026-08-20 11:00:00,https://www.vlr.gg/731397/team-vitality-vs-enterprise-esports-vct-2026-emea-stage-2-ur1,VCT 2026: EMEA Stage 2
Derke,VIT,2,1,1,0,0,0,0,0,0,63,0,2,Summit,2026-08-20 11:00:00,https://www.vlr.gg/731397/team-vitality-vs-enterprise-esports-vct-2026-emea-stage-2-ur1,VCT 2026: EMEA Stage 2
PROFEK,VIT,3,2,0,0,0,0,0,0,0,55,1,0,Summit,2026-08-20 11:00:00,https://www.vlr.gg/731397/team-vitality-vs-enterprise-esports-vct-2026-emea-stage-2-ur1,VCT 2026: EMEA Stage 2
Jamppi,VIT,4,1,0,0,0,0,0,0,0,72,1,2,Summit,2026-08-20 11:00:00,https://www.vlr.gg/731397/team-vitality-vs-enterprise-esports-vct-2026-emea-stage-2-ur1,VCT 2026: EMEA Stage 2
Sayonara,VIT,0,0,1,0,0,0,0,0,0,32,1,1,Summit,2026-08-20 11:00:00,https://www.vlr.gg/731397/team-vitality-vs-enterprise-esports-vct-2026-emea-stage-2-ur1,VCT 2026: EMEA Stage 2
paTiTek,EP,1,1,0,0,0,0,0,0,0,40,1,0,Summit,2026-08-20 11:00:00,https://www.vlr.gg/731397/team-vitality-vs-enterprise-esports-vct-2026-emea-stage-2-ur1,VCT 2026: EMEA Stage 2
MAGNUM,EP,2,0,0,0,0,0,0,0,0,34,1,1,Summit,2026-08-20 11:00:00,https://www.vlr.gg/731397/team-vitality-vs-enterprise-esports-vct-2026-emea-stage-2-ur1,VCT 2026: EMEA Stage 2
iluri,EP,0,1,0,0,1,0,0,0,0,33,5,1,Summit,2026-08-20 11:00:00,https://www.vlr.gg/731397/team-vitality-vs-enterprise-esports-vct-2026-emea-stage-2-ur1,VCT 2026: EMEA Stage 2
Lime,EP,4,0,0,0,0,0,0,0,0,45,1,0,Summit,2026-08-20 11:00:00,https://www.vlr.gg/731397/team-vitality-vs-enterprise-esports-vct-2026-emea-stage-2-ur1,VCT 2026: EMEA Stage 2
kozzy,EP,1,3,0,0,0,0,0,0,0,62,0,1,Summit,2026-08-20 11:00:00,https://www.vlr.gg/731397/team-vitality-vs-enterprise-esports-vct-2026-emea-stage-2-ur1,VCT 2026: EMEA Stage 2
Chronicle,VIT,5,2,0,0,0,0,0,0,0,74,1,0,Abyss,2026-08-20 11:00:00,https://www.vlr.gg/731397/team-vitality-vs-enterprise-esports-vct-2026-emea-stage-2-ur1,VCT 2026: EMEA Stage 2
Derke,VIT,2,0,0,0,0,0,0,0,0,30,0,0,Abyss,2026-08-20 11:00:00,https://www.vlr.gg/731397/team-vitality-vs-enterprise-esports-vct-2026-emea-stage-2-ur1,VCT 2026: EMEA Stage 2
PROFEK,VIT,1,0,0,0,1,0,0,0,0,37,3,1,Abyss,2026-08-20 11:00:00,https://www.vlr.gg/731397/team-vitality-vs-enterprise-esports-vct-2026-emea-stage-2-ur1,VCT 2026: EMEA Stage 2
Jamppi,VIT,5,1,0,0,0,0,0,0,0,42,3,1,Abyss,2026-08-20 11:00:00,https://www.vlr.gg/731397/team-vitality-vs-enterprise-esports-vct-2026-emea-stage-2-ur1,VCT 2026: EMEA Stage 2
Sayonara,VIT,7,1,0,0,1,0,0,0,0,72,2,0,Abyss,2026-08-20 11:00:00,https://www.vlr.gg/731397/team-vitality-vs-enterprise-esports-vct-2026-emea-stage-2-ur1,VCT 2026: EMEA Stage 2
paTiTek,EP,4,0,0,0,0,1,0,0,0,51,1,1,Abyss,2026-08-20 11:00:00,https://www.vlr.gg/731397/team-vitality-vs-enterprise-esports-vct-2026-emea-stage-2-ur1,VCT 2026: EMEA Stage 2
MAGNUM,EP,1,3,0,0,0,0,0,0,0,55,0,0,Abyss,2026-08-20 11:00:00,https://www.vlr.gg/731397/team-vitality-vs-enterprise-esports-vct-2026-emea-stage-2-ur1,VCT 2026: EMEA Stage 2
iluri,EP,2,0,0,0,0,0,0,0,0,33,8,1,Abyss,2026-08-20 11:00:00,https://www.vlr.gg/731397/team-vitality-vs-enterprise-esports-vct-2026-emea-stage-2-ur1,VCT 2026: EMEA Stage 2
Lime,EP,1,1,0,0,0,0,0,0,0,36,1,0,Abyss,2026-08-20 11:00:00,https://www.vlr.gg/731397/team-vitality-vs-enterprise-esports-vct-2026-emea-stage-2-ur1,VCT 2026: EMEA Stage 2
kozzy,EP,7,2,1,0,0,0,0,0,0,84,0,0,Abyss,2026-08-20 11:00:00,https://www.vlr.gg/731397/team-vitality-vs-enterprise-esports-vct-2026-emea-stage-2-ur1,VCT 2026: EMEA Stage 2
Chronicle,VIT,2,2,0,0,0,0,0,0,0,76,0,0,Lotus,2026-08-20 11:00:00,https://www.vlr.gg/731397/team-vitality-vs-enterprise-esports-vct-2026-emea-stage-2-ur1,VCT 2026: EMEA Stage 2
Derke,VIT,1,0,0,0,0,0,0,0,0,49,0,1,Lotus,2026-08-20 11:00:00,https://www.vlr.gg/731397/team-vitality-vs-enterprise-esports-vct-2026-emea-stage-2-ur1,VCT 2026: EMEA Stage 2
PROFEK,VIT,0,0,0,0,0,0,0,0,0,29,0,0,Lotus,2026-08-20 11:00:00,https://www.vlr.gg/731397/team-vitality-vs-enterprise-esports-vct-2026-emea-stage-2-ur1,VCT 2026: EMEA Stage 2
Jamppi,VIT,4,0,0,0,0,0,0,0,0,52,2,0,Lotus,2026-08-20 11:00:00,https://www.vlr.gg/731397/team-vitality-vs-enterprise-esports-vct-2026-emea-stage-2-ur1,VCT 2026: EMEA Stage 2
Sayonara,VIT,2,1,0,0,0,0,0,0,0,64,0,0,Lotus,2026-08-20 11:00:00,https://www.vlr.gg/731397/team-vitality-vs-enterprise-esports-vct-2026-emea-stage-2-ur1,VCT 2026: EMEA Stage 2
paTiTek,EP,2,0,0,0,0,0,0,0,0,43,2,0,Lotus,2026-08-20 11:00:00,https://www.vlr.gg/731397/team-vitality-vs-enterprise-esports-vct-2026-emea-stage-2-ur1,VCT 2026: EMEA Stage 2
MAGNUM,EP,3,3,0,0,1,2,0,0,0,79,0,1,Lotus,2026-08-20 11:00:00,https://www.vlr.gg/731397/team-vitality-vs-enterprise-esports-vct-2026-emea-stage-2-ur1,VCT 2026: EMEA Stage 2
iluri,EP,3,2,0,0,1,0,1,0,0,70,7,0,Lotus,2026-08-20 11:00:00,https://www.vlr.gg/731397/team-vitality-vs-enterprise-esports-vct-2026-emea-stage-2-ur1,VCT 2026: EMEA Stage 2
Lime,EP,3,0,0,0,0,0,0,0,0,49,1,0,Lotus,2026-08-20 11:00:00,https://www.vlr.gg/731397/team-vitality-vs-enterprise-esports-vct-2026-emea-stage-2-ur1,VCT 2026: EMEA Stage 2
kozzy,EP,2,1,0,0,0,0,0,0,0,47,0,0,Lotus,2026-08-20 11:00:00,https://www.vlr.gg/731397/team-vitality-vs-enterprise-esports-vct-2026-emea-stage-2-ur1,VCT 2026: EMEA Stage 2
nAts,TL,6,2,1,0,0,1,0,0,0,59,3,1,all,2026-08-20 14:00:00,https://www.vlr.gg/731396/team-liquid-vs-fut-esports-vct-2026-emea-stage-2-ur1,VCT 2026: EMEA Stage 2
purp0,TL,5,0,0,0,0,0,0,0,0,27,0,0,all,2026-08-20 14:00:00,https://www.vlr.gg/731396/team-liquid-vs-fut-esports-vct-2026-emea-stage-2-ur1,VCT 2026: EMEA Stage 2
trexx,TL,3,0,0,0,0,0,0,0,0,37,3,2,all,2026-08-20 14:00:00,https://www.vlr.gg/731396/team-liquid-vs-fut-esports-vct-2026-emea-stage-2-ur1,VCT 2026: EMEA Stage 2
Kicks,TL,5,0,1,0,1,0,0,0,0,37,7,1,all,2026-08-20 14:00:00,https://www.vlr.gg/731396/team-liquid-vs-fut-esports-vct-2026-emea-stage-2-ur1,VCT 2026: EMEA Stage 2
kamo,TL,8,2,0,1,0,0,0,0,0,72,2,0,all,2026-08-20 14:00:00,https://www.vlr.gg/731396/team-liquid-vs-fut-esports-vct-2026-emea-stage-2-ur1,VCT 2026: EMEA Stage 2
sociablEE,FUT,4,3,0,0,0,0,0,0,0,57,3,0,all,2026-08-20 14:00:00,https://www.vlr.gg/731396/team-liquid-vs-fut-esports-vct-2026-emea-stage-2-ur1,VCT 2026: EMEA Stage 2
yetujey,FUT,2,1,2,0,0,0,0,0,0,47,0,0,all,2026-08-20 14:00:00,https://www.vlr.gg/731396/team-liquid-vs-fut-esports-vct-2026-emea-stage-2-ur1,VCT 2026: EMEA Stage 2
xeus,FUT,6,0,1,0,0,0,0,0,0,38,0,2,all,2026-08-20 14:00:00,https://www.vlr.gg/731396/team-liquid-vs-fut-esports-vct-2026-emea-stage-2-ur1,VCT 2026: EMEA Stage 2
KROSTALY,FUT,6,2,0,0,0,0,1,0,0,63,11,2,all,2026-08-20 14:00:00,https://www.vlr.gg/731396/team-liquid-vs-fut-esports-vct-2026-emea-stage-2-ur1,VCT 2026: EMEA Stage 2
s0pp,FUT,9,2,2,0,0,2,0,0,0,58,0,3,all,2026-08-20 14:00:00,https://www.vlr.gg/731396/team-liquid-vs-fut-esports-vct-2026-emea-stage-2-ur1,VCT 2026: EMEA Stage 2
nAts,TL,4,1,1,0,0,1,0,0,0,67,1,1,Haven,2026-08-20 14:00:00,https://www.vlr.gg/731396/team-liquid-vs-fut-esports-vct-2026-emea-stage-2-ur1,VCT 2026: EMEA Stage 2
purp0,TL,4,0,0,0,0,0,0,0,0,27,0,0,Haven,2026-08-20 14:00:00,https://www.vlr.gg/731396/team-liquid-vs-fut-esports-vct-2026-emea-stage-2-ur1,VCT 2026: EMEA Stage 2
trexx,TL,1,0,0,0,0,0,0,0,0,33,1,0,Haven,2026-08-20 14:00:00,https://www.vlr.gg/731396/team-liquid-vs-fut-esports-vct-2026-emea-stage-2-ur1,VCT 2026: EMEA Stage 2
Kicks,TL,3,0,0,0,1,0,0,0,0,24,2,1,Haven,2026-08-20 14:00:00,https://www.vlr.gg/731396/team-liquid-vs-fut-esports-vct-2026-emea-stage-2-ur1,VCT 2026: EMEA Stage 2
kamo,TL,4,0,0,1,0,0,0,0,0,73,1,0,Haven,2026-08-20 14:00:00,https://www.vlr.gg/731396/team-liquid-vs-fut-esports-vct-2026-emea-stage-2-ur1,VCT 2026: EMEA Stage 2
sociablEE,FUT,3,2,0,0,0,0,0,0,0,76,0,0,Haven,2026-08-20 14:00:00,https://www.vlr.gg/731396/team-liquid-vs-fut-esports-vct-2026-emea-stage-2-ur1,VCT 2026: EMEA Stage 2
yetujey,FUT,2,1,0,0,0,0,0,0,0,57,0,0,Haven,2026-08-20 14:00:00,https://www.vlr.gg/731396/team-liquid-vs-fut-esports-vct-2026-emea-stage-2-ur1,VCT 2026: EMEA Stage 2
xeus,FUT,4,0,0,0,0,0,0,0,0,44,0,0,Haven,2026-08-20 14:00:00,https://www.vlr.gg/731396/team-liquid-vs-fut-esports-vct-2026-emea-stage-2-ur1,VCT 2026: EMEA Stage 2
KROSTALY,FUT,3,1,0,0,0,0,1,0,0,71,5,2,Haven,2026-08-20 14:00:00,https://www.vlr.gg/731396/team-liquid-vs-fut-esports-vct-2026-emea-stage-2-ur1,VCT 2026: EMEA Stage 2
s0pp,FUT,3,0,1,0,0,0,0,0,0,43,0,1,Haven,2026-08-20 14:00:00,https://www.vlr.gg/731396/team-liquid-vs-fut-esports-vct-2026-emea-stage-2-ur1,VCT 2026: EMEA Stage 2
nAts,TL,2,1,0,0,0,0,0,0,0,50,2,0,Summit,2026-08-20 14:00:00,https://www.vlr.gg/731396/team-liquid-vs-fut-esports-vct-2026-emea-stage-2-ur1,VCT 2026: EMEA Stage 2
purp0,TL,1,0,0,0,0,0,0,0,0,27,0,0,Summit,2026-08-20 14:00:00,https://www.vlr.gg/731396/team-liquid-vs-fut-esports-vct-2026-emea-stage-2-ur1,VCT 2026: EMEA Stage 2
trexx,TL,2,0,0,0,0,0,0,0,0,41,2,2,Summit,2026-08-20 14:00:00,https://www.vlr.gg/731396/team-liquid-vs-fut-esports-vct-2026-emea-stage-2-ur1,VCT 2026: EMEA Stage 2
Kicks,TL,2,0,1,0,0,0,0,0,0,50,5,0,Summit,2026-08-20 14:00:00,https://www.vlr.gg/731396/team-liquid-vs-fut-esports-vct-2026-emea-stage-2-ur1,VCT 2026: EMEA Stage 2
kamo,TL,4,2,0,0,0,0,0,0,0,70,1,0,Summit,2026-08-20 14:00:00,https://www.vlr.gg/731396/team-liquid-vs-fut-esports-vct-2026-emea-stage-2-ur1,VCT 2026: EMEA Stage 2
sociablEE,FUT,1,1,0,0,0,0,0,0,0,38,3,0,Summit,2026-08-20 14:00:00,https://www.vlr.gg/731396/team-liquid-vs-fut-esports-vct-2026-emea-stage-2-ur1,VCT 2026: EMEA Stage 2
yetujey,FUT,0,0,2,0,0,0,0,0,0,37,0,0,Summit,2026-08-20 14:00:00,https://www.vlr.gg/731396/team-liquid-vs-fut-esports-vct-2026-emea-stage-2-ur1,VCT 2026: EMEA Stage 2
xeus,FUT,2,0,1,0,0,0,0,0,0,32,0,2,Summit,2026-08-20 14:00:00,https://www.vlr.gg/731396/team-liquid-vs-fut-esports-vct-2026-emea-stage-2-ur1,VCT 2026: EMEA Stage 2
KROSTALY,FUT,3,1,0,0,0,0,0,0,0,54,6,0,Summit,2026-08-20 14:00:00,https://www.vlr.gg/731396/team-liquid-vs-fut-esports-vct-2026-emea-stage-2-ur1,VCT 2026: EMEA Stage 2
s0pp,FUT,6,2,1,0,0,2,0,0,0,72,0,2,Summit,2026-08-20 14:00:00,https://www.vlr.gg/731396/team-liquid-vs-fut-esports-vct-2026-emea-stage-2-ur1,VCT 2026: EMEA Stage 2
SUYGETSU,KC,7,0,0,0,1,0,0,0,0,38,2,3,all,2026-08-21 11:00:00,https://www.vlr.gg/731399/karmine-corp-vs-enterprise-esports-vct-2026-emea-stage-2-ubsf,VCT 2026: EMEA Stage 2
Avez,KC,9,5,1,0,0,1,0,0,0,68,21,2,all,2026-08-21 11:00:00,https://www.vlr.gg/731399/karmine-corp-vs-enterprise-esports-vct-2026-emea-stage-2-ubsf,VCT 2026: EMEA Stage 2
dos9,KC,3,2,0,0,0,0,0,0,0,45,1,0,all,2026-08-21 11:00:00,https://www.vlr.gg/731399/karmine-corp-vs-enterprise-esports-vct-2026-emea-stage-2-ubsf,VCT 2026: EMEA Stage 2
LewN,KC,7,6,1,0,0,0,0,0,0,58,1,2,all,2026-08-21 11:00:00,https://www.vlr.gg/731399/karmine-corp-vs-enterprise-esports-vct-2026-emea-stage-2-ubsf,VCT 2026: EMEA Stage 2
N4RRATE,KC,17,1,0,0,1,0,0,0,0,67,1,4,all,2026-08-21 11:00:00,https://www.vlr.gg/731399/karmine-corp-vs-enterprise-esports-vct-2026-emea-stage-2-ubsf,VCT 2026: EMEA Stage 2
paTiTek,EP,5,1,0,0,0,0,1,0,0,37,4,1,all,2026-08-21 11:00:00,https://www.vlr.gg/731399/karmine-corp-vs-enterprise-esports-vct-2026-emea-stage-2-ubsf,VCT 2026: EMEA Stage 2
MAGNUM,EP,6,3,1,0,2,1,0,0,0,45,1,3,all,2026-08-21 11:00:00,https://www.vlr.gg/731399/karmine-corp-vs-enterprise-esports-vct-2026-emea-stage-2-ubsf,VCT 2026: EMEA Stage 2
iluri,EP,5,1,0,0,2,0,1,0,0,44,17,2,all,2026-08-21 11:00:00,https://www.vlr.gg/731399/karmine-corp-vs-enterprise-esports-vct-2026-emea-stage-2-ubsf,VCT 2026: EMEA Stage 2
Lime,EP,8,0,1,0,0,0,0,0,0,43,2,1,all,2026-08-21 11:00:00,https://www.vlr.gg/731399/karmine-corp-vs-enterprise-esports-vct-2026-emea-stage-2-ubsf,VCT 2026: EMEA Stage 2
kozzy,EP,13,2,2,0,0,0,0,0,0,65,0,1,all,2026-08-21 11:00:00,https://www.vlr.gg/731399/karmine-corp-vs-enterprise-esports-vct-2026-emea-stage-2-ubsf,VCT 2026: EMEA Stage 2
SUYGETSU,KC,3,0,0,0,1,0,0,0,0,42,1,2,Haven,2026-08-21 11:00:00,https://www.vlr.gg/731399/karmine-corp-vs-enterprise-esports-vct-2026-emea-stage-2-ubsf,VCT 2026: EMEA Stage 2
Avez,KC,5,1,1,0,0,1,0,0,0,78,5,0,Haven,2026-08-21 11:00:00,https://www.vlr.gg/731399/karmine-corp-vs-enterprise-esports-vct-2026-emea-stage-2-ubsf,VCT 2026: EMEA Stage 2
dos9,KC,0,0,0,0,0,0,0,0,0,37,0,0,Haven,2026-08-21 11:00:00,https://www.vlr.gg/731399/karmine-corp-vs-enterprise-esports-vct-2026-emea-stage-2-ubsf,VCT 2026: EMEA Stage 2
LewN,KC,2,2,0,0,0,0,0,0,0,49,1,2,Haven,2026-08-21 11:00:00,https://www.vlr.gg/731399/karmine-corp-vs-enterprise-esports-vct-2026-emea-stage-2-ubsf,VCT 2026: EMEA Stage 2
N4RRATE,KC,7,0,0,0,1,0,0,0,0,59,0,2,Haven,2026-08-21 11:00:00,https://www.vlr.gg/731399/karmine-corp-vs-enterprise-esports-vct-2026-emea-stage-2-ubsf,VCT 2026: EMEA Stage 2
paTiTek,EP,3,0,0,0,0,0,0,0,0,50,2,0,Haven,2026-08-21 11:00:00,https://www.vlr.gg/731399/karmine-corp-vs-enterprise-esports-vct-2026-emea-stage-2-ubsf,VCT 2026: EMEA Stage 2
MAGNUM,EP,1,1,1,0,0,0,0,0,0,50,0,0,Haven,2026-08-21 11:00:00,https://www.vlr.gg/731399/karmine-corp-vs-enterprise-esports-vct-2026-emea-stage-2-ubsf,VCT 2026: EMEA Stage 2
iluri,EP,3,0,0,0,0,0,1,0,0,49,8,2,Haven,2026-08-21 11:00:00,https://www.vlr.gg/731399/karmine-corp-vs-enterprise-esports-vct-2026-emea-stage-2-ubsf,VCT 2026: EMEA Stage 2
Lime,EP,1,0,1,0,0,0,0,0,0,42,0,0,Haven,2026-08-21 11:00:00,https://www.vlr.gg/731399/karmine-corp-vs-enterprise-esports-vct-2026-emea-stage-2-ubsf,VCT 2026: EMEA Stage 2
kozzy,EP,7,0,0,0,0,0,0,0,0,55,0,0,Haven,2026-08-21 11:00:00,https://www.vlr.gg/731399/karmine-corp-vs-enterprise-esports-vct-2026-emea-stage-2-ubsf,VCT 2026: EMEA Stage 2
SUYGETSU,KC,2,0,0,0,0,0,0,0,0,34,0,1,Abyss,2026-08-21 11:00:00,https://www.vlr.gg/731399/karmine-corp-vs-enterprise-esports-vct-2026-emea-stage-2-ubsf,VCT 2026: EMEA Stage 2
Avez,KC,1,1,0,0,0,0,0,0,0,49,8,1,Abyss,2026-08-21 11:00:00,https://www.vlr.gg/731399/karmine-corp-vs-enterprise-esports-vct-2026-emea-stage-2-ubsf,VCT 2026: EMEA Stage 2
dos9,KC,0,1,0,0,0,0,0,0,0,30,0,0,Abyss,2026-08-21 11:00:00,https://www.vlr.gg/731399/karmine-corp-vs-enterprise-esports-vct-2026-emea-stage-2-ubsf,VCT 2026: EMEA Stage 2
LewN,KC,4,1,1,0,0,0,0,0,0,56,0,0,Abyss,2026-08-21 11:00:00,https://www.vlr.gg/731399/karmine-corp-vs-enterprise-esports-vct-2026-emea-stage-2-ubsf,VCT 2026: EMEA Stage 2
N4RRATE,KC,7,0,0,0,0,0,0,0,0,93,0,1,Abyss,2026-08-21 11:00:00,https://www.vlr.gg/731399/karmine-corp-vs-enterprise-esports-vct-2026-emea-stage-2-ubsf,VCT 2026: EMEA Stage 2
paTiTek,EP,1,1,0,0,0,0,1,0,0,45,2,0,Abyss,2026-08-21 11:00:00,https://www.vlr.gg/731399/karmine-corp-vs-enterprise-esports-vct-2026-emea-stage-2-ubsf,VCT 2026: EMEA Stage 2
MAGNUM,EP,2,2,0,0,2,0,0,0,0,41,1,3,Abyss,2026-08-21 11:00:00,https://www.vlr.gg/731399/karmine-corp-vs-enterprise-esports-vct-2026-emea-stage-2-ubsf,VCT 2026: EMEA Stage 2
iluri,EP,0,1,0,0,1,0,0,0,0,33,4,0,Abyss,2026-08-21 11:00:00,https://www.vlr.gg/731399/karmine-corp-vs-enterprise-esports-vct-2026-emea-stage-2-ubsf,VCT 2026: EMEA Stage 2
Lime,EP,5,0,0,0,0,0,0,0,0,49,2,1,Abyss,2026-08-21 11:00:00,https://www.vlr.gg/731399/karmine-corp-vs-enterprise-esports-vct-2026-emea-stage-2-ubsf,VCT 2026: EMEA Stage 2
kozzy,EP,6,2,0,0,0,0,0,0,0,77,0,0,Abyss,2026-08-21 11:00:00,https://www.vlr.gg/731399/karmine-corp-vs-enterprise-esports-vct-2026-emea-stage-2-ubsf,VCT 2026: EMEA Stage 2
SUYGETSU,KC,2,0,0,0,0,0,0,0,0,38,1,0,Lotus,2026-08-21 11:00:00,https://www.vlr.gg/731399/karmine-corp-vs-enterprise-esports-vct-2026-emea-stage-2-ubsf,VCT 2026: EMEA Stage 2
Avez,KC,3,3,0,0,0,0,0,0,0,77,8,1,Lotus,2026-08-21 11:00:00,https://www.vlr.gg/731399/karmine-corp-vs-enterprise-esports-vct-2026-emea-stage-2-ubsf,VCT 2026: EMEA Stage 2
dos9,KC,3,1,0,0,0,0,0,0,0,67,1,0,Lotus,2026-08-21 11:00:00,https://www.vlr.gg/731399/karmine-corp-vs-enterprise-esports-vct-2026-emea-stage-2-ubsf,VCT 2026: EMEA Stage 2
LewN,KC,1,3,0,0,0,0,0,0,0,70,0,0,Lotus,2026-08-21 11:00:00,https://www.vlr.gg/731399/karmine-corp-vs-enterprise-esports-vct-2026-emea-stage-2-ubsf,VCT 2026: EMEA Stage 2
N4RRATE,KC,3,1,0,0,0,0,0,0,0,48,1,1,Lotus,2026-08-21 11:00:00,https://www.vlr.gg/731399/karmine-corp-vs-enterprise-esports-vct-2026-emea-stage-2-ubsf,VCT 2026: EMEA Stage 2
paTiTek,EP,1,0,0,0,0,0,0,0,0,16,0,1,Lotus,2026-08-21 11:00:00,https://www.vlr.gg/731399/karmine-corp-vs-enterprise-esports-vct-2026-emea-stage-2-ubsf,VCT 2026: EMEA Stage 2
MAGNUM,EP,3,0,0,0,0,1,0,0,0,43,0,0,Lotus,2026-08-21 11:00:00,https://www.vlr.gg/731399/karmine-corp-vs-enterprise-esports-vct-2026-emea-stage-2-ubsf,VCT 2026: EMEA Stage 2
iluri,EP,2,0,0,0,1,0,0,0,0,49,5,0,Lotus,2026-08-21 11:00:00,https://www.vlr.gg/731399/karmine-corp-vs-enterprise-esports-vct-2026-emea-stage-2-ubsf,VCT 2026: EMEA Stage 2
Lime,EP,2,0,0,0,0,0,0,0,0,39,0,0,Lotus,2026-08-21 11:00:00,https://www.vlr.gg/731399/karmine-corp-vs-enterprise-esports-vct-2026-emea-stage-2-ubsf,VCT 2026: EMEA Stage 2
kozzy,EP,0,0,2,0,0,0,0,0,0,63,0,1,Lotus,2026-08-21 11:00:00,https://www.vlr.gg/731399/karmine-corp-vs-enterprise-esports-vct-2026-emea-stage-2-ubsf,VCT 2026: EMEA Stage 2
Rosé,BBL,6,0,0,0,0,0,0,0,0,45,7,1,all,2026-08-21 14:15:00,https://www.vlr.gg/731398/bbl-esports-vs-fut-esports-vct-2026-emea-stage-2-ubsf,VCT 2026: EMEA Stage 2
Crewen,BBL,5,1,0,0,0,0,0,0,0,40,1,1,all,2026-08-21 14:15:00,https://www.vlr.gg/731398/bbl-esports-vs-fut-esports-vct-2026-emea-stage-2-ubsf,VCT 2026: EMEA Stage 2
Loita,BBL,9,2,1,0,0,0,0,0,0,59,6,0,all,2026-08-21 14:15:00,https://www.vlr.gg/731398/bbl-esports-vs-fut-esports-vct-2026-emea-stage-2-ubsf,VCT 2026: EMEA Stage 2
Lar0k,BBL,7,3,1,0,1,0,0,0,0,56,1,0,all,2026-08-21 14:15:00,https://www.vlr.gg/731398/bbl-esports-vs-fut-esports-vct-2026-emea-stage-2-ubsf,VCT 2026: EMEA Stage 2
lovers,rock,9,3,2,1,0,1,0,0,0,52,3,0,all,2026-08-21 14:15:00,https://www.vlr.gg/731398/bbl-esports-vs-fut-esports-vct-2026-emea-stage-2-ubsf,VCT 2026: EMEA Stage 2
sociablEE,FUT,5,1,0,0,1,1,0,0,0,33,1,2,all,2026-08-21 14:15:00,https://www.vlr.gg/731398/bbl-esports-vs-fut-esports-vct-2026-emea-stage-2-ubsf,VCT 2026: EMEA Stage 2
yetujey,FUT,3,2,0,0,2,0,0,0,0,49,2,2,all,2026-08-21 14:15:00,https://www.vlr.gg/731398/bbl-esports-vs-fut-esports-vct-2026-emea-stage-2-ubsf,VCT 2026: EMEA Stage 2
xeus,FUT,5,2,0,0,1,0,0,0,0,56,0,0,all,2026-08-21 14:15:00,https://www.vlr.gg/731398/bbl-esports-vs-fut-esports-vct-2026-emea-stage-2-ubsf,VCT 2026: EMEA Stage 2
KROSTALY,FUT,6,1,1,0,2,0,0,0,0,43,11,2,all,2026-08-21 14:15:00,https://www.vlr.gg/731398/bbl-esports-vs-fut-esports-vct-2026-emea-stage-2-ubsf,VCT 2026: EMEA Stage 2
s0pp,FUT,9,5,2,0,1,1,0,0,0,78,3,1,all,2026-08-21 14:15:00,https://www.vlr.gg/731398/bbl-esports-vs-fut-esports-vct-2026-emea-stage-2-ubsf,VCT 2026: EMEA Stage 2
Rosé,BBL,3,0,0,0,0,0,0,0,0,53,4,1,Summit,2026-08-21 14:15:00,https://www.vlr.gg/731398/bbl-esports-vs-fut-esports-vct-2026-emea-stage-2-ubsf,VCT 2026: EMEA Stage 2
Crewen,BBL,3,0,0,0,0,0,0,0,0,30,1,1,Summit,2026-08-21 14:15:00,https://www.vlr.gg/731398/bbl-esports-vs-fut-esports-vct-2026-emea-stage-2-ubsf,VCT 2026: EMEA Stage 2
Loita,BBL,3,0,1,0,0,0,0,0,0,59,3,0,Summit,2026-08-21 14:15:00,https://www.vlr.gg/731398/bbl-esports-vs-fut-esports-vct-2026-emea-stage-2-ubsf,VCT 2026: EMEA Stage 2
Lar0k,BBL,2,2,1,0,1,0,0,0,0,51,0,0,Summit,2026-08-21 14:15:00,https://www.vlr.gg/731398/bbl-esports-vs-fut-esports-vct-2026-emea-stage-2-ubsf,VCT 2026: EMEA Stage 2
lovers,rock,2,2,2,1,0,1,0,0,0,79,1,0,Summit,2026-08-21 14:15:00,https://www.vlr.gg/731398/bbl-esports-vs-fut-esports-vct-2026-emea-stage-2-ubsf,VCT 2026: EMEA Stage 2
sociablEE,FUT,1,0,0,0,0,1,0,0,0,30,1,1,Summit,2026-08-21 14:15:00,https://www.vlr.gg/731398/bbl-esports-vs-fut-esports-vct-2026-emea-stage-2-ubsf,VCT 2026: EMEA Stage 2
yetujey,FUT,1,0,0,0,1,0,0,0,0,34,0,0,Summit,2026-08-21 14:15:00,https://www.vlr.gg/731398/bbl-esports-vs-fut-esports-vct-2026-emea-stage-2-ubsf,VCT 2026: EMEA Stage 2
xeus,FUT,0,0,0,0,0,0,0,0,0,41,0,0,Summit,2026-08-21 14:15:00,https://www.vlr.gg/731398/bbl-esports-vs-fut-esports-vct-2026-emea-stage-2-ubsf,VCT 2026: EMEA Stage 2
KROSTALY,FUT,3,0,1,0,1,0,0,0,0,43,3,1,Summit,2026-08-21 14:15:00,https://www.vlr.gg/731398/bbl-esports-vs-fut-esports-vct-2026-emea-stage-2-ubsf,VCT 2026: EMEA Stage 2
s0pp,FUT,2,1,0,0,0,0,0,0,0,57,1,1,Summit,2026-08-21 14:15:00,https://www.vlr.gg/731398/bbl-esports-vs-fut-esports-vct-2026-emea-stage-2-ubsf,VCT 2026: EMEA Stage 2
Rosé,BBL,2,0,0,0,0,0,0,0,0,31,2,0,Haven,2026-08-21 14:15:00,https://www.vlr.gg/731398/bbl-esports-vs-fut-esports-vct-2026-emea-stage-2-ubsf,VCT 2026: EMEA Stage 2
Crewen,BBL,0,1,0,0,0,0,0,0,0,40,0,0,Haven,2026-08-21 14:15:00,https://www.vlr.gg/731398/bbl-esports-vs-fut-esports-vct-2026-emea-stage-2-ubsf,VCT 2026: EMEA Stage 2
Loita,BBL,5,2,0,0,0,0,0,0,0,85,3,0,Haven,2026-08-21 14:15:00,https://www.vlr.gg/731398/bbl-esports-vs-fut-esports-vct-2026-emea-stage-2-ubsf,VCT 2026: EMEA Stage 2
Lar0k,BBL,2,0,0,0,0,0,0,0,0,48,1,0,Haven,2026-08-21 14:15:00,https://www.vlr.gg/731398/bbl-esports-vs-fut-esports-vct-2026-emea-stage-2-ubsf,VCT 2026: EMEA Stage 2
lovers,rock,4,0,0,0,0,0,0,0,0,30,1,0,Haven,2026-08-21 14:15:00,https://www.vlr.gg/731398/bbl-esports-vs-fut-esports-vct-2026-emea-stage-2-ubsf,VCT 2026: EMEA Stage 2
sociablEE,FUT,3,0,0,0,1,0,0,0,0,37,0,1,Haven,2026-08-21 14:15:00,https://www.vlr.gg/731398/bbl-esports-vs-fut-esports-vct-2026-emea-stage-2-ubsf,VCT 2026: EMEA Stage 2
yetujey,FUT,1,1,0,0,1,0,0,0,0,47,1,1,Haven,2026-08-21 14:15:00,https://www.vlr.gg/731398/bbl-esports-vs-fut-esports-vct-2026-emea-stage-2-ubsf,VCT 2026: EMEA Stage 2
xeus,FUT,1,0,0,0,0,0,0,0,0,53,0,0,Haven,2026-08-21 14:15:00,https://www.vlr.gg/731398/bbl-esports-vs-fut-esports-vct-2026-emea-stage-2-ubsf,VCT 2026: EMEA Stage 2
KROSTALY,FUT,1,1,0,0,0,0,0,0,0,53,3,0,Haven,2026-08-21 14:15:00,https://www.vlr.gg/731398/bbl-esports-vs-fut-esports-vct-2026-emea-stage-2-ubsf,VCT 2026: EMEA Stage 2
s0pp,FUT,6,2,1,0,1,1,0,0,0,104,1,0,Haven,2026-08-21 14:15:00,https://www.vlr.gg/731398/bbl-esports-vs-fut-esports-vct-2026-emea-stage-2-ubsf,VCT 2026: EMEA Stage 2
Rosé,BBL,1,0,0,0,0,0,0,0,0,52,1,0,Ascent,2026-08-21 14:15:00,https://www.vlr.gg/731398/bbl-esports-vs-fut-esports-vct-2026-emea-stage-2-ubsf,VCT 2026: EMEA Stage 2
Crewen,BBL,2,0,0,0,0,0,0,0,0,50,0,0,Ascent,2026-08-21 14:15:00,https://www.vlr.gg/731398/bbl-esports-vs-fut-esports-vct-2026-emea-stage-2-ubsf,VCT 2026: EMEA Stage 2
Loita,BBL,1,0,0,0,0,0,0,0,0,32,0,0,Ascent,2026-08-21 14:15:00,https://www.vlr.gg/731398/bbl-esports-vs-fut-esports-vct-2026-emea-stage-2-ubsf,VCT 2026: EMEA Stage 2
Lar0k,BBL,3,1,0,0,0,0,0,0,0,68,0,0,Ascent,2026-08-21 14:15:00,https://www.vlr.gg/731398/bbl-esports-vs-fut-esports-vct-2026-emea-stage-2-ubsf,VCT 2026: EMEA Stage 2
lovers,rock,3,1,0,0,0,0,0,0,0,46,1,0,Ascent,2026-08-21 14:15:00,https://www.vlr.gg/731398/bbl-esports-vs-fut-esports-vct-2026-emea-stage-2-ubsf,VCT 2026: EMEA Stage 2
sociablEE,FUT,1,1,0,0,0,0,0,0,0,32,0,0,Ascent,2026-08-21 14:15:00,https://www.vlr.gg/731398/bbl-esports-vs-fut-esports-vct-2026-emea-stage-2-ubsf,VCT 2026: EMEA Stage 2
yetujey,FUT,1,1,0,0,0,0,0,0,0,67,1,1,Ascent,2026-08-21 14:15:00,https://www.vlr.gg/731398/bbl-esports-vs-fut-esports-vct-2026-emea-stage-2-ubsf,VCT 2026: EMEA Stage 2
xeus,FUT,4,2,0,0,1,0,0,0,0,75,0,0,Ascent,2026-08-21 14:15:00,https://www.vlr.gg/731398/bbl-esports-vs-fut-esports-vct-2026-emea-stage-2-ubsf,VCT 2026: EMEA Stage 2
KROSTALY,FUT,2,0,0,0,1,0,0,0,0,33,5,1,Ascent,2026-08-21 14:15:00,https://www.vlr.gg/731398/bbl-esports-vs-fut-esports-vct-2026-emea-stage-2-ubsf,VCT 2026: EMEA Stage 2
s0pp,FUT,1,2,1,0,0,0,0,0,0,73,1,0,Ascent,2026-08-21 14:15:00,https://www.vlr.gg/731398/bbl-esports-vs-fut-esports-vct-2026-emea-stage-2-ubsf,VCT 2026: EMEA Stage 2
nAts,TL,15,2,0,0,0,1,0,0,0,83,1,1,all,2026-08-22 10:00:00,https://www.vlr.gg/731402/team-liquid-vs-eintracht-frankfurt-vct-2026-emea-stage-2-lr1,VCT 2026: EMEA Stage 2
purp0,TL,7,4,1,0,2,0,0,0,0,56,1,1,all,2026-08-22 10:00:00,https://www.vlr.gg/731402/team-liquid-vs-eintracht-frankfurt-vct-2026-emea-stage-2-lr1,VCT 2026: EMEA Stage 2
trexx,TL,4,1,1,0,2,2,0,0,0,59,7,0,all,2026-08-22 10:00:00,https://www.vlr.gg/731402/team-liquid-vs-eintracht-frankfurt-vct-2026-emea-stage-2-lr1,VCT 2026: EMEA Stage 2
Kicks,TL,2,0,1,0,0,1,0,0,0,30,3,1,all,2026-08-22 10:00:00,https://www.vlr.gg/731402/team-liquid-vs-eintracht-frankfurt-vct-2026-emea-stage-2-lr1,VCT 2026: EMEA Stage 2
kamo,TL,7,4,1,0,0,1,0,0,0,68,5,1,all,2026-08-22 10:00:00,https://www.vlr.gg/731402/team-liquid-vs-eintracht-frankfurt-vct-2026-emea-stage-2-lr1,VCT 2026: EMEA Stage 2
MONSTEERR,SGE,3,0,0,0,0,0,0,0,0,40,0,1,all,2026-08-22 10:00:00,https://www.vlr.gg/731402/team-liquid-vs-eintracht-frankfurt-vct-2026-emea-stage-2-lr1,VCT 2026: EMEA Stage 2
musashi,SGE,3,0,0,0,0,1,0,0,0,42,4,1,all,2026-08-22 10:00:00,https://www.vlr.gg/731402/team-liquid-vs-eintracht-frankfurt-vct-2026-emea-stage-2-lr1,VCT 2026: EMEA Stage 2
azury,SGE,4,2,0,0,0,0,0,0,0,57,4,0,all,2026-08-22 10:00:00,https://www.vlr.gg/731402/team-liquid-vs-eintracht-frankfurt-vct-2026-emea-stage-2-lr1,VCT 2026: EMEA Stage 2
Fizzy,SGE,7,1,0,0,1,0,0,0,0,46,1,0,all,2026-08-22 10:00:00,https://www.vlr.gg/731402/team-liquid-vs-eintracht-frankfurt-vct-2026-emea-stage-2-lr1,VCT 2026: EMEA Stage 2
Jamelinho213,SGE,8,2,0,0,0,1,0,0,0,63,0,1,all,2026-08-22 10:00:00,https://www.vlr.gg/731402/team-liquid-vs-eintracht-frankfurt-vct-2026-emea-stage-2-lr1,VCT 2026: EMEA Stage 2
nAts,TL,5,0,0,0,0,1,0,0,0,54,0,0,Lotus,2026-08-22 10:00:00,https://www.vlr.gg/731402/team-liquid-vs-eintracht-frankfurt-vct-2026-emea-stage-2-lr1,VCT 2026: EMEA Stage 2
purp0,TL,2,1,0,0,1,0,0,0,0,53,0,0,Lotus,2026-08-22 10:00:00,https://www.vlr.gg/731402/team-liquid-vs-eintracht-frankfurt-vct-2026-emea-stage-2-lr1,VCT 2026: EMEA Stage 2
trexx,TL,1,0,0,0,0,1,0,0,0,40,2,0,Lotus,2026-08-22 10:00:00,https://www.vlr.gg/731402/team-liquid-vs-eintracht-frankfurt-vct-2026-emea-stage-2-lr1,VCT 2026: EMEA Stage 2
Kicks,TL,1,0,0,0,0,0,0,0,0,27,1,0,Lotus,2026-08-22 10:00:00,https://www.vlr.gg/731402/team-liquid-vs-eintracht-frankfurt-vct-2026-emea-stage-2-lr1,VCT 2026: EMEA Stage 2
kamo,TL,4,0,0,0,0,0,0,0,0,56,3,0,Lotus,2026-08-22 10:00:00,https://www.vlr.gg/731402/team-liquid-vs-eintracht-frankfurt-vct-2026-emea-stage-2-lr1,VCT 2026: EMEA Stage 2
MONSTEERR,SGE,3,0,0,0,0,0,0,0,0,44,0,1,Lotus,2026-08-22 10:00:00,https://www.vlr.gg/731402/team-liquid-vs-eintracht-frankfurt-vct-2026-emea-stage-2-lr1,VCT 2026: EMEA Stage 2
musashi,SGE,1,0,0,0,0,1,0,0,0,38,3,1,Lotus,2026-08-22 10:00:00,https://www.vlr.gg/731402/team-liquid-vs-eintracht-frankfurt-vct-2026-emea-stage-2-lr1,VCT 2026: EMEA Stage 2
azury,SGE,2,1,0,0,0,0,0,0,0,79,0,0,Lotus,2026-08-22 10:00:00,https://www.vlr.gg/731402/team-liquid-vs-eintracht-frankfurt-vct-2026-emea-stage-2-lr1,VCT 2026: EMEA Stage 2
Fizzy,SGE,5,0,0,0,1,0,0,0,0,65,0,0,Lotus,2026-08-22 10:00:00,https://www.vlr.gg/731402/team-liquid-vs-eintracht-frankfurt-vct-2026-emea-stage-2-lr1,VCT 2026: EMEA Stage 2
Jamelinho213,SGE,4,1,0,0,0,1,0,0,0,83,0,1,Lotus,2026-08-22 10:00:00,https://www.vlr.gg/731402/team-liquid-vs-eintracht-frankfurt-vct-2026-emea-stage-2-lr1,VCT 2026: EMEA Stage 2
nAts,TL,3,1,0,0,0,0,0,0,0,88,0,1,Split,2026-08-22 10:00:00,https://www.vlr.gg/731402/team-liquid-vs-eintracht-frankfurt-vct-2026-emea-stage-2-lr1,VCT 2026: EMEA Stage 2
purp0,TL,3,0,1,0,0,0,0,0,0,49,0,0,Split,2026-08-22 10:00:00,https://www.vlr.gg/731402/team-liquid-vs-eintracht-frankfurt-vct-2026-emea-stage-2-lr1,VCT 2026: EMEA Stage 2
trexx,TL,1,1,1,0,2,0,0,0,0,81,2,0,Split,2026-08-22 10:00:00,https://www.vlr.gg/731402/team-liquid-vs-eintracht-frankfurt-vct-2026-emea-stage-2-lr1,VCT 2026: EMEA Stage 2
Kicks,TL,1,0,0,0,0,0,0,0,0,41,0,1,Split,2026-08-22 10:00:00,https://www.vlr.gg/731402/team-liquid-vs-eintracht-frankfurt-vct-2026-emea-stage-2-lr1,VCT 2026: EMEA Stage 2
kamo,TL,2,2,1,0,0,1,0,0,0,88,0,1,Split,2026-08-22 10:00:00,https://www.vlr.gg/731402/team-liquid-vs-eintracht-frankfurt-vct-2026-emea-stage-2-lr1,VCT 2026: EMEA Stage 2
MONSTEERR,SGE,0,0,0,0,0,0,0,0,0,26,0,0,Split,2026-08-22 10:00:00,https://www.vlr.gg/731402/team-liquid-vs-eintracht-frankfurt-vct-2026-emea-stage-2-lr1,VCT 2026: EMEA Stage 2
musashi,SGE,2,0,0,0,0,0,0,0,0,54,0,0,Split,2026-08-22 10:00:00,https://www.vlr.gg/731402/team-liquid-vs-eintracht-frankfurt-vct-2026-emea-stage-2-lr1,VCT 2026: EMEA Stage 2
azury,SGE,2,0,0,0,0,0,0,0,0,38,4,0,Split,2026-08-22 10:00:00,https://www.vlr.gg/731402/team-liquid-vs-eintracht-frankfurt-vct-2026-emea-stage-2-lr1,VCT 2026: EMEA Stage 2
Fizzy,SGE,2,1,0,0,0,0,0,0,0,41,1,0,Split,2026-08-22 10:00:00,https://www.vlr.gg/731402/team-liquid-vs-eintracht-frankfurt-vct-2026-emea-stage-2-lr1,VCT 2026: EMEA Stage 2
Jamelinho213,SGE,2,0,0,0,0,0,0,0,0,38,0,0,Split,2026-08-22 10:00:00,https://www.vlr.gg/731402/team-liquid-vs-eintracht-frankfurt-vct-2026-emea-stage-2-lr1,VCT 2026: EMEA Stage 2
nAts,TL,7,1,0,0,0,0,0,0,0,107,1,0,Ascent,2026-08-22 10:00:00,https://www.vlr.gg/731402/team-liquid-vs-eintracht-frankfurt-vct-2026-emea-stage-2-lr1,VCT 2026: EMEA Stage 2
purp0,TL,2,3,0,0,1,0,0,0,0,66,1,1,Ascent,2026-08-22 10:00:00,https://www.vlr.gg/731402/team-liquid-vs-eintracht-frankfurt-vct-2026-emea-stage-2-lr1,VCT 2026: EMEA Stage 2
trexx,TL,2,0,0,0,0,1,0,0,0,55,3,0,Ascent,2026-08-22 10:00:00,https://www.vlr.gg/731402/team-liquid-vs-eintracht-frankfurt-vct-2026-emea-stage-2-lr1,VCT 2026: EMEA Stage 2
Kicks,TL,0,0,1,0,0,1,0,0,0,21,2,0,Ascent,2026-08-22 10:00:00,https://www.vlr.gg/731402/team-liquid-vs-eintracht-frankfurt-vct-2026-emea-stage-2-lr1,VCT 2026: EMEA Stage 2
kamo,TL,1,2,0,0,0,0,0,0,0,60,2,0,Ascent,2026-08-22 10:00:00,https://www.vlr.gg/731402/team-liquid-vs-eintracht-frankfurt-vct-2026-emea-stage-2-lr1,VCT 2026: EMEA Stage 2
MONSTEERR,SGE,0,0,0,0,0,0,0,0,0,49,0,0,Ascent,2026-08-22 10:00:00,https://www.vlr.gg/731402/team-liquid-vs-eintracht-frankfurt-vct-2026-emea-stage-2-lr1,VCT 2026: EMEA Stage 2
musashi,SGE,0,0,0,0,0,0,0,0,0,35,1,0,Ascent,2026-08-22 10:00:00,https://www.vlr.gg/731402/team-liquid-vs-eintracht-frankfurt-vct-2026-emea-stage-2-lr1,VCT 2026: EMEA Stage 2
azury,SGE,0,1,0,0,0,0,0,0,0,54,0,0,Ascent,2026-08-22 10:00:00,https://www.vlr.gg/731402/team-liquid-vs-eintracht-frankfurt-vct-2026-emea-stage-2-lr1,VCT 2026: EMEA Stage 2
Fizzy,SGE,0,0,0,0,0,0,0,0,0,32,0,0,Ascent,2026-08-22 10:00:00,https://www.vlr.gg/731402/team-liquid-vs-eintracht-frankfurt-vct-2026-emea-stage-2-lr1,VCT 2026: EMEA Stage 2
Jamelinho213,SGE,2,1,0,0,0,0,0,0,0,69,0,0,Ascent,2026-08-22 10:00:00,https://www.vlr.gg/731402/team-liquid-vs-eintracht-frankfurt-vct-2026-emea-stage-2-lr1,VCT 2026: EMEA Stage 2
Chronicle,VIT,8,0,0,0,1,0,0,0,0,48,0,3,all,2026-08-22 12:30:00,https://www.vlr.gg/731403/team-vitality-vs-fire-flux-esports-vct-2026-emea-stage-2-lr1,VCT 2026: EMEA Stage 2
Derke,VIT,5,3,1,0,0,0,1,0,0,47,1,1,all,2026-08-22 12:30:00,https://www.vlr.gg/731403/team-vitality-vs-fire-flux-esports-vct-2026-emea-stage-2-lr1,VCT 2026: EMEA Stage 2
PROFEK,VIT,12,0,0,0,1,0,0,0,0,45,0,2,all,2026-08-22 12:30:00,https://www.vlr.gg/731403/team-vitality-vs-fire-flux-esports-vct-2026-emea-stage-2-lr1,VCT 2026: EMEA Stage 2
Jamppi,VIT,9,1,0,0,0,0,0,0,0,44,3,3,all,2026-08-22 12:30:00,https://www.vlr.gg/731403/team-vitality-vs-fire-flux-esports-vct-2026-emea-stage-2-lr1,VCT 2026: EMEA Stage 2
Sayonara,VIT,4,5,2,0,1,0,0,0,0,59,14,2,all,2026-08-22 12:30:00,https://www.vlr.gg/731403/team-vitality-vs-fire-flux-esports-vct-2026-emea-stage-2-lr1,VCT 2026: EMEA Stage 2
DeadInk,FF,5,2,0,0,1,0,0,0,0,39,6,2,all,2026-08-22 12:30:00,https://www.vlr.gg/731403/team-vitality-vs-fire-flux-esports-vct-2026-emea-stage-2-lr1,VCT 2026: EMEA Stage 2
reazy,FF,6,2,0,0,2,0,0,0,0,49,6,0,all,2026-08-22 12:30:00,https://www.vlr.gg/731403/team-vitality-vs-fire-flux-esports-vct-2026-emea-stage-2-lr1,VCT 2026: EMEA Stage 2
batujnax,FF,7,3,0,1,1,0,1,0,0,61,13,0,all,2026-08-22 12:30:00,https://www.vlr.gg/731403/team-vitality-vs-fire-flux-esports-vct-2026-emea-stage-2-lr1,VCT 2026: EMEA Stage 2
hezacoil,FF,9,0,0,0,0,2,0,0,0,51,6,1,all,2026-08-22 12:30:00,https://www.vlr.gg/731403/team-vitality-vs-fire-flux-esports-vct-2026-emea-stage-2-lr1,VCT 2026: EMEA Stage 2
Kachoww,FF,12,6,1,1,0,0,0,0,0,73,1,0,all,2026-08-22 12:30:00,https://www.vlr.gg/731403/team-vitality-vs-fire-flux-esports-vct-2026-emea-stage-2-lr1,VCT 2026: EMEA Stage 2
Chronicle,VIT,4,0,0,0,1,0,0,0,0,43,0,2,Abyss,2026-08-22 12:30:00,https://www.vlr.gg/731403/team-vitality-vs-fire-flux-esports-vct-2026-emea-stage-2-lr1,VCT 2026: EMEA Stage 2
Derke,VIT,4,0,0,0,0,0,0,0,0,41,0,1,Abyss,2026-08-22 12:30:00,https://www.vlr.gg/731403/team-vitality-vs-fire-flux-esports-vct-2026-emea-stage-2-lr1,VCT 2026: EMEA Stage 2
PROFEK,VIT,6,0,0,0,0,0,0,0,0,40,0,1,Abyss,2026-08-22 12:30:00,https://www.vlr.gg/731403/team-vitality-vs-fire-flux-esports-vct-2026-emea-stage-2-lr1,VCT 2026: EMEA Stage 2
Jamppi,VIT,4,0,0,0,0,0,0,0,0,40,1,0,Abyss,2026-08-22 12:30:00,https://www.vlr.gg/731403/team-vitality-vs-fire-flux-esports-vct-2026-emea-stage-2-lr1,VCT 2026: EMEA Stage 2
Sayonara,VIT,2,1,2,0,1,0,0,0,0,59,5,0,Abyss,2026-08-22 12:30:00,https://www.vlr.gg/731403/team-vitality-vs-fire-flux-esports-vct-2026-emea-stage-2-lr1,VCT 2026: EMEA Stage 2
DeadInk,FF,1,0,0,0,0,0,0,0,0,32,1,0,Abyss,2026-08-22 12:30:00,https://www.vlr.gg/731403/team-vitality-vs-fire-flux-esports-vct-2026-emea-stage-2-lr1,VCT 2026: EMEA Stage 2
reazy,FF,1,0,0,0,0,0,0,0,0,51,0,0,Abyss,2026-08-22 12:30:00,https://www.vlr.gg/731403/team-vitality-vs-fire-flux-esports-vct-2026-emea-stage-2-lr1,VCT 2026: EMEA Stage 2
batujnax,FF,3,2,0,0,1,0,1,0,0,87,6,0,Abyss,2026-08-22 12:30:00,https://www.vlr.gg/731403/team-vitality-vs-fire-flux-esports-vct-2026-emea-stage-2-lr1,VCT 2026: EMEA Stage 2
hezacoil,FF,0,0,0,0,0,0,0,0,0,32,2,0,Abyss,2026-08-22 12:30:00,https://www.vlr.gg/731403/team-vitality-vs-fire-flux-esports-vct-2026-emea-stage-2-lr1,VCT 2026: EMEA Stage 2
Kachoww,FF,3,3,1,0,0,0,0,0,0,80,1,0,Abyss,2026-08-22 12:30:00,https://www.vlr.gg/731403/team-vitality-vs-fire-flux-esports-vct-2026-emea-stage-2-lr1,VCT 2026: EMEA Stage 2
Chronicle,VIT,2,0,0,0,0,0,0,0,0,30,0,0,Ascent,2026-08-22 12:30:00,https://www.vlr.gg/731403/team-vitality-vs-fire-flux-esports-vct-2026-emea-stage-2-lr1,VCT 2026: EMEA Stage 2
Derke,VIT,1,3,1,0,0,0,1,0,0,66,1,0,Ascent,2026-08-22 12:30:00,https://www.vlr.gg/731403/team-vitality-vs-fire-flux-esports-vct-2026-emea-stage-2-lr1,VCT 2026: EMEA Stage 2
PROFEK,VIT,2,0,0,0,1,0,0,0,0,56,0,1,Ascent,2026-08-22 12:30:00,https://www.vlr.gg/731403/team-vitality-vs-fire-flux-esports-vct-2026-emea-stage-2-lr1,VCT 2026: EMEA Stage 2
Jamppi,VIT,4,1,0,0,0,0,0,0,0,57,2,2,Ascent,2026-08-22 12:30:00,https://www.vlr.gg/731403/team-vitality-vs-fire-flux-esports-vct-2026-emea-stage-2-lr1,VCT 2026: EMEA Stage 2
Sayonara,VIT,1,3,0,0,0,0,0,0,0,63,6,0,Ascent,2026-08-22 12:30:00,https://www.vlr.gg/731403/team-vitality-vs-fire-flux-esports-vct-2026-emea-stage-2-lr1,VCT 2026: EMEA Stage 2
DeadInk,FF,2,0,0,0,0,0,0,0,0,30,2,0,Ascent,2026-08-22 12:30:00,https://www.vlr.gg/731403/team-vitality-vs-fire-flux-esports-vct-2026-emea-stage-2-lr1,VCT 2026: EMEA Stage 2
reazy,FF,2,1,0,0,2,0,0,0,0,44,6,0,Ascent,2026-08-22 12:30:00,https://www.vlr.gg/731403/team-vitality-vs-fire-flux-esports-vct-2026-emea-stage-2-lr1,VCT 2026: EMEA Stage 2
batujnax,FF,2,0,0,1,0,0,0,0,0,44,1,0,Ascent,2026-08-22 12:30:00,https://www.vlr.gg/731403/team-vitality-vs-fire-flux-esports-vct-2026-emea-stage-2-lr1,VCT 2026: EMEA Stage 2
hezacoil,FF,6,0,0,0,0,2,0,0,0,58,3,1,Ascent,2026-08-22 12:30:00,https://www.vlr.gg/731403/team-vitality-vs-fire-flux-esports-vct-2026-emea-stage-2-lr1,VCT 2026: EMEA Stage 2
Kachoww,FF,5,1,0,1,0,0,0,0,0,71,0,0,Ascent,2026-08-22 12:30:00,https://www.vlr.gg/731403/team-vitality-vs-fire-flux-esports-vct-2026-emea-stage-2-lr1,VCT 2026: EMEA Stage 2
Chronicle,VIT,2,0,0,0,0,0,0,0,0,70,0,1,Split,2026-08-22 12:30:00,https://www.vlr.gg/731403/team-vitality-vs-fire-flux-esports-vct-2026-emea-stage-2-lr1,VCT 2026: EMEA Stage 2
Derke,VIT,0,0,0,0,0,0,0,0,0,34,0,0,Split,2026-08-22 12:30:00,https://www.vlr.gg/731403/team-vitality-vs-fire-flux-esports-vct-2026-emea-stage-2-lr1,VCT 2026: EMEA Stage 2
PROFEK,VIT,4,0,0,0,0,0,0,0,0,38,0,0,Split,2026-08-22 12:30:00,https://www.vlr.gg/731403/team-vitality-vs-fire-flux-esports-vct-2026-emea-stage-2-lr1,VCT 2026: EMEA Stage 2
Jamppi,VIT,1,0,0,0,0,0,0,0,0,34,0,1,Split,2026-08-22 12:30:00,https://www.vlr.gg/731403/team-vitality-vs-fire-flux-esports-vct-2026-emea-stage-2-lr1,VCT 2026: EMEA Stage 2
Sayonara,VIT,1,1,0,0,0,0,0,0,0,55,3,2,Split,2026-08-22 12:30:00,https://www.vlr.gg/731403/team-vitality-vs-fire-flux-esports-vct-2026-emea-stage-2-lr1,VCT 2026: EMEA Stage 2
DeadInk,FF,2,2,0,0,1,0,0,0,0,54,3,2,Split,2026-08-22 12:30:00,https://www.vlr.gg/731403/team-vitality-vs-fire-flux-esports-vct-2026-emea-stage-2-lr1,VCT 2026: EMEA Stage 2
reazy,FF,3,1,0,0,0,0,0,0,0,53,0,0,Split,2026-08-22 12:30:00,https://www.vlr.gg/731403/team-vitality-vs-fire-flux-esports-vct-2026-emea-stage-2-lr1,VCT 2026: EMEA Stage 2
batujnax,FF,2,1,0,0,0,0,0,0,0,51,6,0,Split,2026-08-22 12:30:00,https://www.vlr.gg/731403/team-vitality-vs-fire-flux-esports-vct-2026-emea-stage-2-lr1,VCT 2026: EMEA Stage 2
hezacoil,FF,3,0,0,0,0,0,0,0,0,64,1,0,Split,2026-08-22 12:30:00,https://www.vlr.gg/731403/team-vitality-vs-fire-flux-esports-vct-2026-emea-stage-2-lr1,VCT 2026: EMEA Stage 2
Kachoww,FF,4,2,0,0,0,0,0,0,0,67,0,0,Split,2026-08-22 12:30:00,https://www.vlr.gg/731403/team-vitality-vs-fire-flux-esports-vct-2026-emea-stage-2-lr1,VCT 2026: EMEA Stage 2
paTiTek,EP,2,0,0,0,0,0,0,0,0,38,2,0,all,2026-08-23 10:00:00,https://www.vlr.gg/731404/enterprise-esports-vs-team-liquid-vct-2026-emea-stage-2-lr2,VCT 2026: EMEA Stage 2
MAGNUM,EP,8,1,0,0,1,1,0,0,0,50,1,2,all,2026-08-23 10:00:00,https://www.vlr.gg/731404/enterprise-esports-vs-team-liquid-vct-2026-emea-stage-2-lr2,VCT 2026: EMEA Stage 2
iluri,EP,3,1,0,0,0,0,0,0,0,37,12,0,all,2026-08-23 10:00:00,https://www.vlr.gg/731404/enterprise-esports-vs-team-liquid-vct-2026-emea-stage-2-lr2,VCT 2026: EMEA Stage 2
Lime,EP,5,2,0,0,0,0,0,0,0,44,4,0,all,2026-08-23 10:00:00,https://www.vlr.gg/731404/enterprise-esports-vs-team-liquid-vct-2026-emea-stage-2-lr2,VCT 2026: EMEA Stage 2
kozzy,EP,4,2,0,0,2,0,0,0,0,44,0,2,all,2026-08-23 10:00:00,https://www.vlr.gg/731404/enterprise-esports-vs-team-liquid-vct-2026-emea-stage-2-lr2,VCT 2026: EMEA Stage 2
nAts,TL,6,3,0,0,2,0,0,0,0,61,4,1,all,2026-08-23 10:00:00,https://www.vlr.gg/731404/enterprise-esports-vs-team-liquid-vct-2026-emea-stage-2-lr2,VCT 2026: EMEA Stage 2
purp0,TL,5,2,0,0,1,0,0,0,0,47,0,3,all,2026-08-23 10:00:00,https://www.vlr.gg/731404/enterprise-esports-vs-team-liquid-vct-2026-emea-stage-2-lr2,VCT 2026: EMEA Stage 2
trexx,TL,2,2,0,0,1,1,0,0,0,60,5,1,all,2026-08-23 10:00:00,https://www.vlr.gg/731404/enterprise-esports-vs-team-liquid-vct-2026-emea-stage-2-lr2,VCT 2026: EMEA Stage 2
Kicks,TL,6,3,0,0,1,0,0,0,0,67,6,2,all,2026-08-23 10:00:00,https://www.vlr.gg/731404/enterprise-esports-vs-team-liquid-vct-2026-emea-stage-2-lr2,VCT 2026: EMEA Stage 2
kamo,TL,9,4,0,0,0,0,0,0,0,65,1,1,all,2026-08-23 10:00:00,https://www.vlr.gg/731404/enterprise-esports-vs-team-liquid-vct-2026-emea-stage-2-lr2,VCT 2026: EMEA Stage 2
paTiTek,EP,1,0,0,0,0,0,0,0,0,41,1,0,Lotus,2026-08-23 10:00:00,https://www.vlr.gg/731404/enterprise-esports-vs-team-liquid-vct-2026-emea-stage-2-lr2,VCT 2026: EMEA Stage 2
MAGNUM,EP,4,0,0,0,0,0,0,0,0,47,0,0,Lotus,2026-08-23 10:00:00,https://www.vlr.gg/731404/enterprise-esports-vs-team-liquid-vct-2026-emea-stage-2-lr2,VCT 2026: EMEA Stage 2
iluri,EP,1,0,0,0,0,0,0,0,0,32,5,0,Lotus,2026-08-23 10:00:00,https://www.vlr.gg/731404/enterprise-esports-vs-team-liquid-vct-2026-emea-stage-2-lr2,VCT 2026: EMEA Stage 2
Lime,EP,0,1,0,0,0,0,0,0,0,29,2,0,Lotus,2026-08-23 10:00:00,https://www.vlr.gg/731404/enterprise-esports-vs-team-liquid-vct-2026-emea-stage-2-lr2,VCT 2026: EMEA Stage 2
kozzy,EP,2,1,0,0,1,0,0,0,0,46,0,1,Lotus,2026-08-23 10:00:00,https://www.vlr.gg/731404/enterprise-esports-vs-team-liquid-vct-2026-emea-stage-2-lr2,VCT 2026: EMEA Stage 2
nAts,TL,3,1,0,0,1,0,0,0,0,65,1,1,Lotus,2026-08-23 10:00:00,https://www.vlr.gg/731404/enterprise-esports-vs-team-liquid-vct-2026-emea-stage-2-lr2,VCT 2026: EMEA Stage 2
purp0,TL,2,1,0,0,1,0,0,0,0,61,0,2,Lotus,2026-08-23 10:00:00,https://www.vlr.gg/731404/enterprise-esports-vs-team-liquid-vct-2026-emea-stage-2-lr2,VCT 2026: EMEA Stage 2
trexx,TL,1,0,0,0,0,1,0,0,0,63,2,1,Lotus,2026-08-23 10:00:00,https://www.vlr.gg/731404/enterprise-esports-vs-team-liquid-vct-2026-emea-stage-2-lr2,VCT 2026: EMEA Stage 2
Kicks,TL,1,2,0,0,0,0,0,0,0,82,0,0,Lotus,2026-08-23 10:00:00,https://www.vlr.gg/731404/enterprise-esports-vs-team-liquid-vct-2026-emea-stage-2-lr2,VCT 2026: EMEA Stage 2
kamo,TL,7,2,0,0,0,0,0,0,0,86,1,1,Lotus,2026-08-23 10:00:00,https://www.vlr.gg/731404/enterprise-esports-vs-team-liquid-vct-2026-emea-stage-2-lr2,VCT 2026: EMEA Stage 2
paTiTek,EP,1,0,0,0,0,0,0,0,0,35,1,0,Abyss,2026-08-23 10:00:00,https://www.vlr.gg/731404/enterprise-esports-vs-team-liquid-vct-2026-emea-stage-2-lr2,VCT 2026: EMEA Stage 2
MAGNUM,EP,4,1,0,0,1,1,0,0,0,52,1,2,Abyss,2026-08-23 10:00:00,https://www.vlr.gg/731404/enterprise-esports-vs-team-liquid-vct-2026-emea-stage-2-lr2,VCT 2026: EMEA Stage 2
iluri,EP,2,1,0,0,0,0,0,0,0,42,7,0,Abyss,2026-08-23 10:00:00,https://www.vlr.gg/731404/enterprise-esports-vs-team-liquid-vct-2026-emea-stage-2-lr2,VCT 2026: EMEA Stage 2
Lime,EP,5,1,0,0,0,0,0,0,0,58,2,0,Abyss,2026-08-23 10:00:00,https://www.vlr.gg/731404/enterprise-esports-vs-team-liquid-vct-2026-emea-stage-2-lr2,VCT 2026: EMEA Stage 2
kozzy,EP,2,1,0,0,1,0,0,0,0,42,0,1,Abyss,2026-08-23 10:00:00,https://www.vlr.gg/731404/enterprise-esports-vs-team-liquid-vct-2026-emea-stage-2-lr2,VCT 2026: EMEA Stage 2
nAts,TL,3,2,0,0,1,0,0,0,0,56,3,0,Abyss,2026-08-23 10:00:00,https://www.vlr.gg/731404/enterprise-esports-vs-team-liquid-vct-2026-emea-stage-2-lr2,VCT 2026: EMEA Stage 2
purp0,TL,3,1,0,0,0,0,0,0,0,32,0,1,Abyss,2026-08-23 10:00:00,https://www.vlr.gg/731404/enterprise-esports-vs-team-liquid-vct-2026-emea-stage-2-lr2,VCT 2026: EMEA Stage 2
trexx,TL,1,2,0,0,1,0,0,0,0,57,3,0,Abyss,2026-08-23 10:00:00,https://www.vlr.gg/731404/enterprise-esports-vs-team-liquid-vct-2026-emea-stage-2-lr2,VCT 2026: EMEA Stage 2
Kicks,TL,5,1,0,0,1,0,0,0,0,51,6,2,Abyss,2026-08-23 10:00:00,https://www.vlr.gg/731404/enterprise-esports-vs-team-liquid-vct-2026-emea-stage-2-lr2,VCT 2026: EMEA Stage 2
kamo,TL,2,2,0,0,0,0,0,0,0,43,0,0,Abyss,2026-08-23 10:00:00,https://www.vlr.gg/731404/enterprise-esports-vs-team-liquid-vct-2026-emea-stage-2-lr2,VCT 2026: EMEA Stage 2
Rosé,BBL,8,1,0,0,0,0,0,0,0,56,8,3,all,2026-08-23 12:15:00,https://www.vlr.gg/731406/bbl-esports-vs-fire-flux-esports-vct-2026-emea-stage-2-lr2,VCT 2026: EMEA Stage 2
Crewen,BBL,6,1,0,0,0,0,0,0,0,45,2,0,all,2026-08-23 12:15:00,https://www.vlr.gg/731406/bbl-esports-vs-fire-flux-esports-vct-2026-emea-stage-2-lr2,VCT 2026: EMEA Stage 2
Loita,BBL,6,3,0,0,1,0,0,0,0,49,5,3,all,2026-08-23 12:15:00,https://www.vlr.gg/731406/bbl-esports-vs-fire-flux-esports-vct-2026-emea-stage-2-lr2,VCT 2026: EMEA Stage 2
Lar0k,BBL,3,2,0,1,0,0,0,0,0,45,2,1,all,2026-08-23 12:15:00,https://www.vlr.gg/731406/bbl-esports-vs-fire-flux-esports-vct-2026-emea-stage-2-lr2,VCT 2026: EMEA Stage 2
lovers,rock,7,0,0,0,0,0,0,0,0,61,0,1,all,2026-08-23 12:15:00,https://www.vlr.gg/731406/bbl-esports-vs-fire-flux-esports-vct-2026-emea-stage-2-lr2,VCT 2026: EMEA Stage 2
DeadInk,FF,5,2,1,0,0,0,0,0,0,50,1,2,all,2026-08-23 12:15:00,https://www.vlr.gg/731406/bbl-esports-vs-fire-flux-esports-vct-2026-emea-stage-2-lr2,VCT 2026: EMEA Stage 2
reazy,FF,5,0,1,0,0,0,0,0,0,47,8,0,all,2026-08-23 12:15:00,https://www.vlr.gg/731406/bbl-esports-vs-fire-flux-esports-vct-2026-emea-stage-2-lr2,VCT 2026: EMEA Stage 2
batujnax,FF,2,0,1,1,0,1,0,0,0,44,10,2,all,2026-08-23 12:15:00,https://www.vlr.gg/731406/bbl-esports-vs-fire-flux-esports-vct-2026-emea-stage-2-lr2,VCT 2026: EMEA Stage 2
hezacoil,FF,3,1,0,0,1,0,0,0,0,33,0,0,all,2026-08-23 12:15:00,https://www.vlr.gg/731406/bbl-esports-vs-fire-flux-esports-vct-2026-emea-stage-2-lr2,VCT 2026: EMEA Stage 2
Kachoww,FF,8,3,1,1,1,0,0,0,0,73,1,1,all,2026-08-23 12:15:00,https://www.vlr.gg/731406/bbl-esports-vs-fire-flux-esports-vct-2026-emea-stage-2-lr2,VCT 2026: EMEA Stage 2
Rosé,BBL,3,1,0,0,0,0,0,0,0,47,3,1,Abyss,2026-08-23 12:15:00,https://www.vlr.gg/731406/bbl-esports-vs-fire-flux-esports-vct-2026-emea-stage-2-lr2,VCT 2026: EMEA Stage 2
Crewen,BBL,2,1,0,0,0,0,0,0,0,49,1,0,Abyss,2026-08-23 12:15:00,https://www.vlr.gg/731406/bbl-esports-vs-fire-flux-esports-vct-2026-emea-stage-2-lr2,VCT 2026: EMEA Stage 2
Loita,BBL,3,2,0,0,0,0,0,0,0,44,3,1,Abyss,2026-08-23 12:15:00,https://www.vlr.gg/731406/bbl-esports-vs-fire-flux-esports-vct-2026-emea-stage-2-lr2,VCT 2026: EMEA Stage 2
Lar0k,BBL,2,2,0,1,0,0,0,0,0,55,1,1,Abyss,2026-08-23 12:15:00,https://www.vlr.gg/731406/bbl-esports-vs-fire-flux-esports-vct-2026-emea-stage-2-lr2,VCT 2026: EMEA Stage 2
lovers,rock,2,0,0,0,0,0,0,0,0,74,0,0,Abyss,2026-08-23 12:15:00,https://www.vlr.gg/731406/bbl-esports-vs-fire-flux-esports-vct-2026-emea-stage-2-lr2,VCT 2026: EMEA Stage 2
DeadInk,FF,3,1,0,0,0,0,0,0,0,49,1,1,Abyss,2026-08-23 12:15:00,https://www.vlr.gg/731406/bbl-esports-vs-fire-flux-esports-vct-2026-emea-stage-2-lr2,VCT 2026: EMEA Stage 2
reazy,FF,2,0,0,0,0,0,0,0,0,47,4,0,Abyss,2026-08-23 12:15:00,https://www.vlr.gg/731406/bbl-esports-vs-fire-flux-esports-vct-2026-emea-stage-2-lr2,VCT 2026: EMEA Stage 2
batujnax,FF,2,0,0,0,0,1,0,0,0,30,3,1,Abyss,2026-08-23 12:15:00,https://www.vlr.gg/731406/bbl-esports-vs-fire-flux-esports-vct-2026-emea-stage-2-lr2,VCT 2026: EMEA Stage 2
hezacoil,FF,2,0,0,0,0,0,0,0,0,34,0,0,Abyss,2026-08-23 12:15:00,https://www.vlr.gg/731406/bbl-esports-vs-fire-flux-esports-vct-2026-emea-stage-2-lr2,VCT 2026: EMEA Stage 2
Kachoww,FF,4,1,1,0,1,0,0,0,0,75,1,0,Abyss,2026-08-23 12:15:00,https://www.vlr.gg/731406/bbl-esports-vs-fire-flux-esports-vct-2026-emea-stage-2-lr2,VCT 2026: EMEA Stage 2
Rosé,BBL,5,0,0,0,0,0,0,0,0,65,5,2,Summit,2026-08-23 12:15:00,https://www.vlr.gg/731406/bbl-esports-vs-fire-flux-esports-vct-2026-emea-stage-2-lr2,VCT 2026: EMEA Stage 2
Crewen,BBL,4,0,0,0,0,0,0,0,0,41,1,0,Summit,2026-08-23 12:15:00,https://www.vlr.gg/731406/bbl-esports-vs-fire-flux-esports-vct-2026-emea-stage-2-lr2,VCT 2026: EMEA Stage 2
Loita,BBL,3,1,0,0,1,0,0,0,0,53,2,2,Summit,2026-08-23 12:15:00,https://www.vlr.gg/731406/bbl-esports-vs-fire-flux-esports-vct-2026-emea-stage-2-lr2,VCT 2026: EMEA Stage 2
Lar0k,BBL,1,0,0,0,0,0,0,0,0,35,1,0,Summit,2026-08-23 12:15:00,https://www.vlr.gg/731406/bbl-esports-vs-fire-flux-esports-vct-2026-emea-stage-2-lr2,VCT 2026: EMEA Stage 2
lovers,rock,5,0,0,0,0,0,0,0,0,48,0,1,Summit,2026-08-23 12:15:00,https://www.vlr.gg/731406/bbl-esports-vs-fire-flux-esports-vct-2026-emea-stage-2-lr2,VCT 2026: EMEA Stage 2
DeadInk,FF,2,1,1,0,0,0,0,0,0,50,0,1,Summit,2026-08-23 12:15:00,https://www.vlr.gg/731406/bbl-esports-vs-fire-flux-esports-vct-2026-emea-stage-2-lr2,VCT 2026: EMEA Stage 2
reazy,FF,3,0,1,0,0,0,0,0,0,46,4,0,Summit,2026-08-23 12:15:00,https://www.vlr.gg/731406/bbl-esports-vs-fire-flux-esports-vct-2026-emea-stage-2-lr2,VCT 2026: EMEA Stage 2
batujnax,FF,0,0,1,1,0,0,0,0,0,58,7,1,Summit,2026-08-23 12:15:00,https://www.vlr.gg/731406/bbl-esports-vs-fire-flux-esports-vct-2026-emea-stage-2-lr2,VCT 2026: EMEA Stage 2
hezacoil,FF,1,1,0,0,1,0,0,0,0,31,0,0,Summit,2026-08-23 12:15:00,https://www.vlr.gg/731406/bbl-esports-vs-fire-flux-esports-vct-2026-emea-stage-2-lr2,VCT 2026: EMEA Stage 2
Kachoww,FF,4,2,0,1,0,0,0,0,0,70,0,1,Summit,2026-08-23 12:15:00,https://www.vlr.gg/731406/bbl-esports-vs-fire-flux-esports-vct-2026-emea-stage-2-lr2,VCT 2026: EMEA Stage 2
sociablEE,FUT,3,2,0,0,0,0,0,0,0,43,2,0,all,2026-08-28 10:00:00,https://www.vlr.gg/731400/fut-esports-vs-karmine-corp-vct-2026-emea-stage-2-ubf,VCT 2026: EMEA Stage 2
yetujey,FUT,5,4,0,0,0,0,0,0,0,72,2,0,all,2026-08-28 10:00:00,https://www.vlr.gg/731400/fut-esports-vs-karmine-corp-vct-2026-emea-stage-2-ubf,VCT 2026: EMEA Stage 2
xeus,FUT,2,0,0,0,0,0,0,0,0,31,0,2,all,2026-08-28 10:00:00,https://www.vlr.gg/731400/fut-esports-vs-karmine-corp-vct-2026-emea-stage-2-ubf,VCT 2026: EMEA Stage 2
KROSTALY,FUT,6,0,0,0,1,0,0,0,0,45,7,0,all,2026-08-28 10:00:00,https://www.vlr.gg/731400/fut-esports-vs-karmine-corp-vct-2026-emea-stage-2-ubf,VCT 2026: EMEA Stage 2
s0pp,FUT,8,1,0,0,0,0,0,0,0,48,0,0,all,2026-08-28 10:00:00,https://www.vlr.gg/731400/fut-esports-vs-karmine-corp-vct-2026-emea-stage-2-ubf,VCT 2026: EMEA Stage 2
SUYGETSU,KC,1,0,1,0,0,0,0,0,0,41,1,1,all,2026-08-28 10:00:00,https://www.vlr.gg/731400/fut-esports-vs-karmine-corp-vct-2026-emea-stage-2-ubf,VCT 2026: EMEA Stage 2
Avez,KC,4,3,0,0,0,0,0,0,0,50,11,2,all,2026-08-28 10:00:00,https://www.vlr.gg/731400/fut-esports-vs-karmine-corp-vct-2026-emea-stage-2-ubf,VCT 2026: EMEA Stage 2
dos9,KC,3,0,0,0,0,1,0,0,0,36,1,0,all,2026-08-28 10:00:00,https://www.vlr.gg/731400/fut-esports-vs-karmine-corp-vct-2026-emea-stage-2-ubf,VCT 2026: EMEA Stage 2
LewN,KC,4,4,2,0,0,0,0,0,0,58,1,2,all,2026-08-28 10:00:00,https://www.vlr.gg/731400/fut-esports-vs-karmine-corp-vct-2026-emea-stage-2-ubf,VCT 2026: EMEA Stage 2
N4RRATE,KC,7,5,1,0,1,0,0,0,0,82,3,1,all,2026-08-28 10:00:00,https://www.vlr.gg/731400/fut-esports-vs-karmine-corp-vct-2026-emea-stage-2-ubf,VCT 2026: EMEA Stage 2
sociablEE,FUT,2,1,0,0,0,0,0,0,0,43,1,0,Lotus,2026-08-28 10:00:00,https://www.vlr.gg/731400/fut-esports-vs-karmine-corp-vct-2026-emea-stage-2-ubf,VCT 2026: EMEA Stage 2
yetujey,FUT,2,2,0,0,0,0,0,0,0,76,0,0,Lotus,2026-08-28 10:00:00,https://www.vlr.gg/731400/fut-esports-vs-karmine-corp-vct-2026-emea-stage-2-ubf,VCT 2026: EMEA Stage 2
xeus,FUT,2,0,0,0,0,0,0,0,0,26,0,0,Lotus,2026-08-28 10:00:00,https://www.vlr.gg/731400/fut-esports-vs-karmine-corp-vct-2026-emea-stage-2-ubf,VCT 2026: EMEA Stage 2
KROSTALY,FUT,1,0,0,0,1,0,0,0,0,29,5,0,Lotus,2026-08-28 10:00:00,https://www.vlr.gg/731400/fut-esports-vs-karmine-corp-vct-2026-emea-stage-2-ubf,VCT 2026: EMEA Stage 2
s0pp,FUT,2,0,0,0,0,0,0,0,0,40,0,0,Lotus,2026-08-28 10:00:00,https://www.vlr.gg/731400/fut-esports-vs-karmine-corp-vct-2026-emea-stage-2-ubf,VCT 2026: EMEA Stage 2
SUYGETSU,KC,0,0,1,0,0,0,0,0,0,51,1,1,Lotus,2026-08-28 10:00:00,https://www.vlr.gg/731400/fut-esports-vs-karmine-corp-vct-2026-emea-stage-2-ubf,VCT 2026: EMEA Stage 2
Avez,KC,2,0,0,0,0,0,0,0,0,38,6,1,Lotus,2026-08-28 10:00:00,https://www.vlr.gg/731400/fut-esports-vs-karmine-corp-vct-2026-emea-stage-2-ubf,VCT 2026: EMEA Stage 2
dos9,KC,2,0,0,0,0,1,0,0,0,34,1,0,Lotus,2026-08-28 10:00:00,https://www.vlr.gg/731400/fut-esports-vs-karmine-corp-vct-2026-emea-stage-2-ubf,VCT 2026: EMEA Stage 2
LewN,KC,2,2,1,0,0,0,0,0,0,61,0,0,Lotus,2026-08-28 10:00:00,https://www.vlr.gg/731400/fut-esports-vs-karmine-corp-vct-2026-emea-stage-2-ubf,VCT 2026: EMEA Stage 2
N4RRATE,KC,3,4,0,0,0,0,0,0,0,91,2,0,Lotus,2026-08-28 10:00:00,https://www.vlr.gg/731400/fut-esports-vs-karmine-corp-vct-2026-emea-stage-2-ubf,VCT 2026: EMEA Stage 2
sociablEE,FUT,1,1,0,0,0,0,0,0,0,43,1,0,Haven,2026-08-28 10:00:00,https://www.vlr.gg/731400/fut-esports-vs-karmine-corp-vct-2026-emea-stage-2-ubf,VCT 2026: EMEA Stage 2
yetujey,FUT,3,2,0,0,0,0,0,0,0,68,2,0,Haven,2026-08-28 10:00:00,https://www.vlr.gg/731400/fut-esports-vs-karmine-corp-vct-2026-emea-stage-2-ubf,VCT 2026: EMEA Stage 2
xeus,FUT,0,0,0,0,0,0,0,0,0,36,0,2,Haven,2026-08-28 10:00:00,https://www.vlr.gg/731400/fut-esports-vs-karmine-corp-vct-2026-emea-stage-2-ubf,VCT 2026: EMEA Stage 2
KROSTALY,FUT,5,0,0,0,0,0,0,0,0,60,2,0,Haven,2026-08-28 10:00:00,https://www.vlr.gg/731400/fut-esports-vs-karmine-corp-vct-2026-emea-stage-2-ubf,VCT 2026: EMEA Stage 2
s0pp,FUT,6,1,0,0,0,0,0,0,0,55,0,0,Haven,2026-08-28 10:00:00,https://www.vlr.gg/731400/fut-esports-vs-karmine-corp-vct-2026-emea-stage-2-ubf,VCT 2026: EMEA Stage 2
SUYGETSU,KC,1,0,0,0,0,0,0,0,0,31,0,0,Haven,2026-08-28 10:00:00,https://www.vlr.gg/731400/fut-esports-vs-karmine-corp-vct-2026-emea-stage-2-ubf,VCT 2026: EMEA Stage 2
Avez,KC,2,3,0,0,0,0,0,0,0,61,5,1,Haven,2026-08-28 10:00:00,https://www.vlr.gg/731400/fut-esports-vs-karmine-corp-vct-2026-emea-stage-2-ubf,VCT 2026: EMEA Stage 2
dos9,KC,1,0,0,0,0,0,0,0,0,37,0,0,Haven,2026-08-28 10:00:00,https://www.vlr.gg/731400/fut-esports-vs-karmine-corp-vct-2026-emea-stage-2-ubf,VCT 2026: EMEA Stage 2
LewN,KC,2,2,1,0,0,0,0,0,0,55,1,2,Haven,2026-08-28 10:00:00,https://www.vlr.gg/731400/fut-esports-vs-karmine-corp-vct-2026-emea-stage-2-ubf,VCT 2026: EMEA Stage 2
N4RRATE,KC,4,1,1,0,1,0,0,0,0,72,1,1,Haven,2026-08-28 10:00:00,https://www.vlr.gg/731400/fut-esports-vs-karmine-corp-vct-2026-emea-stage-2-ubf,VCT 2026: EMEA Stage 2
nAts,TL,6,3,1,0,1,0,0,0,0,59,0,2,all,2026-08-28 12:30:00,https://www.vlr.gg/731407/team-liquid-vs-fire-flux-esports-vct-2026-emea-stage-2-lr3,VCT 2026: EMEA Stage 2
purp0,TL,6,2,0,0,0,0,0,0,0,47,0,1,all,2026-08-28 12:30:00,https://www.vlr.gg/731407/team-liquid-vs-fire-flux-esports-vct-2026-emea-stage-2-lr3,VCT 2026: EMEA Stage 2
trexx,TL,6,4,0,0,0,1,0,0,0,66,3,2,all,2026-08-28 12:30:00,https://www.vlr.gg/731407/team-liquid-vs-fire-flux-esports-vct-2026-emea-stage-2-lr3,VCT 2026: EMEA Stage 2
Kicks,TL,9,0,1,0,0,0,0,0,0,45,3,1,all,2026-08-28 12:30:00,https://www.vlr.gg/731407/team-liquid-vs-fire-flux-esports-vct-2026-emea-stage-2-lr3,VCT 2026: EMEA Stage 2
kamo,TL,4,1,0,1,0,0,0,0,0,59,2,0,all,2026-08-28 12:30:00,https://www.vlr.gg/731407/team-liquid-vs-fire-flux-esports-vct-2026-emea-stage-2-lr3,VCT 2026: EMEA Stage 2
DeadInk,FF,4,2,1,0,0,0,1,0,0,36,3,1,all,2026-08-28 12:30:00,https://www.vlr.gg/731407/team-liquid-vs-fire-flux-esports-vct-2026-emea-stage-2-lr3,VCT 2026: EMEA Stage 2
reazy,FF,9,2,0,0,0,0,0,0,0,47,2,0,all,2026-08-28 12:30:00,https://www.vlr.gg/731407/team-liquid-vs-fire-flux-esports-vct-2026-emea-stage-2-lr3,VCT 2026: EMEA Stage 2
batujnax,FF,4,3,0,0,0,0,0,0,0,52,4,0,all,2026-08-28 12:30:00,https://www.vlr.gg/731407/team-liquid-vs-fire-flux-esports-vct-2026-emea-stage-2-lr3,VCT 2026: EMEA Stage 2
hezacoil,FF,4,2,0,0,0,2,0,0,0,54,0,1,all,2026-08-28 12:30:00,https://www.vlr.gg/731407/team-liquid-vs-fire-flux-esports-vct-2026-emea-stage-2-lr3,VCT 2026: EMEA Stage 2
Kachoww,FF,7,1,0,0,0,0,0,0,0,56,0,0,all,2026-08-28 12:30:00,https://www.vlr.gg/731407/team-liquid-vs-fire-flux-esports-vct-2026-emea-stage-2-lr3,VCT 2026: EMEA Stage 2
nAts,TL,3,0,1,0,0,0,0,0,0,53,0,2,Haven,2026-08-28 12:30:00,https://www.vlr.gg/731407/team-liquid-vs-fire-flux-esports-vct-2026-emea-stage-2-lr3,VCT 2026: EMEA Stage 2
purp0,TL,3,1,0,0,0,0,0,0,0,48,0,0,Haven,2026-08-28 12:30:00,https://www.vlr.gg/731407/team-liquid-vs-fire-flux-esports-vct-2026-emea-stage-2-lr3,VCT 2026: EMEA Stage 2
trexx,TL,5,3,0,0,0,1,0,0,0,75,1,2,Haven,2026-08-28 12:30:00,https://www.vlr.gg/731407/team-liquid-vs-fire-flux-esports-vct-2026-emea-stage-2-lr3,VCT 2026: EMEA Stage 2
Kicks,TL,3,0,1,0,0,0,0,0,0,39,1,0,Haven,2026-08-28 12:30:00,https://www.vlr.gg/731407/team-liquid-vs-fire-flux-esports-vct-2026-emea-stage-2-lr3,VCT 2026: EMEA Stage 2
kamo,TL,2,0,0,0,0,0,0,0,0,39,2,0,Haven,2026-08-28 12:30:00,https://www.vlr.gg/731407/team-liquid-vs-fire-flux-esports-vct-2026-emea-stage-2-lr3,VCT 2026: EMEA Stage 2
DeadInk,FF,2,1,0,0,0,0,0,0,0,29,2,0,Haven,2026-08-28 12:30:00,https://www.vlr.gg/731407/team-liquid-vs-fire-flux-esports-vct-2026-emea-stage-2-lr3,VCT 2026: EMEA Stage 2
reazy,FF,5,1,0,0,0,0,0,0,0,52,2,0,Haven,2026-08-28 12:30:00,https://www.vlr.gg/731407/team-liquid-vs-fire-flux-esports-vct-2026-emea-stage-2-lr3,VCT 2026: EMEA Stage 2
batujnax,FF,4,2,0,0,0,0,0,0,0,66,2,0,Haven,2026-08-28 12:30:00,https://www.vlr.gg/731407/team-liquid-vs-fire-flux-esports-vct-2026-emea-stage-2-lr3,VCT 2026: EMEA Stage 2
hezacoil,FF,3,0,0,0,0,1,0,0,0,64,0,1,Haven,2026-08-28 12:30:00,https://www.vlr.gg/731407/team-liquid-vs-fire-flux-esports-vct-2026-emea-stage-2-lr3,VCT 2026: EMEA Stage 2
Kachoww,FF,3,1,0,0,0,0,0,0,0,52,0,0,Haven,2026-08-28 12:30:00,https://www.vlr.gg/731407/team-liquid-vs-fire-flux-esports-vct-2026-emea-stage-2-lr3,VCT 2026: EMEA Stage 2
nAts,TL,3,3,0,0,1,0,0,0,0,64,0,0,Lotus,2026-08-28 12:30:00,https://www.vlr.gg/731407/team-liquid-vs-fire-flux-esports-vct-2026-emea-stage-2-lr3,VCT 2026: EMEA Stage 2
purp0,TL,3,1,0,0,0,0,0,0,0,45,0,1,Lotus,2026-08-28 12:30:00,https://www.vlr.gg/731407/team-liquid-vs-fire-flux-esports-vct-2026-emea-stage-2-lr3,VCT 2026: EMEA Stage 2
trexx,TL,1,1,0,0,0,0,0,0,0,57,2,0,Lotus,2026-08-28 12:30:00,https://www.vlr.gg/731407/team-liquid-vs-fire-flux-esports-vct-2026-emea-stage-2-lr3,VCT 2026: EMEA Stage 2
Kicks,TL,6,0,0,0,0,0,0,0,0,51,2,1,Lotus,2026-08-28 12:30:00,https://www.vlr.gg/731407/team-liquid-vs-fire-flux-esports-vct-2026-emea-stage-2-lr3,VCT 2026: EMEA Stage 2
kamo,TL,2,1,0,1,0,0,0,0,0,79,0,0,Lotus,2026-08-28 12:30:00,https://www.vlr.gg/731407/team-liquid-vs-fire-flux-esports-vct-2026-emea-stage-2-lr3,VCT 2026: EMEA Stage 2
DeadInk,FF,2,1,1,0,0,0,1,0,0,43,1,1,Lotus,2026-08-28 12:30:00,https://www.vlr.gg/731407/team-liquid-vs-fire-flux-esports-vct-2026-emea-stage-2-lr3,VCT 2026: EMEA Stage 2
reazy,FF,4,1,0,0,0,0,0,0,0,41,0,0,Lotus,2026-08-28 12:30:00,https://www.vlr.gg/731407/team-liquid-vs-fire-flux-esports-vct-2026-emea-stage-2-lr3,VCT 2026: EMEA Stage 2
batujnax,FF,0,1,0,0,0,0,0,0,0,38,2,0,Lotus,2026-08-28 12:30:00,https://www.vlr.gg/731407/team-liquid-vs-fire-flux-esports-vct-2026-emea-stage-2-lr3,VCT 2026: EMEA Stage 2
hezacoil,FF,1,2,0,0,0,1,0,0,0,43,0,0,Lotus,2026-08-28 12:30:00,https://www.vlr.gg/731407/team-liquid-vs-fire-flux-esports-vct-2026-emea-stage-2-lr3,VCT 2026: EMEA Stage 2
Kachoww,FF,4,0,0,0,0,0,0,0,0,60,0,0,Lotus,2026-08-28 12:30:00,https://www.vlr.gg/731407/team-liquid-vs-fire-flux-esports-vct-2026-emea-stage-2-lr3,VCT 2026: EMEA Stage 2
sociablEE,FUT,2,1,0,0,0,0,0,0,0,31,2,0,all,2026-08-29 11:00:00,https://www.vlr.gg/731408/fut-esports-vs-team-liquid-vct-2026-emea-stage-2-lbf,VCT 2026: EMEA Stage 2
yetujey,FUT,6,2,0,0,0,3,0,0,0,44,3,2,all,2026-08-29 11:00:00,https://www.vlr.gg/731408/fut-esports-vs-team-liquid-vct-2026-emea-stage-2-lbf,VCT 2026: EMEA Stage 2
xeus,FUT,4,1,1,0,0,0,0,0,0,38,0,0,all,2026-08-29 11:00:00,https://www.vlr.gg/731408/fut-esports-vs-team-liquid-vct-2026-emea-stage-2-lbf,VCT 2026: EMEA Stage 2
KROSTALY,FUT,9,4,1,0,2,0,2,0,0,59,8,2,all,2026-08-29 11:00:00,https://www.vlr.gg/731408/fut-esports-vs-team-liquid-vct-2026-emea-stage-2-lbf,VCT 2026: EMEA Stage 2
s0pp,FUT,2,4,2,0,0,0,1,0,0,49,0,0,all,2026-08-29 11:00:00,https://www.vlr.gg/731408/fut-esports-vs-team-liquid-vct-2026-emea-stage-2-lbf,VCT 2026: EMEA Stage 2
nAts,TL,9,3,0,0,2,0,0,0,0,77,2,2,all,2026-08-29 11:00:00,https://www.vlr.gg/731408/fut-esports-vs-team-liquid-vct-2026-emea-stage-2-lbf,VCT 2026: EMEA Stage 2
purp0,TL,10,1,1,0,0,0,0,0,0,49,0,0,all,2026-08-29 11:00:00,https://www.vlr.gg/731408/fut-esports-vs-team-liquid-vct-2026-emea-stage-2-lbf,VCT 2026: EMEA Stage 2
trexx,TL,7,1,0,0,0,0,0,0,0,48,8,2,all,2026-08-29 11:00:00,https://www.vlr.gg/731408/fut-esports-vs-team-liquid-vct-2026-emea-stage-2-lbf,VCT 2026: EMEA Stage 2
Kicks,TL,8,4,0,0,0,1,0,0,0,58,5,0,all,2026-08-29 11:00:00,https://www.vlr.gg/731408/fut-esports-vs-team-liquid-vct-2026-emea-stage-2-lbf,VCT 2026: EMEA Stage 2
kamo,TL,14,5,1,0,0,1,0,0,0,79,5,1,all,2026-08-29 11:00:00,https://www.vlr.gg/731408/fut-esports-vs-team-liquid-vct-2026-emea-stage-2-lbf,VCT 2026: EMEA Stage 2
sociablEE,FUT,1,0,0,0,0,0,0,0,0,28,1,0,Split,2026-08-29 11:00:00,https://www.vlr.gg/731408/fut-esports-vs-team-liquid-vct-2026-emea-stage-2-lbf,VCT 2026: EMEA Stage 2
yetujey,FUT,3,0,0,0,0,2,0,0,0,63,1,1,Split,2026-08-29 11:00:00,https://www.vlr.gg/731408/fut-esports-vs-team-liquid-vct-2026-emea-stage-2-lbf,VCT 2026: EMEA Stage 2
xeus,FUT,1,0,0,0,0,0,0,0,0,34,0,0,Split,2026-08-29 11:00:00,https://www.vlr.gg/731408/fut-esports-vs-team-liquid-vct-2026-emea-stage-2-lbf,VCT 2026: EMEA Stage 2
KROSTALY,FUT,3,0,0,0,0,0,0,0,0,45,1,0,Split,2026-08-29 11:00:00,https://www.vlr.gg/731408/fut-esports-vs-team-liquid-vct-2026-emea-stage-2-lbf,VCT 2026: EMEA Stage 2
s0pp,FUT,0,3,0,0,0,0,1,0,0,66,0,0,Split,2026-08-29 11:00:00,https://www.vlr.gg/731408/fut-esports-vs-team-liquid-vct-2026-emea-stage-2-lbf,VCT 2026: EMEA Stage 2
nAts,TL,5,0,0,0,1,0,0,0,0,84,1,1,Split,2026-08-29 11:00:00,https://www.vlr.gg/731408/fut-esports-vs-team-liquid-vct-2026-emea-stage-2-lbf,VCT 2026: EMEA Stage 2
purp0,TL,3,1,0,0,0,0,0,0,0,55,0,0,Split,2026-08-29 11:00:00,https://www.vlr.gg/731408/fut-esports-vs-team-liquid-vct-2026-emea-stage-2-lbf,VCT 2026: EMEA Stage 2
trexx,TL,2,0,0,0,0,0,0,0,0,40,4,0,Split,2026-08-29 11:00:00,https://www.vlr.gg/731408/fut-esports-vs-team-liquid-vct-2026-emea-stage-2-lbf,VCT 2026: EMEA Stage 2
Kicks,TL,4,1,0,0,0,1,0,0,0,72,1,0,Split,2026-08-29 11:00:00,https://www.vlr.gg/731408/fut-esports-vs-team-liquid-vct-2026-emea-stage-2-lbf,VCT 2026: EMEA Stage 2
kamo,TL,4,1,0,0,0,0,0,0,0,68,3,0,Split,2026-08-29 11:00:00,https://www.vlr.gg/731408/fut-esports-vs-team-liquid-vct-2026-emea-stage-2-lbf,VCT 2026: EMEA Stage 2
sociablEE,FUT,1,0,0,0,0,0,0,0,0,33,0,0,Ascent,2026-08-29 11:00:00,https://www.vlr.gg/731408/fut-esports-vs-team-liquid-vct-2026-emea-stage-2-lbf,VCT 2026: EMEA Stage 2
yetujey,FUT,2,1,0,0,0,1,0,0,0,42,1,0,Ascent,2026-08-29 11:00:00,https://www.vlr.gg/731408/fut-esports-vs-team-liquid-vct-2026-emea-stage-2-lbf,VCT 2026: EMEA Stage 2
xeus,FUT,1,0,0,0,0,0,0,0,0,37,0,0,Ascent,2026-08-29 11:00:00,https://www.vlr.gg/731408/fut-esports-vs-team-liquid-vct-2026-emea-stage-2-lbf,VCT 2026: EMEA Stage 2
KROSTALY,FUT,1,2,0,0,1,0,2,0,0,51,1,2,Ascent,2026-08-29 11:00:00,https://www.vlr.gg/731408/fut-esports-vs-team-liquid-vct-2026-emea-stage-2-lbf,VCT 2026: EMEA Stage 2
s0pp,FUT,2,1,1,0,0,0,0,0,0,43,0,0,Ascent,2026-08-29 11:00:00,https://www.vlr.gg/731408/fut-esports-vs-team-liquid-vct-2026-emea-stage-2-lbf,VCT 2026: EMEA Stage 2
nAts,TL,2,1,0,0,0,0,0,0,0,70,0,0,Ascent,2026-08-29 11:00:00,https://www.vlr.gg/731408/fut-esports-vs-team-liquid-vct-2026-emea-stage-2-lbf,VCT 2026: EMEA Stage 2
purp0,TL,5,0,0,0,0,0,0,0,0,46,0,0,Ascent,2026-08-29 11:00:00,https://www.vlr.gg/731408/fut-esports-vs-team-liquid-vct-2026-emea-stage-2-lbf,VCT 2026: EMEA Stage 2
trexx,TL,3,0,0,0,0,0,0,0,0,57,3,1,Ascent,2026-08-29 11:00:00,https://www.vlr.gg/731408/fut-esports-vs-team-liquid-vct-2026-emea-stage-2-lbf,VCT 2026: EMEA Stage 2
Kicks,TL,2,1,0,0,0,0,0,0,0,54,0,0,Ascent,2026-08-29 11:00:00,https://www.vlr.gg/731408/fut-esports-vs-team-liquid-vct-2026-emea-stage-2-lbf,VCT 2026: EMEA Stage 2
kamo,TL,5,3,1,0,0,1,0,0,0,115,1,0,Ascent,2026-08-29 11:00:00,https://www.vlr.gg/731408/fut-esports-vs-team-liquid-vct-2026-emea-stage-2-lbf,VCT 2026: EMEA Stage 2
sociablEE,FUT,0,1,0,0,0,0,0,0,0,33,1,0,Lotus,2026-08-29 11:00:00,https://www.vlr.gg/731408/fut-esports-vs-team-liquid-vct-2026-emea-stage-2-lbf,VCT 2026: EMEA Stage 2
yetujey,FUT,1,1,0,0,0,0,0,0,0,26,1,1,Lotus,2026-08-29 11:00:00,https://www.vlr.gg/731408/fut-esports-vs-team-liquid-vct-2026-emea-stage-2-lbf,VCT 2026: EMEA Stage 2
xeus,FUT,2,1,1,0,0,0,0,0,0,43,0,0,Lotus,2026-08-29 11:00:00,https://www.vlr.gg/731408/fut-esports-vs-team-liquid-vct-2026-emea-stage-2-lbf,VCT 2026: EMEA Stage 2
KROSTALY,FUT,5,2,1,0,1,0,0,0,0,81,6,0,Lotus,2026-08-29 11:00:00,https://www.vlr.gg/731408/fut-esports-vs-team-liquid-vct-2026-emea-stage-2-lbf,VCT 2026: EMEA Stage 2
s0pp,FUT,0,0,1,0,0,0,0,0,0,37,0,0,Lotus,2026-08-29 11:00:00,https://www.vlr.gg/731408/fut-esports-vs-team-liquid-vct-2026-emea-stage-2-lbf,VCT 2026: EMEA Stage 2
nAts,TL,2,2,0,0,1,0,0,0,0,76,1,1,Lotus,2026-08-29 11:00:00,https://www.vlr.gg/731408/fut-esports-vs-team-liquid-vct-2026-emea-stage-2-lbf,VCT 2026: EMEA Stage 2
purp0,TL,2,0,1,0,0,0,0,0,0,47,0,0,Lotus,2026-08-29 11:00:00,https://www.vlr.gg/731408/fut-esports-vs-team-liquid-vct-2026-emea-stage-2-lbf,VCT 2026: EMEA Stage 2
trexx,TL,2,1,0,0,0,0,0,0,0,48,1,1,Lotus,2026-08-29 11:00:00,https://www.vlr.gg/731408/fut-esports-vs-team-liquid-vct-2026-emea-stage-2-lbf,VCT 2026: EMEA Stage 2
Kicks,TL,2,2,0,0,0,0,0,0,0,49,4,0,Lotus,2026-08-29 11:00:00,https://www.vlr.gg/731408/fut-esports-vs-team-liquid-vct-2026-emea-stage-2-lbf,VCT 2026: EMEA Stage 2
kamo,TL,5,1,0,0,0,0,0,0,0,54,1,1,Lotus,2026-08-29 11:00:00,https://www.vlr.gg/731408/fut-esports-vs-team-liquid-vct-2026-emea-stage-2-lbf,VCT 2026: EMEA Stage 2
SUYGETSU,KC,9,2,0,0,1,0,0,0,0,49,1,2,all,2026-08-30 11:00:00,https://www.vlr.gg/731401/karmine-corp-vs-team-liquid-vct-2026-emea-stage-2-gf,VCT 2026: EMEA Stage 2
Avez,KC,10,0,0,0,3,0,0,0,0,45,15,2,all,2026-08-30 11:00:00,https://www.vlr.gg/731401/karmine-corp-vs-team-liquid-vct-2026-emea-stage-2-gf,VCT 2026: EMEA Stage 2
dos9,KC,15,5,1,0,0,1,0,0,0,67,5,0,all,2026-08-30 11:00:00,https://www.vlr.gg/731401/karmine-corp-vs-team-liquid-vct-2026-emea-stage-2-gf,VCT 2026: EMEA Stage 2
LewN,KC,12,2,1,0,0,1,0,0,0,46,2,0,all,2026-08-30 11:00:00,https://www.vlr.gg/731401/karmine-corp-vs-team-liquid-vct-2026-emea-stage-2-gf,VCT 2026: EMEA Stage 2
N4RRATE,KC,13,4,0,0,0,0,0,0,0,66,3,2,all,2026-08-30 11:00:00,https://www.vlr.gg/731401/karmine-corp-vs-team-liquid-vct-2026-emea-stage-2-gf,VCT 2026: EMEA Stage 2
nAts,TL,10,2,0,0,2,1,0,0,0,50,2,1,all,2026-08-30 11:00:00,https://www.vlr.gg/731401/karmine-corp-vs-team-liquid-vct-2026-emea-stage-2-gf,VCT 2026: EMEA Stage 2
purp0,TL,6,1,0,0,0,0,0,0,0,33,0,1,all,2026-08-30 11:00:00,https://www.vlr.gg/731401/karmine-corp-vs-team-liquid-vct-2026-emea-stage-2-gf,VCT 2026: EMEA Stage 2
trexx,TL,9,3,0,0,0,0,0,0,0,52,13,1,all,2026-08-30 11:00:00,https://www.vlr.gg/731401/karmine-corp-vs-team-liquid-vct-2026-emea-stage-2-gf,VCT 2026: EMEA Stage 2
Kicks,TL,6,2,2,1,2,1,0,0,0,57,6,1,all,2026-08-30 11:00:00,https://www.vlr.gg/731401/karmine-corp-vs-team-liquid-vct-2026-emea-stage-2-gf,VCT 2026: EMEA Stage 2
kamo,TL,11,4,1,0,0,0,0,0,0,58,2,2,all,2026-08-30 11:00:00,https://www.vlr.gg/731401/karmine-corp-vs-team-liquid-vct-2026-emea-stage-2-gf,VCT 2026: EMEA Stage 2
SUYGETSU,KC,2,2,0,0,0,0,0,0,0,56,0,0,Sunset,2026-08-30 11:00:00,https://www.vlr.gg/731401/karmine-corp-vs-team-liquid-vct-2026-emea-stage-2-gf,VCT 2026: EMEA Stage 2
Avez,KC,4,0,0,0,0,0,0,0,0,36,3,0,Sunset,2026-08-30 11:00:00,https://www.vlr.gg/731401/karmine-corp-vs-team-liquid-vct-2026-emea-stage-2-gf,VCT 2026: EMEA Stage 2
dos9,KC,4,1,1,0,0,0,0,0,0,74,2,0,Sunset,2026-08-30 11:00:00,https://www.vlr.gg/731401/karmine-corp-vs-team-liquid-vct-2026-emea-stage-2-gf,VCT 2026: EMEA Stage 2
LewN,KC,3,0,0,0,0,0,0,0,0,45,0,0,Sunset,2026-08-30 11:00:00,https://www.vlr.gg/731401/karmine-corp-vs-team-liquid-vct-2026-emea-stage-2-gf,VCT 2026: EMEA Stage 2
N4RRATE,KC,6,0,0,0,0,0,0,0,0,58,1,0,Sunset,2026-08-30 11:00:00,https://www.vlr.gg/731401/karmine-corp-vs-team-liquid-vct-2026-emea-stage-2-gf,VCT 2026: EMEA Stage 2
nAts,TL,1,1,0,0,1,0,0,0,0,47,0,0,Sunset,2026-08-30 11:00:00,https://www.vlr.gg/731401/karmine-corp-vs-team-liquid-vct-2026-emea-stage-2-gf,VCT 2026: EMEA Stage 2
purp0,TL,0,0,0,0,0,0,0,0,0,17,0,0,Sunset,2026-08-30 11:00:00,https://www.vlr.gg/731401/karmine-corp-vs-team-liquid-vct-2026-emea-stage-2-gf,VCT 2026: EMEA Stage 2
trexx,TL,3,1,0,0,0,0,0,0,0,61,1,0,Sunset,2026-08-30 11:00:00,https://www.vlr.gg/731401/karmine-corp-vs-team-liquid-vct-2026-emea-stage-2-gf,VCT 2026: EMEA Stage 2
Kicks,TL,2,0,1,0,0,0,0,0,0,48,0,0,Sunset,2026-08-30 11:00:00,https://www.vlr.gg/731401/karmine-corp-vs-team-liquid-vct-2026-emea-stage-2-gf,VCT 2026: EMEA Stage 2
kamo,TL,0,1,0,0,0,0,0,0,0,37,0,0,Sunset,2026-08-30 11:00:00,https://www.vlr.gg/731401/karmine-corp-vs-team-liquid-vct-2026-emea-stage-2-gf,VCT 2026: EMEA Stage 2
SUYGETSU,KC,4,0,0,0,1,0,0,0,0,63,1,1,Ascent,2026-08-30 11:00:00,https://www.vlr.gg/731401/karmine-corp-vs-team-liquid-vct-2026-emea-stage-2-gf,VCT 2026: EMEA Stage 2
Avez,KC,2,0,0,0,1,0,0,0,0,65,1,1,Ascent,2026-08-30 11:00:00,https://www.vlr.gg/731401/karmine-corp-vs-team-liquid-vct-2026-emea-stage-2-gf,VCT 2026: EMEA Stage 2
dos9,KC,4,2,0,0,0,1,0,0,0,82,0,0,Ascent,2026-08-30 11:00:00,https://www.vlr.gg/731401/karmine-corp-vs-team-liquid-vct-2026-emea-stage-2-gf,VCT 2026: EMEA Stage 2
LewN,KC,2,1,0,0,0,0,0,0,0,35,0,0,Ascent,2026-08-30 11:00:00,https://www.vlr.gg/731401/karmine-corp-vs-team-liquid-vct-2026-emea-stage-2-gf,VCT 2026: EMEA Stage 2
N4RRATE,KC,2,2,0,0,0,0,0,0,0,68,0,1,Ascent,2026-08-30 11:00:00,https://www.vlr.gg/731401/karmine-corp-vs-team-liquid-vct-2026-emea-stage-2-gf,VCT 2026: EMEA Stage 2
nAts,TL,4,1,0,0,0,0,0,0,0,63,1,0,Ascent,2026-08-30 11:00:00,https://www.vlr.gg/731401/karmine-corp-vs-team-liquid-vct-2026-emea-stage-2-gf,VCT 2026: EMEA Stage 2
purp0,TL,1,0,0,0,0,0,0,0,0,22,0,0,Ascent,2026-08-30 11:00:00,https://www.vlr.gg/731401/karmine-corp-vs-team-liquid-vct-2026-emea-stage-2-gf,VCT 2026: EMEA Stage 2
trexx,TL,2,0,0,0,0,0,0,0,0,55,3,0,Ascent,2026-08-30 11:00:00,https://www.vlr.gg/731401/karmine-corp-vs-team-liquid-vct-2026-emea-stage-2-gf,VCT 2026: EMEA Stage 2
Kicks,TL,0,1,0,0,1,0,0,0,0,27,3,0,Ascent,2026-08-30 11:00:00,https://www.vlr.gg/731401/karmine-corp-vs-team-liquid-vct-2026-emea-stage-2-gf,VCT 2026: EMEA Stage 2
kamo,TL,4,0,0,0,0,0,0,0,0,60,0,0,Ascent,2026-08-30 11:00:00,https://www.vlr.gg/731401/karmine-corp-vs-team-liquid-vct-2026-emea-stage-2-gf,VCT 2026: EMEA Stage 2
SUYGETSU,KC,2,0,0,0,0,0,0,0,0,40,0,1,Lotus,2026-08-30 11:00:00,https://www.vlr.gg/731401/karmine-corp-vs-team-liquid-vct-2026-emea-stage-2-gf,VCT 2026: EMEA Stage 2
Avez,KC,1,0,0,0,1,0,0,0,0,24,4,0,Lotus,2026-08-30 11:00:00,https://www.vlr.gg/731401/karmine-corp-vs-team-liquid-vct-2026-emea-stage-2-gf,VCT 2026: EMEA Stage 2
dos9,KC,1,1,0,0,0,0,0,0,0,36,1,0,Lotus,2026-08-30 11:00:00,https://www.vlr.gg/731401/karmine-corp-vs-team-liquid-vct-2026-emea-stage-2-gf,VCT 2026: EMEA Stage 2
LewN,KC,2,1,0,0,0,1,0,0,0,40,2,0,Lotus,2026-08-30 11:00:00,https://www.vlr.gg/731401/karmine-corp-vs-team-liquid-vct-2026-emea-stage-2-gf,VCT 2026: EMEA Stage 2
N4RRATE,KC,4,0,0,0,0,0,0,0,0,70,2,0,Lotus,2026-08-30 11:00:00,https://www.vlr.gg/731401/karmine-corp-vs-team-liquid-vct-2026-emea-stage-2-gf,VCT 2026: EMEA Stage 2
nAts,TL,2,0,0,0,0,0,0,0,0,35,1,0,Lotus,2026-08-30 11:00:00,https://www.vlr.gg/731401/karmine-corp-vs-team-liquid-vct-2026-emea-stage-2-gf,VCT 2026: EMEA Stage 2
purp0,TL,2,0,0,0,0,0,0,0,0,52,0,1,Lotus,2026-08-30 11:00:00,https://www.vlr.gg/731401/karmine-corp-vs-team-liquid-vct-2026-emea-stage-2-gf,VCT 2026: EMEA Stage 2
trexx,TL,3,0,0,0,0,0,0,0,0,40,4,1,Lotus,2026-08-30 11:00:00,https://www.vlr.gg/731401/karmine-corp-vs-team-liquid-vct-2026-emea-stage-2-gf,VCT 2026: EMEA Stage 2
Kicks,TL,2,0,1,1,0,0,0,0,0,108,1,0,Lotus,2026-08-30 11:00:00,https://www.vlr.gg/731401/karmine-corp-vs-team-liquid-vct-2026-emea-stage-2-gf,VCT 2026: EMEA Stage 2
kamo,TL,5,2,0,0,0,0,0,0,0,94,1,2,Lotus,2026-08-30 11:00:00,https://www.vlr.gg/731401/karmine-corp-vs-team-liquid-vct-2026-emea-stage-2-gf,VCT 2026: EMEA Stage 2
SUYGETSU,KC,1,0,0,0,0,0,0,0,0,35,0,0,Summit,2026-08-30 11:00:00,https://www.vlr.gg/731401/karmine-corp-vs-team-liquid-vct-2026-emea-stage-2-gf,VCT 2026: EMEA Stage 2
Avez,KC,3,0,0,0,1,0,0,0,0,56,7,1,Summit,2026-08-30 11:00:00,https://www.vlr.gg/731401/karmine-corp-vs-team-liquid-vct-2026-emea-stage-2-gf,VCT 2026: EMEA Stage 2
dos9,KC,6,1,0,0,0,0,0,0,0,76,2,0,Summit,2026-08-30 11:00:00,https://www.vlr.gg/731401/karmine-corp-vs-team-liquid-vct-2026-emea-stage-2-gf,VCT 2026: EMEA Stage 2
LewN,KC,5,0,1,0,0,0,0,0,0,63,0,0,Summit,2026-08-30 11:00:00,https://www.vlr.gg/731401/karmine-corp-vs-team-liquid-vct-2026-emea-stage-2-gf,VCT 2026: EMEA Stage 2
N4RRATE,KC,1,2,0,0,0,0,0,0,0,67,0,1,Summit,2026-08-30 11:00:00,https://www.vlr.gg/731401/karmine-corp-vs-team-liquid-vct-2026-emea-stage-2-gf,VCT 2026: EMEA Stage 2
nAts,TL,3,0,0,0,1,1,0,0,0,53,0,1,Summit,2026-08-30 11:00:00,https://www.vlr.gg/731401/karmine-corp-vs-team-liquid-vct-2026-emea-stage-2-gf,VCT 2026: EMEA Stage 2
purp0,TL,3,1,0,0,0,0,0,0,0,40,0,0,Summit,2026-08-30 11:00:00,https://www.vlr.gg/731401/karmine-corp-vs-team-liquid-vct-2026-emea-stage-2-gf,VCT 2026: EMEA Stage 2
trexx,TL,1,2,0,0,0,0,0,0,0,51,5,0,Summit,2026-08-30 11:00:00,https://www.vlr.gg/731401/karmine-corp-vs-team-liquid-vct-2026-emea-stage-2-gf,VCT 2026: EMEA Stage 2
Kicks,TL,2,1,0,0,1,1,0,0,0,45,2,1,Summit,2026-08-30 11:00:00,https://www.vlr.gg/731401/karmine-corp-vs-team-liquid-vct-2026-emea-stage-2-gf,VCT 2026: EMEA Stage 2
kamo,TL,2,1,1,0,0,0,0,0,0,40,1,0,Summit,2026-08-30 11:00:00,https://www.vlr.gg/731401/karmine-corp-vs-team-liquid-vct-2026-emea-stage-2-gf,VCT 2026: EMEA Stage 2
