team_a,team_b,team_a_economy,team_b_economy,round,team_a_bank,team_b_bank,map,date,source_url,event
TL,PRX,4000,4100,1,0.1k,0.2k,Ascent,2026-09-24 05:00:00,https://www.vlr.gg/753455/team-liquid-vs-paper-rex-valorant-champions-2026-opening-c,Valorant Champions 2026
TL,PRX,1950,14600,2,8.8k,5.0k,Ascent,2026-09-24 05:00:00,https://www.vlr.gg/753455/team-liquid-vs-paper-rex-valorant-champions-2026-opening-c,Valorant Champions 2026
TL,PRX,20900,21900,3,0.7k,11.2k,Ascent,2026-09-24 05:00:00,https://www.vlr.gg/753455/team-liquid-vs-paper-rex-valorant-champions-2026-opening-c,Valorant Champions 2026
TL,PRX,6550,22700,4,10.3k,13.6k,Ascent,2026-09-24 05:00:00,https://www.vlr.gg/753455/team-liquid-vs-paper-rex-valorant-champions-2026-opening-c,Valorant Champions 2026
TL,PRX,22900,24000,5,3.8k,19.7k,Ascent,2026-09-24 05:00:00,https://www.vlr.gg/753455/team-liquid-vs-paper-rex-valorant-champions-2026-opening-c,Valorant Champions 2026
TL,PRX,20850,22700,6,4.0k,9.9k,Ascent,2026-09-24 05:00:00,https://www.vlr.gg/753455/team-liquid-vs-paper-rex-valorant-champions-2026-opening-c,Valorant Champions 2026
TL,PRX,20450,21900,7,4.1k,2.6k,Ascent,2026-09-24 05:00:00,https://www.vlr.gg/753455/team-liquid-vs-paper-rex-valorant-champions-2026-opening-c,Valorant Champions 2026
TL,PRX,22900,8500,8,13.9k,9.3k,Ascent,2026-09-24 05:00:00,https://www.vlr.gg/753455/team-liquid-vs-paper-rex-valorant-champions-2026-opening-c,Valorant Champions 2026
TL,PRX,23200,23850,9,21.5k,2.0k,Ascent,2026-09-24 05:00:00,https://www.vlr.gg/753455/team-liquid-vs-paper-rex-valorant-champions-2026-opening-c,Valorant Champions 2026
TL,PRX,23250,25000,10,9.3k,8.3k,Ascent,2026-09-24 05:00:00,https://www.vlr.gg/753455/team-liquid-vs-paper-rex-valorant-champions-2026-opening-c,Valorant Champions 2026
TL,PRX,19250,25150,11,2.9k,16.2k,Ascent,2026-09-24 05:00:00,https://www.vlr.gg/753455/team-liquid-vs-paper-rex-valorant-champions-2026-opening-c,Valorant Champions 2026
TL,PRX,18350,28200,12,0.3k,9.4k,Ascent,2026-09-24 05:00:00,https://www.vlr.gg/753455/team-liquid-vs-paper-rex-valorant-champions-2026-opening-c,Valorant Champions 2026
TL,PRX,4350,4250,13,0.1k,0.1k,Ascent,2026-09-24 05:00:00,https://www.vlr.gg/753455/team-liquid-vs-paper-rex-valorant-champions-2026-opening-c,Valorant Champions 2026
TL,PRX,2100,16650,14,8.5k,2.9k,Ascent,2026-09-24 05:00:00,https://www.vlr.gg/753455/team-liquid-vs-paper-rex-valorant-champions-2026-opening-c,Valorant Champions 2026
TL,PRX,21650,17750,15,0.4k,13.9k,Ascent,2026-09-24 05:00:00,https://www.vlr.gg/753455/team-liquid-vs-paper-rex-valorant-champions-2026-opening-c,Valorant Champions 2026
TL,PRX,17000,23950,16,1.5k,10.5k,Ascent,2026-09-24 05:00:00,https://www.vlr.gg/753455/team-liquid-vs-paper-rex-valorant-champions-2026-opening-c,Valorant Champions 2026
TL,PRX,17700,25750,17,0.4k,8.6k,Ascent,2026-09-24 05:00:00,https://www.vlr.gg/753455/team-liquid-vs-paper-rex-valorant-champions-2026-opening-c,Valorant Champions 2026
TL,PRX,3700,3800,1,0.1k,0.4k,Haven,2026-09-24 05:00:00,https://www.vlr.gg/753455/team-liquid-vs-paper-rex-valorant-champions-2026-opening-c,Valorant Champions 2026
TL,PRX,1400,15200,2,8.4k,4.6k,Haven,2026-09-24 05:00:00,https://www.vlr.gg/753455/team-liquid-vs-paper-rex-valorant-champions-2026-opening-c,Valorant Champions 2026
TL,PRX,21000,22050,3,0.5k,3.6k,Haven,2026-09-24 05:00:00,https://www.vlr.gg/753455/team-liquid-vs-paper-rex-valorant-champions-2026-opening-c,Valorant Champions 2026
TL,PRX,19350,7050,4,4.2k,7.2k,Haven,2026-09-24 05:00:00,https://www.vlr.gg/753455/team-liquid-vs-paper-rex-valorant-champions-2026-opening-c,Valorant Champions 2026
TL,PRX,21550,19800,5,14.6k,0.4k,Haven,2026-09-24 05:00:00,https://www.vlr.gg/753455/team-liquid-vs-paper-rex-valorant-champions-2026-opening-c,Valorant Champions 2026
TL,PRX,22700,12250,6,22.6k,8.7k,Haven,2026-09-24 05:00:00,https://www.vlr.gg/753455/team-liquid-vs-paper-rex-valorant-champions-2026-opening-c,Valorant Champions 2026
TL,PRX,22900,24500,7,9.3k,16.0k,Haven,2026-09-24 05:00:00,https://www.vlr.gg/753455/team-liquid-vs-paper-rex-valorant-champions-2026-opening-c,Valorant Champions 2026
TL,PRX,18900,22650,8,3.5k,22.6k,Haven,2026-09-24 05:00:00,https://www.vlr.gg/753455/team-liquid-vs-paper-rex-valorant-champions-2026-opening-c,Valorant Champions 2026
TL,PRX,12550,23150,9,6.7k,18.8k,Haven,2026-09-24 05:00:00,https://www.vlr.gg/753455/team-liquid-vs-paper-rex-valorant-champions-2026-opening-c,Valorant Champions 2026
TL,PRX,21950,24700,10,10.4k,6.1k,Haven,2026-09-24 05:00:00,https://www.vlr.gg/753455/team-liquid-vs-paper-rex-valorant-champions-2026-opening-c,Valorant Champions 2026
TL,PRX,24850,19350,11,18.3k,1.8k,Haven,2026-09-24 05:00:00,https://www.vlr.gg/753455/team-liquid-vs-paper-rex-valorant-champions-2026-opening-c,Valorant Champions 2026
TL,PRX,25200,18800,12,18.5k,1.2k,Haven,2026-09-24 05:00:00,https://www.vlr.gg/753455/team-liquid-vs-paper-rex-valorant-champions-2026-opening-c,Valorant Champions 2026
TL,PRX,3950,3850,13,0.2k,0.2k,Haven,2026-09-24 05:00:00,https://www.vlr.gg/753455/team-liquid-vs-paper-rex-valorant-champions-2026-opening-c,Valorant Champions 2026
TL,PRX,15150,2600,14,3.8k,8.4k,Haven,2026-09-24 05:00:00,https://www.vlr.gg/753455/team-liquid-vs-paper-rex-valorant-champions-2026-opening-c,Valorant Champions 2026
TL,PRX,11850,21750,15,10.8k,0.6k,Haven,2026-09-24 05:00:00,https://www.vlr.gg/753455/team-liquid-vs-paper-rex-valorant-champions-2026-opening-c,Valorant Champions 2026
TL,PRX,21000,22050,16,2.2k,5.4k,Haven,2026-09-24 05:00:00,https://www.vlr.gg/753455/team-liquid-vs-paper-rex-valorant-champions-2026-opening-c,Valorant Champions 2026
TL,PRX,18700,17100,17,0.9k,2.7k,Haven,2026-09-24 05:00:00,https://www.vlr.gg/753455/team-liquid-vs-paper-rex-valorant-champions-2026-opening-c,Valorant Champions 2026
TL,PRX,21800,15650,18,4.1k,0.8k,Haven,2026-09-24 05:00:00,https://www.vlr.gg/753455/team-liquid-vs-paper-rex-valorant-champions-2026-opening-c,Valorant Champions 2026
TL,PRX,23750,17350,19,12.4k,0.5k,Haven,2026-09-24 05:00:00,https://www.vlr.gg/753455/team-liquid-vs-paper-rex-valorant-champions-2026-opening-c,Valorant Champions 2026
TL,PRX,20700,19400,20,3.7k,7.4k,Haven,2026-09-24 05:00:00,https://www.vlr.gg/753455/team-liquid-vs-paper-rex-valorant-champions-2026-opening-c,Valorant Champions 2026
TL,PRX,4250,4050,1,0.1k,0.1k,Lotus,2026-09-24 05:00:00,https://www.vlr.gg/753455/team-liquid-vs-paper-rex-valorant-champions-2026-opening-c,Valorant Champions 2026
TL,PRX,11850,13550,2,0.3k,3.2k,Lotus,2026-09-24 05:00:00,https://www.vlr.gg/753455/team-liquid-vs-paper-rex-valorant-champions-2026-opening-c,Valorant Champions 2026
TL,PRX,4500,19650,3,9.8k,3.2k,Lotus,2026-09-24 05:00:00,https://www.vlr.gg/753455/team-liquid-vs-paper-rex-valorant-champions-2026-opening-c,Valorant Champions 2026
TL,PRX,23050,22500,4,4.6k,10.4k,Lotus,2026-09-24 05:00:00,https://www.vlr.gg/753455/team-liquid-vs-paper-rex-valorant-champions-2026-opening-c,Valorant Champions 2026
TL,PRX,19550,22500,5,0.7k,15.7k,Lotus,2026-09-24 05:00:00,https://www.vlr.gg/753455/team-liquid-vs-paper-rex-valorant-champions-2026-opening-c,Valorant Champions 2026
TL,PRX,6100,22650,6,10.3k,20.3k,Lotus,2026-09-24 05:00:00,https://www.vlr.gg/753455/team-liquid-vs-paper-rex-valorant-champions-2026-opening-c,Valorant Champions 2026
TL,PRX,24500,24050,7,13.5k,6.2k,Lotus,2026-09-24 05:00:00,https://www.vlr.gg/753455/team-liquid-vs-paper-rex-valorant-champions-2026-opening-c,Valorant Champions 2026
TL,PRX,23800,10300,8,18.3k,8.3k,Lotus,2026-09-24 05:00:00,https://www.vlr.gg/753455/team-liquid-vs-paper-rex-valorant-champions-2026-opening-c,Valorant Champions 2026
TL,PRX,21750,23550,9,7.3k,12.9k,Lotus,2026-09-24 05:00:00,https://www.vlr.gg/753455/team-liquid-vs-paper-rex-valorant-champions-2026-opening-c,Valorant Champions 2026
TL,PRX,19500,25750,10,2.7k,10.0k,Lotus,2026-09-24 05:00:00,https://www.vlr.gg/753455/team-liquid-vs-paper-rex-valorant-champions-2026-opening-c,Valorant Champions 2026
TL,PRX,17600,26350,11,2.3k,11.4k,Lotus,2026-09-24 05:00:00,https://www.vlr.gg/753455/team-liquid-vs-paper-rex-valorant-champions-2026-opening-c,Valorant Champions 2026
TL,PRX,22550,21350,12,2.1k,1.2k,Lotus,2026-09-24 05:00:00,https://www.vlr.gg/753455/team-liquid-vs-paper-rex-valorant-champions-2026-opening-c,Valorant Champions 2026
TL,PRX,3800,4050,13,0.1k,0.3k,Lotus,2026-09-24 05:00:00,https://www.vlr.gg/753455/team-liquid-vs-paper-rex-valorant-champions-2026-opening-c,Valorant Champions 2026
TL,PRX,13950,3700,14,2.6k,9.2k,Lotus,2026-09-24 05:00:00,https://www.vlr.gg/753455/team-liquid-vs-paper-rex-valorant-champions-2026-opening-c,Valorant Champions 2026
TL,PRX,15800,21600,15,11.6k,0.8k,Lotus,2026-09-24 05:00:00,https://www.vlr.gg/753455/team-liquid-vs-paper-rex-valorant-champions-2026-opening-c,Valorant Champions 2026
TL,PRX,19950,22800,16,2.4k,8.3k,Lotus,2026-09-24 05:00:00,https://www.vlr.gg/753455/team-liquid-vs-paper-rex-valorant-champions-2026-opening-c,Valorant Champions 2026
TL,PRX,22450,19050,17,9.4k,1.0k,Lotus,2026-09-24 05:00:00,https://www.vlr.gg/753455/team-liquid-vs-paper-rex-valorant-champions-2026-opening-c,Valorant Champions 2026
TL,PRX,22050,7950,18,8.9k,7.6k,Lotus,2026-09-24 05:00:00,https://www.vlr.gg/753455/team-liquid-vs-paper-rex-valorant-champions-2026-opening-c,Valorant Champions 2026
TL,PRX,23450,21500,19,9.6k,1.9k,Lotus,2026-09-24 05:00:00,https://www.vlr.gg/753455/team-liquid-vs-paper-rex-valorant-champions-2026-opening-c,Valorant Champions 2026
TL,PRX,18550,22350,20,1.5k,11.9k,Lotus,2026-09-24 05:00:00,https://www.vlr.gg/753455/team-liquid-vs-paper-rex-valorant-champions-2026-opening-c,Valorant Champions 2026
TL,PRX,14950,23450,21,0.4k,18.6k,Lotus,2026-09-24 05:00:00,https://www.vlr.gg/753455/team-liquid-vs-paper-rex-valorant-champions-2026-opening-c,Valorant Champions 2026
TL,PRX,22550,23450,22,7.8k,11.4k,Lotus,2026-09-24 05:00:00,https://www.vlr.gg/753455/team-liquid-vs-paper-rex-valorant-champions-2026-opening-c,Valorant Champions 2026
TL,PRX,23100,22300,23,7.8k,3.4k,Lotus,2026-09-24 05:00:00,https://www.vlr.gg/753455/team-liquid-vs-paper-rex-valorant-champions-2026-opening-c,Valorant Champions 2026
TYL,G2,3650,4050,1,0.3k,0.2k,Lotus,2026-09-24 08:25:00,https://www.vlr.gg/753454/tyloo-vs-g2-esports-valorant-champions-2026-opening-c,Valorant Champions 2026
TYL,G2,3800,17100,2,6.8k,1.0k,Lotus,2026-09-24 08:25:00,https://www.vlr.gg/753454/tyloo-vs-g2-esports-valorant-champions-2026-opening-c,Valorant Champions 2026
TYL,G2,19500,11150,3,0.9k,9.7k,Lotus,2026-09-24 08:25:00,https://www.vlr.gg/753454/tyloo-vs-g2-esports-valorant-champions-2026-opening-c,Valorant Champions 2026
TYL,G2,21450,19000,4,9.4k,1.1k,Lotus,2026-09-24 08:25:00,https://www.vlr.gg/753454/tyloo-vs-g2-esports-valorant-champions-2026-opening-c,Valorant Champions 2026
TYL,G2,22750,14100,5,21.5k,4.9k,Lotus,2026-09-24 08:25:00,https://www.vlr.gg/753454/tyloo-vs-g2-esports-valorant-champions-2026-opening-c,Valorant Champions 2026
TYL,G2,23050,11250,6,27.9k,10.3k,Lotus,2026-09-24 08:25:00,https://www.vlr.gg/753454/tyloo-vs-g2-esports-valorant-champions-2026-opening-c,Valorant Champions 2026
TYL,G2,20750,22500,7,26.0k,4.0k,Lotus,2026-09-24 08:25:00,https://www.vlr.gg/753454/tyloo-vs-g2-esports-valorant-champions-2026-opening-c,Valorant Champions 2026
TYL,G2,25650,20200,8,17.4k,7.8k,Lotus,2026-09-24 08:25:00,https://www.vlr.gg/753454/tyloo-vs-g2-esports-valorant-champions-2026-opening-c,Valorant Champions 2026
TYL,G2,23550,24000,9,7.7k,11.9k,Lotus,2026-09-24 08:25:00,https://www.vlr.gg/753454/tyloo-vs-g2-esports-valorant-champions-2026-opening-c,Valorant Champions 2026
TYL,G2,24450,21500,10,18.7k,7.1k,Lotus,2026-09-24 08:25:00,https://www.vlr.gg/753454/tyloo-vs-g2-esports-valorant-champions-2026-opening-c,Valorant Champions 2026
TYL,G2,23050,25050,11,9.2k,13.9k,Lotus,2026-09-24 08:25:00,https://www.vlr.gg/753454/tyloo-vs-g2-esports-valorant-champions-2026-opening-c,Valorant Champions 2026
TYL,G2,20450,25800,12,2.0k,15.9k,Lotus,2026-09-24 08:25:00,https://www.vlr.gg/753454/tyloo-vs-g2-esports-valorant-champions-2026-opening-c,Valorant Champions 2026
TYL,G2,3600,3950,13,0.2k,0.3k,Lotus,2026-09-24 08:25:00,https://www.vlr.gg/753454/tyloo-vs-g2-esports-valorant-champions-2026-opening-c,Valorant Champions 2026
TYL,G2,3400,16200,14,7.5k,2.8k,Lotus,2026-09-24 08:25:00,https://www.vlr.gg/753454/tyloo-vs-g2-esports-valorant-champions-2026-opening-c,Valorant Champions 2026
TYL,G2,19850,18450,15,0.9k,14.7k,Lotus,2026-09-24 08:25:00,https://www.vlr.gg/753454/tyloo-vs-g2-esports-valorant-champions-2026-opening-c,Valorant Champions 2026
TYL,G2,7800,22700,16,9.0k,17.4k,Lotus,2026-09-24 08:25:00,https://www.vlr.gg/753454/tyloo-vs-g2-esports-valorant-champions-2026-opening-c,Valorant Champions 2026
TYL,G2,23200,23600,17,1.4k,21.6k,Lotus,2026-09-24 08:25:00,https://www.vlr.gg/753454/tyloo-vs-g2-esports-valorant-champions-2026-opening-c,Valorant Champions 2026
TYL,G2,22100,25100,18,3.1k,22.9k,Lotus,2026-09-24 08:25:00,https://www.vlr.gg/753454/tyloo-vs-g2-esports-valorant-champions-2026-opening-c,Valorant Champions 2026
TYL,G2,20300,25000,19,3.7k,18.8k,Lotus,2026-09-24 08:25:00,https://www.vlr.gg/753454/tyloo-vs-g2-esports-valorant-champions-2026-opening-c,Valorant Champions 2026
TYL,G2,3850,4100,1,0.1k,0.1k,Sunset,2026-09-24 08:25:00,https://www.vlr.gg/753454/tyloo-vs-g2-esports-valorant-champions-2026-opening-c,Valorant Champions 2026
TYL,G2,4200,17150,2,8.4k,1.0k,Sunset,2026-09-24 08:25:00,https://www.vlr.gg/753454/tyloo-vs-g2-esports-valorant-champions-2026-opening-c,Valorant Champions 2026
TYL,G2,21100,17150,3,0.6k,14.9k,Sunset,2026-09-24 08:25:00,https://www.vlr.gg/753454/tyloo-vs-g2-esports-valorant-champions-2026-opening-c,Valorant Champions 2026
TYL,G2,21650,21100,4,7.7k,5.2k,Sunset,2026-09-24 08:25:00,https://www.vlr.gg/753454/tyloo-vs-g2-esports-valorant-champions-2026-opening-c,Valorant Champions 2026
TYL,G2,8500,22300,5,11.3k,10.0k,Sunset,2026-09-24 08:25:00,https://www.vlr.gg/753454/tyloo-vs-g2-esports-valorant-champions-2026-opening-c,Valorant Champions 2026
TYL,G2,22950,23700,6,3.3k,19.2k,Sunset,2026-09-24 08:25:00,https://www.vlr.gg/753454/tyloo-vs-g2-esports-valorant-champions-2026-opening-c,Valorant Champions 2026
TYL,G2,18000,24600,7,3.7k,16.1k,Sunset,2026-09-24 08:25:00,https://www.vlr.gg/753454/tyloo-vs-g2-esports-valorant-champions-2026-opening-c,Valorant Champions 2026
TYL,G2,16800,23350,8,4.6k,14.2k,Sunset,2026-09-24 08:25:00,https://www.vlr.gg/753454/tyloo-vs-g2-esports-valorant-champions-2026-opening-c,Valorant Champions 2026
TYL,G2,12800,26200,9,7.2k,21.0k,Sunset,2026-09-24 08:25:00,https://www.vlr.gg/753454/tyloo-vs-g2-esports-valorant-champions-2026-opening-c,Valorant Champions 2026
TYL,G2,22650,26200,10,2.1k,30.6k,Sunset,2026-09-24 08:25:00,https://www.vlr.gg/753454/tyloo-vs-g2-esports-valorant-champions-2026-opening-c,Valorant Champions 2026
TYL,G2,8300,26200,11,11.8k,22.8k,Sunset,2026-09-24 08:25:00,https://www.vlr.gg/753454/tyloo-vs-g2-esports-valorant-champions-2026-opening-c,Valorant Champions 2026
TYL,G2,25300,27000,12,5.0k,27.3k,Sunset,2026-09-24 08:25:00,https://www.vlr.gg/753454/tyloo-vs-g2-esports-valorant-champions-2026-opening-c,Valorant Champions 2026
TYL,G2,3900,4050,13,0.1k,0.2k,Sunset,2026-09-24 08:25:00,https://www.vlr.gg/753454/tyloo-vs-g2-esports-valorant-champions-2026-opening-c,Valorant Champions 2026
TYL,G2,2700,18250,14,8.2k,0.8k,Sunset,2026-09-24 08:25:00,https://www.vlr.gg/753454/tyloo-vs-g2-esports-valorant-champions-2026-opening-c,Valorant Champions 2026
TYL,G2,20650,20200,15,0.2k,5.7k,Sunset,2026-09-24 08:25:00,https://www.vlr.gg/753454/tyloo-vs-g2-esports-valorant-champions-2026-opening-c,Valorant Champions 2026
TYL,G2,20700,10400,16,3.8k,8.0k,Sunset,2026-09-24 08:25:00,https://www.vlr.gg/753454/tyloo-vs-g2-esports-valorant-champions-2026-opening-c,Valorant Champions 2026
NS,NRG,3550,3300,1,0.4k,0.1k,Lotus,2026-09-25 05:00:00,https://www.vlr.gg/753460/nongshim-redforce-vs-nrg-valorant-champions-2026-opening-d,Valorant Champions 2026
NS,NRG,4100,15750,2,7.3k,1.9k,Lotus,2026-09-25 05:00:00,https://www.vlr.gg/753460/nongshim-redforce-vs-nrg-valorant-champions-2026-opening-d,Valorant Champions 2026
NS,NRG,20250,17400,3,0.7k,13.0k,Lotus,2026-09-25 05:00:00,https://www.vlr.gg/753460/nongshim-redforce-vs-nrg-valorant-champions-2026-opening-d,Valorant Champions 2026
NS,NRG,9900,22500,4,8.2k,14.5k,Lotus,2026-09-25 05:00:00,https://www.vlr.gg/753460/nongshim-redforce-vs-nrg-valorant-champions-2026-opening-d,Valorant Champions 2026
NS,NRG,22750,25650,5,2.0k,22.6k,Lotus,2026-09-25 05:00:00,https://www.vlr.gg/753460/nongshim-redforce-vs-nrg-valorant-champions-2026-opening-d,Valorant Champions 2026
NS,NRG,23050,25450,6,12.2k,15.9k,Lotus,2026-09-25 05:00:00,https://www.vlr.gg/753460/nongshim-redforce-vs-nrg-valorant-champions-2026-opening-d,Valorant Champions 2026
NS,NRG,17700,25950,7,6.5k,18.9k,Lotus,2026-09-25 05:00:00,https://www.vlr.gg/753460/nongshim-redforce-vs-nrg-valorant-champions-2026-opening-d,Valorant Champions 2026
NS,NRG,12350,26250,8,8.9k,21.9k,Lotus,2026-09-25 05:00:00,https://www.vlr.gg/753460/nongshim-redforce-vs-nrg-valorant-champions-2026-opening-d,Valorant Champions 2026
NS,NRG,25350,20700,9,10.9k,10.9k,Lotus,2026-09-25 05:00:00,https://www.vlr.gg/753460/nongshim-redforce-vs-nrg-valorant-champions-2026-opening-d,Valorant Champions 2026
NS,NRG,21850,22650,10,5.0k,7.5k,Lotus,2026-09-25 05:00:00,https://www.vlr.gg/753460/nongshim-redforce-vs-nrg-valorant-champions-2026-opening-d,Valorant Champions 2026
NS,NRG,16050,23450,11,6.5k,15.1k,Lotus,2026-09-25 05:00:00,https://www.vlr.gg/753460/nongshim-redforce-vs-nrg-valorant-champions-2026-opening-d,Valorant Champions 2026
NS,NRG,24250,25250,12,8.8k,3.2k,Lotus,2026-09-25 05:00:00,https://www.vlr.gg/753460/nongshim-redforce-vs-nrg-valorant-champions-2026-opening-d,Valorant Champions 2026
NS,NRG,3150,4150,13,0.6k,0.0k,Lotus,2026-09-25 05:00:00,https://www.vlr.gg/753460/nongshim-redforce-vs-nrg-valorant-champions-2026-opening-d,Valorant Champions 2026
NS,NRG,3050,13600,14,8.3k,6.3k,Lotus,2026-09-25 05:00:00,https://www.vlr.gg/753460/nongshim-redforce-vs-nrg-valorant-champions-2026-opening-d,Valorant Champions 2026
NS,NRG,20450,20350,15,1.5k,14.2k,Lotus,2026-09-25 05:00:00,https://www.vlr.gg/753460/nongshim-redforce-vs-nrg-valorant-champions-2026-opening-d,Valorant Champions 2026
NS,NRG,10900,22550,16,7.4k,19.1k,Lotus,2026-09-25 05:00:00,https://www.vlr.gg/753460/nongshim-redforce-vs-nrg-valorant-champions-2026-opening-d,Valorant Champions 2026
NS,NRG,23700,23650,17,0.7k,21.1k,Lotus,2026-09-25 05:00:00,https://www.vlr.gg/753460/nongshim-redforce-vs-nrg-valorant-champions-2026-opening-d,Valorant Champions 2026
NS,NRG,24850,20950,18,7.8k,10.3k,Lotus,2026-09-25 05:00:00,https://www.vlr.gg/753460/nongshim-redforce-vs-nrg-valorant-champions-2026-opening-d,Valorant Champions 2026
NS,NRG,3850,3950,1,0.4k,0.2k,Split,2026-09-25 05:00:00,https://www.vlr.gg/753460/nongshim-redforce-vs-nrg-valorant-champions-2026-opening-d,Valorant Champions 2026
NS,NRG,1950,13850,2,8.6k,5.7k,Split,2026-09-25 05:00:00,https://www.vlr.gg/753460/nongshim-redforce-vs-nrg-valorant-champions-2026-opening-d,Valorant Champions 2026
NS,NRG,19850,19700,3,1.1k,12.4k,Split,2026-09-25 05:00:00,https://www.vlr.gg/753460/nongshim-redforce-vs-nrg-valorant-champions-2026-opening-d,Valorant Champions 2026
NS,NRG,21400,20950,4,11.1k,1.4k,Split,2026-09-25 05:00:00,https://www.vlr.gg/753460/nongshim-redforce-vs-nrg-valorant-champions-2026-opening-d,Valorant Champions 2026
NS,NRG,19500,21750,5,4.7k,10.1k,Split,2026-09-25 05:00:00,https://www.vlr.gg/753460/nongshim-redforce-vs-nrg-valorant-champions-2026-opening-d,Valorant Champions 2026
NS,NRG,20700,18950,6,7.7k,3.2k,Split,2026-09-25 05:00:00,https://www.vlr.gg/753460/nongshim-redforce-vs-nrg-valorant-champions-2026-opening-d,Valorant Champions 2026
NS,NRG,21100,9300,7,4.1k,7.9k,Split,2026-09-25 05:00:00,https://www.vlr.gg/753460/nongshim-redforce-vs-nrg-valorant-champions-2026-opening-d,Valorant Champions 2026
NS,NRG,5500,22450,8,9.3k,8.9k,Split,2026-09-25 05:00:00,https://www.vlr.gg/753460/nongshim-redforce-vs-nrg-valorant-champions-2026-opening-d,Valorant Champions 2026
NS,NRG,22450,24350,9,0.7k,19.6k,Split,2026-09-25 05:00:00,https://www.vlr.gg/753460/nongshim-redforce-vs-nrg-valorant-champions-2026-opening-d,Valorant Champions 2026
NS,NRG,8400,23050,10,8.3k,24.8k,Split,2026-09-25 05:00:00,https://www.vlr.gg/753460/nongshim-redforce-vs-nrg-valorant-champions-2026-opening-d,Valorant Champions 2026
NS,NRG,21750,23950,11,2.0k,31.2k,Split,2026-09-25 05:00:00,https://www.vlr.gg/753460/nongshim-redforce-vs-nrg-valorant-champions-2026-opening-d,Valorant Champions 2026
NS,NRG,16600,23850,12,1.0k,31.0k,Split,2026-09-25 05:00:00,https://www.vlr.gg/753460/nongshim-redforce-vs-nrg-valorant-champions-2026-opening-d,Valorant Champions 2026
NS,NRG,3800,3950,13,0.5k,0.0k,Split,2026-09-25 05:00:00,https://www.vlr.gg/753460/nongshim-redforce-vs-nrg-valorant-champions-2026-opening-d,Valorant Champions 2026
NS,NRG,15550,1500,14,4.8k,8.6k,Split,2026-09-25 05:00:00,https://www.vlr.gg/753460/nongshim-redforce-vs-nrg-valorant-champions-2026-opening-d,Valorant Champions 2026
NS,NRG,19700,21400,15,11.7k,0.9k,Split,2026-09-25 05:00:00,https://www.vlr.gg/753460/nongshim-redforce-vs-nrg-valorant-champions-2026-opening-d,Valorant Champions 2026
NS,NRG,20900,18750,16,2.9k,5.0k,Split,2026-09-25 05:00:00,https://www.vlr.gg/753460/nongshim-redforce-vs-nrg-valorant-champions-2026-opening-d,Valorant Champions 2026
NS,NRG,20900,15900,17,5.5k,1.4k,Split,2026-09-25 05:00:00,https://www.vlr.gg/753460/nongshim-redforce-vs-nrg-valorant-champions-2026-opening-d,Valorant Champions 2026
NS,NRG,22550,16900,18,17.2k,3.8k,Split,2026-09-25 05:00:00,https://www.vlr.gg/753460/nongshim-redforce-vs-nrg-valorant-champions-2026-opening-d,Valorant Champions 2026
NS,NRG,22700,20850,19,7.3k,2.8k,Split,2026-09-25 05:00:00,https://www.vlr.gg/753460/nongshim-redforce-vs-nrg-valorant-champions-2026-opening-d,Valorant Champions 2026
NS,NRG,23600,4750,20,17.3k,9.3k,Split,2026-09-25 05:00:00,https://www.vlr.gg/753460/nongshim-redforce-vs-nrg-valorant-champions-2026-opening-d,Valorant Champions 2026
NS,NRG,24200,19450,21,24.3k,3.4k,Split,2026-09-25 05:00:00,https://www.vlr.gg/753460/nongshim-redforce-vs-nrg-valorant-champions-2026-opening-d,Valorant Champions 2026
NS,NRG,26000,20050,22,9.2k,9.9k,Split,2026-09-25 05:00:00,https://www.vlr.gg/753460/nongshim-redforce-vs-nrg-valorant-champions-2026-opening-d,Valorant Champions 2026
NS,NRG,25850,20300,23,25.2k,5.9k,Split,2026-09-25 05:00:00,https://www.vlr.gg/753460/nongshim-redforce-vs-nrg-valorant-champions-2026-opening-d,Valorant Champions 2026
KC,XLG,3850,3650,1,0.1k,0.1k,Sunset,2026-09-25 07:25:00,https://www.vlr.gg/753459/karmine-corp-vs-xi-lai-gaming-valorant-champions-2026-opening-d,Valorant Champions 2026
KC,XLG,15650,950,2,4.1k,9.8k,Sunset,2026-09-25 07:25:00,https://www.vlr.gg/753459/karmine-corp-vs-xi-lai-gaming-valorant-champions-2026-opening-d,Valorant Champions 2026
KC,XLG,18250,21700,3,16.3k,0.8k,Sunset,2026-09-25 07:25:00,https://www.vlr.gg/753459/karmine-corp-vs-xi-lai-gaming-valorant-champions-2026-opening-d,Valorant Champions 2026
KC,XLG,23650,7400,4,20.2k,8.6k,Sunset,2026-09-25 07:25:00,https://www.vlr.gg/753459/karmine-corp-vs-xi-lai-gaming-valorant-champions-2026-opening-d,Valorant Champions 2026
KC,XLG,21050,22500,5,30.7k,1.5k,Sunset,2026-09-25 07:25:00,https://www.vlr.gg/753459/karmine-corp-vs-xi-lai-gaming-valorant-champions-2026-opening-d,Valorant Champions 2026
KC,XLG,25750,9750,6,32.6k,9.6k,Sunset,2026-09-25 07:25:00,https://www.vlr.gg/753459/karmine-corp-vs-xi-lai-gaming-valorant-champions-2026-opening-d,Valorant Champions 2026
KC,XLG,25750,23650,7,30.3k,2.2k,Sunset,2026-09-25 07:25:00,https://www.vlr.gg/753459/karmine-corp-vs-xi-lai-gaming-valorant-champions-2026-opening-d,Valorant Champions 2026
KC,XLG,23150,11600,8,25.9k,6.8k,Sunset,2026-09-25 07:25:00,https://www.vlr.gg/753459/karmine-corp-vs-xi-lai-gaming-valorant-champions-2026-opening-d,Valorant Champions 2026
KC,XLG,26550,21250,9,25.4k,1.3k,Sunset,2026-09-25 07:25:00,https://www.vlr.gg/753459/karmine-corp-vs-xi-lai-gaming-valorant-champions-2026-opening-d,Valorant Champions 2026
KC,XLG,25750,22850,10,11.7k,3.5k,Sunset,2026-09-25 07:25:00,https://www.vlr.gg/753459/karmine-corp-vs-xi-lai-gaming-valorant-champions-2026-opening-d,Valorant Champions 2026
KC,XLG,22900,20300,11,18.4k,1.1k,Sunset,2026-09-25 07:25:00,https://www.vlr.gg/753459/karmine-corp-vs-xi-lai-gaming-valorant-champions-2026-opening-d,Valorant Champions 2026
KC,XLG,26050,22950,12,5.2k,3.7k,Sunset,2026-09-25 07:25:00,https://www.vlr.gg/753459/karmine-corp-vs-xi-lai-gaming-valorant-champions-2026-opening-d,Valorant Champions 2026
KC,XLG,3950,3900,13,0.0k,0.1k,Sunset,2026-09-25 07:25:00,https://www.vlr.gg/753459/karmine-corp-vs-xi-lai-gaming-valorant-champions-2026-opening-d,Valorant Champions 2026
KC,XLG,15700,3800,14,1.3k,8.2k,Sunset,2026-09-25 07:25:00,https://www.vlr.gg/753459/karmine-corp-vs-xi-lai-gaming-valorant-champions-2026-opening-d,Valorant Champions 2026
KC,XLG,15400,20400,15,9.0k,0.3k,Sunset,2026-09-25 07:25:00,https://www.vlr.gg/753459/karmine-corp-vs-xi-lai-gaming-valorant-champions-2026-opening-d,Valorant Champions 2026
KC,XLG,18700,21750,16,1.2k,4.0k,Sunset,2026-09-25 07:25:00,https://www.vlr.gg/753459/karmine-corp-vs-xi-lai-gaming-valorant-champions-2026-opening-d,Valorant Champions 2026
KC,XLG,4250,3950,1,0.1k,0.1k,Abyss,2026-09-25 07:25:00,https://www.vlr.gg/753459/karmine-corp-vs-xi-lai-gaming-valorant-champions-2026-opening-d,Valorant Champions 2026
KC,XLG,15750,1000,2,4.3k,10.0k,Abyss,2026-09-25 07:25:00,https://www.vlr.gg/753459/karmine-corp-vs-xi-lai-gaming-valorant-champions-2026-opening-d,Valorant Champions 2026
KC,XLG,18800,22200,3,15.5k,0.6k,Abyss,2026-09-25 07:25:00,https://www.vlr.gg/753459/karmine-corp-vs-xi-lai-gaming-valorant-champions-2026-opening-d,Valorant Champions 2026
KC,XLG,23000,6100,4,21.0k,10.1k,Abyss,2026-09-25 07:25:00,https://www.vlr.gg/753459/karmine-corp-vs-xi-lai-gaming-valorant-champions-2026-opening-d,Valorant Champions 2026
KC,XLG,24550,23650,5,22.4k,1.7k,Abyss,2026-09-25 07:25:00,https://www.vlr.gg/753459/karmine-corp-vs-xi-lai-gaming-valorant-champions-2026-opening-d,Valorant Champions 2026
KC,XLG,25000,19500,6,35.8k,2.6k,Abyss,2026-09-25 07:25:00,https://www.vlr.gg/753459/karmine-corp-vs-xi-lai-gaming-valorant-champions-2026-opening-d,Valorant Champions 2026
KC,XLG,25350,9100,7,34.1k,9.3k,Abyss,2026-09-25 07:25:00,https://www.vlr.gg/753459/karmine-corp-vs-xi-lai-gaming-valorant-champions-2026-opening-d,Valorant Champions 2026
KC,XLG,26350,22200,8,27.9k,2.9k,Abyss,2026-09-25 07:25:00,https://www.vlr.gg/753459/karmine-corp-vs-xi-lai-gaming-valorant-champions-2026-opening-d,Valorant Champions 2026
KC,XLG,26150,9750,9,32.7k,9.4k,Abyss,2026-09-25 07:25:00,https://www.vlr.gg/753459/karmine-corp-vs-xi-lai-gaming-valorant-champions-2026-opening-d,Valorant Champions 2026
KC,XLG,23200,23800,10,20.0k,12.8k,Abyss,2026-09-25 07:25:00,https://www.vlr.gg/753459/karmine-corp-vs-xi-lai-gaming-valorant-champions-2026-opening-d,Valorant Champions 2026
KC,XLG,24050,20450,11,31.6k,3.6k,Abyss,2026-09-25 07:25:00,https://www.vlr.gg/753459/karmine-corp-vs-xi-lai-gaming-valorant-champions-2026-opening-d,Valorant Champions 2026
KC,XLG,24000,23850,12,18.4k,6.0k,Abyss,2026-09-25 07:25:00,https://www.vlr.gg/753459/karmine-corp-vs-xi-lai-gaming-valorant-champions-2026-opening-d,Valorant Champions 2026
KC,XLG,3800,4100,13,0.1k,0.1k,Abyss,2026-09-25 07:25:00,https://www.vlr.gg/753459/karmine-corp-vs-xi-lai-gaming-valorant-champions-2026-opening-d,Valorant Champions 2026
KC,XLG,2100,15100,14,8.9k,3.5k,Abyss,2026-09-25 07:25:00,https://www.vlr.gg/753459/karmine-corp-vs-xi-lai-gaming-valorant-champions-2026-opening-d,Valorant Champions 2026
KC,XLG,22150,20800,15,0.3k,11.7k,Abyss,2026-09-25 07:25:00,https://www.vlr.gg/753459/karmine-corp-vs-xi-lai-gaming-valorant-champions-2026-opening-d,Valorant Champions 2026
KC,XLG,9450,21950,16,8.4k,7.0k,Abyss,2026-09-25 07:25:00,https://www.vlr.gg/753459/karmine-corp-vs-xi-lai-gaming-valorant-champions-2026-opening-d,Valorant Champions 2026
KC,XLG,21900,18600,17,6.6k,0.7k,Abyss,2026-09-25 07:25:00,https://www.vlr.gg/753459/karmine-corp-vs-xi-lai-gaming-valorant-champions-2026-opening-d,Valorant Champions 2026
KC,XLG,22650,7550,18,11.4k,6.7k,Abyss,2026-09-25 07:25:00,https://www.vlr.gg/753459/karmine-corp-vs-xi-lai-gaming-valorant-champions-2026-opening-d,Valorant Champions 2026
KC,XLG,25450,21200,19,19.0k,1.3k,Abyss,2026-09-25 07:25:00,https://www.vlr.gg/753459/karmine-corp-vs-xi-lai-gaming-valorant-champions-2026-opening-d,Valorant Champions 2026
GE,VIT,4100,3650,1,0.1k,0.2k,Abyss,2026-09-26 05:00:00,https://www.vlr.gg/753449/global-esports-vs-team-vitality-valorant-champions-2026-opening-b,Valorant Champions 2026
GE,VIT,16500,2350,2,2.0k,9.2k,Abyss,2026-09-26 05:00:00,https://www.vlr.gg/753449/global-esports-vs-team-vitality-valorant-champions-2026-opening-b,Valorant Champions 2026
GE,VIT,20850,22100,3,11.5k,1.5k,Abyss,2026-09-26 05:00:00,https://www.vlr.gg/753449/global-esports-vs-team-vitality-valorant-champions-2026-opening-b,Valorant Champions 2026
GE,VIT,21200,22300,4,1.9k,11.4k,Abyss,2026-09-26 05:00:00,https://www.vlr.gg/753449/global-esports-vs-team-vitality-valorant-champions-2026-opening-b,Valorant Champions 2026
GE,VIT,7400,22100,5,8.2k,14.6k,Abyss,2026-09-26 05:00:00,https://www.vlr.gg/753449/global-esports-vs-team-vitality-valorant-champions-2026-opening-b,Valorant Champions 2026
GE,VIT,22100,22150,6,2.1k,15.0k,Abyss,2026-09-26 05:00:00,https://www.vlr.gg/753449/global-esports-vs-team-vitality-valorant-champions-2026-opening-b,Valorant Champions 2026
GE,VIT,21000,23150,7,3.4k,5.2k,Abyss,2026-09-26 05:00:00,https://www.vlr.gg/753449/global-esports-vs-team-vitality-valorant-champions-2026-opening-b,Valorant Champions 2026
GE,VIT,6850,20400,8,8.1k,3.3k,Abyss,2026-09-26 05:00:00,https://www.vlr.gg/753449/global-esports-vs-team-vitality-valorant-champions-2026-opening-b,Valorant Champions 2026
GE,VIT,20450,22500,9,0.4k,7.2k,Abyss,2026-09-26 05:00:00,https://www.vlr.gg/753449/global-esports-vs-team-vitality-valorant-champions-2026-opening-b,Valorant Champions 2026
GE,VIT,7050,23200,10,9.0k,18.1k,Abyss,2026-09-26 05:00:00,https://www.vlr.gg/753449/global-esports-vs-team-vitality-valorant-champions-2026-opening-b,Valorant Champions 2026
GE,VIT,23400,25000,11,2.4k,25.7k,Abyss,2026-09-26 05:00:00,https://www.vlr.gg/753449/global-esports-vs-team-vitality-valorant-champions-2026-opening-b,Valorant Champions 2026
GE,VIT,26100,23200,12,6.7k,13.8k,Abyss,2026-09-26 05:00:00,https://www.vlr.gg/753449/global-esports-vs-team-vitality-valorant-champions-2026-opening-b,Valorant Champions 2026
GE,VIT,4100,3800,13,0.1k,0.1k,Abyss,2026-09-26 05:00:00,https://www.vlr.gg/753449/global-esports-vs-team-vitality-valorant-champions-2026-opening-b,Valorant Champions 2026
GE,VIT,3250,15550,14,9.0k,1.8k,Abyss,2026-09-26 05:00:00,https://www.vlr.gg/753449/global-esports-vs-team-vitality-valorant-champions-2026-opening-b,Valorant Champions 2026
GE,VIT,21450,16350,15,0.7k,11.3k,Abyss,2026-09-26 05:00:00,https://www.vlr.gg/753449/global-esports-vs-team-vitality-valorant-champions-2026-opening-b,Valorant Champions 2026
GE,VIT,22150,22850,16,7.9k,3.1k,Abyss,2026-09-26 05:00:00,https://www.vlr.gg/753449/global-esports-vs-team-vitality-valorant-champions-2026-opening-b,Valorant Champions 2026
GE,VIT,22850,6750,17,10.6k,10.0k,Abyss,2026-09-26 05:00:00,https://www.vlr.gg/753449/global-esports-vs-team-vitality-valorant-champions-2026-opening-b,Valorant Champions 2026
GE,VIT,23650,22250,18,12.0k,4.2k,Abyss,2026-09-26 05:00:00,https://www.vlr.gg/753449/global-esports-vs-team-vitality-valorant-champions-2026-opening-b,Valorant Champions 2026
GE,VIT,23050,8600,19,7.0k,12.1k,Abyss,2026-09-26 05:00:00,https://www.vlr.gg/753449/global-esports-vs-team-vitality-valorant-champions-2026-opening-b,Valorant Champions 2026
GE,VIT,23650,22400,20,17.9k,5.3k,Abyss,2026-09-26 05:00:00,https://www.vlr.gg/753449/global-esports-vs-team-vitality-valorant-champions-2026-opening-b,Valorant Champions 2026
GE,VIT,22600,23600,21,7.6k,16.2k,Abyss,2026-09-26 05:00:00,https://www.vlr.gg/753449/global-esports-vs-team-vitality-valorant-champions-2026-opening-b,Valorant Champions 2026
GE,VIT,20350,25400,22,1.2k,27.3k,Abyss,2026-09-26 05:00:00,https://www.vlr.gg/753449/global-esports-vs-team-vitality-valorant-champions-2026-opening-b,Valorant Champions 2026
GE,VIT,23900,25600,23,4.6k,13.2k,Abyss,2026-09-26 05:00:00,https://www.vlr.gg/753449/global-esports-vs-team-vitality-valorant-champions-2026-opening-b,Valorant Champions 2026
GE,VIT,4050,3850,1,0.1k,0.1k,Ascent,2026-09-26 05:00:00,https://www.vlr.gg/753449/global-esports-vs-team-vitality-valorant-champions-2026-opening-b,Valorant Champions 2026
GE,VIT,1600,14300,2,8.7k,4.5k,Ascent,2026-09-26 05:00:00,https://www.vlr.gg/753449/global-esports-vs-team-vitality-valorant-champions-2026-opening-b,Valorant Champions 2026
GE,VIT,15300,5550,3,14.2k,10.0k,Ascent,2026-09-26 05:00:00,https://www.vlr.gg/753449/global-esports-vs-team-vitality-valorant-champions-2026-opening-b,Valorant Champions 2026
GE,VIT,20500,22850,4,16.4k,0.6k,Ascent,2026-09-26 05:00:00,https://www.vlr.gg/753449/global-esports-vs-team-vitality-valorant-champions-2026-opening-b,Valorant Champions 2026
GE,VIT,21600,23600,5,5.8k,8.8k,Ascent,2026-09-26 05:00:00,https://www.vlr.gg/753449/global-esports-vs-team-vitality-valorant-champions-2026-opening-b,Valorant Champions 2026
GE,VIT,9850,24950,6,9.8k,12.7k,Ascent,2026-09-26 05:00:00,https://www.vlr.gg/753449/global-esports-vs-team-vitality-valorant-champions-2026-opening-b,Valorant Champions 2026
GE,VIT,21500,26200,7,4.0k,17.8k,Ascent,2026-09-26 05:00:00,https://www.vlr.gg/753449/global-esports-vs-team-vitality-valorant-champions-2026-opening-b,Valorant Champions 2026
GE,VIT,23450,23950,8,9.3k,5.2k,Ascent,2026-09-26 05:00:00,https://www.vlr.gg/753449/global-esports-vs-team-vitality-valorant-champions-2026-opening-b,Valorant Champions 2026
GE,VIT,22750,11500,9,12.9k,7.8k,Ascent,2026-09-26 05:00:00,https://www.vlr.gg/753449/global-esports-vs-team-vitality-valorant-champions-2026-opening-b,Valorant Champions 2026
GE,VIT,22950,19800,10,11.6k,5.4k,Ascent,2026-09-26 05:00:00,https://www.vlr.gg/753449/global-esports-vs-team-vitality-valorant-champions-2026-opening-b,Valorant Champions 2026
GE,VIT,23750,21200,11,18.4k,1.1k,Ascent,2026-09-26 05:00:00,https://www.vlr.gg/753449/global-esports-vs-team-vitality-valorant-champions-2026-opening-b,Valorant Champions 2026
GE,VIT,24750,18200,12,16.4k,0.5k,Ascent,2026-09-26 05:00:00,https://www.vlr.gg/753449/global-esports-vs-team-vitality-valorant-champions-2026-opening-b,Valorant Champions 2026
GE,VIT,3900,3800,13,0.1k,0.2k,Ascent,2026-09-26 05:00:00,https://www.vlr.gg/753449/global-esports-vs-team-vitality-valorant-champions-2026-opening-b,Valorant Champions 2026
GE,VIT,15900,2800,14,2.5k,8.7k,Ascent,2026-09-26 05:00:00,https://www.vlr.gg/753449/global-esports-vs-team-vitality-valorant-champions-2026-opening-b,Valorant Champions 2026
GE,VIT,12550,22250,15,14.3k,1.2k,Ascent,2026-09-26 05:00:00,https://www.vlr.gg/753449/global-esports-vs-team-vitality-valorant-champions-2026-opening-b,Valorant Champions 2026
GE,VIT,21200,20600,16,3.4k,7.5k,Ascent,2026-09-26 05:00:00,https://www.vlr.gg/753449/global-esports-vs-team-vitality-valorant-champions-2026-opening-b,Valorant Champions 2026
GE,VIT,21500,10700,17,5.7k,9.4k,Ascent,2026-09-26 05:00:00,https://www.vlr.gg/753449/global-esports-vs-team-vitality-valorant-champions-2026-opening-b,Valorant Champions 2026
GE,VIT,23250,22000,18,10.9k,1.6k,Ascent,2026-09-26 05:00:00,https://www.vlr.gg/753449/global-esports-vs-team-vitality-valorant-champions-2026-opening-b,Valorant Champions 2026
GE,VIT,16900,21700,19,5.8k,4.8k,Ascent,2026-09-26 05:00:00,https://www.vlr.gg/753449/global-esports-vs-team-vitality-valorant-champions-2026-opening-b,Valorant Champions 2026
GE,VIT,10550,23100,20,9.5k,14.5k,Ascent,2026-09-26 05:00:00,https://www.vlr.gg/753449/global-esports-vs-team-vitality-valorant-champions-2026-opening-b,Valorant Champions 2026
GE,VIT,23550,25400,21,1.5k,21.8k,Ascent,2026-09-26 05:00:00,https://www.vlr.gg/753449/global-esports-vs-team-vitality-valorant-champions-2026-opening-b,Valorant Champions 2026
GE,VIT,19500,21200,22,2.0k,13.8k,Ascent,2026-09-26 05:00:00,https://www.vlr.gg/753449/global-esports-vs-team-vitality-valorant-champions-2026-opening-b,Valorant Champions 2026
GE,VIT,3900,4000,1,0.2k,0.3k,Summit,2026-09-26 05:00:00,https://www.vlr.gg/753449/global-esports-vs-team-vitality-valorant-champions-2026-opening-b,Valorant Champions 2026
GE,VIT,15050,2150,2,1.7k,8.8k,Summit,2026-09-26 05:00:00,https://www.vlr.gg/753449/global-esports-vs-team-vitality-valorant-champions-2026-opening-b,Valorant Champions 2026
GE,VIT,14100,22350,3,10.8k,1.0k,Summit,2026-09-26 05:00:00,https://www.vlr.gg/753449/global-esports-vs-team-vitality-valorant-champions-2026-opening-b,Valorant Champions 2026
GE,VIT,20700,19700,4,1.2k,3.7k,Summit,2026-09-26 05:00:00,https://www.vlr.gg/753449/global-esports-vs-team-vitality-valorant-champions-2026-opening-b,Valorant Champions 2026
GE,VIT,7400,20250,5,7.7k,4.9k,Summit,2026-09-26 05:00:00,https://www.vlr.gg/753449/global-esports-vs-team-vitality-valorant-champions-2026-opening-b,Valorant Champions 2026
GE,VIT,22000,19350,6,1.8k,13.8k,Summit,2026-09-26 05:00:00,https://www.vlr.gg/753449/global-esports-vs-team-vitality-valorant-champions-2026-opening-b,Valorant Champions 2026
GE,VIT,20650,21950,7,5.0k,2.8k,Summit,2026-09-26 05:00:00,https://www.vlr.gg/753449/global-esports-vs-team-vitality-valorant-champions-2026-opening-b,Valorant Champions 2026
GE,VIT,22700,6550,8,11.8k,9.8k,Summit,2026-09-26 05:00:00,https://www.vlr.gg/753449/global-esports-vs-team-vitality-valorant-champions-2026-opening-b,Valorant Champions 2026
GE,VIT,20200,23450,9,2.0k,11.6k,Summit,2026-09-26 05:00:00,https://www.vlr.gg/753449/global-esports-vs-team-vitality-valorant-champions-2026-opening-b,Valorant Champions 2026
GE,VIT,10550,23750,10,6.9k,21.5k,Summit,2026-09-26 05:00:00,https://www.vlr.gg/753449/global-esports-vs-team-vitality-valorant-champions-2026-opening-b,Valorant Champions 2026
GE,VIT,22200,23650,11,4.6k,11.2k,Summit,2026-09-26 05:00:00,https://www.vlr.gg/753449/global-esports-vs-team-vitality-valorant-champions-2026-opening-b,Valorant Champions 2026
GE,VIT,23700,22750,12,7.5k,4.1k,Summit,2026-09-26 05:00:00,https://www.vlr.gg/753449/global-esports-vs-team-vitality-valorant-champions-2026-opening-b,Valorant Champions 2026
GE,VIT,3900,3900,13,0.2k,0.2k,Summit,2026-09-26 05:00:00,https://www.vlr.gg/753449/global-esports-vs-team-vitality-valorant-champions-2026-opening-b,Valorant Champions 2026
GE,VIT,2050,15400,14,8.8k,2.4k,Summit,2026-09-26 05:00:00,https://www.vlr.gg/753449/global-esports-vs-team-vitality-valorant-champions-2026-opening-b,Valorant Champions 2026
GE,VIT,22150,18950,15,1.4k,12.7k,Summit,2026-09-26 05:00:00,https://www.vlr.gg/753449/global-esports-vs-team-vitality-valorant-champions-2026-opening-b,Valorant Champions 2026
GE,VIT,10900,21450,16,7.0k,24.4k,Summit,2026-09-26 05:00:00,https://www.vlr.gg/753449/global-esports-vs-team-vitality-valorant-champions-2026-opening-b,Valorant Champions 2026
GE,VIT,23600,24350,17,4.9k,12.5k,Summit,2026-09-26 05:00:00,https://www.vlr.gg/753449/global-esports-vs-team-vitality-valorant-champions-2026-opening-b,Valorant Champions 2026
GE,VIT,10350,25250,18,7.4k,17.9k,Summit,2026-09-26 05:00:00,https://www.vlr.gg/753449/global-esports-vs-team-vitality-valorant-champions-2026-opening-b,Valorant Champions 2026
GE,VIT,20200,25550,19,0.3k,28.2k,Summit,2026-09-26 05:00:00,https://www.vlr.gg/753449/global-esports-vs-team-vitality-valorant-champions-2026-opening-b,Valorant Champions 2026
GE,VIT,21800,25250,20,6.8k,14.1k,Summit,2026-09-26 05:00:00,https://www.vlr.gg/753449/global-esports-vs-team-vitality-valorant-champions-2026-opening-b,Valorant Champions 2026
GE,VIT,17350,26150,21,0.8k,24.1k,Summit,2026-09-26 05:00:00,https://www.vlr.gg/753449/global-esports-vs-team-vitality-valorant-champions-2026-opening-b,Valorant Champions 2026
GE,VIT,23500,21850,22,6.5k,12.9k,Summit,2026-09-26 05:00:00,https://www.vlr.gg/753449/global-esports-vs-team-vitality-valorant-champions-2026-opening-b,Valorant Champions 2026
GE,VIT,24800,22850,23,7.6k,4.5k,Summit,2026-09-26 05:00:00,https://www.vlr.gg/753449/global-esports-vs-team-vitality-valorant-champions-2026-opening-b,Valorant Champions 2026
GE,VIT,24200,20450,24,5.7k,0.8k,Summit,2026-09-26 05:00:00,https://www.vlr.gg/753449/global-esports-vs-team-vitality-valorant-champions-2026-opening-b,Valorant Champions 2026
LOUD,EDG,3950,3800,1,0.0k,0.2k,Lotus,2026-09-26 08:30:00,https://www.vlr.gg/753450/loud-vs-edward-gaming-valorant-champions-2026-opening-b,Valorant Champions 2026
LOUD,EDG,650,15000,2,9.7k,4.2k,Lotus,2026-09-26 08:30:00,https://www.vlr.gg/753450/loud-vs-edward-gaming-valorant-champions-2026-opening-b,Valorant Champions 2026
LOUD,EDG,20750,15600,3,1.3k,16.2k,Lotus,2026-09-26 08:30:00,https://www.vlr.gg/753450/loud-vs-edward-gaming-valorant-champions-2026-opening-b,Valorant Champions 2026
LOUD,EDG,21350,21750,4,15.3k,5.7k,Lotus,2026-09-26 08:30:00,https://www.vlr.gg/753450/loud-vs-edward-gaming-valorant-champions-2026-opening-b,Valorant Champions 2026
LOUD,EDG,22050,20050,5,12.6k,0.6k,Lotus,2026-09-26 08:30:00,https://www.vlr.gg/753450/loud-vs-edward-gaming-valorant-champions-2026-opening-b,Valorant Champions 2026
LOUD,EDG,23050,7550,6,20.5k,7.8k,Lotus,2026-09-26 08:30:00,https://www.vlr.gg/753450/loud-vs-edward-gaming-valorant-champions-2026-opening-b,Valorant Champions 2026
LOUD,EDG,24150,23250,7,29.8k,1.2k,Lotus,2026-09-26 08:30:00,https://www.vlr.gg/753450/loud-vs-edward-gaming-valorant-champions-2026-opening-b,Valorant Champions 2026
LOUD,EDG,24100,21700,8,17.5k,5.2k,Lotus,2026-09-26 08:30:00,https://www.vlr.gg/753450/loud-vs-edward-gaming-valorant-champions-2026-opening-b,Valorant Champions 2026
LOUD,EDG,25300,12450,9,21.7k,4.4k,Lotus,2026-09-26 08:30:00,https://www.vlr.gg/753450/loud-vs-edward-gaming-valorant-champions-2026-opening-b,Valorant Champions 2026
LOUD,EDG,23750,17650,10,16.7k,1.7k,Lotus,2026-09-26 08:30:00,https://www.vlr.gg/753450/loud-vs-edward-gaming-valorant-champions-2026-opening-b,Valorant Champions 2026
LOUD,EDG,24050,9150,11,20.3k,8.0k,Lotus,2026-09-26 08:30:00,https://www.vlr.gg/753450/loud-vs-edward-gaming-valorant-champions-2026-opening-b,Valorant Champions 2026
LOUD,EDG,24350,24250,12,26.5k,1.5k,Lotus,2026-09-26 08:30:00,https://www.vlr.gg/753450/loud-vs-edward-gaming-valorant-champions-2026-opening-b,Valorant Champions 2026
LOUD,EDG,3900,3500,13,0.1k,0.3k,Lotus,2026-09-26 08:30:00,https://www.vlr.gg/753450/loud-vs-edward-gaming-valorant-champions-2026-opening-b,Valorant Champions 2026
LOUD,EDG,850,16900,14,9.6k,1.9k,Lotus,2026-09-26 08:30:00,https://www.vlr.gg/753450/loud-vs-edward-gaming-valorant-champions-2026-opening-b,Valorant Champions 2026
LOUD,EDG,20800,19000,15,1.3k,13.7k,Lotus,2026-09-26 08:30:00,https://www.vlr.gg/753450/loud-vs-edward-gaming-valorant-champions-2026-opening-b,Valorant Champions 2026
LOUD,EDG,21150,21950,16,12.7k,3.3k,Lotus,2026-09-26 08:30:00,https://www.vlr.gg/753450/loud-vs-edward-gaming-valorant-champions-2026-opening-b,Valorant Champions 2026
LOUD,EDG,22350,22150,17,8.3k,14.4k,Lotus,2026-09-26 08:30:00,https://www.vlr.gg/753450/loud-vs-edward-gaming-valorant-champions-2026-opening-b,Valorant Champions 2026
LOUD,EDG,24450,21600,18,19.4k,3.6k,Lotus,2026-09-26 08:30:00,https://www.vlr.gg/753450/loud-vs-edward-gaming-valorant-champions-2026-opening-b,Valorant Champions 2026
LOUD,EDG,24950,20200,19,25.1k,4.0k,Lotus,2026-09-26 08:30:00,https://www.vlr.gg/753450/loud-vs-edward-gaming-valorant-champions-2026-opening-b,Valorant Champions 2026
LOUD,EDG,24050,25250,20,12.4k,13.6k,Lotus,2026-09-26 08:30:00,https://www.vlr.gg/753450/loud-vs-edward-gaming-valorant-champions-2026-opening-b,Valorant Champions 2026
LOUD,EDG,21850,25850,21,5.2k,16.2k,Lotus,2026-09-26 08:30:00,https://www.vlr.gg/753450/loud-vs-edward-gaming-valorant-champions-2026-opening-b,Valorant Champions 2026
LOUD,EDG,4150,3900,1,0.0k,0.2k,Summit,2026-09-26 08:30:00,https://www.vlr.gg/753450/loud-vs-edward-gaming-valorant-champions-2026-opening-b,Valorant Champions 2026
LOUD,EDG,15200,2500,2,2.4k,8.1k,Summit,2026-09-26 08:30:00,https://www.vlr.gg/753450/loud-vs-edward-gaming-valorant-champions-2026-opening-b,Valorant Champions 2026
LOUD,EDG,15400,20750,3,13.5k,0.6k,Summit,2026-09-26 08:30:00,https://www.vlr.gg/753450/loud-vs-edward-gaming-valorant-champions-2026-opening-b,Valorant Champions 2026
LOUD,EDG,20350,22300,4,4.2k,4.4k,Summit,2026-09-26 08:30:00,https://www.vlr.gg/753450/loud-vs-edward-gaming-valorant-champions-2026-opening-b,Valorant Champions 2026
LOUD,EDG,21050,6350,5,4.9k,9.8k,Summit,2026-09-26 08:30:00,https://www.vlr.gg/753450/loud-vs-edward-gaming-valorant-champions-2026-opening-b,Valorant Champions 2026
LOUD,EDG,22150,22150,6,11.1k,1.9k,Summit,2026-09-26 08:30:00,https://www.vlr.gg/753450/loud-vs-edward-gaming-valorant-champions-2026-opening-b,Valorant Champions 2026
LOUD,EDG,19250,22600,7,2.6k,13.2k,Summit,2026-09-26 08:30:00,https://www.vlr.gg/753450/loud-vs-edward-gaming-valorant-champions-2026-opening-b,Valorant Champions 2026
LOUD,EDG,5450,22900,8,11.4k,24.2k,Summit,2026-09-26 08:30:00,https://www.vlr.gg/753450/loud-vs-edward-gaming-valorant-champions-2026-opening-b,Valorant Champions 2026
LOUD,EDG,21850,23250,9,6.4k,25.2k,Summit,2026-09-26 08:30:00,https://www.vlr.gg/753450/loud-vs-edward-gaming-valorant-champions-2026-opening-b,Valorant Champions 2026
LOUD,EDG,23550,22850,10,18.1k,12.4k,Summit,2026-09-26 08:30:00,https://www.vlr.gg/753450/loud-vs-edward-gaming-valorant-champions-2026-opening-b,Valorant Champions 2026
LOUD,EDG,25950,21700,11,18.2k,4.5k,Summit,2026-09-26 08:30:00,https://www.vlr.gg/753450/loud-vs-edward-gaming-valorant-champions-2026-opening-b,Valorant Champions 2026
LOUD,EDG,26250,19700,12,24.4k,0.7k,Summit,2026-09-26 08:30:00,https://www.vlr.gg/753450/loud-vs-edward-gaming-valorant-champions-2026-opening-b,Valorant Champions 2026
LOUD,EDG,3950,3800,13,0.0k,0.2k,Summit,2026-09-26 08:30:00,https://www.vlr.gg/753450/loud-vs-edward-gaming-valorant-champions-2026-opening-b,Valorant Champions 2026
LOUD,EDG,15450,3300,14,4.1k,8.7k,Summit,2026-09-26 08:30:00,https://www.vlr.gg/753450/loud-vs-edward-gaming-valorant-champions-2026-opening-b,Valorant Champions 2026
LOUD,EDG,16300,22250,15,13.7k,0.6k,Summit,2026-09-26 08:30:00,https://www.vlr.gg/753450/loud-vs-edward-gaming-valorant-champions-2026-opening-b,Valorant Champions 2026
LOUD,EDG,25650,19700,16,15.6k,3.4k,Summit,2026-09-26 08:30:00,https://www.vlr.gg/753450/loud-vs-edward-gaming-valorant-champions-2026-opening-b,Valorant Champions 2026
LOUD,EDG,25650,18900,17,15.0k,0.7k,Summit,2026-09-26 08:30:00,https://www.vlr.gg/753450/loud-vs-edward-gaming-valorant-champions-2026-opening-b,Valorant Champions 2026
LOUD,EDG,18350,25150,18,8.2k,4.7k,Summit,2026-09-26 08:30:00,https://www.vlr.gg/753450/loud-vs-edward-gaming-valorant-champions-2026-opening-b,Valorant Champions 2026
100T,T1,3750,3700,1,0.1k,0.3k,Summit,2026-09-27 05:00:00,https://www.vlr.gg/753444/100-thieves-vs-t1-valorant-champions-2026-opening-a,Valorant Champions 2026
100T,T1,16650,4250,2,2.1k,7.0k,Summit,2026-09-27 05:00:00,https://www.vlr.gg/753444/100-thieves-vs-t1-valorant-champions-2026-opening-a,Valorant Champions 2026
100T,T1,17650,21050,3,10.2k,0.4k,Summit,2026-09-27 05:00:00,https://www.vlr.gg/753444/100-thieves-vs-t1-valorant-champions-2026-opening-a,Valorant Champions 2026
100T,T1,24600,9950,4,16.6k,7.2k,Summit,2026-09-27 05:00:00,https://www.vlr.gg/753444/100-thieves-vs-t1-valorant-champions-2026-opening-a,Valorant Champions 2026
100T,T1,21550,25350,5,6.5k,7.3k,Summit,2026-09-27 05:00:00,https://www.vlr.gg/753444/100-thieves-vs-t1-valorant-champions-2026-opening-a,Valorant Champions 2026
100T,T1,23000,15250,6,16.0k,6.2k,Summit,2026-09-27 05:00:00,https://www.vlr.gg/753444/100-thieves-vs-t1-valorant-champions-2026-opening-a,Valorant Champions 2026
100T,T1,22700,19250,7,13.2k,1.7k,Summit,2026-09-27 05:00:00,https://www.vlr.gg/753444/100-thieves-vs-t1-valorant-champions-2026-opening-a,Valorant Champions 2026
100T,T1,22700,22950,8,7.2k,6.5k,Summit,2026-09-27 05:00:00,https://www.vlr.gg/753444/100-thieves-vs-t1-valorant-champions-2026-opening-a,Valorant Champions 2026
100T,T1,16750,25650,9,4.2k,16.2k,Summit,2026-09-27 05:00:00,https://www.vlr.gg/753444/100-thieves-vs-t1-valorant-champions-2026-opening-a,Valorant Champions 2026
100T,T1,19700,25650,10,0.6k,14.1k,Summit,2026-09-27 05:00:00,https://www.vlr.gg/753444/100-thieves-vs-t1-valorant-champions-2026-opening-a,Valorant Champions 2026
100T,T1,9500,25950,11,9.1k,16.5k,Summit,2026-09-27 05:00:00,https://www.vlr.gg/753444/100-thieves-vs-t1-valorant-champions-2026-opening-a,Valorant Champions 2026
100T,T1,23800,24450,12,1.0k,10.2k,Summit,2026-09-27 05:00:00,https://www.vlr.gg/753444/100-thieves-vs-t1-valorant-champions-2026-opening-a,Valorant Champions 2026
100T,T1,3800,3850,13,0.0k,0.1k,Summit,2026-09-27 05:00:00,https://www.vlr.gg/753444/100-thieves-vs-t1-valorant-champions-2026-opening-a,Valorant Champions 2026
100T,T1,19350,3000,14,1.3k,7.6k,Summit,2026-09-27 05:00:00,https://www.vlr.gg/753444/100-thieves-vs-t1-valorant-champions-2026-opening-a,Valorant Champions 2026
100T,T1,19700,21300,15,11.9k,0.4k,Summit,2026-09-27 05:00:00,https://www.vlr.gg/753444/100-thieves-vs-t1-valorant-champions-2026-opening-a,Valorant Champions 2026
100T,T1,17000,22800,16,7.4k,9.1k,Summit,2026-09-27 05:00:00,https://www.vlr.gg/753444/100-thieves-vs-t1-valorant-champions-2026-opening-a,Valorant Champions 2026
100T,T1,18300,9200,17,19.7k,11.3k,Summit,2026-09-27 05:00:00,https://www.vlr.gg/753444/100-thieves-vs-t1-valorant-champions-2026-opening-a,Valorant Champions 2026
100T,T1,26000,24450,18,26.4k,1.9k,Summit,2026-09-27 05:00:00,https://www.vlr.gg/753444/100-thieves-vs-t1-valorant-champions-2026-opening-a,Valorant Champions 2026
100T,T1,26000,9950,19,33.6k,8.7k,Summit,2026-09-27 05:00:00,https://www.vlr.gg/753444/100-thieves-vs-t1-valorant-champions-2026-opening-a,Valorant Champions 2026
100T,T1,26000,23400,20,38.5k,1.0k,Summit,2026-09-27 05:00:00,https://www.vlr.gg/753444/100-thieves-vs-t1-valorant-champions-2026-opening-a,Valorant Champions 2026
100T,T1,25700,19600,21,36.5k,1.8k,Summit,2026-09-27 05:00:00,https://www.vlr.gg/753444/100-thieves-vs-t1-valorant-champions-2026-opening-a,Valorant Champions 2026
100T,T1,4100,3850,1,0.1k,0.1k,Ascent,2026-09-27 05:00:00,https://www.vlr.gg/753444/100-thieves-vs-t1-valorant-champions-2026-opening-a,Valorant Champions 2026
100T,T1,2050,14550,2,9.1k,3.5k,Ascent,2026-09-27 05:00:00,https://www.vlr.gg/753444/100-thieves-vs-t1-valorant-champions-2026-opening-a,Valorant Champions 2026
100T,T1,19550,16950,3,3.7k,14.0k,Ascent,2026-09-27 05:00:00,https://www.vlr.gg/753444/100-thieves-vs-t1-valorant-champions-2026-opening-a,Valorant Champions 2026
100T,T1,20150,22950,4,11.2k,1.8k,Ascent,2026-09-27 05:00:00,https://www.vlr.gg/753444/100-thieves-vs-t1-valorant-champions-2026-opening-a,Valorant Champions 2026
100T,T1,20350,21750,5,8.5k,6.8k,Ascent,2026-09-27 05:00:00,https://www.vlr.gg/753444/100-thieves-vs-t1-valorant-champions-2026-opening-a,Valorant Champions 2026
100T,T1,19950,20050,6,3.6k,9.5k,Ascent,2026-09-27 05:00:00,https://www.vlr.gg/753444/100-thieves-vs-t1-valorant-champions-2026-opening-a,Valorant Champions 2026
100T,T1,19850,11400,7,7.9k,10.1k,Ascent,2026-09-27 05:00:00,https://www.vlr.gg/753444/100-thieves-vs-t1-valorant-champions-2026-opening-a,Valorant Champions 2026
100T,T1,20450,23350,8,14.7k,0.9k,Ascent,2026-09-27 05:00:00,https://www.vlr.gg/753444/100-thieves-vs-t1-valorant-champions-2026-opening-a,Valorant Champions 2026
100T,T1,25550,7850,9,18.1k,10.0k,Ascent,2026-09-27 05:00:00,https://www.vlr.gg/753444/100-thieves-vs-t1-valorant-champions-2026-opening-a,Valorant Champions 2026
100T,T1,25850,24750,10,27.6k,2.7k,Ascent,2026-09-27 05:00:00,https://www.vlr.gg/753444/100-thieves-vs-t1-valorant-champions-2026-opening-a,Valorant Champions 2026
100T,T1,25850,23100,11,29.5k,1.6k,Ascent,2026-09-27 05:00:00,https://www.vlr.gg/753444/100-thieves-vs-t1-valorant-champions-2026-opening-a,Valorant Champions 2026
100T,T1,23950,25050,12,15.1k,5.8k,Ascent,2026-09-27 05:00:00,https://www.vlr.gg/753444/100-thieves-vs-t1-valorant-champions-2026-opening-a,Valorant Champions 2026
100T,T1,4200,3800,13,0.0k,0.2k,Ascent,2026-09-27 05:00:00,https://www.vlr.gg/753444/100-thieves-vs-t1-valorant-champions-2026-opening-a,Valorant Champions 2026
100T,T1,17100,3250,14,1.2k,7.4k,Ascent,2026-09-27 05:00:00,https://www.vlr.gg/753444/100-thieves-vs-t1-valorant-champions-2026-opening-a,Valorant Champions 2026
100T,T1,14650,21250,15,11.9k,0.4k,Ascent,2026-09-27 05:00:00,https://www.vlr.gg/753444/100-thieves-vs-t1-valorant-champions-2026-opening-a,Valorant Champions 2026
100T,T1,19200,22700,16,4.3k,6.6k,Ascent,2026-09-27 05:00:00,https://www.vlr.gg/753444/100-thieves-vs-t1-valorant-champions-2026-opening-a,Valorant Champions 2026
100T,T1,6200,22750,17,11.3k,13.2k,Ascent,2026-09-27 05:00:00,https://www.vlr.gg/753444/100-thieves-vs-t1-valorant-champions-2026-opening-a,Valorant Champions 2026
100T,T1,21450,23850,18,5.3k,11.0k,Ascent,2026-09-27 05:00:00,https://www.vlr.gg/753444/100-thieves-vs-t1-valorant-champions-2026-opening-a,Valorant Champions 2026
100T,T1,16850,20650,19,3.9k,18.4k,Ascent,2026-09-27 05:00:00,https://www.vlr.gg/753444/100-thieves-vs-t1-valorant-champions-2026-opening-a,Valorant Champions 2026
100T,T1,22000,25050,20,4.9k,6.3k,Ascent,2026-09-27 05:00:00,https://www.vlr.gg/753444/100-thieves-vs-t1-valorant-champions-2026-opening-a,Valorant Champions 2026
100T,T1,25050,19600,21,13.4k,3.2k,Ascent,2026-09-27 05:00:00,https://www.vlr.gg/753444/100-thieves-vs-t1-valorant-champions-2026-opening-a,Valorant Champions 2026
100T,T1,25650,18950,22,21.2k,0.5k,Ascent,2026-09-27 05:00:00,https://www.vlr.gg/753444/100-thieves-vs-t1-valorant-champions-2026-opening-a,Valorant Champions 2026
JDG,FUT,4100,4100,1,0.0k,0.0k,Ascent,2026-09-27 07:35:00,https://www.vlr.gg/753445/jd-gaming-vs-fut-esports-valorant-champions-2026-opening-a,Valorant Champions 2026
JDG,FUT,2050,16650,2,8.5k,1.7k,Ascent,2026-09-27 07:35:00,https://www.vlr.gg/753445/jd-gaming-vs-fut-esports-valorant-champions-2026-opening-a,Valorant Champions 2026
JDG,FUT,20850,17850,3,0.5k,15.2k,Ascent,2026-09-27 07:35:00,https://www.vlr.gg/753445/jd-gaming-vs-fut-esports-valorant-champions-2026-opening-a,Valorant Champions 2026
JDG,FUT,7850,23450,4,9.6k,20.1k,Ascent,2026-09-27 07:35:00,https://www.vlr.gg/753445/jd-gaming-vs-fut-esports-valorant-champions-2026-opening-a,Valorant Champions 2026
JDG,FUT,22950,26150,5,2.4k,22.8k,Ascent,2026-09-27 07:35:00,https://www.vlr.gg/753445/jd-gaming-vs-fut-esports-valorant-champions-2026-opening-a,Valorant Champions 2026
JDG,FUT,7950,25550,6,10.5k,25.1k,Ascent,2026-09-27 07:35:00,https://www.vlr.gg/753445/jd-gaming-vs-fut-esports-valorant-champions-2026-opening-a,Valorant Champions 2026
JDG,FUT,24200,26650,7,2.1k,32.4k,Ascent,2026-09-27 07:35:00,https://www.vlr.gg/753445/jd-gaming-vs-fut-esports-valorant-champions-2026-opening-a,Valorant Champions 2026
JDG,FUT,9200,25850,8,8.8k,34.8k,Ascent,2026-09-27 07:35:00,https://www.vlr.gg/753445/jd-gaming-vs-fut-esports-valorant-champions-2026-opening-a,Valorant Champions 2026
JDG,FUT,22900,25950,9,2.1k,34.0k,Ascent,2026-09-27 07:35:00,https://www.vlr.gg/753445/jd-gaming-vs-fut-esports-valorant-champions-2026-opening-a,Valorant Champions 2026
JDG,FUT,18350,25050,10,0.6k,23.5k,Ascent,2026-09-27 07:35:00,https://www.vlr.gg/753445/jd-gaming-vs-fut-esports-valorant-champions-2026-opening-a,Valorant Champions 2026
JDG,FUT,9950,22750,11,6.6k,25.1k,Ascent,2026-09-27 07:35:00,https://www.vlr.gg/753445/jd-gaming-vs-fut-esports-valorant-champions-2026-opening-a,Valorant Champions 2026
JDG,FUT,22400,25950,12,0.8k,25.6k,Ascent,2026-09-27 07:35:00,https://www.vlr.gg/753445/jd-gaming-vs-fut-esports-valorant-champions-2026-opening-a,Valorant Champions 2026
JDG,FUT,3300,4150,13,0.2k,0.3k,Ascent,2026-09-27 07:35:00,https://www.vlr.gg/753445/jd-gaming-vs-fut-esports-valorant-champions-2026-opening-a,Valorant Champions 2026
JDG,FUT,16400,2300,14,0.4k,9.2k,Ascent,2026-09-27 07:35:00,https://www.vlr.gg/753445/jd-gaming-vs-fut-esports-valorant-champions-2026-opening-a,Valorant Champions 2026
JDG,FUT,3850,3650,1,0.3k,0.3k,Summit,2026-09-27 07:35:00,https://www.vlr.gg/753445/jd-gaming-vs-fut-esports-valorant-champions-2026-opening-a,Valorant Champions 2026
JDG,FUT,16450,1050,2,3.0k,9.9k,Summit,2026-09-27 07:35:00,https://www.vlr.gg/753445/jd-gaming-vs-fut-esports-valorant-champions-2026-opening-a,Valorant Champions 2026
JDG,FUT,20050,22100,3,12.2k,0.8k,Summit,2026-09-27 07:35:00,https://www.vlr.gg/753445/jd-gaming-vs-fut-esports-valorant-champions-2026-opening-a,Valorant Champions 2026
JDG,FUT,23750,6650,4,20.9k,10.4k,Summit,2026-09-27 07:35:00,https://www.vlr.gg/753445/jd-gaming-vs-fut-esports-valorant-champions-2026-opening-a,Valorant Champions 2026
JDG,FUT,24200,23800,5,18.3k,3.5k,Summit,2026-09-27 07:35:00,https://www.vlr.gg/753445/jd-gaming-vs-fut-esports-valorant-champions-2026-opening-a,Valorant Champions 2026
JDG,FUT,24900,24400,6,5.2k,17.2k,Summit,2026-09-27 07:35:00,https://www.vlr.gg/753445/jd-gaming-vs-fut-esports-valorant-champions-2026-opening-a,Valorant Champions 2026
JDG,FUT,25200,22650,7,8.6k,5.3k,Summit,2026-09-27 07:35:00,https://www.vlr.gg/753445/jd-gaming-vs-fut-esports-valorant-champions-2026-opening-a,Valorant Champions 2026
JDG,FUT,21250,24450,8,2.2k,15.4k,Summit,2026-09-27 07:35:00,https://www.vlr.gg/753445/jd-gaming-vs-fut-esports-valorant-champions-2026-opening-a,Valorant Champions 2026
JDG,FUT,20450,22050,9,3.8k,4.3k,Summit,2026-09-27 07:35:00,https://www.vlr.gg/753445/jd-gaming-vs-fut-esports-valorant-champions-2026-opening-a,Valorant Champions 2026
JDG,FUT,3550,23250,10,10.6k,16.5k,Summit,2026-09-27 07:35:00,https://www.vlr.gg/753445/jd-gaming-vs-fut-esports-valorant-champions-2026-opening-a,Valorant Champions 2026
JDG,FUT,25500,22550,11,5.6k,4.6k,Summit,2026-09-27 07:35:00,https://www.vlr.gg/753445/jd-gaming-vs-fut-esports-valorant-champions-2026-opening-a,Valorant Champions 2026
JDG,FUT,23000,17100,12,3.9k,0.4k,Summit,2026-09-27 07:35:00,https://www.vlr.gg/753445/jd-gaming-vs-fut-esports-valorant-champions-2026-opening-a,Valorant Champions 2026
JDG,FUT,3850,3600,13,0.2k,0.5k,Summit,2026-09-27 07:35:00,https://www.vlr.gg/753445/jd-gaming-vs-fut-esports-valorant-champions-2026-opening-a,Valorant Champions 2026
JDG,FUT,2100,18050,14,9.0k,2.3k,Summit,2026-09-27 07:35:00,https://www.vlr.gg/753445/jd-gaming-vs-fut-esports-valorant-champions-2026-opening-a,Valorant Champions 2026
JDG,FUT,20700,21050,15,0.5k,12.2k,Summit,2026-09-27 07:35:00,https://www.vlr.gg/753445/jd-gaming-vs-fut-esports-valorant-champions-2026-opening-a,Valorant Champions 2026
JDG,FUT,7700,22850,16,7.8k,14.0k,Summit,2026-09-27 07:35:00,https://www.vlr.gg/753445/jd-gaming-vs-fut-esports-valorant-champions-2026-opening-a,Valorant Champions 2026
JDG,FUT,22700,23350,17,0.8k,18.9k,Summit,2026-09-27 07:35:00,https://www.vlr.gg/753445/jd-gaming-vs-fut-esports-valorant-champions-2026-opening-a,Valorant Champions 2026
JDG,FUT,17350,24050,18,8.9k,6.1k,Summit,2026-09-27 07:35:00,https://www.vlr.gg/753445/jd-gaming-vs-fut-esports-valorant-champions-2026-opening-a,Valorant Champions 2026
JDG,FUT,18050,23950,19,1.1k,4.4k,Summit,2026-09-27 07:35:00,https://www.vlr.gg/753445/jd-gaming-vs-fut-esports-valorant-champions-2026-opening-a,Valorant Champions 2026
JDG,FUT,6300,22850,20,7.8k,7.6k,Summit,2026-09-27 07:35:00,https://www.vlr.gg/753445/jd-gaming-vs-fut-esports-valorant-champions-2026-opening-a,Valorant Champions 2026
JDG,FUT,22650,23950,21,0.5k,16.1k,Summit,2026-09-27 07:35:00,https://www.vlr.gg/753445/jd-gaming-vs-fut-esports-valorant-champions-2026-opening-a,Valorant Champions 2026
JDG,FUT,22650,22550,22,6.7k,4.0k,Summit,2026-09-27 07:35:00,https://www.vlr.gg/753445/jd-gaming-vs-fut-esports-valorant-champions-2026-opening-a,Valorant Champions 2026
JDG,FUT,15950,22000,23,1.1k,3.4k,Summit,2026-09-27 07:35:00,https://www.vlr.gg/753445/jd-gaming-vs-fut-esports-valorant-champions-2026-opening-a,Valorant Champions 2026
G2,PRX,3800,4050,1,0.2k,0.1k,Split,2026-09-29 05:00:00,https://www.vlr.gg/753456/g2-esports-vs-paper-rex-valorant-champions-2026-winners-c,Valorant Champions 2026
G2,PRX,2350,16300,2,8.2k,2.5k,Split,2026-09-29 05:00:00,https://www.vlr.gg/753456/g2-esports-vs-paper-rex-valorant-champions-2026-winners-c,Valorant Champions 2026
G2,PRX,19500,3800,3,13.4k,9.2k,Split,2026-09-29 05:00:00,https://www.vlr.gg/753456/g2-esports-vs-paper-rex-valorant-champions-2026-winners-c,Valorant Champions 2026
G2,PRX,20950,21000,4,23.7k,0.6k,Split,2026-09-29 05:00:00,https://www.vlr.gg/753456/g2-esports-vs-paper-rex-valorant-champions-2026-winners-c,Valorant Champions 2026
G2,PRX,24600,22250,5,10.3k,7.7k,Split,2026-09-29 05:00:00,https://www.vlr.gg/753456/g2-esports-vs-paper-rex-valorant-champions-2026-winners-c,Valorant Champions 2026
G2,PRX,25500,16950,6,20.5k,1.0k,Split,2026-09-29 05:00:00,https://www.vlr.gg/753456/g2-esports-vs-paper-rex-valorant-champions-2026-winners-c,Valorant Champions 2026
G2,PRX,25500,6000,7,27.7k,7.4k,Split,2026-09-29 05:00:00,https://www.vlr.gg/753456/g2-esports-vs-paper-rex-valorant-champions-2026-winners-c,Valorant Champions 2026
G2,PRX,20800,27550,8,18.6k,14.2k,Split,2026-09-29 05:00:00,https://www.vlr.gg/753456/g2-esports-vs-paper-rex-valorant-champions-2026-winners-c,Valorant Champions 2026
G2,PRX,23400,27850,9,8.8k,24.2k,Split,2026-09-29 05:00:00,https://www.vlr.gg/753456/g2-esports-vs-paper-rex-valorant-champions-2026-winners-c,Valorant Champions 2026
G2,PRX,21300,27050,10,6.7k,26.3k,Split,2026-09-29 05:00:00,https://www.vlr.gg/753456/g2-esports-vs-paper-rex-valorant-champions-2026-winners-c,Valorant Champions 2026
G2,PRX,23100,24100,11,14.9k,13.7k,Split,2026-09-29 05:00:00,https://www.vlr.gg/753456/g2-esports-vs-paper-rex-valorant-champions-2026-winners-c,Valorant Champions 2026
G2,PRX,23550,24100,12,2.7k,15.5k,Split,2026-09-29 05:00:00,https://www.vlr.gg/753456/g2-esports-vs-paper-rex-valorant-champions-2026-winners-c,Valorant Champions 2026
G2,PRX,4000,4200,13,0.2k,0.1k,Split,2026-09-29 05:00:00,https://www.vlr.gg/753456/g2-esports-vs-paper-rex-valorant-champions-2026-winners-c,Valorant Champions 2026
G2,PRX,12450,15300,14,0.5k,0.6k,Split,2026-09-29 05:00:00,https://www.vlr.gg/753456/g2-esports-vs-paper-rex-valorant-champions-2026-winners-c,Valorant Champions 2026
G2,PRX,8300,16350,15,7.4k,3.3k,Split,2026-09-29 05:00:00,https://www.vlr.gg/753456/g2-esports-vs-paper-rex-valorant-champions-2026-winners-c,Valorant Champions 2026
G2,PRX,22200,20450,16,2.2k,8.7k,Split,2026-09-29 05:00:00,https://www.vlr.gg/753456/g2-esports-vs-paper-rex-valorant-champions-2026-winners-c,Valorant Champions 2026
G2,PRX,20150,18600,17,6.7k,1.2k,Split,2026-09-29 05:00:00,https://www.vlr.gg/753456/g2-esports-vs-paper-rex-valorant-champions-2026-winners-c,Valorant Champions 2026
G2,PRX,22700,10600,18,15.3k,7.8k,Split,2026-09-29 05:00:00,https://www.vlr.gg/753456/g2-esports-vs-paper-rex-valorant-champions-2026-winners-c,Valorant Champions 2026
G2,PRX,20300,23550,19,14.4k,0.3k,Split,2026-09-29 05:00:00,https://www.vlr.gg/753456/g2-esports-vs-paper-rex-valorant-champions-2026-winners-c,Valorant Champions 2026
G2,PRX,23400,8000,20,13.7k,9.0k,Split,2026-09-29 05:00:00,https://www.vlr.gg/753456/g2-esports-vs-paper-rex-valorant-champions-2026-winners-c,Valorant Champions 2026
G2,PRX,25700,22500,21,9.8k,1.9k,Split,2026-09-29 05:00:00,https://www.vlr.gg/753456/g2-esports-vs-paper-rex-valorant-champions-2026-winners-c,Valorant Champions 2026
G2,PRX,26000,18650,22,17.1k,1.4k,Split,2026-09-29 05:00:00,https://www.vlr.gg/753456/g2-esports-vs-paper-rex-valorant-champions-2026-winners-c,Valorant Champions 2026
G2,PRX,3600,4050,1,0.4k,0.2k,Haven,2026-09-29 05:00:00,https://www.vlr.gg/753456/g2-esports-vs-paper-rex-valorant-champions-2026-winners-c,Valorant Champions 2026
G2,PRX,2250,14900,2,8.3k,5.0k,Haven,2026-09-29 05:00:00,https://www.vlr.gg/753456/g2-esports-vs-paper-rex-valorant-champions-2026-winners-c,Valorant Champions 2026
G2,PRX,20450,20250,3,0.9k,13.3k,Haven,2026-09-29 05:00:00,https://www.vlr.gg/753456/g2-esports-vs-paper-rex-valorant-champions-2026-winners-c,Valorant Champions 2026
G2,PRX,8500,23050,4,9.3k,16.0k,Haven,2026-09-29 05:00:00,https://www.vlr.gg/753456/g2-esports-vs-paper-rex-valorant-champions-2026-winners-c,Valorant Champions 2026
G2,PRX,23750,25200,5,3.4k,22.5k,Haven,2026-09-29 05:00:00,https://www.vlr.gg/753456/g2-esports-vs-paper-rex-valorant-champions-2026-winners-c,Valorant Champions 2026
G2,PRX,18000,25800,6,2.0k,18.1k,Haven,2026-09-29 05:00:00,https://www.vlr.gg/753456/g2-esports-vs-paper-rex-valorant-champions-2026-winners-c,Valorant Champions 2026
G2,PRX,8850,25600,7,9.2k,17.4k,Haven,2026-09-29 05:00:00,https://www.vlr.gg/753456/g2-esports-vs-paper-rex-valorant-champions-2026-winners-c,Valorant Champions 2026
G2,PRX,23750,25000,8,1.9k,19.9k,Haven,2026-09-29 05:00:00,https://www.vlr.gg/753456/g2-esports-vs-paper-rex-valorant-champions-2026-winners-c,Valorant Champions 2026
G2,PRX,23750,22100,9,7.6k,9.9k,Haven,2026-09-29 05:00:00,https://www.vlr.gg/753456/g2-esports-vs-paper-rex-valorant-champions-2026-winners-c,Valorant Champions 2026
G2,PRX,24350,21650,10,9.3k,3.0k,Haven,2026-09-29 05:00:00,https://www.vlr.gg/753456/g2-esports-vs-paper-rex-valorant-champions-2026-winners-c,Valorant Champions 2026
G2,PRX,26150,17300,11,13.3k,3.6k,Haven,2026-09-29 05:00:00,https://www.vlr.gg/753456/g2-esports-vs-paper-rex-valorant-champions-2026-winners-c,Valorant Champions 2026
G2,PRX,26450,18750,12,23.7k,1.0k,Haven,2026-09-29 05:00:00,https://www.vlr.gg/753456/g2-esports-vs-paper-rex-valorant-champions-2026-winners-c,Valorant Champions 2026
G2,PRX,3750,3800,13,0.2k,0.3k,Haven,2026-09-29 05:00:00,https://www.vlr.gg/753456/g2-esports-vs-paper-rex-valorant-champions-2026-winners-c,Valorant Champions 2026
G2,PRX,16950,2600,14,2.8k,8.6k,Haven,2026-09-29 05:00:00,https://www.vlr.gg/753456/g2-esports-vs-paper-rex-valorant-champions-2026-winners-c,Valorant Champions 2026
G2,PRX,20500,20500,15,11.4k,0.4k,Haven,2026-09-29 05:00:00,https://www.vlr.gg/753456/g2-esports-vs-paper-rex-valorant-champions-2026-winners-c,Valorant Champions 2026
G2,PRX,24550,8700,16,19.8k,9.5k,Haven,2026-09-29 05:00:00,https://www.vlr.gg/753456/g2-esports-vs-paper-rex-valorant-champions-2026-winners-c,Valorant Champions 2026
G2,PRX,24600,23950,17,6.5k,15.4k,Haven,2026-09-29 05:00:00,https://www.vlr.gg/753456/g2-esports-vs-paper-rex-valorant-champions-2026-winners-c,Valorant Champions 2026
G2,PRX,21900,20100,18,5.5k,5.4k,Haven,2026-09-29 05:00:00,https://www.vlr.gg/753456/g2-esports-vs-paper-rex-valorant-champions-2026-winners-c,Valorant Champions 2026
G2,PRX,9500,22700,19,7.6k,11.2k,Haven,2026-09-29 05:00:00,https://www.vlr.gg/753456/g2-esports-vs-paper-rex-valorant-champions-2026-winners-c,Valorant Champions 2026
G2,PRX,19250,25600,20,1.2k,13.7k,Haven,2026-09-29 05:00:00,https://www.vlr.gg/753456/g2-esports-vs-paper-rex-valorant-champions-2026-winners-c,Valorant Champions 2026
G2,PRX,21750,23800,21,11.9k,6.1k,Haven,2026-09-29 05:00:00,https://www.vlr.gg/753456/g2-esports-vs-paper-rex-valorant-champions-2026-winners-c,Valorant Champions 2026
G2,PRX,22300,21700,22,8.4k,3.1k,Haven,2026-09-29 05:00:00,https://www.vlr.gg/753456/g2-esports-vs-paper-rex-valorant-champions-2026-winners-c,Valorant Champions 2026
G2,PRX,20700,16850,23,6.1k,2.4k,Haven,2026-09-29 05:00:00,https://www.vlr.gg/753456/g2-esports-vs-paper-rex-valorant-champions-2026-winners-c,Valorant Champions 2026
G2,PRX,18400,20900,24,0.8k,2.5k,Haven,2026-09-29 05:00:00,https://www.vlr.gg/753456/g2-esports-vs-paper-rex-valorant-champions-2026-winners-c,Valorant Champions 2026
G2,PRX,4000,4050,1,0.2k,0.1k,Lotus,2026-09-29 05:00:00,https://www.vlr.gg/753456/g2-esports-vs-paper-rex-valorant-champions-2026-winners-c,Valorant Champions 2026
G2,PRX,16450,1600,2,4.0k,8.9k,Lotus,2026-09-29 05:00:00,https://www.vlr.gg/753456/g2-esports-vs-paper-rex-valorant-champions-2026-winners-c,Valorant Champions 2026
G2,PRX,19000,20750,3,13.8k,0.4k,Lotus,2026-09-29 05:00:00,https://www.vlr.gg/753456/g2-esports-vs-paper-rex-valorant-champions-2026-winners-c,Valorant Champions 2026
G2,PRX,21800,20550,4,3.1k,3.3k,Lotus,2026-09-29 05:00:00,https://www.vlr.gg/753456/g2-esports-vs-paper-rex-valorant-champions-2026-winners-c,Valorant Champions 2026
G2,PRX,11200,21150,5,6.1k,7.6k,Lotus,2026-09-29 05:00:00,https://www.vlr.gg/753456/g2-esports-vs-paper-rex-valorant-champions-2026-winners-c,Valorant Champions 2026
G2,PRX,20900,24400,6,1.8k,14.8k,Lotus,2026-09-29 05:00:00,https://www.vlr.gg/753456/g2-esports-vs-paper-rex-valorant-champions-2026-winners-c,Valorant Champions 2026
G2,PRX,19900,23150,7,5.6k,1.8k,Lotus,2026-09-29 05:00:00,https://www.vlr.gg/753456/g2-esports-vs-paper-rex-valorant-champions-2026-winners-c,Valorant Champions 2026
G2,PRX,9750,21250,8,8.2k,4.3k,Lotus,2026-09-29 05:00:00,https://www.vlr.gg/753456/g2-esports-vs-paper-rex-valorant-champions-2026-winners-c,Valorant Champions 2026
G2,PRX,20900,24500,9,1.0k,14.2k,Lotus,2026-09-29 05:00:00,https://www.vlr.gg/753456/g2-esports-vs-paper-rex-valorant-champions-2026-winners-c,Valorant Champions 2026
G2,PRX,22050,21900,10,8.0k,3.3k,Lotus,2026-09-29 05:00:00,https://www.vlr.gg/753456/g2-esports-vs-paper-rex-valorant-champions-2026-winners-c,Valorant Champions 2026
G2,PRX,23000,20600,11,12.0k,2.2k,Lotus,2026-09-29 05:00:00,https://www.vlr.gg/753456/g2-esports-vs-paper-rex-valorant-champions-2026-winners-c,Valorant Champions 2026
G2,PRX,25700,17750,12,4.9k,0.9k,Lotus,2026-09-29 05:00:00,https://www.vlr.gg/753456/g2-esports-vs-paper-rex-valorant-champions-2026-winners-c,Valorant Champions 2026
G2,PRX,4050,4200,13,0.2k,0.1k,Lotus,2026-09-29 05:00:00,https://www.vlr.gg/753456/g2-esports-vs-paper-rex-valorant-champions-2026-winners-c,Valorant Champions 2026
G2,PRX,2250,15350,14,8.6k,3.5k,Lotus,2026-09-29 05:00:00,https://www.vlr.gg/753456/g2-esports-vs-paper-rex-valorant-champions-2026-winners-c,Valorant Champions 2026
G2,PRX,21750,18950,15,0.5k,12.3k,Lotus,2026-09-29 05:00:00,https://www.vlr.gg/753456/g2-esports-vs-paper-rex-valorant-champions-2026-winners-c,Valorant Champions 2026
G2,PRX,9100,20800,16,10.6k,3.7k,Lotus,2026-09-29 05:00:00,https://www.vlr.gg/753456/g2-esports-vs-paper-rex-valorant-champions-2026-winners-c,Valorant Champions 2026
G2,PRX,20600,23300,17,0.9k,5.6k,Lotus,2026-09-29 05:00:00,https://www.vlr.gg/753456/g2-esports-vs-paper-rex-valorant-champions-2026-winners-c,Valorant Champions 2026
G2,PRX,5300,23550,18,8.8k,15.8k,Lotus,2026-09-29 05:00:00,https://www.vlr.gg/753456/g2-esports-vs-paper-rex-valorant-champions-2026-winners-c,Valorant Champions 2026
G2,PRX,23350,24000,19,1.7k,22.1k,Lotus,2026-09-29 05:00:00,https://www.vlr.gg/753456/g2-esports-vs-paper-rex-valorant-champions-2026-winners-c,Valorant Champions 2026
G2,PRX,16750,22950,20,0.7k,20.1k,Lotus,2026-09-29 05:00:00,https://www.vlr.gg/753456/g2-esports-vs-paper-rex-valorant-champions-2026-winners-c,Valorant Champions 2026
G2,PRX,21700,23900,21,10.0k,7.3k,Lotus,2026-09-29 05:00:00,https://www.vlr.gg/753456/g2-esports-vs-paper-rex-valorant-champions-2026-winners-c,Valorant Champions 2026
G2,PRX,23900,20250,22,14.0k,1.2k,Lotus,2026-09-29 05:00:00,https://www.vlr.gg/753456/g2-esports-vs-paper-rex-valorant-champions-2026-winners-c,Valorant Champions 2026
KC,NRG,4100,4100,1,0.1k,0.0k,Ascent,2026-09-29 08:30:00,https://www.vlr.gg/753461/karmine-corp-vs-nrg-valorant-champions-2026-winners-d,Valorant Champions 2026
KC,NRG,16200,1400,2,3.7k,9.1k,Ascent,2026-09-29 08:30:00,https://www.vlr.gg/753461/karmine-corp-vs-nrg-valorant-champions-2026-winners-d,Valorant Champions 2026
KC,NRG,14150,21750,3,11.3k,0.4k,Ascent,2026-09-29 08:30:00,https://www.vlr.gg/753461/karmine-corp-vs-nrg-valorant-champions-2026-winners-d,Valorant Champions 2026
KC,NRG,20500,21800,4,0.9k,14.3k,Ascent,2026-09-29 08:30:00,https://www.vlr.gg/753461/karmine-corp-vs-nrg-valorant-champions-2026-winners-d,Valorant Champions 2026
KC,NRG,21500,21650,5,12.0k,8.7k,Ascent,2026-09-29 08:30:00,https://www.vlr.gg/753461/karmine-corp-vs-nrg-valorant-champions-2026-winners-d,Valorant Champions 2026
KC,NRG,23050,17800,6,20.2k,3.4k,Ascent,2026-09-29 08:30:00,https://www.vlr.gg/753461/karmine-corp-vs-nrg-valorant-champions-2026-winners-d,Valorant Champions 2026
KC,NRG,23700,18350,7,27.8k,3.6k,Ascent,2026-09-29 08:30:00,https://www.vlr.gg/753461/karmine-corp-vs-nrg-valorant-champions-2026-winners-d,Valorant Champions 2026
KC,NRG,24000,9900,8,36.9k,9.2k,Ascent,2026-09-29 08:30:00,https://www.vlr.gg/753461/karmine-corp-vs-nrg-valorant-champions-2026-winners-d,Valorant Champions 2026
KC,NRG,24000,21450,9,42.0k,3.3k,Ascent,2026-09-29 08:30:00,https://www.vlr.gg/753461/karmine-corp-vs-nrg-valorant-champions-2026-winners-d,Valorant Champions 2026
KC,NRG,23400,22300,10,22.5k,13.8k,Ascent,2026-09-29 08:30:00,https://www.vlr.gg/753461/karmine-corp-vs-nrg-valorant-champions-2026-winners-d,Valorant Champions 2026
KC,NRG,23100,24150,11,12.5k,15.6k,Ascent,2026-09-29 08:30:00,https://www.vlr.gg/753461/karmine-corp-vs-nrg-valorant-champions-2026-winners-d,Valorant Champions 2026
KC,NRG,24000,24150,12,4.3k,14.5k,Ascent,2026-09-29 08:30:00,https://www.vlr.gg/753461/karmine-corp-vs-nrg-valorant-champions-2026-winners-d,Valorant Champions 2026
KC,NRG,4000,4100,13,0.1k,0.1k,Ascent,2026-09-29 08:30:00,https://www.vlr.gg/753461/karmine-corp-vs-nrg-valorant-champions-2026-winners-d,Valorant Champions 2026
KC,NRG,15900,1900,14,1.7k,8.9k,Ascent,2026-09-29 08:30:00,https://www.vlr.gg/753461/karmine-corp-vs-nrg-valorant-champions-2026-winners-d,Valorant Champions 2026
KC,NRG,13150,22750,15,14.2k,1.3k,Ascent,2026-09-29 08:30:00,https://www.vlr.gg/753461/karmine-corp-vs-nrg-valorant-champions-2026-winners-d,Valorant Champions 2026
KC,NRG,21150,17550,16,13.3k,1.8k,Ascent,2026-09-29 08:30:00,https://www.vlr.gg/753461/karmine-corp-vs-nrg-valorant-champions-2026-winners-d,Valorant Champions 2026
KC,NRG,20550,20100,17,3.8k,3.2k,Ascent,2026-09-29 08:30:00,https://www.vlr.gg/753461/karmine-corp-vs-nrg-valorant-champions-2026-winners-d,Valorant Champions 2026
KC,NRG,15650,21550,18,7.9k,11.9k,Ascent,2026-09-29 08:30:00,https://www.vlr.gg/753461/karmine-corp-vs-nrg-valorant-champions-2026-winners-d,Valorant Champions 2026
KC,NRG,24400,20350,19,8.0k,3.7k,Ascent,2026-09-29 08:30:00,https://www.vlr.gg/753461/karmine-corp-vs-nrg-valorant-champions-2026-winners-d,Valorant Champions 2026
KC,NRG,25400,17850,20,7.4k,0.7k,Ascent,2026-09-29 08:30:00,https://www.vlr.gg/753461/karmine-corp-vs-nrg-valorant-champions-2026-winners-d,Valorant Champions 2026
KC,NRG,4050,3650,1,0.0k,0.3k,Summit,2026-09-29 08:30:00,https://www.vlr.gg/753461/karmine-corp-vs-nrg-valorant-champions-2026-winners-d,Valorant Champions 2026
KC,NRG,1600,13950,2,9.0k,5.5k,Summit,2026-09-29 08:30:00,https://www.vlr.gg/753461/karmine-corp-vs-nrg-valorant-champions-2026-winners-d,Valorant Champions 2026
KC,NRG,21800,19400,3,0.3k,14.3k,Summit,2026-09-29 08:30:00,https://www.vlr.gg/753461/karmine-corp-vs-nrg-valorant-champions-2026-winners-d,Valorant Champions 2026
KC,NRG,21300,19850,4,11.1k,7.2k,Summit,2026-09-29 08:30:00,https://www.vlr.gg/753461/karmine-corp-vs-nrg-valorant-champions-2026-winners-d,Valorant Champions 2026
KC,NRG,22200,18850,5,15.6k,2.2k,Summit,2026-09-29 08:30:00,https://www.vlr.gg/753461/karmine-corp-vs-nrg-valorant-champions-2026-winners-d,Valorant Champions 2026
KC,NRG,20500,18700,6,6.6k,4.3k,Summit,2026-09-29 08:30:00,https://www.vlr.gg/753461/karmine-corp-vs-nrg-valorant-champions-2026-winners-d,Valorant Champions 2026
KC,NRG,11350,20100,7,8.9k,5.3k,Summit,2026-09-29 08:30:00,https://www.vlr.gg/753461/karmine-corp-vs-nrg-valorant-champions-2026-winners-d,Valorant Champions 2026
KC,NRG,22500,7550,8,10.4k,8.2k,Summit,2026-09-29 08:30:00,https://www.vlr.gg/753461/karmine-corp-vs-nrg-valorant-champions-2026-winners-d,Valorant Champions 2026
KC,NRG,10950,23650,9,10.2k,15.2k,Summit,2026-09-29 08:30:00,https://www.vlr.gg/753461/karmine-corp-vs-nrg-valorant-champions-2026-winners-d,Valorant Champions 2026
KC,NRG,21650,23750,10,7.7k,25.0k,Summit,2026-09-29 08:30:00,https://www.vlr.gg/753461/karmine-corp-vs-nrg-valorant-champions-2026-winners-d,Valorant Champions 2026
KC,NRG,20300,24150,11,3.6k,24.2k,Summit,2026-09-29 08:30:00,https://www.vlr.gg/753461/karmine-corp-vs-nrg-valorant-champions-2026-winners-d,Valorant Champions 2026
KC,NRG,20850,23550,12,2.6k,11.0k,Summit,2026-09-29 08:30:00,https://www.vlr.gg/753461/karmine-corp-vs-nrg-valorant-champions-2026-winners-d,Valorant Champions 2026
KC,NRG,3850,3750,13,0.1k,0.1k,Summit,2026-09-29 08:30:00,https://www.vlr.gg/753461/karmine-corp-vs-nrg-valorant-champions-2026-winners-d,Valorant Champions 2026
KC,NRG,2400,15900,14,8.7k,0.4k,Summit,2026-09-29 08:30:00,https://www.vlr.gg/753461/karmine-corp-vs-nrg-valorant-champions-2026-winners-d,Valorant Champions 2026
KC,NRG,22750,14750,15,1.2k,12.4k,Summit,2026-09-29 08:30:00,https://www.vlr.gg/753461/karmine-corp-vs-nrg-valorant-champions-2026-winners-d,Valorant Champions 2026
KC,NRG,20050,20850,16,2.8k,2.1k,Summit,2026-09-29 08:30:00,https://www.vlr.gg/753461/karmine-corp-vs-nrg-valorant-champions-2026-winners-d,Valorant Champions 2026
KC,NRG,21000,4650,17,3.5k,10.9k,Summit,2026-09-29 08:30:00,https://www.vlr.gg/753461/karmine-corp-vs-nrg-valorant-champions-2026-winners-d,Valorant Champions 2026
KC,NRG,23600,22250,18,16.4k,4.1k,Summit,2026-09-29 08:30:00,https://www.vlr.gg/753461/karmine-corp-vs-nrg-valorant-champions-2026-winners-d,Valorant Champions 2026
KC,NRG,22100,22950,19,5.6k,5.0k,Summit,2026-09-29 08:30:00,https://www.vlr.gg/753461/karmine-corp-vs-nrg-valorant-champions-2026-winners-d,Valorant Champions 2026
KC,NRG,18950,22500,20,1.8k,6.9k,Summit,2026-09-29 08:30:00,https://www.vlr.gg/753461/karmine-corp-vs-nrg-valorant-champions-2026-winners-d,Valorant Champions 2026
KC,NRG,22300,4350,21,7.4k,13.4k,Summit,2026-09-29 08:30:00,https://www.vlr.gg/753461/karmine-corp-vs-nrg-valorant-champions-2026-winners-d,Valorant Champions 2026
KC,NRG,24250,20150,22,17.3k,7.4k,Summit,2026-09-29 08:30:00,https://www.vlr.gg/753461/karmine-corp-vs-nrg-valorant-champions-2026-winners-d,Valorant Champions 2026
KC,NRG,23950,19450,23,14.2k,4.3k,Summit,2026-09-29 08:30:00,https://www.vlr.gg/753461/karmine-corp-vs-nrg-valorant-champions-2026-winners-d,Valorant Champions 2026
KC,NRG,23750,19600,24,16.9k,0.5k,Summit,2026-09-29 08:30:00,https://www.vlr.gg/753461/karmine-corp-vs-nrg-valorant-champions-2026-winners-d,Valorant Champions 2026
KC,NRG,4100,4200,1,0.0k,0.0k,Haven,2026-09-29 08:30:00,https://www.vlr.gg/753461/karmine-corp-vs-nrg-valorant-champions-2026-winners-d,Valorant Champions 2026
KC,NRG,16800,2800,2,1.9k,9.1k,Haven,2026-09-29 08:30:00,https://www.vlr.gg/753461/karmine-corp-vs-nrg-valorant-champions-2026-winners-d,Valorant Champions 2026
KC,NRG,14600,22700,3,12.7k,1.0k,Haven,2026-09-29 08:30:00,https://www.vlr.gg/753461/karmine-corp-vs-nrg-valorant-champions-2026-winners-d,Valorant Champions 2026
KC,NRG,20200,22750,4,2.8k,7.8k,Haven,2026-09-29 08:30:00,https://www.vlr.gg/753461/karmine-corp-vs-nrg-valorant-champions-2026-winners-d,Valorant Champions 2026
KC,NRG,6550,22750,5,10.9k,21.7k,Haven,2026-09-29 08:30:00,https://www.vlr.gg/753461/karmine-corp-vs-nrg-valorant-champions-2026-winners-d,Valorant Champions 2026
KC,NRG,20000,25350,6,7.5k,31.5k,Haven,2026-09-29 08:30:00,https://www.vlr.gg/753461/karmine-corp-vs-nrg-valorant-champions-2026-winners-d,Valorant Champions 2026
KC,NRG,20000,26100,7,19.5k,23.1k,Haven,2026-09-29 08:30:00,https://www.vlr.gg/753461/karmine-corp-vs-nrg-valorant-champions-2026-winners-d,Valorant Champions 2026
KC,NRG,23600,25200,8,21.1k,21.8k,Haven,2026-09-29 08:30:00,https://www.vlr.gg/753461/karmine-corp-vs-nrg-valorant-champions-2026-winners-d,Valorant Champions 2026
KC,NRG,25000,23350,9,24.5k,15.2k,Haven,2026-09-29 08:30:00,https://www.vlr.gg/753461/karmine-corp-vs-nrg-valorant-champions-2026-winners-d,Valorant Champions 2026
KC,NRG,22750,24300,10,12.5k,16.1k,Haven,2026-09-29 08:30:00,https://www.vlr.gg/753461/karmine-corp-vs-nrg-valorant-champions-2026-winners-d,Valorant Champions 2026
KC,NRG,22950,24600,11,9.9k,24.2k,Haven,2026-09-29 08:30:00,https://www.vlr.gg/753461/karmine-corp-vs-nrg-valorant-champions-2026-winners-d,Valorant Champions 2026
KC,NRG,24450,24600,12,2.0k,35.5k,Haven,2026-09-29 08:30:00,https://www.vlr.gg/753461/karmine-corp-vs-nrg-valorant-champions-2026-winners-d,Valorant Champions 2026
KC,NRG,4400,4150,13,0.0k,0.1k,Haven,2026-09-29 08:30:00,https://www.vlr.gg/753461/karmine-corp-vs-nrg-valorant-champions-2026-winners-d,Valorant Champions 2026
KC,NRG,1500,19300,14,8.9k,0.5k,Haven,2026-09-29 08:30:00,https://www.vlr.gg/753461/karmine-corp-vs-nrg-valorant-champions-2026-winners-d,Valorant Champions 2026
KC,NRG,22400,19450,15,1.0k,13.0k,Haven,2026-09-29 08:30:00,https://www.vlr.gg/753461/karmine-corp-vs-nrg-valorant-champions-2026-winners-d,Valorant Champions 2026
KC,NRG,8300,24850,16,8.0k,17.9k,Haven,2026-09-29 08:30:00,https://www.vlr.gg/753461/karmine-corp-vs-nrg-valorant-champions-2026-winners-d,Valorant Champions 2026
KC,NRG,20750,26900,17,3.3k,22.2k,Haven,2026-09-29 08:30:00,https://www.vlr.gg/753461/karmine-corp-vs-nrg-valorant-champions-2026-winners-d,Valorant Champions 2026
KC,NRG,21900,23700,18,13.8k,14.8k,Haven,2026-09-29 08:30:00,https://www.vlr.gg/753461/karmine-corp-vs-nrg-valorant-champions-2026-winners-d,Valorant Champions 2026
KC,NRG,23700,23100,19,20.3k,12.2k,Haven,2026-09-29 08:30:00,https://www.vlr.gg/753461/karmine-corp-vs-nrg-valorant-champions-2026-winners-d,Valorant Champions 2026
KC,NRG,24000,22800,20,30.0k,10.6k,Haven,2026-09-29 08:30:00,https://www.vlr.gg/753461/karmine-corp-vs-nrg-valorant-champions-2026-winners-d,Valorant Champions 2026
KC,NRG,23700,22500,21,24.8k,5.3k,Haven,2026-09-29 08:30:00,https://www.vlr.gg/753461/karmine-corp-vs-nrg-valorant-champions-2026-winners-d,Valorant Champions 2026
KC,NRG,24000,23700,22,11.5k,14.3k,Haven,2026-09-29 08:30:00,https://www.vlr.gg/753461/karmine-corp-vs-nrg-valorant-champions-2026-winners-d,Valorant Champions 2026
VIT,LOUD,4000,3900,1,0.1k,0.1k,Ascent,2026-09-30 05:00:00,https://www.vlr.gg/753451/team-vitality-vs-loud-valorant-champions-2026-winners-b,Valorant Champions 2026
VIT,LOUD,16300,1350,2,4.2k,9.0k,Ascent,2026-09-30 05:00:00,https://www.vlr.gg/753451/team-vitality-vs-loud-valorant-champions-2026-winners-b,Valorant Champions 2026
VIT,LOUD,23450,20000,3,11.7k,1.0k,Ascent,2026-09-30 05:00:00,https://www.vlr.gg/753451/team-vitality-vs-loud-valorant-champions-2026-winners-b,Valorant Champions 2026
VIT,LOUD,23250,6100,4,16.6k,10.2k,Ascent,2026-09-30 05:00:00,https://www.vlr.gg/753451/team-vitality-vs-loud-valorant-champions-2026-winners-b,Valorant Champions 2026
VIT,LOUD,24200,20750,5,26.8k,5.3k,Ascent,2026-09-30 05:00:00,https://www.vlr.gg/753451/team-vitality-vs-loud-valorant-champions-2026-winners-b,Valorant Champions 2026
VIT,LOUD,24000,19550,6,20.8k,14.3k,Ascent,2026-09-30 05:00:00,https://www.vlr.gg/753451/team-vitality-vs-loud-valorant-champions-2026-winners-b,Valorant Champions 2026
VIT,LOUD,26000,20750,7,23.2k,5.6k,Ascent,2026-09-30 05:00:00,https://www.vlr.gg/753451/team-vitality-vs-loud-valorant-champions-2026-winners-b,Valorant Champions 2026
VIT,LOUD,25300,17400,8,18.4k,1.6k,Ascent,2026-09-30 05:00:00,https://www.vlr.gg/753451/team-vitality-vs-loud-valorant-champions-2026-winners-b,Valorant Champions 2026
VIT,LOUD,25900,17650,9,22.4k,0.8k,Ascent,2026-09-30 05:00:00,https://www.vlr.gg/753451/team-vitality-vs-loud-valorant-champions-2026-winners-b,Valorant Champions 2026
VIT,LOUD,20050,20900,10,13.2k,5.8k,Ascent,2026-09-30 05:00:00,https://www.vlr.gg/753451/team-vitality-vs-loud-valorant-champions-2026-winners-b,Valorant Champions 2026
VIT,LOUD,23700,22450,11,8.9k,17.0k,Ascent,2026-09-30 05:00:00,https://www.vlr.gg/753451/team-vitality-vs-loud-valorant-champions-2026-winners-b,Valorant Champions 2026
VIT,LOUD,23950,24700,12,15.3k,3.5k,Ascent,2026-09-30 05:00:00,https://www.vlr.gg/753451/team-vitality-vs-loud-valorant-champions-2026-winners-b,Valorant Champions 2026
VIT,LOUD,3850,4050,13,0.1k,0.1k,Ascent,2026-09-30 05:00:00,https://www.vlr.gg/753451/team-vitality-vs-loud-valorant-champions-2026-winners-b,Valorant Champions 2026
VIT,LOUD,2250,17700,14,8.6k,3.6k,Ascent,2026-09-30 05:00:00,https://www.vlr.gg/753451/team-vitality-vs-loud-valorant-champions-2026-winners-b,Valorant Champions 2026
VIT,LOUD,21800,17750,15,0.9k,15.9k,Ascent,2026-09-30 05:00:00,https://www.vlr.gg/753451/team-vitality-vs-loud-valorant-champions-2026-winners-b,Valorant Champions 2026
VIT,LOUD,21700,19700,16,6.8k,6.8k,Ascent,2026-09-30 05:00:00,https://www.vlr.gg/753451/team-vitality-vs-loud-valorant-champions-2026-winners-b,Valorant Champions 2026
VIT,LOUD,22800,18550,17,15.8k,1.4k,Ascent,2026-09-30 05:00:00,https://www.vlr.gg/753451/team-vitality-vs-loud-valorant-champions-2026-winners-b,Valorant Champions 2026
VIT,LOUD,23100,22100,18,4.1k,6.4k,Ascent,2026-09-30 05:00:00,https://www.vlr.gg/753451/team-vitality-vs-loud-valorant-champions-2026-winners-b,Valorant Champions 2026
VIT,LOUD,26050,7300,19,11.2k,10.1k,Ascent,2026-09-30 05:00:00,https://www.vlr.gg/753451/team-vitality-vs-loud-valorant-champions-2026-winners-b,Valorant Champions 2026
VIT,LOUD,26500,21350,20,15.3k,2.3k,Ascent,2026-09-30 05:00:00,https://www.vlr.gg/753451/team-vitality-vs-loud-valorant-champions-2026-winners-b,Valorant Champions 2026
VIT,LOUD,4000,3850,1,0.1k,0.1k,Summit,2026-09-30 05:00:00,https://www.vlr.gg/753451/team-vitality-vs-loud-valorant-champions-2026-winners-b,Valorant Champions 2026
VIT,LOUD,16650,1950,2,1.9k,9.5k,Summit,2026-09-30 05:00:00,https://www.vlr.gg/753451/team-vitality-vs-loud-valorant-champions-2026-winners-b,Valorant Champions 2026
VIT,LOUD,16400,22350,3,9.9k,1.8k,Summit,2026-09-30 05:00:00,https://www.vlr.gg/753451/team-vitality-vs-loud-valorant-champions-2026-winners-b,Valorant Champions 2026
VIT,LOUD,20500,20150,4,1.0k,2.7k,Summit,2026-09-30 05:00:00,https://www.vlr.gg/753451/team-vitality-vs-loud-valorant-champions-2026-winners-b,Valorant Champions 2026
VIT,LOUD,22450,7000,5,14.0k,8.5k,Summit,2026-09-30 05:00:00,https://www.vlr.gg/753451/team-vitality-vs-loud-valorant-champions-2026-winners-b,Valorant Champions 2026
VIT,LOUD,25550,20950,6,12.3k,2.2k,Summit,2026-09-30 05:00:00,https://www.vlr.gg/753451/team-vitality-vs-loud-valorant-champions-2026-winners-b,Valorant Champions 2026
VIT,LOUD,25550,20050,7,17.2k,2.4k,Summit,2026-09-30 05:00:00,https://www.vlr.gg/753451/team-vitality-vs-loud-valorant-champions-2026-winners-b,Valorant Champions 2026
VIT,LOUD,25850,10650,8,25.7k,8.0k,Summit,2026-09-30 05:00:00,https://www.vlr.gg/753451/team-vitality-vs-loud-valorant-champions-2026-winners-b,Valorant Champions 2026
VIT,LOUD,26150,21550,9,29.6k,4.1k,Summit,2026-09-30 05:00:00,https://www.vlr.gg/753451/team-vitality-vs-loud-valorant-champions-2026-winners-b,Valorant Champions 2026
VIT,LOUD,25550,22150,10,15.1k,9.4k,Summit,2026-09-30 05:00:00,https://www.vlr.gg/753451/team-vitality-vs-loud-valorant-champions-2026-winners-b,Valorant Champions 2026
VIT,LOUD,25850,15950,11,21.0k,4.5k,Summit,2026-09-30 05:00:00,https://www.vlr.gg/753451/team-vitality-vs-loud-valorant-champions-2026-winners-b,Valorant Champions 2026
VIT,LOUD,26050,21750,12,8.1k,5.0k,Summit,2026-09-30 05:00:00,https://www.vlr.gg/753451/team-vitality-vs-loud-valorant-champions-2026-winners-b,Valorant Champions 2026
VIT,LOUD,3850,3900,13,0.2k,0.1k,Summit,2026-09-30 05:00:00,https://www.vlr.gg/753451/team-vitality-vs-loud-valorant-champions-2026-winners-b,Valorant Champions 2026
VIT,LOUD,2200,15850,14,8.5k,2.7k,Summit,2026-09-30 05:00:00,https://www.vlr.gg/753451/team-vitality-vs-loud-valorant-champions-2026-winners-b,Valorant Champions 2026
VIT,LOUD,21900,12500,15,1.0k,16.2k,Summit,2026-09-30 05:00:00,https://www.vlr.gg/753451/team-vitality-vs-loud-valorant-champions-2026-winners-b,Valorant Champions 2026
VIT,LOUD,19450,21350,16,2.8k,6.5k,Summit,2026-09-30 05:00:00,https://www.vlr.gg/753451/team-vitality-vs-loud-valorant-champions-2026-winners-b,Valorant Champions 2026
VIT,LOUD,5350,22250,17,10.0k,7.8k,Summit,2026-09-30 05:00:00,https://www.vlr.gg/753451/team-vitality-vs-loud-valorant-champions-2026-winners-b,Valorant Champions 2026
VIT,LOUD,23050,20150,18,3.5k,9.5k,Summit,2026-09-30 05:00:00,https://www.vlr.gg/753451/team-vitality-vs-loud-valorant-champions-2026-winners-b,Valorant Champions 2026
VIT,LOUD,8450,23150,19,11.2k,12.1k,Summit,2026-09-30 05:00:00,https://www.vlr.gg/753451/team-vitality-vs-loud-valorant-champions-2026-winners-b,Valorant Champions 2026
VIT,LOUD,23100,25750,20,4.8k,20.5k,Summit,2026-09-30 05:00:00,https://www.vlr.gg/753451/team-vitality-vs-loud-valorant-champions-2026-winners-b,Valorant Champions 2026
VIT,LOUD,24600,23050,21,10.7k,8.3k,Summit,2026-09-30 05:00:00,https://www.vlr.gg/753451/team-vitality-vs-loud-valorant-champions-2026-winners-b,Valorant Champions 2026
VIT,LOUD,20450,25150,22,4.1k,15.1k,Summit,2026-09-30 05:00:00,https://www.vlr.gg/753451/team-vitality-vs-loud-valorant-champions-2026-winners-b,Valorant Champions 2026
VIT,LOUD,17600,26250,23,1.0k,23.2k,Summit,2026-09-30 05:00:00,https://www.vlr.gg/753451/team-vitality-vs-loud-valorant-champions-2026-winners-b,Valorant Champions 2026
VIT,LOUD,23200,24450,24,4.3k,10.2k,Summit,2026-09-30 05:00:00,https://www.vlr.gg/753451/team-vitality-vs-loud-valorant-champions-2026-winners-b,Valorant Champions 2026
VIT,LOUD,23750,24250,25,1.3k,0.7k,Summit,2026-09-30 05:00:00,https://www.vlr.gg/753451/team-vitality-vs-loud-valorant-champions-2026-winners-b,Valorant Champions 2026
VIT,LOUD,23450,24250,26,1.6k,0.7k,Summit,2026-09-30 05:00:00,https://www.vlr.gg/753451/team-vitality-vs-loud-valorant-champions-2026-winners-b,Valorant Champions 2026
VIT,LOUD,24150,24250,27,0.9k,0.7k,Summit,2026-09-30 05:00:00,https://www.vlr.gg/753451/team-vitality-vs-loud-valorant-champions-2026-winners-b,Valorant Champions 2026
VIT,LOUD,23450,23950,28,1.6k,1.0k,Summit,2026-09-30 05:00:00,https://www.vlr.gg/753451/team-vitality-vs-loud-valorant-champions-2026-winners-b,Valorant Champions 2026
VIT,LOUD,23850,23950,29,1.2k,1.0k,Summit,2026-09-30 05:00:00,https://www.vlr.gg/753451/team-vitality-vs-loud-valorant-champions-2026-winners-b,Valorant Champions 2026
VIT,LOUD,23950,24250,30,1.3k,0.7k,Summit,2026-09-30 05:00:00,https://www.vlr.gg/753451/team-vitality-vs-loud-valorant-champions-2026-winners-b,Valorant Champions 2026
VIT,LOUD,24150,24250,31,0.9k,0.7k,Summit,2026-09-30 05:00:00,https://www.vlr.gg/753451/team-vitality-vs-loud-valorant-champions-2026-winners-b,Valorant Champions 2026
VIT,LOUD,23950,24250,32,1.3k,0.7k,Summit,2026-09-30 05:00:00,https://www.vlr.gg/753451/team-vitality-vs-loud-valorant-champions-2026-winners-b,Valorant Champions 2026
VIT,LOUD,24150,23950,33,0.9k,1.0k,Summit,2026-09-30 05:00:00,https://www.vlr.gg/753451/team-vitality-vs-loud-valorant-champions-2026-winners-b,Valorant Champions 2026
VIT,LOUD,23950,24550,34,1.3k,0.4k,Summit,2026-09-30 05:00:00,https://www.vlr.gg/753451/team-vitality-vs-loud-valorant-champions-2026-winners-b,Valorant Champions 2026
VIT,LOUD,23850,23950,35,1.2k,1.0k,Summit,2026-09-30 05:00:00,https://www.vlr.gg/753451/team-vitality-vs-loud-valorant-champions-2026-winners-b,Valorant Champions 2026
VIT,LOUD,23750,23950,36,1.3k,1.0k,Summit,2026-09-30 05:00:00,https://www.vlr.gg/753451/team-vitality-vs-loud-valorant-champions-2026-winners-b,Valorant Champions 2026
100T,FUT,4050,4350,1,0.2k,0.1k,Split,2026-09-30 07:55:00,https://www.vlr.gg/753446/100-thieves-vs-fut-esports-valorant-champions-2026-winners-a,Valorant Champions 2026
100T,FUT,12400,18050,2,0.4k,0.3k,Split,2026-09-30 07:55:00,https://www.vlr.gg/753446/100-thieves-vs-fut-esports-valorant-champions-2026-winners-a,Valorant Champions 2026
100T,FUT,17000,1800,3,1.9k,9.7k,Split,2026-09-30 07:55:00,https://www.vlr.gg/753446/100-thieves-vs-fut-esports-valorant-champions-2026-winners-a,Valorant Champions 2026
100T,FUT,19500,22000,4,13.8k,0.9k,Split,2026-09-30 07:55:00,https://www.vlr.gg/753446/100-thieves-vs-fut-esports-valorant-champions-2026-winners-a,Valorant Champions 2026
100T,FUT,23300,12300,5,20.7k,8.3k,Split,2026-09-30 07:55:00,https://www.vlr.gg/753446/100-thieves-vs-fut-esports-valorant-champions-2026-winners-a,Valorant Champions 2026
100T,FUT,26300,24000,6,20.6k,1.1k,Split,2026-09-30 07:55:00,https://www.vlr.gg/753446/100-thieves-vs-fut-esports-valorant-champions-2026-winners-a,Valorant Champions 2026
100T,FUT,26300,21250,7,31.0k,2.7k,Split,2026-09-30 07:55:00,https://www.vlr.gg/753446/100-thieves-vs-fut-esports-valorant-champions-2026-winners-a,Valorant Champions 2026
100T,FUT,26300,17000,8,36.2k,8.0k,Split,2026-09-30 07:55:00,https://www.vlr.gg/753446/100-thieves-vs-fut-esports-valorant-champions-2026-winners-a,Valorant Champions 2026
100T,FUT,21300,26100,9,23.0k,11.2k,Split,2026-09-30 07:55:00,https://www.vlr.gg/753446/100-thieves-vs-fut-esports-valorant-champions-2026-winners-a,Valorant Champions 2026
100T,FUT,26300,20600,10,21.5k,3.2k,Split,2026-09-30 07:55:00,https://www.vlr.gg/753446/100-thieves-vs-fut-esports-valorant-champions-2026-winners-a,Valorant Champions 2026
100T,FUT,24200,24400,11,8.6k,10.2k,Split,2026-09-30 07:55:00,https://www.vlr.gg/753446/100-thieves-vs-fut-esports-valorant-champions-2026-winners-a,Valorant Champions 2026
100T,FUT,26300,20350,12,13.7k,1.2k,Split,2026-09-30 07:55:00,https://www.vlr.gg/753446/100-thieves-vs-fut-esports-valorant-champions-2026-winners-a,Valorant Champions 2026
100T,FUT,3850,4200,13,0.4k,0.2k,Split,2026-09-30 07:55:00,https://www.vlr.gg/753446/100-thieves-vs-fut-esports-valorant-champions-2026-winners-a,Valorant Champions 2026
100T,FUT,18500,2700,14,0.8k,9.6k,Split,2026-09-30 07:55:00,https://www.vlr.gg/753446/100-thieves-vs-fut-esports-valorant-champions-2026-winners-a,Valorant Champions 2026
100T,FUT,14150,22450,15,13.9k,0.7k,Split,2026-09-30 07:55:00,https://www.vlr.gg/753446/100-thieves-vs-fut-esports-valorant-champions-2026-winners-a,Valorant Champions 2026
100T,FUT,21200,22300,16,4.6k,4.7k,Split,2026-09-30 07:55:00,https://www.vlr.gg/753446/100-thieves-vs-fut-esports-valorant-champions-2026-winners-a,Valorant Champions 2026
100T,FUT,7200,23800,17,11.8k,5.0k,Split,2026-09-30 07:55:00,https://www.vlr.gg/753446/100-thieves-vs-fut-esports-valorant-champions-2026-winners-a,Valorant Champions 2026
100T,FUT,26800,15800,18,9.4k,1.0k,Split,2026-09-30 07:55:00,https://www.vlr.gg/753446/100-thieves-vs-fut-esports-valorant-champions-2026-winners-a,Valorant Champions 2026
100T,FUT,3900,3450,1,0.3k,0.3k,Lotus,2026-09-30 07:55:00,https://www.vlr.gg/753446/100-thieves-vs-fut-esports-valorant-champions-2026-winners-a,Valorant Champions 2026
100T,FUT,3350,17100,2,9.4k,0.5k,Lotus,2026-09-30 07:55:00,https://www.vlr.gg/753446/100-thieves-vs-fut-esports-valorant-champions-2026-winners-a,Valorant Champions 2026
100T,FUT,22550,18500,3,1.0k,14.1k,Lotus,2026-09-30 07:55:00,https://www.vlr.gg/753446/100-thieves-vs-fut-esports-valorant-champions-2026-winners-a,Valorant Champions 2026
100T,FUT,20900,22300,4,5.8k,3.0k,Lotus,2026-09-30 07:55:00,https://www.vlr.gg/753446/100-thieves-vs-fut-esports-valorant-champions-2026-winners-a,Valorant Champions 2026
100T,FUT,22800,11850,5,11.3k,7.6k,Lotus,2026-09-30 07:55:00,https://www.vlr.gg/753446/100-thieves-vs-fut-esports-valorant-champions-2026-winners-a,Valorant Champions 2026
100T,FUT,24800,22100,6,22.1k,0.8k,Lotus,2026-09-30 07:55:00,https://www.vlr.gg/753446/100-thieves-vs-fut-esports-valorant-champions-2026-winners-a,Valorant Champions 2026
100T,FUT,26600,16050,7,32.6k,3.3k,Lotus,2026-09-30 07:55:00,https://www.vlr.gg/753446/100-thieves-vs-fut-esports-valorant-champions-2026-winners-a,Valorant Champions 2026
100T,FUT,26000,21600,8,23.8k,7.8k,Lotus,2026-09-30 07:55:00,https://www.vlr.gg/753446/100-thieves-vs-fut-esports-valorant-champions-2026-winners-a,Valorant Champions 2026
100T,FUT,18900,24050,9,19.5k,12.3k,Lotus,2026-09-30 07:55:00,https://www.vlr.gg/753446/100-thieves-vs-fut-esports-valorant-champions-2026-winners-a,Valorant Champions 2026
100T,FUT,23600,24700,10,13.0k,22.8k,Lotus,2026-09-30 07:55:00,https://www.vlr.gg/753446/100-thieves-vs-fut-esports-valorant-champions-2026-winners-a,Valorant Champions 2026
100T,FUT,20900,24800,11,9.2k,22.4k,Lotus,2026-09-30 07:55:00,https://www.vlr.gg/753446/100-thieves-vs-fut-esports-valorant-champions-2026-winners-a,Valorant Champions 2026
100T,FUT,24150,23300,12,3.3k,18.6k,Lotus,2026-09-30 07:55:00,https://www.vlr.gg/753446/100-thieves-vs-fut-esports-valorant-champions-2026-winners-a,Valorant Champions 2026
100T,FUT,3900,4050,13,0.3k,0.1k,Lotus,2026-09-30 07:55:00,https://www.vlr.gg/753446/100-thieves-vs-fut-esports-valorant-champions-2026-winners-a,Valorant Champions 2026
100T,FUT,16400,1800,14,2.8k,8.9k,Lotus,2026-09-30 07:55:00,https://www.vlr.gg/753446/100-thieves-vs-fut-esports-valorant-champions-2026-winners-a,Valorant Champions 2026
100T,FUT,16500,21200,15,17.2k,0.4k,Lotus,2026-09-30 07:55:00,https://www.vlr.gg/753446/100-thieves-vs-fut-esports-valorant-champions-2026-winners-a,Valorant Champions 2026
100T,FUT,22900,10100,16,14.4k,8.1k,Lotus,2026-09-30 07:55:00,https://www.vlr.gg/753446/100-thieves-vs-fut-esports-valorant-champions-2026-winners-a,Valorant Champions 2026
100T,FUT,24600,23150,17,14.5k,2.7k,Lotus,2026-09-30 07:55:00,https://www.vlr.gg/753446/100-thieves-vs-fut-esports-valorant-champions-2026-winners-a,Valorant Champions 2026
100T,FUT,22500,25600,18,3.9k,7.7k,Lotus,2026-09-30 07:55:00,https://www.vlr.gg/753446/100-thieves-vs-fut-esports-valorant-champions-2026-winners-a,Valorant Champions 2026
100T,FUT,25500,11200,19,8.3k,7.7k,Lotus,2026-09-30 07:55:00,https://www.vlr.gg/753446/100-thieves-vs-fut-esports-valorant-champions-2026-winners-a,Valorant Champions 2026
100T,FUT,20400,23000,20,5.5k,5.8k,Lotus,2026-09-30 07:55:00,https://www.vlr.gg/753446/100-thieves-vs-fut-esports-valorant-champions-2026-winners-a,Valorant Champions 2026
100T,FUT,25200,9600,21,13.3k,8.1k,Lotus,2026-09-30 07:55:00,https://www.vlr.gg/753446/100-thieves-vs-fut-esports-valorant-champions-2026-winners-a,Valorant Champions 2026
100T,FUT,24800,21550,22,14.8k,0.9k,Lotus,2026-09-30 07:55:00,https://www.vlr.gg/753446/100-thieves-vs-fut-esports-valorant-champions-2026-winners-a,Valorant Champions 2026
100T,FUT,26400,15950,23,23.1k,0.5k,Lotus,2026-09-30 07:55:00,https://www.vlr.gg/753446/100-thieves-vs-fut-esports-valorant-champions-2026-winners-a,Valorant Champions 2026
TYL,TL,4200,3650,1,0.2k,0.2k,Split,2026-10-01 05:00:00,https://www.vlr.gg/753457/tyloo-vs-team-liquid-valorant-champions-2026-elim-c,Valorant Champions 2026
TYL,TL,3650,14650,2,7.7k,4.4k,Split,2026-10-01 05:00:00,https://www.vlr.gg/753457/tyloo-vs-team-liquid-valorant-champions-2026-elim-c,Valorant Champions 2026
TYL,TL,20800,20550,3,0.5k,10.2k,Split,2026-10-01 05:00:00,https://www.vlr.gg/753457/tyloo-vs-team-liquid-valorant-champions-2026-elim-c,Valorant Champions 2026
TYL,TL,9800,22900,4,8.8k,10.6k,Split,2026-10-01 05:00:00,https://www.vlr.gg/753457/tyloo-vs-team-liquid-valorant-champions-2026-elim-c,Valorant Champions 2026
TYL,TL,22350,21800,5,3.9k,8.2k,Split,2026-10-01 05:00:00,https://www.vlr.gg/753457/tyloo-vs-team-liquid-valorant-champions-2026-elim-c,Valorant Champions 2026
TYL,TL,22350,20050,6,11.0k,2.6k,Split,2026-10-01 05:00:00,https://www.vlr.gg/753457/tyloo-vs-team-liquid-valorant-champions-2026-elim-c,Valorant Champions 2026
TYL,TL,23250,5200,7,16.2k,10.7k,Split,2026-10-01 05:00:00,https://www.vlr.gg/753457/tyloo-vs-team-liquid-valorant-champions-2026-elim-c,Valorant Champions 2026
TYL,TL,23250,22650,8,18.4k,4.7k,Split,2026-10-01 05:00:00,https://www.vlr.gg/753457/tyloo-vs-team-liquid-valorant-champions-2026-elim-c,Valorant Champions 2026
TYL,TL,23950,9850,9,25.4k,9.6k,Split,2026-10-01 05:00:00,https://www.vlr.gg/753457/tyloo-vs-team-liquid-valorant-champions-2026-elim-c,Valorant Champions 2026
TYL,TL,24150,20600,10,24.7k,5.5k,Split,2026-10-01 05:00:00,https://www.vlr.gg/753457/tyloo-vs-team-liquid-valorant-champions-2026-elim-c,Valorant Champions 2026
TYL,TL,24150,16500,11,24.0k,3.4k,Split,2026-10-01 05:00:00,https://www.vlr.gg/753457/tyloo-vs-team-liquid-valorant-champions-2026-elim-c,Valorant Champions 2026
TYL,TL,23650,18250,12,27.9k,1.6k,Split,2026-10-01 05:00:00,https://www.vlr.gg/753457/tyloo-vs-team-liquid-valorant-champions-2026-elim-c,Valorant Champions 2026
TYL,TL,4300,3900,13,0.1k,0.4k,Split,2026-10-01 05:00:00,https://www.vlr.gg/753457/tyloo-vs-team-liquid-valorant-champions-2026-elim-c,Valorant Champions 2026
TYL,TL,2950,14450,14,7.9k,4.3k,Split,2026-10-01 05:00:00,https://www.vlr.gg/753457/tyloo-vs-team-liquid-valorant-champions-2026-elim-c,Valorant Champions 2026
TYL,TL,21000,19100,15,0.4k,10.2k,Split,2026-10-01 05:00:00,https://www.vlr.gg/753457/tyloo-vs-team-liquid-valorant-champions-2026-elim-c,Valorant Champions 2026
TYL,TL,8900,22900,16,8.7k,15.7k,Split,2026-10-01 05:00:00,https://www.vlr.gg/753457/tyloo-vs-team-liquid-valorant-champions-2026-elim-c,Valorant Champions 2026
TYL,TL,22750,24250,17,2.1k,17.4k,Split,2026-10-01 05:00:00,https://www.vlr.gg/753457/tyloo-vs-team-liquid-valorant-champions-2026-elim-c,Valorant Champions 2026
TYL,TL,22700,22200,18,4.8k,6.5k,Split,2026-10-01 05:00:00,https://www.vlr.gg/753457/tyloo-vs-team-liquid-valorant-champions-2026-elim-c,Valorant Champions 2026
TYL,TL,6800,23450,19,9.8k,19.1k,Split,2026-10-01 05:00:00,https://www.vlr.gg/753457/tyloo-vs-team-liquid-valorant-champions-2026-elim-c,Valorant Champions 2026
TYL,TL,22100,23950,20,1.4k,27.5k,Split,2026-10-01 05:00:00,https://www.vlr.gg/753457/tyloo-vs-team-liquid-valorant-champions-2026-elim-c,Valorant Champions 2026
TYL,TL,18700,23500,21,0.9k,30.6k,Split,2026-10-01 05:00:00,https://www.vlr.gg/753457/tyloo-vs-team-liquid-valorant-champions-2026-elim-c,Valorant Champions 2026
TYL,TL,4150,3750,1,0.1k,0.1k,Summit,2026-10-01 05:00:00,https://www.vlr.gg/753457/tyloo-vs-team-liquid-valorant-champions-2026-elim-c,Valorant Champions 2026
TYL,TL,17100,1200,2,1.0k,9.2k,Summit,2026-10-01 05:00:00,https://www.vlr.gg/753457/tyloo-vs-team-liquid-valorant-champions-2026-elim-c,Valorant Champions 2026
TYL,TL,17050,20950,3,14.8k,1.3k,Summit,2026-10-01 05:00:00,https://www.vlr.gg/753457/tyloo-vs-team-liquid-valorant-champions-2026-elim-c,Valorant Champions 2026
TYL,TL,22900,21400,4,3.4k,5.4k,Summit,2026-10-01 05:00:00,https://www.vlr.gg/753457/tyloo-vs-team-liquid-valorant-champions-2026-elim-c,Valorant Champions 2026
TYL,TL,8000,22350,5,8.2k,13.7k,Summit,2026-10-01 05:00:00,https://www.vlr.gg/753457/tyloo-vs-team-liquid-valorant-champions-2026-elim-c,Valorant Champions 2026
TYL,TL,21550,22850,6,3.0k,26.9k,Summit,2026-10-01 05:00:00,https://www.vlr.gg/753457/tyloo-vs-team-liquid-valorant-champions-2026-elim-c,Valorant Champions 2026
TYL,TL,21050,23900,7,10.5k,15.8k,Summit,2026-10-01 05:00:00,https://www.vlr.gg/753457/tyloo-vs-team-liquid-valorant-champions-2026-elim-c,Valorant Champions 2026
TYL,TL,12450,24500,8,10.9k,14.9k,Summit,2026-10-01 05:00:00,https://www.vlr.gg/753457/tyloo-vs-team-liquid-valorant-champions-2026-elim-c,Valorant Champions 2026
TYL,TL,21300,24650,9,3.3k,23.4k,Summit,2026-10-01 05:00:00,https://www.vlr.gg/753457/tyloo-vs-team-liquid-valorant-champions-2026-elim-c,Valorant Champions 2026
TYL,TL,22250,24350,10,5.2k,14.8k,Summit,2026-10-01 05:00:00,https://www.vlr.gg/753457/tyloo-vs-team-liquid-valorant-champions-2026-elim-c,Valorant Champions 2026
TYL,TL,22300,22350,11,4.7k,6.4k,Summit,2026-10-01 05:00:00,https://www.vlr.gg/753457/tyloo-vs-team-liquid-valorant-champions-2026-elim-c,Valorant Champions 2026
TYL,TL,16450,23350,12,0.6k,6.3k,Summit,2026-10-01 05:00:00,https://www.vlr.gg/753457/tyloo-vs-team-liquid-valorant-champions-2026-elim-c,Valorant Champions 2026
TYL,TL,4000,3900,13,0.1k,0.3k,Summit,2026-10-01 05:00:00,https://www.vlr.gg/753457/tyloo-vs-team-liquid-valorant-champions-2026-elim-c,Valorant Champions 2026
TYL,TL,15300,10900,14,1.1k,1.5k,Summit,2026-10-01 05:00:00,https://www.vlr.gg/753457/tyloo-vs-team-liquid-valorant-champions-2026-elim-c,Valorant Champions 2026
TYL,TL,20850,7450,15,4.8k,8.8k,Summit,2026-10-01 05:00:00,https://www.vlr.gg/753457/tyloo-vs-team-liquid-valorant-champions-2026-elim-c,Valorant Champions 2026
TYL,TL,23200,19800,16,4.9k,6.6k,Summit,2026-10-01 05:00:00,https://www.vlr.gg/753457/tyloo-vs-team-liquid-valorant-champions-2026-elim-c,Valorant Champions 2026
TYL,TL,24100,19250,17,11.8k,2.9k,Summit,2026-10-01 05:00:00,https://www.vlr.gg/753457/tyloo-vs-team-liquid-valorant-champions-2026-elim-c,Valorant Champions 2026
TYL,TL,24100,17800,18,20.4k,1.9k,Summit,2026-10-01 05:00:00,https://www.vlr.gg/753457/tyloo-vs-team-liquid-valorant-champions-2026-elim-c,Valorant Champions 2026
TYL,TL,24500,18700,19,33.6k,2.3k,Summit,2026-10-01 05:00:00,https://www.vlr.gg/753457/tyloo-vs-team-liquid-valorant-champions-2026-elim-c,Valorant Champions 2026
TYL,TL,23900,17150,20,38.5k,1.8k,Summit,2026-10-01 05:00:00,https://www.vlr.gg/753457/tyloo-vs-team-liquid-valorant-champions-2026-elim-c,Valorant Champions 2026
TYL,TL,3850,3600,1,0.1k,0.3k,Lotus,2026-10-01 05:00:00,https://www.vlr.gg/753457/tyloo-vs-team-liquid-valorant-champions-2026-elim-c,Valorant Champions 2026
TYL,TL,2800,14650,2,7.9k,3.6k,Lotus,2026-10-01 05:00:00,https://www.vlr.gg/753457/tyloo-vs-team-liquid-valorant-champions-2026-elim-c,Valorant Champions 2026
TYL,TL,22050,19850,3,0.5k,10.6k,Lotus,2026-10-01 05:00:00,https://www.vlr.gg/753457/tyloo-vs-team-liquid-valorant-champions-2026-elim-c,Valorant Champions 2026
TYL,TL,9000,24150,4,9.7k,12.3k,Lotus,2026-10-01 05:00:00,https://www.vlr.gg/753457/tyloo-vs-team-liquid-valorant-champions-2026-elim-c,Valorant Champions 2026
TYL,TL,22750,23450,5,4.8k,12.2k,Lotus,2026-10-01 05:00:00,https://www.vlr.gg/753457/tyloo-vs-team-liquid-valorant-champions-2026-elim-c,Valorant Champions 2026
TYL,TL,20400,23550,6,3.2k,24.0k,Lotus,2026-10-01 05:00:00,https://www.vlr.gg/753457/tyloo-vs-team-liquid-valorant-champions-2026-elim-c,Valorant Champions 2026
TYL,TL,8400,23850,7,11.1k,27.2k,Lotus,2026-10-01 05:00:00,https://www.vlr.gg/753457/tyloo-vs-team-liquid-valorant-champions-2026-elim-c,Valorant Champions 2026
TYL,TL,20150,23550,8,8.4k,28.1k,Lotus,2026-10-01 05:00:00,https://www.vlr.gg/753457/tyloo-vs-team-liquid-valorant-champions-2026-elim-c,Valorant Champions 2026
TYL,TL,12100,23750,9,12.2k,31.5k,Lotus,2026-10-01 05:00:00,https://www.vlr.gg/753457/tyloo-vs-team-liquid-valorant-champions-2026-elim-c,Valorant Champions 2026
TYL,TL,23050,23750,10,6.8k,32.7k,Lotus,2026-10-01 05:00:00,https://www.vlr.gg/753457/tyloo-vs-team-liquid-valorant-champions-2026-elim-c,Valorant Champions 2026
TYL,TL,21550,25800,11,2.7k,31.8k,Lotus,2026-10-01 05:00:00,https://www.vlr.gg/753457/tyloo-vs-team-liquid-valorant-champions-2026-elim-c,Valorant Champions 2026
TYL,TL,18650,25650,12,1.3k,30.1k,Lotus,2026-10-01 05:00:00,https://www.vlr.gg/753457/tyloo-vs-team-liquid-valorant-champions-2026-elim-c,Valorant Champions 2026
TYL,TL,3500,4200,13,0.3k,0.1k,Lotus,2026-10-01 05:00:00,https://www.vlr.gg/753457/tyloo-vs-team-liquid-valorant-champions-2026-elim-c,Valorant Champions 2026
TYL,TL,17800,2300,14,0.6k,8.3k,Lotus,2026-10-01 05:00:00,https://www.vlr.gg/753457/tyloo-vs-team-liquid-valorant-champions-2026-elim-c,Valorant Champions 2026
TYL,TL,20300,22000,15,7.0k,0.2k,Lotus,2026-10-01 05:00:00,https://www.vlr.gg/753457/tyloo-vs-team-liquid-valorant-champions-2026-elim-c,Valorant Champions 2026
XLG,NS,3750,3350,1,0.2k,0.5k,Summit,2026-10-01 08:05:00,https://www.vlr.gg/753462/xi-lai-gaming-vs-nongshim-redforce-valorant-champions-2026-elim-d,Valorant Champions 2026
XLG,NS,14700,3300,2,4.0k,7.5k,Summit,2026-10-01 08:05:00,https://www.vlr.gg/753462/xi-lai-gaming-vs-nongshim-redforce-valorant-champions-2026-elim-d,Valorant Champions 2026
XLG,NS,18400,20100,3,14.6k,1.1k,Summit,2026-10-01 08:05:00,https://www.vlr.gg/753462/xi-lai-gaming-vs-nongshim-redforce-valorant-champions-2026-elim-d,Valorant Champions 2026
XLG,NS,23650,7800,4,15.8k,9.9k,Summit,2026-10-01 08:05:00,https://www.vlr.gg/753462/xi-lai-gaming-vs-nongshim-redforce-valorant-champions-2026-elim-d,Valorant Champions 2026
XLG,NS,25750,22900,5,18.5k,2.3k,Summit,2026-10-01 08:05:00,https://www.vlr.gg/753462/xi-lai-gaming-vs-nongshim-redforce-valorant-champions-2026-elim-d,Valorant Champions 2026
XLG,NS,25150,23100,6,5.8k,8.8k,Summit,2026-10-01 08:05:00,https://www.vlr.gg/753462/xi-lai-gaming-vs-nongshim-redforce-valorant-champions-2026-elim-d,Valorant Champions 2026
XLG,NS,10300,24200,7,10.2k,6.9k,Summit,2026-10-01 08:05:00,https://www.vlr.gg/753462/xi-lai-gaming-vs-nongshim-redforce-valorant-champions-2026-elim-d,Valorant Champions 2026
XLG,NS,24300,25900,8,1.7k,15.8k,Summit,2026-10-01 08:05:00,https://www.vlr.gg/753462/xi-lai-gaming-vs-nongshim-redforce-valorant-champions-2026-elim-d,Valorant Champions 2026
XLG,NS,7950,26500,9,9.9k,24.5k,Summit,2026-10-01 08:05:00,https://www.vlr.gg/753462/xi-lai-gaming-vs-nongshim-redforce-valorant-champions-2026-elim-d,Valorant Champions 2026
XLG,NS,25650,25100,10,9.6k,10.3k,Summit,2026-10-01 08:05:00,https://www.vlr.gg/753462/xi-lai-gaming-vs-nongshim-redforce-valorant-champions-2026-elim-d,Valorant Champions 2026
XLG,NS,26550,18900,11,15.1k,5.1k,Summit,2026-10-01 08:05:00,https://www.vlr.gg/753462/xi-lai-gaming-vs-nongshim-redforce-valorant-champions-2026-elim-d,Valorant Champions 2026
XLG,NS,23900,24200,12,3.7k,6.8k,Summit,2026-10-01 08:05:00,https://www.vlr.gg/753462/xi-lai-gaming-vs-nongshim-redforce-valorant-champions-2026-elim-d,Valorant Champions 2026
XLG,NS,4100,3200,13,0.1k,0.6k,Summit,2026-10-01 08:05:00,https://www.vlr.gg/753462/xi-lai-gaming-vs-nongshim-redforce-valorant-champions-2026-elim-d,Valorant Champions 2026
XLG,NS,14700,3800,14,2.8k,7.5k,Summit,2026-10-01 08:05:00,https://www.vlr.gg/753462/xi-lai-gaming-vs-nongshim-redforce-valorant-champions-2026-elim-d,Valorant Champions 2026
XLG,NS,11750,20950,15,14.4k,0.6k,Summit,2026-10-01 08:05:00,https://www.vlr.gg/753462/xi-lai-gaming-vs-nongshim-redforce-valorant-champions-2026-elim-d,Valorant Champions 2026
XLG,NS,24450,22200,16,2.0k,8.0k,Summit,2026-10-01 08:05:00,https://www.vlr.gg/753462/xi-lai-gaming-vs-nongshim-redforce-valorant-champions-2026-elim-d,Valorant Champions 2026
XLG,NS,24550,15300,17,11.2k,4.3k,Summit,2026-10-01 08:05:00,https://www.vlr.gg/753462/xi-lai-gaming-vs-nongshim-redforce-valorant-champions-2026-elim-d,Valorant Champions 2026
XLG,NS,21100,24700,18,2.5k,12.0k,Summit,2026-10-01 08:05:00,https://www.vlr.gg/753462/xi-lai-gaming-vs-nongshim-redforce-valorant-champions-2026-elim-d,Valorant Champions 2026
XLG,NS,11600,24800,19,8.4k,9.2k,Summit,2026-10-01 08:05:00,https://www.vlr.gg/753462/xi-lai-gaming-vs-nongshim-redforce-valorant-champions-2026-elim-d,Valorant Champions 2026
XLG,NS,22700,25400,20,3.3k,12.7k,Summit,2026-10-01 08:05:00,https://www.vlr.gg/753462/xi-lai-gaming-vs-nongshim-redforce-valorant-champions-2026-elim-d,Valorant Champions 2026
XLG,NS,12400,25700,21,9.5k,17.0k,Summit,2026-10-01 08:05:00,https://www.vlr.gg/753462/xi-lai-gaming-vs-nongshim-redforce-valorant-champions-2026-elim-d,Valorant Champions 2026
XLG,NS,23700,26000,22,1.6k,22.1k,Summit,2026-10-01 08:05:00,https://www.vlr.gg/753462/xi-lai-gaming-vs-nongshim-redforce-valorant-champions-2026-elim-d,Valorant Champions 2026
XLG,NS,24900,25400,23,5.5k,8.4k,Summit,2026-10-01 08:05:00,https://www.vlr.gg/753462/xi-lai-gaming-vs-nongshim-redforce-valorant-champions-2026-elim-d,Valorant Champions 2026
XLG,NS,17400,24500,24,0.8k,17.4k,Summit,2026-10-01 08:05:00,https://www.vlr.gg/753462/xi-lai-gaming-vs-nongshim-redforce-valorant-champions-2026-elim-d,Valorant Champions 2026
XLG,NS,3900,3900,1,0.1k,0.1k,Sunset,2026-10-01 08:05:00,https://www.vlr.gg/753462/xi-lai-gaming-vs-nongshim-redforce-valorant-champions-2026-elim-d,Valorant Champions 2026
XLG,NS,15750,3700,2,3.7k,7.5k,Sunset,2026-10-01 08:05:00,https://www.vlr.gg/753462/xi-lai-gaming-vs-nongshim-redforce-valorant-champions-2026-elim-d,Valorant Champions 2026
XLG,NS,17750,19750,3,11.8k,0.8k,Sunset,2026-10-01 08:05:00,https://www.vlr.gg/753462/xi-lai-gaming-vs-nongshim-redforce-valorant-champions-2026-elim-d,Valorant Champions 2026
XLG,NS,20700,9100,4,2.1k,11.2k,Sunset,2026-10-01 08:05:00,https://www.vlr.gg/753462/xi-lai-gaming-vs-nongshim-redforce-valorant-champions-2026-elim-d,Valorant Champions 2026
XLG,NS,20800,20850,5,4.3k,1.5k,Sunset,2026-10-01 08:05:00,https://www.vlr.gg/753462/xi-lai-gaming-vs-nongshim-redforce-valorant-champions-2026-elim-d,Valorant Champions 2026
XLG,NS,22150,5650,6,6.5k,8.7k,Sunset,2026-10-01 08:05:00,https://www.vlr.gg/753462/xi-lai-gaming-vs-nongshim-redforce-valorant-champions-2026-elim-d,Valorant Champions 2026
XLG,NS,22800,22950,7,7.9k,1.9k,Sunset,2026-10-01 08:05:00,https://www.vlr.gg/753462/xi-lai-gaming-vs-nongshim-redforce-valorant-champions-2026-elim-d,Valorant Champions 2026
XLG,NS,23100,15900,8,17.3k,8.1k,Sunset,2026-10-01 08:05:00,https://www.vlr.gg/753462/xi-lai-gaming-vs-nongshim-redforce-valorant-champions-2026-elim-d,Valorant Champions 2026
XLG,NS,22650,24450,9,6.8k,9.0k,Sunset,2026-10-01 08:05:00,https://www.vlr.gg/753462/xi-lai-gaming-vs-nongshim-redforce-valorant-champions-2026-elim-d,Valorant Champions 2026
XLG,NS,11250,23950,10,9.3k,16.3k,Sunset,2026-10-01 08:05:00,https://www.vlr.gg/753462/xi-lai-gaming-vs-nongshim-redforce-valorant-champions-2026-elim-d,Valorant Champions 2026
XLG,NS,23200,25250,11,2.1k,20.9k,Sunset,2026-10-01 08:05:00,https://www.vlr.gg/753462/xi-lai-gaming-vs-nongshim-redforce-valorant-champions-2026-elim-d,Valorant Champions 2026
XLG,NS,17400,25550,12,0.4k,26.0k,Sunset,2026-10-01 08:05:00,https://www.vlr.gg/753462/xi-lai-gaming-vs-nongshim-redforce-valorant-champions-2026-elim-d,Valorant Champions 2026
XLG,NS,4000,3550,13,0.1k,0.6k,Sunset,2026-10-01 08:05:00,https://www.vlr.gg/753462/xi-lai-gaming-vs-nongshim-redforce-valorant-champions-2026-elim-d,Valorant Champions 2026
XLG,NS,2550,14050,14,8.2k,5.1k,Sunset,2026-10-01 08:05:00,https://www.vlr.gg/753462/xi-lai-gaming-vs-nongshim-redforce-valorant-champions-2026-elim-d,Valorant Champions 2026
XLG,NS,21350,10750,15,8.3k,7.9k,Sunset,2026-10-01 08:05:00,https://www.vlr.gg/753462/xi-lai-gaming-vs-nongshim-redforce-valorant-champions-2026-elim-d,Valorant Champions 2026
XLG,NS,13550,23950,16,8.8k,11.4k,Sunset,2026-10-01 08:05:00,https://www.vlr.gg/753462/xi-lai-gaming-vs-nongshim-redforce-valorant-champions-2026-elim-d,Valorant Champions 2026
XLG,NS,21300,23450,17,0.6k,15.4k,Sunset,2026-10-01 08:05:00,https://www.vlr.gg/753462/xi-lai-gaming-vs-nongshim-redforce-valorant-champions-2026-elim-d,Valorant Champions 2026
XLG,NS,19700,22550,18,1.9k,4.9k,Sunset,2026-10-01 08:05:00,https://www.vlr.gg/753462/xi-lai-gaming-vs-nongshim-redforce-valorant-champions-2026-elim-d,Valorant Champions 2026
XLG,NS,24100,11800,19,10.2k,6.9k,Sunset,2026-10-01 08:05:00,https://www.vlr.gg/753462/xi-lai-gaming-vs-nongshim-redforce-valorant-champions-2026-elim-d,Valorant Champions 2026
XLG,NS,25550,21750,20,20.5k,0.8k,Sunset,2026-10-01 08:05:00,https://www.vlr.gg/753462/xi-lai-gaming-vs-nongshim-redforce-valorant-champions-2026-elim-d,Valorant Champions 2026
XLG,NS,24050,19900,21,7.7k,2.5k,Sunset,2026-10-01 08:05:00,https://www.vlr.gg/753462/xi-lai-gaming-vs-nongshim-redforce-valorant-champions-2026-elim-d,Valorant Champions 2026
XLG,NS,18900,22700,22,1.4k,10.6k,Sunset,2026-10-01 08:05:00,https://www.vlr.gg/753462/xi-lai-gaming-vs-nongshim-redforce-valorant-champions-2026-elim-d,Valorant Champions 2026
XLG,NS,21200,20150,23,5.6k,1.8k,Sunset,2026-10-01 08:05:00,https://www.vlr.gg/753462/xi-lai-gaming-vs-nongshim-redforce-valorant-champions-2026-elim-d,Valorant Champions 2026
XLG,NS,15950,23850,24,0.4k,8.5k,Sunset,2026-10-01 08:05:00,https://www.vlr.gg/753462/xi-lai-gaming-vs-nongshim-redforce-valorant-champions-2026-elim-d,Valorant Champions 2026
GE,EDG,3650,4100,1,0.4k,0.2k,Summit,2026-10-02 05:00:00,https://www.vlr.gg/753452/global-esports-vs-edward-gaming-valorant-champions-2026-elim-b,Valorant Champions 2026
GE,EDG,14000,2500,2,5.1k,8.1k,Summit,2026-10-02 05:00:00,https://www.vlr.gg/753452/global-esports-vs-edward-gaming-valorant-champions-2026-elim-b,Valorant Champions 2026
GE,EDG,17000,21200,3,15.0k,0.4k,Summit,2026-10-02 05:00:00,https://www.vlr.gg/753452/global-esports-vs-edward-gaming-valorant-champions-2026-elim-b,Valorant Champions 2026
GE,EDG,23100,10450,4,16.8k,6.9k,Summit,2026-10-02 05:00:00,https://www.vlr.gg/753452/global-esports-vs-edward-gaming-valorant-champions-2026-elim-b,Valorant Champions 2026
GE,EDG,23600,21100,5,15.4k,1.4k,Summit,2026-10-02 05:00:00,https://www.vlr.gg/753452/global-esports-vs-edward-gaming-valorant-champions-2026-elim-b,Valorant Champions 2026
GE,EDG,23600,11450,6,22.6k,9.2k,Summit,2026-10-02 05:00:00,https://www.vlr.gg/753452/global-esports-vs-edward-gaming-valorant-champions-2026-elim-b,Valorant Champions 2026
GE,EDG,24200,23400,7,27.1k,1.7k,Summit,2026-10-02 05:00:00,https://www.vlr.gg/753452/global-esports-vs-edward-gaming-valorant-champions-2026-elim-b,Valorant Champions 2026
GE,EDG,25400,19600,8,29.0k,4.3k,Summit,2026-10-02 05:00:00,https://www.vlr.gg/753452/global-esports-vs-edward-gaming-valorant-champions-2026-elim-b,Valorant Champions 2026
GE,EDG,23000,25750,9,14.5k,5.0k,Summit,2026-10-02 05:00:00,https://www.vlr.gg/753452/global-esports-vs-edward-gaming-valorant-champions-2026-elim-b,Valorant Champions 2026
GE,EDG,22650,24150,10,6.9k,5.5k,Summit,2026-10-02 05:00:00,https://www.vlr.gg/753452/global-esports-vs-edward-gaming-valorant-champions-2026-elim-b,Valorant Champions 2026
GE,EDG,16750,25150,11,7.4k,15.5k,Summit,2026-10-02 05:00:00,https://www.vlr.gg/753452/global-esports-vs-edward-gaming-valorant-champions-2026-elim-b,Valorant Champions 2026
GE,EDG,23100,25000,12,9.5k,3.7k,Summit,2026-10-02 05:00:00,https://www.vlr.gg/753452/global-esports-vs-edward-gaming-valorant-champions-2026-elim-b,Valorant Champions 2026
GE,EDG,3500,3900,13,0.2k,0.4k,Summit,2026-10-02 05:00:00,https://www.vlr.gg/753452/global-esports-vs-edward-gaming-valorant-champions-2026-elim-b,Valorant Champions 2026
GE,EDG,16950,2500,14,0.4k,8.5k,Summit,2026-10-02 05:00:00,https://www.vlr.gg/753452/global-esports-vs-edward-gaming-valorant-champions-2026-elim-b,Valorant Champions 2026
GE,EDG,17850,21200,15,13.6k,0.4k,Summit,2026-10-02 05:00:00,https://www.vlr.gg/753452/global-esports-vs-edward-gaming-valorant-champions-2026-elim-b,Valorant Champions 2026
GE,EDG,22300,10800,16,14.1k,5.9k,Summit,2026-10-02 05:00:00,https://www.vlr.gg/753452/global-esports-vs-edward-gaming-valorant-champions-2026-elim-b,Valorant Champions 2026
GE,EDG,14500,22900,17,10.9k,4.8k,Summit,2026-10-02 05:00:00,https://www.vlr.gg/753452/global-esports-vs-edward-gaming-valorant-champions-2026-elim-b,Valorant Champions 2026
GE,EDG,22250,18050,18,8.0k,0.3k,Summit,2026-10-02 05:00:00,https://www.vlr.gg/753452/global-esports-vs-edward-gaming-valorant-champions-2026-elim-b,Valorant Champions 2026
GE,EDG,3850,3700,1,0.1k,0.3k,Sunset,2026-10-02 05:00:00,https://www.vlr.gg/753452/global-esports-vs-edward-gaming-valorant-champions-2026-elim-b,Valorant Champions 2026
GE,EDG,2150,15250,2,8.5k,4.7k,Sunset,2026-10-02 05:00:00,https://www.vlr.gg/753452/global-esports-vs-edward-gaming-valorant-champions-2026-elim-b,Valorant Champions 2026
GE,EDG,21900,17950,3,0.4k,13.1k,Sunset,2026-10-02 05:00:00,https://www.vlr.gg/753452/global-esports-vs-edward-gaming-valorant-champions-2026-elim-b,Valorant Champions 2026
GE,EDG,8650,22850,4,8.6k,14.9k,Sunset,2026-10-02 05:00:00,https://www.vlr.gg/753452/global-esports-vs-edward-gaming-valorant-champions-2026-elim-b,Valorant Champions 2026
GE,EDG,24550,20800,5,9.4k,6.4k,Sunset,2026-10-02 05:00:00,https://www.vlr.gg/753452/global-esports-vs-edward-gaming-valorant-champions-2026-elim-b,Valorant Champions 2026
GE,EDG,25750,11050,6,12.4k,8.7k,Sunset,2026-10-02 05:00:00,https://www.vlr.gg/753452/global-esports-vs-edward-gaming-valorant-champions-2026-elim-b,Valorant Champions 2026
GE,EDG,26050,21900,7,15.7k,2.8k,Sunset,2026-10-02 05:00:00,https://www.vlr.gg/753452/global-esports-vs-edward-gaming-valorant-champions-2026-elim-b,Valorant Champions 2026
GE,EDG,22850,10900,8,22.5k,8.2k,Sunset,2026-10-02 05:00:00,https://www.vlr.gg/753452/global-esports-vs-edward-gaming-valorant-champions-2026-elim-b,Valorant Champions 2026
GE,EDG,23000,21900,9,30.8k,3.3k,Sunset,2026-10-02 05:00:00,https://www.vlr.gg/753452/global-esports-vs-edward-gaming-valorant-champions-2026-elim-b,Valorant Champions 2026
GE,EDG,25050,21250,10,16.8k,4.5k,Sunset,2026-10-02 05:00:00,https://www.vlr.gg/753452/global-esports-vs-edward-gaming-valorant-champions-2026-elim-b,Valorant Champions 2026
GE,EDG,25350,8950,11,23.0k,6.9k,Sunset,2026-10-02 05:00:00,https://www.vlr.gg/753452/global-esports-vs-edward-gaming-valorant-champions-2026-elim-b,Valorant Champions 2026
GE,EDG,25700,20900,12,16.0k,0.7k,Sunset,2026-10-02 05:00:00,https://www.vlr.gg/753452/global-esports-vs-edward-gaming-valorant-champions-2026-elim-b,Valorant Champions 2026
GE,EDG,4000,3550,13,0.2k,0.3k,Sunset,2026-10-02 05:00:00,https://www.vlr.gg/753452/global-esports-vs-edward-gaming-valorant-champions-2026-elim-b,Valorant Champions 2026
GE,EDG,14650,2350,14,4.7k,8.3k,Sunset,2026-10-02 05:00:00,https://www.vlr.gg/753452/global-esports-vs-edward-gaming-valorant-champions-2026-elim-b,Valorant Champions 2026
GE,EDG,17800,21300,15,14.4k,0.1k,Sunset,2026-10-02 05:00:00,https://www.vlr.gg/753452/global-esports-vs-edward-gaming-valorant-champions-2026-elim-b,Valorant Champions 2026
GE,EDG,23000,20450,16,4.2k,6.5k,Sunset,2026-10-02 05:00:00,https://www.vlr.gg/753452/global-esports-vs-edward-gaming-valorant-champions-2026-elim-b,Valorant Champions 2026
GE,EDG,23150,6550,17,12.7k,10.7k,Sunset,2026-10-02 05:00:00,https://www.vlr.gg/753452/global-esports-vs-edward-gaming-valorant-champions-2026-elim-b,Valorant Champions 2026
GE,EDG,23950,21600,18,18.2k,1.8k,Sunset,2026-10-02 05:00:00,https://www.vlr.gg/753452/global-esports-vs-edward-gaming-valorant-champions-2026-elim-b,Valorant Champions 2026
GE,EDG,23350,18050,19,24.9k,0.4k,Sunset,2026-10-02 05:00:00,https://www.vlr.gg/753452/global-esports-vs-edward-gaming-valorant-champions-2026-elim-b,Valorant Champions 2026
T1,JDG,3650,3750,1,0.1k,0.2k,Lotus,2026-10-02 07:00:00,https://www.vlr.gg/753447/t1-vs-jd-gaming-valorant-champions-2026-elim-a,Valorant Champions 2026
T1,JDG,2750,16950,2,7.7k,2.8k,Lotus,2026-10-02 07:00:00,https://www.vlr.gg/753447/t1-vs-jd-gaming-valorant-champions-2026-elim-a,Valorant Champions 2026
T1,JDG,20950,20350,3,0.4k,12.4k,Lotus,2026-10-02 07:00:00,https://www.vlr.gg/753447/t1-vs-jd-gaming-valorant-champions-2026-elim-a,Valorant Champions 2026
T1,JDG,19900,21650,4,3.3k,2.7k,Lotus,2026-10-02 07:00:00,https://www.vlr.gg/753447/t1-vs-jd-gaming-valorant-champions-2026-elim-a,Valorant Champions 2026
T1,JDG,11200,22850,5,7.9k,14.5k,Lotus,2026-10-02 07:00:00,https://www.vlr.gg/753447/t1-vs-jd-gaming-valorant-champions-2026-elim-a,Valorant Champions 2026
T1,JDG,24350,22250,6,10.4k,4.2k,Lotus,2026-10-02 07:00:00,https://www.vlr.gg/753447/t1-vs-jd-gaming-valorant-champions-2026-elim-a,Valorant Champions 2026
T1,JDG,24350,22550,7,7.4k,17.1k,Lotus,2026-10-02 07:00:00,https://www.vlr.gg/753447/t1-vs-jd-gaming-valorant-champions-2026-elim-a,Valorant Champions 2026
T1,JDG,24650,24450,8,13.2k,3.0k,Lotus,2026-10-02 07:00:00,https://www.vlr.gg/753447/t1-vs-jd-gaming-valorant-champions-2026-elim-a,Valorant Champions 2026
T1,JDG,25250,13300,9,18.2k,7.5k,Lotus,2026-10-02 07:00:00,https://www.vlr.gg/753447/t1-vs-jd-gaming-valorant-champions-2026-elim-a,Valorant Champions 2026
T1,JDG,24650,25250,10,11.8k,11.9k,Lotus,2026-10-02 07:00:00,https://www.vlr.gg/753447/t1-vs-jd-gaming-valorant-champions-2026-elim-a,Valorant Champions 2026
T1,JDG,22300,25250,11,3.0k,12.3k,Lotus,2026-10-02 07:00:00,https://www.vlr.gg/753447/t1-vs-jd-gaming-valorant-champions-2026-elim-a,Valorant Champions 2026
T1,JDG,25850,19800,12,4.6k,3.3k,Lotus,2026-10-02 07:00:00,https://www.vlr.gg/753447/t1-vs-jd-gaming-valorant-champions-2026-elim-a,Valorant Champions 2026
T1,JDG,3650,2750,13,0.3k,0.4k,Lotus,2026-10-02 07:00:00,https://www.vlr.gg/753447/t1-vs-jd-gaming-valorant-champions-2026-elim-a,Valorant Champions 2026
T1,JDG,3950,14900,14,8.9k,2.1k,Lotus,2026-10-02 07:00:00,https://www.vlr.gg/753447/t1-vs-jd-gaming-valorant-champions-2026-elim-a,Valorant Champions 2026
T1,JDG,22650,12950,15,1.7k,13.0k,Lotus,2026-10-02 07:00:00,https://www.vlr.gg/753447/t1-vs-jd-gaming-valorant-champions-2026-elim-a,Valorant Champions 2026
T1,JDG,10250,24350,16,9.2k,14.2k,Lotus,2026-10-02 07:00:00,https://www.vlr.gg/753447/t1-vs-jd-gaming-valorant-champions-2026-elim-a,Valorant Champions 2026
T1,JDG,23950,25150,17,2.9k,15.3k,Lotus,2026-10-02 07:00:00,https://www.vlr.gg/753447/t1-vs-jd-gaming-valorant-champions-2026-elim-a,Valorant Champions 2026
T1,JDG,21350,25150,18,5.3k,28.4k,Lotus,2026-10-02 07:00:00,https://www.vlr.gg/753447/t1-vs-jd-gaming-valorant-champions-2026-elim-a,Valorant Champions 2026
T1,JDG,25150,23200,19,7.4k,15.7k,Lotus,2026-10-02 07:00:00,https://www.vlr.gg/753447/t1-vs-jd-gaming-valorant-champions-2026-elim-a,Valorant Champions 2026
T1,JDG,25750,19350,20,17.6k,9.3k,Lotus,2026-10-02 07:00:00,https://www.vlr.gg/753447/t1-vs-jd-gaming-valorant-champions-2026-elim-a,Valorant Champions 2026
T1,JDG,20950,20950,21,19.9k,3.1k,Lotus,2026-10-02 07:00:00,https://www.vlr.gg/753447/t1-vs-jd-gaming-valorant-champions-2026-elim-a,Valorant Champions 2026
T1,JDG,25450,12650,22,15.3k,6.0k,Lotus,2026-10-02 07:00:00,https://www.vlr.gg/753447/t1-vs-jd-gaming-valorant-champions-2026-elim-a,Valorant Champions 2026
T1,JDG,26050,22150,23,21.2k,0.8k,Lotus,2026-10-02 07:00:00,https://www.vlr.gg/753447/t1-vs-jd-gaming-valorant-champions-2026-elim-a,Valorant Champions 2026
T1,JDG,25750,15350,24,19.1k,0.4k,Lotus,2026-10-02 07:00:00,https://www.vlr.gg/753447/t1-vs-jd-gaming-valorant-champions-2026-elim-a,Valorant Champions 2026
T1,JDG,4300,4300,1,0.1k,0.0k,Abyss,2026-10-02 07:00:00,https://www.vlr.gg/753447/t1-vs-jd-gaming-valorant-champions-2026-elim-a,Valorant Champions 2026
T1,JDG,1950,17750,2,8.5k,1.0k,Abyss,2026-10-02 07:00:00,https://www.vlr.gg/753447/t1-vs-jd-gaming-valorant-champions-2026-elim-a,Valorant Champions 2026
T1,JDG,22150,18850,3,0.3k,14.4k,Abyss,2026-10-02 07:00:00,https://www.vlr.gg/753447/t1-vs-jd-gaming-valorant-champions-2026-elim-a,Valorant Champions 2026
T1,JDG,21050,22800,4,7.0k,2.3k,Abyss,2026-10-02 07:00:00,https://www.vlr.gg/753447/t1-vs-jd-gaming-valorant-champions-2026-elim-a,Valorant Champions 2026
T1,JDG,8350,19750,5,10.9k,3.0k,Abyss,2026-10-02 07:00:00,https://www.vlr.gg/753447/t1-vs-jd-gaming-valorant-champions-2026-elim-a,Valorant Champions 2026
T1,JDG,23650,3200,6,18.4k,10.0k,Abyss,2026-10-02 07:00:00,https://www.vlr.gg/753447/t1-vs-jd-gaming-valorant-champions-2026-elim-a,Valorant Champions 2026
T1,JDG,24100,22200,7,29.1k,0.9k,Abyss,2026-10-02 07:00:00,https://www.vlr.gg/753447/t1-vs-jd-gaming-valorant-champions-2026-elim-a,Valorant Champions 2026
T1,JDG,24250,23900,8,17.0k,5.0k,Abyss,2026-10-02 07:00:00,https://www.vlr.gg/753447/t1-vs-jd-gaming-valorant-champions-2026-elim-a,Valorant Champions 2026
T1,JDG,23650,23200,9,9.1k,3.3k,Abyss,2026-10-02 07:00:00,https://www.vlr.gg/753447/t1-vs-jd-gaming-valorant-champions-2026-elim-a,Valorant Champions 2026
T1,JDG,23650,24400,10,5.2k,16.1k,Abyss,2026-10-02 07:00:00,https://www.vlr.gg/753447/t1-vs-jd-gaming-valorant-champions-2026-elim-a,Valorant Champions 2026
T1,JDG,21100,25400,11,1.9k,19.3k,Abyss,2026-10-02 07:00:00,https://www.vlr.gg/753447/t1-vs-jd-gaming-valorant-champions-2026-elim-a,Valorant Champions 2026
T1,JDG,18650,24300,12,0.3k,23.7k,Abyss,2026-10-02 07:00:00,https://www.vlr.gg/753447/t1-vs-jd-gaming-valorant-champions-2026-elim-a,Valorant Champions 2026
T1,JDG,4250,3950,13,0.0k,0.2k,Abyss,2026-10-02 07:00:00,https://www.vlr.gg/753447/t1-vs-jd-gaming-valorant-champions-2026-elim-a,Valorant Champions 2026
T1,JDG,1800,20600,14,8.8k,0.6k,Abyss,2026-10-02 07:00:00,https://www.vlr.gg/753447/t1-vs-jd-gaming-valorant-champions-2026-elim-a,Valorant Champions 2026
T1,JDG,21800,21100,15,0.8k,14.5k,Abyss,2026-10-02 07:00:00,https://www.vlr.gg/753447/t1-vs-jd-gaming-valorant-champions-2026-elim-a,Valorant Champions 2026
T1,JDG,17200,24050,16,0.6k,11.6k,Abyss,2026-10-02 07:00:00,https://www.vlr.gg/753447/t1-vs-jd-gaming-valorant-champions-2026-elim-a,Valorant Champions 2026
T1,JDG,4400,3950,1,0.0k,0.0k,Haven,2026-10-02 07:00:00,https://www.vlr.gg/753447/t1-vs-jd-gaming-valorant-champions-2026-elim-a,Valorant Champions 2026
T1,JDG,2000,16450,2,8.2k,3.2k,Haven,2026-10-02 07:00:00,https://www.vlr.gg/753447/t1-vs-jd-gaming-valorant-champions-2026-elim-a,Valorant Champions 2026
T1,JDG,21800,19150,3,0.3k,11.7k,Haven,2026-10-02 07:00:00,https://www.vlr.gg/753447/t1-vs-jd-gaming-valorant-champions-2026-elim-a,Valorant Champions 2026
T1,JDG,21450,20200,4,7.0k,0.9k,Haven,2026-10-02 07:00:00,https://www.vlr.gg/753447/t1-vs-jd-gaming-valorant-champions-2026-elim-a,Valorant Champions 2026
T1,JDG,23200,13250,5,17.9k,6.1k,Haven,2026-10-02 07:00:00,https://www.vlr.gg/753447/t1-vs-jd-gaming-valorant-champions-2026-elim-a,Valorant Champions 2026
T1,JDG,23600,24750,6,27.8k,4.4k,Haven,2026-10-02 07:00:00,https://www.vlr.gg/753447/t1-vs-jd-gaming-valorant-champions-2026-elim-a,Valorant Champions 2026
T1,JDG,23300,22650,7,16.4k,9.3k,Haven,2026-10-02 07:00:00,https://www.vlr.gg/753447/t1-vs-jd-gaming-valorant-champions-2026-elim-a,Valorant Champions 2026
T1,JDG,23900,10650,8,25.5k,9.2k,Haven,2026-10-02 07:00:00,https://www.vlr.gg/753447/t1-vs-jd-gaming-valorant-champions-2026-elim-a,Valorant Champions 2026
T1,JDG,24100,21250,9,27.5k,1.0k,Haven,2026-10-02 07:00:00,https://www.vlr.gg/753447/t1-vs-jd-gaming-valorant-champions-2026-elim-a,Valorant Champions 2026
T1,JDG,24200,9250,10,34.2k,7.6k,Haven,2026-10-02 07:00:00,https://www.vlr.gg/753447/t1-vs-jd-gaming-valorant-champions-2026-elim-a,Valorant Champions 2026
T1,JDG,24200,21650,11,37.7k,1.7k,Haven,2026-10-02 07:00:00,https://www.vlr.gg/753447/t1-vs-jd-gaming-valorant-champions-2026-elim-a,Valorant Champions 2026
T1,JDG,28000,21850,12,12.4k,7.0k,Haven,2026-10-02 07:00:00,https://www.vlr.gg/753447/t1-vs-jd-gaming-valorant-champions-2026-elim-a,Valorant Champions 2026
T1,JDG,4400,3750,13,0.0k,0.2k,Haven,2026-10-02 07:00:00,https://www.vlr.gg/753447/t1-vs-jd-gaming-valorant-champions-2026-elim-a,Valorant Champions 2026
T1,JDG,16450,11800,14,0.4k,0.4k,Haven,2026-10-02 07:00:00,https://www.vlr.gg/753447/t1-vs-jd-gaming-valorant-champions-2026-elim-a,Valorant Champions 2026
T1,JDG,18150,6500,15,9.2k,7.0k,Haven,2026-10-02 07:00:00,https://www.vlr.gg/753447/t1-vs-jd-gaming-valorant-champions-2026-elim-a,Valorant Champions 2026
T1,JDG,22400,21750,16,11.8k,0.8k,Haven,2026-10-02 07:00:00,https://www.vlr.gg/753447/t1-vs-jd-gaming-valorant-champions-2026-elim-a,Valorant Champions 2026
T1,JDG,23300,22200,17,3.0k,5.6k,Haven,2026-10-02 07:00:00,https://www.vlr.gg/753447/t1-vs-jd-gaming-valorant-champions-2026-elim-a,Valorant Champions 2026
T1,JDG,20800,17500,18,2.9k,0.4k,Haven,2026-10-02 07:00:00,https://www.vlr.gg/753447/t1-vs-jd-gaming-valorant-champions-2026-elim-a,Valorant Champions 2026
