player,team,2K,3K,4K,5K,1v1,1v2,1v3,1v4,1v5,ECON,PL,DE,map,date,source_url,event
Victor,SEN,7,0,0,0,0,0,0,0,0,47,1,1,all,2026-04-10 17:00:00,https://www.vlr.gg/645474/sentinels-vs-kr-esports-vct-2026-americas-stage-1-w1,VCT 2026: Americas Stage 1
johnqt,SEN,6,2,1,0,0,0,0,0,0,59,4,0,all,2026-04-10 17:00:00,https://www.vlr.gg/645474/sentinels-vs-kr-esports-vct-2026-americas-stage-1-w1,VCT 2026: Americas Stage 1
JonahP,SEN,3,0,0,0,0,0,0,0,0,38,4,0,all,2026-04-10 17:00:00,https://www.vlr.gg/645474/sentinels-vs-kr-esports-vct-2026-americas-stage-1-w1,VCT 2026: Americas Stage 1
cortezia,SEN,4,0,1,0,2,0,0,0,0,44,4,0,all,2026-04-10 17:00:00,https://www.vlr.gg/645474/sentinels-vs-kr-esports-vct-2026-americas-stage-1-w1,VCT 2026: Americas Stage 1
Reduxx,SEN,3,0,3,0,1,0,0,0,0,54,1,1,all,2026-04-10 17:00:00,https://www.vlr.gg/645474/sentinels-vs-kr-esports-vct-2026-americas-stage-1-w1,VCT 2026: Americas Stage 1
saadhak,KRÜ,5,4,0,0,0,0,0,0,0,62,2,2,all,2026-04-10 17:00:00,https://www.vlr.gg/645474/sentinels-vs-kr-esports-vct-2026-americas-stage-1-w1,VCT 2026: Americas Stage 1
mwzera,KRÜ,5,0,0,1,0,0,0,0,0,62,9,2,all,2026-04-10 17:00:00,https://www.vlr.gg/645474/sentinels-vs-kr-esports-vct-2026-americas-stage-1-w1,VCT 2026: Americas Stage 1
Less,KRÜ,5,4,1,0,1,0,0,0,0,67,0,0,all,2026-04-10 17:00:00,https://www.vlr.gg/645474/sentinels-vs-kr-esports-vct-2026-americas-stage-1-w1,VCT 2026: Americas Stage 1
silentzz,KRÜ,1,3,0,1,1,1,0,0,0,48,1,2,all,2026-04-10 17:00:00,https://www.vlr.gg/645474/sentinels-vs-kr-esports-vct-2026-americas-stage-1-w1,VCT 2026: Americas Stage 1
Dantedeu5,KRÜ,4,5,1,0,0,0,0,0,0,49,1,0,all,2026-04-10 17:00:00,https://www.vlr.gg/645474/sentinels-vs-kr-esports-vct-2026-americas-stage-1-w1,VCT 2026: Americas Stage 1
Victor,SEN,3,0,0,0,0,0,0,0,0,47,0,1,Lotus,2026-04-10 17:00:00,https://www.vlr.gg/645474/sentinels-vs-kr-esports-vct-2026-americas-stage-1-w1,VCT 2026: Americas Stage 1
johnqt,SEN,2,1,0,0,0,0,0,0,0,43,2,0,Lotus,2026-04-10 17:00:00,https://www.vlr.gg/645474/sentinels-vs-kr-esports-vct-2026-americas-stage-1-w1,VCT 2026: Americas Stage 1
JonahP,SEN,1,0,0,0,0,0,0,0,0,33,2,0,Lotus,2026-04-10 17:00:00,https://www.vlr.gg/645474/sentinels-vs-kr-esports-vct-2026-americas-stage-1-w1,VCT 2026: Americas Stage 1
cortezia,SEN,2,0,1,0,0,0,0,0,0,54,2,0,Lotus,2026-04-10 17:00:00,https://www.vlr.gg/645474/sentinels-vs-kr-esports-vct-2026-americas-stage-1-w1,VCT 2026: Americas Stage 1
Reduxx,SEN,1,0,1,0,0,0,0,0,0,64,0,0,Lotus,2026-04-10 17:00:00,https://www.vlr.gg/645474/sentinels-vs-kr-esports-vct-2026-americas-stage-1-w1,VCT 2026: Americas Stage 1
saadhak,KRÜ,0,2,0,0,0,0,0,0,0,57,2,1,Lotus,2026-04-10 17:00:00,https://www.vlr.gg/645474/sentinels-vs-kr-esports-vct-2026-americas-stage-1-w1,VCT 2026: Americas Stage 1
mwzera,KRÜ,1,0,0,1,0,0,0,0,0,57,4,0,Lotus,2026-04-10 17:00:00,https://www.vlr.gg/645474/sentinels-vs-kr-esports-vct-2026-americas-stage-1-w1,VCT 2026: Americas Stage 1
Less,KRÜ,3,2,0,0,0,0,0,0,0,81,0,0,Lotus,2026-04-10 17:00:00,https://www.vlr.gg/645474/sentinels-vs-kr-esports-vct-2026-americas-stage-1-w1,VCT 2026: Americas Stage 1
silentzz,KRÜ,1,1,0,1,0,0,0,0,0,53,0,1,Lotus,2026-04-10 17:00:00,https://www.vlr.gg/645474/sentinels-vs-kr-esports-vct-2026-americas-stage-1-w1,VCT 2026: Americas Stage 1
Dantedeu5,KRÜ,2,3,0,0,0,0,0,0,0,54,0,0,Lotus,2026-04-10 17:00:00,https://www.vlr.gg/645474/sentinels-vs-kr-esports-vct-2026-americas-stage-1-w1,VCT 2026: Americas Stage 1
Victor,SEN,4,0,0,0,0,0,0,0,0,46,1,0,Breeze,2026-04-10 17:00:00,https://www.vlr.gg/645474/sentinels-vs-kr-esports-vct-2026-americas-stage-1-w1,VCT 2026: Americas Stage 1
johnqt,SEN,4,1,1,0,0,0,0,0,0,75,2,0,Breeze,2026-04-10 17:00:00,https://www.vlr.gg/645474/sentinels-vs-kr-esports-vct-2026-americas-stage-1-w1,VCT 2026: Americas Stage 1
JonahP,SEN,2,0,0,0,0,0,0,0,0,42,2,0,Breeze,2026-04-10 17:00:00,https://www.vlr.gg/645474/sentinels-vs-kr-esports-vct-2026-americas-stage-1-w1,VCT 2026: Americas Stage 1
cortezia,SEN,2,0,0,0,2,0,0,0,0,33,2,0,Breeze,2026-04-10 17:00:00,https://www.vlr.gg/645474/sentinels-vs-kr-esports-vct-2026-americas-stage-1-w1,VCT 2026: Americas Stage 1
Reduxx,SEN,2,0,2,0,1,0,0,0,0,43,1,1,Breeze,2026-04-10 17:00:00,https://www.vlr.gg/645474/sentinels-vs-kr-esports-vct-2026-americas-stage-1-w1,VCT 2026: Americas Stage 1
saadhak,KRÜ,5,2,0,0,0,0,0,0,0,66,0,1,Breeze,2026-04-10 17:00:00,https://www.vlr.gg/645474/sentinels-vs-kr-esports-vct-2026-americas-stage-1-w1,VCT 2026: Americas Stage 1
mwzera,KRÜ,4,0,0,0,0,0,0,0,0,67,5,2,Breeze,2026-04-10 17:00:00,https://www.vlr.gg/645474/sentinels-vs-kr-esports-vct-2026-americas-stage-1-w1,VCT 2026: Americas Stage 1
Less,KRÜ,2,2,1,0,1,0,0,0,0,53,0,0,Breeze,2026-04-10 17:00:00,https://www.vlr.gg/645474/sentinels-vs-kr-esports-vct-2026-americas-stage-1-w1,VCT 2026: Americas Stage 1
silentzz,KRÜ,0,2,0,0,1,1,0,0,0,43,1,1,Breeze,2026-04-10 17:00:00,https://www.vlr.gg/645474/sentinels-vs-kr-esports-vct-2026-americas-stage-1-w1,VCT 2026: Americas Stage 1
Dantedeu5,KRÜ,2,2,1,0,0,0,0,0,0,43,1,0,Breeze,2026-04-10 17:00:00,https://www.vlr.gg/645474/sentinels-vs-kr-esports-vct-2026-americas-stage-1-w1,VCT 2026: Americas Stage 1
BABYBAY,G2,8,2,0,0,1,0,0,0,0,54,1,1,all,2026-04-10 19:40:00,https://www.vlr.gg/645475/g2-esports-vs-mibr-vct-2026-americas-stage-1-w1,VCT 2026: Americas Stage 1
valyn,G2,5,2,0,0,0,0,0,0,0,56,2,1,all,2026-04-10 19:40:00,https://www.vlr.gg/645475/g2-esports-vs-mibr-vct-2026-americas-stage-1-w1,VCT 2026: Americas Stage 1
jawgemo,G2,9,2,0,0,1,0,0,0,0,45,0,1,all,2026-04-10 19:40:00,https://www.vlr.gg/645475/g2-esports-vs-mibr-vct-2026-americas-stage-1-w1,VCT 2026: Americas Stage 1
leaf,G2,6,0,0,0,0,0,0,0,0,40,0,0,all,2026-04-10 19:40:00,https://www.vlr.gg/645475/g2-esports-vs-mibr-vct-2026-americas-stage-1-w1,VCT 2026: Americas Stage 1
trent,G2,7,0,0,0,2,0,0,0,0,44,14,1,all,2026-04-10 19:40:00,https://www.vlr.gg/645475/g2-esports-vs-mibr-vct-2026-americas-stage-1-w1,VCT 2026: Americas Stage 1
tex,MIBR,8,2,2,0,0,0,0,0,0,52,0,1,all,2026-04-10 19:40:00,https://www.vlr.gg/645475/g2-esports-vs-mibr-vct-2026-americas-stage-1-w1,VCT 2026: Americas Stage 1
zekken,MIBR,6,2,3,0,0,0,0,0,0,63,1,2,all,2026-04-10 19:40:00,https://www.vlr.gg/645475/g2-esports-vs-mibr-vct-2026-americas-stage-1-w1,VCT 2026: Americas Stage 1
Mazino,MIBR,6,2,0,0,0,0,0,0,0,43,5,0,all,2026-04-10 19:40:00,https://www.vlr.gg/645475/g2-esports-vs-mibr-vct-2026-americas-stage-1-w1,VCT 2026: Americas Stage 1
aspas,MIBR,8,1,1,0,0,0,0,0,0,45,2,1,all,2026-04-10 19:40:00,https://www.vlr.gg/645475/g2-esports-vs-mibr-vct-2026-americas-stage-1-w1,VCT 2026: Americas Stage 1
Verno,MIBR,8,2,0,0,0,0,0,0,0,44,10,1,all,2026-04-10 19:40:00,https://www.vlr.gg/645475/g2-esports-vs-mibr-vct-2026-americas-stage-1-w1,VCT 2026: Americas Stage 1
BABYBAY,G2,3,1,0,0,1,0,0,0,0,61,0,0,Lotus,2026-04-10 19:40:00,https://www.vlr.gg/645475/g2-esports-vs-mibr-vct-2026-americas-stage-1-w1,VCT 2026: Americas Stage 1
valyn,G2,2,1,0,0,0,0,0,0,0,69,1,1,Lotus,2026-04-10 19:40:00,https://www.vlr.gg/645475/g2-esports-vs-mibr-vct-2026-americas-stage-1-w1,VCT 2026: Americas Stage 1
jawgemo,G2,3,1,0,0,1,0,0,0,0,52,0,1,Lotus,2026-04-10 19:40:00,https://www.vlr.gg/645475/g2-esports-vs-mibr-vct-2026-americas-stage-1-w1,VCT 2026: Americas Stage 1
leaf,G2,1,0,0,0,0,0,0,0,0,33,0,0,Lotus,2026-04-10 19:40:00,https://www.vlr.gg/645475/g2-esports-vs-mibr-vct-2026-americas-stage-1-w1,VCT 2026: Americas Stage 1
trent,G2,4,0,0,0,0,0,0,0,0,50,7,0,Lotus,2026-04-10 19:40:00,https://www.vlr.gg/645475/g2-esports-vs-mibr-vct-2026-americas-stage-1-w1,VCT 2026: Americas Stage 1
tex,MIBR,5,0,0,0,0,0,0,0,0,53,0,0,Lotus,2026-04-10 19:40:00,https://www.vlr.gg/645475/g2-esports-vs-mibr-vct-2026-americas-stage-1-w1,VCT 2026: Americas Stage 1
zekken,MIBR,4,2,2,0,0,0,0,0,0,90,0,0,Lotus,2026-04-10 19:40:00,https://www.vlr.gg/645475/g2-esports-vs-mibr-vct-2026-americas-stage-1-w1,VCT 2026: Americas Stage 1
Mazino,MIBR,1,1,0,0,0,0,0,0,0,45,3,0,Lotus,2026-04-10 19:40:00,https://www.vlr.gg/645475/g2-esports-vs-mibr-vct-2026-americas-stage-1-w1,VCT 2026: Americas Stage 1
aspas,MIBR,5,0,0,0,0,0,0,0,0,44,1,1,Lotus,2026-04-10 19:40:00,https://www.vlr.gg/645475/g2-esports-vs-mibr-vct-2026-americas-stage-1-w1,VCT 2026: Americas Stage 1
Verno,MIBR,3,0,0,0,0,0,0,0,0,44,5,1,Lotus,2026-04-10 19:40:00,https://www.vlr.gg/645475/g2-esports-vs-mibr-vct-2026-americas-stage-1-w1,VCT 2026: Americas Stage 1
BABYBAY,G2,5,1,0,0,0,0,0,0,0,46,1,1,Split,2026-04-10 19:40:00,https://www.vlr.gg/645475/g2-esports-vs-mibr-vct-2026-americas-stage-1-w1,VCT 2026: Americas Stage 1
valyn,G2,3,1,0,0,0,0,0,0,0,43,1,0,Split,2026-04-10 19:40:00,https://www.vlr.gg/645475/g2-esports-vs-mibr-vct-2026-americas-stage-1-w1,VCT 2026: Americas Stage 1
jawgemo,G2,6,1,0,0,0,0,0,0,0,38,0,0,Split,2026-04-10 19:40:00,https://www.vlr.gg/645475/g2-esports-vs-mibr-vct-2026-americas-stage-1-w1,VCT 2026: Americas Stage 1
leaf,G2,5,0,0,0,0,0,0,0,0,47,0,0,Split,2026-04-10 19:40:00,https://www.vlr.gg/645475/g2-esports-vs-mibr-vct-2026-americas-stage-1-w1,VCT 2026: Americas Stage 1
trent,G2,3,0,0,0,2,0,0,0,0,38,7,1,Split,2026-04-10 19:40:00,https://www.vlr.gg/645475/g2-esports-vs-mibr-vct-2026-americas-stage-1-w1,VCT 2026: Americas Stage 1
tex,MIBR,3,2,2,0,0,0,0,0,0,50,0,1,Split,2026-04-10 19:40:00,https://www.vlr.gg/645475/g2-esports-vs-mibr-vct-2026-americas-stage-1-w1,VCT 2026: Americas Stage 1
zekken,MIBR,2,0,1,0,0,0,0,0,0,36,1,2,Split,2026-04-10 19:40:00,https://www.vlr.gg/645475/g2-esports-vs-mibr-vct-2026-americas-stage-1-w1,VCT 2026: Americas Stage 1
Mazino,MIBR,5,1,0,0,0,0,0,0,0,40,2,0,Split,2026-04-10 19:40:00,https://www.vlr.gg/645475/g2-esports-vs-mibr-vct-2026-americas-stage-1-w1,VCT 2026: Americas Stage 1
aspas,MIBR,3,1,1,0,0,0,0,0,0,46,1,0,Split,2026-04-10 19:40:00,https://www.vlr.gg/645475/g2-esports-vs-mibr-vct-2026-americas-stage-1-w1,VCT 2026: Americas Stage 1
Verno,MIBR,5,2,0,0,0,0,0,0,0,43,5,0,Split,2026-04-10 19:40:00,https://www.vlr.gg/645475/g2-esports-vs-mibr-vct-2026-americas-stage-1-w1,VCT 2026: Americas Stage 1
Asuna,100T,6,2,0,0,0,0,0,0,0,61,5,0,all,2026-04-11 17:00:00,https://www.vlr.gg/645476/100-thieves-vs-evil-geniuses-vct-2026-americas-stage-1-w1,VCT 2026: Americas Stage 1
bang,100T,5,2,0,0,2,1,0,0,0,60,4,1,all,2026-04-11 17:00:00,https://www.vlr.gg/645476/100-thieves-vs-evil-geniuses-vct-2026-americas-stage-1-w1,VCT 2026: Americas Stage 1
Cryocells,100T,3,5,1,0,0,0,0,0,0,71,0,1,all,2026-04-11 17:00:00,https://www.vlr.gg/645476/100-thieves-vs-evil-geniuses-vct-2026-americas-stage-1-w1,VCT 2026: Americas Stage 1
vora,100T,4,0,0,0,0,0,0,0,0,46,9,3,all,2026-04-11 17:00:00,https://www.vlr.gg/645476/100-thieves-vs-evil-geniuses-vct-2026-americas-stage-1-w1,VCT 2026: Americas Stage 1
Timotino,100T,12,0,1,0,0,0,0,0,0,50,2,1,all,2026-04-11 17:00:00,https://www.vlr.gg/645476/100-thieves-vs-evil-geniuses-vct-2026-americas-stage-1-w1,VCT 2026: Americas Stage 1
C0M,EG,4,0,0,0,0,1,0,0,0,49,4,3,all,2026-04-11 17:00:00,https://www.vlr.gg/645476/100-thieves-vs-evil-geniuses-vct-2026-americas-stage-1-w1,VCT 2026: Americas Stage 1
supamen,EG,7,0,0,0,1,0,0,0,0,39,1,1,all,2026-04-11 17:00:00,https://www.vlr.gg/645476/100-thieves-vs-evil-geniuses-vct-2026-americas-stage-1-w1,VCT 2026: Americas Stage 1
Okeanos,EG,5,1,0,0,0,0,0,0,0,48,2,0,all,2026-04-11 17:00:00,https://www.vlr.gg/645476/100-thieves-vs-evil-geniuses-vct-2026-americas-stage-1-w1,VCT 2026: Americas Stage 1
dgzin,EG,8,0,0,0,0,2,0,0,0,51,0,1,all,2026-04-11 17:00:00,https://www.vlr.gg/645476/100-thieves-vs-evil-geniuses-vct-2026-americas-stage-1-w1,VCT 2026: Americas Stage 1
bao,EG,3,1,0,0,0,0,0,0,0,39,2,0,all,2026-04-11 17:00:00,https://www.vlr.gg/645476/100-thieves-vs-evil-geniuses-vct-2026-americas-stage-1-w1,VCT 2026: Americas Stage 1
Asuna,100T,1,2,0,0,0,0,0,0,0,53,0,0,Haven,2026-04-11 17:00:00,https://www.vlr.gg/645476/100-thieves-vs-evil-geniuses-vct-2026-americas-stage-1-w1,VCT 2026: Americas Stage 1
bang,100T,4,1,0,0,1,1,0,0,0,71,2,1,Haven,2026-04-11 17:00:00,https://www.vlr.gg/645476/100-thieves-vs-evil-geniuses-vct-2026-americas-stage-1-w1,VCT 2026: Americas Stage 1
Cryocells,100T,2,2,1,0,0,0,0,0,0,54,0,1,Haven,2026-04-11 17:00:00,https://www.vlr.gg/645476/100-thieves-vs-evil-geniuses-vct-2026-americas-stage-1-w1,VCT 2026: Americas Stage 1
vora,100T,1,0,0,0,0,0,0,0,0,51,5,2,Haven,2026-04-11 17:00:00,https://www.vlr.gg/645476/100-thieves-vs-evil-geniuses-vct-2026-americas-stage-1-w1,VCT 2026: Americas Stage 1
Timotino,100T,6,0,0,0,0,0,0,0,0,40,2,0,Haven,2026-04-11 17:00:00,https://www.vlr.gg/645476/100-thieves-vs-evil-geniuses-vct-2026-americas-stage-1-w1,VCT 2026: Americas Stage 1
C0M,EG,1,0,0,0,0,0,0,0,0,51,4,2,Haven,2026-04-11 17:00:00,https://www.vlr.gg/645476/100-thieves-vs-evil-geniuses-vct-2026-americas-stage-1-w1,VCT 2026: Americas Stage 1
supamen,EG,6,0,0,0,1,0,0,0,0,50,1,1,Haven,2026-04-11 17:00:00,https://www.vlr.gg/645476/100-thieves-vs-evil-geniuses-vct-2026-americas-stage-1-w1,VCT 2026: Americas Stage 1
Okeanos,EG,5,0,0,0,0,0,0,0,0,57,1,0,Haven,2026-04-11 17:00:00,https://www.vlr.gg/645476/100-thieves-vs-evil-geniuses-vct-2026-americas-stage-1-w1,VCT 2026: Americas Stage 1
dgzin,EG,3,0,0,0,0,1,0,0,0,48,0,0,Haven,2026-04-11 17:00:00,https://www.vlr.gg/645476/100-thieves-vs-evil-geniuses-vct-2026-americas-stage-1-w1,VCT 2026: Americas Stage 1
bao,EG,2,1,0,0,0,0,0,0,0,42,0,0,Haven,2026-04-11 17:00:00,https://www.vlr.gg/645476/100-thieves-vs-evil-geniuses-vct-2026-americas-stage-1-w1,VCT 2026: Americas Stage 1
Asuna,100T,5,0,0,0,0,0,0,0,0,68,5,0,Breeze,2026-04-11 17:00:00,https://www.vlr.gg/645476/100-thieves-vs-evil-geniuses-vct-2026-americas-stage-1-w1,VCT 2026: Americas Stage 1
bang,100T,1,1,0,0,1,0,0,0,0,48,2,0,Breeze,2026-04-11 17:00:00,https://www.vlr.gg/645476/100-thieves-vs-evil-geniuses-vct-2026-americas-stage-1-w1,VCT 2026: Americas Stage 1
Cryocells,100T,1,3,0,0,0,0,0,0,0,87,0,0,Breeze,2026-04-11 17:00:00,https://www.vlr.gg/645476/100-thieves-vs-evil-geniuses-vct-2026-americas-stage-1-w1,VCT 2026: Americas Stage 1
vora,100T,3,0,0,0,0,0,0,0,0,41,4,1,Breeze,2026-04-11 17:00:00,https://www.vlr.gg/645476/100-thieves-vs-evil-geniuses-vct-2026-americas-stage-1-w1,VCT 2026: Americas Stage 1
Timotino,100T,6,0,1,0,0,0,0,0,0,59,0,1,Breeze,2026-04-11 17:00:00,https://www.vlr.gg/645476/100-thieves-vs-evil-geniuses-vct-2026-americas-stage-1-w1,VCT 2026: Americas Stage 1
C0M,EG,3,0,0,0,0,1,0,0,0,47,0,1,Breeze,2026-04-11 17:00:00,https://www.vlr.gg/645476/100-thieves-vs-evil-geniuses-vct-2026-americas-stage-1-w1,VCT 2026: Americas Stage 1
supamen,EG,1,0,0,0,0,0,0,0,0,28,0,0,Breeze,2026-04-11 17:00:00,https://www.vlr.gg/645476/100-thieves-vs-evil-geniuses-vct-2026-americas-stage-1-w1,VCT 2026: Americas Stage 1
Okeanos,EG,0,1,0,0,0,0,0,0,0,39,1,0,Breeze,2026-04-11 17:00:00,https://www.vlr.gg/645476/100-thieves-vs-evil-geniuses-vct-2026-americas-stage-1-w1,VCT 2026: Americas Stage 1
dgzin,EG,5,0,0,0,0,1,0,0,0,54,0,1,Breeze,2026-04-11 17:00:00,https://www.vlr.gg/645476/100-thieves-vs-evil-geniuses-vct-2026-americas-stage-1-w1,VCT 2026: Americas Stage 1
bao,EG,1,0,0,0,0,0,0,0,0,36,2,0,Breeze,2026-04-11 17:00:00,https://www.vlr.gg/645476/100-thieves-vs-evil-geniuses-vct-2026-americas-stage-1-w1,VCT 2026: Americas Stage 1
Rossy,ENVY,9,5,2,0,1,1,0,1,0,70,4,1,all,2026-04-11 20:35:00,https://www.vlr.gg/645477/envy-vs-loud-vct-2026-americas-stage-1-w1,VCT 2026: Americas Stage 1
keznit,ENVY,10,5,0,0,2,0,1,0,0,40,1,3,all,2026-04-11 20:35:00,https://www.vlr.gg/645477/envy-vs-loud-vct-2026-americas-stage-1-w1,VCT 2026: Americas Stage 1
P0PPIN,ENVY,5,3,0,0,0,1,0,0,0,53,6,1,all,2026-04-11 20:35:00,https://www.vlr.gg/645477/envy-vs-loud-vct-2026-americas-stage-1-w1,VCT 2026: Americas Stage 1
Demon1,ENVY,10,2,1,0,1,0,0,0,0,56,4,2,all,2026-04-11 20:35:00,https://www.vlr.gg/645477/envy-vs-loud-vct-2026-americas-stage-1-w1,VCT 2026: Americas Stage 1
Eggsterr,ENVY,4,0,0,0,0,0,0,0,0,29,2,0,all,2026-04-11 20:35:00,https://www.vlr.gg/645477/envy-vs-loud-vct-2026-americas-stage-1-w1,VCT 2026: Americas Stage 1
Virtyy,LOUD,9,2,0,0,0,0,0,0,0,52,0,1,all,2026-04-11 20:35:00,https://www.vlr.gg/645477/envy-vs-loud-vct-2026-americas-stage-1-w1,VCT 2026: Americas Stage 1
Bati,LOUD,5,2,0,0,0,0,0,0,0,41,5,2,all,2026-04-11 20:35:00,https://www.vlr.gg/645477/envy-vs-loud-vct-2026-americas-stage-1-w1,VCT 2026: Americas Stage 1
cauanzin,LOUD,3,3,0,0,0,0,0,0,0,54,10,1,all,2026-04-11 20:35:00,https://www.vlr.gg/645477/envy-vs-loud-vct-2026-americas-stage-1-w1,VCT 2026: Americas Stage 1
Darker,LOUD,6,9,4,0,0,0,0,0,0,68,5,0,all,2026-04-11 20:35:00,https://www.vlr.gg/645477/envy-vs-loud-vct-2026-americas-stage-1-w1,VCT 2026: Americas Stage 1
lukxo,LOUD,9,6,4,0,1,0,2,0,0,76,0,2,all,2026-04-11 20:35:00,https://www.vlr.gg/645477/envy-vs-loud-vct-2026-americas-stage-1-w1,VCT 2026: Americas Stage 1
Rossy,ENVY,6,1,0,0,0,0,0,0,0,63,2,0,Lotus,2026-04-11 20:35:00,https://www.vlr.gg/645477/envy-vs-loud-vct-2026-americas-stage-1-w1,VCT 2026: Americas Stage 1
keznit,ENVY,7,1,0,0,1,0,0,0,0,46,1,2,Lotus,2026-04-11 20:35:00,https://www.vlr.gg/645477/envy-vs-loud-vct-2026-americas-stage-1-w1,VCT 2026: Americas Stage 1
P0PPIN,ENVY,3,0,0,0,0,1,0,0,0,49,2,1,Lotus,2026-04-11 20:35:00,https://www.vlr.gg/645477/envy-vs-loud-vct-2026-americas-stage-1-w1,VCT 2026: Americas Stage 1
Demon1,ENVY,5,0,0,0,0,0,0,0,0,52,2,0,Lotus,2026-04-11 20:35:00,https://www.vlr.gg/645477/envy-vs-loud-vct-2026-americas-stage-1-w1,VCT 2026: Americas Stage 1
Eggsterr,ENVY,2,0,0,0,0,0,0,0,0,46,1,0,Lotus,2026-04-11 20:35:00,https://www.vlr.gg/645477/envy-vs-loud-vct-2026-americas-stage-1-w1,VCT 2026: Americas Stage 1
Virtyy,LOUD,2,1,0,0,0,0,0,0,0,59,0,1,Lotus,2026-04-11 20:35:00,https://www.vlr.gg/645477/envy-vs-loud-vct-2026-americas-stage-1-w1,VCT 2026: Americas Stage 1
Bati,LOUD,2,0,0,0,0,0,0,0,0,30,0,1,Lotus,2026-04-11 20:35:00,https://www.vlr.gg/645477/envy-vs-loud-vct-2026-americas-stage-1-w1,VCT 2026: Americas Stage 1
cauanzin,LOUD,0,1,0,0,0,0,0,0,0,41,4,0,Lotus,2026-04-11 20:35:00,https://www.vlr.gg/645477/envy-vs-loud-vct-2026-americas-stage-1-w1,VCT 2026: Americas Stage 1
Darker,LOUD,2,3,1,0,0,0,0,0,0,60,2,0,Lotus,2026-04-11 20:35:00,https://www.vlr.gg/645477/envy-vs-loud-vct-2026-americas-stage-1-w1,VCT 2026: Americas Stage 1
lukxo,LOUD,3,2,1,0,0,0,1,0,0,70,0,2,Lotus,2026-04-11 20:35:00,https://www.vlr.gg/645477/envy-vs-loud-vct-2026-americas-stage-1-w1,VCT 2026: Americas Stage 1
Rossy,ENVY,2,2,0,0,1,0,0,0,0,53,2,0,Pearl,2026-04-11 20:35:00,https://www.vlr.gg/645477/envy-vs-loud-vct-2026-americas-stage-1-w1,VCT 2026: Americas Stage 1
keznit,ENVY,3,3,0,0,1,0,1,0,0,46,0,1,Pearl,2026-04-11 20:35:00,https://www.vlr.gg/645477/envy-vs-loud-vct-2026-americas-stage-1-w1,VCT 2026: Americas Stage 1
P0PPIN,ENVY,2,2,0,0,0,0,0,0,0,65,2,0,Pearl,2026-04-11 20:35:00,https://www.vlr.gg/645477/envy-vs-loud-vct-2026-americas-stage-1-w1,VCT 2026: Americas Stage 1
Demon1,ENVY,2,1,1,0,1,0,0,0,0,61,1,1,Pearl,2026-04-11 20:35:00,https://www.vlr.gg/645477/envy-vs-loud-vct-2026-americas-stage-1-w1,VCT 2026: Americas Stage 1
Eggsterr,ENVY,1,0,0,0,0,0,0,0,0,15,1,0,Pearl,2026-04-11 20:35:00,https://www.vlr.gg/645477/envy-vs-loud-vct-2026-americas-stage-1-w1,VCT 2026: Americas Stage 1
Virtyy,LOUD,2,1,0,0,0,0,0,0,0,49,0,0,Pearl,2026-04-11 20:35:00,https://www.vlr.gg/645477/envy-vs-loud-vct-2026-americas-stage-1-w1,VCT 2026: Americas Stage 1
Bati,LOUD,2,0,0,0,0,0,0,0,0,37,3,1,Pearl,2026-04-11 20:35:00,https://www.vlr.gg/645477/envy-vs-loud-vct-2026-americas-stage-1-w1,VCT 2026: Americas Stage 1
cauanzin,LOUD,2,2,0,0,0,0,0,0,0,69,2,1,Pearl,2026-04-11 20:35:00,https://www.vlr.gg/645477/envy-vs-loud-vct-2026-americas-stage-1-w1,VCT 2026: Americas Stage 1
Darker,LOUD,3,2,2,0,0,0,0,0,0,76,2,0,Pearl,2026-04-11 20:35:00,https://www.vlr.gg/645477/envy-vs-loud-vct-2026-americas-stage-1-w1,VCT 2026: Americas Stage 1
lukxo,LOUD,3,2,2,0,1,0,0,0,0,61,0,0,Pearl,2026-04-11 20:35:00,https://www.vlr.gg/645477/envy-vs-loud-vct-2026-americas-stage-1-w1,VCT 2026: Americas Stage 1
Rossy,ENVY,1,2,2,0,0,1,0,1,0,93,0,1,Breeze,2026-04-11 20:35:00,https://www.vlr.gg/645477/envy-vs-loud-vct-2026-americas-stage-1-w1,VCT 2026: Americas Stage 1
keznit,ENVY,0,1,0,0,0,0,0,0,0,28,0,0,Breeze,2026-04-11 20:35:00,https://www.vlr.gg/645477/envy-vs-loud-vct-2026-americas-stage-1-w1,VCT 2026: Americas Stage 1
P0PPIN,ENVY,0,1,0,0,0,0,0,0,0,44,2,0,Breeze,2026-04-11 20:35:00,https://www.vlr.gg/645477/envy-vs-loud-vct-2026-americas-stage-1-w1,VCT 2026: Americas Stage 1
Demon1,ENVY,3,1,0,0,0,0,0,0,0,55,1,1,Breeze,2026-04-11 20:35:00,https://www.vlr.gg/645477/envy-vs-loud-vct-2026-americas-stage-1-w1,VCT 2026: Americas Stage 1
Eggsterr,ENVY,1,0,0,0,0,0,0,0,0,25,0,0,Breeze,2026-04-11 20:35:00,https://www.vlr.gg/645477/envy-vs-loud-vct-2026-americas-stage-1-w1,VCT 2026: Americas Stage 1
Virtyy,LOUD,5,0,0,0,0,0,0,0,0,49,0,0,Breeze,2026-04-11 20:35:00,https://www.vlr.gg/645477/envy-vs-loud-vct-2026-americas-stage-1-w1,VCT 2026: Americas Stage 1
Bati,LOUD,1,2,0,0,0,0,0,0,0,57,2,0,Breeze,2026-04-11 20:35:00,https://www.vlr.gg/645477/envy-vs-loud-vct-2026-americas-stage-1-w1,VCT 2026: Americas Stage 1
cauanzin,LOUD,1,0,0,0,0,0,0,0,0,53,4,0,Breeze,2026-04-11 20:35:00,https://www.vlr.gg/645477/envy-vs-loud-vct-2026-americas-stage-1-w1,VCT 2026: Americas Stage 1
Darker,LOUD,1,4,1,0,0,0,0,0,0,68,1,0,Breeze,2026-04-11 20:35:00,https://www.vlr.gg/645477/envy-vs-loud-vct-2026-americas-stage-1-w1,VCT 2026: Americas Stage 1
lukxo,LOUD,3,2,1,0,0,0,1,0,0,97,0,0,Breeze,2026-04-11 20:35:00,https://www.vlr.gg/645477/envy-vs-loud-vct-2026-americas-stage-1-w1,VCT 2026: Americas Stage 1
Zellsis,C9,3,2,0,0,0,0,0,0,0,47,3,1,all,2026-04-12 17:00:00,https://www.vlr.gg/645478/cloud9-vs-leviat-n-vct-2026-americas-stage-1-w1,VCT 2026: Americas Stage 1
penny,C9,3,0,0,0,0,0,0,0,0,38,1,0,all,2026-04-12 17:00:00,https://www.vlr.gg/645478/cloud9-vs-leviat-n-vct-2026-americas-stage-1-w1,VCT 2026: Americas Stage 1
Xeppaa,C9,2,2,0,0,0,0,0,0,0,39,6,1,all,2026-04-12 17:00:00,https://www.vlr.gg/645478/cloud9-vs-leviat-n-vct-2026-americas-stage-1-w1,VCT 2026: Americas Stage 1
v1c,C9,1,0,0,0,1,0,0,0,0,38,2,1,all,2026-04-12 17:00:00,https://www.vlr.gg/645478/cloud9-vs-leviat-n-vct-2026-americas-stage-1-w1,VCT 2026: Americas Stage 1
OXY,C9,3,5,0,0,0,0,0,0,0,63,0,0,all,2026-04-12 17:00:00,https://www.vlr.gg/645478/cloud9-vs-leviat-n-vct-2026-americas-stage-1-w1,VCT 2026: Americas Stage 1
kiNgg,LEV,5,2,0,0,0,0,0,0,0,51,1,1,all,2026-04-12 17:00:00,https://www.vlr.gg/645478/cloud9-vs-leviat-n-vct-2026-americas-stage-1-w1,VCT 2026: Americas Stage 1
blowz,LEV,4,1,0,0,0,0,0,0,0,54,9,2,all,2026-04-12 17:00:00,https://www.vlr.gg/645478/cloud9-vs-leviat-n-vct-2026-americas-stage-1-w1,VCT 2026: Americas Stage 1
Sato,LEV,4,1,2,0,1,0,0,0,0,55,4,3,all,2026-04-12 17:00:00,https://www.vlr.gg/645478/cloud9-vs-leviat-n-vct-2026-americas-stage-1-w1,VCT 2026: Americas Stage 1
spike,LEV,7,1,1,0,0,0,0,0,0,56,0,0,all,2026-04-12 17:00:00,https://www.vlr.gg/645478/cloud9-vs-leviat-n-vct-2026-americas-stage-1-w1,VCT 2026: Americas Stage 1
Neon,LEV,9,1,0,0,0,0,0,0,0,62,0,0,all,2026-04-12 17:00:00,https://www.vlr.gg/645478/cloud9-vs-leviat-n-vct-2026-americas-stage-1-w1,VCT 2026: Americas Stage 1
Zellsis,C9,1,2,0,0,0,0,0,0,0,47,2,0,Pearl,2026-04-12 17:00:00,https://www.vlr.gg/645478/cloud9-vs-leviat-n-vct-2026-americas-stage-1-w1,VCT 2026: Americas Stage 1
penny,C9,1,0,0,0,0,0,0,0,0,29,0,0,Pearl,2026-04-12 17:00:00,https://www.vlr.gg/645478/cloud9-vs-leviat-n-vct-2026-americas-stage-1-w1,VCT 2026: Americas Stage 1
Xeppaa,C9,2,2,0,0,0,0,0,0,0,46,2,1,Pearl,2026-04-12 17:00:00,https://www.vlr.gg/645478/cloud9-vs-leviat-n-vct-2026-americas-stage-1-w1,VCT 2026: Americas Stage 1
v1c,C9,1,0,0,0,1,0,0,0,0,43,0,1,Pearl,2026-04-12 17:00:00,https://www.vlr.gg/645478/cloud9-vs-leviat-n-vct-2026-americas-stage-1-w1,VCT 2026: Americas Stage 1
OXY,C9,1,3,0,0,0,0,0,0,0,66,0,0,Pearl,2026-04-12 17:00:00,https://www.vlr.gg/645478/cloud9-vs-leviat-n-vct-2026-americas-stage-1-w1,VCT 2026: Americas Stage 1
kiNgg,LEV,3,2,0,0,0,0,0,0,0,56,1,0,Pearl,2026-04-12 17:00:00,https://www.vlr.gg/645478/cloud9-vs-leviat-n-vct-2026-americas-stage-1-w1,VCT 2026: Americas Stage 1
blowz,LEV,1,0,0,0,0,0,0,0,0,36,4,1,Pearl,2026-04-12 17:00:00,https://www.vlr.gg/645478/cloud9-vs-leviat-n-vct-2026-americas-stage-1-w1,VCT 2026: Americas Stage 1
Sato,LEV,3,0,1,0,0,0,0,0,0,52,3,1,Pearl,2026-04-12 17:00:00,https://www.vlr.gg/645478/cloud9-vs-leviat-n-vct-2026-americas-stage-1-w1,VCT 2026: Americas Stage 1
spike,LEV,4,0,1,0,0,0,0,0,0,65,0,0,Pearl,2026-04-12 17:00:00,https://www.vlr.gg/645478/cloud9-vs-leviat-n-vct-2026-americas-stage-1-w1,VCT 2026: Americas Stage 1
Neon,LEV,5,1,0,0,0,0,0,0,0,74,0,0,Pearl,2026-04-12 17:00:00,https://www.vlr.gg/645478/cloud9-vs-leviat-n-vct-2026-americas-stage-1-w1,VCT 2026: Americas Stage 1
Zellsis,C9,2,0,0,0,0,0,0,0,0,47,1,1,Haven,2026-04-12 17:00:00,https://www.vlr.gg/645478/cloud9-vs-leviat-n-vct-2026-americas-stage-1-w1,VCT 2026: Americas Stage 1
penny,C9,2,0,0,0,0,0,0,0,0,47,1,0,Haven,2026-04-12 17:00:00,https://www.vlr.gg/645478/cloud9-vs-leviat-n-vct-2026-americas-stage-1-w1,VCT 2026: Americas Stage 1
Xeppaa,C9,0,0,0,0,0,0,0,0,0,32,4,0,Haven,2026-04-12 17:00:00,https://www.vlr.gg/645478/cloud9-vs-leviat-n-vct-2026-americas-stage-1-w1,VCT 2026: Americas Stage 1
v1c,C9,0,0,0,0,0,0,0,0,0,33,2,0,Haven,2026-04-12 17:00:00,https://www.vlr.gg/645478/cloud9-vs-leviat-n-vct-2026-americas-stage-1-w1,VCT 2026: Americas Stage 1
OXY,C9,2,2,0,0,0,0,0,0,0,59,0,0,Haven,2026-04-12 17:00:00,https://www.vlr.gg/645478/cloud9-vs-leviat-n-vct-2026-americas-stage-1-w1,VCT 2026: Americas Stage 1
kiNgg,LEV,2,0,0,0,0,0,0,0,0,45,0,1,Haven,2026-04-12 17:00:00,https://www.vlr.gg/645478/cloud9-vs-leviat-n-vct-2026-americas-stage-1-w1,VCT 2026: Americas Stage 1
blowz,LEV,3,1,0,0,0,0,0,0,0,71,5,1,Haven,2026-04-12 17:00:00,https://www.vlr.gg/645478/cloud9-vs-leviat-n-vct-2026-americas-stage-1-w1,VCT 2026: Americas Stage 1
Sato,LEV,1,1,1,0,1,0,0,0,0,58,1,2,Haven,2026-04-12 17:00:00,https://www.vlr.gg/645478/cloud9-vs-leviat-n-vct-2026-americas-stage-1-w1,VCT 2026: Americas Stage 1
spike,LEV,3,1,0,0,0,0,0,0,0,46,0,0,Haven,2026-04-12 17:00:00,https://www.vlr.gg/645478/cloud9-vs-leviat-n-vct-2026-americas-stage-1-w1,VCT 2026: Americas Stage 1
Neon,LEV,4,0,0,0,0,0,0,0,0,49,0,0,Haven,2026-04-12 17:00:00,https://www.vlr.gg/645478/cloud9-vs-leviat-n-vct-2026-americas-stage-1-w1,VCT 2026: Americas Stage 1
nerve,FUR,4,2,0,0,0,0,1,0,0,53,4,0,all,2026-04-12 19:05:00,https://www.vlr.gg/645479/furia-vs-nrg-vct-2026-americas-stage-1-w1,VCT 2026: Americas Stage 1
eeiu,FUR,8,0,0,0,0,1,0,0,0,38,2,2,all,2026-04-12 19:05:00,https://www.vlr.gg/645479/furia-vs-nrg-vct-2026-americas-stage-1-w1,VCT 2026: Americas Stage 1
koalanoob,FUR,3,5,0,0,0,0,0,0,0,47,3,1,all,2026-04-12 19:05:00,https://www.vlr.gg/645479/furia-vs-nrg-vct-2026-americas-stage-1-w1,VCT 2026: Americas Stage 1
artzin,FUR,8,0,0,0,1,0,0,0,0,57,6,4,all,2026-04-12 19:05:00,https://www.vlr.gg/645479/furia-vs-nrg-vct-2026-americas-stage-1-w1,VCT 2026: Americas Stage 1
alym,FUR,7,4,1,0,0,1,0,0,0,67,1,2,all,2026-04-12 19:05:00,https://www.vlr.gg/645479/furia-vs-nrg-vct-2026-americas-stage-1-w1,VCT 2026: Americas Stage 1
brawk,NRG,6,2,1,0,0,1,0,0,0,60,5,0,all,2026-04-12 19:05:00,https://www.vlr.gg/645479/furia-vs-nrg-vct-2026-americas-stage-1-w1,VCT 2026: Americas Stage 1
mada,NRG,7,4,0,0,2,0,0,0,0,43,1,2,all,2026-04-12 19:05:00,https://www.vlr.gg/645479/furia-vs-nrg-vct-2026-americas-stage-1-w1,VCT 2026: Americas Stage 1
skuba,NRG,4,1,0,0,0,0,0,0,0,36,2,1,all,2026-04-12 19:05:00,https://www.vlr.gg/645479/furia-vs-nrg-vct-2026-americas-stage-1-w1,VCT 2026: Americas Stage 1
Ethan,NRG,3,0,0,0,1,0,0,0,0,45,7,2,all,2026-04-12 19:05:00,https://www.vlr.gg/645479/furia-vs-nrg-vct-2026-americas-stage-1-w1,VCT 2026: Americas Stage 1
keiko,NRG,9,2,0,0,0,0,0,0,0,57,0,0,all,2026-04-12 19:05:00,https://www.vlr.gg/645479/furia-vs-nrg-vct-2026-americas-stage-1-w1,VCT 2026: Americas Stage 1
nerve,FUR,2,1,0,0,0,0,1,0,0,49,2,0,Pearl,2026-04-12 19:05:00,https://www.vlr.gg/645479/furia-vs-nrg-vct-2026-americas-stage-1-w1,VCT 2026: Americas Stage 1
eeiu,FUR,3,0,0,0,0,1,0,0,0,33,1,0,Pearl,2026-04-12 19:05:00,https://www.vlr.gg/645479/furia-vs-nrg-vct-2026-americas-stage-1-w1,VCT 2026: Americas Stage 1
koalanoob,FUR,1,2,0,0,0,0,0,0,0,42,1,1,Pearl,2026-04-12 19:05:00,https://www.vlr.gg/645479/furia-vs-nrg-vct-2026-americas-stage-1-w1,VCT 2026: Americas Stage 1
artzin,FUR,3,0,0,0,0,0,0,0,0,49,5,1,Pearl,2026-04-12 19:05:00,https://www.vlr.gg/645479/furia-vs-nrg-vct-2026-americas-stage-1-w1,VCT 2026: Americas Stage 1
alym,FUR,6,1,1,0,0,0,0,0,0,85,1,2,Pearl,2026-04-12 19:05:00,https://www.vlr.gg/645479/furia-vs-nrg-vct-2026-americas-stage-1-w1,VCT 2026: Americas Stage 1
brawk,NRG,4,1,1,0,0,1,0,0,0,81,3,0,Pearl,2026-04-12 19:05:00,https://www.vlr.gg/645479/furia-vs-nrg-vct-2026-americas-stage-1-w1,VCT 2026: Americas Stage 1
mada,NRG,2,1,0,0,0,0,0,0,0,32,1,0,Pearl,2026-04-12 19:05:00,https://www.vlr.gg/645479/furia-vs-nrg-vct-2026-americas-stage-1-w1,VCT 2026: Americas Stage 1
skuba,NRG,1,0,0,0,0,0,0,0,0,33,0,1,Pearl,2026-04-12 19:05:00,https://www.vlr.gg/645479/furia-vs-nrg-vct-2026-americas-stage-1-w1,VCT 2026: Americas Stage 1
Ethan,NRG,2,0,0,0,0,0,0,0,0,53,3,1,Pearl,2026-04-12 19:05:00,https://www.vlr.gg/645479/furia-vs-nrg-vct-2026-americas-stage-1-w1,VCT 2026: Americas Stage 1
keiko,NRG,4,0,0,0,0,0,0,0,0,50,0,0,Pearl,2026-04-12 19:05:00,https://www.vlr.gg/645479/furia-vs-nrg-vct-2026-americas-stage-1-w1,VCT 2026: Americas Stage 1
nerve,FUR,2,1,0,0,0,0,0,0,0,57,2,0,Split,2026-04-12 19:05:00,https://www.vlr.gg/645479/furia-vs-nrg-vct-2026-americas-stage-1-w1,VCT 2026: Americas Stage 1
eeiu,FUR,5,0,0,0,0,0,0,0,0,42,1,2,Split,2026-04-12 19:05:00,https://www.vlr.gg/645479/furia-vs-nrg-vct-2026-americas-stage-1-w1,VCT 2026: Americas Stage 1
koalanoob,FUR,2,3,0,0,0,0,0,0,0,52,2,0,Split,2026-04-12 19:05:00,https://www.vlr.gg/645479/furia-vs-nrg-vct-2026-americas-stage-1-w1,VCT 2026: Americas Stage 1
artzin,FUR,5,0,0,0,1,0,0,0,0,65,1,3,Split,2026-04-12 19:05:00,https://www.vlr.gg/645479/furia-vs-nrg-vct-2026-americas-stage-1-w1,VCT 2026: Americas Stage 1
alym,FUR,1,3,0,0,0,1,0,0,0,48,0,0,Split,2026-04-12 19:05:00,https://www.vlr.gg/645479/furia-vs-nrg-vct-2026-americas-stage-1-w1,VCT 2026: Americas Stage 1
brawk,NRG,2,1,0,0,0,0,0,0,0,38,2,0,Split,2026-04-12 19:05:00,https://www.vlr.gg/645479/furia-vs-nrg-vct-2026-americas-stage-1-w1,VCT 2026: Americas Stage 1
mada,NRG,5,3,0,0,2,0,0,0,0,53,0,2,Split,2026-04-12 19:05:00,https://www.vlr.gg/645479/furia-vs-nrg-vct-2026-americas-stage-1-w1,VCT 2026: Americas Stage 1
skuba,NRG,3,1,0,0,0,0,0,0,0,39,2,0,Split,2026-04-12 19:05:00,https://www.vlr.gg/645479/furia-vs-nrg-vct-2026-americas-stage-1-w1,VCT 2026: Americas Stage 1
Ethan,NRG,1,0,0,0,1,0,0,0,0,36,4,1,Split,2026-04-12 19:05:00,https://www.vlr.gg/645479/furia-vs-nrg-vct-2026-americas-stage-1-w1,VCT 2026: Americas Stage 1
keiko,NRG,5,2,0,0,0,0,0,0,0,64,0,0,Split,2026-04-12 19:05:00,https://www.vlr.gg/645479/furia-vs-nrg-vct-2026-americas-stage-1-w1,VCT 2026: Americas Stage 1
Zellsis,C9,9,3,0,0,0,0,0,0,0,45,2,1,all,2026-04-17 17:00:00,https://www.vlr.gg/645480/cloud9-vs-envy-vct-2026-americas-stage-1-w2,VCT 2026: Americas Stage 1
penny,C9,12,1,0,0,0,0,0,0,0,47,0,2,all,2026-04-17 17:00:00,https://www.vlr.gg/645480/cloud9-vs-envy-vct-2026-americas-stage-1-w2,VCT 2026: Americas Stage 1
Xeppaa,C9,6,1,1,0,0,0,1,0,0,49,15,0,all,2026-04-17 17:00:00,https://www.vlr.gg/645480/cloud9-vs-envy-vct-2026-americas-stage-1-w2,VCT 2026: Americas Stage 1
v1c,C9,4,0,1,0,0,0,0,0,0,41,2,0,all,2026-04-17 17:00:00,https://www.vlr.gg/645480/cloud9-vs-envy-vct-2026-americas-stage-1-w2,VCT 2026: Americas Stage 1
OXY,C9,13,4,2,0,0,0,0,0,0,66,3,2,all,2026-04-17 17:00:00,https://www.vlr.gg/645480/cloud9-vs-envy-vct-2026-americas-stage-1-w2,VCT 2026: Americas Stage 1
Rossy,ENVY,4,3,0,0,0,1,0,0,0,43,3,0,all,2026-04-17 17:00:00,https://www.vlr.gg/645480/cloud9-vs-envy-vct-2026-americas-stage-1-w2,VCT 2026: Americas Stage 1
keznit,ENVY,13,4,2,0,1,0,1,0,0,63,6,2,all,2026-04-17 17:00:00,https://www.vlr.gg/645480/cloud9-vs-envy-vct-2026-americas-stage-1-w2,VCT 2026: Americas Stage 1
P0PPIN,ENVY,5,2,1,0,2,0,0,0,0,47,10,2,all,2026-04-17 17:00:00,https://www.vlr.gg/645480/cloud9-vs-envy-vct-2026-americas-stage-1-w2,VCT 2026: Americas Stage 1
Demon1,ENVY,7,7,0,0,4,0,1,0,0,55,0,1,all,2026-04-17 17:00:00,https://www.vlr.gg/645480/cloud9-vs-envy-vct-2026-americas-stage-1-w2,VCT 2026: Americas Stage 1
Eggsterr,ENVY,9,4,1,0,0,0,0,0,0,57,1,2,all,2026-04-17 17:00:00,https://www.vlr.gg/645480/cloud9-vs-envy-vct-2026-americas-stage-1-w2,VCT 2026: Americas Stage 1
Zellsis,C9,5,2,0,0,0,0,0,0,0,60,0,0,Split,2026-04-17 17:00:00,https://www.vlr.gg/645480/cloud9-vs-envy-vct-2026-americas-stage-1-w2,VCT 2026: Americas Stage 1
penny,C9,5,0,0,0,0,0,0,0,0,46,0,0,Split,2026-04-17 17:00:00,https://www.vlr.gg/645480/cloud9-vs-envy-vct-2026-americas-stage-1-w2,VCT 2026: Americas Stage 1
Xeppaa,C9,3,0,1,0,0,0,1,0,0,43,8,0,Split,2026-04-17 17:00:00,https://www.vlr.gg/645480/cloud9-vs-envy-vct-2026-americas-stage-1-w2,VCT 2026: Americas Stage 1
v1c,C9,2,0,1,0,0,0,0,0,0,58,1,0,Split,2026-04-17 17:00:00,https://www.vlr.gg/645480/cloud9-vs-envy-vct-2026-americas-stage-1-w2,VCT 2026: Americas Stage 1
OXY,C9,7,1,0,0,0,0,0,0,0,53,0,1,Split,2026-04-17 17:00:00,https://www.vlr.gg/645480/cloud9-vs-envy-vct-2026-americas-stage-1-w2,VCT 2026: Americas Stage 1
Rossy,ENVY,2,1,0,0,0,1,0,0,0,48,2,0,Split,2026-04-17 17:00:00,https://www.vlr.gg/645480/cloud9-vs-envy-vct-2026-americas-stage-1-w2,VCT 2026: Americas Stage 1
keznit,ENVY,3,1,1,0,0,0,1,0,0,56,3,1,Split,2026-04-17 17:00:00,https://www.vlr.gg/645480/cloud9-vs-envy-vct-2026-americas-stage-1-w2,VCT 2026: Americas Stage 1
P0PPIN,ENVY,3,0,0,0,1,0,0,0,0,38,1,0,Split,2026-04-17 17:00:00,https://www.vlr.gg/645480/cloud9-vs-envy-vct-2026-americas-stage-1-w2,VCT 2026: Americas Stage 1
Demon1,ENVY,5,2,0,0,2,0,0,0,0,48,0,1,Split,2026-04-17 17:00:00,https://www.vlr.gg/645480/cloud9-vs-envy-vct-2026-americas-stage-1-w2,VCT 2026: Americas Stage 1
Eggsterr,ENVY,5,1,1,0,0,0,0,0,0,54,1,0,Split,2026-04-17 17:00:00,https://www.vlr.gg/645480/cloud9-vs-envy-vct-2026-americas-stage-1-w2,VCT 2026: Americas Stage 1
Zellsis,C9,1,0,0,0,0,0,0,0,0,28,1,0,Pearl,2026-04-17 17:00:00,https://www.vlr.gg/645480/cloud9-vs-envy-vct-2026-americas-stage-1-w2,VCT 2026: Americas Stage 1
penny,C9,4,0,0,0,0,0,0,0,0,50,0,0,Pearl,2026-04-17 17:00:00,https://www.vlr.gg/645480/cloud9-vs-envy-vct-2026-americas-stage-1-w2,VCT 2026: Americas Stage 1
Xeppaa,C9,1,1,0,0,0,0,0,0,0,65,4,0,Pearl,2026-04-17 17:00:00,https://www.vlr.gg/645480/cloud9-vs-envy-vct-2026-americas-stage-1-w2,VCT 2026: Americas Stage 1
v1c,C9,0,0,0,0,0,0,0,0,0,29,0,0,Pearl,2026-04-17 17:00:00,https://www.vlr.gg/645480/cloud9-vs-envy-vct-2026-americas-stage-1-w2,VCT 2026: Americas Stage 1
OXY,C9,2,1,0,0,0,0,0,0,0,54,2,0,Pearl,2026-04-17 17:00:00,https://www.vlr.gg/645480/cloud9-vs-envy-vct-2026-americas-stage-1-w2,VCT 2026: Americas Stage 1
Rossy,ENVY,2,0,0,0,0,0,0,0,0,39,1,0,Pearl,2026-04-17 17:00:00,https://www.vlr.gg/645480/cloud9-vs-envy-vct-2026-americas-stage-1-w2,VCT 2026: Americas Stage 1
keznit,ENVY,5,1,0,0,0,0,0,0,0,69,0,0,Pearl,2026-04-17 17:00:00,https://www.vlr.gg/645480/cloud9-vs-envy-vct-2026-americas-stage-1-w2,VCT 2026: Americas Stage 1
P0PPIN,ENVY,2,2,0,0,1,0,0,0,0,58,3,1,Pearl,2026-04-17 17:00:00,https://www.vlr.gg/645480/cloud9-vs-envy-vct-2026-americas-stage-1-w2,VCT 2026: Americas Stage 1
Demon1,ENVY,1,2,0,0,1,0,0,0,0,54,0,0,Pearl,2026-04-17 17:00:00,https://www.vlr.gg/645480/cloud9-vs-envy-vct-2026-americas-stage-1-w2,VCT 2026: Americas Stage 1
Eggsterr,ENVY,2,2,0,0,0,0,0,0,0,71,0,2,Pearl,2026-04-17 17:00:00,https://www.vlr.gg/645480/cloud9-vs-envy-vct-2026-americas-stage-1-w2,VCT 2026: Americas Stage 1
Zellsis,C9,3,1,0,0,0,0,0,0,0,46,1,1,Haven,2026-04-17 17:00:00,https://www.vlr.gg/645480/cloud9-vs-envy-vct-2026-americas-stage-1-w2,VCT 2026: Americas Stage 1
penny,C9,3,1,0,0,0,0,0,0,0,44,0,2,Haven,2026-04-17 17:00:00,https://www.vlr.gg/645480/cloud9-vs-envy-vct-2026-americas-stage-1-w2,VCT 2026: Americas Stage 1
Xeppaa,C9,2,0,0,0,0,0,0,0,0,39,3,0,Haven,2026-04-17 17:00:00,https://www.vlr.gg/645480/cloud9-vs-envy-vct-2026-americas-stage-1-w2,VCT 2026: Americas Stage 1
v1c,C9,2,0,0,0,0,0,0,0,0,35,1,0,Haven,2026-04-17 17:00:00,https://www.vlr.gg/645480/cloud9-vs-envy-vct-2026-americas-stage-1-w2,VCT 2026: Americas Stage 1
OXY,C9,4,2,2,0,0,0,0,0,0,92,1,1,Haven,2026-04-17 17:00:00,https://www.vlr.gg/645480/cloud9-vs-envy-vct-2026-americas-stage-1-w2,VCT 2026: Americas Stage 1
Rossy,ENVY,0,2,0,0,0,0,0,0,0,43,0,0,Haven,2026-04-17 17:00:00,https://www.vlr.gg/645480/cloud9-vs-envy-vct-2026-americas-stage-1-w2,VCT 2026: Americas Stage 1
keznit,ENVY,5,2,1,0,1,0,0,0,0,65,3,1,Haven,2026-04-17 17:00:00,https://www.vlr.gg/645480/cloud9-vs-envy-vct-2026-americas-stage-1-w2,VCT 2026: Americas Stage 1
P0PPIN,ENVY,0,0,1,0,0,0,0,0,0,46,6,1,Haven,2026-04-17 17:00:00,https://www.vlr.gg/645480/cloud9-vs-envy-vct-2026-americas-stage-1-w2,VCT 2026: Americas Stage 1
Demon1,ENVY,1,3,0,0,1,0,1,0,0,63,0,0,Haven,2026-04-17 17:00:00,https://www.vlr.gg/645480/cloud9-vs-envy-vct-2026-americas-stage-1-w2,VCT 2026: Americas Stage 1
Eggsterr,ENVY,2,1,0,0,0,0,0,0,0,45,0,0,Haven,2026-04-17 17:00:00,https://www.vlr.gg/645480/cloud9-vs-envy-vct-2026-americas-stage-1-w2,VCT 2026: Americas Stage 1
nerve,FUR,6,2,0,0,3,0,0,0,0,58,9,1,all,2026-04-17 20:05:00,https://www.vlr.gg/645481/furia-vs-evil-geniuses-vct-2026-americas-stage-1-w2,VCT 2026: Americas Stage 1
eeiu,FUR,9,1,1,0,2,0,0,0,0,40,5,3,all,2026-04-17 20:05:00,https://www.vlr.gg/645481/furia-vs-evil-geniuses-vct-2026-americas-stage-1-w2,VCT 2026: Americas Stage 1
koalanoob,FUR,8,3,0,0,0,0,0,0,0,51,7,2,all,2026-04-17 20:05:00,https://www.vlr.gg/645481/furia-vs-evil-geniuses-vct-2026-americas-stage-1-w2,VCT 2026: Americas Stage 1
artzin,FUR,7,6,1,0,0,0,0,0,0,63,10,2,all,2026-04-17 20:05:00,https://www.vlr.gg/645481/furia-vs-evil-geniuses-vct-2026-americas-stage-1-w2,VCT 2026: Americas Stage 1
alym,FUR,10,2,3,0,0,0,1,0,0,51,1,0,all,2026-04-17 20:05:00,https://www.vlr.gg/645481/furia-vs-evil-geniuses-vct-2026-americas-stage-1-w2,VCT 2026: Americas Stage 1
C0M,EG,5,0,0,0,0,0,0,0,0,43,14,2,all,2026-04-17 20:05:00,https://www.vlr.gg/645481/furia-vs-evil-geniuses-vct-2026-americas-stage-1-w2,VCT 2026: Americas Stage 1
supamen,EG,9,7,0,0,1,0,1,0,0,65,3,2,all,2026-04-17 20:05:00,https://www.vlr.gg/645481/furia-vs-evil-geniuses-vct-2026-americas-stage-1-w2,VCT 2026: Americas Stage 1
Okeanos,EG,4,0,1,0,1,0,0,0,0,44,3,2,all,2026-04-17 20:05:00,https://www.vlr.gg/645481/furia-vs-evil-geniuses-vct-2026-americas-stage-1-w2,VCT 2026: Americas Stage 1
dgzin,EG,8,8,0,1,0,0,0,0,0,53,0,2,all,2026-04-17 20:05:00,https://www.vlr.gg/645481/furia-vs-evil-geniuses-vct-2026-americas-stage-1-w2,VCT 2026: Americas Stage 1
bao,EG,7,0,1,0,1,0,0,0,0,46,2,1,all,2026-04-17 20:05:00,https://www.vlr.gg/645481/furia-vs-evil-geniuses-vct-2026-americas-stage-1-w2,VCT 2026: Americas Stage 1
nerve,FUR,1,1,0,0,1,0,0,0,0,51,3,1,Haven,2026-04-17 20:05:00,https://www.vlr.gg/645481/furia-vs-evil-geniuses-vct-2026-americas-stage-1-w2,VCT 2026: Americas Stage 1
eeiu,FUR,2,0,1,0,1,0,0,0,0,29,0,2,Haven,2026-04-17 20:05:00,https://www.vlr.gg/645481/furia-vs-evil-geniuses-vct-2026-americas-stage-1-w2,VCT 2026: Americas Stage 1
koalanoob,FUR,4,1,0,0,0,0,0,0,0,39,6,0,Haven,2026-04-17 20:05:00,https://www.vlr.gg/645481/furia-vs-evil-geniuses-vct-2026-americas-stage-1-w2,VCT 2026: Americas Stage 1
artzin,FUR,1,1,1,0,0,0,0,0,0,46,1,1,Haven,2026-04-17 20:05:00,https://www.vlr.gg/645481/furia-vs-evil-geniuses-vct-2026-americas-stage-1-w2,VCT 2026: Americas Stage 1
alym,FUR,4,0,1,0,0,0,0,0,0,56,1,0,Haven,2026-04-17 20:05:00,https://www.vlr.gg/645481/furia-vs-evil-geniuses-vct-2026-americas-stage-1-w2,VCT 2026: Americas Stage 1
C0M,EG,1,0,0,0,0,0,0,0,0,30,6,2,Haven,2026-04-17 20:05:00,https://www.vlr.gg/645481/furia-vs-evil-geniuses-vct-2026-americas-stage-1-w2,VCT 2026: Americas Stage 1
supamen,EG,3,5,0,0,0,0,1,0,0,71,3,0,Haven,2026-04-17 20:05:00,https://www.vlr.gg/645481/furia-vs-evil-geniuses-vct-2026-americas-stage-1-w2,VCT 2026: Americas Stage 1
Okeanos,EG,1,0,1,0,0,0,0,0,0,31,2,0,Haven,2026-04-17 20:05:00,https://www.vlr.gg/645481/furia-vs-evil-geniuses-vct-2026-americas-stage-1-w2,VCT 2026: Americas Stage 1
dgzin,EG,4,5,0,0,0,0,0,0,0,60,0,1,Haven,2026-04-17 20:05:00,https://www.vlr.gg/645481/furia-vs-evil-geniuses-vct-2026-americas-stage-1-w2,VCT 2026: Americas Stage 1
bao,EG,2,0,1,0,0,0,0,0,0,35,1,0,Haven,2026-04-17 20:05:00,https://www.vlr.gg/645481/furia-vs-evil-geniuses-vct-2026-americas-stage-1-w2,VCT 2026: Americas Stage 1
nerve,FUR,1,1,0,0,1,0,0,0,0,68,5,0,Pearl,2026-04-17 20:05:00,https://www.vlr.gg/645481/furia-vs-evil-geniuses-vct-2026-americas-stage-1-w2,VCT 2026: Americas Stage 1
eeiu,FUR,4,0,0,0,1,0,0,0,0,48,1,0,Pearl,2026-04-17 20:05:00,https://www.vlr.gg/645481/furia-vs-evil-geniuses-vct-2026-americas-stage-1-w2,VCT 2026: Americas Stage 1
koalanoob,FUR,2,2,0,0,0,0,0,0,0,63,1,0,Pearl,2026-04-17 20:05:00,https://www.vlr.gg/645481/furia-vs-evil-geniuses-vct-2026-americas-stage-1-w2,VCT 2026: Americas Stage 1
artzin,FUR,3,0,0,0,0,0,0,0,0,70,4,1,Pearl,2026-04-17 20:05:00,https://www.vlr.gg/645481/furia-vs-evil-geniuses-vct-2026-americas-stage-1-w2,VCT 2026: Americas Stage 1
alym,FUR,3,0,2,0,0,0,1,0,0,59,0,0,Pearl,2026-04-17 20:05:00,https://www.vlr.gg/645481/furia-vs-evil-geniuses-vct-2026-americas-stage-1-w2,VCT 2026: Americas Stage 1
C0M,EG,4,0,0,0,0,0,0,0,0,63,3,0,Pearl,2026-04-17 20:05:00,https://www.vlr.gg/645481/furia-vs-evil-geniuses-vct-2026-americas-stage-1-w2,VCT 2026: Americas Stage 1
supamen,EG,5,1,0,0,1,0,0,0,0,79,0,1,Pearl,2026-04-17 20:05:00,https://www.vlr.gg/645481/furia-vs-evil-geniuses-vct-2026-americas-stage-1-w2,VCT 2026: Americas Stage 1
Okeanos,EG,0,0,0,0,0,0,0,0,0,46,0,1,Pearl,2026-04-17 20:05:00,https://www.vlr.gg/645481/furia-vs-evil-geniuses-vct-2026-americas-stage-1-w2,VCT 2026: Americas Stage 1
dgzin,EG,1,0,0,0,0,0,0,0,0,27,0,0,Pearl,2026-04-17 20:05:00,https://www.vlr.gg/645481/furia-vs-evil-geniuses-vct-2026-americas-stage-1-w2,VCT 2026: Americas Stage 1
bao,EG,4,0,0,0,0,0,0,0,0,57,0,0,Pearl,2026-04-17 20:05:00,https://www.vlr.gg/645481/furia-vs-evil-geniuses-vct-2026-americas-stage-1-w2,VCT 2026: Americas Stage 1
nerve,FUR,4,0,0,0,1,0,0,0,0,54,1,0,Lotus,2026-04-17 20:05:00,https://www.vlr.gg/645481/furia-vs-evil-geniuses-vct-2026-americas-stage-1-w2,VCT 2026: Americas Stage 1
eeiu,FUR,3,1,0,0,0,0,0,0,0,43,4,1,Lotus,2026-04-17 20:05:00,https://www.vlr.gg/645481/furia-vs-evil-geniuses-vct-2026-americas-stage-1-w2,VCT 2026: Americas Stage 1
koalanoob,FUR,2,0,0,0,0,0,0,0,0,52,0,2,Lotus,2026-04-17 20:05:00,https://www.vlr.gg/645481/furia-vs-evil-geniuses-vct-2026-americas-stage-1-w2,VCT 2026: Americas Stage 1
artzin,FUR,3,5,0,0,0,0,0,0,0,72,5,0,Lotus,2026-04-17 20:05:00,https://www.vlr.gg/645481/furia-vs-evil-geniuses-vct-2026-americas-stage-1-w2,VCT 2026: Americas Stage 1
alym,FUR,3,2,0,0,0,0,0,0,0,38,0,0,Lotus,2026-04-17 20:05:00,https://www.vlr.gg/645481/furia-vs-evil-geniuses-vct-2026-americas-stage-1-w2,VCT 2026: Americas Stage 1
C0M,EG,0,0,0,0,0,0,0,0,0,37,5,0,Lotus,2026-04-17 20:05:00,https://www.vlr.gg/645481/furia-vs-evil-geniuses-vct-2026-americas-stage-1-w2,VCT 2026: Americas Stage 1
supamen,EG,1,1,0,0,0,0,0,0,0,46,0,1,Lotus,2026-04-17 20:05:00,https://www.vlr.gg/645481/furia-vs-evil-geniuses-vct-2026-americas-stage-1-w2,VCT 2026: Americas Stage 1
Okeanos,EG,3,0,0,0,1,0,0,0,0,54,1,1,Lotus,2026-04-17 20:05:00,https://www.vlr.gg/645481/furia-vs-evil-geniuses-vct-2026-americas-stage-1-w2,VCT 2026: Americas Stage 1
dgzin,EG,3,3,0,1,0,0,0,0,0,72,0,1,Lotus,2026-04-17 20:05:00,https://www.vlr.gg/645481/furia-vs-evil-geniuses-vct-2026-americas-stage-1-w2,VCT 2026: Americas Stage 1
bao,EG,1,0,0,0,1,0,0,0,0,46,1,1,Lotus,2026-04-17 20:05:00,https://www.vlr.gg/645481/furia-vs-evil-geniuses-vct-2026-americas-stage-1-w2,VCT 2026: Americas Stage 1
BABYBAY,G2,8,1,1,0,1,0,0,0,0,49,0,1,all,2026-04-18 17:00:00,https://www.vlr.gg/645482/g2-esports-vs-leviat-n-vct-2026-americas-stage-1-w2,VCT 2026: Americas Stage 1
valyn,G2,8,1,1,0,1,0,0,0,0,42,3,4,all,2026-04-18 17:00:00,https://www.vlr.gg/645482/g2-esports-vs-leviat-n-vct-2026-americas-stage-1-w2,VCT 2026: Americas Stage 1
jawgemo,G2,8,5,0,0,0,0,0,0,0,43,2,1,all,2026-04-18 17:00:00,https://www.vlr.gg/645482/g2-esports-vs-leviat-n-vct-2026-americas-stage-1-w2,VCT 2026: Americas Stage 1
leaf,G2,10,1,0,0,0,0,0,0,0,40,6,3,all,2026-04-18 17:00:00,https://www.vlr.gg/645482/g2-esports-vs-leviat-n-vct-2026-americas-stage-1-w2,VCT 2026: Americas Stage 1
trent,G2,7,6,0,0,0,1,0,0,0,70,16,2,all,2026-04-18 17:00:00,https://www.vlr.gg/645482/g2-esports-vs-leviat-n-vct-2026-americas-stage-1-w2,VCT 2026: Americas Stage 1
kiNgg,LEV,9,0,0,0,0,1,0,0,0,42,5,2,all,2026-04-18 17:00:00,https://www.vlr.gg/645482/g2-esports-vs-leviat-n-vct-2026-americas-stage-1-w2,VCT 2026: Americas Stage 1
blowz,LEV,5,0,0,0,1,0,0,0,0,33,14,2,all,2026-04-18 17:00:00,https://www.vlr.gg/645482/g2-esports-vs-leviat-n-vct-2026-americas-stage-1-w2,VCT 2026: Americas Stage 1
Sato,LEV,10,2,2,0,0,0,0,0,0,50,4,4,all,2026-04-18 17:00:00,https://www.vlr.gg/645482/g2-esports-vs-leviat-n-vct-2026-americas-stage-1-w2,VCT 2026: Americas Stage 1
spike,LEV,13,3,0,0,0,0,0,0,0,55,0,0,all,2026-04-18 17:00:00,https://www.vlr.gg/645482/g2-esports-vs-leviat-n-vct-2026-americas-stage-1-w2,VCT 2026: Americas Stage 1
Neon,LEV,10,2,0,0,0,1,0,0,0,60,6,2,all,2026-04-18 17:00:00,https://www.vlr.gg/645482/g2-esports-vs-leviat-n-vct-2026-americas-stage-1-w2,VCT 2026: Americas Stage 1
BABYBAY,G2,3,0,0,0,0,0,0,0,0,44,0,0,Breeze,2026-04-18 17:00:00,https://www.vlr.gg/645482/g2-esports-vs-leviat-n-vct-2026-americas-stage-1-w2,VCT 2026: Americas Stage 1
valyn,G2,2,0,0,0,1,0,0,0,0,41,1,2,Breeze,2026-04-18 17:00:00,https://www.vlr.gg/645482/g2-esports-vs-leviat-n-vct-2026-americas-stage-1-w2,VCT 2026: Americas Stage 1
jawgemo,G2,1,1,0,0,0,0,0,0,0,37,1,0,Breeze,2026-04-18 17:00:00,https://www.vlr.gg/645482/g2-esports-vs-leviat-n-vct-2026-americas-stage-1-w2,VCT 2026: Americas Stage 1
leaf,G2,5,0,0,0,0,0,0,0,0,40,0,2,Breeze,2026-04-18 17:00:00,https://www.vlr.gg/645482/g2-esports-vs-leviat-n-vct-2026-americas-stage-1-w2,VCT 2026: Americas Stage 1
trent,G2,2,5,0,0,0,1,0,0,0,112,5,1,Breeze,2026-04-18 17:00:00,https://www.vlr.gg/645482/g2-esports-vs-leviat-n-vct-2026-americas-stage-1-w2,VCT 2026: Americas Stage 1
kiNgg,LEV,2,0,0,0,0,0,0,0,0,30,4,0,Breeze,2026-04-18 17:00:00,https://www.vlr.gg/645482/g2-esports-vs-leviat-n-vct-2026-americas-stage-1-w2,VCT 2026: Americas Stage 1
blowz,LEV,0,0,0,0,0,0,0,0,0,30,4,1,Breeze,2026-04-18 17:00:00,https://www.vlr.gg/645482/g2-esports-vs-leviat-n-vct-2026-americas-stage-1-w2,VCT 2026: Americas Stage 1
Sato,LEV,3,0,0,0,0,0,0,0,0,32,1,0,Breeze,2026-04-18 17:00:00,https://www.vlr.gg/645482/g2-esports-vs-leviat-n-vct-2026-americas-stage-1-w2,VCT 2026: Americas Stage 1
spike,LEV,3,1,0,0,0,0,0,0,0,69,0,0,Breeze,2026-04-18 17:00:00,https://www.vlr.gg/645482/g2-esports-vs-leviat-n-vct-2026-americas-stage-1-w2,VCT 2026: Americas Stage 1
Neon,LEV,1,1,0,0,0,0,0,0,0,71,1,0,Breeze,2026-04-18 17:00:00,https://www.vlr.gg/645482/g2-esports-vs-leviat-n-vct-2026-americas-stage-1-w2,VCT 2026: Americas Stage 1
BABYBAY,G2,4,1,1,0,1,0,0,0,0,65,0,0,Split,2026-04-18 17:00:00,https://www.vlr.gg/645482/g2-esports-vs-leviat-n-vct-2026-americas-stage-1-w2,VCT 2026: Americas Stage 1
valyn,G2,2,1,0,0,0,0,0,0,0,34,0,2,Split,2026-04-18 17:00:00,https://www.vlr.gg/645482/g2-esports-vs-leviat-n-vct-2026-americas-stage-1-w2,VCT 2026: Americas Stage 1
jawgemo,G2,3,1,0,0,0,0,0,0,0,46,1,1,Split,2026-04-18 17:00:00,https://www.vlr.gg/645482/g2-esports-vs-leviat-n-vct-2026-americas-stage-1-w2,VCT 2026: Americas Stage 1
leaf,G2,0,0,0,0,0,0,0,0,0,39,2,0,Split,2026-04-18 17:00:00,https://www.vlr.gg/645482/g2-esports-vs-leviat-n-vct-2026-americas-stage-1-w2,VCT 2026: Americas Stage 1
trent,G2,0,0,0,0,0,0,0,0,0,48,6,0,Split,2026-04-18 17:00:00,https://www.vlr.gg/645482/g2-esports-vs-leviat-n-vct-2026-americas-stage-1-w2,VCT 2026: Americas Stage 1
kiNgg,LEV,3,0,0,0,0,1,0,0,0,51,1,2,Split,2026-04-18 17:00:00,https://www.vlr.gg/645482/g2-esports-vs-leviat-n-vct-2026-americas-stage-1-w2,VCT 2026: Americas Stage 1
blowz,LEV,4,0,0,0,1,0,0,0,0,38,7,0,Split,2026-04-18 17:00:00,https://www.vlr.gg/645482/g2-esports-vs-leviat-n-vct-2026-americas-stage-1-w2,VCT 2026: Americas Stage 1
Sato,LEV,3,0,2,0,0,0,0,0,0,62,0,1,Split,2026-04-18 17:00:00,https://www.vlr.gg/645482/g2-esports-vs-leviat-n-vct-2026-americas-stage-1-w2,VCT 2026: Americas Stage 1
spike,LEV,6,0,0,0,0,0,0,0,0,46,0,0,Split,2026-04-18 17:00:00,https://www.vlr.gg/645482/g2-esports-vs-leviat-n-vct-2026-americas-stage-1-w2,VCT 2026: Americas Stage 1
Neon,LEV,4,1,0,0,0,1,0,0,0,66,1,1,Split,2026-04-18 17:00:00,https://www.vlr.gg/645482/g2-esports-vs-leviat-n-vct-2026-americas-stage-1-w2,VCT 2026: Americas Stage 1
BABYBAY,G2,1,0,0,0,0,0,0,0,0,37,0,1,Bind,2026-04-18 17:00:00,https://www.vlr.gg/645482/g2-esports-vs-leviat-n-vct-2026-americas-stage-1-w2,VCT 2026: Americas Stage 1
valyn,G2,4,0,1,0,0,0,0,0,0,50,2,0,Bind,2026-04-18 17:00:00,https://www.vlr.gg/645482/g2-esports-vs-leviat-n-vct-2026-americas-stage-1-w2,VCT 2026: Americas Stage 1
jawgemo,G2,4,3,0,0,0,0,0,0,0,47,0,0,Bind,2026-04-18 17:00:00,https://www.vlr.gg/645482/g2-esports-vs-leviat-n-vct-2026-americas-stage-1-w2,VCT 2026: Americas Stage 1
leaf,G2,5,1,0,0,0,0,0,0,0,41,4,1,Bind,2026-04-18 17:00:00,https://www.vlr.gg/645482/g2-esports-vs-leviat-n-vct-2026-americas-stage-1-w2,VCT 2026: Americas Stage 1
trent,G2,5,1,0,0,0,0,0,0,0,51,5,1,Bind,2026-04-18 17:00:00,https://www.vlr.gg/645482/g2-esports-vs-leviat-n-vct-2026-americas-stage-1-w2,VCT 2026: Americas Stage 1
kiNgg,LEV,4,0,0,0,0,0,0,0,0,44,0,0,Bind,2026-04-18 17:00:00,https://www.vlr.gg/645482/g2-esports-vs-leviat-n-vct-2026-americas-stage-1-w2,VCT 2026: Americas Stage 1
blowz,LEV,1,0,0,0,0,0,0,0,0,32,3,1,Bind,2026-04-18 17:00:00,https://www.vlr.gg/645482/g2-esports-vs-leviat-n-vct-2026-americas-stage-1-w2,VCT 2026: Americas Stage 1
Sato,LEV,4,2,0,0,0,0,0,0,0,57,3,3,Bind,2026-04-18 17:00:00,https://www.vlr.gg/645482/g2-esports-vs-leviat-n-vct-2026-americas-stage-1-w2,VCT 2026: Americas Stage 1
spike,LEV,4,2,0,0,0,0,0,0,0,50,0,0,Bind,2026-04-18 17:00:00,https://www.vlr.gg/645482/g2-esports-vs-leviat-n-vct-2026-americas-stage-1-w2,VCT 2026: Americas Stage 1
Neon,LEV,5,0,0,0,0,0,0,0,0,44,4,1,Bind,2026-04-18 17:00:00,https://www.vlr.gg/645482/g2-esports-vs-leviat-n-vct-2026-americas-stage-1-w2,VCT 2026: Americas Stage 1
tex,MIBR,3,1,0,0,1,0,0,0,0,35,1,1,all,2026-04-18 20:30:00,https://www.vlr.gg/645483/mibr-vs-loud-vct-2026-americas-stage-1-w2,VCT 2026: Americas Stage 1
zekken,MIBR,7,2,0,0,0,0,0,0,0,64,0,2,all,2026-04-18 20:30:00,https://www.vlr.gg/645483/mibr-vs-loud-vct-2026-americas-stage-1-w2,VCT 2026: Americas Stage 1
Mazino,MIBR,7,1,0,0,0,0,0,0,0,69,6,0,all,2026-04-18 20:30:00,https://www.vlr.gg/645483/mibr-vs-loud-vct-2026-americas-stage-1-w2,VCT 2026: Americas Stage 1
aspas,MIBR,10,0,0,0,0,0,0,0,0,53,1,0,all,2026-04-18 20:30:00,https://www.vlr.gg/645483/mibr-vs-loud-vct-2026-americas-stage-1-w2,VCT 2026: Americas Stage 1
Verno,MIBR,9,1,0,0,0,1,0,0,0,49,9,1,all,2026-04-18 20:30:00,https://www.vlr.gg/645483/mibr-vs-loud-vct-2026-americas-stage-1-w2,VCT 2026: Americas Stage 1
Virtyy,LOUD,4,1,2,0,1,0,0,0,0,55,0,0,all,2026-04-18 20:30:00,https://www.vlr.gg/645483/mibr-vs-loud-vct-2026-americas-stage-1-w2,VCT 2026: Americas Stage 1
Bati,LOUD,1,0,0,0,0,0,0,0,0,40,3,1,all,2026-04-18 20:30:00,https://www.vlr.gg/645483/mibr-vs-loud-vct-2026-americas-stage-1-w2,VCT 2026: Americas Stage 1
cauanzin,LOUD,5,1,1,0,1,1,0,0,0,47,5,1,all,2026-04-18 20:30:00,https://www.vlr.gg/645483/mibr-vs-loud-vct-2026-americas-stage-1-w2,VCT 2026: Americas Stage 1
Darker,LOUD,2,1,0,0,0,0,0,0,0,37,1,0,all,2026-04-18 20:30:00,https://www.vlr.gg/645483/mibr-vs-loud-vct-2026-americas-stage-1-w2,VCT 2026: Americas Stage 1
lukxo,LOUD,6,1,0,0,1,0,0,0,0,47,0,2,all,2026-04-18 20:30:00,https://www.vlr.gg/645483/mibr-vs-loud-vct-2026-americas-stage-1-w2,VCT 2026: Americas Stage 1
tex,MIBR,1,1,0,0,1,0,0,0,0,44,0,1,Haven,2026-04-18 20:30:00,https://www.vlr.gg/645483/mibr-vs-loud-vct-2026-americas-stage-1-w2,VCT 2026: Americas Stage 1
zekken,MIBR,4,0,0,0,0,0,0,0,0,66,0,2,Haven,2026-04-18 20:30:00,https://www.vlr.gg/645483/mibr-vs-loud-vct-2026-americas-stage-1-w2,VCT 2026: Americas Stage 1
Mazino,MIBR,3,0,0,0,0,0,0,0,0,56,1,0,Haven,2026-04-18 20:30:00,https://www.vlr.gg/645483/mibr-vs-loud-vct-2026-americas-stage-1-w2,VCT 2026: Americas Stage 1
aspas,MIBR,7,0,0,0,0,0,0,0,0,52,0,0,Haven,2026-04-18 20:30:00,https://www.vlr.gg/645483/mibr-vs-loud-vct-2026-americas-stage-1-w2,VCT 2026: Americas Stage 1
Verno,MIBR,5,1,0,0,0,0,0,0,0,55,5,1,Haven,2026-04-18 20:30:00,https://www.vlr.gg/645483/mibr-vs-loud-vct-2026-americas-stage-1-w2,VCT 2026: Americas Stage 1
Virtyy,LOUD,2,1,1,0,0,0,0,0,0,54,0,0,Haven,2026-04-18 20:30:00,https://www.vlr.gg/645483/mibr-vs-loud-vct-2026-americas-stage-1-w2,VCT 2026: Americas Stage 1
Bati,LOUD,0,0,0,0,0,0,0,0,0,36,3,0,Haven,2026-04-18 20:30:00,https://www.vlr.gg/645483/mibr-vs-loud-vct-2026-americas-stage-1-w2,VCT 2026: Americas Stage 1
cauanzin,LOUD,3,0,1,0,1,1,0,0,0,38,3,1,Haven,2026-04-18 20:30:00,https://www.vlr.gg/645483/mibr-vs-loud-vct-2026-americas-stage-1-w2,VCT 2026: Americas Stage 1
Darker,LOUD,2,1,0,0,0,0,0,0,0,45,1,0,Haven,2026-04-18 20:30:00,https://www.vlr.gg/645483/mibr-vs-loud-vct-2026-americas-stage-1-w2,VCT 2026: Americas Stage 1
lukxo,LOUD,4,1,0,0,1,0,0,0,0,64,0,2,Haven,2026-04-18 20:30:00,https://www.vlr.gg/645483/mibr-vs-loud-vct-2026-americas-stage-1-w2,VCT 2026: Americas Stage 1
tex,MIBR,2,0,0,0,0,0,0,0,0,26,1,0,Split,2026-04-18 20:30:00,https://www.vlr.gg/645483/mibr-vs-loud-vct-2026-americas-stage-1-w2,VCT 2026: Americas Stage 1
zekken,MIBR,3,2,0,0,0,0,0,0,0,62,0,0,Split,2026-04-18 20:30:00,https://www.vlr.gg/645483/mibr-vs-loud-vct-2026-americas-stage-1-w2,VCT 2026: Americas Stage 1
Mazino,MIBR,4,1,0,0,0,0,0,0,0,81,5,0,Split,2026-04-18 20:30:00,https://www.vlr.gg/645483/mibr-vs-loud-vct-2026-americas-stage-1-w2,VCT 2026: Americas Stage 1
aspas,MIBR,3,0,0,0,0,0,0,0,0,54,1,0,Split,2026-04-18 20:30:00,https://www.vlr.gg/645483/mibr-vs-loud-vct-2026-americas-stage-1-w2,VCT 2026: Americas Stage 1
Verno,MIBR,4,0,0,0,0,1,0,0,0,43,4,0,Split,2026-04-18 20:30:00,https://www.vlr.gg/645483/mibr-vs-loud-vct-2026-americas-stage-1-w2,VCT 2026: Americas Stage 1
Virtyy,LOUD,2,0,1,0,1,0,0,0,0,56,0,0,Split,2026-04-18 20:30:00,https://www.vlr.gg/645483/mibr-vs-loud-vct-2026-americas-stage-1-w2,VCT 2026: Americas Stage 1
Bati,LOUD,1,0,0,0,0,0,0,0,0,44,0,1,Split,2026-04-18 20:30:00,https://www.vlr.gg/645483/mibr-vs-loud-vct-2026-americas-stage-1-w2,VCT 2026: Americas Stage 1
cauanzin,LOUD,2,1,0,0,0,0,0,0,0,56,2,0,Split,2026-04-18 20:30:00,https://www.vlr.gg/645483/mibr-vs-loud-vct-2026-americas-stage-1-w2,VCT 2026: Americas Stage 1
Darker,LOUD,0,0,0,0,0,0,0,0,0,29,0,0,Split,2026-04-18 20:30:00,https://www.vlr.gg/645483/mibr-vs-loud-vct-2026-americas-stage-1-w2,VCT 2026: Americas Stage 1
lukxo,LOUD,2,0,0,0,0,0,0,0,0,30,0,0,Split,2026-04-18 20:30:00,https://www.vlr.gg/645483/mibr-vs-loud-vct-2026-americas-stage-1-w2,VCT 2026: Americas Stage 1
brawk,NRG,5,2,1,0,0,1,0,0,0,54,4,1,all,2026-04-19 17:00:00,https://www.vlr.gg/645484/nrg-vs-kr-esports-vct-2026-americas-stage-1-w2,VCT 2026: Americas Stage 1
mada,NRG,6,0,0,0,2,0,0,0,0,36,0,0,all,2026-04-19 17:00:00,https://www.vlr.gg/645484/nrg-vs-kr-esports-vct-2026-americas-stage-1-w2,VCT 2026: Americas Stage 1
skuba,NRG,8,0,0,0,1,0,0,0,0,63,4,2,all,2026-04-19 17:00:00,https://www.vlr.gg/645484/nrg-vs-kr-esports-vct-2026-americas-stage-1-w2,VCT 2026: Americas Stage 1
Ethan,NRG,6,1,0,0,0,0,0,0,0,51,8,1,all,2026-04-19 17:00:00,https://www.vlr.gg/645484/nrg-vs-kr-esports-vct-2026-americas-stage-1-w2,VCT 2026: Americas Stage 1
keiko,NRG,4,0,0,0,0,0,0,0,0,33,0,0,all,2026-04-19 17:00:00,https://www.vlr.gg/645484/nrg-vs-kr-esports-vct-2026-americas-stage-1-w2,VCT 2026: Americas Stage 1
saadhak,KRÜ,3,3,2,0,0,0,0,0,0,64,2,0,all,2026-04-19 17:00:00,https://www.vlr.gg/645484/nrg-vs-kr-esports-vct-2026-americas-stage-1-w2,VCT 2026: Americas Stage 1
mwzera,KRÜ,5,2,0,0,2,1,0,0,0,46,10,3,all,2026-04-19 17:00:00,https://www.vlr.gg/645484/nrg-vs-kr-esports-vct-2026-americas-stage-1-w2,VCT 2026: Americas Stage 1
Less,KRÜ,12,3,0,0,1,0,0,0,0,87,1,2,all,2026-04-19 17:00:00,https://www.vlr.gg/645484/nrg-vs-kr-esports-vct-2026-americas-stage-1-w2,VCT 2026: Americas Stage 1
silentzz,KRÜ,8,0,0,0,0,0,0,0,0,42,1,2,all,2026-04-19 17:00:00,https://www.vlr.gg/645484/nrg-vs-kr-esports-vct-2026-americas-stage-1-w2,VCT 2026: Americas Stage 1
Dantedeu5,KRÜ,8,0,0,0,0,0,0,0,0,44,0,0,all,2026-04-19 17:00:00,https://www.vlr.gg/645484/nrg-vs-kr-esports-vct-2026-americas-stage-1-w2,VCT 2026: Americas Stage 1
brawk,NRG,3,1,1,0,0,1,0,0,0,66,2,1,Lotus,2026-04-19 17:00:00,https://www.vlr.gg/645484/nrg-vs-kr-esports-vct-2026-americas-stage-1-w2,VCT 2026: Americas Stage 1
mada,NRG,6,0,0,0,0,0,0,0,0,53,0,0,Lotus,2026-04-19 17:00:00,https://www.vlr.gg/645484/nrg-vs-kr-esports-vct-2026-americas-stage-1-w2,VCT 2026: Americas Stage 1
skuba,NRG,3,0,0,0,0,0,0,0,0,50,2,2,Lotus,2026-04-19 17:00:00,https://www.vlr.gg/645484/nrg-vs-kr-esports-vct-2026-americas-stage-1-w2,VCT 2026: Americas Stage 1
Ethan,NRG,2,0,0,0,0,0,0,0,0,40,5,1,Lotus,2026-04-19 17:00:00,https://www.vlr.gg/645484/nrg-vs-kr-esports-vct-2026-americas-stage-1-w2,VCT 2026: Americas Stage 1
keiko,NRG,2,0,0,0,0,0,0,0,0,31,0,0,Lotus,2026-04-19 17:00:00,https://www.vlr.gg/645484/nrg-vs-kr-esports-vct-2026-americas-stage-1-w2,VCT 2026: Americas Stage 1
saadhak,KRÜ,2,2,2,0,0,0,0,0,0,71,1,0,Lotus,2026-04-19 17:00:00,https://www.vlr.gg/645484/nrg-vs-kr-esports-vct-2026-americas-stage-1-w2,VCT 2026: Americas Stage 1
mwzera,KRÜ,3,0,0,0,1,1,0,0,0,52,6,2,Lotus,2026-04-19 17:00:00,https://www.vlr.gg/645484/nrg-vs-kr-esports-vct-2026-americas-stage-1-w2,VCT 2026: Americas Stage 1
Less,KRÜ,7,0,0,0,1,0,0,0,0,58,1,1,Lotus,2026-04-19 17:00:00,https://www.vlr.gg/645484/nrg-vs-kr-esports-vct-2026-americas-stage-1-w2,VCT 2026: Americas Stage 1
silentzz,KRÜ,4,0,0,0,0,0,0,0,0,42,1,1,Lotus,2026-04-19 17:00:00,https://www.vlr.gg/645484/nrg-vs-kr-esports-vct-2026-americas-stage-1-w2,VCT 2026: Americas Stage 1
Dantedeu5,KRÜ,4,0,0,0,0,0,0,0,0,44,0,0,Lotus,2026-04-19 17:00:00,https://www.vlr.gg/645484/nrg-vs-kr-esports-vct-2026-americas-stage-1-w2,VCT 2026: Americas Stage 1
brawk,NRG,2,1,0,0,0,0,0,0,0,42,2,0,Split,2026-04-19 17:00:00,https://www.vlr.gg/645484/nrg-vs-kr-esports-vct-2026-americas-stage-1-w2,VCT 2026: Americas Stage 1
mada,NRG,0,0,0,0,2,0,0,0,0,18,0,0,Split,2026-04-19 17:00:00,https://www.vlr.gg/645484/nrg-vs-kr-esports-vct-2026-americas-stage-1-w2,VCT 2026: Americas Stage 1
skuba,NRG,5,0,0,0,1,0,0,0,0,75,2,0,Split,2026-04-19 17:00:00,https://www.vlr.gg/645484/nrg-vs-kr-esports-vct-2026-americas-stage-1-w2,VCT 2026: Americas Stage 1
Ethan,NRG,4,1,0,0,0,0,0,0,0,62,3,0,Split,2026-04-19 17:00:00,https://www.vlr.gg/645484/nrg-vs-kr-esports-vct-2026-americas-stage-1-w2,VCT 2026: Americas Stage 1
keiko,NRG,2,0,0,0,0,0,0,0,0,34,0,0,Split,2026-04-19 17:00:00,https://www.vlr.gg/645484/nrg-vs-kr-esports-vct-2026-americas-stage-1-w2,VCT 2026: Americas Stage 1
saadhak,KRÜ,1,1,0,0,0,0,0,0,0,57,1,0,Split,2026-04-19 17:00:00,https://www.vlr.gg/645484/nrg-vs-kr-esports-vct-2026-americas-stage-1-w2,VCT 2026: Americas Stage 1
mwzera,KRÜ,2,2,0,0,1,0,0,0,0,40,4,1,Split,2026-04-19 17:00:00,https://www.vlr.gg/645484/nrg-vs-kr-esports-vct-2026-americas-stage-1-w2,VCT 2026: Americas Stage 1
Less,KRÜ,5,3,0,0,0,0,0,0,0,115,0,1,Split,2026-04-19 17:00:00,https://www.vlr.gg/645484/nrg-vs-kr-esports-vct-2026-americas-stage-1-w2,VCT 2026: Americas Stage 1
silentzz,KRÜ,4,0,0,0,0,0,0,0,0,41,0,1,Split,2026-04-19 17:00:00,https://www.vlr.gg/645484/nrg-vs-kr-esports-vct-2026-americas-stage-1-w2,VCT 2026: Americas Stage 1
Dantedeu5,KRÜ,4,0,0,0,0,0,0,0,0,43,0,0,Split,2026-04-19 17:00:00,https://www.vlr.gg/645484/nrg-vs-kr-esports-vct-2026-americas-stage-1-w2,VCT 2026: Americas Stage 1
Asuna,100T,4,0,0,0,1,0,0,0,0,37,2,1,all,2026-04-19 19:20:00,https://www.vlr.gg/645485/100-thieves-vs-sentinels-vct-2026-americas-stage-1-w2,VCT 2026: Americas Stage 1
bang,100T,8,2,1,0,1,0,0,0,0,37,4,0,all,2026-04-19 19:20:00,https://www.vlr.gg/645485/100-thieves-vs-sentinels-vct-2026-americas-stage-1-w2,VCT 2026: Americas Stage 1
Cryocells,100T,8,6,0,0,1,1,0,0,0,57,0,0,all,2026-04-19 19:20:00,https://www.vlr.gg/645485/100-thieves-vs-sentinels-vct-2026-americas-stage-1-w2,VCT 2026: Americas Stage 1
vora,100T,8,2,0,0,2,1,0,0,0,40,7,3,all,2026-04-19 19:20:00,https://www.vlr.gg/645485/100-thieves-vs-sentinels-vct-2026-americas-stage-1-w2,VCT 2026: Americas Stage 1
Timotino,100T,7,0,2,0,1,0,0,0,0,42,1,3,all,2026-04-19 19:20:00,https://www.vlr.gg/645485/100-thieves-vs-sentinels-vct-2026-americas-stage-1-w2,VCT 2026: Americas Stage 1
johnqt,SEN,8,0,0,0,0,0,0,0,0,42,4,0,all,2026-04-19 19:20:00,https://www.vlr.gg/645485/100-thieves-vs-sentinels-vct-2026-americas-stage-1-w2,VCT 2026: Americas Stage 1
JonahP,SEN,6,3,0,0,0,1,0,0,0,45,10,3,all,2026-04-19 19:20:00,https://www.vlr.gg/645485/100-thieves-vs-sentinels-vct-2026-americas-stage-1-w2,VCT 2026: Americas Stage 1
cortezia,SEN,9,3,1,0,0,1,0,0,0,57,2,0,all,2026-04-19 19:20:00,https://www.vlr.gg/645485/100-thieves-vs-sentinels-vct-2026-americas-stage-1-w2,VCT 2026: Americas Stage 1
Reduxx,SEN,7,3,0,0,0,0,1,0,0,53,3,1,all,2026-04-19 19:20:00,https://www.vlr.gg/645485/100-thieves-vs-sentinels-vct-2026-americas-stage-1-w2,VCT 2026: Americas Stage 1
Jerrwin,SEN,10,1,0,0,0,0,0,0,0,39,1,0,all,2026-04-19 19:20:00,https://www.vlr.gg/645485/100-thieves-vs-sentinels-vct-2026-americas-stage-1-w2,VCT 2026: Americas Stage 1
Asuna,100T,2,0,0,0,1,0,0,0,0,39,0,0,Haven,2026-04-19 19:20:00,https://www.vlr.gg/645485/100-thieves-vs-sentinels-vct-2026-americas-stage-1-w2,VCT 2026: Americas Stage 1
bang,100T,3,1,0,0,1,0,0,0,0,39,3,0,Haven,2026-04-19 19:20:00,https://www.vlr.gg/645485/100-thieves-vs-sentinels-vct-2026-americas-stage-1-w2,VCT 2026: Americas Stage 1
Cryocells,100T,2,2,0,0,0,1,0,0,0,61,0,0,Haven,2026-04-19 19:20:00,https://www.vlr.gg/645485/100-thieves-vs-sentinels-vct-2026-americas-stage-1-w2,VCT 2026: Americas Stage 1
vora,100T,2,1,0,0,1,0,0,0,0,41,4,2,Haven,2026-04-19 19:20:00,https://www.vlr.gg/645485/100-thieves-vs-sentinels-vct-2026-americas-stage-1-w2,VCT 2026: Americas Stage 1
Timotino,100T,4,0,0,0,0,0,0,0,0,45,1,1,Haven,2026-04-19 19:20:00,https://www.vlr.gg/645485/100-thieves-vs-sentinels-vct-2026-americas-stage-1-w2,VCT 2026: Americas Stage 1
johnqt,SEN,4,0,0,0,0,0,0,0,0,52,1,0,Haven,2026-04-19 19:20:00,https://www.vlr.gg/645485/100-thieves-vs-sentinels-vct-2026-americas-stage-1-w2,VCT 2026: Americas Stage 1
JonahP,SEN,1,2,0,0,0,0,0,0,0,46,5,2,Haven,2026-04-19 19:20:00,https://www.vlr.gg/645485/100-thieves-vs-sentinels-vct-2026-americas-stage-1-w2,VCT 2026: Americas Stage 1
cortezia,SEN,2,1,0,0,0,0,0,0,0,62,2,0,Haven,2026-04-19 19:20:00,https://www.vlr.gg/645485/100-thieves-vs-sentinels-vct-2026-americas-stage-1-w2,VCT 2026: Americas Stage 1
Reduxx,SEN,4,1,0,0,0,0,0,0,0,67,2,1,Haven,2026-04-19 19:20:00,https://www.vlr.gg/645485/100-thieves-vs-sentinels-vct-2026-americas-stage-1-w2,VCT 2026: Americas Stage 1
Jerrwin,SEN,4,0,0,0,0,0,0,0,0,38,0,0,Haven,2026-04-19 19:20:00,https://www.vlr.gg/645485/100-thieves-vs-sentinels-vct-2026-americas-stage-1-w2,VCT 2026: Americas Stage 1
Asuna,100T,2,0,0,0,0,0,0,0,0,34,2,1,Split,2026-04-19 19:20:00,https://www.vlr.gg/645485/100-thieves-vs-sentinels-vct-2026-americas-stage-1-w2,VCT 2026: Americas Stage 1
bang,100T,5,1,1,0,0,0,0,0,0,35,1,0,Split,2026-04-19 19:20:00,https://www.vlr.gg/645485/100-thieves-vs-sentinels-vct-2026-americas-stage-1-w2,VCT 2026: Americas Stage 1
Cryocells,100T,6,4,0,0,1,0,0,0,0,53,0,0,Split,2026-04-19 19:20:00,https://www.vlr.gg/645485/100-thieves-vs-sentinels-vct-2026-americas-stage-1-w2,VCT 2026: Americas Stage 1
vora,100T,6,1,0,0,1,1,0,0,0,39,3,1,Split,2026-04-19 19:20:00,https://www.vlr.gg/645485/100-thieves-vs-sentinels-vct-2026-americas-stage-1-w2,VCT 2026: Americas Stage 1
Timotino,100T,3,0,2,0,1,0,0,0,0,39,0,2,Split,2026-04-19 19:20:00,https://www.vlr.gg/645485/100-thieves-vs-sentinels-vct-2026-americas-stage-1-w2,VCT 2026: Americas Stage 1
johnqt,SEN,4,0,0,0,0,0,0,0,0,31,3,0,Split,2026-04-19 19:20:00,https://www.vlr.gg/645485/100-thieves-vs-sentinels-vct-2026-americas-stage-1-w2,VCT 2026: Americas Stage 1
JonahP,SEN,5,1,0,0,0,1,0,0,0,43,5,1,Split,2026-04-19 19:20:00,https://www.vlr.gg/645485/100-thieves-vs-sentinels-vct-2026-americas-stage-1-w2,VCT 2026: Americas Stage 1
cortezia,SEN,7,2,1,0,0,1,0,0,0,51,0,0,Split,2026-04-19 19:20:00,https://www.vlr.gg/645485/100-thieves-vs-sentinels-vct-2026-americas-stage-1-w2,VCT 2026: Americas Stage 1
Reduxx,SEN,3,2,0,0,0,0,1,0,0,38,1,0,Split,2026-04-19 19:20:00,https://www.vlr.gg/645485/100-thieves-vs-sentinels-vct-2026-americas-stage-1-w2,VCT 2026: Americas Stage 1
Jerrwin,SEN,6,1,0,0,0,0,0,0,0,40,1,0,Split,2026-04-19 19:20:00,https://www.vlr.gg/645485/100-thieves-vs-sentinels-vct-2026-americas-stage-1-w2,VCT 2026: Americas Stage 1
kiNgg,LEV,3,0,0,0,0,0,0,0,0,45,1,0,all,2026-04-24 17:00:00,https://www.vlr.gg/645486/leviat-n-vs-envy-vct-2026-americas-stage-1-w3,VCT 2026: Americas Stage 1
blowz,LEV,11,3,0,0,1,1,0,0,0,87,11,0,all,2026-04-24 17:00:00,https://www.vlr.gg/645486/leviat-n-vs-envy-vct-2026-americas-stage-1-w3,VCT 2026: Americas Stage 1
Sato,LEV,4,0,2,0,0,0,0,0,0,65,1,1,all,2026-04-24 17:00:00,https://www.vlr.gg/645486/leviat-n-vs-envy-vct-2026-americas-stage-1-w3,VCT 2026: Americas Stage 1
spike,LEV,9,1,1,0,0,1,0,0,0,67,0,0,all,2026-04-24 17:00:00,https://www.vlr.gg/645486/leviat-n-vs-envy-vct-2026-americas-stage-1-w3,VCT 2026: Americas Stage 1
Neon,LEV,5,1,0,0,0,0,0,0,0,52,4,0,all,2026-04-24 17:00:00,https://www.vlr.gg/645486/leviat-n-vs-envy-vct-2026-americas-stage-1-w3,VCT 2026: Americas Stage 1
Rossy,ENVY,3,1,0,0,0,0,0,0,0,52,0,0,all,2026-04-24 17:00:00,https://www.vlr.gg/645486/leviat-n-vs-envy-vct-2026-americas-stage-1-w3,VCT 2026: Americas Stage 1
keznit,ENVY,4,1,0,0,0,0,0,0,0,34,1,2,all,2026-04-24 17:00:00,https://www.vlr.gg/645486/leviat-n-vs-envy-vct-2026-americas-stage-1-w3,VCT 2026: Americas Stage 1
P0PPIN,ENVY,6,1,0,0,0,1,0,0,0,56,3,0,all,2026-04-24 17:00:00,https://www.vlr.gg/645486/leviat-n-vs-envy-vct-2026-americas-stage-1-w3,VCT 2026: Americas Stage 1
Demon1,ENVY,3,1,0,0,0,0,0,0,0,40,0,0,all,2026-04-24 17:00:00,https://www.vlr.gg/645486/leviat-n-vs-envy-vct-2026-americas-stage-1-w3,VCT 2026: Americas Stage 1
Eggsterr,ENVY,3,1,0,0,0,0,0,0,0,45,0,0,all,2026-04-24 17:00:00,https://www.vlr.gg/645486/leviat-n-vs-envy-vct-2026-americas-stage-1-w3,VCT 2026: Americas Stage 1
kiNgg,LEV,2,0,0,0,0,0,0,0,0,44,1,0,Bind,2026-04-24 17:00:00,https://www.vlr.gg/645486/leviat-n-vs-envy-vct-2026-americas-stage-1-w3,VCT 2026: Americas Stage 1
blowz,LEV,8,2,0,0,1,1,0,0,0,110,6,0,Bind,2026-04-24 17:00:00,https://www.vlr.gg/645486/leviat-n-vs-envy-vct-2026-americas-stage-1-w3,VCT 2026: Americas Stage 1
Sato,LEV,2,0,0,0,0,0,0,0,0,51,0,0,Bind,2026-04-24 17:00:00,https://www.vlr.gg/645486/leviat-n-vs-envy-vct-2026-americas-stage-1-w3,VCT 2026: Americas Stage 1
spike,LEV,4,1,0,0,0,0,0,0,0,77,0,0,Bind,2026-04-24 17:00:00,https://www.vlr.gg/645486/leviat-n-vs-envy-vct-2026-americas-stage-1-w3,VCT 2026: Americas Stage 1
Neon,LEV,3,0,0,0,0,0,0,0,0,49,4,0,Bind,2026-04-24 17:00:00,https://www.vlr.gg/645486/leviat-n-vs-envy-vct-2026-americas-stage-1-w3,VCT 2026: Americas Stage 1
Rossy,ENVY,2,1,0,0,0,0,0,0,0,69,0,0,Bind,2026-04-24 17:00:00,https://www.vlr.gg/645486/leviat-n-vs-envy-vct-2026-americas-stage-1-w3,VCT 2026: Americas Stage 1
keznit,ENVY,3,1,0,0,0,0,0,0,0,29,0,2,Bind,2026-04-24 17:00:00,https://www.vlr.gg/645486/leviat-n-vs-envy-vct-2026-americas-stage-1-w3,VCT 2026: Americas Stage 1
P0PPIN,ENVY,3,1,0,0,0,0,0,0,0,54,2,0,Bind,2026-04-24 17:00:00,https://www.vlr.gg/645486/leviat-n-vs-envy-vct-2026-americas-stage-1-w3,VCT 2026: Americas Stage 1
Demon1,ENVY,2,0,0,0,0,0,0,0,0,38,0,0,Bind,2026-04-24 17:00:00,https://www.vlr.gg/645486/leviat-n-vs-envy-vct-2026-americas-stage-1-w3,VCT 2026: Americas Stage 1
Eggsterr,ENVY,1,0,0,0,0,0,0,0,0,41,0,0,Bind,2026-04-24 17:00:00,https://www.vlr.gg/645486/leviat-n-vs-envy-vct-2026-americas-stage-1-w3,VCT 2026: Americas Stage 1
kiNgg,LEV,1,0,0,0,0,0,0,0,0,45,0,0,Fracture,2026-04-24 17:00:00,https://www.vlr.gg/645486/leviat-n-vs-envy-vct-2026-americas-stage-1-w3,VCT 2026: Americas Stage 1
blowz,LEV,3,1,0,0,0,0,0,0,0,63,5,0,Fracture,2026-04-24 17:00:00,https://www.vlr.gg/645486/leviat-n-vs-envy-vct-2026-americas-stage-1-w3,VCT 2026: Americas Stage 1
Sato,LEV,2,0,2,0,0,0,0,0,0,79,1,1,Fracture,2026-04-24 17:00:00,https://www.vlr.gg/645486/leviat-n-vs-envy-vct-2026-americas-stage-1-w3,VCT 2026: Americas Stage 1
spike,LEV,5,0,1,0,0,1,0,0,0,56,0,0,Fracture,2026-04-24 17:00:00,https://www.vlr.gg/645486/leviat-n-vs-envy-vct-2026-americas-stage-1-w3,VCT 2026: Americas Stage 1
Neon,LEV,2,1,0,0,0,0,0,0,0,55,0,0,Fracture,2026-04-24 17:00:00,https://www.vlr.gg/645486/leviat-n-vs-envy-vct-2026-americas-stage-1-w3,VCT 2026: Americas Stage 1
Rossy,ENVY,1,0,0,0,0,0,0,0,0,34,0,0,Fracture,2026-04-24 17:00:00,https://www.vlr.gg/645486/leviat-n-vs-envy-vct-2026-americas-stage-1-w3,VCT 2026: Americas Stage 1
keznit,ENVY,1,0,0,0,0,0,0,0,0,39,1,0,Fracture,2026-04-24 17:00:00,https://www.vlr.gg/645486/leviat-n-vs-envy-vct-2026-americas-stage-1-w3,VCT 2026: Americas Stage 1
P0PPIN,ENVY,3,0,0,0,0,1,0,0,0,58,1,0,Fracture,2026-04-24 17:00:00,https://www.vlr.gg/645486/leviat-n-vs-envy-vct-2026-americas-stage-1-w3,VCT 2026: Americas Stage 1
Demon1,ENVY,1,1,0,0,0,0,0,0,0,41,0,0,Fracture,2026-04-24 17:00:00,https://www.vlr.gg/645486/leviat-n-vs-envy-vct-2026-americas-stage-1-w3,VCT 2026: Americas Stage 1
Eggsterr,ENVY,2,1,0,0,0,0,0,0,0,48,0,0,Fracture,2026-04-24 17:00:00,https://www.vlr.gg/645486/leviat-n-vs-envy-vct-2026-americas-stage-1-w3,VCT 2026: Americas Stage 1
BABYBAY,G2,8,3,0,0,1,0,0,0,0,65,2,2,all,2026-04-24 18:40:00,https://www.vlr.gg/645487/g2-esports-vs-loud-vct-2026-americas-stage-1-w3,VCT 2026: Americas Stage 1
valyn,G2,7,1,2,0,0,0,0,0,0,75,5,0,all,2026-04-24 18:40:00,https://www.vlr.gg/645487/g2-esports-vs-loud-vct-2026-americas-stage-1-w3,VCT 2026: Americas Stage 1
jawgemo,G2,7,1,0,0,1,0,0,0,0,47,1,1,all,2026-04-24 18:40:00,https://www.vlr.gg/645487/g2-esports-vs-loud-vct-2026-americas-stage-1-w3,VCT 2026: Americas Stage 1
leaf,G2,5,3,0,0,0,1,0,0,0,60,1,1,all,2026-04-24 18:40:00,https://www.vlr.gg/645487/g2-esports-vs-loud-vct-2026-americas-stage-1-w3,VCT 2026: Americas Stage 1
trent,G2,5,1,0,0,0,0,0,0,0,58,6,2,all,2026-04-24 18:40:00,https://www.vlr.gg/645487/g2-esports-vs-loud-vct-2026-americas-stage-1-w3,VCT 2026: Americas Stage 1
Virtyy,LOUD,5,0,0,0,0,0,0,0,0,41,1,0,all,2026-04-24 18:40:00,https://www.vlr.gg/645487/g2-esports-vs-loud-vct-2026-americas-stage-1-w3,VCT 2026: Americas Stage 1
Bati,LOUD,5,1,0,0,0,0,0,0,0,30,5,1,all,2026-04-24 18:40:00,https://www.vlr.gg/645487/g2-esports-vs-loud-vct-2026-americas-stage-1-w3,VCT 2026: Americas Stage 1
cauanzin,LOUD,3,3,0,0,1,2,0,0,0,44,9,0,all,2026-04-24 18:40:00,https://www.vlr.gg/645487/g2-esports-vs-loud-vct-2026-americas-stage-1-w3,VCT 2026: Americas Stage 1
Darker,LOUD,4,0,1,0,0,0,0,0,0,45,1,1,all,2026-04-24 18:40:00,https://www.vlr.gg/645487/g2-esports-vs-loud-vct-2026-americas-stage-1-w3,VCT 2026: Americas Stage 1
lukxo,LOUD,12,1,1,0,2,0,0,0,0,64,1,0,all,2026-04-24 18:40:00,https://www.vlr.gg/645487/g2-esports-vs-loud-vct-2026-americas-stage-1-w3,VCT 2026: Americas Stage 1
BABYBAY,G2,7,1,0,0,1,0,0,0,0,85,1,1,Haven,2026-04-24 18:40:00,https://www.vlr.gg/645487/g2-esports-vs-loud-vct-2026-americas-stage-1-w3,VCT 2026: Americas Stage 1
valyn,G2,5,0,1,0,0,0,0,0,0,70,2,0,Haven,2026-04-24 18:40:00,https://www.vlr.gg/645487/g2-esports-vs-loud-vct-2026-americas-stage-1-w3,VCT 2026: Americas Stage 1
jawgemo,G2,3,0,0,0,1,0,0,0,0,57,0,0,Haven,2026-04-24 18:40:00,https://www.vlr.gg/645487/g2-esports-vs-loud-vct-2026-americas-stage-1-w3,VCT 2026: Americas Stage 1
leaf,G2,2,1,0,0,0,1,0,0,0,59,1,1,Haven,2026-04-24 18:40:00,https://www.vlr.gg/645487/g2-esports-vs-loud-vct-2026-americas-stage-1-w3,VCT 2026: Americas Stage 1
trent,G2,1,1,0,0,0,0,0,0,0,38,4,1,Haven,2026-04-24 18:40:00,https://www.vlr.gg/645487/g2-esports-vs-loud-vct-2026-americas-stage-1-w3,VCT 2026: Americas Stage 1
Virtyy,LOUD,2,0,0,0,0,0,0,0,0,49,1,0,Haven,2026-04-24 18:40:00,https://www.vlr.gg/645487/g2-esports-vs-loud-vct-2026-americas-stage-1-w3,VCT 2026: Americas Stage 1
Bati,LOUD,3,1,0,0,0,0,0,0,0,36,2,0,Haven,2026-04-24 18:40:00,https://www.vlr.gg/645487/g2-esports-vs-loud-vct-2026-americas-stage-1-w3,VCT 2026: Americas Stage 1
cauanzin,LOUD,2,1,0,0,1,2,0,0,0,40,4,0,Haven,2026-04-24 18:40:00,https://www.vlr.gg/645487/g2-esports-vs-loud-vct-2026-americas-stage-1-w3,VCT 2026: Americas Stage 1
Darker,LOUD,0,0,1,0,0,0,0,0,0,42,1,1,Haven,2026-04-24 18:40:00,https://www.vlr.gg/645487/g2-esports-vs-loud-vct-2026-americas-stage-1-w3,VCT 2026: Americas Stage 1
lukxo,LOUD,5,0,1,0,1,0,0,0,0,62,1,0,Haven,2026-04-24 18:40:00,https://www.vlr.gg/645487/g2-esports-vs-loud-vct-2026-americas-stage-1-w3,VCT 2026: Americas Stage 1
BABYBAY,G2,1,2,0,0,0,0,0,0,0,44,1,1,Pearl,2026-04-24 18:40:00,https://www.vlr.gg/645487/g2-esports-vs-loud-vct-2026-americas-stage-1-w3,VCT 2026: Americas Stage 1
valyn,G2,2,1,1,0,0,0,0,0,0,79,3,0,Pearl,2026-04-24 18:40:00,https://www.vlr.gg/645487/g2-esports-vs-loud-vct-2026-americas-stage-1-w3,VCT 2026: Americas Stage 1
jawgemo,G2,4,1,0,0,0,0,0,0,0,37,1,1,Pearl,2026-04-24 18:40:00,https://www.vlr.gg/645487/g2-esports-vs-loud-vct-2026-americas-stage-1-w3,VCT 2026: Americas Stage 1
leaf,G2,3,2,0,0,0,0,0,0,0,61,0,0,Pearl,2026-04-24 18:40:00,https://www.vlr.gg/645487/g2-esports-vs-loud-vct-2026-americas-stage-1-w3,VCT 2026: Americas Stage 1
trent,G2,4,0,0,0,0,0,0,0,0,78,2,1,Pearl,2026-04-24 18:40:00,https://www.vlr.gg/645487/g2-esports-vs-loud-vct-2026-americas-stage-1-w3,VCT 2026: Americas Stage 1
Virtyy,LOUD,3,0,0,0,0,0,0,0,0,32,0,0,Pearl,2026-04-24 18:40:00,https://www.vlr.gg/645487/g2-esports-vs-loud-vct-2026-americas-stage-1-w3,VCT 2026: Americas Stage 1
Bati,LOUD,2,0,0,0,0,0,0,0,0,24,3,1,Pearl,2026-04-24 18:40:00,https://www.vlr.gg/645487/g2-esports-vs-loud-vct-2026-americas-stage-1-w3,VCT 2026: Americas Stage 1
cauanzin,LOUD,1,2,0,0,0,0,0,0,0,48,5,0,Pearl,2026-04-24 18:40:00,https://www.vlr.gg/645487/g2-esports-vs-loud-vct-2026-americas-stage-1-w3,VCT 2026: Americas Stage 1
Darker,LOUD,4,0,0,0,0,0,0,0,0,48,0,0,Pearl,2026-04-24 18:40:00,https://www.vlr.gg/645487/g2-esports-vs-loud-vct-2026-americas-stage-1-w3,VCT 2026: Americas Stage 1
lukxo,LOUD,7,1,0,0,1,0,0,0,0,66,0,0,Pearl,2026-04-24 18:40:00,https://www.vlr.gg/645487/g2-esports-vs-loud-vct-2026-americas-stage-1-w3,VCT 2026: Americas Stage 1
nerve,FUR,4,1,1,0,0,0,0,0,0,66,3,0,all,2026-04-25 17:00:00,https://www.vlr.gg/645488/furia-vs-kr-esports-vct-2026-americas-stage-1-w3,VCT 2026: Americas Stage 1
eeiu,FUR,5,1,0,0,0,0,0,0,0,47,1,0,all,2026-04-25 17:00:00,https://www.vlr.gg/645488/furia-vs-kr-esports-vct-2026-americas-stage-1-w3,VCT 2026: Americas Stage 1
koalanoob,FUR,3,0,0,0,1,0,0,0,0,34,3,0,all,2026-04-25 17:00:00,https://www.vlr.gg/645488/furia-vs-kr-esports-vct-2026-americas-stage-1-w3,VCT 2026: Americas Stage 1
artzin,FUR,4,1,0,0,0,0,0,0,0,50,6,0,all,2026-04-25 17:00:00,https://www.vlr.gg/645488/furia-vs-kr-esports-vct-2026-americas-stage-1-w3,VCT 2026: Americas Stage 1
alym,FUR,3,2,1,0,0,0,0,0,0,41,0,2,all,2026-04-25 17:00:00,https://www.vlr.gg/645488/furia-vs-kr-esports-vct-2026-americas-stage-1-w3,VCT 2026: Americas Stage 1
saadhak,KRÜ,8,2,1,0,2,0,0,0,0,72,2,3,all,2026-04-25 17:00:00,https://www.vlr.gg/645488/furia-vs-kr-esports-vct-2026-americas-stage-1-w3,VCT 2026: Americas Stage 1
mwzera,KRÜ,4,3,0,0,0,0,0,0,0,56,3,3,all,2026-04-25 17:00:00,https://www.vlr.gg/645488/furia-vs-kr-esports-vct-2026-americas-stage-1-w3,VCT 2026: Americas Stage 1
Less,KRÜ,5,1,1,0,0,0,0,0,0,60,0,0,all,2026-04-25 17:00:00,https://www.vlr.gg/645488/furia-vs-kr-esports-vct-2026-americas-stage-1-w3,VCT 2026: Americas Stage 1
silentzz,KRÜ,3,1,0,0,0,0,0,0,0,45,4,1,all,2026-04-25 17:00:00,https://www.vlr.gg/645488/furia-vs-kr-esports-vct-2026-americas-stage-1-w3,VCT 2026: Americas Stage 1
Dantedeu5,KRÜ,6,2,0,0,0,0,0,0,0,62,0,2,all,2026-04-25 17:00:00,https://www.vlr.gg/645488/furia-vs-kr-esports-vct-2026-americas-stage-1-w3,VCT 2026: Americas Stage 1
nerve,FUR,2,0,0,0,0,0,0,0,0,68,1,0,Lotus,2026-04-25 17:00:00,https://www.vlr.gg/645488/furia-vs-kr-esports-vct-2026-americas-stage-1-w3,VCT 2026: Americas Stage 1
eeiu,FUR,3,0,0,0,0,0,0,0,0,41,1,0,Lotus,2026-04-25 17:00:00,https://www.vlr.gg/645488/furia-vs-kr-esports-vct-2026-americas-stage-1-w3,VCT 2026: Americas Stage 1
koalanoob,FUR,1,0,0,0,0,0,0,0,0,30,2,0,Lotus,2026-04-25 17:00:00,https://www.vlr.gg/645488/furia-vs-kr-esports-vct-2026-americas-stage-1-w3,VCT 2026: Americas Stage 1
artzin,FUR,1,1,0,0,0,0,0,0,0,48,3,0,Lotus,2026-04-25 17:00:00,https://www.vlr.gg/645488/furia-vs-kr-esports-vct-2026-americas-stage-1-w3,VCT 2026: Americas Stage 1
alym,FUR,1,0,1,0,0,0,0,0,0,37,0,1,Lotus,2026-04-25 17:00:00,https://www.vlr.gg/645488/furia-vs-kr-esports-vct-2026-americas-stage-1-w3,VCT 2026: Americas Stage 1
saadhak,KRÜ,2,2,1,0,0,0,0,0,0,89,1,2,Lotus,2026-04-25 17:00:00,https://www.vlr.gg/645488/furia-vs-kr-esports-vct-2026-americas-stage-1-w3,VCT 2026: Americas Stage 1
mwzera,KRÜ,2,1,0,0,0,0,0,0,0,42,2,2,Lotus,2026-04-25 17:00:00,https://www.vlr.gg/645488/furia-vs-kr-esports-vct-2026-americas-stage-1-w3,VCT 2026: Americas Stage 1
Less,KRÜ,2,1,0,0,0,0,0,0,0,64,0,0,Lotus,2026-04-25 17:00:00,https://www.vlr.gg/645488/furia-vs-kr-esports-vct-2026-americas-stage-1-w3,VCT 2026: Americas Stage 1
silentzz,KRÜ,1,1,0,0,0,0,0,0,0,43,1,0,Lotus,2026-04-25 17:00:00,https://www.vlr.gg/645488/furia-vs-kr-esports-vct-2026-americas-stage-1-w3,VCT 2026: Americas Stage 1
Dantedeu5,KRÜ,4,1,0,0,0,0,0,0,0,86,0,1,Lotus,2026-04-25 17:00:00,https://www.vlr.gg/645488/furia-vs-kr-esports-vct-2026-americas-stage-1-w3,VCT 2026: Americas Stage 1
nerve,FUR,2,1,1,0,0,0,0,0,0,64,2,0,Haven,2026-04-25 17:00:00,https://www.vlr.gg/645488/furia-vs-kr-esports-vct-2026-americas-stage-1-w3,VCT 2026: Americas Stage 1
eeiu,FUR,2,1,0,0,0,0,0,0,0,52,0,0,Haven,2026-04-25 17:00:00,https://www.vlr.gg/645488/furia-vs-kr-esports-vct-2026-americas-stage-1-w3,VCT 2026: Americas Stage 1
koalanoob,FUR,2,0,0,0,1,0,0,0,0,38,1,0,Haven,2026-04-25 17:00:00,https://www.vlr.gg/645488/furia-vs-kr-esports-vct-2026-americas-stage-1-w3,VCT 2026: Americas Stage 1
artzin,FUR,3,0,0,0,0,0,0,0,0,52,3,0,Haven,2026-04-25 17:00:00,https://www.vlr.gg/645488/furia-vs-kr-esports-vct-2026-americas-stage-1-w3,VCT 2026: Americas Stage 1
alym,FUR,2,2,0,0,0,0,0,0,0,44,0,1,Haven,2026-04-25 17:00:00,https://www.vlr.gg/645488/furia-vs-kr-esports-vct-2026-americas-stage-1-w3,VCT 2026: Americas Stage 1
saadhak,KRÜ,6,0,0,0,2,0,0,0,0,54,1,1,Haven,2026-04-25 17:00:00,https://www.vlr.gg/645488/furia-vs-kr-esports-vct-2026-americas-stage-1-w3,VCT 2026: Americas Stage 1
mwzera,KRÜ,2,2,0,0,0,0,0,0,0,69,1,1,Haven,2026-04-25 17:00:00,https://www.vlr.gg/645488/furia-vs-kr-esports-vct-2026-americas-stage-1-w3,VCT 2026: Americas Stage 1
Less,KRÜ,3,0,1,0,0,0,0,0,0,55,0,0,Haven,2026-04-25 17:00:00,https://www.vlr.gg/645488/furia-vs-kr-esports-vct-2026-americas-stage-1-w3,VCT 2026: Americas Stage 1
silentzz,KRÜ,2,0,0,0,0,0,0,0,0,46,3,1,Haven,2026-04-25 17:00:00,https://www.vlr.gg/645488/furia-vs-kr-esports-vct-2026-americas-stage-1-w3,VCT 2026: Americas Stage 1
Dantedeu5,KRÜ,2,1,0,0,0,0,0,0,0,37,0,1,Haven,2026-04-25 17:00:00,https://www.vlr.gg/645488/furia-vs-kr-esports-vct-2026-americas-stage-1-w3,VCT 2026: Americas Stage 1
brawk,NRG,5,1,0,0,1,1,1,0,0,46,8,2,all,2026-04-25 19:05:00,https://www.vlr.gg/645489/nrg-vs-100-thieves-vct-2026-americas-stage-1-w3,VCT 2026: Americas Stage 1
mada,NRG,9,3,0,0,0,0,0,0,0,42,1,1,all,2026-04-25 19:05:00,https://www.vlr.gg/645489/nrg-vs-100-thieves-vct-2026-americas-stage-1-w3,VCT 2026: Americas Stage 1
skuba,NRG,7,3,0,0,0,1,0,0,0,58,3,1,all,2026-04-25 19:05:00,https://www.vlr.gg/645489/nrg-vs-100-thieves-vct-2026-americas-stage-1-w3,VCT 2026: Americas Stage 1
Ethan,NRG,5,2,2,0,0,0,0,0,0,59,16,0,all,2026-04-25 19:05:00,https://www.vlr.gg/645489/nrg-vs-100-thieves-vct-2026-americas-stage-1-w3,VCT 2026: Americas Stage 1
keiko,NRG,8,5,3,0,0,0,0,0,0,77,1,0,all,2026-04-25 19:05:00,https://www.vlr.gg/645489/nrg-vs-100-thieves-vct-2026-americas-stage-1-w3,VCT 2026: Americas Stage 1
Asuna,100T,7,1,0,1,0,0,0,0,0,52,4,0,all,2026-04-25 19:05:00,https://www.vlr.gg/645489/nrg-vs-100-thieves-vct-2026-americas-stage-1-w3,VCT 2026: Americas Stage 1
bang,100T,7,3,1,0,1,0,1,0,0,47,6,1,all,2026-04-25 19:05:00,https://www.vlr.gg/645489/nrg-vs-100-thieves-vct-2026-americas-stage-1-w3,VCT 2026: Americas Stage 1
Cryocells,100T,8,1,0,0,1,1,0,0,0,42,0,2,all,2026-04-25 19:05:00,https://www.vlr.gg/645489/nrg-vs-100-thieves-vct-2026-americas-stage-1-w3,VCT 2026: Americas Stage 1
vora,100T,7,1,0,0,0,0,0,0,0,40,9,0,all,2026-04-25 19:05:00,https://www.vlr.gg/645489/nrg-vs-100-thieves-vct-2026-americas-stage-1-w3,VCT 2026: Americas Stage 1
Timotino,100T,9,2,0,0,1,0,0,0,0,55,2,1,all,2026-04-25 19:05:00,https://www.vlr.gg/645489/nrg-vs-100-thieves-vct-2026-americas-stage-1-w3,VCT 2026: Americas Stage 1
brawk,NRG,1,1,0,0,0,0,1,0,0,45,1,0,Pearl,2026-04-25 19:05:00,https://www.vlr.gg/645489/nrg-vs-100-thieves-vct-2026-americas-stage-1-w3,VCT 2026: Americas Stage 1
mada,NRG,2,1,0,0,0,0,0,0,0,29,0,0,Pearl,2026-04-25 19:05:00,https://www.vlr.gg/645489/nrg-vs-100-thieves-vct-2026-americas-stage-1-w3,VCT 2026: Americas Stage 1
skuba,NRG,2,3,0,0,0,0,0,0,0,64,1,0,Pearl,2026-04-25 19:05:00,https://www.vlr.gg/645489/nrg-vs-100-thieves-vct-2026-americas-stage-1-w3,VCT 2026: Americas Stage 1
Ethan,NRG,2,0,0,0,0,0,0,0,0,39,5,0,Pearl,2026-04-25 19:05:00,https://www.vlr.gg/645489/nrg-vs-100-thieves-vct-2026-americas-stage-1-w3,VCT 2026: Americas Stage 1
keiko,NRG,2,2,0,0,0,0,0,0,0,53,1,0,Pearl,2026-04-25 19:05:00,https://www.vlr.gg/645489/nrg-vs-100-thieves-vct-2026-americas-stage-1-w3,VCT 2026: Americas Stage 1
Asuna,100T,2,1,0,1,0,0,0,0,0,61,0,0,Pearl,2026-04-25 19:05:00,https://www.vlr.gg/645489/nrg-vs-100-thieves-vct-2026-americas-stage-1-w3,VCT 2026: Americas Stage 1
bang,100T,3,2,0,0,0,0,0,0,0,57,4,0,Pearl,2026-04-25 19:05:00,https://www.vlr.gg/645489/nrg-vs-100-thieves-vct-2026-americas-stage-1-w3,VCT 2026: Americas Stage 1
Cryocells,100T,5,1,0,0,1,1,0,0,0,53,0,2,Pearl,2026-04-25 19:05:00,https://www.vlr.gg/645489/nrg-vs-100-thieves-vct-2026-americas-stage-1-w3,VCT 2026: Americas Stage 1
vora,100T,5,0,0,0,0,0,0,0,0,46,4,0,Pearl,2026-04-25 19:05:00,https://www.vlr.gg/645489/nrg-vs-100-thieves-vct-2026-americas-stage-1-w3,VCT 2026: Americas Stage 1
Timotino,100T,4,0,0,0,0,0,0,0,0,55,1,0,Pearl,2026-04-25 19:05:00,https://www.vlr.gg/645489/nrg-vs-100-thieves-vct-2026-americas-stage-1-w3,VCT 2026: Americas Stage 1
brawk,NRG,1,0,0,0,1,0,0,0,0,37,4,1,Lotus,2026-04-25 19:05:00,https://www.vlr.gg/645489/nrg-vs-100-thieves-vct-2026-americas-stage-1-w3,VCT 2026: Americas Stage 1
mada,NRG,5,1,0,0,0,0,0,0,0,51,0,1,Lotus,2026-04-25 19:05:00,https://www.vlr.gg/645489/nrg-vs-100-thieves-vct-2026-americas-stage-1-w3,VCT 2026: Americas Stage 1
skuba,NRG,4,0,0,0,0,1,0,0,0,63,1,1,Lotus,2026-04-25 19:05:00,https://www.vlr.gg/645489/nrg-vs-100-thieves-vct-2026-americas-stage-1-w3,VCT 2026: Americas Stage 1
Ethan,NRG,3,1,0,0,0,0,0,0,0,43,5,0,Lotus,2026-04-25 19:05:00,https://www.vlr.gg/645489/nrg-vs-100-thieves-vct-2026-americas-stage-1-w3,VCT 2026: Americas Stage 1
keiko,NRG,4,1,1,0,0,0,0,0,0,71,0,0,Lotus,2026-04-25 19:05:00,https://www.vlr.gg/645489/nrg-vs-100-thieves-vct-2026-americas-stage-1-w3,VCT 2026: Americas Stage 1
Asuna,100T,4,0,0,0,0,0,0,0,0,61,3,0,Lotus,2026-04-25 19:05:00,https://www.vlr.gg/645489/nrg-vs-100-thieves-vct-2026-americas-stage-1-w3,VCT 2026: Americas Stage 1
bang,100T,3,1,1,0,1,0,1,0,0,58,2,1,Lotus,2026-04-25 19:05:00,https://www.vlr.gg/645489/nrg-vs-100-thieves-vct-2026-americas-stage-1-w3,VCT 2026: Americas Stage 1
Cryocells,100T,2,0,0,0,0,0,0,0,0,40,0,0,Lotus,2026-04-25 19:05:00,https://www.vlr.gg/645489/nrg-vs-100-thieves-vct-2026-americas-stage-1-w3,VCT 2026: Americas Stage 1
vora,100T,2,1,0,0,0,0,0,0,0,42,4,0,Lotus,2026-04-25 19:05:00,https://www.vlr.gg/645489/nrg-vs-100-thieves-vct-2026-americas-stage-1-w3,VCT 2026: Americas Stage 1
Timotino,100T,4,1,0,0,1,0,0,0,0,50,0,1,Lotus,2026-04-25 19:05:00,https://www.vlr.gg/645489/nrg-vs-100-thieves-vct-2026-americas-stage-1-w3,VCT 2026: Americas Stage 1
brawk,NRG,3,0,0,0,0,1,0,0,0,57,3,1,Breeze,2026-04-25 19:05:00,https://www.vlr.gg/645489/nrg-vs-100-thieves-vct-2026-americas-stage-1-w3,VCT 2026: Americas Stage 1
mada,NRG,2,1,0,0,0,0,0,0,0,47,1,0,Breeze,2026-04-25 19:05:00,https://www.vlr.gg/645489/nrg-vs-100-thieves-vct-2026-americas-stage-1-w3,VCT 2026: Americas Stage 1
skuba,NRG,1,0,0,0,0,0,0,0,0,48,1,0,Breeze,2026-04-25 19:05:00,https://www.vlr.gg/645489/nrg-vs-100-thieves-vct-2026-americas-stage-1-w3,VCT 2026: Americas Stage 1
Ethan,NRG,0,1,2,0,0,0,0,0,0,95,6,0,Breeze,2026-04-25 19:05:00,https://www.vlr.gg/645489/nrg-vs-100-thieves-vct-2026-americas-stage-1-w3,VCT 2026: Americas Stage 1
keiko,NRG,2,2,2,0,0,0,0,0,0,108,0,0,Breeze,2026-04-25 19:05:00,https://www.vlr.gg/645489/nrg-vs-100-thieves-vct-2026-americas-stage-1-w3,VCT 2026: Americas Stage 1
Asuna,100T,1,0,0,0,0,0,0,0,0,35,1,0,Breeze,2026-04-25 19:05:00,https://www.vlr.gg/645489/nrg-vs-100-thieves-vct-2026-americas-stage-1-w3,VCT 2026: Americas Stage 1
bang,100T,1,0,0,0,0,0,0,0,0,27,0,0,Breeze,2026-04-25 19:05:00,https://www.vlr.gg/645489/nrg-vs-100-thieves-vct-2026-americas-stage-1-w3,VCT 2026: Americas Stage 1
Cryocells,100T,1,0,0,0,0,0,0,0,0,34,0,0,Breeze,2026-04-25 19:05:00,https://www.vlr.gg/645489/nrg-vs-100-thieves-vct-2026-americas-stage-1-w3,VCT 2026: Americas Stage 1
vora,100T,0,0,0,0,0,0,0,0,0,33,1,0,Breeze,2026-04-25 19:05:00,https://www.vlr.gg/645489/nrg-vs-100-thieves-vct-2026-americas-stage-1-w3,VCT 2026: Americas Stage 1
Timotino,100T,1,1,0,0,0,0,0,0,0,59,1,0,Breeze,2026-04-25 19:05:00,https://www.vlr.gg/645489/nrg-vs-100-thieves-vct-2026-americas-stage-1-w3,VCT 2026: Americas Stage 1
C0M,EG,6,0,0,0,0,1,0,0,0,47,9,1,all,2026-04-26 17:00:00,https://www.vlr.gg/645490/evil-geniuses-vs-sentinels-vct-2026-americas-stage-1-w3,VCT 2026: Americas Stage 1
supamen,EG,3,1,0,0,0,0,0,0,0,49,0,0,all,2026-04-26 17:00:00,https://www.vlr.gg/645490/evil-geniuses-vs-sentinels-vct-2026-americas-stage-1-w3,VCT 2026: Americas Stage 1
Okeanos,EG,6,1,1,0,0,1,0,0,0,48,1,2,all,2026-04-26 17:00:00,https://www.vlr.gg/645490/evil-geniuses-vs-sentinels-vct-2026-americas-stage-1-w3,VCT 2026: Americas Stage 1
dgzin,EG,4,1,1,0,0,0,0,0,0,54,0,0,all,2026-04-26 17:00:00,https://www.vlr.gg/645490/evil-geniuses-vs-sentinels-vct-2026-americas-stage-1-w3,VCT 2026: Americas Stage 1
bao,EG,4,2,0,0,1,0,0,0,0,52,2,2,all,2026-04-26 17:00:00,https://www.vlr.gg/645490/evil-geniuses-vs-sentinels-vct-2026-americas-stage-1-w3,VCT 2026: Americas Stage 1
johnqt,SEN,5,2,0,0,2,0,0,0,0,60,9,2,all,2026-04-26 17:00:00,https://www.vlr.gg/645490/evil-geniuses-vs-sentinels-vct-2026-americas-stage-1-w3,VCT 2026: Americas Stage 1
JonahP,SEN,6,1,0,0,0,0,0,0,0,55,7,1,all,2026-04-26 17:00:00,https://www.vlr.gg/645490/evil-geniuses-vs-sentinels-vct-2026-americas-stage-1-w3,VCT 2026: Americas Stage 1
cortezia,SEN,6,2,0,0,1,0,0,0,0,67,0,2,all,2026-04-26 17:00:00,https://www.vlr.gg/645490/evil-geniuses-vs-sentinels-vct-2026-americas-stage-1-w3,VCT 2026: Americas Stage 1
Reduxx,SEN,6,4,1,0,0,0,0,0,0,54,2,0,all,2026-04-26 17:00:00,https://www.vlr.gg/645490/evil-geniuses-vs-sentinels-vct-2026-americas-stage-1-w3,VCT 2026: Americas Stage 1
Jerrwin,SEN,5,3,0,0,0,0,0,0,0,49,0,0,all,2026-04-26 17:00:00,https://www.vlr.gg/645490/evil-geniuses-vs-sentinels-vct-2026-americas-stage-1-w3,VCT 2026: Americas Stage 1
C0M,EG,4,0,0,0,0,1,0,0,0,61,3,1,Haven,2026-04-26 17:00:00,https://www.vlr.gg/645490/evil-geniuses-vs-sentinels-vct-2026-americas-stage-1-w3,VCT 2026: Americas Stage 1
supamen,EG,1,0,0,0,0,0,0,0,0,37,0,0,Haven,2026-04-26 17:00:00,https://www.vlr.gg/645490/evil-geniuses-vs-sentinels-vct-2026-americas-stage-1-w3,VCT 2026: Americas Stage 1
Okeanos,EG,3,0,0,0,0,0,0,0,0,42,1,1,Haven,2026-04-26 17:00:00,https://www.vlr.gg/645490/evil-geniuses-vs-sentinels-vct-2026-americas-stage-1-w3,VCT 2026: Americas Stage 1
dgzin,EG,1,1,0,0,0,0,0,0,0,60,0,0,Haven,2026-04-26 17:00:00,https://www.vlr.gg/645490/evil-geniuses-vs-sentinels-vct-2026-americas-stage-1-w3,VCT 2026: Americas Stage 1
bao,EG,1,2,0,0,1,0,0,0,0,48,0,1,Haven,2026-04-26 17:00:00,https://www.vlr.gg/645490/evil-geniuses-vs-sentinels-vct-2026-americas-stage-1-w3,VCT 2026: Americas Stage 1
johnqt,SEN,2,1,0,0,2,0,0,0,0,76,4,1,Haven,2026-04-26 17:00:00,https://www.vlr.gg/645490/evil-geniuses-vs-sentinels-vct-2026-americas-stage-1-w3,VCT 2026: Americas Stage 1
JonahP,SEN,2,0,0,0,0,0,0,0,0,58,4,0,Haven,2026-04-26 17:00:00,https://www.vlr.gg/645490/evil-geniuses-vs-sentinels-vct-2026-americas-stage-1-w3,VCT 2026: Americas Stage 1
cortezia,SEN,2,0,0,0,0,0,0,0,0,43,0,1,Haven,2026-04-26 17:00:00,https://www.vlr.gg/645490/evil-geniuses-vs-sentinels-vct-2026-americas-stage-1-w3,VCT 2026: Americas Stage 1
Reduxx,SEN,5,3,0,0,0,0,0,0,0,65,2,0,Haven,2026-04-26 17:00:00,https://www.vlr.gg/645490/evil-geniuses-vs-sentinels-vct-2026-americas-stage-1-w3,VCT 2026: Americas Stage 1
Jerrwin,SEN,0,2,0,0,0,0,0,0,0,41,0,0,Haven,2026-04-26 17:00:00,https://www.vlr.gg/645490/evil-geniuses-vs-sentinels-vct-2026-americas-stage-1-w3,VCT 2026: Americas Stage 1
C0M,EG,2,0,0,0,0,0,0,0,0,33,6,0,Bind,2026-04-26 17:00:00,https://www.vlr.gg/645490/evil-geniuses-vs-sentinels-vct-2026-americas-stage-1-w3,VCT 2026: Americas Stage 1
supamen,EG,2,1,0,0,0,0,0,0,0,60,0,0,Bind,2026-04-26 17:00:00,https://www.vlr.gg/645490/evil-geniuses-vs-sentinels-vct-2026-americas-stage-1-w3,VCT 2026: Americas Stage 1
Okeanos,EG,3,1,1,0,0,1,0,0,0,53,0,1,Bind,2026-04-26 17:00:00,https://www.vlr.gg/645490/evil-geniuses-vs-sentinels-vct-2026-americas-stage-1-w3,VCT 2026: Americas Stage 1
dgzin,EG,3,0,1,0,0,0,0,0,0,47,0,0,Bind,2026-04-26 17:00:00,https://www.vlr.gg/645490/evil-geniuses-vs-sentinels-vct-2026-americas-stage-1-w3,VCT 2026: Americas Stage 1
bao,EG,3,0,0,0,0,0,0,0,0,55,2,1,Bind,2026-04-26 17:00:00,https://www.vlr.gg/645490/evil-geniuses-vs-sentinels-vct-2026-americas-stage-1-w3,VCT 2026: Americas Stage 1
johnqt,SEN,3,1,0,0,0,0,0,0,0,43,5,1,Bind,2026-04-26 17:00:00,https://www.vlr.gg/645490/evil-geniuses-vs-sentinels-vct-2026-americas-stage-1-w3,VCT 2026: Americas Stage 1
JonahP,SEN,4,1,0,0,0,0,0,0,0,51,3,1,Bind,2026-04-26 17:00:00,https://www.vlr.gg/645490/evil-geniuses-vs-sentinels-vct-2026-americas-stage-1-w3,VCT 2026: Americas Stage 1
cortezia,SEN,4,2,0,0,1,0,0,0,0,90,0,1,Bind,2026-04-26 17:00:00,https://www.vlr.gg/645490/evil-geniuses-vs-sentinels-vct-2026-americas-stage-1-w3,VCT 2026: Americas Stage 1
Reduxx,SEN,1,1,1,0,0,0,0,0,0,42,0,0,Bind,2026-04-26 17:00:00,https://www.vlr.gg/645490/evil-geniuses-vs-sentinels-vct-2026-americas-stage-1-w3,VCT 2026: Americas Stage 1
Jerrwin,SEN,5,1,0,0,0,0,0,0,0,57,0,0,Bind,2026-04-26 17:00:00,https://www.vlr.gg/645490/evil-geniuses-vs-sentinels-vct-2026-americas-stage-1-w3,VCT 2026: Americas Stage 1
tex,MIBR,6,1,1,0,0,0,1,0,0,41,0,1,all,2026-04-26 19:25:00,https://www.vlr.gg/645491/mibr-vs-cloud9-vct-2026-americas-stage-1-w3,VCT 2026: Americas Stage 1
zekken,MIBR,12,1,0,0,0,0,0,0,0,45,0,0,all,2026-04-26 19:25:00,https://www.vlr.gg/645491/mibr-vs-cloud9-vct-2026-americas-stage-1-w3,VCT 2026: Americas Stage 1
Mazino,MIBR,5,1,0,0,1,0,0,0,0,41,3,3,all,2026-04-26 19:25:00,https://www.vlr.gg/645491/mibr-vs-cloud9-vct-2026-americas-stage-1-w3,VCT 2026: Americas Stage 1
aspas,MIBR,7,5,0,0,1,0,0,0,0,66,2,1,all,2026-04-26 19:25:00,https://www.vlr.gg/645491/mibr-vs-cloud9-vct-2026-americas-stage-1-w3,VCT 2026: Americas Stage 1
Verno,MIBR,4,2,0,0,1,1,0,0,0,52,8,3,all,2026-04-26 19:25:00,https://www.vlr.gg/645491/mibr-vs-cloud9-vct-2026-americas-stage-1-w3,VCT 2026: Americas Stage 1
Zellsis,C9,6,1,1,0,0,3,0,0,0,52,5,2,all,2026-04-26 19:25:00,https://www.vlr.gg/645491/mibr-vs-cloud9-vct-2026-americas-stage-1-w3,VCT 2026: Americas Stage 1
penny,C9,4,4,2,0,0,0,0,0,0,60,4,3,all,2026-04-26 19:25:00,https://www.vlr.gg/645491/mibr-vs-cloud9-vct-2026-americas-stage-1-w3,VCT 2026: Americas Stage 1
Xeppaa,C9,6,3,0,0,1,0,0,0,0,49,10,0,all,2026-04-26 19:25:00,https://www.vlr.gg/645491/mibr-vs-cloud9-vct-2026-americas-stage-1-w3,VCT 2026: Americas Stage 1
v1c,C9,4,4,0,0,3,0,0,0,0,58,2,0,all,2026-04-26 19:25:00,https://www.vlr.gg/645491/mibr-vs-cloud9-vct-2026-americas-stage-1-w3,VCT 2026: Americas Stage 1
OXY,C9,8,2,1,1,0,0,0,0,0,45,0,0,all,2026-04-26 19:25:00,https://www.vlr.gg/645491/mibr-vs-cloud9-vct-2026-americas-stage-1-w3,VCT 2026: Americas Stage 1
tex,MIBR,4,1,1,0,0,0,1,0,0,48,0,1,Breeze,2026-04-26 19:25:00,https://www.vlr.gg/645491/mibr-vs-cloud9-vct-2026-americas-stage-1-w3,VCT 2026: Americas Stage 1
zekken,MIBR,3,1,0,0,0,0,0,0,0,37,0,0,Breeze,2026-04-26 19:25:00,https://www.vlr.gg/645491/mibr-vs-cloud9-vct-2026-americas-stage-1-w3,VCT 2026: Americas Stage 1
Mazino,MIBR,2,1,0,0,1,0,0,0,0,40,3,2,Breeze,2026-04-26 19:25:00,https://www.vlr.gg/645491/mibr-vs-cloud9-vct-2026-americas-stage-1-w3,VCT 2026: Americas Stage 1
aspas,MIBR,3,2,0,0,0,0,0,0,0,56,0,0,Breeze,2026-04-26 19:25:00,https://www.vlr.gg/645491/mibr-vs-cloud9-vct-2026-americas-stage-1-w3,VCT 2026: Americas Stage 1
Verno,MIBR,2,0,0,0,1,1,0,0,0,54,2,2,Breeze,2026-04-26 19:25:00,https://www.vlr.gg/645491/mibr-vs-cloud9-vct-2026-americas-stage-1-w3,VCT 2026: Americas Stage 1
Zellsis,C9,5,1,1,0,0,2,0,0,0,61,4,1,Breeze,2026-04-26 19:25:00,https://www.vlr.gg/645491/mibr-vs-cloud9-vct-2026-americas-stage-1-w3,VCT 2026: Americas Stage 1
penny,C9,2,1,0,0,0,0,0,0,0,50,3,1,Breeze,2026-04-26 19:25:00,https://www.vlr.gg/645491/mibr-vs-cloud9-vct-2026-americas-stage-1-w3,VCT 2026: Americas Stage 1
Xeppaa,C9,5,0,0,0,1,0,0,0,0,49,4,0,Breeze,2026-04-26 19:25:00,https://www.vlr.gg/645491/mibr-vs-cloud9-vct-2026-americas-stage-1-w3,VCT 2026: Americas Stage 1
v1c,C9,1,2,0,0,0,0,0,0,0,51,0,0,Breeze,2026-04-26 19:25:00,https://www.vlr.gg/645491/mibr-vs-cloud9-vct-2026-americas-stage-1-w3,VCT 2026: Americas Stage 1
OXY,C9,6,2,0,1,0,0,0,0,0,59,0,0,Breeze,2026-04-26 19:25:00,https://www.vlr.gg/645491/mibr-vs-cloud9-vct-2026-americas-stage-1-w3,VCT 2026: Americas Stage 1
tex,MIBR,2,0,0,0,0,0,0,0,0,34,0,0,Split,2026-04-26 19:25:00,https://www.vlr.gg/645491/mibr-vs-cloud9-vct-2026-americas-stage-1-w3,VCT 2026: Americas Stage 1
zekken,MIBR,9,0,0,0,0,0,0,0,0,53,0,0,Split,2026-04-26 19:25:00,https://www.vlr.gg/645491/mibr-vs-cloud9-vct-2026-americas-stage-1-w3,VCT 2026: Americas Stage 1
Mazino,MIBR,3,0,0,0,0,0,0,0,0,41,0,1,Split,2026-04-26 19:25:00,https://www.vlr.gg/645491/mibr-vs-cloud9-vct-2026-americas-stage-1-w3,VCT 2026: Americas Stage 1
aspas,MIBR,4,3,0,0,1,0,0,0,0,75,2,1,Split,2026-04-26 19:25:00,https://www.vlr.gg/645491/mibr-vs-cloud9-vct-2026-americas-stage-1-w3,VCT 2026: Americas Stage 1
Verno,MIBR,2,2,0,0,0,0,0,0,0,50,6,1,Split,2026-04-26 19:25:00,https://www.vlr.gg/645491/mibr-vs-cloud9-vct-2026-americas-stage-1-w3,VCT 2026: Americas Stage 1
Zellsis,C9,1,0,0,0,0,1,0,0,0,43,1,1,Split,2026-04-26 19:25:00,https://www.vlr.gg/645491/mibr-vs-cloud9-vct-2026-americas-stage-1-w3,VCT 2026: Americas Stage 1
penny,C9,2,3,2,0,0,0,0,0,0,70,1,2,Split,2026-04-26 19:25:00,https://www.vlr.gg/645491/mibr-vs-cloud9-vct-2026-americas-stage-1-w3,VCT 2026: Americas Stage 1
Xeppaa,C9,1,3,0,0,0,0,0,0,0,48,6,0,Split,2026-04-26 19:25:00,https://www.vlr.gg/645491/mibr-vs-cloud9-vct-2026-americas-stage-1-w3,VCT 2026: Americas Stage 1
v1c,C9,3,2,0,0,3,0,0,0,0,64,2,0,Split,2026-04-26 19:25:00,https://www.vlr.gg/645491/mibr-vs-cloud9-vct-2026-americas-stage-1-w3,VCT 2026: Americas Stage 1
OXY,C9,2,0,1,0,0,0,0,0,0,31,0,0,Split,2026-04-26 19:25:00,https://www.vlr.gg/645491/mibr-vs-cloud9-vct-2026-americas-stage-1-w3,VCT 2026: Americas Stage 1
C0M,EG,3,0,0,0,0,0,0,0,0,55,8,0,all,2026-05-01 17:00:00,https://www.vlr.gg/645492/evil-geniuses-vs-nrg-vct-2026-americas-stage-1-w4,VCT 2026: Americas Stage 1
supamen,EG,6,0,0,0,1,0,0,0,0,49,2,0,all,2026-05-01 17:00:00,https://www.vlr.gg/645492/evil-geniuses-vs-nrg-vct-2026-americas-stage-1-w4,VCT 2026: Americas Stage 1
Okeanos,EG,6,0,1,0,0,0,0,0,0,43,0,0,all,2026-05-01 17:00:00,https://www.vlr.gg/645492/evil-geniuses-vs-nrg-vct-2026-americas-stage-1-w4,VCT 2026: Americas Stage 1
dgzin,EG,5,2,0,0,0,1,0,0,0,43,0,3,all,2026-05-01 17:00:00,https://www.vlr.gg/645492/evil-geniuses-vs-nrg-vct-2026-americas-stage-1-w4,VCT 2026: Americas Stage 1
bao,EG,8,2,0,0,0,0,0,0,0,59,5,0,all,2026-05-01 17:00:00,https://www.vlr.gg/645492/evil-geniuses-vs-nrg-vct-2026-americas-stage-1-w4,VCT 2026: Americas Stage 1
brawk,NRG,4,2,1,0,1,0,0,0,0,56,8,0,all,2026-05-01 17:00:00,https://www.vlr.gg/645492/evil-geniuses-vs-nrg-vct-2026-americas-stage-1-w4,VCT 2026: Americas Stage 1
mada,NRG,7,3,1,0,0,1,0,0,0,63,3,1,all,2026-05-01 17:00:00,https://www.vlr.gg/645492/evil-geniuses-vs-nrg-vct-2026-americas-stage-1-w4,VCT 2026: Americas Stage 1
skuba,NRG,4,1,0,0,0,0,0,0,0,43,0,0,all,2026-05-01 17:00:00,https://www.vlr.gg/645492/evil-geniuses-vs-nrg-vct-2026-americas-stage-1-w4,VCT 2026: Americas Stage 1
Ethan,NRG,5,4,0,1,1,0,0,0,0,59,5,4,all,2026-05-01 17:00:00,https://www.vlr.gg/645492/evil-geniuses-vs-nrg-vct-2026-americas-stage-1-w4,VCT 2026: Americas Stage 1
keiko,NRG,3,2,0,0,0,1,0,0,0,39,2,1,all,2026-05-01 17:00:00,https://www.vlr.gg/645492/evil-geniuses-vs-nrg-vct-2026-americas-stage-1-w4,VCT 2026: Americas Stage 1
C0M,EG,0,0,0,0,0,0,0,0,0,47,3,0,Fracture,2026-05-01 17:00:00,https://www.vlr.gg/645492/evil-geniuses-vs-nrg-vct-2026-americas-stage-1-w4,VCT 2026: Americas Stage 1
supamen,EG,2,0,0,0,0,0,0,0,0,50,1,0,Fracture,2026-05-01 17:00:00,https://www.vlr.gg/645492/evil-geniuses-vs-nrg-vct-2026-americas-stage-1-w4,VCT 2026: Americas Stage 1
Okeanos,EG,2,0,1,0,0,0,0,0,0,39,0,0,Fracture,2026-05-01 17:00:00,https://www.vlr.gg/645492/evil-geniuses-vs-nrg-vct-2026-americas-stage-1-w4,VCT 2026: Americas Stage 1
dgzin,EG,4,2,0,0,0,1,0,0,0,50,0,1,Fracture,2026-05-01 17:00:00,https://www.vlr.gg/645492/evil-geniuses-vs-nrg-vct-2026-americas-stage-1-w4,VCT 2026: Americas Stage 1
bao,EG,4,1,0,0,0,0,0,0,0,47,2,0,Fracture,2026-05-01 17:00:00,https://www.vlr.gg/645492/evil-geniuses-vs-nrg-vct-2026-americas-stage-1-w4,VCT 2026: Americas Stage 1
brawk,NRG,2,1,0,0,0,0,0,0,0,54,6,0,Fracture,2026-05-01 17:00:00,https://www.vlr.gg/645492/evil-geniuses-vs-nrg-vct-2026-americas-stage-1-w4,VCT 2026: Americas Stage 1
mada,NRG,3,2,1,0,0,1,0,0,0,72,3,0,Fracture,2026-05-01 17:00:00,https://www.vlr.gg/645492/evil-geniuses-vs-nrg-vct-2026-americas-stage-1-w4,VCT 2026: Americas Stage 1
skuba,NRG,3,1,0,0,0,0,0,0,0,50,0,0,Fracture,2026-05-01 17:00:00,https://www.vlr.gg/645492/evil-geniuses-vs-nrg-vct-2026-americas-stage-1-w4,VCT 2026: Americas Stage 1
Ethan,NRG,2,1,0,1,0,0,0,0,0,54,1,1,Fracture,2026-05-01 17:00:00,https://www.vlr.gg/645492/evil-geniuses-vs-nrg-vct-2026-americas-stage-1-w4,VCT 2026: Americas Stage 1
keiko,NRG,2,1,0,0,0,0,0,0,0,44,0,0,Fracture,2026-05-01 17:00:00,https://www.vlr.gg/645492/evil-geniuses-vs-nrg-vct-2026-americas-stage-1-w4,VCT 2026: Americas Stage 1
C0M,EG,3,0,0,0,0,0,0,0,0,63,5,0,Pearl,2026-05-01 17:00:00,https://www.vlr.gg/645492/evil-geniuses-vs-nrg-vct-2026-americas-stage-1-w4,VCT 2026: Americas Stage 1
supamen,EG,4,0,0,0,1,0,0,0,0,47,1,0,Pearl,2026-05-01 17:00:00,https://www.vlr.gg/645492/evil-geniuses-vs-nrg-vct-2026-americas-stage-1-w4,VCT 2026: Americas Stage 1
Okeanos,EG,4,0,0,0,0,0,0,0,0,47,0,0,Pearl,2026-05-01 17:00:00,https://www.vlr.gg/645492/evil-geniuses-vs-nrg-vct-2026-americas-stage-1-w4,VCT 2026: Americas Stage 1
dgzin,EG,1,0,0,0,0,0,0,0,0,35,0,2,Pearl,2026-05-01 17:00:00,https://www.vlr.gg/645492/evil-geniuses-vs-nrg-vct-2026-americas-stage-1-w4,VCT 2026: Americas Stage 1
bao,EG,4,1,0,0,0,0,0,0,0,70,3,0,Pearl,2026-05-01 17:00:00,https://www.vlr.gg/645492/evil-geniuses-vs-nrg-vct-2026-americas-stage-1-w4,VCT 2026: Americas Stage 1
brawk,NRG,2,1,1,0,1,0,0,0,0,58,2,0,Pearl,2026-05-01 17:00:00,https://www.vlr.gg/645492/evil-geniuses-vs-nrg-vct-2026-americas-stage-1-w4,VCT 2026: Americas Stage 1
mada,NRG,4,1,0,0,0,0,0,0,0,53,0,1,Pearl,2026-05-01 17:00:00,https://www.vlr.gg/645492/evil-geniuses-vs-nrg-vct-2026-americas-stage-1-w4,VCT 2026: Americas Stage 1
skuba,NRG,1,0,0,0,0,0,0,0,0,35,0,0,Pearl,2026-05-01 17:00:00,https://www.vlr.gg/645492/evil-geniuses-vs-nrg-vct-2026-americas-stage-1-w4,VCT 2026: Americas Stage 1
Ethan,NRG,3,3,0,0,1,0,0,0,0,64,4,3,Pearl,2026-05-01 17:00:00,https://www.vlr.gg/645492/evil-geniuses-vs-nrg-vct-2026-americas-stage-1-w4,VCT 2026: Americas Stage 1
keiko,NRG,1,1,0,0,0,1,0,0,0,33,2,1,Pearl,2026-05-01 17:00:00,https://www.vlr.gg/645492/evil-geniuses-vs-nrg-vct-2026-americas-stage-1-w4,VCT 2026: Americas Stage 1
kiNgg,LEV,3,2,0,0,0,0,0,0,0,38,8,1,all,2026-05-01 19:20:00,https://www.vlr.gg/645493/leviat-n-vs-mibr-vct-2026-americas-stage-1-w4,VCT 2026: Americas Stage 1
blowz,LEV,3,1,0,0,0,0,0,0,0,50,5,1,all,2026-05-01 19:20:00,https://www.vlr.gg/645493/leviat-n-vs-mibr-vct-2026-americas-stage-1-w4,VCT 2026: Americas Stage 1
Sato,LEV,7,1,0,0,0,0,0,0,0,43,0,1,all,2026-05-01 19:20:00,https://www.vlr.gg/645493/leviat-n-vs-mibr-vct-2026-americas-stage-1-w4,VCT 2026: Americas Stage 1
spike,LEV,4,2,0,0,0,0,0,0,0,47,1,0,all,2026-05-01 19:20:00,https://www.vlr.gg/645493/leviat-n-vs-mibr-vct-2026-americas-stage-1-w4,VCT 2026: Americas Stage 1
Neon,LEV,7,5,2,0,1,0,0,0,0,74,1,3,all,2026-05-01 19:20:00,https://www.vlr.gg/645493/leviat-n-vs-mibr-vct-2026-americas-stage-1-w4,VCT 2026: Americas Stage 1
tex,MIBR,5,1,0,0,0,0,1,0,0,35,1,0,all,2026-05-01 19:20:00,https://www.vlr.gg/645493/leviat-n-vs-mibr-vct-2026-americas-stage-1-w4,VCT 2026: Americas Stage 1
zekken,MIBR,7,3,1,0,0,0,0,0,0,62,0,2,all,2026-05-01 19:20:00,https://www.vlr.gg/645493/leviat-n-vs-mibr-vct-2026-americas-stage-1-w4,VCT 2026: Americas Stage 1
Mazino,MIBR,3,0,0,0,1,0,0,0,0,38,7,2,all,2026-05-01 19:20:00,https://www.vlr.gg/645493/leviat-n-vs-mibr-vct-2026-americas-stage-1-w4,VCT 2026: Americas Stage 1
aspas,MIBR,8,3,0,0,0,0,0,0,0,52,0,0,all,2026-05-01 19:20:00,https://www.vlr.gg/645493/leviat-n-vs-mibr-vct-2026-americas-stage-1-w4,VCT 2026: Americas Stage 1
Verno,MIBR,5,1,0,0,1,1,0,0,0,49,10,1,all,2026-05-01 19:20:00,https://www.vlr.gg/645493/leviat-n-vs-mibr-vct-2026-americas-stage-1-w4,VCT 2026: Americas Stage 1
kiNgg,LEV,2,1,0,0,0,0,0,0,0,45,6,1,Breeze,2026-05-01 19:20:00,https://www.vlr.gg/645493/leviat-n-vs-mibr-vct-2026-americas-stage-1-w4,VCT 2026: Americas Stage 1
blowz,LEV,3,1,0,0,0,0,0,0,0,58,1,0,Breeze,2026-05-01 19:20:00,https://www.vlr.gg/645493/leviat-n-vs-mibr-vct-2026-americas-stage-1-w4,VCT 2026: Americas Stage 1
Sato,LEV,3,0,0,0,0,0,0,0,0,32,0,0,Breeze,2026-05-01 19:20:00,https://www.vlr.gg/645493/leviat-n-vs-mibr-vct-2026-americas-stage-1-w4,VCT 2026: Americas Stage 1
spike,LEV,2,2,0,0,0,0,0,0,0,55,0,0,Breeze,2026-05-01 19:20:00,https://www.vlr.gg/645493/leviat-n-vs-mibr-vct-2026-americas-stage-1-w4,VCT 2026: Americas Stage 1
Neon,LEV,3,2,2,0,1,0,0,0,0,56,1,2,Breeze,2026-05-01 19:20:00,https://www.vlr.gg/645493/leviat-n-vs-mibr-vct-2026-americas-stage-1-w4,VCT 2026: Americas Stage 1
tex,MIBR,2,0,0,0,0,0,0,0,0,30,1,0,Breeze,2026-05-01 19:20:00,https://www.vlr.gg/645493/leviat-n-vs-mibr-vct-2026-americas-stage-1-w4,VCT 2026: Americas Stage 1
zekken,MIBR,4,1,0,0,0,0,0,0,0,61,0,1,Breeze,2026-05-01 19:20:00,https://www.vlr.gg/645493/leviat-n-vs-mibr-vct-2026-americas-stage-1-w4,VCT 2026: Americas Stage 1
Mazino,MIBR,1,0,0,0,1,0,0,0,0,28,7,1,Breeze,2026-05-01 19:20:00,https://www.vlr.gg/645493/leviat-n-vs-mibr-vct-2026-americas-stage-1-w4,VCT 2026: Americas Stage 1
aspas,MIBR,5,1,0,0,0,0,0,0,0,51,0,0,Breeze,2026-05-01 19:20:00,https://www.vlr.gg/645493/leviat-n-vs-mibr-vct-2026-americas-stage-1-w4,VCT 2026: Americas Stage 1
Verno,MIBR,3,1,0,0,1,1,0,0,0,59,2,1,Breeze,2026-05-01 19:20:00,https://www.vlr.gg/645493/leviat-n-vs-mibr-vct-2026-americas-stage-1-w4,VCT 2026: Americas Stage 1
kiNgg,LEV,1,1,0,0,0,0,0,0,0,30,2,0,Haven,2026-05-01 19:20:00,https://www.vlr.gg/645493/leviat-n-vs-mibr-vct-2026-americas-stage-1-w4,VCT 2026: Americas Stage 1
blowz,LEV,0,0,0,0,0,0,0,0,0,41,4,1,Haven,2026-05-01 19:20:00,https://www.vlr.gg/645493/leviat-n-vs-mibr-vct-2026-americas-stage-1-w4,VCT 2026: Americas Stage 1
Sato,LEV,4,1,0,0,0,0,0,0,0,53,0,1,Haven,2026-05-01 19:20:00,https://www.vlr.gg/645493/leviat-n-vs-mibr-vct-2026-americas-stage-1-w4,VCT 2026: Americas Stage 1
spike,LEV,2,0,0,0,0,0,0,0,0,38,1,0,Haven,2026-05-01 19:20:00,https://www.vlr.gg/645493/leviat-n-vs-mibr-vct-2026-americas-stage-1-w4,VCT 2026: Americas Stage 1
Neon,LEV,4,3,0,0,0,0,0,0,0,91,0,1,Haven,2026-05-01 19:20:00,https://www.vlr.gg/645493/leviat-n-vs-mibr-vct-2026-americas-stage-1-w4,VCT 2026: Americas Stage 1
tex,MIBR,3,1,0,0,0,0,1,0,0,39,0,0,Haven,2026-05-01 19:20:00,https://www.vlr.gg/645493/leviat-n-vs-mibr-vct-2026-americas-stage-1-w4,VCT 2026: Americas Stage 1
zekken,MIBR,3,2,1,0,0,0,0,0,0,63,0,1,Haven,2026-05-01 19:20:00,https://www.vlr.gg/645493/leviat-n-vs-mibr-vct-2026-americas-stage-1-w4,VCT 2026: Americas Stage 1
Mazino,MIBR,2,0,0,0,0,0,0,0,0,48,0,1,Haven,2026-05-01 19:20:00,https://www.vlr.gg/645493/leviat-n-vs-mibr-vct-2026-americas-stage-1-w4,VCT 2026: Americas Stage 1
aspas,MIBR,3,2,0,0,0,0,0,0,0,52,0,0,Haven,2026-05-01 19:20:00,https://www.vlr.gg/645493/leviat-n-vs-mibr-vct-2026-americas-stage-1-w4,VCT 2026: Americas Stage 1
Verno,MIBR,2,0,0,0,0,0,0,0,0,38,8,0,Haven,2026-05-01 19:20:00,https://www.vlr.gg/645493/leviat-n-vs-mibr-vct-2026-americas-stage-1-w4,VCT 2026: Americas Stage 1
saadhak,KRÜ,6,2,1,0,1,0,1,0,0,62,5,1,all,2026-05-02 17:00:00,https://www.vlr.gg/645494/kr-esports-vs-100-thieves-vct-2026-americas-stage-1-w4,VCT 2026: Americas Stage 1
mwzera,KRÜ,5,4,0,0,0,0,0,0,0,58,12,4,all,2026-05-02 17:00:00,https://www.vlr.gg/645494/kr-esports-vs-100-thieves-vct-2026-americas-stage-1-w4,VCT 2026: Americas Stage 1
Less,KRÜ,11,2,1,0,0,0,0,0,0,66,0,0,all,2026-05-02 17:00:00,https://www.vlr.gg/645494/kr-esports-vs-100-thieves-vct-2026-americas-stage-1-w4,VCT 2026: Americas Stage 1
silentzz,KRÜ,5,2,0,0,1,0,0,0,0,47,3,0,all,2026-05-02 17:00:00,https://www.vlr.gg/645494/kr-esports-vs-100-thieves-vct-2026-americas-stage-1-w4,VCT 2026: Americas Stage 1
Dantedeu5,KRÜ,4,2,0,0,0,0,0,0,0,41,2,0,all,2026-05-02 17:00:00,https://www.vlr.gg/645494/kr-esports-vs-100-thieves-vct-2026-americas-stage-1-w4,VCT 2026: Americas Stage 1
Asuna,100T,6,4,0,0,3,1,0,0,0,56,8,3,all,2026-05-02 17:00:00,https://www.vlr.gg/645494/kr-esports-vs-100-thieves-vct-2026-americas-stage-1-w4,VCT 2026: Americas Stage 1
bang,100T,12,2,2,0,2,0,0,0,0,72,5,1,all,2026-05-02 17:00:00,https://www.vlr.gg/645494/kr-esports-vs-100-thieves-vct-2026-americas-stage-1-w4,VCT 2026: Americas Stage 1
Cryocells,100T,7,3,0,0,1,1,0,0,0,51,0,2,all,2026-05-02 17:00:00,https://www.vlr.gg/645494/kr-esports-vs-100-thieves-vct-2026-americas-stage-1-w4,VCT 2026: Americas Stage 1
vora,100T,3,3,0,0,0,0,0,0,0,49,10,3,all,2026-05-02 17:00:00,https://www.vlr.gg/645494/kr-esports-vs-100-thieves-vct-2026-americas-stage-1-w4,VCT 2026: Americas Stage 1
Timotino,100T,8,4,0,0,0,0,0,0,0,61,1,0,all,2026-05-02 17:00:00,https://www.vlr.gg/645494/kr-esports-vs-100-thieves-vct-2026-americas-stage-1-w4,VCT 2026: Americas Stage 1
saadhak,KRÜ,0,0,0,0,0,0,0,0,0,64,3,1,Bind,2026-05-02 17:00:00,https://www.vlr.gg/645494/kr-esports-vs-100-thieves-vct-2026-americas-stage-1-w4,VCT 2026: Americas Stage 1
mwzera,KRÜ,0,1,0,0,0,0,0,0,0,54,1,1,Bind,2026-05-02 17:00:00,https://www.vlr.gg/645494/kr-esports-vs-100-thieves-vct-2026-americas-stage-1-w4,VCT 2026: Americas Stage 1
Less,KRÜ,5,0,0,0,0,0,0,0,0,54,0,0,Bind,2026-05-02 17:00:00,https://www.vlr.gg/645494/kr-esports-vs-100-thieves-vct-2026-americas-stage-1-w4,VCT 2026: Americas Stage 1
silentzz,KRÜ,1,0,0,0,0,0,0,0,0,45,0,0,Bind,2026-05-02 17:00:00,https://www.vlr.gg/645494/kr-esports-vs-100-thieves-vct-2026-americas-stage-1-w4,VCT 2026: Americas Stage 1
Dantedeu5,KRÜ,0,0,0,0,0,0,0,0,0,43,0,0,Bind,2026-05-02 17:00:00,https://www.vlr.gg/645494/kr-esports-vs-100-thieves-vct-2026-americas-stage-1-w4,VCT 2026: Americas Stage 1
Asuna,100T,4,1,0,0,1,0,0,0,0,68,4,1,Bind,2026-05-02 17:00:00,https://www.vlr.gg/645494/kr-esports-vs-100-thieves-vct-2026-americas-stage-1-w4,VCT 2026: Americas Stage 1
bang,100T,2,2,1,0,0,0,0,0,0,95,1,0,Bind,2026-05-02 17:00:00,https://www.vlr.gg/645494/kr-esports-vs-100-thieves-vct-2026-americas-stage-1-w4,VCT 2026: Americas Stage 1
Cryocells,100T,1,1,0,0,0,1,0,0,0,47,0,0,Bind,2026-05-02 17:00:00,https://www.vlr.gg/645494/kr-esports-vs-100-thieves-vct-2026-americas-stage-1-w4,VCT 2026: Americas Stage 1
vora,100T,0,0,0,0,0,0,0,0,0,40,7,1,Bind,2026-05-02 17:00:00,https://www.vlr.gg/645494/kr-esports-vs-100-thieves-vct-2026-americas-stage-1-w4,VCT 2026: Americas Stage 1
Timotino,100T,4,0,0,0,0,0,0,0,0,53,0,0,Bind,2026-05-02 17:00:00,https://www.vlr.gg/645494/kr-esports-vs-100-thieves-vct-2026-americas-stage-1-w4,VCT 2026: Americas Stage 1
saadhak,KRÜ,4,2,0,0,1,0,1,0,0,58,2,0,Haven,2026-05-02 17:00:00,https://www.vlr.gg/645494/kr-esports-vs-100-thieves-vct-2026-americas-stage-1-w4,VCT 2026: Americas Stage 1
mwzera,KRÜ,3,1,0,0,0,0,0,0,0,53,6,3,Haven,2026-05-02 17:00:00,https://www.vlr.gg/645494/kr-esports-vs-100-thieves-vct-2026-americas-stage-1-w4,VCT 2026: Americas Stage 1
Less,KRÜ,4,1,1,0,0,0,0,0,0,87,0,0,Haven,2026-05-02 17:00:00,https://www.vlr.gg/645494/kr-esports-vs-100-thieves-vct-2026-americas-stage-1-w4,VCT 2026: Americas Stage 1
silentzz,KRÜ,1,1,0,0,1,0,0,0,0,38,0,0,Haven,2026-05-02 17:00:00,https://www.vlr.gg/645494/kr-esports-vs-100-thieves-vct-2026-americas-stage-1-w4,VCT 2026: Americas Stage 1
Dantedeu5,KRÜ,2,2,0,0,0,0,0,0,0,46,0,0,Haven,2026-05-02 17:00:00,https://www.vlr.gg/645494/kr-esports-vs-100-thieves-vct-2026-americas-stage-1-w4,VCT 2026: Americas Stage 1
Asuna,100T,1,3,0,0,0,1,0,0,0,65,2,0,Haven,2026-05-02 17:00:00,https://www.vlr.gg/645494/kr-esports-vs-100-thieves-vct-2026-americas-stage-1-w4,VCT 2026: Americas Stage 1
bang,100T,6,0,0,0,0,0,0,0,0,54,3,0,Haven,2026-05-02 17:00:00,https://www.vlr.gg/645494/kr-esports-vs-100-thieves-vct-2026-americas-stage-1-w4,VCT 2026: Americas Stage 1
Cryocells,100T,4,0,0,0,1,0,0,0,0,45,0,0,Haven,2026-05-02 17:00:00,https://www.vlr.gg/645494/kr-esports-vs-100-thieves-vct-2026-americas-stage-1-w4,VCT 2026: Americas Stage 1
vora,100T,1,1,0,0,0,0,0,0,0,59,1,2,Haven,2026-05-02 17:00:00,https://www.vlr.gg/645494/kr-esports-vs-100-thieves-vct-2026-americas-stage-1-w4,VCT 2026: Americas Stage 1
Timotino,100T,3,1,0,0,0,0,0,0,0,57,1,0,Haven,2026-05-02 17:00:00,https://www.vlr.gg/645494/kr-esports-vs-100-thieves-vct-2026-americas-stage-1-w4,VCT 2026: Americas Stage 1
saadhak,KRÜ,2,0,1,0,0,0,0,0,0,63,0,0,Split,2026-05-02 17:00:00,https://www.vlr.gg/645494/kr-esports-vs-100-thieves-vct-2026-americas-stage-1-w4,VCT 2026: Americas Stage 1
mwzera,KRÜ,2,2,0,0,0,0,0,0,0,66,5,0,Split,2026-05-02 17:00:00,https://www.vlr.gg/645494/kr-esports-vs-100-thieves-vct-2026-americas-stage-1-w4,VCT 2026: Americas Stage 1
Less,KRÜ,2,1,0,0,0,0,0,0,0,57,0,0,Split,2026-05-02 17:00:00,https://www.vlr.gg/645494/kr-esports-vs-100-thieves-vct-2026-americas-stage-1-w4,VCT 2026: Americas Stage 1
silentzz,KRÜ,3,1,0,0,0,0,0,0,0,57,3,0,Split,2026-05-02 17:00:00,https://www.vlr.gg/645494/kr-esports-vs-100-thieves-vct-2026-americas-stage-1-w4,VCT 2026: Americas Stage 1
Dantedeu5,KRÜ,2,0,0,0,0,0,0,0,0,33,2,0,Split,2026-05-02 17:00:00,https://www.vlr.gg/645494/kr-esports-vs-100-thieves-vct-2026-americas-stage-1-w4,VCT 2026: Americas Stage 1
Asuna,100T,1,0,0,0,2,0,0,0,0,34,2,2,Split,2026-05-02 17:00:00,https://www.vlr.gg/645494/kr-esports-vs-100-thieves-vct-2026-americas-stage-1-w4,VCT 2026: Americas Stage 1
bang,100T,4,0,1,0,2,0,0,0,0,66,1,1,Split,2026-05-02 17:00:00,https://www.vlr.gg/645494/kr-esports-vs-100-thieves-vct-2026-americas-stage-1-w4,VCT 2026: Americas Stage 1
Cryocells,100T,2,2,0,0,0,0,0,0,0,61,0,2,Split,2026-05-02 17:00:00,https://www.vlr.gg/645494/kr-esports-vs-100-thieves-vct-2026-americas-stage-1-w4,VCT 2026: Americas Stage 1
vora,100T,2,2,0,0,0,0,0,0,0,49,2,0,Split,2026-05-02 17:00:00,https://www.vlr.gg/645494/kr-esports-vs-100-thieves-vct-2026-americas-stage-1-w4,VCT 2026: Americas Stage 1
Timotino,100T,1,3,0,0,0,0,0,0,0,73,0,0,Split,2026-05-02 17:00:00,https://www.vlr.gg/645494/kr-esports-vs-100-thieves-vct-2026-americas-stage-1-w4,VCT 2026: Americas Stage 1
nerve,FUR,4,3,0,0,1,1,0,0,0,56,6,3,all,2026-05-02 20:00:00,https://www.vlr.gg/645495/furia-vs-sentinels-vct-2026-americas-stage-1-w4,VCT 2026: Americas Stage 1
eeiu,FUR,7,4,0,0,0,0,0,0,0,64,6,1,all,2026-05-02 20:00:00,https://www.vlr.gg/645495/furia-vs-sentinels-vct-2026-americas-stage-1-w4,VCT 2026: Americas Stage 1
koalanoob,FUR,7,6,0,0,0,0,0,0,0,43,2,0,all,2026-05-02 20:00:00,https://www.vlr.gg/645495/furia-vs-sentinels-vct-2026-americas-stage-1-w4,VCT 2026: Americas Stage 1
artzin,FUR,7,3,2,0,2,1,0,0,0,67,9,0,all,2026-05-02 20:00:00,https://www.vlr.gg/645495/furia-vs-sentinels-vct-2026-americas-stage-1-w4,VCT 2026: Americas Stage 1
alym,FUR,7,1,1,0,0,0,0,0,0,47,1,0,all,2026-05-02 20:00:00,https://www.vlr.gg/645495/furia-vs-sentinels-vct-2026-americas-stage-1-w4,VCT 2026: Americas Stage 1
johnqt,SEN,7,1,0,0,0,0,0,0,0,44,4,2,all,2026-05-02 20:00:00,https://www.vlr.gg/645495/furia-vs-sentinels-vct-2026-americas-stage-1-w4,VCT 2026: Americas Stage 1
JonahP,SEN,4,3,1,0,0,0,0,0,0,67,7,2,all,2026-05-02 20:00:00,https://www.vlr.gg/645495/furia-vs-sentinels-vct-2026-americas-stage-1-w4,VCT 2026: Americas Stage 1
cortezia,SEN,6,2,0,0,0,1,0,0,0,60,0,1,all,2026-05-02 20:00:00,https://www.vlr.gg/645495/furia-vs-sentinels-vct-2026-americas-stage-1-w4,VCT 2026: Americas Stage 1
Reduxx,SEN,7,1,0,0,0,0,0,0,0,43,3,0,all,2026-05-02 20:00:00,https://www.vlr.gg/645495/furia-vs-sentinels-vct-2026-americas-stage-1-w4,VCT 2026: Americas Stage 1
Jerrwin,SEN,10,1,0,0,0,0,0,0,0,52,0,0,all,2026-05-02 20:00:00,https://www.vlr.gg/645495/furia-vs-sentinels-vct-2026-americas-stage-1-w4,VCT 2026: Americas Stage 1
nerve,FUR,2,1,0,0,1,0,0,0,0,66,0,0,Split,2026-05-02 20:00:00,https://www.vlr.gg/645495/furia-vs-sentinels-vct-2026-americas-stage-1-w4,VCT 2026: Americas Stage 1
eeiu,FUR,3,1,0,0,0,0,0,0,0,63,3,1,Split,2026-05-02 20:00:00,https://www.vlr.gg/645495/furia-vs-sentinels-vct-2026-americas-stage-1-w4,VCT 2026: Americas Stage 1
koalanoob,FUR,1,3,0,0,0,0,0,0,0,45,2,0,Split,2026-05-02 20:00:00,https://www.vlr.gg/645495/furia-vs-sentinels-vct-2026-americas-stage-1-w4,VCT 2026: Americas Stage 1
artzin,FUR,3,0,2,0,1,0,0,0,0,101,5,0,Split,2026-05-02 20:00:00,https://www.vlr.gg/645495/furia-vs-sentinels-vct-2026-americas-stage-1-w4,VCT 2026: Americas Stage 1
alym,FUR,2,0,0,0,0,0,0,0,0,33,1,0,Split,2026-05-02 20:00:00,https://www.vlr.gg/645495/furia-vs-sentinels-vct-2026-americas-stage-1-w4,VCT 2026: Americas Stage 1
johnqt,SEN,1,0,0,0,0,0,0,0,0,50,0,0,Split,2026-05-02 20:00:00,https://www.vlr.gg/645495/furia-vs-sentinels-vct-2026-americas-stage-1-w4,VCT 2026: Americas Stage 1
JonahP,SEN,1,0,0,0,0,0,0,0,0,40,1,2,Split,2026-05-02 20:00:00,https://www.vlr.gg/645495/furia-vs-sentinels-vct-2026-americas-stage-1-w4,VCT 2026: Americas Stage 1
cortezia,SEN,2,0,0,0,0,0,0,0,0,50,0,1,Split,2026-05-02 20:00:00,https://www.vlr.gg/645495/furia-vs-sentinels-vct-2026-americas-stage-1-w4,VCT 2026: Americas Stage 1
Reduxx,SEN,2,0,0,0,0,0,0,0,0,48,0,0,Split,2026-05-02 20:00:00,https://www.vlr.gg/645495/furia-vs-sentinels-vct-2026-americas-stage-1-w4,VCT 2026: Americas Stage 1
Jerrwin,SEN,3,1,0,0,0,0,0,0,0,65,0,0,Split,2026-05-02 20:00:00,https://www.vlr.gg/645495/furia-vs-sentinels-vct-2026-americas-stage-1-w4,VCT 2026: Americas Stage 1
nerve,FUR,1,1,0,0,0,1,0,0,0,43,3,1,Breeze,2026-05-02 20:00:00,https://www.vlr.gg/645495/furia-vs-sentinels-vct-2026-americas-stage-1-w4,VCT 2026: Americas Stage 1
eeiu,FUR,2,0,0,0,0,0,0,0,0,37,0,0,Breeze,2026-05-02 20:00:00,https://www.vlr.gg/645495/furia-vs-sentinels-vct-2026-americas-stage-1-w4,VCT 2026: Americas Stage 1
koalanoob,FUR,2,3,0,0,0,0,0,0,0,49,0,0,Breeze,2026-05-02 20:00:00,https://www.vlr.gg/645495/furia-vs-sentinels-vct-2026-americas-stage-1-w4,VCT 2026: Americas Stage 1
artzin,FUR,2,0,0,0,1,0,0,0,0,33,2,0,Breeze,2026-05-02 20:00:00,https://www.vlr.gg/645495/furia-vs-sentinels-vct-2026-americas-stage-1-w4,VCT 2026: Americas Stage 1
alym,FUR,2,0,1,0,0,0,0,0,0,48,0,0,Breeze,2026-05-02 20:00:00,https://www.vlr.gg/645495/furia-vs-sentinels-vct-2026-americas-stage-1-w4,VCT 2026: Americas Stage 1
johnqt,SEN,4,0,0,0,0,0,0,0,0,48,4,0,Breeze,2026-05-02 20:00:00,https://www.vlr.gg/645495/furia-vs-sentinels-vct-2026-americas-stage-1-w4,VCT 2026: Americas Stage 1
JonahP,SEN,1,2,1,0,0,0,0,0,0,86,4,0,Breeze,2026-05-02 20:00:00,https://www.vlr.gg/645495/furia-vs-sentinels-vct-2026-americas-stage-1-w4,VCT 2026: Americas Stage 1
cortezia,SEN,1,2,0,0,0,1,0,0,0,79,0,0,Breeze,2026-05-02 20:00:00,https://www.vlr.gg/645495/furia-vs-sentinels-vct-2026-americas-stage-1-w4,VCT 2026: Americas Stage 1
Reduxx,SEN,5,0,0,0,0,0,0,0,0,53,2,0,Breeze,2026-05-02 20:00:00,https://www.vlr.gg/645495/furia-vs-sentinels-vct-2026-americas-stage-1-w4,VCT 2026: Americas Stage 1
Jerrwin,SEN,3,0,0,0,0,0,0,0,0,40,0,0,Breeze,2026-05-02 20:00:00,https://www.vlr.gg/645495/furia-vs-sentinels-vct-2026-americas-stage-1-w4,VCT 2026: Americas Stage 1
nerve,FUR,1,1,0,0,0,0,0,0,0,58,3,2,Haven,2026-05-02 20:00:00,https://www.vlr.gg/645495/furia-vs-sentinels-vct-2026-americas-stage-1-w4,VCT 2026: Americas Stage 1
eeiu,FUR,2,3,0,0,0,0,0,0,0,92,3,0,Haven,2026-05-02 20:00:00,https://www.vlr.gg/645495/furia-vs-sentinels-vct-2026-americas-stage-1-w4,VCT 2026: Americas Stage 1
koalanoob,FUR,4,0,0,0,0,0,0,0,0,34,0,0,Haven,2026-05-02 20:00:00,https://www.vlr.gg/645495/furia-vs-sentinels-vct-2026-americas-stage-1-w4,VCT 2026: Americas Stage 1
artzin,FUR,2,3,0,0,0,1,0,0,0,68,2,0,Haven,2026-05-02 20:00:00,https://www.vlr.gg/645495/furia-vs-sentinels-vct-2026-americas-stage-1-w4,VCT 2026: Americas Stage 1
alym,FUR,3,1,0,0,0,0,0,0,0,59,0,0,Haven,2026-05-02 20:00:00,https://www.vlr.gg/645495/furia-vs-sentinels-vct-2026-americas-stage-1-w4,VCT 2026: Americas Stage 1
johnqt,SEN,2,1,0,0,0,0,0,0,0,34,0,2,Haven,2026-05-02 20:00:00,https://www.vlr.gg/645495/furia-vs-sentinels-vct-2026-americas-stage-1-w4,VCT 2026: Americas Stage 1
JonahP,SEN,2,1,0,0,0,0,0,0,0,75,2,0,Haven,2026-05-02 20:00:00,https://www.vlr.gg/645495/furia-vs-sentinels-vct-2026-americas-stage-1-w4,VCT 2026: Americas Stage 1
cortezia,SEN,3,0,0,0,0,0,0,0,0,50,0,0,Haven,2026-05-02 20:00:00,https://www.vlr.gg/645495/furia-vs-sentinels-vct-2026-americas-stage-1-w4,VCT 2026: Americas Stage 1
Reduxx,SEN,0,1,0,0,0,0,0,0,0,28,1,0,Haven,2026-05-02 20:00:00,https://www.vlr.gg/645495/furia-vs-sentinels-vct-2026-americas-stage-1-w4,VCT 2026: Americas Stage 1
Jerrwin,SEN,4,0,0,0,0,0,0,0,0,51,0,0,Haven,2026-05-02 20:00:00,https://www.vlr.gg/645495/furia-vs-sentinels-vct-2026-americas-stage-1-w4,VCT 2026: Americas Stage 1
Virtyy,LOUD,7,0,1,0,0,0,0,0,0,39,0,0,all,2026-05-03 17:00:00,https://www.vlr.gg/645496/loud-vs-cloud9-vct-2026-americas-stage-1-w4,VCT 2026: Americas Stage 1
cauanzin,LOUD,6,3,0,0,1,0,1,0,0,63,21,1,all,2026-05-03 17:00:00,https://www.vlr.gg/645496/loud-vs-cloud9-vct-2026-americas-stage-1-w4,VCT 2026: Americas Stage 1
Darker,LOUD,7,2,0,0,1,0,0,0,0,59,3,1,all,2026-05-03 17:00:00,https://www.vlr.gg/645496/loud-vs-cloud9-vct-2026-americas-stage-1-w4,VCT 2026: Americas Stage 1
lukxo,LOUD,12,3,1,0,2,0,0,0,0,68,2,0,all,2026-05-03 17:00:00,https://www.vlr.gg/645496/loud-vs-cloud9-vct-2026-americas-stage-1-w4,VCT 2026: Americas Stage 1
erde,LOUD,10,1,0,0,2,0,0,0,0,60,2,2,all,2026-05-03 17:00:00,https://www.vlr.gg/645496/loud-vs-cloud9-vct-2026-americas-stage-1-w4,VCT 2026: Americas Stage 1
Zellsis,C9,2,2,0,0,0,0,0,0,0,36,3,0,all,2026-05-03 17:00:00,https://www.vlr.gg/645496/loud-vs-cloud9-vct-2026-americas-stage-1-w4,VCT 2026: Americas Stage 1
Xeppaa,C9,10,1,0,1,0,1,0,0,0,54,3,1,all,2026-05-03 17:00:00,https://www.vlr.gg/645496/loud-vs-cloud9-vct-2026-americas-stage-1-w4,VCT 2026: Americas Stage 1
v1c,C9,8,2,1,0,2,1,0,0,0,52,4,3,all,2026-05-03 17:00:00,https://www.vlr.gg/645496/loud-vs-cloud9-vct-2026-americas-stage-1-w4,VCT 2026: Americas Stage 1
OXY,C9,9,3,1,0,1,0,0,0,0,54,1,1,all,2026-05-03 17:00:00,https://www.vlr.gg/645496/loud-vs-cloud9-vct-2026-americas-stage-1-w4,VCT 2026: Americas Stage 1
Jackk,C9,6,3,0,0,0,1,0,0,0,51,8,0,all,2026-05-03 17:00:00,https://www.vlr.gg/645496/loud-vs-cloud9-vct-2026-americas-stage-1-w4,VCT 2026: Americas Stage 1
Virtyy,LOUD,4,0,0,0,0,0,0,0,0,50,0,0,Lotus,2026-05-03 17:00:00,https://www.vlr.gg/645496/loud-vs-cloud9-vct-2026-americas-stage-1-w4,VCT 2026: Americas Stage 1
cauanzin,LOUD,1,0,0,0,0,0,0,0,0,54,7,0,Lotus,2026-05-03 17:00:00,https://www.vlr.gg/645496/loud-vs-cloud9-vct-2026-americas-stage-1-w4,VCT 2026: Americas Stage 1
Darker,LOUD,3,1,0,0,0,0,0,0,0,78,2,0,Lotus,2026-05-03 17:00:00,https://www.vlr.gg/645496/loud-vs-cloud9-vct-2026-americas-stage-1-w4,VCT 2026: Americas Stage 1
lukxo,LOUD,4,1,1,0,2,0,0,0,0,76,1,0,Lotus,2026-05-03 17:00:00,https://www.vlr.gg/645496/loud-vs-cloud9-vct-2026-americas-stage-1-w4,VCT 2026: Americas Stage 1
erde,LOUD,2,1,0,0,0,0,0,0,0,90,2,0,Lotus,2026-05-03 17:00:00,https://www.vlr.gg/645496/loud-vs-cloud9-vct-2026-americas-stage-1-w4,VCT 2026: Americas Stage 1
Zellsis,C9,0,1,0,0,0,0,0,0,0,29,0,0,Lotus,2026-05-03 17:00:00,https://www.vlr.gg/645496/loud-vs-cloud9-vct-2026-americas-stage-1-w4,VCT 2026: Americas Stage 1
Xeppaa,C9,0,0,0,1,0,1,0,0,0,65,0,1,Lotus,2026-05-03 17:00:00,https://www.vlr.gg/645496/loud-vs-cloud9-vct-2026-americas-stage-1-w4,VCT 2026: Americas Stage 1
v1c,C9,0,0,0,0,0,0,0,0,0,23,0,0,Lotus,2026-05-03 17:00:00,https://www.vlr.gg/645496/loud-vs-cloud9-vct-2026-americas-stage-1-w4,VCT 2026: Americas Stage 1
OXY,C9,2,0,0,0,0,0,0,0,0,40,0,0,Lotus,2026-05-03 17:00:00,https://www.vlr.gg/645496/loud-vs-cloud9-vct-2026-americas-stage-1-w4,VCT 2026: Americas Stage 1
Jackk,C9,1,0,0,0,0,0,0,0,0,32,0,0,Lotus,2026-05-03 17:00:00,https://www.vlr.gg/645496/loud-vs-cloud9-vct-2026-americas-stage-1-w4,VCT 2026: Americas Stage 1
Virtyy,LOUD,1,0,0,0,0,0,0,0,0,30,0,0,Split,2026-05-03 17:00:00,https://www.vlr.gg/645496/loud-vs-cloud9-vct-2026-americas-stage-1-w4,VCT 2026: Americas Stage 1
cauanzin,LOUD,3,0,0,0,1,0,0,0,0,47,5,1,Split,2026-05-03 17:00:00,https://www.vlr.gg/645496/loud-vs-cloud9-vct-2026-americas-stage-1-w4,VCT 2026: Americas Stage 1
Darker,LOUD,3,1,0,0,0,0,0,0,0,58,1,0,Split,2026-05-03 17:00:00,https://www.vlr.gg/645496/loud-vs-cloud9-vct-2026-americas-stage-1-w4,VCT 2026: Americas Stage 1
lukxo,LOUD,2,1,0,0,0,0,0,0,0,56,1,0,Split,2026-05-03 17:00:00,https://www.vlr.gg/645496/loud-vs-cloud9-vct-2026-americas-stage-1-w4,VCT 2026: Americas Stage 1
erde,LOUD,3,0,0,0,1,0,0,0,0,54,0,1,Split,2026-05-03 17:00:00,https://www.vlr.gg/645496/loud-vs-cloud9-vct-2026-americas-stage-1-w4,VCT 2026: Americas Stage 1
Zellsis,C9,1,1,0,0,0,0,0,0,0,45,1,0,Split,2026-05-03 17:00:00,https://www.vlr.gg/645496/loud-vs-cloud9-vct-2026-americas-stage-1-w4,VCT 2026: Americas Stage 1
Xeppaa,C9,5,0,0,0,0,0,0,0,0,51,2,0,Split,2026-05-03 17:00:00,https://www.vlr.gg/645496/loud-vs-cloud9-vct-2026-americas-stage-1-w4,VCT 2026: Americas Stage 1
v1c,C9,3,2,0,0,1,1,0,0,0,70,3,2,Split,2026-05-03 17:00:00,https://www.vlr.gg/645496/loud-vs-cloud9-vct-2026-americas-stage-1-w4,VCT 2026: Americas Stage 1
OXY,C9,4,1,1,0,0,0,0,0,0,68,1,0,Split,2026-05-03 17:00:00,https://www.vlr.gg/645496/loud-vs-cloud9-vct-2026-americas-stage-1-w4,VCT 2026: Americas Stage 1
Jackk,C9,2,1,0,0,0,1,0,0,0,46,4,0,Split,2026-05-03 17:00:00,https://www.vlr.gg/645496/loud-vs-cloud9-vct-2026-americas-stage-1-w4,VCT 2026: Americas Stage 1
Virtyy,LOUD,2,0,1,0,0,0,0,0,0,37,0,0,Breeze,2026-05-03 17:00:00,https://www.vlr.gg/645496/loud-vs-cloud9-vct-2026-americas-stage-1-w4,VCT 2026: Americas Stage 1
cauanzin,LOUD,2,3,0,0,0,0,1,0,0,88,9,0,Breeze,2026-05-03 17:00:00,https://www.vlr.gg/645496/loud-vs-cloud9-vct-2026-americas-stage-1-w4,VCT 2026: Americas Stage 1
Darker,LOUD,1,0,0,0,1,0,0,0,0,42,0,1,Breeze,2026-05-03 17:00:00,https://www.vlr.gg/645496/loud-vs-cloud9-vct-2026-americas-stage-1-w4,VCT 2026: Americas Stage 1
lukxo,LOUD,6,1,0,0,0,0,0,0,0,72,0,0,Breeze,2026-05-03 17:00:00,https://www.vlr.gg/645496/loud-vs-cloud9-vct-2026-americas-stage-1-w4,VCT 2026: Americas Stage 1
erde,LOUD,5,0,0,0,1,0,0,0,0,37,0,1,Breeze,2026-05-03 17:00:00,https://www.vlr.gg/645496/loud-vs-cloud9-vct-2026-americas-stage-1-w4,VCT 2026: Americas Stage 1
Zellsis,C9,1,0,0,0,0,0,0,0,0,33,2,0,Breeze,2026-05-03 17:00:00,https://www.vlr.gg/645496/loud-vs-cloud9-vct-2026-americas-stage-1-w4,VCT 2026: Americas Stage 1
Xeppaa,C9,5,1,0,0,0,0,0,0,0,46,1,0,Breeze,2026-05-03 17:00:00,https://www.vlr.gg/645496/loud-vs-cloud9-vct-2026-americas-stage-1-w4,VCT 2026: Americas Stage 1
v1c,C9,5,0,1,0,1,0,0,0,0,63,1,1,Breeze,2026-05-03 17:00:00,https://www.vlr.gg/645496/loud-vs-cloud9-vct-2026-americas-stage-1-w4,VCT 2026: Americas Stage 1
OXY,C9,3,2,0,0,1,0,0,0,0,53,0,1,Breeze,2026-05-03 17:00:00,https://www.vlr.gg/645496/loud-vs-cloud9-vct-2026-americas-stage-1-w4,VCT 2026: Americas Stage 1
Jackk,C9,3,2,0,0,0,0,0,0,0,75,4,0,Breeze,2026-05-03 17:00:00,https://www.vlr.gg/645496/loud-vs-cloud9-vct-2026-americas-stage-1-w4,VCT 2026: Americas Stage 1
BABYBAY,G2,7,2,1,0,0,0,0,0,0,66,0,0,all,2026-05-03 20:00:00,https://www.vlr.gg/645497/g2-esports-vs-envy-vct-2026-americas-stage-1-w4,VCT 2026: Americas Stage 1
valyn,G2,4,1,2,0,0,0,0,0,0,58,1,1,all,2026-05-03 20:00:00,https://www.vlr.gg/645497/g2-esports-vs-envy-vct-2026-americas-stage-1-w4,VCT 2026: Americas Stage 1
jawgemo,G2,5,2,0,1,0,0,0,0,0,68,2,1,all,2026-05-03 20:00:00,https://www.vlr.gg/645497/g2-esports-vs-envy-vct-2026-americas-stage-1-w4,VCT 2026: Americas Stage 1
leaf,G2,4,3,0,1,1,1,0,0,0,57,0,1,all,2026-05-03 20:00:00,https://www.vlr.gg/645497/g2-esports-vs-envy-vct-2026-americas-stage-1-w4,VCT 2026: Americas Stage 1
trent,G2,9,2,1,0,1,0,0,0,0,72,6,2,all,2026-05-03 20:00:00,https://www.vlr.gg/645497/g2-esports-vs-envy-vct-2026-americas-stage-1-w4,VCT 2026: Americas Stage 1
Rossy,ENVY,3,1,1,0,1,1,0,0,0,53,2,0,all,2026-05-03 20:00:00,https://www.vlr.gg/645497/g2-esports-vs-envy-vct-2026-americas-stage-1-w4,VCT 2026: Americas Stage 1
keznit,ENVY,4,1,0,0,1,0,0,0,0,46,4,0,all,2026-05-03 20:00:00,https://www.vlr.gg/645497/g2-esports-vs-envy-vct-2026-americas-stage-1-w4,VCT 2026: Americas Stage 1
P0PPIN,ENVY,2,0,0,0,0,0,0,0,0,25,5,0,all,2026-05-03 20:00:00,https://www.vlr.gg/645497/g2-esports-vs-envy-vct-2026-americas-stage-1-w4,VCT 2026: Americas Stage 1
Demon1,ENVY,3,1,0,0,0,1,0,0,0,47,0,0,all,2026-05-03 20:00:00,https://www.vlr.gg/645497/g2-esports-vs-envy-vct-2026-americas-stage-1-w4,VCT 2026: Americas Stage 1
Eggsterr,ENVY,8,0,0,0,0,0,0,0,0,42,2,0,all,2026-05-03 20:00:00,https://www.vlr.gg/645497/g2-esports-vs-envy-vct-2026-americas-stage-1-w4,VCT 2026: Americas Stage 1
BABYBAY,G2,4,1,1,0,0,0,0,0,0,90,0,0,Haven,2026-05-03 20:00:00,https://www.vlr.gg/645497/g2-esports-vs-envy-vct-2026-americas-stage-1-w4,VCT 2026: Americas Stage 1
valyn,G2,3,1,0,0,0,0,0,0,0,47,0,0,Haven,2026-05-03 20:00:00,https://www.vlr.gg/645497/g2-esports-vs-envy-vct-2026-americas-stage-1-w4,VCT 2026: Americas Stage 1
jawgemo,G2,1,2,0,1,0,0,0,0,0,89,1,0,Haven,2026-05-03 20:00:00,https://www.vlr.gg/645497/g2-esports-vs-envy-vct-2026-americas-stage-1-w4,VCT 2026: Americas Stage 1
leaf,G2,2,1,0,0,1,0,0,0,0,49,0,1,Haven,2026-05-03 20:00:00,https://www.vlr.gg/645497/g2-esports-vs-envy-vct-2026-americas-stage-1-w4,VCT 2026: Americas Stage 1
trent,G2,6,1,0,0,1,0,0,0,0,80,3,2,Haven,2026-05-03 20:00:00,https://www.vlr.gg/645497/g2-esports-vs-envy-vct-2026-americas-stage-1-w4,VCT 2026: Americas Stage 1
Rossy,ENVY,2,0,1,0,1,0,0,0,0,47,1,0,Haven,2026-05-03 20:00:00,https://www.vlr.gg/645497/g2-esports-vs-envy-vct-2026-americas-stage-1-w4,VCT 2026: Americas Stage 1
keznit,ENVY,1,0,0,0,1,0,0,0,0,42,2,0,Haven,2026-05-03 20:00:00,https://www.vlr.gg/645497/g2-esports-vs-envy-vct-2026-americas-stage-1-w4,VCT 2026: Americas Stage 1
P0PPIN,ENVY,0,0,0,0,0,0,0,0,0,30,3,0,Haven,2026-05-03 20:00:00,https://www.vlr.gg/645497/g2-esports-vs-envy-vct-2026-americas-stage-1-w4,VCT 2026: Americas Stage 1
Demon1,ENVY,1,0,0,0,0,0,0,0,0,44,0,0,Haven,2026-05-03 20:00:00,https://www.vlr.gg/645497/g2-esports-vs-envy-vct-2026-americas-stage-1-w4,VCT 2026: Americas Stage 1
Eggsterr,ENVY,4,0,0,0,0,0,0,0,0,44,0,0,Haven,2026-05-03 20:00:00,https://www.vlr.gg/645497/g2-esports-vs-envy-vct-2026-americas-stage-1-w4,VCT 2026: Americas Stage 1
BABYBAY,G2,3,1,0,0,0,0,0,0,0,42,0,0,Lotus,2026-05-03 20:00:00,https://www.vlr.gg/645497/g2-esports-vs-envy-vct-2026-americas-stage-1-w4,VCT 2026: Americas Stage 1
valyn,G2,1,0,2,0,0,0,0,0,0,69,1,1,Lotus,2026-05-03 20:00:00,https://www.vlr.gg/645497/g2-esports-vs-envy-vct-2026-americas-stage-1-w4,VCT 2026: Americas Stage 1
jawgemo,G2,4,0,0,0,0,0,0,0,0,46,1,1,Lotus,2026-05-03 20:00:00,https://www.vlr.gg/645497/g2-esports-vs-envy-vct-2026-americas-stage-1-w4,VCT 2026: Americas Stage 1
leaf,G2,2,2,0,1,0,1,0,0,0,64,0,0,Lotus,2026-05-03 20:00:00,https://www.vlr.gg/645497/g2-esports-vs-envy-vct-2026-americas-stage-1-w4,VCT 2026: Americas Stage 1
trent,G2,3,1,1,0,0,0,0,0,0,64,3,0,Lotus,2026-05-03 20:00:00,https://www.vlr.gg/645497/g2-esports-vs-envy-vct-2026-americas-stage-1-w4,VCT 2026: Americas Stage 1
Rossy,ENVY,1,1,0,0,0,1,0,0,0,59,1,0,Lotus,2026-05-03 20:00:00,https://www.vlr.gg/645497/g2-esports-vs-envy-vct-2026-americas-stage-1-w4,VCT 2026: Americas Stage 1
keznit,ENVY,3,1,0,0,0,0,0,0,0,49,2,0,Lotus,2026-05-03 20:00:00,https://www.vlr.gg/645497/g2-esports-vs-envy-vct-2026-americas-stage-1-w4,VCT 2026: Americas Stage 1
P0PPIN,ENVY,2,0,0,0,0,0,0,0,0,20,2,0,Lotus,2026-05-03 20:00:00,https://www.vlr.gg/645497/g2-esports-vs-envy-vct-2026-americas-stage-1-w4,VCT 2026: Americas Stage 1
Demon1,ENVY,2,1,0,0,0,1,0,0,0,49,0,0,Lotus,2026-05-03 20:00:00,https://www.vlr.gg/645497/g2-esports-vs-envy-vct-2026-americas-stage-1-w4,VCT 2026: Americas Stage 1
Eggsterr,ENVY,4,0,0,0,0,0,0,0,0,40,2,0,Lotus,2026-05-03 20:00:00,https://www.vlr.gg/645497/g2-esports-vs-envy-vct-2026-americas-stage-1-w4,VCT 2026: Americas Stage 1
saadhak,KRÜ,11,2,1,0,0,0,0,0,0,51,4,1,all,2026-05-08 17:00:00,https://www.vlr.gg/645498/kr-esports-vs-evil-geniuses-vct-2026-americas-stage-1-w5,VCT 2026: Americas Stage 1
mwzera,KRÜ,8,1,1,0,2,0,0,0,0,51,18,2,all,2026-05-08 17:00:00,https://www.vlr.gg/645498/kr-esports-vs-evil-geniuses-vct-2026-americas-stage-1-w5,VCT 2026: Americas Stage 1
Less,KRÜ,12,2,1,0,1,0,0,0,0,67,1,1,all,2026-05-08 17:00:00,https://www.vlr.gg/645498/kr-esports-vs-evil-geniuses-vct-2026-americas-stage-1-w5,VCT 2026: Americas Stage 1
silentzz,KRÜ,9,5,0,0,0,0,1,0,0,48,3,1,all,2026-05-08 17:00:00,https://www.vlr.gg/645498/kr-esports-vs-evil-geniuses-vct-2026-americas-stage-1-w5,VCT 2026: Americas Stage 1
Dantedeu5,KRÜ,8,3,0,0,0,0,0,0,0,47,1,2,all,2026-05-08 17:00:00,https://www.vlr.gg/645498/kr-esports-vs-evil-geniuses-vct-2026-americas-stage-1-w5,VCT 2026: Americas Stage 1
supamen,EG,3,2,0,0,0,0,0,0,0,32,7,0,all,2026-05-08 17:00:00,https://www.vlr.gg/645498/kr-esports-vs-evil-geniuses-vct-2026-americas-stage-1-w5,VCT 2026: Americas Stage 1
Paincakes,EG,12,2,0,0,1,0,0,0,0,48,13,2,all,2026-05-08 17:00:00,https://www.vlr.gg/645498/kr-esports-vs-evil-geniuses-vct-2026-americas-stage-1-w5,VCT 2026: Americas Stage 1
dgzin,EG,10,5,2,0,0,0,1,0,0,51,1,1,all,2026-05-08 17:00:00,https://www.vlr.gg/645498/kr-esports-vs-evil-geniuses-vct-2026-americas-stage-1-w5,VCT 2026: Americas Stage 1
zerona,EG,10,1,0,0,0,0,0,0,0,58,2,1,all,2026-05-08 17:00:00,https://www.vlr.gg/645498/kr-esports-vs-evil-geniuses-vct-2026-americas-stage-1-w5,VCT 2026: Americas Stage 1
bao,EG,7,3,0,0,0,0,0,0,0,51,3,3,all,2026-05-08 17:00:00,https://www.vlr.gg/645498/kr-esports-vs-evil-geniuses-vct-2026-americas-stage-1-w5,VCT 2026: Americas Stage 1
saadhak,KRÜ,3,1,0,0,0,0,0,0,0,47,3,0,Haven,2026-05-08 17:00:00,https://www.vlr.gg/645498/kr-esports-vs-evil-geniuses-vct-2026-americas-stage-1-w5,VCT 2026: Americas Stage 1
mwzera,KRÜ,3,0,0,0,0,0,0,0,0,44,5,1,Haven,2026-05-08 17:00:00,https://www.vlr.gg/645498/kr-esports-vs-evil-geniuses-vct-2026-americas-stage-1-w5,VCT 2026: Americas Stage 1
Less,KRÜ,5,1,0,0,1,0,0,0,0,80,1,1,Haven,2026-05-08 17:00:00,https://www.vlr.gg/645498/kr-esports-vs-evil-geniuses-vct-2026-americas-stage-1-w5,VCT 2026: Americas Stage 1
silentzz,KRÜ,4,1,0,0,0,0,0,0,0,41,0,1,Haven,2026-05-08 17:00:00,https://www.vlr.gg/645498/kr-esports-vs-evil-geniuses-vct-2026-americas-stage-1-w5,VCT 2026: Americas Stage 1
Dantedeu5,KRÜ,2,0,0,0,0,0,0,0,0,51,0,1,Haven,2026-05-08 17:00:00,https://www.vlr.gg/645498/kr-esports-vs-evil-geniuses-vct-2026-americas-stage-1-w5,VCT 2026: Americas Stage 1
supamen,EG,1,1,0,0,0,0,0,0,0,35,5,0,Haven,2026-05-08 17:00:00,https://www.vlr.gg/645498/kr-esports-vs-evil-geniuses-vct-2026-americas-stage-1-w5,VCT 2026: Americas Stage 1
Paincakes,EG,3,2,0,0,1,0,0,0,0,53,5,1,Haven,2026-05-08 17:00:00,https://www.vlr.gg/645498/kr-esports-vs-evil-geniuses-vct-2026-americas-stage-1-w5,VCT 2026: Americas Stage 1
dgzin,EG,5,2,1,0,0,0,0,0,0,48,0,1,Haven,2026-05-08 17:00:00,https://www.vlr.gg/645498/kr-esports-vs-evil-geniuses-vct-2026-americas-stage-1-w5,VCT 2026: Americas Stage 1
zerona,EG,3,1,0,0,0,0,0,0,0,61,0,0,Haven,2026-05-08 17:00:00,https://www.vlr.gg/645498/kr-esports-vs-evil-geniuses-vct-2026-americas-stage-1-w5,VCT 2026: Americas Stage 1
bao,EG,5,0,0,0,0,0,0,0,0,60,0,2,Haven,2026-05-08 17:00:00,https://www.vlr.gg/645498/kr-esports-vs-evil-geniuses-vct-2026-americas-stage-1-w5,VCT 2026: Americas Stage 1
saadhak,KRÜ,3,0,1,0,0,0,0,0,0,42,1,0,Lotus,2026-05-08 17:00:00,https://www.vlr.gg/645498/kr-esports-vs-evil-geniuses-vct-2026-americas-stage-1-w5,VCT 2026: Americas Stage 1
mwzera,KRÜ,2,1,1,0,0,0,0,0,0,56,9,0,Lotus,2026-05-08 17:00:00,https://www.vlr.gg/645498/kr-esports-vs-evil-geniuses-vct-2026-americas-stage-1-w5,VCT 2026: Americas Stage 1
Less,KRÜ,5,1,1,0,0,0,0,0,0,60,0,0,Lotus,2026-05-08 17:00:00,https://www.vlr.gg/645498/kr-esports-vs-evil-geniuses-vct-2026-americas-stage-1-w5,VCT 2026: Americas Stage 1
silentzz,KRÜ,4,1,0,0,0,0,0,0,0,48,0,0,Lotus,2026-05-08 17:00:00,https://www.vlr.gg/645498/kr-esports-vs-evil-geniuses-vct-2026-americas-stage-1-w5,VCT 2026: Americas Stage 1
Dantedeu5,KRÜ,3,1,0,0,0,0,0,0,0,41,1,0,Lotus,2026-05-08 17:00:00,https://www.vlr.gg/645498/kr-esports-vs-evil-geniuses-vct-2026-americas-stage-1-w5,VCT 2026: Americas Stage 1
supamen,EG,2,0,0,0,0,0,0,0,0,35,2,0,Lotus,2026-05-08 17:00:00,https://www.vlr.gg/645498/kr-esports-vs-evil-geniuses-vct-2026-americas-stage-1-w5,VCT 2026: Americas Stage 1
Paincakes,EG,5,0,0,0,0,0,0,0,0,50,4,0,Lotus,2026-05-08 17:00:00,https://www.vlr.gg/645498/kr-esports-vs-evil-geniuses-vct-2026-americas-stage-1-w5,VCT 2026: Americas Stage 1
dgzin,EG,2,1,1,0,0,0,0,0,0,47,1,0,Lotus,2026-05-08 17:00:00,https://www.vlr.gg/645498/kr-esports-vs-evil-geniuses-vct-2026-americas-stage-1-w5,VCT 2026: Americas Stage 1
zerona,EG,5,0,0,0,0,0,0,0,0,62,1,1,Lotus,2026-05-08 17:00:00,https://www.vlr.gg/645498/kr-esports-vs-evil-geniuses-vct-2026-americas-stage-1-w5,VCT 2026: Americas Stage 1
bao,EG,0,2,0,0,0,0,0,0,0,40,0,1,Lotus,2026-05-08 17:00:00,https://www.vlr.gg/645498/kr-esports-vs-evil-geniuses-vct-2026-americas-stage-1-w5,VCT 2026: Americas Stage 1
saadhak,KRÜ,5,1,0,0,0,0,0,0,0,64,0,1,Bind,2026-05-08 17:00:00,https://www.vlr.gg/645498/kr-esports-vs-evil-geniuses-vct-2026-americas-stage-1-w5,VCT 2026: Americas Stage 1
mwzera,KRÜ,3,0,0,0,2,0,0,0,0,52,4,1,Bind,2026-05-08 17:00:00,https://www.vlr.gg/645498/kr-esports-vs-evil-geniuses-vct-2026-americas-stage-1-w5,VCT 2026: Americas Stage 1
Less,KRÜ,2,0,0,0,0,0,0,0,0,62,0,0,Bind,2026-05-08 17:00:00,https://www.vlr.gg/645498/kr-esports-vs-evil-geniuses-vct-2026-americas-stage-1-w5,VCT 2026: Americas Stage 1
silentzz,KRÜ,1,3,0,0,0,0,1,0,0,55,3,0,Bind,2026-05-08 17:00:00,https://www.vlr.gg/645498/kr-esports-vs-evil-geniuses-vct-2026-americas-stage-1-w5,VCT 2026: Americas Stage 1
Dantedeu5,KRÜ,3,2,0,0,0,0,0,0,0,49,0,1,Bind,2026-05-08 17:00:00,https://www.vlr.gg/645498/kr-esports-vs-evil-geniuses-vct-2026-americas-stage-1-w5,VCT 2026: Americas Stage 1
supamen,EG,0,1,0,0,0,0,0,0,0,27,0,0,Bind,2026-05-08 17:00:00,https://www.vlr.gg/645498/kr-esports-vs-evil-geniuses-vct-2026-americas-stage-1-w5,VCT 2026: Americas Stage 1
Paincakes,EG,4,0,0,0,0,0,0,0,0,41,4,1,Bind,2026-05-08 17:00:00,https://www.vlr.gg/645498/kr-esports-vs-evil-geniuses-vct-2026-americas-stage-1-w5,VCT 2026: Americas Stage 1
dgzin,EG,3,2,0,0,0,0,1,0,0,58,0,0,Bind,2026-05-08 17:00:00,https://www.vlr.gg/645498/kr-esports-vs-evil-geniuses-vct-2026-americas-stage-1-w5,VCT 2026: Americas Stage 1
zerona,EG,2,0,0,0,0,0,0,0,0,52,1,0,Bind,2026-05-08 17:00:00,https://www.vlr.gg/645498/kr-esports-vs-evil-geniuses-vct-2026-americas-stage-1-w5,VCT 2026: Americas Stage 1
bao,EG,2,1,0,0,0,0,0,0,0,54,3,0,Bind,2026-05-08 17:00:00,https://www.vlr.gg/645498/kr-esports-vs-evil-geniuses-vct-2026-americas-stage-1-w5,VCT 2026: Americas Stage 1
nerve,FUR,6,1,0,0,0,0,0,0,0,40,6,0,all,2026-05-08 20:20:00,https://www.vlr.gg/645499/furia-vs-100-thieves-vct-2026-americas-stage-1-w5,VCT 2026: Americas Stage 1
eeiu,FUR,6,5,1,0,1,0,0,0,0,50,6,1,all,2026-05-08 20:20:00,https://www.vlr.gg/645499/furia-vs-100-thieves-vct-2026-americas-stage-1-w5,VCT 2026: Americas Stage 1
koalanoob,FUR,6,2,0,0,0,0,0,0,0,52,4,1,all,2026-05-08 20:20:00,https://www.vlr.gg/645499/furia-vs-100-thieves-vct-2026-americas-stage-1-w5,VCT 2026: Americas Stage 1
artzin,FUR,11,1,0,0,2,0,0,0,0,64,1,1,all,2026-05-08 20:20:00,https://www.vlr.gg/645499/furia-vs-100-thieves-vct-2026-americas-stage-1-w5,VCT 2026: Americas Stage 1
alym,FUR,4,3,1,1,0,0,0,0,0,55,1,0,all,2026-05-08 20:20:00,https://www.vlr.gg/645499/furia-vs-100-thieves-vct-2026-americas-stage-1-w5,VCT 2026: Americas Stage 1
Asuna,100T,4,4,0,0,0,0,0,0,0,60,2,1,all,2026-05-08 20:20:00,https://www.vlr.gg/645499/furia-vs-100-thieves-vct-2026-americas-stage-1-w5,VCT 2026: Americas Stage 1
bang,100T,6,1,0,0,2,0,0,0,0,41,5,0,all,2026-05-08 20:20:00,https://www.vlr.gg/645499/furia-vs-100-thieves-vct-2026-americas-stage-1-w5,VCT 2026: Americas Stage 1
Cryocells,100T,14,0,1,1,1,1,0,0,0,57,1,1,all,2026-05-08 20:20:00,https://www.vlr.gg/645499/furia-vs-100-thieves-vct-2026-americas-stage-1-w5,VCT 2026: Americas Stage 1
vora,100T,7,6,0,0,0,1,0,0,0,61,13,1,all,2026-05-08 20:20:00,https://www.vlr.gg/645499/furia-vs-100-thieves-vct-2026-americas-stage-1-w5,VCT 2026: Americas Stage 1
Timotino,100T,10,1,1,0,1,1,0,0,0,47,4,1,all,2026-05-08 20:20:00,https://www.vlr.gg/645499/furia-vs-100-thieves-vct-2026-americas-stage-1-w5,VCT 2026: Americas Stage 1
nerve,FUR,2,0,0,0,0,0,0,0,0,36,3,0,Pearl,2026-05-08 20:20:00,https://www.vlr.gg/645499/furia-vs-100-thieves-vct-2026-americas-stage-1-w5,VCT 2026: Americas Stage 1
eeiu,FUR,2,2,1,0,0,0,0,0,0,50,3,0,Pearl,2026-05-08 20:20:00,https://www.vlr.gg/645499/furia-vs-100-thieves-vct-2026-americas-stage-1-w5,VCT 2026: Americas Stage 1
koalanoob,FUR,3,1,0,0,0,0,0,0,0,70,1,0,Pearl,2026-05-08 20:20:00,https://www.vlr.gg/645499/furia-vs-100-thieves-vct-2026-americas-stage-1-w5,VCT 2026: Americas Stage 1
artzin,FUR,6,1,0,0,1,0,0,0,0,88,1,0,Pearl,2026-05-08 20:20:00,https://www.vlr.gg/645499/furia-vs-100-thieves-vct-2026-americas-stage-1-w5,VCT 2026: Americas Stage 1
alym,FUR,1,2,0,1,0,0,0,0,0,67,1,0,Pearl,2026-05-08 20:20:00,https://www.vlr.gg/645499/furia-vs-100-thieves-vct-2026-americas-stage-1-w5,VCT 2026: Americas Stage 1
Asuna,100T,1,2,0,0,0,0,0,0,0,55,0,0,Pearl,2026-05-08 20:20:00,https://www.vlr.gg/645499/furia-vs-100-thieves-vct-2026-americas-stage-1-w5,VCT 2026: Americas Stage 1
bang,100T,2,0,0,0,0,0,0,0,0,33,0,0,Pearl,2026-05-08 20:20:00,https://www.vlr.gg/645499/furia-vs-100-thieves-vct-2026-americas-stage-1-w5,VCT 2026: Americas Stage 1
Cryocells,100T,5,0,0,1,1,1,0,0,0,71,0,0,Pearl,2026-05-08 20:20:00,https://www.vlr.gg/645499/furia-vs-100-thieves-vct-2026-americas-stage-1-w5,VCT 2026: Americas Stage 1
vora,100T,0,1,0,0,0,0,0,0,0,28,7,0,Pearl,2026-05-08 20:20:00,https://www.vlr.gg/645499/furia-vs-100-thieves-vct-2026-americas-stage-1-w5,VCT 2026: Americas Stage 1
Timotino,100T,4,0,0,0,0,0,0,0,0,42,0,1,Pearl,2026-05-08 20:20:00,https://www.vlr.gg/645499/furia-vs-100-thieves-vct-2026-americas-stage-1-w5,VCT 2026: Americas Stage 1
nerve,FUR,1,0,0,0,0,0,0,0,0,29,2,0,Haven,2026-05-08 20:20:00,https://www.vlr.gg/645499/furia-vs-100-thieves-vct-2026-americas-stage-1-w5,VCT 2026: Americas Stage 1
eeiu,FUR,4,1,0,0,0,0,0,0,0,65,2,0,Haven,2026-05-08 20:20:00,https://www.vlr.gg/645499/furia-vs-100-thieves-vct-2026-americas-stage-1-w5,VCT 2026: Americas Stage 1
koalanoob,FUR,1,0,0,0,0,0,0,0,0,34,2,0,Haven,2026-05-08 20:20:00,https://www.vlr.gg/645499/furia-vs-100-thieves-vct-2026-americas-stage-1-w5,VCT 2026: Americas Stage 1
artzin,FUR,4,0,0,0,1,0,0,0,0,56,0,1,Haven,2026-05-08 20:20:00,https://www.vlr.gg/645499/furia-vs-100-thieves-vct-2026-americas-stage-1-w5,VCT 2026: Americas Stage 1
alym,FUR,0,1,1,0,0,0,0,0,0,47,0,0,Haven,2026-05-08 20:20:00,https://www.vlr.gg/645499/furia-vs-100-thieves-vct-2026-americas-stage-1-w5,VCT 2026: Americas Stage 1
Asuna,100T,0,0,0,0,0,0,0,0,0,46,0,1,Haven,2026-05-08 20:20:00,https://www.vlr.gg/645499/furia-vs-100-thieves-vct-2026-americas-stage-1-w5,VCT 2026: Americas Stage 1
bang,100T,1,1,0,0,1,0,0,0,0,40,3,0,Haven,2026-05-08 20:20:00,https://www.vlr.gg/645499/furia-vs-100-thieves-vct-2026-americas-stage-1-w5,VCT 2026: Americas Stage 1
Cryocells,100T,6,0,1,0,0,0,0,0,0,61,1,0,Haven,2026-05-08 20:20:00,https://www.vlr.gg/645499/furia-vs-100-thieves-vct-2026-americas-stage-1-w5,VCT 2026: Americas Stage 1
vora,100T,3,3,0,0,0,0,0,0,0,71,1,1,Haven,2026-05-08 20:20:00,https://www.vlr.gg/645499/furia-vs-100-thieves-vct-2026-americas-stage-1-w5,VCT 2026: Americas Stage 1
Timotino,100T,2,1,1,0,1,1,0,0,0,57,3,0,Haven,2026-05-08 20:20:00,https://www.vlr.gg/645499/furia-vs-100-thieves-vct-2026-americas-stage-1-w5,VCT 2026: Americas Stage 1
nerve,FUR,3,1,0,0,0,0,0,0,0,55,1,0,Breeze,2026-05-08 20:20:00,https://www.vlr.gg/645499/furia-vs-100-thieves-vct-2026-americas-stage-1-w5,VCT 2026: Americas Stage 1
eeiu,FUR,0,2,0,0,1,0,0,0,0,36,1,1,Breeze,2026-05-08 20:20:00,https://www.vlr.gg/645499/furia-vs-100-thieves-vct-2026-americas-stage-1-w5,VCT 2026: Americas Stage 1
koalanoob,FUR,2,1,0,0,0,0,0,0,0,51,1,1,Breeze,2026-05-08 20:20:00,https://www.vlr.gg/645499/furia-vs-100-thieves-vct-2026-americas-stage-1-w5,VCT 2026: Americas Stage 1
artzin,FUR,1,0,0,0,0,0,0,0,0,49,0,0,Breeze,2026-05-08 20:20:00,https://www.vlr.gg/645499/furia-vs-100-thieves-vct-2026-americas-stage-1-w5,VCT 2026: Americas Stage 1
alym,FUR,3,0,0,0,0,0,0,0,0,51,0,0,Breeze,2026-05-08 20:20:00,https://www.vlr.gg/645499/furia-vs-100-thieves-vct-2026-americas-stage-1-w5,VCT 2026: Americas Stage 1
Asuna,100T,3,2,0,0,0,0,0,0,0,80,2,0,Breeze,2026-05-08 20:20:00,https://www.vlr.gg/645499/furia-vs-100-thieves-vct-2026-americas-stage-1-w5,VCT 2026: Americas Stage 1
bang,100T,3,0,0,0,1,0,0,0,0,50,2,0,Breeze,2026-05-08 20:20:00,https://www.vlr.gg/645499/furia-vs-100-thieves-vct-2026-americas-stage-1-w5,VCT 2026: Americas Stage 1
Cryocells,100T,3,0,0,0,0,0,0,0,0,38,0,1,Breeze,2026-05-08 20:20:00,https://www.vlr.gg/645499/furia-vs-100-thieves-vct-2026-americas-stage-1-w5,VCT 2026: Americas Stage 1
vora,100T,4,2,0,0,0,1,0,0,0,83,5,0,Breeze,2026-05-08 20:20:00,https://www.vlr.gg/645499/furia-vs-100-thieves-vct-2026-americas-stage-1-w5,VCT 2026: Americas Stage 1
Timotino,100T,4,0,0,0,0,0,0,0,0,42,1,0,Breeze,2026-05-08 20:20:00,https://www.vlr.gg/645499/furia-vs-100-thieves-vct-2026-americas-stage-1-w5,VCT 2026: Americas Stage 1
BABYBAY,G2,4,3,1,1,0,0,0,0,0,65,0,1,all,2026-05-09 17:00:00,https://www.vlr.gg/645500/g2-esports-vs-cloud9-vct-2026-americas-stage-1-w5,VCT 2026: Americas Stage 1
valyn,G2,5,4,0,0,1,1,1,0,0,54,7,1,all,2026-05-09 17:00:00,https://www.vlr.gg/645500/g2-esports-vs-cloud9-vct-2026-americas-stage-1-w5,VCT 2026: Americas Stage 1
jawgemo,G2,2,1,1,0,0,0,0,0,0,46,0,1,all,2026-05-09 17:00:00,https://www.vlr.gg/645500/g2-esports-vs-cloud9-vct-2026-americas-stage-1-w5,VCT 2026: Americas Stage 1
leaf,G2,4,2,0,0,0,1,0,0,0,50,0,1,all,2026-05-09 17:00:00,https://www.vlr.gg/645500/g2-esports-vs-cloud9-vct-2026-americas-stage-1-w5,VCT 2026: Americas Stage 1
trent,G2,4,3,0,0,2,0,0,0,0,60,8,1,all,2026-05-09 17:00:00,https://www.vlr.gg/645500/g2-esports-vs-cloud9-vct-2026-americas-stage-1-w5,VCT 2026: Americas Stage 1
Zellsis,C9,5,0,0,0,0,0,0,0,0,47,2,0,all,2026-05-09 17:00:00,https://www.vlr.gg/645500/g2-esports-vs-cloud9-vct-2026-americas-stage-1-w5,VCT 2026: Americas Stage 1
Xeppaa,C9,4,0,0,0,0,0,0,0,0,43,0,0,all,2026-05-09 17:00:00,https://www.vlr.gg/645500/g2-esports-vs-cloud9-vct-2026-americas-stage-1-w5,VCT 2026: Americas Stage 1
OXY,C9,4,1,2,0,0,0,0,0,0,54,0,0,all,2026-05-09 17:00:00,https://www.vlr.gg/645500/g2-esports-vs-cloud9-vct-2026-americas-stage-1-w5,VCT 2026: Americas Stage 1
Notexxd,C9,7,0,0,0,2,0,0,0,0,52,1,5,all,2026-05-09 17:00:00,https://www.vlr.gg/645500/g2-esports-vs-cloud9-vct-2026-americas-stage-1-w5,VCT 2026: Americas Stage 1
Jackk,C9,6,0,0,0,1,0,0,0,0,49,10,0,all,2026-05-09 17:00:00,https://www.vlr.gg/645500/g2-esports-vs-cloud9-vct-2026-americas-stage-1-w5,VCT 2026: Americas Stage 1
BABYBAY,G2,0,2,1,0,0,0,0,0,0,54,0,1,Lotus,2026-05-09 17:00:00,https://www.vlr.gg/645500/g2-esports-vs-cloud9-vct-2026-americas-stage-1-w5,VCT 2026: Americas Stage 1
valyn,G2,1,3,0,0,1,1,0,0,0,54,2,1,Lotus,2026-05-09 17:00:00,https://www.vlr.gg/645500/g2-esports-vs-cloud9-vct-2026-americas-stage-1-w5,VCT 2026: Americas Stage 1
jawgemo,G2,2,0,0,0,0,0,0,0,0,48,0,1,Lotus,2026-05-09 17:00:00,https://www.vlr.gg/645500/g2-esports-vs-cloud9-vct-2026-americas-stage-1-w5,VCT 2026: Americas Stage 1
leaf,G2,1,1,0,0,0,0,0,0,0,46,0,0,Lotus,2026-05-09 17:00:00,https://www.vlr.gg/645500/g2-esports-vs-cloud9-vct-2026-americas-stage-1-w5,VCT 2026: Americas Stage 1
trent,G2,3,3,0,0,2,0,0,0,0,74,4,1,Lotus,2026-05-09 17:00:00,https://www.vlr.gg/645500/g2-esports-vs-cloud9-vct-2026-americas-stage-1-w5,VCT 2026: Americas Stage 1
Zellsis,C9,3,0,0,0,0,0,0,0,0,46,2,0,Lotus,2026-05-09 17:00:00,https://www.vlr.gg/645500/g2-esports-vs-cloud9-vct-2026-americas-stage-1-w5,VCT 2026: Americas Stage 1
Xeppaa,C9,1,0,0,0,0,0,0,0,0,39,0,0,Lotus,2026-05-09 17:00:00,https://www.vlr.gg/645500/g2-esports-vs-cloud9-vct-2026-americas-stage-1-w5,VCT 2026: Americas Stage 1
OXY,C9,4,0,1,0,0,0,0,0,0,54,0,0,Lotus,2026-05-09 17:00:00,https://www.vlr.gg/645500/g2-esports-vs-cloud9-vct-2026-americas-stage-1-w5,VCT 2026: Americas Stage 1
Notexxd,C9,3,0,0,0,0,0,0,0,0,44,1,1,Lotus,2026-05-09 17:00:00,https://www.vlr.gg/645500/g2-esports-vs-cloud9-vct-2026-americas-stage-1-w5,VCT 2026: Americas Stage 1
Jackk,C9,3,0,0,0,1,0,0,0,0,57,5,0,Lotus,2026-05-09 17:00:00,https://www.vlr.gg/645500/g2-esports-vs-cloud9-vct-2026-americas-stage-1-w5,VCT 2026: Americas Stage 1
BABYBAY,G2,4,1,0,1,0,0,0,0,0,75,0,0,Split,2026-05-09 17:00:00,https://www.vlr.gg/645500/g2-esports-vs-cloud9-vct-2026-americas-stage-1-w5,VCT 2026: Americas Stage 1
valyn,G2,4,1,0,0,0,0,1,0,0,53,5,0,Split,2026-05-09 17:00:00,https://www.vlr.gg/645500/g2-esports-vs-cloud9-vct-2026-americas-stage-1-w5,VCT 2026: Americas Stage 1
jawgemo,G2,0,1,1,0,0,0,0,0,0,43,0,0,Split,2026-05-09 17:00:00,https://www.vlr.gg/645500/g2-esports-vs-cloud9-vct-2026-americas-stage-1-w5,VCT 2026: Americas Stage 1
leaf,G2,3,1,0,0,0,1,0,0,0,53,0,1,Split,2026-05-09 17:00:00,https://www.vlr.gg/645500/g2-esports-vs-cloud9-vct-2026-americas-stage-1-w5,VCT 2026: Americas Stage 1
trent,G2,1,0,0,0,0,0,0,0,0,46,4,0,Split,2026-05-09 17:00:00,https://www.vlr.gg/645500/g2-esports-vs-cloud9-vct-2026-americas-stage-1-w5,VCT 2026: Americas Stage 1
Zellsis,C9,2,0,0,0,0,0,0,0,0,47,0,0,Split,2026-05-09 17:00:00,https://www.vlr.gg/645500/g2-esports-vs-cloud9-vct-2026-americas-stage-1-w5,VCT 2026: Americas Stage 1
Xeppaa,C9,3,0,0,0,0,0,0,0,0,47,0,0,Split,2026-05-09 17:00:00,https://www.vlr.gg/645500/g2-esports-vs-cloud9-vct-2026-americas-stage-1-w5,VCT 2026: Americas Stage 1
OXY,C9,0,1,1,0,0,0,0,0,0,53,0,0,Split,2026-05-09 17:00:00,https://www.vlr.gg/645500/g2-esports-vs-cloud9-vct-2026-americas-stage-1-w5,VCT 2026: Americas Stage 1
Notexxd,C9,4,0,0,0,2,0,0,0,0,60,0,4,Split,2026-05-09 17:00:00,https://www.vlr.gg/645500/g2-esports-vs-cloud9-vct-2026-americas-stage-1-w5,VCT 2026: Americas Stage 1
Jackk,C9,3,0,0,0,0,0,0,0,0,40,5,0,Split,2026-05-09 17:00:00,https://www.vlr.gg/645500/g2-esports-vs-cloud9-vct-2026-americas-stage-1-w5,VCT 2026: Americas Stage 1
Rossy,ENVY,4,3,0,0,1,0,0,0,0,68,3,2,all,2026-05-09 19:10:00,https://www.vlr.gg/645501/envy-vs-mibr-vct-2026-americas-stage-1-w5,VCT 2026: Americas Stage 1
keznit,ENVY,9,2,1,0,0,2,0,0,0,81,1,1,all,2026-05-09 19:10:00,https://www.vlr.gg/645501/envy-vs-mibr-vct-2026-americas-stage-1-w5,VCT 2026: Americas Stage 1
P0PPIN,ENVY,8,2,0,0,0,1,0,0,0,69,10,2,all,2026-05-09 19:10:00,https://www.vlr.gg/645501/envy-vs-mibr-vct-2026-americas-stage-1-w5,VCT 2026: Americas Stage 1
Demon1,ENVY,6,3,0,0,1,1,0,0,0,53,0,1,all,2026-05-09 19:10:00,https://www.vlr.gg/645501/envy-vs-mibr-vct-2026-americas-stage-1-w5,VCT 2026: Americas Stage 1
Eggsterr,ENVY,3,1,0,0,0,0,0,0,0,40,0,0,all,2026-05-09 19:10:00,https://www.vlr.gg/645501/envy-vs-mibr-vct-2026-americas-stage-1-w5,VCT 2026: Americas Stage 1
tex,MIBR,1,1,0,0,1,0,0,0,0,33,1,0,all,2026-05-09 19:10:00,https://www.vlr.gg/645501/envy-vs-mibr-vct-2026-americas-stage-1-w5,VCT 2026: Americas Stage 1
zekken,MIBR,3,0,0,0,0,0,0,0,0,53,0,0,all,2026-05-09 19:10:00,https://www.vlr.gg/645501/envy-vs-mibr-vct-2026-americas-stage-1-w5,VCT 2026: Americas Stage 1
Mazino,MIBR,5,0,0,0,0,0,0,0,0,55,5,0,all,2026-05-09 19:10:00,https://www.vlr.gg/645501/envy-vs-mibr-vct-2026-americas-stage-1-w5,VCT 2026: Americas Stage 1
aspas,MIBR,3,4,0,0,0,0,0,0,0,70,0,0,all,2026-05-09 19:10:00,https://www.vlr.gg/645501/envy-vs-mibr-vct-2026-americas-stage-1-w5,VCT 2026: Americas Stage 1
Verno,MIBR,2,0,0,0,0,0,0,0,0,46,3,0,all,2026-05-09 19:10:00,https://www.vlr.gg/645501/envy-vs-mibr-vct-2026-americas-stage-1-w5,VCT 2026: Americas Stage 1
Rossy,ENVY,2,2,0,0,0,0,0,0,0,77,3,0,Haven,2026-05-09 19:10:00,https://www.vlr.gg/645501/envy-vs-mibr-vct-2026-americas-stage-1-w5,VCT 2026: Americas Stage 1
keznit,ENVY,4,1,0,0,0,2,0,0,0,54,0,0,Haven,2026-05-09 19:10:00,https://www.vlr.gg/645501/envy-vs-mibr-vct-2026-americas-stage-1-w5,VCT 2026: Americas Stage 1
P0PPIN,ENVY,4,0,0,0,0,1,0,0,0,54,7,0,Haven,2026-05-09 19:10:00,https://www.vlr.gg/645501/envy-vs-mibr-vct-2026-americas-stage-1-w5,VCT 2026: Americas Stage 1
Demon1,ENVY,2,3,0,0,1,0,0,0,0,66,0,1,Haven,2026-05-09 19:10:00,https://www.vlr.gg/645501/envy-vs-mibr-vct-2026-americas-stage-1-w5,VCT 2026: Americas Stage 1
Eggsterr,ENVY,2,0,0,0,0,0,0,0,0,43,0,0,Haven,2026-05-09 19:10:00,https://www.vlr.gg/645501/envy-vs-mibr-vct-2026-americas-stage-1-w5,VCT 2026: Americas Stage 1
tex,MIBR,0,0,0,0,0,0,0,0,0,28,0,0,Haven,2026-05-09 19:10:00,https://www.vlr.gg/645501/envy-vs-mibr-vct-2026-americas-stage-1-w5,VCT 2026: Americas Stage 1
zekken,MIBR,2,0,0,0,0,0,0,0,0,61,0,0,Haven,2026-05-09 19:10:00,https://www.vlr.gg/645501/envy-vs-mibr-vct-2026-americas-stage-1-w5,VCT 2026: Americas Stage 1
Mazino,MIBR,1,0,0,0,0,0,0,0,0,47,1,0,Haven,2026-05-09 19:10:00,https://www.vlr.gg/645501/envy-vs-mibr-vct-2026-americas-stage-1-w5,VCT 2026: Americas Stage 1
aspas,MIBR,1,2,0,0,0,0,0,0,0,81,0,0,Haven,2026-05-09 19:10:00,https://www.vlr.gg/645501/envy-vs-mibr-vct-2026-americas-stage-1-w5,VCT 2026: Americas Stage 1
Verno,MIBR,2,0,0,0,0,0,0,0,0,47,0,0,Haven,2026-05-09 19:10:00,https://www.vlr.gg/645501/envy-vs-mibr-vct-2026-americas-stage-1-w5,VCT 2026: Americas Stage 1
Rossy,ENVY,2,1,0,0,1,0,0,0,0,58,0,2,Bind,2026-05-09 19:10:00,https://www.vlr.gg/645501/envy-vs-mibr-vct-2026-americas-stage-1-w5,VCT 2026: Americas Stage 1
keznit,ENVY,5,1,1,0,0,0,0,0,0,108,1,1,Bind,2026-05-09 19:10:00,https://www.vlr.gg/645501/envy-vs-mibr-vct-2026-americas-stage-1-w5,VCT 2026: Americas Stage 1
P0PPIN,ENVY,4,2,0,0,0,0,0,0,0,84,3,2,Bind,2026-05-09 19:10:00,https://www.vlr.gg/645501/envy-vs-mibr-vct-2026-americas-stage-1-w5,VCT 2026: Americas Stage 1
Demon1,ENVY,4,0,0,0,0,1,0,0,0,40,0,0,Bind,2026-05-09 19:10:00,https://www.vlr.gg/645501/envy-vs-mibr-vct-2026-americas-stage-1-w5,VCT 2026: Americas Stage 1
Eggsterr,ENVY,1,1,0,0,0,0,0,0,0,36,0,0,Bind,2026-05-09 19:10:00,https://www.vlr.gg/645501/envy-vs-mibr-vct-2026-americas-stage-1-w5,VCT 2026: Americas Stage 1
tex,MIBR,1,1,0,0,1,0,0,0,0,38,1,0,Bind,2026-05-09 19:10:00,https://www.vlr.gg/645501/envy-vs-mibr-vct-2026-americas-stage-1-w5,VCT 2026: Americas Stage 1
zekken,MIBR,1,0,0,0,0,0,0,0,0,45,0,0,Bind,2026-05-09 19:10:00,https://www.vlr.gg/645501/envy-vs-mibr-vct-2026-americas-stage-1-w5,VCT 2026: Americas Stage 1
Mazino,MIBR,4,0,0,0,0,0,0,0,0,63,4,0,Bind,2026-05-09 19:10:00,https://www.vlr.gg/645501/envy-vs-mibr-vct-2026-americas-stage-1-w5,VCT 2026: Americas Stage 1
aspas,MIBR,2,2,0,0,0,0,0,0,0,59,0,0,Bind,2026-05-09 19:10:00,https://www.vlr.gg/645501/envy-vs-mibr-vct-2026-americas-stage-1-w5,VCT 2026: Americas Stage 1
Verno,MIBR,0,0,0,0,0,0,0,0,0,44,3,0,Bind,2026-05-09 19:10:00,https://www.vlr.gg/645501/envy-vs-mibr-vct-2026-americas-stage-1-w5,VCT 2026: Americas Stage 1
Virtyy,LOUD,8,4,0,0,0,0,0,0,0,52,2,0,all,2026-05-10 17:00:00,https://www.vlr.gg/645502/loud-vs-leviat-n-vct-2026-americas-stage-1-w5,VCT 2026: Americas Stage 1
cauanzin,LOUD,8,2,0,0,1,0,0,0,0,49,16,1,all,2026-05-10 17:00:00,https://www.vlr.gg/645502/loud-vs-leviat-n-vct-2026-americas-stage-1-w5,VCT 2026: Americas Stage 1
Darker,LOUD,8,4,0,0,0,0,0,0,0,56,7,0,all,2026-05-10 17:00:00,https://www.vlr.gg/645502/loud-vs-leviat-n-vct-2026-americas-stage-1-w5,VCT 2026: Americas Stage 1
lukxo,LOUD,4,3,0,0,0,0,0,0,0,42,0,2,all,2026-05-10 17:00:00,https://www.vlr.gg/645502/loud-vs-leviat-n-vct-2026-americas-stage-1-w5,VCT 2026: Americas Stage 1
erde,LOUD,12,2,1,0,0,1,0,0,0,59,2,1,all,2026-05-10 17:00:00,https://www.vlr.gg/645502/loud-vs-leviat-n-vct-2026-americas-stage-1-w5,VCT 2026: Americas Stage 1
kiNgg,LEV,2,2,0,0,0,1,0,0,0,44,6,1,all,2026-05-10 17:00:00,https://www.vlr.gg/645502/loud-vs-leviat-n-vct-2026-americas-stage-1-w5,VCT 2026: Americas Stage 1
blowz,LEV,7,1,0,0,1,0,0,0,0,40,9,2,all,2026-05-10 17:00:00,https://www.vlr.gg/645502/loud-vs-leviat-n-vct-2026-americas-stage-1-w5,VCT 2026: Americas Stage 1
Sato,LEV,11,4,1,0,0,0,0,0,0,62,3,3,all,2026-05-10 17:00:00,https://www.vlr.gg/645502/loud-vs-leviat-n-vct-2026-americas-stage-1-w5,VCT 2026: Americas Stage 1
spike,LEV,14,1,1,0,2,0,0,0,0,46,2,0,all,2026-05-10 17:00:00,https://www.vlr.gg/645502/loud-vs-leviat-n-vct-2026-americas-stage-1-w5,VCT 2026: Americas Stage 1
Neon,LEV,12,3,2,0,1,1,0,0,0,74,3,1,all,2026-05-10 17:00:00,https://www.vlr.gg/645502/loud-vs-leviat-n-vct-2026-americas-stage-1-w5,VCT 2026: Americas Stage 1
Virtyy,LOUD,3,1,0,0,0,0,0,0,0,69,1,0,Bind,2026-05-10 17:00:00,https://www.vlr.gg/645502/loud-vs-leviat-n-vct-2026-americas-stage-1-w5,VCT 2026: Americas Stage 1
cauanzin,LOUD,2,0,0,0,1,0,0,0,0,44,3,0,Bind,2026-05-10 17:00:00,https://www.vlr.gg/645502/loud-vs-leviat-n-vct-2026-americas-stage-1-w5,VCT 2026: Americas Stage 1
Darker,LOUD,2,0,0,0,0,0,0,0,0,65,1,0,Bind,2026-05-10 17:00:00,https://www.vlr.gg/645502/loud-vs-leviat-n-vct-2026-americas-stage-1-w5,VCT 2026: Americas Stage 1
lukxo,LOUD,1,1,0,0,0,0,0,0,0,29,0,0,Bind,2026-05-10 17:00:00,https://www.vlr.gg/645502/loud-vs-leviat-n-vct-2026-americas-stage-1-w5,VCT 2026: Americas Stage 1
erde,LOUD,1,0,0,0,0,0,0,0,0,49,1,0,Bind,2026-05-10 17:00:00,https://www.vlr.gg/645502/loud-vs-leviat-n-vct-2026-americas-stage-1-w5,VCT 2026: Americas Stage 1
kiNgg,LEV,0,2,0,0,0,1,0,0,0,42,0,0,Bind,2026-05-10 17:00:00,https://www.vlr.gg/645502/loud-vs-leviat-n-vct-2026-americas-stage-1-w5,VCT 2026: Americas Stage 1
blowz,LEV,3,0,0,0,1,0,0,0,0,44,1,1,Bind,2026-05-10 17:00:00,https://www.vlr.gg/645502/loud-vs-leviat-n-vct-2026-americas-stage-1-w5,VCT 2026: Americas Stage 1
Sato,LEV,4,1,1,0,0,0,0,0,0,69,2,2,Bind,2026-05-10 17:00:00,https://www.vlr.gg/645502/loud-vs-leviat-n-vct-2026-americas-stage-1-w5,VCT 2026: Americas Stage 1
spike,LEV,5,0,0,0,0,0,0,0,0,54,0,0,Bind,2026-05-10 17:00:00,https://www.vlr.gg/645502/loud-vs-leviat-n-vct-2026-americas-stage-1-w5,VCT 2026: Americas Stage 1
Neon,LEV,4,2,0,0,0,1,0,0,0,109,1,0,Bind,2026-05-10 17:00:00,https://www.vlr.gg/645502/loud-vs-leviat-n-vct-2026-americas-stage-1-w5,VCT 2026: Americas Stage 1
Virtyy,LOUD,2,2,0,0,0,0,0,0,0,44,0,0,Breeze,2026-05-10 17:00:00,https://www.vlr.gg/645502/loud-vs-leviat-n-vct-2026-americas-stage-1-w5,VCT 2026: Americas Stage 1
cauanzin,LOUD,3,2,0,0,0,0,0,0,0,49,8,1,Breeze,2026-05-10 17:00:00,https://www.vlr.gg/645502/loud-vs-leviat-n-vct-2026-americas-stage-1-w5,VCT 2026: Americas Stage 1
Darker,LOUD,4,0,0,0,0,0,0,0,0,42,3,0,Breeze,2026-05-10 17:00:00,https://www.vlr.gg/645502/loud-vs-leviat-n-vct-2026-americas-stage-1-w5,VCT 2026: Americas Stage 1
lukxo,LOUD,1,1,0,0,0,0,0,0,0,59,0,1,Breeze,2026-05-10 17:00:00,https://www.vlr.gg/645502/loud-vs-leviat-n-vct-2026-americas-stage-1-w5,VCT 2026: Americas Stage 1
erde,LOUD,7,1,1,0,0,1,0,0,0,66,0,1,Breeze,2026-05-10 17:00:00,https://www.vlr.gg/645502/loud-vs-leviat-n-vct-2026-americas-stage-1-w5,VCT 2026: Americas Stage 1
kiNgg,LEV,1,0,0,0,0,0,0,0,0,43,4,1,Breeze,2026-05-10 17:00:00,https://www.vlr.gg/645502/loud-vs-leviat-n-vct-2026-americas-stage-1-w5,VCT 2026: Americas Stage 1
blowz,LEV,2,1,0,0,0,0,0,0,0,32,3,1,Breeze,2026-05-10 17:00:00,https://www.vlr.gg/645502/loud-vs-leviat-n-vct-2026-americas-stage-1-w5,VCT 2026: Americas Stage 1
Sato,LEV,1,2,0,0,0,0,0,0,0,53,0,0,Breeze,2026-05-10 17:00:00,https://www.vlr.gg/645502/loud-vs-leviat-n-vct-2026-americas-stage-1-w5,VCT 2026: Americas Stage 1
spike,LEV,5,0,1,0,2,0,0,0,0,43,2,0,Breeze,2026-05-10 17:00:00,https://www.vlr.gg/645502/loud-vs-leviat-n-vct-2026-americas-stage-1-w5,VCT 2026: Americas Stage 1
Neon,LEV,3,1,2,0,1,0,0,0,0,53,1,1,Breeze,2026-05-10 17:00:00,https://www.vlr.gg/645502/loud-vs-leviat-n-vct-2026-americas-stage-1-w5,VCT 2026: Americas Stage 1
Virtyy,LOUD,3,1,0,0,0,0,0,0,0,42,1,0,Haven,2026-05-10 17:00:00,https://www.vlr.gg/645502/loud-vs-leviat-n-vct-2026-americas-stage-1-w5,VCT 2026: Americas Stage 1
cauanzin,LOUD,3,0,0,0,0,0,0,0,0,55,5,0,Haven,2026-05-10 17:00:00,https://www.vlr.gg/645502/loud-vs-leviat-n-vct-2026-americas-stage-1-w5,VCT 2026: Americas Stage 1
Darker,LOUD,2,4,0,0,0,0,0,0,0,60,3,0,Haven,2026-05-10 17:00:00,https://www.vlr.gg/645502/loud-vs-leviat-n-vct-2026-americas-stage-1-w5,VCT 2026: Americas Stage 1
lukxo,LOUD,2,1,0,0,0,0,0,0,0,39,0,1,Haven,2026-05-10 17:00:00,https://www.vlr.gg/645502/loud-vs-leviat-n-vct-2026-americas-stage-1-w5,VCT 2026: Americas Stage 1
erde,LOUD,4,1,0,0,0,0,0,0,0,61,1,0,Haven,2026-05-10 17:00:00,https://www.vlr.gg/645502/loud-vs-leviat-n-vct-2026-americas-stage-1-w5,VCT 2026: Americas Stage 1
kiNgg,LEV,1,0,0,0,0,0,0,0,0,48,2,0,Haven,2026-05-10 17:00:00,https://www.vlr.gg/645502/loud-vs-leviat-n-vct-2026-americas-stage-1-w5,VCT 2026: Americas Stage 1
blowz,LEV,2,0,0,0,0,0,0,0,0,45,5,0,Haven,2026-05-10 17:00:00,https://www.vlr.gg/645502/loud-vs-leviat-n-vct-2026-americas-stage-1-w5,VCT 2026: Americas Stage 1
Sato,LEV,6,1,0,0,0,0,0,0,0,65,1,1,Haven,2026-05-10 17:00:00,https://www.vlr.gg/645502/loud-vs-leviat-n-vct-2026-americas-stage-1-w5,VCT 2026: Americas Stage 1
spike,LEV,4,1,0,0,0,0,0,0,0,41,0,0,Haven,2026-05-10 17:00:00,https://www.vlr.gg/645502/loud-vs-leviat-n-vct-2026-americas-stage-1-w5,VCT 2026: Americas Stage 1
Neon,LEV,5,0,0,0,0,0,0,0,0,60,1,0,Haven,2026-05-10 17:00:00,https://www.vlr.gg/645502/loud-vs-leviat-n-vct-2026-americas-stage-1-w5,VCT 2026: Americas Stage 1
johnqt,SEN,4,2,0,0,0,1,0,0,0,35,10,4,all,2026-05-10 20:10:00,https://www.vlr.gg/645503/sentinels-vs-nrg-vct-2026-americas-stage-1-w5,VCT 2026: Americas Stage 1
JonahP,SEN,6,1,0,0,2,1,0,0,0,48,10,1,all,2026-05-10 20:10:00,https://www.vlr.gg/645503/sentinels-vs-nrg-vct-2026-americas-stage-1-w5,VCT 2026: Americas Stage 1
cortezia,SEN,11,3,1,0,0,0,0,0,0,54,2,5,all,2026-05-10 20:10:00,https://www.vlr.gg/645503/sentinels-vs-nrg-vct-2026-americas-stage-1-w5,VCT 2026: Americas Stage 1
Reduxx,SEN,12,3,1,0,0,0,0,0,0,56,3,1,all,2026-05-10 20:10:00,https://www.vlr.gg/645503/sentinels-vs-nrg-vct-2026-americas-stage-1-w5,VCT 2026: Americas Stage 1
Jerrwin,SEN,7,3,0,0,0,0,0,0,0,45,1,3,all,2026-05-10 20:10:00,https://www.vlr.gg/645503/sentinels-vs-nrg-vct-2026-americas-stage-1-w5,VCT 2026: Americas Stage 1
brawk,NRG,11,3,1,0,1,0,0,0,0,60,14,2,all,2026-05-10 20:10:00,https://www.vlr.gg/645503/sentinels-vs-nrg-vct-2026-americas-stage-1-w5,VCT 2026: Americas Stage 1
mada,NRG,11,3,1,0,0,1,1,0,0,51,3,1,all,2026-05-10 20:10:00,https://www.vlr.gg/645503/sentinels-vs-nrg-vct-2026-americas-stage-1-w5,VCT 2026: Americas Stage 1
skuba,NRG,3,1,1,0,0,1,0,0,0,39,2,4,all,2026-05-10 20:10:00,https://www.vlr.gg/645503/sentinels-vs-nrg-vct-2026-americas-stage-1-w5,VCT 2026: Americas Stage 1
Ethan,NRG,6,2,0,0,0,0,0,0,0,49,12,2,all,2026-05-10 20:10:00,https://www.vlr.gg/645503/sentinels-vs-nrg-vct-2026-americas-stage-1-w5,VCT 2026: Americas Stage 1
keiko,NRG,10,3,0,0,0,0,0,0,0,44,0,2,all,2026-05-10 20:10:00,https://www.vlr.gg/645503/sentinels-vs-nrg-vct-2026-americas-stage-1-w5,VCT 2026: Americas Stage 1
johnqt,SEN,2,0,0,0,0,0,0,0,0,30,5,1,Fracture,2026-05-10 20:10:00,https://www.vlr.gg/645503/sentinels-vs-nrg-vct-2026-americas-stage-1-w5,VCT 2026: Americas Stage 1
JonahP,SEN,1,0,0,0,1,1,0,0,0,47,3,0,Fracture,2026-05-10 20:10:00,https://www.vlr.gg/645503/sentinels-vs-nrg-vct-2026-americas-stage-1-w5,VCT 2026: Americas Stage 1
cortezia,SEN,2,1,0,0,0,0,0,0,0,48,1,1,Fracture,2026-05-10 20:10:00,https://www.vlr.gg/645503/sentinels-vs-nrg-vct-2026-americas-stage-1-w5,VCT 2026: Americas Stage 1
Reduxx,SEN,5,1,1,0,0,0,0,0,0,71,0,0,Fracture,2026-05-10 20:10:00,https://www.vlr.gg/645503/sentinels-vs-nrg-vct-2026-americas-stage-1-w5,VCT 2026: Americas Stage 1
Jerrwin,SEN,0,1,0,0,0,0,0,0,0,40,0,0,Fracture,2026-05-10 20:10:00,https://www.vlr.gg/645503/sentinels-vs-nrg-vct-2026-americas-stage-1-w5,VCT 2026: Americas Stage 1
brawk,NRG,2,0,0,0,1,0,0,0,0,37,7,0,Fracture,2026-05-10 20:10:00,https://www.vlr.gg/645503/sentinels-vs-nrg-vct-2026-americas-stage-1-w5,VCT 2026: Americas Stage 1
mada,NRG,4,1,0,0,0,1,0,0,0,60,0,0,Fracture,2026-05-10 20:10:00,https://www.vlr.gg/645503/sentinels-vs-nrg-vct-2026-americas-stage-1-w5,VCT 2026: Americas Stage 1
skuba,NRG,0,1,1,0,0,0,0,0,0,44,0,0,Fracture,2026-05-10 20:10:00,https://www.vlr.gg/645503/sentinels-vs-nrg-vct-2026-americas-stage-1-w5,VCT 2026: Americas Stage 1
Ethan,NRG,2,1,0,0,0,0,0,0,0,45,4,1,Fracture,2026-05-10 20:10:00,https://www.vlr.gg/645503/sentinels-vs-nrg-vct-2026-americas-stage-1-w5,VCT 2026: Americas Stage 1
keiko,NRG,6,1,0,0,0,0,0,0,0,59,0,0,Fracture,2026-05-10 20:10:00,https://www.vlr.gg/645503/sentinels-vs-nrg-vct-2026-americas-stage-1-w5,VCT 2026: Americas Stage 1
johnqt,SEN,2,1,0,0,0,1,0,0,0,46,3,2,Breeze,2026-05-10 20:10:00,https://www.vlr.gg/645503/sentinels-vs-nrg-vct-2026-americas-stage-1-w5,VCT 2026: Americas Stage 1
JonahP,SEN,1,0,0,0,0,0,0,0,0,55,3,0,Breeze,2026-05-10 20:10:00,https://www.vlr.gg/645503/sentinels-vs-nrg-vct-2026-americas-stage-1-w5,VCT 2026: Americas Stage 1
cortezia,SEN,6,1,0,0,0,0,0,0,0,54,1,1,Breeze,2026-05-10 20:10:00,https://www.vlr.gg/645503/sentinels-vs-nrg-vct-2026-americas-stage-1-w5,VCT 2026: Americas Stage 1
Reduxx,SEN,4,1,0,0,0,0,0,0,0,51,3,1,Breeze,2026-05-10 20:10:00,https://www.vlr.gg/645503/sentinels-vs-nrg-vct-2026-americas-stage-1-w5,VCT 2026: Americas Stage 1
Jerrwin,SEN,3,1,0,0,0,0,0,0,0,40,0,2,Breeze,2026-05-10 20:10:00,https://www.vlr.gg/645503/sentinels-vs-nrg-vct-2026-americas-stage-1-w5,VCT 2026: Americas Stage 1
brawk,NRG,3,1,1,0,0,0,0,0,0,76,3,2,Breeze,2026-05-10 20:10:00,https://www.vlr.gg/645503/sentinels-vs-nrg-vct-2026-americas-stage-1-w5,VCT 2026: Americas Stage 1
mada,NRG,2,2,0,0,0,0,0,0,0,47,2,0,Breeze,2026-05-10 20:10:00,https://www.vlr.gg/645503/sentinels-vs-nrg-vct-2026-americas-stage-1-w5,VCT 2026: Americas Stage 1
skuba,NRG,1,0,0,0,0,0,0,0,0,36,1,3,Breeze,2026-05-10 20:10:00,https://www.vlr.gg/645503/sentinels-vs-nrg-vct-2026-americas-stage-1-w5,VCT 2026: Americas Stage 1
Ethan,NRG,1,0,0,0,0,0,0,0,0,40,3,0,Breeze,2026-05-10 20:10:00,https://www.vlr.gg/645503/sentinels-vs-nrg-vct-2026-americas-stage-1-w5,VCT 2026: Americas Stage 1
keiko,NRG,4,1,0,0,0,0,0,0,0,41,0,1,Breeze,2026-05-10 20:10:00,https://www.vlr.gg/645503/sentinels-vs-nrg-vct-2026-americas-stage-1-w5,VCT 2026: Americas Stage 1
johnqt,SEN,0,1,0,0,0,0,0,0,0,29,2,1,Lotus,2026-05-10 20:10:00,https://www.vlr.gg/645503/sentinels-vs-nrg-vct-2026-americas-stage-1-w5,VCT 2026: Americas Stage 1
JonahP,SEN,4,1,0,0,1,0,0,0,0,43,4,1,Lotus,2026-05-10 20:10:00,https://www.vlr.gg/645503/sentinels-vs-nrg-vct-2026-americas-stage-1-w5,VCT 2026: Americas Stage 1
cortezia,SEN,3,1,1,0,0,0,0,0,0,60,0,3,Lotus,2026-05-10 20:10:00,https://www.vlr.gg/645503/sentinels-vs-nrg-vct-2026-americas-stage-1-w5,VCT 2026: Americas Stage 1
Reduxx,SEN,3,1,0,0,0,0,0,0,0,46,0,0,Lotus,2026-05-10 20:10:00,https://www.vlr.gg/645503/sentinels-vs-nrg-vct-2026-americas-stage-1-w5,VCT 2026: Americas Stage 1
Jerrwin,SEN,4,1,0,0,0,0,0,0,0,55,1,1,Lotus,2026-05-10 20:10:00,https://www.vlr.gg/645503/sentinels-vs-nrg-vct-2026-americas-stage-1-w5,VCT 2026: Americas Stage 1
brawk,NRG,6,2,0,0,0,0,0,0,0,67,4,0,Lotus,2026-05-10 20:10:00,https://www.vlr.gg/645503/sentinels-vs-nrg-vct-2026-americas-stage-1-w5,VCT 2026: Americas Stage 1
mada,NRG,5,0,1,0,0,0,1,0,0,45,1,1,Lotus,2026-05-10 20:10:00,https://www.vlr.gg/645503/sentinels-vs-nrg-vct-2026-americas-stage-1-w5,VCT 2026: Americas Stage 1
skuba,NRG,2,0,0,0,0,1,0,0,0,36,1,1,Lotus,2026-05-10 20:10:00,https://www.vlr.gg/645503/sentinels-vs-nrg-vct-2026-americas-stage-1-w5,VCT 2026: Americas Stage 1
Ethan,NRG,3,1,0,0,0,0,0,0,0,62,5,1,Lotus,2026-05-10 20:10:00,https://www.vlr.gg/645503/sentinels-vs-nrg-vct-2026-americas-stage-1-w5,VCT 2026: Americas Stage 1
keiko,NRG,0,1,0,0,0,0,0,0,0,31,0,1,Lotus,2026-05-10 20:10:00,https://www.vlr.gg/645503/sentinels-vs-nrg-vct-2026-americas-stage-1-w5,VCT 2026: Americas Stage 1
nerve,FUR,2,0,0,0,0,0,0,0,0,37,3,0,all,2026-05-14 17:00:00,https://www.vlr.gg/660369/furia-vs-leviat-n-vct-2026-americas-stage-1-ur1,VCT 2026: Americas Stage 1
eeiu,FUR,3,1,0,0,0,0,0,0,0,30,5,1,all,2026-05-14 17:00:00,https://www.vlr.gg/660369/furia-vs-leviat-n-vct-2026-americas-stage-1-ur1,VCT 2026: Americas Stage 1
koalanoob,FUR,3,1,0,0,0,0,0,0,0,36,1,0,all,2026-05-14 17:00:00,https://www.vlr.gg/660369/furia-vs-leviat-n-vct-2026-americas-stage-1-ur1,VCT 2026: Americas Stage 1
artzin,FUR,8,6,0,0,1,1,0,0,0,74,7,2,all,2026-05-14 17:00:00,https://www.vlr.gg/660369/furia-vs-leviat-n-vct-2026-americas-stage-1-ur1,VCT 2026: Americas Stage 1
alym,FUR,9,1,0,0,0,0,0,0,0,52,3,1,all,2026-05-14 17:00:00,https://www.vlr.gg/660369/furia-vs-leviat-n-vct-2026-americas-stage-1-ur1,VCT 2026: Americas Stage 1
kiNgg,LEV,11,1,4,0,0,0,1,0,0,93,2,2,all,2026-05-14 17:00:00,https://www.vlr.gg/660369/furia-vs-leviat-n-vct-2026-americas-stage-1-ur1,VCT 2026: Americas Stage 1
blowz,LEV,5,2,0,0,2,0,0,0,0,51,11,1,all,2026-05-14 17:00:00,https://www.vlr.gg/660369/furia-vs-leviat-n-vct-2026-americas-stage-1-ur1,VCT 2026: Americas Stage 1
Sato,LEV,8,3,0,0,0,0,0,0,0,65,3,4,all,2026-05-14 17:00:00,https://www.vlr.gg/660369/furia-vs-leviat-n-vct-2026-americas-stage-1-ur1,VCT 2026: Americas Stage 1
spike,LEV,1,4,1,0,0,0,0,0,0,48,0,1,all,2026-05-14 17:00:00,https://www.vlr.gg/660369/furia-vs-leviat-n-vct-2026-americas-stage-1-ur1,VCT 2026: Americas Stage 1
Neon,LEV,6,2,1,0,0,1,0,0,0,71,0,2,all,2026-05-14 17:00:00,https://www.vlr.gg/660369/furia-vs-leviat-n-vct-2026-americas-stage-1-ur1,VCT 2026: Americas Stage 1
nerve,FUR,1,0,0,0,0,0,0,0,0,36,1,0,Breeze,2026-05-14 17:00:00,https://www.vlr.gg/660369/furia-vs-leviat-n-vct-2026-americas-stage-1-ur1,VCT 2026: Americas Stage 1
eeiu,FUR,1,0,0,0,0,0,0,0,0,30,1,1,Breeze,2026-05-14 17:00:00,https://www.vlr.gg/660369/furia-vs-leviat-n-vct-2026-americas-stage-1-ur1,VCT 2026: Americas Stage 1
koalanoob,FUR,1,1,0,0,0,0,0,0,0,42,0,0,Breeze,2026-05-14 17:00:00,https://www.vlr.gg/660369/furia-vs-leviat-n-vct-2026-americas-stage-1-ur1,VCT 2026: Americas Stage 1
artzin,FUR,3,4,0,0,1,1,0,0,0,90,4,1,Breeze,2026-05-14 17:00:00,https://www.vlr.gg/660369/furia-vs-leviat-n-vct-2026-americas-stage-1-ur1,VCT 2026: Americas Stage 1
alym,FUR,5,1,0,0,0,0,0,0,0,82,3,1,Breeze,2026-05-14 17:00:00,https://www.vlr.gg/660369/furia-vs-leviat-n-vct-2026-americas-stage-1-ur1,VCT 2026: Americas Stage 1
kiNgg,LEV,2,0,0,0,0,0,0,0,0,43,2,1,Breeze,2026-05-14 17:00:00,https://www.vlr.gg/660369/furia-vs-leviat-n-vct-2026-americas-stage-1-ur1,VCT 2026: Americas Stage 1
blowz,LEV,2,0,0,0,0,0,0,0,0,40,2,0,Breeze,2026-05-14 17:00:00,https://www.vlr.gg/660369/furia-vs-leviat-n-vct-2026-americas-stage-1-ur1,VCT 2026: Americas Stage 1
Sato,LEV,1,2,0,0,0,0,0,0,0,64,2,0,Breeze,2026-05-14 17:00:00,https://www.vlr.gg/660369/furia-vs-leviat-n-vct-2026-americas-stage-1-ur1,VCT 2026: Americas Stage 1
spike,LEV,0,3,0,0,0,0,0,0,0,41,0,0,Breeze,2026-05-14 17:00:00,https://www.vlr.gg/660369/furia-vs-leviat-n-vct-2026-americas-stage-1-ur1,VCT 2026: Americas Stage 1
Neon,LEV,3,0,0,0,0,1,0,0,0,47,0,1,Breeze,2026-05-14 17:00:00,https://www.vlr.gg/660369/furia-vs-leviat-n-vct-2026-americas-stage-1-ur1,VCT 2026: Americas Stage 1
nerve,FUR,0,0,0,0,0,0,0,0,0,19,0,0,Split,2026-05-14 17:00:00,https://www.vlr.gg/660369/furia-vs-leviat-n-vct-2026-americas-stage-1-ur1,VCT 2026: Americas Stage 1
eeiu,FUR,1,1,0,0,0,0,0,0,0,35,1,0,Split,2026-05-14 17:00:00,https://www.vlr.gg/660369/furia-vs-leviat-n-vct-2026-americas-stage-1-ur1,VCT 2026: Americas Stage 1
koalanoob,FUR,1,0,0,0,0,0,0,0,0,46,1,0,Split,2026-05-14 17:00:00,https://www.vlr.gg/660369/furia-vs-leviat-n-vct-2026-americas-stage-1-ur1,VCT 2026: Americas Stage 1
artzin,FUR,3,2,0,0,0,0,0,0,0,80,2,1,Split,2026-05-14 17:00:00,https://www.vlr.gg/660369/furia-vs-leviat-n-vct-2026-americas-stage-1-ur1,VCT 2026: Americas Stage 1
alym,FUR,4,0,0,0,0,0,0,0,0,35,0,0,Split,2026-05-14 17:00:00,https://www.vlr.gg/660369/furia-vs-leviat-n-vct-2026-americas-stage-1-ur1,VCT 2026: Americas Stage 1
kiNgg,LEV,5,0,2,0,0,0,0,0,0,120,0,1,Split,2026-05-14 17:00:00,https://www.vlr.gg/660369/furia-vs-leviat-n-vct-2026-americas-stage-1-ur1,VCT 2026: Americas Stage 1
blowz,LEV,2,2,0,0,1,0,0,0,0,64,8,0,Split,2026-05-14 17:00:00,https://www.vlr.gg/660369/furia-vs-leviat-n-vct-2026-americas-stage-1-ur1,VCT 2026: Americas Stage 1
Sato,LEV,5,0,0,0,0,0,0,0,0,67,1,0,Split,2026-05-14 17:00:00,https://www.vlr.gg/660369/furia-vs-leviat-n-vct-2026-americas-stage-1-ur1,VCT 2026: Americas Stage 1
spike,LEV,1,0,1,0,0,0,0,0,0,51,0,1,Split,2026-05-14 17:00:00,https://www.vlr.gg/660369/furia-vs-leviat-n-vct-2026-americas-stage-1-ur1,VCT 2026: Americas Stage 1
Neon,LEV,0,1,0,0,0,0,0,0,0,72,0,1,Split,2026-05-14 17:00:00,https://www.vlr.gg/660369/furia-vs-leviat-n-vct-2026-americas-stage-1-ur1,VCT 2026: Americas Stage 1
nerve,FUR,1,0,0,0,0,0,0,0,0,55,2,0,Pearl,2026-05-14 17:00:00,https://www.vlr.gg/660369/furia-vs-leviat-n-vct-2026-americas-stage-1-ur1,VCT 2026: Americas Stage 1
eeiu,FUR,1,0,0,0,0,0,0,0,0,26,3,0,Pearl,2026-05-14 17:00:00,https://www.vlr.gg/660369/furia-vs-leviat-n-vct-2026-americas-stage-1-ur1,VCT 2026: Americas Stage 1
koalanoob,FUR,1,0,0,0,0,0,0,0,0,19,0,0,Pearl,2026-05-14 17:00:00,https://www.vlr.gg/660369/furia-vs-leviat-n-vct-2026-americas-stage-1-ur1,VCT 2026: Americas Stage 1
artzin,FUR,2,0,0,0,0,0,0,0,0,52,1,0,Pearl,2026-05-14 17:00:00,https://www.vlr.gg/660369/furia-vs-leviat-n-vct-2026-americas-stage-1-ur1,VCT 2026: Americas Stage 1
alym,FUR,0,0,0,0,0,0,0,0,0,40,0,0,Pearl,2026-05-14 17:00:00,https://www.vlr.gg/660369/furia-vs-leviat-n-vct-2026-americas-stage-1-ur1,VCT 2026: Americas Stage 1
kiNgg,LEV,4,1,2,0,0,0,1,0,0,115,0,0,Pearl,2026-05-14 17:00:00,https://www.vlr.gg/660369/furia-vs-leviat-n-vct-2026-americas-stage-1-ur1,VCT 2026: Americas Stage 1
blowz,LEV,1,0,0,0,1,0,0,0,0,48,1,1,Pearl,2026-05-14 17:00:00,https://www.vlr.gg/660369/furia-vs-leviat-n-vct-2026-americas-stage-1-ur1,VCT 2026: Americas Stage 1
Sato,LEV,2,1,0,0,0,0,0,0,0,63,0,4,Pearl,2026-05-14 17:00:00,https://www.vlr.gg/660369/furia-vs-leviat-n-vct-2026-americas-stage-1-ur1,VCT 2026: Americas Stage 1
spike,LEV,0,1,0,0,0,0,0,0,0,52,0,0,Pearl,2026-05-14 17:00:00,https://www.vlr.gg/660369/furia-vs-leviat-n-vct-2026-americas-stage-1-ur1,VCT 2026: Americas Stage 1
Neon,LEV,3,1,1,0,0,0,0,0,0,94,0,0,Pearl,2026-05-14 17:00:00,https://www.vlr.gg/660369/furia-vs-leviat-n-vct-2026-americas-stage-1-ur1,VCT 2026: Americas Stage 1
BABYBAY,G2,9,1,1,0,0,0,0,0,0,82,1,2,all,2026-05-14 19:55:00,https://www.vlr.gg/660370/g2-esports-vs-100-thieves-vct-2026-americas-stage-1-ur1,VCT 2026: Americas Stage 1
valyn,G2,7,4,0,0,0,1,0,0,0,63,4,1,all,2026-05-14 19:55:00,https://www.vlr.gg/660370/g2-esports-vs-100-thieves-vct-2026-americas-stage-1-ur1,VCT 2026: Americas Stage 1
jawgemo,G2,5,2,2,0,0,0,0,0,0,60,0,0,all,2026-05-14 19:55:00,https://www.vlr.gg/660370/g2-esports-vs-100-thieves-vct-2026-americas-stage-1-ur1,VCT 2026: Americas Stage 1
leaf,G2,6,1,2,0,0,0,0,1,0,64,2,1,all,2026-05-14 19:55:00,https://www.vlr.gg/660370/g2-esports-vs-100-thieves-vct-2026-americas-stage-1-ur1,VCT 2026: Americas Stage 1
trent,G2,4,0,0,0,1,0,0,0,0,60,5,2,all,2026-05-14 19:55:00,https://www.vlr.gg/660370/g2-esports-vs-100-thieves-vct-2026-americas-stage-1-ur1,VCT 2026: Americas Stage 1
Asuna,100T,4,0,0,0,0,0,0,0,0,46,0,0,all,2026-05-14 19:55:00,https://www.vlr.gg/660370/g2-esports-vs-100-thieves-vct-2026-americas-stage-1-ur1,VCT 2026: Americas Stage 1
bang,100T,3,1,0,0,0,0,0,0,0,37,2,0,all,2026-05-14 19:55:00,https://www.vlr.gg/660370/g2-esports-vs-100-thieves-vct-2026-americas-stage-1-ur1,VCT 2026: Americas Stage 1
Cryocells,100T,4,0,1,0,0,0,0,0,0,48,1,0,all,2026-05-14 19:55:00,https://www.vlr.gg/660370/g2-esports-vs-100-thieves-vct-2026-americas-stage-1-ur1,VCT 2026: Americas Stage 1
vora,100T,6,0,0,0,2,0,0,0,0,42,9,0,all,2026-05-14 19:55:00,https://www.vlr.gg/660370/g2-esports-vs-100-thieves-vct-2026-americas-stage-1-ur1,VCT 2026: Americas Stage 1
Timotino,100T,4,2,0,0,0,1,0,0,0,44,1,2,all,2026-05-14 19:55:00,https://www.vlr.gg/660370/g2-esports-vs-100-thieves-vct-2026-americas-stage-1-ur1,VCT 2026: Americas Stage 1
BABYBAY,G2,5,1,0,0,0,0,0,0,0,91,1,2,Pearl,2026-05-14 19:55:00,https://www.vlr.gg/660370/g2-esports-vs-100-thieves-vct-2026-americas-stage-1-ur1,VCT 2026: Americas Stage 1
valyn,G2,3,1,0,0,0,0,0,0,0,61,1,0,Pearl,2026-05-14 19:55:00,https://www.vlr.gg/660370/g2-esports-vs-100-thieves-vct-2026-americas-stage-1-ur1,VCT 2026: Americas Stage 1
jawgemo,G2,2,1,2,0,0,0,0,0,0,73,0,0,Pearl,2026-05-14 19:55:00,https://www.vlr.gg/660370/g2-esports-vs-100-thieves-vct-2026-americas-stage-1-ur1,VCT 2026: Americas Stage 1
leaf,G2,5,1,1,0,0,0,0,1,0,86,2,1,Pearl,2026-05-14 19:55:00,https://www.vlr.gg/660370/g2-esports-vs-100-thieves-vct-2026-americas-stage-1-ur1,VCT 2026: Americas Stage 1
trent,G2,1,0,0,0,0,0,0,0,0,51,1,0,Pearl,2026-05-14 19:55:00,https://www.vlr.gg/660370/g2-esports-vs-100-thieves-vct-2026-americas-stage-1-ur1,VCT 2026: Americas Stage 1
Asuna,100T,0,0,0,0,0,0,0,0,0,25,0,0,Pearl,2026-05-14 19:55:00,https://www.vlr.gg/660370/g2-esports-vs-100-thieves-vct-2026-americas-stage-1-ur1,VCT 2026: Americas Stage 1
bang,100T,1,0,0,0,0,0,0,0,0,31,1,0,Pearl,2026-05-14 19:55:00,https://www.vlr.gg/660370/g2-esports-vs-100-thieves-vct-2026-americas-stage-1-ur1,VCT 2026: Americas Stage 1
Cryocells,100T,0,0,1,0,0,0,0,0,0,55,0,0,Pearl,2026-05-14 19:55:00,https://www.vlr.gg/660370/g2-esports-vs-100-thieves-vct-2026-americas-stage-1-ur1,VCT 2026: Americas Stage 1
vora,100T,2,0,0,0,1,0,0,0,0,37,4,0,Pearl,2026-05-14 19:55:00,https://www.vlr.gg/660370/g2-esports-vs-100-thieves-vct-2026-americas-stage-1-ur1,VCT 2026: Americas Stage 1
Timotino,100T,2,1,0,0,0,0,0,0,0,46,1,0,Pearl,2026-05-14 19:55:00,https://www.vlr.gg/660370/g2-esports-vs-100-thieves-vct-2026-americas-stage-1-ur1,VCT 2026: Americas Stage 1
BABYBAY,G2,4,0,1,0,0,0,0,0,0,73,0,0,Lotus,2026-05-14 19:55:00,https://www.vlr.gg/660370/g2-esports-vs-100-thieves-vct-2026-americas-stage-1-ur1,VCT 2026: Americas Stage 1
valyn,G2,4,3,0,0,0,1,0,0,0,65,3,1,Lotus,2026-05-14 19:55:00,https://www.vlr.gg/660370/g2-esports-vs-100-thieves-vct-2026-americas-stage-1-ur1,VCT 2026: Americas Stage 1
jawgemo,G2,3,1,0,0,0,0,0,0,0,46,0,0,Lotus,2026-05-14 19:55:00,https://www.vlr.gg/660370/g2-esports-vs-100-thieves-vct-2026-americas-stage-1-ur1,VCT 2026: Americas Stage 1
leaf,G2,1,0,1,0,0,0,0,0,0,41,0,0,Lotus,2026-05-14 19:55:00,https://www.vlr.gg/660370/g2-esports-vs-100-thieves-vct-2026-americas-stage-1-ur1,VCT 2026: Americas Stage 1
trent,G2,3,0,0,0,1,0,0,0,0,68,4,2,Lotus,2026-05-14 19:55:00,https://www.vlr.gg/660370/g2-esports-vs-100-thieves-vct-2026-americas-stage-1-ur1,VCT 2026: Americas Stage 1
Asuna,100T,4,0,0,0,0,0,0,0,0,67,0,0,Lotus,2026-05-14 19:55:00,https://www.vlr.gg/660370/g2-esports-vs-100-thieves-vct-2026-americas-stage-1-ur1,VCT 2026: Americas Stage 1
bang,100T,2,1,0,0,0,0,0,0,0,42,1,0,Lotus,2026-05-14 19:55:00,https://www.vlr.gg/660370/g2-esports-vs-100-thieves-vct-2026-americas-stage-1-ur1,VCT 2026: Americas Stage 1
Cryocells,100T,4,0,0,0,0,0,0,0,0,40,1,0,Lotus,2026-05-14 19:55:00,https://www.vlr.gg/660370/g2-esports-vs-100-thieves-vct-2026-americas-stage-1-ur1,VCT 2026: Americas Stage 1
vora,100T,4,0,0,0,1,0,0,0,0,46,5,0,Lotus,2026-05-14 19:55:00,https://www.vlr.gg/660370/g2-esports-vs-100-thieves-vct-2026-americas-stage-1-ur1,VCT 2026: Americas Stage 1
Timotino,100T,2,1,0,0,0,1,0,0,0,41,0,2,Lotus,2026-05-14 19:55:00,https://www.vlr.gg/660370/g2-esports-vs-100-thieves-vct-2026-americas-stage-1-ur1,VCT 2026: Americas Stage 1
tex,MIBR,7,1,0,0,1,0,0,0,0,46,0,1,all,2026-05-15 17:00:00,https://www.vlr.gg/660371/mibr-vs-leviat-n-vct-2026-americas-stage-1-ubsf,VCT 2026: Americas Stage 1
zekken,MIBR,8,3,0,0,0,1,0,0,0,47,3,2,all,2026-05-15 17:00:00,https://www.vlr.gg/660371/mibr-vs-leviat-n-vct-2026-americas-stage-1-ubsf,VCT 2026: Americas Stage 1
Mazino,MIBR,7,3,0,0,1,0,0,0,0,48,19,3,all,2026-05-15 17:00:00,https://www.vlr.gg/660371/mibr-vs-leviat-n-vct-2026-americas-stage-1-ubsf,VCT 2026: Americas Stage 1
aspas,MIBR,9,2,0,0,1,0,0,0,0,55,1,0,all,2026-05-15 17:00:00,https://www.vlr.gg/660371/mibr-vs-leviat-n-vct-2026-americas-stage-1-ubsf,VCT 2026: Americas Stage 1
Verno,MIBR,4,3,0,0,0,0,0,0,0,46,2,2,all,2026-05-15 17:00:00,https://www.vlr.gg/660371/mibr-vs-leviat-n-vct-2026-americas-stage-1-ubsf,VCT 2026: Americas Stage 1
kiNgg,LEV,7,2,0,0,0,0,0,0,0,45,1,1,all,2026-05-15 17:00:00,https://www.vlr.gg/660371/mibr-vs-leviat-n-vct-2026-americas-stage-1-ubsf,VCT 2026: Americas Stage 1
blowz,LEV,5,1,0,0,1,0,0,0,0,52,18,5,all,2026-05-15 17:00:00,https://www.vlr.gg/660371/mibr-vs-leviat-n-vct-2026-americas-stage-1-ubsf,VCT 2026: Americas Stage 1
Sato,LEV,10,2,0,0,0,0,0,0,0,55,3,0,all,2026-05-15 17:00:00,https://www.vlr.gg/660371/mibr-vs-leviat-n-vct-2026-americas-stage-1-ubsf,VCT 2026: Americas Stage 1
spike,LEV,9,6,1,0,0,0,0,0,0,57,1,2,all,2026-05-15 17:00:00,https://www.vlr.gg/660371/mibr-vs-leviat-n-vct-2026-americas-stage-1-ubsf,VCT 2026: Americas Stage 1
Neon,LEV,9,2,0,0,1,0,0,0,0,59,1,1,all,2026-05-15 17:00:00,https://www.vlr.gg/660371/mibr-vs-leviat-n-vct-2026-americas-stage-1-ubsf,VCT 2026: Americas Stage 1
tex,MIBR,4,0,0,0,0,0,0,0,0,49,0,1,Split,2026-05-15 17:00:00,https://www.vlr.gg/660371/mibr-vs-leviat-n-vct-2026-americas-stage-1-ubsf,VCT 2026: Americas Stage 1
zekken,MIBR,3,2,0,0,0,1,0,0,0,46,1,1,Split,2026-05-15 17:00:00,https://www.vlr.gg/660371/mibr-vs-leviat-n-vct-2026-americas-stage-1-ubsf,VCT 2026: Americas Stage 1
Mazino,MIBR,2,1,0,0,0,0,0,0,0,48,6,1,Split,2026-05-15 17:00:00,https://www.vlr.gg/660371/mibr-vs-leviat-n-vct-2026-americas-stage-1-ubsf,VCT 2026: Americas Stage 1
aspas,MIBR,2,0,0,0,1,0,0,0,0,41,1,0,Split,2026-05-15 17:00:00,https://www.vlr.gg/660371/mibr-vs-leviat-n-vct-2026-americas-stage-1-ubsf,VCT 2026: Americas Stage 1
Verno,MIBR,3,0,0,0,0,0,0,0,0,35,1,1,Split,2026-05-15 17:00:00,https://www.vlr.gg/660371/mibr-vs-leviat-n-vct-2026-americas-stage-1-ubsf,VCT 2026: Americas Stage 1
kiNgg,LEV,4,1,0,0,0,0,0,0,0,71,1,0,Split,2026-05-15 17:00:00,https://www.vlr.gg/660371/mibr-vs-leviat-n-vct-2026-americas-stage-1-ubsf,VCT 2026: Americas Stage 1
blowz,LEV,1,0,0,0,1,0,0,0,0,38,10,3,Split,2026-05-15 17:00:00,https://www.vlr.gg/660371/mibr-vs-leviat-n-vct-2026-americas-stage-1-ubsf,VCT 2026: Americas Stage 1
Sato,LEV,4,2,0,0,0,0,0,0,0,61,0,0,Split,2026-05-15 17:00:00,https://www.vlr.gg/660371/mibr-vs-leviat-n-vct-2026-americas-stage-1-ubsf,VCT 2026: Americas Stage 1
spike,LEV,4,3,0,0,0,0,0,0,0,66,1,0,Split,2026-05-15 17:00:00,https://www.vlr.gg/660371/mibr-vs-leviat-n-vct-2026-americas-stage-1-ubsf,VCT 2026: Americas Stage 1
Neon,LEV,3,1,0,0,0,0,0,0,0,51,0,0,Split,2026-05-15 17:00:00,https://www.vlr.gg/660371/mibr-vs-leviat-n-vct-2026-americas-stage-1-ubsf,VCT 2026: Americas Stage 1
tex,MIBR,3,1,0,0,1,0,0,0,0,55,0,0,Fracture,2026-05-15 17:00:00,https://www.vlr.gg/660371/mibr-vs-leviat-n-vct-2026-americas-stage-1-ubsf,VCT 2026: Americas Stage 1
zekken,MIBR,4,1,0,0,0,0,0,0,0,55,0,1,Fracture,2026-05-15 17:00:00,https://www.vlr.gg/660371/mibr-vs-leviat-n-vct-2026-americas-stage-1-ubsf,VCT 2026: Americas Stage 1
Mazino,MIBR,2,1,0,0,0,0,0,0,0,51,10,1,Fracture,2026-05-15 17:00:00,https://www.vlr.gg/660371/mibr-vs-leviat-n-vct-2026-americas-stage-1-ubsf,VCT 2026: Americas Stage 1
aspas,MIBR,4,2,0,0,0,0,0,0,0,80,0,0,Fracture,2026-05-15 17:00:00,https://www.vlr.gg/660371/mibr-vs-leviat-n-vct-2026-americas-stage-1-ubsf,VCT 2026: Americas Stage 1
Verno,MIBR,1,1,0,0,0,0,0,0,0,55,1,0,Fracture,2026-05-15 17:00:00,https://www.vlr.gg/660371/mibr-vs-leviat-n-vct-2026-americas-stage-1-ubsf,VCT 2026: Americas Stage 1
kiNgg,LEV,0,0,0,0,0,0,0,0,0,31,0,1,Fracture,2026-05-15 17:00:00,https://www.vlr.gg/660371/mibr-vs-leviat-n-vct-2026-americas-stage-1-ubsf,VCT 2026: Americas Stage 1
blowz,LEV,2,0,0,0,0,0,0,0,0,49,1,0,Fracture,2026-05-15 17:00:00,https://www.vlr.gg/660371/mibr-vs-leviat-n-vct-2026-americas-stage-1-ubsf,VCT 2026: Americas Stage 1
Sato,LEV,1,0,0,0,0,0,0,0,0,36,1,0,Fracture,2026-05-15 17:00:00,https://www.vlr.gg/660371/mibr-vs-leviat-n-vct-2026-americas-stage-1-ubsf,VCT 2026: Americas Stage 1
spike,LEV,1,0,0,0,0,0,0,0,0,39,0,2,Fracture,2026-05-15 17:00:00,https://www.vlr.gg/660371/mibr-vs-leviat-n-vct-2026-americas-stage-1-ubsf,VCT 2026: Americas Stage 1
Neon,LEV,4,1,0,0,1,0,0,0,0,72,0,1,Fracture,2026-05-15 17:00:00,https://www.vlr.gg/660371/mibr-vs-leviat-n-vct-2026-americas-stage-1-ubsf,VCT 2026: Americas Stage 1
tex,MIBR,0,0,0,0,0,0,0,0,0,34,0,0,Ascent,2026-05-15 17:00:00,https://www.vlr.gg/660371/mibr-vs-leviat-n-vct-2026-americas-stage-1-ubsf,VCT 2026: Americas Stage 1
zekken,MIBR,1,0,0,0,0,0,0,0,0,40,2,0,Ascent,2026-05-15 17:00:00,https://www.vlr.gg/660371/mibr-vs-leviat-n-vct-2026-americas-stage-1-ubsf,VCT 2026: Americas Stage 1
Mazino,MIBR,3,1,0,0,1,0,0,0,0,45,3,1,Ascent,2026-05-15 17:00:00,https://www.vlr.gg/660371/mibr-vs-leviat-n-vct-2026-americas-stage-1-ubsf,VCT 2026: Americas Stage 1
aspas,MIBR,3,0,0,0,0,0,0,0,0,44,0,0,Ascent,2026-05-15 17:00:00,https://www.vlr.gg/660371/mibr-vs-leviat-n-vct-2026-americas-stage-1-ubsf,VCT 2026: Americas Stage 1
Verno,MIBR,0,2,0,0,0,0,0,0,0,48,0,1,Ascent,2026-05-15 17:00:00,https://www.vlr.gg/660371/mibr-vs-leviat-n-vct-2026-americas-stage-1-ubsf,VCT 2026: Americas Stage 1
kiNgg,LEV,3,1,0,0,0,0,0,0,0,32,0,0,Ascent,2026-05-15 17:00:00,https://www.vlr.gg/660371/mibr-vs-leviat-n-vct-2026-americas-stage-1-ubsf,VCT 2026: Americas Stage 1
blowz,LEV,2,1,0,0,0,0,0,0,0,68,7,2,Ascent,2026-05-15 17:00:00,https://www.vlr.gg/660371/mibr-vs-leviat-n-vct-2026-americas-stage-1-ubsf,VCT 2026: Americas Stage 1
Sato,LEV,5,0,0,0,0,0,0,0,0,68,2,0,Ascent,2026-05-15 17:00:00,https://www.vlr.gg/660371/mibr-vs-leviat-n-vct-2026-americas-stage-1-ubsf,VCT 2026: Americas Stage 1
spike,LEV,4,3,1,0,0,0,0,0,0,65,0,0,Ascent,2026-05-15 17:00:00,https://www.vlr.gg/660371/mibr-vs-leviat-n-vct-2026-americas-stage-1-ubsf,VCT 2026: Americas Stage 1
Neon,LEV,2,0,0,0,0,0,0,0,0,53,1,0,Ascent,2026-05-15 17:00:00,https://www.vlr.gg/660371/mibr-vs-leviat-n-vct-2026-americas-stage-1-ubsf,VCT 2026: Americas Stage 1
saadhak,KRÜ,6,0,0,0,1,0,0,0,0,41,3,2,all,2026-05-15 20:00:00,https://www.vlr.gg/660372/kr-esports-vs-g2-esports-vct-2026-americas-stage-1-ubsf,VCT 2026: Americas Stage 1
mwzera,KRÜ,3,2,0,0,0,2,0,0,0,61,14,1,all,2026-05-15 20:00:00,https://www.vlr.gg/660372/kr-esports-vs-g2-esports-vct-2026-americas-stage-1-ubsf,VCT 2026: Americas Stage 1
Less,KRÜ,7,3,1,0,0,2,0,0,0,74,1,0,all,2026-05-15 20:00:00,https://www.vlr.gg/660372/kr-esports-vs-g2-esports-vct-2026-americas-stage-1-ubsf,VCT 2026: Americas Stage 1
silentzz,KRÜ,3,0,0,0,0,0,0,0,0,31,1,1,all,2026-05-15 20:00:00,https://www.vlr.gg/660372/kr-esports-vs-g2-esports-vct-2026-americas-stage-1-ubsf,VCT 2026: Americas Stage 1
Dantedeu5,KRÜ,4,4,0,0,0,0,0,0,0,40,1,0,all,2026-05-15 20:00:00,https://www.vlr.gg/660372/kr-esports-vs-g2-esports-vct-2026-americas-stage-1-ubsf,VCT 2026: Americas Stage 1
BABYBAY,G2,5,1,0,0,1,0,0,0,0,58,2,0,all,2026-05-15 20:00:00,https://www.vlr.gg/660372/kr-esports-vs-g2-esports-vct-2026-americas-stage-1-ubsf,VCT 2026: Americas Stage 1
valyn,G2,5,3,1,0,0,0,1,0,0,51,3,1,all,2026-05-15 20:00:00,https://www.vlr.gg/660372/kr-esports-vs-g2-esports-vct-2026-americas-stage-1-ubsf,VCT 2026: Americas Stage 1
jawgemo,G2,9,1,1,0,0,0,0,0,0,62,3,2,all,2026-05-15 20:00:00,https://www.vlr.gg/660372/kr-esports-vs-g2-esports-vct-2026-americas-stage-1-ubsf,VCT 2026: Americas Stage 1
leaf,G2,9,1,0,0,1,0,0,0,0,45,1,4,all,2026-05-15 20:00:00,https://www.vlr.gg/660372/kr-esports-vs-g2-esports-vct-2026-americas-stage-1-ubsf,VCT 2026: Americas Stage 1
trent,G2,6,3,1,0,1,0,0,0,0,70,9,0,all,2026-05-15 20:00:00,https://www.vlr.gg/660372/kr-esports-vs-g2-esports-vct-2026-americas-stage-1-ubsf,VCT 2026: Americas Stage 1
saadhak,KRÜ,3,0,0,0,1,0,0,0,0,49,1,2,Lotus,2026-05-15 20:00:00,https://www.vlr.gg/660372/kr-esports-vs-g2-esports-vct-2026-americas-stage-1-ubsf,VCT 2026: Americas Stage 1
mwzera,KRÜ,1,0,0,0,0,0,0,0,0,46,7,0,Lotus,2026-05-15 20:00:00,https://www.vlr.gg/660372/kr-esports-vs-g2-esports-vct-2026-americas-stage-1-ubsf,VCT 2026: Americas Stage 1
Less,KRÜ,4,3,0,0,0,2,0,0,0,79,1,0,Lotus,2026-05-15 20:00:00,https://www.vlr.gg/660372/kr-esports-vs-g2-esports-vct-2026-americas-stage-1-ubsf,VCT 2026: Americas Stage 1
silentzz,KRÜ,1,0,0,0,0,0,0,0,0,38,0,1,Lotus,2026-05-15 20:00:00,https://www.vlr.gg/660372/kr-esports-vs-g2-esports-vct-2026-americas-stage-1-ubsf,VCT 2026: Americas Stage 1
Dantedeu5,KRÜ,4,1,0,0,0,0,0,0,0,41,1,0,Lotus,2026-05-15 20:00:00,https://www.vlr.gg/660372/kr-esports-vs-g2-esports-vct-2026-americas-stage-1-ubsf,VCT 2026: Americas Stage 1
BABYBAY,G2,2,0,0,0,0,0,0,0,0,53,2,0,Lotus,2026-05-15 20:00:00,https://www.vlr.gg/660372/kr-esports-vs-g2-esports-vct-2026-americas-stage-1-ubsf,VCT 2026: Americas Stage 1
valyn,G2,2,2,1,0,0,0,1,0,0,47,1,0,Lotus,2026-05-15 20:00:00,https://www.vlr.gg/660372/kr-esports-vs-g2-esports-vct-2026-americas-stage-1-ubsf,VCT 2026: Americas Stage 1
jawgemo,G2,4,1,1,0,0,0,0,0,0,53,2,2,Lotus,2026-05-15 20:00:00,https://www.vlr.gg/660372/kr-esports-vs-g2-esports-vct-2026-americas-stage-1-ubsf,VCT 2026: Americas Stage 1
leaf,G2,3,1,0,0,0,0,0,0,0,58,1,1,Lotus,2026-05-15 20:00:00,https://www.vlr.gg/660372/kr-esports-vs-g2-esports-vct-2026-americas-stage-1-ubsf,VCT 2026: Americas Stage 1
trent,G2,1,2,1,0,1,0,0,0,0,54,5,0,Lotus,2026-05-15 20:00:00,https://www.vlr.gg/660372/kr-esports-vs-g2-esports-vct-2026-americas-stage-1-ubsf,VCT 2026: Americas Stage 1
saadhak,KRÜ,3,0,0,0,0,0,0,0,0,33,2,0,Breeze,2026-05-15 20:00:00,https://www.vlr.gg/660372/kr-esports-vs-g2-esports-vct-2026-americas-stage-1-ubsf,VCT 2026: Americas Stage 1
mwzera,KRÜ,2,2,0,0,0,2,0,0,0,75,7,1,Breeze,2026-05-15 20:00:00,https://www.vlr.gg/660372/kr-esports-vs-g2-esports-vct-2026-americas-stage-1-ubsf,VCT 2026: Americas Stage 1
Less,KRÜ,3,0,1,0,0,0,0,0,0,69,0,0,Breeze,2026-05-15 20:00:00,https://www.vlr.gg/660372/kr-esports-vs-g2-esports-vct-2026-americas-stage-1-ubsf,VCT 2026: Americas Stage 1
silentzz,KRÜ,2,0,0,0,0,0,0,0,0,24,1,0,Breeze,2026-05-15 20:00:00,https://www.vlr.gg/660372/kr-esports-vs-g2-esports-vct-2026-americas-stage-1-ubsf,VCT 2026: Americas Stage 1
Dantedeu5,KRÜ,0,3,0,0,0,0,0,0,0,39,0,0,Breeze,2026-05-15 20:00:00,https://www.vlr.gg/660372/kr-esports-vs-g2-esports-vct-2026-americas-stage-1-ubsf,VCT 2026: Americas Stage 1
BABYBAY,G2,3,1,0,0,1,0,0,0,0,62,0,0,Breeze,2026-05-15 20:00:00,https://www.vlr.gg/660372/kr-esports-vs-g2-esports-vct-2026-americas-stage-1-ubsf,VCT 2026: Americas Stage 1
valyn,G2,3,1,0,0,0,0,0,0,0,54,2,1,Breeze,2026-05-15 20:00:00,https://www.vlr.gg/660372/kr-esports-vs-g2-esports-vct-2026-americas-stage-1-ubsf,VCT 2026: Americas Stage 1
jawgemo,G2,5,0,0,0,0,0,0,0,0,71,1,0,Breeze,2026-05-15 20:00:00,https://www.vlr.gg/660372/kr-esports-vs-g2-esports-vct-2026-americas-stage-1-ubsf,VCT 2026: Americas Stage 1
leaf,G2,6,0,0,0,1,0,0,0,0,32,0,3,Breeze,2026-05-15 20:00:00,https://www.vlr.gg/660372/kr-esports-vs-g2-esports-vct-2026-americas-stage-1-ubsf,VCT 2026: Americas Stage 1
trent,G2,5,1,0,0,0,0,0,0,0,85,4,0,Breeze,2026-05-15 20:00:00,https://www.vlr.gg/660372/kr-esports-vs-g2-esports-vct-2026-americas-stage-1-ubsf,VCT 2026: Americas Stage 1
nerve,FUR,3,2,0,0,0,0,0,0,0,46,5,0,all,2026-05-16 17:00:00,https://www.vlr.gg/660375/furia-vs-nrg-vct-2026-americas-stage-1-lr1,VCT 2026: Americas Stage 1
eeiu,FUR,8,0,0,0,0,0,0,0,0,56,5,2,all,2026-05-16 17:00:00,https://www.vlr.gg/660375/furia-vs-nrg-vct-2026-americas-stage-1-lr1,VCT 2026: Americas Stage 1
koalanoob,FUR,3,1,0,0,0,0,0,0,0,43,0,0,all,2026-05-16 17:00:00,https://www.vlr.gg/660375/furia-vs-nrg-vct-2026-americas-stage-1-lr1,VCT 2026: Americas Stage 1
artzin,FUR,5,2,0,0,0,0,0,0,0,44,0,0,all,2026-05-16 17:00:00,https://www.vlr.gg/660375/furia-vs-nrg-vct-2026-americas-stage-1-lr1,VCT 2026: Americas Stage 1
alym,FUR,4,1,0,0,1,0,0,0,0,52,1,0,all,2026-05-16 17:00:00,https://www.vlr.gg/660375/furia-vs-nrg-vct-2026-americas-stage-1-lr1,VCT 2026: Americas Stage 1
brawk,NRG,8,4,0,0,1,1,0,0,0,95,5,0,all,2026-05-16 17:00:00,https://www.vlr.gg/660375/furia-vs-nrg-vct-2026-americas-stage-1-lr1,VCT 2026: Americas Stage 1
mada,NRG,8,1,0,0,0,0,0,0,0,54,1,2,all,2026-05-16 17:00:00,https://www.vlr.gg/660375/furia-vs-nrg-vct-2026-americas-stage-1-lr1,VCT 2026: Americas Stage 1
skuba,NRG,7,0,0,0,0,0,0,0,0,48,0,1,all,2026-05-16 17:00:00,https://www.vlr.gg/660375/furia-vs-nrg-vct-2026-americas-stage-1-lr1,VCT 2026: Americas Stage 1
Ethan,NRG,3,0,0,0,0,0,0,0,0,48,6,0,all,2026-05-16 17:00:00,https://www.vlr.gg/660375/furia-vs-nrg-vct-2026-americas-stage-1-lr1,VCT 2026: Americas Stage 1
keiko,NRG,8,2,0,0,1,1,0,0,0,53,1,2,all,2026-05-16 17:00:00,https://www.vlr.gg/660375/furia-vs-nrg-vct-2026-americas-stage-1-lr1,VCT 2026: Americas Stage 1
nerve,FUR,2,1,0,0,0,0,0,0,0,52,2,0,Lotus,2026-05-16 17:00:00,https://www.vlr.gg/660375/furia-vs-nrg-vct-2026-americas-stage-1-lr1,VCT 2026: Americas Stage 1
eeiu,FUR,1,0,0,0,0,0,0,0,0,36,2,0,Lotus,2026-05-16 17:00:00,https://www.vlr.gg/660375/furia-vs-nrg-vct-2026-americas-stage-1-lr1,VCT 2026: Americas Stage 1
koalanoob,FUR,0,1,0,0,0,0,0,0,0,34,0,0,Lotus,2026-05-16 17:00:00,https://www.vlr.gg/660375/furia-vs-nrg-vct-2026-americas-stage-1-lr1,VCT 2026: Americas Stage 1
artzin,FUR,0,0,0,0,0,0,0,0,0,17,0,0,Lotus,2026-05-16 17:00:00,https://www.vlr.gg/660375/furia-vs-nrg-vct-2026-americas-stage-1-lr1,VCT 2026: Americas Stage 1
alym,FUR,1,1,0,0,1,0,0,0,0,54,0,0,Lotus,2026-05-16 17:00:00,https://www.vlr.gg/660375/furia-vs-nrg-vct-2026-americas-stage-1-lr1,VCT 2026: Americas Stage 1
brawk,NRG,5,2,0,0,0,0,0,0,0,103,0,0,Lotus,2026-05-16 17:00:00,https://www.vlr.gg/660375/furia-vs-nrg-vct-2026-americas-stage-1-lr1,VCT 2026: Americas Stage 1
mada,NRG,3,1,0,0,0,0,0,0,0,58,1,0,Lotus,2026-05-16 17:00:00,https://www.vlr.gg/660375/furia-vs-nrg-vct-2026-americas-stage-1-lr1,VCT 2026: Americas Stage 1
skuba,NRG,5,0,0,0,0,0,0,0,0,62,0,0,Lotus,2026-05-16 17:00:00,https://www.vlr.gg/660375/furia-vs-nrg-vct-2026-americas-stage-1-lr1,VCT 2026: Americas Stage 1
Ethan,NRG,2,0,0,0,0,0,0,0,0,60,4,0,Lotus,2026-05-16 17:00:00,https://www.vlr.gg/660375/furia-vs-nrg-vct-2026-americas-stage-1-lr1,VCT 2026: Americas Stage 1
keiko,NRG,2,1,0,0,1,0,0,0,0,37,0,0,Lotus,2026-05-16 17:00:00,https://www.vlr.gg/660375/furia-vs-nrg-vct-2026-americas-stage-1-lr1,VCT 2026: Americas Stage 1
nerve,FUR,1,1,0,0,0,0,0,0,0,39,3,0,Haven,2026-05-16 17:00:00,https://www.vlr.gg/660375/furia-vs-nrg-vct-2026-americas-stage-1-lr1,VCT 2026: Americas Stage 1
eeiu,FUR,7,0,0,0,0,0,0,0,0,75,3,2,Haven,2026-05-16 17:00:00,https://www.vlr.gg/660375/furia-vs-nrg-vct-2026-americas-stage-1-lr1,VCT 2026: Americas Stage 1
koalanoob,FUR,3,0,0,0,0,0,0,0,0,51,0,0,Haven,2026-05-16 17:00:00,https://www.vlr.gg/660375/furia-vs-nrg-vct-2026-americas-stage-1-lr1,VCT 2026: Americas Stage 1
artzin,FUR,5,2,0,0,0,0,0,0,0,70,0,0,Haven,2026-05-16 17:00:00,https://www.vlr.gg/660375/furia-vs-nrg-vct-2026-americas-stage-1-lr1,VCT 2026: Americas Stage 1
alym,FUR,3,0,0,0,0,0,0,0,0,49,1,0,Haven,2026-05-16 17:00:00,https://www.vlr.gg/660375/furia-vs-nrg-vct-2026-americas-stage-1-lr1,VCT 2026: Americas Stage 1
brawk,NRG,3,2,0,0,1,1,0,0,0,87,5,0,Haven,2026-05-16 17:00:00,https://www.vlr.gg/660375/furia-vs-nrg-vct-2026-americas-stage-1-lr1,VCT 2026: Americas Stage 1
mada,NRG,5,0,0,0,0,0,0,0,0,49,0,2,Haven,2026-05-16 17:00:00,https://www.vlr.gg/660375/furia-vs-nrg-vct-2026-americas-stage-1-lr1,VCT 2026: Americas Stage 1
skuba,NRG,2,0,0,0,0,0,0,0,0,33,0,1,Haven,2026-05-16 17:00:00,https://www.vlr.gg/660375/furia-vs-nrg-vct-2026-americas-stage-1-lr1,VCT 2026: Americas Stage 1
Ethan,NRG,1,0,0,0,0,0,0,0,0,36,2,0,Haven,2026-05-16 17:00:00,https://www.vlr.gg/660375/furia-vs-nrg-vct-2026-americas-stage-1-lr1,VCT 2026: Americas Stage 1
keiko,NRG,6,1,0,0,0,1,0,0,0,68,1,2,Haven,2026-05-16 17:00:00,https://www.vlr.gg/660375/furia-vs-nrg-vct-2026-americas-stage-1-lr1,VCT 2026: Americas Stage 1
Asuna,100T,3,3,0,0,0,0,0,0,0,65,5,1,all,2026-05-16 19:15:00,https://www.vlr.gg/660376/100-thieves-vs-loud-vct-2026-americas-stage-1-lr1,VCT 2026: Americas Stage 1
bang,100T,6,3,1,0,0,1,0,0,0,89,3,0,all,2026-05-16 19:15:00,https://www.vlr.gg/660376/100-thieves-vs-loud-vct-2026-americas-stage-1-lr1,VCT 2026: Americas Stage 1
Cryocells,100T,2,2,0,0,0,0,0,0,0,66,0,0,all,2026-05-16 19:15:00,https://www.vlr.gg/660376/100-thieves-vs-loud-vct-2026-americas-stage-1-lr1,VCT 2026: Americas Stage 1
vora,100T,3,2,0,0,1,0,0,0,0,49,8,1,all,2026-05-16 19:15:00,https://www.vlr.gg/660376/100-thieves-vs-loud-vct-2026-americas-stage-1-lr1,VCT 2026: Americas Stage 1
Timotino,100T,4,5,1,0,0,0,0,0,0,79,0,0,all,2026-05-16 19:15:00,https://www.vlr.gg/660376/100-thieves-vs-loud-vct-2026-americas-stage-1-lr1,VCT 2026: Americas Stage 1
Virtyy,LOUD,4,2,0,0,0,0,0,0,0,41,0,0,all,2026-05-16 19:15:00,https://www.vlr.gg/660376/100-thieves-vs-loud-vct-2026-americas-stage-1-lr1,VCT 2026: Americas Stage 1
cauanzin,LOUD,3,0,0,0,0,0,0,0,0,40,5,2,all,2026-05-16 19:15:00,https://www.vlr.gg/660376/100-thieves-vs-loud-vct-2026-americas-stage-1-lr1,VCT 2026: Americas Stage 1
Darker,LOUD,1,0,0,0,0,0,0,0,0,32,1,0,all,2026-05-16 19:15:00,https://www.vlr.gg/660376/100-thieves-vs-loud-vct-2026-americas-stage-1-lr1,VCT 2026: Americas Stage 1
lukxo,LOUD,0,1,0,0,0,0,0,0,0,33,0,0,all,2026-05-16 19:15:00,https://www.vlr.gg/660376/100-thieves-vs-loud-vct-2026-americas-stage-1-lr1,VCT 2026: Americas Stage 1
erde,LOUD,6,0,0,0,1,0,0,0,0,45,2,1,all,2026-05-16 19:15:00,https://www.vlr.gg/660376/100-thieves-vs-loud-vct-2026-americas-stage-1-lr1,VCT 2026: Americas Stage 1
Asuna,100T,2,1,0,0,0,0,0,0,0,62,3,1,Breeze,2026-05-16 19:15:00,https://www.vlr.gg/660376/100-thieves-vs-loud-vct-2026-americas-stage-1-lr1,VCT 2026: Americas Stage 1
bang,100T,4,2,0,0,0,1,0,0,0,92,2,0,Breeze,2026-05-16 19:15:00,https://www.vlr.gg/660376/100-thieves-vs-loud-vct-2026-americas-stage-1-lr1,VCT 2026: Americas Stage 1
Cryocells,100T,2,1,0,0,0,0,0,0,0,67,0,0,Breeze,2026-05-16 19:15:00,https://www.vlr.gg/660376/100-thieves-vs-loud-vct-2026-americas-stage-1-lr1,VCT 2026: Americas Stage 1
vora,100T,2,1,0,0,0,0,0,0,0,50,6,0,Breeze,2026-05-16 19:15:00,https://www.vlr.gg/660376/100-thieves-vs-loud-vct-2026-americas-stage-1-lr1,VCT 2026: Americas Stage 1
Timotino,100T,2,2,0,0,0,0,0,0,0,68,0,0,Breeze,2026-05-16 19:15:00,https://www.vlr.gg/660376/100-thieves-vs-loud-vct-2026-americas-stage-1-lr1,VCT 2026: Americas Stage 1
Virtyy,LOUD,2,1,0,0,0,0,0,0,0,45,0,0,Breeze,2026-05-16 19:15:00,https://www.vlr.gg/660376/100-thieves-vs-loud-vct-2026-americas-stage-1-lr1,VCT 2026: Americas Stage 1
cauanzin,LOUD,3,0,0,0,0,0,0,0,0,52,1,2,Breeze,2026-05-16 19:15:00,https://www.vlr.gg/660376/100-thieves-vs-loud-vct-2026-americas-stage-1-lr1,VCT 2026: Americas Stage 1
Darker,LOUD,1,0,0,0,0,0,0,0,0,32,0,0,Breeze,2026-05-16 19:15:00,https://www.vlr.gg/660376/100-thieves-vs-loud-vct-2026-americas-stage-1-lr1,VCT 2026: Americas Stage 1
lukxo,LOUD,0,0,0,0,0,0,0,0,0,31,0,0,Breeze,2026-05-16 19:15:00,https://www.vlr.gg/660376/100-thieves-vs-loud-vct-2026-americas-stage-1-lr1,VCT 2026: Americas Stage 1
erde,LOUD,3,0,0,0,1,0,0,0,0,53,2,1,Breeze,2026-05-16 19:15:00,https://www.vlr.gg/660376/100-thieves-vs-loud-vct-2026-americas-stage-1-lr1,VCT 2026: Americas Stage 1
Asuna,100T,1,2,0,0,0,0,0,0,0,68,2,0,Split,2026-05-16 19:15:00,https://www.vlr.gg/660376/100-thieves-vs-loud-vct-2026-americas-stage-1-lr1,VCT 2026: Americas Stage 1
bang,100T,2,1,1,0,0,0,0,0,0,86,1,0,Split,2026-05-16 19:15:00,https://www.vlr.gg/660376/100-thieves-vs-loud-vct-2026-americas-stage-1-lr1,VCT 2026: Americas Stage 1
Cryocells,100T,0,1,0,0,0,0,0,0,0,65,0,0,Split,2026-05-16 19:15:00,https://www.vlr.gg/660376/100-thieves-vs-loud-vct-2026-americas-stage-1-lr1,VCT 2026: Americas Stage 1
vora,100T,1,1,0,0,1,0,0,0,0,48,2,1,Split,2026-05-16 19:15:00,https://www.vlr.gg/660376/100-thieves-vs-loud-vct-2026-americas-stage-1-lr1,VCT 2026: Americas Stage 1
Timotino,100T,2,3,1,0,0,0,0,0,0,89,0,0,Split,2026-05-16 19:15:00,https://www.vlr.gg/660376/100-thieves-vs-loud-vct-2026-americas-stage-1-lr1,VCT 2026: Americas Stage 1
Virtyy,LOUD,2,1,0,0,0,0,0,0,0,36,0,0,Split,2026-05-16 19:15:00,https://www.vlr.gg/660376/100-thieves-vs-loud-vct-2026-americas-stage-1-lr1,VCT 2026: Americas Stage 1
cauanzin,LOUD,0,0,0,0,0,0,0,0,0,28,4,0,Split,2026-05-16 19:15:00,https://www.vlr.gg/660376/100-thieves-vs-loud-vct-2026-americas-stage-1-lr1,VCT 2026: Americas Stage 1
Darker,LOUD,0,0,0,0,0,0,0,0,0,32,1,0,Split,2026-05-16 19:15:00,https://www.vlr.gg/660376/100-thieves-vs-loud-vct-2026-americas-stage-1-lr1,VCT 2026: Americas Stage 1
lukxo,LOUD,0,1,0,0,0,0,0,0,0,34,0,0,Split,2026-05-16 19:15:00,https://www.vlr.gg/660376/100-thieves-vs-loud-vct-2026-americas-stage-1-lr1,VCT 2026: Americas Stage 1
erde,LOUD,3,0,0,0,0,0,0,0,0,37,0,0,Split,2026-05-16 19:15:00,https://www.vlr.gg/660376/100-thieves-vs-loud-vct-2026-americas-stage-1-lr1,VCT 2026: Americas Stage 1
saadhak,KRÜ,3,2,1,0,0,0,0,0,0,52,6,1,all,2026-05-17 17:00:00,https://www.vlr.gg/660377/kr-esports-vs-nrg-vct-2026-americas-stage-1-lr2,VCT 2026: Americas Stage 1
mwzera,KRÜ,5,1,0,0,0,0,0,0,0,45,7,0,all,2026-05-17 17:00:00,https://www.vlr.gg/660377/kr-esports-vs-nrg-vct-2026-americas-stage-1-lr2,VCT 2026: Americas Stage 1
Less,KRÜ,3,2,0,0,0,0,0,0,0,57,0,0,all,2026-05-17 17:00:00,https://www.vlr.gg/660377/kr-esports-vs-nrg-vct-2026-americas-stage-1-lr2,VCT 2026: Americas Stage 1
silentzz,KRÜ,3,0,0,0,0,0,0,0,0,39,1,0,all,2026-05-17 17:00:00,https://www.vlr.gg/660377/kr-esports-vs-nrg-vct-2026-americas-stage-1-lr2,VCT 2026: Americas Stage 1
Dantedeu5,KRÜ,4,0,0,0,0,0,0,0,0,35,1,0,all,2026-05-17 17:00:00,https://www.vlr.gg/660377/kr-esports-vs-nrg-vct-2026-americas-stage-1-lr2,VCT 2026: Americas Stage 1
brawk,NRG,4,1,0,1,0,1,0,0,0,74,3,2,all,2026-05-17 17:00:00,https://www.vlr.gg/660377/kr-esports-vs-nrg-vct-2026-americas-stage-1-lr2,VCT 2026: Americas Stage 1
mada,NRG,6,3,0,0,0,0,0,0,0,54,0,2,all,2026-05-17 17:00:00,https://www.vlr.gg/660377/kr-esports-vs-nrg-vct-2026-americas-stage-1-lr2,VCT 2026: Americas Stage 1
skuba,NRG,5,1,0,0,0,0,0,0,0,49,1,3,all,2026-05-17 17:00:00,https://www.vlr.gg/660377/kr-esports-vs-nrg-vct-2026-americas-stage-1-lr2,VCT 2026: Americas Stage 1
Ethan,NRG,5,1,0,0,0,1,0,0,0,59,3,1,all,2026-05-17 17:00:00,https://www.vlr.gg/660377/kr-esports-vs-nrg-vct-2026-americas-stage-1-lr2,VCT 2026: Americas Stage 1
keiko,NRG,9,3,0,0,0,0,0,0,0,69,0,2,all,2026-05-17 17:00:00,https://www.vlr.gg/660377/kr-esports-vs-nrg-vct-2026-americas-stage-1-lr2,VCT 2026: Americas Stage 1
saadhak,KRÜ,2,2,0,0,0,0,0,0,0,56,3,1,Breeze,2026-05-17 17:00:00,https://www.vlr.gg/660377/kr-esports-vs-nrg-vct-2026-americas-stage-1-lr2,VCT 2026: Americas Stage 1
mwzera,KRÜ,1,1,0,0,0,0,0,0,0,43,3,0,Breeze,2026-05-17 17:00:00,https://www.vlr.gg/660377/kr-esports-vs-nrg-vct-2026-americas-stage-1-lr2,VCT 2026: Americas Stage 1
Less,KRÜ,3,0,0,0,0,0,0,0,0,41,0,0,Breeze,2026-05-17 17:00:00,https://www.vlr.gg/660377/kr-esports-vs-nrg-vct-2026-americas-stage-1-lr2,VCT 2026: Americas Stage 1
silentzz,KRÜ,2,0,0,0,0,0,0,0,0,39,0,0,Breeze,2026-05-17 17:00:00,https://www.vlr.gg/660377/kr-esports-vs-nrg-vct-2026-americas-stage-1-lr2,VCT 2026: Americas Stage 1
Dantedeu5,KRÜ,3,0,0,0,0,0,0,0,0,33,1,0,Breeze,2026-05-17 17:00:00,https://www.vlr.gg/660377/kr-esports-vs-nrg-vct-2026-americas-stage-1-lr2,VCT 2026: Americas Stage 1
brawk,NRG,2,1,0,1,0,1,0,0,0,68,2,0,Breeze,2026-05-17 17:00:00,https://www.vlr.gg/660377/kr-esports-vs-nrg-vct-2026-americas-stage-1-lr2,VCT 2026: Americas Stage 1
mada,NRG,4,2,0,0,0,0,0,0,0,67,0,1,Breeze,2026-05-17 17:00:00,https://www.vlr.gg/660377/kr-esports-vs-nrg-vct-2026-americas-stage-1-lr2,VCT 2026: Americas Stage 1
skuba,NRG,2,0,0,0,0,0,0,0,0,43,1,0,Breeze,2026-05-17 17:00:00,https://www.vlr.gg/660377/kr-esports-vs-nrg-vct-2026-americas-stage-1-lr2,VCT 2026: Americas Stage 1
Ethan,NRG,1,1,0,0,0,0,0,0,0,53,2,1,Breeze,2026-05-17 17:00:00,https://www.vlr.gg/660377/kr-esports-vs-nrg-vct-2026-americas-stage-1-lr2,VCT 2026: Americas Stage 1
keiko,NRG,6,1,0,0,0,0,0,0,0,64,0,1,Breeze,2026-05-17 17:00:00,https://www.vlr.gg/660377/kr-esports-vs-nrg-vct-2026-americas-stage-1-lr2,VCT 2026: Americas Stage 1
saadhak,KRÜ,1,0,1,0,0,0,0,0,0,47,3,0,Haven,2026-05-17 17:00:00,https://www.vlr.gg/660377/kr-esports-vs-nrg-vct-2026-americas-stage-1-lr2,VCT 2026: Americas Stage 1
mwzera,KRÜ,4,0,0,0,0,0,0,0,0,46,4,0,Haven,2026-05-17 17:00:00,https://www.vlr.gg/660377/kr-esports-vs-nrg-vct-2026-americas-stage-1-lr2,VCT 2026: Americas Stage 1
Less,KRÜ,0,2,0,0,0,0,0,0,0,73,0,0,Haven,2026-05-17 17:00:00,https://www.vlr.gg/660377/kr-esports-vs-nrg-vct-2026-americas-stage-1-lr2,VCT 2026: Americas Stage 1
silentzz,KRÜ,1,0,0,0,0,0,0,0,0,39,1,0,Haven,2026-05-17 17:00:00,https://www.vlr.gg/660377/kr-esports-vs-nrg-vct-2026-americas-stage-1-lr2,VCT 2026: Americas Stage 1
Dantedeu5,KRÜ,1,0,0,0,0,0,0,0,0,36,0,0,Haven,2026-05-17 17:00:00,https://www.vlr.gg/660377/kr-esports-vs-nrg-vct-2026-americas-stage-1-lr2,VCT 2026: Americas Stage 1
brawk,NRG,2,0,0,0,0,0,0,0,0,79,1,2,Haven,2026-05-17 17:00:00,https://www.vlr.gg/660377/kr-esports-vs-nrg-vct-2026-americas-stage-1-lr2,VCT 2026: Americas Stage 1
mada,NRG,2,1,0,0,0,0,0,0,0,40,0,1,Haven,2026-05-17 17:00:00,https://www.vlr.gg/660377/kr-esports-vs-nrg-vct-2026-americas-stage-1-lr2,VCT 2026: Americas Stage 1
skuba,NRG,3,1,0,0,0,0,0,0,0,54,0,3,Haven,2026-05-17 17:00:00,https://www.vlr.gg/660377/kr-esports-vs-nrg-vct-2026-americas-stage-1-lr2,VCT 2026: Americas Stage 1
Ethan,NRG,4,0,0,0,0,1,0,0,0,64,1,0,Haven,2026-05-17 17:00:00,https://www.vlr.gg/660377/kr-esports-vs-nrg-vct-2026-americas-stage-1-lr2,VCT 2026: Americas Stage 1
keiko,NRG,3,2,0,0,0,0,0,0,0,73,0,1,Haven,2026-05-17 17:00:00,https://www.vlr.gg/660377/kr-esports-vs-nrg-vct-2026-americas-stage-1-lr2,VCT 2026: Americas Stage 1
tex,MIBR,3,3,0,0,0,0,0,0,0,58,0,0,all,2026-05-17 19:10:00,https://www.vlr.gg/660378/mibr-vs-100-thieves-vct-2026-americas-stage-1-lr2,VCT 2026: Americas Stage 1
zekken,MIBR,5,0,0,1,0,1,0,0,0,48,1,1,all,2026-05-17 19:10:00,https://www.vlr.gg/660378/mibr-vs-100-thieves-vct-2026-americas-stage-1-lr2,VCT 2026: Americas Stage 1
Mazino,MIBR,6,2,0,0,0,0,0,0,0,51,6,0,all,2026-05-17 19:10:00,https://www.vlr.gg/660378/mibr-vs-100-thieves-vct-2026-americas-stage-1-lr2,VCT 2026: Americas Stage 1
aspas,MIBR,6,0,1,0,0,0,1,0,0,58,1,1,all,2026-05-17 19:10:00,https://www.vlr.gg/660378/mibr-vs-100-thieves-vct-2026-americas-stage-1-lr2,VCT 2026: Americas Stage 1
Verno,MIBR,4,1,0,0,0,0,0,0,0,46,2,3,all,2026-05-17 19:10:00,https://www.vlr.gg/660378/mibr-vs-100-thieves-vct-2026-americas-stage-1-lr2,VCT 2026: Americas Stage 1
Asuna,100T,11,5,0,0,0,0,0,0,0,73,6,0,all,2026-05-17 19:10:00,https://www.vlr.gg/660378/mibr-vs-100-thieves-vct-2026-americas-stage-1-lr2,VCT 2026: Americas Stage 1
bang,100T,6,3,0,0,0,0,0,0,0,54,3,0,all,2026-05-17 19:10:00,https://www.vlr.gg/660378/mibr-vs-100-thieves-vct-2026-americas-stage-1-lr2,VCT 2026: Americas Stage 1
Cryocells,100T,4,0,0,0,0,0,0,0,0,39,0,0,all,2026-05-17 19:10:00,https://www.vlr.gg/660378/mibr-vs-100-thieves-vct-2026-americas-stage-1-lr2,VCT 2026: Americas Stage 1
vora,100T,5,0,0,0,1,1,0,0,0,64,11,0,all,2026-05-17 19:10:00,https://www.vlr.gg/660378/mibr-vs-100-thieves-vct-2026-americas-stage-1-lr2,VCT 2026: Americas Stage 1
Timotino,100T,4,1,1,0,0,1,0,0,0,49,1,1,all,2026-05-17 19:10:00,https://www.vlr.gg/660378/mibr-vs-100-thieves-vct-2026-americas-stage-1-lr2,VCT 2026: Americas Stage 1
tex,MIBR,2,1,0,0,0,0,0,0,0,43,0,0,Fracture,2026-05-17 19:10:00,https://www.vlr.gg/660378/mibr-vs-100-thieves-vct-2026-americas-stage-1-lr2,VCT 2026: Americas Stage 1
zekken,MIBR,3,0,0,1,0,1,0,0,0,48,1,1,Fracture,2026-05-17 19:10:00,https://www.vlr.gg/660378/mibr-vs-100-thieves-vct-2026-americas-stage-1-lr2,VCT 2026: Americas Stage 1
Mazino,MIBR,4,0,0,0,0,0,0,0,0,50,3,0,Fracture,2026-05-17 19:10:00,https://www.vlr.gg/660378/mibr-vs-100-thieves-vct-2026-americas-stage-1-lr2,VCT 2026: Americas Stage 1
aspas,MIBR,4,0,0,0,0,0,0,0,0,73,1,1,Fracture,2026-05-17 19:10:00,https://www.vlr.gg/660378/mibr-vs-100-thieves-vct-2026-americas-stage-1-lr2,VCT 2026: Americas Stage 1
Verno,MIBR,3,0,0,0,0,0,0,0,0,53,1,2,Fracture,2026-05-17 19:10:00,https://www.vlr.gg/660378/mibr-vs-100-thieves-vct-2026-americas-stage-1-lr2,VCT 2026: Americas Stage 1
Asuna,100T,5,4,0,0,0,0,0,0,0,77,3,0,Fracture,2026-05-17 19:10:00,https://www.vlr.gg/660378/mibr-vs-100-thieves-vct-2026-americas-stage-1-lr2,VCT 2026: Americas Stage 1
bang,100T,4,1,0,0,0,0,0,0,0,55,1,0,Fracture,2026-05-17 19:10:00,https://www.vlr.gg/660378/mibr-vs-100-thieves-vct-2026-americas-stage-1-lr2,VCT 2026: Americas Stage 1
Cryocells,100T,2,0,0,0,0,0,0,0,0,24,0,0,Fracture,2026-05-17 19:10:00,https://www.vlr.gg/660378/mibr-vs-100-thieves-vct-2026-americas-stage-1-lr2,VCT 2026: Americas Stage 1
vora,100T,1,0,0,0,0,0,0,0,0,40,6,0,Fracture,2026-05-17 19:10:00,https://www.vlr.gg/660378/mibr-vs-100-thieves-vct-2026-americas-stage-1-lr2,VCT 2026: Americas Stage 1
Timotino,100T,3,1,1,0,0,0,0,0,0,57,1,1,Fracture,2026-05-17 19:10:00,https://www.vlr.gg/660378/mibr-vs-100-thieves-vct-2026-americas-stage-1-lr2,VCT 2026: Americas Stage 1
tex,MIBR,1,2,0,0,0,0,0,0,0,73,0,0,Breeze,2026-05-17 19:10:00,https://www.vlr.gg/660378/mibr-vs-100-thieves-vct-2026-americas-stage-1-lr2,VCT 2026: Americas Stage 1
zekken,MIBR,2,0,0,0,0,0,0,0,0,47,0,0,Breeze,2026-05-17 19:10:00,https://www.vlr.gg/660378/mibr-vs-100-thieves-vct-2026-americas-stage-1-lr2,VCT 2026: Americas Stage 1
Mazino,MIBR,2,2,0,0,0,0,0,0,0,51,3,0,Breeze,2026-05-17 19:10:00,https://www.vlr.gg/660378/mibr-vs-100-thieves-vct-2026-americas-stage-1-lr2,VCT 2026: Americas Stage 1
aspas,MIBR,2,0,1,0,0,0,1,0,0,43,0,0,Breeze,2026-05-17 19:10:00,https://www.vlr.gg/660378/mibr-vs-100-thieves-vct-2026-americas-stage-1-lr2,VCT 2026: Americas Stage 1
Verno,MIBR,1,1,0,0,0,0,0,0,0,38,1,1,Breeze,2026-05-17 19:10:00,https://www.vlr.gg/660378/mibr-vs-100-thieves-vct-2026-americas-stage-1-lr2,VCT 2026: Americas Stage 1
Asuna,100T,6,1,0,0,0,0,0,0,0,68,3,0,Breeze,2026-05-17 19:10:00,https://www.vlr.gg/660378/mibr-vs-100-thieves-vct-2026-americas-stage-1-lr2,VCT 2026: Americas Stage 1
bang,100T,2,2,0,0,0,0,0,0,0,52,2,0,Breeze,2026-05-17 19:10:00,https://www.vlr.gg/660378/mibr-vs-100-thieves-vct-2026-americas-stage-1-lr2,VCT 2026: Americas Stage 1
Cryocells,100T,2,0,0,0,0,0,0,0,0,54,0,0,Breeze,2026-05-17 19:10:00,https://www.vlr.gg/660378/mibr-vs-100-thieves-vct-2026-americas-stage-1-lr2,VCT 2026: Americas Stage 1
vora,100T,4,0,0,0,1,1,0,0,0,87,5,0,Breeze,2026-05-17 19:10:00,https://www.vlr.gg/660378/mibr-vs-100-thieves-vct-2026-americas-stage-1-lr2,VCT 2026: Americas Stage 1
Timotino,100T,1,0,0,0,0,1,0,0,0,40,0,0,Breeze,2026-05-17 19:10:00,https://www.vlr.gg/660378/mibr-vs-100-thieves-vct-2026-americas-stage-1-lr2,VCT 2026: Americas Stage 1
kiNgg,LEV,6,1,0,0,1,0,0,0,0,43,3,1,all,2026-05-22 17:00:00,https://www.vlr.gg/660373/leviat-n-vs-g2-esports-vct-2026-americas-stage-1-ubf,VCT 2026: Americas Stage 1
blowz,LEV,7,2,0,0,1,1,0,0,0,57,13,1,all,2026-05-22 17:00:00,https://www.vlr.gg/660373/leviat-n-vs-g2-esports-vct-2026-americas-stage-1-ubf,VCT 2026: Americas Stage 1
Sato,LEV,6,3,1,0,0,0,0,0,0,57,3,2,all,2026-05-22 17:00:00,https://www.vlr.gg/660373/leviat-n-vs-g2-esports-vct-2026-americas-stage-1-ubf,VCT 2026: Americas Stage 1
spike,LEV,7,3,1,0,1,0,0,0,0,64,1,0,all,2026-05-22 17:00:00,https://www.vlr.gg/660373/leviat-n-vs-g2-esports-vct-2026-americas-stage-1-ubf,VCT 2026: Americas Stage 1
Neon,LEV,8,2,3,0,1,1,0,0,0,67,2,0,all,2026-05-22 17:00:00,https://www.vlr.gg/660373/leviat-n-vs-g2-esports-vct-2026-americas-stage-1-ubf,VCT 2026: Americas Stage 1
BABYBAY,G2,8,2,1,0,0,0,0,0,0,57,0,0,all,2026-05-22 17:00:00,https://www.vlr.gg/660373/leviat-n-vs-g2-esports-vct-2026-americas-stage-1-ubf,VCT 2026: Americas Stage 1
valyn,G2,9,0,2,0,1,1,0,0,0,45,1,1,all,2026-05-22 17:00:00,https://www.vlr.gg/660373/leviat-n-vs-g2-esports-vct-2026-americas-stage-1-ubf,VCT 2026: Americas Stage 1
jawgemo,G2,5,2,1,0,0,0,0,0,0,42,0,0,all,2026-05-22 17:00:00,https://www.vlr.gg/660373/leviat-n-vs-g2-esports-vct-2026-americas-stage-1-ubf,VCT 2026: Americas Stage 1
leaf,G2,6,2,0,0,0,0,0,0,0,51,3,0,all,2026-05-22 17:00:00,https://www.vlr.gg/660373/leviat-n-vs-g2-esports-vct-2026-americas-stage-1-ubf,VCT 2026: Americas Stage 1
trent,G2,7,1,0,0,0,0,0,0,0,52,12,1,all,2026-05-22 17:00:00,https://www.vlr.gg/660373/leviat-n-vs-g2-esports-vct-2026-americas-stage-1-ubf,VCT 2026: Americas Stage 1
kiNgg,LEV,0,1,0,0,0,0,0,0,0,35,2,0,Ascent,2026-05-22 17:00:00,https://www.vlr.gg/660373/leviat-n-vs-g2-esports-vct-2026-americas-stage-1-ubf,VCT 2026: Americas Stage 1
blowz,LEV,1,0,0,0,0,0,0,0,0,53,4,1,Ascent,2026-05-22 17:00:00,https://www.vlr.gg/660373/leviat-n-vs-g2-esports-vct-2026-americas-stage-1-ubf,VCT 2026: Americas Stage 1
Sato,LEV,1,2,0,0,0,0,0,0,0,52,1,0,Ascent,2026-05-22 17:00:00,https://www.vlr.gg/660373/leviat-n-vs-g2-esports-vct-2026-americas-stage-1-ubf,VCT 2026: Americas Stage 1
spike,LEV,3,2,1,0,0,0,0,0,0,102,0,0,Ascent,2026-05-22 17:00:00,https://www.vlr.gg/660373/leviat-n-vs-g2-esports-vct-2026-americas-stage-1-ubf,VCT 2026: Americas Stage 1
Neon,LEV,5,1,1,0,1,1,0,0,0,102,0,0,Ascent,2026-05-22 17:00:00,https://www.vlr.gg/660373/leviat-n-vs-g2-esports-vct-2026-americas-stage-1-ubf,VCT 2026: Americas Stage 1
BABYBAY,G2,3,0,0,0,0,0,0,0,0,42,0,0,Ascent,2026-05-22 17:00:00,https://www.vlr.gg/660373/leviat-n-vs-g2-esports-vct-2026-americas-stage-1-ubf,VCT 2026: Americas Stage 1
valyn,G2,3,0,1,0,1,0,0,0,0,52,1,0,Ascent,2026-05-22 17:00:00,https://www.vlr.gg/660373/leviat-n-vs-g2-esports-vct-2026-americas-stage-1-ubf,VCT 2026: Americas Stage 1
jawgemo,G2,2,0,0,0,0,0,0,0,0,32,0,0,Ascent,2026-05-22 17:00:00,https://www.vlr.gg/660373/leviat-n-vs-g2-esports-vct-2026-americas-stage-1-ubf,VCT 2026: Americas Stage 1
leaf,G2,3,0,0,0,0,0,0,0,0,42,2,0,Ascent,2026-05-22 17:00:00,https://www.vlr.gg/660373/leviat-n-vs-g2-esports-vct-2026-americas-stage-1-ubf,VCT 2026: Americas Stage 1
trent,G2,3,1,0,0,0,0,0,0,0,46,3,1,Ascent,2026-05-22 17:00:00,https://www.vlr.gg/660373/leviat-n-vs-g2-esports-vct-2026-americas-stage-1-ubf,VCT 2026: Americas Stage 1
kiNgg,LEV,2,0,0,0,0,0,0,0,0,33,1,0,Pearl,2026-05-22 17:00:00,https://www.vlr.gg/660373/leviat-n-vs-g2-esports-vct-2026-americas-stage-1-ubf,VCT 2026: Americas Stage 1
blowz,LEV,6,1,0,0,1,0,0,0,0,62,4,0,Pearl,2026-05-22 17:00:00,https://www.vlr.gg/660373/leviat-n-vs-g2-esports-vct-2026-americas-stage-1-ubf,VCT 2026: Americas Stage 1
Sato,LEV,2,0,0,0,0,0,0,0,0,49,1,1,Pearl,2026-05-22 17:00:00,https://www.vlr.gg/660373/leviat-n-vs-g2-esports-vct-2026-americas-stage-1-ubf,VCT 2026: Americas Stage 1
spike,LEV,2,1,0,0,0,0,0,0,0,42,1,0,Pearl,2026-05-22 17:00:00,https://www.vlr.gg/660373/leviat-n-vs-g2-esports-vct-2026-americas-stage-1-ubf,VCT 2026: Americas Stage 1
Neon,LEV,2,0,1,0,0,0,0,0,0,41,1,0,Pearl,2026-05-22 17:00:00,https://www.vlr.gg/660373/leviat-n-vs-g2-esports-vct-2026-americas-stage-1-ubf,VCT 2026: Americas Stage 1
BABYBAY,G2,3,1,1,0,0,0,0,0,0,83,0,0,Pearl,2026-05-22 17:00:00,https://www.vlr.gg/660373/leviat-n-vs-g2-esports-vct-2026-americas-stage-1-ubf,VCT 2026: Americas Stage 1
valyn,G2,6,0,0,0,0,1,0,0,0,51,0,1,Pearl,2026-05-22 17:00:00,https://www.vlr.gg/660373/leviat-n-vs-g2-esports-vct-2026-americas-stage-1-ubf,VCT 2026: Americas Stage 1
jawgemo,G2,1,2,0,0,0,0,0,0,0,52,0,0,Pearl,2026-05-22 17:00:00,https://www.vlr.gg/660373/leviat-n-vs-g2-esports-vct-2026-americas-stage-1-ubf,VCT 2026: Americas Stage 1
leaf,G2,2,0,0,0,0,0,0,0,0,53,1,0,Pearl,2026-05-22 17:00:00,https://www.vlr.gg/660373/leviat-n-vs-g2-esports-vct-2026-americas-stage-1-ubf,VCT 2026: Americas Stage 1
trent,G2,2,0,0,0,0,0,0,0,0,52,7,0,Pearl,2026-05-22 17:00:00,https://www.vlr.gg/660373/leviat-n-vs-g2-esports-vct-2026-americas-stage-1-ubf,VCT 2026: Americas Stage 1
kiNgg,LEV,4,0,0,0,1,0,0,0,0,60,0,1,Split,2026-05-22 17:00:00,https://www.vlr.gg/660373/leviat-n-vs-g2-esports-vct-2026-americas-stage-1-ubf,VCT 2026: Americas Stage 1
blowz,LEV,0,1,0,0,0,1,0,0,0,55,5,0,Split,2026-05-22 17:00:00,https://www.vlr.gg/660373/leviat-n-vs-g2-esports-vct-2026-americas-stage-1-ubf,VCT 2026: Americas Stage 1
Sato,LEV,3,1,1,0,0,0,0,0,0,70,1,1,Split,2026-05-22 17:00:00,https://www.vlr.gg/660373/leviat-n-vs-g2-esports-vct-2026-americas-stage-1-ubf,VCT 2026: Americas Stage 1
spike,LEV,2,0,0,0,1,0,0,0,0,48,0,0,Split,2026-05-22 17:00:00,https://www.vlr.gg/660373/leviat-n-vs-g2-esports-vct-2026-americas-stage-1-ubf,VCT 2026: Americas Stage 1
Neon,LEV,1,1,1,0,0,0,0,0,0,57,1,0,Split,2026-05-22 17:00:00,https://www.vlr.gg/660373/leviat-n-vs-g2-esports-vct-2026-americas-stage-1-ubf,VCT 2026: Americas Stage 1
BABYBAY,G2,2,1,0,0,0,0,0,0,0,47,0,0,Split,2026-05-22 17:00:00,https://www.vlr.gg/660373/leviat-n-vs-g2-esports-vct-2026-americas-stage-1-ubf,VCT 2026: Americas Stage 1
valyn,G2,0,0,1,0,0,0,0,0,0,31,0,0,Split,2026-05-22 17:00:00,https://www.vlr.gg/660373/leviat-n-vs-g2-esports-vct-2026-americas-stage-1-ubf,VCT 2026: Americas Stage 1
jawgemo,G2,2,0,1,0,0,0,0,0,0,41,0,0,Split,2026-05-22 17:00:00,https://www.vlr.gg/660373/leviat-n-vs-g2-esports-vct-2026-americas-stage-1-ubf,VCT 2026: Americas Stage 1
leaf,G2,1,2,0,0,0,0,0,0,0,58,0,0,Split,2026-05-22 17:00:00,https://www.vlr.gg/660373/leviat-n-vs-g2-esports-vct-2026-americas-stage-1-ubf,VCT 2026: Americas Stage 1
trent,G2,2,0,0,0,0,0,0,0,0,59,2,0,Split,2026-05-22 17:00:00,https://www.vlr.gg/660373/leviat-n-vs-g2-esports-vct-2026-americas-stage-1-ubf,VCT 2026: Americas Stage 1
brawk,NRG,5,2,0,0,0,0,0,0,0,54,6,1,all,2026-05-22 20:05:00,https://www.vlr.gg/660379/nrg-vs-100-thieves-vct-2026-americas-stage-1-lr3,VCT 2026: Americas Stage 1
mada,NRG,6,3,0,0,0,0,0,0,0,57,1,1,all,2026-05-22 20:05:00,https://www.vlr.gg/660379/nrg-vs-100-thieves-vct-2026-americas-stage-1-lr3,VCT 2026: Americas Stage 1
skuba,NRG,5,1,0,0,0,1,0,0,0,38,2,1,all,2026-05-22 20:05:00,https://www.vlr.gg/660379/nrg-vs-100-thieves-vct-2026-americas-stage-1-lr3,VCT 2026: Americas Stage 1
Ethan,NRG,5,2,1,0,0,0,0,0,0,54,5,1,all,2026-05-22 20:05:00,https://www.vlr.gg/660379/nrg-vs-100-thieves-vct-2026-americas-stage-1-lr3,VCT 2026: Americas Stage 1
keiko,NRG,6,6,1,0,1,1,0,0,0,74,1,1,all,2026-05-22 20:05:00,https://www.vlr.gg/660379/nrg-vs-100-thieves-vct-2026-americas-stage-1-lr3,VCT 2026: Americas Stage 1
Asuna,100T,6,1,0,0,0,0,0,0,0,47,2,2,all,2026-05-22 20:05:00,https://www.vlr.gg/660379/nrg-vs-100-thieves-vct-2026-americas-stage-1-lr3,VCT 2026: Americas Stage 1
bang,100T,1,0,0,0,1,0,0,0,0,25,4,0,all,2026-05-22 20:05:00,https://www.vlr.gg/660379/nrg-vs-100-thieves-vct-2026-americas-stage-1-lr3,VCT 2026: Americas Stage 1
Cryocells,100T,3,4,0,1,0,1,0,0,0,51,2,0,all,2026-05-22 20:05:00,https://www.vlr.gg/660379/nrg-vs-100-thieves-vct-2026-americas-stage-1-lr3,VCT 2026: Americas Stage 1
vora,100T,3,2,0,0,1,0,0,1,0,46,6,1,all,2026-05-22 20:05:00,https://www.vlr.gg/660379/nrg-vs-100-thieves-vct-2026-americas-stage-1-lr3,VCT 2026: Americas Stage 1
Timotino,100T,5,2,2,0,0,0,0,0,0,58,0,0,all,2026-05-22 20:05:00,https://www.vlr.gg/660379/nrg-vs-100-thieves-vct-2026-americas-stage-1-lr3,VCT 2026: Americas Stage 1
brawk,NRG,2,1,0,0,0,0,0,0,0,41,3,1,Fracture,2026-05-22 20:05:00,https://www.vlr.gg/660379/nrg-vs-100-thieves-vct-2026-americas-stage-1-lr3,VCT 2026: Americas Stage 1
mada,NRG,3,2,0,0,0,0,0,0,0,68,1,0,Fracture,2026-05-22 20:05:00,https://www.vlr.gg/660379/nrg-vs-100-thieves-vct-2026-americas-stage-1-lr3,VCT 2026: Americas Stage 1
skuba,NRG,3,0,0,0,0,1,0,0,0,38,0,1,Fracture,2026-05-22 20:05:00,https://www.vlr.gg/660379/nrg-vs-100-thieves-vct-2026-americas-stage-1-lr3,VCT 2026: Americas Stage 1
Ethan,NRG,2,2,0,0,0,0,0,0,0,49,3,1,Fracture,2026-05-22 20:05:00,https://www.vlr.gg/660379/nrg-vs-100-thieves-vct-2026-americas-stage-1-lr3,VCT 2026: Americas Stage 1
keiko,NRG,2,4,0,0,1,0,0,0,0,79,1,0,Fracture,2026-05-22 20:05:00,https://www.vlr.gg/660379/nrg-vs-100-thieves-vct-2026-americas-stage-1-lr3,VCT 2026: Americas Stage 1
Asuna,100T,3,1,0,0,0,0,0,0,0,52,0,2,Fracture,2026-05-22 20:05:00,https://www.vlr.gg/660379/nrg-vs-100-thieves-vct-2026-americas-stage-1-lr3,VCT 2026: Americas Stage 1
bang,100T,0,0,0,0,0,0,0,0,0,22,2,0,Fracture,2026-05-22 20:05:00,https://www.vlr.gg/660379/nrg-vs-100-thieves-vct-2026-americas-stage-1-lr3,VCT 2026: Americas Stage 1
Cryocells,100T,1,2,0,0,0,1,0,0,0,48,1,0,Fracture,2026-05-22 20:05:00,https://www.vlr.gg/660379/nrg-vs-100-thieves-vct-2026-americas-stage-1-lr3,VCT 2026: Americas Stage 1
vora,100T,2,1,0,0,0,0,0,0,0,46,4,1,Fracture,2026-05-22 20:05:00,https://www.vlr.gg/660379/nrg-vs-100-thieves-vct-2026-americas-stage-1-lr3,VCT 2026: Americas Stage 1
Timotino,100T,3,1,1,0,0,0,0,0,0,55,0,0,Fracture,2026-05-22 20:05:00,https://www.vlr.gg/660379/nrg-vs-100-thieves-vct-2026-americas-stage-1-lr3,VCT 2026: Americas Stage 1
brawk,NRG,3,1,0,0,0,0,0,0,0,66,3,0,Breeze,2026-05-22 20:05:00,https://www.vlr.gg/660379/nrg-vs-100-thieves-vct-2026-americas-stage-1-lr3,VCT 2026: Americas Stage 1
mada,NRG,3,1,0,0,0,0,0,0,0,45,0,1,Breeze,2026-05-22 20:05:00,https://www.vlr.gg/660379/nrg-vs-100-thieves-vct-2026-americas-stage-1-lr3,VCT 2026: Americas Stage 1
skuba,NRG,2,1,0,0,0,0,0,0,0,37,2,0,Breeze,2026-05-22 20:05:00,https://www.vlr.gg/660379/nrg-vs-100-thieves-vct-2026-americas-stage-1-lr3,VCT 2026: Americas Stage 1
Ethan,NRG,3,0,1,0,0,0,0,0,0,59,2,0,Breeze,2026-05-22 20:05:00,https://www.vlr.gg/660379/nrg-vs-100-thieves-vct-2026-americas-stage-1-lr3,VCT 2026: Americas Stage 1
keiko,NRG,4,2,1,0,0,1,0,0,0,68,0,1,Breeze,2026-05-22 20:05:00,https://www.vlr.gg/660379/nrg-vs-100-thieves-vct-2026-americas-stage-1-lr3,VCT 2026: Americas Stage 1
Asuna,100T,3,0,0,0,0,0,0,0,0,42,2,0,Breeze,2026-05-22 20:05:00,https://www.vlr.gg/660379/nrg-vs-100-thieves-vct-2026-americas-stage-1-lr3,VCT 2026: Americas Stage 1
bang,100T,1,0,0,0,1,0,0,0,0,27,2,0,Breeze,2026-05-22 20:05:00,https://www.vlr.gg/660379/nrg-vs-100-thieves-vct-2026-americas-stage-1-lr3,VCT 2026: Americas Stage 1
Cryocells,100T,2,2,0,1,0,0,0,0,0,54,1,0,Breeze,2026-05-22 20:05:00,https://www.vlr.gg/660379/nrg-vs-100-thieves-vct-2026-americas-stage-1-lr3,VCT 2026: Americas Stage 1
vora,100T,1,1,0,0,1,0,0,1,0,45,2,0,Breeze,2026-05-22 20:05:00,https://www.vlr.gg/660379/nrg-vs-100-thieves-vct-2026-americas-stage-1-lr3,VCT 2026: Americas Stage 1
Timotino,100T,2,1,1,0,0,0,0,0,0,60,0,0,Breeze,2026-05-22 20:05:00,https://www.vlr.gg/660379/nrg-vs-100-thieves-vct-2026-americas-stage-1-lr3,VCT 2026: Americas Stage 1
BABYBAY,G2,15,4,0,0,0,0,0,0,0,51,6,2,all,2026-05-23 17:00:00,https://www.vlr.gg/660380/g2-esports-vs-nrg-vct-2026-americas-stage-1-lbf,VCT 2026: Americas Stage 1
valyn,G2,10,4,3,0,1,0,1,0,0,54,15,1,all,2026-05-23 17:00:00,https://www.vlr.gg/660380/g2-esports-vs-nrg-vct-2026-americas-stage-1-lbf,VCT 2026: Americas Stage 1
jawgemo,G2,15,5,1,0,0,0,0,0,0,52,3,1,all,2026-05-23 17:00:00,https://www.vlr.gg/660380/g2-esports-vs-nrg-vct-2026-americas-stage-1-lbf,VCT 2026: Americas Stage 1
leaf,G2,14,4,0,0,0,1,0,0,0,52,7,2,all,2026-05-23 17:00:00,https://www.vlr.gg/660380/g2-esports-vs-nrg-vct-2026-americas-stage-1-lbf,VCT 2026: Americas Stage 1
trent,G2,19,3,0,0,3,0,2,0,0,60,27,2,all,2026-05-23 17:00:00,https://www.vlr.gg/660380/g2-esports-vs-nrg-vct-2026-americas-stage-1-lbf,VCT 2026: Americas Stage 1
brawk,NRG,14,7,0,0,0,0,0,0,0,69,11,7,all,2026-05-23 17:00:00,https://www.vlr.gg/660380/g2-esports-vs-nrg-vct-2026-americas-stage-1-lbf,VCT 2026: Americas Stage 1
mada,NRG,14,1,1,0,2,1,0,0,0,44,2,5,all,2026-05-23 17:00:00,https://www.vlr.gg/660380/g2-esports-vs-nrg-vct-2026-americas-stage-1-lbf,VCT 2026: Americas Stage 1
skuba,NRG,14,1,1,0,1,0,0,0,0,46,2,6,all,2026-05-23 17:00:00,https://www.vlr.gg/660380/g2-esports-vs-nrg-vct-2026-americas-stage-1-lbf,VCT 2026: Americas Stage 1
Ethan,NRG,11,2,0,0,0,0,0,0,0,48,20,3,all,2026-05-23 17:00:00,https://www.vlr.gg/660380/g2-esports-vs-nrg-vct-2026-americas-stage-1-lbf,VCT 2026: Americas Stage 1
keiko,NRG,18,3,0,0,1,1,1,0,0,50,2,3,all,2026-05-23 17:00:00,https://www.vlr.gg/660380/g2-esports-vs-nrg-vct-2026-americas-stage-1-lbf,VCT 2026: Americas Stage 1
BABYBAY,G2,5,2,0,0,0,0,0,0,0,68,1,1,Lotus,2026-05-23 17:00:00,https://www.vlr.gg/660380/g2-esports-vs-nrg-vct-2026-americas-stage-1-lbf,VCT 2026: Americas Stage 1
valyn,G2,1,0,0,0,0,0,0,0,0,43,3,0,Lotus,2026-05-23 17:00:00,https://www.vlr.gg/660380/g2-esports-vs-nrg-vct-2026-americas-stage-1-lbf,VCT 2026: Americas Stage 1
jawgemo,G2,2,1,0,0,0,0,0,0,0,48,0,1,Lotus,2026-05-23 17:00:00,https://www.vlr.gg/660380/g2-esports-vs-nrg-vct-2026-americas-stage-1-lbf,VCT 2026: Americas Stage 1
leaf,G2,3,0,0,0,0,0,0,0,0,48,1,0,Lotus,2026-05-23 17:00:00,https://www.vlr.gg/660380/g2-esports-vs-nrg-vct-2026-americas-stage-1-lbf,VCT 2026: Americas Stage 1
trent,G2,3,0,0,0,0,0,1,0,0,79,5,0,Lotus,2026-05-23 17:00:00,https://www.vlr.gg/660380/g2-esports-vs-nrg-vct-2026-americas-stage-1-lbf,VCT 2026: Americas Stage 1
brawk,NRG,1,2,0,0,0,0,0,0,0,61,0,1,Lotus,2026-05-23 17:00:00,https://www.vlr.gg/660380/g2-esports-vs-nrg-vct-2026-americas-stage-1-lbf,VCT 2026: Americas Stage 1
mada,NRG,3,0,1,0,0,0,0,0,0,46,1,0,Lotus,2026-05-23 17:00:00,https://www.vlr.gg/660380/g2-esports-vs-nrg-vct-2026-americas-stage-1-lbf,VCT 2026: Americas Stage 1
skuba,NRG,3,1,0,0,0,0,0,0,0,47,0,1,Lotus,2026-05-23 17:00:00,https://www.vlr.gg/660380/g2-esports-vs-nrg-vct-2026-americas-stage-1-lbf,VCT 2026: Americas Stage 1
Ethan,NRG,1,0,0,0,0,0,0,0,0,27,6,0,Lotus,2026-05-23 17:00:00,https://www.vlr.gg/660380/g2-esports-vs-nrg-vct-2026-americas-stage-1-lbf,VCT 2026: Americas Stage 1
keiko,NRG,3,0,0,0,0,0,0,0,0,34,0,0,Lotus,2026-05-23 17:00:00,https://www.vlr.gg/660380/g2-esports-vs-nrg-vct-2026-americas-stage-1-lbf,VCT 2026: Americas Stage 1
BABYBAY,G2,2,1,0,0,0,0,0,0,0,38,2,0,Breeze,2026-05-23 17:00:00,https://www.vlr.gg/660380/g2-esports-vs-nrg-vct-2026-americas-stage-1-lbf,VCT 2026: Americas Stage 1
valyn,G2,2,1,0,0,0,0,0,0,0,38,8,0,Breeze,2026-05-23 17:00:00,https://www.vlr.gg/660380/g2-esports-vs-nrg-vct-2026-americas-stage-1-lbf,VCT 2026: Americas Stage 1
jawgemo,G2,2,0,0,0,0,0,0,0,0,39,2,0,Breeze,2026-05-23 17:00:00,https://www.vlr.gg/660380/g2-esports-vs-nrg-vct-2026-americas-stage-1-lbf,VCT 2026: Americas Stage 1
leaf,G2,0,3,0,0,0,1,0,0,0,55,2,0,Breeze,2026-05-23 17:00:00,https://www.vlr.gg/660380/g2-esports-vs-nrg-vct-2026-americas-stage-1-lbf,VCT 2026: Americas Stage 1
trent,G2,1,1,0,0,1,0,1,0,0,45,8,0,Breeze,2026-05-23 17:00:00,https://www.vlr.gg/660380/g2-esports-vs-nrg-vct-2026-americas-stage-1-lbf,VCT 2026: Americas Stage 1
brawk,NRG,5,1,0,0,0,0,0,0,0,71,6,2,Breeze,2026-05-23 17:00:00,https://www.vlr.gg/660380/g2-esports-vs-nrg-vct-2026-americas-stage-1-lbf,VCT 2026: Americas Stage 1
mada,NRG,4,0,0,0,0,0,0,0,0,54,0,2,Breeze,2026-05-23 17:00:00,https://www.vlr.gg/660380/g2-esports-vs-nrg-vct-2026-americas-stage-1-lbf,VCT 2026: Americas Stage 1
skuba,NRG,4,0,0,0,1,0,0,0,0,41,2,4,Breeze,2026-05-23 17:00:00,https://www.vlr.gg/660380/g2-esports-vs-nrg-vct-2026-americas-stage-1-lbf,VCT 2026: Americas Stage 1
Ethan,NRG,2,2,0,0,0,0,0,0,0,72,6,2,Breeze,2026-05-23 17:00:00,https://www.vlr.gg/660380/g2-esports-vs-nrg-vct-2026-americas-stage-1-lbf,VCT 2026: Americas Stage 1
keiko,NRG,6,0,0,0,0,1,1,0,0,62,0,0,Breeze,2026-05-23 17:00:00,https://www.vlr.gg/660380/g2-esports-vs-nrg-vct-2026-americas-stage-1-lbf,VCT 2026: Americas Stage 1
BABYBAY,G2,4,0,0,0,0,0,0,0,0,56,0,0,Pearl,2026-05-23 17:00:00,https://www.vlr.gg/660380/g2-esports-vs-nrg-vct-2026-americas-stage-1-lbf,VCT 2026: Americas Stage 1
valyn,G2,3,1,1,0,0,0,0,0,0,84,0,0,Pearl,2026-05-23 17:00:00,https://www.vlr.gg/660380/g2-esports-vs-nrg-vct-2026-americas-stage-1-lbf,VCT 2026: Americas Stage 1
jawgemo,G2,2,2,1,0,0,0,0,0,0,66,0,0,Pearl,2026-05-23 17:00:00,https://www.vlr.gg/660380/g2-esports-vs-nrg-vct-2026-americas-stage-1-lbf,VCT 2026: Americas Stage 1
leaf,G2,3,0,0,0,0,0,0,0,0,43,1,1,Pearl,2026-05-23 17:00:00,https://www.vlr.gg/660380/g2-esports-vs-nrg-vct-2026-americas-stage-1-lbf,VCT 2026: Americas Stage 1
trent,G2,1,0,0,0,0,0,0,0,0,53,6,0,Pearl,2026-05-23 17:00:00,https://www.vlr.gg/660380/g2-esports-vs-nrg-vct-2026-americas-stage-1-lbf,VCT 2026: Americas Stage 1
brawk,NRG,2,1,0,0,0,0,0,0,0,73,1,0,Pearl,2026-05-23 17:00:00,https://www.vlr.gg/660380/g2-esports-vs-nrg-vct-2026-americas-stage-1-lbf,VCT 2026: Americas Stage 1
mada,NRG,0,1,0,0,1,0,0,0,0,37,0,1,Pearl,2026-05-23 17:00:00,https://www.vlr.gg/660380/g2-esports-vs-nrg-vct-2026-americas-stage-1-lbf,VCT 2026: Americas Stage 1
skuba,NRG,1,0,0,0,0,0,0,0,0,38,0,0,Pearl,2026-05-23 17:00:00,https://www.vlr.gg/660380/g2-esports-vs-nrg-vct-2026-americas-stage-1-lbf,VCT 2026: Americas Stage 1
Ethan,NRG,2,0,0,0,0,0,0,0,0,51,4,0,Pearl,2026-05-23 17:00:00,https://www.vlr.gg/660380/g2-esports-vs-nrg-vct-2026-americas-stage-1-lbf,VCT 2026: Americas Stage 1
keiko,NRG,1,1,0,0,0,0,0,0,0,43,0,1,Pearl,2026-05-23 17:00:00,https://www.vlr.gg/660380/g2-esports-vs-nrg-vct-2026-americas-stage-1-lbf,VCT 2026: Americas Stage 1
BABYBAY,G2,3,0,0,0,0,0,0,0,0,44,1,0,Haven,2026-05-23 17:00:00,https://www.vlr.gg/660380/g2-esports-vs-nrg-vct-2026-americas-stage-1-lbf,VCT 2026: Americas Stage 1
valyn,G2,2,2,1,0,0,0,1,0,0,61,1,0,Haven,2026-05-23 17:00:00,https://www.vlr.gg/660380/g2-esports-vs-nrg-vct-2026-americas-stage-1-lbf,VCT 2026: Americas Stage 1
jawgemo,G2,4,2,0,0,0,0,0,0,0,67,1,0,Haven,2026-05-23 17:00:00,https://www.vlr.gg/660380/g2-esports-vs-nrg-vct-2026-americas-stage-1-lbf,VCT 2026: Americas Stage 1
leaf,G2,1,0,0,0,0,0,0,0,0,48,1,1,Haven,2026-05-23 17:00:00,https://www.vlr.gg/660380/g2-esports-vs-nrg-vct-2026-americas-stage-1-lbf,VCT 2026: Americas Stage 1
trent,G2,6,1,0,0,2,0,0,0,0,59,4,0,Haven,2026-05-23 17:00:00,https://www.vlr.gg/660380/g2-esports-vs-nrg-vct-2026-americas-stage-1-lbf,VCT 2026: Americas Stage 1
brawk,NRG,2,2,0,0,0,0,0,0,0,60,1,1,Haven,2026-05-23 17:00:00,https://www.vlr.gg/660380/g2-esports-vs-nrg-vct-2026-americas-stage-1-lbf,VCT 2026: Americas Stage 1
mada,NRG,5,0,0,0,1,0,0,0,0,48,0,1,Haven,2026-05-23 17:00:00,https://www.vlr.gg/660380/g2-esports-vs-nrg-vct-2026-americas-stage-1-lbf,VCT 2026: Americas Stage 1
skuba,NRG,3,0,0,0,0,0,0,0,0,53,0,0,Haven,2026-05-23 17:00:00,https://www.vlr.gg/660380/g2-esports-vs-nrg-vct-2026-americas-stage-1-lbf,VCT 2026: Americas Stage 1
Ethan,NRG,4,0,0,0,0,0,0,0,0,45,2,1,Haven,2026-05-23 17:00:00,https://www.vlr.gg/660380/g2-esports-vs-nrg-vct-2026-americas-stage-1-lbf,VCT 2026: Americas Stage 1
keiko,NRG,5,1,0,0,1,0,0,0,0,63,2,1,Haven,2026-05-23 17:00:00,https://www.vlr.gg/660380/g2-esports-vs-nrg-vct-2026-americas-stage-1-lbf,VCT 2026: Americas Stage 1
BABYBAY,G2,1,1,0,0,0,0,0,0,0,49,2,1,Ascent,2026-05-23 17:00:00,https://www.vlr.gg/660380/g2-esports-vs-nrg-vct-2026-americas-stage-1-lbf,VCT 2026: Americas Stage 1
valyn,G2,2,0,1,0,1,0,0,0,0,45,3,1,Ascent,2026-05-23 17:00:00,https://www.vlr.gg/660380/g2-esports-vs-nrg-vct-2026-americas-stage-1-lbf,VCT 2026: Americas Stage 1
jawgemo,G2,5,0,0,0,0,0,0,0,0,38,0,0,Ascent,2026-05-23 17:00:00,https://www.vlr.gg/660380/g2-esports-vs-nrg-vct-2026-americas-stage-1-lbf,VCT 2026: Americas Stage 1
leaf,G2,7,1,0,0,0,0,0,0,0,66,2,0,Ascent,2026-05-23 17:00:00,https://www.vlr.gg/660380/g2-esports-vs-nrg-vct-2026-americas-stage-1-lbf,VCT 2026: Americas Stage 1
trent,G2,8,1,0,0,0,0,0,0,0,66,4,2,Ascent,2026-05-23 17:00:00,https://www.vlr.gg/660380/g2-esports-vs-nrg-vct-2026-americas-stage-1-lbf,VCT 2026: Americas Stage 1
brawk,NRG,4,1,0,0,0,0,0,0,0,82,3,3,Ascent,2026-05-23 17:00:00,https://www.vlr.gg/660380/g2-esports-vs-nrg-vct-2026-americas-stage-1-lbf,VCT 2026: Americas Stage 1
mada,NRG,2,0,0,0,0,1,0,0,0,34,1,1,Ascent,2026-05-23 17:00:00,https://www.vlr.gg/660380/g2-esports-vs-nrg-vct-2026-americas-stage-1-lbf,VCT 2026: Americas Stage 1
skuba,NRG,3,0,1,0,0,0,0,0,0,51,0,1,Ascent,2026-05-23 17:00:00,https://www.vlr.gg/660380/g2-esports-vs-nrg-vct-2026-americas-stage-1-lbf,VCT 2026: Americas Stage 1
Ethan,NRG,2,0,0,0,0,0,0,0,0,44,2,0,Ascent,2026-05-23 17:00:00,https://www.vlr.gg/660380/g2-esports-vs-nrg-vct-2026-americas-stage-1-lbf,VCT 2026: Americas Stage 1
keiko,NRG,3,1,0,0,0,0,0,0,0,49,0,1,Ascent,2026-05-23 17:00:00,https://www.vlr.gg/660380/g2-esports-vs-nrg-vct-2026-americas-stage-1-lbf,VCT 2026: Americas Stage 1
kiNgg,LEV,11,1,2,0,1,0,0,0,0,50,6,3,all,2026-05-24 17:00:00,https://www.vlr.gg/660374/leviat-n-vs-g2-esports-vct-2026-americas-stage-1-gf,VCT 2026: Americas Stage 1
blowz,LEV,12,3,2,0,1,0,1,0,0,61,28,8,all,2026-05-24 17:00:00,https://www.vlr.gg/660374/leviat-n-vs-g2-esports-vct-2026-americas-stage-1-gf,VCT 2026: Americas Stage 1
Sato,LEV,19,6,0,0,1,0,0,0,0,57,3,5,all,2026-05-24 17:00:00,https://www.vlr.gg/660374/leviat-n-vs-g2-esports-vct-2026-americas-stage-1-gf,VCT 2026: Americas Stage 1
spike,LEV,19,4,2,0,0,0,0,0,0,42,3,2,all,2026-05-24 17:00:00,https://www.vlr.gg/660374/leviat-n-vs-g2-esports-vct-2026-americas-stage-1-gf,VCT 2026: Americas Stage 1
Neon,LEV,15,6,2,0,2,1,0,0,0,60,3,2,all,2026-05-24 17:00:00,https://www.vlr.gg/660374/leviat-n-vs-g2-esports-vct-2026-americas-stage-1-gf,VCT 2026: Americas Stage 1
BABYBAY,G2,20,1,0,0,2,0,0,0,0,46,1,2,all,2026-05-24 17:00:00,https://www.vlr.gg/660374/leviat-n-vs-g2-esports-vct-2026-americas-stage-1-gf,VCT 2026: Americas Stage 1
valyn,G2,13,3,0,1,3,1,0,0,0,44,10,4,all,2026-05-24 17:00:00,https://www.vlr.gg/660374/leviat-n-vs-g2-esports-vct-2026-americas-stage-1-gf,VCT 2026: Americas Stage 1
jawgemo,G2,15,4,2,0,0,2,1,0,0,49,3,4,all,2026-05-24 17:00:00,https://www.vlr.gg/660374/leviat-n-vs-g2-esports-vct-2026-americas-stage-1-gf,VCT 2026: Americas Stage 1
leaf,G2,15,7,0,0,4,1,0,0,0,53,8,5,all,2026-05-24 17:00:00,https://www.vlr.gg/660374/leviat-n-vs-g2-esports-vct-2026-americas-stage-1-gf,VCT 2026: Americas Stage 1
trent,G2,17,1,0,0,1,1,0,0,0,53,24,3,all,2026-05-24 17:00:00,https://www.vlr.gg/660374/leviat-n-vs-g2-esports-vct-2026-americas-stage-1-gf,VCT 2026: Americas Stage 1
kiNgg,LEV,2,1,1,0,0,0,0,0,0,77,3,2,Fracture,2026-05-24 17:00:00,https://www.vlr.gg/660374/leviat-n-vs-g2-esports-vct-2026-americas-stage-1-gf,VCT 2026: Americas Stage 1
blowz,LEV,2,0,0,0,0,0,0,0,0,43,4,0,Fracture,2026-05-24 17:00:00,https://www.vlr.gg/660374/leviat-n-vs-g2-esports-vct-2026-americas-stage-1-gf,VCT 2026: Americas Stage 1
Sato,LEV,6,2,0,0,1,0,0,0,0,57,0,0,Fracture,2026-05-24 17:00:00,https://www.vlr.gg/660374/leviat-n-vs-g2-esports-vct-2026-americas-stage-1-gf,VCT 2026: Americas Stage 1
spike,LEV,0,1,1,0,0,0,0,0,0,36,0,1,Fracture,2026-05-24 17:00:00,https://www.vlr.gg/660374/leviat-n-vs-g2-esports-vct-2026-americas-stage-1-gf,VCT 2026: Americas Stage 1
Neon,LEV,2,2,0,0,1,0,0,0,0,53,1,1,Fracture,2026-05-24 17:00:00,https://www.vlr.gg/660374/leviat-n-vs-g2-esports-vct-2026-americas-stage-1-gf,VCT 2026: Americas Stage 1
BABYBAY,G2,4,0,0,0,1,0,0,0,0,33,0,0,Fracture,2026-05-24 17:00:00,https://www.vlr.gg/660374/leviat-n-vs-g2-esports-vct-2026-americas-stage-1-gf,VCT 2026: Americas Stage 1
valyn,G2,4,0,0,0,0,0,0,0,0,37,2,1,Fracture,2026-05-24 17:00:00,https://www.vlr.gg/660374/leviat-n-vs-g2-esports-vct-2026-americas-stage-1-gf,VCT 2026: Americas Stage 1
jawgemo,G2,3,1,0,0,0,0,0,0,0,47,0,1,Fracture,2026-05-24 17:00:00,https://www.vlr.gg/660374/leviat-n-vs-g2-esports-vct-2026-americas-stage-1-gf,VCT 2026: Americas Stage 1
leaf,G2,5,2,0,0,2,1,0,0,0,64,3,1,Fracture,2026-05-24 17:00:00,https://www.vlr.gg/660374/leviat-n-vs-g2-esports-vct-2026-americas-stage-1-gf,VCT 2026: Americas Stage 1
trent,G2,9,0,0,0,0,0,0,0,0,67,6,0,Fracture,2026-05-24 17:00:00,https://www.vlr.gg/660374/leviat-n-vs-g2-esports-vct-2026-americas-stage-1-gf,VCT 2026: Americas Stage 1
kiNgg,LEV,3,0,0,0,0,0,0,0,0,43,0,0,Haven,2026-05-24 17:00:00,https://www.vlr.gg/660374/leviat-n-vs-g2-esports-vct-2026-americas-stage-1-gf,VCT 2026: Americas Stage 1
blowz,LEV,3,1,1,0,0,0,1,0,0,83,8,4,Haven,2026-05-24 17:00:00,https://www.vlr.gg/660374/leviat-n-vs-g2-esports-vct-2026-americas-stage-1-gf,VCT 2026: Americas Stage 1
Sato,LEV,3,1,0,0,0,0,0,0,0,65,0,1,Haven,2026-05-24 17:00:00,https://www.vlr.gg/660374/leviat-n-vs-g2-esports-vct-2026-americas-stage-1-gf,VCT 2026: Americas Stage 1
spike,LEV,5,1,0,0,0,0,0,0,0,41,0,0,Haven,2026-05-24 17:00:00,https://www.vlr.gg/660374/leviat-n-vs-g2-esports-vct-2026-americas-stage-1-gf,VCT 2026: Americas Stage 1
Neon,LEV,4,1,0,0,0,0,0,0,0,56,1,0,Haven,2026-05-24 17:00:00,https://www.vlr.gg/660374/leviat-n-vs-g2-esports-vct-2026-americas-stage-1-gf,VCT 2026: Americas Stage 1
BABYBAY,G2,4,0,0,0,0,0,0,0,0,47,1,0,Haven,2026-05-24 17:00:00,https://www.vlr.gg/660374/leviat-n-vs-g2-esports-vct-2026-americas-stage-1-gf,VCT 2026: Americas Stage 1
valyn,G2,3,1,0,0,1,1,0,0,0,52,2,2,Haven,2026-05-24 17:00:00,https://www.vlr.gg/660374/leviat-n-vs-g2-esports-vct-2026-americas-stage-1-gf,VCT 2026: Americas Stage 1
jawgemo,G2,3,1,0,0,0,1,0,0,0,53,1,0,Haven,2026-05-24 17:00:00,https://www.vlr.gg/660374/leviat-n-vs-g2-esports-vct-2026-americas-stage-1-gf,VCT 2026: Americas Stage 1
leaf,G2,1,0,0,0,0,0,0,0,0,36,2,0,Haven,2026-05-24 17:00:00,https://www.vlr.gg/660374/leviat-n-vs-g2-esports-vct-2026-americas-stage-1-gf,VCT 2026: Americas Stage 1
trent,G2,3,0,0,0,1,0,0,0,0,47,4,1,Haven,2026-05-24 17:00:00,https://www.vlr.gg/660374/leviat-n-vs-g2-esports-vct-2026-americas-stage-1-gf,VCT 2026: Americas Stage 1
kiNgg,LEV,1,0,1,0,0,0,0,0,0,43,1,0,Ascent,2026-05-24 17:00:00,https://www.vlr.gg/660374/leviat-n-vs-g2-esports-vct-2026-americas-stage-1-gf,VCT 2026: Americas Stage 1
blowz,LEV,3,1,0,0,1,0,0,0,0,60,5,2,Ascent,2026-05-24 17:00:00,https://www.vlr.gg/660374/leviat-n-vs-g2-esports-vct-2026-americas-stage-1-gf,VCT 2026: Americas Stage 1
Sato,LEV,6,1,0,0,0,0,0,0,0,64,1,0,Ascent,2026-05-24 17:00:00,https://www.vlr.gg/660374/leviat-n-vs-g2-esports-vct-2026-americas-stage-1-gf,VCT 2026: Americas Stage 1
spike,LEV,4,1,0,0,0,0,0,0,0,42,2,0,Ascent,2026-05-24 17:00:00,https://www.vlr.gg/660374/leviat-n-vs-g2-esports-vct-2026-americas-stage-1-gf,VCT 2026: Americas Stage 1
Neon,LEV,3,2,0,0,0,1,0,0,0,67,0,0,Ascent,2026-05-24 17:00:00,https://www.vlr.gg/660374/leviat-n-vs-g2-esports-vct-2026-americas-stage-1-gf,VCT 2026: Americas Stage 1
BABYBAY,G2,5,0,0,0,1,0,0,0,0,53,0,0,Ascent,2026-05-24 17:00:00,https://www.vlr.gg/660374/leviat-n-vs-g2-esports-vct-2026-americas-stage-1-gf,VCT 2026: Americas Stage 1
valyn,G2,1,0,0,1,0,0,0,0,0,46,0,0,Ascent,2026-05-24 17:00:00,https://www.vlr.gg/660374/leviat-n-vs-g2-esports-vct-2026-americas-stage-1-gf,VCT 2026: Americas Stage 1
jawgemo,G2,1,0,1,0,0,0,1,0,0,33,2,1,Ascent,2026-05-24 17:00:00,https://www.vlr.gg/660374/leviat-n-vs-g2-esports-vct-2026-americas-stage-1-gf,VCT 2026: Americas Stage 1
leaf,G2,4,2,0,0,0,0,0,0,0,60,2,1,Ascent,2026-05-24 17:00:00,https://www.vlr.gg/660374/leviat-n-vs-g2-esports-vct-2026-americas-stage-1-gf,VCT 2026: Americas Stage 1
trent,G2,1,0,0,0,0,0,0,0,0,61,3,1,Ascent,2026-05-24 17:00:00,https://www.vlr.gg/660374/leviat-n-vs-g2-esports-vct-2026-americas-stage-1-gf,VCT 2026: Americas Stage 1
kiNgg,LEV,3,0,0,0,0,0,0,0,0,37,1,1,Pearl,2026-05-24 17:00:00,https://www.vlr.gg/660374/leviat-n-vs-g2-esports-vct-2026-americas-stage-1-gf,VCT 2026: Americas Stage 1
blowz,LEV,1,0,0,0,0,0,0,0,0,45,5,0,Pearl,2026-05-24 17:00:00,https://www.vlr.gg/660374/leviat-n-vs-g2-esports-vct-2026-americas-stage-1-gf,VCT 2026: Americas Stage 1
Sato,LEV,1,2,0,0,0,0,0,0,0,56,2,3,Pearl,2026-05-24 17:00:00,https://www.vlr.gg/660374/leviat-n-vs-g2-esports-vct-2026-americas-stage-1-gf,VCT 2026: Americas Stage 1
spike,LEV,9,0,1,0,0,0,0,0,0,58,1,0,Pearl,2026-05-24 17:00:00,https://www.vlr.gg/660374/leviat-n-vs-g2-esports-vct-2026-americas-stage-1-gf,VCT 2026: Americas Stage 1
Neon,LEV,3,1,0,0,0,0,0,0,0,43,1,0,Pearl,2026-05-24 17:00:00,https://www.vlr.gg/660374/leviat-n-vs-g2-esports-vct-2026-americas-stage-1-gf,VCT 2026: Americas Stage 1
BABYBAY,G2,4,1,0,0,0,0,0,0,0,54,0,2,Pearl,2026-05-24 17:00:00,https://www.vlr.gg/660374/leviat-n-vs-g2-esports-vct-2026-americas-stage-1-gf,VCT 2026: Americas Stage 1
valyn,G2,2,0,0,0,1,0,0,0,0,25,1,0,Pearl,2026-05-24 17:00:00,https://www.vlr.gg/660374/leviat-n-vs-g2-esports-vct-2026-americas-stage-1-gf,VCT 2026: Americas Stage 1
jawgemo,G2,3,2,1,0,0,0,0,0,0,64,0,1,Pearl,2026-05-24 17:00:00,https://www.vlr.gg/660374/leviat-n-vs-g2-esports-vct-2026-americas-stage-1-gf,VCT 2026: Americas Stage 1
leaf,G2,2,2,0,0,2,0,0,0,0,53,1,3,Pearl,2026-05-24 17:00:00,https://www.vlr.gg/660374/leviat-n-vs-g2-esports-vct-2026-americas-stage-1-gf,VCT 2026: Americas Stage 1
trent,G2,2,0,0,0,0,0,0,0,0,41,6,0,Pearl,2026-05-24 17:00:00,https://www.vlr.gg/660374/leviat-n-vs-g2-esports-vct-2026-americas-stage-1-gf,VCT 2026: Americas Stage 1
kiNgg,LEV,2,0,0,0,1,0,0,0,0,50,1,0,Split,2026-05-24 17:00:00,https://www.vlr.gg/660374/leviat-n-vs-g2-esports-vct-2026-americas-stage-1-gf,VCT 2026: Americas Stage 1
blowz,LEV,3,1,1,0,0,0,0,0,0,73,6,2,Split,2026-05-24 17:00:00,https://www.vlr.gg/660374/leviat-n-vs-g2-esports-vct-2026-americas-stage-1-gf,VCT 2026: Americas Stage 1
Sato,LEV,3,0,0,0,0,0,0,0,0,44,0,1,Split,2026-05-24 17:00:00,https://www.vlr.gg/660374/leviat-n-vs-g2-esports-vct-2026-americas-stage-1-gf,VCT 2026: Americas Stage 1
spike,LEV,1,1,0,0,0,0,0,0,0,32,0,1,Split,2026-05-24 17:00:00,https://www.vlr.gg/660374/leviat-n-vs-g2-esports-vct-2026-americas-stage-1-gf,VCT 2026: Americas Stage 1
Neon,LEV,3,0,2,0,1,0,0,0,0,80,0,1,Split,2026-05-24 17:00:00,https://www.vlr.gg/660374/leviat-n-vs-g2-esports-vct-2026-americas-stage-1-gf,VCT 2026: Americas Stage 1
BABYBAY,G2,3,0,0,0,0,0,0,0,0,45,0,0,Split,2026-05-24 17:00:00,https://www.vlr.gg/660374/leviat-n-vs-g2-esports-vct-2026-americas-stage-1-gf,VCT 2026: Americas Stage 1
valyn,G2,3,2,0,0,1,0,0,0,0,61,5,1,Split,2026-05-24 17:00:00,https://www.vlr.gg/660374/leviat-n-vs-g2-esports-vct-2026-americas-stage-1-gf,VCT 2026: Americas Stage 1
jawgemo,G2,5,0,0,0,0,1,0,0,0,50,0,1,Split,2026-05-24 17:00:00,https://www.vlr.gg/660374/leviat-n-vs-g2-esports-vct-2026-americas-stage-1-gf,VCT 2026: Americas Stage 1
leaf,G2,3,1,0,0,0,0,0,0,0,50,0,0,Split,2026-05-24 17:00:00,https://www.vlr.gg/660374/leviat-n-vs-g2-esports-vct-2026-americas-stage-1-gf,VCT 2026: Americas Stage 1
trent,G2,2,1,0,0,0,1,0,0,0,49,5,1,Split,2026-05-24 17:00:00,https://www.vlr.gg/660374/leviat-n-vs-g2-esports-vct-2026-americas-stage-1-gf,VCT 2026: Americas Stage 1
