teamA,map,side,teamB,rndA,rndB,round,winCon,date,map_order,event,source_url
SEN,Lotus,atk,KRÜ,1,0,1,elim,2026-04-10 17:00:00,0,VCT 2026: Americas Stage 1,https://www.vlr.gg/645474/sentinels-vs-kr-esports-vct-2026-americas-stage-1-w1
SEN,Lotus,atk,KRÜ,0,1,2,defus,2026-04-10 17:00:00,0,VCT 2026: Americas Stage 1,https://www.vlr.gg/645474/sentinels-vs-kr-esports-vct-2026-americas-stage-1-w1
SEN,Lotus,atk,KRÜ,0,1,3,elim,2026-04-10 17:00:00,0,VCT 2026: Americas Stage 1,https://www.vlr.gg/645474/sentinels-vs-kr-esports-vct-2026-americas-stage-1-w1
SEN,Lotus,atk,KRÜ,1,0,4,elim,2026-04-10 17:00:00,0,VCT 2026: Americas Stage 1,https://www.vlr.gg/645474/sentinels-vs-kr-esports-vct-2026-americas-stage-1-w1
SEN,Lotus,atk,KRÜ,0,1,5,tim,2026-04-10 17:00:00,0,VCT 2026: Americas Stage 1,https://www.vlr.gg/645474/sentinels-vs-kr-esports-vct-2026-americas-stage-1-w1
SEN,Lotus,atk,KRÜ,0,1,6,elim,2026-04-10 17:00:00,0,VCT 2026: Americas Stage 1,https://www.vlr.gg/645474/sentinels-vs-kr-esports-vct-2026-americas-stage-1-w1
SEN,Lotus,atk,KRÜ,0,1,7,elim,2026-04-10 17:00:00,0,VCT 2026: Americas Stage 1,https://www.vlr.gg/645474/sentinels-vs-kr-esports-vct-2026-americas-stage-1-w1
SEN,Lotus,atk,KRÜ,0,1,8,elim,2026-04-10 17:00:00,0,VCT 2026: Americas Stage 1,https://www.vlr.gg/645474/sentinels-vs-kr-esports-vct-2026-americas-stage-1-w1
SEN,Lotus,atk,KRÜ,1,0,9,elim,2026-04-10 17:00:00,0,VCT 2026: Americas Stage 1,https://www.vlr.gg/645474/sentinels-vs-kr-esports-vct-2026-americas-stage-1-w1
SEN,Lotus,atk,KRÜ,0,1,10,defus,2026-04-10 17:00:00,0,VCT 2026: Americas Stage 1,https://www.vlr.gg/645474/sentinels-vs-kr-esports-vct-2026-americas-stage-1-w1
SEN,Lotus,atk,KRÜ,0,1,11,elim,2026-04-10 17:00:00,0,VCT 2026: Americas Stage 1,https://www.vlr.gg/645474/sentinels-vs-kr-esports-vct-2026-americas-stage-1-w1
SEN,Lotus,atk,KRÜ,1,0,12,elim,2026-04-10 17:00:00,0,VCT 2026: Americas Stage 1,https://www.vlr.gg/645474/sentinels-vs-kr-esports-vct-2026-americas-stage-1-w1
SEN,Lotus,def,KRÜ,0,1,13,elim,2026-04-10 17:00:00,0,VCT 2026: Americas Stage 1,https://www.vlr.gg/645474/sentinels-vs-kr-esports-vct-2026-americas-stage-1-w1
SEN,Lotus,def,KRÜ,0,1,14,elim,2026-04-10 17:00:00,0,VCT 2026: Americas Stage 1,https://www.vlr.gg/645474/sentinels-vs-kr-esports-vct-2026-americas-stage-1-w1
SEN,Lotus,def,KRÜ,1,0,15,elim,2026-04-10 17:00:00,0,VCT 2026: Americas Stage 1,https://www.vlr.gg/645474/sentinels-vs-kr-esports-vct-2026-americas-stage-1-w1
SEN,Lotus,def,KRÜ,0,1,16,elim,2026-04-10 17:00:00,0,VCT 2026: Americas Stage 1,https://www.vlr.gg/645474/sentinels-vs-kr-esports-vct-2026-americas-stage-1-w1
SEN,Lotus,def,KRÜ,0,1,17,elim,2026-04-10 17:00:00,0,VCT 2026: Americas Stage 1,https://www.vlr.gg/645474/sentinels-vs-kr-esports-vct-2026-americas-stage-1-w1
SEN,Lotus,def,KRÜ,1,0,18,elim,2026-04-10 17:00:00,0,VCT 2026: Americas Stage 1,https://www.vlr.gg/645474/sentinels-vs-kr-esports-vct-2026-americas-stage-1-w1
SEN,Lotus,def,KRÜ,1,0,19,tim,2026-04-10 17:00:00,0,VCT 2026: Americas Stage 1,https://www.vlr.gg/645474/sentinels-vs-kr-esports-vct-2026-americas-stage-1-w1
SEN,Lotus,def,KRÜ,1,0,20,defus,2026-04-10 17:00:00,0,VCT 2026: Americas Stage 1,https://www.vlr.gg/645474/sentinels-vs-kr-esports-vct-2026-americas-stage-1-w1
SEN,Lotus,def,KRÜ,0,1,21,elim,2026-04-10 17:00:00,0,VCT 2026: Americas Stage 1,https://www.vlr.gg/645474/sentinels-vs-kr-esports-vct-2026-americas-stage-1-w1
SEN,Breeze,atk,KRÜ,0,1,1,defus,2026-04-10 17:00:00,1,VCT 2026: Americas Stage 1,https://www.vlr.gg/645474/sentinels-vs-kr-esports-vct-2026-americas-stage-1-w1
SEN,Breeze,atk,KRÜ,0,1,2,defus,2026-04-10 17:00:00,1,VCT 2026: Americas Stage 1,https://www.vlr.gg/645474/sentinels-vs-kr-esports-vct-2026-americas-stage-1-w1
SEN,Breeze,atk,KRÜ,0,1,3,defus,2026-04-10 17:00:00,1,VCT 2026: Americas Stage 1,https://www.vlr.gg/645474/sentinels-vs-kr-esports-vct-2026-americas-stage-1-w1
SEN,Breeze,atk,KRÜ,1,0,4,elim,2026-04-10 17:00:00,1,VCT 2026: Americas Stage 1,https://www.vlr.gg/645474/sentinels-vs-kr-esports-vct-2026-americas-stage-1-w1
SEN,Breeze,atk,KRÜ,1,0,5,elim,2026-04-10 17:00:00,1,VCT 2026: Americas Stage 1,https://www.vlr.gg/645474/sentinels-vs-kr-esports-vct-2026-americas-stage-1-w1
SEN,Breeze,atk,KRÜ,1,0,6,boom,2026-04-10 17:00:00,1,VCT 2026: Americas Stage 1,https://www.vlr.gg/645474/sentinels-vs-kr-esports-vct-2026-americas-stage-1-w1
SEN,Breeze,atk,KRÜ,1,0,7,boom,2026-04-10 17:00:00,1,VCT 2026: Americas Stage 1,https://www.vlr.gg/645474/sentinels-vs-kr-esports-vct-2026-americas-stage-1-w1
SEN,Breeze,atk,KRÜ,1,0,8,elim,2026-04-10 17:00:00,1,VCT 2026: Americas Stage 1,https://www.vlr.gg/645474/sentinels-vs-kr-esports-vct-2026-americas-stage-1-w1
SEN,Breeze,atk,KRÜ,0,1,9,defus,2026-04-10 17:00:00,1,VCT 2026: Americas Stage 1,https://www.vlr.gg/645474/sentinels-vs-kr-esports-vct-2026-americas-stage-1-w1
SEN,Breeze,atk,KRÜ,0,1,10,elim,2026-04-10 17:00:00,1,VCT 2026: Americas Stage 1,https://www.vlr.gg/645474/sentinels-vs-kr-esports-vct-2026-americas-stage-1-w1
SEN,Breeze,atk,KRÜ,0,1,11,elim,2026-04-10 17:00:00,1,VCT 2026: Americas Stage 1,https://www.vlr.gg/645474/sentinels-vs-kr-esports-vct-2026-americas-stage-1-w1
SEN,Breeze,atk,KRÜ,0,1,12,elim,2026-04-10 17:00:00,1,VCT 2026: Americas Stage 1,https://www.vlr.gg/645474/sentinels-vs-kr-esports-vct-2026-americas-stage-1-w1
SEN,Breeze,def,KRÜ,0,1,13,elim,2026-04-10 17:00:00,1,VCT 2026: Americas Stage 1,https://www.vlr.gg/645474/sentinels-vs-kr-esports-vct-2026-americas-stage-1-w1
SEN,Breeze,def,KRÜ,0,1,14,elim,2026-04-10 17:00:00,1,VCT 2026: Americas Stage 1,https://www.vlr.gg/645474/sentinels-vs-kr-esports-vct-2026-americas-stage-1-w1
SEN,Breeze,def,KRÜ,1,0,15,elim,2026-04-10 17:00:00,1,VCT 2026: Americas Stage 1,https://www.vlr.gg/645474/sentinels-vs-kr-esports-vct-2026-americas-stage-1-w1
SEN,Breeze,def,KRÜ,0,1,16,elim,2026-04-10 17:00:00,1,VCT 2026: Americas Stage 1,https://www.vlr.gg/645474/sentinels-vs-kr-esports-vct-2026-americas-stage-1-w1
SEN,Breeze,def,KRÜ,1,0,17,defus,2026-04-10 17:00:00,1,VCT 2026: Americas Stage 1,https://www.vlr.gg/645474/sentinels-vs-kr-esports-vct-2026-americas-stage-1-w1
SEN,Breeze,def,KRÜ,1,0,18,tim,2026-04-10 17:00:00,1,VCT 2026: Americas Stage 1,https://www.vlr.gg/645474/sentinels-vs-kr-esports-vct-2026-americas-stage-1-w1
SEN,Breeze,def,KRÜ,0,1,19,elim,2026-04-10 17:00:00,1,VCT 2026: Americas Stage 1,https://www.vlr.gg/645474/sentinels-vs-kr-esports-vct-2026-americas-stage-1-w1
SEN,Breeze,def,KRÜ,1,0,20,elim,2026-04-10 17:00:00,1,VCT 2026: Americas Stage 1,https://www.vlr.gg/645474/sentinels-vs-kr-esports-vct-2026-americas-stage-1-w1
SEN,Breeze,def,KRÜ,0,1,21,boom,2026-04-10 17:00:00,1,VCT 2026: Americas Stage 1,https://www.vlr.gg/645474/sentinels-vs-kr-esports-vct-2026-americas-stage-1-w1
SEN,Breeze,def,KRÜ,0,1,22,elim,2026-04-10 17:00:00,1,VCT 2026: Americas Stage 1,https://www.vlr.gg/645474/sentinels-vs-kr-esports-vct-2026-americas-stage-1-w1
G2,Lotus,atk,MIBR,1,0,1,elim,2026-04-10 19:40:00,0,VCT 2026: Americas Stage 1,https://www.vlr.gg/645475/g2-esports-vs-mibr-vct-2026-americas-stage-1-w1
G2,Lotus,atk,MIBR,1,0,2,elim,2026-04-10 19:40:00,0,VCT 2026: Americas Stage 1,https://www.vlr.gg/645475/g2-esports-vs-mibr-vct-2026-americas-stage-1-w1
G2,Lotus,atk,MIBR,0,1,3,elim,2026-04-10 19:40:00,0,VCT 2026: Americas Stage 1,https://www.vlr.gg/645475/g2-esports-vs-mibr-vct-2026-americas-stage-1-w1
G2,Lotus,atk,MIBR,1,0,4,elim,2026-04-10 19:40:00,0,VCT 2026: Americas Stage 1,https://www.vlr.gg/645475/g2-esports-vs-mibr-vct-2026-americas-stage-1-w1
G2,Lotus,atk,MIBR,1,0,5,elim,2026-04-10 19:40:00,0,VCT 2026: Americas Stage 1,https://www.vlr.gg/645475/g2-esports-vs-mibr-vct-2026-americas-stage-1-w1
G2,Lotus,atk,MIBR,0,1,6,elim,2026-04-10 19:40:00,0,VCT 2026: Americas Stage 1,https://www.vlr.gg/645475/g2-esports-vs-mibr-vct-2026-americas-stage-1-w1
G2,Lotus,atk,MIBR,0,1,7,defus,2026-04-10 19:40:00,0,VCT 2026: Americas Stage 1,https://www.vlr.gg/645475/g2-esports-vs-mibr-vct-2026-americas-stage-1-w1
G2,Lotus,atk,MIBR,0,1,8,elim,2026-04-10 19:40:00,0,VCT 2026: Americas Stage 1,https://www.vlr.gg/645475/g2-esports-vs-mibr-vct-2026-americas-stage-1-w1
G2,Lotus,atk,MIBR,1,0,9,elim,2026-04-10 19:40:00,0,VCT 2026: Americas Stage 1,https://www.vlr.gg/645475/g2-esports-vs-mibr-vct-2026-americas-stage-1-w1
G2,Lotus,atk,MIBR,0,1,10,defus,2026-04-10 19:40:00,0,VCT 2026: Americas Stage 1,https://www.vlr.gg/645475/g2-esports-vs-mibr-vct-2026-americas-stage-1-w1
G2,Lotus,atk,MIBR,0,1,11,elim,2026-04-10 19:40:00,0,VCT 2026: Americas Stage 1,https://www.vlr.gg/645475/g2-esports-vs-mibr-vct-2026-americas-stage-1-w1
G2,Lotus,atk,MIBR,1,0,12,elim,2026-04-10 19:40:00,0,VCT 2026: Americas Stage 1,https://www.vlr.gg/645475/g2-esports-vs-mibr-vct-2026-americas-stage-1-w1
G2,Lotus,def,MIBR,0,1,13,elim,2026-04-10 19:40:00,0,VCT 2026: Americas Stage 1,https://www.vlr.gg/645475/g2-esports-vs-mibr-vct-2026-americas-stage-1-w1
G2,Lotus,def,MIBR,0,1,14,elim,2026-04-10 19:40:00,0,VCT 2026: Americas Stage 1,https://www.vlr.gg/645475/g2-esports-vs-mibr-vct-2026-americas-stage-1-w1
G2,Lotus,def,MIBR,1,0,15,defus,2026-04-10 19:40:00,0,VCT 2026: Americas Stage 1,https://www.vlr.gg/645475/g2-esports-vs-mibr-vct-2026-americas-stage-1-w1
G2,Lotus,def,MIBR,0,1,16,elim,2026-04-10 19:40:00,0,VCT 2026: Americas Stage 1,https://www.vlr.gg/645475/g2-esports-vs-mibr-vct-2026-americas-stage-1-w1
G2,Lotus,def,MIBR,0,1,17,boom,2026-04-10 19:40:00,0,VCT 2026: Americas Stage 1,https://www.vlr.gg/645475/g2-esports-vs-mibr-vct-2026-americas-stage-1-w1
G2,Lotus,def,MIBR,0,1,18,boom,2026-04-10 19:40:00,0,VCT 2026: Americas Stage 1,https://www.vlr.gg/645475/g2-esports-vs-mibr-vct-2026-americas-stage-1-w1
G2,Lotus,def,MIBR,1,0,19,defus,2026-04-10 19:40:00,0,VCT 2026: Americas Stage 1,https://www.vlr.gg/645475/g2-esports-vs-mibr-vct-2026-americas-stage-1-w1
G2,Lotus,def,MIBR,0,1,20,elim,2026-04-10 19:40:00,0,VCT 2026: Americas Stage 1,https://www.vlr.gg/645475/g2-esports-vs-mibr-vct-2026-americas-stage-1-w1
G2,Lotus,def,MIBR,0,1,21,elim,2026-04-10 19:40:00,0,VCT 2026: Americas Stage 1,https://www.vlr.gg/645475/g2-esports-vs-mibr-vct-2026-americas-stage-1-w1
G2,Split,atk,MIBR,0,1,1,defus,2026-04-10 19:40:00,1,VCT 2026: Americas Stage 1,https://www.vlr.gg/645475/g2-esports-vs-mibr-vct-2026-americas-stage-1-w1
G2,Split,atk,MIBR,0,1,2,elim,2026-04-10 19:40:00,1,VCT 2026: Americas Stage 1,https://www.vlr.gg/645475/g2-esports-vs-mibr-vct-2026-americas-stage-1-w1
G2,Split,atk,MIBR,0,1,3,elim,2026-04-10 19:40:00,1,VCT 2026: Americas Stage 1,https://www.vlr.gg/645475/g2-esports-vs-mibr-vct-2026-americas-stage-1-w1
G2,Split,atk,MIBR,1,0,4,elim,2026-04-10 19:40:00,1,VCT 2026: Americas Stage 1,https://www.vlr.gg/645475/g2-esports-vs-mibr-vct-2026-americas-stage-1-w1
G2,Split,atk,MIBR,1,0,5,elim,2026-04-10 19:40:00,1,VCT 2026: Americas Stage 1,https://www.vlr.gg/645475/g2-esports-vs-mibr-vct-2026-americas-stage-1-w1
G2,Split,atk,MIBR,1,0,6,elim,2026-04-10 19:40:00,1,VCT 2026: Americas Stage 1,https://www.vlr.gg/645475/g2-esports-vs-mibr-vct-2026-americas-stage-1-w1
G2,Split,atk,MIBR,1,0,7,boom,2026-04-10 19:40:00,1,VCT 2026: Americas Stage 1,https://www.vlr.gg/645475/g2-esports-vs-mibr-vct-2026-americas-stage-1-w1
G2,Split,atk,MIBR,1,0,8,elim,2026-04-10 19:40:00,1,VCT 2026: Americas Stage 1,https://www.vlr.gg/645475/g2-esports-vs-mibr-vct-2026-americas-stage-1-w1
G2,Split,atk,MIBR,1,0,9,elim,2026-04-10 19:40:00,1,VCT 2026: Americas Stage 1,https://www.vlr.gg/645475/g2-esports-vs-mibr-vct-2026-americas-stage-1-w1
G2,Split,atk,MIBR,0,1,10,elim,2026-04-10 19:40:00,1,VCT 2026: Americas Stage 1,https://www.vlr.gg/645475/g2-esports-vs-mibr-vct-2026-americas-stage-1-w1
G2,Split,atk,MIBR,0,1,11,elim,2026-04-10 19:40:00,1,VCT 2026: Americas Stage 1,https://www.vlr.gg/645475/g2-esports-vs-mibr-vct-2026-americas-stage-1-w1
G2,Split,atk,MIBR,0,1,12,defus,2026-04-10 19:40:00,1,VCT 2026: Americas Stage 1,https://www.vlr.gg/645475/g2-esports-vs-mibr-vct-2026-americas-stage-1-w1
G2,Split,atk,MIBR,0,1,25,defus,2026-04-10 19:40:00,1,VCT 2026: Americas Stage 1,https://www.vlr.gg/645475/g2-esports-vs-mibr-vct-2026-americas-stage-1-w1
G2,Split,atk,MIBR,0,1,27,elim,2026-04-10 19:40:00,1,VCT 2026: Americas Stage 1,https://www.vlr.gg/645475/g2-esports-vs-mibr-vct-2026-americas-stage-1-w1
G2,Split,atk,MIBR,0,1,29,elim,2026-04-10 19:40:00,1,VCT 2026: Americas Stage 1,https://www.vlr.gg/645475/g2-esports-vs-mibr-vct-2026-americas-stage-1-w1
G2,Split,def,MIBR,1,0,13,elim,2026-04-10 19:40:00,1,VCT 2026: Americas Stage 1,https://www.vlr.gg/645475/g2-esports-vs-mibr-vct-2026-americas-stage-1-w1
G2,Split,def,MIBR,1,0,14,elim,2026-04-10 19:40:00,1,VCT 2026: Americas Stage 1,https://www.vlr.gg/645475/g2-esports-vs-mibr-vct-2026-americas-stage-1-w1
G2,Split,def,MIBR,0,1,15,elim,2026-04-10 19:40:00,1,VCT 2026: Americas Stage 1,https://www.vlr.gg/645475/g2-esports-vs-mibr-vct-2026-americas-stage-1-w1
G2,Split,def,MIBR,1,0,16,elim,2026-04-10 19:40:00,1,VCT 2026: Americas Stage 1,https://www.vlr.gg/645475/g2-esports-vs-mibr-vct-2026-americas-stage-1-w1
G2,Split,def,MIBR,1,0,17,elim,2026-04-10 19:40:00,1,VCT 2026: Americas Stage 1,https://www.vlr.gg/645475/g2-esports-vs-mibr-vct-2026-americas-stage-1-w1
G2,Split,def,MIBR,0,1,18,elim,2026-04-10 19:40:00,1,VCT 2026: Americas Stage 1,https://www.vlr.gg/645475/g2-esports-vs-mibr-vct-2026-americas-stage-1-w1
G2,Split,def,MIBR,0,1,19,elim,2026-04-10 19:40:00,1,VCT 2026: Americas Stage 1,https://www.vlr.gg/645475/g2-esports-vs-mibr-vct-2026-americas-stage-1-w1
G2,Split,def,MIBR,1,0,20,defus,2026-04-10 19:40:00,1,VCT 2026: Americas Stage 1,https://www.vlr.gg/645475/g2-esports-vs-mibr-vct-2026-americas-stage-1-w1
G2,Split,def,MIBR,0,1,21,elim,2026-04-10 19:40:00,1,VCT 2026: Americas Stage 1,https://www.vlr.gg/645475/g2-esports-vs-mibr-vct-2026-americas-stage-1-w1
G2,Split,def,MIBR,1,0,22,defus,2026-04-10 19:40:00,1,VCT 2026: Americas Stage 1,https://www.vlr.gg/645475/g2-esports-vs-mibr-vct-2026-americas-stage-1-w1
G2,Split,def,MIBR,0,1,23,elim,2026-04-10 19:40:00,1,VCT 2026: Americas Stage 1,https://www.vlr.gg/645475/g2-esports-vs-mibr-vct-2026-americas-stage-1-w1
G2,Split,def,MIBR,0,1,24,elim,2026-04-10 19:40:00,1,VCT 2026: Americas Stage 1,https://www.vlr.gg/645475/g2-esports-vs-mibr-vct-2026-americas-stage-1-w1
G2,Split,def,MIBR,1,0,26,tim,2026-04-10 19:40:00,1,VCT 2026: Americas Stage 1,https://www.vlr.gg/645475/g2-esports-vs-mibr-vct-2026-americas-stage-1-w1
G2,Split,def,MIBR,1,0,28,elim,2026-04-10 19:40:00,1,VCT 2026: Americas Stage 1,https://www.vlr.gg/645475/g2-esports-vs-mibr-vct-2026-americas-stage-1-w1
G2,Split,def,MIBR,0,1,30,elim,2026-04-10 19:40:00,1,VCT 2026: Americas Stage 1,https://www.vlr.gg/645475/g2-esports-vs-mibr-vct-2026-americas-stage-1-w1
100T,Haven,atk,EG,1,0,1,elim,2026-04-11 17:00:00,0,VCT 2026: Americas Stage 1,https://www.vlr.gg/645476/100-thieves-vs-evil-geniuses-vct-2026-americas-stage-1-w1
100T,Haven,atk,EG,1,0,2,boom,2026-04-11 17:00:00,0,VCT 2026: Americas Stage 1,https://www.vlr.gg/645476/100-thieves-vs-evil-geniuses-vct-2026-americas-stage-1-w1
100T,Haven,atk,EG,1,0,3,boom,2026-04-11 17:00:00,0,VCT 2026: Americas Stage 1,https://www.vlr.gg/645476/100-thieves-vs-evil-geniuses-vct-2026-americas-stage-1-w1
100T,Haven,atk,EG,0,1,4,defus,2026-04-11 17:00:00,0,VCT 2026: Americas Stage 1,https://www.vlr.gg/645476/100-thieves-vs-evil-geniuses-vct-2026-americas-stage-1-w1
100T,Haven,atk,EG,1,0,5,boom,2026-04-11 17:00:00,0,VCT 2026: Americas Stage 1,https://www.vlr.gg/645476/100-thieves-vs-evil-geniuses-vct-2026-americas-stage-1-w1
100T,Haven,atk,EG,1,0,6,boom,2026-04-11 17:00:00,0,VCT 2026: Americas Stage 1,https://www.vlr.gg/645476/100-thieves-vs-evil-geniuses-vct-2026-americas-stage-1-w1
100T,Haven,atk,EG,0,1,7,defus,2026-04-11 17:00:00,0,VCT 2026: Americas Stage 1,https://www.vlr.gg/645476/100-thieves-vs-evil-geniuses-vct-2026-americas-stage-1-w1
100T,Haven,atk,EG,0,1,8,elim,2026-04-11 17:00:00,0,VCT 2026: Americas Stage 1,https://www.vlr.gg/645476/100-thieves-vs-evil-geniuses-vct-2026-americas-stage-1-w1
100T,Haven,atk,EG,0,1,9,elim,2026-04-11 17:00:00,0,VCT 2026: Americas Stage 1,https://www.vlr.gg/645476/100-thieves-vs-evil-geniuses-vct-2026-americas-stage-1-w1
100T,Haven,atk,EG,0,1,10,elim,2026-04-11 17:00:00,0,VCT 2026: Americas Stage 1,https://www.vlr.gg/645476/100-thieves-vs-evil-geniuses-vct-2026-americas-stage-1-w1
100T,Haven,atk,EG,1,0,11,elim,2026-04-11 17:00:00,0,VCT 2026: Americas Stage 1,https://www.vlr.gg/645476/100-thieves-vs-evil-geniuses-vct-2026-americas-stage-1-w1
100T,Haven,atk,EG,0,1,12,defus,2026-04-11 17:00:00,0,VCT 2026: Americas Stage 1,https://www.vlr.gg/645476/100-thieves-vs-evil-geniuses-vct-2026-americas-stage-1-w1
100T,Haven,def,EG,0,1,13,elim,2026-04-11 17:00:00,0,VCT 2026: Americas Stage 1,https://www.vlr.gg/645476/100-thieves-vs-evil-geniuses-vct-2026-americas-stage-1-w1
100T,Haven,def,EG,1,0,14,defus,2026-04-11 17:00:00,0,VCT 2026: Americas Stage 1,https://www.vlr.gg/645476/100-thieves-vs-evil-geniuses-vct-2026-americas-stage-1-w1
100T,Haven,def,EG,1,0,15,elim,2026-04-11 17:00:00,0,VCT 2026: Americas Stage 1,https://www.vlr.gg/645476/100-thieves-vs-evil-geniuses-vct-2026-americas-stage-1-w1
100T,Haven,def,EG,1,0,16,elim,2026-04-11 17:00:00,0,VCT 2026: Americas Stage 1,https://www.vlr.gg/645476/100-thieves-vs-evil-geniuses-vct-2026-americas-stage-1-w1
100T,Haven,def,EG,1,0,17,defus,2026-04-11 17:00:00,0,VCT 2026: Americas Stage 1,https://www.vlr.gg/645476/100-thieves-vs-evil-geniuses-vct-2026-americas-stage-1-w1
100T,Haven,def,EG,1,0,18,elim,2026-04-11 17:00:00,0,VCT 2026: Americas Stage 1,https://www.vlr.gg/645476/100-thieves-vs-evil-geniuses-vct-2026-americas-stage-1-w1
100T,Haven,def,EG,1,0,19,defus,2026-04-11 17:00:00,0,VCT 2026: Americas Stage 1,https://www.vlr.gg/645476/100-thieves-vs-evil-geniuses-vct-2026-americas-stage-1-w1
100T,Haven,def,EG,0,1,20,elim,2026-04-11 17:00:00,0,VCT 2026: Americas Stage 1,https://www.vlr.gg/645476/100-thieves-vs-evil-geniuses-vct-2026-americas-stage-1-w1
100T,Haven,def,EG,1,0,21,defus,2026-04-11 17:00:00,0,VCT 2026: Americas Stage 1,https://www.vlr.gg/645476/100-thieves-vs-evil-geniuses-vct-2026-americas-stage-1-w1
100T,Breeze,atk,EG,1,0,1,elim,2026-04-11 17:00:00,1,VCT 2026: Americas Stage 1,https://www.vlr.gg/645476/100-thieves-vs-evil-geniuses-vct-2026-americas-stage-1-w1
100T,Breeze,atk,EG,1,0,2,elim,2026-04-11 17:00:00,1,VCT 2026: Americas Stage 1,https://www.vlr.gg/645476/100-thieves-vs-evil-geniuses-vct-2026-americas-stage-1-w1
100T,Breeze,atk,EG,1,0,3,elim,2026-04-11 17:00:00,1,VCT 2026: Americas Stage 1,https://www.vlr.gg/645476/100-thieves-vs-evil-geniuses-vct-2026-americas-stage-1-w1
100T,Breeze,atk,EG,1,0,4,elim,2026-04-11 17:00:00,1,VCT 2026: Americas Stage 1,https://www.vlr.gg/645476/100-thieves-vs-evil-geniuses-vct-2026-americas-stage-1-w1
100T,Breeze,atk,EG,0,1,5,defus,2026-04-11 17:00:00,1,VCT 2026: Americas Stage 1,https://www.vlr.gg/645476/100-thieves-vs-evil-geniuses-vct-2026-americas-stage-1-w1
100T,Breeze,atk,EG,1,0,6,elim,2026-04-11 17:00:00,1,VCT 2026: Americas Stage 1,https://www.vlr.gg/645476/100-thieves-vs-evil-geniuses-vct-2026-americas-stage-1-w1
100T,Breeze,atk,EG,1,0,7,elim,2026-04-11 17:00:00,1,VCT 2026: Americas Stage 1,https://www.vlr.gg/645476/100-thieves-vs-evil-geniuses-vct-2026-americas-stage-1-w1
100T,Breeze,atk,EG,1,0,8,elim,2026-04-11 17:00:00,1,VCT 2026: Americas Stage 1,https://www.vlr.gg/645476/100-thieves-vs-evil-geniuses-vct-2026-americas-stage-1-w1
100T,Breeze,atk,EG,0,1,9,defus,2026-04-11 17:00:00,1,VCT 2026: Americas Stage 1,https://www.vlr.gg/645476/100-thieves-vs-evil-geniuses-vct-2026-americas-stage-1-w1
100T,Breeze,atk,EG,0,1,10,elim,2026-04-11 17:00:00,1,VCT 2026: Americas Stage 1,https://www.vlr.gg/645476/100-thieves-vs-evil-geniuses-vct-2026-americas-stage-1-w1
100T,Breeze,atk,EG,1,0,11,elim,2026-04-11 17:00:00,1,VCT 2026: Americas Stage 1,https://www.vlr.gg/645476/100-thieves-vs-evil-geniuses-vct-2026-americas-stage-1-w1
100T,Breeze,atk,EG,1,0,12,elim,2026-04-11 17:00:00,1,VCT 2026: Americas Stage 1,https://www.vlr.gg/645476/100-thieves-vs-evil-geniuses-vct-2026-americas-stage-1-w1
100T,Breeze,def,EG,0,1,13,elim,2026-04-11 17:00:00,1,VCT 2026: Americas Stage 1,https://www.vlr.gg/645476/100-thieves-vs-evil-geniuses-vct-2026-americas-stage-1-w1
100T,Breeze,def,EG,1,0,14,defus,2026-04-11 17:00:00,1,VCT 2026: Americas Stage 1,https://www.vlr.gg/645476/100-thieves-vs-evil-geniuses-vct-2026-americas-stage-1-w1
100T,Breeze,def,EG,1,0,15,elim,2026-04-11 17:00:00,1,VCT 2026: Americas Stage 1,https://www.vlr.gg/645476/100-thieves-vs-evil-geniuses-vct-2026-americas-stage-1-w1
100T,Breeze,def,EG,1,0,16,elim,2026-04-11 17:00:00,1,VCT 2026: Americas Stage 1,https://www.vlr.gg/645476/100-thieves-vs-evil-geniuses-vct-2026-americas-stage-1-w1
100T,Breeze,def,EG,1,0,17,defus,2026-04-11 17:00:00,1,VCT 2026: Americas Stage 1,https://www.vlr.gg/645476/100-thieves-vs-evil-geniuses-vct-2026-americas-stage-1-w1
ENVY,Lotus,atk,LOUD,1,0,13,elim,2026-04-11 20:35:00,0,VCT 2026: Americas Stage 1,https://www.vlr.gg/645477/envy-vs-loud-vct-2026-americas-stage-1-w1
ENVY,Lotus,atk,LOUD,1,0,14,elim,2026-04-11 20:35:00,0,VCT 2026: Americas Stage 1,https://www.vlr.gg/645477/envy-vs-loud-vct-2026-americas-stage-1-w1
ENVY,Lotus,atk,LOUD,0,1,15,elim,2026-04-11 20:35:00,0,VCT 2026: Americas Stage 1,https://www.vlr.gg/645477/envy-vs-loud-vct-2026-americas-stage-1-w1
ENVY,Lotus,atk,LOUD,0,1,16,defus,2026-04-11 20:35:00,0,VCT 2026: Americas Stage 1,https://www.vlr.gg/645477/envy-vs-loud-vct-2026-americas-stage-1-w1
ENVY,Lotus,atk,LOUD,0,1,17,defus,2026-04-11 20:35:00,0,VCT 2026: Americas Stage 1,https://www.vlr.gg/645477/envy-vs-loud-vct-2026-americas-stage-1-w1
ENVY,Lotus,atk,LOUD,0,1,18,defus,2026-04-11 20:35:00,0,VCT 2026: Americas Stage 1,https://www.vlr.gg/645477/envy-vs-loud-vct-2026-americas-stage-1-w1
ENVY,Lotus,atk,LOUD,1,0,19,elim,2026-04-11 20:35:00,0,VCT 2026: Americas Stage 1,https://www.vlr.gg/645477/envy-vs-loud-vct-2026-americas-stage-1-w1
ENVY,Lotus,atk,LOUD,0,1,20,elim,2026-04-11 20:35:00,0,VCT 2026: Americas Stage 1,https://www.vlr.gg/645477/envy-vs-loud-vct-2026-americas-stage-1-w1
ENVY,Lotus,atk,LOUD,0,1,21,defus,2026-04-11 20:35:00,0,VCT 2026: Americas Stage 1,https://www.vlr.gg/645477/envy-vs-loud-vct-2026-americas-stage-1-w1
ENVY,Lotus,atk,LOUD,1,0,22,elim,2026-04-11 20:35:00,0,VCT 2026: Americas Stage 1,https://www.vlr.gg/645477/envy-vs-loud-vct-2026-americas-stage-1-w1
ENVY,Lotus,def,LOUD,1,0,1,defus,2026-04-11 20:35:00,0,VCT 2026: Americas Stage 1,https://www.vlr.gg/645477/envy-vs-loud-vct-2026-americas-stage-1-w1
ENVY,Lotus,def,LOUD,1,0,2,elim,2026-04-11 20:35:00,0,VCT 2026: Americas Stage 1,https://www.vlr.gg/645477/envy-vs-loud-vct-2026-americas-stage-1-w1
ENVY,Lotus,def,LOUD,0,1,3,elim,2026-04-11 20:35:00,0,VCT 2026: Americas Stage 1,https://www.vlr.gg/645477/envy-vs-loud-vct-2026-americas-stage-1-w1
ENVY,Lotus,def,LOUD,1,0,4,defus,2026-04-11 20:35:00,0,VCT 2026: Americas Stage 1,https://www.vlr.gg/645477/envy-vs-loud-vct-2026-americas-stage-1-w1
ENVY,Lotus,def,LOUD,1,0,5,elim,2026-04-11 20:35:00,0,VCT 2026: Americas Stage 1,https://www.vlr.gg/645477/envy-vs-loud-vct-2026-americas-stage-1-w1
ENVY,Lotus,def,LOUD,1,0,6,elim,2026-04-11 20:35:00,0,VCT 2026: Americas Stage 1,https://www.vlr.gg/645477/envy-vs-loud-vct-2026-americas-stage-1-w1
ENVY,Lotus,def,LOUD,0,1,7,elim,2026-04-11 20:35:00,0,VCT 2026: Americas Stage 1,https://www.vlr.gg/645477/envy-vs-loud-vct-2026-americas-stage-1-w1
ENVY,Lotus,def,LOUD,1,0,8,elim,2026-04-11 20:35:00,0,VCT 2026: Americas Stage 1,https://www.vlr.gg/645477/envy-vs-loud-vct-2026-americas-stage-1-w1
ENVY,Lotus,def,LOUD,1,0,9,elim,2026-04-11 20:35:00,0,VCT 2026: Americas Stage 1,https://www.vlr.gg/645477/envy-vs-loud-vct-2026-americas-stage-1-w1
ENVY,Lotus,def,LOUD,0,1,10,elim,2026-04-11 20:35:00,0,VCT 2026: Americas Stage 1,https://www.vlr.gg/645477/envy-vs-loud-vct-2026-americas-stage-1-w1
ENVY,Lotus,def,LOUD,1,0,11,defus,2026-04-11 20:35:00,0,VCT 2026: Americas Stage 1,https://www.vlr.gg/645477/envy-vs-loud-vct-2026-americas-stage-1-w1
ENVY,Lotus,def,LOUD,1,0,12,elim,2026-04-11 20:35:00,0,VCT 2026: Americas Stage 1,https://www.vlr.gg/645477/envy-vs-loud-vct-2026-americas-stage-1-w1
ENVY,Pearl,atk,LOUD,0,1,13,defus,2026-04-11 20:35:00,1,VCT 2026: Americas Stage 1,https://www.vlr.gg/645477/envy-vs-loud-vct-2026-americas-stage-1-w1
ENVY,Pearl,atk,LOUD,0,1,14,elim,2026-04-11 20:35:00,1,VCT 2026: Americas Stage 1,https://www.vlr.gg/645477/envy-vs-loud-vct-2026-americas-stage-1-w1
ENVY,Pearl,atk,LOUD,1,0,15,elim,2026-04-11 20:35:00,1,VCT 2026: Americas Stage 1,https://www.vlr.gg/645477/envy-vs-loud-vct-2026-americas-stage-1-w1
ENVY,Pearl,atk,LOUD,1,0,16,boom,2026-04-11 20:35:00,1,VCT 2026: Americas Stage 1,https://www.vlr.gg/645477/envy-vs-loud-vct-2026-americas-stage-1-w1
ENVY,Pearl,atk,LOUD,1,0,17,elim,2026-04-11 20:35:00,1,VCT 2026: Americas Stage 1,https://www.vlr.gg/645477/envy-vs-loud-vct-2026-americas-stage-1-w1
ENVY,Pearl,atk,LOUD,0,1,18,defus,2026-04-11 20:35:00,1,VCT 2026: Americas Stage 1,https://www.vlr.gg/645477/envy-vs-loud-vct-2026-americas-stage-1-w1
ENVY,Pearl,atk,LOUD,0,1,19,elim,2026-04-11 20:35:00,1,VCT 2026: Americas Stage 1,https://www.vlr.gg/645477/envy-vs-loud-vct-2026-americas-stage-1-w1
ENVY,Pearl,atk,LOUD,1,0,20,elim,2026-04-11 20:35:00,1,VCT 2026: Americas Stage 1,https://www.vlr.gg/645477/envy-vs-loud-vct-2026-americas-stage-1-w1
ENVY,Pearl,atk,LOUD,1,0,21,elim,2026-04-11 20:35:00,1,VCT 2026: Americas Stage 1,https://www.vlr.gg/645477/envy-vs-loud-vct-2026-americas-stage-1-w1
ENVY,Pearl,atk,LOUD,0,1,22,elim,2026-04-11 20:35:00,1,VCT 2026: Americas Stage 1,https://www.vlr.gg/645477/envy-vs-loud-vct-2026-americas-stage-1-w1
ENVY,Pearl,atk,LOUD,1,0,23,elim,2026-04-11 20:35:00,1,VCT 2026: Americas Stage 1,https://www.vlr.gg/645477/envy-vs-loud-vct-2026-americas-stage-1-w1
ENVY,Pearl,atk,LOUD,0,1,24,elim,2026-04-11 20:35:00,1,VCT 2026: Americas Stage 1,https://www.vlr.gg/645477/envy-vs-loud-vct-2026-americas-stage-1-w1
ENVY,Pearl,def,LOUD,1,0,1,elim,2026-04-11 20:35:00,1,VCT 2026: Americas Stage 1,https://www.vlr.gg/645477/envy-vs-loud-vct-2026-americas-stage-1-w1
ENVY,Pearl,def,LOUD,0,1,2,elim,2026-04-11 20:35:00,1,VCT 2026: Americas Stage 1,https://www.vlr.gg/645477/envy-vs-loud-vct-2026-americas-stage-1-w1
ENVY,Pearl,def,LOUD,0,1,3,elim,2026-04-11 20:35:00,1,VCT 2026: Americas Stage 1,https://www.vlr.gg/645477/envy-vs-loud-vct-2026-americas-stage-1-w1
ENVY,Pearl,def,LOUD,0,1,4,elim,2026-04-11 20:35:00,1,VCT 2026: Americas Stage 1,https://www.vlr.gg/645477/envy-vs-loud-vct-2026-americas-stage-1-w1
ENVY,Pearl,def,LOUD,1,0,5,elim,2026-04-11 20:35:00,1,VCT 2026: Americas Stage 1,https://www.vlr.gg/645477/envy-vs-loud-vct-2026-americas-stage-1-w1
ENVY,Pearl,def,LOUD,1,0,6,defus,2026-04-11 20:35:00,1,VCT 2026: Americas Stage 1,https://www.vlr.gg/645477/envy-vs-loud-vct-2026-americas-stage-1-w1
ENVY,Pearl,def,LOUD,1,0,7,elim,2026-04-11 20:35:00,1,VCT 2026: Americas Stage 1,https://www.vlr.gg/645477/envy-vs-loud-vct-2026-americas-stage-1-w1
ENVY,Pearl,def,LOUD,0,1,8,elim,2026-04-11 20:35:00,1,VCT 2026: Americas Stage 1,https://www.vlr.gg/645477/envy-vs-loud-vct-2026-americas-stage-1-w1
ENVY,Pearl,def,LOUD,1,0,9,defus,2026-04-11 20:35:00,1,VCT 2026: Americas Stage 1,https://www.vlr.gg/645477/envy-vs-loud-vct-2026-americas-stage-1-w1
ENVY,Pearl,def,LOUD,0,1,10,elim,2026-04-11 20:35:00,1,VCT 2026: Americas Stage 1,https://www.vlr.gg/645477/envy-vs-loud-vct-2026-americas-stage-1-w1
ENVY,Pearl,def,LOUD,0,1,11,boom,2026-04-11 20:35:00,1,VCT 2026: Americas Stage 1,https://www.vlr.gg/645477/envy-vs-loud-vct-2026-americas-stage-1-w1
ENVY,Pearl,def,LOUD,0,1,12,elim,2026-04-11 20:35:00,1,VCT 2026: Americas Stage 1,https://www.vlr.gg/645477/envy-vs-loud-vct-2026-americas-stage-1-w1
ENVY,Breeze,atk,LOUD,0,1,13,elim,2026-04-11 20:35:00,2,VCT 2026: Americas Stage 1,https://www.vlr.gg/645477/envy-vs-loud-vct-2026-americas-stage-1-w1
ENVY,Breeze,atk,LOUD,0,1,14,elim,2026-04-11 20:35:00,2,VCT 2026: Americas Stage 1,https://www.vlr.gg/645477/envy-vs-loud-vct-2026-americas-stage-1-w1
ENVY,Breeze,atk,LOUD,0,1,15,elim,2026-04-11 20:35:00,2,VCT 2026: Americas Stage 1,https://www.vlr.gg/645477/envy-vs-loud-vct-2026-americas-stage-1-w1
ENVY,Breeze,atk,LOUD,1,0,16,elim,2026-04-11 20:35:00,2,VCT 2026: Americas Stage 1,https://www.vlr.gg/645477/envy-vs-loud-vct-2026-americas-stage-1-w1
ENVY,Breeze,atk,LOUD,0,1,17,elim,2026-04-11 20:35:00,2,VCT 2026: Americas Stage 1,https://www.vlr.gg/645477/envy-vs-loud-vct-2026-americas-stage-1-w1
ENVY,Breeze,atk,LOUD,1,0,18,elim,2026-04-11 20:35:00,2,VCT 2026: Americas Stage 1,https://www.vlr.gg/645477/envy-vs-loud-vct-2026-americas-stage-1-w1
ENVY,Breeze,atk,LOUD,1,0,19,elim,2026-04-11 20:35:00,2,VCT 2026: Americas Stage 1,https://www.vlr.gg/645477/envy-vs-loud-vct-2026-americas-stage-1-w1
ENVY,Breeze,atk,LOUD,1,0,20,elim,2026-04-11 20:35:00,2,VCT 2026: Americas Stage 1,https://www.vlr.gg/645477/envy-vs-loud-vct-2026-americas-stage-1-w1
ENVY,Breeze,atk,LOUD,0,1,21,elim,2026-04-11 20:35:00,2,VCT 2026: Americas Stage 1,https://www.vlr.gg/645477/envy-vs-loud-vct-2026-americas-stage-1-w1
ENVY,Breeze,def,LOUD,1,0,1,defus,2026-04-11 20:35:00,2,VCT 2026: Americas Stage 1,https://www.vlr.gg/645477/envy-vs-loud-vct-2026-americas-stage-1-w1
ENVY,Breeze,def,LOUD,0,1,2,elim,2026-04-11 20:35:00,2,VCT 2026: Americas Stage 1,https://www.vlr.gg/645477/envy-vs-loud-vct-2026-americas-stage-1-w1
ENVY,Breeze,def,LOUD,0,1,3,elim,2026-04-11 20:35:00,2,VCT 2026: Americas Stage 1,https://www.vlr.gg/645477/envy-vs-loud-vct-2026-americas-stage-1-w1
ENVY,Breeze,def,LOUD,1,0,4,defus,2026-04-11 20:35:00,2,VCT 2026: Americas Stage 1,https://www.vlr.gg/645477/envy-vs-loud-vct-2026-americas-stage-1-w1
ENVY,Breeze,def,LOUD,0,1,5,elim,2026-04-11 20:35:00,2,VCT 2026: Americas Stage 1,https://www.vlr.gg/645477/envy-vs-loud-vct-2026-americas-stage-1-w1
ENVY,Breeze,def,LOUD,1,0,6,elim,2026-04-11 20:35:00,2,VCT 2026: Americas Stage 1,https://www.vlr.gg/645477/envy-vs-loud-vct-2026-americas-stage-1-w1
ENVY,Breeze,def,LOUD,0,1,7,boom,2026-04-11 20:35:00,2,VCT 2026: Americas Stage 1,https://www.vlr.gg/645477/envy-vs-loud-vct-2026-americas-stage-1-w1
ENVY,Breeze,def,LOUD,0,1,8,elim,2026-04-11 20:35:00,2,VCT 2026: Americas Stage 1,https://www.vlr.gg/645477/envy-vs-loud-vct-2026-americas-stage-1-w1
ENVY,Breeze,def,LOUD,0,1,9,elim,2026-04-11 20:35:00,2,VCT 2026: Americas Stage 1,https://www.vlr.gg/645477/envy-vs-loud-vct-2026-americas-stage-1-w1
ENVY,Breeze,def,LOUD,0,1,10,elim,2026-04-11 20:35:00,2,VCT 2026: Americas Stage 1,https://www.vlr.gg/645477/envy-vs-loud-vct-2026-americas-stage-1-w1
ENVY,Breeze,def,LOUD,0,1,11,elim,2026-04-11 20:35:00,2,VCT 2026: Americas Stage 1,https://www.vlr.gg/645477/envy-vs-loud-vct-2026-americas-stage-1-w1
ENVY,Breeze,def,LOUD,1,0,12,elim,2026-04-11 20:35:00,2,VCT 2026: Americas Stage 1,https://www.vlr.gg/645477/envy-vs-loud-vct-2026-americas-stage-1-w1
C9,Pearl,atk,LEV,0,1,13,elim,2026-04-12 17:00:00,0,VCT 2026: Americas Stage 1,https://www.vlr.gg/645478/cloud9-vs-leviat-n-vct-2026-americas-stage-1-w1
C9,Pearl,atk,LEV,0,1,14,defus,2026-04-12 17:00:00,0,VCT 2026: Americas Stage 1,https://www.vlr.gg/645478/cloud9-vs-leviat-n-vct-2026-americas-stage-1-w1
C9,Pearl,atk,LEV,1,0,15,elim,2026-04-12 17:00:00,0,VCT 2026: Americas Stage 1,https://www.vlr.gg/645478/cloud9-vs-leviat-n-vct-2026-americas-stage-1-w1
C9,Pearl,atk,LEV,0,1,16,elim,2026-04-12 17:00:00,0,VCT 2026: Americas Stage 1,https://www.vlr.gg/645478/cloud9-vs-leviat-n-vct-2026-americas-stage-1-w1
C9,Pearl,atk,LEV,1,0,17,elim,2026-04-12 17:00:00,0,VCT 2026: Americas Stage 1,https://www.vlr.gg/645478/cloud9-vs-leviat-n-vct-2026-americas-stage-1-w1
C9,Pearl,atk,LEV,0,1,18,elim,2026-04-12 17:00:00,0,VCT 2026: Americas Stage 1,https://www.vlr.gg/645478/cloud9-vs-leviat-n-vct-2026-americas-stage-1-w1
C9,Pearl,atk,LEV,0,1,19,defus,2026-04-12 17:00:00,0,VCT 2026: Americas Stage 1,https://www.vlr.gg/645478/cloud9-vs-leviat-n-vct-2026-americas-stage-1-w1
C9,Pearl,def,LEV,0,1,1,elim,2026-04-12 17:00:00,0,VCT 2026: Americas Stage 1,https://www.vlr.gg/645478/cloud9-vs-leviat-n-vct-2026-americas-stage-1-w1
C9,Pearl,def,LEV,0,1,2,elim,2026-04-12 17:00:00,0,VCT 2026: Americas Stage 1,https://www.vlr.gg/645478/cloud9-vs-leviat-n-vct-2026-americas-stage-1-w1
C9,Pearl,def,LEV,0,1,3,elim,2026-04-12 17:00:00,0,VCT 2026: Americas Stage 1,https://www.vlr.gg/645478/cloud9-vs-leviat-n-vct-2026-americas-stage-1-w1
C9,Pearl,def,LEV,0,1,4,elim,2026-04-12 17:00:00,0,VCT 2026: Americas Stage 1,https://www.vlr.gg/645478/cloud9-vs-leviat-n-vct-2026-americas-stage-1-w1
C9,Pearl,def,LEV,1,0,5,defus,2026-04-12 17:00:00,0,VCT 2026: Americas Stage 1,https://www.vlr.gg/645478/cloud9-vs-leviat-n-vct-2026-americas-stage-1-w1
C9,Pearl,def,LEV,1,0,6,elim,2026-04-12 17:00:00,0,VCT 2026: Americas Stage 1,https://www.vlr.gg/645478/cloud9-vs-leviat-n-vct-2026-americas-stage-1-w1
C9,Pearl,def,LEV,0,1,7,boom,2026-04-12 17:00:00,0,VCT 2026: Americas Stage 1,https://www.vlr.gg/645478/cloud9-vs-leviat-n-vct-2026-americas-stage-1-w1
C9,Pearl,def,LEV,0,1,8,elim,2026-04-12 17:00:00,0,VCT 2026: Americas Stage 1,https://www.vlr.gg/645478/cloud9-vs-leviat-n-vct-2026-americas-stage-1-w1
C9,Pearl,def,LEV,1,0,9,defus,2026-04-12 17:00:00,0,VCT 2026: Americas Stage 1,https://www.vlr.gg/645478/cloud9-vs-leviat-n-vct-2026-americas-stage-1-w1
C9,Pearl,def,LEV,1,0,10,elim,2026-04-12 17:00:00,0,VCT 2026: Americas Stage 1,https://www.vlr.gg/645478/cloud9-vs-leviat-n-vct-2026-americas-stage-1-w1
C9,Pearl,def,LEV,0,1,11,elim,2026-04-12 17:00:00,0,VCT 2026: Americas Stage 1,https://www.vlr.gg/645478/cloud9-vs-leviat-n-vct-2026-americas-stage-1-w1
C9,Pearl,def,LEV,0,1,12,elim,2026-04-12 17:00:00,0,VCT 2026: Americas Stage 1,https://www.vlr.gg/645478/cloud9-vs-leviat-n-vct-2026-americas-stage-1-w1
C9,Haven,atk,LEV,0,1,1,defus,2026-04-12 17:00:00,1,VCT 2026: Americas Stage 1,https://www.vlr.gg/645478/cloud9-vs-leviat-n-vct-2026-americas-stage-1-w1
C9,Haven,atk,LEV,0,1,2,elim,2026-04-12 17:00:00,1,VCT 2026: Americas Stage 1,https://www.vlr.gg/645478/cloud9-vs-leviat-n-vct-2026-americas-stage-1-w1
C9,Haven,atk,LEV,0,1,3,defus,2026-04-12 17:00:00,1,VCT 2026: Americas Stage 1,https://www.vlr.gg/645478/cloud9-vs-leviat-n-vct-2026-americas-stage-1-w1
C9,Haven,atk,LEV,0,1,4,defus,2026-04-12 17:00:00,1,VCT 2026: Americas Stage 1,https://www.vlr.gg/645478/cloud9-vs-leviat-n-vct-2026-americas-stage-1-w1
C9,Haven,atk,LEV,0,1,5,tim,2026-04-12 17:00:00,1,VCT 2026: Americas Stage 1,https://www.vlr.gg/645478/cloud9-vs-leviat-n-vct-2026-americas-stage-1-w1
C9,Haven,atk,LEV,0,1,6,defus,2026-04-12 17:00:00,1,VCT 2026: Americas Stage 1,https://www.vlr.gg/645478/cloud9-vs-leviat-n-vct-2026-americas-stage-1-w1
C9,Haven,atk,LEV,1,0,7,boom,2026-04-12 17:00:00,1,VCT 2026: Americas Stage 1,https://www.vlr.gg/645478/cloud9-vs-leviat-n-vct-2026-americas-stage-1-w1
C9,Haven,atk,LEV,1,0,8,elim,2026-04-12 17:00:00,1,VCT 2026: Americas Stage 1,https://www.vlr.gg/645478/cloud9-vs-leviat-n-vct-2026-americas-stage-1-w1
C9,Haven,atk,LEV,0,1,9,elim,2026-04-12 17:00:00,1,VCT 2026: Americas Stage 1,https://www.vlr.gg/645478/cloud9-vs-leviat-n-vct-2026-americas-stage-1-w1
C9,Haven,atk,LEV,0,1,10,elim,2026-04-12 17:00:00,1,VCT 2026: Americas Stage 1,https://www.vlr.gg/645478/cloud9-vs-leviat-n-vct-2026-americas-stage-1-w1
C9,Haven,atk,LEV,1,0,11,elim,2026-04-12 17:00:00,1,VCT 2026: Americas Stage 1,https://www.vlr.gg/645478/cloud9-vs-leviat-n-vct-2026-americas-stage-1-w1
C9,Haven,atk,LEV,1,0,12,elim,2026-04-12 17:00:00,1,VCT 2026: Americas Stage 1,https://www.vlr.gg/645478/cloud9-vs-leviat-n-vct-2026-americas-stage-1-w1
C9,Haven,def,LEV,0,1,13,elim,2026-04-12 17:00:00,1,VCT 2026: Americas Stage 1,https://www.vlr.gg/645478/cloud9-vs-leviat-n-vct-2026-americas-stage-1-w1
C9,Haven,def,LEV,0,1,14,boom,2026-04-12 17:00:00,1,VCT 2026: Americas Stage 1,https://www.vlr.gg/645478/cloud9-vs-leviat-n-vct-2026-americas-stage-1-w1
C9,Haven,def,LEV,0,1,15,boom,2026-04-12 17:00:00,1,VCT 2026: Americas Stage 1,https://www.vlr.gg/645478/cloud9-vs-leviat-n-vct-2026-americas-stage-1-w1
C9,Haven,def,LEV,0,1,16,elim,2026-04-12 17:00:00,1,VCT 2026: Americas Stage 1,https://www.vlr.gg/645478/cloud9-vs-leviat-n-vct-2026-americas-stage-1-w1
C9,Haven,def,LEV,1,0,17,defus,2026-04-12 17:00:00,1,VCT 2026: Americas Stage 1,https://www.vlr.gg/645478/cloud9-vs-leviat-n-vct-2026-americas-stage-1-w1
C9,Haven,def,LEV,0,1,18,elim,2026-04-12 17:00:00,1,VCT 2026: Americas Stage 1,https://www.vlr.gg/645478/cloud9-vs-leviat-n-vct-2026-americas-stage-1-w1
FUR,Pearl,atk,NRG,0,1,1,defus,2026-04-12 19:05:00,0,VCT 2026: Americas Stage 1,https://www.vlr.gg/645479/furia-vs-nrg-vct-2026-americas-stage-1-w1
FUR,Pearl,atk,NRG,0,1,2,elim,2026-04-12 19:05:00,0,VCT 2026: Americas Stage 1,https://www.vlr.gg/645479/furia-vs-nrg-vct-2026-americas-stage-1-w1
FUR,Pearl,atk,NRG,1,0,3,elim,2026-04-12 19:05:00,0,VCT 2026: Americas Stage 1,https://www.vlr.gg/645479/furia-vs-nrg-vct-2026-americas-stage-1-w1
FUR,Pearl,atk,NRG,1,0,4,boom,2026-04-12 19:05:00,0,VCT 2026: Americas Stage 1,https://www.vlr.gg/645479/furia-vs-nrg-vct-2026-americas-stage-1-w1
FUR,Pearl,atk,NRG,1,0,5,boom,2026-04-12 19:05:00,0,VCT 2026: Americas Stage 1,https://www.vlr.gg/645479/furia-vs-nrg-vct-2026-americas-stage-1-w1
FUR,Pearl,atk,NRG,1,0,6,boom,2026-04-12 19:05:00,0,VCT 2026: Americas Stage 1,https://www.vlr.gg/645479/furia-vs-nrg-vct-2026-americas-stage-1-w1
FUR,Pearl,atk,NRG,1,0,7,elim,2026-04-12 19:05:00,0,VCT 2026: Americas Stage 1,https://www.vlr.gg/645479/furia-vs-nrg-vct-2026-americas-stage-1-w1
FUR,Pearl,atk,NRG,1,0,8,elim,2026-04-12 19:05:00,0,VCT 2026: Americas Stage 1,https://www.vlr.gg/645479/furia-vs-nrg-vct-2026-americas-stage-1-w1
FUR,Pearl,atk,NRG,1,0,9,elim,2026-04-12 19:05:00,0,VCT 2026: Americas Stage 1,https://www.vlr.gg/645479/furia-vs-nrg-vct-2026-americas-stage-1-w1
FUR,Pearl,atk,NRG,1,0,10,elim,2026-04-12 19:05:00,0,VCT 2026: Americas Stage 1,https://www.vlr.gg/645479/furia-vs-nrg-vct-2026-americas-stage-1-w1
FUR,Pearl,atk,NRG,0,1,11,defus,2026-04-12 19:05:00,0,VCT 2026: Americas Stage 1,https://www.vlr.gg/645479/furia-vs-nrg-vct-2026-americas-stage-1-w1
FUR,Pearl,atk,NRG,0,1,12,elim,2026-04-12 19:05:00,0,VCT 2026: Americas Stage 1,https://www.vlr.gg/645479/furia-vs-nrg-vct-2026-americas-stage-1-w1
FUR,Pearl,def,NRG,1,0,13,defus,2026-04-12 19:05:00,0,VCT 2026: Americas Stage 1,https://www.vlr.gg/645479/furia-vs-nrg-vct-2026-americas-stage-1-w1
FUR,Pearl,def,NRG,1,0,14,elim,2026-04-12 19:05:00,0,VCT 2026: Americas Stage 1,https://www.vlr.gg/645479/furia-vs-nrg-vct-2026-americas-stage-1-w1
FUR,Pearl,def,NRG,0,1,15,boom,2026-04-12 19:05:00,0,VCT 2026: Americas Stage 1,https://www.vlr.gg/645479/furia-vs-nrg-vct-2026-americas-stage-1-w1
FUR,Pearl,def,NRG,0,1,16,elim,2026-04-12 19:05:00,0,VCT 2026: Americas Stage 1,https://www.vlr.gg/645479/furia-vs-nrg-vct-2026-americas-stage-1-w1
FUR,Pearl,def,NRG,0,1,17,boom,2026-04-12 19:05:00,0,VCT 2026: Americas Stage 1,https://www.vlr.gg/645479/furia-vs-nrg-vct-2026-americas-stage-1-w1
FUR,Pearl,def,NRG,1,0,18,defus,2026-04-12 19:05:00,0,VCT 2026: Americas Stage 1,https://www.vlr.gg/645479/furia-vs-nrg-vct-2026-americas-stage-1-w1
FUR,Pearl,def,NRG,1,0,19,defus,2026-04-12 19:05:00,0,VCT 2026: Americas Stage 1,https://www.vlr.gg/645479/furia-vs-nrg-vct-2026-americas-stage-1-w1
FUR,Pearl,def,NRG,1,0,20,defus,2026-04-12 19:05:00,0,VCT 2026: Americas Stage 1,https://www.vlr.gg/645479/furia-vs-nrg-vct-2026-americas-stage-1-w1
FUR,Split,atk,NRG,1,0,13,elim,2026-04-12 19:05:00,1,VCT 2026: Americas Stage 1,https://www.vlr.gg/645479/furia-vs-nrg-vct-2026-americas-stage-1-w1
FUR,Split,atk,NRG,0,1,14,defus,2026-04-12 19:05:00,1,VCT 2026: Americas Stage 1,https://www.vlr.gg/645479/furia-vs-nrg-vct-2026-americas-stage-1-w1
FUR,Split,atk,NRG,0,1,15,elim,2026-04-12 19:05:00,1,VCT 2026: Americas Stage 1,https://www.vlr.gg/645479/furia-vs-nrg-vct-2026-americas-stage-1-w1
FUR,Split,atk,NRG,1,0,16,elim,2026-04-12 19:05:00,1,VCT 2026: Americas Stage 1,https://www.vlr.gg/645479/furia-vs-nrg-vct-2026-americas-stage-1-w1
FUR,Split,atk,NRG,1,0,17,elim,2026-04-12 19:05:00,1,VCT 2026: Americas Stage 1,https://www.vlr.gg/645479/furia-vs-nrg-vct-2026-americas-stage-1-w1
FUR,Split,atk,NRG,0,1,18,tim,2026-04-12 19:05:00,1,VCT 2026: Americas Stage 1,https://www.vlr.gg/645479/furia-vs-nrg-vct-2026-americas-stage-1-w1
FUR,Split,atk,NRG,0,1,19,elim,2026-04-12 19:05:00,1,VCT 2026: Americas Stage 1,https://www.vlr.gg/645479/furia-vs-nrg-vct-2026-americas-stage-1-w1
FUR,Split,atk,NRG,0,1,20,defus,2026-04-12 19:05:00,1,VCT 2026: Americas Stage 1,https://www.vlr.gg/645479/furia-vs-nrg-vct-2026-americas-stage-1-w1
FUR,Split,atk,NRG,0,1,21,defus,2026-04-12 19:05:00,1,VCT 2026: Americas Stage 1,https://www.vlr.gg/645479/furia-vs-nrg-vct-2026-americas-stage-1-w1
FUR,Split,atk,NRG,0,1,22,elim,2026-04-12 19:05:00,1,VCT 2026: Americas Stage 1,https://www.vlr.gg/645479/furia-vs-nrg-vct-2026-americas-stage-1-w1
FUR,Split,atk,NRG,1,0,23,elim,2026-04-12 19:05:00,1,VCT 2026: Americas Stage 1,https://www.vlr.gg/645479/furia-vs-nrg-vct-2026-americas-stage-1-w1
FUR,Split,def,NRG,0,1,1,elim,2026-04-12 19:05:00,1,VCT 2026: Americas Stage 1,https://www.vlr.gg/645479/furia-vs-nrg-vct-2026-americas-stage-1-w1
FUR,Split,def,NRG,0,1,2,elim,2026-04-12 19:05:00,1,VCT 2026: Americas Stage 1,https://www.vlr.gg/645479/furia-vs-nrg-vct-2026-americas-stage-1-w1
FUR,Split,def,NRG,1,0,3,tim,2026-04-12 19:05:00,1,VCT 2026: Americas Stage 1,https://www.vlr.gg/645479/furia-vs-nrg-vct-2026-americas-stage-1-w1
FUR,Split,def,NRG,1,0,4,defus,2026-04-12 19:05:00,1,VCT 2026: Americas Stage 1,https://www.vlr.gg/645479/furia-vs-nrg-vct-2026-americas-stage-1-w1
FUR,Split,def,NRG,1,0,5,defus,2026-04-12 19:05:00,1,VCT 2026: Americas Stage 1,https://www.vlr.gg/645479/furia-vs-nrg-vct-2026-americas-stage-1-w1
FUR,Split,def,NRG,1,0,6,defus,2026-04-12 19:05:00,1,VCT 2026: Americas Stage 1,https://www.vlr.gg/645479/furia-vs-nrg-vct-2026-americas-stage-1-w1
FUR,Split,def,NRG,1,0,7,defus,2026-04-12 19:05:00,1,VCT 2026: Americas Stage 1,https://www.vlr.gg/645479/furia-vs-nrg-vct-2026-americas-stage-1-w1
FUR,Split,def,NRG,1,0,8,elim,2026-04-12 19:05:00,1,VCT 2026: Americas Stage 1,https://www.vlr.gg/645479/furia-vs-nrg-vct-2026-americas-stage-1-w1
FUR,Split,def,NRG,1,0,9,elim,2026-04-12 19:05:00,1,VCT 2026: Americas Stage 1,https://www.vlr.gg/645479/furia-vs-nrg-vct-2026-americas-stage-1-w1
FUR,Split,def,NRG,1,0,10,elim,2026-04-12 19:05:00,1,VCT 2026: Americas Stage 1,https://www.vlr.gg/645479/furia-vs-nrg-vct-2026-americas-stage-1-w1
FUR,Split,def,NRG,0,1,11,elim,2026-04-12 19:05:00,1,VCT 2026: Americas Stage 1,https://www.vlr.gg/645479/furia-vs-nrg-vct-2026-americas-stage-1-w1
FUR,Split,def,NRG,1,0,12,defus,2026-04-12 19:05:00,1,VCT 2026: Americas Stage 1,https://www.vlr.gg/645479/furia-vs-nrg-vct-2026-americas-stage-1-w1
C9,Split,atk,ENVY,1,0,1,elim,2026-04-17 17:00:00,0,VCT 2026: Americas Stage 1,https://www.vlr.gg/645480/cloud9-vs-envy-vct-2026-americas-stage-1-w2
C9,Split,atk,ENVY,1,0,2,elim,2026-04-17 17:00:00,0,VCT 2026: Americas Stage 1,https://www.vlr.gg/645480/cloud9-vs-envy-vct-2026-americas-stage-1-w2
C9,Split,atk,ENVY,1,0,3,elim,2026-04-17 17:00:00,0,VCT 2026: Americas Stage 1,https://www.vlr.gg/645480/cloud9-vs-envy-vct-2026-americas-stage-1-w2
C9,Split,atk,ENVY,1,0,4,elim,2026-04-17 17:00:00,0,VCT 2026: Americas Stage 1,https://www.vlr.gg/645480/cloud9-vs-envy-vct-2026-americas-stage-1-w2
C9,Split,atk,ENVY,1,0,5,boom,2026-04-17 17:00:00,0,VCT 2026: Americas Stage 1,https://www.vlr.gg/645480/cloud9-vs-envy-vct-2026-americas-stage-1-w2
C9,Split,atk,ENVY,0,1,6,elim,2026-04-17 17:00:00,0,VCT 2026: Americas Stage 1,https://www.vlr.gg/645480/cloud9-vs-envy-vct-2026-americas-stage-1-w2
C9,Split,atk,ENVY,1,0,7,elim,2026-04-17 17:00:00,0,VCT 2026: Americas Stage 1,https://www.vlr.gg/645480/cloud9-vs-envy-vct-2026-americas-stage-1-w2
C9,Split,atk,ENVY,1,0,8,elim,2026-04-17 17:00:00,0,VCT 2026: Americas Stage 1,https://www.vlr.gg/645480/cloud9-vs-envy-vct-2026-americas-stage-1-w2
C9,Split,atk,ENVY,0,1,9,defus,2026-04-17 17:00:00,0,VCT 2026: Americas Stage 1,https://www.vlr.gg/645480/cloud9-vs-envy-vct-2026-americas-stage-1-w2
C9,Split,atk,ENVY,0,1,10,defus,2026-04-17 17:00:00,0,VCT 2026: Americas Stage 1,https://www.vlr.gg/645480/cloud9-vs-envy-vct-2026-americas-stage-1-w2
C9,Split,atk,ENVY,0,1,11,elim,2026-04-17 17:00:00,0,VCT 2026: Americas Stage 1,https://www.vlr.gg/645480/cloud9-vs-envy-vct-2026-americas-stage-1-w2
C9,Split,atk,ENVY,1,0,12,elim,2026-04-17 17:00:00,0,VCT 2026: Americas Stage 1,https://www.vlr.gg/645480/cloud9-vs-envy-vct-2026-americas-stage-1-w2
C9,Split,def,ENVY,0,1,13,elim,2026-04-17 17:00:00,0,VCT 2026: Americas Stage 1,https://www.vlr.gg/645480/cloud9-vs-envy-vct-2026-americas-stage-1-w2
C9,Split,def,ENVY,0,1,14,elim,2026-04-17 17:00:00,0,VCT 2026: Americas Stage 1,https://www.vlr.gg/645480/cloud9-vs-envy-vct-2026-americas-stage-1-w2
C9,Split,def,ENVY,0,1,15,boom,2026-04-17 17:00:00,0,VCT 2026: Americas Stage 1,https://www.vlr.gg/645480/cloud9-vs-envy-vct-2026-americas-stage-1-w2
C9,Split,def,ENVY,1,0,16,elim,2026-04-17 17:00:00,0,VCT 2026: Americas Stage 1,https://www.vlr.gg/645480/cloud9-vs-envy-vct-2026-americas-stage-1-w2
C9,Split,def,ENVY,1,0,17,elim,2026-04-17 17:00:00,0,VCT 2026: Americas Stage 1,https://www.vlr.gg/645480/cloud9-vs-envy-vct-2026-americas-stage-1-w2
C9,Split,def,ENVY,0,1,18,elim,2026-04-17 17:00:00,0,VCT 2026: Americas Stage 1,https://www.vlr.gg/645480/cloud9-vs-envy-vct-2026-americas-stage-1-w2
C9,Split,def,ENVY,0,1,19,boom,2026-04-17 17:00:00,0,VCT 2026: Americas Stage 1,https://www.vlr.gg/645480/cloud9-vs-envy-vct-2026-americas-stage-1-w2
C9,Split,def,ENVY,0,1,20,elim,2026-04-17 17:00:00,0,VCT 2026: Americas Stage 1,https://www.vlr.gg/645480/cloud9-vs-envy-vct-2026-americas-stage-1-w2
C9,Split,def,ENVY,0,1,21,elim,2026-04-17 17:00:00,0,VCT 2026: Americas Stage 1,https://www.vlr.gg/645480/cloud9-vs-envy-vct-2026-americas-stage-1-w2
C9,Split,def,ENVY,1,0,22,elim,2026-04-17 17:00:00,0,VCT 2026: Americas Stage 1,https://www.vlr.gg/645480/cloud9-vs-envy-vct-2026-americas-stage-1-w2
C9,Split,def,ENVY,1,0,23,defus,2026-04-17 17:00:00,0,VCT 2026: Americas Stage 1,https://www.vlr.gg/645480/cloud9-vs-envy-vct-2026-americas-stage-1-w2
C9,Split,def,ENVY,1,0,24,elim,2026-04-17 17:00:00,0,VCT 2026: Americas Stage 1,https://www.vlr.gg/645480/cloud9-vs-envy-vct-2026-americas-stage-1-w2
C9,Pearl,atk,ENVY,1,0,1,elim,2026-04-17 17:00:00,1,VCT 2026: Americas Stage 1,https://www.vlr.gg/645480/cloud9-vs-envy-vct-2026-americas-stage-1-w2
C9,Pearl,atk,ENVY,1,0,2,elim,2026-04-17 17:00:00,1,VCT 2026: Americas Stage 1,https://www.vlr.gg/645480/cloud9-vs-envy-vct-2026-americas-stage-1-w2
C9,Pearl,atk,ENVY,0,1,3,elim,2026-04-17 17:00:00,1,VCT 2026: Americas Stage 1,https://www.vlr.gg/645480/cloud9-vs-envy-vct-2026-americas-stage-1-w2
C9,Pearl,atk,ENVY,0,1,4,tim,2026-04-17 17:00:00,1,VCT 2026: Americas Stage 1,https://www.vlr.gg/645480/cloud9-vs-envy-vct-2026-americas-stage-1-w2
C9,Pearl,atk,ENVY,0,1,5,elim,2026-04-17 17:00:00,1,VCT 2026: Americas Stage 1,https://www.vlr.gg/645480/cloud9-vs-envy-vct-2026-americas-stage-1-w2
C9,Pearl,atk,ENVY,0,1,6,tim,2026-04-17 17:00:00,1,VCT 2026: Americas Stage 1,https://www.vlr.gg/645480/cloud9-vs-envy-vct-2026-americas-stage-1-w2
C9,Pearl,atk,ENVY,0,1,7,defus,2026-04-17 17:00:00,1,VCT 2026: Americas Stage 1,https://www.vlr.gg/645480/cloud9-vs-envy-vct-2026-americas-stage-1-w2
C9,Pearl,atk,ENVY,0,1,8,defus,2026-04-17 17:00:00,1,VCT 2026: Americas Stage 1,https://www.vlr.gg/645480/cloud9-vs-envy-vct-2026-americas-stage-1-w2
C9,Pearl,atk,ENVY,0,1,9,elim,2026-04-17 17:00:00,1,VCT 2026: Americas Stage 1,https://www.vlr.gg/645480/cloud9-vs-envy-vct-2026-americas-stage-1-w2
C9,Pearl,atk,ENVY,0,1,10,defus,2026-04-17 17:00:00,1,VCT 2026: Americas Stage 1,https://www.vlr.gg/645480/cloud9-vs-envy-vct-2026-americas-stage-1-w2
C9,Pearl,atk,ENVY,1,0,11,elim,2026-04-17 17:00:00,1,VCT 2026: Americas Stage 1,https://www.vlr.gg/645480/cloud9-vs-envy-vct-2026-americas-stage-1-w2
C9,Pearl,atk,ENVY,1,0,12,elim,2026-04-17 17:00:00,1,VCT 2026: Americas Stage 1,https://www.vlr.gg/645480/cloud9-vs-envy-vct-2026-americas-stage-1-w2
C9,Pearl,def,ENVY,0,1,13,elim,2026-04-17 17:00:00,1,VCT 2026: Americas Stage 1,https://www.vlr.gg/645480/cloud9-vs-envy-vct-2026-americas-stage-1-w2
C9,Pearl,def,ENVY,0,1,14,elim,2026-04-17 17:00:00,1,VCT 2026: Americas Stage 1,https://www.vlr.gg/645480/cloud9-vs-envy-vct-2026-americas-stage-1-w2
C9,Pearl,def,ENVY,0,1,15,elim,2026-04-17 17:00:00,1,VCT 2026: Americas Stage 1,https://www.vlr.gg/645480/cloud9-vs-envy-vct-2026-americas-stage-1-w2
C9,Pearl,def,ENVY,0,1,16,elim,2026-04-17 17:00:00,1,VCT 2026: Americas Stage 1,https://www.vlr.gg/645480/cloud9-vs-envy-vct-2026-americas-stage-1-w2
C9,Pearl,def,ENVY,1,0,17,tim,2026-04-17 17:00:00,1,VCT 2026: Americas Stage 1,https://www.vlr.gg/645480/cloud9-vs-envy-vct-2026-americas-stage-1-w2
C9,Pearl,def,ENVY,0,1,18,elim,2026-04-17 17:00:00,1,VCT 2026: Americas Stage 1,https://www.vlr.gg/645480/cloud9-vs-envy-vct-2026-americas-stage-1-w2
C9,Haven,atk,ENVY,0,1,1,elim,2026-04-17 17:00:00,2,VCT 2026: Americas Stage 1,https://www.vlr.gg/645480/cloud9-vs-envy-vct-2026-americas-stage-1-w2
C9,Haven,atk,ENVY,0,1,2,elim,2026-04-17 17:00:00,2,VCT 2026: Americas Stage 1,https://www.vlr.gg/645480/cloud9-vs-envy-vct-2026-americas-stage-1-w2
C9,Haven,atk,ENVY,0,1,3,elim,2026-04-17 17:00:00,2,VCT 2026: Americas Stage 1,https://www.vlr.gg/645480/cloud9-vs-envy-vct-2026-americas-stage-1-w2
C9,Haven,atk,ENVY,0,1,4,defus,2026-04-17 17:00:00,2,VCT 2026: Americas Stage 1,https://www.vlr.gg/645480/cloud9-vs-envy-vct-2026-americas-stage-1-w2
C9,Haven,atk,ENVY,0,1,5,defus,2026-04-17 17:00:00,2,VCT 2026: Americas Stage 1,https://www.vlr.gg/645480/cloud9-vs-envy-vct-2026-americas-stage-1-w2
C9,Haven,atk,ENVY,1,0,6,elim,2026-04-17 17:00:00,2,VCT 2026: Americas Stage 1,https://www.vlr.gg/645480/cloud9-vs-envy-vct-2026-americas-stage-1-w2
C9,Haven,atk,ENVY,1,0,7,elim,2026-04-17 17:00:00,2,VCT 2026: Americas Stage 1,https://www.vlr.gg/645480/cloud9-vs-envy-vct-2026-americas-stage-1-w2
C9,Haven,atk,ENVY,1,0,8,boom,2026-04-17 17:00:00,2,VCT 2026: Americas Stage 1,https://www.vlr.gg/645480/cloud9-vs-envy-vct-2026-americas-stage-1-w2
C9,Haven,atk,ENVY,1,0,9,boom,2026-04-17 17:00:00,2,VCT 2026: Americas Stage 1,https://www.vlr.gg/645480/cloud9-vs-envy-vct-2026-americas-stage-1-w2
C9,Haven,atk,ENVY,0,1,10,elim,2026-04-17 17:00:00,2,VCT 2026: Americas Stage 1,https://www.vlr.gg/645480/cloud9-vs-envy-vct-2026-americas-stage-1-w2
C9,Haven,atk,ENVY,0,1,11,elim,2026-04-17 17:00:00,2,VCT 2026: Americas Stage 1,https://www.vlr.gg/645480/cloud9-vs-envy-vct-2026-americas-stage-1-w2
C9,Haven,atk,ENVY,0,1,12,elim,2026-04-17 17:00:00,2,VCT 2026: Americas Stage 1,https://www.vlr.gg/645480/cloud9-vs-envy-vct-2026-americas-stage-1-w2
C9,Haven,def,ENVY,1,0,13,defus,2026-04-17 17:00:00,2,VCT 2026: Americas Stage 1,https://www.vlr.gg/645480/cloud9-vs-envy-vct-2026-americas-stage-1-w2
C9,Haven,def,ENVY,1,0,14,defus,2026-04-17 17:00:00,2,VCT 2026: Americas Stage 1,https://www.vlr.gg/645480/cloud9-vs-envy-vct-2026-americas-stage-1-w2
C9,Haven,def,ENVY,0,1,15,boom,2026-04-17 17:00:00,2,VCT 2026: Americas Stage 1,https://www.vlr.gg/645480/cloud9-vs-envy-vct-2026-americas-stage-1-w2
C9,Haven,def,ENVY,1,0,16,defus,2026-04-17 17:00:00,2,VCT 2026: Americas Stage 1,https://www.vlr.gg/645480/cloud9-vs-envy-vct-2026-americas-stage-1-w2
C9,Haven,def,ENVY,0,1,17,elim,2026-04-17 17:00:00,2,VCT 2026: Americas Stage 1,https://www.vlr.gg/645480/cloud9-vs-envy-vct-2026-americas-stage-1-w2
C9,Haven,def,ENVY,1,0,18,elim,2026-04-17 17:00:00,2,VCT 2026: Americas Stage 1,https://www.vlr.gg/645480/cloud9-vs-envy-vct-2026-americas-stage-1-w2
C9,Haven,def,ENVY,0,1,19,elim,2026-04-17 17:00:00,2,VCT 2026: Americas Stage 1,https://www.vlr.gg/645480/cloud9-vs-envy-vct-2026-americas-stage-1-w2
C9,Haven,def,ENVY,0,1,20,elim,2026-04-17 17:00:00,2,VCT 2026: Americas Stage 1,https://www.vlr.gg/645480/cloud9-vs-envy-vct-2026-americas-stage-1-w2
C9,Haven,def,ENVY,1,0,21,defus,2026-04-17 17:00:00,2,VCT 2026: Americas Stage 1,https://www.vlr.gg/645480/cloud9-vs-envy-vct-2026-americas-stage-1-w2
C9,Haven,def,ENVY,0,1,22,elim,2026-04-17 17:00:00,2,VCT 2026: Americas Stage 1,https://www.vlr.gg/645480/cloud9-vs-envy-vct-2026-americas-stage-1-w2
FUR,Haven,atk,EG,1,0,13,elim,2026-04-17 20:05:00,0,VCT 2026: Americas Stage 1,https://www.vlr.gg/645481/furia-vs-evil-geniuses-vct-2026-americas-stage-1-w2
FUR,Haven,atk,EG,1,0,14,elim,2026-04-17 20:05:00,0,VCT 2026: Americas Stage 1,https://www.vlr.gg/645481/furia-vs-evil-geniuses-vct-2026-americas-stage-1-w2
FUR,Haven,atk,EG,0,1,15,defus,2026-04-17 20:05:00,0,VCT 2026: Americas Stage 1,https://www.vlr.gg/645481/furia-vs-evil-geniuses-vct-2026-americas-stage-1-w2
FUR,Haven,atk,EG,1,0,16,elim,2026-04-17 20:05:00,0,VCT 2026: Americas Stage 1,https://www.vlr.gg/645481/furia-vs-evil-geniuses-vct-2026-americas-stage-1-w2
FUR,Haven,atk,EG,0,1,17,elim,2026-04-17 20:05:00,0,VCT 2026: Americas Stage 1,https://www.vlr.gg/645481/furia-vs-evil-geniuses-vct-2026-americas-stage-1-w2
FUR,Haven,atk,EG,0,1,18,defus,2026-04-17 20:05:00,0,VCT 2026: Americas Stage 1,https://www.vlr.gg/645481/furia-vs-evil-geniuses-vct-2026-americas-stage-1-w2
FUR,Haven,atk,EG,1,0,19,elim,2026-04-17 20:05:00,0,VCT 2026: Americas Stage 1,https://www.vlr.gg/645481/furia-vs-evil-geniuses-vct-2026-americas-stage-1-w2
FUR,Haven,atk,EG,1,0,20,boom,2026-04-17 20:05:00,0,VCT 2026: Americas Stage 1,https://www.vlr.gg/645481/furia-vs-evil-geniuses-vct-2026-americas-stage-1-w2
FUR,Haven,atk,EG,1,0,21,elim,2026-04-17 20:05:00,0,VCT 2026: Americas Stage 1,https://www.vlr.gg/645481/furia-vs-evil-geniuses-vct-2026-americas-stage-1-w2
FUR,Haven,atk,EG,1,0,22,elim,2026-04-17 20:05:00,0,VCT 2026: Americas Stage 1,https://www.vlr.gg/645481/furia-vs-evil-geniuses-vct-2026-americas-stage-1-w2
FUR,Haven,atk,EG,1,0,23,boom,2026-04-17 20:05:00,0,VCT 2026: Americas Stage 1,https://www.vlr.gg/645481/furia-vs-evil-geniuses-vct-2026-americas-stage-1-w2
FUR,Haven,atk,EG,0,1,24,elim,2026-04-17 20:05:00,0,VCT 2026: Americas Stage 1,https://www.vlr.gg/645481/furia-vs-evil-geniuses-vct-2026-americas-stage-1-w2
FUR,Haven,atk,EG,0,1,26,defus,2026-04-17 20:05:00,0,VCT 2026: Americas Stage 1,https://www.vlr.gg/645481/furia-vs-evil-geniuses-vct-2026-americas-stage-1-w2
FUR,Haven,def,EG,0,1,1,elim,2026-04-17 20:05:00,0,VCT 2026: Americas Stage 1,https://www.vlr.gg/645481/furia-vs-evil-geniuses-vct-2026-americas-stage-1-w2
FUR,Haven,def,EG,0,1,2,elim,2026-04-17 20:05:00,0,VCT 2026: Americas Stage 1,https://www.vlr.gg/645481/furia-vs-evil-geniuses-vct-2026-americas-stage-1-w2
FUR,Haven,def,EG,0,1,3,boom,2026-04-17 20:05:00,0,VCT 2026: Americas Stage 1,https://www.vlr.gg/645481/furia-vs-evil-geniuses-vct-2026-americas-stage-1-w2
FUR,Haven,def,EG,0,1,4,elim,2026-04-17 20:05:00,0,VCT 2026: Americas Stage 1,https://www.vlr.gg/645481/furia-vs-evil-geniuses-vct-2026-americas-stage-1-w2
FUR,Haven,def,EG,0,1,5,elim,2026-04-17 20:05:00,0,VCT 2026: Americas Stage 1,https://www.vlr.gg/645481/furia-vs-evil-geniuses-vct-2026-americas-stage-1-w2
FUR,Haven,def,EG,0,1,6,elim,2026-04-17 20:05:00,0,VCT 2026: Americas Stage 1,https://www.vlr.gg/645481/furia-vs-evil-geniuses-vct-2026-americas-stage-1-w2
FUR,Haven,def,EG,1,0,7,defus,2026-04-17 20:05:00,0,VCT 2026: Americas Stage 1,https://www.vlr.gg/645481/furia-vs-evil-geniuses-vct-2026-americas-stage-1-w2
FUR,Haven,def,EG,1,0,8,defus,2026-04-17 20:05:00,0,VCT 2026: Americas Stage 1,https://www.vlr.gg/645481/furia-vs-evil-geniuses-vct-2026-americas-stage-1-w2
FUR,Haven,def,EG,1,0,9,defus,2026-04-17 20:05:00,0,VCT 2026: Americas Stage 1,https://www.vlr.gg/645481/furia-vs-evil-geniuses-vct-2026-americas-stage-1-w2
FUR,Haven,def,EG,1,0,10,defus,2026-04-17 20:05:00,0,VCT 2026: Americas Stage 1,https://www.vlr.gg/645481/furia-vs-evil-geniuses-vct-2026-americas-stage-1-w2
FUR,Haven,def,EG,0,1,11,boom,2026-04-17 20:05:00,0,VCT 2026: Americas Stage 1,https://www.vlr.gg/645481/furia-vs-evil-geniuses-vct-2026-americas-stage-1-w2
FUR,Haven,def,EG,0,1,12,elim,2026-04-17 20:05:00,0,VCT 2026: Americas Stage 1,https://www.vlr.gg/645481/furia-vs-evil-geniuses-vct-2026-americas-stage-1-w2
FUR,Haven,def,EG,0,1,25,elim,2026-04-17 20:05:00,0,VCT 2026: Americas Stage 1,https://www.vlr.gg/645481/furia-vs-evil-geniuses-vct-2026-americas-stage-1-w2
FUR,Pearl,atk,EG,1,0,1,elim,2026-04-17 20:05:00,1,VCT 2026: Americas Stage 1,https://www.vlr.gg/645481/furia-vs-evil-geniuses-vct-2026-americas-stage-1-w2
FUR,Pearl,atk,EG,1,0,2,elim,2026-04-17 20:05:00,1,VCT 2026: Americas Stage 1,https://www.vlr.gg/645481/furia-vs-evil-geniuses-vct-2026-americas-stage-1-w2
FUR,Pearl,atk,EG,1,0,3,elim,2026-04-17 20:05:00,1,VCT 2026: Americas Stage 1,https://www.vlr.gg/645481/furia-vs-evil-geniuses-vct-2026-americas-stage-1-w2
FUR,Pearl,atk,EG,0,1,4,elim,2026-04-17 20:05:00,1,VCT 2026: Americas Stage 1,https://www.vlr.gg/645481/furia-vs-evil-geniuses-vct-2026-americas-stage-1-w2
FUR,Pearl,atk,EG,0,1,5,defus,2026-04-17 20:05:00,1,VCT 2026: Americas Stage 1,https://www.vlr.gg/645481/furia-vs-evil-geniuses-vct-2026-americas-stage-1-w2
FUR,Pearl,atk,EG,1,0,6,elim,2026-04-17 20:05:00,1,VCT 2026: Americas Stage 1,https://www.vlr.gg/645481/furia-vs-evil-geniuses-vct-2026-americas-stage-1-w2
FUR,Pearl,atk,EG,1,0,7,elim,2026-04-17 20:05:00,1,VCT 2026: Americas Stage 1,https://www.vlr.gg/645481/furia-vs-evil-geniuses-vct-2026-americas-stage-1-w2
FUR,Pearl,atk,EG,1,0,8,boom,2026-04-17 20:05:00,1,VCT 2026: Americas Stage 1,https://www.vlr.gg/645481/furia-vs-evil-geniuses-vct-2026-americas-stage-1-w2
FUR,Pearl,atk,EG,1,0,9,elim,2026-04-17 20:05:00,1,VCT 2026: Americas Stage 1,https://www.vlr.gg/645481/furia-vs-evil-geniuses-vct-2026-americas-stage-1-w2
FUR,Pearl,atk,EG,0,1,10,defus,2026-04-17 20:05:00,1,VCT 2026: Americas Stage 1,https://www.vlr.gg/645481/furia-vs-evil-geniuses-vct-2026-americas-stage-1-w2
FUR,Pearl,atk,EG,1,0,11,elim,2026-04-17 20:05:00,1,VCT 2026: Americas Stage 1,https://www.vlr.gg/645481/furia-vs-evil-geniuses-vct-2026-americas-stage-1-w2
FUR,Pearl,atk,EG,1,0,12,boom,2026-04-17 20:05:00,1,VCT 2026: Americas Stage 1,https://www.vlr.gg/645481/furia-vs-evil-geniuses-vct-2026-americas-stage-1-w2
FUR,Pearl,def,EG,0,1,13,elim,2026-04-17 20:05:00,1,VCT 2026: Americas Stage 1,https://www.vlr.gg/645481/furia-vs-evil-geniuses-vct-2026-americas-stage-1-w2
FUR,Pearl,def,EG,0,1,14,elim,2026-04-17 20:05:00,1,VCT 2026: Americas Stage 1,https://www.vlr.gg/645481/furia-vs-evil-geniuses-vct-2026-americas-stage-1-w2
FUR,Pearl,def,EG,1,0,15,elim,2026-04-17 20:05:00,1,VCT 2026: Americas Stage 1,https://www.vlr.gg/645481/furia-vs-evil-geniuses-vct-2026-americas-stage-1-w2
FUR,Pearl,def,EG,1,0,16,elim,2026-04-17 20:05:00,1,VCT 2026: Americas Stage 1,https://www.vlr.gg/645481/furia-vs-evil-geniuses-vct-2026-americas-stage-1-w2
FUR,Pearl,def,EG,1,0,17,elim,2026-04-17 20:05:00,1,VCT 2026: Americas Stage 1,https://www.vlr.gg/645481/furia-vs-evil-geniuses-vct-2026-americas-stage-1-w2
FUR,Pearl,def,EG,1,0,18,defus,2026-04-17 20:05:00,1,VCT 2026: Americas Stage 1,https://www.vlr.gg/645481/furia-vs-evil-geniuses-vct-2026-americas-stage-1-w2
FUR,Lotus,atk,EG,1,0,1,elim,2026-04-17 20:05:00,2,VCT 2026: Americas Stage 1,https://www.vlr.gg/645481/furia-vs-evil-geniuses-vct-2026-americas-stage-1-w2
FUR,Lotus,atk,EG,1,0,2,elim,2026-04-17 20:05:00,2,VCT 2026: Americas Stage 1,https://www.vlr.gg/645481/furia-vs-evil-geniuses-vct-2026-americas-stage-1-w2
FUR,Lotus,atk,EG,1,0,3,elim,2026-04-17 20:05:00,2,VCT 2026: Americas Stage 1,https://www.vlr.gg/645481/furia-vs-evil-geniuses-vct-2026-americas-stage-1-w2
FUR,Lotus,atk,EG,1,0,4,elim,2026-04-17 20:05:00,2,VCT 2026: Americas Stage 1,https://www.vlr.gg/645481/furia-vs-evil-geniuses-vct-2026-americas-stage-1-w2
FUR,Lotus,atk,EG,0,1,5,defus,2026-04-17 20:05:00,2,VCT 2026: Americas Stage 1,https://www.vlr.gg/645481/furia-vs-evil-geniuses-vct-2026-americas-stage-1-w2
FUR,Lotus,atk,EG,0,1,6,defus,2026-04-17 20:05:00,2,VCT 2026: Americas Stage 1,https://www.vlr.gg/645481/furia-vs-evil-geniuses-vct-2026-americas-stage-1-w2
FUR,Lotus,atk,EG,0,1,7,defus,2026-04-17 20:05:00,2,VCT 2026: Americas Stage 1,https://www.vlr.gg/645481/furia-vs-evil-geniuses-vct-2026-americas-stage-1-w2
FUR,Lotus,atk,EG,1,0,8,elim,2026-04-17 20:05:00,2,VCT 2026: Americas Stage 1,https://www.vlr.gg/645481/furia-vs-evil-geniuses-vct-2026-americas-stage-1-w2
FUR,Lotus,atk,EG,0,1,9,defus,2026-04-17 20:05:00,2,VCT 2026: Americas Stage 1,https://www.vlr.gg/645481/furia-vs-evil-geniuses-vct-2026-americas-stage-1-w2
FUR,Lotus,atk,EG,0,1,10,elim,2026-04-17 20:05:00,2,VCT 2026: Americas Stage 1,https://www.vlr.gg/645481/furia-vs-evil-geniuses-vct-2026-americas-stage-1-w2
FUR,Lotus,atk,EG,1,0,11,elim,2026-04-17 20:05:00,2,VCT 2026: Americas Stage 1,https://www.vlr.gg/645481/furia-vs-evil-geniuses-vct-2026-americas-stage-1-w2
FUR,Lotus,atk,EG,0,1,12,elim,2026-04-17 20:05:00,2,VCT 2026: Americas Stage 1,https://www.vlr.gg/645481/furia-vs-evil-geniuses-vct-2026-americas-stage-1-w2
FUR,Lotus,def,EG,0,1,13,elim,2026-04-17 20:05:00,2,VCT 2026: Americas Stage 1,https://www.vlr.gg/645481/furia-vs-evil-geniuses-vct-2026-americas-stage-1-w2
FUR,Lotus,def,EG,1,0,14,elim,2026-04-17 20:05:00,2,VCT 2026: Americas Stage 1,https://www.vlr.gg/645481/furia-vs-evil-geniuses-vct-2026-americas-stage-1-w2
FUR,Lotus,def,EG,1,0,15,defus,2026-04-17 20:05:00,2,VCT 2026: Americas Stage 1,https://www.vlr.gg/645481/furia-vs-evil-geniuses-vct-2026-americas-stage-1-w2
FUR,Lotus,def,EG,0,1,16,elim,2026-04-17 20:05:00,2,VCT 2026: Americas Stage 1,https://www.vlr.gg/645481/furia-vs-evil-geniuses-vct-2026-americas-stage-1-w2
FUR,Lotus,def,EG,0,1,17,elim,2026-04-17 20:05:00,2,VCT 2026: Americas Stage 1,https://www.vlr.gg/645481/furia-vs-evil-geniuses-vct-2026-americas-stage-1-w2
FUR,Lotus,def,EG,1,0,18,defus,2026-04-17 20:05:00,2,VCT 2026: Americas Stage 1,https://www.vlr.gg/645481/furia-vs-evil-geniuses-vct-2026-americas-stage-1-w2
FUR,Lotus,def,EG,1,0,19,defus,2026-04-17 20:05:00,2,VCT 2026: Americas Stage 1,https://www.vlr.gg/645481/furia-vs-evil-geniuses-vct-2026-americas-stage-1-w2
FUR,Lotus,def,EG,0,1,20,elim,2026-04-17 20:05:00,2,VCT 2026: Americas Stage 1,https://www.vlr.gg/645481/furia-vs-evil-geniuses-vct-2026-americas-stage-1-w2
FUR,Lotus,def,EG,1,0,21,tim,2026-04-17 20:05:00,2,VCT 2026: Americas Stage 1,https://www.vlr.gg/645481/furia-vs-evil-geniuses-vct-2026-americas-stage-1-w2
FUR,Lotus,def,EG,1,0,22,elim,2026-04-17 20:05:00,2,VCT 2026: Americas Stage 1,https://www.vlr.gg/645481/furia-vs-evil-geniuses-vct-2026-americas-stage-1-w2
FUR,Lotus,def,EG,1,0,23,elim,2026-04-17 20:05:00,2,VCT 2026: Americas Stage 1,https://www.vlr.gg/645481/furia-vs-evil-geniuses-vct-2026-americas-stage-1-w2
G2,Breeze,atk,LEV,1,0,13,elim,2026-04-18 17:00:00,0,VCT 2026: Americas Stage 1,https://www.vlr.gg/645482/g2-esports-vs-leviat-n-vct-2026-americas-stage-1-w2
G2,Breeze,atk,LEV,1,0,14,boom,2026-04-18 17:00:00,0,VCT 2026: Americas Stage 1,https://www.vlr.gg/645482/g2-esports-vs-leviat-n-vct-2026-americas-stage-1-w2
G2,Breeze,atk,LEV,1,0,15,elim,2026-04-18 17:00:00,0,VCT 2026: Americas Stage 1,https://www.vlr.gg/645482/g2-esports-vs-leviat-n-vct-2026-americas-stage-1-w2
G2,Breeze,atk,LEV,0,1,16,defus,2026-04-18 17:00:00,0,VCT 2026: Americas Stage 1,https://www.vlr.gg/645482/g2-esports-vs-leviat-n-vct-2026-americas-stage-1-w2
G2,Breeze,atk,LEV,1,0,17,elim,2026-04-18 17:00:00,0,VCT 2026: Americas Stage 1,https://www.vlr.gg/645482/g2-esports-vs-leviat-n-vct-2026-americas-stage-1-w2
G2,Breeze,atk,LEV,1,0,18,elim,2026-04-18 17:00:00,0,VCT 2026: Americas Stage 1,https://www.vlr.gg/645482/g2-esports-vs-leviat-n-vct-2026-americas-stage-1-w2
G2,Breeze,atk,LEV,1,0,19,elim,2026-04-18 17:00:00,0,VCT 2026: Americas Stage 1,https://www.vlr.gg/645482/g2-esports-vs-leviat-n-vct-2026-americas-stage-1-w2
G2,Breeze,def,LEV,1,0,1,defus,2026-04-18 17:00:00,0,VCT 2026: Americas Stage 1,https://www.vlr.gg/645482/g2-esports-vs-leviat-n-vct-2026-americas-stage-1-w2
G2,Breeze,def,LEV,1,0,2,elim,2026-04-18 17:00:00,0,VCT 2026: Americas Stage 1,https://www.vlr.gg/645482/g2-esports-vs-leviat-n-vct-2026-americas-stage-1-w2
G2,Breeze,def,LEV,0,1,3,elim,2026-04-18 17:00:00,0,VCT 2026: Americas Stage 1,https://www.vlr.gg/645482/g2-esports-vs-leviat-n-vct-2026-americas-stage-1-w2
G2,Breeze,def,LEV,1,0,4,elim,2026-04-18 17:00:00,0,VCT 2026: Americas Stage 1,https://www.vlr.gg/645482/g2-esports-vs-leviat-n-vct-2026-americas-stage-1-w2
G2,Breeze,def,LEV,0,1,5,boom,2026-04-18 17:00:00,0,VCT 2026: Americas Stage 1,https://www.vlr.gg/645482/g2-esports-vs-leviat-n-vct-2026-americas-stage-1-w2
G2,Breeze,def,LEV,1,0,6,defus,2026-04-18 17:00:00,0,VCT 2026: Americas Stage 1,https://www.vlr.gg/645482/g2-esports-vs-leviat-n-vct-2026-americas-stage-1-w2
G2,Breeze,def,LEV,1,0,7,defus,2026-04-18 17:00:00,0,VCT 2026: Americas Stage 1,https://www.vlr.gg/645482/g2-esports-vs-leviat-n-vct-2026-americas-stage-1-w2
G2,Breeze,def,LEV,0,1,8,boom,2026-04-18 17:00:00,0,VCT 2026: Americas Stage 1,https://www.vlr.gg/645482/g2-esports-vs-leviat-n-vct-2026-americas-stage-1-w2
G2,Breeze,def,LEV,1,0,9,defus,2026-04-18 17:00:00,0,VCT 2026: Americas Stage 1,https://www.vlr.gg/645482/g2-esports-vs-leviat-n-vct-2026-americas-stage-1-w2
G2,Breeze,def,LEV,0,1,10,boom,2026-04-18 17:00:00,0,VCT 2026: Americas Stage 1,https://www.vlr.gg/645482/g2-esports-vs-leviat-n-vct-2026-americas-stage-1-w2
G2,Breeze,def,LEV,0,1,11,elim,2026-04-18 17:00:00,0,VCT 2026: Americas Stage 1,https://www.vlr.gg/645482/g2-esports-vs-leviat-n-vct-2026-americas-stage-1-w2
G2,Breeze,def,LEV,1,0,12,defus,2026-04-18 17:00:00,0,VCT 2026: Americas Stage 1,https://www.vlr.gg/645482/g2-esports-vs-leviat-n-vct-2026-americas-stage-1-w2
G2,Split,atk,LEV,1,0,13,elim,2026-04-18 17:00:00,1,VCT 2026: Americas Stage 1,https://www.vlr.gg/645482/g2-esports-vs-leviat-n-vct-2026-americas-stage-1-w2
G2,Split,atk,LEV,1,0,14,boom,2026-04-18 17:00:00,1,VCT 2026: Americas Stage 1,https://www.vlr.gg/645482/g2-esports-vs-leviat-n-vct-2026-americas-stage-1-w2
G2,Split,atk,LEV,0,1,15,elim,2026-04-18 17:00:00,1,VCT 2026: Americas Stage 1,https://www.vlr.gg/645482/g2-esports-vs-leviat-n-vct-2026-americas-stage-1-w2
G2,Split,atk,LEV,1,0,16,boom,2026-04-18 17:00:00,1,VCT 2026: Americas Stage 1,https://www.vlr.gg/645482/g2-esports-vs-leviat-n-vct-2026-americas-stage-1-w2
G2,Split,atk,LEV,0,1,17,defus,2026-04-18 17:00:00,1,VCT 2026: Americas Stage 1,https://www.vlr.gg/645482/g2-esports-vs-leviat-n-vct-2026-americas-stage-1-w2
G2,Split,atk,LEV,0,1,18,defus,2026-04-18 17:00:00,1,VCT 2026: Americas Stage 1,https://www.vlr.gg/645482/g2-esports-vs-leviat-n-vct-2026-americas-stage-1-w2
G2,Split,atk,LEV,0,1,19,elim,2026-04-18 17:00:00,1,VCT 2026: Americas Stage 1,https://www.vlr.gg/645482/g2-esports-vs-leviat-n-vct-2026-americas-stage-1-w2
G2,Split,atk,LEV,1,0,20,elim,2026-04-18 17:00:00,1,VCT 2026: Americas Stage 1,https://www.vlr.gg/645482/g2-esports-vs-leviat-n-vct-2026-americas-stage-1-w2
G2,Split,atk,LEV,0,1,21,defus,2026-04-18 17:00:00,1,VCT 2026: Americas Stage 1,https://www.vlr.gg/645482/g2-esports-vs-leviat-n-vct-2026-americas-stage-1-w2
G2,Split,atk,LEV,1,0,22,boom,2026-04-18 17:00:00,1,VCT 2026: Americas Stage 1,https://www.vlr.gg/645482/g2-esports-vs-leviat-n-vct-2026-americas-stage-1-w2
G2,Split,atk,LEV,0,1,23,defus,2026-04-18 17:00:00,1,VCT 2026: Americas Stage 1,https://www.vlr.gg/645482/g2-esports-vs-leviat-n-vct-2026-americas-stage-1-w2
G2,Split,atk,LEV,0,1,24,elim,2026-04-18 17:00:00,1,VCT 2026: Americas Stage 1,https://www.vlr.gg/645482/g2-esports-vs-leviat-n-vct-2026-americas-stage-1-w2
G2,Split,def,LEV,1,0,1,defus,2026-04-18 17:00:00,1,VCT 2026: Americas Stage 1,https://www.vlr.gg/645482/g2-esports-vs-leviat-n-vct-2026-americas-stage-1-w2
G2,Split,def,LEV,1,0,2,elim,2026-04-18 17:00:00,1,VCT 2026: Americas Stage 1,https://www.vlr.gg/645482/g2-esports-vs-leviat-n-vct-2026-americas-stage-1-w2
G2,Split,def,LEV,0,1,3,elim,2026-04-18 17:00:00,1,VCT 2026: Americas Stage 1,https://www.vlr.gg/645482/g2-esports-vs-leviat-n-vct-2026-americas-stage-1-w2
G2,Split,def,LEV,0,1,4,elim,2026-04-18 17:00:00,1,VCT 2026: Americas Stage 1,https://www.vlr.gg/645482/g2-esports-vs-leviat-n-vct-2026-americas-stage-1-w2
G2,Split,def,LEV,0,1,5,elim,2026-04-18 17:00:00,1,VCT 2026: Americas Stage 1,https://www.vlr.gg/645482/g2-esports-vs-leviat-n-vct-2026-americas-stage-1-w2
G2,Split,def,LEV,1,0,6,defus,2026-04-18 17:00:00,1,VCT 2026: Americas Stage 1,https://www.vlr.gg/645482/g2-esports-vs-leviat-n-vct-2026-americas-stage-1-w2
G2,Split,def,LEV,1,0,7,elim,2026-04-18 17:00:00,1,VCT 2026: Americas Stage 1,https://www.vlr.gg/645482/g2-esports-vs-leviat-n-vct-2026-americas-stage-1-w2
G2,Split,def,LEV,0,1,8,elim,2026-04-18 17:00:00,1,VCT 2026: Americas Stage 1,https://www.vlr.gg/645482/g2-esports-vs-leviat-n-vct-2026-americas-stage-1-w2
G2,Split,def,LEV,0,1,9,elim,2026-04-18 17:00:00,1,VCT 2026: Americas Stage 1,https://www.vlr.gg/645482/g2-esports-vs-leviat-n-vct-2026-americas-stage-1-w2
G2,Split,def,LEV,1,0,10,tim,2026-04-18 17:00:00,1,VCT 2026: Americas Stage 1,https://www.vlr.gg/645482/g2-esports-vs-leviat-n-vct-2026-americas-stage-1-w2
G2,Split,def,LEV,1,0,11,defus,2026-04-18 17:00:00,1,VCT 2026: Americas Stage 1,https://www.vlr.gg/645482/g2-esports-vs-leviat-n-vct-2026-americas-stage-1-w2
G2,Split,def,LEV,0,1,12,elim,2026-04-18 17:00:00,1,VCT 2026: Americas Stage 1,https://www.vlr.gg/645482/g2-esports-vs-leviat-n-vct-2026-americas-stage-1-w2
G2,Bind,atk,LEV,0,1,13,defus,2026-04-18 17:00:00,2,VCT 2026: Americas Stage 1,https://www.vlr.gg/645482/g2-esports-vs-leviat-n-vct-2026-americas-stage-1-w2
G2,Bind,atk,LEV,0,1,14,elim,2026-04-18 17:00:00,2,VCT 2026: Americas Stage 1,https://www.vlr.gg/645482/g2-esports-vs-leviat-n-vct-2026-americas-stage-1-w2
G2,Bind,atk,LEV,1,0,15,elim,2026-04-18 17:00:00,2,VCT 2026: Americas Stage 1,https://www.vlr.gg/645482/g2-esports-vs-leviat-n-vct-2026-americas-stage-1-w2
G2,Bind,atk,LEV,0,1,16,defus,2026-04-18 17:00:00,2,VCT 2026: Americas Stage 1,https://www.vlr.gg/645482/g2-esports-vs-leviat-n-vct-2026-americas-stage-1-w2
G2,Bind,atk,LEV,1,0,17,boom,2026-04-18 17:00:00,2,VCT 2026: Americas Stage 1,https://www.vlr.gg/645482/g2-esports-vs-leviat-n-vct-2026-americas-stage-1-w2
G2,Bind,atk,LEV,1,0,18,elim,2026-04-18 17:00:00,2,VCT 2026: Americas Stage 1,https://www.vlr.gg/645482/g2-esports-vs-leviat-n-vct-2026-americas-stage-1-w2
G2,Bind,atk,LEV,0,1,19,defus,2026-04-18 17:00:00,2,VCT 2026: Americas Stage 1,https://www.vlr.gg/645482/g2-esports-vs-leviat-n-vct-2026-americas-stage-1-w2
G2,Bind,atk,LEV,1,0,20,elim,2026-04-18 17:00:00,2,VCT 2026: Americas Stage 1,https://www.vlr.gg/645482/g2-esports-vs-leviat-n-vct-2026-americas-stage-1-w2
G2,Bind,atk,LEV,0,1,21,elim,2026-04-18 17:00:00,2,VCT 2026: Americas Stage 1,https://www.vlr.gg/645482/g2-esports-vs-leviat-n-vct-2026-americas-stage-1-w2
G2,Bind,atk,LEV,1,0,22,elim,2026-04-18 17:00:00,2,VCT 2026: Americas Stage 1,https://www.vlr.gg/645482/g2-esports-vs-leviat-n-vct-2026-americas-stage-1-w2
G2,Bind,atk,LEV,0,1,23,defus,2026-04-18 17:00:00,2,VCT 2026: Americas Stage 1,https://www.vlr.gg/645482/g2-esports-vs-leviat-n-vct-2026-americas-stage-1-w2
G2,Bind,atk,LEV,1,0,24,elim,2026-04-18 17:00:00,2,VCT 2026: Americas Stage 1,https://www.vlr.gg/645482/g2-esports-vs-leviat-n-vct-2026-americas-stage-1-w2
G2,Bind,atk,LEV,0,1,26,defus,2026-04-18 17:00:00,2,VCT 2026: Americas Stage 1,https://www.vlr.gg/645482/g2-esports-vs-leviat-n-vct-2026-americas-stage-1-w2
G2,Bind,def,LEV,0,1,1,elim,2026-04-18 17:00:00,2,VCT 2026: Americas Stage 1,https://www.vlr.gg/645482/g2-esports-vs-leviat-n-vct-2026-americas-stage-1-w2
G2,Bind,def,LEV,0,1,2,elim,2026-04-18 17:00:00,2,VCT 2026: Americas Stage 1,https://www.vlr.gg/645482/g2-esports-vs-leviat-n-vct-2026-americas-stage-1-w2
G2,Bind,def,LEV,0,1,3,elim,2026-04-18 17:00:00,2,VCT 2026: Americas Stage 1,https://www.vlr.gg/645482/g2-esports-vs-leviat-n-vct-2026-americas-stage-1-w2
G2,Bind,def,LEV,0,1,4,elim,2026-04-18 17:00:00,2,VCT 2026: Americas Stage 1,https://www.vlr.gg/645482/g2-esports-vs-leviat-n-vct-2026-americas-stage-1-w2
G2,Bind,def,LEV,1,0,5,defus,2026-04-18 17:00:00,2,VCT 2026: Americas Stage 1,https://www.vlr.gg/645482/g2-esports-vs-leviat-n-vct-2026-americas-stage-1-w2
G2,Bind,def,LEV,1,0,6,elim,2026-04-18 17:00:00,2,VCT 2026: Americas Stage 1,https://www.vlr.gg/645482/g2-esports-vs-leviat-n-vct-2026-americas-stage-1-w2
G2,Bind,def,LEV,0,1,7,elim,2026-04-18 17:00:00,2,VCT 2026: Americas Stage 1,https://www.vlr.gg/645482/g2-esports-vs-leviat-n-vct-2026-americas-stage-1-w2
G2,Bind,def,LEV,0,1,8,boom,2026-04-18 17:00:00,2,VCT 2026: Americas Stage 1,https://www.vlr.gg/645482/g2-esports-vs-leviat-n-vct-2026-americas-stage-1-w2
G2,Bind,def,LEV,1,0,9,elim,2026-04-18 17:00:00,2,VCT 2026: Americas Stage 1,https://www.vlr.gg/645482/g2-esports-vs-leviat-n-vct-2026-americas-stage-1-w2
G2,Bind,def,LEV,1,0,10,elim,2026-04-18 17:00:00,2,VCT 2026: Americas Stage 1,https://www.vlr.gg/645482/g2-esports-vs-leviat-n-vct-2026-americas-stage-1-w2
G2,Bind,def,LEV,1,0,11,defus,2026-04-18 17:00:00,2,VCT 2026: Americas Stage 1,https://www.vlr.gg/645482/g2-esports-vs-leviat-n-vct-2026-americas-stage-1-w2
G2,Bind,def,LEV,1,0,12,defus,2026-04-18 17:00:00,2,VCT 2026: Americas Stage 1,https://www.vlr.gg/645482/g2-esports-vs-leviat-n-vct-2026-americas-stage-1-w2
G2,Bind,def,LEV,0,1,25,elim,2026-04-18 17:00:00,2,VCT 2026: Americas Stage 1,https://www.vlr.gg/645482/g2-esports-vs-leviat-n-vct-2026-americas-stage-1-w2
MIBR,Haven,atk,LOUD,0,1,13,elim,2026-04-18 20:30:00,0,VCT 2026: Americas Stage 1,https://www.vlr.gg/645483/mibr-vs-loud-vct-2026-americas-stage-1-w2
MIBR,Haven,atk,LOUD,0,1,14,elim,2026-04-18 20:30:00,0,VCT 2026: Americas Stage 1,https://www.vlr.gg/645483/mibr-vs-loud-vct-2026-americas-stage-1-w2
MIBR,Haven,atk,LOUD,1,0,15,elim,2026-04-18 20:30:00,0,VCT 2026: Americas Stage 1,https://www.vlr.gg/645483/mibr-vs-loud-vct-2026-americas-stage-1-w2
MIBR,Haven,atk,LOUD,0,1,16,elim,2026-04-18 20:30:00,0,VCT 2026: Americas Stage 1,https://www.vlr.gg/645483/mibr-vs-loud-vct-2026-americas-stage-1-w2
MIBR,Haven,atk,LOUD,0,1,17,defus,2026-04-18 20:30:00,0,VCT 2026: Americas Stage 1,https://www.vlr.gg/645483/mibr-vs-loud-vct-2026-americas-stage-1-w2
MIBR,Haven,atk,LOUD,1,0,18,elim,2026-04-18 20:30:00,0,VCT 2026: Americas Stage 1,https://www.vlr.gg/645483/mibr-vs-loud-vct-2026-americas-stage-1-w2
MIBR,Haven,atk,LOUD,0,1,19,defus,2026-04-18 20:30:00,0,VCT 2026: Americas Stage 1,https://www.vlr.gg/645483/mibr-vs-loud-vct-2026-americas-stage-1-w2
MIBR,Haven,atk,LOUD,0,1,20,defus,2026-04-18 20:30:00,0,VCT 2026: Americas Stage 1,https://www.vlr.gg/645483/mibr-vs-loud-vct-2026-americas-stage-1-w2
MIBR,Haven,atk,LOUD,1,0,21,boom,2026-04-18 20:30:00,0,VCT 2026: Americas Stage 1,https://www.vlr.gg/645483/mibr-vs-loud-vct-2026-americas-stage-1-w2
MIBR,Haven,atk,LOUD,0,1,22,elim,2026-04-18 20:30:00,0,VCT 2026: Americas Stage 1,https://www.vlr.gg/645483/mibr-vs-loud-vct-2026-americas-stage-1-w2
MIBR,Haven,atk,LOUD,1,0,23,elim,2026-04-18 20:30:00,0,VCT 2026: Americas Stage 1,https://www.vlr.gg/645483/mibr-vs-loud-vct-2026-americas-stage-1-w2
MIBR,Haven,def,LOUD,0,1,1,elim,2026-04-18 20:30:00,0,VCT 2026: Americas Stage 1,https://www.vlr.gg/645483/mibr-vs-loud-vct-2026-americas-stage-1-w2
MIBR,Haven,def,LOUD,0,1,2,elim,2026-04-18 20:30:00,0,VCT 2026: Americas Stage 1,https://www.vlr.gg/645483/mibr-vs-loud-vct-2026-americas-stage-1-w2
MIBR,Haven,def,LOUD,1,0,3,defus,2026-04-18 20:30:00,0,VCT 2026: Americas Stage 1,https://www.vlr.gg/645483/mibr-vs-loud-vct-2026-americas-stage-1-w2
MIBR,Haven,def,LOUD,1,0,4,defus,2026-04-18 20:30:00,0,VCT 2026: Americas Stage 1,https://www.vlr.gg/645483/mibr-vs-loud-vct-2026-americas-stage-1-w2
MIBR,Haven,def,LOUD,1,0,5,defus,2026-04-18 20:30:00,0,VCT 2026: Americas Stage 1,https://www.vlr.gg/645483/mibr-vs-loud-vct-2026-americas-stage-1-w2
MIBR,Haven,def,LOUD,1,0,6,elim,2026-04-18 20:30:00,0,VCT 2026: Americas Stage 1,https://www.vlr.gg/645483/mibr-vs-loud-vct-2026-americas-stage-1-w2
MIBR,Haven,def,LOUD,1,0,7,defus,2026-04-18 20:30:00,0,VCT 2026: Americas Stage 1,https://www.vlr.gg/645483/mibr-vs-loud-vct-2026-americas-stage-1-w2
MIBR,Haven,def,LOUD,0,1,8,boom,2026-04-18 20:30:00,0,VCT 2026: Americas Stage 1,https://www.vlr.gg/645483/mibr-vs-loud-vct-2026-americas-stage-1-w2
MIBR,Haven,def,LOUD,1,0,9,elim,2026-04-18 20:30:00,0,VCT 2026: Americas Stage 1,https://www.vlr.gg/645483/mibr-vs-loud-vct-2026-americas-stage-1-w2
MIBR,Haven,def,LOUD,1,0,10,elim,2026-04-18 20:30:00,0,VCT 2026: Americas Stage 1,https://www.vlr.gg/645483/mibr-vs-loud-vct-2026-americas-stage-1-w2
MIBR,Haven,def,LOUD,1,0,11,elim,2026-04-18 20:30:00,0,VCT 2026: Americas Stage 1,https://www.vlr.gg/645483/mibr-vs-loud-vct-2026-americas-stage-1-w2
MIBR,Haven,def,LOUD,1,0,12,elim,2026-04-18 20:30:00,0,VCT 2026: Americas Stage 1,https://www.vlr.gg/645483/mibr-vs-loud-vct-2026-americas-stage-1-w2
MIBR,Split,atk,LOUD,1,0,1,elim,2026-04-18 20:30:00,1,VCT 2026: Americas Stage 1,https://www.vlr.gg/645483/mibr-vs-loud-vct-2026-americas-stage-1-w2
MIBR,Split,atk,LOUD,1,0,2,elim,2026-04-18 20:30:00,1,VCT 2026: Americas Stage 1,https://www.vlr.gg/645483/mibr-vs-loud-vct-2026-americas-stage-1-w2
MIBR,Split,atk,LOUD,1,0,3,boom,2026-04-18 20:30:00,1,VCT 2026: Americas Stage 1,https://www.vlr.gg/645483/mibr-vs-loud-vct-2026-americas-stage-1-w2
MIBR,Split,atk,LOUD,0,1,4,elim,2026-04-18 20:30:00,1,VCT 2026: Americas Stage 1,https://www.vlr.gg/645483/mibr-vs-loud-vct-2026-americas-stage-1-w2
MIBR,Split,atk,LOUD,1,0,5,elim,2026-04-18 20:30:00,1,VCT 2026: Americas Stage 1,https://www.vlr.gg/645483/mibr-vs-loud-vct-2026-americas-stage-1-w2
MIBR,Split,atk,LOUD,1,0,6,boom,2026-04-18 20:30:00,1,VCT 2026: Americas Stage 1,https://www.vlr.gg/645483/mibr-vs-loud-vct-2026-americas-stage-1-w2
MIBR,Split,atk,LOUD,1,0,7,elim,2026-04-18 20:30:00,1,VCT 2026: Americas Stage 1,https://www.vlr.gg/645483/mibr-vs-loud-vct-2026-americas-stage-1-w2
MIBR,Split,atk,LOUD,1,0,8,boom,2026-04-18 20:30:00,1,VCT 2026: Americas Stage 1,https://www.vlr.gg/645483/mibr-vs-loud-vct-2026-americas-stage-1-w2
MIBR,Split,atk,LOUD,0,1,9,defus,2026-04-18 20:30:00,1,VCT 2026: Americas Stage 1,https://www.vlr.gg/645483/mibr-vs-loud-vct-2026-americas-stage-1-w2
MIBR,Split,atk,LOUD,1,0,10,boom,2026-04-18 20:30:00,1,VCT 2026: Americas Stage 1,https://www.vlr.gg/645483/mibr-vs-loud-vct-2026-americas-stage-1-w2
MIBR,Split,atk,LOUD,1,0,11,boom,2026-04-18 20:30:00,1,VCT 2026: Americas Stage 1,https://www.vlr.gg/645483/mibr-vs-loud-vct-2026-americas-stage-1-w2
MIBR,Split,atk,LOUD,1,0,12,elim,2026-04-18 20:30:00,1,VCT 2026: Americas Stage 1,https://www.vlr.gg/645483/mibr-vs-loud-vct-2026-americas-stage-1-w2
MIBR,Split,def,LOUD,1,0,13,elim,2026-04-18 20:30:00,1,VCT 2026: Americas Stage 1,https://www.vlr.gg/645483/mibr-vs-loud-vct-2026-americas-stage-1-w2
MIBR,Split,def,LOUD,0,1,14,elim,2026-04-18 20:30:00,1,VCT 2026: Americas Stage 1,https://www.vlr.gg/645483/mibr-vs-loud-vct-2026-americas-stage-1-w2
MIBR,Split,def,LOUD,0,1,15,elim,2026-04-18 20:30:00,1,VCT 2026: Americas Stage 1,https://www.vlr.gg/645483/mibr-vs-loud-vct-2026-americas-stage-1-w2
MIBR,Split,def,LOUD,1,0,16,elim,2026-04-18 20:30:00,1,VCT 2026: Americas Stage 1,https://www.vlr.gg/645483/mibr-vs-loud-vct-2026-americas-stage-1-w2
MIBR,Split,def,LOUD,1,0,17,elim,2026-04-18 20:30:00,1,VCT 2026: Americas Stage 1,https://www.vlr.gg/645483/mibr-vs-loud-vct-2026-americas-stage-1-w2
NRG,Lotus,atk,KRÜ,0,1,1,elim,2026-04-19 17:00:00,0,VCT 2026: Americas Stage 1,https://www.vlr.gg/645484/nrg-vs-kr-esports-vct-2026-americas-stage-1-w2
NRG,Lotus,atk,KRÜ,0,1,2,defus,2026-04-19 17:00:00,0,VCT 2026: Americas Stage 1,https://www.vlr.gg/645484/nrg-vs-kr-esports-vct-2026-americas-stage-1-w2
NRG,Lotus,atk,KRÜ,1,0,3,elim,2026-04-19 17:00:00,0,VCT 2026: Americas Stage 1,https://www.vlr.gg/645484/nrg-vs-kr-esports-vct-2026-americas-stage-1-w2
NRG,Lotus,atk,KRÜ,1,0,4,boom,2026-04-19 17:00:00,0,VCT 2026: Americas Stage 1,https://www.vlr.gg/645484/nrg-vs-kr-esports-vct-2026-americas-stage-1-w2
NRG,Lotus,atk,KRÜ,1,0,5,elim,2026-04-19 17:00:00,0,VCT 2026: Americas Stage 1,https://www.vlr.gg/645484/nrg-vs-kr-esports-vct-2026-americas-stage-1-w2
NRG,Lotus,atk,KRÜ,1,0,6,boom,2026-04-19 17:00:00,0,VCT 2026: Americas Stage 1,https://www.vlr.gg/645484/nrg-vs-kr-esports-vct-2026-americas-stage-1-w2
NRG,Lotus,atk,KRÜ,0,1,7,defus,2026-04-19 17:00:00,0,VCT 2026: Americas Stage 1,https://www.vlr.gg/645484/nrg-vs-kr-esports-vct-2026-americas-stage-1-w2
NRG,Lotus,atk,KRÜ,0,1,8,defus,2026-04-19 17:00:00,0,VCT 2026: Americas Stage 1,https://www.vlr.gg/645484/nrg-vs-kr-esports-vct-2026-americas-stage-1-w2
NRG,Lotus,atk,KRÜ,0,1,9,defus,2026-04-19 17:00:00,0,VCT 2026: Americas Stage 1,https://www.vlr.gg/645484/nrg-vs-kr-esports-vct-2026-americas-stage-1-w2
NRG,Lotus,atk,KRÜ,0,1,10,elim,2026-04-19 17:00:00,0,VCT 2026: Americas Stage 1,https://www.vlr.gg/645484/nrg-vs-kr-esports-vct-2026-americas-stage-1-w2
NRG,Lotus,atk,KRÜ,1,0,11,elim,2026-04-19 17:00:00,0,VCT 2026: Americas Stage 1,https://www.vlr.gg/645484/nrg-vs-kr-esports-vct-2026-americas-stage-1-w2
NRG,Lotus,atk,KRÜ,0,1,12,elim,2026-04-19 17:00:00,0,VCT 2026: Americas Stage 1,https://www.vlr.gg/645484/nrg-vs-kr-esports-vct-2026-americas-stage-1-w2
NRG,Lotus,def,KRÜ,1,0,13,defus,2026-04-19 17:00:00,0,VCT 2026: Americas Stage 1,https://www.vlr.gg/645484/nrg-vs-kr-esports-vct-2026-americas-stage-1-w2
NRG,Lotus,def,KRÜ,1,0,14,defus,2026-04-19 17:00:00,0,VCT 2026: Americas Stage 1,https://www.vlr.gg/645484/nrg-vs-kr-esports-vct-2026-americas-stage-1-w2
NRG,Lotus,def,KRÜ,0,1,15,elim,2026-04-19 17:00:00,0,VCT 2026: Americas Stage 1,https://www.vlr.gg/645484/nrg-vs-kr-esports-vct-2026-americas-stage-1-w2
NRG,Lotus,def,KRÜ,1,0,16,elim,2026-04-19 17:00:00,0,VCT 2026: Americas Stage 1,https://www.vlr.gg/645484/nrg-vs-kr-esports-vct-2026-americas-stage-1-w2
NRG,Lotus,def,KRÜ,1,0,17,defus,2026-04-19 17:00:00,0,VCT 2026: Americas Stage 1,https://www.vlr.gg/645484/nrg-vs-kr-esports-vct-2026-americas-stage-1-w2
NRG,Lotus,def,KRÜ,0,1,18,boom,2026-04-19 17:00:00,0,VCT 2026: Americas Stage 1,https://www.vlr.gg/645484/nrg-vs-kr-esports-vct-2026-americas-stage-1-w2
NRG,Lotus,def,KRÜ,0,1,19,elim,2026-04-19 17:00:00,0,VCT 2026: Americas Stage 1,https://www.vlr.gg/645484/nrg-vs-kr-esports-vct-2026-americas-stage-1-w2
NRG,Lotus,def,KRÜ,0,1,20,elim,2026-04-19 17:00:00,0,VCT 2026: Americas Stage 1,https://www.vlr.gg/645484/nrg-vs-kr-esports-vct-2026-americas-stage-1-w2
NRG,Lotus,def,KRÜ,0,1,21,elim,2026-04-19 17:00:00,0,VCT 2026: Americas Stage 1,https://www.vlr.gg/645484/nrg-vs-kr-esports-vct-2026-americas-stage-1-w2
NRG,Lotus,def,KRÜ,1,0,22,defus,2026-04-19 17:00:00,0,VCT 2026: Americas Stage 1,https://www.vlr.gg/645484/nrg-vs-kr-esports-vct-2026-americas-stage-1-w2
NRG,Lotus,def,KRÜ,0,1,23,elim,2026-04-19 17:00:00,0,VCT 2026: Americas Stage 1,https://www.vlr.gg/645484/nrg-vs-kr-esports-vct-2026-americas-stage-1-w2
NRG,Split,atk,KRÜ,0,1,1,elim,2026-04-19 17:00:00,1,VCT 2026: Americas Stage 1,https://www.vlr.gg/645484/nrg-vs-kr-esports-vct-2026-americas-stage-1-w2
NRG,Split,atk,KRÜ,0,1,2,elim,2026-04-19 17:00:00,1,VCT 2026: Americas Stage 1,https://www.vlr.gg/645484/nrg-vs-kr-esports-vct-2026-americas-stage-1-w2
NRG,Split,atk,KRÜ,1,0,3,elim,2026-04-19 17:00:00,1,VCT 2026: Americas Stage 1,https://www.vlr.gg/645484/nrg-vs-kr-esports-vct-2026-americas-stage-1-w2
NRG,Split,atk,KRÜ,0,1,4,elim,2026-04-19 17:00:00,1,VCT 2026: Americas Stage 1,https://www.vlr.gg/645484/nrg-vs-kr-esports-vct-2026-americas-stage-1-w2
NRG,Split,atk,KRÜ,0,1,5,defus,2026-04-19 17:00:00,1,VCT 2026: Americas Stage 1,https://www.vlr.gg/645484/nrg-vs-kr-esports-vct-2026-americas-stage-1-w2
NRG,Split,atk,KRÜ,0,1,6,elim,2026-04-19 17:00:00,1,VCT 2026: Americas Stage 1,https://www.vlr.gg/645484/nrg-vs-kr-esports-vct-2026-americas-stage-1-w2
NRG,Split,atk,KRÜ,0,1,7,elim,2026-04-19 17:00:00,1,VCT 2026: Americas Stage 1,https://www.vlr.gg/645484/nrg-vs-kr-esports-vct-2026-americas-stage-1-w2
NRG,Split,atk,KRÜ,0,1,8,defus,2026-04-19 17:00:00,1,VCT 2026: Americas Stage 1,https://www.vlr.gg/645484/nrg-vs-kr-esports-vct-2026-americas-stage-1-w2
NRG,Split,atk,KRÜ,1,0,9,boom,2026-04-19 17:00:00,1,VCT 2026: Americas Stage 1,https://www.vlr.gg/645484/nrg-vs-kr-esports-vct-2026-americas-stage-1-w2
NRG,Split,atk,KRÜ,1,0,10,elim,2026-04-19 17:00:00,1,VCT 2026: Americas Stage 1,https://www.vlr.gg/645484/nrg-vs-kr-esports-vct-2026-americas-stage-1-w2
NRG,Split,atk,KRÜ,0,1,11,defus,2026-04-19 17:00:00,1,VCT 2026: Americas Stage 1,https://www.vlr.gg/645484/nrg-vs-kr-esports-vct-2026-americas-stage-1-w2
NRG,Split,atk,KRÜ,1,0,12,boom,2026-04-19 17:00:00,1,VCT 2026: Americas Stage 1,https://www.vlr.gg/645484/nrg-vs-kr-esports-vct-2026-americas-stage-1-w2
NRG,Split,def,KRÜ,1,0,13,elim,2026-04-19 17:00:00,1,VCT 2026: Americas Stage 1,https://www.vlr.gg/645484/nrg-vs-kr-esports-vct-2026-americas-stage-1-w2
NRG,Split,def,KRÜ,1,0,14,elim,2026-04-19 17:00:00,1,VCT 2026: Americas Stage 1,https://www.vlr.gg/645484/nrg-vs-kr-esports-vct-2026-americas-stage-1-w2
NRG,Split,def,KRÜ,1,0,15,elim,2026-04-19 17:00:00,1,VCT 2026: Americas Stage 1,https://www.vlr.gg/645484/nrg-vs-kr-esports-vct-2026-americas-stage-1-w2
NRG,Split,def,KRÜ,0,1,16,boom,2026-04-19 17:00:00,1,VCT 2026: Americas Stage 1,https://www.vlr.gg/645484/nrg-vs-kr-esports-vct-2026-americas-stage-1-w2
NRG,Split,def,KRÜ,0,1,17,boom,2026-04-19 17:00:00,1,VCT 2026: Americas Stage 1,https://www.vlr.gg/645484/nrg-vs-kr-esports-vct-2026-americas-stage-1-w2
NRG,Split,def,KRÜ,0,1,18,boom,2026-04-19 17:00:00,1,VCT 2026: Americas Stage 1,https://www.vlr.gg/645484/nrg-vs-kr-esports-vct-2026-americas-stage-1-w2
NRG,Split,def,KRÜ,1,0,19,elim,2026-04-19 17:00:00,1,VCT 2026: Americas Stage 1,https://www.vlr.gg/645484/nrg-vs-kr-esports-vct-2026-americas-stage-1-w2
NRG,Split,def,KRÜ,0,1,20,elim,2026-04-19 17:00:00,1,VCT 2026: Americas Stage 1,https://www.vlr.gg/645484/nrg-vs-kr-esports-vct-2026-americas-stage-1-w2
NRG,Split,def,KRÜ,0,1,21,elim,2026-04-19 17:00:00,1,VCT 2026: Americas Stage 1,https://www.vlr.gg/645484/nrg-vs-kr-esports-vct-2026-americas-stage-1-w2
100T,Haven,atk,SEN,0,1,13,defus,2026-04-19 19:20:00,0,VCT 2026: Americas Stage 1,https://www.vlr.gg/645485/100-thieves-vs-sentinels-vct-2026-americas-stage-1-w2
100T,Haven,atk,SEN,0,1,14,elim,2026-04-19 19:20:00,0,VCT 2026: Americas Stage 1,https://www.vlr.gg/645485/100-thieves-vs-sentinels-vct-2026-americas-stage-1-w2
100T,Haven,atk,SEN,0,1,15,defus,2026-04-19 19:20:00,0,VCT 2026: Americas Stage 1,https://www.vlr.gg/645485/100-thieves-vs-sentinels-vct-2026-americas-stage-1-w2
100T,Haven,atk,SEN,0,1,16,elim,2026-04-19 19:20:00,0,VCT 2026: Americas Stage 1,https://www.vlr.gg/645485/100-thieves-vs-sentinels-vct-2026-americas-stage-1-w2
100T,Haven,atk,SEN,1,0,17,elim,2026-04-19 19:20:00,0,VCT 2026: Americas Stage 1,https://www.vlr.gg/645485/100-thieves-vs-sentinels-vct-2026-americas-stage-1-w2
100T,Haven,atk,SEN,1,0,18,elim,2026-04-19 19:20:00,0,VCT 2026: Americas Stage 1,https://www.vlr.gg/645485/100-thieves-vs-sentinels-vct-2026-americas-stage-1-w2
100T,Haven,atk,SEN,1,0,19,elim,2026-04-19 19:20:00,0,VCT 2026: Americas Stage 1,https://www.vlr.gg/645485/100-thieves-vs-sentinels-vct-2026-americas-stage-1-w2
100T,Haven,atk,SEN,0,1,20,defus,2026-04-19 19:20:00,0,VCT 2026: Americas Stage 1,https://www.vlr.gg/645485/100-thieves-vs-sentinels-vct-2026-americas-stage-1-w2
100T,Haven,atk,SEN,1,0,21,boom,2026-04-19 19:20:00,0,VCT 2026: Americas Stage 1,https://www.vlr.gg/645485/100-thieves-vs-sentinels-vct-2026-americas-stage-1-w2
100T,Haven,atk,SEN,1,0,22,boom,2026-04-19 19:20:00,0,VCT 2026: Americas Stage 1,https://www.vlr.gg/645485/100-thieves-vs-sentinels-vct-2026-americas-stage-1-w2
100T,Haven,atk,SEN,0,1,23,elim,2026-04-19 19:20:00,0,VCT 2026: Americas Stage 1,https://www.vlr.gg/645485/100-thieves-vs-sentinels-vct-2026-americas-stage-1-w2
100T,Haven,def,SEN,1,0,1,defus,2026-04-19 19:20:00,0,VCT 2026: Americas Stage 1,https://www.vlr.gg/645485/100-thieves-vs-sentinels-vct-2026-americas-stage-1-w2
100T,Haven,def,SEN,0,1,2,elim,2026-04-19 19:20:00,0,VCT 2026: Americas Stage 1,https://www.vlr.gg/645485/100-thieves-vs-sentinels-vct-2026-americas-stage-1-w2
100T,Haven,def,SEN,0,1,3,boom,2026-04-19 19:20:00,0,VCT 2026: Americas Stage 1,https://www.vlr.gg/645485/100-thieves-vs-sentinels-vct-2026-americas-stage-1-w2
100T,Haven,def,SEN,0,1,4,boom,2026-04-19 19:20:00,0,VCT 2026: Americas Stage 1,https://www.vlr.gg/645485/100-thieves-vs-sentinels-vct-2026-americas-stage-1-w2
100T,Haven,def,SEN,1,0,5,elim,2026-04-19 19:20:00,0,VCT 2026: Americas Stage 1,https://www.vlr.gg/645485/100-thieves-vs-sentinels-vct-2026-americas-stage-1-w2
100T,Haven,def,SEN,1,0,6,defus,2026-04-19 19:20:00,0,VCT 2026: Americas Stage 1,https://www.vlr.gg/645485/100-thieves-vs-sentinels-vct-2026-americas-stage-1-w2
100T,Haven,def,SEN,0,1,7,boom,2026-04-19 19:20:00,0,VCT 2026: Americas Stage 1,https://www.vlr.gg/645485/100-thieves-vs-sentinels-vct-2026-americas-stage-1-w2
100T,Haven,def,SEN,0,1,8,boom,2026-04-19 19:20:00,0,VCT 2026: Americas Stage 1,https://www.vlr.gg/645485/100-thieves-vs-sentinels-vct-2026-americas-stage-1-w2
100T,Haven,def,SEN,0,1,9,elim,2026-04-19 19:20:00,0,VCT 2026: Americas Stage 1,https://www.vlr.gg/645485/100-thieves-vs-sentinels-vct-2026-americas-stage-1-w2
100T,Haven,def,SEN,1,0,10,defus,2026-04-19 19:20:00,0,VCT 2026: Americas Stage 1,https://www.vlr.gg/645485/100-thieves-vs-sentinels-vct-2026-americas-stage-1-w2
100T,Haven,def,SEN,0,1,11,elim,2026-04-19 19:20:00,0,VCT 2026: Americas Stage 1,https://www.vlr.gg/645485/100-thieves-vs-sentinels-vct-2026-americas-stage-1-w2
100T,Haven,def,SEN,1,0,12,elim,2026-04-19 19:20:00,0,VCT 2026: Americas Stage 1,https://www.vlr.gg/645485/100-thieves-vs-sentinels-vct-2026-americas-stage-1-w2
100T,Split,atk,SEN,0,1,13,elim,2026-04-19 19:20:00,1,VCT 2026: Americas Stage 1,https://www.vlr.gg/645485/100-thieves-vs-sentinels-vct-2026-americas-stage-1-w2
100T,Split,atk,SEN,0,1,14,elim,2026-04-19 19:20:00,1,VCT 2026: Americas Stage 1,https://www.vlr.gg/645485/100-thieves-vs-sentinels-vct-2026-americas-stage-1-w2
100T,Split,atk,SEN,0,1,15,tim,2026-04-19 19:20:00,1,VCT 2026: Americas Stage 1,https://www.vlr.gg/645485/100-thieves-vs-sentinels-vct-2026-americas-stage-1-w2
100T,Split,atk,SEN,1,0,16,elim,2026-04-19 19:20:00,1,VCT 2026: Americas Stage 1,https://www.vlr.gg/645485/100-thieves-vs-sentinels-vct-2026-americas-stage-1-w2
100T,Split,atk,SEN,1,0,17,elim,2026-04-19 19:20:00,1,VCT 2026: Americas Stage 1,https://www.vlr.gg/645485/100-thieves-vs-sentinels-vct-2026-americas-stage-1-w2
100T,Split,atk,SEN,0,1,18,tim,2026-04-19 19:20:00,1,VCT 2026: Americas Stage 1,https://www.vlr.gg/645485/100-thieves-vs-sentinels-vct-2026-americas-stage-1-w2
100T,Split,atk,SEN,0,1,19,elim,2026-04-19 19:20:00,1,VCT 2026: Americas Stage 1,https://www.vlr.gg/645485/100-thieves-vs-sentinels-vct-2026-americas-stage-1-w2
100T,Split,atk,SEN,1,0,20,elim,2026-04-19 19:20:00,1,VCT 2026: Americas Stage 1,https://www.vlr.gg/645485/100-thieves-vs-sentinels-vct-2026-americas-stage-1-w2
100T,Split,atk,SEN,0,1,21,elim,2026-04-19 19:20:00,1,VCT 2026: Americas Stage 1,https://www.vlr.gg/645485/100-thieves-vs-sentinels-vct-2026-americas-stage-1-w2
100T,Split,atk,SEN,0,1,22,elim,2026-04-19 19:20:00,1,VCT 2026: Americas Stage 1,https://www.vlr.gg/645485/100-thieves-vs-sentinels-vct-2026-americas-stage-1-w2
100T,Split,atk,SEN,1,0,23,elim,2026-04-19 19:20:00,1,VCT 2026: Americas Stage 1,https://www.vlr.gg/645485/100-thieves-vs-sentinels-vct-2026-americas-stage-1-w2
100T,Split,atk,SEN,0,1,24,defus,2026-04-19 19:20:00,1,VCT 2026: Americas Stage 1,https://www.vlr.gg/645485/100-thieves-vs-sentinels-vct-2026-americas-stage-1-w2
100T,Split,atk,SEN,0,1,26,elim,2026-04-19 19:20:00,1,VCT 2026: Americas Stage 1,https://www.vlr.gg/645485/100-thieves-vs-sentinels-vct-2026-americas-stage-1-w2
100T,Split,atk,SEN,0,1,28,elim,2026-04-19 19:20:00,1,VCT 2026: Americas Stage 1,https://www.vlr.gg/645485/100-thieves-vs-sentinels-vct-2026-americas-stage-1-w2
100T,Split,atk,SEN,0,1,30,elim,2026-04-19 19:20:00,1,VCT 2026: Americas Stage 1,https://www.vlr.gg/645485/100-thieves-vs-sentinels-vct-2026-americas-stage-1-w2
100T,Split,atk,SEN,1,0,32,elim,2026-04-19 19:20:00,1,VCT 2026: Americas Stage 1,https://www.vlr.gg/645485/100-thieves-vs-sentinels-vct-2026-americas-stage-1-w2
100T,Split,atk,SEN,0,1,34,elim,2026-04-19 19:20:00,1,VCT 2026: Americas Stage 1,https://www.vlr.gg/645485/100-thieves-vs-sentinels-vct-2026-americas-stage-1-w2
100T,Split,atk,SEN,0,1,36,elim,2026-04-19 19:20:00,1,VCT 2026: Americas Stage 1,https://www.vlr.gg/645485/100-thieves-vs-sentinels-vct-2026-americas-stage-1-w2
100T,Split,def,SEN,1,0,1,elim,2026-04-19 19:20:00,1,VCT 2026: Americas Stage 1,https://www.vlr.gg/645485/100-thieves-vs-sentinels-vct-2026-americas-stage-1-w2
100T,Split,def,SEN,1,0,2,elim,2026-04-19 19:20:00,1,VCT 2026: Americas Stage 1,https://www.vlr.gg/645485/100-thieves-vs-sentinels-vct-2026-americas-stage-1-w2
100T,Split,def,SEN,0,1,3,boom,2026-04-19 19:20:00,1,VCT 2026: Americas Stage 1,https://www.vlr.gg/645485/100-thieves-vs-sentinels-vct-2026-americas-stage-1-w2
100T,Split,def,SEN,1,0,4,defus,2026-04-19 19:20:00,1,VCT 2026: Americas Stage 1,https://www.vlr.gg/645485/100-thieves-vs-sentinels-vct-2026-americas-stage-1-w2
100T,Split,def,SEN,1,0,5,elim,2026-04-19 19:20:00,1,VCT 2026: Americas Stage 1,https://www.vlr.gg/645485/100-thieves-vs-sentinels-vct-2026-americas-stage-1-w2
100T,Split,def,SEN,1,0,6,elim,2026-04-19 19:20:00,1,VCT 2026: Americas Stage 1,https://www.vlr.gg/645485/100-thieves-vs-sentinels-vct-2026-americas-stage-1-w2
100T,Split,def,SEN,0,1,7,boom,2026-04-19 19:20:00,1,VCT 2026: Americas Stage 1,https://www.vlr.gg/645485/100-thieves-vs-sentinels-vct-2026-americas-stage-1-w2
100T,Split,def,SEN,0,1,8,elim,2026-04-19 19:20:00,1,VCT 2026: Americas Stage 1,https://www.vlr.gg/645485/100-thieves-vs-sentinels-vct-2026-americas-stage-1-w2
100T,Split,def,SEN,1,0,9,defus,2026-04-19 19:20:00,1,VCT 2026: Americas Stage 1,https://www.vlr.gg/645485/100-thieves-vs-sentinels-vct-2026-americas-stage-1-w2
100T,Split,def,SEN,1,0,10,tim,2026-04-19 19:20:00,1,VCT 2026: Americas Stage 1,https://www.vlr.gg/645485/100-thieves-vs-sentinels-vct-2026-americas-stage-1-w2
100T,Split,def,SEN,0,1,11,boom,2026-04-19 19:20:00,1,VCT 2026: Americas Stage 1,https://www.vlr.gg/645485/100-thieves-vs-sentinels-vct-2026-americas-stage-1-w2
100T,Split,def,SEN,1,0,12,elim,2026-04-19 19:20:00,1,VCT 2026: Americas Stage 1,https://www.vlr.gg/645485/100-thieves-vs-sentinels-vct-2026-americas-stage-1-w2
100T,Split,def,SEN,1,0,25,elim,2026-04-19 19:20:00,1,VCT 2026: Americas Stage 1,https://www.vlr.gg/645485/100-thieves-vs-sentinels-vct-2026-americas-stage-1-w2
100T,Split,def,SEN,1,0,27,elim,2026-04-19 19:20:00,1,VCT 2026: Americas Stage 1,https://www.vlr.gg/645485/100-thieves-vs-sentinels-vct-2026-americas-stage-1-w2
100T,Split,def,SEN,1,0,29,defus,2026-04-19 19:20:00,1,VCT 2026: Americas Stage 1,https://www.vlr.gg/645485/100-thieves-vs-sentinels-vct-2026-americas-stage-1-w2
100T,Split,def,SEN,0,1,31,elim,2026-04-19 19:20:00,1,VCT 2026: Americas Stage 1,https://www.vlr.gg/645485/100-thieves-vs-sentinels-vct-2026-americas-stage-1-w2
100T,Split,def,SEN,1,0,33,defus,2026-04-19 19:20:00,1,VCT 2026: Americas Stage 1,https://www.vlr.gg/645485/100-thieves-vs-sentinels-vct-2026-americas-stage-1-w2
100T,Split,def,SEN,0,1,35,elim,2026-04-19 19:20:00,1,VCT 2026: Americas Stage 1,https://www.vlr.gg/645485/100-thieves-vs-sentinels-vct-2026-americas-stage-1-w2
LEV,Bind,atk,ENVY,0,1,1,defus,2026-04-24 17:00:00,0,VCT 2026: Americas Stage 1,https://www.vlr.gg/645486/leviat-n-vs-envy-vct-2026-americas-stage-1-w3
LEV,Bind,atk,ENVY,0,1,2,defus,2026-04-24 17:00:00,0,VCT 2026: Americas Stage 1,https://www.vlr.gg/645486/leviat-n-vs-envy-vct-2026-americas-stage-1-w3
LEV,Bind,atk,ENVY,1,0,3,elim,2026-04-24 17:00:00,0,VCT 2026: Americas Stage 1,https://www.vlr.gg/645486/leviat-n-vs-envy-vct-2026-americas-stage-1-w3
LEV,Bind,atk,ENVY,1,0,4,elim,2026-04-24 17:00:00,0,VCT 2026: Americas Stage 1,https://www.vlr.gg/645486/leviat-n-vs-envy-vct-2026-americas-stage-1-w3
LEV,Bind,atk,ENVY,1,0,5,elim,2026-04-24 17:00:00,0,VCT 2026: Americas Stage 1,https://www.vlr.gg/645486/leviat-n-vs-envy-vct-2026-americas-stage-1-w3
LEV,Bind,atk,ENVY,1,0,6,elim,2026-04-24 17:00:00,0,VCT 2026: Americas Stage 1,https://www.vlr.gg/645486/leviat-n-vs-envy-vct-2026-americas-stage-1-w3
LEV,Bind,atk,ENVY,1,0,7,elim,2026-04-24 17:00:00,0,VCT 2026: Americas Stage 1,https://www.vlr.gg/645486/leviat-n-vs-envy-vct-2026-americas-stage-1-w3
LEV,Bind,atk,ENVY,1,0,8,elim,2026-04-24 17:00:00,0,VCT 2026: Americas Stage 1,https://www.vlr.gg/645486/leviat-n-vs-envy-vct-2026-americas-stage-1-w3
LEV,Bind,atk,ENVY,1,0,9,elim,2026-04-24 17:00:00,0,VCT 2026: Americas Stage 1,https://www.vlr.gg/645486/leviat-n-vs-envy-vct-2026-americas-stage-1-w3
LEV,Bind,atk,ENVY,1,0,10,elim,2026-04-24 17:00:00,0,VCT 2026: Americas Stage 1,https://www.vlr.gg/645486/leviat-n-vs-envy-vct-2026-americas-stage-1-w3
LEV,Bind,atk,ENVY,1,0,11,elim,2026-04-24 17:00:00,0,VCT 2026: Americas Stage 1,https://www.vlr.gg/645486/leviat-n-vs-envy-vct-2026-americas-stage-1-w3
LEV,Bind,atk,ENVY,1,0,12,elim,2026-04-24 17:00:00,0,VCT 2026: Americas Stage 1,https://www.vlr.gg/645486/leviat-n-vs-envy-vct-2026-americas-stage-1-w3
LEV,Bind,def,ENVY,0,1,13,elim,2026-04-24 17:00:00,0,VCT 2026: Americas Stage 1,https://www.vlr.gg/645486/leviat-n-vs-envy-vct-2026-americas-stage-1-w3
LEV,Bind,def,ENVY,0,1,14,elim,2026-04-24 17:00:00,0,VCT 2026: Americas Stage 1,https://www.vlr.gg/645486/leviat-n-vs-envy-vct-2026-americas-stage-1-w3
LEV,Bind,def,ENVY,1,0,15,elim,2026-04-24 17:00:00,0,VCT 2026: Americas Stage 1,https://www.vlr.gg/645486/leviat-n-vs-envy-vct-2026-americas-stage-1-w3
LEV,Bind,def,ENVY,1,0,16,elim,2026-04-24 17:00:00,0,VCT 2026: Americas Stage 1,https://www.vlr.gg/645486/leviat-n-vs-envy-vct-2026-americas-stage-1-w3
LEV,Bind,def,ENVY,1,0,17,elim,2026-04-24 17:00:00,0,VCT 2026: Americas Stage 1,https://www.vlr.gg/645486/leviat-n-vs-envy-vct-2026-americas-stage-1-w3
LEV,Fracture,atk,ENVY,1,0,1,boom,2026-04-24 17:00:00,1,VCT 2026: Americas Stage 1,https://www.vlr.gg/645486/leviat-n-vs-envy-vct-2026-americas-stage-1-w3
LEV,Fracture,atk,ENVY,1,0,2,elim,2026-04-24 17:00:00,1,VCT 2026: Americas Stage 1,https://www.vlr.gg/645486/leviat-n-vs-envy-vct-2026-americas-stage-1-w3
LEV,Fracture,atk,ENVY,1,0,3,elim,2026-04-24 17:00:00,1,VCT 2026: Americas Stage 1,https://www.vlr.gg/645486/leviat-n-vs-envy-vct-2026-americas-stage-1-w3
LEV,Fracture,atk,ENVY,1,0,4,elim,2026-04-24 17:00:00,1,VCT 2026: Americas Stage 1,https://www.vlr.gg/645486/leviat-n-vs-envy-vct-2026-americas-stage-1-w3
LEV,Fracture,atk,ENVY,0,1,5,elim,2026-04-24 17:00:00,1,VCT 2026: Americas Stage 1,https://www.vlr.gg/645486/leviat-n-vs-envy-vct-2026-americas-stage-1-w3
LEV,Fracture,atk,ENVY,1,0,6,elim,2026-04-24 17:00:00,1,VCT 2026: Americas Stage 1,https://www.vlr.gg/645486/leviat-n-vs-envy-vct-2026-americas-stage-1-w3
LEV,Fracture,atk,ENVY,1,0,7,elim,2026-04-24 17:00:00,1,VCT 2026: Americas Stage 1,https://www.vlr.gg/645486/leviat-n-vs-envy-vct-2026-americas-stage-1-w3
LEV,Fracture,atk,ENVY,0,1,8,elim,2026-04-24 17:00:00,1,VCT 2026: Americas Stage 1,https://www.vlr.gg/645486/leviat-n-vs-envy-vct-2026-americas-stage-1-w3
LEV,Fracture,atk,ENVY,1,0,9,elim,2026-04-24 17:00:00,1,VCT 2026: Americas Stage 1,https://www.vlr.gg/645486/leviat-n-vs-envy-vct-2026-americas-stage-1-w3
LEV,Fracture,atk,ENVY,1,0,10,elim,2026-04-24 17:00:00,1,VCT 2026: Americas Stage 1,https://www.vlr.gg/645486/leviat-n-vs-envy-vct-2026-americas-stage-1-w3
LEV,Fracture,atk,ENVY,0,1,11,elim,2026-04-24 17:00:00,1,VCT 2026: Americas Stage 1,https://www.vlr.gg/645486/leviat-n-vs-envy-vct-2026-americas-stage-1-w3
LEV,Fracture,atk,ENVY,1,0,12,elim,2026-04-24 17:00:00,1,VCT 2026: Americas Stage 1,https://www.vlr.gg/645486/leviat-n-vs-envy-vct-2026-americas-stage-1-w3
LEV,Fracture,def,ENVY,1,0,13,elim,2026-04-24 17:00:00,1,VCT 2026: Americas Stage 1,https://www.vlr.gg/645486/leviat-n-vs-envy-vct-2026-americas-stage-1-w3
LEV,Fracture,def,ENVY,1,0,14,elim,2026-04-24 17:00:00,1,VCT 2026: Americas Stage 1,https://www.vlr.gg/645486/leviat-n-vs-envy-vct-2026-americas-stage-1-w3
LEV,Fracture,def,ENVY,1,0,15,elim,2026-04-24 17:00:00,1,VCT 2026: Americas Stage 1,https://www.vlr.gg/645486/leviat-n-vs-envy-vct-2026-americas-stage-1-w3
LEV,Fracture,def,ENVY,0,1,16,elim,2026-04-24 17:00:00,1,VCT 2026: Americas Stage 1,https://www.vlr.gg/645486/leviat-n-vs-envy-vct-2026-americas-stage-1-w3
LEV,Fracture,def,ENVY,1,0,17,defus,2026-04-24 17:00:00,1,VCT 2026: Americas Stage 1,https://www.vlr.gg/645486/leviat-n-vs-envy-vct-2026-americas-stage-1-w3
G2,Haven,atk,LOUD,0,1,13,elim,2026-04-24 18:40:00,0,VCT 2026: Americas Stage 1,https://www.vlr.gg/645487/g2-esports-vs-loud-vct-2026-americas-stage-1-w3
G2,Haven,atk,LOUD,0,1,14,elim,2026-04-24 18:40:00,0,VCT 2026: Americas Stage 1,https://www.vlr.gg/645487/g2-esports-vs-loud-vct-2026-americas-stage-1-w3
G2,Haven,atk,LOUD,1,0,15,elim,2026-04-24 18:40:00,0,VCT 2026: Americas Stage 1,https://www.vlr.gg/645487/g2-esports-vs-loud-vct-2026-americas-stage-1-w3
G2,Haven,atk,LOUD,1,0,16,boom,2026-04-24 18:40:00,0,VCT 2026: Americas Stage 1,https://www.vlr.gg/645487/g2-esports-vs-loud-vct-2026-americas-stage-1-w3
G2,Haven,atk,LOUD,1,0,17,elim,2026-04-24 18:40:00,0,VCT 2026: Americas Stage 1,https://www.vlr.gg/645487/g2-esports-vs-loud-vct-2026-americas-stage-1-w3
G2,Haven,atk,LOUD,1,0,18,elim,2026-04-24 18:40:00,0,VCT 2026: Americas Stage 1,https://www.vlr.gg/645487/g2-esports-vs-loud-vct-2026-americas-stage-1-w3
G2,Haven,atk,LOUD,0,1,19,defus,2026-04-24 18:40:00,0,VCT 2026: Americas Stage 1,https://www.vlr.gg/645487/g2-esports-vs-loud-vct-2026-americas-stage-1-w3
G2,Haven,atk,LOUD,1,0,20,elim,2026-04-24 18:40:00,0,VCT 2026: Americas Stage 1,https://www.vlr.gg/645487/g2-esports-vs-loud-vct-2026-americas-stage-1-w3
G2,Haven,atk,LOUD,1,0,21,elim,2026-04-24 18:40:00,0,VCT 2026: Americas Stage 1,https://www.vlr.gg/645487/g2-esports-vs-loud-vct-2026-americas-stage-1-w3
G2,Haven,atk,LOUD,1,0,22,elim,2026-04-24 18:40:00,0,VCT 2026: Americas Stage 1,https://www.vlr.gg/645487/g2-esports-vs-loud-vct-2026-americas-stage-1-w3
G2,Haven,def,LOUD,0,1,1,elim,2026-04-24 18:40:00,0,VCT 2026: Americas Stage 1,https://www.vlr.gg/645487/g2-esports-vs-loud-vct-2026-americas-stage-1-w3
G2,Haven,def,LOUD,0,1,2,elim,2026-04-24 18:40:00,0,VCT 2026: Americas Stage 1,https://www.vlr.gg/645487/g2-esports-vs-loud-vct-2026-americas-stage-1-w3
G2,Haven,def,LOUD,0,1,3,boom,2026-04-24 18:40:00,0,VCT 2026: Americas Stage 1,https://www.vlr.gg/645487/g2-esports-vs-loud-vct-2026-americas-stage-1-w3
G2,Haven,def,LOUD,1,0,4,elim,2026-04-24 18:40:00,0,VCT 2026: Americas Stage 1,https://www.vlr.gg/645487/g2-esports-vs-loud-vct-2026-americas-stage-1-w3
G2,Haven,def,LOUD,1,0,5,defus,2026-04-24 18:40:00,0,VCT 2026: Americas Stage 1,https://www.vlr.gg/645487/g2-esports-vs-loud-vct-2026-americas-stage-1-w3
G2,Haven,def,LOUD,0,1,6,elim,2026-04-24 18:40:00,0,VCT 2026: Americas Stage 1,https://www.vlr.gg/645487/g2-esports-vs-loud-vct-2026-americas-stage-1-w3
G2,Haven,def,LOUD,0,1,7,elim,2026-04-24 18:40:00,0,VCT 2026: Americas Stage 1,https://www.vlr.gg/645487/g2-esports-vs-loud-vct-2026-americas-stage-1-w3
G2,Haven,def,LOUD,1,0,8,defus,2026-04-24 18:40:00,0,VCT 2026: Americas Stage 1,https://www.vlr.gg/645487/g2-esports-vs-loud-vct-2026-americas-stage-1-w3
G2,Haven,def,LOUD,1,0,9,tim,2026-04-24 18:40:00,0,VCT 2026: Americas Stage 1,https://www.vlr.gg/645487/g2-esports-vs-loud-vct-2026-americas-stage-1-w3
G2,Haven,def,LOUD,1,0,10,defus,2026-04-24 18:40:00,0,VCT 2026: Americas Stage 1,https://www.vlr.gg/645487/g2-esports-vs-loud-vct-2026-americas-stage-1-w3
G2,Haven,def,LOUD,1,0,11,elim,2026-04-24 18:40:00,0,VCT 2026: Americas Stage 1,https://www.vlr.gg/645487/g2-esports-vs-loud-vct-2026-americas-stage-1-w3
G2,Haven,def,LOUD,0,1,12,boom,2026-04-24 18:40:00,0,VCT 2026: Americas Stage 1,https://www.vlr.gg/645487/g2-esports-vs-loud-vct-2026-americas-stage-1-w3
G2,Pearl,atk,LOUD,0,1,13,elim,2026-04-24 18:40:00,1,VCT 2026: Americas Stage 1,https://www.vlr.gg/645487/g2-esports-vs-loud-vct-2026-americas-stage-1-w3
G2,Pearl,atk,LOUD,0,1,14,defus,2026-04-24 18:40:00,1,VCT 2026: Americas Stage 1,https://www.vlr.gg/645487/g2-esports-vs-loud-vct-2026-americas-stage-1-w3
G2,Pearl,atk,LOUD,0,1,15,tim,2026-04-24 18:40:00,1,VCT 2026: Americas Stage 1,https://www.vlr.gg/645487/g2-esports-vs-loud-vct-2026-americas-stage-1-w3
G2,Pearl,atk,LOUD,1,0,16,elim,2026-04-24 18:40:00,1,VCT 2026: Americas Stage 1,https://www.vlr.gg/645487/g2-esports-vs-loud-vct-2026-americas-stage-1-w3
G2,Pearl,atk,LOUD,1,0,17,elim,2026-04-24 18:40:00,1,VCT 2026: Americas Stage 1,https://www.vlr.gg/645487/g2-esports-vs-loud-vct-2026-americas-stage-1-w3
G2,Pearl,atk,LOUD,0,1,18,tim,2026-04-24 18:40:00,1,VCT 2026: Americas Stage 1,https://www.vlr.gg/645487/g2-esports-vs-loud-vct-2026-americas-stage-1-w3
G2,Pearl,atk,LOUD,1,0,19,elim,2026-04-24 18:40:00,1,VCT 2026: Americas Stage 1,https://www.vlr.gg/645487/g2-esports-vs-loud-vct-2026-americas-stage-1-w3
G2,Pearl,atk,LOUD,1,0,20,elim,2026-04-24 18:40:00,1,VCT 2026: Americas Stage 1,https://www.vlr.gg/645487/g2-esports-vs-loud-vct-2026-americas-stage-1-w3
G2,Pearl,atk,LOUD,1,0,21,elim,2026-04-24 18:40:00,1,VCT 2026: Americas Stage 1,https://www.vlr.gg/645487/g2-esports-vs-loud-vct-2026-americas-stage-1-w3
G2,Pearl,atk,LOUD,0,1,22,elim,2026-04-24 18:40:00,1,VCT 2026: Americas Stage 1,https://www.vlr.gg/645487/g2-esports-vs-loud-vct-2026-americas-stage-1-w3
G2,Pearl,atk,LOUD,1,0,23,elim,2026-04-24 18:40:00,1,VCT 2026: Americas Stage 1,https://www.vlr.gg/645487/g2-esports-vs-loud-vct-2026-americas-stage-1-w3
G2,Pearl,def,LOUD,0,1,1,elim,2026-04-24 18:40:00,1,VCT 2026: Americas Stage 1,https://www.vlr.gg/645487/g2-esports-vs-loud-vct-2026-americas-stage-1-w3
G2,Pearl,def,LOUD,0,1,2,elim,2026-04-24 18:40:00,1,VCT 2026: Americas Stage 1,https://www.vlr.gg/645487/g2-esports-vs-loud-vct-2026-americas-stage-1-w3
G2,Pearl,def,LOUD,1,0,3,elim,2026-04-24 18:40:00,1,VCT 2026: Americas Stage 1,https://www.vlr.gg/645487/g2-esports-vs-loud-vct-2026-americas-stage-1-w3
G2,Pearl,def,LOUD,1,0,4,elim,2026-04-24 18:40:00,1,VCT 2026: Americas Stage 1,https://www.vlr.gg/645487/g2-esports-vs-loud-vct-2026-americas-stage-1-w3
G2,Pearl,def,LOUD,1,0,5,defus,2026-04-24 18:40:00,1,VCT 2026: Americas Stage 1,https://www.vlr.gg/645487/g2-esports-vs-loud-vct-2026-americas-stage-1-w3
G2,Pearl,def,LOUD,0,1,6,elim,2026-04-24 18:40:00,1,VCT 2026: Americas Stage 1,https://www.vlr.gg/645487/g2-esports-vs-loud-vct-2026-americas-stage-1-w3
G2,Pearl,def,LOUD,0,1,7,elim,2026-04-24 18:40:00,1,VCT 2026: Americas Stage 1,https://www.vlr.gg/645487/g2-esports-vs-loud-vct-2026-americas-stage-1-w3
G2,Pearl,def,LOUD,1,0,8,elim,2026-04-24 18:40:00,1,VCT 2026: Americas Stage 1,https://www.vlr.gg/645487/g2-esports-vs-loud-vct-2026-americas-stage-1-w3
G2,Pearl,def,LOUD,1,0,9,defus,2026-04-24 18:40:00,1,VCT 2026: Americas Stage 1,https://www.vlr.gg/645487/g2-esports-vs-loud-vct-2026-americas-stage-1-w3
G2,Pearl,def,LOUD,1,0,10,elim,2026-04-24 18:40:00,1,VCT 2026: Americas Stage 1,https://www.vlr.gg/645487/g2-esports-vs-loud-vct-2026-americas-stage-1-w3
G2,Pearl,def,LOUD,1,0,11,defus,2026-04-24 18:40:00,1,VCT 2026: Americas Stage 1,https://www.vlr.gg/645487/g2-esports-vs-loud-vct-2026-americas-stage-1-w3
G2,Pearl,def,LOUD,0,1,12,elim,2026-04-24 18:40:00,1,VCT 2026: Americas Stage 1,https://www.vlr.gg/645487/g2-esports-vs-loud-vct-2026-americas-stage-1-w3
FUR,Lotus,atk,KRÜ,0,1,1,defus,2026-04-25 17:00:00,0,VCT 2026: Americas Stage 1,https://www.vlr.gg/645488/furia-vs-kr-esports-vct-2026-americas-stage-1-w3
FUR,Lotus,atk,KRÜ,0,1,2,elim,2026-04-25 17:00:00,0,VCT 2026: Americas Stage 1,https://www.vlr.gg/645488/furia-vs-kr-esports-vct-2026-americas-stage-1-w3
FUR,Lotus,atk,KRÜ,0,1,3,elim,2026-04-25 17:00:00,0,VCT 2026: Americas Stage 1,https://www.vlr.gg/645488/furia-vs-kr-esports-vct-2026-americas-stage-1-w3
FUR,Lotus,atk,KRÜ,1,0,4,elim,2026-04-25 17:00:00,0,VCT 2026: Americas Stage 1,https://www.vlr.gg/645488/furia-vs-kr-esports-vct-2026-americas-stage-1-w3
FUR,Lotus,atk,KRÜ,1,0,5,elim,2026-04-25 17:00:00,0,VCT 2026: Americas Stage 1,https://www.vlr.gg/645488/furia-vs-kr-esports-vct-2026-americas-stage-1-w3
FUR,Lotus,atk,KRÜ,0,1,6,elim,2026-04-25 17:00:00,0,VCT 2026: Americas Stage 1,https://www.vlr.gg/645488/furia-vs-kr-esports-vct-2026-americas-stage-1-w3
FUR,Lotus,atk,KRÜ,0,1,7,defus,2026-04-25 17:00:00,0,VCT 2026: Americas Stage 1,https://www.vlr.gg/645488/furia-vs-kr-esports-vct-2026-americas-stage-1-w3
FUR,Lotus,atk,KRÜ,0,1,8,elim,2026-04-25 17:00:00,0,VCT 2026: Americas Stage 1,https://www.vlr.gg/645488/furia-vs-kr-esports-vct-2026-americas-stage-1-w3
FUR,Lotus,atk,KRÜ,0,1,9,defus,2026-04-25 17:00:00,0,VCT 2026: Americas Stage 1,https://www.vlr.gg/645488/furia-vs-kr-esports-vct-2026-americas-stage-1-w3
FUR,Lotus,atk,KRÜ,0,1,10,defus,2026-04-25 17:00:00,0,VCT 2026: Americas Stage 1,https://www.vlr.gg/645488/furia-vs-kr-esports-vct-2026-americas-stage-1-w3
FUR,Lotus,atk,KRÜ,0,1,11,tim,2026-04-25 17:00:00,0,VCT 2026: Americas Stage 1,https://www.vlr.gg/645488/furia-vs-kr-esports-vct-2026-americas-stage-1-w3
FUR,Lotus,atk,KRÜ,0,1,12,defus,2026-04-25 17:00:00,0,VCT 2026: Americas Stage 1,https://www.vlr.gg/645488/furia-vs-kr-esports-vct-2026-americas-stage-1-w3
FUR,Lotus,def,KRÜ,0,1,13,elim,2026-04-25 17:00:00,0,VCT 2026: Americas Stage 1,https://www.vlr.gg/645488/furia-vs-kr-esports-vct-2026-americas-stage-1-w3
FUR,Lotus,def,KRÜ,1,0,14,elim,2026-04-25 17:00:00,0,VCT 2026: Americas Stage 1,https://www.vlr.gg/645488/furia-vs-kr-esports-vct-2026-americas-stage-1-w3
FUR,Lotus,def,KRÜ,1,0,15,defus,2026-04-25 17:00:00,0,VCT 2026: Americas Stage 1,https://www.vlr.gg/645488/furia-vs-kr-esports-vct-2026-americas-stage-1-w3
FUR,Lotus,def,KRÜ,0,1,16,elim,2026-04-25 17:00:00,0,VCT 2026: Americas Stage 1,https://www.vlr.gg/645488/furia-vs-kr-esports-vct-2026-americas-stage-1-w3
FUR,Lotus,def,KRÜ,0,1,17,elim,2026-04-25 17:00:00,0,VCT 2026: Americas Stage 1,https://www.vlr.gg/645488/furia-vs-kr-esports-vct-2026-americas-stage-1-w3
FUR,Haven,atk,KRÜ,0,1,13,elim,2026-04-25 17:00:00,1,VCT 2026: Americas Stage 1,https://www.vlr.gg/645488/furia-vs-kr-esports-vct-2026-americas-stage-1-w3
FUR,Haven,atk,KRÜ,0,1,14,defus,2026-04-25 17:00:00,1,VCT 2026: Americas Stage 1,https://www.vlr.gg/645488/furia-vs-kr-esports-vct-2026-americas-stage-1-w3
FUR,Haven,atk,KRÜ,1,0,15,elim,2026-04-25 17:00:00,1,VCT 2026: Americas Stage 1,https://www.vlr.gg/645488/furia-vs-kr-esports-vct-2026-americas-stage-1-w3
FUR,Haven,atk,KRÜ,0,1,16,defus,2026-04-25 17:00:00,1,VCT 2026: Americas Stage 1,https://www.vlr.gg/645488/furia-vs-kr-esports-vct-2026-americas-stage-1-w3
FUR,Haven,atk,KRÜ,0,1,17,elim,2026-04-25 17:00:00,1,VCT 2026: Americas Stage 1,https://www.vlr.gg/645488/furia-vs-kr-esports-vct-2026-americas-stage-1-w3
FUR,Haven,atk,KRÜ,1,0,18,elim,2026-04-25 17:00:00,1,VCT 2026: Americas Stage 1,https://www.vlr.gg/645488/furia-vs-kr-esports-vct-2026-americas-stage-1-w3
FUR,Haven,atk,KRÜ,1,0,19,elim,2026-04-25 17:00:00,1,VCT 2026: Americas Stage 1,https://www.vlr.gg/645488/furia-vs-kr-esports-vct-2026-americas-stage-1-w3
FUR,Haven,atk,KRÜ,0,1,20,defus,2026-04-25 17:00:00,1,VCT 2026: Americas Stage 1,https://www.vlr.gg/645488/furia-vs-kr-esports-vct-2026-americas-stage-1-w3
FUR,Haven,atk,KRÜ,0,1,21,elim,2026-04-25 17:00:00,1,VCT 2026: Americas Stage 1,https://www.vlr.gg/645488/furia-vs-kr-esports-vct-2026-americas-stage-1-w3
FUR,Haven,atk,KRÜ,0,1,22,defus,2026-04-25 17:00:00,1,VCT 2026: Americas Stage 1,https://www.vlr.gg/645488/furia-vs-kr-esports-vct-2026-americas-stage-1-w3
FUR,Haven,atk,KRÜ,0,1,23,elim,2026-04-25 17:00:00,1,VCT 2026: Americas Stage 1,https://www.vlr.gg/645488/furia-vs-kr-esports-vct-2026-americas-stage-1-w3
FUR,Haven,def,KRÜ,0,1,1,elim,2026-04-25 17:00:00,1,VCT 2026: Americas Stage 1,https://www.vlr.gg/645488/furia-vs-kr-esports-vct-2026-americas-stage-1-w3
FUR,Haven,def,KRÜ,0,1,2,elim,2026-04-25 17:00:00,1,VCT 2026: Americas Stage 1,https://www.vlr.gg/645488/furia-vs-kr-esports-vct-2026-americas-stage-1-w3
FUR,Haven,def,KRÜ,0,1,3,elim,2026-04-25 17:00:00,1,VCT 2026: Americas Stage 1,https://www.vlr.gg/645488/furia-vs-kr-esports-vct-2026-americas-stage-1-w3
FUR,Haven,def,KRÜ,0,1,4,boom,2026-04-25 17:00:00,1,VCT 2026: Americas Stage 1,https://www.vlr.gg/645488/furia-vs-kr-esports-vct-2026-americas-stage-1-w3
FUR,Haven,def,KRÜ,1,0,5,elim,2026-04-25 17:00:00,1,VCT 2026: Americas Stage 1,https://www.vlr.gg/645488/furia-vs-kr-esports-vct-2026-americas-stage-1-w3
FUR,Haven,def,KRÜ,1,0,6,elim,2026-04-25 17:00:00,1,VCT 2026: Americas Stage 1,https://www.vlr.gg/645488/furia-vs-kr-esports-vct-2026-americas-stage-1-w3
FUR,Haven,def,KRÜ,1,0,7,elim,2026-04-25 17:00:00,1,VCT 2026: Americas Stage 1,https://www.vlr.gg/645488/furia-vs-kr-esports-vct-2026-americas-stage-1-w3
FUR,Haven,def,KRÜ,0,1,8,elim,2026-04-25 17:00:00,1,VCT 2026: Americas Stage 1,https://www.vlr.gg/645488/furia-vs-kr-esports-vct-2026-americas-stage-1-w3
FUR,Haven,def,KRÜ,1,0,9,elim,2026-04-25 17:00:00,1,VCT 2026: Americas Stage 1,https://www.vlr.gg/645488/furia-vs-kr-esports-vct-2026-americas-stage-1-w3
FUR,Haven,def,KRÜ,1,0,10,defus,2026-04-25 17:00:00,1,VCT 2026: Americas Stage 1,https://www.vlr.gg/645488/furia-vs-kr-esports-vct-2026-americas-stage-1-w3
FUR,Haven,def,KRÜ,1,0,11,elim,2026-04-25 17:00:00,1,VCT 2026: Americas Stage 1,https://www.vlr.gg/645488/furia-vs-kr-esports-vct-2026-americas-stage-1-w3
FUR,Haven,def,KRÜ,1,0,12,elim,2026-04-25 17:00:00,1,VCT 2026: Americas Stage 1,https://www.vlr.gg/645488/furia-vs-kr-esports-vct-2026-americas-stage-1-w3
NRG,Pearl,atk,100T,1,0,13,elim,2026-04-25 19:05:00,0,VCT 2026: Americas Stage 1,https://www.vlr.gg/645489/nrg-vs-100-thieves-vct-2026-americas-stage-1-w3
NRG,Pearl,atk,100T,1,0,14,boom,2026-04-25 19:05:00,0,VCT 2026: Americas Stage 1,https://www.vlr.gg/645489/nrg-vs-100-thieves-vct-2026-americas-stage-1-w3
NRG,Pearl,atk,100T,0,1,15,defus,2026-04-25 19:05:00,0,VCT 2026: Americas Stage 1,https://www.vlr.gg/645489/nrg-vs-100-thieves-vct-2026-americas-stage-1-w3
NRG,Pearl,atk,100T,1,0,16,elim,2026-04-25 19:05:00,0,VCT 2026: Americas Stage 1,https://www.vlr.gg/645489/nrg-vs-100-thieves-vct-2026-americas-stage-1-w3
NRG,Pearl,atk,100T,1,0,17,boom,2026-04-25 19:05:00,0,VCT 2026: Americas Stage 1,https://www.vlr.gg/645489/nrg-vs-100-thieves-vct-2026-americas-stage-1-w3
NRG,Pearl,atk,100T,0,1,18,elim,2026-04-25 19:05:00,0,VCT 2026: Americas Stage 1,https://www.vlr.gg/645489/nrg-vs-100-thieves-vct-2026-americas-stage-1-w3
NRG,Pearl,atk,100T,1,0,19,elim,2026-04-25 19:05:00,0,VCT 2026: Americas Stage 1,https://www.vlr.gg/645489/nrg-vs-100-thieves-vct-2026-americas-stage-1-w3
NRG,Pearl,atk,100T,1,0,20,elim,2026-04-25 19:05:00,0,VCT 2026: Americas Stage 1,https://www.vlr.gg/645489/nrg-vs-100-thieves-vct-2026-americas-stage-1-w3
NRG,Pearl,atk,100T,0,1,21,elim,2026-04-25 19:05:00,0,VCT 2026: Americas Stage 1,https://www.vlr.gg/645489/nrg-vs-100-thieves-vct-2026-americas-stage-1-w3
NRG,Pearl,atk,100T,0,1,22,defus,2026-04-25 19:05:00,0,VCT 2026: Americas Stage 1,https://www.vlr.gg/645489/nrg-vs-100-thieves-vct-2026-americas-stage-1-w3
NRG,Pearl,def,100T,0,1,1,elim,2026-04-25 19:05:00,0,VCT 2026: Americas Stage 1,https://www.vlr.gg/645489/nrg-vs-100-thieves-vct-2026-americas-stage-1-w3
NRG,Pearl,def,100T,0,1,2,boom,2026-04-25 19:05:00,0,VCT 2026: Americas Stage 1,https://www.vlr.gg/645489/nrg-vs-100-thieves-vct-2026-americas-stage-1-w3
NRG,Pearl,def,100T,0,1,3,elim,2026-04-25 19:05:00,0,VCT 2026: Americas Stage 1,https://www.vlr.gg/645489/nrg-vs-100-thieves-vct-2026-americas-stage-1-w3
NRG,Pearl,def,100T,0,1,4,elim,2026-04-25 19:05:00,0,VCT 2026: Americas Stage 1,https://www.vlr.gg/645489/nrg-vs-100-thieves-vct-2026-americas-stage-1-w3
NRG,Pearl,def,100T,0,1,5,boom,2026-04-25 19:05:00,0,VCT 2026: Americas Stage 1,https://www.vlr.gg/645489/nrg-vs-100-thieves-vct-2026-americas-stage-1-w3
NRG,Pearl,def,100T,1,0,6,elim,2026-04-25 19:05:00,0,VCT 2026: Americas Stage 1,https://www.vlr.gg/645489/nrg-vs-100-thieves-vct-2026-americas-stage-1-w3
NRG,Pearl,def,100T,0,1,7,boom,2026-04-25 19:05:00,0,VCT 2026: Americas Stage 1,https://www.vlr.gg/645489/nrg-vs-100-thieves-vct-2026-americas-stage-1-w3
NRG,Pearl,def,100T,0,1,8,elim,2026-04-25 19:05:00,0,VCT 2026: Americas Stage 1,https://www.vlr.gg/645489/nrg-vs-100-thieves-vct-2026-americas-stage-1-w3
NRG,Pearl,def,100T,0,1,9,elim,2026-04-25 19:05:00,0,VCT 2026: Americas Stage 1,https://www.vlr.gg/645489/nrg-vs-100-thieves-vct-2026-americas-stage-1-w3
NRG,Pearl,def,100T,0,1,10,elim,2026-04-25 19:05:00,0,VCT 2026: Americas Stage 1,https://www.vlr.gg/645489/nrg-vs-100-thieves-vct-2026-americas-stage-1-w3
NRG,Pearl,def,100T,1,0,11,elim,2026-04-25 19:05:00,0,VCT 2026: Americas Stage 1,https://www.vlr.gg/645489/nrg-vs-100-thieves-vct-2026-americas-stage-1-w3
NRG,Pearl,def,100T,1,0,12,elim,2026-04-25 19:05:00,0,VCT 2026: Americas Stage 1,https://www.vlr.gg/645489/nrg-vs-100-thieves-vct-2026-americas-stage-1-w3
NRG,Lotus,atk,100T,0,1,1,defus,2026-04-25 19:05:00,1,VCT 2026: Americas Stage 1,https://www.vlr.gg/645489/nrg-vs-100-thieves-vct-2026-americas-stage-1-w3
NRG,Lotus,atk,100T,0,1,2,elim,2026-04-25 19:05:00,1,VCT 2026: Americas Stage 1,https://www.vlr.gg/645489/nrg-vs-100-thieves-vct-2026-americas-stage-1-w3
NRG,Lotus,atk,100T,1,0,3,boom,2026-04-25 19:05:00,1,VCT 2026: Americas Stage 1,https://www.vlr.gg/645489/nrg-vs-100-thieves-vct-2026-americas-stage-1-w3
NRG,Lotus,atk,100T,1,0,4,boom,2026-04-25 19:05:00,1,VCT 2026: Americas Stage 1,https://www.vlr.gg/645489/nrg-vs-100-thieves-vct-2026-americas-stage-1-w3
NRG,Lotus,atk,100T,0,1,5,elim,2026-04-25 19:05:00,1,VCT 2026: Americas Stage 1,https://www.vlr.gg/645489/nrg-vs-100-thieves-vct-2026-americas-stage-1-w3
NRG,Lotus,atk,100T,1,0,6,elim,2026-04-25 19:05:00,1,VCT 2026: Americas Stage 1,https://www.vlr.gg/645489/nrg-vs-100-thieves-vct-2026-americas-stage-1-w3
NRG,Lotus,atk,100T,1,0,7,elim,2026-04-25 19:05:00,1,VCT 2026: Americas Stage 1,https://www.vlr.gg/645489/nrg-vs-100-thieves-vct-2026-americas-stage-1-w3
NRG,Lotus,atk,100T,1,0,8,boom,2026-04-25 19:05:00,1,VCT 2026: Americas Stage 1,https://www.vlr.gg/645489/nrg-vs-100-thieves-vct-2026-americas-stage-1-w3
NRG,Lotus,atk,100T,1,0,9,elim,2026-04-25 19:05:00,1,VCT 2026: Americas Stage 1,https://www.vlr.gg/645489/nrg-vs-100-thieves-vct-2026-americas-stage-1-w3
NRG,Lotus,atk,100T,0,1,10,defus,2026-04-25 19:05:00,1,VCT 2026: Americas Stage 1,https://www.vlr.gg/645489/nrg-vs-100-thieves-vct-2026-americas-stage-1-w3
NRG,Lotus,atk,100T,1,0,11,elim,2026-04-25 19:05:00,1,VCT 2026: Americas Stage 1,https://www.vlr.gg/645489/nrg-vs-100-thieves-vct-2026-americas-stage-1-w3
NRG,Lotus,atk,100T,1,0,12,elim,2026-04-25 19:05:00,1,VCT 2026: Americas Stage 1,https://www.vlr.gg/645489/nrg-vs-100-thieves-vct-2026-americas-stage-1-w3
NRG,Lotus,def,100T,1,0,13,elim,2026-04-25 19:05:00,1,VCT 2026: Americas Stage 1,https://www.vlr.gg/645489/nrg-vs-100-thieves-vct-2026-americas-stage-1-w3
NRG,Lotus,def,100T,0,1,14,elim,2026-04-25 19:05:00,1,VCT 2026: Americas Stage 1,https://www.vlr.gg/645489/nrg-vs-100-thieves-vct-2026-americas-stage-1-w3
NRG,Lotus,def,100T,0,1,15,elim,2026-04-25 19:05:00,1,VCT 2026: Americas Stage 1,https://www.vlr.gg/645489/nrg-vs-100-thieves-vct-2026-americas-stage-1-w3
NRG,Lotus,def,100T,0,1,16,elim,2026-04-25 19:05:00,1,VCT 2026: Americas Stage 1,https://www.vlr.gg/645489/nrg-vs-100-thieves-vct-2026-americas-stage-1-w3
NRG,Lotus,def,100T,0,1,17,elim,2026-04-25 19:05:00,1,VCT 2026: Americas Stage 1,https://www.vlr.gg/645489/nrg-vs-100-thieves-vct-2026-americas-stage-1-w3
NRG,Lotus,def,100T,1,0,18,defus,2026-04-25 19:05:00,1,VCT 2026: Americas Stage 1,https://www.vlr.gg/645489/nrg-vs-100-thieves-vct-2026-americas-stage-1-w3
NRG,Lotus,def,100T,1,0,19,defus,2026-04-25 19:05:00,1,VCT 2026: Americas Stage 1,https://www.vlr.gg/645489/nrg-vs-100-thieves-vct-2026-americas-stage-1-w3
NRG,Lotus,def,100T,0,1,20,boom,2026-04-25 19:05:00,1,VCT 2026: Americas Stage 1,https://www.vlr.gg/645489/nrg-vs-100-thieves-vct-2026-americas-stage-1-w3
NRG,Lotus,def,100T,0,1,21,elim,2026-04-25 19:05:00,1,VCT 2026: Americas Stage 1,https://www.vlr.gg/645489/nrg-vs-100-thieves-vct-2026-americas-stage-1-w3
NRG,Lotus,def,100T,1,0,22,elim,2026-04-25 19:05:00,1,VCT 2026: Americas Stage 1,https://www.vlr.gg/645489/nrg-vs-100-thieves-vct-2026-americas-stage-1-w3
NRG,Lotus,def,100T,1,0,23,defus,2026-04-25 19:05:00,1,VCT 2026: Americas Stage 1,https://www.vlr.gg/645489/nrg-vs-100-thieves-vct-2026-americas-stage-1-w3
NRG,Breeze,atk,100T,1,0,1,elim,2026-04-25 19:05:00,2,VCT 2026: Americas Stage 1,https://www.vlr.gg/645489/nrg-vs-100-thieves-vct-2026-americas-stage-1-w3
NRG,Breeze,atk,100T,1,0,2,elim,2026-04-25 19:05:00,2,VCT 2026: Americas Stage 1,https://www.vlr.gg/645489/nrg-vs-100-thieves-vct-2026-americas-stage-1-w3
NRG,Breeze,atk,100T,1,0,3,boom,2026-04-25 19:05:00,2,VCT 2026: Americas Stage 1,https://www.vlr.gg/645489/nrg-vs-100-thieves-vct-2026-americas-stage-1-w3
NRG,Breeze,atk,100T,1,0,4,elim,2026-04-25 19:05:00,2,VCT 2026: Americas Stage 1,https://www.vlr.gg/645489/nrg-vs-100-thieves-vct-2026-americas-stage-1-w3
NRG,Breeze,atk,100T,1,0,5,elim,2026-04-25 19:05:00,2,VCT 2026: Americas Stage 1,https://www.vlr.gg/645489/nrg-vs-100-thieves-vct-2026-americas-stage-1-w3
NRG,Breeze,atk,100T,1,0,6,elim,2026-04-25 19:05:00,2,VCT 2026: Americas Stage 1,https://www.vlr.gg/645489/nrg-vs-100-thieves-vct-2026-americas-stage-1-w3
NRG,Breeze,atk,100T,1,0,7,boom,2026-04-25 19:05:00,2,VCT 2026: Americas Stage 1,https://www.vlr.gg/645489/nrg-vs-100-thieves-vct-2026-americas-stage-1-w3
NRG,Breeze,atk,100T,1,0,8,elim,2026-04-25 19:05:00,2,VCT 2026: Americas Stage 1,https://www.vlr.gg/645489/nrg-vs-100-thieves-vct-2026-americas-stage-1-w3
NRG,Breeze,atk,100T,1,0,9,elim,2026-04-25 19:05:00,2,VCT 2026: Americas Stage 1,https://www.vlr.gg/645489/nrg-vs-100-thieves-vct-2026-americas-stage-1-w3
NRG,Breeze,atk,100T,1,0,10,boom,2026-04-25 19:05:00,2,VCT 2026: Americas Stage 1,https://www.vlr.gg/645489/nrg-vs-100-thieves-vct-2026-americas-stage-1-w3
NRG,Breeze,atk,100T,1,0,11,elim,2026-04-25 19:05:00,2,VCT 2026: Americas Stage 1,https://www.vlr.gg/645489/nrg-vs-100-thieves-vct-2026-americas-stage-1-w3
NRG,Breeze,atk,100T,1,0,12,elim,2026-04-25 19:05:00,2,VCT 2026: Americas Stage 1,https://www.vlr.gg/645489/nrg-vs-100-thieves-vct-2026-americas-stage-1-w3
NRG,Breeze,def,100T,0,1,13,elim,2026-04-25 19:05:00,2,VCT 2026: Americas Stage 1,https://www.vlr.gg/645489/nrg-vs-100-thieves-vct-2026-americas-stage-1-w3
NRG,Breeze,def,100T,0,1,14,elim,2026-04-25 19:05:00,2,VCT 2026: Americas Stage 1,https://www.vlr.gg/645489/nrg-vs-100-thieves-vct-2026-americas-stage-1-w3
NRG,Breeze,def,100T,1,0,15,defus,2026-04-25 19:05:00,2,VCT 2026: Americas Stage 1,https://www.vlr.gg/645489/nrg-vs-100-thieves-vct-2026-americas-stage-1-w3
EG,Haven,atk,SEN,0,1,13,defus,2026-04-26 17:00:00,0,VCT 2026: Americas Stage 1,https://www.vlr.gg/645490/evil-geniuses-vs-sentinels-vct-2026-americas-stage-1-w3
EG,Haven,atk,SEN,0,1,14,elim,2026-04-26 17:00:00,0,VCT 2026: Americas Stage 1,https://www.vlr.gg/645490/evil-geniuses-vs-sentinels-vct-2026-americas-stage-1-w3
EG,Haven,atk,SEN,1,0,15,elim,2026-04-26 17:00:00,0,VCT 2026: Americas Stage 1,https://www.vlr.gg/645490/evil-geniuses-vs-sentinels-vct-2026-americas-stage-1-w3
EG,Haven,atk,SEN,0,1,16,tim,2026-04-26 17:00:00,0,VCT 2026: Americas Stage 1,https://www.vlr.gg/645490/evil-geniuses-vs-sentinels-vct-2026-americas-stage-1-w3
EG,Haven,atk,SEN,0,1,17,elim,2026-04-26 17:00:00,0,VCT 2026: Americas Stage 1,https://www.vlr.gg/645490/evil-geniuses-vs-sentinels-vct-2026-americas-stage-1-w3
EG,Haven,atk,SEN,1,0,18,elim,2026-04-26 17:00:00,0,VCT 2026: Americas Stage 1,https://www.vlr.gg/645490/evil-geniuses-vs-sentinels-vct-2026-americas-stage-1-w3
EG,Haven,atk,SEN,0,1,19,elim,2026-04-26 17:00:00,0,VCT 2026: Americas Stage 1,https://www.vlr.gg/645490/evil-geniuses-vs-sentinels-vct-2026-americas-stage-1-w3
EG,Haven,atk,SEN,0,1,20,defus,2026-04-26 17:00:00,0,VCT 2026: Americas Stage 1,https://www.vlr.gg/645490/evil-geniuses-vs-sentinels-vct-2026-americas-stage-1-w3
EG,Haven,def,SEN,0,1,1,elim,2026-04-26 17:00:00,0,VCT 2026: Americas Stage 1,https://www.vlr.gg/645490/evil-geniuses-vs-sentinels-vct-2026-americas-stage-1-w3
EG,Haven,def,SEN,0,1,2,elim,2026-04-26 17:00:00,0,VCT 2026: Americas Stage 1,https://www.vlr.gg/645490/evil-geniuses-vs-sentinels-vct-2026-americas-stage-1-w3
EG,Haven,def,SEN,1,0,3,defus,2026-04-26 17:00:00,0,VCT 2026: Americas Stage 1,https://www.vlr.gg/645490/evil-geniuses-vs-sentinels-vct-2026-americas-stage-1-w3
EG,Haven,def,SEN,0,1,4,elim,2026-04-26 17:00:00,0,VCT 2026: Americas Stage 1,https://www.vlr.gg/645490/evil-geniuses-vs-sentinels-vct-2026-americas-stage-1-w3
EG,Haven,def,SEN,1,0,5,elim,2026-04-26 17:00:00,0,VCT 2026: Americas Stage 1,https://www.vlr.gg/645490/evil-geniuses-vs-sentinels-vct-2026-americas-stage-1-w3
EG,Haven,def,SEN,0,1,6,boom,2026-04-26 17:00:00,0,VCT 2026: Americas Stage 1,https://www.vlr.gg/645490/evil-geniuses-vs-sentinels-vct-2026-americas-stage-1-w3
EG,Haven,def,SEN,1,0,7,elim,2026-04-26 17:00:00,0,VCT 2026: Americas Stage 1,https://www.vlr.gg/645490/evil-geniuses-vs-sentinels-vct-2026-americas-stage-1-w3
EG,Haven,def,SEN,1,0,8,defus,2026-04-26 17:00:00,0,VCT 2026: Americas Stage 1,https://www.vlr.gg/645490/evil-geniuses-vs-sentinels-vct-2026-americas-stage-1-w3
EG,Haven,def,SEN,0,1,9,boom,2026-04-26 17:00:00,0,VCT 2026: Americas Stage 1,https://www.vlr.gg/645490/evil-geniuses-vs-sentinels-vct-2026-americas-stage-1-w3
EG,Haven,def,SEN,1,0,10,defus,2026-04-26 17:00:00,0,VCT 2026: Americas Stage 1,https://www.vlr.gg/645490/evil-geniuses-vs-sentinels-vct-2026-americas-stage-1-w3
EG,Haven,def,SEN,0,1,11,boom,2026-04-26 17:00:00,0,VCT 2026: Americas Stage 1,https://www.vlr.gg/645490/evil-geniuses-vs-sentinels-vct-2026-americas-stage-1-w3
EG,Haven,def,SEN,0,1,12,elim,2026-04-26 17:00:00,0,VCT 2026: Americas Stage 1,https://www.vlr.gg/645490/evil-geniuses-vs-sentinels-vct-2026-americas-stage-1-w3
EG,Bind,atk,SEN,1,0,1,elim,2026-04-26 17:00:00,1,VCT 2026: Americas Stage 1,https://www.vlr.gg/645490/evil-geniuses-vs-sentinels-vct-2026-americas-stage-1-w3
EG,Bind,atk,SEN,1,0,2,elim,2026-04-26 17:00:00,1,VCT 2026: Americas Stage 1,https://www.vlr.gg/645490/evil-geniuses-vs-sentinels-vct-2026-americas-stage-1-w3
EG,Bind,atk,SEN,0,1,3,defus,2026-04-26 17:00:00,1,VCT 2026: Americas Stage 1,https://www.vlr.gg/645490/evil-geniuses-vs-sentinels-vct-2026-americas-stage-1-w3
EG,Bind,atk,SEN,0,1,4,elim,2026-04-26 17:00:00,1,VCT 2026: Americas Stage 1,https://www.vlr.gg/645490/evil-geniuses-vs-sentinels-vct-2026-americas-stage-1-w3
EG,Bind,atk,SEN,1,0,5,elim,2026-04-26 17:00:00,1,VCT 2026: Americas Stage 1,https://www.vlr.gg/645490/evil-geniuses-vs-sentinels-vct-2026-americas-stage-1-w3
EG,Bind,atk,SEN,0,1,6,defus,2026-04-26 17:00:00,1,VCT 2026: Americas Stage 1,https://www.vlr.gg/645490/evil-geniuses-vs-sentinels-vct-2026-americas-stage-1-w3
EG,Bind,atk,SEN,0,1,7,tim,2026-04-26 17:00:00,1,VCT 2026: Americas Stage 1,https://www.vlr.gg/645490/evil-geniuses-vs-sentinels-vct-2026-americas-stage-1-w3
EG,Bind,atk,SEN,1,0,8,boom,2026-04-26 17:00:00,1,VCT 2026: Americas Stage 1,https://www.vlr.gg/645490/evil-geniuses-vs-sentinels-vct-2026-americas-stage-1-w3
EG,Bind,atk,SEN,0,1,9,elim,2026-04-26 17:00:00,1,VCT 2026: Americas Stage 1,https://www.vlr.gg/645490/evil-geniuses-vs-sentinels-vct-2026-americas-stage-1-w3
EG,Bind,atk,SEN,1,0,10,elim,2026-04-26 17:00:00,1,VCT 2026: Americas Stage 1,https://www.vlr.gg/645490/evil-geniuses-vs-sentinels-vct-2026-americas-stage-1-w3
EG,Bind,atk,SEN,0,1,11,elim,2026-04-26 17:00:00,1,VCT 2026: Americas Stage 1,https://www.vlr.gg/645490/evil-geniuses-vs-sentinels-vct-2026-americas-stage-1-w3
EG,Bind,atk,SEN,0,1,12,defus,2026-04-26 17:00:00,1,VCT 2026: Americas Stage 1,https://www.vlr.gg/645490/evil-geniuses-vs-sentinels-vct-2026-americas-stage-1-w3
EG,Bind,def,SEN,1,0,13,elim,2026-04-26 17:00:00,1,VCT 2026: Americas Stage 1,https://www.vlr.gg/645490/evil-geniuses-vs-sentinels-vct-2026-americas-stage-1-w3
EG,Bind,def,SEN,0,1,14,elim,2026-04-26 17:00:00,1,VCT 2026: Americas Stage 1,https://www.vlr.gg/645490/evil-geniuses-vs-sentinels-vct-2026-americas-stage-1-w3
EG,Bind,def,SEN,0,1,15,elim,2026-04-26 17:00:00,1,VCT 2026: Americas Stage 1,https://www.vlr.gg/645490/evil-geniuses-vs-sentinels-vct-2026-americas-stage-1-w3
EG,Bind,def,SEN,1,0,16,elim,2026-04-26 17:00:00,1,VCT 2026: Americas Stage 1,https://www.vlr.gg/645490/evil-geniuses-vs-sentinels-vct-2026-americas-stage-1-w3
EG,Bind,def,SEN,1,0,17,elim,2026-04-26 17:00:00,1,VCT 2026: Americas Stage 1,https://www.vlr.gg/645490/evil-geniuses-vs-sentinels-vct-2026-americas-stage-1-w3
EG,Bind,def,SEN,0,1,18,boom,2026-04-26 17:00:00,1,VCT 2026: Americas Stage 1,https://www.vlr.gg/645490/evil-geniuses-vs-sentinels-vct-2026-americas-stage-1-w3
EG,Bind,def,SEN,1,0,19,defus,2026-04-26 17:00:00,1,VCT 2026: Americas Stage 1,https://www.vlr.gg/645490/evil-geniuses-vs-sentinels-vct-2026-americas-stage-1-w3
EG,Bind,def,SEN,1,0,20,tim,2026-04-26 17:00:00,1,VCT 2026: Americas Stage 1,https://www.vlr.gg/645490/evil-geniuses-vs-sentinels-vct-2026-americas-stage-1-w3
EG,Bind,def,SEN,0,1,21,elim,2026-04-26 17:00:00,1,VCT 2026: Americas Stage 1,https://www.vlr.gg/645490/evil-geniuses-vs-sentinels-vct-2026-americas-stage-1-w3
EG,Bind,def,SEN,1,0,22,defus,2026-04-26 17:00:00,1,VCT 2026: Americas Stage 1,https://www.vlr.gg/645490/evil-geniuses-vs-sentinels-vct-2026-americas-stage-1-w3
EG,Bind,def,SEN,0,1,23,elim,2026-04-26 17:00:00,1,VCT 2026: Americas Stage 1,https://www.vlr.gg/645490/evil-geniuses-vs-sentinels-vct-2026-americas-stage-1-w3
EG,Bind,def,SEN,0,1,24,elim,2026-04-26 17:00:00,1,VCT 2026: Americas Stage 1,https://www.vlr.gg/645490/evil-geniuses-vs-sentinels-vct-2026-americas-stage-1-w3
MIBR,Breeze,atk,C9,1,0,1,elim,2026-04-26 19:25:00,0,VCT 2026: Americas Stage 1,https://www.vlr.gg/645491/mibr-vs-cloud9-vct-2026-americas-stage-1-w3
MIBR,Breeze,atk,C9,0,1,2,defus,2026-04-26 19:25:00,0,VCT 2026: Americas Stage 1,https://www.vlr.gg/645491/mibr-vs-cloud9-vct-2026-americas-stage-1-w3
MIBR,Breeze,atk,C9,0,1,3,elim,2026-04-26 19:25:00,0,VCT 2026: Americas Stage 1,https://www.vlr.gg/645491/mibr-vs-cloud9-vct-2026-americas-stage-1-w3
MIBR,Breeze,atk,C9,1,0,4,elim,2026-04-26 19:25:00,0,VCT 2026: Americas Stage 1,https://www.vlr.gg/645491/mibr-vs-cloud9-vct-2026-americas-stage-1-w3
MIBR,Breeze,atk,C9,0,1,5,elim,2026-04-26 19:25:00,0,VCT 2026: Americas Stage 1,https://www.vlr.gg/645491/mibr-vs-cloud9-vct-2026-americas-stage-1-w3
MIBR,Breeze,atk,C9,1,0,6,boom,2026-04-26 19:25:00,0,VCT 2026: Americas Stage 1,https://www.vlr.gg/645491/mibr-vs-cloud9-vct-2026-americas-stage-1-w3
MIBR,Breeze,atk,C9,0,1,7,elim,2026-04-26 19:25:00,0,VCT 2026: Americas Stage 1,https://www.vlr.gg/645491/mibr-vs-cloud9-vct-2026-americas-stage-1-w3
MIBR,Breeze,atk,C9,1,0,8,boom,2026-04-26 19:25:00,0,VCT 2026: Americas Stage 1,https://www.vlr.gg/645491/mibr-vs-cloud9-vct-2026-americas-stage-1-w3
MIBR,Breeze,atk,C9,0,1,9,defus,2026-04-26 19:25:00,0,VCT 2026: Americas Stage 1,https://www.vlr.gg/645491/mibr-vs-cloud9-vct-2026-americas-stage-1-w3
MIBR,Breeze,atk,C9,1,0,10,boom,2026-04-26 19:25:00,0,VCT 2026: Americas Stage 1,https://www.vlr.gg/645491/mibr-vs-cloud9-vct-2026-americas-stage-1-w3
MIBR,Breeze,atk,C9,0,1,11,elim,2026-04-26 19:25:00,0,VCT 2026: Americas Stage 1,https://www.vlr.gg/645491/mibr-vs-cloud9-vct-2026-americas-stage-1-w3
MIBR,Breeze,atk,C9,0,1,12,elim,2026-04-26 19:25:00,0,VCT 2026: Americas Stage 1,https://www.vlr.gg/645491/mibr-vs-cloud9-vct-2026-americas-stage-1-w3
MIBR,Breeze,atk,C9,0,1,25,elim,2026-04-26 19:25:00,0,VCT 2026: Americas Stage 1,https://www.vlr.gg/645491/mibr-vs-cloud9-vct-2026-americas-stage-1-w3
MIBR,Breeze,def,C9,1,0,13,defus,2026-04-26 19:25:00,0,VCT 2026: Americas Stage 1,https://www.vlr.gg/645491/mibr-vs-cloud9-vct-2026-americas-stage-1-w3
MIBR,Breeze,def,C9,1,0,14,defus,2026-04-26 19:25:00,0,VCT 2026: Americas Stage 1,https://www.vlr.gg/645491/mibr-vs-cloud9-vct-2026-americas-stage-1-w3
MIBR,Breeze,def,C9,1,0,15,defus,2026-04-26 19:25:00,0,VCT 2026: Americas Stage 1,https://www.vlr.gg/645491/mibr-vs-cloud9-vct-2026-americas-stage-1-w3
MIBR,Breeze,def,C9,0,1,16,boom,2026-04-26 19:25:00,0,VCT 2026: Americas Stage 1,https://www.vlr.gg/645491/mibr-vs-cloud9-vct-2026-americas-stage-1-w3
MIBR,Breeze,def,C9,0,1,17,elim,2026-04-26 19:25:00,0,VCT 2026: Americas Stage 1,https://www.vlr.gg/645491/mibr-vs-cloud9-vct-2026-americas-stage-1-w3
MIBR,Breeze,def,C9,0,1,18,elim,2026-04-26 19:25:00,0,VCT 2026: Americas Stage 1,https://www.vlr.gg/645491/mibr-vs-cloud9-vct-2026-americas-stage-1-w3
MIBR,Breeze,def,C9,1,0,19,defus,2026-04-26 19:25:00,0,VCT 2026: Americas Stage 1,https://www.vlr.gg/645491/mibr-vs-cloud9-vct-2026-americas-stage-1-w3
MIBR,Breeze,def,C9,1,0,20,elim,2026-04-26 19:25:00,0,VCT 2026: Americas Stage 1,https://www.vlr.gg/645491/mibr-vs-cloud9-vct-2026-americas-stage-1-w3
MIBR,Breeze,def,C9,0,1,21,elim,2026-04-26 19:25:00,0,VCT 2026: Americas Stage 1,https://www.vlr.gg/645491/mibr-vs-cloud9-vct-2026-americas-stage-1-w3
MIBR,Breeze,def,C9,1,0,22,tim,2026-04-26 19:25:00,0,VCT 2026: Americas Stage 1,https://www.vlr.gg/645491/mibr-vs-cloud9-vct-2026-americas-stage-1-w3
MIBR,Breeze,def,C9,0,1,23,elim,2026-04-26 19:25:00,0,VCT 2026: Americas Stage 1,https://www.vlr.gg/645491/mibr-vs-cloud9-vct-2026-americas-stage-1-w3
MIBR,Breeze,def,C9,1,0,24,defus,2026-04-26 19:25:00,0,VCT 2026: Americas Stage 1,https://www.vlr.gg/645491/mibr-vs-cloud9-vct-2026-americas-stage-1-w3
MIBR,Breeze,def,C9,0,1,26,elim,2026-04-26 19:25:00,0,VCT 2026: Americas Stage 1,https://www.vlr.gg/645491/mibr-vs-cloud9-vct-2026-americas-stage-1-w3
MIBR,Split,atk,C9,0,1,1,elim,2026-04-26 19:25:00,1,VCT 2026: Americas Stage 1,https://www.vlr.gg/645491/mibr-vs-cloud9-vct-2026-americas-stage-1-w3
MIBR,Split,atk,C9,0,1,2,elim,2026-04-26 19:25:00,1,VCT 2026: Americas Stage 1,https://www.vlr.gg/645491/mibr-vs-cloud9-vct-2026-americas-stage-1-w3
MIBR,Split,atk,C9,1,0,3,boom,2026-04-26 19:25:00,1,VCT 2026: Americas Stage 1,https://www.vlr.gg/645491/mibr-vs-cloud9-vct-2026-americas-stage-1-w3
MIBR,Split,atk,C9,0,1,4,defus,2026-04-26 19:25:00,1,VCT 2026: Americas Stage 1,https://www.vlr.gg/645491/mibr-vs-cloud9-vct-2026-americas-stage-1-w3
MIBR,Split,atk,C9,0,1,5,elim,2026-04-26 19:25:00,1,VCT 2026: Americas Stage 1,https://www.vlr.gg/645491/mibr-vs-cloud9-vct-2026-americas-stage-1-w3
MIBR,Split,atk,C9,0,1,6,elim,2026-04-26 19:25:00,1,VCT 2026: Americas Stage 1,https://www.vlr.gg/645491/mibr-vs-cloud9-vct-2026-americas-stage-1-w3
MIBR,Split,atk,C9,1,0,7,elim,2026-04-26 19:25:00,1,VCT 2026: Americas Stage 1,https://www.vlr.gg/645491/mibr-vs-cloud9-vct-2026-americas-stage-1-w3
MIBR,Split,atk,C9,1,0,8,boom,2026-04-26 19:25:00,1,VCT 2026: Americas Stage 1,https://www.vlr.gg/645491/mibr-vs-cloud9-vct-2026-americas-stage-1-w3
MIBR,Split,atk,C9,1,0,9,elim,2026-04-26 19:25:00,1,VCT 2026: Americas Stage 1,https://www.vlr.gg/645491/mibr-vs-cloud9-vct-2026-americas-stage-1-w3
MIBR,Split,atk,C9,0,1,10,defus,2026-04-26 19:25:00,1,VCT 2026: Americas Stage 1,https://www.vlr.gg/645491/mibr-vs-cloud9-vct-2026-americas-stage-1-w3
MIBR,Split,atk,C9,1,0,11,boom,2026-04-26 19:25:00,1,VCT 2026: Americas Stage 1,https://www.vlr.gg/645491/mibr-vs-cloud9-vct-2026-americas-stage-1-w3
MIBR,Split,atk,C9,1,0,12,elim,2026-04-26 19:25:00,1,VCT 2026: Americas Stage 1,https://www.vlr.gg/645491/mibr-vs-cloud9-vct-2026-americas-stage-1-w3
MIBR,Split,atk,C9,0,1,25,defus,2026-04-26 19:25:00,1,VCT 2026: Americas Stage 1,https://www.vlr.gg/645491/mibr-vs-cloud9-vct-2026-americas-stage-1-w3
MIBR,Split,def,C9,1,0,13,elim,2026-04-26 19:25:00,1,VCT 2026: Americas Stage 1,https://www.vlr.gg/645491/mibr-vs-cloud9-vct-2026-americas-stage-1-w3
MIBR,Split,def,C9,1,0,14,elim,2026-04-26 19:25:00,1,VCT 2026: Americas Stage 1,https://www.vlr.gg/645491/mibr-vs-cloud9-vct-2026-americas-stage-1-w3
MIBR,Split,def,C9,0,1,15,elim,2026-04-26 19:25:00,1,VCT 2026: Americas Stage 1,https://www.vlr.gg/645491/mibr-vs-cloud9-vct-2026-americas-stage-1-w3
MIBR,Split,def,C9,0,1,16,boom,2026-04-26 19:25:00,1,VCT 2026: Americas Stage 1,https://www.vlr.gg/645491/mibr-vs-cloud9-vct-2026-americas-stage-1-w3
MIBR,Split,def,C9,0,1,17,elim,2026-04-26 19:25:00,1,VCT 2026: Americas Stage 1,https://www.vlr.gg/645491/mibr-vs-cloud9-vct-2026-americas-stage-1-w3
MIBR,Split,def,C9,0,1,18,elim,2026-04-26 19:25:00,1,VCT 2026: Americas Stage 1,https://www.vlr.gg/645491/mibr-vs-cloud9-vct-2026-americas-stage-1-w3
MIBR,Split,def,C9,0,1,19,elim,2026-04-26 19:25:00,1,VCT 2026: Americas Stage 1,https://www.vlr.gg/645491/mibr-vs-cloud9-vct-2026-americas-stage-1-w3
MIBR,Split,def,C9,1,0,20,defus,2026-04-26 19:25:00,1,VCT 2026: Americas Stage 1,https://www.vlr.gg/645491/mibr-vs-cloud9-vct-2026-americas-stage-1-w3
MIBR,Split,def,C9,1,0,21,elim,2026-04-26 19:25:00,1,VCT 2026: Americas Stage 1,https://www.vlr.gg/645491/mibr-vs-cloud9-vct-2026-americas-stage-1-w3
MIBR,Split,def,C9,1,0,22,defus,2026-04-26 19:25:00,1,VCT 2026: Americas Stage 1,https://www.vlr.gg/645491/mibr-vs-cloud9-vct-2026-americas-stage-1-w3
MIBR,Split,def,C9,1,0,23,defus,2026-04-26 19:25:00,1,VCT 2026: Americas Stage 1,https://www.vlr.gg/645491/mibr-vs-cloud9-vct-2026-americas-stage-1-w3
MIBR,Split,def,C9,0,1,24,elim,2026-04-26 19:25:00,1,VCT 2026: Americas Stage 1,https://www.vlr.gg/645491/mibr-vs-cloud9-vct-2026-americas-stage-1-w3
MIBR,Split,def,C9,0,1,26,elim,2026-04-26 19:25:00,1,VCT 2026: Americas Stage 1,https://www.vlr.gg/645491/mibr-vs-cloud9-vct-2026-americas-stage-1-w3
EG,Fracture,atk,NRG,1,0,13,elim,2026-05-01 17:00:00,0,VCT 2026: Americas Stage 1,https://www.vlr.gg/645492/evil-geniuses-vs-nrg-vct-2026-americas-stage-1-w4
EG,Fracture,atk,NRG,1,0,14,elim,2026-05-01 17:00:00,0,VCT 2026: Americas Stage 1,https://www.vlr.gg/645492/evil-geniuses-vs-nrg-vct-2026-americas-stage-1-w4
EG,Fracture,atk,NRG,0,1,15,defus,2026-05-01 17:00:00,0,VCT 2026: Americas Stage 1,https://www.vlr.gg/645492/evil-geniuses-vs-nrg-vct-2026-americas-stage-1-w4
EG,Fracture,atk,NRG,1,0,16,elim,2026-05-01 17:00:00,0,VCT 2026: Americas Stage 1,https://www.vlr.gg/645492/evil-geniuses-vs-nrg-vct-2026-americas-stage-1-w4
EG,Fracture,atk,NRG,1,0,17,elim,2026-05-01 17:00:00,0,VCT 2026: Americas Stage 1,https://www.vlr.gg/645492/evil-geniuses-vs-nrg-vct-2026-americas-stage-1-w4
EG,Fracture,atk,NRG,0,1,18,elim,2026-05-01 17:00:00,0,VCT 2026: Americas Stage 1,https://www.vlr.gg/645492/evil-geniuses-vs-nrg-vct-2026-americas-stage-1-w4
EG,Fracture,atk,NRG,0,1,19,elim,2026-05-01 17:00:00,0,VCT 2026: Americas Stage 1,https://www.vlr.gg/645492/evil-geniuses-vs-nrg-vct-2026-americas-stage-1-w4
EG,Fracture,atk,NRG,1,0,20,boom,2026-05-01 17:00:00,0,VCT 2026: Americas Stage 1,https://www.vlr.gg/645492/evil-geniuses-vs-nrg-vct-2026-americas-stage-1-w4
EG,Fracture,atk,NRG,0,1,21,elim,2026-05-01 17:00:00,0,VCT 2026: Americas Stage 1,https://www.vlr.gg/645492/evil-geniuses-vs-nrg-vct-2026-americas-stage-1-w4
EG,Fracture,def,NRG,0,1,1,elim,2026-05-01 17:00:00,0,VCT 2026: Americas Stage 1,https://www.vlr.gg/645492/evil-geniuses-vs-nrg-vct-2026-americas-stage-1-w4
EG,Fracture,def,NRG,0,1,2,elim,2026-05-01 17:00:00,0,VCT 2026: Americas Stage 1,https://www.vlr.gg/645492/evil-geniuses-vs-nrg-vct-2026-americas-stage-1-w4
EG,Fracture,def,NRG,1,0,3,defus,2026-05-01 17:00:00,0,VCT 2026: Americas Stage 1,https://www.vlr.gg/645492/evil-geniuses-vs-nrg-vct-2026-americas-stage-1-w4
EG,Fracture,def,NRG,0,1,4,elim,2026-05-01 17:00:00,0,VCT 2026: Americas Stage 1,https://www.vlr.gg/645492/evil-geniuses-vs-nrg-vct-2026-americas-stage-1-w4
EG,Fracture,def,NRG,0,1,5,elim,2026-05-01 17:00:00,0,VCT 2026: Americas Stage 1,https://www.vlr.gg/645492/evil-geniuses-vs-nrg-vct-2026-americas-stage-1-w4
EG,Fracture,def,NRG,0,1,6,boom,2026-05-01 17:00:00,0,VCT 2026: Americas Stage 1,https://www.vlr.gg/645492/evil-geniuses-vs-nrg-vct-2026-americas-stage-1-w4
EG,Fracture,def,NRG,0,1,7,elim,2026-05-01 17:00:00,0,VCT 2026: Americas Stage 1,https://www.vlr.gg/645492/evil-geniuses-vs-nrg-vct-2026-americas-stage-1-w4
EG,Fracture,def,NRG,0,1,8,elim,2026-05-01 17:00:00,0,VCT 2026: Americas Stage 1,https://www.vlr.gg/645492/evil-geniuses-vs-nrg-vct-2026-americas-stage-1-w4
EG,Fracture,def,NRG,0,1,9,boom,2026-05-01 17:00:00,0,VCT 2026: Americas Stage 1,https://www.vlr.gg/645492/evil-geniuses-vs-nrg-vct-2026-americas-stage-1-w4
EG,Fracture,def,NRG,1,0,10,elim,2026-05-01 17:00:00,0,VCT 2026: Americas Stage 1,https://www.vlr.gg/645492/evil-geniuses-vs-nrg-vct-2026-americas-stage-1-w4
EG,Fracture,def,NRG,1,0,11,elim,2026-05-01 17:00:00,0,VCT 2026: Americas Stage 1,https://www.vlr.gg/645492/evil-geniuses-vs-nrg-vct-2026-americas-stage-1-w4
EG,Fracture,def,NRG,0,1,12,elim,2026-05-01 17:00:00,0,VCT 2026: Americas Stage 1,https://www.vlr.gg/645492/evil-geniuses-vs-nrg-vct-2026-americas-stage-1-w4
EG,Pearl,atk,NRG,0,1,13,elim,2026-05-01 17:00:00,1,VCT 2026: Americas Stage 1,https://www.vlr.gg/645492/evil-geniuses-vs-nrg-vct-2026-americas-stage-1-w4
EG,Pearl,atk,NRG,0,1,14,defus,2026-05-01 17:00:00,1,VCT 2026: Americas Stage 1,https://www.vlr.gg/645492/evil-geniuses-vs-nrg-vct-2026-americas-stage-1-w4
EG,Pearl,atk,NRG,1,0,15,boom,2026-05-01 17:00:00,1,VCT 2026: Americas Stage 1,https://www.vlr.gg/645492/evil-geniuses-vs-nrg-vct-2026-americas-stage-1-w4
EG,Pearl,atk,NRG,0,1,16,defus,2026-05-01 17:00:00,1,VCT 2026: Americas Stage 1,https://www.vlr.gg/645492/evil-geniuses-vs-nrg-vct-2026-americas-stage-1-w4
EG,Pearl,atk,NRG,0,1,17,defus,2026-05-01 17:00:00,1,VCT 2026: Americas Stage 1,https://www.vlr.gg/645492/evil-geniuses-vs-nrg-vct-2026-americas-stage-1-w4
EG,Pearl,atk,NRG,0,1,18,defus,2026-05-01 17:00:00,1,VCT 2026: Americas Stage 1,https://www.vlr.gg/645492/evil-geniuses-vs-nrg-vct-2026-americas-stage-1-w4
EG,Pearl,atk,NRG,1,0,19,boom,2026-05-01 17:00:00,1,VCT 2026: Americas Stage 1,https://www.vlr.gg/645492/evil-geniuses-vs-nrg-vct-2026-americas-stage-1-w4
EG,Pearl,atk,NRG,1,0,20,elim,2026-05-01 17:00:00,1,VCT 2026: Americas Stage 1,https://www.vlr.gg/645492/evil-geniuses-vs-nrg-vct-2026-americas-stage-1-w4
EG,Pearl,atk,NRG,1,0,21,elim,2026-05-01 17:00:00,1,VCT 2026: Americas Stage 1,https://www.vlr.gg/645492/evil-geniuses-vs-nrg-vct-2026-americas-stage-1-w4
EG,Pearl,atk,NRG,0,1,22,defus,2026-05-01 17:00:00,1,VCT 2026: Americas Stage 1,https://www.vlr.gg/645492/evil-geniuses-vs-nrg-vct-2026-americas-stage-1-w4
EG,Pearl,def,NRG,0,1,1,elim,2026-05-01 17:00:00,1,VCT 2026: Americas Stage 1,https://www.vlr.gg/645492/evil-geniuses-vs-nrg-vct-2026-americas-stage-1-w4
EG,Pearl,def,NRG,0,1,2,boom,2026-05-01 17:00:00,1,VCT 2026: Americas Stage 1,https://www.vlr.gg/645492/evil-geniuses-vs-nrg-vct-2026-americas-stage-1-w4
EG,Pearl,def,NRG,0,1,3,elim,2026-05-01 17:00:00,1,VCT 2026: Americas Stage 1,https://www.vlr.gg/645492/evil-geniuses-vs-nrg-vct-2026-americas-stage-1-w4
EG,Pearl,def,NRG,0,1,4,elim,2026-05-01 17:00:00,1,VCT 2026: Americas Stage 1,https://www.vlr.gg/645492/evil-geniuses-vs-nrg-vct-2026-americas-stage-1-w4
EG,Pearl,def,NRG,1,0,5,tim,2026-05-01 17:00:00,1,VCT 2026: Americas Stage 1,https://www.vlr.gg/645492/evil-geniuses-vs-nrg-vct-2026-americas-stage-1-w4
EG,Pearl,def,NRG,0,1,6,elim,2026-05-01 17:00:00,1,VCT 2026: Americas Stage 1,https://www.vlr.gg/645492/evil-geniuses-vs-nrg-vct-2026-americas-stage-1-w4
EG,Pearl,def,NRG,0,1,7,boom,2026-05-01 17:00:00,1,VCT 2026: Americas Stage 1,https://www.vlr.gg/645492/evil-geniuses-vs-nrg-vct-2026-americas-stage-1-w4
EG,Pearl,def,NRG,1,0,8,elim,2026-05-01 17:00:00,1,VCT 2026: Americas Stage 1,https://www.vlr.gg/645492/evil-geniuses-vs-nrg-vct-2026-americas-stage-1-w4
EG,Pearl,def,NRG,1,0,9,elim,2026-05-01 17:00:00,1,VCT 2026: Americas Stage 1,https://www.vlr.gg/645492/evil-geniuses-vs-nrg-vct-2026-americas-stage-1-w4
EG,Pearl,def,NRG,1,0,10,defus,2026-05-01 17:00:00,1,VCT 2026: Americas Stage 1,https://www.vlr.gg/645492/evil-geniuses-vs-nrg-vct-2026-americas-stage-1-w4
EG,Pearl,def,NRG,0,1,11,boom,2026-05-01 17:00:00,1,VCT 2026: Americas Stage 1,https://www.vlr.gg/645492/evil-geniuses-vs-nrg-vct-2026-americas-stage-1-w4
EG,Pearl,def,NRG,1,0,12,defus,2026-05-01 17:00:00,1,VCT 2026: Americas Stage 1,https://www.vlr.gg/645492/evil-geniuses-vs-nrg-vct-2026-americas-stage-1-w4
LEV,Breeze,atk,MIBR,1,0,1,elim,2026-05-01 19:20:00,0,VCT 2026: Americas Stage 1,https://www.vlr.gg/645493/leviat-n-vs-mibr-vct-2026-americas-stage-1-w4
LEV,Breeze,atk,MIBR,1,0,2,elim,2026-05-01 19:20:00,0,VCT 2026: Americas Stage 1,https://www.vlr.gg/645493/leviat-n-vs-mibr-vct-2026-americas-stage-1-w4
LEV,Breeze,atk,MIBR,1,0,3,elim,2026-05-01 19:20:00,0,VCT 2026: Americas Stage 1,https://www.vlr.gg/645493/leviat-n-vs-mibr-vct-2026-americas-stage-1-w4
LEV,Breeze,atk,MIBR,1,0,4,elim,2026-05-01 19:20:00,0,VCT 2026: Americas Stage 1,https://www.vlr.gg/645493/leviat-n-vs-mibr-vct-2026-americas-stage-1-w4
LEV,Breeze,atk,MIBR,1,0,5,boom,2026-05-01 19:20:00,0,VCT 2026: Americas Stage 1,https://www.vlr.gg/645493/leviat-n-vs-mibr-vct-2026-americas-stage-1-w4
LEV,Breeze,atk,MIBR,0,1,6,defus,2026-05-01 19:20:00,0,VCT 2026: Americas Stage 1,https://www.vlr.gg/645493/leviat-n-vs-mibr-vct-2026-americas-stage-1-w4
LEV,Breeze,atk,MIBR,0,1,7,tim,2026-05-01 19:20:00,0,VCT 2026: Americas Stage 1,https://www.vlr.gg/645493/leviat-n-vs-mibr-vct-2026-americas-stage-1-w4
LEV,Breeze,atk,MIBR,1,0,8,elim,2026-05-01 19:20:00,0,VCT 2026: Americas Stage 1,https://www.vlr.gg/645493/leviat-n-vs-mibr-vct-2026-americas-stage-1-w4
LEV,Breeze,atk,MIBR,0,1,9,defus,2026-05-01 19:20:00,0,VCT 2026: Americas Stage 1,https://www.vlr.gg/645493/leviat-n-vs-mibr-vct-2026-americas-stage-1-w4
LEV,Breeze,atk,MIBR,0,1,10,defus,2026-05-01 19:20:00,0,VCT 2026: Americas Stage 1,https://www.vlr.gg/645493/leviat-n-vs-mibr-vct-2026-americas-stage-1-w4
LEV,Breeze,atk,MIBR,0,1,11,tim,2026-05-01 19:20:00,0,VCT 2026: Americas Stage 1,https://www.vlr.gg/645493/leviat-n-vs-mibr-vct-2026-americas-stage-1-w4
LEV,Breeze,atk,MIBR,0,1,12,elim,2026-05-01 19:20:00,0,VCT 2026: Americas Stage 1,https://www.vlr.gg/645493/leviat-n-vs-mibr-vct-2026-americas-stage-1-w4
LEV,Breeze,def,MIBR,0,1,13,boom,2026-05-01 19:20:00,0,VCT 2026: Americas Stage 1,https://www.vlr.gg/645493/leviat-n-vs-mibr-vct-2026-americas-stage-1-w4
LEV,Breeze,def,MIBR,0,1,14,boom,2026-05-01 19:20:00,0,VCT 2026: Americas Stage 1,https://www.vlr.gg/645493/leviat-n-vs-mibr-vct-2026-americas-stage-1-w4
LEV,Breeze,def,MIBR,1,0,15,elim,2026-05-01 19:20:00,0,VCT 2026: Americas Stage 1,https://www.vlr.gg/645493/leviat-n-vs-mibr-vct-2026-americas-stage-1-w4
LEV,Breeze,def,MIBR,1,0,16,defus,2026-05-01 19:20:00,0,VCT 2026: Americas Stage 1,https://www.vlr.gg/645493/leviat-n-vs-mibr-vct-2026-americas-stage-1-w4
LEV,Breeze,def,MIBR,1,0,17,defus,2026-05-01 19:20:00,0,VCT 2026: Americas Stage 1,https://www.vlr.gg/645493/leviat-n-vs-mibr-vct-2026-americas-stage-1-w4
LEV,Breeze,def,MIBR,0,1,18,boom,2026-05-01 19:20:00,0,VCT 2026: Americas Stage 1,https://www.vlr.gg/645493/leviat-n-vs-mibr-vct-2026-americas-stage-1-w4
LEV,Breeze,def,MIBR,0,1,19,boom,2026-05-01 19:20:00,0,VCT 2026: Americas Stage 1,https://www.vlr.gg/645493/leviat-n-vs-mibr-vct-2026-americas-stage-1-w4
LEV,Breeze,def,MIBR,1,0,20,defus,2026-05-01 19:20:00,0,VCT 2026: Americas Stage 1,https://www.vlr.gg/645493/leviat-n-vs-mibr-vct-2026-americas-stage-1-w4
LEV,Breeze,def,MIBR,0,1,21,elim,2026-05-01 19:20:00,0,VCT 2026: Americas Stage 1,https://www.vlr.gg/645493/leviat-n-vs-mibr-vct-2026-americas-stage-1-w4
LEV,Breeze,def,MIBR,0,1,22,elim,2026-05-01 19:20:00,0,VCT 2026: Americas Stage 1,https://www.vlr.gg/645493/leviat-n-vs-mibr-vct-2026-americas-stage-1-w4
LEV,Breeze,def,MIBR,0,1,23,elim,2026-05-01 19:20:00,0,VCT 2026: Americas Stage 1,https://www.vlr.gg/645493/leviat-n-vs-mibr-vct-2026-americas-stage-1-w4
LEV,Haven,atk,MIBR,0,1,1,defus,2026-05-01 19:20:00,1,VCT 2026: Americas Stage 1,https://www.vlr.gg/645493/leviat-n-vs-mibr-vct-2026-americas-stage-1-w4
LEV,Haven,atk,MIBR,0,1,2,elim,2026-05-01 19:20:00,1,VCT 2026: Americas Stage 1,https://www.vlr.gg/645493/leviat-n-vs-mibr-vct-2026-americas-stage-1-w4
LEV,Haven,atk,MIBR,1,0,3,elim,2026-05-01 19:20:00,1,VCT 2026: Americas Stage 1,https://www.vlr.gg/645493/leviat-n-vs-mibr-vct-2026-americas-stage-1-w4
LEV,Haven,atk,MIBR,1,0,4,elim,2026-05-01 19:20:00,1,VCT 2026: Americas Stage 1,https://www.vlr.gg/645493/leviat-n-vs-mibr-vct-2026-americas-stage-1-w4
LEV,Haven,atk,MIBR,1,0,5,elim,2026-05-01 19:20:00,1,VCT 2026: Americas Stage 1,https://www.vlr.gg/645493/leviat-n-vs-mibr-vct-2026-americas-stage-1-w4
LEV,Haven,atk,MIBR,0,1,6,elim,2026-05-01 19:20:00,1,VCT 2026: Americas Stage 1,https://www.vlr.gg/645493/leviat-n-vs-mibr-vct-2026-americas-stage-1-w4
LEV,Haven,atk,MIBR,0,1,7,elim,2026-05-01 19:20:00,1,VCT 2026: Americas Stage 1,https://www.vlr.gg/645493/leviat-n-vs-mibr-vct-2026-americas-stage-1-w4
LEV,Haven,atk,MIBR,0,1,8,defus,2026-05-01 19:20:00,1,VCT 2026: Americas Stage 1,https://www.vlr.gg/645493/leviat-n-vs-mibr-vct-2026-americas-stage-1-w4
LEV,Haven,atk,MIBR,1,0,9,boom,2026-05-01 19:20:00,1,VCT 2026: Americas Stage 1,https://www.vlr.gg/645493/leviat-n-vs-mibr-vct-2026-americas-stage-1-w4
LEV,Haven,atk,MIBR,0,1,10,elim,2026-05-01 19:20:00,1,VCT 2026: Americas Stage 1,https://www.vlr.gg/645493/leviat-n-vs-mibr-vct-2026-americas-stage-1-w4
LEV,Haven,atk,MIBR,0,1,11,elim,2026-05-01 19:20:00,1,VCT 2026: Americas Stage 1,https://www.vlr.gg/645493/leviat-n-vs-mibr-vct-2026-americas-stage-1-w4
LEV,Haven,atk,MIBR,1,0,12,boom,2026-05-01 19:20:00,1,VCT 2026: Americas Stage 1,https://www.vlr.gg/645493/leviat-n-vs-mibr-vct-2026-americas-stage-1-w4
LEV,Haven,def,MIBR,0,1,13,elim,2026-05-01 19:20:00,1,VCT 2026: Americas Stage 1,https://www.vlr.gg/645493/leviat-n-vs-mibr-vct-2026-americas-stage-1-w4
LEV,Haven,def,MIBR,0,1,14,boom,2026-05-01 19:20:00,1,VCT 2026: Americas Stage 1,https://www.vlr.gg/645493/leviat-n-vs-mibr-vct-2026-americas-stage-1-w4
LEV,Haven,def,MIBR,0,1,15,elim,2026-05-01 19:20:00,1,VCT 2026: Americas Stage 1,https://www.vlr.gg/645493/leviat-n-vs-mibr-vct-2026-americas-stage-1-w4
LEV,Haven,def,MIBR,0,1,16,elim,2026-05-01 19:20:00,1,VCT 2026: Americas Stage 1,https://www.vlr.gg/645493/leviat-n-vs-mibr-vct-2026-americas-stage-1-w4
LEV,Haven,def,MIBR,1,0,17,elim,2026-05-01 19:20:00,1,VCT 2026: Americas Stage 1,https://www.vlr.gg/645493/leviat-n-vs-mibr-vct-2026-americas-stage-1-w4
LEV,Haven,def,MIBR,1,0,18,defus,2026-05-01 19:20:00,1,VCT 2026: Americas Stage 1,https://www.vlr.gg/645493/leviat-n-vs-mibr-vct-2026-americas-stage-1-w4
LEV,Haven,def,MIBR,1,0,19,defus,2026-05-01 19:20:00,1,VCT 2026: Americas Stage 1,https://www.vlr.gg/645493/leviat-n-vs-mibr-vct-2026-americas-stage-1-w4
LEV,Haven,def,MIBR,1,0,20,elim,2026-05-01 19:20:00,1,VCT 2026: Americas Stage 1,https://www.vlr.gg/645493/leviat-n-vs-mibr-vct-2026-americas-stage-1-w4
LEV,Haven,def,MIBR,1,0,21,defus,2026-05-01 19:20:00,1,VCT 2026: Americas Stage 1,https://www.vlr.gg/645493/leviat-n-vs-mibr-vct-2026-americas-stage-1-w4
LEV,Haven,def,MIBR,0,1,22,elim,2026-05-01 19:20:00,1,VCT 2026: Americas Stage 1,https://www.vlr.gg/645493/leviat-n-vs-mibr-vct-2026-americas-stage-1-w4
LEV,Haven,def,MIBR,0,1,23,elim,2026-05-01 19:20:00,1,VCT 2026: Americas Stage 1,https://www.vlr.gg/645493/leviat-n-vs-mibr-vct-2026-americas-stage-1-w4
KRÜ,Bind,atk,100T,0,1,13,elim,2026-05-02 17:00:00,0,VCT 2026: Americas Stage 1,https://www.vlr.gg/645494/kr-esports-vs-100-thieves-vct-2026-americas-stage-1-w4
KRÜ,Bind,atk,100T,0,1,14,defus,2026-05-02 17:00:00,0,VCT 2026: Americas Stage 1,https://www.vlr.gg/645494/kr-esports-vs-100-thieves-vct-2026-americas-stage-1-w4
KRÜ,Bind,atk,100T,1,0,15,elim,2026-05-02 17:00:00,0,VCT 2026: Americas Stage 1,https://www.vlr.gg/645494/kr-esports-vs-100-thieves-vct-2026-americas-stage-1-w4
KRÜ,Bind,atk,100T,1,0,16,boom,2026-05-02 17:00:00,0,VCT 2026: Americas Stage 1,https://www.vlr.gg/645494/kr-esports-vs-100-thieves-vct-2026-americas-stage-1-w4
KRÜ,Bind,atk,100T,0,1,17,defus,2026-05-02 17:00:00,0,VCT 2026: Americas Stage 1,https://www.vlr.gg/645494/kr-esports-vs-100-thieves-vct-2026-americas-stage-1-w4
KRÜ,Bind,def,100T,0,1,1,elim,2026-05-02 17:00:00,0,VCT 2026: Americas Stage 1,https://www.vlr.gg/645494/kr-esports-vs-100-thieves-vct-2026-americas-stage-1-w4
KRÜ,Bind,def,100T,0,1,2,elim,2026-05-02 17:00:00,0,VCT 2026: Americas Stage 1,https://www.vlr.gg/645494/kr-esports-vs-100-thieves-vct-2026-americas-stage-1-w4
KRÜ,Bind,def,100T,0,1,3,elim,2026-05-02 17:00:00,0,VCT 2026: Americas Stage 1,https://www.vlr.gg/645494/kr-esports-vs-100-thieves-vct-2026-americas-stage-1-w4
KRÜ,Bind,def,100T,0,1,4,boom,2026-05-02 17:00:00,0,VCT 2026: Americas Stage 1,https://www.vlr.gg/645494/kr-esports-vs-100-thieves-vct-2026-americas-stage-1-w4
KRÜ,Bind,def,100T,0,1,5,elim,2026-05-02 17:00:00,0,VCT 2026: Americas Stage 1,https://www.vlr.gg/645494/kr-esports-vs-100-thieves-vct-2026-americas-stage-1-w4
KRÜ,Bind,def,100T,0,1,6,elim,2026-05-02 17:00:00,0,VCT 2026: Americas Stage 1,https://www.vlr.gg/645494/kr-esports-vs-100-thieves-vct-2026-americas-stage-1-w4
KRÜ,Bind,def,100T,1,0,7,defus,2026-05-02 17:00:00,0,VCT 2026: Americas Stage 1,https://www.vlr.gg/645494/kr-esports-vs-100-thieves-vct-2026-americas-stage-1-w4
KRÜ,Bind,def,100T,1,0,8,defus,2026-05-02 17:00:00,0,VCT 2026: Americas Stage 1,https://www.vlr.gg/645494/kr-esports-vs-100-thieves-vct-2026-americas-stage-1-w4
KRÜ,Bind,def,100T,0,1,9,boom,2026-05-02 17:00:00,0,VCT 2026: Americas Stage 1,https://www.vlr.gg/645494/kr-esports-vs-100-thieves-vct-2026-americas-stage-1-w4
KRÜ,Bind,def,100T,0,1,10,elim,2026-05-02 17:00:00,0,VCT 2026: Americas Stage 1,https://www.vlr.gg/645494/kr-esports-vs-100-thieves-vct-2026-americas-stage-1-w4
KRÜ,Bind,def,100T,0,1,11,elim,2026-05-02 17:00:00,0,VCT 2026: Americas Stage 1,https://www.vlr.gg/645494/kr-esports-vs-100-thieves-vct-2026-americas-stage-1-w4
KRÜ,Bind,def,100T,0,1,12,elim,2026-05-02 17:00:00,0,VCT 2026: Americas Stage 1,https://www.vlr.gg/645494/kr-esports-vs-100-thieves-vct-2026-americas-stage-1-w4
KRÜ,Haven,atk,100T,1,0,13,elim,2026-05-02 17:00:00,1,VCT 2026: Americas Stage 1,https://www.vlr.gg/645494/kr-esports-vs-100-thieves-vct-2026-americas-stage-1-w4
KRÜ,Haven,atk,100T,1,0,14,boom,2026-05-02 17:00:00,1,VCT 2026: Americas Stage 1,https://www.vlr.gg/645494/kr-esports-vs-100-thieves-vct-2026-americas-stage-1-w4
KRÜ,Haven,atk,100T,0,1,15,elim,2026-05-02 17:00:00,1,VCT 2026: Americas Stage 1,https://www.vlr.gg/645494/kr-esports-vs-100-thieves-vct-2026-americas-stage-1-w4
KRÜ,Haven,atk,100T,0,1,16,defus,2026-05-02 17:00:00,1,VCT 2026: Americas Stage 1,https://www.vlr.gg/645494/kr-esports-vs-100-thieves-vct-2026-americas-stage-1-w4
KRÜ,Haven,atk,100T,1,0,17,elim,2026-05-02 17:00:00,1,VCT 2026: Americas Stage 1,https://www.vlr.gg/645494/kr-esports-vs-100-thieves-vct-2026-americas-stage-1-w4
KRÜ,Haven,atk,100T,1,0,18,elim,2026-05-02 17:00:00,1,VCT 2026: Americas Stage 1,https://www.vlr.gg/645494/kr-esports-vs-100-thieves-vct-2026-americas-stage-1-w4
KRÜ,Haven,atk,100T,0,1,19,defus,2026-05-02 17:00:00,1,VCT 2026: Americas Stage 1,https://www.vlr.gg/645494/kr-esports-vs-100-thieves-vct-2026-americas-stage-1-w4
KRÜ,Haven,atk,100T,0,1,20,elim,2026-05-02 17:00:00,1,VCT 2026: Americas Stage 1,https://www.vlr.gg/645494/kr-esports-vs-100-thieves-vct-2026-americas-stage-1-w4
KRÜ,Haven,atk,100T,1,0,21,elim,2026-05-02 17:00:00,1,VCT 2026: Americas Stage 1,https://www.vlr.gg/645494/kr-esports-vs-100-thieves-vct-2026-americas-stage-1-w4
KRÜ,Haven,atk,100T,0,1,22,tim,2026-05-02 17:00:00,1,VCT 2026: Americas Stage 1,https://www.vlr.gg/645494/kr-esports-vs-100-thieves-vct-2026-americas-stage-1-w4
KRÜ,Haven,atk,100T,1,0,23,elim,2026-05-02 17:00:00,1,VCT 2026: Americas Stage 1,https://www.vlr.gg/645494/kr-esports-vs-100-thieves-vct-2026-americas-stage-1-w4
KRÜ,Haven,def,100T,1,0,1,defus,2026-05-02 17:00:00,1,VCT 2026: Americas Stage 1,https://www.vlr.gg/645494/kr-esports-vs-100-thieves-vct-2026-americas-stage-1-w4
KRÜ,Haven,def,100T,1,0,2,elim,2026-05-02 17:00:00,1,VCT 2026: Americas Stage 1,https://www.vlr.gg/645494/kr-esports-vs-100-thieves-vct-2026-americas-stage-1-w4
KRÜ,Haven,def,100T,0,1,3,elim,2026-05-02 17:00:00,1,VCT 2026: Americas Stage 1,https://www.vlr.gg/645494/kr-esports-vs-100-thieves-vct-2026-americas-stage-1-w4
KRÜ,Haven,def,100T,1,0,4,elim,2026-05-02 17:00:00,1,VCT 2026: Americas Stage 1,https://www.vlr.gg/645494/kr-esports-vs-100-thieves-vct-2026-americas-stage-1-w4
KRÜ,Haven,def,100T,0,1,5,elim,2026-05-02 17:00:00,1,VCT 2026: Americas Stage 1,https://www.vlr.gg/645494/kr-esports-vs-100-thieves-vct-2026-americas-stage-1-w4
KRÜ,Haven,def,100T,0,1,6,elim,2026-05-02 17:00:00,1,VCT 2026: Americas Stage 1,https://www.vlr.gg/645494/kr-esports-vs-100-thieves-vct-2026-americas-stage-1-w4
KRÜ,Haven,def,100T,1,0,7,defus,2026-05-02 17:00:00,1,VCT 2026: Americas Stage 1,https://www.vlr.gg/645494/kr-esports-vs-100-thieves-vct-2026-americas-stage-1-w4
KRÜ,Haven,def,100T,1,0,8,defus,2026-05-02 17:00:00,1,VCT 2026: Americas Stage 1,https://www.vlr.gg/645494/kr-esports-vs-100-thieves-vct-2026-americas-stage-1-w4
KRÜ,Haven,def,100T,0,1,9,elim,2026-05-02 17:00:00,1,VCT 2026: Americas Stage 1,https://www.vlr.gg/645494/kr-esports-vs-100-thieves-vct-2026-americas-stage-1-w4
KRÜ,Haven,def,100T,1,0,10,elim,2026-05-02 17:00:00,1,VCT 2026: Americas Stage 1,https://www.vlr.gg/645494/kr-esports-vs-100-thieves-vct-2026-americas-stage-1-w4
KRÜ,Haven,def,100T,1,0,11,elim,2026-05-02 17:00:00,1,VCT 2026: Americas Stage 1,https://www.vlr.gg/645494/kr-esports-vs-100-thieves-vct-2026-americas-stage-1-w4
KRÜ,Haven,def,100T,0,1,12,elim,2026-05-02 17:00:00,1,VCT 2026: Americas Stage 1,https://www.vlr.gg/645494/kr-esports-vs-100-thieves-vct-2026-americas-stage-1-w4
KRÜ,Split,atk,100T,0,1,1,defus,2026-05-02 17:00:00,2,VCT 2026: Americas Stage 1,https://www.vlr.gg/645494/kr-esports-vs-100-thieves-vct-2026-americas-stage-1-w4
KRÜ,Split,atk,100T,0,1,2,elim,2026-05-02 17:00:00,2,VCT 2026: Americas Stage 1,https://www.vlr.gg/645494/kr-esports-vs-100-thieves-vct-2026-americas-stage-1-w4
KRÜ,Split,atk,100T,1,0,3,elim,2026-05-02 17:00:00,2,VCT 2026: Americas Stage 1,https://www.vlr.gg/645494/kr-esports-vs-100-thieves-vct-2026-americas-stage-1-w4
KRÜ,Split,atk,100T,0,1,4,defus,2026-05-02 17:00:00,2,VCT 2026: Americas Stage 1,https://www.vlr.gg/645494/kr-esports-vs-100-thieves-vct-2026-americas-stage-1-w4
KRÜ,Split,atk,100T,1,0,5,elim,2026-05-02 17:00:00,2,VCT 2026: Americas Stage 1,https://www.vlr.gg/645494/kr-esports-vs-100-thieves-vct-2026-americas-stage-1-w4
KRÜ,Split,atk,100T,1,0,6,elim,2026-05-02 17:00:00,2,VCT 2026: Americas Stage 1,https://www.vlr.gg/645494/kr-esports-vs-100-thieves-vct-2026-americas-stage-1-w4
KRÜ,Split,atk,100T,1,0,7,elim,2026-05-02 17:00:00,2,VCT 2026: Americas Stage 1,https://www.vlr.gg/645494/kr-esports-vs-100-thieves-vct-2026-americas-stage-1-w4
KRÜ,Split,atk,100T,1,0,8,elim,2026-05-02 17:00:00,2,VCT 2026: Americas Stage 1,https://www.vlr.gg/645494/kr-esports-vs-100-thieves-vct-2026-americas-stage-1-w4
KRÜ,Split,atk,100T,0,1,9,defus,2026-05-02 17:00:00,2,VCT 2026: Americas Stage 1,https://www.vlr.gg/645494/kr-esports-vs-100-thieves-vct-2026-americas-stage-1-w4
KRÜ,Split,atk,100T,0,1,10,defus,2026-05-02 17:00:00,2,VCT 2026: Americas Stage 1,https://www.vlr.gg/645494/kr-esports-vs-100-thieves-vct-2026-americas-stage-1-w4
KRÜ,Split,atk,100T,0,1,11,defus,2026-05-02 17:00:00,2,VCT 2026: Americas Stage 1,https://www.vlr.gg/645494/kr-esports-vs-100-thieves-vct-2026-americas-stage-1-w4
KRÜ,Split,atk,100T,0,1,12,elim,2026-05-02 17:00:00,2,VCT 2026: Americas Stage 1,https://www.vlr.gg/645494/kr-esports-vs-100-thieves-vct-2026-americas-stage-1-w4
KRÜ,Split,def,100T,0,1,13,elim,2026-05-02 17:00:00,2,VCT 2026: Americas Stage 1,https://www.vlr.gg/645494/kr-esports-vs-100-thieves-vct-2026-americas-stage-1-w4
KRÜ,Split,def,100T,0,1,14,elim,2026-05-02 17:00:00,2,VCT 2026: Americas Stage 1,https://www.vlr.gg/645494/kr-esports-vs-100-thieves-vct-2026-americas-stage-1-w4
KRÜ,Split,def,100T,1,0,15,elim,2026-05-02 17:00:00,2,VCT 2026: Americas Stage 1,https://www.vlr.gg/645494/kr-esports-vs-100-thieves-vct-2026-americas-stage-1-w4
KRÜ,Split,def,100T,0,1,16,elim,2026-05-02 17:00:00,2,VCT 2026: Americas Stage 1,https://www.vlr.gg/645494/kr-esports-vs-100-thieves-vct-2026-americas-stage-1-w4
KRÜ,Split,def,100T,0,1,17,elim,2026-05-02 17:00:00,2,VCT 2026: Americas Stage 1,https://www.vlr.gg/645494/kr-esports-vs-100-thieves-vct-2026-americas-stage-1-w4
KRÜ,Split,def,100T,0,1,18,elim,2026-05-02 17:00:00,2,VCT 2026: Americas Stage 1,https://www.vlr.gg/645494/kr-esports-vs-100-thieves-vct-2026-americas-stage-1-w4
KRÜ,Split,def,100T,0,1,19,elim,2026-05-02 17:00:00,2,VCT 2026: Americas Stage 1,https://www.vlr.gg/645494/kr-esports-vs-100-thieves-vct-2026-americas-stage-1-w4
FUR,Split,atk,SEN,1,0,1,elim,2026-05-02 20:00:00,0,VCT 2026: Americas Stage 1,https://www.vlr.gg/645495/furia-vs-sentinels-vct-2026-americas-stage-1-w4
FUR,Split,atk,SEN,1,0,2,elim,2026-05-02 20:00:00,0,VCT 2026: Americas Stage 1,https://www.vlr.gg/645495/furia-vs-sentinels-vct-2026-americas-stage-1-w4
FUR,Split,atk,SEN,0,1,3,elim,2026-05-02 20:00:00,0,VCT 2026: Americas Stage 1,https://www.vlr.gg/645495/furia-vs-sentinels-vct-2026-americas-stage-1-w4
FUR,Split,atk,SEN,1,0,4,elim,2026-05-02 20:00:00,0,VCT 2026: Americas Stage 1,https://www.vlr.gg/645495/furia-vs-sentinels-vct-2026-americas-stage-1-w4
FUR,Split,atk,SEN,1,0,5,elim,2026-05-02 20:00:00,0,VCT 2026: Americas Stage 1,https://www.vlr.gg/645495/furia-vs-sentinels-vct-2026-americas-stage-1-w4
FUR,Split,atk,SEN,0,1,6,defus,2026-05-02 20:00:00,0,VCT 2026: Americas Stage 1,https://www.vlr.gg/645495/furia-vs-sentinels-vct-2026-americas-stage-1-w4
FUR,Split,atk,SEN,1,0,7,elim,2026-05-02 20:00:00,0,VCT 2026: Americas Stage 1,https://www.vlr.gg/645495/furia-vs-sentinels-vct-2026-americas-stage-1-w4
FUR,Split,atk,SEN,1,0,8,boom,2026-05-02 20:00:00,0,VCT 2026: Americas Stage 1,https://www.vlr.gg/645495/furia-vs-sentinels-vct-2026-americas-stage-1-w4
FUR,Split,atk,SEN,1,0,9,elim,2026-05-02 20:00:00,0,VCT 2026: Americas Stage 1,https://www.vlr.gg/645495/furia-vs-sentinels-vct-2026-americas-stage-1-w4
FUR,Split,atk,SEN,1,0,10,elim,2026-05-02 20:00:00,0,VCT 2026: Americas Stage 1,https://www.vlr.gg/645495/furia-vs-sentinels-vct-2026-americas-stage-1-w4
FUR,Split,atk,SEN,0,1,11,defus,2026-05-02 20:00:00,0,VCT 2026: Americas Stage 1,https://www.vlr.gg/645495/furia-vs-sentinels-vct-2026-americas-stage-1-w4
FUR,Split,atk,SEN,0,1,12,defus,2026-05-02 20:00:00,0,VCT 2026: Americas Stage 1,https://www.vlr.gg/645495/furia-vs-sentinels-vct-2026-americas-stage-1-w4
FUR,Split,def,SEN,1,0,13,defus,2026-05-02 20:00:00,0,VCT 2026: Americas Stage 1,https://www.vlr.gg/645495/furia-vs-sentinels-vct-2026-americas-stage-1-w4
FUR,Split,def,SEN,1,0,14,elim,2026-05-02 20:00:00,0,VCT 2026: Americas Stage 1,https://www.vlr.gg/645495/furia-vs-sentinels-vct-2026-americas-stage-1-w4
FUR,Split,def,SEN,1,0,15,tim,2026-05-02 20:00:00,0,VCT 2026: Americas Stage 1,https://www.vlr.gg/645495/furia-vs-sentinels-vct-2026-americas-stage-1-w4
FUR,Split,def,SEN,1,0,16,elim,2026-05-02 20:00:00,0,VCT 2026: Americas Stage 1,https://www.vlr.gg/645495/furia-vs-sentinels-vct-2026-americas-stage-1-w4
FUR,Split,def,SEN,1,0,17,elim,2026-05-02 20:00:00,0,VCT 2026: Americas Stage 1,https://www.vlr.gg/645495/furia-vs-sentinels-vct-2026-americas-stage-1-w4
FUR,Breeze,atk,SEN,0,1,13,elim,2026-05-02 20:00:00,1,VCT 2026: Americas Stage 1,https://www.vlr.gg/645495/furia-vs-sentinels-vct-2026-americas-stage-1-w4
FUR,Breeze,atk,SEN,1,0,14,elim,2026-05-02 20:00:00,1,VCT 2026: Americas Stage 1,https://www.vlr.gg/645495/furia-vs-sentinels-vct-2026-americas-stage-1-w4
FUR,Breeze,atk,SEN,1,0,15,elim,2026-05-02 20:00:00,1,VCT 2026: Americas Stage 1,https://www.vlr.gg/645495/furia-vs-sentinels-vct-2026-americas-stage-1-w4
FUR,Breeze,atk,SEN,1,0,16,elim,2026-05-02 20:00:00,1,VCT 2026: Americas Stage 1,https://www.vlr.gg/645495/furia-vs-sentinels-vct-2026-americas-stage-1-w4
FUR,Breeze,atk,SEN,1,0,17,elim,2026-05-02 20:00:00,1,VCT 2026: Americas Stage 1,https://www.vlr.gg/645495/furia-vs-sentinels-vct-2026-americas-stage-1-w4
FUR,Breeze,atk,SEN,0,1,18,elim,2026-05-02 20:00:00,1,VCT 2026: Americas Stage 1,https://www.vlr.gg/645495/furia-vs-sentinels-vct-2026-americas-stage-1-w4
FUR,Breeze,atk,SEN,1,0,19,elim,2026-05-02 20:00:00,1,VCT 2026: Americas Stage 1,https://www.vlr.gg/645495/furia-vs-sentinels-vct-2026-americas-stage-1-w4
FUR,Breeze,atk,SEN,0,1,20,tim,2026-05-02 20:00:00,1,VCT 2026: Americas Stage 1,https://www.vlr.gg/645495/furia-vs-sentinels-vct-2026-americas-stage-1-w4
FUR,Breeze,def,SEN,0,1,1,elim,2026-05-02 20:00:00,1,VCT 2026: Americas Stage 1,https://www.vlr.gg/645495/furia-vs-sentinels-vct-2026-americas-stage-1-w4
FUR,Breeze,def,SEN,0,1,2,elim,2026-05-02 20:00:00,1,VCT 2026: Americas Stage 1,https://www.vlr.gg/645495/furia-vs-sentinels-vct-2026-americas-stage-1-w4
FUR,Breeze,def,SEN,0,1,3,boom,2026-05-02 20:00:00,1,VCT 2026: Americas Stage 1,https://www.vlr.gg/645495/furia-vs-sentinels-vct-2026-americas-stage-1-w4
FUR,Breeze,def,SEN,0,1,4,elim,2026-05-02 20:00:00,1,VCT 2026: Americas Stage 1,https://www.vlr.gg/645495/furia-vs-sentinels-vct-2026-americas-stage-1-w4
FUR,Breeze,def,SEN,0,1,5,elim,2026-05-02 20:00:00,1,VCT 2026: Americas Stage 1,https://www.vlr.gg/645495/furia-vs-sentinels-vct-2026-americas-stage-1-w4
FUR,Breeze,def,SEN,1,0,6,defus,2026-05-02 20:00:00,1,VCT 2026: Americas Stage 1,https://www.vlr.gg/645495/furia-vs-sentinels-vct-2026-americas-stage-1-w4
FUR,Breeze,def,SEN,0,1,7,elim,2026-05-02 20:00:00,1,VCT 2026: Americas Stage 1,https://www.vlr.gg/645495/furia-vs-sentinels-vct-2026-americas-stage-1-w4
FUR,Breeze,def,SEN,0,1,8,elim,2026-05-02 20:00:00,1,VCT 2026: Americas Stage 1,https://www.vlr.gg/645495/furia-vs-sentinels-vct-2026-americas-stage-1-w4
FUR,Breeze,def,SEN,0,1,9,elim,2026-05-02 20:00:00,1,VCT 2026: Americas Stage 1,https://www.vlr.gg/645495/furia-vs-sentinels-vct-2026-americas-stage-1-w4
FUR,Breeze,def,SEN,0,1,10,boom,2026-05-02 20:00:00,1,VCT 2026: Americas Stage 1,https://www.vlr.gg/645495/furia-vs-sentinels-vct-2026-americas-stage-1-w4
FUR,Breeze,def,SEN,0,1,11,elim,2026-05-02 20:00:00,1,VCT 2026: Americas Stage 1,https://www.vlr.gg/645495/furia-vs-sentinels-vct-2026-americas-stage-1-w4
FUR,Breeze,def,SEN,1,0,12,elim,2026-05-02 20:00:00,1,VCT 2026: Americas Stage 1,https://www.vlr.gg/645495/furia-vs-sentinels-vct-2026-americas-stage-1-w4
FUR,Haven,atk,SEN,0,1,1,defus,2026-05-02 20:00:00,2,VCT 2026: Americas Stage 1,https://www.vlr.gg/645495/furia-vs-sentinels-vct-2026-americas-stage-1-w4
FUR,Haven,atk,SEN,0,1,2,defus,2026-05-02 20:00:00,2,VCT 2026: Americas Stage 1,https://www.vlr.gg/645495/furia-vs-sentinels-vct-2026-americas-stage-1-w4
FUR,Haven,atk,SEN,1,0,3,elim,2026-05-02 20:00:00,2,VCT 2026: Americas Stage 1,https://www.vlr.gg/645495/furia-vs-sentinels-vct-2026-americas-stage-1-w4
FUR,Haven,atk,SEN,0,1,4,tim,2026-05-02 20:00:00,2,VCT 2026: Americas Stage 1,https://www.vlr.gg/645495/furia-vs-sentinels-vct-2026-americas-stage-1-w4
FUR,Haven,atk,SEN,1,0,5,elim,2026-05-02 20:00:00,2,VCT 2026: Americas Stage 1,https://www.vlr.gg/645495/furia-vs-sentinels-vct-2026-americas-stage-1-w4
FUR,Haven,atk,SEN,1,0,6,boom,2026-05-02 20:00:00,2,VCT 2026: Americas Stage 1,https://www.vlr.gg/645495/furia-vs-sentinels-vct-2026-americas-stage-1-w4
FUR,Haven,atk,SEN,1,0,7,elim,2026-05-02 20:00:00,2,VCT 2026: Americas Stage 1,https://www.vlr.gg/645495/furia-vs-sentinels-vct-2026-americas-stage-1-w4
FUR,Haven,atk,SEN,1,0,8,boom,2026-05-02 20:00:00,2,VCT 2026: Americas Stage 1,https://www.vlr.gg/645495/furia-vs-sentinels-vct-2026-americas-stage-1-w4
FUR,Haven,atk,SEN,0,1,9,elim,2026-05-02 20:00:00,2,VCT 2026: Americas Stage 1,https://www.vlr.gg/645495/furia-vs-sentinels-vct-2026-americas-stage-1-w4
FUR,Haven,atk,SEN,0,1,10,elim,2026-05-02 20:00:00,2,VCT 2026: Americas Stage 1,https://www.vlr.gg/645495/furia-vs-sentinels-vct-2026-americas-stage-1-w4
FUR,Haven,atk,SEN,1,0,11,elim,2026-05-02 20:00:00,2,VCT 2026: Americas Stage 1,https://www.vlr.gg/645495/furia-vs-sentinels-vct-2026-americas-stage-1-w4
FUR,Haven,atk,SEN,1,0,12,elim,2026-05-02 20:00:00,2,VCT 2026: Americas Stage 1,https://www.vlr.gg/645495/furia-vs-sentinels-vct-2026-americas-stage-1-w4
FUR,Haven,def,SEN,0,1,13,elim,2026-05-02 20:00:00,2,VCT 2026: Americas Stage 1,https://www.vlr.gg/645495/furia-vs-sentinels-vct-2026-americas-stage-1-w4
FUR,Haven,def,SEN,0,1,14,elim,2026-05-02 20:00:00,2,VCT 2026: Americas Stage 1,https://www.vlr.gg/645495/furia-vs-sentinels-vct-2026-americas-stage-1-w4
FUR,Haven,def,SEN,1,0,15,elim,2026-05-02 20:00:00,2,VCT 2026: Americas Stage 1,https://www.vlr.gg/645495/furia-vs-sentinels-vct-2026-americas-stage-1-w4
FUR,Haven,def,SEN,1,0,16,defus,2026-05-02 20:00:00,2,VCT 2026: Americas Stage 1,https://www.vlr.gg/645495/furia-vs-sentinels-vct-2026-americas-stage-1-w4
FUR,Haven,def,SEN,1,0,17,elim,2026-05-02 20:00:00,2,VCT 2026: Americas Stage 1,https://www.vlr.gg/645495/furia-vs-sentinels-vct-2026-americas-stage-1-w4
FUR,Haven,def,SEN,1,0,18,defus,2026-05-02 20:00:00,2,VCT 2026: Americas Stage 1,https://www.vlr.gg/645495/furia-vs-sentinels-vct-2026-americas-stage-1-w4
FUR,Haven,def,SEN,1,0,19,elim,2026-05-02 20:00:00,2,VCT 2026: Americas Stage 1,https://www.vlr.gg/645495/furia-vs-sentinels-vct-2026-americas-stage-1-w4
FUR,Haven,def,SEN,1,0,20,elim,2026-05-02 20:00:00,2,VCT 2026: Americas Stage 1,https://www.vlr.gg/645495/furia-vs-sentinels-vct-2026-americas-stage-1-w4
LOUD,Lotus,atk,C9,1,0,1,elim,2026-05-03 17:00:00,0,VCT 2026: Americas Stage 1,https://www.vlr.gg/645496/loud-vs-cloud9-vct-2026-americas-stage-1-w4
LOUD,Lotus,atk,C9,1,0,2,elim,2026-05-03 17:00:00,0,VCT 2026: Americas Stage 1,https://www.vlr.gg/645496/loud-vs-cloud9-vct-2026-americas-stage-1-w4
LOUD,Lotus,atk,C9,1,0,3,elim,2026-05-03 17:00:00,0,VCT 2026: Americas Stage 1,https://www.vlr.gg/645496/loud-vs-cloud9-vct-2026-americas-stage-1-w4
LOUD,Lotus,atk,C9,1,0,4,elim,2026-05-03 17:00:00,0,VCT 2026: Americas Stage 1,https://www.vlr.gg/645496/loud-vs-cloud9-vct-2026-americas-stage-1-w4
LOUD,Lotus,atk,C9,1,0,5,boom,2026-05-03 17:00:00,0,VCT 2026: Americas Stage 1,https://www.vlr.gg/645496/loud-vs-cloud9-vct-2026-americas-stage-1-w4
LOUD,Lotus,atk,C9,1,0,6,boom,2026-05-03 17:00:00,0,VCT 2026: Americas Stage 1,https://www.vlr.gg/645496/loud-vs-cloud9-vct-2026-americas-stage-1-w4
LOUD,Lotus,atk,C9,0,1,7,defus,2026-05-03 17:00:00,0,VCT 2026: Americas Stage 1,https://www.vlr.gg/645496/loud-vs-cloud9-vct-2026-americas-stage-1-w4
LOUD,Lotus,atk,C9,1,0,8,elim,2026-05-03 17:00:00,0,VCT 2026: Americas Stage 1,https://www.vlr.gg/645496/loud-vs-cloud9-vct-2026-americas-stage-1-w4
LOUD,Lotus,atk,C9,1,0,9,boom,2026-05-03 17:00:00,0,VCT 2026: Americas Stage 1,https://www.vlr.gg/645496/loud-vs-cloud9-vct-2026-americas-stage-1-w4
LOUD,Lotus,atk,C9,1,0,10,boom,2026-05-03 17:00:00,0,VCT 2026: Americas Stage 1,https://www.vlr.gg/645496/loud-vs-cloud9-vct-2026-americas-stage-1-w4
LOUD,Lotus,atk,C9,1,0,11,elim,2026-05-03 17:00:00,0,VCT 2026: Americas Stage 1,https://www.vlr.gg/645496/loud-vs-cloud9-vct-2026-americas-stage-1-w4
LOUD,Lotus,atk,C9,1,0,12,elim,2026-05-03 17:00:00,0,VCT 2026: Americas Stage 1,https://www.vlr.gg/645496/loud-vs-cloud9-vct-2026-americas-stage-1-w4
LOUD,Lotus,def,C9,1,0,13,elim,2026-05-03 17:00:00,0,VCT 2026: Americas Stage 1,https://www.vlr.gg/645496/loud-vs-cloud9-vct-2026-americas-stage-1-w4
LOUD,Lotus,def,C9,1,0,14,elim,2026-05-03 17:00:00,0,VCT 2026: Americas Stage 1,https://www.vlr.gg/645496/loud-vs-cloud9-vct-2026-americas-stage-1-w4
LOUD,Split,atk,C9,0,1,13,defus,2026-05-03 17:00:00,1,VCT 2026: Americas Stage 1,https://www.vlr.gg/645496/loud-vs-cloud9-vct-2026-americas-stage-1-w4
LOUD,Split,atk,C9,1,0,14,elim,2026-05-03 17:00:00,1,VCT 2026: Americas Stage 1,https://www.vlr.gg/645496/loud-vs-cloud9-vct-2026-americas-stage-1-w4
LOUD,Split,atk,C9,1,0,15,elim,2026-05-03 17:00:00,1,VCT 2026: Americas Stage 1,https://www.vlr.gg/645496/loud-vs-cloud9-vct-2026-americas-stage-1-w4
LOUD,Split,atk,C9,1,0,16,boom,2026-05-03 17:00:00,1,VCT 2026: Americas Stage 1,https://www.vlr.gg/645496/loud-vs-cloud9-vct-2026-americas-stage-1-w4
LOUD,Split,atk,C9,0,1,17,elim,2026-05-03 17:00:00,1,VCT 2026: Americas Stage 1,https://www.vlr.gg/645496/loud-vs-cloud9-vct-2026-americas-stage-1-w4
LOUD,Split,atk,C9,1,0,18,elim,2026-05-03 17:00:00,1,VCT 2026: Americas Stage 1,https://www.vlr.gg/645496/loud-vs-cloud9-vct-2026-americas-stage-1-w4
LOUD,Split,atk,C9,1,0,19,boom,2026-05-03 17:00:00,1,VCT 2026: Americas Stage 1,https://www.vlr.gg/645496/loud-vs-cloud9-vct-2026-americas-stage-1-w4
LOUD,Split,atk,C9,0,1,20,defus,2026-05-03 17:00:00,1,VCT 2026: Americas Stage 1,https://www.vlr.gg/645496/loud-vs-cloud9-vct-2026-americas-stage-1-w4
LOUD,Split,atk,C9,0,1,21,elim,2026-05-03 17:00:00,1,VCT 2026: Americas Stage 1,https://www.vlr.gg/645496/loud-vs-cloud9-vct-2026-americas-stage-1-w4
LOUD,Split,def,C9,0,1,1,elim,2026-05-03 17:00:00,1,VCT 2026: Americas Stage 1,https://www.vlr.gg/645496/loud-vs-cloud9-vct-2026-americas-stage-1-w4
LOUD,Split,def,C9,0,1,2,elim,2026-05-03 17:00:00,1,VCT 2026: Americas Stage 1,https://www.vlr.gg/645496/loud-vs-cloud9-vct-2026-americas-stage-1-w4
LOUD,Split,def,C9,0,1,3,boom,2026-05-03 17:00:00,1,VCT 2026: Americas Stage 1,https://www.vlr.gg/645496/loud-vs-cloud9-vct-2026-americas-stage-1-w4
LOUD,Split,def,C9,0,1,4,elim,2026-05-03 17:00:00,1,VCT 2026: Americas Stage 1,https://www.vlr.gg/645496/loud-vs-cloud9-vct-2026-americas-stage-1-w4
LOUD,Split,def,C9,1,0,5,elim,2026-05-03 17:00:00,1,VCT 2026: Americas Stage 1,https://www.vlr.gg/645496/loud-vs-cloud9-vct-2026-americas-stage-1-w4
LOUD,Split,def,C9,0,1,6,boom,2026-05-03 17:00:00,1,VCT 2026: Americas Stage 1,https://www.vlr.gg/645496/loud-vs-cloud9-vct-2026-americas-stage-1-w4
LOUD,Split,def,C9,0,1,7,elim,2026-05-03 17:00:00,1,VCT 2026: Americas Stage 1,https://www.vlr.gg/645496/loud-vs-cloud9-vct-2026-americas-stage-1-w4
LOUD,Split,def,C9,1,0,8,defus,2026-05-03 17:00:00,1,VCT 2026: Americas Stage 1,https://www.vlr.gg/645496/loud-vs-cloud9-vct-2026-americas-stage-1-w4
LOUD,Split,def,C9,0,1,9,elim,2026-05-03 17:00:00,1,VCT 2026: Americas Stage 1,https://www.vlr.gg/645496/loud-vs-cloud9-vct-2026-americas-stage-1-w4
LOUD,Split,def,C9,0,1,10,elim,2026-05-03 17:00:00,1,VCT 2026: Americas Stage 1,https://www.vlr.gg/645496/loud-vs-cloud9-vct-2026-americas-stage-1-w4
LOUD,Split,def,C9,0,1,11,elim,2026-05-03 17:00:00,1,VCT 2026: Americas Stage 1,https://www.vlr.gg/645496/loud-vs-cloud9-vct-2026-americas-stage-1-w4
LOUD,Split,def,C9,1,0,12,defus,2026-05-03 17:00:00,1,VCT 2026: Americas Stage 1,https://www.vlr.gg/645496/loud-vs-cloud9-vct-2026-americas-stage-1-w4
LOUD,Breeze,atk,C9,0,1,1,defus,2026-05-03 17:00:00,2,VCT 2026: Americas Stage 1,https://www.vlr.gg/645496/loud-vs-cloud9-vct-2026-americas-stage-1-w4
LOUD,Breeze,atk,C9,0,1,2,elim,2026-05-03 17:00:00,2,VCT 2026: Americas Stage 1,https://www.vlr.gg/645496/loud-vs-cloud9-vct-2026-americas-stage-1-w4
LOUD,Breeze,atk,C9,1,0,3,elim,2026-05-03 17:00:00,2,VCT 2026: Americas Stage 1,https://www.vlr.gg/645496/loud-vs-cloud9-vct-2026-americas-stage-1-w4
LOUD,Breeze,atk,C9,1,0,4,elim,2026-05-03 17:00:00,2,VCT 2026: Americas Stage 1,https://www.vlr.gg/645496/loud-vs-cloud9-vct-2026-americas-stage-1-w4
LOUD,Breeze,atk,C9,1,0,5,boom,2026-05-03 17:00:00,2,VCT 2026: Americas Stage 1,https://www.vlr.gg/645496/loud-vs-cloud9-vct-2026-americas-stage-1-w4
LOUD,Breeze,atk,C9,0,1,6,defus,2026-05-03 17:00:00,2,VCT 2026: Americas Stage 1,https://www.vlr.gg/645496/loud-vs-cloud9-vct-2026-americas-stage-1-w4
LOUD,Breeze,atk,C9,1,0,7,boom,2026-05-03 17:00:00,2,VCT 2026: Americas Stage 1,https://www.vlr.gg/645496/loud-vs-cloud9-vct-2026-americas-stage-1-w4
LOUD,Breeze,atk,C9,1,0,8,boom,2026-05-03 17:00:00,2,VCT 2026: Americas Stage 1,https://www.vlr.gg/645496/loud-vs-cloud9-vct-2026-americas-stage-1-w4
LOUD,Breeze,atk,C9,0,1,9,elim,2026-05-03 17:00:00,2,VCT 2026: Americas Stage 1,https://www.vlr.gg/645496/loud-vs-cloud9-vct-2026-americas-stage-1-w4
LOUD,Breeze,atk,C9,0,1,10,elim,2026-05-03 17:00:00,2,VCT 2026: Americas Stage 1,https://www.vlr.gg/645496/loud-vs-cloud9-vct-2026-americas-stage-1-w4
LOUD,Breeze,atk,C9,1,0,11,elim,2026-05-03 17:00:00,2,VCT 2026: Americas Stage 1,https://www.vlr.gg/645496/loud-vs-cloud9-vct-2026-americas-stage-1-w4
LOUD,Breeze,atk,C9,1,0,12,elim,2026-05-03 17:00:00,2,VCT 2026: Americas Stage 1,https://www.vlr.gg/645496/loud-vs-cloud9-vct-2026-americas-stage-1-w4
LOUD,Breeze,def,C9,0,1,13,elim,2026-05-03 17:00:00,2,VCT 2026: Americas Stage 1,https://www.vlr.gg/645496/loud-vs-cloud9-vct-2026-americas-stage-1-w4
LOUD,Breeze,def,C9,0,1,14,elim,2026-05-03 17:00:00,2,VCT 2026: Americas Stage 1,https://www.vlr.gg/645496/loud-vs-cloud9-vct-2026-americas-stage-1-w4
LOUD,Breeze,def,C9,0,1,15,elim,2026-05-03 17:00:00,2,VCT 2026: Americas Stage 1,https://www.vlr.gg/645496/loud-vs-cloud9-vct-2026-americas-stage-1-w4
LOUD,Breeze,def,C9,0,1,16,elim,2026-05-03 17:00:00,2,VCT 2026: Americas Stage 1,https://www.vlr.gg/645496/loud-vs-cloud9-vct-2026-americas-stage-1-w4
LOUD,Breeze,def,C9,1,0,17,defus,2026-05-03 17:00:00,2,VCT 2026: Americas Stage 1,https://www.vlr.gg/645496/loud-vs-cloud9-vct-2026-americas-stage-1-w4
LOUD,Breeze,def,C9,1,0,18,tim,2026-05-03 17:00:00,2,VCT 2026: Americas Stage 1,https://www.vlr.gg/645496/loud-vs-cloud9-vct-2026-americas-stage-1-w4
LOUD,Breeze,def,C9,0,1,19,elim,2026-05-03 17:00:00,2,VCT 2026: Americas Stage 1,https://www.vlr.gg/645496/loud-vs-cloud9-vct-2026-americas-stage-1-w4
LOUD,Breeze,def,C9,1,0,20,elim,2026-05-03 17:00:00,2,VCT 2026: Americas Stage 1,https://www.vlr.gg/645496/loud-vs-cloud9-vct-2026-americas-stage-1-w4
LOUD,Breeze,def,C9,0,1,21,elim,2026-05-03 17:00:00,2,VCT 2026: Americas Stage 1,https://www.vlr.gg/645496/loud-vs-cloud9-vct-2026-americas-stage-1-w4
LOUD,Breeze,def,C9,1,0,22,elim,2026-05-03 17:00:00,2,VCT 2026: Americas Stage 1,https://www.vlr.gg/645496/loud-vs-cloud9-vct-2026-americas-stage-1-w4
LOUD,Breeze,def,C9,1,0,23,elim,2026-05-03 17:00:00,2,VCT 2026: Americas Stage 1,https://www.vlr.gg/645496/loud-vs-cloud9-vct-2026-americas-stage-1-w4
LOUD,Breeze,def,C9,1,0,24,defus,2026-05-03 17:00:00,2,VCT 2026: Americas Stage 1,https://www.vlr.gg/645496/loud-vs-cloud9-vct-2026-americas-stage-1-w4
G2,Haven,atk,ENVY,0,1,13,elim,2026-05-03 20:00:00,0,VCT 2026: Americas Stage 1,https://www.vlr.gg/645497/g2-esports-vs-envy-vct-2026-americas-stage-1-w4
G2,Haven,atk,ENVY,1,0,14,elim,2026-05-03 20:00:00,0,VCT 2026: Americas Stage 1,https://www.vlr.gg/645497/g2-esports-vs-envy-vct-2026-americas-stage-1-w4
G2,Haven,atk,ENVY,1,0,15,elim,2026-05-03 20:00:00,0,VCT 2026: Americas Stage 1,https://www.vlr.gg/645497/g2-esports-vs-envy-vct-2026-americas-stage-1-w4
G2,Haven,atk,ENVY,1,0,16,elim,2026-05-03 20:00:00,0,VCT 2026: Americas Stage 1,https://www.vlr.gg/645497/g2-esports-vs-envy-vct-2026-americas-stage-1-w4
G2,Haven,atk,ENVY,1,0,17,elim,2026-05-03 20:00:00,0,VCT 2026: Americas Stage 1,https://www.vlr.gg/645497/g2-esports-vs-envy-vct-2026-americas-stage-1-w4
G2,Haven,def,ENVY,0,1,1,elim,2026-05-03 20:00:00,0,VCT 2026: Americas Stage 1,https://www.vlr.gg/645497/g2-esports-vs-envy-vct-2026-americas-stage-1-w4
G2,Haven,def,ENVY,1,0,2,elim,2026-05-03 20:00:00,0,VCT 2026: Americas Stage 1,https://www.vlr.gg/645497/g2-esports-vs-envy-vct-2026-americas-stage-1-w4
G2,Haven,def,ENVY,1,0,3,elim,2026-05-03 20:00:00,0,VCT 2026: Americas Stage 1,https://www.vlr.gg/645497/g2-esports-vs-envy-vct-2026-americas-stage-1-w4
G2,Haven,def,ENVY,1,0,4,elim,2026-05-03 20:00:00,0,VCT 2026: Americas Stage 1,https://www.vlr.gg/645497/g2-esports-vs-envy-vct-2026-americas-stage-1-w4
G2,Haven,def,ENVY,1,0,5,defus,2026-05-03 20:00:00,0,VCT 2026: Americas Stage 1,https://www.vlr.gg/645497/g2-esports-vs-envy-vct-2026-americas-stage-1-w4
G2,Haven,def,ENVY,1,0,6,elim,2026-05-03 20:00:00,0,VCT 2026: Americas Stage 1,https://www.vlr.gg/645497/g2-esports-vs-envy-vct-2026-americas-stage-1-w4
G2,Haven,def,ENVY,0,1,7,elim,2026-05-03 20:00:00,0,VCT 2026: Americas Stage 1,https://www.vlr.gg/645497/g2-esports-vs-envy-vct-2026-americas-stage-1-w4
G2,Haven,def,ENVY,0,1,8,elim,2026-05-03 20:00:00,0,VCT 2026: Americas Stage 1,https://www.vlr.gg/645497/g2-esports-vs-envy-vct-2026-americas-stage-1-w4
G2,Haven,def,ENVY,1,0,9,defus,2026-05-03 20:00:00,0,VCT 2026: Americas Stage 1,https://www.vlr.gg/645497/g2-esports-vs-envy-vct-2026-americas-stage-1-w4
G2,Haven,def,ENVY,1,0,10,defus,2026-05-03 20:00:00,0,VCT 2026: Americas Stage 1,https://www.vlr.gg/645497/g2-esports-vs-envy-vct-2026-americas-stage-1-w4
G2,Haven,def,ENVY,1,0,11,elim,2026-05-03 20:00:00,0,VCT 2026: Americas Stage 1,https://www.vlr.gg/645497/g2-esports-vs-envy-vct-2026-americas-stage-1-w4
G2,Haven,def,ENVY,1,0,12,elim,2026-05-03 20:00:00,0,VCT 2026: Americas Stage 1,https://www.vlr.gg/645497/g2-esports-vs-envy-vct-2026-americas-stage-1-w4
G2,Lotus,atk,ENVY,1,0,13,elim,2026-05-03 20:00:00,1,VCT 2026: Americas Stage 1,https://www.vlr.gg/645497/g2-esports-vs-envy-vct-2026-americas-stage-1-w4
G2,Lotus,atk,ENVY,1,0,14,elim,2026-05-03 20:00:00,1,VCT 2026: Americas Stage 1,https://www.vlr.gg/645497/g2-esports-vs-envy-vct-2026-americas-stage-1-w4
G2,Lotus,atk,ENVY,0,1,15,elim,2026-05-03 20:00:00,1,VCT 2026: Americas Stage 1,https://www.vlr.gg/645497/g2-esports-vs-envy-vct-2026-americas-stage-1-w4
G2,Lotus,atk,ENVY,1,0,16,elim,2026-05-03 20:00:00,1,VCT 2026: Americas Stage 1,https://www.vlr.gg/645497/g2-esports-vs-envy-vct-2026-americas-stage-1-w4
G2,Lotus,atk,ENVY,1,0,17,elim,2026-05-03 20:00:00,1,VCT 2026: Americas Stage 1,https://www.vlr.gg/645497/g2-esports-vs-envy-vct-2026-americas-stage-1-w4
G2,Lotus,atk,ENVY,1,0,18,elim,2026-05-03 20:00:00,1,VCT 2026: Americas Stage 1,https://www.vlr.gg/645497/g2-esports-vs-envy-vct-2026-americas-stage-1-w4
G2,Lotus,atk,ENVY,1,0,19,elim,2026-05-03 20:00:00,1,VCT 2026: Americas Stage 1,https://www.vlr.gg/645497/g2-esports-vs-envy-vct-2026-americas-stage-1-w4
G2,Lotus,def,ENVY,1,0,1,defus,2026-05-03 20:00:00,1,VCT 2026: Americas Stage 1,https://www.vlr.gg/645497/g2-esports-vs-envy-vct-2026-americas-stage-1-w4
G2,Lotus,def,ENVY,1,0,2,elim,2026-05-03 20:00:00,1,VCT 2026: Americas Stage 1,https://www.vlr.gg/645497/g2-esports-vs-envy-vct-2026-americas-stage-1-w4
G2,Lotus,def,ENVY,1,0,3,elim,2026-05-03 20:00:00,1,VCT 2026: Americas Stage 1,https://www.vlr.gg/645497/g2-esports-vs-envy-vct-2026-americas-stage-1-w4
G2,Lotus,def,ENVY,1,0,4,elim,2026-05-03 20:00:00,1,VCT 2026: Americas Stage 1,https://www.vlr.gg/645497/g2-esports-vs-envy-vct-2026-americas-stage-1-w4
G2,Lotus,def,ENVY,1,0,5,defus,2026-05-03 20:00:00,1,VCT 2026: Americas Stage 1,https://www.vlr.gg/645497/g2-esports-vs-envy-vct-2026-americas-stage-1-w4
G2,Lotus,def,ENVY,1,0,6,elim,2026-05-03 20:00:00,1,VCT 2026: Americas Stage 1,https://www.vlr.gg/645497/g2-esports-vs-envy-vct-2026-americas-stage-1-w4
G2,Lotus,def,ENVY,1,0,7,elim,2026-05-03 20:00:00,1,VCT 2026: Americas Stage 1,https://www.vlr.gg/645497/g2-esports-vs-envy-vct-2026-americas-stage-1-w4
G2,Lotus,def,ENVY,0,1,8,elim,2026-05-03 20:00:00,1,VCT 2026: Americas Stage 1,https://www.vlr.gg/645497/g2-esports-vs-envy-vct-2026-americas-stage-1-w4
G2,Lotus,def,ENVY,0,1,9,elim,2026-05-03 20:00:00,1,VCT 2026: Americas Stage 1,https://www.vlr.gg/645497/g2-esports-vs-envy-vct-2026-americas-stage-1-w4
G2,Lotus,def,ENVY,0,1,10,elim,2026-05-03 20:00:00,1,VCT 2026: Americas Stage 1,https://www.vlr.gg/645497/g2-esports-vs-envy-vct-2026-americas-stage-1-w4
G2,Lotus,def,ENVY,0,1,11,elim,2026-05-03 20:00:00,1,VCT 2026: Americas Stage 1,https://www.vlr.gg/645497/g2-esports-vs-envy-vct-2026-americas-stage-1-w4
G2,Lotus,def,ENVY,0,1,12,elim,2026-05-03 20:00:00,1,VCT 2026: Americas Stage 1,https://www.vlr.gg/645497/g2-esports-vs-envy-vct-2026-americas-stage-1-w4
KRÜ,Haven,atk,EG,0,1,1,tim,2026-05-08 17:00:00,0,VCT 2026: Americas Stage 1,https://www.vlr.gg/645498/kr-esports-vs-evil-geniuses-vct-2026-americas-stage-1-w5
KRÜ,Haven,atk,EG,0,1,2,defus,2026-05-08 17:00:00,0,VCT 2026: Americas Stage 1,https://www.vlr.gg/645498/kr-esports-vs-evil-geniuses-vct-2026-americas-stage-1-w5
KRÜ,Haven,atk,EG,1,0,3,elim,2026-05-08 17:00:00,0,VCT 2026: Americas Stage 1,https://www.vlr.gg/645498/kr-esports-vs-evil-geniuses-vct-2026-americas-stage-1-w5
KRÜ,Haven,atk,EG,0,1,4,elim,2026-05-08 17:00:00,0,VCT 2026: Americas Stage 1,https://www.vlr.gg/645498/kr-esports-vs-evil-geniuses-vct-2026-americas-stage-1-w5
KRÜ,Haven,atk,EG,0,1,5,defus,2026-05-08 17:00:00,0,VCT 2026: Americas Stage 1,https://www.vlr.gg/645498/kr-esports-vs-evil-geniuses-vct-2026-americas-stage-1-w5
KRÜ,Haven,atk,EG,1,0,6,boom,2026-05-08 17:00:00,0,VCT 2026: Americas Stage 1,https://www.vlr.gg/645498/kr-esports-vs-evil-geniuses-vct-2026-americas-stage-1-w5
KRÜ,Haven,atk,EG,0,1,7,defus,2026-05-08 17:00:00,0,VCT 2026: Americas Stage 1,https://www.vlr.gg/645498/kr-esports-vs-evil-geniuses-vct-2026-americas-stage-1-w5
KRÜ,Haven,atk,EG,0,1,8,elim,2026-05-08 17:00:00,0,VCT 2026: Americas Stage 1,https://www.vlr.gg/645498/kr-esports-vs-evil-geniuses-vct-2026-americas-stage-1-w5
KRÜ,Haven,atk,EG,1,0,9,boom,2026-05-08 17:00:00,0,VCT 2026: Americas Stage 1,https://www.vlr.gg/645498/kr-esports-vs-evil-geniuses-vct-2026-americas-stage-1-w5
KRÜ,Haven,atk,EG,0,1,10,defus,2026-05-08 17:00:00,0,VCT 2026: Americas Stage 1,https://www.vlr.gg/645498/kr-esports-vs-evil-geniuses-vct-2026-americas-stage-1-w5
KRÜ,Haven,atk,EG,1,0,11,boom,2026-05-08 17:00:00,0,VCT 2026: Americas Stage 1,https://www.vlr.gg/645498/kr-esports-vs-evil-geniuses-vct-2026-americas-stage-1-w5
KRÜ,Haven,atk,EG,1,0,12,elim,2026-05-08 17:00:00,0,VCT 2026: Americas Stage 1,https://www.vlr.gg/645498/kr-esports-vs-evil-geniuses-vct-2026-americas-stage-1-w5
KRÜ,Haven,def,EG,0,1,13,elim,2026-05-08 17:00:00,0,VCT 2026: Americas Stage 1,https://www.vlr.gg/645498/kr-esports-vs-evil-geniuses-vct-2026-americas-stage-1-w5
KRÜ,Haven,def,EG,0,1,14,boom,2026-05-08 17:00:00,0,VCT 2026: Americas Stage 1,https://www.vlr.gg/645498/kr-esports-vs-evil-geniuses-vct-2026-americas-stage-1-w5
KRÜ,Haven,def,EG,1,0,15,defus,2026-05-08 17:00:00,0,VCT 2026: Americas Stage 1,https://www.vlr.gg/645498/kr-esports-vs-evil-geniuses-vct-2026-americas-stage-1-w5
KRÜ,Haven,def,EG,1,0,16,defus,2026-05-08 17:00:00,0,VCT 2026: Americas Stage 1,https://www.vlr.gg/645498/kr-esports-vs-evil-geniuses-vct-2026-americas-stage-1-w5
KRÜ,Haven,def,EG,1,0,17,elim,2026-05-08 17:00:00,0,VCT 2026: Americas Stage 1,https://www.vlr.gg/645498/kr-esports-vs-evil-geniuses-vct-2026-americas-stage-1-w5
KRÜ,Haven,def,EG,0,1,18,elim,2026-05-08 17:00:00,0,VCT 2026: Americas Stage 1,https://www.vlr.gg/645498/kr-esports-vs-evil-geniuses-vct-2026-americas-stage-1-w5
KRÜ,Haven,def,EG,1,0,19,defus,2026-05-08 17:00:00,0,VCT 2026: Americas Stage 1,https://www.vlr.gg/645498/kr-esports-vs-evil-geniuses-vct-2026-americas-stage-1-w5
KRÜ,Haven,def,EG,1,0,20,elim,2026-05-08 17:00:00,0,VCT 2026: Americas Stage 1,https://www.vlr.gg/645498/kr-esports-vs-evil-geniuses-vct-2026-americas-stage-1-w5
KRÜ,Haven,def,EG,1,0,21,defus,2026-05-08 17:00:00,0,VCT 2026: Americas Stage 1,https://www.vlr.gg/645498/kr-esports-vs-evil-geniuses-vct-2026-americas-stage-1-w5
KRÜ,Haven,def,EG,0,1,22,elim,2026-05-08 17:00:00,0,VCT 2026: Americas Stage 1,https://www.vlr.gg/645498/kr-esports-vs-evil-geniuses-vct-2026-americas-stage-1-w5
KRÜ,Haven,def,EG,0,1,23,elim,2026-05-08 17:00:00,0,VCT 2026: Americas Stage 1,https://www.vlr.gg/645498/kr-esports-vs-evil-geniuses-vct-2026-americas-stage-1-w5
KRÜ,Haven,def,EG,0,1,24,elim,2026-05-08 17:00:00,0,VCT 2026: Americas Stage 1,https://www.vlr.gg/645498/kr-esports-vs-evil-geniuses-vct-2026-americas-stage-1-w5
KRÜ,Lotus,atk,EG,1,0,13,elim,2026-05-08 17:00:00,1,VCT 2026: Americas Stage 1,https://www.vlr.gg/645498/kr-esports-vs-evil-geniuses-vct-2026-americas-stage-1-w5
KRÜ,Lotus,atk,EG,1,0,14,elim,2026-05-08 17:00:00,1,VCT 2026: Americas Stage 1,https://www.vlr.gg/645498/kr-esports-vs-evil-geniuses-vct-2026-americas-stage-1-w5
KRÜ,Lotus,atk,EG,0,1,15,defus,2026-05-08 17:00:00,1,VCT 2026: Americas Stage 1,https://www.vlr.gg/645498/kr-esports-vs-evil-geniuses-vct-2026-americas-stage-1-w5
KRÜ,Lotus,atk,EG,0,1,16,defus,2026-05-08 17:00:00,1,VCT 2026: Americas Stage 1,https://www.vlr.gg/645498/kr-esports-vs-evil-geniuses-vct-2026-americas-stage-1-w5
KRÜ,Lotus,atk,EG,0,1,17,elim,2026-05-08 17:00:00,1,VCT 2026: Americas Stage 1,https://www.vlr.gg/645498/kr-esports-vs-evil-geniuses-vct-2026-americas-stage-1-w5
KRÜ,Lotus,atk,EG,1,0,18,boom,2026-05-08 17:00:00,1,VCT 2026: Americas Stage 1,https://www.vlr.gg/645498/kr-esports-vs-evil-geniuses-vct-2026-americas-stage-1-w5
KRÜ,Lotus,atk,EG,1,0,19,elim,2026-05-08 17:00:00,1,VCT 2026: Americas Stage 1,https://www.vlr.gg/645498/kr-esports-vs-evil-geniuses-vct-2026-americas-stage-1-w5
KRÜ,Lotus,atk,EG,1,0,20,elim,2026-05-08 17:00:00,1,VCT 2026: Americas Stage 1,https://www.vlr.gg/645498/kr-esports-vs-evil-geniuses-vct-2026-americas-stage-1-w5
KRÜ,Lotus,atk,EG,1,0,21,boom,2026-05-08 17:00:00,1,VCT 2026: Americas Stage 1,https://www.vlr.gg/645498/kr-esports-vs-evil-geniuses-vct-2026-americas-stage-1-w5
KRÜ,Lotus,atk,EG,1,0,22,elim,2026-05-08 17:00:00,1,VCT 2026: Americas Stage 1,https://www.vlr.gg/645498/kr-esports-vs-evil-geniuses-vct-2026-americas-stage-1-w5
KRÜ,Lotus,atk,EG,1,0,23,elim,2026-05-08 17:00:00,1,VCT 2026: Americas Stage 1,https://www.vlr.gg/645498/kr-esports-vs-evil-geniuses-vct-2026-americas-stage-1-w5
KRÜ,Lotus,atk,EG,1,0,24,elim,2026-05-08 17:00:00,1,VCT 2026: Americas Stage 1,https://www.vlr.gg/645498/kr-esports-vs-evil-geniuses-vct-2026-americas-stage-1-w5
KRÜ,Lotus,def,EG,1,0,1,elim,2026-05-08 17:00:00,1,VCT 2026: Americas Stage 1,https://www.vlr.gg/645498/kr-esports-vs-evil-geniuses-vct-2026-americas-stage-1-w5
KRÜ,Lotus,def,EG,1,0,2,elim,2026-05-08 17:00:00,1,VCT 2026: Americas Stage 1,https://www.vlr.gg/645498/kr-esports-vs-evil-geniuses-vct-2026-americas-stage-1-w5
KRÜ,Lotus,def,EG,0,1,3,elim,2026-05-08 17:00:00,1,VCT 2026: Americas Stage 1,https://www.vlr.gg/645498/kr-esports-vs-evil-geniuses-vct-2026-americas-stage-1-w5
KRÜ,Lotus,def,EG,0,1,4,elim,2026-05-08 17:00:00,1,VCT 2026: Americas Stage 1,https://www.vlr.gg/645498/kr-esports-vs-evil-geniuses-vct-2026-americas-stage-1-w5
KRÜ,Lotus,def,EG,0,1,5,elim,2026-05-08 17:00:00,1,VCT 2026: Americas Stage 1,https://www.vlr.gg/645498/kr-esports-vs-evil-geniuses-vct-2026-americas-stage-1-w5
KRÜ,Lotus,def,EG,0,1,6,boom,2026-05-08 17:00:00,1,VCT 2026: Americas Stage 1,https://www.vlr.gg/645498/kr-esports-vs-evil-geniuses-vct-2026-americas-stage-1-w5
KRÜ,Lotus,def,EG,0,1,7,elim,2026-05-08 17:00:00,1,VCT 2026: Americas Stage 1,https://www.vlr.gg/645498/kr-esports-vs-evil-geniuses-vct-2026-americas-stage-1-w5
KRÜ,Lotus,def,EG,1,0,8,elim,2026-05-08 17:00:00,1,VCT 2026: Americas Stage 1,https://www.vlr.gg/645498/kr-esports-vs-evil-geniuses-vct-2026-americas-stage-1-w5
KRÜ,Lotus,def,EG,0,1,9,elim,2026-05-08 17:00:00,1,VCT 2026: Americas Stage 1,https://www.vlr.gg/645498/kr-esports-vs-evil-geniuses-vct-2026-americas-stage-1-w5
KRÜ,Lotus,def,EG,1,0,10,elim,2026-05-08 17:00:00,1,VCT 2026: Americas Stage 1,https://www.vlr.gg/645498/kr-esports-vs-evil-geniuses-vct-2026-americas-stage-1-w5
KRÜ,Lotus,def,EG,0,1,11,elim,2026-05-08 17:00:00,1,VCT 2026: Americas Stage 1,https://www.vlr.gg/645498/kr-esports-vs-evil-geniuses-vct-2026-americas-stage-1-w5
KRÜ,Lotus,def,EG,0,1,12,elim,2026-05-08 17:00:00,1,VCT 2026: Americas Stage 1,https://www.vlr.gg/645498/kr-esports-vs-evil-geniuses-vct-2026-americas-stage-1-w5
KRÜ,Bind,atk,EG,1,0,13,elim,2026-05-08 17:00:00,2,VCT 2026: Americas Stage 1,https://www.vlr.gg/645498/kr-esports-vs-evil-geniuses-vct-2026-americas-stage-1-w5
KRÜ,Bind,atk,EG,1,0,14,elim,2026-05-08 17:00:00,2,VCT 2026: Americas Stage 1,https://www.vlr.gg/645498/kr-esports-vs-evil-geniuses-vct-2026-americas-stage-1-w5
KRÜ,Bind,atk,EG,1,0,15,elim,2026-05-08 17:00:00,2,VCT 2026: Americas Stage 1,https://www.vlr.gg/645498/kr-esports-vs-evil-geniuses-vct-2026-americas-stage-1-w5
KRÜ,Bind,atk,EG,1,0,16,elim,2026-05-08 17:00:00,2,VCT 2026: Americas Stage 1,https://www.vlr.gg/645498/kr-esports-vs-evil-geniuses-vct-2026-americas-stage-1-w5
KRÜ,Bind,atk,EG,0,1,17,defus,2026-05-08 17:00:00,2,VCT 2026: Americas Stage 1,https://www.vlr.gg/645498/kr-esports-vs-evil-geniuses-vct-2026-americas-stage-1-w5
KRÜ,Bind,atk,EG,1,0,18,elim,2026-05-08 17:00:00,2,VCT 2026: Americas Stage 1,https://www.vlr.gg/645498/kr-esports-vs-evil-geniuses-vct-2026-americas-stage-1-w5
KRÜ,Bind,atk,EG,1,0,19,elim,2026-05-08 17:00:00,2,VCT 2026: Americas Stage 1,https://www.vlr.gg/645498/kr-esports-vs-evil-geniuses-vct-2026-americas-stage-1-w5
KRÜ,Bind,def,EG,1,0,1,elim,2026-05-08 17:00:00,2,VCT 2026: Americas Stage 1,https://www.vlr.gg/645498/kr-esports-vs-evil-geniuses-vct-2026-americas-stage-1-w5
KRÜ,Bind,def,EG,1,0,2,defus,2026-05-08 17:00:00,2,VCT 2026: Americas Stage 1,https://www.vlr.gg/645498/kr-esports-vs-evil-geniuses-vct-2026-americas-stage-1-w5
KRÜ,Bind,def,EG,0,1,3,elim,2026-05-08 17:00:00,2,VCT 2026: Americas Stage 1,https://www.vlr.gg/645498/kr-esports-vs-evil-geniuses-vct-2026-americas-stage-1-w5
KRÜ,Bind,def,EG,0,1,4,elim,2026-05-08 17:00:00,2,VCT 2026: Americas Stage 1,https://www.vlr.gg/645498/kr-esports-vs-evil-geniuses-vct-2026-americas-stage-1-w5
KRÜ,Bind,def,EG,0,1,5,elim,2026-05-08 17:00:00,2,VCT 2026: Americas Stage 1,https://www.vlr.gg/645498/kr-esports-vs-evil-geniuses-vct-2026-americas-stage-1-w5
KRÜ,Bind,def,EG,1,0,6,elim,2026-05-08 17:00:00,2,VCT 2026: Americas Stage 1,https://www.vlr.gg/645498/kr-esports-vs-evil-geniuses-vct-2026-americas-stage-1-w5
KRÜ,Bind,def,EG,0,1,7,elim,2026-05-08 17:00:00,2,VCT 2026: Americas Stage 1,https://www.vlr.gg/645498/kr-esports-vs-evil-geniuses-vct-2026-americas-stage-1-w5
KRÜ,Bind,def,EG,1,0,8,elim,2026-05-08 17:00:00,2,VCT 2026: Americas Stage 1,https://www.vlr.gg/645498/kr-esports-vs-evil-geniuses-vct-2026-americas-stage-1-w5
KRÜ,Bind,def,EG,0,1,9,boom,2026-05-08 17:00:00,2,VCT 2026: Americas Stage 1,https://www.vlr.gg/645498/kr-esports-vs-evil-geniuses-vct-2026-americas-stage-1-w5
KRÜ,Bind,def,EG,1,0,10,elim,2026-05-08 17:00:00,2,VCT 2026: Americas Stage 1,https://www.vlr.gg/645498/kr-esports-vs-evil-geniuses-vct-2026-americas-stage-1-w5
KRÜ,Bind,def,EG,1,0,11,defus,2026-05-08 17:00:00,2,VCT 2026: Americas Stage 1,https://www.vlr.gg/645498/kr-esports-vs-evil-geniuses-vct-2026-americas-stage-1-w5
KRÜ,Bind,def,EG,1,0,12,defus,2026-05-08 17:00:00,2,VCT 2026: Americas Stage 1,https://www.vlr.gg/645498/kr-esports-vs-evil-geniuses-vct-2026-americas-stage-1-w5
FUR,Pearl,atk,100T,0,1,13,elim,2026-05-08 20:20:00,0,VCT 2026: Americas Stage 1,https://www.vlr.gg/645499/furia-vs-100-thieves-vct-2026-americas-stage-1-w5
FUR,Pearl,atk,100T,0,1,14,defus,2026-05-08 20:20:00,0,VCT 2026: Americas Stage 1,https://www.vlr.gg/645499/furia-vs-100-thieves-vct-2026-americas-stage-1-w5
FUR,Pearl,atk,100T,1,0,15,boom,2026-05-08 20:20:00,0,VCT 2026: Americas Stage 1,https://www.vlr.gg/645499/furia-vs-100-thieves-vct-2026-americas-stage-1-w5
FUR,Pearl,atk,100T,1,0,16,elim,2026-05-08 20:20:00,0,VCT 2026: Americas Stage 1,https://www.vlr.gg/645499/furia-vs-100-thieves-vct-2026-americas-stage-1-w5
FUR,Pearl,atk,100T,1,0,17,elim,2026-05-08 20:20:00,0,VCT 2026: Americas Stage 1,https://www.vlr.gg/645499/furia-vs-100-thieves-vct-2026-americas-stage-1-w5
FUR,Pearl,atk,100T,1,0,18,boom,2026-05-08 20:20:00,0,VCT 2026: Americas Stage 1,https://www.vlr.gg/645499/furia-vs-100-thieves-vct-2026-americas-stage-1-w5
FUR,Pearl,atk,100T,1,0,19,elim,2026-05-08 20:20:00,0,VCT 2026: Americas Stage 1,https://www.vlr.gg/645499/furia-vs-100-thieves-vct-2026-americas-stage-1-w5
FUR,Pearl,atk,100T,1,0,20,elim,2026-05-08 20:20:00,0,VCT 2026: Americas Stage 1,https://www.vlr.gg/645499/furia-vs-100-thieves-vct-2026-americas-stage-1-w5
FUR,Pearl,atk,100T,1,0,21,elim,2026-05-08 20:20:00,0,VCT 2026: Americas Stage 1,https://www.vlr.gg/645499/furia-vs-100-thieves-vct-2026-americas-stage-1-w5
FUR,Pearl,atk,100T,1,0,22,elim,2026-05-08 20:20:00,0,VCT 2026: Americas Stage 1,https://www.vlr.gg/645499/furia-vs-100-thieves-vct-2026-americas-stage-1-w5
FUR,Pearl,def,100T,0,1,1,elim,2026-05-08 20:20:00,0,VCT 2026: Americas Stage 1,https://www.vlr.gg/645499/furia-vs-100-thieves-vct-2026-americas-stage-1-w5
FUR,Pearl,def,100T,0,1,2,elim,2026-05-08 20:20:00,0,VCT 2026: Americas Stage 1,https://www.vlr.gg/645499/furia-vs-100-thieves-vct-2026-americas-stage-1-w5
FUR,Pearl,def,100T,1,0,3,elim,2026-05-08 20:20:00,0,VCT 2026: Americas Stage 1,https://www.vlr.gg/645499/furia-vs-100-thieves-vct-2026-americas-stage-1-w5
FUR,Pearl,def,100T,0,1,4,elim,2026-05-08 20:20:00,0,VCT 2026: Americas Stage 1,https://www.vlr.gg/645499/furia-vs-100-thieves-vct-2026-americas-stage-1-w5
FUR,Pearl,def,100T,0,1,5,elim,2026-05-08 20:20:00,0,VCT 2026: Americas Stage 1,https://www.vlr.gg/645499/furia-vs-100-thieves-vct-2026-americas-stage-1-w5
FUR,Pearl,def,100T,1,0,6,elim,2026-05-08 20:20:00,0,VCT 2026: Americas Stage 1,https://www.vlr.gg/645499/furia-vs-100-thieves-vct-2026-americas-stage-1-w5
FUR,Pearl,def,100T,1,0,7,elim,2026-05-08 20:20:00,0,VCT 2026: Americas Stage 1,https://www.vlr.gg/645499/furia-vs-100-thieves-vct-2026-americas-stage-1-w5
FUR,Pearl,def,100T,1,0,8,elim,2026-05-08 20:20:00,0,VCT 2026: Americas Stage 1,https://www.vlr.gg/645499/furia-vs-100-thieves-vct-2026-americas-stage-1-w5
FUR,Pearl,def,100T,0,1,9,elim,2026-05-08 20:20:00,0,VCT 2026: Americas Stage 1,https://www.vlr.gg/645499/furia-vs-100-thieves-vct-2026-americas-stage-1-w5
FUR,Pearl,def,100T,0,1,10,boom,2026-05-08 20:20:00,0,VCT 2026: Americas Stage 1,https://www.vlr.gg/645499/furia-vs-100-thieves-vct-2026-americas-stage-1-w5
FUR,Pearl,def,100T,1,0,11,elim,2026-05-08 20:20:00,0,VCT 2026: Americas Stage 1,https://www.vlr.gg/645499/furia-vs-100-thieves-vct-2026-americas-stage-1-w5
FUR,Pearl,def,100T,0,1,12,elim,2026-05-08 20:20:00,0,VCT 2026: Americas Stage 1,https://www.vlr.gg/645499/furia-vs-100-thieves-vct-2026-americas-stage-1-w5
FUR,Haven,atk,100T,1,0,13,elim,2026-05-08 20:20:00,1,VCT 2026: Americas Stage 1,https://www.vlr.gg/645499/furia-vs-100-thieves-vct-2026-americas-stage-1-w5
FUR,Haven,atk,100T,1,0,14,boom,2026-05-08 20:20:00,1,VCT 2026: Americas Stage 1,https://www.vlr.gg/645499/furia-vs-100-thieves-vct-2026-americas-stage-1-w5
FUR,Haven,atk,100T,1,0,15,elim,2026-05-08 20:20:00,1,VCT 2026: Americas Stage 1,https://www.vlr.gg/645499/furia-vs-100-thieves-vct-2026-americas-stage-1-w5
FUR,Haven,atk,100T,1,0,16,elim,2026-05-08 20:20:00,1,VCT 2026: Americas Stage 1,https://www.vlr.gg/645499/furia-vs-100-thieves-vct-2026-americas-stage-1-w5
FUR,Haven,atk,100T,0,1,17,elim,2026-05-08 20:20:00,1,VCT 2026: Americas Stage 1,https://www.vlr.gg/645499/furia-vs-100-thieves-vct-2026-americas-stage-1-w5
FUR,Haven,atk,100T,0,1,18,defus,2026-05-08 20:20:00,1,VCT 2026: Americas Stage 1,https://www.vlr.gg/645499/furia-vs-100-thieves-vct-2026-americas-stage-1-w5
FUR,Haven,atk,100T,0,1,19,elim,2026-05-08 20:20:00,1,VCT 2026: Americas Stage 1,https://www.vlr.gg/645499/furia-vs-100-thieves-vct-2026-americas-stage-1-w5
FUR,Haven,atk,100T,0,1,20,defus,2026-05-08 20:20:00,1,VCT 2026: Americas Stage 1,https://www.vlr.gg/645499/furia-vs-100-thieves-vct-2026-americas-stage-1-w5
FUR,Haven,atk,100T,0,1,21,elim,2026-05-08 20:20:00,1,VCT 2026: Americas Stage 1,https://www.vlr.gg/645499/furia-vs-100-thieves-vct-2026-americas-stage-1-w5
FUR,Haven,def,100T,0,1,1,elim,2026-05-08 20:20:00,1,VCT 2026: Americas Stage 1,https://www.vlr.gg/645499/furia-vs-100-thieves-vct-2026-americas-stage-1-w5
FUR,Haven,def,100T,0,1,2,elim,2026-05-08 20:20:00,1,VCT 2026: Americas Stage 1,https://www.vlr.gg/645499/furia-vs-100-thieves-vct-2026-americas-stage-1-w5
FUR,Haven,def,100T,1,0,3,elim,2026-05-08 20:20:00,1,VCT 2026: Americas Stage 1,https://www.vlr.gg/645499/furia-vs-100-thieves-vct-2026-americas-stage-1-w5
FUR,Haven,def,100T,1,0,4,defus,2026-05-08 20:20:00,1,VCT 2026: Americas Stage 1,https://www.vlr.gg/645499/furia-vs-100-thieves-vct-2026-americas-stage-1-w5
FUR,Haven,def,100T,1,0,5,elim,2026-05-08 20:20:00,1,VCT 2026: Americas Stage 1,https://www.vlr.gg/645499/furia-vs-100-thieves-vct-2026-americas-stage-1-w5
FUR,Haven,def,100T,0,1,6,elim,2026-05-08 20:20:00,1,VCT 2026: Americas Stage 1,https://www.vlr.gg/645499/furia-vs-100-thieves-vct-2026-americas-stage-1-w5
FUR,Haven,def,100T,0,1,7,elim,2026-05-08 20:20:00,1,VCT 2026: Americas Stage 1,https://www.vlr.gg/645499/furia-vs-100-thieves-vct-2026-americas-stage-1-w5
FUR,Haven,def,100T,0,1,8,elim,2026-05-08 20:20:00,1,VCT 2026: Americas Stage 1,https://www.vlr.gg/645499/furia-vs-100-thieves-vct-2026-americas-stage-1-w5
FUR,Haven,def,100T,0,1,9,elim,2026-05-08 20:20:00,1,VCT 2026: Americas Stage 1,https://www.vlr.gg/645499/furia-vs-100-thieves-vct-2026-americas-stage-1-w5
FUR,Haven,def,100T,0,1,10,boom,2026-05-08 20:20:00,1,VCT 2026: Americas Stage 1,https://www.vlr.gg/645499/furia-vs-100-thieves-vct-2026-americas-stage-1-w5
FUR,Haven,def,100T,1,0,11,elim,2026-05-08 20:20:00,1,VCT 2026: Americas Stage 1,https://www.vlr.gg/645499/furia-vs-100-thieves-vct-2026-americas-stage-1-w5
FUR,Haven,def,100T,0,1,12,elim,2026-05-08 20:20:00,1,VCT 2026: Americas Stage 1,https://www.vlr.gg/645499/furia-vs-100-thieves-vct-2026-americas-stage-1-w5
FUR,Breeze,atk,100T,0,1,13,elim,2026-05-08 20:20:00,2,VCT 2026: Americas Stage 1,https://www.vlr.gg/645499/furia-vs-100-thieves-vct-2026-americas-stage-1-w5
FUR,Breeze,atk,100T,0,1,14,elim,2026-05-08 20:20:00,2,VCT 2026: Americas Stage 1,https://www.vlr.gg/645499/furia-vs-100-thieves-vct-2026-americas-stage-1-w5
FUR,Breeze,atk,100T,0,1,15,defus,2026-05-08 20:20:00,2,VCT 2026: Americas Stage 1,https://www.vlr.gg/645499/furia-vs-100-thieves-vct-2026-americas-stage-1-w5
FUR,Breeze,atk,100T,1,0,16,elim,2026-05-08 20:20:00,2,VCT 2026: Americas Stage 1,https://www.vlr.gg/645499/furia-vs-100-thieves-vct-2026-americas-stage-1-w5
FUR,Breeze,atk,100T,1,0,17,elim,2026-05-08 20:20:00,2,VCT 2026: Americas Stage 1,https://www.vlr.gg/645499/furia-vs-100-thieves-vct-2026-americas-stage-1-w5
FUR,Breeze,atk,100T,0,1,18,tim,2026-05-08 20:20:00,2,VCT 2026: Americas Stage 1,https://www.vlr.gg/645499/furia-vs-100-thieves-vct-2026-americas-stage-1-w5
FUR,Breeze,atk,100T,0,1,19,elim,2026-05-08 20:20:00,2,VCT 2026: Americas Stage 1,https://www.vlr.gg/645499/furia-vs-100-thieves-vct-2026-americas-stage-1-w5
FUR,Breeze,def,100T,1,0,1,defus,2026-05-08 20:20:00,2,VCT 2026: Americas Stage 1,https://www.vlr.gg/645499/furia-vs-100-thieves-vct-2026-americas-stage-1-w5
FUR,Breeze,def,100T,1,0,2,defus,2026-05-08 20:20:00,2,VCT 2026: Americas Stage 1,https://www.vlr.gg/645499/furia-vs-100-thieves-vct-2026-americas-stage-1-w5
FUR,Breeze,def,100T,0,1,3,elim,2026-05-08 20:20:00,2,VCT 2026: Americas Stage 1,https://www.vlr.gg/645499/furia-vs-100-thieves-vct-2026-americas-stage-1-w5
FUR,Breeze,def,100T,0,1,4,elim,2026-05-08 20:20:00,2,VCT 2026: Americas Stage 1,https://www.vlr.gg/645499/furia-vs-100-thieves-vct-2026-americas-stage-1-w5
FUR,Breeze,def,100T,0,1,5,elim,2026-05-08 20:20:00,2,VCT 2026: Americas Stage 1,https://www.vlr.gg/645499/furia-vs-100-thieves-vct-2026-americas-stage-1-w5
FUR,Breeze,def,100T,0,1,6,elim,2026-05-08 20:20:00,2,VCT 2026: Americas Stage 1,https://www.vlr.gg/645499/furia-vs-100-thieves-vct-2026-americas-stage-1-w5
FUR,Breeze,def,100T,0,1,7,elim,2026-05-08 20:20:00,2,VCT 2026: Americas Stage 1,https://www.vlr.gg/645499/furia-vs-100-thieves-vct-2026-americas-stage-1-w5
FUR,Breeze,def,100T,1,0,8,elim,2026-05-08 20:20:00,2,VCT 2026: Americas Stage 1,https://www.vlr.gg/645499/furia-vs-100-thieves-vct-2026-americas-stage-1-w5
FUR,Breeze,def,100T,0,1,9,elim,2026-05-08 20:20:00,2,VCT 2026: Americas Stage 1,https://www.vlr.gg/645499/furia-vs-100-thieves-vct-2026-americas-stage-1-w5
FUR,Breeze,def,100T,0,1,10,elim,2026-05-08 20:20:00,2,VCT 2026: Americas Stage 1,https://www.vlr.gg/645499/furia-vs-100-thieves-vct-2026-americas-stage-1-w5
FUR,Breeze,def,100T,0,1,11,elim,2026-05-08 20:20:00,2,VCT 2026: Americas Stage 1,https://www.vlr.gg/645499/furia-vs-100-thieves-vct-2026-americas-stage-1-w5
FUR,Breeze,def,100T,1,0,12,elim,2026-05-08 20:20:00,2,VCT 2026: Americas Stage 1,https://www.vlr.gg/645499/furia-vs-100-thieves-vct-2026-americas-stage-1-w5
G2,Lotus,atk,C9,1,0,13,elim,2026-05-09 17:00:00,0,VCT 2026: Americas Stage 1,https://www.vlr.gg/645500/g2-esports-vs-cloud9-vct-2026-americas-stage-1-w5
G2,Lotus,atk,C9,1,0,14,boom,2026-05-09 17:00:00,0,VCT 2026: Americas Stage 1,https://www.vlr.gg/645500/g2-esports-vs-cloud9-vct-2026-americas-stage-1-w5
G2,Lotus,atk,C9,0,1,15,elim,2026-05-09 17:00:00,0,VCT 2026: Americas Stage 1,https://www.vlr.gg/645500/g2-esports-vs-cloud9-vct-2026-americas-stage-1-w5
G2,Lotus,atk,C9,0,1,16,defus,2026-05-09 17:00:00,0,VCT 2026: Americas Stage 1,https://www.vlr.gg/645500/g2-esports-vs-cloud9-vct-2026-americas-stage-1-w5
G2,Lotus,atk,C9,1,0,17,elim,2026-05-09 17:00:00,0,VCT 2026: Americas Stage 1,https://www.vlr.gg/645500/g2-esports-vs-cloud9-vct-2026-americas-stage-1-w5
G2,Lotus,atk,C9,1,0,18,elim,2026-05-09 17:00:00,0,VCT 2026: Americas Stage 1,https://www.vlr.gg/645500/g2-esports-vs-cloud9-vct-2026-americas-stage-1-w5
G2,Lotus,atk,C9,1,0,19,elim,2026-05-09 17:00:00,0,VCT 2026: Americas Stage 1,https://www.vlr.gg/645500/g2-esports-vs-cloud9-vct-2026-americas-stage-1-w5
G2,Lotus,def,C9,1,0,1,defus,2026-05-09 17:00:00,0,VCT 2026: Americas Stage 1,https://www.vlr.gg/645500/g2-esports-vs-cloud9-vct-2026-americas-stage-1-w5
G2,Lotus,def,C9,1,0,2,defus,2026-05-09 17:00:00,0,VCT 2026: Americas Stage 1,https://www.vlr.gg/645500/g2-esports-vs-cloud9-vct-2026-americas-stage-1-w5
G2,Lotus,def,C9,0,1,3,elim,2026-05-09 17:00:00,0,VCT 2026: Americas Stage 1,https://www.vlr.gg/645500/g2-esports-vs-cloud9-vct-2026-americas-stage-1-w5
G2,Lotus,def,C9,1,0,4,elim,2026-05-09 17:00:00,0,VCT 2026: Americas Stage 1,https://www.vlr.gg/645500/g2-esports-vs-cloud9-vct-2026-americas-stage-1-w5
G2,Lotus,def,C9,1,0,5,defus,2026-05-09 17:00:00,0,VCT 2026: Americas Stage 1,https://www.vlr.gg/645500/g2-esports-vs-cloud9-vct-2026-americas-stage-1-w5
G2,Lotus,def,C9,0,1,6,elim,2026-05-09 17:00:00,0,VCT 2026: Americas Stage 1,https://www.vlr.gg/645500/g2-esports-vs-cloud9-vct-2026-americas-stage-1-w5
G2,Lotus,def,C9,1,0,7,elim,2026-05-09 17:00:00,0,VCT 2026: Americas Stage 1,https://www.vlr.gg/645500/g2-esports-vs-cloud9-vct-2026-americas-stage-1-w5
G2,Lotus,def,C9,1,0,8,elim,2026-05-09 17:00:00,0,VCT 2026: Americas Stage 1,https://www.vlr.gg/645500/g2-esports-vs-cloud9-vct-2026-americas-stage-1-w5
G2,Lotus,def,C9,0,1,9,elim,2026-05-09 17:00:00,0,VCT 2026: Americas Stage 1,https://www.vlr.gg/645500/g2-esports-vs-cloud9-vct-2026-americas-stage-1-w5
G2,Lotus,def,C9,0,1,10,elim,2026-05-09 17:00:00,0,VCT 2026: Americas Stage 1,https://www.vlr.gg/645500/g2-esports-vs-cloud9-vct-2026-americas-stage-1-w5
G2,Lotus,def,C9,1,0,11,defus,2026-05-09 17:00:00,0,VCT 2026: Americas Stage 1,https://www.vlr.gg/645500/g2-esports-vs-cloud9-vct-2026-americas-stage-1-w5
G2,Lotus,def,C9,1,0,12,elim,2026-05-09 17:00:00,0,VCT 2026: Americas Stage 1,https://www.vlr.gg/645500/g2-esports-vs-cloud9-vct-2026-americas-stage-1-w5
G2,Split,atk,C9,1,0,13,elim,2026-05-09 17:00:00,1,VCT 2026: Americas Stage 1,https://www.vlr.gg/645500/g2-esports-vs-cloud9-vct-2026-americas-stage-1-w5
G2,Split,atk,C9,1,0,14,elim,2026-05-09 17:00:00,1,VCT 2026: Americas Stage 1,https://www.vlr.gg/645500/g2-esports-vs-cloud9-vct-2026-americas-stage-1-w5
G2,Split,atk,C9,0,1,15,defus,2026-05-09 17:00:00,1,VCT 2026: Americas Stage 1,https://www.vlr.gg/645500/g2-esports-vs-cloud9-vct-2026-americas-stage-1-w5
G2,Split,atk,C9,1,0,16,boom,2026-05-09 17:00:00,1,VCT 2026: Americas Stage 1,https://www.vlr.gg/645500/g2-esports-vs-cloud9-vct-2026-americas-stage-1-w5
G2,Split,atk,C9,0,1,17,elim,2026-05-09 17:00:00,1,VCT 2026: Americas Stage 1,https://www.vlr.gg/645500/g2-esports-vs-cloud9-vct-2026-americas-stage-1-w5
G2,Split,atk,C9,0,1,18,defus,2026-05-09 17:00:00,1,VCT 2026: Americas Stage 1,https://www.vlr.gg/645500/g2-esports-vs-cloud9-vct-2026-americas-stage-1-w5
G2,Split,atk,C9,0,1,19,defus,2026-05-09 17:00:00,1,VCT 2026: Americas Stage 1,https://www.vlr.gg/645500/g2-esports-vs-cloud9-vct-2026-americas-stage-1-w5
G2,Split,atk,C9,0,1,20,defus,2026-05-09 17:00:00,1,VCT 2026: Americas Stage 1,https://www.vlr.gg/645500/g2-esports-vs-cloud9-vct-2026-americas-stage-1-w5
G2,Split,atk,C9,1,0,21,elim,2026-05-09 17:00:00,1,VCT 2026: Americas Stage 1,https://www.vlr.gg/645500/g2-esports-vs-cloud9-vct-2026-americas-stage-1-w5
G2,Split,atk,C9,1,0,22,elim,2026-05-09 17:00:00,1,VCT 2026: Americas Stage 1,https://www.vlr.gg/645500/g2-esports-vs-cloud9-vct-2026-americas-stage-1-w5
G2,Split,def,C9,1,0,1,elim,2026-05-09 17:00:00,1,VCT 2026: Americas Stage 1,https://www.vlr.gg/645500/g2-esports-vs-cloud9-vct-2026-americas-stage-1-w5
G2,Split,def,C9,1,0,2,elim,2026-05-09 17:00:00,1,VCT 2026: Americas Stage 1,https://www.vlr.gg/645500/g2-esports-vs-cloud9-vct-2026-americas-stage-1-w5
G2,Split,def,C9,1,0,3,defus,2026-05-09 17:00:00,1,VCT 2026: Americas Stage 1,https://www.vlr.gg/645500/g2-esports-vs-cloud9-vct-2026-americas-stage-1-w5
G2,Split,def,C9,1,0,4,elim,2026-05-09 17:00:00,1,VCT 2026: Americas Stage 1,https://www.vlr.gg/645500/g2-esports-vs-cloud9-vct-2026-americas-stage-1-w5
G2,Split,def,C9,1,0,5,tim,2026-05-09 17:00:00,1,VCT 2026: Americas Stage 1,https://www.vlr.gg/645500/g2-esports-vs-cloud9-vct-2026-americas-stage-1-w5
G2,Split,def,C9,1,0,6,tim,2026-05-09 17:00:00,1,VCT 2026: Americas Stage 1,https://www.vlr.gg/645500/g2-esports-vs-cloud9-vct-2026-americas-stage-1-w5
G2,Split,def,C9,1,0,7,elim,2026-05-09 17:00:00,1,VCT 2026: Americas Stage 1,https://www.vlr.gg/645500/g2-esports-vs-cloud9-vct-2026-americas-stage-1-w5
G2,Split,def,C9,0,1,8,elim,2026-05-09 17:00:00,1,VCT 2026: Americas Stage 1,https://www.vlr.gg/645500/g2-esports-vs-cloud9-vct-2026-americas-stage-1-w5
G2,Split,def,C9,0,1,9,elim,2026-05-09 17:00:00,1,VCT 2026: Americas Stage 1,https://www.vlr.gg/645500/g2-esports-vs-cloud9-vct-2026-americas-stage-1-w5
G2,Split,def,C9,1,0,10,elim,2026-05-09 17:00:00,1,VCT 2026: Americas Stage 1,https://www.vlr.gg/645500/g2-esports-vs-cloud9-vct-2026-americas-stage-1-w5
G2,Split,def,C9,0,1,11,boom,2026-05-09 17:00:00,1,VCT 2026: Americas Stage 1,https://www.vlr.gg/645500/g2-esports-vs-cloud9-vct-2026-americas-stage-1-w5
G2,Split,def,C9,0,1,12,elim,2026-05-09 17:00:00,1,VCT 2026: Americas Stage 1,https://www.vlr.gg/645500/g2-esports-vs-cloud9-vct-2026-americas-stage-1-w5
ENVY,Haven,atk,MIBR,1,0,1,elim,2026-05-09 19:10:00,0,VCT 2026: Americas Stage 1,https://www.vlr.gg/645501/envy-vs-mibr-vct-2026-americas-stage-1-w5
ENVY,Haven,atk,MIBR,1,0,2,elim,2026-05-09 19:10:00,0,VCT 2026: Americas Stage 1,https://www.vlr.gg/645501/envy-vs-mibr-vct-2026-americas-stage-1-w5
ENVY,Haven,atk,MIBR,1,0,3,elim,2026-05-09 19:10:00,0,VCT 2026: Americas Stage 1,https://www.vlr.gg/645501/envy-vs-mibr-vct-2026-americas-stage-1-w5
ENVY,Haven,atk,MIBR,1,0,4,boom,2026-05-09 19:10:00,0,VCT 2026: Americas Stage 1,https://www.vlr.gg/645501/envy-vs-mibr-vct-2026-americas-stage-1-w5
ENVY,Haven,atk,MIBR,1,0,5,elim,2026-05-09 19:10:00,0,VCT 2026: Americas Stage 1,https://www.vlr.gg/645501/envy-vs-mibr-vct-2026-americas-stage-1-w5
ENVY,Haven,atk,MIBR,1,0,6,elim,2026-05-09 19:10:00,0,VCT 2026: Americas Stage 1,https://www.vlr.gg/645501/envy-vs-mibr-vct-2026-americas-stage-1-w5
ENVY,Haven,atk,MIBR,1,0,7,elim,2026-05-09 19:10:00,0,VCT 2026: Americas Stage 1,https://www.vlr.gg/645501/envy-vs-mibr-vct-2026-americas-stage-1-w5
ENVY,Haven,atk,MIBR,1,0,8,elim,2026-05-09 19:10:00,0,VCT 2026: Americas Stage 1,https://www.vlr.gg/645501/envy-vs-mibr-vct-2026-americas-stage-1-w5
ENVY,Haven,atk,MIBR,1,0,9,boom,2026-05-09 19:10:00,0,VCT 2026: Americas Stage 1,https://www.vlr.gg/645501/envy-vs-mibr-vct-2026-americas-stage-1-w5
ENVY,Haven,atk,MIBR,0,1,10,elim,2026-05-09 19:10:00,0,VCT 2026: Americas Stage 1,https://www.vlr.gg/645501/envy-vs-mibr-vct-2026-americas-stage-1-w5
ENVY,Haven,atk,MIBR,1,0,11,elim,2026-05-09 19:10:00,0,VCT 2026: Americas Stage 1,https://www.vlr.gg/645501/envy-vs-mibr-vct-2026-americas-stage-1-w5
ENVY,Haven,atk,MIBR,1,0,12,elim,2026-05-09 19:10:00,0,VCT 2026: Americas Stage 1,https://www.vlr.gg/645501/envy-vs-mibr-vct-2026-americas-stage-1-w5
ENVY,Haven,def,MIBR,1,0,13,defus,2026-05-09 19:10:00,0,VCT 2026: Americas Stage 1,https://www.vlr.gg/645501/envy-vs-mibr-vct-2026-americas-stage-1-w5
ENVY,Haven,def,MIBR,1,0,14,elim,2026-05-09 19:10:00,0,VCT 2026: Americas Stage 1,https://www.vlr.gg/645501/envy-vs-mibr-vct-2026-americas-stage-1-w5
ENVY,Bind,atk,MIBR,1,0,13,elim,2026-05-09 19:10:00,1,VCT 2026: Americas Stage 1,https://www.vlr.gg/645501/envy-vs-mibr-vct-2026-americas-stage-1-w5
ENVY,Bind,atk,MIBR,1,0,14,elim,2026-05-09 19:10:00,1,VCT 2026: Americas Stage 1,https://www.vlr.gg/645501/envy-vs-mibr-vct-2026-americas-stage-1-w5
ENVY,Bind,atk,MIBR,1,0,15,elim,2026-05-09 19:10:00,1,VCT 2026: Americas Stage 1,https://www.vlr.gg/645501/envy-vs-mibr-vct-2026-americas-stage-1-w5
ENVY,Bind,atk,MIBR,1,0,16,elim,2026-05-09 19:10:00,1,VCT 2026: Americas Stage 1,https://www.vlr.gg/645501/envy-vs-mibr-vct-2026-americas-stage-1-w5
ENVY,Bind,def,MIBR,1,0,1,defus,2026-05-09 19:10:00,1,VCT 2026: Americas Stage 1,https://www.vlr.gg/645501/envy-vs-mibr-vct-2026-americas-stage-1-w5
ENVY,Bind,def,MIBR,0,1,2,elim,2026-05-09 19:10:00,1,VCT 2026: Americas Stage 1,https://www.vlr.gg/645501/envy-vs-mibr-vct-2026-americas-stage-1-w5
ENVY,Bind,def,MIBR,1,0,3,defus,2026-05-09 19:10:00,1,VCT 2026: Americas Stage 1,https://www.vlr.gg/645501/envy-vs-mibr-vct-2026-americas-stage-1-w5
ENVY,Bind,def,MIBR,1,0,4,elim,2026-05-09 19:10:00,1,VCT 2026: Americas Stage 1,https://www.vlr.gg/645501/envy-vs-mibr-vct-2026-americas-stage-1-w5
ENVY,Bind,def,MIBR,1,0,5,elim,2026-05-09 19:10:00,1,VCT 2026: Americas Stage 1,https://www.vlr.gg/645501/envy-vs-mibr-vct-2026-americas-stage-1-w5
ENVY,Bind,def,MIBR,0,1,6,elim,2026-05-09 19:10:00,1,VCT 2026: Americas Stage 1,https://www.vlr.gg/645501/envy-vs-mibr-vct-2026-americas-stage-1-w5
ENVY,Bind,def,MIBR,1,0,7,defus,2026-05-09 19:10:00,1,VCT 2026: Americas Stage 1,https://www.vlr.gg/645501/envy-vs-mibr-vct-2026-americas-stage-1-w5
ENVY,Bind,def,MIBR,1,0,8,elim,2026-05-09 19:10:00,1,VCT 2026: Americas Stage 1,https://www.vlr.gg/645501/envy-vs-mibr-vct-2026-americas-stage-1-w5
ENVY,Bind,def,MIBR,1,0,9,defus,2026-05-09 19:10:00,1,VCT 2026: Americas Stage 1,https://www.vlr.gg/645501/envy-vs-mibr-vct-2026-americas-stage-1-w5
ENVY,Bind,def,MIBR,0,1,10,elim,2026-05-09 19:10:00,1,VCT 2026: Americas Stage 1,https://www.vlr.gg/645501/envy-vs-mibr-vct-2026-americas-stage-1-w5
ENVY,Bind,def,MIBR,1,0,11,elim,2026-05-09 19:10:00,1,VCT 2026: Americas Stage 1,https://www.vlr.gg/645501/envy-vs-mibr-vct-2026-americas-stage-1-w5
ENVY,Bind,def,MIBR,1,0,12,defus,2026-05-09 19:10:00,1,VCT 2026: Americas Stage 1,https://www.vlr.gg/645501/envy-vs-mibr-vct-2026-americas-stage-1-w5
LOUD,Bind,atk,LEV,0,1,1,defus,2026-05-10 17:00:00,0,VCT 2026: Americas Stage 1,https://www.vlr.gg/645502/loud-vs-leviat-n-vct-2026-americas-stage-1-w5
LOUD,Bind,atk,LEV,0,1,2,elim,2026-05-10 17:00:00,0,VCT 2026: Americas Stage 1,https://www.vlr.gg/645502/loud-vs-leviat-n-vct-2026-americas-stage-1-w5
LOUD,Bind,atk,LEV,0,1,3,elim,2026-05-10 17:00:00,0,VCT 2026: Americas Stage 1,https://www.vlr.gg/645502/loud-vs-leviat-n-vct-2026-americas-stage-1-w5
LOUD,Bind,atk,LEV,0,1,4,elim,2026-05-10 17:00:00,0,VCT 2026: Americas Stage 1,https://www.vlr.gg/645502/loud-vs-leviat-n-vct-2026-americas-stage-1-w5
LOUD,Bind,atk,LEV,1,0,5,elim,2026-05-10 17:00:00,0,VCT 2026: Americas Stage 1,https://www.vlr.gg/645502/loud-vs-leviat-n-vct-2026-americas-stage-1-w5
LOUD,Bind,atk,LEV,0,1,6,elim,2026-05-10 17:00:00,0,VCT 2026: Americas Stage 1,https://www.vlr.gg/645502/loud-vs-leviat-n-vct-2026-americas-stage-1-w5
LOUD,Bind,atk,LEV,0,1,7,defus,2026-05-10 17:00:00,0,VCT 2026: Americas Stage 1,https://www.vlr.gg/645502/loud-vs-leviat-n-vct-2026-americas-stage-1-w5
LOUD,Bind,atk,LEV,0,1,8,elim,2026-05-10 17:00:00,0,VCT 2026: Americas Stage 1,https://www.vlr.gg/645502/loud-vs-leviat-n-vct-2026-americas-stage-1-w5
LOUD,Bind,atk,LEV,0,1,9,elim,2026-05-10 17:00:00,0,VCT 2026: Americas Stage 1,https://www.vlr.gg/645502/loud-vs-leviat-n-vct-2026-americas-stage-1-w5
LOUD,Bind,atk,LEV,1,0,10,elim,2026-05-10 17:00:00,0,VCT 2026: Americas Stage 1,https://www.vlr.gg/645502/loud-vs-leviat-n-vct-2026-americas-stage-1-w5
LOUD,Bind,atk,LEV,1,0,11,boom,2026-05-10 17:00:00,0,VCT 2026: Americas Stage 1,https://www.vlr.gg/645502/loud-vs-leviat-n-vct-2026-americas-stage-1-w5
LOUD,Bind,atk,LEV,0,1,12,defus,2026-05-10 17:00:00,0,VCT 2026: Americas Stage 1,https://www.vlr.gg/645502/loud-vs-leviat-n-vct-2026-americas-stage-1-w5
LOUD,Bind,def,LEV,0,1,13,elim,2026-05-10 17:00:00,0,VCT 2026: Americas Stage 1,https://www.vlr.gg/645502/loud-vs-leviat-n-vct-2026-americas-stage-1-w5
LOUD,Bind,def,LEV,0,1,14,elim,2026-05-10 17:00:00,0,VCT 2026: Americas Stage 1,https://www.vlr.gg/645502/loud-vs-leviat-n-vct-2026-americas-stage-1-w5
LOUD,Bind,def,LEV,0,1,15,elim,2026-05-10 17:00:00,0,VCT 2026: Americas Stage 1,https://www.vlr.gg/645502/loud-vs-leviat-n-vct-2026-americas-stage-1-w5
LOUD,Bind,def,LEV,0,1,16,elim,2026-05-10 17:00:00,0,VCT 2026: Americas Stage 1,https://www.vlr.gg/645502/loud-vs-leviat-n-vct-2026-americas-stage-1-w5
LOUD,Breeze,atk,LEV,1,0,13,elim,2026-05-10 17:00:00,1,VCT 2026: Americas Stage 1,https://www.vlr.gg/645502/loud-vs-leviat-n-vct-2026-americas-stage-1-w5
LOUD,Breeze,atk,LEV,1,0,14,elim,2026-05-10 17:00:00,1,VCT 2026: Americas Stage 1,https://www.vlr.gg/645502/loud-vs-leviat-n-vct-2026-americas-stage-1-w5
LOUD,Breeze,atk,LEV,1,0,15,elim,2026-05-10 17:00:00,1,VCT 2026: Americas Stage 1,https://www.vlr.gg/645502/loud-vs-leviat-n-vct-2026-americas-stage-1-w5
LOUD,Breeze,atk,LEV,1,0,16,boom,2026-05-10 17:00:00,1,VCT 2026: Americas Stage 1,https://www.vlr.gg/645502/loud-vs-leviat-n-vct-2026-americas-stage-1-w5
LOUD,Breeze,atk,LEV,0,1,17,elim,2026-05-10 17:00:00,1,VCT 2026: Americas Stage 1,https://www.vlr.gg/645502/loud-vs-leviat-n-vct-2026-americas-stage-1-w5
LOUD,Breeze,atk,LEV,1,0,18,elim,2026-05-10 17:00:00,1,VCT 2026: Americas Stage 1,https://www.vlr.gg/645502/loud-vs-leviat-n-vct-2026-americas-stage-1-w5
LOUD,Breeze,atk,LEV,0,1,19,defus,2026-05-10 17:00:00,1,VCT 2026: Americas Stage 1,https://www.vlr.gg/645502/loud-vs-leviat-n-vct-2026-americas-stage-1-w5
LOUD,Breeze,atk,LEV,0,1,20,defus,2026-05-10 17:00:00,1,VCT 2026: Americas Stage 1,https://www.vlr.gg/645502/loud-vs-leviat-n-vct-2026-americas-stage-1-w5
LOUD,Breeze,atk,LEV,1,0,21,elim,2026-05-10 17:00:00,1,VCT 2026: Americas Stage 1,https://www.vlr.gg/645502/loud-vs-leviat-n-vct-2026-americas-stage-1-w5
LOUD,Breeze,atk,LEV,0,1,22,defus,2026-05-10 17:00:00,1,VCT 2026: Americas Stage 1,https://www.vlr.gg/645502/loud-vs-leviat-n-vct-2026-americas-stage-1-w5
LOUD,Breeze,atk,LEV,1,0,23,elim,2026-05-10 17:00:00,1,VCT 2026: Americas Stage 1,https://www.vlr.gg/645502/loud-vs-leviat-n-vct-2026-americas-stage-1-w5
LOUD,Breeze,atk,LEV,1,0,24,elim,2026-05-10 17:00:00,1,VCT 2026: Americas Stage 1,https://www.vlr.gg/645502/loud-vs-leviat-n-vct-2026-americas-stage-1-w5
LOUD,Breeze,atk,LEV,1,0,26,elim,2026-05-10 17:00:00,1,VCT 2026: Americas Stage 1,https://www.vlr.gg/645502/loud-vs-leviat-n-vct-2026-americas-stage-1-w5
LOUD,Breeze,def,LEV,1,0,1,defus,2026-05-10 17:00:00,1,VCT 2026: Americas Stage 1,https://www.vlr.gg/645502/loud-vs-leviat-n-vct-2026-americas-stage-1-w5
LOUD,Breeze,def,LEV,0,1,2,elim,2026-05-10 17:00:00,1,VCT 2026: Americas Stage 1,https://www.vlr.gg/645502/loud-vs-leviat-n-vct-2026-americas-stage-1-w5
LOUD,Breeze,def,LEV,0,1,3,elim,2026-05-10 17:00:00,1,VCT 2026: Americas Stage 1,https://www.vlr.gg/645502/loud-vs-leviat-n-vct-2026-americas-stage-1-w5
LOUD,Breeze,def,LEV,0,1,4,elim,2026-05-10 17:00:00,1,VCT 2026: Americas Stage 1,https://www.vlr.gg/645502/loud-vs-leviat-n-vct-2026-americas-stage-1-w5
LOUD,Breeze,def,LEV,1,0,5,tim,2026-05-10 17:00:00,1,VCT 2026: Americas Stage 1,https://www.vlr.gg/645502/loud-vs-leviat-n-vct-2026-americas-stage-1-w5
LOUD,Breeze,def,LEV,0,1,6,elim,2026-05-10 17:00:00,1,VCT 2026: Americas Stage 1,https://www.vlr.gg/645502/loud-vs-leviat-n-vct-2026-americas-stage-1-w5
LOUD,Breeze,def,LEV,0,1,7,elim,2026-05-10 17:00:00,1,VCT 2026: Americas Stage 1,https://www.vlr.gg/645502/loud-vs-leviat-n-vct-2026-americas-stage-1-w5
LOUD,Breeze,def,LEV,1,0,8,defus,2026-05-10 17:00:00,1,VCT 2026: Americas Stage 1,https://www.vlr.gg/645502/loud-vs-leviat-n-vct-2026-americas-stage-1-w5
LOUD,Breeze,def,LEV,0,1,9,elim,2026-05-10 17:00:00,1,VCT 2026: Americas Stage 1,https://www.vlr.gg/645502/loud-vs-leviat-n-vct-2026-americas-stage-1-w5
LOUD,Breeze,def,LEV,1,0,10,defus,2026-05-10 17:00:00,1,VCT 2026: Americas Stage 1,https://www.vlr.gg/645502/loud-vs-leviat-n-vct-2026-americas-stage-1-w5
LOUD,Breeze,def,LEV,0,1,11,elim,2026-05-10 17:00:00,1,VCT 2026: Americas Stage 1,https://www.vlr.gg/645502/loud-vs-leviat-n-vct-2026-americas-stage-1-w5
LOUD,Breeze,def,LEV,0,1,12,elim,2026-05-10 17:00:00,1,VCT 2026: Americas Stage 1,https://www.vlr.gg/645502/loud-vs-leviat-n-vct-2026-americas-stage-1-w5
LOUD,Breeze,def,LEV,1,0,25,elim,2026-05-10 17:00:00,1,VCT 2026: Americas Stage 1,https://www.vlr.gg/645502/loud-vs-leviat-n-vct-2026-americas-stage-1-w5
LOUD,Haven,atk,LEV,1,0,13,elim,2026-05-10 17:00:00,2,VCT 2026: Americas Stage 1,https://www.vlr.gg/645502/loud-vs-leviat-n-vct-2026-americas-stage-1-w5
LOUD,Haven,atk,LEV,1,0,14,elim,2026-05-10 17:00:00,2,VCT 2026: Americas Stage 1,https://www.vlr.gg/645502/loud-vs-leviat-n-vct-2026-americas-stage-1-w5
LOUD,Haven,atk,LEV,1,0,15,elim,2026-05-10 17:00:00,2,VCT 2026: Americas Stage 1,https://www.vlr.gg/645502/loud-vs-leviat-n-vct-2026-americas-stage-1-w5
LOUD,Haven,atk,LEV,1,0,16,boom,2026-05-10 17:00:00,2,VCT 2026: Americas Stage 1,https://www.vlr.gg/645502/loud-vs-leviat-n-vct-2026-americas-stage-1-w5
LOUD,Haven,atk,LEV,1,0,17,elim,2026-05-10 17:00:00,2,VCT 2026: Americas Stage 1,https://www.vlr.gg/645502/loud-vs-leviat-n-vct-2026-americas-stage-1-w5
LOUD,Haven,atk,LEV,1,0,18,elim,2026-05-10 17:00:00,2,VCT 2026: Americas Stage 1,https://www.vlr.gg/645502/loud-vs-leviat-n-vct-2026-americas-stage-1-w5
LOUD,Haven,atk,LEV,0,1,19,defus,2026-05-10 17:00:00,2,VCT 2026: Americas Stage 1,https://www.vlr.gg/645502/loud-vs-leviat-n-vct-2026-americas-stage-1-w5
LOUD,Haven,atk,LEV,1,0,20,boom,2026-05-10 17:00:00,2,VCT 2026: Americas Stage 1,https://www.vlr.gg/645502/loud-vs-leviat-n-vct-2026-americas-stage-1-w5
LOUD,Haven,atk,LEV,1,0,21,boom,2026-05-10 17:00:00,2,VCT 2026: Americas Stage 1,https://www.vlr.gg/645502/loud-vs-leviat-n-vct-2026-americas-stage-1-w5
LOUD,Haven,atk,LEV,1,0,22,elim,2026-05-10 17:00:00,2,VCT 2026: Americas Stage 1,https://www.vlr.gg/645502/loud-vs-leviat-n-vct-2026-americas-stage-1-w5
LOUD,Haven,atk,LEV,1,0,23,elim,2026-05-10 17:00:00,2,VCT 2026: Americas Stage 1,https://www.vlr.gg/645502/loud-vs-leviat-n-vct-2026-americas-stage-1-w5
LOUD,Haven,def,LEV,0,1,1,elim,2026-05-10 17:00:00,2,VCT 2026: Americas Stage 1,https://www.vlr.gg/645502/loud-vs-leviat-n-vct-2026-americas-stage-1-w5
LOUD,Haven,def,LEV,0,1,2,elim,2026-05-10 17:00:00,2,VCT 2026: Americas Stage 1,https://www.vlr.gg/645502/loud-vs-leviat-n-vct-2026-americas-stage-1-w5
LOUD,Haven,def,LEV,0,1,3,boom,2026-05-10 17:00:00,2,VCT 2026: Americas Stage 1,https://www.vlr.gg/645502/loud-vs-leviat-n-vct-2026-americas-stage-1-w5
LOUD,Haven,def,LEV,0,1,4,elim,2026-05-10 17:00:00,2,VCT 2026: Americas Stage 1,https://www.vlr.gg/645502/loud-vs-leviat-n-vct-2026-americas-stage-1-w5
LOUD,Haven,def,LEV,0,1,5,elim,2026-05-10 17:00:00,2,VCT 2026: Americas Stage 1,https://www.vlr.gg/645502/loud-vs-leviat-n-vct-2026-americas-stage-1-w5
LOUD,Haven,def,LEV,1,0,6,elim,2026-05-10 17:00:00,2,VCT 2026: Americas Stage 1,https://www.vlr.gg/645502/loud-vs-leviat-n-vct-2026-americas-stage-1-w5
LOUD,Haven,def,LEV,0,1,7,elim,2026-05-10 17:00:00,2,VCT 2026: Americas Stage 1,https://www.vlr.gg/645502/loud-vs-leviat-n-vct-2026-americas-stage-1-w5
LOUD,Haven,def,LEV,1,0,8,defus,2026-05-10 17:00:00,2,VCT 2026: Americas Stage 1,https://www.vlr.gg/645502/loud-vs-leviat-n-vct-2026-americas-stage-1-w5
LOUD,Haven,def,LEV,0,1,9,elim,2026-05-10 17:00:00,2,VCT 2026: Americas Stage 1,https://www.vlr.gg/645502/loud-vs-leviat-n-vct-2026-americas-stage-1-w5
LOUD,Haven,def,LEV,0,1,10,elim,2026-05-10 17:00:00,2,VCT 2026: Americas Stage 1,https://www.vlr.gg/645502/loud-vs-leviat-n-vct-2026-americas-stage-1-w5
LOUD,Haven,def,LEV,0,1,11,elim,2026-05-10 17:00:00,2,VCT 2026: Americas Stage 1,https://www.vlr.gg/645502/loud-vs-leviat-n-vct-2026-americas-stage-1-w5
LOUD,Haven,def,LEV,1,0,12,elim,2026-05-10 17:00:00,2,VCT 2026: Americas Stage 1,https://www.vlr.gg/645502/loud-vs-leviat-n-vct-2026-americas-stage-1-w5
SEN,Fracture,atk,NRG,1,0,1,elim,2026-05-10 20:10:00,0,VCT 2026: Americas Stage 1,https://www.vlr.gg/645503/sentinels-vs-nrg-vct-2026-americas-stage-1-w5
SEN,Fracture,atk,NRG,1,0,2,boom,2026-05-10 20:10:00,0,VCT 2026: Americas Stage 1,https://www.vlr.gg/645503/sentinels-vs-nrg-vct-2026-americas-stage-1-w5
SEN,Fracture,atk,NRG,0,1,3,elim,2026-05-10 20:10:00,0,VCT 2026: Americas Stage 1,https://www.vlr.gg/645503/sentinels-vs-nrg-vct-2026-americas-stage-1-w5
SEN,Fracture,atk,NRG,0,1,4,tim,2026-05-10 20:10:00,0,VCT 2026: Americas Stage 1,https://www.vlr.gg/645503/sentinels-vs-nrg-vct-2026-americas-stage-1-w5
SEN,Fracture,atk,NRG,0,1,5,elim,2026-05-10 20:10:00,0,VCT 2026: Americas Stage 1,https://www.vlr.gg/645503/sentinels-vs-nrg-vct-2026-americas-stage-1-w5
SEN,Fracture,atk,NRG,1,0,6,elim,2026-05-10 20:10:00,0,VCT 2026: Americas Stage 1,https://www.vlr.gg/645503/sentinels-vs-nrg-vct-2026-americas-stage-1-w5
SEN,Fracture,atk,NRG,0,1,7,defus,2026-05-10 20:10:00,0,VCT 2026: Americas Stage 1,https://www.vlr.gg/645503/sentinels-vs-nrg-vct-2026-americas-stage-1-w5
SEN,Fracture,atk,NRG,1,0,8,elim,2026-05-10 20:10:00,0,VCT 2026: Americas Stage 1,https://www.vlr.gg/645503/sentinels-vs-nrg-vct-2026-americas-stage-1-w5
SEN,Fracture,atk,NRG,1,0,9,elim,2026-05-10 20:10:00,0,VCT 2026: Americas Stage 1,https://www.vlr.gg/645503/sentinels-vs-nrg-vct-2026-americas-stage-1-w5
SEN,Fracture,atk,NRG,1,0,10,elim,2026-05-10 20:10:00,0,VCT 2026: Americas Stage 1,https://www.vlr.gg/645503/sentinels-vs-nrg-vct-2026-americas-stage-1-w5
SEN,Fracture,atk,NRG,1,0,11,boom,2026-05-10 20:10:00,0,VCT 2026: Americas Stage 1,https://www.vlr.gg/645503/sentinels-vs-nrg-vct-2026-americas-stage-1-w5
SEN,Fracture,atk,NRG,1,0,12,elim,2026-05-10 20:10:00,0,VCT 2026: Americas Stage 1,https://www.vlr.gg/645503/sentinels-vs-nrg-vct-2026-americas-stage-1-w5
SEN,Fracture,def,NRG,1,0,13,defus,2026-05-10 20:10:00,0,VCT 2026: Americas Stage 1,https://www.vlr.gg/645503/sentinels-vs-nrg-vct-2026-americas-stage-1-w5
SEN,Fracture,def,NRG,0,1,14,elim,2026-05-10 20:10:00,0,VCT 2026: Americas Stage 1,https://www.vlr.gg/645503/sentinels-vs-nrg-vct-2026-americas-stage-1-w5
SEN,Fracture,def,NRG,0,1,15,boom,2026-05-10 20:10:00,0,VCT 2026: Americas Stage 1,https://www.vlr.gg/645503/sentinels-vs-nrg-vct-2026-americas-stage-1-w5
SEN,Fracture,def,NRG,0,1,16,boom,2026-05-10 20:10:00,0,VCT 2026: Americas Stage 1,https://www.vlr.gg/645503/sentinels-vs-nrg-vct-2026-americas-stage-1-w5
SEN,Fracture,def,NRG,0,1,17,elim,2026-05-10 20:10:00,0,VCT 2026: Americas Stage 1,https://www.vlr.gg/645503/sentinels-vs-nrg-vct-2026-americas-stage-1-w5
SEN,Fracture,def,NRG,0,1,18,elim,2026-05-10 20:10:00,0,VCT 2026: Americas Stage 1,https://www.vlr.gg/645503/sentinels-vs-nrg-vct-2026-americas-stage-1-w5
SEN,Fracture,def,NRG,0,1,19,boom,2026-05-10 20:10:00,0,VCT 2026: Americas Stage 1,https://www.vlr.gg/645503/sentinels-vs-nrg-vct-2026-americas-stage-1-w5
SEN,Fracture,def,NRG,1,0,20,defus,2026-05-10 20:10:00,0,VCT 2026: Americas Stage 1,https://www.vlr.gg/645503/sentinels-vs-nrg-vct-2026-americas-stage-1-w5
SEN,Fracture,def,NRG,0,1,21,elim,2026-05-10 20:10:00,0,VCT 2026: Americas Stage 1,https://www.vlr.gg/645503/sentinels-vs-nrg-vct-2026-americas-stage-1-w5
SEN,Fracture,def,NRG,0,1,22,boom,2026-05-10 20:10:00,0,VCT 2026: Americas Stage 1,https://www.vlr.gg/645503/sentinels-vs-nrg-vct-2026-americas-stage-1-w5
SEN,Fracture,def,NRG,1,0,23,elim,2026-05-10 20:10:00,0,VCT 2026: Americas Stage 1,https://www.vlr.gg/645503/sentinels-vs-nrg-vct-2026-americas-stage-1-w5
SEN,Fracture,def,NRG,0,1,24,elim,2026-05-10 20:10:00,0,VCT 2026: Americas Stage 1,https://www.vlr.gg/645503/sentinels-vs-nrg-vct-2026-americas-stage-1-w5
SEN,Breeze,atk,NRG,0,1,13,defus,2026-05-10 20:10:00,1,VCT 2026: Americas Stage 1,https://www.vlr.gg/645503/sentinels-vs-nrg-vct-2026-americas-stage-1-w5
SEN,Breeze,atk,NRG,0,1,14,elim,2026-05-10 20:10:00,1,VCT 2026: Americas Stage 1,https://www.vlr.gg/645503/sentinels-vs-nrg-vct-2026-americas-stage-1-w5
SEN,Breeze,atk,NRG,0,1,15,defus,2026-05-10 20:10:00,1,VCT 2026: Americas Stage 1,https://www.vlr.gg/645503/sentinels-vs-nrg-vct-2026-americas-stage-1-w5
SEN,Breeze,atk,NRG,0,1,16,defus,2026-05-10 20:10:00,1,VCT 2026: Americas Stage 1,https://www.vlr.gg/645503/sentinels-vs-nrg-vct-2026-americas-stage-1-w5
SEN,Breeze,atk,NRG,0,1,17,elim,2026-05-10 20:10:00,1,VCT 2026: Americas Stage 1,https://www.vlr.gg/645503/sentinels-vs-nrg-vct-2026-americas-stage-1-w5
SEN,Breeze,atk,NRG,1,0,18,elim,2026-05-10 20:10:00,1,VCT 2026: Americas Stage 1,https://www.vlr.gg/645503/sentinels-vs-nrg-vct-2026-americas-stage-1-w5
SEN,Breeze,atk,NRG,1,0,19,boom,2026-05-10 20:10:00,1,VCT 2026: Americas Stage 1,https://www.vlr.gg/645503/sentinels-vs-nrg-vct-2026-americas-stage-1-w5
SEN,Breeze,atk,NRG,0,1,20,defus,2026-05-10 20:10:00,1,VCT 2026: Americas Stage 1,https://www.vlr.gg/645503/sentinels-vs-nrg-vct-2026-americas-stage-1-w5
SEN,Breeze,atk,NRG,0,1,21,defus,2026-05-10 20:10:00,1,VCT 2026: Americas Stage 1,https://www.vlr.gg/645503/sentinels-vs-nrg-vct-2026-americas-stage-1-w5
SEN,Breeze,atk,NRG,0,1,22,defus,2026-05-10 20:10:00,1,VCT 2026: Americas Stage 1,https://www.vlr.gg/645503/sentinels-vs-nrg-vct-2026-americas-stage-1-w5
SEN,Breeze,atk,NRG,1,0,23,elim,2026-05-10 20:10:00,1,VCT 2026: Americas Stage 1,https://www.vlr.gg/645503/sentinels-vs-nrg-vct-2026-americas-stage-1-w5
SEN,Breeze,atk,NRG,1,0,24,elim,2026-05-10 20:10:00,1,VCT 2026: Americas Stage 1,https://www.vlr.gg/645503/sentinels-vs-nrg-vct-2026-americas-stage-1-w5
SEN,Breeze,def,NRG,1,0,1,defus,2026-05-10 20:10:00,1,VCT 2026: Americas Stage 1,https://www.vlr.gg/645503/sentinels-vs-nrg-vct-2026-americas-stage-1-w5
SEN,Breeze,def,NRG,1,0,2,elim,2026-05-10 20:10:00,1,VCT 2026: Americas Stage 1,https://www.vlr.gg/645503/sentinels-vs-nrg-vct-2026-americas-stage-1-w5
SEN,Breeze,def,NRG,1,0,3,elim,2026-05-10 20:10:00,1,VCT 2026: Americas Stage 1,https://www.vlr.gg/645503/sentinels-vs-nrg-vct-2026-americas-stage-1-w5
SEN,Breeze,def,NRG,1,0,4,defus,2026-05-10 20:10:00,1,VCT 2026: Americas Stage 1,https://www.vlr.gg/645503/sentinels-vs-nrg-vct-2026-americas-stage-1-w5
SEN,Breeze,def,NRG,0,1,5,boom,2026-05-10 20:10:00,1,VCT 2026: Americas Stage 1,https://www.vlr.gg/645503/sentinels-vs-nrg-vct-2026-americas-stage-1-w5
SEN,Breeze,def,NRG,1,0,6,defus,2026-05-10 20:10:00,1,VCT 2026: Americas Stage 1,https://www.vlr.gg/645503/sentinels-vs-nrg-vct-2026-americas-stage-1-w5
SEN,Breeze,def,NRG,0,1,7,elim,2026-05-10 20:10:00,1,VCT 2026: Americas Stage 1,https://www.vlr.gg/645503/sentinels-vs-nrg-vct-2026-americas-stage-1-w5
SEN,Breeze,def,NRG,1,0,8,defus,2026-05-10 20:10:00,1,VCT 2026: Americas Stage 1,https://www.vlr.gg/645503/sentinels-vs-nrg-vct-2026-americas-stage-1-w5
SEN,Breeze,def,NRG,0,1,9,elim,2026-05-10 20:10:00,1,VCT 2026: Americas Stage 1,https://www.vlr.gg/645503/sentinels-vs-nrg-vct-2026-americas-stage-1-w5
SEN,Breeze,def,NRG,1,0,10,elim,2026-05-10 20:10:00,1,VCT 2026: Americas Stage 1,https://www.vlr.gg/645503/sentinels-vs-nrg-vct-2026-americas-stage-1-w5
SEN,Breeze,def,NRG,1,0,11,defus,2026-05-10 20:10:00,1,VCT 2026: Americas Stage 1,https://www.vlr.gg/645503/sentinels-vs-nrg-vct-2026-americas-stage-1-w5
SEN,Breeze,def,NRG,1,0,12,defus,2026-05-10 20:10:00,1,VCT 2026: Americas Stage 1,https://www.vlr.gg/645503/sentinels-vs-nrg-vct-2026-americas-stage-1-w5
SEN,Lotus,atk,NRG,0,1,13,elim,2026-05-10 20:10:00,2,VCT 2026: Americas Stage 1,https://www.vlr.gg/645503/sentinels-vs-nrg-vct-2026-americas-stage-1-w5
SEN,Lotus,atk,NRG,0,1,14,elim,2026-05-10 20:10:00,2,VCT 2026: Americas Stage 1,https://www.vlr.gg/645503/sentinels-vs-nrg-vct-2026-americas-stage-1-w5
SEN,Lotus,atk,NRG,0,1,15,elim,2026-05-10 20:10:00,2,VCT 2026: Americas Stage 1,https://www.vlr.gg/645503/sentinels-vs-nrg-vct-2026-americas-stage-1-w5
SEN,Lotus,atk,NRG,0,1,16,defus,2026-05-10 20:10:00,2,VCT 2026: Americas Stage 1,https://www.vlr.gg/645503/sentinels-vs-nrg-vct-2026-americas-stage-1-w5
SEN,Lotus,atk,NRG,0,1,17,defus,2026-05-10 20:10:00,2,VCT 2026: Americas Stage 1,https://www.vlr.gg/645503/sentinels-vs-nrg-vct-2026-americas-stage-1-w5
SEN,Lotus,atk,NRG,0,1,18,defus,2026-05-10 20:10:00,2,VCT 2026: Americas Stage 1,https://www.vlr.gg/645503/sentinels-vs-nrg-vct-2026-americas-stage-1-w5
SEN,Lotus,atk,NRG,1,0,19,elim,2026-05-10 20:10:00,2,VCT 2026: Americas Stage 1,https://www.vlr.gg/645503/sentinels-vs-nrg-vct-2026-americas-stage-1-w5
SEN,Lotus,atk,NRG,1,0,20,boom,2026-05-10 20:10:00,2,VCT 2026: Americas Stage 1,https://www.vlr.gg/645503/sentinels-vs-nrg-vct-2026-americas-stage-1-w5
SEN,Lotus,atk,NRG,1,0,21,boom,2026-05-10 20:10:00,2,VCT 2026: Americas Stage 1,https://www.vlr.gg/645503/sentinels-vs-nrg-vct-2026-americas-stage-1-w5
SEN,Lotus,atk,NRG,0,1,22,elim,2026-05-10 20:10:00,2,VCT 2026: Americas Stage 1,https://www.vlr.gg/645503/sentinels-vs-nrg-vct-2026-americas-stage-1-w5
SEN,Lotus,atk,NRG,0,1,23,defus,2026-05-10 20:10:00,2,VCT 2026: Americas Stage 1,https://www.vlr.gg/645503/sentinels-vs-nrg-vct-2026-americas-stage-1-w5
SEN,Lotus,def,NRG,1,0,1,defus,2026-05-10 20:10:00,2,VCT 2026: Americas Stage 1,https://www.vlr.gg/645503/sentinels-vs-nrg-vct-2026-americas-stage-1-w5
SEN,Lotus,def,NRG,1,0,2,elim,2026-05-10 20:10:00,2,VCT 2026: Americas Stage 1,https://www.vlr.gg/645503/sentinels-vs-nrg-vct-2026-americas-stage-1-w5
SEN,Lotus,def,NRG,0,1,3,elim,2026-05-10 20:10:00,2,VCT 2026: Americas Stage 1,https://www.vlr.gg/645503/sentinels-vs-nrg-vct-2026-americas-stage-1-w5
SEN,Lotus,def,NRG,1,0,4,defus,2026-05-10 20:10:00,2,VCT 2026: Americas Stage 1,https://www.vlr.gg/645503/sentinels-vs-nrg-vct-2026-americas-stage-1-w5
SEN,Lotus,def,NRG,0,1,5,elim,2026-05-10 20:10:00,2,VCT 2026: Americas Stage 1,https://www.vlr.gg/645503/sentinels-vs-nrg-vct-2026-americas-stage-1-w5
SEN,Lotus,def,NRG,0,1,6,elim,2026-05-10 20:10:00,2,VCT 2026: Americas Stage 1,https://www.vlr.gg/645503/sentinels-vs-nrg-vct-2026-americas-stage-1-w5
SEN,Lotus,def,NRG,0,1,7,elim,2026-05-10 20:10:00,2,VCT 2026: Americas Stage 1,https://www.vlr.gg/645503/sentinels-vs-nrg-vct-2026-americas-stage-1-w5
SEN,Lotus,def,NRG,1,0,8,defus,2026-05-10 20:10:00,2,VCT 2026: Americas Stage 1,https://www.vlr.gg/645503/sentinels-vs-nrg-vct-2026-americas-stage-1-w5
SEN,Lotus,def,NRG,1,0,9,defus,2026-05-10 20:10:00,2,VCT 2026: Americas Stage 1,https://www.vlr.gg/645503/sentinels-vs-nrg-vct-2026-americas-stage-1-w5
SEN,Lotus,def,NRG,1,0,10,defus,2026-05-10 20:10:00,2,VCT 2026: Americas Stage 1,https://www.vlr.gg/645503/sentinels-vs-nrg-vct-2026-americas-stage-1-w5
SEN,Lotus,def,NRG,0,1,11,boom,2026-05-10 20:10:00,2,VCT 2026: Americas Stage 1,https://www.vlr.gg/645503/sentinels-vs-nrg-vct-2026-americas-stage-1-w5
SEN,Lotus,def,NRG,1,0,12,defus,2026-05-10 20:10:00,2,VCT 2026: Americas Stage 1,https://www.vlr.gg/645503/sentinels-vs-nrg-vct-2026-americas-stage-1-w5
FUR,Breeze,atk,LEV,0,1,1,elim,2026-05-14 17:00:00,0,VCT 2026: Americas Stage 1,https://www.vlr.gg/660369/furia-vs-leviat-n-vct-2026-americas-stage-1-ur1
FUR,Breeze,atk,LEV,0,1,2,defus,2026-05-14 17:00:00,0,VCT 2026: Americas Stage 1,https://www.vlr.gg/660369/furia-vs-leviat-n-vct-2026-americas-stage-1-ur1
FUR,Breeze,atk,LEV,1,0,3,elim,2026-05-14 17:00:00,0,VCT 2026: Americas Stage 1,https://www.vlr.gg/660369/furia-vs-leviat-n-vct-2026-americas-stage-1-ur1
FUR,Breeze,atk,LEV,1,0,4,boom,2026-05-14 17:00:00,0,VCT 2026: Americas Stage 1,https://www.vlr.gg/660369/furia-vs-leviat-n-vct-2026-americas-stage-1-ur1
FUR,Breeze,atk,LEV,1,0,5,elim,2026-05-14 17:00:00,0,VCT 2026: Americas Stage 1,https://www.vlr.gg/660369/furia-vs-leviat-n-vct-2026-americas-stage-1-ur1
FUR,Breeze,atk,LEV,1,0,6,elim,2026-05-14 17:00:00,0,VCT 2026: Americas Stage 1,https://www.vlr.gg/660369/furia-vs-leviat-n-vct-2026-americas-stage-1-ur1
FUR,Breeze,atk,LEV,1,0,7,elim,2026-05-14 17:00:00,0,VCT 2026: Americas Stage 1,https://www.vlr.gg/660369/furia-vs-leviat-n-vct-2026-americas-stage-1-ur1
FUR,Breeze,atk,LEV,1,0,8,elim,2026-05-14 17:00:00,0,VCT 2026: Americas Stage 1,https://www.vlr.gg/660369/furia-vs-leviat-n-vct-2026-americas-stage-1-ur1
FUR,Breeze,atk,LEV,1,0,9,elim,2026-05-14 17:00:00,0,VCT 2026: Americas Stage 1,https://www.vlr.gg/660369/furia-vs-leviat-n-vct-2026-americas-stage-1-ur1
FUR,Breeze,atk,LEV,0,1,10,elim,2026-05-14 17:00:00,0,VCT 2026: Americas Stage 1,https://www.vlr.gg/660369/furia-vs-leviat-n-vct-2026-americas-stage-1-ur1
FUR,Breeze,atk,LEV,0,1,11,elim,2026-05-14 17:00:00,0,VCT 2026: Americas Stage 1,https://www.vlr.gg/660369/furia-vs-leviat-n-vct-2026-americas-stage-1-ur1
FUR,Breeze,atk,LEV,0,1,12,defus,2026-05-14 17:00:00,0,VCT 2026: Americas Stage 1,https://www.vlr.gg/660369/furia-vs-leviat-n-vct-2026-americas-stage-1-ur1
FUR,Breeze,def,LEV,1,0,13,defus,2026-05-14 17:00:00,0,VCT 2026: Americas Stage 1,https://www.vlr.gg/660369/furia-vs-leviat-n-vct-2026-americas-stage-1-ur1
FUR,Breeze,def,LEV,1,0,14,elim,2026-05-14 17:00:00,0,VCT 2026: Americas Stage 1,https://www.vlr.gg/660369/furia-vs-leviat-n-vct-2026-americas-stage-1-ur1
FUR,Breeze,def,LEV,0,1,15,elim,2026-05-14 17:00:00,0,VCT 2026: Americas Stage 1,https://www.vlr.gg/660369/furia-vs-leviat-n-vct-2026-americas-stage-1-ur1
FUR,Breeze,def,LEV,1,0,16,defus,2026-05-14 17:00:00,0,VCT 2026: Americas Stage 1,https://www.vlr.gg/660369/furia-vs-leviat-n-vct-2026-americas-stage-1-ur1
FUR,Breeze,def,LEV,1,0,17,elim,2026-05-14 17:00:00,0,VCT 2026: Americas Stage 1,https://www.vlr.gg/660369/furia-vs-leviat-n-vct-2026-americas-stage-1-ur1
FUR,Breeze,def,LEV,0,1,18,elim,2026-05-14 17:00:00,0,VCT 2026: Americas Stage 1,https://www.vlr.gg/660369/furia-vs-leviat-n-vct-2026-americas-stage-1-ur1
FUR,Breeze,def,LEV,1,0,19,elim,2026-05-14 17:00:00,0,VCT 2026: Americas Stage 1,https://www.vlr.gg/660369/furia-vs-leviat-n-vct-2026-americas-stage-1-ur1
FUR,Breeze,def,LEV,0,1,20,boom,2026-05-14 17:00:00,0,VCT 2026: Americas Stage 1,https://www.vlr.gg/660369/furia-vs-leviat-n-vct-2026-americas-stage-1-ur1
FUR,Breeze,def,LEV,1,0,21,defus,2026-05-14 17:00:00,0,VCT 2026: Americas Stage 1,https://www.vlr.gg/660369/furia-vs-leviat-n-vct-2026-americas-stage-1-ur1
FUR,Split,atk,LEV,0,1,13,elim,2026-05-14 17:00:00,1,VCT 2026: Americas Stage 1,https://www.vlr.gg/660369/furia-vs-leviat-n-vct-2026-americas-stage-1-ur1
FUR,Split,atk,LEV,0,1,14,elim,2026-05-14 17:00:00,1,VCT 2026: Americas Stage 1,https://www.vlr.gg/660369/furia-vs-leviat-n-vct-2026-americas-stage-1-ur1
FUR,Split,atk,LEV,1,0,15,boom,2026-05-14 17:00:00,1,VCT 2026: Americas Stage 1,https://www.vlr.gg/660369/furia-vs-leviat-n-vct-2026-americas-stage-1-ur1
FUR,Split,atk,LEV,0,1,16,defus,2026-05-14 17:00:00,1,VCT 2026: Americas Stage 1,https://www.vlr.gg/660369/furia-vs-leviat-n-vct-2026-americas-stage-1-ur1
FUR,Split,atk,LEV,0,1,17,defus,2026-05-14 17:00:00,1,VCT 2026: Americas Stage 1,https://www.vlr.gg/660369/furia-vs-leviat-n-vct-2026-americas-stage-1-ur1
FUR,Split,atk,LEV,0,1,18,defus,2026-05-14 17:00:00,1,VCT 2026: Americas Stage 1,https://www.vlr.gg/660369/furia-vs-leviat-n-vct-2026-americas-stage-1-ur1
FUR,Split,def,LEV,1,0,1,elim,2026-05-14 17:00:00,1,VCT 2026: Americas Stage 1,https://www.vlr.gg/660369/furia-vs-leviat-n-vct-2026-americas-stage-1-ur1
FUR,Split,def,LEV,1,0,2,elim,2026-05-14 17:00:00,1,VCT 2026: Americas Stage 1,https://www.vlr.gg/660369/furia-vs-leviat-n-vct-2026-americas-stage-1-ur1
FUR,Split,def,LEV,0,1,3,boom,2026-05-14 17:00:00,1,VCT 2026: Americas Stage 1,https://www.vlr.gg/660369/furia-vs-leviat-n-vct-2026-americas-stage-1-ur1
FUR,Split,def,LEV,0,1,4,boom,2026-05-14 17:00:00,1,VCT 2026: Americas Stage 1,https://www.vlr.gg/660369/furia-vs-leviat-n-vct-2026-americas-stage-1-ur1
FUR,Split,def,LEV,1,0,5,defus,2026-05-14 17:00:00,1,VCT 2026: Americas Stage 1,https://www.vlr.gg/660369/furia-vs-leviat-n-vct-2026-americas-stage-1-ur1
FUR,Split,def,LEV,1,0,6,tim,2026-05-14 17:00:00,1,VCT 2026: Americas Stage 1,https://www.vlr.gg/660369/furia-vs-leviat-n-vct-2026-americas-stage-1-ur1
FUR,Split,def,LEV,0,1,7,elim,2026-05-14 17:00:00,1,VCT 2026: Americas Stage 1,https://www.vlr.gg/660369/furia-vs-leviat-n-vct-2026-americas-stage-1-ur1
FUR,Split,def,LEV,0,1,8,boom,2026-05-14 17:00:00,1,VCT 2026: Americas Stage 1,https://www.vlr.gg/660369/furia-vs-leviat-n-vct-2026-americas-stage-1-ur1
FUR,Split,def,LEV,0,1,9,elim,2026-05-14 17:00:00,1,VCT 2026: Americas Stage 1,https://www.vlr.gg/660369/furia-vs-leviat-n-vct-2026-americas-stage-1-ur1
FUR,Split,def,LEV,0,1,10,boom,2026-05-14 17:00:00,1,VCT 2026: Americas Stage 1,https://www.vlr.gg/660369/furia-vs-leviat-n-vct-2026-americas-stage-1-ur1
FUR,Split,def,LEV,0,1,11,elim,2026-05-14 17:00:00,1,VCT 2026: Americas Stage 1,https://www.vlr.gg/660369/furia-vs-leviat-n-vct-2026-americas-stage-1-ur1
FUR,Split,def,LEV,0,1,12,elim,2026-05-14 17:00:00,1,VCT 2026: Americas Stage 1,https://www.vlr.gg/660369/furia-vs-leviat-n-vct-2026-americas-stage-1-ur1
FUR,Pearl,atk,LEV,0,1,1,defus,2026-05-14 17:00:00,2,VCT 2026: Americas Stage 1,https://www.vlr.gg/660369/furia-vs-leviat-n-vct-2026-americas-stage-1-ur1
FUR,Pearl,atk,LEV,0,1,2,defus,2026-05-14 17:00:00,2,VCT 2026: Americas Stage 1,https://www.vlr.gg/660369/furia-vs-leviat-n-vct-2026-americas-stage-1-ur1
FUR,Pearl,atk,LEV,0,1,3,elim,2026-05-14 17:00:00,2,VCT 2026: Americas Stage 1,https://www.vlr.gg/660369/furia-vs-leviat-n-vct-2026-americas-stage-1-ur1
FUR,Pearl,atk,LEV,0,1,4,elim,2026-05-14 17:00:00,2,VCT 2026: Americas Stage 1,https://www.vlr.gg/660369/furia-vs-leviat-n-vct-2026-americas-stage-1-ur1
FUR,Pearl,atk,LEV,0,1,5,elim,2026-05-14 17:00:00,2,VCT 2026: Americas Stage 1,https://www.vlr.gg/660369/furia-vs-leviat-n-vct-2026-americas-stage-1-ur1
FUR,Pearl,atk,LEV,0,1,6,defus,2026-05-14 17:00:00,2,VCT 2026: Americas Stage 1,https://www.vlr.gg/660369/furia-vs-leviat-n-vct-2026-americas-stage-1-ur1
FUR,Pearl,atk,LEV,0,1,7,defus,2026-05-14 17:00:00,2,VCT 2026: Americas Stage 1,https://www.vlr.gg/660369/furia-vs-leviat-n-vct-2026-americas-stage-1-ur1
FUR,Pearl,atk,LEV,0,1,8,elim,2026-05-14 17:00:00,2,VCT 2026: Americas Stage 1,https://www.vlr.gg/660369/furia-vs-leviat-n-vct-2026-americas-stage-1-ur1
FUR,Pearl,atk,LEV,1,0,9,elim,2026-05-14 17:00:00,2,VCT 2026: Americas Stage 1,https://www.vlr.gg/660369/furia-vs-leviat-n-vct-2026-americas-stage-1-ur1
FUR,Pearl,atk,LEV,0,1,10,elim,2026-05-14 17:00:00,2,VCT 2026: Americas Stage 1,https://www.vlr.gg/660369/furia-vs-leviat-n-vct-2026-americas-stage-1-ur1
FUR,Pearl,atk,LEV,0,1,11,elim,2026-05-14 17:00:00,2,VCT 2026: Americas Stage 1,https://www.vlr.gg/660369/furia-vs-leviat-n-vct-2026-americas-stage-1-ur1
FUR,Pearl,atk,LEV,0,1,12,defus,2026-05-14 17:00:00,2,VCT 2026: Americas Stage 1,https://www.vlr.gg/660369/furia-vs-leviat-n-vct-2026-americas-stage-1-ur1
FUR,Pearl,def,LEV,0,1,13,elim,2026-05-14 17:00:00,2,VCT 2026: Americas Stage 1,https://www.vlr.gg/660369/furia-vs-leviat-n-vct-2026-americas-stage-1-ur1
FUR,Pearl,def,LEV,0,1,14,elim,2026-05-14 17:00:00,2,VCT 2026: Americas Stage 1,https://www.vlr.gg/660369/furia-vs-leviat-n-vct-2026-americas-stage-1-ur1
G2,Pearl,atk,100T,1,0,13,elim,2026-05-14 19:55:00,0,VCT 2026: Americas Stage 1,https://www.vlr.gg/660370/g2-esports-vs-100-thieves-vct-2026-americas-stage-1-ur1
G2,Pearl,atk,100T,1,0,14,elim,2026-05-14 19:55:00,0,VCT 2026: Americas Stage 1,https://www.vlr.gg/660370/g2-esports-vs-100-thieves-vct-2026-americas-stage-1-ur1
G2,Pearl,atk,100T,1,0,15,elim,2026-05-14 19:55:00,0,VCT 2026: Americas Stage 1,https://www.vlr.gg/660370/g2-esports-vs-100-thieves-vct-2026-americas-stage-1-ur1
G2,Pearl,atk,100T,1,0,16,elim,2026-05-14 19:55:00,0,VCT 2026: Americas Stage 1,https://www.vlr.gg/660370/g2-esports-vs-100-thieves-vct-2026-americas-stage-1-ur1
G2,Pearl,atk,100T,1,0,17,elim,2026-05-14 19:55:00,0,VCT 2026: Americas Stage 1,https://www.vlr.gg/660370/g2-esports-vs-100-thieves-vct-2026-americas-stage-1-ur1
G2,Pearl,def,100T,0,1,1,elim,2026-05-14 19:55:00,0,VCT 2026: Americas Stage 1,https://www.vlr.gg/660370/g2-esports-vs-100-thieves-vct-2026-americas-stage-1-ur1
G2,Pearl,def,100T,0,1,2,elim,2026-05-14 19:55:00,0,VCT 2026: Americas Stage 1,https://www.vlr.gg/660370/g2-esports-vs-100-thieves-vct-2026-americas-stage-1-ur1
G2,Pearl,def,100T,1,0,3,defus,2026-05-14 19:55:00,0,VCT 2026: Americas Stage 1,https://www.vlr.gg/660370/g2-esports-vs-100-thieves-vct-2026-americas-stage-1-ur1
G2,Pearl,def,100T,1,0,4,defus,2026-05-14 19:55:00,0,VCT 2026: Americas Stage 1,https://www.vlr.gg/660370/g2-esports-vs-100-thieves-vct-2026-americas-stage-1-ur1
G2,Pearl,def,100T,1,0,5,elim,2026-05-14 19:55:00,0,VCT 2026: Americas Stage 1,https://www.vlr.gg/660370/g2-esports-vs-100-thieves-vct-2026-americas-stage-1-ur1
G2,Pearl,def,100T,0,1,6,elim,2026-05-14 19:55:00,0,VCT 2026: Americas Stage 1,https://www.vlr.gg/660370/g2-esports-vs-100-thieves-vct-2026-americas-stage-1-ur1
G2,Pearl,def,100T,1,0,7,elim,2026-05-14 19:55:00,0,VCT 2026: Americas Stage 1,https://www.vlr.gg/660370/g2-esports-vs-100-thieves-vct-2026-americas-stage-1-ur1
G2,Pearl,def,100T,1,0,8,defus,2026-05-14 19:55:00,0,VCT 2026: Americas Stage 1,https://www.vlr.gg/660370/g2-esports-vs-100-thieves-vct-2026-americas-stage-1-ur1
G2,Pearl,def,100T,1,0,9,elim,2026-05-14 19:55:00,0,VCT 2026: Americas Stage 1,https://www.vlr.gg/660370/g2-esports-vs-100-thieves-vct-2026-americas-stage-1-ur1
G2,Pearl,def,100T,0,1,10,elim,2026-05-14 19:55:00,0,VCT 2026: Americas Stage 1,https://www.vlr.gg/660370/g2-esports-vs-100-thieves-vct-2026-americas-stage-1-ur1
G2,Pearl,def,100T,1,0,11,elim,2026-05-14 19:55:00,0,VCT 2026: Americas Stage 1,https://www.vlr.gg/660370/g2-esports-vs-100-thieves-vct-2026-americas-stage-1-ur1
G2,Pearl,def,100T,1,0,12,elim,2026-05-14 19:55:00,0,VCT 2026: Americas Stage 1,https://www.vlr.gg/660370/g2-esports-vs-100-thieves-vct-2026-americas-stage-1-ur1
G2,Lotus,atk,100T,0,1,13,defus,2026-05-14 19:55:00,1,VCT 2026: Americas Stage 1,https://www.vlr.gg/660370/g2-esports-vs-100-thieves-vct-2026-americas-stage-1-ur1
G2,Lotus,atk,100T,0,1,14,defus,2026-05-14 19:55:00,1,VCT 2026: Americas Stage 1,https://www.vlr.gg/660370/g2-esports-vs-100-thieves-vct-2026-americas-stage-1-ur1
G2,Lotus,atk,100T,1,0,15,elim,2026-05-14 19:55:00,1,VCT 2026: Americas Stage 1,https://www.vlr.gg/660370/g2-esports-vs-100-thieves-vct-2026-americas-stage-1-ur1
G2,Lotus,atk,100T,1,0,16,elim,2026-05-14 19:55:00,1,VCT 2026: Americas Stage 1,https://www.vlr.gg/660370/g2-esports-vs-100-thieves-vct-2026-americas-stage-1-ur1
G2,Lotus,atk,100T,1,0,17,elim,2026-05-14 19:55:00,1,VCT 2026: Americas Stage 1,https://www.vlr.gg/660370/g2-esports-vs-100-thieves-vct-2026-americas-stage-1-ur1
G2,Lotus,atk,100T,1,0,18,elim,2026-05-14 19:55:00,1,VCT 2026: Americas Stage 1,https://www.vlr.gg/660370/g2-esports-vs-100-thieves-vct-2026-americas-stage-1-ur1
G2,Lotus,atk,100T,0,1,19,elim,2026-05-14 19:55:00,1,VCT 2026: Americas Stage 1,https://www.vlr.gg/660370/g2-esports-vs-100-thieves-vct-2026-americas-stage-1-ur1
G2,Lotus,atk,100T,1,0,20,elim,2026-05-14 19:55:00,1,VCT 2026: Americas Stage 1,https://www.vlr.gg/660370/g2-esports-vs-100-thieves-vct-2026-americas-stage-1-ur1
G2,Lotus,def,100T,1,0,1,defus,2026-05-14 19:55:00,1,VCT 2026: Americas Stage 1,https://www.vlr.gg/660370/g2-esports-vs-100-thieves-vct-2026-americas-stage-1-ur1
G2,Lotus,def,100T,1,0,2,elim,2026-05-14 19:55:00,1,VCT 2026: Americas Stage 1,https://www.vlr.gg/660370/g2-esports-vs-100-thieves-vct-2026-americas-stage-1-ur1
G2,Lotus,def,100T,0,1,3,elim,2026-05-14 19:55:00,1,VCT 2026: Americas Stage 1,https://www.vlr.gg/660370/g2-esports-vs-100-thieves-vct-2026-americas-stage-1-ur1
G2,Lotus,def,100T,1,0,4,elim,2026-05-14 19:55:00,1,VCT 2026: Americas Stage 1,https://www.vlr.gg/660370/g2-esports-vs-100-thieves-vct-2026-americas-stage-1-ur1
G2,Lotus,def,100T,1,0,5,elim,2026-05-14 19:55:00,1,VCT 2026: Americas Stage 1,https://www.vlr.gg/660370/g2-esports-vs-100-thieves-vct-2026-americas-stage-1-ur1
G2,Lotus,def,100T,1,0,6,defus,2026-05-14 19:55:00,1,VCT 2026: Americas Stage 1,https://www.vlr.gg/660370/g2-esports-vs-100-thieves-vct-2026-americas-stage-1-ur1
G2,Lotus,def,100T,1,0,7,elim,2026-05-14 19:55:00,1,VCT 2026: Americas Stage 1,https://www.vlr.gg/660370/g2-esports-vs-100-thieves-vct-2026-americas-stage-1-ur1
G2,Lotus,def,100T,1,0,8,elim,2026-05-14 19:55:00,1,VCT 2026: Americas Stage 1,https://www.vlr.gg/660370/g2-esports-vs-100-thieves-vct-2026-americas-stage-1-ur1
G2,Lotus,def,100T,0,1,9,elim,2026-05-14 19:55:00,1,VCT 2026: Americas Stage 1,https://www.vlr.gg/660370/g2-esports-vs-100-thieves-vct-2026-americas-stage-1-ur1
G2,Lotus,def,100T,1,0,10,defus,2026-05-14 19:55:00,1,VCT 2026: Americas Stage 1,https://www.vlr.gg/660370/g2-esports-vs-100-thieves-vct-2026-americas-stage-1-ur1
G2,Lotus,def,100T,0,1,11,elim,2026-05-14 19:55:00,1,VCT 2026: Americas Stage 1,https://www.vlr.gg/660370/g2-esports-vs-100-thieves-vct-2026-americas-stage-1-ur1
G2,Lotus,def,100T,0,1,12,elim,2026-05-14 19:55:00,1,VCT 2026: Americas Stage 1,https://www.vlr.gg/660370/g2-esports-vs-100-thieves-vct-2026-americas-stage-1-ur1
MIBR,Split,atk,LEV,1,0,13,elim,2026-05-15 17:00:00,0,VCT 2026: Americas Stage 1,https://www.vlr.gg/660371/mibr-vs-leviat-n-vct-2026-americas-stage-1-ubsf
MIBR,Split,atk,LEV,1,0,14,boom,2026-05-15 17:00:00,0,VCT 2026: Americas Stage 1,https://www.vlr.gg/660371/mibr-vs-leviat-n-vct-2026-americas-stage-1-ubsf
MIBR,Split,atk,LEV,1,0,15,boom,2026-05-15 17:00:00,0,VCT 2026: Americas Stage 1,https://www.vlr.gg/660371/mibr-vs-leviat-n-vct-2026-americas-stage-1-ubsf
MIBR,Split,atk,LEV,1,0,16,elim,2026-05-15 17:00:00,0,VCT 2026: Americas Stage 1,https://www.vlr.gg/660371/mibr-vs-leviat-n-vct-2026-americas-stage-1-ubsf
MIBR,Split,atk,LEV,0,1,17,defus,2026-05-15 17:00:00,0,VCT 2026: Americas Stage 1,https://www.vlr.gg/660371/mibr-vs-leviat-n-vct-2026-americas-stage-1-ubsf
MIBR,Split,atk,LEV,0,1,18,defus,2026-05-15 17:00:00,0,VCT 2026: Americas Stage 1,https://www.vlr.gg/660371/mibr-vs-leviat-n-vct-2026-americas-stage-1-ubsf
MIBR,Split,atk,LEV,1,0,19,boom,2026-05-15 17:00:00,0,VCT 2026: Americas Stage 1,https://www.vlr.gg/660371/mibr-vs-leviat-n-vct-2026-americas-stage-1-ubsf
MIBR,Split,atk,LEV,1,0,20,boom,2026-05-15 17:00:00,0,VCT 2026: Americas Stage 1,https://www.vlr.gg/660371/mibr-vs-leviat-n-vct-2026-americas-stage-1-ubsf
MIBR,Split,atk,LEV,0,1,21,defus,2026-05-15 17:00:00,0,VCT 2026: Americas Stage 1,https://www.vlr.gg/660371/mibr-vs-leviat-n-vct-2026-americas-stage-1-ubsf
MIBR,Split,atk,LEV,0,1,22,elim,2026-05-15 17:00:00,0,VCT 2026: Americas Stage 1,https://www.vlr.gg/660371/mibr-vs-leviat-n-vct-2026-americas-stage-1-ubsf
MIBR,Split,atk,LEV,0,1,23,elim,2026-05-15 17:00:00,0,VCT 2026: Americas Stage 1,https://www.vlr.gg/660371/mibr-vs-leviat-n-vct-2026-americas-stage-1-ubsf
MIBR,Split,def,LEV,0,1,1,elim,2026-05-15 17:00:00,0,VCT 2026: Americas Stage 1,https://www.vlr.gg/660371/mibr-vs-leviat-n-vct-2026-americas-stage-1-ubsf
MIBR,Split,def,LEV,0,1,2,elim,2026-05-15 17:00:00,0,VCT 2026: Americas Stage 1,https://www.vlr.gg/660371/mibr-vs-leviat-n-vct-2026-americas-stage-1-ubsf
MIBR,Split,def,LEV,0,1,3,boom,2026-05-15 17:00:00,0,VCT 2026: Americas Stage 1,https://www.vlr.gg/660371/mibr-vs-leviat-n-vct-2026-americas-stage-1-ubsf
MIBR,Split,def,LEV,0,1,4,elim,2026-05-15 17:00:00,0,VCT 2026: Americas Stage 1,https://www.vlr.gg/660371/mibr-vs-leviat-n-vct-2026-americas-stage-1-ubsf
MIBR,Split,def,LEV,1,0,5,defus,2026-05-15 17:00:00,0,VCT 2026: Americas Stage 1,https://www.vlr.gg/660371/mibr-vs-leviat-n-vct-2026-americas-stage-1-ubsf
MIBR,Split,def,LEV,1,0,6,defus,2026-05-15 17:00:00,0,VCT 2026: Americas Stage 1,https://www.vlr.gg/660371/mibr-vs-leviat-n-vct-2026-americas-stage-1-ubsf
MIBR,Split,def,LEV,1,0,7,defus,2026-05-15 17:00:00,0,VCT 2026: Americas Stage 1,https://www.vlr.gg/660371/mibr-vs-leviat-n-vct-2026-americas-stage-1-ubsf
MIBR,Split,def,LEV,1,0,8,defus,2026-05-15 17:00:00,0,VCT 2026: Americas Stage 1,https://www.vlr.gg/660371/mibr-vs-leviat-n-vct-2026-americas-stage-1-ubsf
MIBR,Split,def,LEV,0,1,9,elim,2026-05-15 17:00:00,0,VCT 2026: Americas Stage 1,https://www.vlr.gg/660371/mibr-vs-leviat-n-vct-2026-americas-stage-1-ubsf
MIBR,Split,def,LEV,0,1,10,elim,2026-05-15 17:00:00,0,VCT 2026: Americas Stage 1,https://www.vlr.gg/660371/mibr-vs-leviat-n-vct-2026-americas-stage-1-ubsf
MIBR,Split,def,LEV,0,1,11,boom,2026-05-15 17:00:00,0,VCT 2026: Americas Stage 1,https://www.vlr.gg/660371/mibr-vs-leviat-n-vct-2026-americas-stage-1-ubsf
MIBR,Split,def,LEV,0,1,12,elim,2026-05-15 17:00:00,0,VCT 2026: Americas Stage 1,https://www.vlr.gg/660371/mibr-vs-leviat-n-vct-2026-americas-stage-1-ubsf
MIBR,Fracture,atk,LEV,1,0,1,elim,2026-05-15 17:00:00,1,VCT 2026: Americas Stage 1,https://www.vlr.gg/660371/mibr-vs-leviat-n-vct-2026-americas-stage-1-ubsf
MIBR,Fracture,atk,LEV,1,0,2,elim,2026-05-15 17:00:00,1,VCT 2026: Americas Stage 1,https://www.vlr.gg/660371/mibr-vs-leviat-n-vct-2026-americas-stage-1-ubsf
MIBR,Fracture,atk,LEV,1,0,3,elim,2026-05-15 17:00:00,1,VCT 2026: Americas Stage 1,https://www.vlr.gg/660371/mibr-vs-leviat-n-vct-2026-americas-stage-1-ubsf
MIBR,Fracture,atk,LEV,1,0,4,elim,2026-05-15 17:00:00,1,VCT 2026: Americas Stage 1,https://www.vlr.gg/660371/mibr-vs-leviat-n-vct-2026-americas-stage-1-ubsf
MIBR,Fracture,atk,LEV,1,0,5,elim,2026-05-15 17:00:00,1,VCT 2026: Americas Stage 1,https://www.vlr.gg/660371/mibr-vs-leviat-n-vct-2026-americas-stage-1-ubsf
MIBR,Fracture,atk,LEV,1,0,6,boom,2026-05-15 17:00:00,1,VCT 2026: Americas Stage 1,https://www.vlr.gg/660371/mibr-vs-leviat-n-vct-2026-americas-stage-1-ubsf
MIBR,Fracture,atk,LEV,1,0,7,elim,2026-05-15 17:00:00,1,VCT 2026: Americas Stage 1,https://www.vlr.gg/660371/mibr-vs-leviat-n-vct-2026-americas-stage-1-ubsf
MIBR,Fracture,atk,LEV,1,0,8,elim,2026-05-15 17:00:00,1,VCT 2026: Americas Stage 1,https://www.vlr.gg/660371/mibr-vs-leviat-n-vct-2026-americas-stage-1-ubsf
MIBR,Fracture,atk,LEV,0,1,9,defus,2026-05-15 17:00:00,1,VCT 2026: Americas Stage 1,https://www.vlr.gg/660371/mibr-vs-leviat-n-vct-2026-americas-stage-1-ubsf
MIBR,Fracture,atk,LEV,0,1,10,defus,2026-05-15 17:00:00,1,VCT 2026: Americas Stage 1,https://www.vlr.gg/660371/mibr-vs-leviat-n-vct-2026-americas-stage-1-ubsf
MIBR,Fracture,atk,LEV,0,1,11,defus,2026-05-15 17:00:00,1,VCT 2026: Americas Stage 1,https://www.vlr.gg/660371/mibr-vs-leviat-n-vct-2026-americas-stage-1-ubsf
MIBR,Fracture,atk,LEV,0,1,12,defus,2026-05-15 17:00:00,1,VCT 2026: Americas Stage 1,https://www.vlr.gg/660371/mibr-vs-leviat-n-vct-2026-americas-stage-1-ubsf
MIBR,Fracture,def,LEV,1,0,13,defus,2026-05-15 17:00:00,1,VCT 2026: Americas Stage 1,https://www.vlr.gg/660371/mibr-vs-leviat-n-vct-2026-americas-stage-1-ubsf
MIBR,Fracture,def,LEV,1,0,14,defus,2026-05-15 17:00:00,1,VCT 2026: Americas Stage 1,https://www.vlr.gg/660371/mibr-vs-leviat-n-vct-2026-americas-stage-1-ubsf
MIBR,Fracture,def,LEV,1,0,15,elim,2026-05-15 17:00:00,1,VCT 2026: Americas Stage 1,https://www.vlr.gg/660371/mibr-vs-leviat-n-vct-2026-americas-stage-1-ubsf
MIBR,Fracture,def,LEV,1,0,16,elim,2026-05-15 17:00:00,1,VCT 2026: Americas Stage 1,https://www.vlr.gg/660371/mibr-vs-leviat-n-vct-2026-americas-stage-1-ubsf
MIBR,Fracture,def,LEV,1,0,17,elim,2026-05-15 17:00:00,1,VCT 2026: Americas Stage 1,https://www.vlr.gg/660371/mibr-vs-leviat-n-vct-2026-americas-stage-1-ubsf
MIBR,Ascent,atk,LEV,1,0,13,elim,2026-05-15 17:00:00,2,VCT 2026: Americas Stage 1,https://www.vlr.gg/660371/mibr-vs-leviat-n-vct-2026-americas-stage-1-ubsf
MIBR,Ascent,atk,LEV,1,0,14,boom,2026-05-15 17:00:00,2,VCT 2026: Americas Stage 1,https://www.vlr.gg/660371/mibr-vs-leviat-n-vct-2026-americas-stage-1-ubsf
MIBR,Ascent,atk,LEV,0,1,15,defus,2026-05-15 17:00:00,2,VCT 2026: Americas Stage 1,https://www.vlr.gg/660371/mibr-vs-leviat-n-vct-2026-americas-stage-1-ubsf
MIBR,Ascent,atk,LEV,0,1,16,tim,2026-05-15 17:00:00,2,VCT 2026: Americas Stage 1,https://www.vlr.gg/660371/mibr-vs-leviat-n-vct-2026-americas-stage-1-ubsf
MIBR,Ascent,atk,LEV,0,1,17,elim,2026-05-15 17:00:00,2,VCT 2026: Americas Stage 1,https://www.vlr.gg/660371/mibr-vs-leviat-n-vct-2026-americas-stage-1-ubsf
MIBR,Ascent,atk,LEV,1,0,18,elim,2026-05-15 17:00:00,2,VCT 2026: Americas Stage 1,https://www.vlr.gg/660371/mibr-vs-leviat-n-vct-2026-americas-stage-1-ubsf
MIBR,Ascent,atk,LEV,0,1,19,elim,2026-05-15 17:00:00,2,VCT 2026: Americas Stage 1,https://www.vlr.gg/660371/mibr-vs-leviat-n-vct-2026-americas-stage-1-ubsf
MIBR,Ascent,atk,LEV,0,1,20,defus,2026-05-15 17:00:00,2,VCT 2026: Americas Stage 1,https://www.vlr.gg/660371/mibr-vs-leviat-n-vct-2026-americas-stage-1-ubsf
MIBR,Ascent,def,LEV,0,1,1,elim,2026-05-15 17:00:00,2,VCT 2026: Americas Stage 1,https://www.vlr.gg/660371/mibr-vs-leviat-n-vct-2026-americas-stage-1-ubsf
MIBR,Ascent,def,LEV,0,1,2,elim,2026-05-15 17:00:00,2,VCT 2026: Americas Stage 1,https://www.vlr.gg/660371/mibr-vs-leviat-n-vct-2026-americas-stage-1-ubsf
MIBR,Ascent,def,LEV,1,0,3,tim,2026-05-15 17:00:00,2,VCT 2026: Americas Stage 1,https://www.vlr.gg/660371/mibr-vs-leviat-n-vct-2026-americas-stage-1-ubsf
MIBR,Ascent,def,LEV,0,1,4,boom,2026-05-15 17:00:00,2,VCT 2026: Americas Stage 1,https://www.vlr.gg/660371/mibr-vs-leviat-n-vct-2026-americas-stage-1-ubsf
MIBR,Ascent,def,LEV,1,0,5,tim,2026-05-15 17:00:00,2,VCT 2026: Americas Stage 1,https://www.vlr.gg/660371/mibr-vs-leviat-n-vct-2026-americas-stage-1-ubsf
MIBR,Ascent,def,LEV,0,1,6,elim,2026-05-15 17:00:00,2,VCT 2026: Americas Stage 1,https://www.vlr.gg/660371/mibr-vs-leviat-n-vct-2026-americas-stage-1-ubsf
MIBR,Ascent,def,LEV,0,1,7,boom,2026-05-15 17:00:00,2,VCT 2026: Americas Stage 1,https://www.vlr.gg/660371/mibr-vs-leviat-n-vct-2026-americas-stage-1-ubsf
MIBR,Ascent,def,LEV,0,1,8,boom,2026-05-15 17:00:00,2,VCT 2026: Americas Stage 1,https://www.vlr.gg/660371/mibr-vs-leviat-n-vct-2026-americas-stage-1-ubsf
MIBR,Ascent,def,LEV,0,1,9,elim,2026-05-15 17:00:00,2,VCT 2026: Americas Stage 1,https://www.vlr.gg/660371/mibr-vs-leviat-n-vct-2026-americas-stage-1-ubsf
MIBR,Ascent,def,LEV,1,0,10,defus,2026-05-15 17:00:00,2,VCT 2026: Americas Stage 1,https://www.vlr.gg/660371/mibr-vs-leviat-n-vct-2026-americas-stage-1-ubsf
MIBR,Ascent,def,LEV,1,0,11,defus,2026-05-15 17:00:00,2,VCT 2026: Americas Stage 1,https://www.vlr.gg/660371/mibr-vs-leviat-n-vct-2026-americas-stage-1-ubsf
MIBR,Ascent,def,LEV,0,1,12,elim,2026-05-15 17:00:00,2,VCT 2026: Americas Stage 1,https://www.vlr.gg/660371/mibr-vs-leviat-n-vct-2026-americas-stage-1-ubsf
KRÜ,Lotus,atk,G2,0,1,1,defus,2026-05-15 20:00:00,0,VCT 2026: Americas Stage 1,https://www.vlr.gg/660372/kr-esports-vs-g2-esports-vct-2026-americas-stage-1-ubsf
KRÜ,Lotus,atk,G2,0,1,2,defus,2026-05-15 20:00:00,0,VCT 2026: Americas Stage 1,https://www.vlr.gg/660372/kr-esports-vs-g2-esports-vct-2026-americas-stage-1-ubsf
KRÜ,Lotus,atk,G2,1,0,3,elim,2026-05-15 20:00:00,0,VCT 2026: Americas Stage 1,https://www.vlr.gg/660372/kr-esports-vs-g2-esports-vct-2026-americas-stage-1-ubsf
KRÜ,Lotus,atk,G2,1,0,4,boom,2026-05-15 20:00:00,0,VCT 2026: Americas Stage 1,https://www.vlr.gg/660372/kr-esports-vs-g2-esports-vct-2026-americas-stage-1-ubsf
KRÜ,Lotus,atk,G2,1,0,5,elim,2026-05-15 20:00:00,0,VCT 2026: Americas Stage 1,https://www.vlr.gg/660372/kr-esports-vs-g2-esports-vct-2026-americas-stage-1-ubsf
KRÜ,Lotus,atk,G2,1,0,6,elim,2026-05-15 20:00:00,0,VCT 2026: Americas Stage 1,https://www.vlr.gg/660372/kr-esports-vs-g2-esports-vct-2026-americas-stage-1-ubsf
KRÜ,Lotus,atk,G2,1,0,7,elim,2026-05-15 20:00:00,0,VCT 2026: Americas Stage 1,https://www.vlr.gg/660372/kr-esports-vs-g2-esports-vct-2026-americas-stage-1-ubsf
KRÜ,Lotus,atk,G2,0,1,8,elim,2026-05-15 20:00:00,0,VCT 2026: Americas Stage 1,https://www.vlr.gg/660372/kr-esports-vs-g2-esports-vct-2026-americas-stage-1-ubsf
KRÜ,Lotus,atk,G2,1,0,9,elim,2026-05-15 20:00:00,0,VCT 2026: Americas Stage 1,https://www.vlr.gg/660372/kr-esports-vs-g2-esports-vct-2026-americas-stage-1-ubsf
KRÜ,Lotus,atk,G2,0,1,10,elim,2026-05-15 20:00:00,0,VCT 2026: Americas Stage 1,https://www.vlr.gg/660372/kr-esports-vs-g2-esports-vct-2026-americas-stage-1-ubsf
KRÜ,Lotus,atk,G2,0,1,11,defus,2026-05-15 20:00:00,0,VCT 2026: Americas Stage 1,https://www.vlr.gg/660372/kr-esports-vs-g2-esports-vct-2026-americas-stage-1-ubsf
KRÜ,Lotus,atk,G2,1,0,12,elim,2026-05-15 20:00:00,0,VCT 2026: Americas Stage 1,https://www.vlr.gg/660372/kr-esports-vs-g2-esports-vct-2026-americas-stage-1-ubsf
KRÜ,Lotus,def,G2,0,1,13,elim,2026-05-15 20:00:00,0,VCT 2026: Americas Stage 1,https://www.vlr.gg/660372/kr-esports-vs-g2-esports-vct-2026-americas-stage-1-ubsf
KRÜ,Lotus,def,G2,1,0,14,elim,2026-05-15 20:00:00,0,VCT 2026: Americas Stage 1,https://www.vlr.gg/660372/kr-esports-vs-g2-esports-vct-2026-americas-stage-1-ubsf
KRÜ,Lotus,def,G2,1,0,15,defus,2026-05-15 20:00:00,0,VCT 2026: Americas Stage 1,https://www.vlr.gg/660372/kr-esports-vs-g2-esports-vct-2026-americas-stage-1-ubsf
KRÜ,Lotus,def,G2,0,1,16,elim,2026-05-15 20:00:00,0,VCT 2026: Americas Stage 1,https://www.vlr.gg/660372/kr-esports-vs-g2-esports-vct-2026-americas-stage-1-ubsf
KRÜ,Lotus,def,G2,0,1,17,elim,2026-05-15 20:00:00,0,VCT 2026: Americas Stage 1,https://www.vlr.gg/660372/kr-esports-vs-g2-esports-vct-2026-americas-stage-1-ubsf
KRÜ,Lotus,def,G2,0,1,18,boom,2026-05-15 20:00:00,0,VCT 2026: Americas Stage 1,https://www.vlr.gg/660372/kr-esports-vs-g2-esports-vct-2026-americas-stage-1-ubsf
KRÜ,Lotus,def,G2,1,0,19,defus,2026-05-15 20:00:00,0,VCT 2026: Americas Stage 1,https://www.vlr.gg/660372/kr-esports-vs-g2-esports-vct-2026-americas-stage-1-ubsf
KRÜ,Lotus,def,G2,0,1,20,boom,2026-05-15 20:00:00,0,VCT 2026: Americas Stage 1,https://www.vlr.gg/660372/kr-esports-vs-g2-esports-vct-2026-americas-stage-1-ubsf
KRÜ,Lotus,def,G2,1,0,21,defus,2026-05-15 20:00:00,0,VCT 2026: Americas Stage 1,https://www.vlr.gg/660372/kr-esports-vs-g2-esports-vct-2026-americas-stage-1-ubsf
KRÜ,Lotus,def,G2,0,1,22,elim,2026-05-15 20:00:00,0,VCT 2026: Americas Stage 1,https://www.vlr.gg/660372/kr-esports-vs-g2-esports-vct-2026-americas-stage-1-ubsf
KRÜ,Lotus,def,G2,0,1,23,elim,2026-05-15 20:00:00,0,VCT 2026: Americas Stage 1,https://www.vlr.gg/660372/kr-esports-vs-g2-esports-vct-2026-americas-stage-1-ubsf
KRÜ,Lotus,def,G2,0,1,24,elim,2026-05-15 20:00:00,0,VCT 2026: Americas Stage 1,https://www.vlr.gg/660372/kr-esports-vs-g2-esports-vct-2026-americas-stage-1-ubsf
KRÜ,Breeze,atk,G2,1,0,1,elim,2026-05-15 20:00:00,1,VCT 2026: Americas Stage 1,https://www.vlr.gg/660372/kr-esports-vs-g2-esports-vct-2026-americas-stage-1-ubsf
KRÜ,Breeze,atk,G2,1,0,2,elim,2026-05-15 20:00:00,1,VCT 2026: Americas Stage 1,https://www.vlr.gg/660372/kr-esports-vs-g2-esports-vct-2026-americas-stage-1-ubsf
KRÜ,Breeze,atk,G2,0,1,3,defus,2026-05-15 20:00:00,1,VCT 2026: Americas Stage 1,https://www.vlr.gg/660372/kr-esports-vs-g2-esports-vct-2026-americas-stage-1-ubsf
KRÜ,Breeze,atk,G2,0,1,4,elim,2026-05-15 20:00:00,1,VCT 2026: Americas Stage 1,https://www.vlr.gg/660372/kr-esports-vs-g2-esports-vct-2026-americas-stage-1-ubsf
KRÜ,Breeze,atk,G2,1,0,5,elim,2026-05-15 20:00:00,1,VCT 2026: Americas Stage 1,https://www.vlr.gg/660372/kr-esports-vs-g2-esports-vct-2026-americas-stage-1-ubsf
KRÜ,Breeze,atk,G2,1,0,6,elim,2026-05-15 20:00:00,1,VCT 2026: Americas Stage 1,https://www.vlr.gg/660372/kr-esports-vs-g2-esports-vct-2026-americas-stage-1-ubsf
KRÜ,Breeze,atk,G2,0,1,7,defus,2026-05-15 20:00:00,1,VCT 2026: Americas Stage 1,https://www.vlr.gg/660372/kr-esports-vs-g2-esports-vct-2026-americas-stage-1-ubsf
KRÜ,Breeze,atk,G2,0,1,8,elim,2026-05-15 20:00:00,1,VCT 2026: Americas Stage 1,https://www.vlr.gg/660372/kr-esports-vs-g2-esports-vct-2026-americas-stage-1-ubsf
KRÜ,Breeze,atk,G2,1,0,9,elim,2026-05-15 20:00:00,1,VCT 2026: Americas Stage 1,https://www.vlr.gg/660372/kr-esports-vs-g2-esports-vct-2026-americas-stage-1-ubsf
KRÜ,Breeze,atk,G2,1,0,10,elim,2026-05-15 20:00:00,1,VCT 2026: Americas Stage 1,https://www.vlr.gg/660372/kr-esports-vs-g2-esports-vct-2026-americas-stage-1-ubsf
KRÜ,Breeze,atk,G2,0,1,11,defus,2026-05-15 20:00:00,1,VCT 2026: Americas Stage 1,https://www.vlr.gg/660372/kr-esports-vs-g2-esports-vct-2026-americas-stage-1-ubsf
KRÜ,Breeze,atk,G2,0,1,12,defus,2026-05-15 20:00:00,1,VCT 2026: Americas Stage 1,https://www.vlr.gg/660372/kr-esports-vs-g2-esports-vct-2026-americas-stage-1-ubsf
KRÜ,Breeze,def,G2,0,1,13,elim,2026-05-15 20:00:00,1,VCT 2026: Americas Stage 1,https://www.vlr.gg/660372/kr-esports-vs-g2-esports-vct-2026-americas-stage-1-ubsf
KRÜ,Breeze,def,G2,0,1,14,elim,2026-05-15 20:00:00,1,VCT 2026: Americas Stage 1,https://www.vlr.gg/660372/kr-esports-vs-g2-esports-vct-2026-americas-stage-1-ubsf
KRÜ,Breeze,def,G2,1,0,15,defus,2026-05-15 20:00:00,1,VCT 2026: Americas Stage 1,https://www.vlr.gg/660372/kr-esports-vs-g2-esports-vct-2026-americas-stage-1-ubsf
KRÜ,Breeze,def,G2,0,1,16,elim,2026-05-15 20:00:00,1,VCT 2026: Americas Stage 1,https://www.vlr.gg/660372/kr-esports-vs-g2-esports-vct-2026-americas-stage-1-ubsf
KRÜ,Breeze,def,G2,0,1,17,elim,2026-05-15 20:00:00,1,VCT 2026: Americas Stage 1,https://www.vlr.gg/660372/kr-esports-vs-g2-esports-vct-2026-americas-stage-1-ubsf
KRÜ,Breeze,def,G2,0,1,18,elim,2026-05-15 20:00:00,1,VCT 2026: Americas Stage 1,https://www.vlr.gg/660372/kr-esports-vs-g2-esports-vct-2026-americas-stage-1-ubsf
KRÜ,Breeze,def,G2,0,1,19,elim,2026-05-15 20:00:00,1,VCT 2026: Americas Stage 1,https://www.vlr.gg/660372/kr-esports-vs-g2-esports-vct-2026-americas-stage-1-ubsf
KRÜ,Breeze,def,G2,0,1,20,elim,2026-05-15 20:00:00,1,VCT 2026: Americas Stage 1,https://www.vlr.gg/660372/kr-esports-vs-g2-esports-vct-2026-americas-stage-1-ubsf
FUR,Lotus,atk,NRG,0,1,1,elim,2026-05-16 17:00:00,0,VCT 2026: Americas Stage 1,https://www.vlr.gg/660375/furia-vs-nrg-vct-2026-americas-stage-1-lr1
FUR,Lotus,atk,NRG,0,1,2,elim,2026-05-16 17:00:00,0,VCT 2026: Americas Stage 1,https://www.vlr.gg/660375/furia-vs-nrg-vct-2026-americas-stage-1-lr1
FUR,Lotus,atk,NRG,1,0,3,boom,2026-05-16 17:00:00,0,VCT 2026: Americas Stage 1,https://www.vlr.gg/660375/furia-vs-nrg-vct-2026-americas-stage-1-lr1
FUR,Lotus,atk,NRG,0,1,4,elim,2026-05-16 17:00:00,0,VCT 2026: Americas Stage 1,https://www.vlr.gg/660375/furia-vs-nrg-vct-2026-americas-stage-1-lr1
FUR,Lotus,atk,NRG,1,0,5,boom,2026-05-16 17:00:00,0,VCT 2026: Americas Stage 1,https://www.vlr.gg/660375/furia-vs-nrg-vct-2026-americas-stage-1-lr1
FUR,Lotus,atk,NRG,0,1,6,elim,2026-05-16 17:00:00,0,VCT 2026: Americas Stage 1,https://www.vlr.gg/660375/furia-vs-nrg-vct-2026-americas-stage-1-lr1
FUR,Lotus,atk,NRG,0,1,7,elim,2026-05-16 17:00:00,0,VCT 2026: Americas Stage 1,https://www.vlr.gg/660375/furia-vs-nrg-vct-2026-americas-stage-1-lr1
FUR,Lotus,atk,NRG,0,1,8,elim,2026-05-16 17:00:00,0,VCT 2026: Americas Stage 1,https://www.vlr.gg/660375/furia-vs-nrg-vct-2026-americas-stage-1-lr1
FUR,Lotus,atk,NRG,0,1,9,elim,2026-05-16 17:00:00,0,VCT 2026: Americas Stage 1,https://www.vlr.gg/660375/furia-vs-nrg-vct-2026-americas-stage-1-lr1
FUR,Lotus,atk,NRG,1,0,10,elim,2026-05-16 17:00:00,0,VCT 2026: Americas Stage 1,https://www.vlr.gg/660375/furia-vs-nrg-vct-2026-americas-stage-1-lr1
FUR,Lotus,atk,NRG,1,0,11,elim,2026-05-16 17:00:00,0,VCT 2026: Americas Stage 1,https://www.vlr.gg/660375/furia-vs-nrg-vct-2026-americas-stage-1-lr1
FUR,Lotus,atk,NRG,0,1,12,elim,2026-05-16 17:00:00,0,VCT 2026: Americas Stage 1,https://www.vlr.gg/660375/furia-vs-nrg-vct-2026-americas-stage-1-lr1
FUR,Lotus,def,NRG,0,1,13,elim,2026-05-16 17:00:00,0,VCT 2026: Americas Stage 1,https://www.vlr.gg/660375/furia-vs-nrg-vct-2026-americas-stage-1-lr1
FUR,Lotus,def,NRG,0,1,14,boom,2026-05-16 17:00:00,0,VCT 2026: Americas Stage 1,https://www.vlr.gg/660375/furia-vs-nrg-vct-2026-americas-stage-1-lr1
FUR,Lotus,def,NRG,0,1,15,elim,2026-05-16 17:00:00,0,VCT 2026: Americas Stage 1,https://www.vlr.gg/660375/furia-vs-nrg-vct-2026-americas-stage-1-lr1
FUR,Lotus,def,NRG,0,1,16,elim,2026-05-16 17:00:00,0,VCT 2026: Americas Stage 1,https://www.vlr.gg/660375/furia-vs-nrg-vct-2026-americas-stage-1-lr1
FUR,Lotus,def,NRG,0,1,17,elim,2026-05-16 17:00:00,0,VCT 2026: Americas Stage 1,https://www.vlr.gg/660375/furia-vs-nrg-vct-2026-americas-stage-1-lr1
FUR,Haven,atk,NRG,0,1,13,defus,2026-05-16 17:00:00,1,VCT 2026: Americas Stage 1,https://www.vlr.gg/660375/furia-vs-nrg-vct-2026-americas-stage-1-lr1
FUR,Haven,atk,NRG,0,1,14,elim,2026-05-16 17:00:00,1,VCT 2026: Americas Stage 1,https://www.vlr.gg/660375/furia-vs-nrg-vct-2026-americas-stage-1-lr1
FUR,Haven,atk,NRG,0,1,15,elim,2026-05-16 17:00:00,1,VCT 2026: Americas Stage 1,https://www.vlr.gg/660375/furia-vs-nrg-vct-2026-americas-stage-1-lr1
FUR,Haven,atk,NRG,0,1,16,defus,2026-05-16 17:00:00,1,VCT 2026: Americas Stage 1,https://www.vlr.gg/660375/furia-vs-nrg-vct-2026-americas-stage-1-lr1
FUR,Haven,atk,NRG,1,0,17,boom,2026-05-16 17:00:00,1,VCT 2026: Americas Stage 1,https://www.vlr.gg/660375/furia-vs-nrg-vct-2026-americas-stage-1-lr1
FUR,Haven,atk,NRG,0,1,18,defus,2026-05-16 17:00:00,1,VCT 2026: Americas Stage 1,https://www.vlr.gg/660375/furia-vs-nrg-vct-2026-americas-stage-1-lr1
FUR,Haven,atk,NRG,1,0,19,elim,2026-05-16 17:00:00,1,VCT 2026: Americas Stage 1,https://www.vlr.gg/660375/furia-vs-nrg-vct-2026-americas-stage-1-lr1
FUR,Haven,atk,NRG,0,1,20,defus,2026-05-16 17:00:00,1,VCT 2026: Americas Stage 1,https://www.vlr.gg/660375/furia-vs-nrg-vct-2026-americas-stage-1-lr1
FUR,Haven,atk,NRG,0,1,21,defus,2026-05-16 17:00:00,1,VCT 2026: Americas Stage 1,https://www.vlr.gg/660375/furia-vs-nrg-vct-2026-americas-stage-1-lr1
FUR,Haven,def,NRG,0,1,1,elim,2026-05-16 17:00:00,1,VCT 2026: Americas Stage 1,https://www.vlr.gg/660375/furia-vs-nrg-vct-2026-americas-stage-1-lr1
FUR,Haven,def,NRG,0,1,2,boom,2026-05-16 17:00:00,1,VCT 2026: Americas Stage 1,https://www.vlr.gg/660375/furia-vs-nrg-vct-2026-americas-stage-1-lr1
FUR,Haven,def,NRG,1,0,3,elim,2026-05-16 17:00:00,1,VCT 2026: Americas Stage 1,https://www.vlr.gg/660375/furia-vs-nrg-vct-2026-americas-stage-1-lr1
FUR,Haven,def,NRG,0,1,4,boom,2026-05-16 17:00:00,1,VCT 2026: Americas Stage 1,https://www.vlr.gg/660375/furia-vs-nrg-vct-2026-americas-stage-1-lr1
FUR,Haven,def,NRG,0,1,5,elim,2026-05-16 17:00:00,1,VCT 2026: Americas Stage 1,https://www.vlr.gg/660375/furia-vs-nrg-vct-2026-americas-stage-1-lr1
FUR,Haven,def,NRG,1,0,6,elim,2026-05-16 17:00:00,1,VCT 2026: Americas Stage 1,https://www.vlr.gg/660375/furia-vs-nrg-vct-2026-americas-stage-1-lr1
FUR,Haven,def,NRG,1,0,7,elim,2026-05-16 17:00:00,1,VCT 2026: Americas Stage 1,https://www.vlr.gg/660375/furia-vs-nrg-vct-2026-americas-stage-1-lr1
FUR,Haven,def,NRG,1,0,8,elim,2026-05-16 17:00:00,1,VCT 2026: Americas Stage 1,https://www.vlr.gg/660375/furia-vs-nrg-vct-2026-americas-stage-1-lr1
FUR,Haven,def,NRG,1,0,9,defus,2026-05-16 17:00:00,1,VCT 2026: Americas Stage 1,https://www.vlr.gg/660375/furia-vs-nrg-vct-2026-americas-stage-1-lr1
FUR,Haven,def,NRG,0,1,10,boom,2026-05-16 17:00:00,1,VCT 2026: Americas Stage 1,https://www.vlr.gg/660375/furia-vs-nrg-vct-2026-americas-stage-1-lr1
FUR,Haven,def,NRG,1,0,11,defus,2026-05-16 17:00:00,1,VCT 2026: Americas Stage 1,https://www.vlr.gg/660375/furia-vs-nrg-vct-2026-americas-stage-1-lr1
FUR,Haven,def,NRG,0,1,12,elim,2026-05-16 17:00:00,1,VCT 2026: Americas Stage 1,https://www.vlr.gg/660375/furia-vs-nrg-vct-2026-americas-stage-1-lr1
100T,Breeze,atk,LOUD,1,0,1,elim,2026-05-16 19:15:00,0,VCT 2026: Americas Stage 1,https://www.vlr.gg/660376/100-thieves-vs-loud-vct-2026-americas-stage-1-lr1
100T,Breeze,atk,LOUD,1,0,2,elim,2026-05-16 19:15:00,0,VCT 2026: Americas Stage 1,https://www.vlr.gg/660376/100-thieves-vs-loud-vct-2026-americas-stage-1-lr1
100T,Breeze,atk,LOUD,1,0,3,elim,2026-05-16 19:15:00,0,VCT 2026: Americas Stage 1,https://www.vlr.gg/660376/100-thieves-vs-loud-vct-2026-americas-stage-1-lr1
100T,Breeze,atk,LOUD,1,0,4,elim,2026-05-16 19:15:00,0,VCT 2026: Americas Stage 1,https://www.vlr.gg/660376/100-thieves-vs-loud-vct-2026-americas-stage-1-lr1
100T,Breeze,atk,LOUD,0,1,5,defus,2026-05-16 19:15:00,0,VCT 2026: Americas Stage 1,https://www.vlr.gg/660376/100-thieves-vs-loud-vct-2026-americas-stage-1-lr1
100T,Breeze,atk,LOUD,1,0,6,elim,2026-05-16 19:15:00,0,VCT 2026: Americas Stage 1,https://www.vlr.gg/660376/100-thieves-vs-loud-vct-2026-americas-stage-1-lr1
100T,Breeze,atk,LOUD,1,0,7,elim,2026-05-16 19:15:00,0,VCT 2026: Americas Stage 1,https://www.vlr.gg/660376/100-thieves-vs-loud-vct-2026-americas-stage-1-lr1
100T,Breeze,atk,LOUD,0,1,8,defus,2026-05-16 19:15:00,0,VCT 2026: Americas Stage 1,https://www.vlr.gg/660376/100-thieves-vs-loud-vct-2026-americas-stage-1-lr1
100T,Breeze,atk,LOUD,0,1,9,defus,2026-05-16 19:15:00,0,VCT 2026: Americas Stage 1,https://www.vlr.gg/660376/100-thieves-vs-loud-vct-2026-americas-stage-1-lr1
100T,Breeze,atk,LOUD,1,0,10,elim,2026-05-16 19:15:00,0,VCT 2026: Americas Stage 1,https://www.vlr.gg/660376/100-thieves-vs-loud-vct-2026-americas-stage-1-lr1
100T,Breeze,atk,LOUD,1,0,11,elim,2026-05-16 19:15:00,0,VCT 2026: Americas Stage 1,https://www.vlr.gg/660376/100-thieves-vs-loud-vct-2026-americas-stage-1-lr1
100T,Breeze,atk,LOUD,1,0,12,elim,2026-05-16 19:15:00,0,VCT 2026: Americas Stage 1,https://www.vlr.gg/660376/100-thieves-vs-loud-vct-2026-americas-stage-1-lr1
100T,Breeze,def,LOUD,0,1,13,elim,2026-05-16 19:15:00,0,VCT 2026: Americas Stage 1,https://www.vlr.gg/660376/100-thieves-vs-loud-vct-2026-americas-stage-1-lr1
100T,Breeze,def,LOUD,0,1,14,elim,2026-05-16 19:15:00,0,VCT 2026: Americas Stage 1,https://www.vlr.gg/660376/100-thieves-vs-loud-vct-2026-americas-stage-1-lr1
100T,Breeze,def,LOUD,1,0,15,elim,2026-05-16 19:15:00,0,VCT 2026: Americas Stage 1,https://www.vlr.gg/660376/100-thieves-vs-loud-vct-2026-americas-stage-1-lr1
100T,Breeze,def,LOUD,1,0,16,tim,2026-05-16 19:15:00,0,VCT 2026: Americas Stage 1,https://www.vlr.gg/660376/100-thieves-vs-loud-vct-2026-americas-stage-1-lr1
100T,Breeze,def,LOUD,1,0,17,defus,2026-05-16 19:15:00,0,VCT 2026: Americas Stage 1,https://www.vlr.gg/660376/100-thieves-vs-loud-vct-2026-americas-stage-1-lr1
100T,Breeze,def,LOUD,1,0,18,elim,2026-05-16 19:15:00,0,VCT 2026: Americas Stage 1,https://www.vlr.gg/660376/100-thieves-vs-loud-vct-2026-americas-stage-1-lr1
100T,Split,atk,LOUD,1,0,13,elim,2026-05-16 19:15:00,1,VCT 2026: Americas Stage 1,https://www.vlr.gg/660376/100-thieves-vs-loud-vct-2026-americas-stage-1-lr1
100T,Split,atk,LOUD,1,0,14,elim,2026-05-16 19:15:00,1,VCT 2026: Americas Stage 1,https://www.vlr.gg/660376/100-thieves-vs-loud-vct-2026-americas-stage-1-lr1
100T,Split,atk,LOUD,1,0,15,elim,2026-05-16 19:15:00,1,VCT 2026: Americas Stage 1,https://www.vlr.gg/660376/100-thieves-vs-loud-vct-2026-americas-stage-1-lr1
100T,Split,atk,LOUD,1,0,16,elim,2026-05-16 19:15:00,1,VCT 2026: Americas Stage 1,https://www.vlr.gg/660376/100-thieves-vs-loud-vct-2026-americas-stage-1-lr1
100T,Split,atk,LOUD,1,0,17,elim,2026-05-16 19:15:00,1,VCT 2026: Americas Stage 1,https://www.vlr.gg/660376/100-thieves-vs-loud-vct-2026-americas-stage-1-lr1
100T,Split,def,LOUD,0,1,1,elim,2026-05-16 19:15:00,1,VCT 2026: Americas Stage 1,https://www.vlr.gg/660376/100-thieves-vs-loud-vct-2026-americas-stage-1-lr1
100T,Split,def,LOUD,0,1,2,elim,2026-05-16 19:15:00,1,VCT 2026: Americas Stage 1,https://www.vlr.gg/660376/100-thieves-vs-loud-vct-2026-americas-stage-1-lr1
100T,Split,def,LOUD,1,0,3,elim,2026-05-16 19:15:00,1,VCT 2026: Americas Stage 1,https://www.vlr.gg/660376/100-thieves-vs-loud-vct-2026-americas-stage-1-lr1
100T,Split,def,LOUD,1,0,4,tim,2026-05-16 19:15:00,1,VCT 2026: Americas Stage 1,https://www.vlr.gg/660376/100-thieves-vs-loud-vct-2026-americas-stage-1-lr1
100T,Split,def,LOUD,1,0,5,elim,2026-05-16 19:15:00,1,VCT 2026: Americas Stage 1,https://www.vlr.gg/660376/100-thieves-vs-loud-vct-2026-americas-stage-1-lr1
100T,Split,def,LOUD,1,0,6,elim,2026-05-16 19:15:00,1,VCT 2026: Americas Stage 1,https://www.vlr.gg/660376/100-thieves-vs-loud-vct-2026-americas-stage-1-lr1
100T,Split,def,LOUD,0,1,7,boom,2026-05-16 19:15:00,1,VCT 2026: Americas Stage 1,https://www.vlr.gg/660376/100-thieves-vs-loud-vct-2026-americas-stage-1-lr1
100T,Split,def,LOUD,1,0,8,elim,2026-05-16 19:15:00,1,VCT 2026: Americas Stage 1,https://www.vlr.gg/660376/100-thieves-vs-loud-vct-2026-americas-stage-1-lr1
100T,Split,def,LOUD,1,0,9,defus,2026-05-16 19:15:00,1,VCT 2026: Americas Stage 1,https://www.vlr.gg/660376/100-thieves-vs-loud-vct-2026-americas-stage-1-lr1
100T,Split,def,LOUD,1,0,10,elim,2026-05-16 19:15:00,1,VCT 2026: Americas Stage 1,https://www.vlr.gg/660376/100-thieves-vs-loud-vct-2026-americas-stage-1-lr1
100T,Split,def,LOUD,0,1,11,elim,2026-05-16 19:15:00,1,VCT 2026: Americas Stage 1,https://www.vlr.gg/660376/100-thieves-vs-loud-vct-2026-americas-stage-1-lr1
100T,Split,def,LOUD,1,0,12,elim,2026-05-16 19:15:00,1,VCT 2026: Americas Stage 1,https://www.vlr.gg/660376/100-thieves-vs-loud-vct-2026-americas-stage-1-lr1
KRÜ,Breeze,atk,NRG,1,0,1,elim,2026-05-17 17:00:00,0,VCT 2026: Americas Stage 1,https://www.vlr.gg/660377/kr-esports-vs-nrg-vct-2026-americas-stage-1-lr2
KRÜ,Breeze,atk,NRG,1,0,2,elim,2026-05-17 17:00:00,0,VCT 2026: Americas Stage 1,https://www.vlr.gg/660377/kr-esports-vs-nrg-vct-2026-americas-stage-1-lr2
KRÜ,Breeze,atk,NRG,0,1,3,elim,2026-05-17 17:00:00,0,VCT 2026: Americas Stage 1,https://www.vlr.gg/660377/kr-esports-vs-nrg-vct-2026-americas-stage-1-lr2
KRÜ,Breeze,atk,NRG,0,1,4,defus,2026-05-17 17:00:00,0,VCT 2026: Americas Stage 1,https://www.vlr.gg/660377/kr-esports-vs-nrg-vct-2026-americas-stage-1-lr2
KRÜ,Breeze,atk,NRG,0,1,5,elim,2026-05-17 17:00:00,0,VCT 2026: Americas Stage 1,https://www.vlr.gg/660377/kr-esports-vs-nrg-vct-2026-americas-stage-1-lr2
KRÜ,Breeze,atk,NRG,0,1,6,elim,2026-05-17 17:00:00,0,VCT 2026: Americas Stage 1,https://www.vlr.gg/660377/kr-esports-vs-nrg-vct-2026-americas-stage-1-lr2
KRÜ,Breeze,atk,NRG,1,0,7,elim,2026-05-17 17:00:00,0,VCT 2026: Americas Stage 1,https://www.vlr.gg/660377/kr-esports-vs-nrg-vct-2026-americas-stage-1-lr2
KRÜ,Breeze,atk,NRG,0,1,8,defus,2026-05-17 17:00:00,0,VCT 2026: Americas Stage 1,https://www.vlr.gg/660377/kr-esports-vs-nrg-vct-2026-americas-stage-1-lr2
KRÜ,Breeze,atk,NRG,1,0,9,elim,2026-05-17 17:00:00,0,VCT 2026: Americas Stage 1,https://www.vlr.gg/660377/kr-esports-vs-nrg-vct-2026-americas-stage-1-lr2
KRÜ,Breeze,atk,NRG,0,1,10,defus,2026-05-17 17:00:00,0,VCT 2026: Americas Stage 1,https://www.vlr.gg/660377/kr-esports-vs-nrg-vct-2026-americas-stage-1-lr2
KRÜ,Breeze,atk,NRG,0,1,11,elim,2026-05-17 17:00:00,0,VCT 2026: Americas Stage 1,https://www.vlr.gg/660377/kr-esports-vs-nrg-vct-2026-americas-stage-1-lr2
KRÜ,Breeze,atk,NRG,0,1,12,elim,2026-05-17 17:00:00,0,VCT 2026: Americas Stage 1,https://www.vlr.gg/660377/kr-esports-vs-nrg-vct-2026-americas-stage-1-lr2
KRÜ,Breeze,def,NRG,1,0,13,elim,2026-05-17 17:00:00,0,VCT 2026: Americas Stage 1,https://www.vlr.gg/660377/kr-esports-vs-nrg-vct-2026-americas-stage-1-lr2
KRÜ,Breeze,def,NRG,1,0,14,elim,2026-05-17 17:00:00,0,VCT 2026: Americas Stage 1,https://www.vlr.gg/660377/kr-esports-vs-nrg-vct-2026-americas-stage-1-lr2
KRÜ,Breeze,def,NRG,0,1,15,elim,2026-05-17 17:00:00,0,VCT 2026: Americas Stage 1,https://www.vlr.gg/660377/kr-esports-vs-nrg-vct-2026-americas-stage-1-lr2
KRÜ,Breeze,def,NRG,1,0,16,elim,2026-05-17 17:00:00,0,VCT 2026: Americas Stage 1,https://www.vlr.gg/660377/kr-esports-vs-nrg-vct-2026-americas-stage-1-lr2
KRÜ,Breeze,def,NRG,0,1,17,boom,2026-05-17 17:00:00,0,VCT 2026: Americas Stage 1,https://www.vlr.gg/660377/kr-esports-vs-nrg-vct-2026-americas-stage-1-lr2
KRÜ,Breeze,def,NRG,1,0,18,defus,2026-05-17 17:00:00,0,VCT 2026: Americas Stage 1,https://www.vlr.gg/660377/kr-esports-vs-nrg-vct-2026-americas-stage-1-lr2
KRÜ,Breeze,def,NRG,0,1,19,boom,2026-05-17 17:00:00,0,VCT 2026: Americas Stage 1,https://www.vlr.gg/660377/kr-esports-vs-nrg-vct-2026-americas-stage-1-lr2
KRÜ,Breeze,def,NRG,0,1,20,boom,2026-05-17 17:00:00,0,VCT 2026: Americas Stage 1,https://www.vlr.gg/660377/kr-esports-vs-nrg-vct-2026-americas-stage-1-lr2
KRÜ,Breeze,def,NRG,0,1,21,elim,2026-05-17 17:00:00,0,VCT 2026: Americas Stage 1,https://www.vlr.gg/660377/kr-esports-vs-nrg-vct-2026-americas-stage-1-lr2
KRÜ,Haven,atk,NRG,0,1,1,defus,2026-05-17 17:00:00,1,VCT 2026: Americas Stage 1,https://www.vlr.gg/660377/kr-esports-vs-nrg-vct-2026-americas-stage-1-lr2
KRÜ,Haven,atk,NRG,0,1,2,defus,2026-05-17 17:00:00,1,VCT 2026: Americas Stage 1,https://www.vlr.gg/660377/kr-esports-vs-nrg-vct-2026-americas-stage-1-lr2
KRÜ,Haven,atk,NRG,0,1,3,defus,2026-05-17 17:00:00,1,VCT 2026: Americas Stage 1,https://www.vlr.gg/660377/kr-esports-vs-nrg-vct-2026-americas-stage-1-lr2
KRÜ,Haven,atk,NRG,0,1,4,elim,2026-05-17 17:00:00,1,VCT 2026: Americas Stage 1,https://www.vlr.gg/660377/kr-esports-vs-nrg-vct-2026-americas-stage-1-lr2
KRÜ,Haven,atk,NRG,0,1,5,defus,2026-05-17 17:00:00,1,VCT 2026: Americas Stage 1,https://www.vlr.gg/660377/kr-esports-vs-nrg-vct-2026-americas-stage-1-lr2
KRÜ,Haven,atk,NRG,0,1,6,defus,2026-05-17 17:00:00,1,VCT 2026: Americas Stage 1,https://www.vlr.gg/660377/kr-esports-vs-nrg-vct-2026-americas-stage-1-lr2
KRÜ,Haven,atk,NRG,0,1,7,defus,2026-05-17 17:00:00,1,VCT 2026: Americas Stage 1,https://www.vlr.gg/660377/kr-esports-vs-nrg-vct-2026-americas-stage-1-lr2
KRÜ,Haven,atk,NRG,0,1,8,elim,2026-05-17 17:00:00,1,VCT 2026: Americas Stage 1,https://www.vlr.gg/660377/kr-esports-vs-nrg-vct-2026-americas-stage-1-lr2
KRÜ,Haven,atk,NRG,0,1,9,elim,2026-05-17 17:00:00,1,VCT 2026: Americas Stage 1,https://www.vlr.gg/660377/kr-esports-vs-nrg-vct-2026-americas-stage-1-lr2
KRÜ,Haven,atk,NRG,1,0,10,elim,2026-05-17 17:00:00,1,VCT 2026: Americas Stage 1,https://www.vlr.gg/660377/kr-esports-vs-nrg-vct-2026-americas-stage-1-lr2
KRÜ,Haven,atk,NRG,0,1,11,elim,2026-05-17 17:00:00,1,VCT 2026: Americas Stage 1,https://www.vlr.gg/660377/kr-esports-vs-nrg-vct-2026-americas-stage-1-lr2
KRÜ,Haven,atk,NRG,0,1,12,defus,2026-05-17 17:00:00,1,VCT 2026: Americas Stage 1,https://www.vlr.gg/660377/kr-esports-vs-nrg-vct-2026-americas-stage-1-lr2
KRÜ,Haven,def,NRG,1,0,13,elim,2026-05-17 17:00:00,1,VCT 2026: Americas Stage 1,https://www.vlr.gg/660377/kr-esports-vs-nrg-vct-2026-americas-stage-1-lr2
KRÜ,Haven,def,NRG,1,0,14,elim,2026-05-17 17:00:00,1,VCT 2026: Americas Stage 1,https://www.vlr.gg/660377/kr-esports-vs-nrg-vct-2026-americas-stage-1-lr2
KRÜ,Haven,def,NRG,0,1,15,elim,2026-05-17 17:00:00,1,VCT 2026: Americas Stage 1,https://www.vlr.gg/660377/kr-esports-vs-nrg-vct-2026-americas-stage-1-lr2
KRÜ,Haven,def,NRG,1,0,16,elim,2026-05-17 17:00:00,1,VCT 2026: Americas Stage 1,https://www.vlr.gg/660377/kr-esports-vs-nrg-vct-2026-americas-stage-1-lr2
KRÜ,Haven,def,NRG,0,1,17,elim,2026-05-17 17:00:00,1,VCT 2026: Americas Stage 1,https://www.vlr.gg/660377/kr-esports-vs-nrg-vct-2026-americas-stage-1-lr2
MIBR,Fracture,atk,100T,0,1,13,elim,2026-05-17 19:10:00,0,VCT 2026: Americas Stage 1,https://www.vlr.gg/660378/mibr-vs-100-thieves-vct-2026-americas-stage-1-lr2
MIBR,Fracture,atk,100T,0,1,14,elim,2026-05-17 19:10:00,0,VCT 2026: Americas Stage 1,https://www.vlr.gg/660378/mibr-vs-100-thieves-vct-2026-americas-stage-1-lr2
MIBR,Fracture,atk,100T,1,0,15,elim,2026-05-17 19:10:00,0,VCT 2026: Americas Stage 1,https://www.vlr.gg/660378/mibr-vs-100-thieves-vct-2026-americas-stage-1-lr2
MIBR,Fracture,atk,100T,1,0,16,elim,2026-05-17 19:10:00,0,VCT 2026: Americas Stage 1,https://www.vlr.gg/660378/mibr-vs-100-thieves-vct-2026-americas-stage-1-lr2
MIBR,Fracture,atk,100T,1,0,17,elim,2026-05-17 19:10:00,0,VCT 2026: Americas Stage 1,https://www.vlr.gg/660378/mibr-vs-100-thieves-vct-2026-americas-stage-1-lr2
MIBR,Fracture,atk,100T,1,0,18,elim,2026-05-17 19:10:00,0,VCT 2026: Americas Stage 1,https://www.vlr.gg/660378/mibr-vs-100-thieves-vct-2026-americas-stage-1-lr2
MIBR,Fracture,atk,100T,1,0,19,elim,2026-05-17 19:10:00,0,VCT 2026: Americas Stage 1,https://www.vlr.gg/660378/mibr-vs-100-thieves-vct-2026-americas-stage-1-lr2
MIBR,Fracture,atk,100T,0,1,20,elim,2026-05-17 19:10:00,0,VCT 2026: Americas Stage 1,https://www.vlr.gg/660378/mibr-vs-100-thieves-vct-2026-americas-stage-1-lr2
MIBR,Fracture,atk,100T,0,1,21,elim,2026-05-17 19:10:00,0,VCT 2026: Americas Stage 1,https://www.vlr.gg/660378/mibr-vs-100-thieves-vct-2026-americas-stage-1-lr2
MIBR,Fracture,atk,100T,1,0,22,elim,2026-05-17 19:10:00,0,VCT 2026: Americas Stage 1,https://www.vlr.gg/660378/mibr-vs-100-thieves-vct-2026-americas-stage-1-lr2
MIBR,Fracture,atk,100T,0,1,23,elim,2026-05-17 19:10:00,0,VCT 2026: Americas Stage 1,https://www.vlr.gg/660378/mibr-vs-100-thieves-vct-2026-americas-stage-1-lr2
MIBR,Fracture,atk,100T,0,1,24,defus,2026-05-17 19:10:00,0,VCT 2026: Americas Stage 1,https://www.vlr.gg/660378/mibr-vs-100-thieves-vct-2026-americas-stage-1-lr2
MIBR,Fracture,def,100T,0,1,1,elim,2026-05-17 19:10:00,0,VCT 2026: Americas Stage 1,https://www.vlr.gg/660378/mibr-vs-100-thieves-vct-2026-americas-stage-1-lr2
MIBR,Fracture,def,100T,0,1,2,elim,2026-05-17 19:10:00,0,VCT 2026: Americas Stage 1,https://www.vlr.gg/660378/mibr-vs-100-thieves-vct-2026-americas-stage-1-lr2
MIBR,Fracture,def,100T,0,1,3,boom,2026-05-17 19:10:00,0,VCT 2026: Americas Stage 1,https://www.vlr.gg/660378/mibr-vs-100-thieves-vct-2026-americas-stage-1-lr2
MIBR,Fracture,def,100T,1,0,4,defus,2026-05-17 19:10:00,0,VCT 2026: Americas Stage 1,https://www.vlr.gg/660378/mibr-vs-100-thieves-vct-2026-americas-stage-1-lr2
MIBR,Fracture,def,100T,1,0,5,defus,2026-05-17 19:10:00,0,VCT 2026: Americas Stage 1,https://www.vlr.gg/660378/mibr-vs-100-thieves-vct-2026-americas-stage-1-lr2
MIBR,Fracture,def,100T,0,1,6,elim,2026-05-17 19:10:00,0,VCT 2026: Americas Stage 1,https://www.vlr.gg/660378/mibr-vs-100-thieves-vct-2026-americas-stage-1-lr2
MIBR,Fracture,def,100T,1,0,7,elim,2026-05-17 19:10:00,0,VCT 2026: Americas Stage 1,https://www.vlr.gg/660378/mibr-vs-100-thieves-vct-2026-americas-stage-1-lr2
MIBR,Fracture,def,100T,0,1,8,elim,2026-05-17 19:10:00,0,VCT 2026: Americas Stage 1,https://www.vlr.gg/660378/mibr-vs-100-thieves-vct-2026-americas-stage-1-lr2
MIBR,Fracture,def,100T,0,1,9,elim,2026-05-17 19:10:00,0,VCT 2026: Americas Stage 1,https://www.vlr.gg/660378/mibr-vs-100-thieves-vct-2026-americas-stage-1-lr2
MIBR,Fracture,def,100T,0,1,10,boom,2026-05-17 19:10:00,0,VCT 2026: Americas Stage 1,https://www.vlr.gg/660378/mibr-vs-100-thieves-vct-2026-americas-stage-1-lr2
MIBR,Fracture,def,100T,1,0,11,defus,2026-05-17 19:10:00,0,VCT 2026: Americas Stage 1,https://www.vlr.gg/660378/mibr-vs-100-thieves-vct-2026-americas-stage-1-lr2
MIBR,Fracture,def,100T,1,0,12,defus,2026-05-17 19:10:00,0,VCT 2026: Americas Stage 1,https://www.vlr.gg/660378/mibr-vs-100-thieves-vct-2026-americas-stage-1-lr2
MIBR,Breeze,atk,100T,0,1,13,elim,2026-05-17 19:10:00,1,VCT 2026: Americas Stage 1,https://www.vlr.gg/660378/mibr-vs-100-thieves-vct-2026-americas-stage-1-lr2
MIBR,Breeze,atk,100T,0,1,14,elim,2026-05-17 19:10:00,1,VCT 2026: Americas Stage 1,https://www.vlr.gg/660378/mibr-vs-100-thieves-vct-2026-americas-stage-1-lr2
MIBR,Breeze,atk,100T,1,0,15,elim,2026-05-17 19:10:00,1,VCT 2026: Americas Stage 1,https://www.vlr.gg/660378/mibr-vs-100-thieves-vct-2026-americas-stage-1-lr2
MIBR,Breeze,atk,100T,1,0,16,elim,2026-05-17 19:10:00,1,VCT 2026: Americas Stage 1,https://www.vlr.gg/660378/mibr-vs-100-thieves-vct-2026-americas-stage-1-lr2
MIBR,Breeze,atk,100T,1,0,17,elim,2026-05-17 19:10:00,1,VCT 2026: Americas Stage 1,https://www.vlr.gg/660378/mibr-vs-100-thieves-vct-2026-americas-stage-1-lr2
MIBR,Breeze,atk,100T,0,1,18,elim,2026-05-17 19:10:00,1,VCT 2026: Americas Stage 1,https://www.vlr.gg/660378/mibr-vs-100-thieves-vct-2026-americas-stage-1-lr2
MIBR,Breeze,atk,100T,1,0,19,elim,2026-05-17 19:10:00,1,VCT 2026: Americas Stage 1,https://www.vlr.gg/660378/mibr-vs-100-thieves-vct-2026-americas-stage-1-lr2
MIBR,Breeze,atk,100T,0,1,20,elim,2026-05-17 19:10:00,1,VCT 2026: Americas Stage 1,https://www.vlr.gg/660378/mibr-vs-100-thieves-vct-2026-americas-stage-1-lr2
MIBR,Breeze,def,100T,0,1,1,boom,2026-05-17 19:10:00,1,VCT 2026: Americas Stage 1,https://www.vlr.gg/660378/mibr-vs-100-thieves-vct-2026-americas-stage-1-lr2
MIBR,Breeze,def,100T,0,1,2,elim,2026-05-17 19:10:00,1,VCT 2026: Americas Stage 1,https://www.vlr.gg/660378/mibr-vs-100-thieves-vct-2026-americas-stage-1-lr2
MIBR,Breeze,def,100T,0,1,3,elim,2026-05-17 19:10:00,1,VCT 2026: Americas Stage 1,https://www.vlr.gg/660378/mibr-vs-100-thieves-vct-2026-americas-stage-1-lr2
MIBR,Breeze,def,100T,0,1,4,elim,2026-05-17 19:10:00,1,VCT 2026: Americas Stage 1,https://www.vlr.gg/660378/mibr-vs-100-thieves-vct-2026-americas-stage-1-lr2
MIBR,Breeze,def,100T,1,0,5,elim,2026-05-17 19:10:00,1,VCT 2026: Americas Stage 1,https://www.vlr.gg/660378/mibr-vs-100-thieves-vct-2026-americas-stage-1-lr2
MIBR,Breeze,def,100T,1,0,6,defus,2026-05-17 19:10:00,1,VCT 2026: Americas Stage 1,https://www.vlr.gg/660378/mibr-vs-100-thieves-vct-2026-americas-stage-1-lr2
MIBR,Breeze,def,100T,1,0,7,elim,2026-05-17 19:10:00,1,VCT 2026: Americas Stage 1,https://www.vlr.gg/660378/mibr-vs-100-thieves-vct-2026-americas-stage-1-lr2
MIBR,Breeze,def,100T,0,1,8,boom,2026-05-17 19:10:00,1,VCT 2026: Americas Stage 1,https://www.vlr.gg/660378/mibr-vs-100-thieves-vct-2026-americas-stage-1-lr2
MIBR,Breeze,def,100T,0,1,9,elim,2026-05-17 19:10:00,1,VCT 2026: Americas Stage 1,https://www.vlr.gg/660378/mibr-vs-100-thieves-vct-2026-americas-stage-1-lr2
MIBR,Breeze,def,100T,0,1,10,boom,2026-05-17 19:10:00,1,VCT 2026: Americas Stage 1,https://www.vlr.gg/660378/mibr-vs-100-thieves-vct-2026-americas-stage-1-lr2
MIBR,Breeze,def,100T,0,1,11,boom,2026-05-17 19:10:00,1,VCT 2026: Americas Stage 1,https://www.vlr.gg/660378/mibr-vs-100-thieves-vct-2026-americas-stage-1-lr2
MIBR,Breeze,def,100T,0,1,12,boom,2026-05-17 19:10:00,1,VCT 2026: Americas Stage 1,https://www.vlr.gg/660378/mibr-vs-100-thieves-vct-2026-americas-stage-1-lr2
LEV,Ascent,atk,G2,1,0,13,elim,2026-05-22 17:00:00,0,VCT 2026: Americas Stage 1,https://www.vlr.gg/660373/leviat-n-vs-g2-esports-vct-2026-americas-stage-1-ubf
LEV,Ascent,atk,G2,1,0,14,elim,2026-05-22 17:00:00,0,VCT 2026: Americas Stage 1,https://www.vlr.gg/660373/leviat-n-vs-g2-esports-vct-2026-americas-stage-1-ubf
LEV,Ascent,atk,G2,0,1,15,defus,2026-05-22 17:00:00,0,VCT 2026: Americas Stage 1,https://www.vlr.gg/660373/leviat-n-vs-g2-esports-vct-2026-americas-stage-1-ubf
LEV,Ascent,atk,G2,1,0,16,elim,2026-05-22 17:00:00,0,VCT 2026: Americas Stage 1,https://www.vlr.gg/660373/leviat-n-vs-g2-esports-vct-2026-americas-stage-1-ubf
LEV,Ascent,atk,G2,1,0,17,elim,2026-05-22 17:00:00,0,VCT 2026: Americas Stage 1,https://www.vlr.gg/660373/leviat-n-vs-g2-esports-vct-2026-americas-stage-1-ubf
LEV,Ascent,atk,G2,1,0,18,elim,2026-05-22 17:00:00,0,VCT 2026: Americas Stage 1,https://www.vlr.gg/660373/leviat-n-vs-g2-esports-vct-2026-americas-stage-1-ubf
LEV,Ascent,atk,G2,1,0,19,elim,2026-05-22 17:00:00,0,VCT 2026: Americas Stage 1,https://www.vlr.gg/660373/leviat-n-vs-g2-esports-vct-2026-americas-stage-1-ubf
LEV,Ascent,atk,G2,1,0,20,elim,2026-05-22 17:00:00,0,VCT 2026: Americas Stage 1,https://www.vlr.gg/660373/leviat-n-vs-g2-esports-vct-2026-americas-stage-1-ubf
LEV,Ascent,def,G2,0,1,1,elim,2026-05-22 17:00:00,0,VCT 2026: Americas Stage 1,https://www.vlr.gg/660373/leviat-n-vs-g2-esports-vct-2026-americas-stage-1-ubf
LEV,Ascent,def,G2,0,1,2,boom,2026-05-22 17:00:00,0,VCT 2026: Americas Stage 1,https://www.vlr.gg/660373/leviat-n-vs-g2-esports-vct-2026-americas-stage-1-ubf
LEV,Ascent,def,G2,1,0,3,elim,2026-05-22 17:00:00,0,VCT 2026: Americas Stage 1,https://www.vlr.gg/660373/leviat-n-vs-g2-esports-vct-2026-americas-stage-1-ubf
LEV,Ascent,def,G2,0,1,4,boom,2026-05-22 17:00:00,0,VCT 2026: Americas Stage 1,https://www.vlr.gg/660373/leviat-n-vs-g2-esports-vct-2026-americas-stage-1-ubf
LEV,Ascent,def,G2,1,0,5,elim,2026-05-22 17:00:00,0,VCT 2026: Americas Stage 1,https://www.vlr.gg/660373/leviat-n-vs-g2-esports-vct-2026-americas-stage-1-ubf
LEV,Ascent,def,G2,1,0,6,elim,2026-05-22 17:00:00,0,VCT 2026: Americas Stage 1,https://www.vlr.gg/660373/leviat-n-vs-g2-esports-vct-2026-americas-stage-1-ubf
LEV,Ascent,def,G2,1,0,7,elim,2026-05-22 17:00:00,0,VCT 2026: Americas Stage 1,https://www.vlr.gg/660373/leviat-n-vs-g2-esports-vct-2026-americas-stage-1-ubf
LEV,Ascent,def,G2,0,1,8,elim,2026-05-22 17:00:00,0,VCT 2026: Americas Stage 1,https://www.vlr.gg/660373/leviat-n-vs-g2-esports-vct-2026-americas-stage-1-ubf
LEV,Ascent,def,G2,0,1,9,boom,2026-05-22 17:00:00,0,VCT 2026: Americas Stage 1,https://www.vlr.gg/660373/leviat-n-vs-g2-esports-vct-2026-americas-stage-1-ubf
LEV,Ascent,def,G2,1,0,10,defus,2026-05-22 17:00:00,0,VCT 2026: Americas Stage 1,https://www.vlr.gg/660373/leviat-n-vs-g2-esports-vct-2026-americas-stage-1-ubf
LEV,Ascent,def,G2,1,0,11,elim,2026-05-22 17:00:00,0,VCT 2026: Americas Stage 1,https://www.vlr.gg/660373/leviat-n-vs-g2-esports-vct-2026-americas-stage-1-ubf
LEV,Ascent,def,G2,0,1,12,elim,2026-05-22 17:00:00,0,VCT 2026: Americas Stage 1,https://www.vlr.gg/660373/leviat-n-vs-g2-esports-vct-2026-americas-stage-1-ubf
LEV,Pearl,atk,G2,1,0,1,elim,2026-05-22 17:00:00,1,VCT 2026: Americas Stage 1,https://www.vlr.gg/660373/leviat-n-vs-g2-esports-vct-2026-americas-stage-1-ubf
LEV,Pearl,atk,G2,1,0,2,boom,2026-05-22 17:00:00,1,VCT 2026: Americas Stage 1,https://www.vlr.gg/660373/leviat-n-vs-g2-esports-vct-2026-americas-stage-1-ubf
LEV,Pearl,atk,G2,0,1,3,defus,2026-05-22 17:00:00,1,VCT 2026: Americas Stage 1,https://www.vlr.gg/660373/leviat-n-vs-g2-esports-vct-2026-americas-stage-1-ubf
LEV,Pearl,atk,G2,1,0,4,boom,2026-05-22 17:00:00,1,VCT 2026: Americas Stage 1,https://www.vlr.gg/660373/leviat-n-vs-g2-esports-vct-2026-americas-stage-1-ubf
LEV,Pearl,atk,G2,1,0,5,elim,2026-05-22 17:00:00,1,VCT 2026: Americas Stage 1,https://www.vlr.gg/660373/leviat-n-vs-g2-esports-vct-2026-americas-stage-1-ubf
LEV,Pearl,atk,G2,0,1,6,elim,2026-05-22 17:00:00,1,VCT 2026: Americas Stage 1,https://www.vlr.gg/660373/leviat-n-vs-g2-esports-vct-2026-americas-stage-1-ubf
LEV,Pearl,atk,G2,1,0,7,boom,2026-05-22 17:00:00,1,VCT 2026: Americas Stage 1,https://www.vlr.gg/660373/leviat-n-vs-g2-esports-vct-2026-americas-stage-1-ubf
LEV,Pearl,atk,G2,1,0,8,boom,2026-05-22 17:00:00,1,VCT 2026: Americas Stage 1,https://www.vlr.gg/660373/leviat-n-vs-g2-esports-vct-2026-americas-stage-1-ubf
LEV,Pearl,atk,G2,1,0,9,elim,2026-05-22 17:00:00,1,VCT 2026: Americas Stage 1,https://www.vlr.gg/660373/leviat-n-vs-g2-esports-vct-2026-americas-stage-1-ubf
LEV,Pearl,atk,G2,0,1,10,elim,2026-05-22 17:00:00,1,VCT 2026: Americas Stage 1,https://www.vlr.gg/660373/leviat-n-vs-g2-esports-vct-2026-americas-stage-1-ubf
LEV,Pearl,atk,G2,0,1,11,elim,2026-05-22 17:00:00,1,VCT 2026: Americas Stage 1,https://www.vlr.gg/660373/leviat-n-vs-g2-esports-vct-2026-americas-stage-1-ubf
LEV,Pearl,atk,G2,0,1,12,elim,2026-05-22 17:00:00,1,VCT 2026: Americas Stage 1,https://www.vlr.gg/660373/leviat-n-vs-g2-esports-vct-2026-americas-stage-1-ubf
LEV,Pearl,def,G2,0,1,13,elim,2026-05-22 17:00:00,1,VCT 2026: Americas Stage 1,https://www.vlr.gg/660373/leviat-n-vs-g2-esports-vct-2026-americas-stage-1-ubf
LEV,Pearl,def,G2,0,1,14,boom,2026-05-22 17:00:00,1,VCT 2026: Americas Stage 1,https://www.vlr.gg/660373/leviat-n-vs-g2-esports-vct-2026-americas-stage-1-ubf
LEV,Pearl,def,G2,0,1,15,boom,2026-05-22 17:00:00,1,VCT 2026: Americas Stage 1,https://www.vlr.gg/660373/leviat-n-vs-g2-esports-vct-2026-americas-stage-1-ubf
LEV,Pearl,def,G2,0,1,16,elim,2026-05-22 17:00:00,1,VCT 2026: Americas Stage 1,https://www.vlr.gg/660373/leviat-n-vs-g2-esports-vct-2026-americas-stage-1-ubf
LEV,Pearl,def,G2,0,1,17,elim,2026-05-22 17:00:00,1,VCT 2026: Americas Stage 1,https://www.vlr.gg/660373/leviat-n-vs-g2-esports-vct-2026-americas-stage-1-ubf
LEV,Pearl,def,G2,0,1,18,elim,2026-05-22 17:00:00,1,VCT 2026: Americas Stage 1,https://www.vlr.gg/660373/leviat-n-vs-g2-esports-vct-2026-americas-stage-1-ubf
LEV,Pearl,def,G2,1,0,19,defus,2026-05-22 17:00:00,1,VCT 2026: Americas Stage 1,https://www.vlr.gg/660373/leviat-n-vs-g2-esports-vct-2026-americas-stage-1-ubf
LEV,Pearl,def,G2,0,1,20,boom,2026-05-22 17:00:00,1,VCT 2026: Americas Stage 1,https://www.vlr.gg/660373/leviat-n-vs-g2-esports-vct-2026-americas-stage-1-ubf
LEV,Pearl,def,G2,1,0,21,elim,2026-05-22 17:00:00,1,VCT 2026: Americas Stage 1,https://www.vlr.gg/660373/leviat-n-vs-g2-esports-vct-2026-americas-stage-1-ubf
LEV,Pearl,def,G2,0,1,22,elim,2026-05-22 17:00:00,1,VCT 2026: Americas Stage 1,https://www.vlr.gg/660373/leviat-n-vs-g2-esports-vct-2026-americas-stage-1-ubf
LEV,Split,atk,G2,1,0,1,elim,2026-05-22 17:00:00,2,VCT 2026: Americas Stage 1,https://www.vlr.gg/660373/leviat-n-vs-g2-esports-vct-2026-americas-stage-1-ubf
LEV,Split,atk,G2,1,0,2,elim,2026-05-22 17:00:00,2,VCT 2026: Americas Stage 1,https://www.vlr.gg/660373/leviat-n-vs-g2-esports-vct-2026-americas-stage-1-ubf
LEV,Split,atk,G2,0,1,3,elim,2026-05-22 17:00:00,2,VCT 2026: Americas Stage 1,https://www.vlr.gg/660373/leviat-n-vs-g2-esports-vct-2026-americas-stage-1-ubf
LEV,Split,atk,G2,0,1,4,elim,2026-05-22 17:00:00,2,VCT 2026: Americas Stage 1,https://www.vlr.gg/660373/leviat-n-vs-g2-esports-vct-2026-americas-stage-1-ubf
LEV,Split,atk,G2,0,1,5,elim,2026-05-22 17:00:00,2,VCT 2026: Americas Stage 1,https://www.vlr.gg/660373/leviat-n-vs-g2-esports-vct-2026-americas-stage-1-ubf
LEV,Split,atk,G2,0,1,6,elim,2026-05-22 17:00:00,2,VCT 2026: Americas Stage 1,https://www.vlr.gg/660373/leviat-n-vs-g2-esports-vct-2026-americas-stage-1-ubf
LEV,Split,atk,G2,1,0,7,elim,2026-05-22 17:00:00,2,VCT 2026: Americas Stage 1,https://www.vlr.gg/660373/leviat-n-vs-g2-esports-vct-2026-americas-stage-1-ubf
LEV,Split,atk,G2,1,0,8,boom,2026-05-22 17:00:00,2,VCT 2026: Americas Stage 1,https://www.vlr.gg/660373/leviat-n-vs-g2-esports-vct-2026-americas-stage-1-ubf
LEV,Split,atk,G2,1,0,9,elim,2026-05-22 17:00:00,2,VCT 2026: Americas Stage 1,https://www.vlr.gg/660373/leviat-n-vs-g2-esports-vct-2026-americas-stage-1-ubf
LEV,Split,atk,G2,1,0,10,elim,2026-05-22 17:00:00,2,VCT 2026: Americas Stage 1,https://www.vlr.gg/660373/leviat-n-vs-g2-esports-vct-2026-americas-stage-1-ubf
LEV,Split,atk,G2,1,0,11,elim,2026-05-22 17:00:00,2,VCT 2026: Americas Stage 1,https://www.vlr.gg/660373/leviat-n-vs-g2-esports-vct-2026-americas-stage-1-ubf
LEV,Split,atk,G2,0,1,12,elim,2026-05-22 17:00:00,2,VCT 2026: Americas Stage 1,https://www.vlr.gg/660373/leviat-n-vs-g2-esports-vct-2026-americas-stage-1-ubf
LEV,Split,def,G2,1,0,13,defus,2026-05-22 17:00:00,2,VCT 2026: Americas Stage 1,https://www.vlr.gg/660373/leviat-n-vs-g2-esports-vct-2026-americas-stage-1-ubf
LEV,Split,def,G2,1,0,14,defus,2026-05-22 17:00:00,2,VCT 2026: Americas Stage 1,https://www.vlr.gg/660373/leviat-n-vs-g2-esports-vct-2026-americas-stage-1-ubf
LEV,Split,def,G2,1,0,15,elim,2026-05-22 17:00:00,2,VCT 2026: Americas Stage 1,https://www.vlr.gg/660373/leviat-n-vs-g2-esports-vct-2026-americas-stage-1-ubf
LEV,Split,def,G2,1,0,16,elim,2026-05-22 17:00:00,2,VCT 2026: Americas Stage 1,https://www.vlr.gg/660373/leviat-n-vs-g2-esports-vct-2026-americas-stage-1-ubf
LEV,Split,def,G2,1,0,17,elim,2026-05-22 17:00:00,2,VCT 2026: Americas Stage 1,https://www.vlr.gg/660373/leviat-n-vs-g2-esports-vct-2026-americas-stage-1-ubf
LEV,Split,def,G2,1,0,18,elim,2026-05-22 17:00:00,2,VCT 2026: Americas Stage 1,https://www.vlr.gg/660373/leviat-n-vs-g2-esports-vct-2026-americas-stage-1-ubf
NRG,Fracture,atk,100T,0,1,13,defus,2026-05-22 20:05:00,0,VCT 2026: Americas Stage 1,https://www.vlr.gg/660379/nrg-vs-100-thieves-vct-2026-americas-stage-1-lr3
NRG,Fracture,atk,100T,0,1,14,elim,2026-05-22 20:05:00,0,VCT 2026: Americas Stage 1,https://www.vlr.gg/660379/nrg-vs-100-thieves-vct-2026-americas-stage-1-lr3
NRG,Fracture,atk,100T,1,0,15,elim,2026-05-22 20:05:00,0,VCT 2026: Americas Stage 1,https://www.vlr.gg/660379/nrg-vs-100-thieves-vct-2026-americas-stage-1-lr3
NRG,Fracture,atk,100T,0,1,16,defus,2026-05-22 20:05:00,0,VCT 2026: Americas Stage 1,https://www.vlr.gg/660379/nrg-vs-100-thieves-vct-2026-americas-stage-1-lr3
NRG,Fracture,atk,100T,1,0,17,elim,2026-05-22 20:05:00,0,VCT 2026: Americas Stage 1,https://www.vlr.gg/660379/nrg-vs-100-thieves-vct-2026-americas-stage-1-lr3
NRG,Fracture,atk,100T,0,1,18,defus,2026-05-22 20:05:00,0,VCT 2026: Americas Stage 1,https://www.vlr.gg/660379/nrg-vs-100-thieves-vct-2026-americas-stage-1-lr3
NRG,Fracture,atk,100T,0,1,19,tim,2026-05-22 20:05:00,0,VCT 2026: Americas Stage 1,https://www.vlr.gg/660379/nrg-vs-100-thieves-vct-2026-americas-stage-1-lr3
NRG,Fracture,atk,100T,1,0,20,elim,2026-05-22 20:05:00,0,VCT 2026: Americas Stage 1,https://www.vlr.gg/660379/nrg-vs-100-thieves-vct-2026-americas-stage-1-lr3
NRG,Fracture,atk,100T,1,0,21,elim,2026-05-22 20:05:00,0,VCT 2026: Americas Stage 1,https://www.vlr.gg/660379/nrg-vs-100-thieves-vct-2026-americas-stage-1-lr3
NRG,Fracture,atk,100T,1,0,22,elim,2026-05-22 20:05:00,0,VCT 2026: Americas Stage 1,https://www.vlr.gg/660379/nrg-vs-100-thieves-vct-2026-americas-stage-1-lr3
NRG,Fracture,def,100T,1,0,1,elim,2026-05-22 20:05:00,0,VCT 2026: Americas Stage 1,https://www.vlr.gg/660379/nrg-vs-100-thieves-vct-2026-americas-stage-1-lr3
NRG,Fracture,def,100T,1,0,2,elim,2026-05-22 20:05:00,0,VCT 2026: Americas Stage 1,https://www.vlr.gg/660379/nrg-vs-100-thieves-vct-2026-americas-stage-1-lr3
NRG,Fracture,def,100T,0,1,3,elim,2026-05-22 20:05:00,0,VCT 2026: Americas Stage 1,https://www.vlr.gg/660379/nrg-vs-100-thieves-vct-2026-americas-stage-1-lr3
NRG,Fracture,def,100T,0,1,4,elim,2026-05-22 20:05:00,0,VCT 2026: Americas Stage 1,https://www.vlr.gg/660379/nrg-vs-100-thieves-vct-2026-americas-stage-1-lr3
NRG,Fracture,def,100T,0,1,5,elim,2026-05-22 20:05:00,0,VCT 2026: Americas Stage 1,https://www.vlr.gg/660379/nrg-vs-100-thieves-vct-2026-americas-stage-1-lr3
NRG,Fracture,def,100T,1,0,6,elim,2026-05-22 20:05:00,0,VCT 2026: Americas Stage 1,https://www.vlr.gg/660379/nrg-vs-100-thieves-vct-2026-americas-stage-1-lr3
NRG,Fracture,def,100T,0,1,7,boom,2026-05-22 20:05:00,0,VCT 2026: Americas Stage 1,https://www.vlr.gg/660379/nrg-vs-100-thieves-vct-2026-americas-stage-1-lr3
NRG,Fracture,def,100T,1,0,8,elim,2026-05-22 20:05:00,0,VCT 2026: Americas Stage 1,https://www.vlr.gg/660379/nrg-vs-100-thieves-vct-2026-americas-stage-1-lr3
NRG,Fracture,def,100T,1,0,9,defus,2026-05-22 20:05:00,0,VCT 2026: Americas Stage 1,https://www.vlr.gg/660379/nrg-vs-100-thieves-vct-2026-americas-stage-1-lr3
NRG,Fracture,def,100T,1,0,10,defus,2026-05-22 20:05:00,0,VCT 2026: Americas Stage 1,https://www.vlr.gg/660379/nrg-vs-100-thieves-vct-2026-americas-stage-1-lr3
NRG,Fracture,def,100T,1,0,11,elim,2026-05-22 20:05:00,0,VCT 2026: Americas Stage 1,https://www.vlr.gg/660379/nrg-vs-100-thieves-vct-2026-americas-stage-1-lr3
NRG,Fracture,def,100T,1,0,12,defus,2026-05-22 20:05:00,0,VCT 2026: Americas Stage 1,https://www.vlr.gg/660379/nrg-vs-100-thieves-vct-2026-americas-stage-1-lr3
NRG,Breeze,atk,100T,1,0,1,elim,2026-05-22 20:05:00,1,VCT 2026: Americas Stage 1,https://www.vlr.gg/660379/nrg-vs-100-thieves-vct-2026-americas-stage-1-lr3
NRG,Breeze,atk,100T,1,0,2,boom,2026-05-22 20:05:00,1,VCT 2026: Americas Stage 1,https://www.vlr.gg/660379/nrg-vs-100-thieves-vct-2026-americas-stage-1-lr3
NRG,Breeze,atk,100T,0,1,3,elim,2026-05-22 20:05:00,1,VCT 2026: Americas Stage 1,https://www.vlr.gg/660379/nrg-vs-100-thieves-vct-2026-americas-stage-1-lr3
NRG,Breeze,atk,100T,1,0,4,elim,2026-05-22 20:05:00,1,VCT 2026: Americas Stage 1,https://www.vlr.gg/660379/nrg-vs-100-thieves-vct-2026-americas-stage-1-lr3
NRG,Breeze,atk,100T,1,0,5,elim,2026-05-22 20:05:00,1,VCT 2026: Americas Stage 1,https://www.vlr.gg/660379/nrg-vs-100-thieves-vct-2026-americas-stage-1-lr3
NRG,Breeze,atk,100T,0,1,6,tim,2026-05-22 20:05:00,1,VCT 2026: Americas Stage 1,https://www.vlr.gg/660379/nrg-vs-100-thieves-vct-2026-americas-stage-1-lr3
NRG,Breeze,atk,100T,1,0,7,elim,2026-05-22 20:05:00,1,VCT 2026: Americas Stage 1,https://www.vlr.gg/660379/nrg-vs-100-thieves-vct-2026-americas-stage-1-lr3
NRG,Breeze,atk,100T,1,0,8,boom,2026-05-22 20:05:00,1,VCT 2026: Americas Stage 1,https://www.vlr.gg/660379/nrg-vs-100-thieves-vct-2026-americas-stage-1-lr3
NRG,Breeze,atk,100T,0,1,9,elim,2026-05-22 20:05:00,1,VCT 2026: Americas Stage 1,https://www.vlr.gg/660379/nrg-vs-100-thieves-vct-2026-americas-stage-1-lr3
NRG,Breeze,atk,100T,0,1,10,elim,2026-05-22 20:05:00,1,VCT 2026: Americas Stage 1,https://www.vlr.gg/660379/nrg-vs-100-thieves-vct-2026-americas-stage-1-lr3
NRG,Breeze,atk,100T,1,0,11,elim,2026-05-22 20:05:00,1,VCT 2026: Americas Stage 1,https://www.vlr.gg/660379/nrg-vs-100-thieves-vct-2026-americas-stage-1-lr3
NRG,Breeze,atk,100T,0,1,12,elim,2026-05-22 20:05:00,1,VCT 2026: Americas Stage 1,https://www.vlr.gg/660379/nrg-vs-100-thieves-vct-2026-americas-stage-1-lr3
NRG,Breeze,def,100T,0,1,13,elim,2026-05-22 20:05:00,1,VCT 2026: Americas Stage 1,https://www.vlr.gg/660379/nrg-vs-100-thieves-vct-2026-americas-stage-1-lr3
NRG,Breeze,def,100T,0,1,14,boom,2026-05-22 20:05:00,1,VCT 2026: Americas Stage 1,https://www.vlr.gg/660379/nrg-vs-100-thieves-vct-2026-americas-stage-1-lr3
NRG,Breeze,def,100T,0,1,15,boom,2026-05-22 20:05:00,1,VCT 2026: Americas Stage 1,https://www.vlr.gg/660379/nrg-vs-100-thieves-vct-2026-americas-stage-1-lr3
NRG,Breeze,def,100T,0,1,16,elim,2026-05-22 20:05:00,1,VCT 2026: Americas Stage 1,https://www.vlr.gg/660379/nrg-vs-100-thieves-vct-2026-americas-stage-1-lr3
NRG,Breeze,def,100T,1,0,17,elim,2026-05-22 20:05:00,1,VCT 2026: Americas Stage 1,https://www.vlr.gg/660379/nrg-vs-100-thieves-vct-2026-americas-stage-1-lr3
NRG,Breeze,def,100T,1,0,18,elim,2026-05-22 20:05:00,1,VCT 2026: Americas Stage 1,https://www.vlr.gg/660379/nrg-vs-100-thieves-vct-2026-americas-stage-1-lr3
NRG,Breeze,def,100T,0,1,19,elim,2026-05-22 20:05:00,1,VCT 2026: Americas Stage 1,https://www.vlr.gg/660379/nrg-vs-100-thieves-vct-2026-americas-stage-1-lr3
NRG,Breeze,def,100T,0,1,20,boom,2026-05-22 20:05:00,1,VCT 2026: Americas Stage 1,https://www.vlr.gg/660379/nrg-vs-100-thieves-vct-2026-americas-stage-1-lr3
NRG,Breeze,def,100T,1,0,21,defus,2026-05-22 20:05:00,1,VCT 2026: Americas Stage 1,https://www.vlr.gg/660379/nrg-vs-100-thieves-vct-2026-americas-stage-1-lr3
NRG,Breeze,def,100T,1,0,22,elim,2026-05-22 20:05:00,1,VCT 2026: Americas Stage 1,https://www.vlr.gg/660379/nrg-vs-100-thieves-vct-2026-americas-stage-1-lr3
NRG,Breeze,def,100T,1,0,23,defus,2026-05-22 20:05:00,1,VCT 2026: Americas Stage 1,https://www.vlr.gg/660379/nrg-vs-100-thieves-vct-2026-americas-stage-1-lr3
NRG,Breeze,def,100T,1,0,24,elim,2026-05-22 20:05:00,1,VCT 2026: Americas Stage 1,https://www.vlr.gg/660379/nrg-vs-100-thieves-vct-2026-americas-stage-1-lr3
G2,Lotus,atk,NRG,1,0,1,elim,2026-05-23 17:00:00,0,VCT 2026: Americas Stage 1,https://www.vlr.gg/660380/g2-esports-vs-nrg-vct-2026-americas-stage-1-lbf
G2,Lotus,atk,NRG,1,0,2,elim,2026-05-23 17:00:00,0,VCT 2026: Americas Stage 1,https://www.vlr.gg/660380/g2-esports-vs-nrg-vct-2026-americas-stage-1-lbf
G2,Lotus,atk,NRG,0,1,3,elim,2026-05-23 17:00:00,0,VCT 2026: Americas Stage 1,https://www.vlr.gg/660380/g2-esports-vs-nrg-vct-2026-americas-stage-1-lbf
G2,Lotus,atk,NRG,1,0,4,boom,2026-05-23 17:00:00,0,VCT 2026: Americas Stage 1,https://www.vlr.gg/660380/g2-esports-vs-nrg-vct-2026-americas-stage-1-lbf
G2,Lotus,atk,NRG,1,0,5,elim,2026-05-23 17:00:00,0,VCT 2026: Americas Stage 1,https://www.vlr.gg/660380/g2-esports-vs-nrg-vct-2026-americas-stage-1-lbf
G2,Lotus,atk,NRG,0,1,6,defus,2026-05-23 17:00:00,0,VCT 2026: Americas Stage 1,https://www.vlr.gg/660380/g2-esports-vs-nrg-vct-2026-americas-stage-1-lbf
G2,Lotus,atk,NRG,0,1,7,elim,2026-05-23 17:00:00,0,VCT 2026: Americas Stage 1,https://www.vlr.gg/660380/g2-esports-vs-nrg-vct-2026-americas-stage-1-lbf
G2,Lotus,atk,NRG,0,1,8,defus,2026-05-23 17:00:00,0,VCT 2026: Americas Stage 1,https://www.vlr.gg/660380/g2-esports-vs-nrg-vct-2026-americas-stage-1-lbf
G2,Lotus,atk,NRG,1,0,9,elim,2026-05-23 17:00:00,0,VCT 2026: Americas Stage 1,https://www.vlr.gg/660380/g2-esports-vs-nrg-vct-2026-americas-stage-1-lbf
G2,Lotus,atk,NRG,1,0,10,boom,2026-05-23 17:00:00,0,VCT 2026: Americas Stage 1,https://www.vlr.gg/660380/g2-esports-vs-nrg-vct-2026-americas-stage-1-lbf
G2,Lotus,atk,NRG,1,0,11,elim,2026-05-23 17:00:00,0,VCT 2026: Americas Stage 1,https://www.vlr.gg/660380/g2-esports-vs-nrg-vct-2026-americas-stage-1-lbf
G2,Lotus,atk,NRG,1,0,12,elim,2026-05-23 17:00:00,0,VCT 2026: Americas Stage 1,https://www.vlr.gg/660380/g2-esports-vs-nrg-vct-2026-americas-stage-1-lbf
G2,Lotus,def,NRG,0,1,13,elim,2026-05-23 17:00:00,0,VCT 2026: Americas Stage 1,https://www.vlr.gg/660380/g2-esports-vs-nrg-vct-2026-americas-stage-1-lbf
G2,Lotus,def,NRG,0,1,14,boom,2026-05-23 17:00:00,0,VCT 2026: Americas Stage 1,https://www.vlr.gg/660380/g2-esports-vs-nrg-vct-2026-americas-stage-1-lbf
G2,Lotus,def,NRG,0,1,15,boom,2026-05-23 17:00:00,0,VCT 2026: Americas Stage 1,https://www.vlr.gg/660380/g2-esports-vs-nrg-vct-2026-americas-stage-1-lbf
G2,Lotus,def,NRG,1,0,16,elim,2026-05-23 17:00:00,0,VCT 2026: Americas Stage 1,https://www.vlr.gg/660380/g2-esports-vs-nrg-vct-2026-americas-stage-1-lbf
G2,Lotus,def,NRG,0,1,17,boom,2026-05-23 17:00:00,0,VCT 2026: Americas Stage 1,https://www.vlr.gg/660380/g2-esports-vs-nrg-vct-2026-americas-stage-1-lbf
G2,Lotus,def,NRG,1,0,18,tim,2026-05-23 17:00:00,0,VCT 2026: Americas Stage 1,https://www.vlr.gg/660380/g2-esports-vs-nrg-vct-2026-americas-stage-1-lbf
G2,Lotus,def,NRG,1,0,19,tim,2026-05-23 17:00:00,0,VCT 2026: Americas Stage 1,https://www.vlr.gg/660380/g2-esports-vs-nrg-vct-2026-americas-stage-1-lbf
G2,Lotus,def,NRG,1,0,20,defus,2026-05-23 17:00:00,0,VCT 2026: Americas Stage 1,https://www.vlr.gg/660380/g2-esports-vs-nrg-vct-2026-americas-stage-1-lbf
G2,Lotus,def,NRG,1,0,21,defus,2026-05-23 17:00:00,0,VCT 2026: Americas Stage 1,https://www.vlr.gg/660380/g2-esports-vs-nrg-vct-2026-americas-stage-1-lbf
G2,Breeze,atk,NRG,1,0,1,boom,2026-05-23 17:00:00,1,VCT 2026: Americas Stage 1,https://www.vlr.gg/660380/g2-esports-vs-nrg-vct-2026-americas-stage-1-lbf
G2,Breeze,atk,NRG,1,0,2,boom,2026-05-23 17:00:00,1,VCT 2026: Americas Stage 1,https://www.vlr.gg/660380/g2-esports-vs-nrg-vct-2026-americas-stage-1-lbf
G2,Breeze,atk,NRG,0,1,3,defus,2026-05-23 17:00:00,1,VCT 2026: Americas Stage 1,https://www.vlr.gg/660380/g2-esports-vs-nrg-vct-2026-americas-stage-1-lbf
G2,Breeze,atk,NRG,0,1,4,defus,2026-05-23 17:00:00,1,VCT 2026: Americas Stage 1,https://www.vlr.gg/660380/g2-esports-vs-nrg-vct-2026-americas-stage-1-lbf
G2,Breeze,atk,NRG,0,1,5,defus,2026-05-23 17:00:00,1,VCT 2026: Americas Stage 1,https://www.vlr.gg/660380/g2-esports-vs-nrg-vct-2026-americas-stage-1-lbf
G2,Breeze,atk,NRG,1,0,6,elim,2026-05-23 17:00:00,1,VCT 2026: Americas Stage 1,https://www.vlr.gg/660380/g2-esports-vs-nrg-vct-2026-americas-stage-1-lbf
G2,Breeze,atk,NRG,1,0,7,elim,2026-05-23 17:00:00,1,VCT 2026: Americas Stage 1,https://www.vlr.gg/660380/g2-esports-vs-nrg-vct-2026-americas-stage-1-lbf
G2,Breeze,atk,NRG,1,0,8,elim,2026-05-23 17:00:00,1,VCT 2026: Americas Stage 1,https://www.vlr.gg/660380/g2-esports-vs-nrg-vct-2026-americas-stage-1-lbf
G2,Breeze,atk,NRG,0,1,9,defus,2026-05-23 17:00:00,1,VCT 2026: Americas Stage 1,https://www.vlr.gg/660380/g2-esports-vs-nrg-vct-2026-americas-stage-1-lbf
G2,Breeze,atk,NRG,1,0,10,elim,2026-05-23 17:00:00,1,VCT 2026: Americas Stage 1,https://www.vlr.gg/660380/g2-esports-vs-nrg-vct-2026-americas-stage-1-lbf
G2,Breeze,atk,NRG,0,1,11,defus,2026-05-23 17:00:00,1,VCT 2026: Americas Stage 1,https://www.vlr.gg/660380/g2-esports-vs-nrg-vct-2026-americas-stage-1-lbf
G2,Breeze,atk,NRG,0,1,12,tim,2026-05-23 17:00:00,1,VCT 2026: Americas Stage 1,https://www.vlr.gg/660380/g2-esports-vs-nrg-vct-2026-americas-stage-1-lbf
G2,Breeze,def,NRG,0,1,13,elim,2026-05-23 17:00:00,1,VCT 2026: Americas Stage 1,https://www.vlr.gg/660380/g2-esports-vs-nrg-vct-2026-americas-stage-1-lbf
G2,Breeze,def,NRG,0,1,14,boom,2026-05-23 17:00:00,1,VCT 2026: Americas Stage 1,https://www.vlr.gg/660380/g2-esports-vs-nrg-vct-2026-americas-stage-1-lbf
G2,Breeze,def,NRG,0,1,15,elim,2026-05-23 17:00:00,1,VCT 2026: Americas Stage 1,https://www.vlr.gg/660380/g2-esports-vs-nrg-vct-2026-americas-stage-1-lbf
G2,Breeze,def,NRG,0,1,16,boom,2026-05-23 17:00:00,1,VCT 2026: Americas Stage 1,https://www.vlr.gg/660380/g2-esports-vs-nrg-vct-2026-americas-stage-1-lbf
G2,Breeze,def,NRG,0,1,17,boom,2026-05-23 17:00:00,1,VCT 2026: Americas Stage 1,https://www.vlr.gg/660380/g2-esports-vs-nrg-vct-2026-americas-stage-1-lbf
G2,Breeze,def,NRG,0,1,18,boom,2026-05-23 17:00:00,1,VCT 2026: Americas Stage 1,https://www.vlr.gg/660380/g2-esports-vs-nrg-vct-2026-americas-stage-1-lbf
G2,Breeze,def,NRG,0,1,19,elim,2026-05-23 17:00:00,1,VCT 2026: Americas Stage 1,https://www.vlr.gg/660380/g2-esports-vs-nrg-vct-2026-americas-stage-1-lbf
G2,Pearl,atk,NRG,0,1,13,defus,2026-05-23 17:00:00,2,VCT 2026: Americas Stage 1,https://www.vlr.gg/660380/g2-esports-vs-nrg-vct-2026-americas-stage-1-lbf
G2,Pearl,atk,NRG,0,1,14,defus,2026-05-23 17:00:00,2,VCT 2026: Americas Stage 1,https://www.vlr.gg/660380/g2-esports-vs-nrg-vct-2026-americas-stage-1-lbf
G2,Pearl,atk,NRG,1,0,15,boom,2026-05-23 17:00:00,2,VCT 2026: Americas Stage 1,https://www.vlr.gg/660380/g2-esports-vs-nrg-vct-2026-americas-stage-1-lbf
G2,Pearl,atk,NRG,1,0,16,boom,2026-05-23 17:00:00,2,VCT 2026: Americas Stage 1,https://www.vlr.gg/660380/g2-esports-vs-nrg-vct-2026-americas-stage-1-lbf
G2,Pearl,atk,NRG,1,0,17,elim,2026-05-23 17:00:00,2,VCT 2026: Americas Stage 1,https://www.vlr.gg/660380/g2-esports-vs-nrg-vct-2026-americas-stage-1-lbf
G2,Pearl,atk,NRG,1,0,18,elim,2026-05-23 17:00:00,2,VCT 2026: Americas Stage 1,https://www.vlr.gg/660380/g2-esports-vs-nrg-vct-2026-americas-stage-1-lbf
G2,Pearl,atk,NRG,0,1,19,elim,2026-05-23 17:00:00,2,VCT 2026: Americas Stage 1,https://www.vlr.gg/660380/g2-esports-vs-nrg-vct-2026-americas-stage-1-lbf
G2,Pearl,atk,NRG,1,0,20,elim,2026-05-23 17:00:00,2,VCT 2026: Americas Stage 1,https://www.vlr.gg/660380/g2-esports-vs-nrg-vct-2026-americas-stage-1-lbf
G2,Pearl,def,NRG,0,1,1,elim,2026-05-23 17:00:00,2,VCT 2026: Americas Stage 1,https://www.vlr.gg/660380/g2-esports-vs-nrg-vct-2026-americas-stage-1-lbf
G2,Pearl,def,NRG,0,1,2,elim,2026-05-23 17:00:00,2,VCT 2026: Americas Stage 1,https://www.vlr.gg/660380/g2-esports-vs-nrg-vct-2026-americas-stage-1-lbf
G2,Pearl,def,NRG,1,0,3,elim,2026-05-23 17:00:00,2,VCT 2026: Americas Stage 1,https://www.vlr.gg/660380/g2-esports-vs-nrg-vct-2026-americas-stage-1-lbf
G2,Pearl,def,NRG,1,0,4,elim,2026-05-23 17:00:00,2,VCT 2026: Americas Stage 1,https://www.vlr.gg/660380/g2-esports-vs-nrg-vct-2026-americas-stage-1-lbf
G2,Pearl,def,NRG,1,0,5,elim,2026-05-23 17:00:00,2,VCT 2026: Americas Stage 1,https://www.vlr.gg/660380/g2-esports-vs-nrg-vct-2026-americas-stage-1-lbf
G2,Pearl,def,NRG,1,0,6,elim,2026-05-23 17:00:00,2,VCT 2026: Americas Stage 1,https://www.vlr.gg/660380/g2-esports-vs-nrg-vct-2026-americas-stage-1-lbf
G2,Pearl,def,NRG,1,0,7,elim,2026-05-23 17:00:00,2,VCT 2026: Americas Stage 1,https://www.vlr.gg/660380/g2-esports-vs-nrg-vct-2026-americas-stage-1-lbf
G2,Pearl,def,NRG,1,0,8,tim,2026-05-23 17:00:00,2,VCT 2026: Americas Stage 1,https://www.vlr.gg/660380/g2-esports-vs-nrg-vct-2026-americas-stage-1-lbf
G2,Pearl,def,NRG,1,0,9,defus,2026-05-23 17:00:00,2,VCT 2026: Americas Stage 1,https://www.vlr.gg/660380/g2-esports-vs-nrg-vct-2026-americas-stage-1-lbf
G2,Pearl,def,NRG,0,1,10,elim,2026-05-23 17:00:00,2,VCT 2026: Americas Stage 1,https://www.vlr.gg/660380/g2-esports-vs-nrg-vct-2026-americas-stage-1-lbf
G2,Pearl,def,NRG,1,0,11,tim,2026-05-23 17:00:00,2,VCT 2026: Americas Stage 1,https://www.vlr.gg/660380/g2-esports-vs-nrg-vct-2026-americas-stage-1-lbf
G2,Pearl,def,NRG,0,1,12,elim,2026-05-23 17:00:00,2,VCT 2026: Americas Stage 1,https://www.vlr.gg/660380/g2-esports-vs-nrg-vct-2026-americas-stage-1-lbf
G2,Haven,atk,NRG,0,1,13,elim,2026-05-23 17:00:00,3,VCT 2026: Americas Stage 1,https://www.vlr.gg/660380/g2-esports-vs-nrg-vct-2026-americas-stage-1-lbf
G2,Haven,atk,NRG,0,1,14,defus,2026-05-23 17:00:00,3,VCT 2026: Americas Stage 1,https://www.vlr.gg/660380/g2-esports-vs-nrg-vct-2026-americas-stage-1-lbf
G2,Haven,atk,NRG,1,0,15,elim,2026-05-23 17:00:00,3,VCT 2026: Americas Stage 1,https://www.vlr.gg/660380/g2-esports-vs-nrg-vct-2026-americas-stage-1-lbf
G2,Haven,atk,NRG,1,0,16,elim,2026-05-23 17:00:00,3,VCT 2026: Americas Stage 1,https://www.vlr.gg/660380/g2-esports-vs-nrg-vct-2026-americas-stage-1-lbf
G2,Haven,atk,NRG,1,0,17,elim,2026-05-23 17:00:00,3,VCT 2026: Americas Stage 1,https://www.vlr.gg/660380/g2-esports-vs-nrg-vct-2026-americas-stage-1-lbf
G2,Haven,atk,NRG,0,1,18,elim,2026-05-23 17:00:00,3,VCT 2026: Americas Stage 1,https://www.vlr.gg/660380/g2-esports-vs-nrg-vct-2026-americas-stage-1-lbf
G2,Haven,atk,NRG,1,0,19,elim,2026-05-23 17:00:00,3,VCT 2026: Americas Stage 1,https://www.vlr.gg/660380/g2-esports-vs-nrg-vct-2026-americas-stage-1-lbf
G2,Haven,atk,NRG,0,1,20,defus,2026-05-23 17:00:00,3,VCT 2026: Americas Stage 1,https://www.vlr.gg/660380/g2-esports-vs-nrg-vct-2026-americas-stage-1-lbf
G2,Haven,atk,NRG,0,1,21,elim,2026-05-23 17:00:00,3,VCT 2026: Americas Stage 1,https://www.vlr.gg/660380/g2-esports-vs-nrg-vct-2026-americas-stage-1-lbf
G2,Haven,atk,NRG,0,1,22,defus,2026-05-23 17:00:00,3,VCT 2026: Americas Stage 1,https://www.vlr.gg/660380/g2-esports-vs-nrg-vct-2026-americas-stage-1-lbf
G2,Haven,atk,NRG,0,1,23,defus,2026-05-23 17:00:00,3,VCT 2026: Americas Stage 1,https://www.vlr.gg/660380/g2-esports-vs-nrg-vct-2026-americas-stage-1-lbf
G2,Haven,def,NRG,0,1,1,elim,2026-05-23 17:00:00,3,VCT 2026: Americas Stage 1,https://www.vlr.gg/660380/g2-esports-vs-nrg-vct-2026-americas-stage-1-lbf
G2,Haven,def,NRG,0,1,2,elim,2026-05-23 17:00:00,3,VCT 2026: Americas Stage 1,https://www.vlr.gg/660380/g2-esports-vs-nrg-vct-2026-americas-stage-1-lbf
G2,Haven,def,NRG,1,0,3,elim,2026-05-23 17:00:00,3,VCT 2026: Americas Stage 1,https://www.vlr.gg/660380/g2-esports-vs-nrg-vct-2026-americas-stage-1-lbf
G2,Haven,def,NRG,1,0,4,tim,2026-05-23 17:00:00,3,VCT 2026: Americas Stage 1,https://www.vlr.gg/660380/g2-esports-vs-nrg-vct-2026-americas-stage-1-lbf
G2,Haven,def,NRG,0,1,5,elim,2026-05-23 17:00:00,3,VCT 2026: Americas Stage 1,https://www.vlr.gg/660380/g2-esports-vs-nrg-vct-2026-americas-stage-1-lbf
G2,Haven,def,NRG,1,0,6,defus,2026-05-23 17:00:00,3,VCT 2026: Americas Stage 1,https://www.vlr.gg/660380/g2-esports-vs-nrg-vct-2026-americas-stage-1-lbf
G2,Haven,def,NRG,0,1,7,elim,2026-05-23 17:00:00,3,VCT 2026: Americas Stage 1,https://www.vlr.gg/660380/g2-esports-vs-nrg-vct-2026-americas-stage-1-lbf
G2,Haven,def,NRG,1,0,8,elim,2026-05-23 17:00:00,3,VCT 2026: Americas Stage 1,https://www.vlr.gg/660380/g2-esports-vs-nrg-vct-2026-americas-stage-1-lbf
G2,Haven,def,NRG,1,0,9,elim,2026-05-23 17:00:00,3,VCT 2026: Americas Stage 1,https://www.vlr.gg/660380/g2-esports-vs-nrg-vct-2026-americas-stage-1-lbf
G2,Haven,def,NRG,0,1,10,elim,2026-05-23 17:00:00,3,VCT 2026: Americas Stage 1,https://www.vlr.gg/660380/g2-esports-vs-nrg-vct-2026-americas-stage-1-lbf
G2,Haven,def,NRG,1,0,11,elim,2026-05-23 17:00:00,3,VCT 2026: Americas Stage 1,https://www.vlr.gg/660380/g2-esports-vs-nrg-vct-2026-americas-stage-1-lbf
G2,Haven,def,NRG,0,1,12,elim,2026-05-23 17:00:00,3,VCT 2026: Americas Stage 1,https://www.vlr.gg/660380/g2-esports-vs-nrg-vct-2026-americas-stage-1-lbf
G2,Ascent,atk,NRG,0,1,1,defus,2026-05-23 17:00:00,4,VCT 2026: Americas Stage 1,https://www.vlr.gg/660380/g2-esports-vs-nrg-vct-2026-americas-stage-1-lbf
G2,Ascent,atk,NRG,0,1,2,elim,2026-05-23 17:00:00,4,VCT 2026: Americas Stage 1,https://www.vlr.gg/660380/g2-esports-vs-nrg-vct-2026-americas-stage-1-lbf
G2,Ascent,atk,NRG,1,0,3,elim,2026-05-23 17:00:00,4,VCT 2026: Americas Stage 1,https://www.vlr.gg/660380/g2-esports-vs-nrg-vct-2026-americas-stage-1-lbf
G2,Ascent,atk,NRG,1,0,4,boom,2026-05-23 17:00:00,4,VCT 2026: Americas Stage 1,https://www.vlr.gg/660380/g2-esports-vs-nrg-vct-2026-americas-stage-1-lbf
G2,Ascent,atk,NRG,1,0,5,elim,2026-05-23 17:00:00,4,VCT 2026: Americas Stage 1,https://www.vlr.gg/660380/g2-esports-vs-nrg-vct-2026-americas-stage-1-lbf
G2,Ascent,atk,NRG,1,0,6,elim,2026-05-23 17:00:00,4,VCT 2026: Americas Stage 1,https://www.vlr.gg/660380/g2-esports-vs-nrg-vct-2026-americas-stage-1-lbf
G2,Ascent,atk,NRG,0,1,7,defus,2026-05-23 17:00:00,4,VCT 2026: Americas Stage 1,https://www.vlr.gg/660380/g2-esports-vs-nrg-vct-2026-americas-stage-1-lbf
G2,Ascent,atk,NRG,0,1,8,defus,2026-05-23 17:00:00,4,VCT 2026: Americas Stage 1,https://www.vlr.gg/660380/g2-esports-vs-nrg-vct-2026-americas-stage-1-lbf
G2,Ascent,atk,NRG,0,1,9,defus,2026-05-23 17:00:00,4,VCT 2026: Americas Stage 1,https://www.vlr.gg/660380/g2-esports-vs-nrg-vct-2026-americas-stage-1-lbf
G2,Ascent,atk,NRG,0,1,10,defus,2026-05-23 17:00:00,4,VCT 2026: Americas Stage 1,https://www.vlr.gg/660380/g2-esports-vs-nrg-vct-2026-americas-stage-1-lbf
G2,Ascent,atk,NRG,1,0,11,elim,2026-05-23 17:00:00,4,VCT 2026: Americas Stage 1,https://www.vlr.gg/660380/g2-esports-vs-nrg-vct-2026-americas-stage-1-lbf
G2,Ascent,atk,NRG,0,1,12,defus,2026-05-23 17:00:00,4,VCT 2026: Americas Stage 1,https://www.vlr.gg/660380/g2-esports-vs-nrg-vct-2026-americas-stage-1-lbf
G2,Ascent,def,NRG,1,0,13,elim,2026-05-23 17:00:00,4,VCT 2026: Americas Stage 1,https://www.vlr.gg/660380/g2-esports-vs-nrg-vct-2026-americas-stage-1-lbf
G2,Ascent,def,NRG,1,0,14,elim,2026-05-23 17:00:00,4,VCT 2026: Americas Stage 1,https://www.vlr.gg/660380/g2-esports-vs-nrg-vct-2026-americas-stage-1-lbf
G2,Ascent,def,NRG,1,0,15,elim,2026-05-23 17:00:00,4,VCT 2026: Americas Stage 1,https://www.vlr.gg/660380/g2-esports-vs-nrg-vct-2026-americas-stage-1-lbf
G2,Ascent,def,NRG,1,0,16,defus,2026-05-23 17:00:00,4,VCT 2026: Americas Stage 1,https://www.vlr.gg/660380/g2-esports-vs-nrg-vct-2026-americas-stage-1-lbf
G2,Ascent,def,NRG,1,0,17,elim,2026-05-23 17:00:00,4,VCT 2026: Americas Stage 1,https://www.vlr.gg/660380/g2-esports-vs-nrg-vct-2026-americas-stage-1-lbf
G2,Ascent,def,NRG,0,1,18,elim,2026-05-23 17:00:00,4,VCT 2026: Americas Stage 1,https://www.vlr.gg/660380/g2-esports-vs-nrg-vct-2026-americas-stage-1-lbf
G2,Ascent,def,NRG,0,1,19,elim,2026-05-23 17:00:00,4,VCT 2026: Americas Stage 1,https://www.vlr.gg/660380/g2-esports-vs-nrg-vct-2026-americas-stage-1-lbf
G2,Ascent,def,NRG,1,0,20,defus,2026-05-23 17:00:00,4,VCT 2026: Americas Stage 1,https://www.vlr.gg/660380/g2-esports-vs-nrg-vct-2026-americas-stage-1-lbf
G2,Ascent,def,NRG,1,0,21,defus,2026-05-23 17:00:00,4,VCT 2026: Americas Stage 1,https://www.vlr.gg/660380/g2-esports-vs-nrg-vct-2026-americas-stage-1-lbf
G2,Ascent,def,NRG,0,1,22,boom,2026-05-23 17:00:00,4,VCT 2026: Americas Stage 1,https://www.vlr.gg/660380/g2-esports-vs-nrg-vct-2026-americas-stage-1-lbf
G2,Ascent,def,NRG,1,0,23,defus,2026-05-23 17:00:00,4,VCT 2026: Americas Stage 1,https://www.vlr.gg/660380/g2-esports-vs-nrg-vct-2026-americas-stage-1-lbf
LEV,Fracture,atk,G2,0,1,13,elim,2026-05-24 17:00:00,0,VCT 2026: Americas Stage 1,https://www.vlr.gg/660374/leviat-n-vs-g2-esports-vct-2026-americas-stage-1-gf
LEV,Fracture,atk,G2,0,1,14,defus,2026-05-24 17:00:00,0,VCT 2026: Americas Stage 1,https://www.vlr.gg/660374/leviat-n-vs-g2-esports-vct-2026-americas-stage-1-gf
LEV,Fracture,atk,G2,0,1,15,elim,2026-05-24 17:00:00,0,VCT 2026: Americas Stage 1,https://www.vlr.gg/660374/leviat-n-vs-g2-esports-vct-2026-americas-stage-1-gf
LEV,Fracture,atk,G2,1,0,16,boom,2026-05-24 17:00:00,0,VCT 2026: Americas Stage 1,https://www.vlr.gg/660374/leviat-n-vs-g2-esports-vct-2026-americas-stage-1-gf
LEV,Fracture,atk,G2,1,0,17,elim,2026-05-24 17:00:00,0,VCT 2026: Americas Stage 1,https://www.vlr.gg/660374/leviat-n-vs-g2-esports-vct-2026-americas-stage-1-gf
LEV,Fracture,atk,G2,0,1,18,elim,2026-05-24 17:00:00,0,VCT 2026: Americas Stage 1,https://www.vlr.gg/660374/leviat-n-vs-g2-esports-vct-2026-americas-stage-1-gf
LEV,Fracture,atk,G2,1,0,19,boom,2026-05-24 17:00:00,0,VCT 2026: Americas Stage 1,https://www.vlr.gg/660374/leviat-n-vs-g2-esports-vct-2026-americas-stage-1-gf
LEV,Fracture,atk,G2,0,1,20,defus,2026-05-24 17:00:00,0,VCT 2026: Americas Stage 1,https://www.vlr.gg/660374/leviat-n-vs-g2-esports-vct-2026-americas-stage-1-gf
LEV,Fracture,atk,G2,1,0,21,elim,2026-05-24 17:00:00,0,VCT 2026: Americas Stage 1,https://www.vlr.gg/660374/leviat-n-vs-g2-esports-vct-2026-americas-stage-1-gf
LEV,Fracture,atk,G2,1,0,22,elim,2026-05-24 17:00:00,0,VCT 2026: Americas Stage 1,https://www.vlr.gg/660374/leviat-n-vs-g2-esports-vct-2026-americas-stage-1-gf
LEV,Fracture,atk,G2,0,1,23,tim,2026-05-24 17:00:00,0,VCT 2026: Americas Stage 1,https://www.vlr.gg/660374/leviat-n-vs-g2-esports-vct-2026-americas-stage-1-gf
LEV,Fracture,atk,G2,1,0,24,elim,2026-05-24 17:00:00,0,VCT 2026: Americas Stage 1,https://www.vlr.gg/660374/leviat-n-vs-g2-esports-vct-2026-americas-stage-1-gf
LEV,Fracture,atk,G2,0,1,26,defus,2026-05-24 17:00:00,0,VCT 2026: Americas Stage 1,https://www.vlr.gg/660374/leviat-n-vs-g2-esports-vct-2026-americas-stage-1-gf
LEV,Fracture,def,G2,0,1,1,elim,2026-05-24 17:00:00,0,VCT 2026: Americas Stage 1,https://www.vlr.gg/660374/leviat-n-vs-g2-esports-vct-2026-americas-stage-1-gf
LEV,Fracture,def,G2,1,0,2,defus,2026-05-24 17:00:00,0,VCT 2026: Americas Stage 1,https://www.vlr.gg/660374/leviat-n-vs-g2-esports-vct-2026-americas-stage-1-gf
LEV,Fracture,def,G2,1,0,3,elim,2026-05-24 17:00:00,0,VCT 2026: Americas Stage 1,https://www.vlr.gg/660374/leviat-n-vs-g2-esports-vct-2026-americas-stage-1-gf
LEV,Fracture,def,G2,1,0,4,elim,2026-05-24 17:00:00,0,VCT 2026: Americas Stage 1,https://www.vlr.gg/660374/leviat-n-vs-g2-esports-vct-2026-americas-stage-1-gf
LEV,Fracture,def,G2,1,0,5,defus,2026-05-24 17:00:00,0,VCT 2026: Americas Stage 1,https://www.vlr.gg/660374/leviat-n-vs-g2-esports-vct-2026-americas-stage-1-gf
LEV,Fracture,def,G2,0,1,6,boom,2026-05-24 17:00:00,0,VCT 2026: Americas Stage 1,https://www.vlr.gg/660374/leviat-n-vs-g2-esports-vct-2026-americas-stage-1-gf
LEV,Fracture,def,G2,0,1,7,elim,2026-05-24 17:00:00,0,VCT 2026: Americas Stage 1,https://www.vlr.gg/660374/leviat-n-vs-g2-esports-vct-2026-americas-stage-1-gf
LEV,Fracture,def,G2,1,0,8,defus,2026-05-24 17:00:00,0,VCT 2026: Americas Stage 1,https://www.vlr.gg/660374/leviat-n-vs-g2-esports-vct-2026-americas-stage-1-gf
LEV,Fracture,def,G2,0,1,9,boom,2026-05-24 17:00:00,0,VCT 2026: Americas Stage 1,https://www.vlr.gg/660374/leviat-n-vs-g2-esports-vct-2026-americas-stage-1-gf
LEV,Fracture,def,G2,1,0,10,defus,2026-05-24 17:00:00,0,VCT 2026: Americas Stage 1,https://www.vlr.gg/660374/leviat-n-vs-g2-esports-vct-2026-americas-stage-1-gf
LEV,Fracture,def,G2,0,1,11,elim,2026-05-24 17:00:00,0,VCT 2026: Americas Stage 1,https://www.vlr.gg/660374/leviat-n-vs-g2-esports-vct-2026-americas-stage-1-gf
LEV,Fracture,def,G2,0,1,12,elim,2026-05-24 17:00:00,0,VCT 2026: Americas Stage 1,https://www.vlr.gg/660374/leviat-n-vs-g2-esports-vct-2026-americas-stage-1-gf
LEV,Fracture,def,G2,0,1,25,elim,2026-05-24 17:00:00,0,VCT 2026: Americas Stage 1,https://www.vlr.gg/660374/leviat-n-vs-g2-esports-vct-2026-americas-stage-1-gf
LEV,Haven,atk,G2,0,1,1,defus,2026-05-24 17:00:00,1,VCT 2026: Americas Stage 1,https://www.vlr.gg/660374/leviat-n-vs-g2-esports-vct-2026-americas-stage-1-gf
LEV,Haven,atk,G2,0,1,2,elim,2026-05-24 17:00:00,1,VCT 2026: Americas Stage 1,https://www.vlr.gg/660374/leviat-n-vs-g2-esports-vct-2026-americas-stage-1-gf
LEV,Haven,atk,G2,0,1,3,defus,2026-05-24 17:00:00,1,VCT 2026: Americas Stage 1,https://www.vlr.gg/660374/leviat-n-vs-g2-esports-vct-2026-americas-stage-1-gf
LEV,Haven,atk,G2,1,0,4,elim,2026-05-24 17:00:00,1,VCT 2026: Americas Stage 1,https://www.vlr.gg/660374/leviat-n-vs-g2-esports-vct-2026-americas-stage-1-gf
LEV,Haven,atk,G2,0,1,5,defus,2026-05-24 17:00:00,1,VCT 2026: Americas Stage 1,https://www.vlr.gg/660374/leviat-n-vs-g2-esports-vct-2026-americas-stage-1-gf
LEV,Haven,atk,G2,1,0,6,elim,2026-05-24 17:00:00,1,VCT 2026: Americas Stage 1,https://www.vlr.gg/660374/leviat-n-vs-g2-esports-vct-2026-americas-stage-1-gf
LEV,Haven,atk,G2,1,0,7,elim,2026-05-24 17:00:00,1,VCT 2026: Americas Stage 1,https://www.vlr.gg/660374/leviat-n-vs-g2-esports-vct-2026-americas-stage-1-gf
LEV,Haven,atk,G2,1,0,8,elim,2026-05-24 17:00:00,1,VCT 2026: Americas Stage 1,https://www.vlr.gg/660374/leviat-n-vs-g2-esports-vct-2026-americas-stage-1-gf
LEV,Haven,atk,G2,1,0,9,elim,2026-05-24 17:00:00,1,VCT 2026: Americas Stage 1,https://www.vlr.gg/660374/leviat-n-vs-g2-esports-vct-2026-americas-stage-1-gf
LEV,Haven,atk,G2,1,0,10,elim,2026-05-24 17:00:00,1,VCT 2026: Americas Stage 1,https://www.vlr.gg/660374/leviat-n-vs-g2-esports-vct-2026-americas-stage-1-gf
LEV,Haven,atk,G2,0,1,11,elim,2026-05-24 17:00:00,1,VCT 2026: Americas Stage 1,https://www.vlr.gg/660374/leviat-n-vs-g2-esports-vct-2026-americas-stage-1-gf
LEV,Haven,atk,G2,0,1,12,elim,2026-05-24 17:00:00,1,VCT 2026: Americas Stage 1,https://www.vlr.gg/660374/leviat-n-vs-g2-esports-vct-2026-americas-stage-1-gf
LEV,Haven,def,G2,1,0,13,defus,2026-05-24 17:00:00,1,VCT 2026: Americas Stage 1,https://www.vlr.gg/660374/leviat-n-vs-g2-esports-vct-2026-americas-stage-1-gf
LEV,Haven,def,G2,1,0,14,defus,2026-05-24 17:00:00,1,VCT 2026: Americas Stage 1,https://www.vlr.gg/660374/leviat-n-vs-g2-esports-vct-2026-americas-stage-1-gf
LEV,Haven,def,G2,0,1,15,boom,2026-05-24 17:00:00,1,VCT 2026: Americas Stage 1,https://www.vlr.gg/660374/leviat-n-vs-g2-esports-vct-2026-americas-stage-1-gf
LEV,Haven,def,G2,1,0,16,defus,2026-05-24 17:00:00,1,VCT 2026: Americas Stage 1,https://www.vlr.gg/660374/leviat-n-vs-g2-esports-vct-2026-americas-stage-1-gf
LEV,Haven,def,G2,0,1,17,elim,2026-05-24 17:00:00,1,VCT 2026: Americas Stage 1,https://www.vlr.gg/660374/leviat-n-vs-g2-esports-vct-2026-americas-stage-1-gf
LEV,Haven,def,G2,1,0,18,elim,2026-05-24 17:00:00,1,VCT 2026: Americas Stage 1,https://www.vlr.gg/660374/leviat-n-vs-g2-esports-vct-2026-americas-stage-1-gf
LEV,Haven,def,G2,0,1,19,boom,2026-05-24 17:00:00,1,VCT 2026: Americas Stage 1,https://www.vlr.gg/660374/leviat-n-vs-g2-esports-vct-2026-americas-stage-1-gf
LEV,Haven,def,G2,1,0,20,defus,2026-05-24 17:00:00,1,VCT 2026: Americas Stage 1,https://www.vlr.gg/660374/leviat-n-vs-g2-esports-vct-2026-americas-stage-1-gf
LEV,Haven,def,G2,0,1,21,elim,2026-05-24 17:00:00,1,VCT 2026: Americas Stage 1,https://www.vlr.gg/660374/leviat-n-vs-g2-esports-vct-2026-americas-stage-1-gf
LEV,Haven,def,G2,0,1,22,boom,2026-05-24 17:00:00,1,VCT 2026: Americas Stage 1,https://www.vlr.gg/660374/leviat-n-vs-g2-esports-vct-2026-americas-stage-1-gf
LEV,Haven,def,G2,1,0,23,defus,2026-05-24 17:00:00,1,VCT 2026: Americas Stage 1,https://www.vlr.gg/660374/leviat-n-vs-g2-esports-vct-2026-americas-stage-1-gf
LEV,Haven,def,G2,1,0,24,elim,2026-05-24 17:00:00,1,VCT 2026: Americas Stage 1,https://www.vlr.gg/660374/leviat-n-vs-g2-esports-vct-2026-americas-stage-1-gf
LEV,Ascent,atk,G2,1,0,13,elim,2026-05-24 17:00:00,2,VCT 2026: Americas Stage 1,https://www.vlr.gg/660374/leviat-n-vs-g2-esports-vct-2026-americas-stage-1-gf
LEV,Ascent,atk,G2,1,0,14,elim,2026-05-24 17:00:00,2,VCT 2026: Americas Stage 1,https://www.vlr.gg/660374/leviat-n-vs-g2-esports-vct-2026-americas-stage-1-gf
LEV,Ascent,atk,G2,0,1,15,defus,2026-05-24 17:00:00,2,VCT 2026: Americas Stage 1,https://www.vlr.gg/660374/leviat-n-vs-g2-esports-vct-2026-americas-stage-1-gf
LEV,Ascent,atk,G2,0,1,16,defus,2026-05-24 17:00:00,2,VCT 2026: Americas Stage 1,https://www.vlr.gg/660374/leviat-n-vs-g2-esports-vct-2026-americas-stage-1-gf
LEV,Ascent,atk,G2,0,1,17,defus,2026-05-24 17:00:00,2,VCT 2026: Americas Stage 1,https://www.vlr.gg/660374/leviat-n-vs-g2-esports-vct-2026-americas-stage-1-gf
LEV,Ascent,atk,G2,1,0,18,elim,2026-05-24 17:00:00,2,VCT 2026: Americas Stage 1,https://www.vlr.gg/660374/leviat-n-vs-g2-esports-vct-2026-americas-stage-1-gf
LEV,Ascent,atk,G2,1,0,19,elim,2026-05-24 17:00:00,2,VCT 2026: Americas Stage 1,https://www.vlr.gg/660374/leviat-n-vs-g2-esports-vct-2026-americas-stage-1-gf
LEV,Ascent,atk,G2,0,1,20,elim,2026-05-24 17:00:00,2,VCT 2026: Americas Stage 1,https://www.vlr.gg/660374/leviat-n-vs-g2-esports-vct-2026-americas-stage-1-gf
LEV,Ascent,atk,G2,1,0,21,elim,2026-05-24 17:00:00,2,VCT 2026: Americas Stage 1,https://www.vlr.gg/660374/leviat-n-vs-g2-esports-vct-2026-americas-stage-1-gf
LEV,Ascent,atk,G2,1,0,22,elim,2026-05-24 17:00:00,2,VCT 2026: Americas Stage 1,https://www.vlr.gg/660374/leviat-n-vs-g2-esports-vct-2026-americas-stage-1-gf
LEV,Ascent,def,G2,0,1,1,elim,2026-05-24 17:00:00,2,VCT 2026: Americas Stage 1,https://www.vlr.gg/660374/leviat-n-vs-g2-esports-vct-2026-americas-stage-1-gf
LEV,Ascent,def,G2,0,1,2,elim,2026-05-24 17:00:00,2,VCT 2026: Americas Stage 1,https://www.vlr.gg/660374/leviat-n-vs-g2-esports-vct-2026-americas-stage-1-gf
LEV,Ascent,def,G2,0,1,3,boom,2026-05-24 17:00:00,2,VCT 2026: Americas Stage 1,https://www.vlr.gg/660374/leviat-n-vs-g2-esports-vct-2026-americas-stage-1-gf
LEV,Ascent,def,G2,1,0,4,tim,2026-05-24 17:00:00,2,VCT 2026: Americas Stage 1,https://www.vlr.gg/660374/leviat-n-vs-g2-esports-vct-2026-americas-stage-1-gf
LEV,Ascent,def,G2,1,0,5,elim,2026-05-24 17:00:00,2,VCT 2026: Americas Stage 1,https://www.vlr.gg/660374/leviat-n-vs-g2-esports-vct-2026-americas-stage-1-gf
LEV,Ascent,def,G2,0,1,6,elim,2026-05-24 17:00:00,2,VCT 2026: Americas Stage 1,https://www.vlr.gg/660374/leviat-n-vs-g2-esports-vct-2026-americas-stage-1-gf
LEV,Ascent,def,G2,1,0,7,defus,2026-05-24 17:00:00,2,VCT 2026: Americas Stage 1,https://www.vlr.gg/660374/leviat-n-vs-g2-esports-vct-2026-americas-stage-1-gf
LEV,Ascent,def,G2,1,0,8,elim,2026-05-24 17:00:00,2,VCT 2026: Americas Stage 1,https://www.vlr.gg/660374/leviat-n-vs-g2-esports-vct-2026-americas-stage-1-gf
LEV,Ascent,def,G2,1,0,9,defus,2026-05-24 17:00:00,2,VCT 2026: Americas Stage 1,https://www.vlr.gg/660374/leviat-n-vs-g2-esports-vct-2026-americas-stage-1-gf
LEV,Ascent,def,G2,1,0,10,elim,2026-05-24 17:00:00,2,VCT 2026: Americas Stage 1,https://www.vlr.gg/660374/leviat-n-vs-g2-esports-vct-2026-americas-stage-1-gf
LEV,Ascent,def,G2,0,1,11,elim,2026-05-24 17:00:00,2,VCT 2026: Americas Stage 1,https://www.vlr.gg/660374/leviat-n-vs-g2-esports-vct-2026-americas-stage-1-gf
LEV,Ascent,def,G2,1,0,12,elim,2026-05-24 17:00:00,2,VCT 2026: Americas Stage 1,https://www.vlr.gg/660374/leviat-n-vs-g2-esports-vct-2026-americas-stage-1-gf
LEV,Pearl,atk,G2,1,0,1,elim,2026-05-24 17:00:00,3,VCT 2026: Americas Stage 1,https://www.vlr.gg/660374/leviat-n-vs-g2-esports-vct-2026-americas-stage-1-gf
LEV,Pearl,atk,G2,1,0,2,elim,2026-05-24 17:00:00,3,VCT 2026: Americas Stage 1,https://www.vlr.gg/660374/leviat-n-vs-g2-esports-vct-2026-americas-stage-1-gf
LEV,Pearl,atk,G2,0,1,3,tim,2026-05-24 17:00:00,3,VCT 2026: Americas Stage 1,https://www.vlr.gg/660374/leviat-n-vs-g2-esports-vct-2026-americas-stage-1-gf
LEV,Pearl,atk,G2,0,1,4,defus,2026-05-24 17:00:00,3,VCT 2026: Americas Stage 1,https://www.vlr.gg/660374/leviat-n-vs-g2-esports-vct-2026-americas-stage-1-gf
LEV,Pearl,atk,G2,1,0,5,boom,2026-05-24 17:00:00,3,VCT 2026: Americas Stage 1,https://www.vlr.gg/660374/leviat-n-vs-g2-esports-vct-2026-americas-stage-1-gf
LEV,Pearl,atk,G2,0,1,6,defus,2026-05-24 17:00:00,3,VCT 2026: Americas Stage 1,https://www.vlr.gg/660374/leviat-n-vs-g2-esports-vct-2026-americas-stage-1-gf
LEV,Pearl,atk,G2,0,1,7,tim,2026-05-24 17:00:00,3,VCT 2026: Americas Stage 1,https://www.vlr.gg/660374/leviat-n-vs-g2-esports-vct-2026-americas-stage-1-gf
LEV,Pearl,atk,G2,0,1,8,defus,2026-05-24 17:00:00,3,VCT 2026: Americas Stage 1,https://www.vlr.gg/660374/leviat-n-vs-g2-esports-vct-2026-americas-stage-1-gf
LEV,Pearl,atk,G2,0,1,9,defus,2026-05-24 17:00:00,3,VCT 2026: Americas Stage 1,https://www.vlr.gg/660374/leviat-n-vs-g2-esports-vct-2026-americas-stage-1-gf
LEV,Pearl,atk,G2,0,1,10,defus,2026-05-24 17:00:00,3,VCT 2026: Americas Stage 1,https://www.vlr.gg/660374/leviat-n-vs-g2-esports-vct-2026-americas-stage-1-gf
LEV,Pearl,atk,G2,0,1,11,tim,2026-05-24 17:00:00,3,VCT 2026: Americas Stage 1,https://www.vlr.gg/660374/leviat-n-vs-g2-esports-vct-2026-americas-stage-1-gf
LEV,Pearl,atk,G2,0,1,12,defus,2026-05-24 17:00:00,3,VCT 2026: Americas Stage 1,https://www.vlr.gg/660374/leviat-n-vs-g2-esports-vct-2026-americas-stage-1-gf
LEV,Pearl,def,G2,0,1,13,elim,2026-05-24 17:00:00,3,VCT 2026: Americas Stage 1,https://www.vlr.gg/660374/leviat-n-vs-g2-esports-vct-2026-americas-stage-1-gf
LEV,Pearl,def,G2,0,1,14,boom,2026-05-24 17:00:00,3,VCT 2026: Americas Stage 1,https://www.vlr.gg/660374/leviat-n-vs-g2-esports-vct-2026-americas-stage-1-gf
LEV,Pearl,def,G2,1,0,15,elim,2026-05-24 17:00:00,3,VCT 2026: Americas Stage 1,https://www.vlr.gg/660374/leviat-n-vs-g2-esports-vct-2026-americas-stage-1-gf
LEV,Pearl,def,G2,1,0,16,defus,2026-05-24 17:00:00,3,VCT 2026: Americas Stage 1,https://www.vlr.gg/660374/leviat-n-vs-g2-esports-vct-2026-americas-stage-1-gf
LEV,Pearl,def,G2,1,0,17,defus,2026-05-24 17:00:00,3,VCT 2026: Americas Stage 1,https://www.vlr.gg/660374/leviat-n-vs-g2-esports-vct-2026-americas-stage-1-gf
LEV,Pearl,def,G2,1,0,18,elim,2026-05-24 17:00:00,3,VCT 2026: Americas Stage 1,https://www.vlr.gg/660374/leviat-n-vs-g2-esports-vct-2026-americas-stage-1-gf
LEV,Pearl,def,G2,1,0,19,defus,2026-05-24 17:00:00,3,VCT 2026: Americas Stage 1,https://www.vlr.gg/660374/leviat-n-vs-g2-esports-vct-2026-americas-stage-1-gf
LEV,Pearl,def,G2,1,0,20,defus,2026-05-24 17:00:00,3,VCT 2026: Americas Stage 1,https://www.vlr.gg/660374/leviat-n-vs-g2-esports-vct-2026-americas-stage-1-gf
LEV,Pearl,def,G2,1,0,21,elim,2026-05-24 17:00:00,3,VCT 2026: Americas Stage 1,https://www.vlr.gg/660374/leviat-n-vs-g2-esports-vct-2026-americas-stage-1-gf
LEV,Pearl,def,G2,0,1,22,elim,2026-05-24 17:00:00,3,VCT 2026: Americas Stage 1,https://www.vlr.gg/660374/leviat-n-vs-g2-esports-vct-2026-americas-stage-1-gf
LEV,Pearl,def,G2,0,1,23,elim,2026-05-24 17:00:00,3,VCT 2026: Americas Stage 1,https://www.vlr.gg/660374/leviat-n-vs-g2-esports-vct-2026-americas-stage-1-gf
LEV,Split,atk,G2,0,1,13,elim,2026-05-24 17:00:00,4,VCT 2026: Americas Stage 1,https://www.vlr.gg/660374/leviat-n-vs-g2-esports-vct-2026-americas-stage-1-gf
LEV,Split,atk,G2,0,1,14,elim,2026-05-24 17:00:00,4,VCT 2026: Americas Stage 1,https://www.vlr.gg/660374/leviat-n-vs-g2-esports-vct-2026-americas-stage-1-gf
LEV,Split,atk,G2,1,0,15,elim,2026-05-24 17:00:00,4,VCT 2026: Americas Stage 1,https://www.vlr.gg/660374/leviat-n-vs-g2-esports-vct-2026-americas-stage-1-gf
LEV,Split,atk,G2,0,1,16,defus,2026-05-24 17:00:00,4,VCT 2026: Americas Stage 1,https://www.vlr.gg/660374/leviat-n-vs-g2-esports-vct-2026-americas-stage-1-gf
LEV,Split,atk,G2,1,0,17,elim,2026-05-24 17:00:00,4,VCT 2026: Americas Stage 1,https://www.vlr.gg/660374/leviat-n-vs-g2-esports-vct-2026-americas-stage-1-gf
LEV,Split,atk,G2,1,0,18,elim,2026-05-24 17:00:00,4,VCT 2026: Americas Stage 1,https://www.vlr.gg/660374/leviat-n-vs-g2-esports-vct-2026-americas-stage-1-gf
LEV,Split,atk,G2,0,1,19,defus,2026-05-24 17:00:00,4,VCT 2026: Americas Stage 1,https://www.vlr.gg/660374/leviat-n-vs-g2-esports-vct-2026-americas-stage-1-gf
LEV,Split,atk,G2,0,1,20,defus,2026-05-24 17:00:00,4,VCT 2026: Americas Stage 1,https://www.vlr.gg/660374/leviat-n-vs-g2-esports-vct-2026-americas-stage-1-gf
LEV,Split,atk,G2,0,1,21,elim,2026-05-24 17:00:00,4,VCT 2026: Americas Stage 1,https://www.vlr.gg/660374/leviat-n-vs-g2-esports-vct-2026-americas-stage-1-gf
LEV,Split,atk,G2,0,1,22,tim,2026-05-24 17:00:00,4,VCT 2026: Americas Stage 1,https://www.vlr.gg/660374/leviat-n-vs-g2-esports-vct-2026-americas-stage-1-gf
LEV,Split,atk,G2,1,0,23,boom,2026-05-24 17:00:00,4,VCT 2026: Americas Stage 1,https://www.vlr.gg/660374/leviat-n-vs-g2-esports-vct-2026-americas-stage-1-gf
LEV,Split,atk,G2,0,1,24,elim,2026-05-24 17:00:00,4,VCT 2026: Americas Stage 1,https://www.vlr.gg/660374/leviat-n-vs-g2-esports-vct-2026-americas-stage-1-gf
LEV,Split,def,G2,0,1,1,elim,2026-05-24 17:00:00,4,VCT 2026: Americas Stage 1,https://www.vlr.gg/660374/leviat-n-vs-g2-esports-vct-2026-americas-stage-1-gf
LEV,Split,def,G2,0,1,2,boom,2026-05-24 17:00:00,4,VCT 2026: Americas Stage 1,https://www.vlr.gg/660374/leviat-n-vs-g2-esports-vct-2026-americas-stage-1-gf
LEV,Split,def,G2,0,1,3,boom,2026-05-24 17:00:00,4,VCT 2026: Americas Stage 1,https://www.vlr.gg/660374/leviat-n-vs-g2-esports-vct-2026-americas-stage-1-gf
LEV,Split,def,G2,1,0,4,defus,2026-05-24 17:00:00,4,VCT 2026: Americas Stage 1,https://www.vlr.gg/660374/leviat-n-vs-g2-esports-vct-2026-americas-stage-1-gf
LEV,Split,def,G2,1,0,5,defus,2026-05-24 17:00:00,4,VCT 2026: Americas Stage 1,https://www.vlr.gg/660374/leviat-n-vs-g2-esports-vct-2026-americas-stage-1-gf
LEV,Split,def,G2,1,0,6,elim,2026-05-24 17:00:00,4,VCT 2026: Americas Stage 1,https://www.vlr.gg/660374/leviat-n-vs-g2-esports-vct-2026-americas-stage-1-gf
LEV,Split,def,G2,0,1,7,elim,2026-05-24 17:00:00,4,VCT 2026: Americas Stage 1,https://www.vlr.gg/660374/leviat-n-vs-g2-esports-vct-2026-americas-stage-1-gf
LEV,Split,def,G2,1,0,8,defus,2026-05-24 17:00:00,4,VCT 2026: Americas Stage 1,https://www.vlr.gg/660374/leviat-n-vs-g2-esports-vct-2026-americas-stage-1-gf
LEV,Split,def,G2,1,0,9,defus,2026-05-24 17:00:00,4,VCT 2026: Americas Stage 1,https://www.vlr.gg/660374/leviat-n-vs-g2-esports-vct-2026-americas-stage-1-gf
LEV,Split,def,G2,0,1,10,elim,2026-05-24 17:00:00,4,VCT 2026: Americas Stage 1,https://www.vlr.gg/660374/leviat-n-vs-g2-esports-vct-2026-americas-stage-1-gf
LEV,Split,def,G2,1,0,11,tim,2026-05-24 17:00:00,4,VCT 2026: Americas Stage 1,https://www.vlr.gg/660374/leviat-n-vs-g2-esports-vct-2026-americas-stage-1-gf
LEV,Split,def,G2,1,0,12,defus,2026-05-24 17:00:00,4,VCT 2026: Americas Stage 1,https://www.vlr.gg/660374/leviat-n-vs-g2-esports-vct-2026-americas-stage-1-gf
